B19001_002E,B19001_003E,B19001_004E,B19001_005E,B19001_006E,B19001_007E,B19001_008E,B19001_009E,B19001_010E,B19001_011E,B19001_012E,B19001_013E,B19001_014E,B19001_015E,B19001_016E,B19001_017E,B19001_001E,state,county,tract,block group,GEOID
124.0,54.0,22.0,58.0,0.0,1.0,6.0,4.0,3.0,16.0,1.0,1.0,31.0,33.0,35.0,46.0,435.0,17,031,010100,1,170310101001
379.0,186.0,99.0,264.0,7.0,56.0,32.0,62.0,19.0,2.0,80.0,3.0,138.0,16.0,62.0,50.0,1455.0,17,031,010100,2,170310101002
94.0,77.0,68.0,78.0,161.0,368.0,13.0,58.0,30.0,85.0,282.0,289.0,328.0,74.0,46.0,45.0,2096.0,17,031,010100,3,170310101003
106.0,162.0,210.0,110.0,27.0,4.0,77.0,98.0,63.0,1.0,182.0,94.0,138.0,131.0,92.0,115.0,1610.0,17,031,010201,1,170310102011
349.0,343.0,186.0,507.0,203.0,277.0,380.0,273.0,146.0,450.0,436.0,353.0,185.0,31.0,152.0,193.0,4464.0,17,031,010201,2,170310102012
101.0,24.0,28.0,70.0,3.0,7.0,3.0,53.0,4.0,46.0,68.0,137.0,40.0,13.0,83.0,97.0,777.0,17,031,010201,3,170310102013
173.0,170.0,116.0,131.0,49.0,4.0,4.0,18.0,0.0,10.0,105.0,140.0,92.0,59.0,23.0,51.0,1145.0,17,031,010202,1,170310102021
35.0,105.0,115.0,102.0,24.0,1.0,84.0,30.0,43.0,48.0,3.0,180.0,88.0,29.0,27.0,61.0,975.0,17,031,010202,2,170310102022
7.0,7.0,2.0,0.0,8.0,4.0,156.0,4.0,2.0,307.0,83.0,103.0,40.0,48.0,79.0,55.0,905.0,17,031,010300,1,170310103001
366.0,0.0,87.0,113.0,5.0,3.0,334.0,1.0,84.0,77.0,165.0,82.0,95.0,126.0,28.0,116.0,1682.0,17,031,010300,2,170310103002
114.0,164.0,185.0,126.0,23.0,28.0,0.0,70.0,9.0,22.0,53.0,67.0,18.0,34.0,34.0,53.0,1000.0,17,031,010300,3,170310103003
161.0,54.0,85.0,21.0,5.0,89.0,109.0,52.0,95.0,14.0,160.0,284.0,78.0,203.0,96.0,177.0,1683.0,17,031,010300,4,170310103004
74.0,37.0,139.0,140.0,184.0,3.0,171.0,97.0,83.0,7.0,63.0,172.0,115.0,89.0,144.0,117.0,1635.0,17,031,010400,1,170310104001
87.0,8.0,32.0,66.0,0.0,27.0,81.0,4.0,41.0,170.0,110.0,96.0,39.0,10.0,27.0,54.0,852.0,17,031,010400,2,170310104002
170.0,68.0,7.0,66.0,37.0,2.0,60.0,4.0,13.0,41.0,0.0,100.0,52.0,32.0,85.0,90.0,827.0,17,031,010400,3,170310104003
116.0,142.0,36.0,109.0,66.0,1.0,72.0,16.0,58.0,15.0,78.0,59.0,39.0,64.0,103.0,55.0,1029.0,17,031,010501,1,170310105011
212.0,162.0,37.0,145.0,85.0,36.0,133.0,112.0,7.0,139.0,221.0,121.0,65.0,18.0,15.0,93.0,1601.0,17,031,010501,2,170310105012
318.0,94.0,78.0,66.0,39.0,44.0,29.0,19.0,47.0,43.0,16.0,23.0,59.0,71.0,18.0,65.0,1029.0,17,031,010501,3,170310105013
163.0,86.0,99.0,63.0,88.0,36.0,1.0,46.0,27.0,222.0,15.0,33.0,116.0,108.0,19.0,56.0,1178.0,17,031,010502,1,170310105021
465.0,55.0,226.0,157.0,101.0,195.0,152.0,202.0,128.0,80.0,162.0,63.0,67.0,149.0,121.0,105.0,2428.0,17,031,010502,2,170310105022
461.0,222.0,78.0,60.0,4.0,0.0,18.0,88.0,5.0,58.0,87.0,29.0,93.0,135.0,66.0,98.0,1502.0,17,031,010503,1,170310105031
82.0,21.0,43.0,61.0,33.0,44.0,1.0,26.0,4.0,72.0,3.0,125.0,5.0,14.0,28.0,47.0,609.0,17,031,010503,2,170310105032
235.0,41.0,228.0,155.0,339.0,174.0,78.0,150.0,91.0,310.0,153.0,192.0,233.0,92.0,143.0,57.0,2671.0,17,031,010600,1,170310106001
2.0,0.0,1.0,39.0,9.0,6.0,4.0,6.0,0.0,3.0,225.0,19.0,62.0,61.0,90.0,190.0,717.0,17,031,010600,2,170310106002
106.0,77.0,64.0,23.0,240.0,17.0,26.0,9.0,38.0,160.0,248.0,99.0,7.0,103.0,120.0,70.0,1407.0,17,031,010600,3,170310106003
81.0,113.0,152.0,170.0,91.0,96.0,106.0,81.0,33.0,66.0,78.0,111.0,76.0,61.0,59.0,94.0,1468.0,17,031,010600,4,170310106004
8.0,84.0,216.0,175.0,104.0,132.0,83.0,16.0,45.0,275.0,167.0,297.0,6.0,211.0,129.0,119.0,2067.0,17,031,010701,1,170310107011
98.0,65.0,12.0,36.0,97.0,127.0,26.0,54.0,21.0,268.0,330.0,216.0,89.0,154.0,57.0,134.0,1784.0,17,031,010701,2,170310107012
162.0,37.0,9.0,207.0,6.0,27.0,185.0,4.0,80.0,16.0,84.0,170.0,121.0,213.0,65.0,96.0,1482.0,17,031,010702,1,170310107021
167.0,4.0,380.0,126.0,10.0,135.0,10.0,4.0,2.0,55.0,72.0,156.0,97.0,137.0,37.0,32.0,1424.0,17,031,010702,2,170310107022
109.0,6.0,137.0,5.0,97.0,6.0,66.0,36.0,73.0,88.0,129.0,105.0,74.0,91.0,77.0,48.0,1147.0,17,031,010702,3,170310107023
239.0,130.0,215.0,7.0,3.0,1.0,47.0,137.0,0.0,92.0,3.0,47.0,28.0,15.0,36.0,71.0,1071.0,17,031,010702,4,170310107024
350.0,12.0,40.0,0.0,10.0,60.0,179.0,77.0,100.0,440.0,167.0,475.0,145.0,144.0,178.0,147.0,2524.0,17,031,020100,1,170310201001
123.0,129.0,222.0,23.0,0.0,95.0,97.0,83.0,19.0,62.0,110.0,139.0,74.0,16.0,69.0,122.0,1383.0,17,031,020100,2,170310201002
2.0,45.0,4.0,123.0,12.0,64.0,5.0,3.0,26.0,6.0,44.0,264.0,146.0,170.0,355.0,119.0,1388.0,17,031,020200,1,170310202001
124.0,11.0,64.0,1.0,27.0,94.0,2.0,0.0,0.0,174.0,115.0,202.0,11.0,153.0,242.0,101.0,1321.0,17,031,020200,2,170310202002
98.0,71.0,65.0,121.0,33.0,4.0,43.0,2.0,108.0,1.0,2.0,181.0,457.0,144.0,323.0,39.0,1692.0,17,031,020200,3,170310202003
137.0,14.0,82.0,100.0,2.0,10.0,0.0,5.0,52.0,215.0,213.0,262.0,293.0,91.0,146.0,91.0,1713.0,17,031,020200,4,170310202004
334.0,63.0,76.0,3.0,28.0,5.0,25.0,101.0,197.0,85.0,128.0,132.0,149.0,72.0,81.0,95.0,1574.0,17,031,020301,1,170310203011
149.0,16.0,4.0,4.0,11.0,147.0,64.0,92.0,100.0,85.0,173.0,153.0,171.0,27.0,95.0,52.0,1343.0,17,031,020301,2,170310203012
0.0,46.0,13.0,68.0,53.0,158.0,77.0,113.0,286.0,126.0,114.0,397.0,106.0,40.0,150.0,450.0,2197.0,17,031,020301,3,170310203013
2.0,9.0,108.0,3.0,30.0,123.0,49.0,115.0,18.0,78.0,2.0,62.0,155.0,35.0,21.0,52.0,862.0,17,031,020302,1,170310203021
26.0,0.0,33.0,15.0,1.0,20.0,6.0,9.0,195.0,27.0,73.0,47.0,349.0,63.0,157.0,97.0,1118.0,17,031,020302,2,170310203022
65.0,17.0,302.0,148.0,32.0,64.0,2.0,175.0,41.0,181.0,229.0,202.0,284.0,107.0,142.0,250.0,2241.0,17,031,020302,3,170310203023
28.0,15.0,17.0,6.0,1.0,8.0,57.0,31.0,25.0,6.0,64.0,110.0,144.0,35.0,45.0,65.0,657.0,17,031,020400,1,170310204001
7.0,91.0,31.0,145.0,20.0,22.0,44.0,29.0,69.0,27.0,81.0,271.0,264.0,178.0,249.0,87.0,1615.0,17,031,020400,2,170310204002
139.0,112.0,2.0,56.0,214.0,141.0,87.0,62.0,128.0,127.0,80.0,188.0,102.0,232.0,87.0,98.0,1855.0,17,031,020400,3,170310204003
261.0,241.0,49.0,462.0,14.0,40.0,229.0,177.0,3.0,316.0,167.0,171.0,146.0,71.0,40.0,48.0,2435.0,17,031,020500,1,170310205001
2.0,0.0,1.0,28.0,30.0,8.0,0.0,208.0,84.0,21.0,11.0,75.0,20.0,24.0,29.0,33.0,574.0,17,031,020500,2,170310205002
422.0,99.0,67.0,3.0,49.0,165.0,153.0,43.0,22.0,1.0,67.0,42.0,49.0,0.0,119.0,38.0,1339.0,17,031,020500,3,170310205003
235.0,2.0,20.0,76.0,37.0,60.0,135.0,153.0,134.0,71.0,65.0,89.0,59.0,89.0,36.0,39.0,1300.0,17,031,020500,4,170310205004
73.0,26.0,102.0,6.0,19.0,371.0,159.0,230.0,5.0,154.0,77.0,181.0,209.0,220.0,83.0,220.0,2135.0,17,031,020601,1,170310206011
444.0,140.0,215.0,39.0,124.0,192.0,285.0,23.0,5.0,422.0,504.0,310.0,17.0,153.0,70.0,181.0,3124.0,17,031,020601,2,170310206012
100.0,52.0,0.0,0.0,50.0,147.0,72.0,2.0,125.0,54.0,156.0,59.0,120.0,164.0,163.0,123.0,1387.0,17,031,020601,3,170310206013
65.0,26.0,35.0,50.0,31.0,20.0,28.0,30.0,89.0,146.0,133.0,159.0,35.0,18.0,26.0,51.0,942.0,17,031,020602,1,170310206021
35.0,37.0,181.0,68.0,8.0,83.0,0.0,24.0,303.0,2.0,31.0,124.0,33.0,6.0,31.0,52.0,1018.0,17,031,020602,2,170310206022
4.0,130.0,137.0,9.0,0.0,65.0,38.0,42.0,130.0,0.0,0.0,16.0,76.0,51.0,104.0,95.0,897.0,17,031,020602,3,170310206023
38.0,7.0,98.0,170.0,106.0,10.0,3.0,88.0,52.0,117.0,166.0,1.0,61.0,35.0,60.0,75.0,1087.0,17,031,020602,4,170310206024
11.0,0.0,2.0,9.0,0.0,37.0,27.0,32.0,47.0,2.0,100.0,157.0,45.0,132.0,148.0,74.0,823.0,17,031,020701,1,170310207011
66.0,4.0,2.0,4.0,130.0,11.0,3.0,2.0,3.0,40.0,247.0,192.0,30.0,47.0,67.0,212.0,1060.0,17,031,020701,2,170310207012
273.0,5.0,58.0,20.0,95.0,67.0,49.0,25.0,156.0,198.0,259.0,498.0,466.0,94.0,32.0,59.0,2354.0,17,031,020702,1,170310207021
221.0,267.0,348.0,219.0,1.0,150.0,55.0,456.0,76.0,260.0,588.0,56.0,126.0,14.0,30.0,41.0,2908.0,17,031,020702,2,170310207022
222.0,145.0,71.0,0.0,25.0,59.0,128.0,174.0,24.0,214.0,87.0,321.0,168.0,12.0,84.0,86.0,1820.0,17,031,020702,3,170310207023
30.0,44.0,41.0,81.0,129.0,2.0,56.0,6.0,2.0,32.0,1.0,167.0,121.0,118.0,23.0,52.0,905.0,17,031,020702,4,170310207024
17.0,1.0,251.0,4.0,38.0,125.0,33.0,21.0,0.0,222.0,138.0,253.0,125.0,108.0,73.0,49.0,1458.0,17,031,020801,1,170310208011
77.0,7.0,15.0,0.0,0.0,0.0,3.0,2.0,44.0,14.0,3.0,117.0,216.0,224.0,187.0,68.0,977.0,17,031,020801,2,170310208012
2.0,3.0,49.0,17.0,142.0,32.0,0.0,49.0,0.0,178.0,100.0,64.0,53.0,7.0,43.0,41.0,780.0,17,031,020801,3,170310208013
44.0,28.0,94.0,221.0,17.0,20.0,283.0,9.0,73.0,23.0,122.0,123.0,101.0,45.0,35.0,55.0,1293.0,17,031,020801,4,170310208014
29.0,191.0,2.0,6.0,6.0,0.0,0.0,0.0,10.0,0.0,580.0,98.0,19.0,174.0,129.0,302.0,1546.0,17,031,020802,1,170310208021
348.0,23.0,115.0,96.0,44.0,137.0,35.0,119.0,80.0,461.0,7.0,258.0,401.0,21.0,27.0,51.0,2223.0,17,031,020802,2,170310208022
121.0,135.0,123.0,6.0,136.0,1.0,151.0,42.0,1.0,170.0,327.0,376.0,282.0,173.0,114.0,136.0,2294.0,17,031,020802,3,170310208023
159.0,67.0,432.0,220.0,68.0,35.0,134.0,80.0,1.0,187.0,108.0,160.0,17.0,45.0,33.0,47.0,1793.0,17,031,020802,4,170310208024
128.0,59.0,192.0,109.0,109.0,218.0,257.0,134.0,238.0,214.0,169.0,64.0,61.0,42.0,134.0,59.0,2187.0,17,031,020901,1,170310209011
2.0,22.0,27.0,22.0,174.0,86.0,3.0,42.0,11.0,27.0,51.0,62.0,24.0,7.0,37.0,53.0,650.0,17,031,020901,2,170310209012
132.0,31.0,316.0,82.0,263.0,93.0,141.0,231.0,111.0,141.0,67.0,97.0,157.0,17.0,44.0,108.0,2031.0,17,031,020901,3,170310209013
67.0,153.0,295.0,88.0,31.0,169.0,52.0,142.0,60.0,163.0,178.0,157.0,41.0,4.0,67.0,53.0,1720.0,17,031,020902,1,170310209021
135.0,102.0,73.0,200.0,3.0,75.0,280.0,72.0,36.0,158.0,118.0,309.0,81.0,131.0,60.0,58.0,1891.0,17,031,020902,2,170310209022
252.0,34.0,13.0,38.0,170.0,42.0,115.0,15.0,2.0,4.0,86.0,22.0,95.0,18.0,32.0,42.0,980.0,17,031,030101,1,170310301011
20.0,57.0,4.0,4.0,36.0,4.0,34.0,29.0,1.0,0.0,28.0,16.0,9.0,14.0,31.0,47.0,334.0,17,031,030101,2,170310301012
281.0,138.0,53.0,24.0,76.0,2.0,32.0,51.0,128.0,114.0,3.0,79.0,35.0,12.0,28.0,41.0,1097.0,17,031,030101,3,170310301013
0.0,3.0,7.0,8.0,37.0,25.0,78.0,4.0,8.0,95.0,292.0,278.0,84.0,60.0,136.0,163.0,1278.0,17,031,030101,4,170310301014
67.0,19.0,5.0,5.0,50.0,126.0,24.0,31.0,39.0,34.0,127.0,157.0,75.0,49.0,77.0,120.0,1005.0,17,031,030102,1,170310301021
206.0,2.0,89.0,83.0,77.0,0.0,50.0,69.0,3.0,21.0,12.0,41.0,45.0,12.0,33.0,61.0,804.0,17,031,030102,2,170310301022
178.0,0.0,19.0,91.0,37.0,26.0,5.0,48.0,0.0,109.0,172.0,205.0,77.0,15.0,30.0,38.0,1050.0,17,031,030102,3,170310301023
7.0,56.0,13.0,48.0,0.0,22.0,8.0,0.0,47.0,113.0,3.0,34.0,32.0,33.0,20.0,35.0,471.0,17,031,030103,1,170310301031
144.0,169.0,70.0,39.0,0.0,150.0,102.0,38.0,16.0,33.0,42.0,125.0,145.0,103.0,44.0,54.0,1274.0,17,031,030103,2,170310301032
173.0,58.0,8.0,0.0,71.0,0.0,338.0,132.0,4.0,92.0,150.0,90.0,32.0,75.0,51.0,55.0,1329.0,17,031,030104,1,170310301041
108.0,233.0,39.0,3.0,9.0,5.0,71.0,17.0,9.0,55.0,9.0,26.0,26.0,17.0,52.0,52.0,731.0,17,031,030104,2,170310301042
55.0,1.0,157.0,20.0,198.0,80.0,0.0,66.0,34.0,75.0,102.0,151.0,77.0,99.0,102.0,107.0,1324.0,17,031,030200,1,170310302001
13.0,5.0,4.0,11.0,147.0,56.0,8.0,76.0,43.0,90.0,29.0,148.0,87.0,13.0,104.0,209.0,1043.0,17,031,030200,2,170310302002
9.0,2.0,0.0,6.0,0.0,22.0,57.0,156.0,1.0,8.0,2.0,24.0,112.0,39.0,178.0,434.0,1050.0,17,031,030200,3,170310302003
16.0,119.0,218.0,56.0,7.0,7.0,142.0,46.0,9.0,293.0,78.0,320.0,132.0,197.0,74.0,78.0,1792.0,17,031,030200,4,170310302004
78.0,96.0,152.0,189.0,89.0,67.0,70.0,8.0,51.0,78.0,147.0,107.0,53.0,66.0,82.0,85.0,1418.0,17,031,030300,1,170310303001
211.0,186.0,58.0,59.0,4.0,77.0,43.0,165.0,53.0,44.0,182.0,184.0,95.0,86.0,13.0,85.0,1545.0,17,031,030300,2,170310303002
358.0,48.0,161.0,32.0,64.0,38.0,30.0,52.0,2.0,149.0,73.0,128.0,76.0,94.0,80.0,86.0,1471.0,17,031,030400,1,170310304001
0.0,11.0,6.0,61.0,64.0,65.0,65.0,58.0,43.0,61.0,44.0,170.0,45.0,72.0,181.0,168.0,1114.0,17,031,030400,2,170310304002
4.0,58.0,99.0,34.0,5.0,80.0,37.0,6.0,8.0,74.0,180.0,192.0,214.0,234.0,61.0,85.0,1371.0,17,031,030500,1,170310305001
27.0,80.0,181.0,70.0,42.0,64.0,74.0,27.0,62.0,204.0,73.0,320.0,124.0,99.0,298.0,89.0,1834.0,17,031,030500,2,170310305002
148.0,183.0,3.0,4.0,8.0,5.0,42.0,37.0,64.0,125.0,163.0,64.0,144.0,133.0,123.0,179.0,1425.0,17,031,030500,3,170310305003
11.0,69.0,7.0,4.0,61.0,33.0,1.0,137.0,40.0,215.0,42.0,231.0,272.0,60.0,156.0,90.0,1429.0,17,031,030500,4,170310305004
182.0,60.0,94.0,7.0,7.0,30.0,110.0,7.0,0.0,40.0,16.0,24.0,13.0,15.0,49.0,114.0,768.0,17,031,030601,1,170310306011
156.0,100.0,86.0,72.0,38.0,7.0,49.0,168.0,6.0,5.0,12.0,7.0,67.0,114.0,78.0,62.0,1027.0,17,031,030601,2,170310306012
151.0,80.0,57.0,99.0,77.0,120.0,212.0,32.0,4.0,106.0,65.0,205.0,135.0,59.0,45.0,45.0,1492.0,17,031,030601,3,170310306013
205.0,12.0,52.0,75.0,80.0,152.0,44.0,57.0,32.0,24.0,2.0,15.0,68.0,16.0,78.0,75.0,987.0,17,031,030603,1,170310306031
239.0,66.0,107.0,17.0,63.0,85.0,23.0,108.0,3.0,47.0,45.0,21.0,24.0,23.0,54.0,44.0,969.0,17,031,030603,2,170310306032
162.0,22.0,51.0,4.0,1.0,10.0,45.0,91.0,2.0,98.0,192.0,87.0,32.0,144.0,71.0,56.0,1068.0,17,031,030604,1,170310306041
62.0,0.0,38.0,66.0,131.0,49.0,101.0,42.0,7.0,80.0,49.0,121.0,125.0,105.0,32.0,86.0,1094.0,17,031,030604,2,170310306042
170.0,105.0,28.0,113.0,27.0,10.0,5.0,5.0,4.0,5.0,0.0,42.0,20.0,78.0,56.0,35.0,703.0,17,031,030604,3,170310306043
89.0,201.0,129.0,79.0,112.0,62.0,2.0,12.0,62.0,57.0,87.0,323.0,150.0,31.0,45.0,58.0,1499.0,17,031,030701,1,170310307011
73.0,61.0,3.0,5.0,61.0,28.0,2.0,22.0,57.0,15.0,94.0,87.0,101.0,86.0,29.0,115.0,839.0,17,031,030702,1,170310307021
3.0,63.0,7.0,3.0,7.0,133.0,2.0,36.0,29.0,98.0,26.0,10.0,52.0,34.0,64.0,61.0,628.0,17,031,030702,2,170310307022
141.0,19.0,49.0,0.0,25.0,6.0,12.0,3.0,5.0,66.0,51.0,69.0,22.0,4.0,135.0,124.0,731.0,17,031,030703,1,170310307031
154.0,21.0,108.0,36.0,35.0,9.0,4.0,0.0,3.0,25.0,5.0,26.0,13.0,22.0,20.0,51.0,532.0,17,031,030703,2,170310307032
53.0,73.0,41.0,43.0,17.0,37.0,48.0,169.0,92.0,57.0,243.0,105.0,84.0,32.0,37.0,106.0,1237.0,17,031,030703,3,170310307033
194.0,135.0,34.0,82.0,53.0,274.0,92.0,114.0,50.0,166.0,270.0,207.0,180.0,79.0,85.0,93.0,2108.0,17,031,030706,1,170310307061
173.0,46.0,136.0,9.0,187.0,48.0,79.0,0.0,10.0,73.0,104.0,50.0,53.0,97.0,123.0,46.0,1234.0,17,031,030706,2,170310307062
132.0,22.0,36.0,4.0,14.0,0.0,16.0,138.0,156.0,20.0,91.0,218.0,168.0,31.0,33.0,88.0,1167.0,17,031,030800,1,170310308001
0.0,1.0,4.0,11.0,9.0,19.0,83.0,13.0,16.0,6.0,52.0,122.0,106.0,192.0,179.0,135.0,948.0,17,031,030800,2,170310308002
122.0,0.0,8.0,48.0,36.0,28.0,7.0,0.0,5.0,11.0,201.0,56.0,38.0,36.0,138.0,124.0,858.0,17,031,030800,3,170310308003
7.0,44.0,5.0,160.0,46.0,22.0,1.0,1.0,2.0,225.0,135.0,25.0,107.0,75.0,130.0,331.0,1316.0,17,031,030800,4,170310308004
6.0,3.0,3.0,6.0,16.0,2.0,15.0,6.0,41.0,3.0,66.0,36.0,48.0,50.0,39.0,37.0,377.0,17,031,030900,1,170310309001
23.0,4.0,9.0,63.0,81.0,38.0,3.0,18.0,1.0,86.0,35.0,223.0,68.0,62.0,186.0,90.0,990.0,17,031,030900,2,170310309002
7.0,0.0,11.0,9.0,0.0,3.0,29.0,20.0,22.0,3.0,110.0,383.0,145.0,77.0,156.0,86.0,1061.0,17,031,030900,3,170310309003
19.0,5.0,6.0,16.0,3.0,4.0,1.0,47.0,24.0,74.0,182.0,157.0,20.0,51.0,38.0,123.0,770.0,17,031,030900,4,170310309004
60.0,3.0,102.0,25.0,79.0,24.0,12.0,47.0,18.0,5.0,28.0,183.0,174.0,64.0,100.0,219.0,1143.0,17,031,031000,1,170310310001
1.0,10.0,91.0,36.0,9.0,53.0,35.0,0.0,7.0,136.0,169.0,108.0,67.0,104.0,67.0,47.0,940.0,17,031,031000,2,170310310002
72.0,53.0,12.0,5.0,3.0,56.0,10.0,88.0,52.0,142.0,117.0,229.0,111.0,55.0,133.0,174.0,1312.0,17,031,031000,3,170310310003
22.0,61.0,45.0,0.0,32.0,6.0,83.0,87.0,125.0,29.0,270.0,256.0,313.0,138.0,176.0,261.0,1904.0,17,031,031100,1,170310311001
170.0,78.0,0.0,1.0,106.0,0.0,64.0,3.0,77.0,30.0,18.0,2.0,15.0,18.0,137.0,54.0,773.0,17,031,031100,2,170310311002
7.0,46.0,106.0,91.0,38.0,9.0,114.0,20.0,2.0,22.0,44.0,175.0,178.0,191.0,99.0,134.0,1276.0,17,031,031100,3,170310311003
241.0,192.0,150.0,16.0,0.0,2.0,16.0,6.0,13.0,0.0,43.0,180.0,47.0,76.0,142.0,134.0,1258.0,17,031,031200,1,170310312001
286.0,75.0,23.0,59.0,2.0,2.0,52.0,12.0,38.0,77.0,37.0,63.0,12.0,5.0,64.0,75.0,882.0,17,031,031200,2,170310312002
691.0,55.0,130.0,16.0,4.0,9.0,3.0,5.0,7.0,10.0,0.0,50.0,3.0,28.0,20.0,30.0,1061.0,17,031,031200,3,170310312003
356.0,181.0,20.0,81.0,52.0,82.0,73.0,6.0,2.0,130.0,6.0,84.0,83.0,39.0,33.0,130.0,1358.0,17,031,031200,4,170310312004
70.0,43.0,1.0,174.0,72.0,97.0,17.0,23.0,0.0,223.0,12.0,106.0,47.0,21.0,59.0,63.0,1028.0,17,031,031300,1,170310313001
59.0,7.0,1.0,90.0,35.0,27.0,6.0,59.0,140.0,125.0,200.0,177.0,103.0,67.0,78.0,94.0,1268.0,17,031,031300,2,170310313002
211.0,1.0,3.0,4.0,4.0,136.0,72.0,4.0,6.0,7.0,4.0,12.0,111.0,17.0,30.0,38.0,660.0,17,031,031300,3,170310313003
777.0,182.0,103.0,110.0,138.0,107.0,134.0,19.0,6.0,81.0,156.0,0.0,28.0,66.0,93.0,131.0,2131.0,17,031,031300,4,170310313004
161.0,102.0,244.0,38.0,82.0,90.0,49.0,77.0,33.0,56.0,91.0,485.0,154.0,25.0,150.0,108.0,1945.0,17,031,031300,5,170310313005
1.0,2.0,114.0,78.0,27.0,31.0,10.0,21.0,73.0,214.0,35.0,140.0,346.0,175.0,164.0,107.0,1538.0,17,031,031400,1,170310314001
35.0,6.0,3.0,7.0,0.0,11.0,10.0,28.0,14.0,94.0,77.0,191.0,70.0,60.0,173.0,53.0,832.0,17,031,031400,2,170310314002
22.0,3.0,8.0,52.0,2.0,14.0,48.0,0.0,55.0,87.0,54.0,192.0,88.0,20.0,47.0,110.0,802.0,17,031,031400,3,170310314003
0.0,66.0,42.0,27.0,1.0,41.0,1.0,21.0,87.0,235.0,73.0,64.0,199.0,45.0,62.0,166.0,1130.0,17,031,031400,5,170310314005
40.0,1.0,2.0,19.0,2.0,79.0,14.0,13.0,17.0,11.0,42.0,18.0,83.0,125.0,29.0,79.0,574.0,17,031,031400,6,170310314006
89.0,128.0,46.0,2.0,76.0,8.0,14.0,1.0,6.0,5.0,2.0,19.0,107.0,13.0,55.0,53.0,624.0,17,031,031501,1,170310315011
157.0,82.0,163.0,114.0,1.0,51.0,32.0,11.0,1.0,2.0,43.0,247.0,219.0,17.0,59.0,74.0,1273.0,17,031,031501,2,170310315012
276.0,40.0,11.0,14.0,0.0,26.0,3.0,87.0,44.0,62.0,4.0,80.0,28.0,21.0,52.0,93.0,841.0,17,031,031501,3,170310315013
182.0,7.0,176.0,69.0,88.0,137.0,62.0,36.0,29.0,76.0,133.0,212.0,67.0,81.0,77.0,55.0,1487.0,17,031,031502,1,170310315021
310.0,78.0,169.0,14.0,22.0,0.0,23.0,5.0,37.0,47.0,62.0,94.0,22.0,37.0,54.0,85.0,1059.0,17,031,031502,2,170310315022
417.0,185.0,231.0,191.0,82.0,16.0,23.0,57.0,21.0,37.0,42.0,103.0,120.0,12.0,34.0,56.0,1627.0,17,031,031502,3,170310315023
267.0,125.0,118.0,91.0,63.0,103.0,87.0,101.0,11.0,28.0,264.0,282.0,204.0,60.0,88.0,148.0,2040.0,17,031,031700,1,170310317001
394.0,177.0,32.0,95.0,1.0,28.0,34.0,75.0,0.0,64.0,115.0,146.0,186.0,184.0,57.0,168.0,1756.0,17,031,031700,2,170310317002
266.0,94.0,43.0,106.0,187.0,45.0,9.0,110.0,1.0,33.0,80.0,163.0,101.0,26.0,70.0,86.0,1420.0,17,031,031700,3,170310317003
101.0,8.0,1.0,0.0,33.0,5.0,8.0,41.0,38.0,99.0,140.0,119.0,106.0,49.0,148.0,220.0,1116.0,17,031,031700,4,170310317004
169.0,52.0,111.0,165.0,31.0,21.0,26.0,72.0,89.0,74.0,91.0,178.0,119.0,95.0,264.0,122.0,1679.0,17,031,031800,1,170310318001
100.0,64.0,65.0,20.0,17.0,8.0,101.0,71.0,1.0,49.0,86.0,212.0,101.0,63.0,47.0,177.0,1182.0,17,031,031900,1,170310319001
59.0,0.0,6.0,60.0,56.0,1.0,7.0,10.0,2.0,52.0,151.0,231.0,110.0,63.0,209.0,135.0,1152.0,17,031,031900,2,170310319002
127.0,137.0,6.0,0.0,21.0,1.0,8.0,6.0,1.0,172.0,242.0,276.0,232.0,88.0,20.0,158.0,1495.0,17,031,032100,1,170310321001
477.0,134.0,20.0,8.0,24.0,44.0,63.0,52.0,4.0,188.0,114.0,82.0,37.0,15.0,278.0,60.0,1600.0,17,031,032100,2,170310321002
199.0,281.0,2.0,129.0,4.0,124.0,3.0,67.0,1.0,11.0,2.0,164.0,184.0,118.0,58.0,184.0,1531.0,17,031,032100,3,170310321003
7.0,76.0,90.0,115.0,0.0,86.0,33.0,120.0,2.0,113.0,33.0,198.0,59.0,14.0,32.0,35.0,1013.0,17,031,032100,4,170310321004
0.0,128.0,77.0,45.0,21.0,0.0,9.0,145.0,4.0,32.0,9.0,66.0,80.0,114.0,66.0,169.0,965.0,17,031,032100,5,170310321005
67.0,1.0,58.0,28.0,88.0,79.0,3.0,0.0,3.0,51.0,102.0,164.0,30.0,29.0,162.0,244.0,1109.0,17,031,040100,1,170310401001
44.0,1.0,161.0,79.0,16.0,67.0,85.0,113.0,52.0,136.0,100.0,285.0,153.0,58.0,129.0,109.0,1588.0,17,031,040100,2,170310401002
83.0,47.0,15.0,95.0,11.0,4.0,5.0,0.0,3.0,71.0,161.0,55.0,138.0,42.0,118.0,155.0,1003.0,17,031,040100,3,170310401003
229.0,3.0,7.0,2.0,94.0,24.0,53.0,16.0,4.0,5.0,85.0,10.0,82.0,59.0,120.0,240.0,1033.0,17,031,040201,1,170310402011
126.0,28.0,110.0,245.0,7.0,23.0,95.0,0.0,4.0,191.0,123.0,139.0,119.0,90.0,38.0,179.0,1517.0,17,031,040201,2,170310402012
55.0,5.0,10.0,120.0,6.0,26.0,28.0,54.0,69.0,149.0,172.0,53.0,218.0,53.0,166.0,154.0,1338.0,17,031,040201,3,170310402013
14.0,22.0,84.0,91.0,106.0,68.0,235.0,28.0,249.0,20.0,304.0,317.0,86.0,127.0,241.0,187.0,2179.0,17,031,040201,4,170310402014
0.0,179.0,0.0,29.0,4.0,89.0,43.0,4.0,0.0,101.0,26.0,125.0,51.0,124.0,110.0,53.0,938.0,17,031,040202,1,170310402021
434.0,244.0,206.0,116.0,320.0,2.0,17.0,280.0,47.0,66.0,284.0,241.0,89.0,172.0,137.0,123.0,2778.0,17,031,040202,2,170310402022
214.0,38.0,235.0,25.0,86.0,3.0,5.0,27.0,31.0,30.0,22.0,150.0,65.0,78.0,212.0,50.0,1271.0,17,031,040202,3,170310402023
413.0,60.0,85.0,1.0,34.0,51.0,132.0,21.0,38.0,49.0,212.0,129.0,129.0,7.0,69.0,68.0,1498.0,17,031,040202,4,170310402024
35.0,56.0,1.0,17.0,7.0,80.0,0.0,75.0,19.0,7.0,4.0,122.0,89.0,89.0,146.0,250.0,997.0,17,031,040300,1,170310403001
69.0,78.0,1.0,70.0,26.0,2.0,3.0,3.0,3.0,0.0,88.0,92.0,119.0,43.0,54.0,113.0,764.0,17,031,040300,2,170310403002
43.0,9.0,0.0,7.0,8.0,7.0,9.0,54.0,1.0,21.0,17.0,97.0,76.0,124.0,161.0,139.0,773.0,17,031,040300,3,170310403003
11.0,45.0,1.0,4.0,28.0,39.0,5.0,108.0,1.0,0.0,88.0,52.0,92.0,5.0,65.0,145.0,689.0,17,031,040401,1,170310404011
1.0,13.0,2.0,0.0,21.0,9.0,31.0,0.0,2.0,9.0,44.0,4.0,114.0,43.0,104.0,68.0,465.0,17,031,040401,2,170310404012
4.0,38.0,0.0,53.0,75.0,57.0,38.0,6.0,82.0,4.0,21.0,54.0,63.0,20.0,69.0,98.0,682.0,17,031,040401,3,170310404013
4.0,5.0,4.0,17.0,3.0,35.0,4.0,22.0,142.0,11.0,217.0,185.0,116.0,53.0,67.0,139.0,1024.0,17,031,040401,4,170310404014
7.0,2.0,10.0,0.0,2.0,8.0,86.0,70.0,75.0,12.0,74.0,19.0,12.0,61.0,113.0,70.0,621.0,17,031,040402,1,170310404021
4.0,1.0,12.0,3.0,10.0,1.0,16.0,21.0,45.0,40.0,308.0,258.0,32.0,49.0,38.0,90.0,928.0,17,031,040402,2,170310404022
39.0,2.0,45.0,73.0,8.0,51.0,124.0,10.0,16.0,3.0,167.0,72.0,115.0,73.0,148.0,189.0,1135.0,17,031,040402,3,170310404023
0.0,2.0,45.0,0.0,1.0,2.0,15.0,22.0,1.0,189.0,37.0,3.0,33.0,61.0,21.0,130.0,562.0,17,031,040402,4,170310404024
64.0,10.0,68.0,60.0,3.0,79.0,89.0,52.0,82.0,53.0,78.0,270.0,164.0,130.0,157.0,169.0,1528.0,17,031,040402,5,170310404025
9.0,59.0,88.0,94.0,4.0,4.0,4.0,8.0,46.0,8.0,76.0,102.0,17.0,77.0,77.0,74.0,747.0,17,031,040600,1,170310406001
12.0,23.0,28.0,9.0,9.0,8.0,42.0,86.0,23.0,57.0,59.0,111.0,59.0,45.0,109.0,165.0,845.0,17,031,040600,2,170310406002
20.0,2.0,6.0,12.0,1.0,7.0,88.0,38.0,7.0,32.0,155.0,201.0,126.0,130.0,67.0,164.0,1056.0,17,031,040600,3,170310406003
5.0,30.0,1.0,79.0,40.0,8.0,28.0,22.0,42.0,46.0,41.0,191.0,121.0,84.0,89.0,101.0,928.0,17,031,040700,1,170310407001
7.0,3.0,25.0,2.0,56.0,5.0,7.0,22.0,59.0,30.0,46.0,100.0,144.0,94.0,72.0,176.0,848.0,17,031,040700,2,170310407002
9.0,0.0,0.0,56.0,22.0,4.0,0.0,3.0,4.0,163.0,156.0,84.0,69.0,84.0,37.0,105.0,796.0,17,031,040700,3,170310407003
44.0,5.0,34.0,20.0,46.0,3.0,7.0,24.0,8.0,84.0,23.0,86.0,114.0,89.0,45.0,163.0,795.0,17,031,040700,4,170310407004
19.0,3.0,33.0,1.0,3.0,21.0,38.0,18.0,1.0,169.0,135.0,183.0,134.0,37.0,70.0,91.0,956.0,17,031,040800,1,170310408001
8.0,10.0,21.0,3.0,14.0,0.0,7.0,5.0,18.0,71.0,37.0,111.0,100.0,62.0,82.0,155.0,704.0,17,031,040800,2,170310408002
26.0,42.0,61.0,56.0,17.0,1.0,156.0,30.0,9.0,166.0,116.0,227.0,92.0,135.0,34.0,225.0,1393.0,17,031,040900,1,170310409001
4.0,3.0,21.0,1.0,36.0,10.0,3.0,117.0,2.0,2.0,41.0,102.0,13.0,109.0,92.0,125.0,681.0,17,031,040900,2,170310409002
7.0,0.0,11.0,1.0,75.0,12.0,9.0,5.0,34.0,3.0,167.0,186.0,126.0,11.0,55.0,90.0,792.0,17,031,050100,1,170310501001
38.0,28.0,40.0,43.0,77.0,10.0,32.0,40.0,18.0,80.0,212.0,210.0,200.0,138.0,179.0,166.0,1511.0,17,031,050100,2,170310501002
57.0,5.0,6.0,68.0,7.0,0.0,193.0,4.0,4.0,24.0,63.0,229.0,29.0,99.0,93.0,288.0,1169.0,17,031,050200,1,170310502001
59.0,3.0,11.0,38.0,86.0,19.0,31.0,92.0,95.0,52.0,539.0,275.0,198.0,106.0,147.0,335.0,2086.0,17,031,050200,2,170310502002
149.0,1.0,111.0,215.0,48.0,54.0,23.0,43.0,81.0,106.0,3.0,172.0,143.0,87.0,126.0,508.0,1870.0,17,031,050200,3,170310502003
36.0,2.0,8.0,8.0,63.0,1.0,43.0,13.0,4.0,14.0,63.0,125.0,235.0,38.0,173.0,162.0,988.0,17,031,050300,1,170310503001
15.0,22.0,4.0,3.0,12.0,55.0,5.0,87.0,23.0,41.0,5.0,79.0,144.0,73.0,65.0,165.0,798.0,17,031,050300,2,170310503002
0.0,2.0,3.0,5.0,0.0,12.0,2.0,50.0,10.0,129.0,60.0,146.0,140.0,38.0,113.0,82.0,792.0,17,031,050300,3,170310503003
6.0,0.0,12.0,1.0,1.0,89.0,3.0,3.0,4.0,23.0,112.0,56.0,1.0,278.0,26.0,309.0,924.0,17,031,050500,1,170310505001
0.0,3.0,2.0,13.0,6.0,12.0,2.0,16.0,88.0,60.0,172.0,462.0,197.0,223.0,55.0,250.0,1561.0,17,031,050500,2,170310505002
60.0,7.0,6.0,1.0,1.0,7.0,1.0,1.0,0.0,41.0,46.0,40.0,154.0,39.0,61.0,167.0,632.0,17,031,050500,3,170310505003
4.0,1.0,9.0,7.0,116.0,3.0,22.0,2.0,1.0,39.0,134.0,92.0,122.0,59.0,235.0,311.0,1157.0,17,031,050500,4,170310505004
2.0,4.0,3.0,24.0,4.0,28.0,5.0,158.0,35.0,82.0,40.0,458.0,7.0,114.0,65.0,218.0,1247.0,17,031,050500,5,170310505005
92.0,0.0,11.0,30.0,4.0,55.0,57.0,13.0,11.0,169.0,76.0,148.0,143.0,159.0,132.0,170.0,1270.0,17,031,050600,1,170310506001
45.0,7.0,3.0,96.0,6.0,2.0,26.0,41.0,12.0,80.0,43.0,190.0,234.0,115.0,82.0,152.0,1134.0,17,031,050600,2,170310506002
8.0,1.0,6.0,2.0,1.0,25.0,21.0,73.0,2.0,113.0,156.0,177.0,198.0,267.0,267.0,453.0,1770.0,17,031,050700,1,170310507001
2.0,16.0,0.0,9.0,3.0,4.0,7.0,3.0,94.0,35.0,111.0,200.0,184.0,153.0,241.0,392.0,1454.0,17,031,050800,1,170310508001
50.0,5.0,37.0,25.0,9.0,52.0,0.0,82.0,7.0,153.0,194.0,179.0,286.0,64.0,163.0,304.0,1610.0,17,031,050900,1,170310509001
45.0,2.0,1.0,67.0,19.0,22.0,40.0,21.0,54.0,74.0,145.0,187.0,199.0,69.0,258.0,388.0,1591.0,17,031,051000,1,170310510001
51.0,54.0,74.0,4.0,13.0,15.0,28.0,3.0,41.0,76.0,143.0,197.0,116.0,110.0,266.0,297.0,1488.0,17,031,051100,1,170310511001
1.0,0.0,1.0,7.0,4.0,10.0,18.0,10.0,2.0,45.0,67.0,142.0,88.0,73.0,105.0,139.0,712.0,17,031,051200,1,170310512001
23.0,1.0,1.0,1.0,1.0,3.0,2.0,11.0,3.0,80.0,10.0,139.0,134.0,91.0,74.0,202.0,776.0,17,031,051200,2,170310512002
5.0,3.0,27.0,16.0,3.0,111.0,14.0,70.0,24.0,3.0,67.0,44.0,233.0,22.0,141.0,756.0,1539.0,17,031,051300,1,170310513001
5.0,1.0,5.0,22.0,2.0,3.0,7.0,1.0,40.0,47.0,44.0,136.0,291.0,89.0,374.0,311.0,1378.0,17,031,051300,2,170310513002
7.0,92.0,62.0,39.0,0.0,11.0,90.0,91.0,20.0,31.0,97.0,133.0,193.0,189.0,97.0,434.0,1586.0,17,031,051400,1,170310514001
12.0,0.0,26.0,13.0,6.0,26.0,4.0,5.0,34.0,90.0,30.0,68.0,86.0,48.0,91.0,53.0,592.0,17,031,051400,2,170310514002
1.0,62.0,5.0,2.0,10.0,6.0,45.0,0.0,2.0,96.0,7.0,44.0,77.0,69.0,35.0,271.0,732.0,17,031,060100,1,170310601001
2.0,1.0,0.0,0.0,38.0,1.0,5.0,1.0,6.0,10.0,187.0,107.0,101.0,55.0,207.0,392.0,1113.0,17,031,060100,2,170310601002
37.0,25.0,8.0,2.0,7.0,9.0,0.0,36.0,1.0,40.0,76.0,45.0,66.0,17.0,102.0,291.0,762.0,17,031,060100,3,170310601003
34.0,17.0,25.0,4.0,25.0,17.0,34.0,68.0,0.0,51.0,127.0,216.0,57.0,74.0,46.0,74.0,869.0,17,031,060200,1,170310602001
60.0,37.0,42.0,83.0,102.0,12.0,61.0,15.0,45.0,49.0,87.0,181.0,97.0,33.0,108.0,201.0,1213.0,17,031,060200,2,170310602002
1.0,2.0,0.0,6.0,0.0,37.0,25.0,20.0,2.0,154.0,53.0,117.0,438.0,242.0,149.0,573.0,1819.0,17,031,060300,1,170310603001
2.0,1.0,97.0,29.0,41.0,79.0,9.0,10.0,1.0,24.0,52.0,383.0,156.0,94.0,139.0,187.0,1304.0,17,031,060300,2,170310603002
156.0,20.0,15.0,3.0,3.0,94.0,21.0,10.0,70.0,72.0,195.0,302.0,237.0,77.0,170.0,476.0,1921.0,17,031,060400,1,170310604001
34.0,0.0,9.0,5.0,12.0,2.0,0.0,22.0,45.0,11.0,142.0,50.0,141.0,64.0,163.0,420.0,1120.0,17,031,060400,2,170310604002
0.0,4.0,0.0,4.0,11.0,14.0,4.0,2.0,6.0,0.0,71.0,127.0,64.0,175.0,235.0,221.0,938.0,17,031,060400,3,170310604003
245.0,118.0,68.0,27.0,16.0,13.0,44.0,48.0,0.0,50.0,70.0,80.0,94.0,43.0,72.0,165.0,1153.0,17,031,060500,1,170310605001
45.0,0.0,1.0,71.0,23.0,48.0,145.0,74.0,26.0,43.0,139.0,185.0,381.0,148.0,57.0,138.0,1524.0,17,031,060800,1,170310608001
95.0,99.0,74.0,81.0,3.0,55.0,78.0,147.0,339.0,208.0,452.0,462.0,321.0,226.0,277.0,326.0,3243.0,17,031,060800,3,170310608003
3.0,7.0,24.0,48.0,14.0,19.0,85.0,9.0,38.0,58.0,113.0,129.0,116.0,33.0,21.0,37.0,754.0,17,031,060900,1,170310609001
42.0,116.0,78.0,47.0,14.0,7.0,49.0,46.0,155.0,116.0,66.0,278.0,191.0,143.0,69.0,250.0,1667.0,17,031,060900,3,170310609003
205.0,85.0,136.0,51.0,51.0,53.0,46.0,306.0,150.0,364.0,518.0,490.0,398.0,204.0,222.0,236.0,3515.0,17,031,060900,4,170310609004
134.0,35.0,4.0,127.0,147.0,56.0,31.0,8.0,32.0,39.0,3.0,2.0,11.0,16.0,75.0,51.0,771.0,17,031,060900,5,170310609005
95.0,6.0,2.0,57.0,18.0,0.0,136.0,94.0,24.0,81.0,61.0,241.0,244.0,83.0,292.0,235.0,1669.0,17,031,061000,1,170310610001
26.0,10.0,17.0,44.0,67.0,29.0,32.0,26.0,38.0,55.0,84.0,200.0,221.0,78.0,153.0,187.0,1267.0,17,031,061100,1,170310611001
207.0,6.0,16.0,60.0,37.0,0.0,58.0,29.0,44.0,175.0,46.0,313.0,342.0,170.0,393.0,329.0,2225.0,17,031,061200,1,170310612001
56.0,3.0,24.0,34.0,33.0,1.0,15.0,124.0,17.0,231.0,183.0,181.0,231.0,225.0,209.0,273.0,1840.0,17,031,061500,1,170310615001
81.0,103.0,5.0,64.0,33.0,10.0,29.0,59.0,53.0,49.0,128.0,118.0,103.0,77.0,41.0,81.0,1034.0,17,031,061800,1,170310618001
19.0,12.0,10.0,16.0,18.0,3.0,0.0,2.0,2.0,104.0,88.0,105.0,63.0,56.0,17.0,112.0,627.0,17,031,061901,1,170310619011
75.0,1.0,0.0,1.0,11.0,0.0,92.0,70.0,126.0,52.0,70.0,207.0,134.0,84.0,53.0,77.0,1053.0,17,031,061901,2,170310619012
64.0,0.0,1.0,6.0,70.0,8.0,74.0,82.0,4.0,7.0,25.0,71.0,102.0,2.0,70.0,207.0,793.0,17,031,061901,3,170310619013
209.0,22.0,122.0,12.0,135.0,158.0,43.0,68.0,125.0,16.0,3.0,11.0,39.0,41.0,30.0,253.0,1287.0,17,031,061901,4,170310619014
49.0,90.0,15.0,52.0,17.0,28.0,121.0,29.0,1.0,75.0,60.0,0.0,78.0,47.0,111.0,222.0,995.0,17,031,061902,1,170310619021
172.0,34.0,161.0,100.0,129.0,6.0,76.0,61.0,76.0,121.0,129.0,9.0,8.0,138.0,143.0,178.0,1541.0,17,031,061902,2,170310619022
104.0,0.0,7.0,0.0,149.0,24.0,29.0,27.0,59.0,136.0,138.0,93.0,182.0,59.0,234.0,135.0,1376.0,17,031,061902,3,170310619023
56.0,16.0,0.0,27.0,32.0,97.0,45.0,78.0,85.0,97.0,216.0,178.0,346.0,111.0,179.0,381.0,1944.0,17,031,062000,1,170310620001
1.0,50.0,0.0,7.0,16.0,42.0,5.0,35.0,12.0,74.0,121.0,211.0,52.0,88.0,73.0,131.0,918.0,17,031,062000,2,170310620002
28.0,7.0,9.0,26.0,2.0,7.0,1.0,0.0,0.0,7.0,5.0,93.0,91.0,56.0,244.0,417.0,993.0,17,031,062100,1,170310621001
89.0,23.0,1.0,61.0,1.0,11.0,6.0,20.0,2.0,44.0,196.0,45.0,172.0,155.0,86.0,194.0,1106.0,17,031,062100,2,170310621002
109.0,38.0,3.0,14.0,50.0,2.0,48.0,34.0,3.0,79.0,64.0,140.0,206.0,172.0,110.0,214.0,1286.0,17,031,062100,3,170310621003
114.0,1.0,1.0,1.0,10.0,25.0,0.0,115.0,17.0,37.0,81.0,290.0,326.0,201.0,65.0,315.0,1599.0,17,031,062200,1,170310622001
30.0,3.0,13.0,9.0,2.0,3.0,1.0,55.0,9.0,58.0,39.0,167.0,214.0,129.0,243.0,447.0,1422.0,17,031,062200,2,170310622002
2.0,136.0,0.0,84.0,7.0,0.0,36.0,21.0,3.0,67.0,57.0,121.0,389.0,103.0,182.0,514.0,1722.0,17,031,062300,1,170310623001
16.0,58.0,93.0,6.0,1.0,33.0,5.0,1.0,0.0,45.0,132.0,169.0,146.0,208.0,245.0,454.0,1612.0,17,031,062400,1,170310624001
13.0,13.0,1.0,32.0,0.0,10.0,9.0,22.0,99.0,59.0,39.0,173.0,288.0,96.0,169.0,311.0,1334.0,17,031,062500,1,170310625001
3.0,47.0,16.0,75.0,6.0,0.0,50.0,25.0,30.0,246.0,234.0,327.0,189.0,94.0,147.0,720.0,2209.0,17,031,062600,1,170310626001
4.0,6.0,1.0,6.0,6.0,9.0,0.0,3.0,1.0,66.0,47.0,86.0,148.0,30.0,92.0,281.0,786.0,17,031,062700,1,170310627001
0.0,0.0,0.0,10.0,51.0,2.0,20.0,16.0,6.0,7.0,135.0,178.0,84.0,35.0,114.0,224.0,882.0,17,031,062700,2,170310627002
146.0,62.0,47.0,12.0,1.0,27.0,12.0,6.0,0.0,36.0,20.0,87.0,175.0,79.0,206.0,208.0,1124.0,17,031,062700,3,170310627003
117.0,0.0,13.0,6.0,6.0,4.0,51.0,70.0,0.0,12.0,10.0,78.0,172.0,52.0,183.0,427.0,1201.0,17,031,062800,1,170310628001
42.0,0.0,0.0,1.0,2.0,4.0,3.0,44.0,10.0,56.0,131.0,164.0,29.0,117.0,205.0,368.0,1176.0,17,031,062800,2,170310628002
25.0,4.0,67.0,43.0,16.0,3.0,0.0,5.0,28.0,31.0,47.0,214.0,193.0,312.0,82.0,337.0,1407.0,17,031,062800,3,170310628003
25.0,2.0,0.0,50.0,3.0,3.0,1.0,25.0,1.0,12.0,9.0,200.0,175.0,240.0,267.0,455.0,1468.0,17,031,062900,1,170310629001
5.0,13.0,54.0,0.0,42.0,46.0,2.0,10.0,2.0,104.0,54.0,112.0,187.0,38.0,107.0,361.0,1137.0,17,031,062900,2,170310629002
93.0,7.0,3.0,2.0,6.0,64.0,0.0,4.0,29.0,149.0,197.0,127.0,147.0,160.0,308.0,344.0,1640.0,17,031,062900,3,170310629003
88.0,31.0,52.0,2.0,46.0,21.0,84.0,0.0,47.0,49.0,122.0,194.0,107.0,132.0,135.0,206.0,1316.0,17,031,063000,1,170310630001
61.0,1.0,36.0,36.0,15.0,13.0,29.0,64.0,29.0,1.0,13.0,144.0,176.0,122.0,86.0,217.0,1043.0,17,031,063000,2,170310630002
79.0,4.0,3.0,3.0,4.0,10.0,1.0,7.0,18.0,47.0,26.0,59.0,111.0,54.0,83.0,99.0,608.0,17,031,063000,3,170310630003
53.0,2.0,4.0,7.0,0.0,15.0,57.0,24.0,0.0,74.0,186.0,243.0,130.0,129.0,210.0,177.0,1311.0,17,031,063100,1,170310631001
183.0,18.0,64.0,6.0,4.0,49.0,22.0,3.0,2.0,66.0,40.0,59.0,93.0,74.0,120.0,225.0,1028.0,17,031,063100,2,170310631002
68.0,32.0,3.0,0.0,207.0,15.0,2.0,27.0,102.0,55.0,168.0,61.0,75.0,43.0,65.0,50.0,973.0,17,031,063200,1,170310632001
0.0,10.0,9.0,26.0,5.0,59.0,3.0,3.0,14.0,191.0,0.0,20.0,105.0,115.0,25.0,98.0,683.0,17,031,063200,2,170310632002
14.0,20.0,23.0,7.0,17.0,0.0,48.0,94.0,70.0,106.0,41.0,232.0,8.0,18.0,33.0,181.0,912.0,17,031,063200,3,170310632003
188.0,9.0,0.0,2.0,78.0,0.0,39.0,89.0,3.0,43.0,34.0,77.0,179.0,55.0,144.0,381.0,1321.0,17,031,063200,4,170310632004
62.0,18.0,21.0,3.0,95.0,9.0,0.0,4.0,6.0,99.0,101.0,57.0,71.0,20.0,43.0,119.0,728.0,17,031,063200,5,170310632005
239.0,154.0,6.0,19.0,8.0,39.0,226.0,46.0,113.0,62.0,138.0,99.0,260.0,170.0,156.0,70.0,1805.0,17,031,063200,6,170310632006
54.0,112.0,32.0,34.0,77.0,1.0,111.0,64.0,1.0,25.0,110.0,90.0,123.0,135.0,54.0,77.0,1100.0,17,031,063301,1,170310633011
80.0,2.0,1.0,63.0,4.0,9.0,1.0,40.0,25.0,154.0,121.0,52.0,17.0,23.0,42.0,66.0,700.0,17,031,063301,2,170310633012
242.0,24.0,9.0,67.0,3.0,6.0,20.0,50.0,10.0,39.0,58.0,96.0,25.0,31.0,72.0,43.0,795.0,17,031,063301,3,170310633013
1.0,8.0,0.0,7.0,7.0,3.0,3.0,48.0,126.0,167.0,318.0,239.0,131.0,180.0,121.0,399.0,1758.0,17,031,063302,1,170310633021
13.0,3.0,2.0,0.0,25.0,8.0,9.0,51.0,62.0,60.0,213.0,194.0,218.0,58.0,58.0,50.0,1024.0,17,031,063302,2,170310633022
36.0,4.0,6.0,0.0,2.0,5.0,0.0,75.0,0.0,29.0,35.0,67.0,128.0,41.0,18.0,35.0,481.0,17,031,063302,3,170310633023
116.0,7.0,85.0,48.0,0.0,98.0,0.0,61.0,35.0,88.0,74.0,70.0,15.0,31.0,135.0,98.0,961.0,17,031,063302,4,170310633024
4.0,4.0,2.0,54.0,9.0,19.0,24.0,35.0,4.0,3.0,47.0,81.0,19.0,21.0,38.0,138.0,502.0,17,031,063303,1,170310633031
1.0,1.0,0.0,17.0,7.0,2.0,6.0,3.0,3.0,84.0,27.0,154.0,112.0,27.0,98.0,118.0,660.0,17,031,063303,2,170310633032
207.0,5.0,1.0,42.0,3.0,0.0,13.0,10.0,5.0,62.0,55.0,209.0,128.0,53.0,110.0,214.0,1117.0,17,031,063400,1,170310634001
36.0,0.0,5.0,28.0,35.0,7.0,5.0,131.0,2.0,128.0,37.0,241.0,79.0,72.0,90.0,148.0,1044.0,17,031,063400,2,170310634002
56.0,6.0,1.0,4.0,0.0,11.0,52.0,2.0,4.0,43.0,122.0,325.0,232.0,48.0,272.0,202.0,1380.0,17,031,070101,1,170310701011
48.0,0.0,90.0,17.0,82.0,4.0,74.0,51.0,37.0,24.0,71.0,246.0,69.0,125.0,89.0,403.0,1430.0,17,031,070101,2,170310701012
301.0,176.0,34.0,13.0,5.0,98.0,4.0,85.0,29.0,109.0,62.0,23.0,106.0,29.0,11.0,98.0,1183.0,17,031,070101,3,170310701013
50.0,72.0,6.0,69.0,4.0,48.0,7.0,81.0,0.0,85.0,92.0,107.0,119.0,130.0,49.0,67.0,986.0,17,031,070102,1,170310701021
65.0,1.0,0.0,4.0,27.0,1.0,9.0,79.0,4.0,52.0,4.0,49.0,99.0,53.0,132.0,169.0,748.0,17,031,070102,2,170310701022
2.0,0.0,2.0,5.0,3.0,6.0,18.0,67.0,24.0,47.0,97.0,240.0,105.0,64.0,62.0,89.0,831.0,17,031,070102,3,170310701023
78.0,35.0,5.0,15.0,83.0,2.0,7.0,24.0,21.0,44.0,130.0,166.0,38.0,22.0,200.0,111.0,981.0,17,031,070103,1,170310701031
81.0,37.0,3.0,7.0,3.0,10.0,53.0,21.0,59.0,83.0,77.0,77.0,29.0,13.0,30.0,45.0,628.0,17,031,070103,2,170310701032
72.0,37.0,118.0,10.0,49.0,1.0,19.0,2.0,5.0,7.0,152.0,193.0,337.0,33.0,257.0,670.0,1962.0,17,031,070200,1,170310702001
0.0,75.0,0.0,2.0,2.0,15.0,6.0,35.0,69.0,0.0,111.0,96.0,139.0,225.0,63.0,209.0,1047.0,17,031,070200,2,170310702002
67.0,16.0,10.0,31.0,33.0,14.0,51.0,37.0,0.0,25.0,92.0,143.0,60.0,30.0,67.0,99.0,775.0,17,031,070200,3,170310702003
255.0,10.0,3.0,3.0,61.0,13.0,38.0,63.0,18.0,64.0,196.0,151.0,288.0,198.0,275.0,417.0,2053.0,17,031,070300,1,170310703001
181.0,20.0,0.0,2.0,0.0,29.0,35.0,3.0,23.0,120.0,53.0,106.0,92.0,124.0,217.0,246.0,1251.0,17,031,070300,2,170310703002
338.0,159.0,37.0,88.0,5.0,30.0,2.0,12.0,16.0,48.0,51.0,75.0,112.0,52.0,107.0,206.0,1338.0,17,031,070400,1,170310704001
70.0,3.0,0.0,2.0,6.0,81.0,0.0,1.0,9.0,46.0,91.0,3.0,113.0,100.0,58.0,370.0,953.0,17,031,070400,2,170310704002
13.0,6.0,13.0,5.0,2.0,2.0,1.0,1.0,10.0,45.0,38.0,84.0,148.0,103.0,199.0,477.0,1147.0,17,031,070400,3,170310704003
0.0,4.0,2.0,3.0,7.0,113.0,0.0,78.0,4.0,55.0,86.0,45.0,76.0,25.0,98.0,311.0,907.0,17,031,070500,1,170310705001
64.0,85.0,6.0,91.0,7.0,79.0,4.0,43.0,5.0,5.0,36.0,36.0,50.0,45.0,58.0,249.0,863.0,17,031,070500,2,170310705002
61.0,1.0,17.0,11.0,2.0,3.0,4.0,0.0,22.0,1.0,6.0,32.0,39.0,72.0,269.0,509.0,1049.0,17,031,070500,3,170310705003
1.0,0.0,0.0,1.0,9.0,18.0,1.0,5.0,17.0,166.0,46.0,107.0,210.0,136.0,434.0,702.0,1853.0,17,031,070600,1,170310706001
28.0,7.0,10.0,2.0,1.0,1.0,40.0,0.0,10.0,6.0,91.0,273.0,115.0,103.0,228.0,360.0,1275.0,17,031,070600,2,170310706002
0.0,48.0,14.0,99.0,3.0,142.0,19.0,69.0,65.0,23.0,88.0,295.0,162.0,254.0,669.0,862.0,2812.0,17,031,070700,1,170310707001
246.0,36.0,47.0,3.0,45.0,1.0,0.0,36.0,1.0,7.0,98.0,50.0,154.0,44.0,96.0,233.0,1097.0,17,031,070700,2,170310707002
108.0,1.0,68.0,2.0,6.0,10.0,0.0,2.0,2.0,2.0,2.0,73.0,42.0,69.0,153.0,71.0,611.0,17,031,071000,1,170310710001
33.0,39.0,18.0,2.0,25.0,13.0,10.0,6.0,32.0,204.0,89.0,331.0,351.0,120.0,107.0,475.0,1855.0,17,031,071000,2,170310710002
1.0,3.0,45.0,6.0,2.0,22.0,7.0,1.0,0.0,4.0,119.0,109.0,111.0,200.0,62.0,501.0,1193.0,17,031,071100,1,170310711001
124.0,3.0,0.0,72.0,1.0,11.0,72.0,0.0,60.0,112.0,103.0,101.0,171.0,57.0,194.0,230.0,1311.0,17,031,071100,2,170310711002
72.0,29.0,6.0,3.0,5.0,33.0,22.0,0.0,29.0,28.0,21.0,70.0,165.0,195.0,63.0,197.0,938.0,17,031,071200,1,170310712001
166.0,73.0,6.0,4.0,16.0,4.0,23.0,7.0,10.0,10.0,47.0,199.0,89.0,80.0,88.0,251.0,1073.0,17,031,071200,2,170310712002
47.0,50.0,2.0,6.0,46.0,53.0,1.0,12.0,77.0,15.0,11.0,209.0,247.0,142.0,111.0,407.0,1436.0,17,031,071300,1,170310713001
102.0,23.0,20.0,106.0,34.0,147.0,85.0,50.0,2.0,123.0,127.0,250.0,217.0,40.0,275.0,291.0,1892.0,17,031,071300,2,170310713002
57.0,42.0,28.0,7.0,7.0,43.0,2.0,26.0,3.0,20.0,130.0,9.0,48.0,56.0,42.0,79.0,599.0,17,031,071400,1,170310714001
207.0,80.0,71.0,25.0,4.0,89.0,0.0,66.0,0.0,77.0,142.0,146.0,165.0,153.0,124.0,181.0,1530.0,17,031,071400,2,170310714002
3.0,30.0,20.0,6.0,0.0,1.0,10.0,134.0,34.0,117.0,159.0,131.0,124.0,95.0,186.0,159.0,1209.0,17,031,071400,3,170310714003
9.0,2.0,59.0,53.0,5.0,0.0,42.0,13.0,0.0,53.0,84.0,65.0,54.0,60.0,76.0,135.0,710.0,17,031,071400,4,170310714004
0.0,5.0,0.0,1.0,0.0,5.0,20.0,19.0,8.0,4.0,135.0,124.0,83.0,66.0,93.0,326.0,889.0,17,031,071500,1,170310715001
69.0,1.0,7.0,19.0,1.0,10.0,2.0,69.0,6.0,41.0,58.0,157.0,184.0,83.0,234.0,244.0,1185.0,17,031,071500,2,170310715002
44.0,11.0,30.0,84.0,5.0,74.0,54.0,16.0,33.0,121.0,106.0,111.0,275.0,113.0,30.0,157.0,1264.0,17,031,071500,3,170310715003
17.0,35.0,6.0,0.0,2.0,3.0,18.0,54.0,0.0,46.0,113.0,214.0,203.0,61.0,204.0,123.0,1099.0,17,031,071500,4,170310715004
47.0,0.0,65.0,5.0,1.0,0.0,1.0,8.0,1.0,32.0,23.0,103.0,47.0,31.0,71.0,83.0,518.0,17,031,071500,5,170310715005
4.0,3.0,0.0,45.0,7.0,9.0,6.0,2.0,47.0,99.0,73.0,129.0,67.0,41.0,110.0,73.0,715.0,17,031,071500,6,170310715006
122.0,37.0,1.0,97.0,27.0,53.0,13.0,1.0,35.0,21.0,61.0,170.0,140.0,98.0,129.0,685.0,1690.0,17,031,071600,1,170310716001
1.0,1.0,35.0,26.0,2.0,50.0,2.0,0.0,5.0,34.0,96.0,88.0,112.0,45.0,71.0,344.0,912.0,17,031,071700,1,170310717001
42.0,0.0,26.0,0.0,13.0,28.0,0.0,9.0,2.0,10.0,5.0,28.0,188.0,124.0,134.0,307.0,916.0,17,031,071700,2,170310717002
128.0,75.0,5.0,1.0,7.0,87.0,79.0,2.0,22.0,2.0,41.0,130.0,252.0,232.0,312.0,686.0,2061.0,17,031,071800,1,170310718001
9.0,5.0,0.0,0.0,2.0,10.0,0.0,1.0,5.0,22.0,135.0,55.0,5.0,79.0,76.0,228.0,632.0,17,031,071800,2,170310718002
175.0,1.0,9.0,2.0,2.0,1.0,6.0,39.0,63.0,98.0,1.0,0.0,262.0,22.0,90.0,311.0,1082.0,17,031,080100,1,170310801001
43.0,27.0,0.0,61.0,1.0,5.0,39.0,8.0,0.0,1.0,134.0,326.0,6.0,95.0,330.0,428.0,1504.0,17,031,080100,2,170310801002
6.0,1.0,2.0,24.0,1.0,31.0,26.0,60.0,66.0,2.0,51.0,284.0,115.0,44.0,67.0,111.0,891.0,17,031,080100,3,170310801003
8.0,40.0,55.0,0.0,1.0,0.0,24.0,2.0,5.0,114.0,25.0,6.0,110.0,11.0,97.0,457.0,955.0,17,031,080100,4,170310801004
8.0,9.0,1.0,0.0,1.0,136.0,6.0,12.0,15.0,48.0,153.0,71.0,142.0,134.0,62.0,121.0,919.0,17,031,080100,5,170310801005
29.0,0.0,5.0,18.0,25.0,4.0,26.0,8.0,18.0,195.0,38.0,137.0,149.0,11.0,65.0,196.0,924.0,17,031,080100,6,170310801006
5.0,4.0,3.0,4.0,2.0,6.0,0.0,30.0,2.0,2.0,45.0,121.0,80.0,14.0,47.0,360.0,725.0,17,031,080100,7,170310801007
44.0,51.0,41.0,8.0,68.0,91.0,24.0,54.0,56.0,93.0,214.0,126.0,313.0,39.0,48.0,197.0,1467.0,17,031,080201,1,170310802011
23.0,4.0,0.0,0.0,8.0,37.0,54.0,80.0,5.0,138.0,177.0,307.0,87.0,107.0,138.0,160.0,1325.0,17,031,080201,2,170310802012
3.0,0.0,3.0,10.0,0.0,6.0,2.0,2.0,25.0,6.0,20.0,39.0,27.0,42.0,130.0,96.0,411.0,17,031,080201,3,170310802013
5.0,6.0,0.0,0.0,6.0,11.0,12.0,9.0,0.0,90.0,31.0,72.0,172.0,40.0,12.0,61.0,527.0,17,031,080202,1,170310802021
16.0,55.0,70.0,21.0,2.0,3.0,9.0,3.0,30.0,81.0,118.0,149.0,142.0,28.0,34.0,129.0,890.0,17,031,080202,2,170310802022
78.0,4.0,1.0,3.0,35.0,36.0,75.0,198.0,9.0,207.0,105.0,149.0,111.0,187.0,433.0,456.0,2087.0,17,031,080202,3,170310802023
8.0,1.0,3.0,0.0,1.0,90.0,30.0,5.0,3.0,1.0,12.0,132.0,43.0,18.0,109.0,160.0,616.0,17,031,080300,1,170310803001
204.0,16.0,2.0,8.0,6.0,56.0,0.0,4.0,12.0,18.0,56.0,348.0,265.0,71.0,160.0,439.0,1665.0,17,031,080300,2,170310803002
40.0,1.0,5.0,36.0,9.0,3.0,28.0,4.0,3.0,19.0,2.0,94.0,201.0,71.0,187.0,246.0,949.0,17,031,080300,3,170310803003
140.0,5.0,0.0,10.0,2.0,4.0,20.0,20.0,2.0,2.0,106.0,175.0,234.0,56.0,113.0,477.0,1366.0,17,031,080300,4,170310803004
1439.0,73.0,124.0,4.0,113.0,59.0,3.0,2.0,33.0,57.0,85.0,135.0,57.0,107.0,267.0,188.0,2746.0,17,031,080400,1,170310804001
474.0,9.0,4.0,85.0,0.0,4.0,0.0,30.0,1.0,4.0,3.0,4.0,4.0,23.0,36.0,47.0,728.0,17,031,080400,2,170310804002
1.0,5.0,0.0,7.0,41.0,0.0,2.0,1.0,1.0,63.0,1.0,5.0,4.0,162.0,663.0,606.0,1562.0,17,031,080400,3,170310804003
4.0,0.0,0.0,0.0,2.0,0.0,4.0,1.0,0.0,55.0,17.0,19.0,100.0,56.0,29.0,96.0,383.0,17,031,081000,1,170310810001
90.0,6.0,0.0,0.0,3.0,1.0,61.0,45.0,9.0,37.0,50.0,411.0,259.0,25.0,64.0,112.0,1173.0,17,031,081000,2,170310810002
96.0,1.0,1.0,65.0,2.0,9.0,17.0,74.0,60.0,22.0,25.0,185.0,13.0,20.0,42.0,112.0,744.0,17,031,081000,3,170310810003
246.0,124.0,3.0,118.0,105.0,5.0,35.0,27.0,1.0,63.0,10.0,155.0,97.0,5.0,80.0,54.0,1128.0,17,031,081000,4,170310810004
298.0,145.0,142.0,103.0,3.0,5.0,95.0,2.0,3.0,67.0,82.0,130.0,131.0,66.0,89.0,36.0,1397.0,17,031,081000,5,170310810005
336.0,46.0,68.0,145.0,12.0,2.0,4.0,25.0,7.0,66.0,117.0,162.0,147.0,16.0,36.0,179.0,1368.0,17,031,081000,6,170310810006
3.0,9.0,5.0,87.0,4.0,0.0,5.0,0.0,1.0,12.0,231.0,64.0,87.0,167.0,127.0,339.0,1141.0,17,031,081100,1,170310811001
270.0,275.0,16.0,10.0,0.0,71.0,21.0,27.0,1.0,10.0,30.0,61.0,188.0,141.0,121.0,104.0,1346.0,17,031,081100,2,170310811002
208.0,22.0,44.0,2.0,81.0,121.0,1.0,14.0,74.0,111.0,0.0,131.0,167.0,23.0,38.0,49.0,1086.0,17,031,081100,3,170310811003
7.0,5.0,3.0,10.0,20.0,7.0,15.0,18.0,5.0,49.0,67.0,2.0,115.0,90.0,93.0,526.0,1032.0,17,031,081201,1,170310812011
100.0,8.0,36.0,4.0,7.0,81.0,20.0,76.0,14.0,215.0,162.0,96.0,98.0,31.0,172.0,470.0,1590.0,17,031,081201,2,170310812012
37.0,199.0,98.0,34.0,48.0,6.0,73.0,0.0,1.0,163.0,270.0,127.0,179.0,122.0,117.0,152.0,1626.0,17,031,081201,3,170310812013
16.0,2.0,2.0,9.0,1.0,24.0,0.0,2.0,7.0,39.0,42.0,23.0,5.0,22.0,51.0,262.0,507.0,17,031,081202,1,170310812021
5.0,1.0,0.0,25.0,17.0,3.0,81.0,28.0,0.0,2.0,89.0,177.0,37.0,40.0,71.0,163.0,739.0,17,031,081202,2,170310812022
6.0,2.0,0.0,11.0,92.0,137.0,20.0,58.0,49.0,43.0,51.0,86.0,235.0,22.0,138.0,138.0,1088.0,17,031,081202,3,170310812023
0.0,1.0,5.0,4.0,0.0,71.0,2.0,32.0,0.0,43.0,31.0,43.0,116.0,37.0,250.0,256.0,891.0,17,031,081202,4,170310812024
52.0,9.0,6.0,11.0,47.0,26.0,62.0,0.0,6.0,20.0,15.0,83.0,99.0,99.0,63.0,102.0,700.0,17,031,081300,1,170310813001
0.0,19.0,25.0,0.0,7.0,10.0,4.0,0.0,2.0,2.0,84.0,34.0,123.0,40.0,49.0,155.0,554.0,17,031,081300,2,170310813002
3.0,9.0,12.0,2.0,0.0,45.0,11.0,12.0,12.0,41.0,48.0,52.0,72.0,145.0,86.0,287.0,837.0,17,031,081300,3,170310813003
147.0,58.0,8.0,15.0,35.0,62.0,1.0,26.0,58.0,50.0,128.0,158.0,136.0,113.0,247.0,461.0,1703.0,17,031,081300,4,170310813004
3.0,4.0,1.0,6.0,0.0,1.0,20.0,1.0,12.0,27.0,23.0,182.0,50.0,6.0,60.0,170.0,566.0,17,031,081300,5,170310813005
0.0,1.0,18.0,3.0,15.0,1.0,2.0,8.0,5.0,3.0,39.0,98.0,97.0,73.0,142.0,308.0,813.0,17,031,081300,6,170310813006
61.0,17.0,55.0,82.0,7.0,9.0,3.0,18.0,2.0,64.0,39.0,93.0,104.0,147.0,64.0,244.0,1009.0,17,031,081401,1,170310814011
270.0,55.0,67.0,81.0,0.0,7.0,2.0,9.0,16.0,85.0,1.0,76.0,192.0,236.0,29.0,251.0,1377.0,17,031,081401,2,170310814012
7.0,12.0,46.0,5.0,21.0,40.0,91.0,14.0,56.0,133.0,417.0,87.0,148.0,225.0,499.0,277.0,2078.0,17,031,081402,1,170310814021
149.0,5.0,3.0,5.0,0.0,30.0,69.0,11.0,0.0,73.0,122.0,21.0,108.0,110.0,373.0,412.0,1491.0,17,031,081402,2,170310814022
53.0,5.0,1.0,0.0,141.0,7.0,0.0,3.0,69.0,13.0,3.0,112.0,33.0,68.0,74.0,262.0,844.0,17,031,081402,3,170310814023
282.0,0.0,170.0,29.0,1.0,179.0,57.0,175.0,39.0,215.0,190.0,370.0,52.0,11.0,214.0,1004.0,2988.0,17,031,081403,1,170310814031
120.0,29.0,32.0,1.0,48.0,93.0,18.0,131.0,50.0,129.0,172.0,2.0,101.0,61.0,117.0,140.0,1244.0,17,031,081403,2,170310814032
75.0,84.0,4.0,51.0,63.0,31.0,1.0,3.0,4.0,1.0,509.0,423.0,548.0,62.0,470.0,393.0,2722.0,17,031,081403,3,170310814033
0.0,39.0,5.0,3.0,1.0,51.0,5.0,21.0,54.0,101.0,276.0,181.0,125.0,85.0,185.0,321.0,1453.0,17,031,081500,1,170310815001
212.0,1.0,0.0,1.0,15.0,13.0,12.0,31.0,18.0,26.0,7.0,128.0,161.0,104.0,102.0,566.0,1397.0,17,031,081500,2,170310815002
184.0,17.0,120.0,19.0,86.0,3.0,2.0,4.0,30.0,53.0,58.0,147.0,147.0,164.0,93.0,443.0,1570.0,17,031,081500,3,170310815003
176.0,17.0,78.0,18.0,23.0,54.0,63.0,0.0,25.0,132.0,174.0,301.0,70.0,134.0,283.0,592.0,2140.0,17,031,081600,1,170310816001
153.0,0.0,0.0,7.0,0.0,11.0,73.0,2.0,7.0,5.0,148.0,126.0,102.0,66.0,64.0,248.0,1012.0,17,031,081600,2,170310816002
4.0,0.0,0.0,102.0,1.0,4.0,3.0,0.0,5.0,78.0,55.0,159.0,207.0,44.0,168.0,162.0,992.0,17,031,081700,1,170310817001
80.0,22.0,75.0,128.0,4.0,110.0,115.0,133.0,1.0,258.0,179.0,238.0,282.0,239.0,274.0,461.0,2599.0,17,031,081700,2,170310817002
86.0,87.0,1.0,83.0,1.0,9.0,55.0,165.0,101.0,98.0,235.0,404.0,507.0,373.0,354.0,899.0,3458.0,17,031,081800,1,170310818001
172.0,0.0,2.0,35.0,30.0,84.0,95.0,2.0,96.0,220.0,137.0,609.0,354.0,72.0,234.0,556.0,2698.0,17,031,081800,2,170310818002
156.0,7.0,6.0,0.0,10.0,0.0,3.0,0.0,19.0,19.0,191.0,236.0,135.0,134.0,195.0,271.0,1382.0,17,031,081800,3,170310818003
198.0,29.0,3.0,33.0,1.0,3.0,5.0,1.0,5.0,28.0,12.0,101.0,80.0,115.0,189.0,320.0,1123.0,17,031,081900,1,170310819001
5.0,1.0,1.0,31.0,0.0,36.0,89.0,16.0,21.0,78.0,100.0,229.0,98.0,69.0,193.0,58.0,1025.0,17,031,090100,1,170310901001
14.0,5.0,50.0,18.0,6.0,49.0,0.0,34.0,77.0,137.0,151.0,89.0,68.0,28.0,187.0,144.0,1057.0,17,031,090100,2,170310901002
3.0,4.0,14.0,10.0,7.0,119.0,7.0,16.0,2.0,54.0,11.0,60.0,64.0,111.0,57.0,103.0,642.0,17,031,090100,3,170310901003
22.0,1.0,4.0,1.0,2.0,6.0,3.0,10.0,26.0,2.0,32.0,54.0,87.0,68.0,88.0,82.0,488.0,17,031,090100,4,170310901004
18.0,2.0,14.0,30.0,2.0,123.0,31.0,113.0,0.0,54.0,19.0,218.0,101.0,18.0,80.0,271.0,1094.0,17,031,090200,1,170310902001
14.0,48.0,18.0,0.0,1.0,4.0,43.0,0.0,29.0,2.0,75.0,169.0,323.0,247.0,200.0,47.0,1220.0,17,031,090200,2,170310902002
3.0,3.0,20.0,80.0,142.0,80.0,67.0,49.0,37.0,101.0,210.0,317.0,239.0,98.0,153.0,79.0,1678.0,17,031,090200,3,170310902003
30.0,50.0,12.0,35.0,2.0,135.0,119.0,20.0,2.0,127.0,247.0,332.0,132.0,109.0,243.0,218.0,1813.0,17,031,090200,4,170310902004
3.0,2.0,27.0,0.0,1.0,5.0,52.0,1.0,3.0,13.0,0.0,2.0,78.0,17.0,88.0,321.0,613.0,17,031,090200,5,170310902005
32.0,2.0,0.0,138.0,12.0,7.0,12.0,54.0,19.0,96.0,33.0,277.0,195.0,88.0,177.0,135.0,1277.0,17,031,090300,1,170310903001
4.0,59.0,132.0,2.0,1.0,21.0,48.0,6.0,3.0,51.0,105.0,104.0,84.0,93.0,86.0,43.0,842.0,17,031,100100,1,170311001001
140.0,33.0,2.0,44.0,13.0,99.0,137.0,14.0,63.0,25.0,473.0,267.0,48.0,22.0,144.0,186.0,1710.0,17,031,100100,2,170311001002
2.0,6.0,6.0,89.0,12.0,23.0,5.0,60.0,106.0,90.0,17.0,146.0,54.0,113.0,117.0,78.0,924.0,17,031,100100,3,170311001003
0.0,37.0,4.0,10.0,47.0,3.0,0.0,7.0,2.0,5.0,171.0,37.0,121.0,187.0,125.0,89.0,845.0,17,031,100100,4,170311001004
110.0,66.0,121.0,4.0,40.0,97.0,5.0,1.0,4.0,0.0,30.0,246.0,200.0,128.0,91.0,230.0,1373.0,17,031,100100,5,170311001005
23.0,106.0,3.0,1.0,7.0,119.0,59.0,91.0,57.0,61.0,46.0,143.0,285.0,84.0,53.0,71.0,1209.0,17,031,100200,1,170311002001
1.0,0.0,1.0,1.0,9.0,0.0,6.0,1.0,42.0,1.0,1.0,212.0,197.0,42.0,97.0,36.0,647.0,17,031,100200,2,170311002002
0.0,32.0,3.0,39.0,41.0,2.0,133.0,63.0,0.0,3.0,225.0,151.0,55.0,307.0,174.0,114.0,1342.0,17,031,100200,3,170311002003
52.0,0.0,14.0,0.0,15.0,3.0,22.0,102.0,4.0,106.0,61.0,294.0,12.0,7.0,54.0,92.0,838.0,17,031,100200,4,170311002004
3.0,0.0,78.0,42.0,0.0,0.0,65.0,46.0,24.0,20.0,41.0,159.0,62.0,152.0,42.0,42.0,776.0,17,031,100200,5,170311002005
23.0,32.0,2.0,48.0,1.0,8.0,2.0,3.0,1.0,29.0,16.0,417.0,217.0,89.0,145.0,108.0,1141.0,17,031,100200,6,170311002006
1.0,11.0,59.0,1.0,90.0,38.0,6.0,3.0,8.0,30.0,19.0,96.0,34.0,0.0,101.0,86.0,583.0,17,031,100200,7,170311002007
44.0,1.0,149.0,8.0,1.0,2.0,0.0,3.0,2.0,5.0,80.0,91.0,93.0,151.0,147.0,65.0,842.0,17,031,100300,1,170311003001
1.0,2.0,3.0,26.0,14.0,1.0,31.0,25.0,1.0,244.0,166.0,52.0,108.0,76.0,60.0,104.0,914.0,17,031,100300,2,170311003002
23.0,2.0,1.0,0.0,92.0,0.0,2.0,36.0,4.0,5.0,73.0,118.0,167.0,10.0,22.0,214.0,769.0,17,031,100300,3,170311003003
212.0,28.0,19.0,11.0,28.0,8.0,8.0,6.0,6.0,5.0,4.0,384.0,83.0,114.0,54.0,240.0,1210.0,17,031,100300,4,170311003004
8.0,6.0,26.0,19.0,21.0,55.0,68.0,6.0,18.0,22.0,65.0,79.0,247.0,16.0,67.0,165.0,888.0,17,031,100300,5,170311003005
196.0,46.0,189.0,94.0,57.0,39.0,135.0,6.0,35.0,2.0,96.0,46.0,12.0,34.0,37.0,87.0,1111.0,17,031,100300,6,170311003006
6.0,0.0,3.0,44.0,5.0,8.0,2.0,34.0,1.0,13.0,55.0,166.0,172.0,70.0,123.0,126.0,828.0,17,031,100400,1,170311004001
111.0,1.0,3.0,28.0,14.0,29.0,1.0,1.0,0.0,180.0,111.0,75.0,41.0,64.0,196.0,101.0,956.0,17,031,100400,2,170311004002
105.0,1.0,23.0,5.0,72.0,28.0,15.0,18.0,18.0,56.0,74.0,163.0,130.0,238.0,171.0,116.0,1233.0,17,031,100400,3,170311004003
23.0,2.0,22.0,31.0,4.0,1.0,22.0,0.0,1.0,2.0,88.0,477.0,70.0,83.0,29.0,53.0,908.0,17,031,100500,1,170311005001
0.0,28.0,2.0,2.0,84.0,2.0,45.0,0.0,0.0,8.0,58.0,11.0,138.0,12.0,177.0,241.0,808.0,17,031,100500,2,170311005002
0.0,0.0,16.0,3.0,8.0,19.0,29.0,107.0,3.0,52.0,74.0,34.0,43.0,6.0,76.0,51.0,521.0,17,031,100500,3,170311005003
4.0,25.0,13.0,60.0,6.0,0.0,55.0,1.0,62.0,45.0,81.0,161.0,205.0,70.0,120.0,193.0,1101.0,17,031,100500,4,170311005004
18.0,13.0,33.0,84.0,19.0,28.0,219.0,76.0,18.0,202.0,0.0,259.0,216.0,179.0,318.0,192.0,1874.0,17,031,100500,5,170311005005
0.0,86.0,104.0,65.0,35.0,18.0,14.0,88.0,3.0,102.0,52.0,110.0,129.0,186.0,59.0,57.0,1108.0,17,031,100600,1,170311006001
12.0,2.0,49.0,127.0,6.0,0.0,296.0,19.0,65.0,192.0,122.0,84.0,248.0,10.0,125.0,86.0,1443.0,17,031,100600,2,170311006002
1.0,8.0,84.0,5.0,0.0,11.0,10.0,55.0,6.0,123.0,51.0,166.0,84.0,224.0,66.0,195.0,1089.0,17,031,100600,3,170311006003
2.0,14.0,2.0,78.0,133.0,35.0,41.0,154.0,172.0,130.0,118.0,183.0,241.0,110.0,140.0,69.0,1622.0,17,031,100600,4,170311006004
0.0,82.0,3.0,58.0,0.0,1.0,8.0,1.0,23.0,6.0,68.0,181.0,226.0,84.0,26.0,116.0,883.0,17,031,100700,1,170311007001
15.0,3.0,3.0,5.0,57.0,14.0,9.0,27.0,2.0,134.0,30.0,57.0,84.0,35.0,99.0,160.0,734.0,17,031,100700,2,170311007002
84.0,16.0,19.0,32.0,100.0,21.0,12.0,6.0,22.0,14.0,39.0,156.0,251.0,82.0,106.0,142.0,1102.0,17,031,100700,3,170311007003
1.0,11.0,80.0,122.0,90.0,11.0,4.0,1.0,14.0,122.0,74.0,150.0,86.0,119.0,89.0,38.0,1012.0,17,031,100700,4,170311007004
16.0,48.0,48.0,12.0,40.0,15.0,27.0,4.0,36.0,129.0,96.0,235.0,68.0,32.0,72.0,93.0,971.0,17,031,100700,5,170311007005
145.0,54.0,9.0,57.0,45.0,5.0,0.0,6.0,28.0,159.0,31.0,189.0,177.0,223.0,351.0,312.0,1791.0,17,031,110100,1,170311101001
123.0,1.0,15.0,129.0,132.0,139.0,10.0,46.0,7.0,63.0,21.0,128.0,138.0,33.0,234.0,106.0,1325.0,17,031,110100,2,170311101002
64.0,4.0,3.0,72.0,13.0,0.0,3.0,74.0,2.0,63.0,16.0,1.0,44.0,31.0,28.0,56.0,474.0,17,031,110100,3,170311101003
50.0,3.0,2.0,64.0,5.0,55.0,45.0,115.0,185.0,71.0,11.0,25.0,57.0,95.0,65.0,157.0,1005.0,17,031,110100,4,170311101004
2.0,11.0,14.0,21.0,5.0,88.0,15.0,16.0,7.0,83.0,60.0,258.0,166.0,140.0,58.0,382.0,1326.0,17,031,110100,5,170311101005
79.0,1.0,154.0,26.0,42.0,136.0,50.0,10.0,30.0,170.0,149.0,419.0,151.0,60.0,24.0,91.0,1592.0,17,031,110200,1,170311102001
29.0,179.0,142.0,31.0,28.0,78.0,36.0,2.0,26.0,102.0,70.0,218.0,98.0,125.0,108.0,87.0,1359.0,17,031,110200,2,170311102002
37.0,4.0,1.0,9.0,3.0,15.0,66.0,35.0,1.0,37.0,13.0,100.0,61.0,78.0,63.0,70.0,593.0,17,031,110300,1,170311103001
25.0,6.0,143.0,22.0,0.0,27.0,95.0,62.0,0.0,57.0,199.0,349.0,81.0,82.0,131.0,79.0,1358.0,17,031,110300,2,170311103002
14.0,85.0,9.0,27.0,33.0,144.0,6.0,5.0,4.0,38.0,141.0,27.0,103.0,79.0,78.0,142.0,935.0,17,031,110300,3,170311103003
0.0,122.0,87.0,62.0,1.0,16.0,0.0,22.0,14.0,51.0,56.0,61.0,150.0,393.0,296.0,103.0,1434.0,17,031,110300,4,170311103004
12.0,38.0,26.0,10.0,25.0,1.0,2.0,71.0,0.0,57.0,77.0,149.0,119.0,114.0,232.0,58.0,991.0,17,031,110300,5,170311103005
22.0,61.0,99.0,90.0,42.0,59.0,0.0,125.0,7.0,47.0,280.0,396.0,187.0,151.0,254.0,76.0,1896.0,17,031,110400,1,170311104001
2.0,58.0,67.0,59.0,88.0,207.0,130.0,42.0,46.0,81.0,144.0,213.0,170.0,78.0,150.0,123.0,1658.0,17,031,110400,2,170311104002
23.0,67.0,106.0,98.0,5.0,30.0,7.0,28.0,3.0,16.0,81.0,41.0,179.0,19.0,31.0,88.0,822.0,17,031,110400,3,170311104003
20.0,24.0,12.0,7.0,1.0,41.0,125.0,72.0,6.0,2.0,30.0,211.0,164.0,49.0,138.0,158.0,1060.0,17,031,110501,1,170311105011
25.0,38.0,1.0,3.0,36.0,59.0,7.0,5.0,8.0,28.0,70.0,8.0,50.0,192.0,56.0,42.0,628.0,17,031,110501,2,170311105012
6.0,397.0,11.0,75.0,3.0,147.0,129.0,87.0,4.0,73.0,359.0,433.0,132.0,111.0,111.0,86.0,2164.0,17,031,110501,3,170311105013
12.0,0.0,30.0,1.0,3.0,11.0,1.0,37.0,7.0,1.0,90.0,29.0,114.0,13.0,29.0,55.0,433.0,17,031,110501,4,170311105014
3.0,61.0,14.0,7.0,1.0,0.0,3.0,15.0,52.0,14.0,3.0,8.0,55.0,111.0,29.0,56.0,432.0,17,031,110501,5,170311105015
170.0,6.0,139.0,90.0,149.0,137.0,24.0,4.0,141.0,75.0,75.0,139.0,65.0,17.0,59.0,89.0,1379.0,17,031,110502,1,170311105021
130.0,82.0,2.0,144.0,158.0,78.0,67.0,18.0,199.0,149.0,306.0,344.0,208.0,164.0,100.0,57.0,2206.0,17,031,110502,2,170311105022
53.0,6.0,10.0,19.0,101.0,1.0,4.0,111.0,5.0,115.0,17.0,125.0,204.0,253.0,341.0,96.0,1461.0,17,031,120100,1,170311201001
1.0,2.0,26.0,6.0,11.0,16.0,5.0,35.0,15.0,95.0,25.0,33.0,90.0,37.0,102.0,453.0,952.0,17,031,120100,2,170311201002
26.0,0.0,0.0,0.0,38.0,3.0,7.0,7.0,1.0,0.0,0.0,112.0,42.0,57.0,107.0,160.0,560.0,17,031,120100,3,170311201003
57.0,26.0,6.0,22.0,13.0,10.0,6.0,72.0,25.0,110.0,78.0,96.0,56.0,110.0,256.0,108.0,1051.0,17,031,120100,4,170311201004
3.0,78.0,103.0,9.0,29.0,1.0,91.0,20.0,122.0,39.0,99.0,177.0,250.0,116.0,243.0,201.0,1581.0,17,031,120200,1,170311202001
1.0,4.0,6.0,6.0,3.0,27.0,5.0,2.0,9.0,23.0,3.0,24.0,82.0,220.0,130.0,138.0,683.0,17,031,120200,2,170311202002
13.0,12.0,6.0,14.0,8.0,5.0,17.0,87.0,0.0,0.0,252.0,83.0,161.0,207.0,94.0,314.0,1273.0,17,031,120200,3,170311202003
55.0,4.0,57.0,3.0,79.0,43.0,2.0,3.0,79.0,30.0,90.0,125.0,135.0,32.0,143.0,133.0,1013.0,17,031,120200,4,170311202004
66.0,1.0,6.0,6.0,146.0,4.0,14.0,56.0,6.0,11.0,28.0,157.0,58.0,123.0,49.0,300.0,1031.0,17,031,120300,1,170311203001
2.0,39.0,3.0,0.0,3.0,83.0,200.0,3.0,5.0,13.0,254.0,216.0,302.0,67.0,51.0,146.0,1387.0,17,031,120300,2,170311203002
37.0,17.0,8.0,0.0,35.0,33.0,4.0,29.0,75.0,0.0,164.0,59.0,318.0,169.0,189.0,507.0,1644.0,17,031,120300,3,170311203003
30.0,35.0,6.0,0.0,121.0,0.0,49.0,4.0,0.0,7.0,104.0,40.0,107.0,52.0,33.0,245.0,833.0,17,031,120300,4,170311203004
4.0,6.0,1.0,6.0,3.0,2.0,1.0,0.0,0.0,1.0,11.0,2.0,108.0,117.0,186.0,165.0,613.0,17,031,120300,5,170311203005
0.0,2.0,16.0,38.0,4.0,8.0,2.0,79.0,11.0,1.0,48.0,33.0,51.0,65.0,78.0,447.0,883.0,17,031,120300,6,170311203006
2.0,1.0,3.0,3.0,41.0,2.0,17.0,27.0,2.0,18.0,104.0,145.0,105.0,136.0,204.0,284.0,1094.0,17,031,120400,1,170311204001
89.0,8.0,0.0,207.0,18.0,19.0,2.0,0.0,60.0,64.0,101.0,192.0,19.0,196.0,86.0,98.0,1159.0,17,031,120400,2,170311204002
141.0,38.0,16.0,113.0,6.0,148.0,71.0,2.0,9.0,94.0,161.0,169.0,148.0,188.0,163.0,37.0,1504.0,17,031,120400,3,170311204003
7.0,0.0,5.0,0.0,26.0,67.0,79.0,0.0,40.0,56.0,85.0,199.0,28.0,98.0,62.0,201.0,953.0,17,031,130100,1,170311301001
369.0,301.0,428.0,197.0,128.0,119.0,5.0,12.0,108.0,37.0,97.0,28.0,66.0,14.0,93.0,58.0,2060.0,17,031,130100,2,170311301002
35.0,1.0,9.0,135.0,69.0,68.0,96.0,54.0,191.0,16.0,156.0,122.0,98.0,96.0,385.0,261.0,1792.0,17,031,130100,3,170311301003
108.0,32.0,82.0,64.0,12.0,25.0,70.0,33.0,0.0,131.0,79.0,349.0,77.0,146.0,151.0,195.0,1554.0,17,031,130200,1,170311302001
158.0,3.0,3.0,5.0,49.0,10.0,36.0,20.0,0.0,0.0,53.0,16.0,101.0,11.0,29.0,53.0,547.0,17,031,130300,1,170311303001
11.0,1.0,7.0,19.0,0.0,50.0,95.0,6.0,1.0,61.0,133.0,159.0,142.0,132.0,89.0,118.0,1024.0,17,031,130300,2,170311303002
70.0,4.0,7.0,66.0,119.0,74.0,47.0,44.0,14.0,232.0,104.0,225.0,215.0,229.0,93.0,124.0,1667.0,17,031,130300,3,170311303003
175.0,45.0,124.0,168.0,5.0,39.0,0.0,66.0,323.0,237.0,95.0,304.0,97.0,78.0,154.0,81.0,1991.0,17,031,130300,4,170311303004
186.0,15.0,234.0,376.0,149.0,85.0,56.0,167.0,53.0,202.0,143.0,32.0,23.0,62.0,18.0,98.0,1899.0,17,031,140100,1,170311401001
231.0,90.0,0.0,303.0,4.0,54.0,93.0,17.0,71.0,319.0,290.0,287.0,105.0,10.0,147.0,51.0,2072.0,17,031,140100,2,170311401002
83.0,37.0,3.0,126.0,51.0,52.0,42.0,131.0,43.0,102.0,190.0,76.0,137.0,122.0,26.0,34.0,1255.0,17,031,140200,1,170311402001
430.0,32.0,9.0,92.0,78.0,18.0,63.0,16.0,22.0,11.0,100.0,163.0,103.0,6.0,24.0,48.0,1215.0,17,031,140200,2,170311402002
147.0,8.0,1.0,43.0,220.0,62.0,70.0,228.0,26.0,262.0,265.0,268.0,42.0,21.0,191.0,249.0,2103.0,17,031,140200,3,170311402003
81.0,121.0,56.0,1.0,97.0,13.0,0.0,42.0,0.0,67.0,36.0,121.0,107.0,61.0,177.0,100.0,1080.0,17,031,140301,1,170311403011
33.0,109.0,16.0,7.0,223.0,53.0,124.0,0.0,7.0,152.0,32.0,314.0,216.0,140.0,62.0,132.0,1620.0,17,031,140301,2,170311403012
5.0,77.0,171.0,48.0,2.0,60.0,61.0,1.0,135.0,43.0,199.0,167.0,30.0,53.0,60.0,64.0,1176.0,17,031,140302,1,170311403021
1.0,4.0,5.0,93.0,56.0,5.0,72.0,142.0,5.0,15.0,331.0,323.0,214.0,172.0,35.0,75.0,1548.0,17,031,140302,2,170311403022
93.0,84.0,76.0,13.0,197.0,73.0,68.0,7.0,3.0,243.0,216.0,52.0,47.0,89.0,26.0,136.0,1423.0,17,031,140302,3,170311403023
3.0,1.0,24.0,260.0,178.0,2.0,100.0,81.0,3.0,65.0,143.0,213.0,9.0,121.0,186.0,31.0,1420.0,17,031,140400,1,170311404001
1.0,25.0,41.0,99.0,34.0,58.0,93.0,67.0,38.0,5.0,136.0,92.0,180.0,130.0,563.0,109.0,1671.0,17,031,140400,2,170311404002
10.0,51.0,4.0,1.0,14.0,21.0,165.0,26.0,93.0,99.0,139.0,112.0,9.0,16.0,89.0,273.0,1122.0,17,031,140400,3,170311404003
101.0,87.0,52.0,112.0,66.0,2.0,2.0,100.0,11.0,36.0,0.0,357.0,82.0,97.0,58.0,97.0,1260.0,17,031,140400,4,170311404004
169.0,35.0,47.0,98.0,80.0,32.0,14.0,27.0,180.0,113.0,72.0,180.0,232.0,130.0,115.0,153.0,1677.0,17,031,140400,5,170311404005
3.0,2.0,5.0,0.0,169.0,100.0,83.0,7.0,0.0,90.0,152.0,230.0,67.0,94.0,60.0,126.0,1188.0,17,031,140500,1,170311405001
2.0,1.0,50.0,118.0,87.0,62.0,191.0,29.0,166.0,276.0,64.0,280.0,75.0,53.0,147.0,43.0,1644.0,17,031,140500,2,170311405002
59.0,24.0,174.0,49.0,45.0,60.0,3.0,10.0,60.0,123.0,102.0,81.0,123.0,95.0,59.0,161.0,1228.0,17,031,140500,3,170311405003
212.0,339.0,113.0,217.0,103.0,1.0,66.0,175.0,175.0,345.0,192.0,210.0,305.0,260.0,53.0,164.0,2930.0,17,031,140601,1,170311406011
90.0,0.0,55.0,2.0,22.0,46.0,77.0,0.0,300.0,188.0,22.0,86.0,7.0,173.0,10.0,43.0,1121.0,17,031,140602,1,170311406021
61.0,109.0,101.0,100.0,183.0,7.0,107.0,112.0,218.0,93.0,179.0,203.0,290.0,14.0,201.0,89.0,2067.0,17,031,140602,2,170311406022
101.0,78.0,0.0,186.0,4.0,11.0,92.0,10.0,238.0,166.0,9.0,113.0,53.0,14.0,81.0,65.0,1221.0,17,031,140602,3,170311406023
305.0,19.0,26.0,55.0,242.0,29.0,3.0,0.0,27.0,30.0,205.0,14.0,44.0,23.0,24.0,52.0,1098.0,17,031,140602,4,170311406024
135.0,1.0,71.0,5.0,64.0,43.0,38.0,10.0,61.0,45.0,76.0,117.0,243.0,102.0,91.0,128.0,1230.0,17,031,140701,1,170311407011
20.0,6.0,69.0,45.0,6.0,85.0,81.0,151.0,1.0,81.0,232.0,170.0,18.0,29.0,58.0,46.0,1098.0,17,031,140701,2,170311407012
96.0,140.0,349.0,135.0,120.0,25.0,76.0,3.0,5.0,52.0,174.0,230.0,307.0,17.0,30.0,51.0,1810.0,17,031,140702,1,170311407021
57.0,231.0,76.0,110.0,23.0,46.0,8.0,3.0,56.0,191.0,182.0,45.0,219.0,63.0,18.0,70.0,1398.0,17,031,140702,2,170311407022
76.0,184.0,0.0,117.0,4.0,85.0,102.0,8.0,9.0,96.0,199.0,233.0,83.0,116.0,101.0,111.0,1524.0,17,031,140702,3,170311407023
159.0,9.0,10.0,9.0,0.0,149.0,68.0,70.0,240.0,46.0,129.0,223.0,31.0,17.0,113.0,149.0,1422.0,17,031,140702,4,170311407024
7.0,91.0,261.0,9.0,5.0,19.0,2.0,44.0,10.0,120.0,27.0,155.0,165.0,56.0,40.0,54.0,1065.0,17,031,140800,1,170311408001
0.0,94.0,17.0,41.0,3.0,87.0,2.0,1.0,2.0,3.0,4.0,35.0,166.0,16.0,89.0,199.0,759.0,17,031,140800,2,170311408002
112.0,16.0,2.0,129.0,2.0,20.0,5.0,4.0,0.0,19.0,194.0,141.0,68.0,67.0,149.0,321.0,1249.0,17,031,140800,3,170311408003
48.0,50.0,5.0,95.0,122.0,205.0,1.0,26.0,5.0,91.0,203.0,6.0,215.0,9.0,73.0,86.0,1240.0,17,031,140800,4,170311408004
20.0,5.0,6.0,112.0,90.0,143.0,6.0,89.0,1.0,300.0,445.0,513.0,274.0,188.0,405.0,334.0,2931.0,17,031,140800,5,170311408005
2.0,5.0,36.0,5.0,18.0,41.0,38.0,98.0,61.0,38.0,61.0,376.0,179.0,65.0,79.0,46.0,1148.0,17,031,150200,1,170311502001
80.0,43.0,118.0,178.0,30.0,22.0,0.0,1.0,2.0,145.0,183.0,283.0,368.0,56.0,27.0,119.0,1655.0,17,031,150200,2,170311502002
186.0,19.0,103.0,144.0,11.0,251.0,4.0,0.0,109.0,80.0,219.0,33.0,120.0,197.0,66.0,68.0,1610.0,17,031,150200,3,170311502003
165.0,154.0,6.0,61.0,63.0,37.0,2.0,93.0,13.0,110.0,72.0,266.0,200.0,84.0,117.0,131.0,1574.0,17,031,150200,4,170311502004
220.0,15.0,14.0,7.0,204.0,77.0,240.0,67.0,7.0,143.0,397.0,69.0,162.0,7.0,67.0,51.0,1747.0,17,031,150200,5,170311502005
30.0,1.0,119.0,69.0,2.0,26.0,3.0,6.0,0.0,82.0,40.0,277.0,115.0,80.0,124.0,67.0,1041.0,17,031,150300,1,170311503001
118.0,74.0,1.0,150.0,1.0,4.0,5.0,28.0,116.0,86.0,319.0,134.0,85.0,46.0,28.0,82.0,1277.0,17,031,150300,2,170311503002
67.0,2.0,2.0,82.0,0.0,32.0,1.0,44.0,6.0,157.0,188.0,205.0,7.0,147.0,271.0,53.0,1264.0,17,031,150300,3,170311503003
5.0,14.0,9.0,77.0,9.0,3.0,7.0,32.0,67.0,21.0,23.0,257.0,112.0,43.0,127.0,57.0,863.0,17,031,150300,4,170311503004
68.0,2.0,15.0,6.0,9.0,2.0,0.0,90.0,31.0,51.0,168.0,3.0,202.0,22.0,41.0,101.0,811.0,17,031,150300,5,170311503005
136.0,28.0,4.0,0.0,55.0,0.0,5.0,0.0,19.0,95.0,176.0,335.0,84.0,19.0,37.0,63.0,1056.0,17,031,150300,6,170311503006
2.0,73.0,112.0,54.0,0.0,86.0,14.0,0.0,295.0,39.0,75.0,66.0,292.0,76.0,93.0,71.0,1348.0,17,031,150300,7,170311503007
116.0,2.0,183.0,1.0,56.0,4.0,8.0,44.0,8.0,114.0,264.0,257.0,224.0,42.0,60.0,93.0,1476.0,17,031,150401,1,170311504011
238.0,6.0,103.0,198.0,28.0,2.0,1.0,9.0,104.0,64.0,53.0,209.0,200.0,92.0,169.0,72.0,1548.0,17,031,150401,2,170311504012
54.0,3.0,4.0,173.0,12.0,113.0,6.0,83.0,17.0,13.0,7.0,236.0,164.0,27.0,71.0,179.0,1162.0,17,031,150401,3,170311504013
1.0,98.0,27.0,4.0,25.0,4.0,35.0,86.0,0.0,10.0,35.0,29.0,46.0,21.0,45.0,72.0,538.0,17,031,150401,4,170311504014
95.0,11.0,45.0,70.0,3.0,3.0,2.0,3.0,24.0,18.0,73.0,57.0,54.0,10.0,87.0,60.0,615.0,17,031,150402,1,170311504021
160.0,97.0,8.0,3.0,38.0,66.0,145.0,70.0,24.0,136.0,154.0,24.0,93.0,52.0,59.0,55.0,1184.0,17,031,150402,2,170311504022
5.0,4.0,103.0,1.0,2.0,263.0,55.0,62.0,90.0,67.0,334.0,290.0,202.0,63.0,345.0,47.0,1933.0,17,031,150402,3,170311504023
55.0,58.0,98.0,57.0,32.0,32.0,14.0,149.0,88.0,147.0,152.0,36.0,88.0,135.0,22.0,74.0,1237.0,17,031,150501,1,170311505011
0.0,3.0,24.0,11.0,33.0,60.0,41.0,4.0,4.0,31.0,244.0,164.0,100.0,88.0,41.0,54.0,902.0,17,031,150501,2,170311505012
1.0,35.0,61.0,6.0,0.0,58.0,1.0,43.0,2.0,28.0,49.0,372.0,309.0,291.0,257.0,48.0,1561.0,17,031,150501,3,170311505013
67.0,16.0,54.0,120.0,3.0,185.0,22.0,26.0,26.0,326.0,120.0,34.0,146.0,28.0,103.0,131.0,1407.0,17,031,150502,1,170311505021
114.0,6.0,69.0,18.0,120.0,1.0,141.0,36.0,118.0,112.0,76.0,1.0,196.0,21.0,38.0,46.0,1113.0,17,031,150502,2,170311505022
236.0,8.0,1.0,115.0,38.0,258.0,47.0,134.0,12.0,147.0,67.0,221.0,38.0,50.0,228.0,104.0,1704.0,17,031,150502,3,170311505023
9.0,185.0,33.0,34.0,4.0,10.0,53.0,101.0,2.0,171.0,229.0,161.0,16.0,62.0,138.0,55.0,1263.0,17,031,150600,1,170311506001
47.0,14.0,5.0,0.0,19.0,14.0,6.0,17.0,61.0,52.0,142.0,165.0,38.0,17.0,35.0,41.0,673.0,17,031,150600,2,170311506002
8.0,4.0,1.0,31.0,6.0,33.0,58.0,128.0,22.0,19.0,73.0,44.0,213.0,98.0,93.0,79.0,910.0,17,031,150600,3,170311506003
38.0,5.0,5.0,8.0,22.0,135.0,16.0,99.0,3.0,144.0,23.0,106.0,169.0,52.0,42.0,129.0,996.0,17,031,150600,4,170311506004
4.0,15.0,8.0,78.0,9.0,113.0,7.0,3.0,29.0,54.0,63.0,296.0,65.0,47.0,162.0,121.0,1074.0,17,031,150700,1,170311507001
107.0,49.0,64.0,10.0,138.0,68.0,64.0,11.0,30.0,206.0,43.0,302.0,16.0,12.0,146.0,107.0,1373.0,17,031,150700,2,170311507002
6.0,0.0,1.0,3.0,80.0,57.0,30.0,36.0,33.0,125.0,85.0,113.0,105.0,82.0,131.0,39.0,926.0,17,031,150700,3,170311507003
1.0,3.0,2.0,135.0,49.0,34.0,1.0,42.0,0.0,194.0,162.0,190.0,155.0,129.0,23.0,58.0,1178.0,17,031,150700,4,170311507004
55.0,12.0,23.0,2.0,3.0,105.0,109.0,60.0,4.0,50.0,129.0,65.0,105.0,80.0,104.0,103.0,1009.0,17,031,150800,1,170311508001
22.0,3.0,131.0,50.0,127.0,107.0,6.0,1.0,8.0,90.0,56.0,164.0,114.0,43.0,57.0,54.0,1033.0,17,031,150800,2,170311508002
14.0,91.0,35.0,8.0,116.0,76.0,81.0,70.0,46.0,47.0,64.0,180.0,64.0,120.0,105.0,106.0,1223.0,17,031,150800,3,170311508003
5.0,49.0,2.0,10.0,2.0,160.0,146.0,27.0,1.0,56.0,491.0,508.0,18.0,8.0,64.0,51.0,1598.0,17,031,150800,4,170311508004
2.0,68.0,4.0,0.0,5.0,33.0,18.0,3.0,1.0,8.0,54.0,120.0,167.0,34.0,69.0,55.0,641.0,17,031,150800,5,170311508005
244.0,88.0,84.0,11.0,108.0,188.0,6.0,126.0,113.0,225.0,75.0,218.0,96.0,118.0,53.0,111.0,1864.0,17,031,151001,1,170311510011
97.0,8.0,68.0,114.0,20.0,2.0,3.0,33.0,20.0,13.0,57.0,48.0,20.0,14.0,37.0,55.0,609.0,17,031,151001,2,170311510012
91.0,99.0,9.0,5.0,70.0,116.0,115.0,10.0,20.0,134.0,227.0,44.0,40.0,15.0,32.0,41.0,1068.0,17,031,151002,1,170311510021
16.0,6.0,2.0,15.0,119.0,34.0,39.0,107.0,152.0,48.0,35.0,181.0,157.0,241.0,32.0,60.0,1244.0,17,031,151002,2,170311510022
63.0,133.0,73.0,91.0,172.0,20.0,123.0,154.0,70.0,260.0,130.0,124.0,169.0,27.0,22.0,65.0,1696.0,17,031,151002,3,170311510023
5.0,25.0,7.0,88.0,101.0,4.0,37.0,20.0,8.0,47.0,41.0,32.0,82.0,22.0,34.0,40.0,593.0,17,031,151002,4,170311510024
4.0,32.0,21.0,52.0,140.0,106.0,25.0,64.0,37.0,183.0,203.0,261.0,154.0,177.0,66.0,60.0,1585.0,17,031,151100,1,170311511001
2.0,143.0,192.0,42.0,90.0,71.0,82.0,0.0,140.0,148.0,58.0,189.0,69.0,20.0,49.0,56.0,1351.0,17,031,151100,2,170311511002
124.0,9.0,9.0,205.0,23.0,47.0,43.0,11.0,33.0,45.0,26.0,52.0,105.0,61.0,36.0,121.0,950.0,17,031,151100,3,170311511003
167.0,45.0,0.0,282.0,6.0,161.0,58.0,72.0,64.0,68.0,20.0,196.0,34.0,15.0,114.0,53.0,1355.0,17,031,151100,4,170311511004
37.0,33.0,26.0,14.0,38.0,72.0,134.0,18.0,28.0,130.0,206.0,162.0,15.0,100.0,15.0,53.0,1081.0,17,031,151200,1,170311512001
42.0,26.0,220.0,19.0,5.0,19.0,118.0,35.0,119.0,194.0,146.0,147.0,200.0,17.0,141.0,128.0,1576.0,17,031,151200,2,170311512002
20.0,87.0,64.0,42.0,4.0,41.0,25.0,7.0,27.0,2.0,133.0,142.0,72.0,118.0,96.0,53.0,933.0,17,031,151200,3,170311512003
117.0,13.0,46.0,66.0,42.0,40.0,92.0,8.0,238.0,141.0,159.0,196.0,179.0,67.0,36.0,102.0,1542.0,17,031,160100,1,170311601001
1.0,3.0,34.0,5.0,13.0,2.0,40.0,82.0,169.0,25.0,183.0,122.0,152.0,100.0,31.0,53.0,1015.0,17,031,160100,2,170311601002
3.0,65.0,25.0,1.0,84.0,40.0,47.0,10.0,40.0,67.0,16.0,22.0,31.0,44.0,17.0,48.0,560.0,17,031,160200,1,170311602001
0.0,126.0,1.0,0.0,9.0,3.0,26.0,106.0,1.0,123.0,137.0,275.0,9.0,66.0,34.0,49.0,965.0,17,031,160200,2,170311602002
33.0,83.0,5.0,50.0,1.0,16.0,1.0,63.0,4.0,0.0,1.0,21.0,5.0,40.0,94.0,224.0,641.0,17,031,160200,3,170311602003
0.0,0.0,87.0,35.0,0.0,77.0,136.0,171.0,10.0,11.0,48.0,151.0,325.0,86.0,155.0,322.0,1614.0,17,031,160200,4,170311602004
95.0,8.0,159.0,97.0,194.0,50.0,108.0,141.0,59.0,119.0,167.0,144.0,92.0,45.0,25.0,44.0,1547.0,17,031,160300,1,170311603001
252.0,129.0,64.0,9.0,1.0,18.0,66.0,33.0,96.0,99.0,25.0,87.0,32.0,6.0,32.0,59.0,1008.0,17,031,160300,2,170311603002
28.0,68.0,8.0,49.0,43.0,3.0,45.0,37.0,77.0,23.0,126.0,158.0,192.0,10.0,110.0,96.0,1073.0,17,031,160300,3,170311603003
379.0,339.0,272.0,21.0,151.0,65.0,201.0,164.0,52.0,144.0,195.0,7.0,145.0,177.0,27.0,101.0,2440.0,17,031,160400,1,170311604001
86.0,38.0,109.0,94.0,160.0,63.0,83.0,6.0,103.0,101.0,103.0,191.0,58.0,71.0,75.0,104.0,1445.0,17,031,160400,2,170311604002
30.0,64.0,4.0,162.0,9.0,12.0,39.0,96.0,3.0,109.0,10.0,184.0,103.0,117.0,43.0,96.0,1081.0,17,031,160400,3,170311604003
172.0,73.0,227.0,18.0,78.0,275.0,153.0,138.0,227.0,178.0,98.0,117.0,152.0,47.0,140.0,153.0,2246.0,17,031,160501,1,170311605011
42.0,2.0,56.0,309.0,89.0,135.0,206.0,95.0,110.0,66.0,290.0,285.0,164.0,51.0,245.0,38.0,2183.0,17,031,160501,2,170311605012
106.0,16.0,2.0,7.0,1.0,0.0,66.0,36.0,146.0,102.0,3.0,76.0,198.0,4.0,106.0,52.0,921.0,17,031,160502,1,170311605021
94.0,49.0,47.0,112.0,225.0,77.0,40.0,93.0,124.0,85.0,71.0,582.0,159.0,129.0,55.0,82.0,2024.0,17,031,160502,2,170311605022
72.0,80.0,5.0,94.0,69.0,0.0,0.0,171.0,85.0,307.0,96.0,262.0,128.0,46.0,51.0,148.0,1614.0,17,031,160502,3,170311605023
210.0,1.0,2.0,134.0,132.0,1.0,48.0,51.0,5.0,185.0,71.0,183.0,56.0,169.0,54.0,111.0,1413.0,17,031,160601,1,170311606011
2.0,175.0,20.0,104.0,5.0,3.0,40.0,16.0,172.0,3.0,3.0,114.0,68.0,97.0,46.0,40.0,908.0,17,031,160601,2,170311606012
73.0,25.0,52.0,51.0,8.0,38.0,138.0,0.0,16.0,271.0,145.0,298.0,39.0,78.0,212.0,173.0,1617.0,17,031,160601,3,170311606013
74.0,19.0,2.0,57.0,303.0,6.0,19.0,209.0,16.0,0.0,157.0,103.0,107.0,71.0,89.0,54.0,1286.0,17,031,160602,1,170311606021
7.0,23.0,106.0,6.0,49.0,180.0,19.0,55.0,3.0,117.0,98.0,145.0,81.0,41.0,67.0,62.0,1059.0,17,031,160602,2,170311606022
104.0,66.0,0.0,130.0,89.0,59.0,62.0,89.0,140.0,175.0,180.0,163.0,103.0,16.0,100.0,88.0,1564.0,17,031,160602,3,170311606023
0.0,52.0,25.0,149.0,0.0,63.0,36.0,2.0,5.0,23.0,103.0,64.0,17.0,13.0,21.0,127.0,700.0,17,031,160700,1,170311607001
8.0,124.0,110.0,120.0,15.0,4.0,1.0,97.0,63.0,32.0,88.0,39.0,271.0,18.0,113.0,87.0,1190.0,17,031,160700,2,170311607002
93.0,5.0,3.0,72.0,33.0,1.0,140.0,4.0,91.0,30.0,210.0,113.0,134.0,261.0,252.0,194.0,1636.0,17,031,160700,3,170311607003
1.0,7.0,87.0,71.0,5.0,158.0,151.0,32.0,40.0,18.0,108.0,133.0,114.0,158.0,30.0,45.0,1158.0,17,031,160700,4,170311607004
1.0,3.0,0.0,309.0,129.0,170.0,2.0,0.0,3.0,1.0,254.0,158.0,11.0,14.0,35.0,55.0,1145.0,17,031,160700,5,170311607005
30.0,0.0,0.0,74.0,153.0,3.0,76.0,9.0,103.0,122.0,10.0,162.0,141.0,19.0,127.0,59.0,1088.0,17,031,160800,1,170311608001
40.0,1.0,1.0,50.0,18.0,20.0,89.0,1.0,12.0,121.0,114.0,255.0,278.0,158.0,72.0,85.0,1315.0,17,031,160800,2,170311608002
1.0,8.0,34.0,3.0,7.0,102.0,75.0,188.0,22.0,32.0,48.0,295.0,95.0,86.0,89.0,95.0,1180.0,17,031,160800,3,170311608003
45.0,1.0,64.0,7.0,2.0,98.0,36.0,2.0,102.0,3.0,46.0,36.0,94.0,32.0,71.0,44.0,683.0,17,031,160800,4,170311608004
3.0,0.0,77.0,133.0,8.0,162.0,43.0,9.0,53.0,89.0,34.0,108.0,62.0,175.0,43.0,130.0,1129.0,17,031,160800,5,170311608005
66.0,1.0,34.0,6.0,25.0,56.0,129.0,82.0,8.0,87.0,93.0,235.0,135.0,105.0,132.0,121.0,1315.0,17,031,160900,1,170311609001
3.0,18.0,1.0,13.0,85.0,126.0,0.0,5.0,51.0,28.0,25.0,33.0,50.0,78.0,126.0,254.0,896.0,17,031,160900,2,170311609002
34.0,1.0,4.0,31.0,6.0,60.0,57.0,80.0,4.0,38.0,105.0,79.0,57.0,94.0,72.0,64.0,786.0,17,031,161000,1,170311610001
35.0,0.0,30.0,5.0,52.0,2.0,96.0,71.0,17.0,19.0,70.0,107.0,82.0,55.0,79.0,143.0,863.0,17,031,161000,2,170311610002
28.0,8.0,49.0,13.0,5.0,115.0,26.0,9.0,18.0,44.0,80.0,71.0,88.0,44.0,133.0,235.0,966.0,17,031,161100,1,170311611001
3.0,0.0,0.0,2.0,2.0,22.0,4.0,3.0,6.0,75.0,27.0,263.0,277.0,175.0,67.0,134.0,1060.0,17,031,161100,2,170311611002
24.0,0.0,91.0,69.0,93.0,219.0,45.0,3.0,36.0,28.0,72.0,137.0,70.0,21.0,83.0,82.0,1073.0,17,031,161200,1,170311612001
79.0,43.0,67.0,95.0,68.0,65.0,63.0,41.0,20.0,226.0,152.0,178.0,76.0,152.0,113.0,54.0,1492.0,17,031,161200,2,170311612002
2.0,0.0,5.0,29.0,60.0,28.0,37.0,60.0,88.0,48.0,22.0,231.0,36.0,7.0,64.0,52.0,769.0,17,031,161300,1,170311613001
140.0,129.0,1.0,9.0,110.0,59.0,109.0,80.0,55.0,60.0,68.0,67.0,28.0,15.0,48.0,50.0,1028.0,17,031,161300,2,170311613002
37.0,4.0,31.0,93.0,63.0,118.0,112.0,9.0,8.0,5.0,7.0,22.0,6.0,79.0,32.0,63.0,689.0,17,031,161300,3,170311613003
114.0,58.0,12.0,9.0,12.0,180.0,47.0,30.0,163.0,189.0,43.0,210.0,57.0,81.0,71.0,49.0,1325.0,17,031,161300,4,170311613004
143.0,135.0,72.0,224.0,62.0,88.0,68.0,66.0,137.0,64.0,130.0,215.0,86.0,91.0,57.0,66.0,1704.0,17,031,170100,1,170311701001
4.0,0.0,5.0,77.0,151.0,9.0,0.0,6.0,3.0,161.0,145.0,305.0,233.0,139.0,138.0,98.0,1474.0,17,031,170200,1,170311702001
146.0,12.0,0.0,89.0,9.0,17.0,72.0,122.0,23.0,116.0,93.0,73.0,166.0,176.0,94.0,113.0,1321.0,17,031,170200,2,170311702002
4.0,3.0,57.0,74.0,60.0,0.0,8.0,108.0,103.0,54.0,361.0,80.0,189.0,278.0,96.0,44.0,1519.0,17,031,170200,3,170311702003
59.0,0.0,4.0,2.0,49.0,37.0,1.0,1.0,85.0,97.0,141.0,100.0,41.0,11.0,25.0,77.0,730.0,17,031,170300,1,170311703001
54.0,4.0,6.0,1.0,105.0,1.0,0.0,60.0,17.0,11.0,15.0,173.0,88.0,104.0,150.0,96.0,885.0,17,031,170300,2,170311703002
64.0,1.0,7.0,11.0,4.0,223.0,75.0,91.0,1.0,12.0,104.0,0.0,96.0,53.0,21.0,64.0,827.0,17,031,170300,3,170311703003
6.0,3.0,10.0,124.0,20.0,111.0,12.0,0.0,1.0,48.0,54.0,183.0,297.0,149.0,152.0,43.0,1213.0,17,031,170300,4,170311703004
6.0,154.0,39.0,8.0,99.0,16.0,22.0,104.0,56.0,103.0,18.0,341.0,35.0,102.0,91.0,63.0,1257.0,17,031,170300,5,170311703005
30.0,108.0,29.0,41.0,1.0,6.0,51.0,91.0,14.0,25.0,197.0,133.0,0.0,71.0,47.0,86.0,930.0,17,031,170400,1,170311704001
204.0,5.0,114.0,0.0,5.0,5.0,14.0,73.0,30.0,81.0,57.0,136.0,104.0,166.0,95.0,53.0,1142.0,17,031,170400,2,170311704002
37.0,40.0,16.0,40.0,45.0,94.0,41.0,8.0,24.0,61.0,91.0,151.0,55.0,34.0,48.0,108.0,893.0,17,031,170400,3,170311704003
5.0,15.0,60.0,10.0,46.0,23.0,4.0,1.0,12.0,24.0,76.0,179.0,38.0,86.0,28.0,57.0,664.0,17,031,170400,4,170311704004
0.0,2.0,8.0,39.0,89.0,25.0,99.0,66.0,28.0,62.0,108.0,518.0,287.0,143.0,43.0,72.0,1589.0,17,031,170500,1,170311705001
4.0,118.0,7.0,17.0,1.0,13.0,0.0,1.0,6.0,27.0,2.0,156.0,208.0,158.0,30.0,71.0,819.0,17,031,170500,2,170311705002
13.0,11.0,7.0,0.0,18.0,47.0,18.0,112.0,0.0,73.0,455.0,164.0,253.0,15.0,107.0,54.0,1347.0,17,031,170500,3,170311705003
129.0,81.0,3.0,0.0,50.0,11.0,49.0,44.0,56.0,74.0,56.0,135.0,163.0,107.0,81.0,72.0,1111.0,17,031,170500,4,170311705004
2.0,63.0,36.0,35.0,19.0,2.0,34.0,49.0,22.0,64.0,52.0,182.0,122.0,53.0,159.0,53.0,947.0,17,031,170600,1,170311706001
10.0,44.0,163.0,137.0,57.0,208.0,84.0,52.0,58.0,46.0,48.0,372.0,163.0,86.0,119.0,60.0,1707.0,17,031,170600,2,170311706002
75.0,6.0,111.0,43.0,18.0,126.0,2.0,6.0,1.0,31.0,85.0,133.0,26.0,128.0,76.0,52.0,919.0,17,031,170700,1,170311707001
41.0,0.0,8.0,5.0,0.0,91.0,70.0,11.0,35.0,116.0,146.0,76.0,39.0,19.0,84.0,49.0,790.0,17,031,170700,2,170311707002
58.0,2.0,57.0,120.0,17.0,6.0,44.0,59.0,22.0,30.0,106.0,220.0,122.0,13.0,70.0,71.0,1017.0,17,031,170700,3,170311707003
116.0,2.0,15.0,54.0,61.0,138.0,29.0,21.0,16.0,10.0,141.0,97.0,330.0,18.0,54.0,59.0,1161.0,17,031,170800,1,170311708001
57.0,0.0,136.0,113.0,8.0,65.0,5.0,8.0,63.0,46.0,130.0,182.0,136.0,37.0,97.0,105.0,1188.0,17,031,170800,2,170311708002
38.0,43.0,29.0,75.0,157.0,33.0,34.0,48.0,27.0,158.0,224.0,173.0,77.0,41.0,82.0,105.0,1344.0,17,031,170800,3,170311708003
177.0,118.0,32.0,70.0,14.0,6.0,27.0,92.0,18.0,44.0,321.0,208.0,283.0,75.0,121.0,63.0,1669.0,17,031,170900,1,170311709001
103.0,5.0,67.0,79.0,6.0,1.0,141.0,8.0,38.0,368.0,142.0,297.0,272.0,276.0,34.0,76.0,1913.0,17,031,171000,1,170311710001
48.0,5.0,41.0,2.0,26.0,233.0,0.0,68.0,0.0,164.0,135.0,164.0,150.0,17.0,72.0,183.0,1308.0,17,031,171000,2,170311710002
1.0,57.0,5.0,179.0,6.0,28.0,4.0,192.0,29.0,37.0,31.0,41.0,84.0,52.0,33.0,236.0,1015.0,17,031,171000,3,170311710003
0.0,169.0,110.0,3.0,5.0,60.0,10.0,0.0,33.0,20.0,155.0,236.0,155.0,52.0,67.0,57.0,1132.0,17,031,171000,4,170311710004
27.0,0.0,202.0,32.0,0.0,1.0,52.0,75.0,95.0,3.0,32.0,243.0,220.0,45.0,203.0,88.0,1318.0,17,031,171000,5,170311710005
0.0,9.0,22.0,108.0,53.0,64.0,151.0,214.0,6.0,1.0,135.0,210.0,139.0,24.0,78.0,69.0,1283.0,17,031,171000,6,170311710006
6.0,4.0,73.0,66.0,1.0,78.0,28.0,248.0,15.0,194.0,170.0,197.0,177.0,347.0,54.0,46.0,1704.0,17,031,171100,1,170311711001
9.0,105.0,45.0,58.0,22.0,102.0,47.0,2.0,47.0,53.0,232.0,154.0,179.0,97.0,96.0,48.0,1296.0,17,031,171100,2,170311711002
0.0,10.0,30.0,5.0,1.0,11.0,2.0,106.0,26.0,241.0,249.0,47.0,258.0,82.0,25.0,117.0,1210.0,17,031,171100,3,170311711003
3.0,5.0,6.0,136.0,152.0,16.0,11.0,169.0,2.0,40.0,18.0,221.0,150.0,112.0,94.0,122.0,1257.0,17,031,180100,1,170311801001
109.0,2.0,83.0,5.0,97.0,1.0,47.0,71.0,0.0,43.0,20.0,113.0,14.0,17.0,40.0,49.0,711.0,17,031,180100,2,170311801002
91.0,36.0,7.0,23.0,32.0,106.0,196.0,41.0,4.0,224.0,49.0,11.0,231.0,11.0,28.0,183.0,1273.0,17,031,180100,3,170311801003
122.0,6.0,5.0,13.0,123.0,41.0,25.0,0.0,0.0,74.0,1.0,81.0,153.0,107.0,35.0,43.0,829.0,17,031,180100,4,170311801004
261.0,4.0,111.0,146.0,112.0,3.0,77.0,116.0,134.0,55.0,66.0,68.0,372.0,62.0,59.0,43.0,1689.0,17,031,180100,5,170311801005
147.0,223.0,323.0,367.0,240.0,173.0,300.0,70.0,57.0,94.0,80.0,264.0,118.0,64.0,83.0,57.0,2660.0,17,031,190100,1,170311901001
106.0,63.0,79.0,177.0,123.0,69.0,6.0,45.0,2.0,151.0,263.0,143.0,73.0,19.0,17.0,52.0,1388.0,17,031,190200,1,170311902001
5.0,127.0,5.0,24.0,98.0,75.0,126.0,35.0,176.0,303.0,138.0,143.0,122.0,227.0,60.0,43.0,1707.0,17,031,190200,2,170311902002
4.0,3.0,257.0,115.0,13.0,248.0,13.0,25.0,44.0,326.0,125.0,47.0,89.0,40.0,37.0,108.0,1494.0,17,031,190200,3,170311902003
117.0,1.0,80.0,113.0,1.0,5.0,49.0,148.0,13.0,99.0,29.0,10.0,99.0,130.0,97.0,29.0,1020.0,17,031,190200,4,170311902004
2.0,149.0,115.0,8.0,6.0,59.0,102.0,81.0,4.0,101.0,135.0,98.0,39.0,55.0,176.0,31.0,1161.0,17,031,190300,1,170311903001
70.0,43.0,83.0,134.0,100.0,78.0,26.0,50.0,147.0,165.0,65.0,194.0,95.0,52.0,146.0,90.0,1538.0,17,031,190300,2,170311903002
85.0,77.0,57.0,112.0,64.0,11.0,57.0,65.0,0.0,221.0,159.0,237.0,22.0,36.0,56.0,67.0,1326.0,17,031,190300,3,170311903003
62.0,36.0,40.0,3.0,133.0,226.0,151.0,7.0,6.0,120.0,11.0,129.0,154.0,49.0,130.0,42.0,1299.0,17,031,190300,4,170311903004
21.0,10.0,9.0,31.0,203.0,57.0,58.0,2.0,2.0,171.0,251.0,387.0,160.0,4.0,95.0,52.0,1513.0,17,031,190401,1,170311904011
223.0,146.0,150.0,101.0,153.0,191.0,101.0,281.0,65.0,209.0,146.0,137.0,396.0,184.0,87.0,43.0,2613.0,17,031,190401,2,170311904012
216.0,90.0,150.0,241.0,46.0,185.0,193.0,33.0,3.0,31.0,198.0,183.0,118.0,66.0,63.0,70.0,1886.0,17,031,190402,1,170311904021
52.0,131.0,132.0,219.0,230.0,375.0,65.0,248.0,179.0,78.0,74.0,182.0,309.0,215.0,51.0,125.0,2665.0,17,031,190402,2,170311904022
78.0,55.0,6.0,1.0,2.0,58.0,54.0,84.0,138.0,42.0,108.0,182.0,41.0,65.0,38.0,61.0,1013.0,17,031,190601,1,170311906011
103.0,110.0,57.0,3.0,117.0,1.0,82.0,1.0,14.0,71.0,104.0,48.0,119.0,117.0,26.0,43.0,1016.0,17,031,190601,2,170311906012
2.0,287.0,216.0,296.0,2.0,54.0,81.0,68.0,210.0,383.0,437.0,273.0,95.0,108.0,113.0,71.0,2696.0,17,031,190601,3,170311906013
3.0,107.0,200.0,81.0,13.0,14.0,229.0,2.0,94.0,150.0,197.0,329.0,96.0,51.0,146.0,122.0,1834.0,17,031,190602,1,170311906021
47.0,100.0,4.0,127.0,38.0,4.0,18.0,352.0,100.0,0.0,203.0,198.0,208.0,48.0,134.0,54.0,1635.0,17,031,190602,2,170311906022
14.0,13.0,195.0,62.0,179.0,13.0,89.0,124.0,136.0,48.0,170.0,183.0,129.0,15.0,41.0,63.0,1474.0,17,031,190602,3,170311906023
4.0,89.0,41.0,93.0,157.0,257.0,96.0,99.0,18.0,63.0,312.0,140.0,192.0,27.0,80.0,88.0,1756.0,17,031,190701,1,170311907011
5.0,117.0,26.0,169.0,192.0,68.0,30.0,67.0,41.0,59.0,117.0,176.0,25.0,42.0,74.0,60.0,1268.0,17,031,190701,2,170311907012
49.0,4.0,1.0,0.0,91.0,49.0,237.0,3.0,0.0,3.0,118.0,153.0,23.0,49.0,28.0,57.0,865.0,17,031,190702,1,170311907021
3.0,69.0,184.0,137.0,248.0,183.0,136.0,107.0,0.0,112.0,571.0,73.0,280.0,73.0,17.0,57.0,2250.0,17,031,190702,2,170311907022
206.0,5.0,41.0,2.0,367.0,3.0,204.0,247.0,70.0,312.0,180.0,10.0,75.0,131.0,58.0,50.0,1961.0,17,031,190702,3,170311907023
70.0,32.0,144.0,172.0,185.0,3.0,73.0,17.0,7.0,13.0,202.0,6.0,117.0,90.0,26.0,54.0,1211.0,17,031,190800,1,170311908001
19.0,5.0,3.0,18.0,36.0,49.0,79.0,48.0,16.0,73.0,107.0,6.0,159.0,56.0,89.0,47.0,810.0,17,031,190800,2,170311908002
313.0,37.0,141.0,139.0,96.0,28.0,2.0,49.0,15.0,62.0,123.0,84.0,355.0,26.0,78.0,48.0,1596.0,17,031,190800,3,170311908003
183.0,17.0,16.0,152.0,69.0,139.0,147.0,35.0,25.0,437.0,138.0,124.0,42.0,33.0,27.0,59.0,1643.0,17,031,190800,4,170311908004
80.0,138.0,0.0,203.0,183.0,1.0,27.0,14.0,155.0,93.0,158.0,257.0,75.0,8.0,99.0,40.0,1531.0,17,031,190800,5,170311908005
0.0,162.0,108.0,138.0,269.0,246.0,40.0,78.0,31.0,96.0,183.0,67.0,110.0,180.0,84.0,53.0,1845.0,17,031,190900,1,170311909001
82.0,27.0,94.0,21.0,72.0,84.0,64.0,14.0,26.0,169.0,18.0,252.0,28.0,100.0,138.0,69.0,1258.0,17,031,191000,1,170311910001
48.0,145.0,2.0,117.0,104.0,79.0,86.0,78.0,142.0,182.0,136.0,148.0,149.0,11.0,70.0,64.0,1561.0,17,031,191000,2,170311910002
3.0,5.0,0.0,151.0,14.0,1.0,2.0,57.0,150.0,119.0,241.0,332.0,6.0,11.0,76.0,53.0,1221.0,17,031,191100,1,170311911001
3.0,3.0,6.0,238.0,4.0,2.0,3.0,7.0,53.0,115.0,317.0,71.0,14.0,21.0,20.0,46.0,923.0,17,031,191100,2,170311911002
9.0,146.0,15.0,76.0,142.0,178.0,93.0,88.0,93.0,301.0,0.0,51.0,11.0,59.0,49.0,53.0,1364.0,17,031,191100,3,170311911003
50.0,218.0,114.0,67.0,0.0,126.0,16.0,61.0,89.0,148.0,107.0,156.0,126.0,55.0,66.0,65.0,1464.0,17,031,191100,4,170311911004
1.0,299.0,79.0,229.0,191.0,111.0,184.0,211.0,4.0,356.0,134.0,294.0,12.0,30.0,37.0,49.0,2221.0,17,031,191100,5,170311911005
18.0,48.0,4.0,27.0,4.0,122.0,41.0,17.0,0.0,269.0,14.0,78.0,80.0,20.0,20.0,45.0,807.0,17,031,191100,6,170311911006
68.0,234.0,384.0,383.0,255.0,146.0,192.0,267.0,43.0,94.0,222.0,284.0,134.0,69.0,52.0,56.0,2883.0,17,031,191200,1,170311912001
34.0,99.0,44.0,46.0,1.0,84.0,31.0,108.0,55.0,136.0,223.0,30.0,10.0,57.0,32.0,47.0,1037.0,17,031,191200,2,170311912002
25.0,1.0,384.0,127.0,144.0,279.0,283.0,96.0,103.0,466.0,31.0,395.0,481.0,67.0,27.0,62.0,2971.0,17,031,191301,1,170311913011
96.0,203.0,53.0,122.0,3.0,81.0,47.0,182.0,28.0,272.0,1.0,198.0,17.0,21.0,95.0,45.0,1464.0,17,031,191301,2,170311913012
173.0,310.0,19.0,9.0,28.0,127.0,88.0,38.0,127.0,72.0,71.0,141.0,44.0,15.0,125.0,46.0,1433.0,17,031,191301,3,170311913013
97.0,193.0,84.0,224.0,0.0,120.0,175.0,224.0,170.0,159.0,425.0,116.0,12.0,39.0,148.0,82.0,2268.0,17,031,191302,1,170311913021
231.0,58.0,90.0,179.0,383.0,210.0,364.0,0.0,207.0,141.0,278.0,98.0,402.0,13.0,53.0,61.0,2768.0,17,031,191302,2,170311913022
2.0,123.0,32.0,5.0,157.0,56.0,4.0,7.0,89.0,21.0,85.0,99.0,88.0,26.0,96.0,91.0,981.0,17,031,200100,1,170312001001
93.0,105.0,14.0,81.0,28.0,97.0,14.0,71.0,117.0,153.0,162.0,27.0,140.0,126.0,86.0,39.0,1353.0,17,031,200100,2,170312001002
168.0,129.0,290.0,27.0,2.0,145.0,296.0,103.0,2.0,134.0,94.0,342.0,186.0,110.0,86.0,58.0,2172.0,17,031,200100,3,170312001003
21.0,19.0,113.0,0.0,183.0,108.0,19.0,2.0,6.0,60.0,119.0,151.0,92.0,42.0,17.0,86.0,1038.0,17,031,200200,1,170312002001
139.0,17.0,90.0,64.0,254.0,71.0,64.0,88.0,100.0,153.0,212.0,101.0,40.0,15.0,26.0,41.0,1475.0,17,031,200200,2,170312002002
110.0,46.0,4.0,152.0,2.0,78.0,16.0,161.0,1.0,29.0,95.0,95.0,19.0,17.0,27.0,39.0,891.0,17,031,200200,3,170312002003
67.0,209.0,174.0,22.0,2.0,111.0,176.0,24.0,25.0,58.0,164.0,214.0,127.0,7.0,19.0,106.0,1505.0,17,031,200200,4,170312002004
148.0,76.0,7.0,55.0,93.0,48.0,108.0,2.0,28.0,128.0,181.0,83.0,212.0,24.0,62.0,54.0,1309.0,17,031,200300,1,170312003001
82.0,106.0,5.0,40.0,121.0,95.0,44.0,129.0,22.0,1.0,180.0,82.0,0.0,9.0,78.0,41.0,1035.0,17,031,200300,2,170312003002
3.0,2.0,83.0,177.0,140.0,0.0,135.0,23.0,49.0,54.0,7.0,128.0,105.0,21.0,33.0,53.0,1013.0,17,031,200401,1,170312004011
0.0,230.0,138.0,320.0,377.0,276.0,278.0,26.0,132.0,259.0,322.0,318.0,16.0,60.0,35.0,56.0,2843.0,17,031,200401,2,170312004012
84.0,1.0,49.0,0.0,95.0,68.0,3.0,160.0,73.0,3.0,49.0,59.0,80.0,34.0,39.0,32.0,829.0,17,031,200402,1,170312004021
62.0,88.0,147.0,5.0,44.0,280.0,12.0,2.0,44.0,89.0,89.0,150.0,19.0,148.0,16.0,47.0,1242.0,17,031,200402,2,170312004022
356.0,4.0,289.0,9.0,16.0,76.0,110.0,43.0,5.0,329.0,162.0,180.0,139.0,21.0,124.0,62.0,1925.0,17,031,200402,3,170312004023
140.0,57.0,65.0,62.0,41.0,28.0,40.0,10.0,10.0,94.0,62.0,285.0,83.0,75.0,110.0,186.0,1348.0,17,031,210100,1,170312101001
99.0,13.0,2.0,13.0,70.0,32.0,92.0,132.0,48.0,34.0,56.0,183.0,60.0,131.0,76.0,37.0,1078.0,17,031,210100,2,170312101002
2.0,42.0,4.0,89.0,47.0,51.0,21.0,9.0,13.0,179.0,118.0,165.0,23.0,43.0,37.0,70.0,913.0,17,031,210100,3,170312101003
176.0,24.0,141.0,91.0,256.0,190.0,173.0,26.0,78.0,112.0,166.0,181.0,105.0,105.0,88.0,67.0,1979.0,17,031,210400,1,170312104001
55.0,45.0,100.0,13.0,89.0,1.0,36.0,20.0,149.0,23.0,120.0,131.0,64.0,17.0,50.0,110.0,1023.0,17,031,210400,2,170312104002
61.0,10.0,74.0,33.0,232.0,94.0,48.0,142.0,206.0,3.0,96.0,54.0,12.0,125.0,55.0,45.0,1290.0,17,031,210501,1,170312105011
348.0,151.0,104.0,218.0,75.0,328.0,398.0,215.0,135.0,378.0,205.0,385.0,97.0,92.0,58.0,91.0,3278.0,17,031,210501,2,170312105012
205.0,244.0,2.0,297.0,104.0,65.0,75.0,75.0,104.0,169.0,84.0,212.0,40.0,29.0,66.0,53.0,1824.0,17,031,210502,1,170312105021
81.0,421.0,19.0,24.0,433.0,88.0,161.0,8.0,34.0,118.0,88.0,166.0,176.0,13.0,48.0,51.0,1929.0,17,031,210502,2,170312105022
0.0,1.0,41.0,120.0,68.0,2.0,164.0,101.0,72.0,152.0,110.0,3.0,113.0,22.0,41.0,49.0,1059.0,17,031,210502,3,170312105023
14.0,0.0,2.0,2.0,4.0,88.0,4.0,5.0,180.0,2.0,17.0,109.0,9.0,123.0,40.0,96.0,695.0,17,031,210601,1,170312106011
86.0,4.0,150.0,68.0,9.0,9.0,46.0,17.0,139.0,104.0,111.0,59.0,6.0,10.0,28.0,87.0,933.0,17,031,210601,2,170312106012
78.0,5.0,3.0,130.0,48.0,114.0,150.0,16.0,50.0,184.0,243.0,165.0,72.0,14.0,61.0,81.0,1414.0,17,031,210601,3,170312106013
146.0,103.0,34.0,91.0,47.0,52.0,89.0,5.0,6.0,243.0,122.0,180.0,10.0,81.0,71.0,29.0,1309.0,17,031,210602,1,170312106021
97.0,1.0,5.0,102.0,203.0,2.0,11.0,0.0,100.0,61.0,55.0,160.0,66.0,48.0,23.0,93.0,1027.0,17,031,210602,2,170312106022
39.0,40.0,213.0,139.0,35.0,349.0,62.0,145.0,49.0,107.0,148.0,83.0,116.0,31.0,87.0,53.0,1696.0,17,031,210602,3,170312106023
35.0,1.0,60.0,36.0,5.0,102.0,0.0,51.0,6.0,112.0,59.0,81.0,57.0,131.0,82.0,50.0,868.0,17,031,210700,1,170312107001
117.0,3.0,127.0,1.0,214.0,8.0,11.0,133.0,63.0,101.0,97.0,51.0,111.0,86.0,66.0,108.0,1297.0,17,031,210700,2,170312107002
71.0,169.0,134.0,26.0,97.0,140.0,9.0,55.0,63.0,55.0,129.0,223.0,89.0,215.0,144.0,85.0,1704.0,17,031,210700,3,170312107003
4.0,30.0,74.0,41.0,64.0,26.0,30.0,176.0,51.0,63.0,133.0,14.0,14.0,71.0,145.0,73.0,1009.0,17,031,210800,1,170312108001
34.0,125.0,202.0,175.0,43.0,65.0,75.0,206.0,44.0,290.0,189.0,73.0,137.0,73.0,118.0,133.0,1982.0,17,031,210900,1,170312109001
6.0,150.0,6.0,15.0,38.0,2.0,7.0,76.0,24.0,20.0,87.0,244.0,80.0,190.0,74.0,163.0,1182.0,17,031,210900,2,170312109002
59.0,3.0,28.0,42.0,37.0,19.0,10.0,66.0,70.0,63.0,183.0,120.0,211.0,115.0,79.0,237.0,1342.0,17,031,220300,1,170312203001
1.0,93.0,8.0,26.0,0.0,1.0,4.0,2.0,6.0,92.0,15.0,206.0,162.0,96.0,88.0,237.0,1037.0,17,031,220300,2,170312203002
9.0,1.0,8.0,9.0,5.0,4.0,58.0,55.0,68.0,34.0,133.0,232.0,121.0,155.0,49.0,124.0,1065.0,17,031,220400,1,170312204001
85.0,98.0,10.0,116.0,11.0,29.0,55.0,3.0,3.0,152.0,140.0,170.0,266.0,55.0,167.0,98.0,1458.0,17,031,220400,2,170312204002
58.0,28.0,1.0,1.0,15.0,1.0,68.0,18.0,106.0,89.0,49.0,126.0,51.0,81.0,99.0,127.0,918.0,17,031,220500,1,170312205001
19.0,1.0,15.0,62.0,9.0,5.0,8.0,76.0,4.0,38.0,112.0,126.0,63.0,77.0,104.0,55.0,774.0,17,031,220500,2,170312205002
26.0,12.0,18.0,17.0,70.0,1.0,8.0,47.0,48.0,48.0,138.0,119.0,128.0,49.0,66.0,85.0,880.0,17,031,220500,3,170312205003
47.0,10.0,14.0,23.0,107.0,42.0,60.0,42.0,16.0,21.0,33.0,53.0,60.0,30.0,35.0,58.0,651.0,17,031,220601,1,170312206011
2.0,62.0,4.0,0.0,37.0,0.0,18.0,110.0,0.0,109.0,100.0,145.0,102.0,68.0,56.0,89.0,902.0,17,031,220601,2,170312206012
0.0,16.0,1.0,40.0,1.0,11.0,0.0,10.0,3.0,24.0,2.0,51.0,63.0,57.0,26.0,70.0,375.0,17,031,220602,1,170312206021
0.0,1.0,11.0,45.0,5.0,67.0,3.0,5.0,2.0,1.0,1.0,0.0,236.0,131.0,172.0,44.0,724.0,17,031,220602,2,170312206022
232.0,137.0,0.0,43.0,23.0,89.0,135.0,7.0,68.0,28.0,92.0,15.0,53.0,44.0,32.0,87.0,1085.0,17,031,220602,3,170312206023
189.0,184.0,36.0,8.0,15.0,203.0,16.0,153.0,18.0,98.0,242.0,106.0,241.0,26.0,221.0,87.0,1843.0,17,031,220602,4,170312206024
0.0,1.0,2.0,5.0,6.0,78.0,88.0,71.0,1.0,264.0,3.0,18.0,1.0,155.0,29.0,47.0,769.0,17,031,220602,5,170312206025
122.0,0.0,35.0,11.0,6.0,4.0,31.0,54.0,14.0,214.0,32.0,288.0,4.0,28.0,22.0,42.0,907.0,17,031,220701,1,170312207011
30.0,7.0,102.0,79.0,4.0,63.0,26.0,4.0,185.0,5.0,25.0,156.0,188.0,57.0,82.0,46.0,1059.0,17,031,220701,2,170312207012
31.0,83.0,32.0,81.0,188.0,158.0,23.0,58.0,17.0,145.0,181.0,180.0,81.0,71.0,24.0,55.0,1408.0,17,031,220701,3,170312207013
112.0,236.0,155.0,74.0,51.0,139.0,9.0,48.0,125.0,79.0,333.0,177.0,102.0,23.0,24.0,48.0,1735.0,17,031,220702,1,170312207021
24.0,56.0,62.0,75.0,95.0,30.0,78.0,9.0,12.0,85.0,38.0,65.0,25.0,7.0,71.0,44.0,776.0,17,031,220702,2,170312207022
6.0,21.0,49.0,29.0,1.0,28.0,14.0,30.0,36.0,1.0,70.0,246.0,13.0,20.0,35.0,47.0,646.0,17,031,220702,3,170312207023
94.0,25.0,225.0,58.0,73.0,1.0,2.0,54.0,47.0,146.0,18.0,139.0,56.0,12.0,72.0,94.0,1116.0,17,031,220702,4,170312207024
273.0,154.0,131.0,119.0,0.0,3.0,109.0,33.0,12.0,36.0,0.0,41.0,25.0,50.0,32.0,47.0,1065.0,17,031,220901,1,170312209011
37.0,84.0,32.0,38.0,15.0,4.0,3.0,21.0,0.0,140.0,96.0,129.0,132.0,82.0,34.0,40.0,887.0,17,031,220901,2,170312209012
77.0,8.0,77.0,71.0,126.0,4.0,167.0,202.0,184.0,5.0,28.0,133.0,16.0,96.0,32.0,82.0,1308.0,17,031,220901,3,170312209013
69.0,102.0,174.0,20.0,72.0,124.0,47.0,14.0,7.0,143.0,146.0,202.0,19.0,29.0,28.0,70.0,1266.0,17,031,220902,1,170312209021
93.0,135.0,88.0,76.0,113.0,35.0,70.0,158.0,148.0,30.0,207.0,184.0,127.0,39.0,332.0,147.0,1982.0,17,031,220902,2,170312209022
24.0,96.0,3.0,24.0,102.0,177.0,15.0,113.0,114.0,132.0,189.0,1.0,271.0,73.0,100.0,104.0,1538.0,17,031,221000,1,170312210001
187.0,83.0,167.0,207.0,185.0,36.0,62.0,97.0,96.0,49.0,183.0,45.0,150.0,24.0,30.0,43.0,1644.0,17,031,221000,2,170312210002
44.0,121.0,62.0,113.0,40.0,12.0,50.0,98.0,3.0,187.0,400.0,269.0,69.0,51.0,150.0,78.0,1747.0,17,031,221100,1,170312211001
167.0,166.0,95.0,203.0,75.0,97.0,97.0,41.0,56.0,109.0,51.0,194.0,61.0,65.0,145.0,67.0,1689.0,17,031,221100,2,170312211002
49.0,83.0,13.0,206.0,0.0,139.0,48.0,1.0,0.0,119.0,194.0,134.0,6.0,12.0,37.0,62.0,1103.0,17,031,221100,3,170312211003
43.0,116.0,1.0,33.0,92.0,116.0,170.0,2.0,7.0,96.0,79.0,74.0,64.0,116.0,184.0,128.0,1321.0,17,031,221200,1,170312212001
36.0,19.0,98.0,159.0,73.0,1.0,179.0,158.0,35.0,85.0,222.0,151.0,152.0,111.0,146.0,72.0,1697.0,17,031,221200,2,170312212002
88.0,62.0,48.0,302.0,107.0,98.0,3.0,8.0,0.0,2.0,132.0,132.0,139.0,69.0,54.0,117.0,1361.0,17,031,221300,1,170312213001
83.0,30.0,4.0,22.0,56.0,15.0,2.0,33.0,45.0,72.0,22.0,108.0,57.0,47.0,62.0,54.0,712.0,17,031,221300,2,170312213002
10.0,1.0,3.0,77.0,6.0,0.0,2.0,54.0,3.0,32.0,144.0,19.0,141.0,33.0,27.0,75.0,627.0,17,031,221300,3,170312213003
0.0,80.0,1.0,58.0,73.0,47.0,5.0,15.0,5.0,133.0,185.0,41.0,56.0,24.0,36.0,84.0,843.0,17,031,221400,1,170312214001
145.0,2.0,0.0,3.0,10.0,25.0,0.0,1.0,1.0,2.0,111.0,149.0,85.0,54.0,145.0,29.0,762.0,17,031,221400,2,170312214002
7.0,16.0,4.0,52.0,28.0,160.0,70.0,195.0,71.0,138.0,127.0,91.0,106.0,27.0,32.0,45.0,1169.0,17,031,221400,3,170312214003
183.0,59.0,80.0,46.0,0.0,97.0,10.0,3.0,4.0,115.0,45.0,34.0,93.0,47.0,94.0,62.0,972.0,17,031,221500,1,170312215001
198.0,38.0,28.0,86.0,86.0,167.0,122.0,79.0,25.0,187.0,66.0,160.0,55.0,63.0,55.0,117.0,1532.0,17,031,221500,2,170312215002
145.0,5.0,10.0,72.0,2.0,1.0,0.0,85.0,28.0,109.0,100.0,150.0,44.0,135.0,154.0,253.0,1293.0,17,031,221600,1,170312216001
107.0,43.0,101.0,82.0,113.0,65.0,53.0,0.0,6.0,94.0,77.0,282.0,105.0,223.0,185.0,249.0,1785.0,17,031,221600,2,170312216002
6.0,8.0,5.0,42.0,15.0,16.0,1.0,9.0,2.0,5.0,36.0,135.0,84.0,94.0,121.0,305.0,884.0,17,031,222200,1,170312222001
19.0,1.0,3.0,1.0,6.0,5.0,16.0,26.0,8.0,123.0,102.0,44.0,127.0,129.0,170.0,319.0,1099.0,17,031,222200,2,170312222002
179.0,1.0,41.0,112.0,39.0,46.0,180.0,72.0,27.0,37.0,124.0,48.0,174.0,62.0,139.0,82.0,1363.0,17,031,222500,1,170312225001
146.0,57.0,36.0,77.0,155.0,24.0,117.0,52.0,66.0,141.0,142.0,145.0,121.0,74.0,97.0,62.0,1512.0,17,031,222600,1,170312226001
108.0,62.0,2.0,17.0,8.0,25.0,3.0,163.0,4.0,253.0,91.0,88.0,40.0,81.0,34.0,110.0,1089.0,17,031,222700,1,170312227001
47.0,6.0,137.0,56.0,163.0,169.0,71.0,87.0,39.0,44.0,100.0,187.0,209.0,87.0,48.0,54.0,1504.0,17,031,222700,2,170312227002
103.0,160.0,131.0,66.0,67.0,12.0,52.0,7.0,5.0,177.0,20.0,42.0,39.0,12.0,42.0,57.0,992.0,17,031,222800,1,170312228001
86.0,70.0,56.0,63.0,8.0,5.0,49.0,33.0,36.0,144.0,95.0,46.0,23.0,37.0,38.0,64.0,853.0,17,031,222900,1,170312229001
181.0,55.0,70.0,63.0,64.0,185.0,58.0,51.0,63.0,83.0,208.0,228.0,105.0,52.0,35.0,118.0,1619.0,17,031,230100,1,170312301001
146.0,136.0,50.0,215.0,46.0,99.0,4.0,218.0,80.0,83.0,189.0,270.0,100.0,128.0,68.0,60.0,1892.0,17,031,230200,1,170312302001
95.0,54.0,131.0,127.0,35.0,10.0,38.0,82.0,19.0,18.0,90.0,277.0,62.0,11.0,44.0,66.0,1159.0,17,031,230300,1,170312303001
203.0,17.0,46.0,94.0,20.0,1.0,129.0,57.0,33.0,37.0,185.0,266.0,151.0,83.0,70.0,56.0,1448.0,17,031,230400,1,170312304001
105.0,18.0,42.0,83.0,23.0,80.0,2.0,9.0,106.0,4.0,155.0,235.0,157.0,14.0,12.0,67.0,1112.0,17,031,230400,2,170312304002
425.0,300.0,92.0,107.0,276.0,125.0,176.0,150.0,86.0,191.0,139.0,310.0,21.0,20.0,30.0,53.0,2501.0,17,031,230500,1,170312305001
130.0,31.0,54.0,164.0,146.0,36.0,107.0,66.0,4.0,41.0,72.0,44.0,80.0,39.0,88.0,37.0,1139.0,17,031,230500,2,170312305002
3.0,117.0,46.0,2.0,39.0,143.0,69.0,87.0,6.0,1.0,121.0,4.0,8.0,13.0,31.0,39.0,729.0,17,031,230600,1,170312306001
229.0,49.0,29.0,132.0,13.0,174.0,90.0,231.0,2.0,183.0,100.0,69.0,22.0,63.0,80.0,43.0,1509.0,17,031,230600,2,170312306002
232.0,43.0,34.0,5.0,2.0,38.0,81.0,38.0,55.0,76.0,101.0,0.0,16.0,20.0,27.0,53.0,821.0,17,031,230600,3,170312306003
229.0,124.0,4.0,80.0,122.0,253.0,117.0,127.0,7.0,115.0,165.0,3.0,80.0,11.0,21.0,50.0,1508.0,17,031,230600,4,170312306004
257.0,196.0,1.0,53.0,33.0,30.0,48.0,47.0,1.0,0.0,128.0,248.0,14.0,19.0,140.0,135.0,1350.0,17,031,230600,5,170312306005
2.0,72.0,207.0,42.0,44.0,113.0,2.0,35.0,143.0,63.0,2.0,32.0,14.0,45.0,41.0,65.0,922.0,17,031,230600,6,170312306006
1.0,48.0,89.0,18.0,104.0,365.0,48.0,33.0,72.0,67.0,87.0,214.0,62.0,10.0,48.0,51.0,1317.0,17,031,230700,1,170312307001
135.0,128.0,98.0,128.0,1.0,2.0,5.0,5.0,172.0,89.0,84.0,160.0,67.0,21.0,29.0,85.0,1209.0,17,031,230700,2,170312307002
94.0,5.0,169.0,184.0,111.0,76.0,62.0,51.0,160.0,121.0,20.0,221.0,14.0,30.0,37.0,47.0,1402.0,17,031,230700,3,170312307003
156.0,75.0,127.0,82.0,43.0,22.0,97.0,33.0,55.0,23.0,214.0,18.0,6.0,27.0,92.0,53.0,1123.0,17,031,230700,4,170312307004
7.0,4.0,29.0,82.0,14.0,56.0,54.0,112.0,6.0,53.0,299.0,155.0,69.0,57.0,69.0,104.0,1170.0,17,031,230800,1,170312308001
384.0,115.0,147.0,73.0,14.0,1.0,152.0,70.0,0.0,16.0,301.0,218.0,39.0,31.0,47.0,123.0,1731.0,17,031,230900,1,170312309001
310.0,103.0,206.0,55.0,138.0,53.0,97.0,152.0,5.0,155.0,52.0,135.0,76.0,16.0,66.0,70.0,1689.0,17,031,230900,2,170312309002
100.0,106.0,64.0,13.0,141.0,125.0,206.0,84.0,33.0,101.0,187.0,79.0,182.0,58.0,44.0,50.0,1573.0,17,031,230900,3,170312309003
165.0,4.0,26.0,178.0,19.0,68.0,9.0,87.0,47.0,110.0,66.0,55.0,96.0,68.0,101.0,62.0,1161.0,17,031,231100,1,170312311001
209.0,10.0,38.0,68.0,40.0,122.0,17.0,60.0,54.0,95.0,51.0,83.0,9.0,6.0,16.0,62.0,940.0,17,031,231200,1,170312312001
433.0,24.0,352.0,59.0,2.0,37.0,72.0,48.0,2.0,349.0,107.0,50.0,17.0,14.0,21.0,45.0,1632.0,17,031,231200,2,170312312002
40.0,99.0,63.0,28.0,23.0,1.0,0.0,10.0,2.0,4.0,27.0,5.0,52.0,26.0,32.0,54.0,466.0,17,031,231200,3,170312312003
121.0,265.0,13.0,143.0,146.0,66.0,7.0,44.0,114.0,173.0,21.0,53.0,102.0,19.0,36.0,39.0,1362.0,17,031,231200,4,170312312004
94.0,75.0,59.0,34.0,12.0,3.0,30.0,3.0,73.0,65.0,46.0,5.0,4.0,28.0,32.0,47.0,610.0,17,031,231200,5,170312312005
252.0,70.0,204.0,104.0,2.0,3.0,2.0,31.0,9.0,88.0,3.0,4.0,38.0,15.0,30.0,53.0,908.0,17,031,231500,1,170312315001
487.0,78.0,11.0,270.0,26.0,3.0,1.0,75.0,35.0,1.0,7.0,0.0,12.0,13.0,131.0,62.0,1212.0,17,031,231500,2,170312315002
116.0,7.0,0.0,5.0,8.0,4.0,3.0,5.0,4.0,67.0,63.0,88.0,4.0,20.0,26.0,65.0,485.0,17,031,231500,3,170312315003
213.0,54.0,1.0,0.0,158.0,194.0,3.0,9.0,77.0,65.0,1.0,18.0,18.0,18.0,36.0,40.0,905.0,17,031,231500,4,170312315004
413.0,228.0,79.0,40.0,198.0,128.0,47.0,119.0,4.0,1.0,172.0,3.0,16.0,21.0,34.0,49.0,1552.0,17,031,231500,5,170312315005
131.0,252.0,10.0,133.0,226.0,155.0,129.0,250.0,121.0,72.0,120.0,225.0,12.0,16.0,19.0,58.0,1929.0,17,031,231500,6,170312315006
108.0,108.0,24.0,73.0,29.0,7.0,1.0,9.0,0.0,2.0,96.0,180.0,225.0,123.0,161.0,295.0,1441.0,17,031,240200,1,170312402001
5.0,11.0,60.0,38.0,13.0,15.0,1.0,22.0,21.0,95.0,36.0,183.0,115.0,123.0,211.0,416.0,1365.0,17,031,240300,1,170312403001
56.0,4.0,7.0,18.0,54.0,11.0,6.0,87.0,0.0,136.0,169.0,209.0,355.0,152.0,442.0,385.0,2091.0,17,031,240500,1,170312405001
1.0,67.0,95.0,0.0,47.0,106.0,9.0,2.0,2.0,27.0,127.0,58.0,317.0,85.0,133.0,257.0,1333.0,17,031,240600,1,170312406001
159.0,92.0,203.0,95.0,3.0,71.0,15.0,7.0,7.0,94.0,30.0,61.0,195.0,61.0,130.0,162.0,1385.0,17,031,240700,1,170312407001
174.0,35.0,72.0,7.0,82.0,34.0,2.0,58.0,8.0,95.0,82.0,124.0,77.0,32.0,56.0,64.0,1002.0,17,031,240800,1,170312408001
109.0,43.0,44.0,14.0,44.0,24.0,19.0,4.0,42.0,51.0,69.0,101.0,42.0,20.0,26.0,103.0,755.0,17,031,240800,2,170312408002
241.0,87.0,0.0,49.0,42.0,74.0,50.0,49.0,127.0,63.0,64.0,101.0,67.0,72.0,60.0,61.0,1207.0,17,031,240900,1,170312409001
57.0,81.0,69.0,15.0,7.0,105.0,1.0,28.0,38.0,74.0,98.0,41.0,28.0,77.0,52.0,89.0,860.0,17,031,241000,1,170312410001
167.0,45.0,3.0,101.0,8.0,2.0,115.0,49.0,34.0,17.0,77.0,51.0,26.0,43.0,122.0,82.0,942.0,17,031,241000,2,170312410002
79.0,39.0,154.0,93.0,0.0,67.0,49.0,142.0,120.0,204.0,236.0,184.0,162.0,257.0,68.0,62.0,1916.0,17,031,241100,1,170312411001
86.0,12.0,62.0,132.0,59.0,7.0,28.0,340.0,80.0,148.0,154.0,377.0,222.0,100.0,56.0,174.0,2037.0,17,031,241100,2,170312411002
55.0,4.0,6.0,4.0,3.0,15.0,1.0,25.0,32.0,139.0,54.0,119.0,224.0,95.0,127.0,256.0,1159.0,17,031,241200,1,170312412001
149.0,0.0,51.0,78.0,2.0,6.0,0.0,25.0,4.0,46.0,37.0,88.0,82.0,74.0,57.0,62.0,761.0,17,031,241200,2,170312412002
13.0,50.0,87.0,23.0,8.0,5.0,35.0,36.0,33.0,55.0,196.0,250.0,235.0,158.0,287.0,200.0,1671.0,17,031,241300,1,170312413001
305.0,316.0,5.0,26.0,20.0,9.0,70.0,6.0,35.0,83.0,11.0,121.0,241.0,77.0,91.0,205.0,1621.0,17,031,241400,1,170312414001
18.0,2.0,42.0,10.0,2.0,4.0,0.0,1.0,2.0,68.0,1.0,102.0,67.0,30.0,167.0,144.0,660.0,17,031,241400,2,170312414002
8.0,3.0,2.0,1.0,3.0,4.0,0.0,81.0,6.0,199.0,9.0,14.0,194.0,35.0,99.0,365.0,1023.0,17,031,241400,3,170312414003
90.0,2.0,5.0,32.0,5.0,3.0,7.0,30.0,127.0,96.0,56.0,228.0,173.0,289.0,246.0,677.0,2066.0,17,031,241400,4,170312414004
0.0,11.0,33.0,4.0,4.0,75.0,4.0,31.0,0.0,118.0,108.0,271.0,132.0,70.0,235.0,385.0,1481.0,17,031,241500,1,170312415001
1.0,4.0,1.0,102.0,4.0,9.0,5.0,60.0,0.0,47.0,117.0,55.0,31.0,34.0,115.0,209.0,794.0,17,031,241500,2,170312415002
20.0,1.0,0.0,3.0,3.0,7.0,25.0,46.0,2.0,86.0,23.0,118.0,18.0,96.0,65.0,162.0,675.0,17,031,241500,3,170312415003
18.0,9.0,8.0,47.0,44.0,9.0,125.0,71.0,19.0,128.0,97.0,132.0,133.0,85.0,88.0,209.0,1222.0,17,031,241600,1,170312416001
110.0,48.0,42.0,60.0,36.0,98.0,103.0,47.0,113.0,220.0,243.0,290.0,128.0,118.0,224.0,231.0,2111.0,17,031,241600,2,170312416002
87.0,2.0,8.0,5.0,32.0,122.0,31.0,96.0,26.0,168.0,63.0,228.0,246.0,21.0,324.0,114.0,1573.0,17,031,242000,1,170312420001
453.0,83.0,93.0,84.0,49.0,2.0,5.0,20.0,29.0,70.0,162.0,6.0,272.0,69.0,207.0,152.0,1756.0,17,031,242000,2,170312420002
93.0,91.0,87.0,71.0,72.0,27.0,0.0,6.0,25.0,126.0,286.0,72.0,87.0,51.0,90.0,67.0,1251.0,17,031,242000,3,170312420003
1.0,1.0,49.0,23.0,2.0,4.0,1.0,19.0,0.0,79.0,73.0,41.0,98.0,70.0,97.0,207.0,765.0,17,031,242100,1,170312421001
2.0,10.0,3.0,4.0,107.0,19.0,20.0,4.0,12.0,109.0,18.0,345.0,168.0,120.0,124.0,221.0,1286.0,17,031,242100,2,170312421002
9.0,35.0,2.0,0.0,3.0,4.0,38.0,127.0,3.0,1.0,113.0,190.0,96.0,157.0,374.0,173.0,1325.0,17,031,242100,3,170312421003
39.0,181.0,3.0,83.0,44.0,8.0,3.0,251.0,5.0,73.0,202.0,134.0,238.0,296.0,162.0,348.0,2070.0,17,031,242200,1,170312422001
26.0,31.0,1.0,22.0,10.0,5.0,9.0,107.0,49.0,137.0,161.0,369.0,91.0,206.0,171.0,374.0,1769.0,17,031,242200,2,170312422002
5.0,5.0,11.0,67.0,29.0,70.0,6.0,110.0,28.0,1.0,363.0,224.0,124.0,86.0,91.0,199.0,1419.0,17,031,242300,1,170312423001
78.0,1.0,4.0,7.0,48.0,48.0,17.0,58.0,45.0,237.0,241.0,184.0,188.0,100.0,67.0,239.0,1562.0,17,031,242300,2,170312423002
6.0,68.0,35.0,0.0,41.0,7.0,41.0,4.0,78.0,39.0,125.0,166.0,75.0,178.0,159.0,66.0,1088.0,17,031,242400,1,170312424001
128.0,33.0,158.0,93.0,23.0,77.0,44.0,89.0,80.0,66.0,217.0,151.0,174.0,119.0,183.0,110.0,1745.0,17,031,242400,2,170312424002
200.0,155.0,86.0,102.0,134.0,17.0,88.0,145.0,68.0,241.0,51.0,215.0,226.0,87.0,147.0,80.0,2042.0,17,031,242500,1,170312425001
36.0,14.0,146.0,39.0,154.0,124.0,50.0,103.0,50.0,125.0,291.0,157.0,225.0,62.0,19.0,183.0,1778.0,17,031,242500,2,170312425002
167.0,24.0,55.0,215.0,167.0,64.0,3.0,5.0,66.0,6.0,173.0,62.0,185.0,14.0,22.0,45.0,1273.0,17,031,242600,1,170312426001
80.0,8.0,0.0,48.0,244.0,123.0,83.0,48.0,1.0,200.0,146.0,345.0,89.0,85.0,130.0,80.0,1710.0,17,031,242600,2,170312426002
25.0,41.0,14.0,154.0,25.0,103.0,13.0,148.0,88.0,95.0,192.0,112.0,158.0,24.0,275.0,50.0,1517.0,17,031,242600,3,170312426003
76.0,3.0,5.0,118.0,28.0,78.0,111.0,1.0,91.0,136.0,116.0,186.0,12.0,213.0,160.0,94.0,1428.0,17,031,242600,4,170312426004
231.0,326.0,121.0,142.0,52.0,11.0,4.0,130.0,38.0,48.0,78.0,56.0,58.0,111.0,121.0,122.0,1649.0,17,031,242700,1,170312427001
52.0,102.0,82.0,91.0,84.0,35.0,7.0,17.0,58.0,27.0,222.0,104.0,137.0,130.0,169.0,145.0,1462.0,17,031,242800,1,170312428001
87.0,34.0,1.0,135.0,25.0,30.0,17.0,87.0,23.0,105.0,52.0,98.0,139.0,90.0,91.0,193.0,1207.0,17,031,242900,1,170312429001
0.0,7.0,20.0,112.0,0.0,2.0,32.0,11.0,2.0,2.0,46.0,60.0,82.0,46.0,43.0,100.0,565.0,17,031,242900,2,170312429002
2.0,0.0,4.0,6.0,1.0,6.0,1.0,13.0,98.0,104.0,70.0,139.0,69.0,31.0,41.0,123.0,708.0,17,031,243000,1,170312430001
3.0,2.0,148.0,158.0,0.0,67.0,38.0,79.0,2.0,142.0,219.0,207.0,147.0,156.0,96.0,251.0,1715.0,17,031,243000,2,170312430002
38.0,98.0,21.0,57.0,3.0,245.0,29.0,14.0,4.0,59.0,317.0,315.0,370.0,37.0,218.0,196.0,2021.0,17,031,243100,1,170312431001
0.0,4.0,0.0,104.0,5.0,22.0,4.0,36.0,4.0,11.0,0.0,10.0,16.0,81.0,107.0,131.0,535.0,17,031,243100,2,170312431002
85.0,0.0,0.0,1.0,0.0,1.0,10.0,44.0,13.0,54.0,93.0,224.0,59.0,58.0,204.0,382.0,1228.0,17,031,243200,1,170312432001
6.0,0.0,26.0,4.0,5.0,3.0,18.0,0.0,45.0,43.0,108.0,158.0,92.0,136.0,116.0,186.0,946.0,17,031,243200,2,170312432002
1.0,4.0,32.0,93.0,8.0,84.0,8.0,39.0,58.0,98.0,51.0,125.0,38.0,113.0,50.0,142.0,944.0,17,031,243300,1,170312433001
64.0,5.0,44.0,49.0,20.0,8.0,113.0,70.0,32.0,107.0,135.0,117.0,201.0,195.0,33.0,183.0,1376.0,17,031,243300,2,170312433002
58.0,12.0,89.0,259.0,13.0,94.0,24.0,31.0,137.0,15.0,81.0,227.0,29.0,79.0,121.0,158.0,1427.0,17,031,243400,1,170312434001
16.0,4.0,4.0,1.0,1.0,65.0,3.0,3.0,2.0,17.0,23.0,56.0,21.0,58.0,48.0,76.0,398.0,17,031,243400,2,170312434002
3.0,0.0,27.0,24.0,5.0,10.0,49.0,37.0,12.0,29.0,107.0,241.0,46.0,84.0,293.0,129.0,1096.0,17,031,243400,3,170312434003
161.0,42.0,91.0,57.0,26.0,2.0,93.0,17.0,1.0,29.0,174.0,165.0,104.0,74.0,44.0,184.0,1264.0,17,031,243500,1,170312435001
13.0,3.0,2.0,5.0,42.0,25.0,49.0,11.0,34.0,215.0,56.0,260.0,350.0,220.0,209.0,407.0,1901.0,17,031,243500,2,170312435002
84.0,201.0,123.0,116.0,59.0,196.0,145.0,86.0,38.0,202.0,166.0,66.0,77.0,54.0,81.0,40.0,1734.0,17,031,250200,1,170312502001
130.0,41.0,137.0,103.0,77.0,4.0,14.0,29.0,42.0,194.0,60.0,122.0,56.0,47.0,32.0,68.0,1156.0,17,031,250200,2,170312502002
173.0,82.0,149.0,184.0,183.0,171.0,177.0,85.0,8.0,115.0,24.0,261.0,73.0,6.0,154.0,74.0,1919.0,17,031,250300,1,170312503001
229.0,69.0,57.0,6.0,123.0,0.0,40.0,63.0,1.0,103.0,66.0,0.0,101.0,21.0,34.0,41.0,954.0,17,031,250300,2,170312503002
135.0,77.0,155.0,12.0,92.0,102.0,125.0,75.0,108.0,39.0,101.0,110.0,11.0,35.0,31.0,48.0,1256.0,17,031,250300,3,170312503003
27.0,17.0,48.0,2.0,106.0,28.0,22.0,48.0,21.0,55.0,2.0,54.0,32.0,19.0,19.0,45.0,545.0,17,031,250300,4,170312503004
84.0,15.0,45.0,64.0,2.0,14.0,9.0,5.0,9.0,61.0,9.0,19.0,23.0,12.0,33.0,64.0,468.0,17,031,250400,1,170312504001
101.0,65.0,0.0,108.0,7.0,231.0,0.0,37.0,46.0,56.0,0.0,69.0,132.0,41.0,26.0,61.0,980.0,17,031,250400,2,170312504002
200.0,2.0,2.0,95.0,292.0,173.0,224.0,96.0,108.0,0.0,265.0,182.0,15.0,8.0,38.0,99.0,1799.0,17,031,250400,3,170312504003
116.0,155.0,24.0,64.0,13.0,0.0,28.0,94.0,139.0,136.0,39.0,162.0,14.0,22.0,24.0,80.0,1110.0,17,031,250400,4,170312504004
166.0,85.0,238.0,2.0,27.0,224.0,85.0,34.0,6.0,142.0,92.0,118.0,17.0,123.0,182.0,49.0,1590.0,17,031,250400,5,170312504005
3.0,83.0,20.0,44.0,217.0,47.0,24.0,6.0,4.0,81.0,128.0,334.0,370.0,51.0,146.0,47.0,1605.0,17,031,250500,1,170312505001
175.0,1.0,1.0,5.0,47.0,9.0,14.0,41.0,6.0,34.0,60.0,278.0,227.0,155.0,283.0,144.0,1480.0,17,031,250500,2,170312505002
2.0,5.0,31.0,110.0,35.0,0.0,0.0,44.0,16.0,61.0,137.0,52.0,39.0,117.0,87.0,61.0,797.0,17,031,250500,3,170312505003
3.0,0.0,0.0,24.0,28.0,4.0,42.0,6.0,4.0,29.0,90.0,125.0,77.0,87.0,52.0,176.0,747.0,17,031,250500,4,170312505004
1.0,6.0,3.0,71.0,2.0,7.0,35.0,32.0,0.0,75.0,126.0,1.0,14.0,81.0,113.0,122.0,689.0,17,031,250500,5,170312505005
181.0,51.0,273.0,78.0,33.0,52.0,0.0,21.0,76.0,25.0,17.0,134.0,75.0,13.0,123.0,48.0,1200.0,17,031,250500,6,170312505006
150.0,179.0,4.0,67.0,3.0,2.0,190.0,60.0,5.0,76.0,111.0,144.0,92.0,75.0,28.0,40.0,1226.0,17,031,250500,7,170312505007
25.0,63.0,134.0,101.0,5.0,117.0,34.0,1.0,42.0,114.0,124.0,17.0,73.0,68.0,32.0,35.0,985.0,17,031,250600,1,170312506001
71.0,7.0,3.0,137.0,177.0,41.0,7.0,3.0,81.0,123.0,57.0,77.0,28.0,43.0,97.0,46.0,998.0,17,031,250600,2,170312506002
7.0,96.0,12.0,161.0,64.0,14.0,26.0,1.0,36.0,70.0,5.0,170.0,182.0,106.0,88.0,52.0,1090.0,17,031,250600,3,170312506003
48.0,42.0,76.0,2.0,8.0,6.0,11.0,96.0,44.0,2.0,360.0,379.0,41.0,48.0,50.0,140.0,1353.0,17,031,250600,4,170312506004
189.0,91.0,49.0,45.0,163.0,5.0,96.0,1.0,4.0,185.0,57.0,79.0,15.0,9.0,17.0,57.0,1062.0,17,031,250700,1,170312507001
149.0,177.0,1.0,87.0,58.0,150.0,0.0,2.0,25.0,89.0,169.0,2.0,2.0,15.0,43.0,42.0,1011.0,17,031,250700,2,170312507002
2.0,103.0,47.0,62.0,43.0,105.0,31.0,1.0,10.0,32.0,71.0,166.0,51.0,25.0,45.0,40.0,834.0,17,031,250700,3,170312507003
203.0,158.0,264.0,43.0,89.0,68.0,125.0,59.0,1.0,55.0,87.0,37.0,57.0,13.0,49.0,70.0,1378.0,17,031,250700,4,170312507004
177.0,47.0,42.0,180.0,118.0,7.0,2.0,71.0,78.0,4.0,17.0,400.0,239.0,15.0,25.0,54.0,1476.0,17,031,250700,5,170312507005
141.0,67.0,14.0,46.0,91.0,178.0,47.0,88.0,33.0,5.0,126.0,93.0,20.0,74.0,35.0,50.0,1108.0,17,031,250800,1,170312508001
167.0,82.0,45.0,4.0,22.0,123.0,263.0,5.0,51.0,74.0,85.0,138.0,28.0,58.0,66.0,67.0,1278.0,17,031,250800,2,170312508002
131.0,26.0,252.0,21.0,180.0,35.0,0.0,62.0,106.0,42.0,159.0,71.0,7.0,13.0,48.0,78.0,1231.0,17,031,251000,1,170312510001
239.0,123.0,89.0,25.0,13.0,34.0,24.0,0.0,11.0,3.0,11.0,13.0,12.0,16.0,24.0,52.0,689.0,17,031,251100,1,170312511001
131.0,40.0,33.0,102.0,1.0,1.0,24.0,2.0,164.0,6.0,98.0,8.0,7.0,11.0,35.0,58.0,721.0,17,031,251100,2,170312511002
67.0,364.0,135.0,6.0,43.0,61.0,42.0,52.0,93.0,28.0,96.0,338.0,8.0,186.0,39.0,78.0,1636.0,17,031,251100,3,170312511003
195.0,5.0,68.0,7.0,61.0,46.0,54.0,6.0,48.0,104.0,370.0,23.0,108.0,8.0,35.0,53.0,1191.0,17,031,251100,4,170312511004
74.0,103.0,4.0,0.0,59.0,1.0,56.0,75.0,4.0,58.0,6.0,37.0,84.0,48.0,52.0,73.0,734.0,17,031,251200,1,170312512001
28.0,0.0,64.0,27.0,30.0,80.0,0.0,85.0,21.0,284.0,72.0,24.0,27.0,97.0,49.0,49.0,937.0,17,031,251200,2,170312512002
49.0,3.0,11.0,236.0,1.0,5.0,0.0,2.0,52.0,2.0,55.0,79.0,16.0,31.0,48.0,50.0,640.0,17,031,251200,3,170312512003
220.0,180.0,172.0,77.0,121.0,200.0,8.0,178.0,57.0,43.0,182.0,84.0,329.0,97.0,26.0,87.0,2061.0,17,031,251200,4,170312512004
146.0,5.0,39.0,93.0,116.0,81.0,34.0,33.0,5.0,31.0,3.0,71.0,54.0,12.0,21.0,73.0,817.0,17,031,251300,1,170312513001
294.0,0.0,52.0,99.0,112.0,93.0,1.0,62.0,53.0,4.0,18.0,2.0,47.0,18.0,27.0,45.0,927.0,17,031,251300,2,170312513002
29.0,0.0,127.0,243.0,72.0,9.0,2.0,48.0,35.0,129.0,72.0,17.0,68.0,59.0,41.0,64.0,1015.0,17,031,251300,3,170312513003
98.0,4.0,5.0,113.0,68.0,36.0,47.0,27.0,2.0,40.0,116.0,106.0,17.0,15.0,34.0,47.0,775.0,17,031,251300,4,170312513004
66.0,105.0,154.0,12.0,101.0,48.0,81.0,85.0,25.0,47.0,28.0,42.0,208.0,22.0,24.0,58.0,1106.0,17,031,251300,5,170312513005
43.0,17.0,6.0,85.0,124.0,150.0,102.0,76.0,35.0,50.0,47.0,98.0,9.0,15.0,35.0,58.0,950.0,17,031,251400,1,170312514001
47.0,122.0,0.0,22.0,27.0,2.0,173.0,19.0,2.0,87.0,3.0,18.0,40.0,9.0,32.0,59.0,662.0,17,031,251400,2,170312514002
138.0,212.0,112.0,142.0,67.0,17.0,63.0,109.0,106.0,1.0,72.0,143.0,37.0,16.0,26.0,52.0,1313.0,17,031,251400,3,170312514003
236.0,211.0,30.0,190.0,184.0,32.0,7.0,1.0,43.0,18.0,13.0,65.0,13.0,130.0,103.0,69.0,1345.0,17,031,251400,4,170312514004
34.0,111.0,65.0,3.0,2.0,111.0,116.0,2.0,32.0,26.0,99.0,12.0,12.0,86.0,31.0,49.0,791.0,17,031,251500,1,170312515001
143.0,65.0,73.0,0.0,65.0,10.0,4.0,3.0,123.0,79.0,49.0,43.0,80.0,12.0,75.0,55.0,879.0,17,031,251500,2,170312515002
156.0,171.0,30.0,109.0,37.0,103.0,27.0,6.0,21.0,9.0,77.0,3.0,10.0,7.0,48.0,43.0,857.0,17,031,251500,3,170312515003
368.0,30.0,59.0,60.0,54.0,25.0,101.0,222.0,0.0,60.0,44.0,48.0,127.0,13.0,25.0,170.0,1406.0,17,031,251500,4,170312515004
81.0,43.0,51.0,6.0,17.0,449.0,1.0,18.0,6.0,169.0,217.0,83.0,45.0,10.0,22.0,53.0,1271.0,17,031,251600,1,170312516001
177.0,9.0,98.0,21.0,2.0,30.0,49.0,37.0,5.0,129.0,32.0,61.0,32.0,10.0,67.0,26.0,785.0,17,031,251600,2,170312516002
251.0,416.0,0.0,62.0,179.0,55.0,0.0,111.0,8.0,152.0,90.0,88.0,12.0,81.0,27.0,44.0,1576.0,17,031,251600,3,170312516003
329.0,6.0,248.0,286.0,139.0,191.0,107.0,6.0,2.0,161.0,109.0,74.0,10.0,36.0,35.0,57.0,1796.0,17,031,251700,1,170312517001
393.0,78.0,76.0,224.0,45.0,74.0,4.0,83.0,12.0,46.0,48.0,29.0,15.0,17.0,44.0,56.0,1244.0,17,031,251800,1,170312518001
219.0,81.0,35.0,57.0,63.0,1.0,5.0,133.0,48.0,34.0,3.0,156.0,44.0,17.0,35.0,54.0,985.0,17,031,251800,2,170312518002
224.0,145.0,42.0,0.0,0.0,46.0,14.0,2.0,1.0,56.0,14.0,127.0,130.0,7.0,28.0,44.0,880.0,17,031,251800,3,170312518003
99.0,0.0,70.0,3.0,0.0,1.0,0.0,4.0,5.0,68.0,11.0,13.0,14.0,18.0,21.0,55.0,382.0,17,031,251800,4,170312518004
268.0,78.0,269.0,75.0,87.0,3.0,45.0,45.0,112.0,200.0,20.0,160.0,8.0,23.0,27.0,131.0,1551.0,17,031,251800,5,170312518005
7.0,94.0,42.0,48.0,100.0,0.0,2.0,6.0,3.0,44.0,31.0,3.0,45.0,16.0,21.0,28.0,490.0,17,031,251900,1,170312519001
407.0,8.0,43.0,249.0,213.0,93.0,55.0,51.0,77.0,121.0,62.0,2.0,124.0,18.0,40.0,69.0,1632.0,17,031,251900,2,170312519002
133.0,89.0,102.0,102.0,151.0,0.0,160.0,5.0,1.0,3.0,65.0,1.0,85.0,8.0,22.0,56.0,983.0,17,031,251900,3,170312519003
925.0,274.0,334.0,183.0,240.0,4.0,45.0,144.0,8.0,50.0,214.0,5.0,3.0,68.0,29.0,181.0,2707.0,17,031,251900,4,170312519004
142.0,84.0,0.0,29.0,126.0,11.0,52.0,26.0,4.0,68.0,0.0,72.0,26.0,19.0,26.0,63.0,748.0,17,031,252000,1,170312520001
423.0,211.0,310.0,328.0,7.0,93.0,63.0,121.0,115.0,122.0,213.0,56.0,57.0,115.0,35.0,54.0,2323.0,17,031,252000,2,170312520002
433.0,66.0,193.0,113.0,4.0,96.0,65.0,93.0,3.0,73.0,5.0,123.0,77.0,85.0,30.0,88.0,1547.0,17,031,252000,3,170312520003
298.0,137.0,0.0,107.0,184.0,222.0,36.0,48.0,0.0,129.0,22.0,177.0,79.0,7.0,13.0,60.0,1519.0,17,031,252000,4,170312520004
173.0,197.0,243.0,102.0,61.0,128.0,166.0,65.0,5.0,256.0,39.0,43.0,56.0,13.0,69.0,103.0,1719.0,17,031,252101,1,170312521011
1.0,386.0,402.0,23.0,236.0,245.0,77.0,213.0,125.0,149.0,41.0,348.0,84.0,35.0,37.0,42.0,2444.0,17,031,252102,1,170312521021
73.0,52.0,143.0,24.0,84.0,139.0,66.0,4.0,48.0,27.0,20.0,125.0,199.0,13.0,64.0,49.0,1130.0,17,031,252102,2,170312521022
149.0,151.0,159.0,189.0,59.0,87.0,59.0,83.0,18.0,85.0,25.0,32.0,25.0,13.0,41.0,45.0,1220.0,17,031,252102,3,170312521023
418.0,119.0,32.0,19.0,5.0,89.0,27.0,104.0,2.0,9.0,2.0,68.0,17.0,15.0,38.0,60.0,1024.0,17,031,252102,4,170312521024
185.0,241.0,85.0,7.0,0.0,2.0,1.0,25.0,5.0,7.0,3.0,10.0,15.0,16.0,22.0,47.0,671.0,17,031,252201,1,170312522011
148.0,108.0,129.0,0.0,29.0,3.0,45.0,5.0,5.0,88.0,1.0,32.0,14.0,13.0,20.0,44.0,684.0,17,031,252201,2,170312522012
46.0,116.0,17.0,1.0,54.0,179.0,67.0,76.0,102.0,0.0,57.0,232.0,158.0,32.0,72.0,34.0,1243.0,17,031,252201,3,170312522013
49.0,5.0,47.0,84.0,0.0,253.0,4.0,0.0,1.0,80.0,92.0,86.0,6.0,146.0,28.0,94.0,975.0,17,031,252202,1,170312522021
597.0,49.0,73.0,95.0,0.0,41.0,74.0,3.0,1.0,0.0,43.0,3.0,13.0,19.0,35.0,51.0,1097.0,17,031,252202,2,170312522022
156.0,62.0,146.0,105.0,84.0,30.0,84.0,3.0,0.0,2.0,103.0,94.0,13.0,55.0,31.0,53.0,1021.0,17,031,252202,3,170312522023
132.0,3.0,46.0,129.0,4.0,75.0,107.0,21.0,2.0,50.0,88.0,0.0,14.0,15.0,40.0,35.0,761.0,17,031,252202,4,170312522024
231.0,92.0,24.0,1.0,1.0,3.0,136.0,25.0,39.0,17.0,45.0,87.0,78.0,28.0,27.0,43.0,877.0,17,031,252202,5,170312522025
330.0,155.0,160.0,54.0,6.0,75.0,11.0,30.0,7.0,23.0,4.0,74.0,9.0,24.0,35.0,44.0,1041.0,17,031,260100,1,170312601001
321.0,79.0,67.0,143.0,38.0,23.0,180.0,17.0,2.0,114.0,7.0,126.0,13.0,16.0,46.0,82.0,1274.0,17,031,260200,1,170312602001
255.0,107.0,175.0,56.0,99.0,28.0,120.0,49.0,63.0,137.0,124.0,10.0,55.0,50.0,39.0,44.0,1411.0,17,031,260300,1,170312603001
247.0,120.0,182.0,146.0,187.0,200.0,23.0,33.0,13.0,66.0,110.0,52.0,25.0,9.0,44.0,47.0,1504.0,17,031,260400,1,170312604001
512.0,3.0,149.0,40.0,163.0,166.0,12.0,114.0,134.0,122.0,68.0,165.0,39.0,16.0,31.0,45.0,1779.0,17,031,260500,1,170312605001
179.0,170.0,176.0,12.0,1.0,4.0,5.0,61.0,4.0,139.0,28.0,187.0,13.0,18.0,26.0,55.0,1078.0,17,031,260600,1,170312606001
296.0,157.0,57.0,83.0,164.0,96.0,2.0,29.0,79.0,90.0,131.0,209.0,10.0,32.0,29.0,62.0,1526.0,17,031,260600,2,170312606002
176.0,89.0,2.0,106.0,150.0,19.0,0.0,1.0,94.0,50.0,1.0,3.0,8.0,61.0,41.0,54.0,855.0,17,031,260700,1,170312607001
292.0,13.0,101.0,191.0,67.0,19.0,6.0,90.0,35.0,32.0,58.0,204.0,18.0,16.0,34.0,56.0,1232.0,17,031,260700,2,170312607002
260.0,83.0,146.0,22.0,78.0,87.0,14.0,107.0,116.0,88.0,58.0,121.0,32.0,25.0,32.0,92.0,1361.0,17,031,260800,1,170312608001
197.0,118.0,95.0,87.0,33.0,117.0,63.0,5.0,14.0,61.0,131.0,41.0,12.0,44.0,24.0,34.0,1076.0,17,031,260800,2,170312608002
300.0,29.0,75.0,1.0,48.0,37.0,5.0,39.0,9.0,8.0,124.0,96.0,15.0,15.0,24.0,48.0,873.0,17,031,260900,1,170312609001
292.0,67.0,5.0,40.0,8.0,9.0,65.0,52.0,24.0,2.0,47.0,27.0,111.0,30.0,30.0,53.0,862.0,17,031,260900,2,170312609002
177.0,60.0,98.0,8.0,65.0,100.0,98.0,69.0,27.0,134.0,146.0,141.0,29.0,77.0,44.0,64.0,1337.0,17,031,261000,1,170312610001
266.0,95.0,56.0,61.0,63.0,73.0,30.0,75.0,0.0,46.0,148.0,26.0,46.0,89.0,61.0,49.0,1184.0,17,031,261000,2,170312610002
502.0,305.0,177.0,175.0,142.0,69.0,22.0,49.0,0.0,185.0,64.0,84.0,1.0,16.0,43.0,102.0,1936.0,17,031,270500,1,170312705001
178.0,131.0,75.0,22.0,138.0,69.0,8.0,34.0,2.0,69.0,49.0,51.0,14.0,71.0,20.0,63.0,994.0,17,031,271200,1,170312712001
297.0,188.0,63.0,60.0,55.0,23.0,68.0,51.0,50.0,1.0,107.0,3.0,19.0,14.0,112.0,30.0,1141.0,17,031,271300,1,170312713001
324.0,27.0,26.0,104.0,6.0,27.0,11.0,43.0,32.0,36.0,117.0,184.0,46.0,20.0,28.0,49.0,1080.0,17,031,271400,1,170312714001
262.0,219.0,74.0,65.0,120.0,14.0,40.0,113.0,0.0,21.0,94.0,58.0,59.0,44.0,26.0,40.0,1249.0,17,031,271500,1,170312715001
76.0,239.0,126.0,5.0,158.0,97.0,13.0,44.0,169.0,19.0,7.0,42.0,12.0,22.0,146.0,32.0,1207.0,17,031,271800,1,170312718001
261.0,32.0,1.0,88.0,1.0,37.0,15.0,40.0,142.0,68.0,506.0,832.0,935.0,549.0,564.0,794.0,4865.0,17,031,280100,1,170312801001
49.0,21.0,9.0,1.0,34.0,1.0,0.0,21.0,60.0,12.0,265.0,238.0,259.0,132.0,245.0,266.0,1613.0,17,031,280100,2,170312801002
512.0,84.0,42.0,21.0,2.0,66.0,30.0,49.0,7.0,73.0,63.0,91.0,41.0,39.0,36.0,43.0,1199.0,17,031,280400,1,170312804001
228.0,100.0,74.0,39.0,16.0,19.0,0.0,0.0,2.0,2.0,83.0,75.0,16.0,59.0,46.0,41.0,800.0,17,031,280800,1,170312808001
194.0,118.0,0.0,106.0,4.0,0.0,6.0,3.0,1.0,8.0,18.0,159.0,33.0,16.0,20.0,75.0,761.0,17,031,280900,1,170312809001
13.0,3.0,12.0,2.0,7.0,12.0,5.0,25.0,0.0,26.0,7.0,100.0,282.0,220.0,197.0,325.0,1236.0,17,031,281900,1,170312819001
252.0,21.0,9.0,1.0,4.0,5.0,7.0,113.0,2.0,160.0,387.0,297.0,66.0,69.0,107.0,45.0,1545.0,17,031,281900,2,170312819002
338.0,19.0,21.0,4.0,1.0,4.0,120.0,10.0,72.0,117.0,256.0,314.0,286.0,158.0,163.0,149.0,2032.0,17,031,281900,3,170312819003
86.0,5.0,152.0,41.0,72.0,27.0,92.0,9.0,44.0,133.0,196.0,236.0,66.0,103.0,72.0,56.0,1390.0,17,031,282700,1,170312827001
140.0,0.0,23.0,86.0,0.0,6.0,9.0,1.0,53.0,84.0,159.0,155.0,101.0,61.0,74.0,52.0,1004.0,17,031,282700,2,170312827002
79.0,2.0,16.0,63.0,1.0,105.0,155.0,18.0,51.0,87.0,223.0,183.0,164.0,101.0,181.0,108.0,1537.0,17,031,282800,1,170312828001
183.0,79.0,22.0,37.0,97.0,29.0,3.0,69.0,283.0,106.0,140.0,164.0,145.0,15.0,112.0,104.0,1588.0,17,031,283100,1,170312831001
308.0,3.0,5.0,113.0,56.0,56.0,4.0,14.0,53.0,13.0,38.0,64.0,88.0,70.0,114.0,108.0,1107.0,17,031,283100,2,170312831002
228.0,65.0,6.0,125.0,68.0,50.0,10.0,44.0,37.0,93.0,59.0,215.0,91.0,147.0,135.0,76.0,1449.0,17,031,283200,1,170312832001
50.0,71.0,3.0,36.0,29.0,25.0,2.0,2.0,3.0,9.0,0.0,19.0,42.0,46.0,50.0,45.0,432.0,17,031,283800,1,170312838001
471.0,284.0,6.0,127.0,66.0,4.0,37.0,71.0,124.0,156.0,159.0,551.0,263.0,149.0,237.0,160.0,2865.0,17,031,283800,2,170312838002
409.0,11.0,56.0,10.0,0.0,2.0,1.0,127.0,3.0,2.0,27.0,32.0,11.0,27.0,43.0,50.0,811.0,17,031,290900,1,170312909001
183.0,94.0,94.0,92.0,39.0,6.0,5.0,28.0,3.0,11.0,210.0,45.0,17.0,12.0,29.0,55.0,923.0,17,031,290900,2,170312909002
171.0,36.0,252.0,29.0,41.0,6.0,2.0,69.0,3.0,8.0,2.0,0.0,16.0,58.0,31.0,48.0,772.0,17,031,290900,3,170312909003
163.0,23.0,31.0,57.0,77.0,97.0,66.0,99.0,2.0,22.0,32.0,98.0,94.0,6.0,32.0,56.0,955.0,17,031,290900,4,170312909004
331.0,127.0,56.0,19.0,30.0,45.0,33.0,55.0,43.0,31.0,30.0,0.0,57.0,47.0,34.0,45.0,983.0,17,031,291200,1,170312912001
291.0,1.0,144.0,112.0,39.0,117.0,2.0,147.0,79.0,46.0,104.0,47.0,97.0,16.0,31.0,49.0,1322.0,17,031,291200,2,170312912002
69.0,83.0,1.0,85.0,54.0,51.0,37.0,2.0,8.0,79.0,0.0,172.0,33.0,20.0,57.0,54.0,805.0,17,031,291600,1,170312916001
413.0,66.0,15.0,22.0,1.0,8.0,1.0,60.0,5.0,5.0,1.0,39.0,17.0,45.0,22.0,77.0,797.0,17,031,292200,1,170312922001
377.0,108.0,79.0,41.0,176.0,0.0,22.0,67.0,40.0,33.0,141.0,19.0,41.0,6.0,70.0,48.0,1268.0,17,031,292200,2,170312922002
119.0,47.0,6.0,37.0,47.0,66.0,35.0,80.0,1.0,51.0,24.0,25.0,108.0,20.0,40.0,57.0,763.0,17,031,292200,3,170312922003
467.0,66.0,224.0,86.0,9.0,20.0,1.0,63.0,0.0,27.0,0.0,80.0,88.0,28.0,25.0,58.0,1242.0,17,031,292400,1,170312924001
92.0,86.0,0.0,36.0,101.0,135.0,25.0,48.0,39.0,59.0,27.0,38.0,22.0,55.0,25.0,74.0,862.0,17,031,292400,2,170312924002
55.0,25.0,52.0,288.0,164.0,25.0,3.0,3.0,1.0,60.0,127.0,3.0,120.0,25.0,20.0,48.0,1019.0,17,031,292500,1,170312925001
9.0,343.0,289.0,193.0,0.0,99.0,115.0,5.0,97.0,266.0,70.0,173.0,51.0,21.0,54.0,46.0,1831.0,17,031,292500,2,170312925002
385.0,12.0,82.0,9.0,4.0,9.0,41.0,44.0,3.0,124.0,93.0,61.0,129.0,19.0,24.0,39.0,1078.0,17,031,292500,3,170312925003
26.0,4.0,3.0,5.0,11.0,2.0,12.0,0.0,5.0,41.0,11.0,8.0,10.0,63.0,23.0,60.0,284.0,17,031,292500,4,170312925004
73.0,27.0,27.0,12.0,89.0,196.0,72.0,4.0,4.0,28.0,64.0,7.0,11.0,74.0,23.0,68.0,779.0,17,031,300500,1,170313005001
172.0,187.0,51.0,179.0,64.0,244.0,325.0,127.0,107.0,264.0,186.0,105.0,53.0,20.0,23.0,45.0,2152.0,17,031,300500,2,170313005002
101.0,81.0,32.0,95.0,61.0,68.0,112.0,24.0,46.0,155.0,241.0,104.0,28.0,94.0,56.0,72.0,1370.0,17,031,300600,1,170313006001
116.0,335.0,70.0,44.0,207.0,61.0,210.0,22.0,82.0,215.0,172.0,191.0,8.0,8.0,54.0,43.0,1838.0,17,031,300600,2,170313006002
185.0,479.0,240.0,158.0,170.0,68.0,88.0,1.0,172.0,132.0,79.0,236.0,30.0,145.0,45.0,46.0,2274.0,17,031,300700,1,170313007001
77.0,206.0,79.0,77.0,57.0,166.0,199.0,18.0,7.0,261.0,5.0,5.0,77.0,11.0,19.0,64.0,1328.0,17,031,300700,2,170313007002
270.0,22.0,44.0,1.0,110.0,12.0,186.0,69.0,5.0,3.0,78.0,81.0,19.0,80.0,37.0,40.0,1057.0,17,031,300700,3,170313007003
43.0,42.0,425.0,287.0,27.0,134.0,142.0,148.0,140.0,162.0,97.0,196.0,25.0,13.0,26.0,65.0,1972.0,17,031,300800,1,170313008001
204.0,81.0,591.0,196.0,287.0,103.0,143.0,26.0,56.0,349.0,143.0,116.0,161.0,109.0,25.0,51.0,2641.0,17,031,300800,2,170313008002
143.0,253.0,128.0,200.0,73.0,6.0,224.0,4.0,127.0,52.0,0.0,64.0,59.0,28.0,31.0,57.0,1449.0,17,031,300900,1,170313009001
250.0,193.0,30.0,143.0,128.0,96.0,56.0,2.0,101.0,162.0,0.0,87.0,51.0,46.0,24.0,59.0,1428.0,17,031,300900,2,170313009002
8.0,168.0,14.0,199.0,75.0,96.0,67.0,5.0,1.0,90.0,1.0,107.0,114.0,9.0,17.0,86.0,1057.0,17,031,300900,3,170313009003
151.0,50.0,39.0,120.0,232.0,11.0,101.0,27.0,111.0,77.0,101.0,108.0,7.0,66.0,36.0,53.0,1290.0,17,031,301100,1,170313011001
326.0,180.0,151.0,86.0,304.0,7.0,0.0,124.0,6.0,143.0,182.0,117.0,102.0,45.0,26.0,55.0,1854.0,17,031,301100,2,170313011002
116.0,84.0,143.0,116.0,4.0,34.0,6.0,81.0,11.0,101.0,134.0,63.0,93.0,3.0,29.0,58.0,1076.0,17,031,301200,1,170313012001
32.0,47.0,33.0,0.0,74.0,45.0,79.0,28.0,6.0,56.0,42.0,0.0,8.0,11.0,27.0,46.0,534.0,17,031,301200,2,170313012002
208.0,42.0,174.0,329.0,30.0,234.0,217.0,128.0,81.0,172.0,88.0,0.0,19.0,21.0,29.0,61.0,1833.0,17,031,301200,3,170313012003
304.0,185.0,520.0,161.0,295.0,95.0,1.0,130.0,270.0,61.0,29.0,2.0,108.0,128.0,39.0,58.0,2386.0,17,031,301600,1,170313016001
6.0,235.0,93.0,182.0,277.0,138.0,244.0,165.0,41.0,309.0,6.0,171.0,11.0,23.0,22.0,140.0,2063.0,17,031,301600,2,170313016002
55.0,4.0,230.0,98.0,93.0,30.0,35.0,0.0,226.0,1.0,26.0,4.0,10.0,15.0,16.0,46.0,889.0,17,031,301701,1,170313017011
4.0,239.0,2.0,37.0,241.0,203.0,57.0,67.0,310.0,294.0,32.0,4.0,236.0,18.0,28.0,53.0,1825.0,17,031,301701,2,170313017012
18.0,1.0,114.0,66.0,59.0,78.0,171.0,7.0,6.0,39.0,141.0,2.0,124.0,66.0,26.0,55.0,973.0,17,031,301701,3,170313017013
105.0,41.0,109.0,29.0,112.0,57.0,122.0,10.0,8.0,28.0,85.0,152.0,86.0,11.0,28.0,44.0,1027.0,17,031,301702,1,170313017021
72.0,197.0,12.0,601.0,196.0,2.0,31.0,125.0,19.0,6.0,41.0,13.0,7.0,63.0,21.0,55.0,1461.0,17,031,301702,2,170313017022
193.0,36.0,59.0,123.0,82.0,153.0,30.0,71.0,5.0,49.0,198.0,12.0,5.0,14.0,34.0,66.0,1130.0,17,031,301702,3,170313017023
23.0,44.0,155.0,26.0,3.0,254.0,261.0,15.0,43.0,109.0,58.0,1.0,67.0,34.0,41.0,56.0,1190.0,17,031,301801,1,170313018011
381.0,65.0,344.0,500.0,78.0,318.0,402.0,470.0,2.0,57.0,17.0,201.0,47.0,19.0,67.0,47.0,3015.0,17,031,301801,2,170313018012
41.0,2.0,134.0,2.0,3.0,132.0,56.0,134.0,0.0,34.0,78.0,30.0,67.0,27.0,29.0,58.0,827.0,17,031,301802,1,170313018021
63.0,212.0,8.0,63.0,27.0,21.0,80.0,85.0,6.0,126.0,8.0,300.0,16.0,18.0,21.0,67.0,1121.0,17,031,301802,2,170313018022
45.0,126.0,68.0,105.0,6.0,9.0,106.0,102.0,29.0,36.0,168.0,31.0,69.0,9.0,19.0,60.0,988.0,17,031,301802,3,170313018023
140.0,135.0,264.0,262.0,90.0,113.0,137.0,10.0,45.0,23.0,65.0,97.0,19.0,11.0,43.0,48.0,1502.0,17,031,301803,1,170313018031
135.0,2.0,231.0,64.0,42.0,342.0,441.0,242.0,4.0,472.0,96.0,45.0,19.0,23.0,138.0,77.0,2373.0,17,031,301803,2,170313018032
3.0,175.0,30.0,160.0,188.0,142.0,5.0,4.0,75.0,176.0,37.0,6.0,31.0,10.0,47.0,38.0,1127.0,17,031,301803,3,170313018033
24.0,54.0,91.0,2.0,44.0,20.0,7.0,3.0,0.0,40.0,102.0,89.0,116.0,128.0,29.0,60.0,809.0,17,031,310200,1,170313102001
0.0,18.0,2.0,1.0,24.0,50.0,2.0,25.0,73.0,59.0,119.0,42.0,78.0,23.0,45.0,95.0,656.0,17,031,310200,2,170313102002
205.0,46.0,63.0,34.0,46.0,58.0,94.0,8.0,56.0,85.0,87.0,205.0,188.0,98.0,122.0,65.0,1460.0,17,031,310300,1,170313103001
179.0,71.0,20.0,12.0,85.0,82.0,22.0,57.0,64.0,243.0,97.0,139.0,55.0,93.0,69.0,106.0,1394.0,17,031,310400,1,170313104001
39.0,123.0,262.0,179.0,0.0,107.0,122.0,106.0,29.0,123.0,163.0,209.0,77.0,43.0,31.0,62.0,1675.0,17,031,310500,1,170313105001
471.0,164.0,189.0,159.0,215.0,149.0,3.0,0.0,0.0,155.0,48.0,130.0,128.0,12.0,42.0,97.0,1962.0,17,031,310600,1,170313106001
126.0,107.0,67.0,258.0,72.0,69.0,74.0,2.0,111.0,183.0,3.0,47.0,92.0,22.0,103.0,86.0,1422.0,17,031,310600,2,170313106002
66.0,0.0,163.0,251.0,33.0,129.0,91.0,200.0,19.0,72.0,252.0,187.0,24.0,24.0,113.0,52.0,1676.0,17,031,310600,3,170313106003
164.0,109.0,76.0,34.0,63.0,124.0,34.0,75.0,0.0,8.0,185.0,135.0,81.0,17.0,36.0,51.0,1192.0,17,031,310700,1,170313107001
110.0,84.0,66.0,77.0,47.0,200.0,130.0,69.0,5.0,81.0,206.0,59.0,32.0,21.0,27.0,39.0,1253.0,17,031,310800,1,170313108001
48.0,9.0,17.0,4.0,273.0,66.0,33.0,149.0,0.0,38.0,256.0,41.0,40.0,15.0,34.0,52.0,1075.0,17,031,310800,2,170313108002
142.0,43.0,281.0,67.0,149.0,91.0,265.0,147.0,226.0,378.0,119.0,103.0,94.0,61.0,42.0,59.0,2267.0,17,031,310800,3,170313108003
173.0,151.0,21.0,98.0,242.0,49.0,31.0,58.0,222.0,10.0,160.0,79.0,57.0,54.0,31.0,54.0,1490.0,17,031,310900,1,170313109001
116.0,181.0,6.0,214.0,60.0,147.0,1.0,61.0,121.0,98.0,252.0,186.0,52.0,25.0,57.0,122.0,1699.0,17,031,310900,2,170313109002
142.0,104.0,268.0,262.0,9.0,57.0,48.0,0.0,2.0,163.0,291.0,144.0,34.0,111.0,61.0,82.0,1778.0,17,031,310900,3,170313109003
150.0,3.0,3.0,3.0,77.0,3.0,8.0,84.0,31.0,268.0,236.0,419.0,282.0,246.0,568.0,272.0,2653.0,17,031,320100,1,170313201001
311.0,0.0,5.0,2.0,30.0,147.0,56.0,146.0,69.0,68.0,50.0,164.0,347.0,25.0,305.0,270.0,1995.0,17,031,320100,2,170313201002
84.0,242.0,18.0,38.0,0.0,2.0,20.0,3.0,128.0,56.0,56.0,15.0,257.0,249.0,204.0,703.0,2075.0,17,031,320100,3,170313201003
263.0,9.0,1.0,51.0,92.0,82.0,4.0,239.0,2.0,222.0,65.0,535.0,776.0,360.0,359.0,476.0,3536.0,17,031,320100,4,170313201004
31.0,3.0,2.0,2.0,0.0,0.0,15.0,6.0,27.0,18.0,20.0,87.0,76.0,32.0,124.0,368.0,811.0,17,031,320400,1,170313204001
64.0,6.0,3.0,0.0,28.0,45.0,60.0,10.0,64.0,278.0,308.0,233.0,210.0,72.0,95.0,554.0,2030.0,17,031,320600,1,170313206001
296.0,304.0,36.0,3.0,10.0,1.0,3.0,34.0,28.0,41.0,146.0,419.0,236.0,310.0,159.0,371.0,2397.0,17,031,320600,2,170313206002
200.0,93.0,11.0,4.0,41.0,56.0,154.0,11.0,13.0,489.0,399.0,317.0,261.0,320.0,187.0,430.0,2986.0,17,031,330100,1,170313301001
130.0,1.0,131.0,12.0,142.0,3.0,63.0,455.0,267.0,425.0,668.0,704.0,531.0,199.0,592.0,531.0,4854.0,17,031,330100,2,170313301002
763.0,111.0,109.0,292.0,541.0,270.0,70.0,333.0,245.0,90.0,303.0,533.0,1102.0,187.0,553.0,1312.0,6814.0,17,031,330100,3,170313301003
56.0,119.0,282.0,58.0,168.0,25.0,99.0,132.0,44.0,118.0,254.0,405.0,330.0,52.0,214.0,276.0,2632.0,17,031,330100,4,170313301004
296.0,133.0,39.0,108.0,0.0,34.0,5.0,15.0,11.0,0.0,2.0,6.0,29.0,50.0,25.0,68.0,821.0,17,031,330200,1,170313302001
2.0,1.0,4.0,1.0,23.0,6.0,22.0,56.0,51.0,181.0,276.0,577.0,297.0,208.0,395.0,803.0,2903.0,17,031,330200,2,170313302002
423.0,153.0,42.0,139.0,126.0,20.0,95.0,22.0,68.0,85.0,83.0,80.0,4.0,129.0,122.0,91.0,1682.0,17,031,340300,1,170313403001
419.0,100.0,64.0,164.0,73.0,128.0,64.0,74.0,30.0,148.0,170.0,90.0,17.0,42.0,40.0,44.0,1667.0,17,031,340400,1,170313404001
443.0,233.0,10.0,50.0,75.0,17.0,24.0,39.0,4.0,139.0,58.0,269.0,95.0,87.0,47.0,67.0,1657.0,17,031,340500,1,170313405001
368.0,241.0,193.0,40.0,15.0,36.0,1.0,3.0,26.0,12.0,0.0,12.0,7.0,10.0,15.0,41.0,1020.0,17,031,340600,1,170313406001
146.0,43.0,1.0,50.0,14.0,42.0,11.0,59.0,93.0,64.0,35.0,21.0,50.0,18.0,37.0,46.0,730.0,17,031,350100,1,170313501001
191.0,3.0,54.0,27.0,3.0,43.0,12.0,53.0,83.0,238.0,221.0,103.0,61.0,8.0,29.0,57.0,1186.0,17,031,350100,2,170313501002
731.0,95.0,110.0,91.0,31.0,3.0,47.0,41.0,28.0,3.0,32.0,24.0,15.0,14.0,47.0,46.0,1358.0,17,031,350400,1,170313504001
63.0,5.0,116.0,0.0,134.0,1.0,28.0,77.0,23.0,51.0,111.0,71.0,101.0,98.0,102.0,53.0,1034.0,17,031,351000,1,170313510001
28.0,18.0,3.0,3.0,4.0,109.0,76.0,148.0,57.0,92.0,40.0,44.0,120.0,4.0,14.0,52.0,812.0,17,031,351000,2,170313510002
314.0,143.0,69.0,188.0,54.0,45.0,89.0,25.0,65.0,233.0,482.0,233.0,53.0,21.0,96.0,36.0,2146.0,17,031,351000,3,170313510003
694.0,345.0,137.0,130.0,3.0,35.0,18.0,48.0,6.0,27.0,48.0,4.0,21.0,18.0,27.0,78.0,1639.0,17,031,351100,1,170313511001
785.0,169.0,41.0,44.0,8.0,16.0,69.0,46.0,19.0,20.0,14.0,29.0,75.0,22.0,18.0,79.0,1454.0,17,031,351400,1,170313514001
20.0,18.0,24.0,66.0,2.0,42.0,4.0,20.0,10.0,1.0,8.0,3.0,45.0,32.0,41.0,69.0,405.0,17,031,351500,2,170313515002
564.0,137.0,138.0,42.0,136.0,63.0,129.0,66.0,87.0,45.0,5.0,44.0,34.0,32.0,28.0,63.0,1613.0,17,031,360200,1,170313602001
424.0,145.0,119.0,46.0,62.0,37.0,157.0,31.0,10.0,34.0,151.0,87.0,209.0,29.0,99.0,124.0,1764.0,17,031,380100,1,170313801001
30.0,0.0,4.0,0.0,3.0,42.0,2.0,0.0,1.0,28.0,1.0,2.0,28.0,13.0,31.0,59.0,244.0,17,031,380200,1,170313802001
389.0,256.0,146.0,165.0,1.0,69.0,56.0,4.0,61.0,9.0,61.0,44.0,33.0,31.0,51.0,105.0,1481.0,17,031,380200,2,170313802002
217.0,11.0,39.0,13.0,99.0,31.0,5.0,57.0,2.0,0.0,28.0,12.0,109.0,20.0,90.0,45.0,778.0,17,031,380500,1,170313805001
74.0,200.0,89.0,40.0,38.0,51.0,5.0,58.0,1.0,72.0,22.0,138.0,59.0,21.0,27.0,66.0,961.0,17,031,380700,1,170313807001
102.0,6.0,75.0,5.0,15.0,26.0,3.0,52.0,9.0,2.0,83.0,125.0,49.0,9.0,70.0,39.0,670.0,17,031,381200,1,170313812001
219.0,173.0,6.0,47.0,25.0,1.0,60.0,180.0,28.0,104.0,110.0,82.0,54.0,6.0,107.0,26.0,1228.0,17,031,381200,2,170313812002
277.0,74.0,19.0,174.0,124.0,11.0,149.0,0.0,40.0,204.0,125.0,354.0,35.0,6.0,37.0,75.0,1704.0,17,031,381400,1,170313814001
5.0,4.0,0.0,8.0,58.0,7.0,0.0,2.0,1.0,8.0,12.0,31.0,38.0,22.0,32.0,43.0,271.0,17,031,381500,1,170313815001
117.0,34.0,20.0,71.0,25.0,43.0,100.0,3.0,1.0,55.0,1.0,83.0,26.0,59.0,39.0,87.0,764.0,17,031,381800,1,170313818001
55.0,1.0,10.0,6.0,4.0,0.0,5.0,6.0,0.0,28.0,25.0,12.0,19.0,18.0,44.0,42.0,275.0,17,031,381800,2,170313818002
90.0,37.0,28.0,7.0,15.0,2.0,93.0,4.0,15.0,38.0,49.0,41.0,33.0,34.0,35.0,50.0,571.0,17,031,381900,1,170313819001
167.0,0.0,5.0,80.0,3.0,1.0,27.0,4.0,6.0,48.0,1.0,103.0,104.0,10.0,34.0,56.0,649.0,17,031,381900,2,170313819002
173.0,2.0,47.0,53.0,16.0,43.0,98.0,86.0,38.0,62.0,76.0,178.0,187.0,52.0,48.0,231.0,1390.0,17,031,390100,1,170313901001
123.0,75.0,83.0,10.0,70.0,36.0,25.0,44.0,3.0,29.0,116.0,16.0,131.0,38.0,90.0,106.0,995.0,17,031,390200,1,170313902001
8.0,61.0,2.0,8.0,5.0,64.0,39.0,10.0,1.0,1.0,19.0,84.0,155.0,42.0,54.0,84.0,637.0,17,031,390200,2,170313902002
450.0,40.0,72.0,152.0,30.0,82.0,16.0,3.0,48.0,0.0,4.0,6.0,16.0,31.0,24.0,40.0,1014.0,17,031,390300,1,170313903001
304.0,124.0,200.0,47.0,167.0,15.0,51.0,190.0,2.0,183.0,22.0,42.0,141.0,17.0,118.0,44.0,1667.0,17,031,390300,2,170313903002
101.0,126.0,30.0,15.0,85.0,200.0,89.0,114.0,7.0,35.0,0.0,48.0,56.0,31.0,48.0,143.0,1128.0,17,031,390400,1,170313904001
440.0,164.0,50.0,100.0,60.0,123.0,22.0,3.0,27.0,6.0,37.0,6.0,42.0,12.0,57.0,110.0,1259.0,17,031,390400,2,170313904002
146.0,85.0,95.0,67.0,46.0,58.0,159.0,79.0,0.0,92.0,32.0,127.0,53.0,130.0,115.0,298.0,1582.0,17,031,390500,1,170313905001
96.0,25.0,17.0,7.0,26.0,41.0,3.0,32.0,9.0,38.0,5.0,95.0,55.0,29.0,92.0,228.0,798.0,17,031,390600,1,170313906001
94.0,0.0,4.0,5.0,47.0,23.0,14.0,42.0,3.0,164.0,81.0,123.0,81.0,130.0,64.0,256.0,1131.0,17,031,390600,2,170313906002
0.0,1.0,138.0,129.0,5.0,2.0,4.0,44.0,15.0,85.0,108.0,77.0,287.0,45.0,130.0,202.0,1272.0,17,031,390700,1,170313907001
71.0,84.0,88.0,96.0,63.0,76.0,134.0,3.0,79.0,78.0,196.0,233.0,43.0,17.0,89.0,84.0,1434.0,17,031,390700,2,170313907002
667.0,115.0,80.0,166.0,172.0,85.0,2.0,327.0,57.0,336.0,333.0,368.0,288.0,80.0,195.0,93.0,3364.0,17,031,390700,3,170313907003
281.0,60.0,49.0,97.0,11.0,8.0,58.0,18.0,33.0,34.0,123.0,257.0,52.0,52.0,70.0,35.0,1238.0,17,031,400300,1,170314003001
228.0,75.0,202.0,130.0,22.0,46.0,52.0,2.0,0.0,10.0,49.0,99.0,16.0,28.0,21.0,62.0,1042.0,17,031,400400,1,170314004001
118.0,0.0,5.0,2.0,27.0,24.0,3.0,29.0,29.0,5.0,93.0,60.0,14.0,29.0,33.0,71.0,542.0,17,031,400400,2,170314004002
241.0,129.0,144.0,77.0,290.0,28.0,69.0,9.0,36.0,68.0,3.0,43.0,29.0,54.0,33.0,46.0,1299.0,17,031,400500,1,170314005001
222.0,137.0,98.0,1.0,57.0,49.0,92.0,83.0,1.0,41.0,6.0,84.0,92.0,12.0,34.0,63.0,1072.0,17,031,400500,2,170314005002
478.0,10.0,86.0,45.0,20.0,37.0,73.0,6.0,8.0,45.0,35.0,5.0,21.0,21.0,16.0,58.0,964.0,17,031,400800,1,170314008001
724.0,253.0,178.0,101.0,44.0,36.0,59.0,2.0,100.0,106.0,120.0,12.0,8.0,9.0,20.0,54.0,1826.0,17,031,400800,2,170314008002
138.0,2.0,2.0,89.0,108.0,78.0,73.0,51.0,31.0,9.0,57.0,9.0,17.0,7.0,35.0,47.0,753.0,17,031,410100,1,170314101001
163.0,141.0,43.0,8.0,45.0,36.0,104.0,26.0,15.0,101.0,120.0,16.0,66.0,135.0,46.0,72.0,1137.0,17,031,410100,2,170314101002
297.0,143.0,31.0,30.0,12.0,45.0,6.0,36.0,43.0,41.0,38.0,22.0,81.0,28.0,66.0,74.0,993.0,17,031,410200,1,170314102001
123.0,0.0,10.0,55.0,1.0,52.0,20.0,25.0,81.0,34.0,227.0,132.0,112.0,54.0,107.0,106.0,1139.0,17,031,410500,1,170314105001
318.0,58.0,57.0,31.0,90.0,92.0,63.0,90.0,54.0,19.0,45.0,149.0,63.0,46.0,93.0,57.0,1325.0,17,031,410500,2,170314105002
180.0,173.0,0.0,26.0,0.0,68.0,75.0,4.0,130.0,245.0,28.0,43.0,116.0,52.0,103.0,115.0,1358.0,17,031,410600,1,170314106001
102.0,71.0,28.0,118.0,0.0,7.0,4.0,55.0,14.0,60.0,29.0,28.0,36.0,94.0,47.0,76.0,769.0,17,031,410600,2,170314106002
335.0,16.0,85.0,104.0,27.0,141.0,111.0,46.0,9.0,209.0,360.0,119.0,49.0,105.0,63.0,98.0,1877.0,17,031,410700,1,170314107001
249.0,49.0,75.0,145.0,155.0,10.0,77.0,2.0,1.0,35.0,64.0,59.0,116.0,1.0,89.0,69.0,1196.0,17,031,410800,1,170314108001
302.0,125.0,1.0,58.0,63.0,153.0,13.0,110.0,86.0,174.0,258.0,206.0,51.0,89.0,109.0,89.0,1887.0,17,031,410800,2,170314108002
118.0,20.0,0.0,21.0,46.0,24.0,0.0,1.0,2.0,90.0,73.0,137.0,44.0,28.0,58.0,153.0,815.0,17,031,410900,1,170314109001
98.0,25.0,0.0,39.0,53.0,20.0,12.0,24.0,5.0,70.0,4.0,1.0,41.0,16.0,49.0,56.0,513.0,17,031,410900,2,170314109002
38.0,51.0,59.0,71.0,28.0,129.0,3.0,4.0,25.0,183.0,317.0,58.0,147.0,26.0,182.0,159.0,1480.0,17,031,410900,3,170314109003
94.0,53.0,0.0,8.0,80.0,4.0,6.0,77.0,40.0,151.0,154.0,191.0,252.0,52.0,45.0,114.0,1321.0,17,031,411000,1,170314110001
0.0,2.0,4.0,33.0,60.0,1.0,4.0,3.0,14.0,72.0,36.0,32.0,48.0,62.0,71.0,56.0,498.0,17,031,411000,2,170314110002
151.0,78.0,52.0,77.0,108.0,83.0,5.0,23.0,0.0,66.0,66.0,56.0,84.0,91.0,73.0,124.0,1137.0,17,031,411000,3,170314110003
91.0,8.0,46.0,5.0,53.0,3.0,40.0,60.0,5.0,26.0,83.0,64.0,134.0,57.0,171.0,186.0,1032.0,17,031,411100,1,170314111001
94.0,3.0,1.0,11.0,11.0,5.0,3.0,4.0,1.0,25.0,22.0,31.0,83.0,186.0,90.0,270.0,840.0,17,031,411100,2,170314111002
166.0,12.0,36.0,11.0,11.0,16.0,17.0,0.0,21.0,81.0,55.0,87.0,119.0,73.0,87.0,386.0,1178.0,17,031,411200,1,170314112001
31.0,0.0,33.0,4.0,2.0,2.0,3.0,1.0,0.0,1.0,16.0,53.0,45.0,26.0,45.0,168.0,430.0,17,031,411200,2,170314112002
438.0,51.0,190.0,40.0,37.0,86.0,8.0,23.0,7.0,108.0,26.0,11.0,22.0,58.0,37.0,63.0,1205.0,17,031,420100,1,170314201001
218.0,117.0,100.0,25.0,131.0,107.0,19.0,95.0,0.0,97.0,95.0,268.0,32.0,47.0,27.0,51.0,1429.0,17,031,420200,1,170314202001
270.0,43.0,32.0,73.0,40.0,117.0,62.0,16.0,42.0,27.0,113.0,84.0,72.0,57.0,34.0,137.0,1219.0,17,031,420300,1,170314203001
338.0,105.0,208.0,25.0,0.0,16.0,2.0,53.0,3.0,17.0,112.0,96.0,30.0,56.0,75.0,49.0,1185.0,17,031,420400,1,170314204001
214.0,178.0,31.0,62.0,40.0,34.0,6.0,27.0,63.0,30.0,72.0,87.0,11.0,15.0,47.0,60.0,977.0,17,031,420500,1,170314205001
229.0,95.0,48.0,73.0,132.0,2.0,53.0,84.0,4.0,59.0,128.0,49.0,18.0,3.0,38.0,37.0,1052.0,17,031,420500,2,170314205002
229.0,220.0,136.0,150.0,2.0,117.0,111.0,1.0,0.0,7.0,2.0,100.0,51.0,6.0,18.0,54.0,1204.0,17,031,420600,1,170314206001
263.0,62.0,118.0,48.0,74.0,87.0,3.0,7.0,15.0,1.0,39.0,27.0,5.0,14.0,36.0,55.0,854.0,17,031,420600,2,170314206002
63.0,0.0,152.0,61.0,29.0,72.0,14.0,41.0,5.0,8.0,8.0,33.0,9.0,39.0,39.0,42.0,615.0,17,031,420700,1,170314207001
87.0,2.0,0.0,15.0,66.0,2.0,5.0,94.0,39.0,3.0,34.0,88.0,15.0,23.0,21.0,44.0,538.0,17,031,420700,2,170314207002
50.0,77.0,104.0,11.0,23.0,1.0,29.0,31.0,0.0,3.0,5.0,24.0,21.0,10.0,59.0,53.0,501.0,17,031,420700,3,170314207003
242.0,59.0,8.0,71.0,69.0,130.0,2.0,46.0,79.0,134.0,1.0,63.0,20.0,9.0,32.0,41.0,1006.0,17,031,420700,4,170314207004
59.0,7.0,2.0,83.0,28.0,1.0,6.0,32.0,2.0,80.0,13.0,11.0,46.0,12.0,24.0,39.0,445.0,17,031,420700,5,170314207005
293.0,39.0,16.0,94.0,18.0,108.0,74.0,26.0,25.0,49.0,88.0,33.0,82.0,44.0,71.0,51.0,1111.0,17,031,420800,1,170314208001
195.0,169.0,145.0,115.0,7.0,1.0,95.0,31.0,38.0,28.0,50.0,69.0,13.0,37.0,62.0,46.0,1101.0,17,031,420800,2,170314208002
117.0,123.0,20.0,16.0,81.0,116.0,23.0,37.0,35.0,1.0,10.0,33.0,195.0,22.0,25.0,54.0,908.0,17,031,421200,1,170314212001
108.0,67.0,136.0,68.0,4.0,98.0,63.0,49.0,0.0,0.0,3.0,16.0,12.0,50.0,41.0,54.0,769.0,17,031,421200,2,170314212002
156.0,1.0,44.0,4.0,31.0,76.0,4.0,21.0,85.0,14.0,224.0,76.0,1.0,22.0,35.0,62.0,856.0,17,031,430101,1,170314301011
261.0,92.0,35.0,2.0,6.0,9.0,3.0,3.0,76.0,60.0,129.0,8.0,26.0,68.0,20.0,53.0,851.0,17,031,430101,2,170314301012
186.0,27.0,32.0,3.0,169.0,2.0,3.0,2.0,64.0,0.0,178.0,4.0,76.0,13.0,34.0,52.0,845.0,17,031,430101,3,170314301013
161.0,60.0,87.0,176.0,122.0,169.0,2.0,32.0,2.0,79.0,114.0,106.0,55.0,70.0,26.0,38.0,1299.0,17,031,430101,4,170314301014
212.0,16.0,197.0,30.0,75.0,85.0,118.0,276.0,51.0,41.0,140.0,136.0,87.0,24.0,30.0,73.0,1591.0,17,031,430102,1,170314301021
63.0,10.0,219.0,55.0,8.0,6.0,41.0,3.0,7.0,4.0,82.0,69.0,7.0,14.0,29.0,42.0,659.0,17,031,430102,2,170314301022
349.0,127.0,24.0,29.0,186.0,3.0,29.0,10.0,5.0,42.0,91.0,45.0,35.0,30.0,20.0,45.0,1070.0,17,031,430102,3,170314301023
1.0,126.0,1.0,43.0,43.0,0.0,0.0,94.0,0.0,4.0,3.0,4.0,52.0,15.0,20.0,125.0,531.0,17,031,430200,1,170314302001
3.0,0.0,3.0,1.0,40.0,8.0,92.0,88.0,0.0,1.0,139.0,21.0,19.0,6.0,48.0,136.0,605.0,17,031,430200,2,170314302002
293.0,99.0,6.0,134.0,67.0,4.0,3.0,67.0,48.0,73.0,6.0,100.0,25.0,19.0,46.0,51.0,1041.0,17,031,430200,3,170314302003
207.0,210.0,40.0,96.0,4.0,101.0,5.0,2.0,8.0,140.0,0.0,127.0,55.0,12.0,27.0,134.0,1168.0,17,031,430200,4,170314302004
693.0,303.0,234.0,1.0,1.0,132.0,28.0,3.0,5.0,46.0,2.0,36.0,118.0,11.0,27.0,52.0,1692.0,17,031,430200,5,170314302005
228.0,91.0,6.0,62.0,65.0,53.0,26.0,10.0,39.0,175.0,24.0,131.0,74.0,55.0,27.0,53.0,1119.0,17,031,430300,1,170314303001
137.0,97.0,21.0,14.0,28.0,0.0,43.0,50.0,2.0,34.0,22.0,7.0,33.0,21.0,24.0,41.0,574.0,17,031,430300,2,170314303002
136.0,81.0,0.0,53.0,9.0,0.0,4.0,0.0,6.0,65.0,13.0,23.0,11.0,13.0,29.0,38.0,481.0,17,031,430300,3,170314303003
151.0,31.0,11.0,50.0,2.0,9.0,68.0,1.0,32.0,74.0,37.0,53.0,4.0,25.0,38.0,60.0,646.0,17,031,430400,1,170314304001
95.0,1.0,92.0,0.0,55.0,1.0,42.0,4.0,0.0,3.0,2.0,3.0,27.0,5.0,34.0,47.0,411.0,17,031,430400,2,170314304002
223.0,63.0,16.0,85.0,65.0,4.0,4.0,44.0,22.0,47.0,164.0,31.0,9.0,15.0,66.0,51.0,909.0,17,031,430400,3,170314304003
319.0,1.0,146.0,104.0,3.0,0.0,4.0,75.0,3.0,2.0,171.0,68.0,15.0,119.0,17.0,46.0,1093.0,17,031,430400,4,170314304004
476.0,194.0,70.0,17.0,90.0,4.0,52.0,10.0,104.0,41.0,52.0,5.0,43.0,72.0,43.0,47.0,1320.0,17,031,430500,1,170314305001
292.0,15.0,131.0,100.0,28.0,91.0,34.0,145.0,1.0,77.0,164.0,36.0,21.0,74.0,44.0,49.0,1302.0,17,031,430500,2,170314305002
152.0,127.0,2.0,51.0,14.0,109.0,43.0,72.0,13.0,36.0,131.0,75.0,6.0,10.0,35.0,54.0,930.0,17,031,430500,3,170314305003
97.0,4.0,33.0,41.0,122.0,43.0,1.0,2.0,12.0,1.0,16.0,35.0,48.0,57.0,86.0,80.0,678.0,17,031,430600,1,170314306001
221.0,0.0,130.0,52.0,3.0,36.0,8.0,16.0,1.0,98.0,99.0,75.0,34.0,41.0,86.0,62.0,962.0,17,031,430600,2,170314306002
236.0,94.0,50.0,67.0,82.0,185.0,95.0,12.0,3.0,170.0,134.0,136.0,29.0,64.0,58.0,46.0,1461.0,17,031,430700,1,170314307001
178.0,162.0,1.0,12.0,37.0,19.0,35.0,1.0,6.0,72.0,3.0,71.0,35.0,18.0,19.0,47.0,716.0,17,031,430700,2,170314307002
60.0,2.0,0.0,107.0,44.0,2.0,68.0,158.0,5.0,64.0,49.0,98.0,78.0,47.0,52.0,83.0,917.0,17,031,430800,1,170314308001
107.0,49.0,24.0,74.0,59.0,116.0,2.0,41.0,10.0,4.0,5.0,25.0,30.0,84.0,42.0,58.0,730.0,17,031,430800,2,170314308002
231.0,65.0,100.0,4.0,53.0,4.0,46.0,6.0,15.0,82.0,85.0,69.0,34.0,19.0,31.0,45.0,889.0,17,031,430900,1,170314309001
85.0,18.0,1.0,0.0,20.0,2.0,1.0,5.0,5.0,36.0,7.0,17.0,56.0,40.0,29.0,43.0,365.0,17,031,430900,2,170314309002
52.0,68.0,4.0,34.0,102.0,54.0,85.0,47.0,73.0,140.0,316.0,591.0,126.0,75.0,32.0,58.0,1857.0,17,031,431200,1,170314312001
132.0,100.0,35.0,41.0,76.0,3.0,251.0,2.0,88.0,79.0,101.0,257.0,10.0,34.0,43.0,86.0,1338.0,17,031,431200,2,170314312002
22.0,38.0,5.0,72.0,3.0,4.0,2.0,57.0,1.0,15.0,5.0,14.0,6.0,19.0,30.0,41.0,334.0,17,031,431301,1,170314313011
226.0,183.0,70.0,199.0,27.0,72.0,82.0,195.0,24.0,68.0,52.0,211.0,48.0,7.0,30.0,61.0,1555.0,17,031,431301,2,170314313012
279.0,54.0,225.0,466.0,7.0,5.0,51.0,86.0,1.0,48.0,4.0,70.0,50.0,17.0,48.0,52.0,1463.0,17,031,431301,3,170314313013
207.0,148.0,91.0,85.0,225.0,34.0,62.0,17.0,20.0,1.0,8.0,81.0,13.0,14.0,32.0,42.0,1080.0,17,031,431302,1,170314313021
169.0,84.0,125.0,7.0,5.0,1.0,22.0,5.0,5.0,18.0,75.0,44.0,6.0,9.0,31.0,43.0,649.0,17,031,431302,2,170314313022
460.0,154.0,53.0,86.0,72.0,31.0,158.0,53.0,27.0,70.0,8.0,119.0,181.0,57.0,25.0,57.0,1611.0,17,031,431302,3,170314313023
456.0,149.0,179.0,157.0,103.0,158.0,6.0,99.0,45.0,129.0,330.0,253.0,139.0,47.0,28.0,45.0,2323.0,17,031,431400,1,170314314001
172.0,91.0,58.0,72.0,2.0,167.0,123.0,18.0,13.0,13.0,60.0,3.0,48.0,23.0,23.0,59.0,945.0,17,031,431400,2,170314314002
566.0,47.0,275.0,142.0,12.0,8.0,171.0,26.0,13.0,75.0,60.0,0.0,118.0,39.0,22.0,53.0,1627.0,17,031,431400,3,170314314003
2.0,16.0,3.0,42.0,3.0,52.0,15.0,8.0,32.0,137.0,0.0,0.0,6.0,25.0,25.0,46.0,412.0,17,031,431400,4,170314314004
231.0,31.0,98.0,108.0,49.0,87.0,19.0,1.0,115.0,219.0,73.0,80.0,48.0,7.0,23.0,60.0,1249.0,17,031,440101,1,170314401011
99.0,153.0,5.0,48.0,93.0,10.0,111.0,51.0,33.0,36.0,85.0,58.0,6.0,19.0,27.0,47.0,881.0,17,031,440101,2,170314401012
13.0,103.0,7.0,0.0,118.0,0.0,8.0,18.0,1.0,0.0,5.0,25.0,49.0,15.0,136.0,47.0,545.0,17,031,440101,3,170314401013
294.0,31.0,102.0,48.0,42.0,82.0,96.0,1.0,2.0,97.0,32.0,33.0,16.0,10.0,43.0,57.0,986.0,17,031,440101,4,170314401014
207.0,165.0,247.0,34.0,19.0,177.0,21.0,124.0,6.0,3.0,96.0,1.0,27.0,5.0,45.0,57.0,1234.0,17,031,440102,1,170314401021
71.0,128.0,20.0,0.0,4.0,51.0,127.0,7.0,4.0,72.0,52.0,6.0,21.0,17.0,32.0,31.0,643.0,17,031,440102,2,170314401022
69.0,53.0,19.0,2.0,19.0,1.0,0.0,87.0,10.0,47.0,19.0,13.0,18.0,74.0,26.0,37.0,494.0,17,031,440102,3,170314401023
158.0,61.0,132.0,16.0,143.0,58.0,4.0,2.0,4.0,10.0,6.0,2.0,17.0,20.0,27.0,44.0,704.0,17,031,440102,4,170314401024
222.0,60.0,36.0,74.0,136.0,11.0,75.0,74.0,126.0,6.0,81.0,108.0,61.0,50.0,29.0,56.0,1205.0,17,031,440201,1,170314402011
458.0,48.0,165.0,56.0,109.0,10.0,250.0,12.0,189.0,6.0,4.0,287.0,20.0,18.0,29.0,50.0,1711.0,17,031,440201,2,170314402012
157.0,4.0,1.0,116.0,6.0,0.0,0.0,8.0,95.0,79.0,238.0,0.0,21.0,21.0,152.0,61.0,959.0,17,031,440201,3,170314402013
127.0,50.0,95.0,26.0,230.0,13.0,85.0,217.0,3.0,164.0,68.0,237.0,70.0,7.0,27.0,52.0,1471.0,17,031,440201,4,170314402014
431.0,0.0,98.0,169.0,208.0,29.0,122.0,4.0,55.0,80.0,84.0,167.0,92.0,38.0,103.0,50.0,1730.0,17,031,440202,1,170314402021
198.0,170.0,73.0,70.0,72.0,12.0,45.0,14.0,53.0,12.0,10.0,9.0,92.0,2.0,38.0,42.0,912.0,17,031,440202,2,170314402022
109.0,2.0,6.0,3.0,5.0,0.0,2.0,32.0,0.0,86.0,157.0,136.0,46.0,39.0,112.0,185.0,920.0,17,031,440202,3,170314402023
1.0,10.0,52.0,180.0,90.0,22.0,6.0,4.0,7.0,303.0,26.0,81.0,45.0,59.0,26.0,151.0,1063.0,17,031,440300,1,170314403001
11.0,58.0,92.0,92.0,10.0,17.0,31.0,44.0,64.0,181.0,222.0,178.0,231.0,157.0,73.0,47.0,1508.0,17,031,440300,2,170314403002
90.0,34.0,21.0,61.0,4.0,29.0,24.0,1.0,4.0,9.0,8.0,48.0,9.0,40.0,84.0,44.0,510.0,17,031,440300,3,170314403003
21.0,5.0,53.0,93.0,1.0,37.0,106.0,22.0,37.0,1.0,78.0,5.0,53.0,54.0,49.0,86.0,701.0,17,031,440300,4,170314403004
143.0,53.0,1.0,0.0,18.0,34.0,7.0,6.0,26.0,133.0,4.0,78.0,40.0,10.0,59.0,63.0,675.0,17,031,440300,5,170314403005
127.0,50.0,40.0,6.0,17.0,25.0,1.0,41.0,7.0,34.0,43.0,32.0,40.0,59.0,41.0,57.0,620.0,17,031,440600,1,170314406001
95.0,84.0,57.0,80.0,8.0,26.0,36.0,60.0,56.0,60.0,187.0,125.0,159.0,94.0,176.0,40.0,1343.0,17,031,440600,2,170314406002
23.0,0.0,117.0,20.0,59.0,15.0,9.0,149.0,7.0,68.0,4.0,51.0,24.0,31.0,45.0,59.0,681.0,17,031,440700,1,170314407001
109.0,0.0,0.0,18.0,26.0,14.0,20.0,29.0,0.0,99.0,65.0,126.0,37.0,93.0,73.0,52.0,761.0,17,031,440700,2,170314407002
204.0,15.0,66.0,70.0,2.0,32.0,23.0,26.0,5.0,49.0,3.0,81.0,43.0,44.0,19.0,44.0,726.0,17,031,440800,1,170314408001
323.0,106.0,64.0,13.0,9.0,61.0,10.0,69.0,95.0,67.0,18.0,27.0,19.0,23.0,20.0,59.0,983.0,17,031,440800,2,170314408002
78.0,38.0,77.0,62.0,26.0,21.0,2.0,33.0,9.0,19.0,12.0,23.0,58.0,29.0,42.0,47.0,576.0,17,031,440900,1,170314409001
174.0,9.0,3.0,67.0,13.0,46.0,42.0,25.0,2.0,41.0,132.0,143.0,37.0,13.0,21.0,42.0,810.0,17,031,440900,2,170314409002
51.0,94.0,104.0,1.0,9.0,9.0,81.0,40.0,34.0,89.0,94.0,84.0,134.0,11.0,132.0,39.0,1006.0,17,031,440900,3,170314409003
262.0,77.0,61.0,36.0,41.0,104.0,89.0,93.0,160.0,2.0,63.0,81.0,141.0,210.0,73.0,106.0,1599.0,17,031,450300,1,170314503001
71.0,4.0,12.0,35.0,25.0,0.0,11.0,25.0,10.0,56.0,105.0,92.0,32.0,22.0,35.0,45.0,580.0,17,031,450300,2,170314503002
12.0,5.0,70.0,70.0,27.0,80.0,98.0,3.0,1.0,7.0,0.0,143.0,121.0,72.0,89.0,74.0,872.0,17,031,450300,3,170314503003
21.0,0.0,19.0,141.0,2.0,71.0,2.0,2.0,10.0,92.0,57.0,45.0,27.0,67.0,33.0,53.0,642.0,17,031,450300,4,170314503004
109.0,135.0,55.0,1.0,7.0,90.0,38.0,142.0,73.0,8.0,4.0,77.0,19.0,20.0,40.0,63.0,881.0,17,031,460100,1,170314601001
121.0,81.0,24.0,30.0,143.0,89.0,4.0,1.0,46.0,52.0,97.0,103.0,145.0,15.0,18.0,146.0,1115.0,17,031,460100,2,170314601002
199.0,66.0,5.0,82.0,2.0,52.0,0.0,51.0,38.0,95.0,54.0,10.0,31.0,7.0,24.0,55.0,771.0,17,031,460100,3,170314601003
91.0,68.0,25.0,114.0,26.0,0.0,4.0,40.0,41.0,10.0,68.0,57.0,105.0,8.0,26.0,72.0,755.0,17,031,460100,4,170314601004
172.0,32.0,97.0,96.0,5.0,199.0,2.0,147.0,0.0,65.0,2.0,107.0,32.0,9.0,35.0,40.0,1040.0,17,031,460200,1,170314602001
397.0,132.0,51.0,84.0,172.0,31.0,74.0,36.0,45.0,134.0,61.0,5.0,26.0,67.0,167.0,68.0,1550.0,17,031,460200,2,170314602002
79.0,5.0,36.0,181.0,79.0,157.0,66.0,1.0,118.0,61.0,141.0,83.0,8.0,50.0,88.0,37.0,1190.0,17,031,460301,1,170314603011
30.0,63.0,103.0,1.0,27.0,0.0,6.0,7.0,16.0,0.0,215.0,54.0,42.0,4.0,30.0,50.0,648.0,17,031,460301,2,170314603012
119.0,4.0,72.0,101.0,32.0,7.0,10.0,170.0,2.0,2.0,4.0,88.0,6.0,71.0,33.0,38.0,759.0,17,031,460301,3,170314603013
135.0,178.0,111.0,48.0,12.0,4.0,133.0,5.0,5.0,0.0,52.0,44.0,7.0,20.0,127.0,38.0,919.0,17,031,460302,1,170314603021
110.0,5.0,40.0,128.0,40.0,46.0,0.0,82.0,6.0,0.0,4.0,52.0,8.0,17.0,91.0,50.0,679.0,17,031,460302,2,170314603022
76.0,141.0,31.0,65.0,4.0,190.0,3.0,56.0,0.0,6.0,51.0,4.0,13.0,12.0,26.0,58.0,736.0,17,031,460302,3,170314603023
223.0,320.0,12.0,275.0,1.0,6.0,0.0,82.0,51.0,0.0,33.0,20.0,8.0,55.0,42.0,64.0,1192.0,17,031,460302,4,170314603024
116.0,52.0,31.0,65.0,1.0,40.0,50.0,61.0,0.0,0.0,100.0,78.0,28.0,41.0,45.0,45.0,753.0,17,031,460400,1,170314604001
134.0,84.0,7.0,59.0,12.0,43.0,1.0,107.0,1.0,46.0,62.0,186.0,41.0,72.0,110.0,38.0,1003.0,17,031,460400,2,170314604002
33.0,7.0,20.0,15.0,46.0,31.0,5.0,11.0,38.0,60.0,10.0,74.0,81.0,6.0,28.0,59.0,524.0,17,031,460400,3,170314604003
117.0,1.0,6.0,27.0,58.0,40.0,53.0,16.0,59.0,5.0,78.0,150.0,34.0,17.0,120.0,26.0,807.0,17,031,460400,4,170314604004
7.0,50.0,0.0,22.0,0.0,24.0,5.0,29.0,68.0,3.0,6.0,5.0,25.0,18.0,32.0,44.0,338.0,17,031,460500,1,170314605001
2.0,44.0,0.0,10.0,49.0,17.0,14.0,13.0,1.0,26.0,2.0,70.0,32.0,15.0,100.0,51.0,446.0,17,031,460500,2,170314605002
68.0,6.0,128.0,197.0,25.0,0.0,10.0,187.0,17.0,110.0,45.0,3.0,49.0,43.0,31.0,57.0,976.0,17,031,460500,3,170314605003
2.0,3.0,99.0,20.0,57.0,0.0,1.0,63.0,1.0,111.0,179.0,0.0,10.0,8.0,21.0,48.0,623.0,17,031,460500,4,170314605004
0.0,5.0,1.0,4.0,2.0,1.0,141.0,13.0,3.0,75.0,31.0,204.0,68.0,85.0,17.0,52.0,702.0,17,031,460500,5,170314605005
54.0,6.0,83.0,41.0,0.0,31.0,4.0,118.0,12.0,13.0,2.0,60.0,164.0,7.0,36.0,31.0,662.0,17,031,460500,6,170314605006
76.0,70.0,85.0,2.0,91.0,141.0,95.0,73.0,116.0,22.0,56.0,60.0,17.0,14.0,18.0,77.0,1013.0,17,031,460500,7,170314605007
227.0,55.0,93.0,76.0,43.0,68.0,22.0,62.0,7.0,86.0,11.0,138.0,60.0,23.0,32.0,49.0,1052.0,17,031,460600,1,170314606001
522.0,279.0,83.0,106.0,140.0,6.0,111.0,53.0,2.0,65.0,42.0,4.0,8.0,10.0,31.0,48.0,1510.0,17,031,460700,1,170314607001
33.0,73.0,170.0,94.0,3.0,3.0,229.0,2.0,102.0,10.0,122.0,19.0,12.0,19.0,24.0,48.0,963.0,17,031,460700,2,170314607002
40.0,27.0,24.0,67.0,17.0,38.0,12.0,2.0,3.0,21.0,5.0,9.0,13.0,9.0,33.0,51.0,371.0,17,031,460700,3,170314607003
646.0,425.0,174.0,158.0,2.0,69.0,42.0,8.0,20.0,80.0,19.0,97.0,21.0,21.0,59.0,69.0,1910.0,17,031,461000,1,170314610001
3.0,45.0,263.0,13.0,8.0,114.0,1.0,0.0,8.0,312.0,26.0,53.0,91.0,13.0,53.0,48.0,1051.0,17,031,470100,1,170314701001
255.0,247.0,217.0,119.0,40.0,93.0,132.0,41.0,2.0,3.0,90.0,41.0,65.0,19.0,65.0,55.0,1484.0,17,031,470100,2,170314701002
7.0,0.0,36.0,40.0,23.0,77.0,50.0,11.0,5.0,44.0,122.0,118.0,79.0,91.0,74.0,124.0,901.0,17,031,480100,1,170314801001
7.0,1.0,61.0,46.0,0.0,150.0,73.0,56.0,27.0,39.0,174.0,151.0,144.0,35.0,58.0,69.0,1091.0,17,031,480100,2,170314801002
57.0,43.0,23.0,90.0,21.0,19.0,29.0,28.0,5.0,53.0,35.0,26.0,69.0,9.0,71.0,51.0,629.0,17,031,480200,1,170314802001
1.0,8.0,19.0,18.0,47.0,21.0,43.0,55.0,46.0,6.0,22.0,63.0,35.0,19.0,27.0,38.0,468.0,17,031,480200,2,170314802002
70.0,1.0,32.0,45.0,32.0,17.0,37.0,13.0,1.0,61.0,98.0,121.0,124.0,9.0,40.0,54.0,755.0,17,031,480300,1,170314803001
24.0,2.0,13.0,21.0,2.0,14.0,0.0,11.0,4.0,39.0,2.0,116.0,55.0,10.0,32.0,57.0,402.0,17,031,480300,2,170314803002
1.0,135.0,4.0,1.0,33.0,16.0,2.0,70.0,28.0,85.0,50.0,4.0,192.0,10.0,22.0,72.0,725.0,17,031,480400,1,170314804001
1.0,2.0,13.0,86.0,81.0,2.0,4.0,0.0,81.0,67.0,4.0,4.0,46.0,21.0,82.0,55.0,549.0,17,031,480400,2,170314804002
43.0,10.0,128.0,101.0,1.0,0.0,39.0,4.0,295.0,120.0,120.0,31.0,293.0,88.0,76.0,43.0,1392.0,17,031,480400,3,170314804003
29.0,1.0,1.0,0.0,15.0,100.0,36.0,58.0,238.0,107.0,84.0,173.0,11.0,142.0,111.0,157.0,1263.0,17,031,480400,4,170314804004
4.0,30.0,42.0,0.0,2.0,35.0,1.0,23.0,83.0,62.0,1.0,104.0,16.0,107.0,70.0,49.0,629.0,17,031,480400,5,170314804005
18.0,58.0,2.0,32.0,10.0,5.0,33.0,53.0,0.0,164.0,30.0,169.0,36.0,64.0,27.0,68.0,769.0,17,031,480400,6,170314804006
2.0,5.0,4.0,17.0,2.0,5.0,19.0,4.0,59.0,35.0,2.0,495.0,85.0,76.0,70.0,101.0,981.0,17,031,480400,7,170314804007
28.0,49.0,13.0,74.0,37.0,7.0,12.0,67.0,22.0,165.0,147.0,96.0,98.0,114.0,31.0,86.0,1046.0,17,031,480500,1,170314805001
48.0,57.0,2.0,59.0,30.0,65.0,5.0,41.0,35.0,73.0,113.0,96.0,28.0,12.0,20.0,35.0,719.0,17,031,480500,2,170314805002
202.0,13.0,100.0,28.0,56.0,9.0,60.0,0.0,6.0,68.0,3.0,252.0,49.0,61.0,98.0,34.0,1039.0,17,031,480500,3,170314805003
125.0,4.0,79.0,2.0,243.0,102.0,138.0,47.0,1.0,60.0,119.0,111.0,53.0,36.0,73.0,74.0,1267.0,17,031,490300,1,170314903001
15.0,25.0,104.0,10.0,6.0,1.0,6.0,5.0,63.0,71.0,139.0,147.0,154.0,109.0,81.0,59.0,995.0,17,031,490300,2,170314903002
104.0,51.0,50.0,20.0,5.0,7.0,0.0,9.0,65.0,133.0,62.0,142.0,82.0,107.0,44.0,61.0,942.0,17,031,490400,1,170314904001
42.0,0.0,0.0,30.0,3.0,2.0,68.0,38.0,38.0,139.0,55.0,124.0,46.0,27.0,33.0,50.0,695.0,17,031,490500,1,170314905001
105.0,2.0,172.0,71.0,19.0,8.0,69.0,78.0,0.0,228.0,152.0,247.0,72.0,22.0,59.0,49.0,1353.0,17,031,490500,2,170314905002
204.0,9.0,31.0,34.0,168.0,119.0,22.0,68.0,29.0,109.0,177.0,145.0,129.0,13.0,96.0,59.0,1412.0,17,031,490600,1,170314906001
5.0,23.0,47.0,109.0,39.0,18.0,56.0,10.0,0.0,46.0,63.0,54.0,24.0,14.0,25.0,43.0,576.0,17,031,490700,1,170314907001
172.0,48.0,17.0,41.0,1.0,63.0,6.0,78.0,20.0,42.0,129.0,27.0,47.0,13.0,20.0,58.0,782.0,17,031,490700,2,170314907002
178.0,208.0,93.0,30.0,5.0,67.0,102.0,9.0,8.0,152.0,84.0,296.0,72.0,63.0,67.0,41.0,1475.0,17,031,490700,3,170314907003
26.0,21.0,16.0,35.0,66.0,48.0,49.0,12.0,79.0,3.0,51.0,74.0,43.0,79.0,38.0,51.0,691.0,17,031,490800,1,170314908001
5.0,0.0,2.0,11.0,22.0,9.0,11.0,51.0,88.0,67.0,126.0,199.0,148.0,17.0,46.0,54.0,856.0,17,031,490800,2,170314908002
97.0,45.0,14.0,60.0,184.0,106.0,43.0,5.0,14.0,11.0,18.0,73.0,47.0,23.0,30.0,45.0,815.0,17,031,490800,3,170314908003
2.0,70.0,11.0,3.0,59.0,4.0,44.0,101.0,5.0,50.0,68.0,52.0,4.0,53.0,27.0,93.0,646.0,17,031,490800,4,170314908004
255.0,224.0,12.0,8.0,18.0,12.0,5.0,6.0,6.0,0.0,2.0,65.0,4.0,19.0,26.0,58.0,720.0,17,031,490800,5,170314908005
224.0,137.0,61.0,38.0,118.0,116.0,153.0,37.0,146.0,66.0,153.0,94.0,184.0,121.0,46.0,41.0,1735.0,17,031,490901,1,170314909011
335.0,52.0,143.0,28.0,1.0,162.0,5.0,85.0,49.0,183.0,16.0,2.0,48.0,18.0,30.0,40.0,1197.0,17,031,490901,2,170314909012
280.0,85.0,4.0,44.0,11.0,92.0,44.0,52.0,125.0,52.0,159.0,56.0,23.0,7.0,57.0,57.0,1148.0,17,031,490901,3,170314909013
54.0,3.0,21.0,160.0,1.0,38.0,26.0,48.0,22.0,267.0,119.0,12.0,98.0,64.0,48.0,60.0,1041.0,17,031,490902,1,170314909021
169.0,234.0,150.0,90.0,90.0,120.0,21.0,319.0,12.0,173.0,257.0,199.0,43.0,23.0,37.0,46.0,1983.0,17,031,490902,2,170314909022
48.0,103.0,84.0,3.0,53.0,17.0,10.0,6.0,3.0,10.0,36.0,68.0,57.0,48.0,27.0,59.0,632.0,17,031,490902,3,170314909023
5.0,1.0,34.0,138.0,35.0,3.0,132.0,111.0,6.0,129.0,72.0,249.0,25.0,73.0,46.0,46.0,1105.0,17,031,490902,4,170314909024
27.0,135.0,19.0,136.0,9.0,4.0,4.0,1.0,34.0,5.0,30.0,3.0,45.0,4.0,70.0,59.0,585.0,17,031,491000,1,170314910001
223.0,26.0,63.0,108.0,49.0,118.0,42.0,6.0,1.0,50.0,10.0,34.0,18.0,16.0,50.0,42.0,856.0,17,031,491000,2,170314910002
99.0,3.0,187.0,19.0,12.0,58.0,2.0,4.0,4.0,35.0,2.0,2.0,9.0,21.0,59.0,70.0,586.0,17,031,491000,3,170314910003
291.0,31.0,0.0,64.0,15.0,142.0,75.0,0.0,108.0,261.0,170.0,190.0,18.0,10.0,29.0,54.0,1458.0,17,031,491000,4,170314910004
570.0,133.0,94.0,170.0,188.0,195.0,47.0,4.0,123.0,100.0,158.0,45.0,36.0,13.0,19.0,47.0,1942.0,17,031,491000,5,170314910005
106.0,3.0,2.0,198.0,61.0,7.0,33.0,17.0,1.0,2.0,5.0,3.0,104.0,39.0,29.0,68.0,678.0,17,031,491100,1,170314911001
11.0,0.0,80.0,0.0,13.0,3.0,99.0,25.0,33.0,116.0,137.0,99.0,143.0,18.0,28.0,84.0,889.0,17,031,491100,2,170314911002
30.0,87.0,4.0,49.0,1.0,0.0,26.0,19.0,78.0,128.0,72.0,62.0,232.0,5.0,56.0,47.0,896.0,17,031,491100,3,170314911003
24.0,8.0,50.0,5.0,27.0,37.0,57.0,57.0,81.0,57.0,90.0,29.0,27.0,12.0,38.0,50.0,649.0,17,031,491100,4,170314911004
51.0,65.0,30.0,0.0,2.0,3.0,57.0,79.0,111.0,133.0,166.0,119.0,159.0,44.0,50.0,40.0,1109.0,17,031,491100,5,170314911005
117.0,110.0,49.0,41.0,6.0,15.0,166.0,20.0,1.0,243.0,45.0,148.0,62.0,68.0,72.0,85.0,1248.0,17,031,491200,1,170314912001
38.0,67.0,1.0,33.0,47.0,11.0,73.0,1.0,15.0,9.0,2.0,108.0,120.0,4.0,40.0,70.0,639.0,17,031,491200,2,170314912002
28.0,5.0,0.0,305.0,2.0,0.0,0.0,8.0,55.0,10.0,100.0,65.0,33.0,75.0,57.0,42.0,785.0,17,031,491200,3,170314912003
197.0,102.0,21.0,5.0,0.0,19.0,102.0,4.0,18.0,0.0,3.0,12.0,18.0,3.0,41.0,56.0,601.0,17,031,491300,1,170314913001
77.0,1.0,5.0,1.0,0.0,6.0,27.0,2.0,1.0,91.0,124.0,14.0,43.0,63.0,46.0,52.0,553.0,17,031,491300,2,170314913002
46.0,31.0,65.0,77.0,9.0,3.0,1.0,2.0,20.0,4.0,7.0,50.0,27.0,124.0,28.0,53.0,547.0,17,031,491300,3,170314913003
46.0,49.0,2.0,67.0,77.0,8.0,1.0,31.0,17.0,8.0,76.0,26.0,86.0,13.0,13.0,36.0,556.0,17,031,491300,4,170314913004
116.0,46.0,30.0,0.0,63.0,74.0,1.0,1.0,4.0,4.0,15.0,34.0,37.0,17.0,23.0,54.0,519.0,17,031,491400,1,170314914001
162.0,93.0,47.0,22.0,3.0,1.0,23.0,95.0,23.0,99.0,71.0,39.0,21.0,34.0,14.0,43.0,790.0,17,031,491400,2,170314914002
214.0,86.0,43.0,93.0,82.0,63.0,24.0,10.0,27.0,109.0,244.0,73.0,22.0,86.0,55.0,57.0,1288.0,17,031,491400,3,170314914003
83.0,112.0,13.0,5.0,3.0,10.0,42.0,0.0,45.0,33.0,46.0,69.0,170.0,22.0,26.0,38.0,717.0,17,031,500100,1,170315001001
0.0,15.0,18.0,3.0,38.0,3.0,5.0,27.0,6.0,178.0,13.0,205.0,64.0,47.0,39.0,44.0,705.0,17,031,500100,2,170315001002
8.0,57.0,18.0,18.0,157.0,5.0,6.0,11.0,11.0,8.0,122.0,38.0,51.0,39.0,26.0,57.0,632.0,17,031,500100,3,170315001003
207.0,179.0,7.0,22.0,1.0,57.0,4.0,76.0,135.0,129.0,107.0,106.0,81.0,18.0,24.0,32.0,1185.0,17,031,500100,4,170315001004
293.0,266.0,34.0,71.0,50.0,56.0,26.0,90.0,0.0,97.0,107.0,124.0,76.0,12.0,67.0,59.0,1428.0,17,031,500200,1,170315002001
156.0,2.0,4.0,26.0,13.0,7.0,91.0,1.0,5.0,11.0,18.0,90.0,94.0,4.0,36.0,50.0,608.0,17,031,500200,2,170315002002
62.0,6.0,63.0,27.0,2.0,116.0,1.0,55.0,41.0,4.0,62.0,66.0,32.0,35.0,37.0,51.0,660.0,17,031,500300,1,170315003001
118.0,150.0,2.0,5.0,42.0,9.0,1.0,26.0,31.0,98.0,79.0,127.0,62.0,27.0,21.0,47.0,845.0,17,031,500300,2,170315003002
207.0,61.0,63.0,36.0,220.0,162.0,195.0,0.0,1.0,66.0,93.0,71.0,179.0,53.0,105.0,93.0,1605.0,17,031,510100,1,170315101001
173.0,228.0,133.0,187.0,339.0,54.0,45.0,167.0,0.0,123.0,121.0,79.0,69.0,129.0,23.0,56.0,1926.0,17,031,510100,2,170315101002
0.0,14.0,2.0,38.0,0.0,5.0,30.0,61.0,82.0,25.0,68.0,109.0,15.0,92.0,69.0,76.0,686.0,17,031,510200,1,170315102001
2.0,35.0,1.0,139.0,2.0,101.0,51.0,64.0,0.0,4.0,109.0,191.0,29.0,14.0,46.0,27.0,815.0,17,031,510200,2,170315102002
290.0,75.0,48.0,17.0,20.0,59.0,55.0,27.0,37.0,7.0,99.0,89.0,98.0,110.0,41.0,52.0,1124.0,17,031,510200,3,170315102003
344.0,11.0,106.0,62.0,97.0,48.0,1.0,61.0,14.0,93.0,233.0,307.0,119.0,58.0,32.0,46.0,1632.0,17,031,510300,1,170315103001
91.0,16.0,96.0,13.0,119.0,125.0,79.0,158.0,1.0,25.0,137.0,67.0,116.0,15.0,131.0,59.0,1248.0,17,031,510300,2,170315103002
184.0,255.0,14.0,32.0,0.0,10.0,10.0,29.0,4.0,14.0,31.0,2.0,6.0,32.0,19.0,38.0,680.0,17,031,510300,3,170315103003
298.0,0.0,243.0,364.0,60.0,34.0,98.0,186.0,253.0,287.0,352.0,93.0,30.0,24.0,26.0,74.0,2422.0,17,031,510300,4,170315103004
202.0,90.0,216.0,208.0,192.0,171.0,133.0,88.0,134.0,131.0,239.0,144.0,125.0,15.0,90.0,84.0,2262.0,17,031,520100,1,170315201001
25.0,84.0,60.0,19.0,12.0,70.0,68.0,0.0,1.0,4.0,68.0,71.0,9.0,49.0,28.0,49.0,617.0,17,031,520200,1,170315202001
51.0,157.0,91.0,106.0,271.0,47.0,100.0,120.0,173.0,78.0,22.0,32.0,115.0,76.0,13.0,47.0,1499.0,17,031,520200,2,170315202002
90.0,114.0,78.0,194.0,290.0,81.0,198.0,80.0,61.0,206.0,206.0,104.0,4.0,6.0,22.0,59.0,1793.0,17,031,520200,3,170315202003
57.0,172.0,173.0,143.0,20.0,114.0,98.0,48.0,16.0,411.0,74.0,103.0,156.0,1.0,33.0,61.0,1680.0,17,031,520300,1,170315203001
232.0,131.0,44.0,115.0,78.0,205.0,48.0,85.0,2.0,13.0,233.0,284.0,125.0,65.0,26.0,66.0,1752.0,17,031,520300,2,170315203002
0.0,5.0,5.0,48.0,51.0,118.0,121.0,125.0,9.0,81.0,110.0,144.0,56.0,113.0,106.0,29.0,1121.0,17,031,520300,3,170315203003
67.0,63.0,170.0,74.0,19.0,41.0,85.0,1.0,43.0,185.0,191.0,148.0,224.0,0.0,72.0,65.0,1448.0,17,031,520300,4,170315203004
28.0,26.0,5.0,36.0,31.0,84.0,24.0,113.0,136.0,12.0,8.0,199.0,43.0,12.0,129.0,48.0,934.0,17,031,520400,1,170315204001
6.0,3.0,1.0,66.0,73.0,50.0,59.0,69.0,49.0,107.0,214.0,98.0,158.0,54.0,27.0,44.0,1078.0,17,031,520400,2,170315204002
107.0,0.0,44.0,28.0,138.0,34.0,5.0,9.0,49.0,81.0,47.0,111.0,212.0,6.0,32.0,55.0,958.0,17,031,520400,3,170315204003
118.0,8.0,65.0,66.0,7.0,4.0,1.0,157.0,1.0,10.0,21.0,93.0,7.0,30.0,51.0,59.0,698.0,17,031,520400,4,170315204004
83.0,0.0,13.0,59.0,3.0,3.0,1.0,8.0,1.0,42.0,35.0,47.0,12.0,89.0,29.0,98.0,523.0,17,031,520500,1,170315205001
44.0,10.0,62.0,129.0,93.0,122.0,122.0,92.0,30.0,8.0,403.0,352.0,202.0,176.0,114.0,70.0,2029.0,17,031,520500,2,170315205002
107.0,85.0,138.0,0.0,22.0,0.0,8.0,91.0,60.0,51.0,469.0,148.0,289.0,146.0,211.0,140.0,1965.0,17,031,520500,3,170315205003
87.0,86.0,305.0,305.0,65.0,220.0,343.0,154.0,72.0,163.0,182.0,444.0,159.0,11.0,326.0,51.0,2973.0,17,031,520600,1,170315206001
228.0,90.0,84.0,382.0,8.0,133.0,12.0,15.0,66.0,8.0,112.0,54.0,3.0,33.0,36.0,86.0,1350.0,17,031,530100,1,170315301001
232.0,82.0,64.0,1.0,2.0,1.0,25.0,0.0,54.0,89.0,2.0,2.0,18.0,9.0,32.0,50.0,663.0,17,031,530100,2,170315301002
7.0,263.0,16.0,8.0,148.0,20.0,52.0,2.0,10.0,4.0,68.0,89.0,52.0,13.0,28.0,54.0,834.0,17,031,530200,1,170315302001
180.0,94.0,247.0,226.0,188.0,2.0,7.0,5.0,3.0,148.0,68.0,0.0,83.0,14.0,25.0,44.0,1334.0,17,031,530200,2,170315302002
172.0,32.0,32.0,49.0,16.0,19.0,0.0,4.0,6.0,81.0,6.0,5.0,16.0,62.0,32.0,73.0,605.0,17,031,530200,3,170315302003
49.0,24.0,169.0,160.0,107.0,114.0,115.0,60.0,7.0,1.0,47.0,46.0,23.0,81.0,16.0,101.0,1120.0,17,031,530200,4,170315302004
287.0,138.0,133.0,18.0,7.0,74.0,8.0,7.0,51.0,79.0,5.0,15.0,14.0,16.0,27.0,44.0,923.0,17,031,530200,5,170315302005
116.0,7.0,1.0,16.0,0.0,107.0,23.0,0.0,3.0,28.0,232.0,21.0,29.0,26.0,32.0,38.0,679.0,17,031,530300,1,170315303001
157.0,56.0,34.0,6.0,28.0,158.0,2.0,2.0,17.0,41.0,148.0,71.0,90.0,16.0,62.0,62.0,950.0,17,031,530300,2,170315303002
10.0,202.0,90.0,117.0,59.0,170.0,28.0,1.0,7.0,103.0,101.0,157.0,97.0,53.0,56.0,66.0,1317.0,17,031,530300,3,170315303003
98.0,99.0,89.0,101.0,37.0,156.0,44.0,148.0,3.0,68.0,129.0,290.0,69.0,45.0,51.0,48.0,1475.0,17,031,530300,4,170315303004
284.0,17.0,38.0,6.0,60.0,51.0,55.0,46.0,36.0,9.0,2.0,129.0,64.0,36.0,66.0,30.0,929.0,17,031,530400,1,170315304001
46.0,7.0,30.0,31.0,11.0,49.0,5.0,71.0,0.0,56.0,97.0,326.0,92.0,98.0,74.0,56.0,1049.0,17,031,530400,2,170315304002
337.0,8.0,98.0,98.0,255.0,156.0,194.0,0.0,27.0,207.0,1.0,30.0,57.0,10.0,34.0,157.0,1669.0,17,031,530501,1,170315305011
204.0,89.0,79.0,163.0,57.0,15.0,1.0,59.0,43.0,216.0,10.0,74.0,15.0,132.0,40.0,39.0,1236.0,17,031,530501,2,170315305012
46.0,3.0,1.0,56.0,1.0,50.0,1.0,8.0,83.0,65.0,44.0,89.0,35.0,23.0,38.0,96.0,639.0,17,031,530501,3,170315305013
121.0,5.0,13.0,6.0,5.0,132.0,172.0,31.0,37.0,190.0,417.0,158.0,71.0,25.0,126.0,58.0,1567.0,17,031,530501,4,170315305014
116.0,35.0,137.0,80.0,145.0,32.0,103.0,56.0,34.0,149.0,152.0,193.0,103.0,24.0,53.0,39.0,1451.0,17,031,530502,1,170315305021
175.0,1.0,159.0,143.0,109.0,43.0,22.0,128.0,38.0,9.0,60.0,212.0,53.0,8.0,25.0,59.0,1244.0,17,031,530503,1,170315305031
174.0,74.0,234.0,0.0,2.0,124.0,7.0,218.0,65.0,124.0,236.0,202.0,113.0,73.0,65.0,49.0,1760.0,17,031,530503,2,170315305032
320.0,23.0,166.0,94.0,44.0,28.0,116.0,36.0,0.0,297.0,336.0,268.0,149.0,33.0,51.0,68.0,2029.0,17,031,530503,3,170315305033
307.0,82.0,251.0,25.0,13.0,95.0,0.0,48.0,91.0,5.0,52.0,37.0,151.0,23.0,34.0,63.0,1277.0,17,031,530600,1,170315306001
7.0,37.0,103.0,24.0,45.0,52.0,6.0,36.0,24.0,22.0,5.0,99.0,47.0,7.0,98.0,49.0,661.0,17,031,530600,2,170315306002
152.0,86.0,59.0,4.0,5.0,52.0,138.0,117.0,8.0,6.0,46.0,26.0,11.0,42.0,31.0,49.0,832.0,17,031,530600,3,170315306003
512.0,341.0,166.0,0.0,104.0,6.0,2.0,8.0,45.0,74.0,3.0,191.0,4.0,9.0,22.0,59.0,1546.0,17,031,540101,1,170315401011
47.0,166.0,16.0,36.0,32.0,11.0,5.0,8.0,9.0,7.0,13.0,26.0,15.0,16.0,31.0,34.0,472.0,17,031,540101,2,170315401012
577.0,296.0,169.0,1.0,76.0,203.0,71.0,74.0,5.0,64.0,9.0,4.0,16.0,17.0,39.0,60.0,1681.0,17,031,540101,3,170315401013
69.0,3.0,0.0,1.0,49.0,2.0,0.0,2.0,0.0,0.0,4.0,11.0,11.0,2.0,32.0,39.0,225.0,17,031,540101,4,170315401014
288.0,187.0,1.0,8.0,32.0,1.0,11.0,2.0,1.0,40.0,6.0,1.0,21.0,24.0,22.0,37.0,682.0,17,031,540102,1,170315401021
465.0,234.0,48.0,384.0,195.0,113.0,150.0,92.0,0.0,2.0,125.0,63.0,9.0,18.0,37.0,73.0,2008.0,17,031,540102,2,170315401022
117.0,95.0,24.0,38.0,81.0,1.0,32.0,39.0,1.0,65.0,13.0,1.0,13.0,21.0,23.0,41.0,605.0,17,031,540102,3,170315401023
3.0,150.0,24.0,14.0,2.0,1.0,35.0,1.0,25.0,30.0,316.0,342.0,111.0,101.0,227.0,44.0,1426.0,17,031,550100,1,170315501001
7.0,62.0,15.0,55.0,21.0,32.0,34.0,41.0,5.0,98.0,7.0,27.0,62.0,16.0,110.0,51.0,643.0,17,031,550100,2,170315501002
381.0,143.0,0.0,54.0,110.0,137.0,36.0,185.0,1.0,45.0,208.0,99.0,12.0,23.0,30.0,113.0,1577.0,17,031,550100,3,170315501003
9.0,22.0,58.0,124.0,269.0,32.0,2.0,2.0,17.0,108.0,25.0,48.0,67.0,11.0,101.0,60.0,955.0,17,031,550100,4,170315501004
18.0,4.0,4.0,3.0,16.0,3.0,61.0,9.0,1.0,21.0,2.0,44.0,177.0,32.0,106.0,69.0,570.0,17,031,550100,5,170315501005
470.0,0.0,35.0,6.0,30.0,127.0,25.0,173.0,164.0,38.0,84.0,126.0,55.0,159.0,70.0,57.0,1619.0,17,031,550100,6,170315501006
42.0,88.0,274.0,21.0,35.0,20.0,184.0,26.0,1.0,174.0,220.0,439.0,139.0,16.0,214.0,59.0,1952.0,17,031,550200,1,170315502001
59.0,2.0,31.0,57.0,7.0,9.0,0.0,30.0,0.0,8.0,40.0,88.0,181.0,22.0,28.0,52.0,614.0,17,031,550200,2,170315502002
63.0,75.0,33.0,53.0,34.0,15.0,9.0,23.0,56.0,212.0,60.0,168.0,31.0,63.0,65.0,65.0,1025.0,17,031,560100,1,170315601001
1.0,16.0,2.0,1.0,3.0,7.0,5.0,6.0,0.0,1.0,4.0,8.0,22.0,26.0,25.0,47.0,174.0,17,031,560200,1,170315602001
0.0,1.0,2.0,1.0,3.0,0.0,0.0,1.0,1.0,0.0,1.0,6.0,28.0,13.0,20.0,36.0,113.0,17,031,560200,2,170315602002
19.0,137.0,21.0,100.0,143.0,98.0,110.0,39.0,7.0,39.0,232.0,22.0,121.0,112.0,75.0,53.0,1328.0,17,031,560200,3,170315602003
0.0,114.0,24.0,29.0,89.0,79.0,165.0,64.0,58.0,180.0,214.0,360.0,86.0,56.0,189.0,60.0,1767.0,17,031,560300,1,170315603001
28.0,12.0,100.0,74.0,3.0,140.0,19.0,75.0,1.0,243.0,110.0,205.0,80.0,79.0,97.0,57.0,1323.0,17,031,560300,2,170315603002
41.0,2.0,6.0,70.0,59.0,190.0,120.0,64.0,15.0,115.0,219.0,172.0,148.0,17.0,81.0,48.0,1367.0,17,031,560400,1,170315604001
77.0,124.0,7.0,32.0,3.0,11.0,68.0,48.0,10.0,59.0,226.0,166.0,261.0,48.0,75.0,63.0,1278.0,17,031,560700,1,170315607001
85.0,136.0,188.0,32.0,113.0,38.0,121.0,113.0,13.0,258.0,315.0,326.0,117.0,170.0,47.0,67.0,2139.0,17,031,560700,2,170315607002
52.0,20.0,7.0,5.0,213.0,0.0,31.0,138.0,90.0,216.0,37.0,33.0,391.0,283.0,93.0,226.0,1835.0,17,031,560800,1,170315608001
53.0,79.0,88.0,146.0,77.0,134.0,17.0,31.0,1.0,80.0,72.0,110.0,102.0,25.0,46.0,111.0,1172.0,17,031,560800,2,170315608002
7.0,1.0,14.0,22.0,33.0,22.0,0.0,11.0,3.0,138.0,128.0,224.0,14.0,167.0,86.0,99.0,969.0,17,031,560800,3,170315608003
15.0,52.0,6.0,0.0,52.0,80.0,18.0,8.0,0.0,20.0,35.0,211.0,119.0,4.0,103.0,93.0,816.0,17,031,560800,4,170315608004
3.0,5.0,6.0,18.0,134.0,91.0,15.0,25.0,6.0,10.0,164.0,30.0,193.0,268.0,87.0,84.0,1139.0,17,031,560800,5,170315608005
46.0,3.0,7.0,75.0,3.0,142.0,33.0,28.0,3.0,152.0,62.0,195.0,143.0,148.0,200.0,76.0,1316.0,17,031,560900,1,170315609001
4.0,0.0,2.0,16.0,6.0,24.0,11.0,15.0,1.0,131.0,39.0,60.0,25.0,16.0,101.0,46.0,497.0,17,031,560900,2,170315609002
11.0,4.0,18.0,33.0,74.0,6.0,37.0,27.0,14.0,66.0,1.0,218.0,103.0,13.0,58.0,54.0,737.0,17,031,560900,3,170315609003
3.0,0.0,81.0,3.0,74.0,2.0,79.0,1.0,2.0,59.0,179.0,155.0,211.0,133.0,305.0,164.0,1451.0,17,031,560900,4,170315609004
3.0,8.0,57.0,30.0,10.0,2.0,69.0,20.0,3.0,57.0,48.0,156.0,118.0,67.0,132.0,99.0,879.0,17,031,560900,5,170315609005
47.0,24.0,2.0,55.0,0.0,2.0,1.0,5.0,59.0,4.0,30.0,49.0,43.0,14.0,59.0,106.0,500.0,17,031,560900,6,170315609006
125.0,99.0,3.0,21.0,63.0,11.0,4.0,10.0,20.0,50.0,54.0,226.0,110.0,73.0,109.0,62.0,1040.0,17,031,561000,1,170315610001
2.0,0.0,61.0,0.0,4.0,2.0,2.0,4.0,7.0,0.0,84.0,4.0,120.0,98.0,237.0,33.0,658.0,17,031,561000,2,170315610002
1.0,23.0,33.0,78.0,3.0,12.0,10.0,114.0,1.0,17.0,91.0,76.0,38.0,122.0,72.0,82.0,773.0,17,031,561000,3,170315610003
5.0,14.0,93.0,9.0,99.0,44.0,0.0,17.0,21.0,4.0,84.0,84.0,76.0,146.0,18.0,33.0,747.0,17,031,561000,4,170315610004
1.0,62.0,1.0,2.0,37.0,83.0,7.0,0.0,113.0,33.0,7.0,127.0,289.0,58.0,144.0,39.0,1003.0,17,031,561000,5,170315610005
43.0,59.0,6.0,42.0,5.0,41.0,5.0,110.0,7.0,18.0,64.0,77.0,70.0,71.0,31.0,87.0,736.0,17,031,561000,6,170315610006
9.0,4.0,16.0,49.0,63.0,59.0,6.0,59.0,16.0,105.0,25.0,117.0,99.0,14.0,39.0,45.0,725.0,17,031,561100,1,170315611001
9.0,29.0,133.0,56.0,0.0,6.0,1.0,13.0,0.0,6.0,115.0,103.0,169.0,109.0,233.0,50.0,1032.0,17,031,561100,2,170315611002
2.0,7.0,8.0,79.0,28.0,2.0,2.0,20.0,3.0,145.0,55.0,201.0,91.0,234.0,16.0,45.0,938.0,17,031,561100,3,170315611003
153.0,0.0,4.0,5.0,107.0,65.0,9.0,1.0,48.0,35.0,155.0,232.0,123.0,14.0,114.0,145.0,1210.0,17,031,561100,4,170315611004
4.0,0.0,47.0,39.0,99.0,1.0,37.0,6.0,13.0,63.0,4.0,40.0,153.0,144.0,174.0,147.0,971.0,17,031,561100,5,170315611005
3.0,3.0,0.0,21.0,3.0,0.0,1.0,76.0,10.0,77.0,16.0,139.0,121.0,118.0,222.0,123.0,933.0,17,031,561100,6,170315611006
80.0,3.0,81.0,46.0,8.0,127.0,88.0,32.0,62.0,45.0,178.0,196.0,109.0,72.0,86.0,51.0,1264.0,17,031,570100,1,170315701001
144.0,73.0,27.0,54.0,233.0,87.0,176.0,19.0,117.0,145.0,188.0,235.0,71.0,126.0,96.0,55.0,1846.0,17,031,570200,1,170315702001
2.0,49.0,274.0,19.0,0.0,117.0,143.0,125.0,1.0,253.0,226.0,121.0,111.0,106.0,31.0,55.0,1633.0,17,031,570300,1,170315703001
3.0,0.0,84.0,71.0,133.0,124.0,131.0,100.0,7.0,46.0,129.0,60.0,55.0,32.0,65.0,49.0,1089.0,17,031,570300,2,170315703002
67.0,137.0,36.0,207.0,190.0,58.0,297.0,73.0,9.0,173.0,6.0,170.0,130.0,127.0,103.0,70.0,1853.0,17,031,570300,3,170315703003
237.0,0.0,4.0,130.0,148.0,1.0,70.0,137.0,128.0,191.0,166.0,67.0,185.0,101.0,104.0,40.0,1709.0,17,031,570300,4,170315703004
44.0,5.0,14.0,149.0,44.0,79.0,34.0,3.0,51.0,118.0,167.0,85.0,96.0,9.0,60.0,57.0,1015.0,17,031,570400,1,170315704001
3.0,2.0,2.0,85.0,20.0,248.0,30.0,90.0,70.0,34.0,88.0,27.0,73.0,6.0,31.0,86.0,895.0,17,031,570400,2,170315704002
22.0,1.0,27.0,134.0,45.0,10.0,4.0,146.0,36.0,132.0,63.0,113.0,128.0,157.0,107.0,43.0,1168.0,17,031,570500,1,170315705001
36.0,76.0,69.0,125.0,48.0,136.0,272.0,54.0,16.0,118.0,83.0,120.0,60.0,42.0,34.0,55.0,1344.0,17,031,570500,2,170315705002
9.0,176.0,218.0,134.0,82.0,36.0,31.0,253.0,21.0,100.0,82.0,194.0,99.0,41.0,46.0,40.0,1562.0,17,031,580100,1,170315801001
32.0,218.0,130.0,181.0,4.0,133.0,54.0,56.0,39.0,4.0,22.0,249.0,120.0,65.0,42.0,53.0,1402.0,17,031,580100,2,170315801002
88.0,47.0,123.0,82.0,31.0,254.0,31.0,27.0,85.0,172.0,205.0,157.0,125.0,56.0,125.0,45.0,1653.0,17,031,580200,1,170315802001
247.0,2.0,285.0,1.0,246.0,188.0,106.0,38.0,177.0,42.0,10.0,129.0,95.0,16.0,30.0,65.0,1677.0,17,031,580200,2,170315802002
180.0,177.0,40.0,206.0,285.0,209.0,65.0,263.0,93.0,66.0,179.0,329.0,44.0,66.0,42.0,63.0,2307.0,17,031,580300,1,170315803001
148.0,91.0,13.0,52.0,161.0,40.0,265.0,97.0,8.0,70.0,3.0,42.0,48.0,9.0,72.0,59.0,1178.0,17,031,580400,1,170315804001
49.0,265.0,45.0,262.0,149.0,4.0,42.0,88.0,60.0,135.0,9.0,0.0,14.0,24.0,38.0,54.0,1238.0,17,031,580400,2,170315804002
36.0,40.0,56.0,36.0,22.0,42.0,68.0,95.0,336.0,131.0,25.0,14.0,41.0,4.0,72.0,112.0,1130.0,17,031,580400,3,170315804003
6.0,2.0,39.0,11.0,43.0,113.0,34.0,2.0,6.0,2.0,81.0,9.0,15.0,7.0,43.0,45.0,458.0,17,031,580400,4,170315804004
11.0,23.0,22.0,142.0,188.0,37.0,19.0,238.0,167.0,96.0,192.0,11.0,139.0,9.0,18.0,54.0,1366.0,17,031,580501,1,170315805011
119.0,4.0,96.0,0.0,1.0,71.0,63.0,88.0,22.0,4.0,54.0,8.0,20.0,16.0,32.0,43.0,641.0,17,031,580501,2,170315805012
54.0,37.0,10.0,3.0,444.0,148.0,59.0,57.0,164.0,493.0,4.0,184.0,66.0,110.0,28.0,62.0,1923.0,17,031,580501,3,170315805013
114.0,92.0,49.0,92.0,27.0,130.0,18.0,69.0,4.0,102.0,8.0,72.0,68.0,15.0,47.0,150.0,1057.0,17,031,580501,4,170315805014
9.0,69.0,64.0,64.0,46.0,306.0,32.0,26.0,4.0,143.0,0.0,346.0,26.0,52.0,29.0,28.0,1244.0,17,031,580502,1,170315805021
122.0,5.0,174.0,11.0,146.0,78.0,242.0,2.0,263.0,30.0,13.0,161.0,38.0,12.0,76.0,66.0,1439.0,17,031,580502,2,170315805022
114.0,126.0,108.0,203.0,167.0,94.0,70.0,44.0,108.0,59.0,157.0,136.0,316.0,246.0,29.0,74.0,2051.0,17,031,580502,3,170315805023
2.0,65.0,2.0,72.0,76.0,84.0,72.0,158.0,31.0,92.0,71.0,29.0,3.0,63.0,29.0,90.0,939.0,17,031,580600,1,170315806001
2.0,26.0,4.0,48.0,174.0,64.0,144.0,1.0,2.0,234.0,291.0,150.0,13.0,18.0,37.0,52.0,1260.0,17,031,580600,2,170315806002
35.0,3.0,110.0,198.0,192.0,0.0,148.0,99.0,57.0,33.0,113.0,23.0,86.0,28.0,40.0,65.0,1230.0,17,031,580600,3,170315806003
243.0,148.0,0.0,142.0,448.0,30.0,268.0,412.0,4.0,142.0,222.0,28.0,57.0,93.0,27.0,53.0,2317.0,17,031,580600,4,170315806004
61.0,34.0,1.0,48.0,97.0,18.0,1.0,3.0,130.0,4.0,110.0,34.0,10.0,101.0,33.0,33.0,718.0,17,031,580700,1,170315807001
368.0,60.0,296.0,23.0,498.0,197.0,365.0,492.0,143.0,224.0,609.0,333.0,135.0,14.0,184.0,51.0,3992.0,17,031,580700,2,170315807002
75.0,1.0,92.0,286.0,276.0,154.0,2.0,221.0,2.0,125.0,109.0,69.0,14.0,25.0,11.0,52.0,1514.0,17,031,580700,3,170315807003
190.0,151.0,118.0,256.0,199.0,6.0,7.0,195.0,134.0,97.0,130.0,16.0,18.0,36.0,30.0,50.0,1633.0,17,031,580800,1,170315808001
18.0,68.0,57.0,89.0,93.0,130.0,52.0,3.0,259.0,180.0,264.0,111.0,171.0,158.0,61.0,44.0,1758.0,17,031,590500,1,170315905001
83.0,9.0,16.0,246.0,163.0,134.0,103.0,74.0,49.0,50.0,120.0,284.0,113.0,18.0,23.0,24.0,1509.0,17,031,590600,1,170315906001
74.0,102.0,157.0,87.0,8.0,126.0,237.0,16.0,146.0,28.0,392.0,9.0,101.0,10.0,26.0,49.0,1568.0,17,031,590600,2,170315906002
11.0,72.0,28.0,38.0,36.0,35.0,10.0,0.0,1.0,83.0,51.0,252.0,14.0,34.0,40.0,93.0,798.0,17,031,590600,3,170315906003
176.0,48.0,34.0,42.0,109.0,77.0,177.0,38.0,63.0,144.0,102.0,146.0,111.0,65.0,106.0,73.0,1511.0,17,031,590700,1,170315907001
199.0,170.0,75.0,73.0,75.0,16.0,36.0,79.0,159.0,76.0,259.0,188.0,31.0,35.0,79.0,56.0,1606.0,17,031,590700,2,170315907002
152.0,163.0,141.0,50.0,307.0,28.0,8.0,45.0,31.0,138.0,248.0,159.0,109.0,55.0,28.0,37.0,1699.0,17,031,600400,1,170316004001
2.0,33.0,0.0,10.0,1.0,141.0,97.0,90.0,0.0,115.0,8.0,397.0,41.0,16.0,38.0,58.0,1047.0,17,031,600400,2,170316004002
76.0,186.0,263.0,287.0,111.0,104.0,96.0,3.0,127.0,128.0,126.0,85.0,107.0,29.0,47.0,113.0,1888.0,17,031,600400,3,170316004003
175.0,128.0,210.0,73.0,133.0,180.0,46.0,69.0,38.0,167.0,140.0,131.0,32.0,21.0,33.0,123.0,1699.0,17,031,600600,1,170316006001
1.0,3.0,92.0,80.0,58.0,159.0,7.0,72.0,20.0,25.0,57.0,40.0,20.0,13.0,37.0,43.0,727.0,17,031,600600,2,170316006002
2.0,46.0,98.0,64.0,78.0,1.0,3.0,24.0,0.0,42.0,150.0,90.0,40.0,35.0,47.0,57.0,777.0,17,031,600700,1,170316007001
299.0,65.0,185.0,80.0,3.0,159.0,107.0,72.0,0.0,61.0,86.0,113.0,38.0,11.0,35.0,79.0,1393.0,17,031,600700,2,170316007002
86.0,359.0,9.0,47.0,20.0,32.0,0.0,6.0,31.0,95.0,50.0,45.0,15.0,37.0,50.0,41.0,923.0,17,031,600900,1,170316009001
65.0,63.0,5.0,4.0,69.0,34.0,25.0,90.0,36.0,38.0,75.0,62.0,122.0,12.0,41.0,56.0,797.0,17,031,600900,2,170316009002
0.0,53.0,1.0,2.0,49.0,4.0,83.0,2.0,49.0,59.0,165.0,25.0,5.0,59.0,128.0,59.0,743.0,17,031,600900,3,170316009003
11.0,4.0,1.0,68.0,25.0,45.0,77.0,113.0,71.0,137.0,148.0,154.0,209.0,36.0,31.0,51.0,1181.0,17,031,600900,4,170316009004
239.0,65.0,139.0,81.0,75.0,64.0,299.0,368.0,42.0,382.0,152.0,27.0,68.0,30.0,140.0,53.0,2224.0,17,031,610300,1,170316103001
219.0,288.0,253.0,132.0,45.0,153.0,177.0,31.0,1.0,107.0,281.0,226.0,8.0,27.0,23.0,135.0,2106.0,17,031,610300,2,170316103002
144.0,24.0,41.0,159.0,68.0,32.0,9.0,96.0,31.0,132.0,265.0,125.0,32.0,3.0,113.0,53.0,1327.0,17,031,610300,3,170316103003
174.0,185.0,320.0,286.0,277.0,66.0,110.0,58.0,47.0,130.0,9.0,57.0,11.0,41.0,46.0,53.0,1870.0,17,031,610400,1,170316104001
15.0,33.0,50.0,42.0,97.0,37.0,64.0,133.0,101.0,36.0,170.0,222.0,296.0,66.0,106.0,61.0,1529.0,17,031,610800,1,170316108001
178.0,231.0,144.0,129.0,1.0,41.0,192.0,0.0,23.0,29.0,4.0,87.0,10.0,30.0,35.0,53.0,1187.0,17,031,611000,1,170316110001
3.0,71.0,99.0,77.0,157.0,144.0,8.0,40.0,8.0,11.0,2.0,0.0,39.0,11.0,17.0,52.0,739.0,17,031,611100,1,170316111001
146.0,6.0,105.0,200.0,1.0,25.0,53.0,3.0,38.0,13.0,3.0,9.0,16.0,15.0,29.0,32.0,694.0,17,031,611100,2,170316111002
89.0,18.0,251.0,296.0,52.0,107.0,8.0,155.0,2.0,99.0,29.0,25.0,9.0,6.0,34.0,60.0,1240.0,17,031,611100,3,170316111003
99.0,48.0,238.0,8.0,69.0,16.0,69.0,85.0,132.0,10.0,25.0,1.0,17.0,22.0,19.0,48.0,906.0,17,031,611200,1,170316112001
157.0,0.0,65.0,211.0,129.0,61.0,40.0,55.0,33.0,0.0,293.0,124.0,13.0,34.0,34.0,59.0,1308.0,17,031,611200,2,170316112002
56.0,6.0,35.0,12.0,50.0,41.0,64.0,35.0,0.0,1.0,0.0,63.0,20.0,30.0,38.0,62.0,513.0,17,031,611300,1,170316113001
161.0,26.0,33.0,170.0,78.0,7.0,12.0,67.0,22.0,95.0,244.0,30.0,130.0,3.0,32.0,52.0,1162.0,17,031,611300,2,170316113002
73.0,104.0,145.0,58.0,189.0,60.0,0.0,62.0,43.0,69.0,17.0,62.0,12.0,23.0,29.0,72.0,1018.0,17,031,611300,3,170316113003
54.0,88.0,108.0,148.0,101.0,339.0,305.0,8.0,51.0,61.0,4.0,130.0,57.0,23.0,20.0,47.0,1544.0,17,031,611400,1,170316114001
0.0,9.0,79.0,60.0,169.0,187.0,23.0,2.0,2.0,4.0,16.0,4.0,14.0,15.0,24.0,48.0,656.0,17,031,611400,2,170316114002
99.0,95.0,40.0,172.0,139.0,148.0,126.0,21.0,27.0,211.0,16.0,27.0,53.0,15.0,23.0,50.0,1262.0,17,031,611400,3,170316114003
24.0,4.0,264.0,4.0,57.0,115.0,104.0,77.0,57.0,302.0,30.0,7.0,8.0,27.0,25.0,44.0,1149.0,17,031,611500,1,170316115001
251.0,94.0,198.0,233.0,85.0,270.0,33.0,33.0,5.0,115.0,50.0,76.0,85.0,12.0,40.0,52.0,1632.0,17,031,611500,2,170316115002
7.0,34.0,29.0,102.0,122.0,54.0,3.0,4.0,0.0,70.0,13.0,35.0,3.0,13.0,49.0,44.0,582.0,17,031,611600,1,170316116001
49.0,41.0,48.0,152.0,8.0,118.0,53.0,1.0,17.0,85.0,124.0,86.0,13.0,9.0,39.0,51.0,894.0,17,031,611600,2,170316116002
9.0,21.0,76.0,26.0,48.0,1.0,201.0,2.0,1.0,3.0,27.0,10.0,12.0,18.0,17.0,45.0,517.0,17,031,611700,1,170316117001
1.0,1.0,12.0,0.0,10.0,6.0,11.0,0.0,3.0,5.0,1.0,24.0,14.0,9.0,25.0,46.0,168.0,17,031,611700,2,170316117002
135.0,57.0,40.0,86.0,86.0,10.0,0.0,4.0,70.0,35.0,31.0,0.0,1.0,17.0,23.0,42.0,637.0,17,031,611700,3,170316117003
130.0,328.0,170.0,323.0,298.0,56.0,107.0,2.0,12.0,122.0,116.0,75.0,15.0,23.0,82.0,55.0,1914.0,17,031,611800,1,170316118001
122.0,3.0,77.0,16.0,0.0,30.0,15.0,19.0,70.0,6.0,5.0,6.0,18.0,16.0,24.0,45.0,472.0,17,031,611800,2,170316118002
64.0,182.0,195.0,59.0,153.0,64.0,77.0,149.0,63.0,30.0,44.0,109.0,39.0,15.0,28.0,50.0,1321.0,17,031,611900,1,170316119001
328.0,2.0,41.0,57.0,90.0,15.0,0.0,9.0,8.0,37.0,3.0,42.0,37.0,15.0,31.0,34.0,749.0,17,031,611900,2,170316119002
301.0,0.0,10.0,67.0,31.0,0.0,16.0,10.0,3.0,31.0,2.0,5.0,83.0,14.0,31.0,56.0,660.0,17,031,612000,1,170316120001
167.0,24.0,43.0,0.0,89.0,137.0,6.0,55.0,0.0,104.0,59.0,43.0,12.0,73.0,31.0,49.0,892.0,17,031,612000,2,170316120002
221.0,165.0,26.0,100.0,5.0,53.0,0.0,17.0,3.0,13.0,38.0,130.0,133.0,67.0,25.0,43.0,1039.0,17,031,612100,1,170316121001
14.0,91.0,0.0,23.0,134.0,149.0,14.0,35.0,176.0,9.0,240.0,177.0,234.0,11.0,53.0,49.0,1409.0,17,031,620100,1,170316201001
62.0,17.0,1.0,5.0,6.0,400.0,112.0,215.0,199.0,21.0,113.0,231.0,222.0,53.0,53.0,63.0,1773.0,17,031,620100,2,170316201002
74.0,4.0,21.0,340.0,7.0,151.0,168.0,50.0,93.0,190.0,136.0,43.0,49.0,104.0,86.0,52.0,1568.0,17,031,620100,3,170316201003
10.0,0.0,3.0,33.0,36.0,32.0,28.0,78.0,117.0,83.0,6.0,184.0,82.0,70.0,53.0,58.0,873.0,17,031,620200,1,170316202001
270.0,22.0,6.0,131.0,13.0,87.0,215.0,11.0,67.0,230.0,87.0,26.0,172.0,57.0,39.0,100.0,1533.0,17,031,620200,2,170316202002
68.0,0.0,1.0,80.0,0.0,130.0,65.0,58.0,13.0,70.0,147.0,75.0,69.0,37.0,36.0,52.0,901.0,17,031,620300,1,170316203001
17.0,150.0,71.0,63.0,66.0,118.0,62.0,4.0,63.0,7.0,33.0,120.0,96.0,6.0,33.0,44.0,953.0,17,031,620300,2,170316203002
48.0,20.0,19.0,48.0,16.0,72.0,60.0,54.0,2.0,98.0,278.0,248.0,29.0,56.0,32.0,26.0,1106.0,17,031,620300,3,170316203003
4.0,8.0,46.0,25.0,79.0,152.0,77.0,51.0,130.0,167.0,110.0,26.0,82.0,116.0,65.0,58.0,1196.0,17,031,620300,4,170316203004
10.0,40.0,35.0,63.0,20.0,5.0,1.0,5.0,40.0,168.0,107.0,196.0,147.0,82.0,42.0,48.0,1009.0,17,031,620300,5,170316203005
191.0,43.0,92.0,75.0,118.0,4.0,90.0,301.0,67.0,2.0,272.0,196.0,205.0,65.0,15.0,70.0,1806.0,17,031,620300,6,170316203006
2.0,47.0,260.0,126.0,47.0,35.0,396.0,37.0,1.0,52.0,0.0,311.0,119.0,146.0,20.0,61.0,1660.0,17,031,620400,1,170316204001
3.0,143.0,59.0,36.0,9.0,122.0,48.0,58.0,57.0,6.0,2.0,42.0,163.0,16.0,18.0,53.0,835.0,17,031,620400,2,170316204002
12.0,0.0,17.0,114.0,6.0,7.0,223.0,65.0,35.0,116.0,174.0,5.0,56.0,10.0,14.0,58.0,912.0,17,031,620400,3,170316204003
13.0,38.0,39.0,81.0,38.0,49.0,79.0,218.0,51.0,17.0,40.0,420.0,220.0,10.0,31.0,47.0,1391.0,17,031,620400,4,170316204004
11.0,145.0,115.0,87.0,123.0,40.0,6.0,47.0,29.0,71.0,164.0,61.0,87.0,18.0,30.0,49.0,1083.0,17,031,630100,1,170316301001
94.0,369.0,70.0,170.0,310.0,113.0,38.0,45.0,60.0,171.0,183.0,274.0,115.0,82.0,28.0,49.0,2171.0,17,031,630200,1,170316302001
131.0,67.0,267.0,69.0,76.0,179.0,169.0,199.0,32.0,69.0,215.0,201.0,55.0,20.0,50.0,59.0,1858.0,17,031,630300,1,170316303001
329.0,39.0,142.0,161.0,93.0,210.0,204.0,203.0,539.0,478.0,463.0,153.0,187.0,63.0,70.0,35.0,3369.0,17,031,630300,2,170316303002
4.0,214.0,170.0,235.0,157.0,12.0,0.0,2.0,67.0,15.0,284.0,428.0,15.0,107.0,19.0,40.0,1769.0,17,031,630400,1,170316304001
241.0,12.0,1.0,176.0,151.0,206.0,18.0,101.0,0.0,156.0,98.0,235.0,81.0,15.0,104.0,47.0,1642.0,17,031,630400,2,170316304002
307.0,11.0,211.0,204.0,86.0,89.0,24.0,149.0,114.0,41.0,67.0,92.0,6.0,18.0,43.0,49.0,1511.0,17,031,630400,3,170316304003
131.0,66.0,230.0,64.0,212.0,503.0,177.0,15.0,57.0,62.0,63.0,82.0,10.0,21.0,25.0,61.0,1779.0,17,031,630400,4,170316304004
85.0,18.0,4.0,123.0,216.0,257.0,80.0,42.0,267.0,238.0,144.0,317.0,93.0,5.0,31.0,91.0,2011.0,17,031,630500,1,170316305001
194.0,176.0,84.0,6.0,0.0,0.0,349.0,313.0,3.0,23.0,307.0,64.0,143.0,134.0,241.0,57.0,2094.0,17,031,630500,2,170316305002
32.0,10.0,357.0,48.0,299.0,69.0,192.0,18.0,191.0,0.0,0.0,60.0,13.0,27.0,25.0,60.0,1401.0,17,031,630500,3,170316305003
0.0,0.0,134.0,155.0,1.0,125.0,155.0,1.0,6.0,217.0,154.0,43.0,59.0,18.0,23.0,30.0,1121.0,17,031,630500,4,170316305004
105.0,54.0,89.0,100.0,290.0,366.0,57.0,85.0,62.0,20.0,259.0,225.0,67.0,94.0,30.0,52.0,1955.0,17,031,630800,1,170316308001
409.0,11.0,75.0,69.0,2.0,76.0,3.0,419.0,123.0,341.0,367.0,330.0,213.0,14.0,28.0,38.0,2518.0,17,031,630800,2,170316308002
107.0,183.0,127.0,171.0,95.0,44.0,59.0,6.0,64.0,93.0,4.0,289.0,14.0,81.0,33.0,30.0,1400.0,17,031,630800,3,170316308003
125.0,138.0,44.0,153.0,2.0,148.0,119.0,190.0,19.0,114.0,71.0,17.0,178.0,27.0,79.0,65.0,1489.0,17,031,630800,4,170316308004
21.0,21.0,275.0,79.0,151.0,36.0,156.0,104.0,89.0,239.0,125.0,227.0,163.0,337.0,40.0,57.0,2120.0,17,031,630900,1,170316309001
105.0,28.0,199.0,122.0,105.0,65.0,131.0,65.0,111.0,99.0,10.0,159.0,11.0,20.0,20.0,61.0,1311.0,17,031,630900,2,170316309002
15.0,13.0,155.0,172.0,49.0,133.0,147.0,41.0,83.0,0.0,484.0,37.0,223.0,12.0,68.0,56.0,1688.0,17,031,630900,3,170316309003
11.0,45.0,22.0,105.0,60.0,60.0,48.0,37.0,153.0,41.0,73.0,227.0,60.0,83.0,73.0,93.0,1191.0,17,031,640100,1,170316401001
18.0,129.0,4.0,61.0,29.0,1.0,10.0,4.0,99.0,194.0,141.0,52.0,265.0,85.0,13.0,53.0,1158.0,17,031,640300,1,170316403001
82.0,14.0,96.0,62.0,73.0,0.0,16.0,51.0,24.0,44.0,304.0,41.0,37.0,92.0,29.0,38.0,1003.0,17,031,640300,2,170316403002
20.0,0.0,54.0,5.0,49.0,3.0,1.0,1.0,19.0,1.0,110.0,68.0,104.0,100.0,28.0,85.0,648.0,17,031,640300,3,170316403003
8.0,8.0,215.0,6.0,116.0,26.0,0.0,2.0,1.0,116.0,243.0,330.0,244.0,137.0,365.0,43.0,1860.0,17,031,640300,4,170316403004
17.0,35.0,9.0,189.0,5.0,3.0,89.0,1.0,3.0,119.0,104.0,367.0,148.0,14.0,158.0,36.0,1297.0,17,031,640300,5,170316403005
8.0,3.0,20.0,62.0,27.0,28.0,74.0,4.0,33.0,2.0,84.0,155.0,278.0,68.0,92.0,56.0,994.0,17,031,640300,6,170316403006
3.0,7.0,82.0,80.0,25.0,77.0,39.0,26.0,20.0,115.0,266.0,285.0,152.0,180.0,68.0,124.0,1549.0,17,031,640400,1,170316404001
49.0,0.0,48.0,83.0,39.0,43.0,62.0,0.0,53.0,172.0,103.0,660.0,406.0,68.0,92.0,140.0,2018.0,17,031,640400,2,170316404002
70.0,69.0,41.0,112.0,59.0,61.0,45.0,72.0,24.0,285.0,172.0,289.0,160.0,72.0,62.0,78.0,1671.0,17,031,640500,1,170316405001
7.0,87.0,102.0,0.0,71.0,84.0,4.0,116.0,3.0,67.0,187.0,293.0,228.0,107.0,75.0,41.0,1472.0,17,031,640500,2,170316405002
1.0,62.0,109.0,243.0,56.0,66.0,15.0,104.0,4.0,155.0,1.0,248.0,18.0,75.0,30.0,40.0,1227.0,17,031,640600,1,170316406001
96.0,47.0,73.0,9.0,88.0,131.0,35.0,44.0,2.0,67.0,179.0,151.0,29.0,86.0,90.0,109.0,1236.0,17,031,640600,2,170316406002
92.0,110.0,264.0,163.0,71.0,31.0,47.0,29.0,153.0,90.0,217.0,183.0,199.0,110.0,60.0,66.0,1885.0,17,031,640600,3,170316406003
1.0,1.0,2.0,0.0,14.0,96.0,23.0,8.0,17.0,2.0,188.0,18.0,269.0,34.0,158.0,80.0,911.0,17,031,640700,1,170316407001
21.0,2.0,96.0,0.0,6.0,7.0,9.0,10.0,72.0,12.0,68.0,105.0,80.0,88.0,71.0,43.0,690.0,17,031,640700,2,170316407002
35.0,25.0,89.0,43.0,31.0,70.0,7.0,5.0,10.0,161.0,93.0,41.0,109.0,50.0,41.0,55.0,865.0,17,031,640700,3,170316407003
20.0,6.0,5.0,107.0,105.0,35.0,17.0,0.0,35.0,102.0,91.0,163.0,30.0,25.0,22.0,47.0,810.0,17,031,640700,4,170316407004
29.0,3.0,110.0,25.0,14.0,53.0,109.0,40.0,32.0,154.0,71.0,61.0,111.0,47.0,46.0,87.0,992.0,17,031,640800,1,170316408001
18.0,19.0,4.0,27.0,9.0,35.0,9.0,36.0,49.0,151.0,84.0,46.0,69.0,39.0,35.0,111.0,741.0,17,031,640800,2,170316408002
48.0,59.0,79.0,47.0,85.0,54.0,182.0,81.0,119.0,146.0,4.0,147.0,58.0,16.0,14.0,66.0,1205.0,17,031,650100,1,170316501001
6.0,22.0,141.0,4.0,24.0,2.0,58.0,154.0,44.0,115.0,138.0,138.0,72.0,140.0,118.0,78.0,1254.0,17,031,650100,2,170316501002
9.0,15.0,6.0,254.0,5.0,77.0,143.0,133.0,31.0,19.0,33.0,116.0,201.0,9.0,67.0,35.0,1153.0,17,031,650100,3,170316501003
7.0,24.0,48.0,13.0,88.0,7.0,175.0,50.0,18.0,24.0,72.0,28.0,37.0,118.0,43.0,46.0,798.0,17,031,650100,4,170316501004
26.0,2.0,1.0,7.0,129.0,181.0,372.0,79.0,156.0,181.0,10.0,204.0,60.0,103.0,31.0,38.0,1580.0,17,031,650200,1,170316502001
302.0,2.0,200.0,158.0,20.0,89.0,103.0,57.0,9.0,216.0,111.0,61.0,577.0,85.0,176.0,36.0,2202.0,17,031,650200,2,170316502002
87.0,24.0,50.0,12.0,86.0,100.0,60.0,250.0,21.0,8.0,107.0,221.0,17.0,71.0,29.0,50.0,1193.0,17,031,650200,3,170316502003
320.0,123.0,3.0,5.0,1.0,1.0,1.0,1.0,6.0,318.0,173.0,381.0,78.0,22.0,19.0,43.0,1495.0,17,031,650200,4,170316502004
0.0,4.0,6.0,1.0,1.0,1.0,3.0,96.0,99.0,2.0,1.0,122.0,149.0,65.0,139.0,52.0,741.0,17,031,650200,5,170316502005
8.0,7.0,2.0,0.0,83.0,41.0,1.0,0.0,78.0,0.0,71.0,55.0,8.0,94.0,25.0,46.0,519.0,17,031,650200,6,170316502006
9.0,6.0,31.0,221.0,13.0,86.0,69.0,81.0,30.0,93.0,0.0,231.0,23.0,100.0,84.0,35.0,1112.0,17,031,650301,1,170316503011
115.0,7.0,41.0,53.0,27.0,303.0,24.0,53.0,66.0,306.0,117.0,263.0,187.0,134.0,180.0,56.0,1932.0,17,031,650301,2,170316503012
0.0,38.0,61.0,2.0,71.0,11.0,5.0,274.0,5.0,2.0,203.0,235.0,238.0,34.0,170.0,46.0,1395.0,17,031,650301,3,170316503013
48.0,2.0,0.0,171.0,45.0,78.0,95.0,4.0,6.0,123.0,84.0,265.0,82.0,132.0,63.0,83.0,1281.0,17,031,650301,4,170316503014
50.0,0.0,149.0,0.0,65.0,61.0,88.0,145.0,23.0,175.0,214.0,282.0,245.0,9.0,160.0,52.0,1718.0,17,031,650302,1,170316503021
3.0,1.0,5.0,199.0,277.0,254.0,217.0,135.0,223.0,237.0,57.0,182.0,390.0,106.0,99.0,51.0,2436.0,17,031,650302,2,170316503022
5.0,9.0,7.0,46.0,0.0,39.0,2.0,21.0,249.0,109.0,39.0,237.0,38.0,18.0,39.0,51.0,909.0,17,031,650400,1,170316504001
6.0,3.0,22.0,163.0,33.0,76.0,18.0,11.0,1.0,111.0,5.0,236.0,184.0,20.0,30.0,38.0,957.0,17,031,650400,2,170316504002
53.0,177.0,27.0,177.0,254.0,27.0,39.0,17.0,55.0,0.0,29.0,125.0,55.0,80.0,30.0,86.0,1231.0,17,031,650400,3,170316504003
130.0,277.0,6.0,121.0,2.0,40.0,34.0,4.0,305.0,190.0,552.0,715.0,0.0,176.0,24.0,53.0,2629.0,17,031,650400,4,170316504004
61.0,0.0,0.0,23.0,136.0,144.0,67.0,75.0,316.0,91.0,143.0,260.0,50.0,21.0,77.0,57.0,1521.0,17,031,650400,5,170316504005
4.0,50.0,29.0,20.0,152.0,36.0,5.0,8.0,2.0,7.0,163.0,423.0,85.0,10.0,32.0,88.0,1114.0,17,031,650500,1,170316505001
2.0,21.0,132.0,7.0,64.0,94.0,89.0,76.0,3.0,142.0,208.0,203.0,64.0,21.0,51.0,69.0,1246.0,17,031,650500,2,170316505002
187.0,135.0,61.0,89.0,43.0,56.0,165.0,59.0,55.0,63.0,290.0,180.0,96.0,114.0,30.0,80.0,1703.0,17,031,650500,3,170316505003
410.0,355.0,27.0,101.0,148.0,227.0,135.0,3.0,34.0,136.0,37.0,8.0,9.0,44.0,30.0,48.0,1752.0,17,031,660301,1,170316603011
53.0,142.0,1.0,5.0,21.0,329.0,1.0,202.0,140.0,166.0,3.0,394.0,8.0,28.0,67.0,53.0,1613.0,17,031,660302,1,170316603021
132.0,164.0,201.0,36.0,22.0,0.0,116.0,251.0,289.0,7.0,55.0,136.0,19.0,105.0,75.0,38.0,1646.0,17,031,660302,2,170316603022
86.0,148.0,17.0,179.0,79.0,4.0,18.0,43.0,3.0,99.0,169.0,47.0,12.0,25.0,26.0,47.0,1002.0,17,031,660302,3,170316603023
22.0,24.0,356.0,5.0,71.0,47.0,83.0,262.0,4.0,241.0,11.0,29.0,10.0,14.0,36.0,42.0,1257.0,17,031,660302,4,170316603024
65.0,3.0,39.0,107.0,202.0,162.0,161.0,129.0,71.0,142.0,66.0,85.0,40.0,195.0,61.0,60.0,1588.0,17,031,660400,1,170316604001
350.0,100.0,228.0,139.0,45.0,5.0,125.0,181.0,118.0,122.0,190.0,115.0,11.0,17.0,49.0,37.0,1832.0,17,031,660400,2,170316604002
5.0,1.0,105.0,27.0,171.0,23.0,2.0,56.0,76.0,50.0,5.0,180.0,128.0,66.0,24.0,60.0,979.0,17,031,660400,3,170316604003
51.0,103.0,93.0,108.0,59.0,181.0,137.0,17.0,1.0,8.0,243.0,346.0,17.0,48.0,58.0,60.0,1530.0,17,031,660400,4,170316604004
439.0,41.0,176.0,19.0,73.0,2.0,94.0,1.0,44.0,235.0,115.0,235.0,39.0,15.0,19.0,52.0,1599.0,17,031,660500,1,170316605001
118.0,90.0,67.0,118.0,12.0,51.0,103.0,88.0,30.0,82.0,80.0,168.0,44.0,16.0,42.0,46.0,1155.0,17,031,660500,2,170316605002
123.0,72.0,0.0,33.0,49.0,92.0,21.0,44.0,25.0,88.0,444.0,162.0,1.0,26.0,23.0,48.0,1251.0,17,031,660500,3,170316605003
21.0,3.0,78.0,142.0,134.0,177.0,86.0,2.0,150.0,143.0,79.0,389.0,75.0,63.0,27.0,62.0,1631.0,17,031,660500,4,170316605004
265.0,19.0,67.0,92.0,171.0,21.0,139.0,84.0,96.0,37.0,1.0,20.0,6.0,17.0,20.0,46.0,1101.0,17,031,660600,1,170316606001
1.0,89.0,0.0,228.0,3.0,102.0,43.0,15.0,111.0,9.0,95.0,59.0,24.0,10.0,28.0,51.0,868.0,17,031,660600,2,170316606002
171.0,175.0,44.0,33.0,111.0,182.0,6.0,109.0,3.0,9.0,167.0,30.0,12.0,22.0,46.0,58.0,1178.0,17,031,660600,3,170316606003
260.0,25.0,267.0,218.0,154.0,8.0,85.0,94.0,0.0,8.0,34.0,97.0,69.0,36.0,23.0,45.0,1423.0,17,031,660600,4,170316606004
219.0,16.0,155.0,127.0,4.0,313.0,69.0,99.0,1.0,65.0,72.0,224.0,24.0,18.0,67.0,47.0,1520.0,17,031,660600,5,170316606005
263.0,3.0,8.0,38.0,179.0,46.0,140.0,3.0,51.0,150.0,34.0,134.0,62.0,9.0,14.0,49.0,1183.0,17,031,660700,1,170316607001
332.0,33.0,186.0,39.0,4.0,77.0,64.0,57.0,0.0,116.0,121.0,67.0,92.0,13.0,27.0,50.0,1278.0,17,031,660700,2,170316607002
133.0,84.0,13.0,1.0,65.0,52.0,106.0,33.0,7.0,1.0,35.0,59.0,17.0,13.0,27.0,72.0,718.0,17,031,660800,1,170316608001
242.0,2.0,50.0,156.0,118.0,6.0,118.0,3.0,3.0,187.0,151.0,315.0,26.0,66.0,29.0,43.0,1515.0,17,031,660800,2,170316608002
159.0,291.0,142.0,58.0,13.0,116.0,145.0,0.0,9.0,127.0,99.0,216.0,5.0,12.0,13.0,59.0,1464.0,17,031,660800,3,170316608003
39.0,123.0,0.0,1.0,17.0,116.0,101.0,13.0,5.0,55.0,36.0,94.0,120.0,25.0,27.0,48.0,820.0,17,031,660800,4,170316608004
130.0,29.0,226.0,204.0,82.0,105.0,154.0,325.0,6.0,157.0,125.0,120.0,140.0,17.0,43.0,41.0,1904.0,17,031,660800,5,170316608005
396.0,143.0,253.0,194.0,51.0,82.0,80.0,87.0,0.0,124.0,98.0,77.0,12.0,10.0,95.0,47.0,1749.0,17,031,660900,1,170316609001
28.0,32.0,133.0,50.0,52.0,98.0,37.0,43.0,129.0,219.0,7.0,70.0,85.0,19.0,31.0,40.0,1073.0,17,031,660900,2,170316609002
242.0,37.0,125.0,108.0,83.0,64.0,38.0,52.0,116.0,37.0,21.0,88.0,100.0,25.0,55.0,68.0,1259.0,17,031,660900,3,170316609003
100.0,0.0,70.0,145.0,1.0,135.0,7.0,5.0,21.0,49.0,18.0,64.0,90.0,22.0,20.0,73.0,820.0,17,031,661000,1,170316610001
240.0,37.0,83.0,133.0,1.0,5.0,1.0,8.0,4.0,4.0,122.0,121.0,49.0,242.0,39.0,41.0,1130.0,17,031,661000,2,170316610002
136.0,3.0,5.0,4.0,166.0,0.0,1.0,80.0,26.0,32.0,24.0,57.0,19.0,93.0,42.0,73.0,761.0,17,031,661000,3,170316610003
362.0,290.0,12.0,4.0,19.0,34.0,236.0,5.0,14.0,1.0,98.0,100.0,98.0,96.0,70.0,77.0,1516.0,17,031,661000,4,170316610004
363.0,111.0,242.0,4.0,33.0,198.0,111.0,4.0,0.0,119.0,6.0,72.0,57.0,36.0,65.0,43.0,1464.0,17,031,661000,5,170316610005
3.0,34.0,123.0,200.0,151.0,135.0,42.0,102.0,30.0,75.0,134.0,86.0,39.0,36.0,36.0,70.0,1296.0,17,031,661100,1,170316611001
1.0,104.0,6.0,6.0,6.0,84.0,7.0,37.0,2.0,169.0,44.0,74.0,236.0,11.0,41.0,36.0,864.0,17,031,661100,2,170316611002
5.0,3.0,5.0,2.0,53.0,65.0,52.0,75.0,92.0,23.0,112.0,134.0,151.0,144.0,68.0,38.0,1022.0,17,031,661100,3,170316611003
156.0,4.0,126.0,5.0,34.0,38.0,233.0,42.0,69.0,267.0,4.0,131.0,20.0,22.0,52.0,37.0,1240.0,17,031,661100,4,170316611004
4.0,62.0,226.0,155.0,64.0,108.0,57.0,42.0,55.0,136.0,169.0,258.0,156.0,2.0,22.0,54.0,1570.0,17,031,661100,5,170316611005
2.0,38.0,117.0,72.0,36.0,100.0,37.0,34.0,88.0,9.0,2.0,10.0,94.0,12.0,38.0,65.0,754.0,17,031,670100,1,170316701001
272.0,4.0,22.0,19.0,57.0,12.0,49.0,82.0,8.0,71.0,6.0,47.0,108.0,23.0,17.0,44.0,841.0,17,031,670100,2,170316701002
174.0,167.0,97.0,82.0,44.0,16.0,37.0,130.0,16.0,8.0,18.0,22.0,41.0,24.0,35.0,61.0,972.0,17,031,670200,1,170316702001
32.0,109.0,3.0,6.0,7.0,19.0,0.0,50.0,4.0,40.0,125.0,19.0,15.0,11.0,34.0,40.0,514.0,17,031,670300,1,170316703001
183.0,66.0,147.0,0.0,13.0,3.0,16.0,62.0,42.0,41.0,83.0,21.0,10.0,20.0,16.0,63.0,786.0,17,031,670300,2,170316703002
259.0,240.0,268.0,76.0,116.0,115.0,49.0,81.0,4.0,70.0,127.0,122.0,107.0,9.0,45.0,88.0,1776.0,17,031,670400,1,170316704001
91.0,61.0,62.0,108.0,181.0,140.0,31.0,7.0,5.0,73.0,44.0,75.0,20.0,21.0,24.0,36.0,979.0,17,031,670500,1,170316705001
180.0,110.0,63.0,34.0,49.0,14.0,28.0,58.0,21.0,69.0,36.0,1.0,101.0,32.0,29.0,58.0,883.0,17,031,670600,1,170316706001
145.0,61.0,2.0,74.0,74.0,43.0,95.0,0.0,0.0,37.0,70.0,6.0,12.0,28.0,41.0,32.0,720.0,17,031,670600,2,170316706002
152.0,2.0,128.0,5.0,64.0,6.0,39.0,3.0,41.0,105.0,84.0,69.0,12.0,32.0,37.0,57.0,836.0,17,031,670700,1,170316707001
113.0,19.0,181.0,58.0,9.0,27.0,12.0,59.0,2.0,58.0,3.0,6.0,22.0,18.0,63.0,35.0,685.0,17,031,670700,2,170316707002
91.0,41.0,15.0,19.0,1.0,5.0,32.0,2.0,17.0,54.0,74.0,1.0,27.0,8.0,27.0,51.0,465.0,17,031,670800,1,170316708001
259.0,210.0,124.0,75.0,151.0,0.0,27.0,5.0,2.0,32.0,16.0,112.0,13.0,103.0,33.0,51.0,1213.0,17,031,670800,2,170316708002
0.0,40.0,22.0,85.0,7.0,13.0,6.0,14.0,27.0,18.0,64.0,91.0,9.0,7.0,28.0,48.0,479.0,17,031,670900,1,170316709001
190.0,129.0,63.0,11.0,50.0,1.0,112.0,36.0,19.0,40.0,37.0,170.0,7.0,24.0,18.0,61.0,968.0,17,031,670900,2,170316709002
246.0,155.0,204.0,77.0,136.0,130.0,96.0,95.0,27.0,8.0,100.0,51.0,24.0,4.0,37.0,50.0,1440.0,17,031,671100,1,170316711001
90.0,35.0,23.0,15.0,90.0,19.0,51.0,4.0,2.0,0.0,7.0,4.0,23.0,17.0,30.0,70.0,480.0,17,031,671200,1,170316712001
178.0,42.0,16.0,42.0,54.0,5.0,11.0,2.0,2.0,62.0,43.0,1.0,16.0,11.0,27.0,47.0,559.0,17,031,671200,2,170316712002
54.0,4.0,138.0,138.0,102.0,89.0,81.0,11.0,83.0,126.0,12.0,112.0,193.0,11.0,39.0,40.0,1233.0,17,031,671300,1,170316713001
13.0,42.0,4.0,81.0,53.0,74.0,4.0,4.0,0.0,7.0,54.0,9.0,49.0,27.0,25.0,61.0,507.0,17,031,671300,2,170316713002
22.0,5.0,40.0,17.0,0.0,43.0,1.0,4.0,29.0,6.0,1.0,125.0,9.0,30.0,12.0,51.0,395.0,17,031,671300,3,170316713003
148.0,36.0,100.0,162.0,7.0,22.0,73.0,17.0,76.0,11.0,14.0,39.0,34.0,58.0,33.0,41.0,871.0,17,031,671400,1,170316714001
76.0,54.0,30.0,129.0,134.0,56.0,108.0,3.0,13.0,3.0,30.0,2.0,46.0,106.0,73.0,60.0,923.0,17,031,671400,2,170316714002
62.0,46.0,153.0,118.0,45.0,0.0,99.0,69.0,1.0,25.0,2.0,29.0,16.0,6.0,34.0,71.0,776.0,17,031,671500,1,170316715001
144.0,237.0,147.0,39.0,105.0,113.0,68.0,101.0,102.0,116.0,28.0,107.0,10.0,19.0,23.0,72.0,1431.0,17,031,671500,2,170316715002
115.0,132.0,183.0,108.0,28.0,8.0,26.0,22.0,26.0,16.0,24.0,153.0,24.0,9.0,45.0,52.0,971.0,17,031,671500,3,170316715003
138.0,100.0,157.0,215.0,123.0,4.0,32.0,99.0,2.0,1.0,41.0,5.0,48.0,7.0,49.0,56.0,1077.0,17,031,671600,1,170316716001
208.0,86.0,96.0,2.0,109.0,12.0,30.0,18.0,27.0,1.0,26.0,20.0,11.0,20.0,33.0,49.0,748.0,17,031,671600,2,170316716002
2.0,33.0,39.0,0.0,0.0,88.0,32.0,1.0,0.0,27.0,32.0,17.0,11.0,27.0,46.0,56.0,411.0,17,031,671600,3,170316716003
96.0,48.0,195.0,168.0,177.0,1.0,2.0,6.0,15.0,120.0,84.0,75.0,27.0,8.0,37.0,54.0,1113.0,17,031,671800,1,170316718001
196.0,1.0,121.0,28.0,3.0,50.0,82.0,88.0,99.0,70.0,227.0,137.0,13.0,80.0,64.0,52.0,1311.0,17,031,671900,1,170316719001
32.0,25.0,79.0,106.0,24.0,121.0,99.0,108.0,40.0,192.0,367.0,238.0,126.0,113.0,39.0,57.0,1766.0,17,031,672000,1,170316720001
8.0,9.0,98.0,3.0,4.0,54.0,77.0,142.0,1.0,42.0,56.0,59.0,32.0,19.0,26.0,59.0,689.0,17,031,672000,2,170316720002
201.0,1.0,25.0,22.0,12.0,126.0,99.0,128.0,34.0,19.0,168.0,14.0,39.0,145.0,122.0,45.0,1200.0,17,031,672000,3,170316720003
19.0,2.0,3.0,28.0,3.0,5.0,27.0,17.0,2.0,38.0,38.0,32.0,23.0,18.0,41.0,74.0,370.0,17,031,672000,4,170316720004
115.0,5.0,63.0,13.0,28.0,0.0,5.0,3.0,20.0,33.0,8.0,5.0,62.0,16.0,39.0,46.0,461.0,17,031,680500,1,170316805001
109.0,102.0,173.0,122.0,9.0,19.0,0.0,4.0,1.0,120.0,20.0,32.0,19.0,62.0,28.0,57.0,877.0,17,031,680500,2,170316805002
176.0,44.0,5.0,75.0,0.0,104.0,4.0,58.0,1.0,38.0,8.0,5.0,34.0,42.0,25.0,62.0,681.0,17,031,680600,1,170316806001
400.0,0.0,115.0,48.0,130.0,6.0,6.0,9.0,0.0,56.0,2.0,2.0,22.0,15.0,26.0,52.0,889.0,17,031,680600,2,170316806002
372.0,104.0,27.0,33.0,22.0,10.0,8.0,26.0,37.0,4.0,1.0,23.0,25.0,8.0,34.0,46.0,780.0,17,031,680900,1,170316809001
202.0,93.0,32.0,15.0,1.0,1.0,0.0,0.0,7.0,2.0,6.0,4.0,6.0,28.0,28.0,51.0,476.0,17,031,680900,2,170316809002
102.0,67.0,123.0,47.0,3.0,46.0,6.0,5.0,3.0,35.0,0.0,5.0,24.0,105.0,29.0,31.0,631.0,17,031,680900,3,170316809003
263.0,125.0,52.0,279.0,109.0,279.0,32.0,0.0,138.0,12.0,8.0,7.0,19.0,20.0,27.0,50.0,1420.0,17,031,680900,4,170316809004
189.0,81.0,2.0,1.0,5.0,35.0,41.0,16.0,1.0,61.0,26.0,22.0,11.0,13.0,22.0,72.0,598.0,17,031,681000,1,170316810001
127.0,82.0,10.0,32.0,3.0,5.0,34.0,24.0,37.0,27.0,1.0,23.0,93.0,11.0,31.0,38.0,578.0,17,031,681000,2,170316810002
184.0,16.0,2.0,27.0,7.0,7.0,1.0,4.0,2.0,41.0,2.0,2.0,68.0,14.0,19.0,67.0,463.0,17,031,681000,3,170316810003
576.0,136.0,114.0,5.0,27.0,72.0,13.0,76.0,19.0,86.0,4.0,7.0,18.0,33.0,21.0,35.0,1242.0,17,031,681000,4,170316810004
79.0,176.0,185.0,2.0,0.0,108.0,2.0,27.0,69.0,4.0,15.0,37.0,1.0,14.0,36.0,38.0,793.0,17,031,681100,1,170316811001
73.0,36.0,25.0,205.0,0.0,85.0,1.0,2.0,19.0,109.0,11.0,6.0,16.0,24.0,80.0,34.0,726.0,17,031,681100,2,170316811002
160.0,47.0,27.0,3.0,9.0,3.0,0.0,1.0,5.0,7.0,71.0,8.0,41.0,14.0,35.0,55.0,486.0,17,031,681100,3,170316811003
203.0,100.0,55.0,71.0,53.0,79.0,4.0,1.0,8.0,148.0,22.0,4.0,25.0,17.0,26.0,98.0,914.0,17,031,681100,4,170316811004
229.0,75.0,4.0,16.0,7.0,117.0,88.0,2.0,61.0,8.0,1.0,1.0,0.0,16.0,36.0,49.0,710.0,17,031,681100,5,170316811005
8.0,50.0,131.0,98.0,1.0,13.0,1.0,51.0,1.0,5.0,21.0,1.0,13.0,6.0,30.0,46.0,476.0,17,031,681200,1,170316812001
237.0,7.0,101.0,0.0,54.0,45.0,18.0,0.0,23.0,11.0,8.0,1.0,106.0,15.0,28.0,31.0,685.0,17,031,681200,2,170316812002
152.0,80.0,90.0,24.0,0.0,0.0,10.0,5.0,0.0,83.0,2.0,60.0,21.0,16.0,29.0,48.0,620.0,17,031,681200,3,170316812003
137.0,0.0,9.0,15.0,1.0,62.0,0.0,7.0,69.0,49.0,65.0,0.0,78.0,10.0,24.0,42.0,568.0,17,031,681200,4,170316812004
174.0,116.0,46.0,101.0,26.0,33.0,38.0,0.0,6.0,90.0,7.0,12.0,6.0,18.0,16.0,48.0,737.0,17,031,681300,1,170316813001
251.0,118.0,69.0,57.0,32.0,19.0,0.0,99.0,22.0,0.0,4.0,127.0,26.0,4.0,37.0,50.0,915.0,17,031,681300,2,170316813002
137.0,33.0,165.0,11.0,5.0,49.0,7.0,18.0,64.0,54.0,44.0,9.0,20.0,12.0,20.0,51.0,699.0,17,031,681300,3,170316813003
25.0,68.0,15.0,42.0,0.0,11.0,19.0,4.0,1.0,24.0,4.0,78.0,9.0,43.0,25.0,51.0,419.0,17,031,681400,1,170316814001
152.0,29.0,82.0,50.0,113.0,7.0,97.0,38.0,2.0,95.0,16.0,4.0,7.0,53.0,52.0,96.0,893.0,17,031,681400,2,170316814002
54.0,103.0,155.0,61.0,1.0,100.0,25.0,1.0,74.0,90.0,86.0,25.0,105.0,10.0,17.0,56.0,963.0,17,031,681400,3,170316814003
204.0,97.0,1.0,19.0,5.0,0.0,20.0,15.0,10.0,44.0,61.0,1.0,2.0,8.0,40.0,44.0,571.0,17,031,681400,4,170316814004
56.0,64.0,49.0,14.0,58.0,0.0,0.0,47.0,53.0,0.0,46.0,40.0,53.0,16.0,29.0,71.0,596.0,17,031,690300,1,170316903001
330.0,178.0,158.0,66.0,185.0,32.0,51.0,22.0,7.0,39.0,16.0,1.0,24.0,49.0,13.0,61.0,1232.0,17,031,690300,2,170316903002
110.0,82.0,160.0,53.0,65.0,101.0,2.0,2.0,1.0,8.0,88.0,3.0,21.0,23.0,30.0,108.0,857.0,17,031,690400,1,170316904001
103.0,11.0,174.0,66.0,45.0,7.0,2.0,0.0,84.0,65.0,53.0,43.0,96.0,12.0,70.0,44.0,875.0,17,031,690400,2,170316904002
197.0,5.0,74.0,137.0,25.0,47.0,13.0,31.0,5.0,37.0,86.0,47.0,10.0,25.0,40.0,48.0,827.0,17,031,690400,3,170316904003
200.0,56.0,41.0,148.0,47.0,4.0,119.0,26.0,11.0,25.0,5.0,9.0,82.0,58.0,83.0,55.0,969.0,17,031,690400,4,170316904004
57.0,4.0,22.0,81.0,122.0,18.0,104.0,95.0,15.0,102.0,67.0,70.0,11.0,75.0,28.0,66.0,937.0,17,031,690500,1,170316905001
253.0,69.0,68.0,142.0,0.0,70.0,92.0,1.0,1.0,42.0,97.0,15.0,12.0,8.0,34.0,70.0,974.0,17,031,690900,1,170316909001
17.0,1.0,3.0,139.0,1.0,83.0,20.0,2.0,52.0,0.0,19.0,71.0,45.0,21.0,22.0,49.0,545.0,17,031,690900,2,170316909002
93.0,0.0,372.0,69.0,4.0,50.0,63.0,68.0,0.0,12.0,35.0,75.0,3.0,5.0,54.0,37.0,940.0,17,031,690900,3,170316909003
151.0,0.0,2.0,87.0,57.0,82.0,11.0,22.0,59.0,52.0,203.0,96.0,9.0,47.0,30.0,46.0,954.0,17,031,690900,4,170316909004
275.0,127.0,3.0,93.0,3.0,29.0,1.0,24.0,1.0,182.0,32.0,129.0,64.0,19.0,32.0,57.0,1071.0,17,031,690900,5,170316909005
86.0,50.0,2.0,6.0,39.0,40.0,1.0,1.0,23.0,124.0,151.0,61.0,129.0,8.0,39.0,51.0,811.0,17,031,691000,1,170316910001
105.0,128.0,4.0,8.0,3.0,38.0,0.0,46.0,8.0,100.0,79.0,109.0,69.0,88.0,15.0,158.0,958.0,17,031,691000,2,170316910002
59.0,26.0,14.0,70.0,8.0,5.0,14.0,79.0,0.0,100.0,44.0,23.0,15.0,5.0,39.0,53.0,554.0,17,031,691000,3,170316910003
27.0,15.0,24.0,53.0,2.0,4.0,4.0,2.0,20.0,26.0,21.0,93.0,34.0,11.0,33.0,56.0,425.0,17,031,691000,4,170316910004
17.0,76.0,34.0,6.0,2.0,52.0,4.0,30.0,0.0,15.0,75.0,87.0,12.0,61.0,36.0,45.0,552.0,17,031,691100,1,170316911001
39.0,308.0,0.0,5.0,57.0,53.0,16.0,12.0,42.0,13.0,5.0,32.0,5.0,13.0,31.0,42.0,673.0,17,031,691100,2,170316911002
311.0,187.0,3.0,108.0,57.0,0.0,1.0,6.0,32.0,1.0,44.0,35.0,24.0,21.0,41.0,53.0,924.0,17,031,691100,3,170316911003
360.0,0.0,75.0,9.0,90.0,64.0,36.0,28.0,52.0,57.0,4.0,51.0,27.0,26.0,68.0,67.0,1014.0,17,031,691100,4,170316911004
387.0,77.0,75.0,130.0,145.0,5.0,98.0,21.0,86.0,2.0,100.0,3.0,6.0,9.0,22.0,91.0,1257.0,17,031,691200,1,170316912001
151.0,14.0,42.0,44.0,37.0,4.0,9.0,1.0,107.0,23.0,51.0,112.0,55.0,46.0,15.0,45.0,756.0,17,031,691200,2,170316912002
56.0,89.0,57.0,92.0,1.0,3.0,1.0,1.0,2.0,146.0,28.0,248.0,4.0,5.0,60.0,67.0,860.0,17,031,691200,3,170316912003
260.0,107.0,37.0,56.0,4.0,2.0,98.0,8.0,58.0,155.0,149.0,94.0,130.0,15.0,83.0,52.0,1308.0,17,031,691300,1,170316913001
159.0,39.0,71.0,170.0,73.0,160.0,53.0,4.0,26.0,207.0,140.0,69.0,80.0,63.0,98.0,79.0,1491.0,17,031,691300,2,170316913002
26.0,38.0,45.0,15.0,38.0,18.0,2.0,7.0,1.0,11.0,8.0,0.0,8.0,36.0,22.0,63.0,338.0,17,031,691400,1,170316914001
49.0,28.0,60.0,15.0,0.0,13.0,7.0,4.0,0.0,7.0,3.0,40.0,5.0,36.0,32.0,44.0,343.0,17,031,691400,2,170316914002
6.0,49.0,5.0,80.0,3.0,3.0,68.0,1.0,1.0,38.0,32.0,62.0,57.0,18.0,27.0,44.0,494.0,17,031,691400,3,170316914003
105.0,50.0,57.0,75.0,112.0,9.0,62.0,11.0,76.0,85.0,4.0,12.0,42.0,9.0,24.0,130.0,863.0,17,031,691400,4,170316914004
66.0,23.0,21.0,61.0,13.0,17.0,64.0,11.0,2.0,60.0,25.0,53.0,64.0,16.0,28.0,42.0,566.0,17,031,691400,5,170316914005
153.0,39.0,11.0,25.0,6.0,60.0,6.0,4.0,46.0,6.0,2.0,2.0,22.0,15.0,16.0,42.0,455.0,17,031,691500,1,170316915001
77.0,55.0,266.0,191.0,18.0,90.0,3.0,2.0,14.0,0.0,0.0,16.0,10.0,20.0,70.0,61.0,893.0,17,031,691500,2,170316915002
43.0,47.0,0.0,126.0,19.0,25.0,48.0,2.0,0.0,0.0,112.0,4.0,20.0,9.0,36.0,140.0,631.0,17,031,691500,3,170316915003
24.0,170.0,101.0,46.0,7.0,8.0,48.0,4.0,140.0,127.0,262.0,291.0,381.0,232.0,362.0,52.0,2255.0,17,031,700100,1,170317001001
72.0,1.0,110.0,137.0,1.0,352.0,20.0,17.0,8.0,146.0,30.0,157.0,81.0,10.0,45.0,52.0,1239.0,17,031,700100,2,170317001002
71.0,1.0,8.0,107.0,165.0,2.0,137.0,67.0,1.0,263.0,292.0,136.0,382.0,26.0,101.0,44.0,1803.0,17,031,700200,1,170317002001
153.0,7.0,150.0,149.0,236.0,137.0,173.0,28.0,111.0,40.0,244.0,88.0,39.0,18.0,236.0,67.0,1876.0,17,031,700200,2,170317002002
28.0,102.0,47.0,31.0,1.0,119.0,55.0,78.0,157.0,16.0,168.0,447.0,214.0,60.0,82.0,39.0,1644.0,17,031,700200,3,170317002003
27.0,21.0,9.0,61.0,53.0,227.0,1.0,10.0,110.0,129.0,120.0,183.0,257.0,89.0,92.0,56.0,1445.0,17,031,700200,4,170317002004
8.0,14.0,0.0,169.0,106.0,38.0,66.0,107.0,31.0,90.0,317.0,489.0,112.0,92.0,96.0,45.0,1780.0,17,031,700301,1,170317003011
21.0,76.0,70.0,97.0,109.0,64.0,28.0,59.0,0.0,125.0,135.0,443.0,444.0,209.0,103.0,100.0,2083.0,17,031,700301,2,170317003012
75.0,171.0,102.0,167.0,91.0,145.0,105.0,184.0,13.0,91.0,241.0,335.0,12.0,27.0,54.0,38.0,1851.0,17,031,700301,3,170317003013
59.0,5.0,5.0,100.0,3.0,46.0,1.0,250.0,1.0,151.0,74.0,288.0,15.0,77.0,102.0,51.0,1228.0,17,031,700302,1,170317003021
1.0,11.0,2.0,9.0,48.0,195.0,2.0,2.0,0.0,81.0,123.0,77.0,114.0,148.0,67.0,111.0,991.0,17,031,700302,2,170317003022
3.0,12.0,176.0,35.0,21.0,50.0,7.0,182.0,30.0,0.0,442.0,313.0,104.0,42.0,52.0,59.0,1528.0,17,031,700302,3,170317003023
50.0,49.0,118.0,14.0,93.0,16.0,40.0,12.0,25.0,183.0,215.0,245.0,394.0,154.0,140.0,174.0,1922.0,17,031,700302,4,170317003024
0.0,13.0,49.0,51.0,179.0,90.0,153.0,8.0,137.0,128.0,195.0,205.0,186.0,107.0,33.0,48.0,1582.0,17,031,700401,1,170317004011
94.0,10.0,35.0,39.0,64.0,86.0,27.0,33.0,240.0,157.0,76.0,540.0,76.0,118.0,308.0,128.0,2031.0,17,031,700401,2,170317004012
100.0,0.0,6.0,95.0,30.0,92.0,79.0,108.0,1.0,119.0,110.0,511.0,175.0,92.0,121.0,60.0,1699.0,17,031,700401,3,170317004013
12.0,56.0,61.0,2.0,3.0,3.0,36.0,1.0,1.0,51.0,28.0,135.0,215.0,117.0,160.0,59.0,940.0,17,031,700401,4,170317004014
18.0,20.0,4.0,6.0,0.0,8.0,58.0,124.0,59.0,124.0,170.0,207.0,67.0,29.0,22.0,62.0,978.0,17,031,700402,1,170317004021
0.0,39.0,0.0,24.0,109.0,33.0,46.0,4.0,9.0,45.0,190.0,92.0,443.0,55.0,27.0,80.0,1196.0,17,031,700402,2,170317004022
56.0,2.0,31.0,25.0,0.0,28.0,59.0,121.0,5.0,188.0,141.0,311.0,195.0,115.0,293.0,87.0,1657.0,17,031,700402,3,170317004023
87.0,0.0,2.0,5.0,184.0,1.0,2.0,41.0,4.0,467.0,36.0,252.0,226.0,14.0,26.0,214.0,1561.0,17,031,700501,1,170317005011
0.0,0.0,2.0,38.0,3.0,4.0,46.0,38.0,24.0,69.0,262.0,2.0,47.0,378.0,19.0,43.0,975.0,17,031,700501,2,170317005012
5.0,79.0,5.0,198.0,0.0,0.0,1.0,91.0,2.0,178.0,322.0,404.0,226.0,286.0,106.0,39.0,1942.0,17,031,700501,3,170317005013
215.0,4.0,105.0,6.0,176.0,89.0,90.0,6.0,5.0,41.0,49.0,359.0,183.0,181.0,18.0,84.0,1611.0,17,031,700501,4,170317005014
2.0,2.0,0.0,0.0,3.0,1.0,1.0,6.0,5.0,6.0,140.0,109.0,180.0,94.0,29.0,44.0,622.0,17,031,700501,5,170317005015
12.0,7.0,2.0,15.0,3.0,64.0,2.0,38.0,262.0,6.0,24.0,131.0,76.0,105.0,74.0,73.0,894.0,17,031,700501,6,170317005016
144.0,2.0,60.0,3.0,62.0,10.0,38.0,38.0,1.0,103.0,108.0,203.0,199.0,61.0,271.0,66.0,1369.0,17,031,700502,1,170317005021
25.0,20.0,10.0,88.0,24.0,27.0,15.0,10.0,1.0,123.0,160.0,210.0,293.0,164.0,187.0,34.0,1391.0,17,031,700502,2,170317005022
623.0,156.0,113.0,0.0,45.0,17.0,72.0,4.0,23.0,3.0,78.0,36.0,56.0,58.0,25.0,52.0,1361.0,17,031,710100,1,170317101001
46.0,123.0,80.0,164.0,166.0,38.0,58.0,2.0,0.0,39.0,1.0,42.0,3.0,11.0,28.0,54.0,855.0,17,031,710200,1,170317102001
97.0,1.0,23.0,167.0,132.0,54.0,9.0,96.0,13.0,7.0,118.0,16.0,37.0,13.0,21.0,55.0,859.0,17,031,710200,2,170317102002
170.0,124.0,97.0,230.0,28.0,15.0,65.0,68.0,104.0,48.0,56.0,127.0,23.0,8.0,14.0,50.0,1227.0,17,031,710200,3,170317102003
19.0,60.0,38.0,4.0,441.0,1.0,9.0,22.0,2.0,175.0,27.0,5.0,64.0,2.0,53.0,45.0,967.0,17,031,710200,4,170317102004
521.0,234.0,229.0,284.0,87.0,30.0,25.0,29.0,21.0,42.0,12.0,94.0,132.0,17.0,52.0,38.0,1847.0,17,031,710200,5,170317102005
207.0,124.0,134.0,220.0,91.0,24.0,111.0,15.0,0.0,145.0,63.0,36.0,57.0,33.0,25.0,62.0,1347.0,17,031,710300,1,170317103001
100.0,48.0,80.0,25.0,4.0,64.0,6.0,44.0,2.0,103.0,7.0,250.0,52.0,53.0,29.0,40.0,907.0,17,031,710400,1,170317104001
242.0,35.0,3.0,135.0,8.0,0.0,4.0,14.0,4.0,4.0,124.0,27.0,35.0,6.0,29.0,33.0,703.0,17,031,710400,2,170317104002
8.0,5.0,135.0,68.0,4.0,20.0,114.0,0.0,1.0,280.0,1.0,34.0,40.0,7.0,23.0,42.0,782.0,17,031,710400,3,170317104003
135.0,2.0,4.0,1.0,1.0,0.0,38.0,2.0,48.0,109.0,94.0,0.0,22.0,12.0,223.0,153.0,844.0,17,031,710400,4,170317104004
235.0,22.0,10.0,64.0,34.0,177.0,44.0,1.0,57.0,133.0,32.0,133.0,7.0,57.0,44.0,61.0,1111.0,17,031,710400,5,170317104005
2.0,5.0,78.0,6.0,175.0,3.0,4.0,1.0,3.0,150.0,61.0,205.0,13.0,14.0,30.0,41.0,791.0,17,031,710400,6,170317104006
167.0,75.0,158.0,108.0,37.0,19.0,4.0,92.0,80.0,1.0,36.0,53.0,9.0,13.0,69.0,61.0,982.0,17,031,710500,1,170317105001
117.0,203.0,37.0,193.0,70.0,122.0,169.0,21.0,114.0,54.0,97.0,69.0,15.0,14.0,43.0,44.0,1382.0,17,031,710500,2,170317105002
58.0,6.0,94.0,114.0,83.0,4.0,24.0,50.0,13.0,12.0,7.0,39.0,14.0,32.0,22.0,47.0,619.0,17,031,710500,3,170317105003
131.0,123.0,46.0,0.0,4.0,92.0,7.0,5.0,87.0,24.0,217.0,55.0,60.0,64.0,35.0,77.0,1027.0,17,031,710500,4,170317105004
293.0,46.0,80.0,130.0,46.0,6.0,9.0,70.0,11.0,34.0,150.0,35.0,12.0,19.0,44.0,42.0,1027.0,17,031,710600,1,170317106001
123.0,91.0,70.0,2.0,2.0,86.0,3.0,14.0,40.0,28.0,109.0,24.0,28.0,24.0,34.0,42.0,720.0,17,031,710600,2,170317106002
115.0,155.0,4.0,2.0,39.0,25.0,51.0,28.0,3.0,7.0,1.0,3.0,10.0,29.0,32.0,53.0,557.0,17,031,710700,1,170317107001
80.0,19.0,39.0,61.0,3.0,5.0,2.0,21.0,1.0,127.0,0.0,7.0,6.0,76.0,42.0,49.0,538.0,17,031,710700,2,170317107002
101.0,144.0,4.0,74.0,182.0,0.0,41.0,9.0,1.0,2.0,13.0,105.0,35.0,65.0,30.0,48.0,854.0,17,031,710700,3,170317107003
2.0,42.0,94.0,7.0,2.0,3.0,5.0,6.0,6.0,85.0,37.0,73.0,109.0,73.0,107.0,68.0,719.0,17,031,710700,4,170317107004
39.0,1.0,0.0,4.0,1.0,0.0,25.0,2.0,115.0,131.0,8.0,20.0,3.0,22.0,38.0,50.0,459.0,17,031,710800,1,170317108001
218.0,4.0,0.0,5.0,22.0,7.0,4.0,140.0,89.0,3.0,119.0,79.0,108.0,11.0,34.0,38.0,881.0,17,031,710800,2,170317108002
0.0,10.0,1.0,4.0,7.0,3.0,233.0,6.0,137.0,56.0,476.0,205.0,112.0,8.0,229.0,53.0,1540.0,17,031,710800,3,170317108003
142.0,57.0,63.0,189.0,60.0,2.0,147.0,23.0,2.0,1.0,18.0,33.0,17.0,111.0,15.0,54.0,934.0,17,031,710800,4,170317108004
42.0,4.0,58.0,136.0,59.0,67.0,29.0,19.0,2.0,11.0,6.0,32.0,10.0,14.0,12.0,58.0,559.0,17,031,710800,5,170317108005
3.0,3.0,15.0,59.0,0.0,3.0,2.0,45.0,2.0,78.0,157.0,159.0,61.0,15.0,25.0,51.0,678.0,17,031,710800,6,170317108006
244.0,74.0,53.0,138.0,93.0,5.0,43.0,30.0,4.0,3.0,46.0,7.0,23.0,7.0,31.0,72.0,873.0,17,031,710900,1,170317109001
492.0,99.0,144.0,137.0,8.0,25.0,92.0,59.0,19.0,14.0,38.0,23.0,65.0,82.0,141.0,120.0,1558.0,17,031,710900,2,170317109002
62.0,82.0,151.0,23.0,50.0,67.0,108.0,98.0,22.0,111.0,135.0,63.0,46.0,20.0,48.0,87.0,1173.0,17,031,711000,1,170317110001
308.0,1.0,112.0,193.0,107.0,107.0,40.0,13.0,7.0,289.0,72.0,111.0,35.0,45.0,25.0,51.0,1516.0,17,031,711000,2,170317110002
69.0,29.0,98.0,78.0,128.0,102.0,0.0,1.0,22.0,6.0,2.0,12.0,17.0,18.0,34.0,54.0,670.0,17,031,711000,3,170317110003
204.0,102.0,99.0,140.0,99.0,27.0,93.0,69.0,45.0,141.0,130.0,102.0,122.0,6.0,17.0,49.0,1445.0,17,031,711100,1,170317111001
116.0,74.0,54.0,1.0,21.0,7.0,16.0,120.0,37.0,110.0,76.0,6.0,52.0,119.0,51.0,43.0,903.0,17,031,711100,2,170317111002
3.0,79.0,1.0,81.0,63.0,41.0,157.0,11.0,7.0,6.0,18.0,49.0,43.0,22.0,15.0,31.0,627.0,17,031,711100,3,170317111003
245.0,112.0,244.0,35.0,7.0,92.0,44.0,85.0,54.0,160.0,98.0,22.0,49.0,58.0,74.0,39.0,1418.0,17,031,711200,1,170317112001
91.0,51.0,120.0,84.0,0.0,177.0,20.0,23.0,0.0,43.0,142.0,78.0,6.0,23.0,53.0,71.0,982.0,17,031,711200,2,170317112002
1.0,7.0,25.0,7.0,28.0,0.0,43.0,74.0,7.0,196.0,69.0,46.0,68.0,13.0,35.0,52.0,671.0,17,031,711200,3,170317112003
66.0,15.0,147.0,91.0,47.0,83.0,106.0,104.0,36.0,193.0,247.0,258.0,113.0,136.0,46.0,95.0,1783.0,17,031,711200,4,170317112004
69.0,37.0,7.0,90.0,14.0,28.0,14.0,1.0,2.0,45.0,114.0,37.0,69.0,36.0,75.0,55.0,693.0,17,031,711300,1,170317113001
125.0,74.0,3.0,3.0,27.0,1.0,5.0,48.0,68.0,115.0,62.0,117.0,38.0,46.0,29.0,57.0,818.0,17,031,711300,2,170317113002
208.0,8.0,153.0,98.0,3.0,39.0,134.0,2.0,18.0,131.0,31.0,97.0,27.0,48.0,61.0,53.0,1111.0,17,031,711400,1,170317114001
82.0,4.0,37.0,19.0,10.0,41.0,25.0,6.0,71.0,145.0,7.0,27.0,15.0,22.0,32.0,50.0,593.0,17,031,711400,2,170317114002
131.0,1.0,8.0,40.0,70.0,19.0,3.0,1.0,7.0,3.0,27.0,13.0,19.0,17.0,33.0,58.0,450.0,17,031,711400,3,170317114003
76.0,91.0,101.0,39.0,30.0,73.0,126.0,80.0,105.0,30.0,35.0,90.0,14.0,39.0,37.0,70.0,1036.0,17,031,711500,1,170317115001
50.0,205.0,206.0,108.0,51.0,3.0,1.0,95.0,9.0,78.0,148.0,193.0,39.0,91.0,96.0,51.0,1424.0,17,031,711500,2,170317115002
6.0,6.0,20.0,6.0,4.0,2.0,64.0,1.0,16.0,75.0,85.0,212.0,84.0,12.0,252.0,447.0,1292.0,17,031,720100,1,170317201001
0.0,1.0,8.0,0.0,38.0,5.0,0.0,27.0,0.0,36.0,127.0,202.0,108.0,145.0,276.0,291.0,1264.0,17,031,720100,2,170317201002
0.0,1.0,89.0,8.0,2.0,3.0,18.0,0.0,42.0,16.0,59.0,208.0,27.0,135.0,263.0,292.0,1163.0,17,031,720100,3,170317201003
39.0,5.0,68.0,17.0,4.0,22.0,1.0,86.0,60.0,23.0,45.0,107.0,50.0,126.0,121.0,62.0,836.0,17,031,720200,1,170317202001
113.0,5.0,0.0,79.0,3.0,71.0,79.0,21.0,96.0,75.0,19.0,185.0,145.0,84.0,117.0,53.0,1145.0,17,031,720200,2,170317202002
15.0,8.0,6.0,94.0,94.0,39.0,248.0,186.0,70.0,60.0,183.0,157.0,396.0,128.0,316.0,363.0,2363.0,17,031,720200,3,170317202003
2.0,8.0,4.0,0.0,19.0,7.0,2.0,48.0,8.0,48.0,8.0,50.0,18.0,72.0,367.0,147.0,808.0,17,031,720300,1,170317203001
3.0,0.0,15.0,8.0,1.0,1.0,75.0,4.0,5.0,65.0,30.0,179.0,64.0,88.0,41.0,345.0,924.0,17,031,720300,2,170317203002
0.0,1.0,5.0,61.0,2.0,8.0,0.0,28.0,0.0,2.0,44.0,206.0,315.0,163.0,237.0,170.0,1242.0,17,031,720300,3,170317203003
7.0,6.0,13.0,13.0,2.0,14.0,10.0,55.0,0.0,0.0,83.0,160.0,138.0,88.0,147.0,104.0,840.0,17,031,720300,4,170317203004
3.0,3.0,3.0,0.0,7.0,3.0,0.0,2.0,8.0,1.0,117.0,133.0,203.0,92.0,104.0,92.0,771.0,17,031,720400,1,170317204001
4.0,0.0,0.0,8.0,28.0,64.0,17.0,17.0,44.0,43.0,163.0,240.0,96.0,174.0,174.0,156.0,1228.0,17,031,720400,2,170317204002
13.0,5.0,8.0,0.0,0.0,1.0,21.0,0.0,8.0,46.0,75.0,130.0,92.0,33.0,160.0,161.0,753.0,17,031,720500,1,170317205001
5.0,4.0,9.0,49.0,34.0,42.0,7.0,12.0,0.0,58.0,157.0,259.0,194.0,190.0,231.0,217.0,1468.0,17,031,720500,2,170317205002
48.0,1.0,15.0,4.0,32.0,0.0,14.0,8.0,16.0,51.0,20.0,65.0,100.0,133.0,131.0,230.0,868.0,17,031,720600,1,170317206001
0.0,0.0,0.0,0.0,5.0,1.0,3.0,2.0,2.0,5.0,82.0,149.0,202.0,91.0,164.0,167.0,873.0,17,031,720600,2,170317206002
0.0,95.0,9.0,84.0,1.0,100.0,96.0,56.0,10.0,188.0,132.0,203.0,104.0,61.0,164.0,133.0,1436.0,17,031,720700,1,170317207001
81.0,0.0,51.0,4.0,7.0,2.0,43.0,107.0,79.0,116.0,86.0,267.0,107.0,281.0,86.0,57.0,1374.0,17,031,720700,2,170317207002
24.0,5.0,30.0,7.0,2.0,18.0,41.0,3.0,0.0,94.0,53.0,38.0,78.0,43.0,106.0,91.0,633.0,17,031,720700,3,170317207003
42.0,66.0,35.0,29.0,5.0,29.0,107.0,2.0,4.0,75.0,87.0,1.0,82.0,47.0,22.0,46.0,679.0,17,031,730100,1,170317301001
45.0,1.0,90.0,0.0,75.0,81.0,10.0,51.0,7.0,85.0,0.0,174.0,75.0,15.0,71.0,43.0,823.0,17,031,730100,2,170317301002
58.0,66.0,26.0,73.0,30.0,29.0,39.0,27.0,69.0,38.0,67.0,125.0,138.0,61.0,64.0,41.0,951.0,17,031,730100,3,170317301003
16.0,129.0,72.0,97.0,28.0,160.0,5.0,2.0,7.0,129.0,8.0,82.0,22.0,28.0,15.0,76.0,876.0,17,031,730201,1,170317302011
13.0,83.0,1.0,94.0,120.0,162.0,26.0,3.0,6.0,35.0,26.0,98.0,72.0,14.0,17.0,88.0,858.0,17,031,730201,2,170317302012
276.0,77.0,5.0,11.0,178.0,145.0,96.0,0.0,0.0,175.0,10.0,28.0,8.0,43.0,30.0,45.0,1127.0,17,031,730201,3,170317302013
11.0,57.0,328.0,360.0,156.0,239.0,152.0,189.0,102.0,126.0,36.0,5.0,160.0,15.0,41.0,48.0,2025.0,17,031,730201,4,170317302014
0.0,3.0,37.0,40.0,16.0,19.0,0.0,68.0,136.0,196.0,3.0,82.0,82.0,60.0,23.0,93.0,858.0,17,031,730201,5,170317302015
37.0,55.0,157.0,92.0,70.0,41.0,148.0,1.0,83.0,13.0,47.0,229.0,32.0,17.0,32.0,47.0,1101.0,17,031,730202,1,170317302021
103.0,1.0,157.0,12.0,0.0,318.0,1.0,43.0,0.0,6.0,13.0,303.0,232.0,153.0,88.0,51.0,1481.0,17,031,730202,2,170317302022
50.0,0.0,24.0,58.0,4.0,25.0,2.0,99.0,155.0,29.0,3.0,43.0,28.0,66.0,69.0,40.0,695.0,17,031,730202,3,170317302023
64.0,126.0,60.0,1.0,61.0,19.0,51.0,53.0,6.0,41.0,122.0,98.0,48.0,89.0,43.0,53.0,935.0,17,031,730300,1,170317303001
8.0,8.0,80.0,50.0,57.0,70.0,21.0,4.0,71.0,27.0,109.0,153.0,35.0,30.0,50.0,51.0,824.0,17,031,730400,1,170317304001
68.0,50.0,16.0,11.0,69.0,35.0,92.0,4.0,115.0,177.0,184.0,118.0,164.0,155.0,37.0,46.0,1341.0,17,031,730400,2,170317304002
79.0,16.0,0.0,5.0,15.0,1.0,27.0,0.0,30.0,35.0,104.0,75.0,110.0,36.0,53.0,51.0,637.0,17,031,730400,3,170317304003
44.0,182.0,48.0,1.0,11.0,28.0,9.0,70.0,70.0,85.0,22.0,99.0,95.0,45.0,25.0,37.0,871.0,17,031,730400,4,170317304004
13.0,6.0,23.0,100.0,7.0,31.0,112.0,69.0,144.0,88.0,116.0,81.0,102.0,67.0,80.0,41.0,1080.0,17,031,730500,1,170317305001
156.0,2.0,4.0,8.0,22.0,2.0,132.0,0.0,0.0,55.0,162.0,200.0,23.0,62.0,25.0,44.0,897.0,17,031,730500,2,170317305002
98.0,6.0,15.0,60.0,25.0,0.0,62.0,5.0,95.0,121.0,2.0,86.0,67.0,56.0,31.0,50.0,779.0,17,031,730500,3,170317305003
78.0,60.0,62.0,21.0,162.0,69.0,101.0,67.0,18.0,46.0,158.0,300.0,165.0,94.0,29.0,75.0,1505.0,17,031,730500,4,170317305004
5.0,81.0,16.0,82.0,1.0,0.0,10.0,0.0,11.0,3.0,64.0,140.0,220.0,21.0,117.0,42.0,813.0,17,031,730600,1,170317306001
97.0,89.0,5.0,206.0,0.0,2.0,98.0,52.0,25.0,81.0,88.0,156.0,14.0,9.0,44.0,46.0,1012.0,17,031,730600,2,170317306002
32.0,115.0,57.0,199.0,100.0,33.0,61.0,75.0,41.0,80.0,124.0,161.0,105.0,62.0,77.0,42.0,1364.0,17,031,730600,3,170317306003
26.0,134.0,1.0,114.0,3.0,45.0,6.0,154.0,0.0,6.0,156.0,173.0,99.0,93.0,40.0,47.0,1097.0,17,031,730700,1,170317307001
75.0,125.0,23.0,182.0,90.0,6.0,65.0,0.0,1.0,243.0,9.0,90.0,69.0,40.0,45.0,56.0,1119.0,17,031,730700,2,170317307002
1.0,5.0,1.0,6.0,2.0,2.0,1.0,1.0,28.0,7.0,26.0,109.0,43.0,39.0,180.0,47.0,498.0,17,031,740100,1,170317401001
2.0,1.0,5.0,0.0,6.0,2.0,2.0,10.0,2.0,2.0,34.0,162.0,15.0,30.0,44.0,58.0,375.0,17,031,740100,2,170317401002
14.0,9.0,0.0,8.0,64.0,1.0,12.0,3.0,7.0,39.0,30.0,138.0,240.0,61.0,247.0,78.0,951.0,17,031,740100,3,170317401003
78.0,35.0,37.0,0.0,55.0,3.0,41.0,2.0,3.0,12.0,86.0,88.0,160.0,138.0,226.0,69.0,1033.0,17,031,740100,4,170317401004
2.0,1.0,0.0,3.0,41.0,4.0,88.0,3.0,4.0,37.0,406.0,39.0,147.0,254.0,185.0,155.0,1369.0,17,031,740200,1,170317402001
94.0,16.0,40.0,55.0,4.0,1.0,38.0,10.0,34.0,2.0,4.0,162.0,125.0,224.0,115.0,48.0,972.0,17,031,740200,2,170317402002
122.0,27.0,5.0,1.0,26.0,1.0,0.0,26.0,3.0,52.0,99.0,539.0,169.0,52.0,217.0,47.0,1386.0,17,031,740200,3,170317402003
5.0,49.0,26.0,1.0,4.0,150.0,2.0,10.0,69.0,64.0,160.0,122.0,501.0,515.0,191.0,129.0,1998.0,17,031,740200,4,170317402004
7.0,3.0,53.0,15.0,3.0,2.0,62.0,12.0,0.0,4.0,142.0,205.0,133.0,99.0,84.0,60.0,884.0,17,031,740300,1,170317403001
2.0,6.0,5.0,0.0,2.0,8.0,111.0,1.0,19.0,104.0,103.0,210.0,295.0,102.0,128.0,71.0,1167.0,17,031,740300,2,170317403002
3.0,0.0,1.0,1.0,3.0,105.0,59.0,11.0,16.0,77.0,140.0,30.0,45.0,229.0,105.0,90.0,915.0,17,031,740300,3,170317403003
9.0,1.0,1.0,10.0,1.0,7.0,1.0,0.0,1.0,1.0,5.0,157.0,127.0,98.0,56.0,58.0,533.0,17,031,740300,4,170317403004
16.0,22.0,1.0,4.0,6.0,32.0,64.0,15.0,1.0,12.0,56.0,95.0,236.0,66.0,306.0,100.0,1032.0,17,031,740300,5,170317403005
1.0,19.0,6.0,11.0,1.0,3.0,4.0,19.0,3.0,26.0,43.0,75.0,224.0,92.0,85.0,40.0,652.0,17,031,740400,1,170317404001
7.0,0.0,7.0,19.0,6.0,1.0,103.0,86.0,1.0,15.0,261.0,119.0,157.0,63.0,71.0,137.0,1053.0,17,031,740400,2,170317404002
99.0,9.0,30.0,10.0,18.0,39.0,44.0,182.0,89.0,209.0,280.0,291.0,418.0,119.0,128.0,214.0,2179.0,17,031,740400,3,170317404003
37.0,3.0,5.0,82.0,6.0,3.0,5.0,2.0,0.0,29.0,5.0,149.0,188.0,63.0,160.0,168.0,905.0,17,031,740400,4,170317404004
82.0,69.0,0.0,41.0,9.0,55.0,45.0,6.0,11.0,0.0,50.0,182.0,140.0,27.0,141.0,47.0,905.0,17,031,750100,1,170317501001
80.0,30.0,73.0,65.0,20.0,9.0,10.0,6.0,4.0,40.0,71.0,258.0,83.0,19.0,145.0,46.0,959.0,17,031,750100,2,170317501002
162.0,166.0,77.0,6.0,0.0,21.0,11.0,42.0,38.0,82.0,1.0,152.0,7.0,34.0,23.0,105.0,927.0,17,031,750100,3,170317501003
161.0,24.0,22.0,236.0,140.0,121.0,5.0,1.0,158.0,147.0,146.0,160.0,13.0,81.0,70.0,53.0,1538.0,17,031,750100,4,170317501004
0.0,0.0,0.0,3.0,68.0,71.0,0.0,2.0,6.0,126.0,186.0,50.0,128.0,52.0,27.0,53.0,772.0,17,031,750200,1,170317502001
73.0,6.0,28.0,95.0,12.0,3.0,7.0,3.0,2.0,5.0,8.0,79.0,163.0,19.0,127.0,40.0,670.0,17,031,750200,2,170317502002
33.0,0.0,7.0,0.0,1.0,1.0,3.0,1.0,1.0,112.0,1.0,154.0,45.0,47.0,166.0,218.0,790.0,17,031,750200,3,170317502003
14.0,9.0,9.0,85.0,4.0,5.0,46.0,46.0,2.0,59.0,15.0,128.0,74.0,36.0,67.0,102.0,701.0,17,031,750200,4,170317502004
1.0,5.0,0.0,2.0,1.0,1.0,13.0,5.0,1.0,57.0,8.0,133.0,143.0,125.0,128.0,93.0,716.0,17,031,750300,1,170317503001
33.0,21.0,0.0,54.0,116.0,1.0,66.0,8.0,0.0,42.0,13.0,234.0,64.0,73.0,89.0,101.0,915.0,17,031,750300,2,170317503002
5.0,0.0,46.0,26.0,4.0,4.0,38.0,2.0,108.0,79.0,21.0,149.0,136.0,43.0,274.0,104.0,1039.0,17,031,750300,3,170317503003
6.0,50.0,18.0,72.0,25.0,1.0,7.0,13.0,17.0,73.0,243.0,271.0,199.0,81.0,178.0,121.0,1375.0,17,031,750400,1,170317504001
1.0,53.0,6.0,3.0,68.0,1.0,62.0,43.0,2.0,7.0,101.0,324.0,64.0,9.0,113.0,217.0,1074.0,17,031,750400,2,170317504002
2.0,9.0,0.0,0.0,6.0,3.0,13.0,9.0,51.0,21.0,98.0,187.0,50.0,115.0,141.0,63.0,768.0,17,031,750400,3,170317504003
92.0,113.0,14.0,137.0,79.0,1.0,39.0,20.0,44.0,38.0,173.0,165.0,203.0,17.0,25.0,77.0,1237.0,17,031,750500,1,170317505001
3.0,5.0,1.0,2.0,4.0,3.0,161.0,0.0,26.0,112.0,4.0,66.0,296.0,251.0,77.0,51.0,1062.0,17,031,750500,2,170317505002
332.0,20.0,141.0,114.0,111.0,79.0,48.0,248.0,143.0,170.0,43.0,167.0,387.0,15.0,23.0,71.0,2112.0,17,031,750500,3,170317505003
52.0,185.0,255.0,65.0,92.0,86.0,11.0,17.0,0.0,101.0,72.0,364.0,238.0,13.0,47.0,43.0,1641.0,17,031,750500,4,170317505004
98.0,34.0,35.0,2.0,6.0,115.0,0.0,52.0,0.0,24.0,197.0,163.0,181.0,106.0,34.0,53.0,1100.0,17,031,750600,1,170317506001
0.0,96.0,18.0,40.0,115.0,0.0,3.0,145.0,2.0,0.0,263.0,90.0,16.0,122.0,26.0,49.0,985.0,17,031,750600,2,170317506002
162.0,5.0,46.0,115.0,4.0,70.0,0.0,96.0,15.0,16.0,5.0,178.0,132.0,20.0,111.0,42.0,1017.0,17,031,750600,3,170317506003
65.0,32.0,9.0,66.0,47.0,56.0,5.0,0.0,5.0,25.0,147.0,13.0,22.0,13.0,27.0,45.0,577.0,17,031,750600,4,170317506004
53.0,226.0,16.0,405.0,135.0,97.0,10.0,178.0,42.0,144.0,313.0,540.0,73.0,92.0,136.0,72.0,2532.0,17,031,760801,1,170317608011
64.0,81.0,120.0,213.0,42.0,88.0,125.0,222.0,72.0,42.0,371.0,187.0,3.0,20.0,66.0,74.0,1790.0,17,031,760801,2,170317608012
94.0,178.0,215.0,71.0,125.0,226.0,122.0,2.0,128.0,218.0,185.0,400.0,73.0,122.0,93.0,128.0,2380.0,17,031,760802,1,170317608021
244.0,47.0,1.0,121.0,258.0,20.0,106.0,164.0,0.0,214.0,255.0,363.0,140.0,101.0,20.0,50.0,2104.0,17,031,760803,1,170317608031
339.0,24.0,272.0,103.0,20.0,129.0,94.0,96.0,22.0,109.0,177.0,35.0,58.0,21.0,132.0,50.0,1681.0,17,031,760803,2,170317608032
199.0,105.0,192.0,80.0,109.0,57.0,14.0,3.0,15.0,227.0,180.0,109.0,201.0,119.0,86.0,51.0,1747.0,17,031,760803,3,170317608033
166.0,27.0,120.0,182.0,4.0,91.0,3.0,5.0,76.0,90.0,40.0,496.0,246.0,69.0,24.0,63.0,1702.0,17,031,760803,4,170317608034
9.0,4.0,52.0,52.0,0.0,89.0,7.0,110.0,13.0,117.0,115.0,376.0,236.0,103.0,152.0,63.0,1498.0,17,031,770201,1,170317702011
27.0,63.0,174.0,0.0,21.0,170.0,135.0,69.0,8.0,89.0,277.0,169.0,389.0,334.0,178.0,113.0,2216.0,17,031,770201,2,170317702012
226.0,0.0,226.0,139.0,124.0,86.0,114.0,99.0,101.0,139.0,170.0,135.0,104.0,71.0,70.0,90.0,1894.0,17,031,770201,3,170317702013
44.0,11.0,16.0,104.0,14.0,56.0,200.0,73.0,148.0,155.0,128.0,414.0,186.0,100.0,91.0,62.0,1802.0,17,031,770202,1,170317702021
94.0,20.0,81.0,127.0,48.0,207.0,69.0,7.0,102.0,81.0,189.0,93.0,109.0,86.0,145.0,81.0,1539.0,17,031,770202,2,170317702022
119.0,157.0,20.0,1.0,7.0,29.0,5.0,299.0,3.0,8.0,33.0,108.0,401.0,111.0,111.0,144.0,1556.0,17,031,770202,3,170317702023
20.0,2.0,3.0,1.0,2.0,5.0,36.0,3.0,115.0,0.0,201.0,83.0,82.0,60.0,26.0,90.0,729.0,17,031,770300,1,170317703001
18.0,7.0,54.0,33.0,19.0,20.0,144.0,4.0,165.0,88.0,45.0,318.0,192.0,91.0,177.0,172.0,1547.0,17,031,770300,2,170317703002
18.0,5.0,225.0,32.0,23.0,69.0,3.0,1.0,36.0,130.0,19.0,433.0,114.0,285.0,154.0,50.0,1597.0,17,031,770300,3,170317703003
51.0,11.0,4.0,164.0,232.0,125.0,20.0,178.0,123.0,238.0,135.0,281.0,167.0,79.0,32.0,47.0,1887.0,17,031,770300,4,170317703004
4.0,131.0,82.0,1.0,6.0,51.0,2.0,74.0,35.0,177.0,223.0,196.0,265.0,155.0,68.0,88.0,1558.0,17,031,770300,5,170317703005
37.0,82.0,4.0,202.0,3.0,53.0,51.0,59.0,47.0,208.0,183.0,231.0,193.0,129.0,60.0,83.0,1625.0,17,031,770400,1,170317704001
33.0,0.0,111.0,201.0,12.0,85.0,140.0,10.0,45.0,70.0,109.0,232.0,160.0,111.0,87.0,156.0,1562.0,17,031,770400,2,170317704002
90.0,95.0,2.0,49.0,91.0,97.0,52.0,98.0,65.0,176.0,89.0,261.0,112.0,36.0,21.0,61.0,1395.0,17,031,770400,3,170317704003
102.0,268.0,249.0,141.0,312.0,45.0,33.0,138.0,188.0,812.0,344.0,391.0,243.0,11.0,15.0,43.0,3335.0,17,031,770500,1,170317705001
7.0,169.0,8.0,47.0,199.0,2.0,43.0,25.0,2.0,3.0,7.0,2.0,10.0,94.0,32.0,64.0,714.0,17,031,770500,2,170317705002
4.0,2.0,3.0,45.0,0.0,20.0,14.0,113.0,2.0,71.0,189.0,381.0,157.0,84.0,51.0,45.0,1181.0,17,031,770601,1,170317706011
2.0,3.0,1.0,120.0,48.0,1.0,48.0,109.0,1.0,124.0,1.0,96.0,30.0,128.0,51.0,183.0,946.0,17,031,770601,2,170317706012
5.0,5.0,22.0,109.0,2.0,26.0,19.0,2.0,2.0,79.0,178.0,89.0,131.0,109.0,23.0,66.0,867.0,17,031,770601,3,170317706013
18.0,126.0,182.0,85.0,107.0,116.0,60.0,6.0,83.0,202.0,339.0,5.0,78.0,95.0,45.0,173.0,1720.0,17,031,770602,1,170317706021
98.0,114.0,10.0,236.0,207.0,5.0,2.0,9.0,99.0,233.0,183.0,116.0,48.0,10.0,19.0,45.0,1434.0,17,031,770602,2,170317706022
1.0,59.0,2.0,2.0,42.0,19.0,19.0,4.0,1.0,103.0,425.0,209.0,189.0,120.0,89.0,92.0,1376.0,17,031,770602,3,170317706023
64.0,7.0,27.0,86.0,0.0,78.0,71.0,63.0,29.0,80.0,53.0,88.0,47.0,15.0,13.0,66.0,787.0,17,031,770700,1,170317707001
55.0,44.0,197.0,39.0,113.0,29.0,86.0,40.0,108.0,56.0,190.0,234.0,123.0,113.0,113.0,171.0,1711.0,17,031,770700,2,170317707002
15.0,74.0,235.0,318.0,23.0,26.0,0.0,95.0,110.0,31.0,409.0,203.0,8.0,96.0,187.0,144.0,1974.0,17,031,770800,1,170317708001
152.0,59.0,151.0,180.0,255.0,233.0,226.0,80.0,467.0,431.0,435.0,405.0,192.0,218.0,204.0,102.0,3790.0,17,031,770800,2,170317708002
2.0,2.0,28.0,229.0,53.0,6.0,4.0,22.0,72.0,93.0,42.0,160.0,66.0,142.0,21.0,66.0,1008.0,17,031,770901,1,170317709011
84.0,8.0,122.0,19.0,14.0,115.0,82.0,70.0,3.0,64.0,46.0,111.0,175.0,104.0,112.0,86.0,1215.0,17,031,770901,2,170317709012
108.0,16.0,116.0,4.0,16.0,3.0,2.0,6.0,47.0,31.0,46.0,148.0,276.0,44.0,39.0,67.0,969.0,17,031,770901,3,170317709013
10.0,57.0,37.0,176.0,153.0,184.0,31.0,71.0,85.0,67.0,198.0,209.0,321.0,104.0,180.0,125.0,2008.0,17,031,770901,4,170317709014
115.0,29.0,228.0,51.0,22.0,83.0,87.0,114.0,112.0,118.0,172.0,190.0,103.0,55.0,109.0,48.0,1636.0,17,031,770902,1,170317709021
59.0,29.0,128.0,10.0,59.0,94.0,54.0,15.0,41.0,194.0,234.0,238.0,191.0,123.0,43.0,146.0,1658.0,17,031,770902,2,170317709022
1.0,51.0,0.0,3.0,7.0,21.0,4.0,17.0,0.0,3.0,10.0,25.0,80.0,72.0,170.0,786.0,1250.0,17,031,800100,1,170318001001
4.0,3.0,3.0,4.0,0.0,0.0,2.0,8.0,2.0,56.0,0.0,46.0,144.0,139.0,256.0,739.0,1406.0,17,031,800100,2,170318001002
1.0,28.0,14.0,1.0,0.0,23.0,6.0,2.0,1.0,25.0,3.0,37.0,105.0,221.0,182.0,713.0,1362.0,17,031,800200,1,170318002001
60.0,3.0,11.0,20.0,111.0,12.0,21.0,2.0,140.0,2.0,3.0,166.0,5.0,14.0,188.0,570.0,1328.0,17,031,800200,2,170318002002
18.0,8.0,0.0,0.0,2.0,8.0,24.0,1.0,0.0,1.0,0.0,60.0,3.0,41.0,135.0,424.0,725.0,17,031,800200,3,170318002003
51.0,0.0,0.0,1.0,4.0,0.0,95.0,1.0,3.0,40.0,24.0,127.0,109.0,102.0,257.0,249.0,1063.0,17,031,800200,4,170318002004
8.0,8.0,2.0,1.0,2.0,18.0,1.0,77.0,2.0,24.0,18.0,118.0,263.0,65.0,195.0,367.0,1169.0,17,031,800200,5,170318002005
29.0,2.0,8.0,2.0,6.0,0.0,39.0,4.0,2.0,2.0,21.0,10.0,53.0,18.0,226.0,461.0,883.0,17,031,800200,6,170318002006
0.0,21.0,3.0,58.0,61.0,7.0,4.0,87.0,5.0,120.0,7.0,77.0,42.0,172.0,124.0,380.0,1168.0,17,031,800300,1,170318003001
3.0,2.0,0.0,5.0,5.0,6.0,23.0,2.0,2.0,6.0,13.0,17.0,68.0,95.0,115.0,156.0,518.0,17,031,800300,2,170318003002
1.0,6.0,4.0,26.0,11.0,49.0,1.0,16.0,3.0,12.0,1.0,82.0,175.0,110.0,96.0,1063.0,1656.0,17,031,800300,3,170318003003
1.0,3.0,0.0,1.0,1.0,3.0,12.0,1.0,0.0,8.0,29.0,79.0,80.0,35.0,148.0,784.0,1185.0,17,031,800400,1,170318004001
2.0,4.0,1.0,53.0,15.0,10.0,122.0,28.0,17.0,108.0,86.0,8.0,90.0,41.0,245.0,677.0,1507.0,17,031,800400,2,170318004002
29.0,2.0,7.0,6.0,1.0,24.0,6.0,2.0,2.0,1.0,28.0,56.0,30.0,59.0,109.0,794.0,1156.0,17,031,800400,3,170318004003
31.0,2.0,49.0,1.0,1.0,21.0,8.0,32.0,4.0,5.0,9.0,5.0,152.0,98.0,92.0,298.0,808.0,17,031,800500,1,170318005001
0.0,31.0,10.0,2.0,1.0,1.0,6.0,2.0,9.0,10.0,0.0,34.0,156.0,72.0,204.0,563.0,1101.0,17,031,800500,2,170318005002
5.0,3.0,1.0,1.0,0.0,9.0,3.0,1.0,1.0,13.0,38.0,3.0,208.0,19.0,104.0,691.0,1100.0,17,031,800500,3,170318005003
5.0,3.0,2.0,62.0,4.0,1.0,10.0,16.0,8.0,6.0,31.0,62.0,43.0,85.0,138.0,828.0,1304.0,17,031,800500,4,170318005004
41.0,5.0,0.0,1.0,0.0,6.0,4.0,53.0,4.0,67.0,2.0,34.0,47.0,9.0,85.0,701.0,1059.0,17,031,800500,5,170318005005
3.0,1.0,1.0,6.0,1.0,0.0,7.0,30.0,1.0,32.0,23.0,179.0,169.0,67.0,112.0,930.0,1562.0,17,031,800600,1,170318006001
19.0,15.0,3.0,39.0,7.0,0.0,2.0,6.0,2.0,41.0,23.0,63.0,181.0,50.0,191.0,474.0,1116.0,17,031,800600,2,170318006002
0.0,1.0,0.0,12.0,4.0,0.0,6.0,9.0,11.0,47.0,35.0,37.0,45.0,40.0,92.0,421.0,760.0,17,031,800700,1,170318007001
10.0,6.0,3.0,0.0,42.0,4.0,16.0,26.0,10.0,60.0,114.0,76.0,286.0,192.0,447.0,898.0,2190.0,17,031,800700,2,170318007002
9.0,2.0,1.0,9.0,0.0,1.0,6.0,8.0,28.0,25.0,16.0,173.0,49.0,75.0,90.0,431.0,923.0,17,031,800700,3,170318007003
1.0,0.0,1.0,4.0,0.0,33.0,1.0,39.0,32.0,91.0,158.0,95.0,76.0,146.0,183.0,430.0,1290.0,17,031,800700,4,170318007004
59.0,3.0,26.0,70.0,14.0,55.0,110.0,98.0,46.0,187.0,212.0,166.0,212.0,256.0,144.0,456.0,2114.0,17,031,800800,1,170318008001
8.0,4.0,1.0,42.0,9.0,69.0,88.0,2.0,3.0,19.0,116.0,16.0,135.0,157.0,217.0,608.0,1494.0,17,031,800900,1,170318009001
0.0,3.0,20.0,19.0,0.0,59.0,3.0,14.0,1.0,0.0,33.0,54.0,36.0,14.0,104.0,153.0,513.0,17,031,800900,2,170318009002
3.0,6.0,5.0,0.0,27.0,2.0,12.0,22.0,21.0,21.0,179.0,277.0,142.0,185.0,280.0,252.0,1434.0,17,031,800900,3,170318009003
0.0,26.0,38.0,126.0,9.0,52.0,57.0,2.0,5.0,135.0,3.0,173.0,63.0,225.0,105.0,155.0,1174.0,17,031,800900,4,170318009004
2.0,3.0,4.0,9.0,2.0,7.0,14.0,48.0,11.0,89.0,29.0,76.0,86.0,11.0,81.0,213.0,685.0,17,031,801000,1,170318010001
91.0,16.0,1.0,35.0,12.0,28.0,4.0,66.0,0.0,41.0,112.0,115.0,155.0,49.0,219.0,209.0,1153.0,17,031,801000,2,170318010002
3.0,51.0,33.0,23.0,44.0,13.0,43.0,26.0,29.0,223.0,52.0,207.0,88.0,120.0,122.0,224.0,1301.0,17,031,801000,3,170318010003
57.0,0.0,5.0,22.0,44.0,22.0,2.0,14.0,4.0,27.0,9.0,145.0,172.0,235.0,305.0,563.0,1626.0,17,031,801000,4,170318010004
0.0,6.0,1.0,2.0,4.0,3.0,1.0,25.0,5.0,44.0,59.0,102.0,27.0,35.0,97.0,359.0,770.0,17,031,801100,1,170318011001
13.0,1.0,0.0,4.0,2.0,3.0,68.0,107.0,2.0,74.0,75.0,9.0,82.0,27.0,55.0,357.0,879.0,17,031,801100,2,170318011002
14.0,3.0,5.0,39.0,8.0,54.0,6.0,28.0,0.0,42.0,86.0,51.0,195.0,170.0,192.0,422.0,1315.0,17,031,801100,3,170318011003
5.0,9.0,75.0,0.0,4.0,84.0,4.0,14.0,1.0,100.0,13.0,103.0,291.0,60.0,283.0,691.0,1737.0,17,031,801100,4,170318011004
11.0,5.0,3.0,23.0,0.0,43.0,1.0,4.0,3.0,24.0,3.0,104.0,246.0,143.0,103.0,754.0,1470.0,17,031,801200,1,170318012001
96.0,0.0,0.0,0.0,3.0,2.0,6.0,3.0,4.0,1.0,3.0,12.0,10.0,46.0,72.0,498.0,756.0,17,031,801200,2,170318012002
1.0,9.0,8.0,1.0,49.0,71.0,60.0,19.0,39.0,41.0,73.0,83.0,61.0,154.0,66.0,538.0,1273.0,17,031,801200,3,170318012003
45.0,1.0,7.0,1.0,9.0,10.0,43.0,15.0,0.0,12.0,7.0,120.0,126.0,44.0,140.0,336.0,916.0,17,031,801300,1,170318013001
31.0,6.0,0.0,15.0,6.0,1.0,7.0,9.0,11.0,186.0,93.0,181.0,54.0,94.0,47.0,476.0,1217.0,17,031,801300,2,170318013002
3.0,15.0,6.0,0.0,1.0,0.0,1.0,10.0,10.0,2.0,1.0,180.0,78.0,53.0,150.0,548.0,1058.0,17,031,801300,3,170318013003
37.0,44.0,19.0,2.0,3.0,2.0,3.0,40.0,43.0,5.0,85.0,217.0,55.0,60.0,331.0,411.0,1357.0,17,031,801300,4,170318013004
6.0,0.0,30.0,88.0,4.0,4.0,27.0,38.0,28.0,46.0,106.0,164.0,151.0,121.0,304.0,375.0,1492.0,17,031,801400,1,170318014001
11.0,105.0,4.0,3.0,6.0,62.0,8.0,11.0,10.0,103.0,172.0,180.0,253.0,193.0,214.0,185.0,1520.0,17,031,801400,2,170318014002
84.0,36.0,14.0,117.0,148.0,141.0,63.0,76.0,4.0,48.0,184.0,228.0,109.0,141.0,212.0,299.0,1904.0,17,031,801500,1,170318015001
10.0,5.0,56.0,1.0,0.0,35.0,219.0,29.0,5.0,67.0,55.0,81.0,199.0,241.0,388.0,1104.0,2495.0,17,031,801500,2,170318015002
140.0,3.0,52.0,109.0,185.0,56.0,23.0,36.0,7.0,75.0,0.0,186.0,189.0,75.0,427.0,321.0,1884.0,17,031,801500,3,170318015003
3.0,67.0,77.0,17.0,100.0,60.0,21.0,155.0,0.0,72.0,151.0,169.0,284.0,257.0,278.0,587.0,2298.0,17,031,801601,1,170318016011
4.0,1.0,19.0,122.0,14.0,28.0,0.0,85.0,26.0,98.0,183.0,297.0,249.0,109.0,168.0,453.0,1856.0,17,031,801601,2,170318016012
0.0,0.0,1.0,50.0,5.0,22.0,11.0,3.0,33.0,95.0,253.0,136.0,246.0,19.0,118.0,183.0,1175.0,17,031,801603,1,170318016031
236.0,95.0,82.0,154.0,230.0,200.0,319.0,68.0,24.0,222.0,234.0,122.0,243.0,89.0,78.0,126.0,2522.0,17,031,801603,2,170318016032
11.0,49.0,44.0,50.0,17.0,25.0,72.0,55.0,5.0,83.0,12.0,158.0,247.0,51.0,120.0,254.0,1253.0,17,031,801605,1,170318016051
0.0,1.0,20.0,21.0,6.0,161.0,4.0,8.0,44.0,54.0,59.0,66.0,39.0,102.0,29.0,390.0,1004.0,17,031,801605,2,170318016052
12.0,22.0,111.0,4.0,31.0,86.0,110.0,25.0,50.0,11.0,36.0,204.0,103.0,206.0,284.0,225.0,1520.0,17,031,801605,3,170318016053
0.0,13.0,36.0,5.0,12.0,1.0,2.0,6.0,1.0,4.0,66.0,14.0,111.0,167.0,154.0,235.0,827.0,17,031,801605,4,170318016054
2.0,1.0,2.0,2.0,0.0,5.0,6.0,1.0,3.0,0.0,0.0,104.0,52.0,61.0,212.0,444.0,895.0,17,031,801605,5,170318016055
2.0,44.0,34.0,3.0,0.0,2.0,1.0,3.0,2.0,3.0,23.0,65.0,43.0,88.0,137.0,284.0,734.0,17,031,801606,1,170318016061
5.0,6.0,26.0,23.0,16.0,0.0,4.0,14.0,18.0,9.0,46.0,17.0,179.0,105.0,386.0,277.0,1131.0,17,031,801606,2,170318016062
4.0,2.0,68.0,48.0,26.0,4.0,0.0,26.0,0.0,15.0,5.0,196.0,193.0,220.0,285.0,370.0,1462.0,17,031,801606,3,170318016063
2.0,82.0,99.0,11.0,0.0,18.0,2.0,5.0,0.0,29.0,2.0,105.0,92.0,244.0,147.0,190.0,1028.0,17,031,801606,4,170318016064
46.0,33.0,44.0,109.0,43.0,23.0,45.0,89.0,18.0,20.0,204.0,165.0,192.0,88.0,175.0,237.0,1531.0,17,031,801606,5,170318016065
19.0,24.0,6.0,3.0,89.0,40.0,0.0,101.0,6.0,118.0,2.0,122.0,151.0,213.0,181.0,395.0,1470.0,17,031,801607,1,170318016071
56.0,25.0,1.0,50.0,138.0,0.0,11.0,12.0,68.0,110.0,36.0,241.0,216.0,187.0,25.0,62.0,1238.0,17,031,801607,2,170318016072
15.0,64.0,50.0,178.0,8.0,1.0,96.0,172.0,153.0,103.0,133.0,233.0,214.0,329.0,277.0,599.0,2625.0,17,031,801607,3,170318016073
12.0,7.0,65.0,12.0,59.0,101.0,104.0,7.0,31.0,74.0,85.0,125.0,155.0,134.0,201.0,259.0,1431.0,17,031,801608,1,170318016081
72.0,5.0,42.0,135.0,126.0,0.0,12.0,87.0,11.0,42.0,110.0,44.0,209.0,57.0,103.0,247.0,1302.0,17,031,801608,2,170318016082
72.0,3.0,29.0,1.0,23.0,0.0,5.0,6.0,4.0,22.0,39.0,90.0,8.0,61.0,163.0,459.0,985.0,17,031,801608,3,170318016083
12.0,3.0,1.0,150.0,19.0,106.0,44.0,222.0,3.0,172.0,101.0,147.0,213.0,299.0,246.0,782.0,2520.0,17,031,801608,4,170318016084
40.0,21.0,0.0,42.0,2.0,1.0,1.0,83.0,27.0,38.0,104.0,224.0,189.0,261.0,325.0,547.0,1905.0,17,031,801701,1,170318017011
5.0,3.0,4.0,14.0,2.0,8.0,104.0,19.0,12.0,18.0,2.0,237.0,118.0,268.0,242.0,667.0,1723.0,17,031,801701,2,170318017012
6.0,0.0,12.0,8.0,4.0,3.0,0.0,16.0,4.0,4.0,44.0,92.0,152.0,186.0,407.0,483.0,1421.0,17,031,801702,1,170318017021
26.0,0.0,51.0,0.0,2.0,28.0,19.0,2.0,4.0,64.0,73.0,197.0,187.0,67.0,168.0,413.0,1301.0,17,031,801702,2,170318017022
125.0,17.0,8.0,2.0,73.0,84.0,46.0,7.0,27.0,53.0,167.0,87.0,82.0,154.0,222.0,316.0,1470.0,17,031,801702,3,170318017023
33.0,1.0,0.0,34.0,1.0,5.0,1.0,2.0,5.0,6.0,93.0,0.0,70.0,115.0,53.0,281.0,700.0,17,031,801702,4,170318017024
5.0,8.0,66.0,20.0,12.0,5.0,4.0,31.0,31.0,150.0,101.0,119.0,352.0,202.0,86.0,365.0,1557.0,17,031,801800,1,170318018001
0.0,8.0,0.0,4.0,2.0,35.0,18.0,29.0,40.0,4.0,91.0,126.0,41.0,132.0,142.0,427.0,1099.0,17,031,801800,2,170318018002
13.0,14.0,1.0,7.0,1.0,29.0,78.0,4.0,174.0,0.0,94.0,103.0,219.0,85.0,178.0,524.0,1524.0,17,031,801800,3,170318018003
6.0,14.0,33.0,2.0,6.0,4.0,16.0,68.0,23.0,104.0,154.0,160.0,131.0,111.0,165.0,178.0,1175.0,17,031,801800,4,170318018004
5.0,68.0,64.0,4.0,62.0,80.0,29.0,63.0,137.0,206.0,264.0,317.0,199.0,195.0,136.0,210.0,2039.0,17,031,801901,1,170318019011
33.0,30.0,88.0,67.0,39.0,59.0,6.0,35.0,108.0,74.0,80.0,257.0,148.0,83.0,87.0,173.0,1367.0,17,031,801901,2,170318019012
1.0,5.0,3.0,8.0,4.0,7.0,17.0,100.0,1.0,4.0,5.0,107.0,20.0,17.0,57.0,330.0,686.0,17,031,801901,3,170318019013
3.0,11.0,0.0,1.0,10.0,0.0,1.0,22.0,8.0,26.0,56.0,31.0,126.0,193.0,77.0,490.0,1055.0,17,031,801902,1,170318019021
6.0,3.0,3.0,6.0,46.0,6.0,1.0,3.0,2.0,95.0,42.0,35.0,201.0,105.0,132.0,782.0,1468.0,17,031,801902,2,170318019022
3.0,36.0,1.0,107.0,14.0,22.0,7.0,5.0,31.0,41.0,107.0,22.0,63.0,42.0,74.0,272.0,847.0,17,031,801902,3,170318019023
19.0,2.0,59.0,19.0,218.0,31.0,15.0,20.0,113.0,181.0,121.0,468.0,414.0,249.0,332.0,554.0,2815.0,17,031,802002,1,170318020021
0.0,6.0,74.0,16.0,72.0,45.0,155.0,22.0,21.0,51.0,337.0,368.0,166.0,201.0,291.0,495.0,2320.0,17,031,802002,2,170318020022
13.0,25.0,89.0,36.0,70.0,213.0,67.0,77.0,124.0,160.0,41.0,385.0,470.0,154.0,397.0,425.0,2746.0,17,031,802003,1,170318020031
12.0,4.0,19.0,0.0,0.0,71.0,25.0,43.0,24.0,109.0,180.0,130.0,48.0,5.0,31.0,60.0,761.0,17,031,802004,1,170318020041
132.0,4.0,533.0,84.0,10.0,192.0,100.0,6.0,201.0,8.0,0.0,39.0,10.0,41.0,167.0,77.0,1604.0,17,031,802004,2,170318020042
133.0,21.0,71.0,150.0,8.0,2.0,106.0,61.0,71.0,153.0,90.0,206.0,209.0,125.0,167.0,216.0,1789.0,17,031,802004,3,170318020043
169.0,9.0,29.0,0.0,119.0,91.0,6.0,100.0,35.0,157.0,186.0,167.0,81.0,6.0,26.0,58.0,1239.0,17,031,802004,4,170318020044
0.0,27.0,3.0,4.0,36.0,0.0,7.0,0.0,10.0,14.0,0.0,25.0,52.0,96.0,177.0,294.0,745.0,17,031,802100,1,170318021001
2.0,58.0,4.0,1.0,0.0,7.0,4.0,42.0,29.0,19.0,121.0,50.0,58.0,28.0,308.0,155.0,886.0,17,031,802100,2,170318021002
3.0,4.0,29.0,26.0,0.0,77.0,28.0,73.0,14.0,53.0,108.0,306.0,101.0,101.0,227.0,602.0,1752.0,17,031,802100,3,170318021003
3.0,0.0,6.0,110.0,4.0,3.0,3.0,27.0,3.0,3.0,32.0,69.0,52.0,70.0,184.0,654.0,1223.0,17,031,802200,1,170318022001
99.0,22.0,4.0,51.0,39.0,26.0,54.0,14.0,92.0,83.0,15.0,109.0,176.0,84.0,88.0,270.0,1226.0,17,031,802200,2,170318022002
11.0,43.0,24.0,22.0,21.0,138.0,15.0,70.0,19.0,79.0,83.0,164.0,117.0,202.0,235.0,495.0,1738.0,17,031,802200,3,170318022003
487.0,104.0,144.0,150.0,158.0,265.0,53.0,18.0,17.0,307.0,443.0,450.0,328.0,237.0,371.0,1544.0,5076.0,17,031,802300,1,170318023001
1.0,46.0,290.0,87.0,31.0,108.0,43.0,74.0,0.0,128.0,184.0,179.0,105.0,107.0,126.0,104.0,1613.0,17,031,802402,1,170318024021
2.0,47.0,13.0,24.0,62.0,26.0,47.0,0.0,25.0,91.0,115.0,192.0,58.0,180.0,234.0,124.0,1240.0,17,031,802402,2,170318024022
250.0,61.0,102.0,40.0,26.0,54.0,5.0,0.0,29.0,89.0,34.0,90.0,84.0,11.0,49.0,93.0,1017.0,17,031,802402,3,170318024023
63.0,1.0,28.0,326.0,56.0,214.0,7.0,13.0,22.0,38.0,101.0,63.0,90.0,100.0,150.0,25.0,1297.0,17,031,802402,4,170318024024
25.0,34.0,3.0,62.0,13.0,66.0,114.0,63.0,67.0,142.0,196.0,185.0,200.0,119.0,76.0,79.0,1444.0,17,031,802403,1,170318024031
168.0,263.0,2.0,29.0,1.0,15.0,36.0,238.0,104.0,441.0,164.0,210.0,202.0,89.0,68.0,95.0,2125.0,17,031,802404,1,170318024041
240.0,55.0,14.0,60.0,265.0,126.0,87.0,163.0,50.0,455.0,196.0,112.0,228.0,29.0,173.0,41.0,2294.0,17,031,802404,2,170318024042
5.0,2.0,1.0,70.0,12.0,90.0,216.0,3.0,19.0,4.0,108.0,48.0,135.0,56.0,160.0,86.0,1015.0,17,031,802404,3,170318024043
169.0,307.0,53.0,70.0,66.0,146.0,60.0,94.0,8.0,191.0,90.0,222.0,60.0,43.0,108.0,43.0,1730.0,17,031,802404,4,170318024044
4.0,49.0,4.0,1.0,6.0,0.0,8.0,14.0,68.0,61.0,135.0,176.0,168.0,127.0,32.0,95.0,948.0,17,031,802503,1,170318025031
192.0,85.0,61.0,37.0,142.0,54.0,1.0,8.0,4.0,237.0,275.0,204.0,186.0,56.0,209.0,69.0,1820.0,17,031,802503,2,170318025032
48.0,12.0,1.0,17.0,18.0,125.0,4.0,4.0,2.0,60.0,261.0,253.0,318.0,206.0,252.0,319.0,1900.0,17,031,802503,3,170318025033
4.0,11.0,17.0,14.0,20.0,154.0,34.0,17.0,4.0,38.0,124.0,119.0,50.0,62.0,22.0,146.0,836.0,17,031,802503,4,170318025034
4.0,38.0,33.0,124.0,59.0,20.0,67.0,77.0,220.0,94.0,192.0,98.0,245.0,141.0,62.0,87.0,1561.0,17,031,802504,1,170318025041
13.0,0.0,15.0,55.0,1.0,56.0,0.0,43.0,2.0,189.0,166.0,360.0,193.0,15.0,28.0,54.0,1190.0,17,031,802504,2,170318025042
2.0,2.0,22.0,56.0,64.0,74.0,59.0,3.0,20.0,273.0,279.0,277.0,295.0,118.0,218.0,320.0,2082.0,17,031,802504,3,170318025043
55.0,29.0,59.0,121.0,50.0,3.0,39.0,5.0,3.0,51.0,211.0,177.0,162.0,368.0,127.0,142.0,1602.0,17,031,802504,4,170318025044
132.0,186.0,14.0,35.0,269.0,254.0,171.0,123.0,18.0,278.0,460.0,521.0,116.0,60.0,33.0,58.0,2728.0,17,031,802505,1,170318025051
5.0,0.0,3.0,4.0,6.0,135.0,9.0,2.0,104.0,74.0,90.0,331.0,25.0,76.0,18.0,36.0,918.0,17,031,802505,2,170318025052
163.0,173.0,54.0,113.0,247.0,146.0,202.0,204.0,113.0,311.0,317.0,502.0,288.0,160.0,119.0,105.0,3217.0,17,031,802505,3,170318025053
5.0,26.0,98.0,40.0,138.0,59.0,91.0,26.0,11.0,232.0,148.0,257.0,88.0,54.0,149.0,59.0,1481.0,17,031,802506,1,170318025061
239.0,8.0,6.0,26.0,145.0,57.0,4.0,55.0,136.0,71.0,58.0,126.0,70.0,42.0,194.0,172.0,1409.0,17,031,802506,2,170318025062
87.0,3.0,22.0,15.0,5.0,84.0,3.0,38.0,95.0,187.0,362.0,130.0,13.0,120.0,304.0,226.0,1694.0,17,031,802605,1,170318026051
4.0,21.0,63.0,83.0,77.0,200.0,56.0,40.0,8.0,153.0,161.0,156.0,58.0,93.0,80.0,55.0,1308.0,17,031,802605,2,170318026052
24.0,0.0,17.0,0.0,62.0,0.0,0.0,5.0,0.0,0.0,50.0,370.0,196.0,255.0,232.0,219.0,1430.0,17,031,802605,3,170318026053
5.0,0.0,1.0,1.0,10.0,1.0,101.0,58.0,3.0,47.0,158.0,426.0,129.0,238.0,205.0,107.0,1490.0,17,031,802605,4,170318026054
49.0,22.0,2.0,30.0,0.0,48.0,35.0,34.0,23.0,119.0,123.0,239.0,188.0,85.0,73.0,150.0,1220.0,17,031,802605,5,170318026055
7.0,3.0,7.0,16.0,31.0,15.0,37.0,92.0,163.0,25.0,182.0,161.0,164.0,29.0,140.0,223.0,1295.0,17,031,802607,1,170318026071
27.0,44.0,19.0,70.0,64.0,70.0,79.0,91.0,21.0,316.0,244.0,137.0,193.0,110.0,40.0,100.0,1625.0,17,031,802608,1,170318026081
95.0,96.0,42.0,230.0,93.0,102.0,69.0,20.0,133.0,180.0,341.0,310.0,236.0,268.0,339.0,179.0,2733.0,17,031,802608,2,170318026082
4.0,1.0,3.0,28.0,12.0,5.0,22.0,8.0,33.0,21.0,195.0,223.0,71.0,206.0,46.0,137.0,1015.0,17,031,802608,3,170318026083
0.0,16.0,34.0,46.0,55.0,63.0,67.0,64.0,2.0,44.0,190.0,138.0,155.0,13.0,74.0,70.0,1031.0,17,031,802608,4,170318026084
158.0,4.0,92.0,48.0,93.0,0.0,0.0,132.0,48.0,357.0,300.0,338.0,106.0,147.0,136.0,87.0,2046.0,17,031,802609,1,170318026091
100.0,2.0,0.0,126.0,95.0,2.0,0.0,2.0,3.0,2.0,151.0,271.0,8.0,18.0,28.0,48.0,856.0,17,031,802609,2,170318026092
20.0,99.0,59.0,53.0,73.0,39.0,103.0,15.0,64.0,78.0,246.0,278.0,116.0,8.0,25.0,122.0,1398.0,17,031,802609,3,170318026093
214.0,12.0,27.0,166.0,179.0,179.0,168.0,235.0,169.0,118.0,167.0,269.0,56.0,43.0,33.0,55.0,2090.0,17,031,802609,4,170318026094
0.0,32.0,32.0,73.0,77.0,13.0,22.0,95.0,6.0,32.0,73.0,396.0,218.0,193.0,153.0,172.0,1587.0,17,031,802610,1,170318026101
51.0,2.0,0.0,92.0,354.0,51.0,166.0,74.0,117.0,376.0,603.0,76.0,164.0,18.0,27.0,120.0,2291.0,17,031,802701,1,170318027011
0.0,7.0,11.0,5.0,2.0,2.0,2.0,122.0,68.0,105.0,278.0,530.0,192.0,161.0,193.0,129.0,1807.0,17,031,802701,2,170318027012
1.0,23.0,10.0,25.0,3.0,16.0,8.0,33.0,1.0,6.0,23.0,209.0,199.0,70.0,246.0,50.0,923.0,17,031,802701,3,170318027013
28.0,2.0,14.0,0.0,42.0,0.0,42.0,169.0,1.0,97.0,129.0,187.0,163.0,198.0,324.0,347.0,1743.0,17,031,802701,4,170318027014
88.0,109.0,103.0,68.0,128.0,15.0,50.0,97.0,65.0,131.0,97.0,246.0,94.0,105.0,182.0,143.0,1721.0,17,031,802702,1,170318027021
27.0,108.0,0.0,0.0,7.0,1.0,122.0,80.0,7.0,67.0,62.0,561.0,290.0,149.0,181.0,308.0,1970.0,17,031,802702,2,170318027022
15.0,19.0,2.0,5.0,17.0,9.0,3.0,25.0,5.0,7.0,72.0,113.0,165.0,156.0,150.0,100.0,863.0,17,031,802702,3,170318027023
0.0,0.0,22.0,24.0,26.0,1.0,6.0,29.0,104.0,76.0,50.0,61.0,42.0,61.0,137.0,198.0,837.0,17,031,802801,1,170318028011
86.0,5.0,2.0,211.0,11.0,6.0,47.0,92.0,53.0,19.0,114.0,36.0,216.0,213.0,181.0,159.0,1451.0,17,031,802801,2,170318028012
3.0,6.0,0.0,5.0,1.0,2.0,3.0,7.0,1.0,46.0,228.0,70.0,48.0,47.0,181.0,191.0,839.0,17,031,802801,3,170318028013
9.0,3.0,40.0,0.0,55.0,28.0,0.0,7.0,39.0,35.0,136.0,145.0,40.0,112.0,300.0,149.0,1098.0,17,031,802801,4,170318028014
3.0,5.0,3.0,15.0,21.0,8.0,40.0,42.0,2.0,52.0,21.0,158.0,156.0,185.0,80.0,146.0,937.0,17,031,802801,5,170318028015
10.0,20.0,3.0,3.0,4.0,130.0,2.0,315.0,2.0,50.0,134.0,63.0,421.0,121.0,153.0,65.0,1496.0,17,031,802802,1,170318028021
84.0,0.0,0.0,37.0,10.0,1.0,11.0,118.0,121.0,103.0,53.0,241.0,244.0,67.0,56.0,170.0,1316.0,17,031,802802,2,170318028022
5.0,4.0,47.0,163.0,103.0,20.0,6.0,0.0,3.0,11.0,116.0,158.0,355.0,178.0,104.0,154.0,1427.0,17,031,802802,3,170318028023
2.0,40.0,33.0,29.0,0.0,28.0,0.0,14.0,3.0,166.0,89.0,152.0,79.0,223.0,69.0,91.0,1018.0,17,031,802802,4,170318028024
11.0,1.0,8.0,139.0,79.0,124.0,143.0,26.0,15.0,42.0,31.0,55.0,156.0,126.0,201.0,130.0,1287.0,17,031,802802,5,170318028025
76.0,1.0,4.0,15.0,2.0,56.0,34.0,50.0,14.0,80.0,21.0,74.0,41.0,145.0,114.0,156.0,883.0,17,031,802900,1,170318029001
8.0,84.0,2.0,26.0,22.0,25.0,81.0,1.0,10.0,15.0,57.0,307.0,113.0,147.0,178.0,381.0,1457.0,17,031,802900,2,170318029002
4.0,2.0,62.0,113.0,117.0,115.0,2.0,2.0,140.0,114.0,213.0,168.0,254.0,507.0,191.0,321.0,2325.0,17,031,802900,3,170318029003
21.0,4.0,4.0,0.0,66.0,0.0,5.0,2.0,56.0,3.0,186.0,146.0,154.0,111.0,348.0,287.0,1393.0,17,031,802900,4,170318029004
11.0,9.0,0.0,19.0,7.0,1.0,0.0,95.0,4.0,101.0,15.0,80.0,79.0,129.0,306.0,287.0,1143.0,17,031,803005,1,170318030051
100.0,73.0,71.0,28.0,33.0,73.0,42.0,162.0,66.0,142.0,164.0,253.0,48.0,104.0,102.0,119.0,1580.0,17,031,803005,2,170318030052
30.0,4.0,11.0,83.0,29.0,6.0,3.0,93.0,110.0,125.0,12.0,59.0,210.0,18.0,379.0,179.0,1351.0,17,031,803007,1,170318030071
87.0,2.0,16.0,3.0,3.0,8.0,52.0,0.0,6.0,111.0,49.0,116.0,0.0,341.0,190.0,223.0,1207.0,17,031,803007,2,170318030072
17.0,190.0,163.0,1.0,30.0,79.0,2.0,3.0,44.0,80.0,119.0,187.0,474.0,174.0,442.0,248.0,2253.0,17,031,803007,3,170318030073
47.0,3.0,30.0,6.0,1.0,63.0,1.0,214.0,11.0,173.0,102.0,159.0,261.0,84.0,203.0,212.0,1570.0,17,031,803008,1,170318030081
5.0,10.0,4.0,43.0,7.0,7.0,0.0,29.0,12.0,119.0,2.0,143.0,103.0,141.0,149.0,265.0,1039.0,17,031,803008,2,170318030082
36.0,13.0,4.0,7.0,118.0,32.0,37.0,34.0,23.0,124.0,114.0,283.0,299.0,193.0,228.0,309.0,1854.0,17,031,803008,3,170318030083
4.0,79.0,6.0,49.0,102.0,0.0,17.0,40.0,14.0,5.0,33.0,181.0,74.0,87.0,52.0,112.0,855.0,17,031,803010,1,170318030101
0.0,1.0,3.0,7.0,5.0,0.0,27.0,0.0,22.0,61.0,166.0,9.0,201.0,83.0,78.0,63.0,726.0,17,031,803010,2,170318030102
1.0,3.0,8.0,18.0,1.0,32.0,50.0,10.0,4.0,39.0,52.0,131.0,105.0,266.0,200.0,217.0,1137.0,17,031,803010,3,170318030103
76.0,0.0,2.0,2.0,46.0,5.0,12.0,26.0,23.0,102.0,216.0,218.0,301.0,215.0,252.0,538.0,2034.0,17,031,803010,4,170318030104
5.0,5.0,12.0,94.0,99.0,58.0,109.0,241.0,91.0,182.0,239.0,397.0,226.0,60.0,206.0,285.0,2309.0,17,031,803012,1,170318030121
146.0,84.0,197.0,138.0,209.0,11.0,179.0,218.0,106.0,33.0,189.0,191.0,67.0,135.0,130.0,112.0,2145.0,17,031,803013,1,170318030131
7.0,41.0,43.0,33.0,22.0,28.0,5.0,1.0,5.0,40.0,143.0,464.0,438.0,180.0,124.0,356.0,1930.0,17,031,803013,2,170318030132
9.0,7.0,4.0,21.0,9.0,14.0,3.0,57.0,0.0,38.0,22.0,223.0,198.0,321.0,137.0,67.0,1130.0,17,031,803013,3,170318030133
12.0,2.0,145.0,13.0,21.0,69.0,7.0,131.0,34.0,221.0,264.0,300.0,240.0,91.0,81.0,170.0,1801.0,17,031,803014,1,170318030141
101.0,78.0,174.0,4.0,8.0,105.0,19.0,114.0,6.0,97.0,92.0,137.0,174.0,118.0,101.0,97.0,1425.0,17,031,803014,2,170318030142
7.0,3.0,1.0,36.0,40.0,17.0,21.0,3.0,34.0,177.0,136.0,219.0,299.0,189.0,233.0,232.0,1647.0,17,031,803015,1,170318030151
26.0,230.0,47.0,216.0,66.0,61.0,173.0,31.0,1.0,244.0,82.0,2.0,154.0,147.0,93.0,213.0,1786.0,17,031,803015,2,170318030152
2.0,8.0,7.0,29.0,14.0,10.0,2.0,32.0,5.0,68.0,209.0,255.0,120.0,39.0,85.0,144.0,1029.0,17,031,803015,3,170318030153
31.0,45.0,68.0,20.0,67.0,25.0,68.0,45.0,36.0,150.0,369.0,469.0,199.0,187.0,273.0,241.0,2293.0,17,031,803016,1,170318030161
1.0,3.0,54.0,15.0,9.0,18.0,127.0,135.0,65.0,238.0,89.0,196.0,200.0,241.0,206.0,338.0,1935.0,17,031,803017,1,170318030171
15.0,0.0,48.0,97.0,6.0,62.0,0.0,0.0,34.0,328.0,144.0,439.0,98.0,307.0,342.0,457.0,2377.0,17,031,803017,2,170318030172
91.0,31.0,5.0,157.0,67.0,4.0,2.0,37.0,3.0,168.0,219.0,141.0,49.0,100.0,64.0,41.0,1179.0,17,031,803017,3,170318030173
54.0,16.0,33.0,5.0,39.0,5.0,76.0,99.0,12.0,39.0,223.0,174.0,341.0,241.0,220.0,179.0,1756.0,17,031,803100,1,170318031001
35.0,5.0,9.0,2.0,13.0,40.0,42.0,22.0,46.0,36.0,66.0,242.0,160.0,216.0,217.0,382.0,1533.0,17,031,803100,2,170318031002
27.0,4.0,0.0,28.0,21.0,68.0,80.0,3.0,98.0,92.0,131.0,285.0,144.0,101.0,348.0,222.0,1652.0,17,031,803200,1,170318032001
1.0,92.0,144.0,89.0,139.0,48.0,50.0,87.0,0.0,171.0,288.0,438.0,237.0,98.0,231.0,210.0,2323.0,17,031,803200,2,170318032002
1.0,156.0,50.0,52.0,7.0,81.0,20.0,72.0,60.0,25.0,28.0,106.0,255.0,18.0,175.0,209.0,1315.0,17,031,803200,3,170318032003
11.0,3.0,48.0,153.0,2.0,63.0,140.0,198.0,68.0,169.0,198.0,518.0,189.0,201.0,220.0,231.0,2412.0,17,031,803300,1,170318033001
230.0,150.0,92.0,4.0,49.0,52.0,105.0,26.0,7.0,60.0,4.0,205.0,206.0,174.0,198.0,227.0,1789.0,17,031,803300,2,170318033002
4.0,59.0,90.0,2.0,130.0,73.0,16.0,0.0,88.0,85.0,164.0,151.0,206.0,45.0,266.0,82.0,1461.0,17,031,803300,3,170318033003
45.0,4.0,2.0,78.0,0.0,1.0,1.0,0.0,126.0,246.0,38.0,182.0,13.0,100.0,82.0,144.0,1062.0,17,031,803400,1,170318034001
4.0,2.0,0.0,2.0,0.0,3.0,32.0,0.0,27.0,0.0,50.0,127.0,52.0,63.0,75.0,275.0,712.0,17,031,803400,2,170318034002
0.0,0.0,7.0,130.0,0.0,0.0,2.0,67.0,0.0,3.0,64.0,5.0,57.0,190.0,154.0,202.0,881.0,17,031,803400,3,170318034003
19.0,0.0,2.0,117.0,57.0,22.0,1.0,40.0,22.0,76.0,7.0,197.0,113.0,158.0,489.0,164.0,1484.0,17,031,803400,4,170318034004
4.0,27.0,0.0,21.0,34.0,1.0,0.0,0.0,2.0,52.0,73.0,233.0,93.0,52.0,86.0,404.0,1082.0,17,031,803400,5,170318034005
3.0,0.0,10.0,27.0,11.0,20.0,98.0,30.0,27.0,40.0,13.0,251.0,232.0,199.0,39.0,199.0,1199.0,17,031,803400,6,170318034006
34.0,2.0,108.0,14.0,4.0,3.0,55.0,5.0,1.0,15.0,76.0,72.0,60.0,2.0,125.0,141.0,717.0,17,031,803500,1,170318035001
3.0,1.0,20.0,2.0,5.0,5.0,3.0,2.0,5.0,2.0,100.0,169.0,140.0,246.0,178.0,172.0,1053.0,17,031,803500,2,170318035002
21.0,102.0,77.0,46.0,18.0,79.0,15.0,43.0,41.0,156.0,90.0,411.0,122.0,54.0,142.0,123.0,1540.0,17,031,803500,3,170318035003
57.0,3.0,24.0,5.0,8.0,36.0,2.0,44.0,42.0,5.0,322.0,518.0,52.0,113.0,159.0,751.0,2141.0,17,031,803500,4,170318035004
11.0,7.0,4.0,23.0,2.0,1.0,34.0,87.0,0.0,0.0,147.0,2.0,189.0,170.0,210.0,43.0,930.0,17,031,803500,5,170318035005
5.0,18.0,1.0,130.0,171.0,8.0,171.0,20.0,11.0,39.0,172.0,283.0,202.0,165.0,155.0,486.0,2037.0,17,031,803603,1,170318036031
1.0,8.0,10.0,4.0,11.0,2.0,2.0,40.0,1.0,212.0,35.0,143.0,184.0,9.0,232.0,425.0,1319.0,17,031,803603,2,170318036032
9.0,31.0,3.0,26.0,9.0,3.0,56.0,18.0,27.0,74.0,112.0,298.0,403.0,266.0,454.0,442.0,2231.0,17,031,803603,3,170318036033
1.0,1.0,1.0,5.0,7.0,30.0,5.0,51.0,3.0,67.0,17.0,62.0,146.0,138.0,214.0,498.0,1246.0,17,031,803603,4,170318036034
31.0,0.0,29.0,37.0,92.0,39.0,25.0,87.0,39.0,105.0,165.0,177.0,73.0,59.0,50.0,50.0,1058.0,17,031,803604,1,170318036041
1.0,0.0,164.0,2.0,2.0,0.0,57.0,63.0,20.0,66.0,98.0,120.0,332.0,87.0,199.0,142.0,1353.0,17,031,803604,2,170318036042
0.0,3.0,65.0,93.0,0.0,2.0,11.0,7.0,0.0,68.0,130.0,140.0,119.0,107.0,302.0,170.0,1217.0,17,031,803604,3,170318036043
0.0,0.0,3.0,61.0,5.0,10.0,5.0,20.0,1.0,71.0,73.0,94.0,56.0,37.0,238.0,81.0,755.0,17,031,803604,4,170318036044
0.0,18.0,19.0,1.0,4.0,32.0,64.0,2.0,80.0,9.0,174.0,148.0,146.0,141.0,278.0,352.0,1468.0,17,031,803605,1,170318036051
113.0,24.0,0.0,3.0,4.0,43.0,44.0,18.0,0.0,37.0,27.0,0.0,159.0,198.0,361.0,346.0,1377.0,17,031,803605,2,170318036052
0.0,5.0,3.0,23.0,30.0,4.0,32.0,1.0,6.0,16.0,124.0,139.0,318.0,271.0,248.0,80.0,1300.0,17,031,803605,3,170318036053
275.0,181.0,26.0,149.0,5.0,89.0,92.0,57.0,246.0,123.0,811.0,511.0,494.0,24.0,120.0,170.0,3373.0,17,031,803605,4,170318036054
35.0,386.0,351.0,240.0,193.0,93.0,27.0,118.0,78.0,348.0,6.0,100.0,171.0,12.0,34.0,49.0,2241.0,17,031,803606,1,170318036061
149.0,0.0,225.0,161.0,364.0,8.0,208.0,62.0,160.0,415.0,107.0,184.0,144.0,21.0,19.0,53.0,2280.0,17,031,803606,2,170318036062
61.0,326.0,130.0,221.0,246.0,159.0,251.0,209.0,173.0,337.0,341.0,712.0,21.0,8.0,95.0,63.0,3353.0,17,031,803606,3,170318036063
1.0,29.0,207.0,53.0,1.0,72.0,124.0,8.0,64.0,234.0,155.0,134.0,19.0,18.0,68.0,52.0,1239.0,17,031,803606,4,170318036064
8.0,0.0,11.0,0.0,2.0,31.0,2.0,29.0,54.0,13.0,164.0,25.0,223.0,106.0,148.0,134.0,950.0,17,031,803607,1,170318036071
16.0,6.0,1.0,19.0,0.0,10.0,17.0,61.0,1.0,53.0,14.0,133.0,288.0,149.0,121.0,115.0,1004.0,17,031,803607,2,170318036072
5.0,1.0,1.0,11.0,25.0,48.0,25.0,67.0,35.0,82.0,122.0,339.0,614.0,181.0,424.0,102.0,2082.0,17,031,803607,3,170318036073
6.0,1.0,10.0,2.0,14.0,3.0,46.0,5.0,6.0,127.0,82.0,237.0,134.0,130.0,158.0,118.0,1079.0,17,031,803607,4,170318036074
26.0,45.0,0.0,47.0,35.0,39.0,56.0,47.0,116.0,94.0,101.0,119.0,198.0,164.0,160.0,1417.0,2664.0,17,031,803608,1,170318036081
114.0,82.0,59.0,139.0,29.0,138.0,36.0,111.0,190.0,214.0,545.0,276.0,316.0,74.0,27.0,268.0,2618.0,17,031,803608,2,170318036082
153.0,3.0,6.0,65.0,98.0,101.0,137.0,143.0,69.0,252.0,114.0,490.0,348.0,140.0,104.0,89.0,2312.0,17,031,803608,3,170318036083
38.0,0.0,2.0,22.0,34.0,21.0,9.0,48.0,24.0,18.0,109.0,278.0,349.0,89.0,208.0,329.0,1578.0,17,031,803610,1,170318036101
0.0,9.0,1.0,2.0,2.0,7.0,58.0,3.0,98.0,70.0,266.0,135.0,80.0,47.0,62.0,46.0,886.0,17,031,803610,2,170318036102
33.0,1.0,82.0,1.0,67.0,4.0,61.0,90.0,1.0,207.0,236.0,258.0,226.0,124.0,150.0,97.0,1638.0,17,031,803610,3,170318036103
354.0,18.0,225.0,90.0,35.0,186.0,172.0,126.0,122.0,163.0,227.0,424.0,311.0,111.0,658.0,140.0,3362.0,17,031,803610,4,170318036104
5.0,0.0,1.0,14.0,2.0,47.0,4.0,4.0,1.0,17.0,148.0,178.0,107.0,55.0,18.0,42.0,643.0,17,031,803611,1,170318036111
1.0,2.0,122.0,112.0,8.0,6.0,40.0,101.0,157.0,260.0,25.0,74.0,109.0,67.0,62.0,54.0,1200.0,17,031,803611,2,170318036112
80.0,3.0,34.0,231.0,120.0,10.0,188.0,6.0,126.0,70.0,178.0,209.0,153.0,50.0,191.0,55.0,1704.0,17,031,803611,3,170318036113
3.0,0.0,5.0,3.0,14.0,5.0,13.0,50.0,42.0,76.0,58.0,98.0,75.0,53.0,33.0,48.0,576.0,17,031,803611,4,170318036114
141.0,0.0,108.0,142.0,33.0,1.0,149.0,260.0,64.0,114.0,201.0,94.0,200.0,156.0,72.0,110.0,1845.0,17,031,803611,5,170318036115
42.0,2.0,181.0,173.0,281.0,217.0,107.0,122.0,95.0,205.0,461.0,173.0,24.0,69.0,42.0,70.0,2264.0,17,031,803612,1,170318036121
51.0,6.0,3.0,5.0,9.0,31.0,82.0,153.0,112.0,164.0,93.0,204.0,204.0,80.0,77.0,43.0,1317.0,17,031,803612,2,170318036122
65.0,3.0,0.0,63.0,63.0,11.0,1.0,80.0,24.0,79.0,139.0,93.0,128.0,46.0,134.0,164.0,1093.0,17,031,803701,1,170318037011
85.0,54.0,102.0,53.0,87.0,53.0,0.0,12.0,53.0,69.0,70.0,106.0,123.0,156.0,296.0,190.0,1509.0,17,031,803701,2,170318037012
5.0,10.0,0.0,16.0,4.0,3.0,1.0,3.0,41.0,88.0,129.0,47.0,17.0,110.0,197.0,139.0,810.0,17,031,803702,1,170318037021
121.0,5.0,24.0,3.0,0.0,27.0,46.0,8.0,80.0,37.0,0.0,173.0,187.0,348.0,459.0,291.0,1809.0,17,031,803702,2,170318037022
0.0,47.0,20.0,242.0,120.0,10.0,120.0,116.0,46.0,90.0,143.0,228.0,241.0,64.0,257.0,155.0,1899.0,17,031,803702,3,170318037023
56.0,0.0,10.0,145.0,10.0,170.0,74.0,97.0,6.0,164.0,2.0,152.0,223.0,145.0,75.0,114.0,1443.0,17,031,803702,4,170318037024
50.0,2.0,11.0,14.0,6.0,7.0,35.0,125.0,85.0,99.0,144.0,64.0,212.0,141.0,112.0,99.0,1206.0,17,031,803800,1,170318038001
1.0,3.0,6.0,2.0,0.0,45.0,2.0,1.0,52.0,17.0,83.0,184.0,210.0,48.0,196.0,82.0,932.0,17,031,803800,2,170318038002
9.0,19.0,92.0,90.0,2.0,36.0,4.0,52.0,17.0,147.0,257.0,243.0,248.0,223.0,226.0,199.0,1864.0,17,031,803800,3,170318038003
66.0,9.0,0.0,0.0,121.0,58.0,6.0,42.0,18.0,100.0,4.0,149.0,172.0,76.0,128.0,53.0,1002.0,17,031,803800,4,170318038004
51.0,50.0,144.0,71.0,124.0,199.0,58.0,24.0,59.0,91.0,295.0,241.0,59.0,135.0,39.0,53.0,1693.0,17,031,803901,1,170318039011
30.0,8.0,56.0,131.0,46.0,53.0,1.0,44.0,114.0,52.0,69.0,200.0,231.0,165.0,171.0,170.0,1541.0,17,031,803901,2,170318039012
4.0,7.0,37.0,3.0,15.0,1.0,1.0,180.0,17.0,11.0,245.0,203.0,249.0,154.0,77.0,48.0,1252.0,17,031,803902,1,170318039021
0.0,4.0,1.0,79.0,28.0,31.0,74.0,28.0,8.0,149.0,104.0,112.0,169.0,101.0,42.0,92.0,1022.0,17,031,803902,2,170318039022
12.0,15.0,46.0,73.0,7.0,45.0,99.0,8.0,7.0,53.0,162.0,317.0,97.0,56.0,108.0,157.0,1262.0,17,031,803902,3,170318039023
55.0,0.0,95.0,43.0,28.0,77.0,19.0,30.0,153.0,206.0,189.0,235.0,258.0,183.0,50.0,70.0,1691.0,17,031,804000,1,170318040001
56.0,44.0,27.0,142.0,33.0,69.0,112.0,241.0,202.0,243.0,229.0,473.0,336.0,118.0,282.0,88.0,2695.0,17,031,804000,2,170318040002
39.0,3.0,5.0,26.0,21.0,22.0,26.0,32.0,136.0,3.0,49.0,433.0,387.0,174.0,323.0,478.0,2157.0,17,031,804102,1,170318041021
4.0,0.0,0.0,5.0,50.0,52.0,22.0,58.0,1.0,63.0,172.0,91.0,182.0,155.0,290.0,861.0,2006.0,17,031,804102,2,170318041022
80.0,15.0,26.0,8.0,87.0,26.0,86.0,155.0,29.0,263.0,106.0,33.0,282.0,260.0,264.0,679.0,2399.0,17,031,804102,3,170318041023
1.0,1.0,6.0,0.0,83.0,12.0,6.0,24.0,59.0,144.0,112.0,366.0,261.0,109.0,290.0,318.0,1792.0,17,031,804104,1,170318041041
0.0,89.0,0.0,34.0,62.0,20.0,57.0,37.0,60.0,163.0,106.0,252.0,483.0,196.0,219.0,185.0,1963.0,17,031,804104,2,170318041042
8.0,4.0,0.0,2.0,17.0,5.0,0.0,15.0,19.0,93.0,249.0,181.0,129.0,66.0,329.0,227.0,1344.0,17,031,804104,3,170318041043
4.0,3.0,2.0,0.0,3.0,3.0,48.0,2.0,0.0,53.0,49.0,179.0,430.0,265.0,447.0,377.0,1865.0,17,031,804105,1,170318041051
4.0,17.0,1.0,4.0,39.0,31.0,1.0,7.0,72.0,76.0,137.0,262.0,283.0,194.0,260.0,240.0,1628.0,17,031,804105,2,170318041052
5.0,2.0,7.0,2.0,4.0,16.0,0.0,0.0,14.0,45.0,49.0,100.0,63.0,188.0,147.0,229.0,871.0,17,031,804105,3,170318041053
24.0,8.0,150.0,5.0,5.0,2.0,0.0,38.0,7.0,109.0,56.0,228.0,251.0,190.0,227.0,582.0,1882.0,17,031,804106,1,170318041061
31.0,5.0,22.0,20.0,44.0,49.0,69.0,56.0,340.0,10.0,307.0,337.0,290.0,86.0,176.0,156.0,1998.0,17,031,804106,2,170318041062
53.0,30.0,36.0,93.0,7.0,3.0,2.0,6.0,63.0,5.0,137.0,200.0,125.0,70.0,256.0,430.0,1516.0,17,031,804106,3,170318041063
16.0,22.0,12.0,24.0,3.0,82.0,39.0,120.0,94.0,80.0,154.0,326.0,77.0,157.0,184.0,204.0,1594.0,17,031,804106,4,170318041064
147.0,29.0,7.0,4.0,6.0,0.0,49.0,55.0,57.0,127.0,50.0,207.0,73.0,14.0,100.0,107.0,1032.0,17,031,804108,1,170318041081
87.0,13.0,68.0,115.0,96.0,9.0,46.0,203.0,47.0,242.0,303.0,739.0,425.0,134.0,71.0,93.0,2691.0,17,031,804108,2,170318041082
9.0,18.0,7.0,0.0,6.0,3.0,0.0,2.0,0.0,5.0,151.0,145.0,205.0,142.0,183.0,327.0,1203.0,17,031,804109,1,170318041091
101.0,192.0,4.0,65.0,49.0,42.0,79.0,20.0,2.0,157.0,27.0,297.0,126.0,99.0,74.0,214.0,1548.0,17,031,804109,2,170318041092
58.0,23.0,132.0,22.0,11.0,3.0,9.0,27.0,26.0,104.0,81.0,194.0,284.0,146.0,133.0,765.0,2018.0,17,031,804201,1,170318042011
39.0,28.0,114.0,0.0,158.0,7.0,267.0,6.0,6.0,54.0,11.0,174.0,173.0,176.0,263.0,974.0,2450.0,17,031,804201,2,170318042012
99.0,6.0,67.0,0.0,1.0,4.0,15.0,38.0,40.0,7.0,95.0,172.0,297.0,136.0,62.0,933.0,1972.0,17,031,804201,3,170318042013
8.0,0.0,27.0,8.0,3.0,0.0,4.0,0.0,32.0,32.0,0.0,27.0,144.0,61.0,244.0,842.0,1432.0,17,031,804201,4,170318042014
123.0,32.0,31.0,7.0,25.0,1.0,8.0,61.0,2.0,1.0,18.0,29.0,47.0,20.0,60.0,105.0,570.0,17,031,804202,1,170318042021
4.0,10.0,14.0,8.0,97.0,62.0,1.0,0.0,111.0,49.0,308.0,295.0,580.0,308.0,290.0,1015.0,3152.0,17,031,804202,2,170318042022
36.0,3.0,2.0,6.0,51.0,1.0,4.0,66.0,2.0,31.0,1.0,3.0,133.0,106.0,51.0,205.0,701.0,17,031,804202,3,170318042023
3.0,12.0,7.0,24.0,72.0,69.0,35.0,76.0,2.0,269.0,56.0,498.0,328.0,657.0,504.0,840.0,3452.0,17,031,804202,4,170318042024
24.0,3.0,142.0,1.0,127.0,4.0,11.0,160.0,104.0,167.0,640.0,139.0,425.0,75.0,30.0,59.0,2111.0,17,031,804305,1,170318043051
4.0,1.0,6.0,8.0,54.0,12.0,136.0,48.0,2.0,198.0,34.0,236.0,307.0,157.0,29.0,36.0,1268.0,17,031,804305,2,170318043052
1.0,4.0,22.0,180.0,203.0,46.0,28.0,3.0,60.0,89.0,309.0,360.0,374.0,19.0,201.0,47.0,1946.0,17,031,804305,3,170318043053
11.0,3.0,73.0,90.0,49.0,102.0,131.0,246.0,161.0,122.0,418.0,307.0,362.0,174.0,105.0,312.0,2666.0,17,031,804305,4,170318043054
4.0,2.0,218.0,20.0,25.0,49.0,153.0,57.0,124.0,307.0,301.0,317.0,279.0,245.0,132.0,60.0,2293.0,17,031,804306,1,170318043061
41.0,12.0,4.0,46.0,9.0,56.0,28.0,60.0,115.0,90.0,69.0,207.0,33.0,92.0,26.0,101.0,989.0,17,031,804306,2,170318043062
26.0,4.0,5.0,112.0,91.0,5.0,102.0,320.0,14.0,3.0,622.0,274.0,22.0,149.0,118.0,40.0,1907.0,17,031,804306,3,170318043063
34.0,3.0,6.0,1.0,33.0,12.0,112.0,1.0,27.0,128.0,96.0,70.0,96.0,61.0,55.0,165.0,900.0,17,031,804306,4,170318043064
2.0,68.0,83.0,16.0,3.0,5.0,96.0,17.0,68.0,144.0,182.0,448.0,232.0,111.0,115.0,182.0,1772.0,17,031,804308,1,170318043081
3.0,52.0,142.0,18.0,1.0,149.0,78.0,122.0,16.0,254.0,414.0,244.0,351.0,251.0,126.0,90.0,2311.0,17,031,804308,2,170318043082
4.0,47.0,0.0,69.0,16.0,74.0,48.0,16.0,39.0,101.0,121.0,169.0,148.0,63.0,119.0,54.0,1088.0,17,031,804308,3,170318043083
2.0,11.0,69.0,13.0,1.0,156.0,122.0,132.0,240.0,201.0,293.0,235.0,160.0,61.0,42.0,53.0,1791.0,17,031,804309,1,170318043091
3.0,0.0,17.0,66.0,1.0,13.0,149.0,8.0,34.0,62.0,75.0,128.0,103.0,117.0,51.0,208.0,1035.0,17,031,804309,2,170318043092
193.0,25.0,6.0,24.0,49.0,128.0,44.0,9.0,13.0,303.0,299.0,456.0,116.0,158.0,138.0,204.0,2165.0,17,031,804310,1,170318043101
36.0,133.0,1.0,143.0,98.0,250.0,77.0,65.0,3.0,152.0,207.0,552.0,816.0,5.0,942.0,233.0,3713.0,17,031,804310,2,170318043102
8.0,2.0,10.0,0.0,1.0,44.0,3.0,2.0,47.0,51.0,25.0,114.0,530.0,185.0,550.0,239.0,1811.0,17,031,804310,3,170318043103
28.0,15.0,1.0,6.0,4.0,1.0,100.0,99.0,44.0,130.0,64.0,488.0,151.0,318.0,177.0,74.0,1700.0,17,031,804310,4,170318043104
25.0,0.0,6.0,1.0,3.0,0.0,23.0,2.0,7.0,29.0,121.0,358.0,121.0,295.0,375.0,495.0,1861.0,17,031,804311,1,170318043111
258.0,242.0,66.0,117.0,91.0,319.0,222.0,91.0,258.0,128.0,833.0,1091.0,841.0,711.0,387.0,971.0,6626.0,17,031,804311,2,170318043112
182.0,18.0,86.0,7.0,54.0,5.0,222.0,34.0,109.0,201.0,54.0,134.0,14.0,18.0,37.0,49.0,1224.0,17,031,804403,1,170318044031
29.0,28.0,1.0,178.0,133.0,59.0,54.0,22.0,5.0,27.0,32.0,20.0,136.0,69.0,39.0,53.0,885.0,17,031,804403,2,170318044032
60.0,34.0,137.0,48.0,238.0,2.0,96.0,105.0,86.0,67.0,377.0,1116.0,345.0,543.0,634.0,695.0,4583.0,17,031,804403,3,170318044033
3.0,1.0,5.0,198.0,5.0,139.0,15.0,1.0,4.0,58.0,166.0,471.0,185.0,19.0,201.0,207.0,1678.0,17,031,804404,1,170318044041
1.0,8.0,11.0,88.0,3.0,15.0,108.0,16.0,5.0,101.0,233.0,119.0,96.0,141.0,69.0,50.0,1064.0,17,031,804404,2,170318044042
187.0,1.0,60.0,0.0,17.0,13.0,3.0,22.0,6.0,154.0,57.0,185.0,334.0,213.0,160.0,111.0,1523.0,17,031,804404,3,170318044043
0.0,15.0,3.0,122.0,11.0,14.0,26.0,36.0,77.0,62.0,219.0,319.0,14.0,43.0,44.0,44.0,1049.0,17,031,804404,4,170318044044
6.0,11.0,133.0,246.0,53.0,66.0,77.0,4.0,152.0,623.0,164.0,299.0,281.0,177.0,39.0,54.0,2385.0,17,031,804405,1,170318044051
44.0,132.0,15.0,31.0,86.0,30.0,152.0,7.0,57.0,45.0,116.0,13.0,31.0,11.0,63.0,88.0,921.0,17,031,804405,2,170318044052
54.0,26.0,4.0,104.0,56.0,82.0,63.0,125.0,66.0,20.0,116.0,307.0,336.0,332.0,199.0,337.0,2227.0,17,031,804406,1,170318044061
66.0,1.0,0.0,3.0,41.0,64.0,62.0,200.0,433.0,503.0,425.0,354.0,154.0,158.0,34.0,152.0,2650.0,17,031,804406,2,170318044062
48.0,164.0,17.0,99.0,122.0,126.0,6.0,38.0,57.0,133.0,80.0,144.0,77.0,31.0,21.0,49.0,1212.0,17,031,804406,3,170318044063
55.0,82.0,0.0,65.0,1.0,81.0,10.0,87.0,56.0,34.0,12.0,127.0,158.0,108.0,20.0,101.0,997.0,17,031,804505,1,170318045051
6.0,33.0,6.0,0.0,35.0,41.0,12.0,44.0,60.0,196.0,155.0,426.0,77.0,33.0,83.0,82.0,1289.0,17,031,804505,2,170318045052
1.0,16.0,3.0,122.0,22.0,82.0,42.0,104.0,29.0,23.0,221.0,241.0,113.0,17.0,128.0,106.0,1270.0,17,031,804505,3,170318045053
21.0,4.0,1.0,55.0,15.0,1.0,9.0,6.0,92.0,33.0,120.0,69.0,134.0,116.0,262.0,197.0,1135.0,17,031,804506,1,170318045061
27.0,10.0,4.0,33.0,8.0,4.0,6.0,12.0,17.0,4.0,131.0,192.0,220.0,258.0,61.0,200.0,1187.0,17,031,804506,2,170318045062
12.0,26.0,24.0,28.0,3.0,42.0,100.0,230.0,116.0,255.0,228.0,454.0,92.0,139.0,409.0,401.0,2559.0,17,031,804506,3,170318045063
36.0,36.0,0.0,195.0,6.0,0.0,3.0,128.0,461.0,117.0,482.0,424.0,561.0,317.0,422.0,273.0,3461.0,17,031,804507,1,170318045071
1.0,1.0,152.0,178.0,8.0,105.0,130.0,3.0,6.0,64.0,91.0,609.0,1174.0,1011.0,1108.0,273.0,4914.0,17,031,804507,2,170318045072
191.0,137.0,32.0,118.0,82.0,20.0,51.0,47.0,53.0,291.0,88.0,715.0,392.0,559.0,697.0,240.0,3713.0,17,031,804507,3,170318045073
50.0,1.0,12.0,47.0,3.0,13.0,47.0,2.0,6.0,64.0,5.0,32.0,6.0,62.0,61.0,36.0,447.0,17,031,804507,4,170318045074
131.0,222.0,150.0,263.0,148.0,11.0,1.0,25.0,68.0,171.0,202.0,388.0,173.0,79.0,117.0,282.0,2431.0,17,031,804508,1,170318045081
28.0,5.0,4.0,0.0,99.0,0.0,1.0,125.0,248.0,129.0,150.0,476.0,250.0,19.0,73.0,62.0,1669.0,17,031,804509,1,170318045091
17.0,0.0,7.0,16.0,0.0,16.0,0.0,2.0,24.0,142.0,117.0,287.0,151.0,116.0,340.0,22.0,1257.0,17,031,804509,2,170318045092
1.0,5.0,12.0,30.0,2.0,83.0,148.0,11.0,0.0,108.0,111.0,177.0,101.0,57.0,28.0,111.0,985.0,17,031,804509,3,170318045093
265.0,22.0,27.0,0.0,6.0,97.0,4.0,24.0,1.0,227.0,80.0,195.0,338.0,94.0,138.0,111.0,1629.0,17,031,804509,4,170318045094
35.0,120.0,2.0,1.0,18.0,106.0,5.0,67.0,1.0,58.0,168.0,320.0,262.0,22.0,48.0,45.0,1278.0,17,031,804510,1,170318045101
7.0,2.0,0.0,3.0,3.0,30.0,47.0,6.0,138.0,118.0,295.0,138.0,20.0,108.0,33.0,142.0,1090.0,17,031,804510,2,170318045102
231.0,251.0,208.0,18.0,41.0,143.0,205.0,419.0,102.0,424.0,124.0,286.0,101.0,21.0,38.0,34.0,2646.0,17,031,804510,3,170318045103
126.0,19.0,13.0,1.0,74.0,6.0,84.0,161.0,45.0,3.0,299.0,348.0,70.0,130.0,193.0,96.0,1668.0,17,031,804510,4,170318045104
86.0,8.0,46.0,84.0,13.0,12.0,202.0,102.0,282.0,256.0,160.0,131.0,39.0,45.0,156.0,168.0,1790.0,17,031,804511,1,170318045111
84.0,2.0,131.0,2.0,69.0,0.0,15.0,19.0,37.0,1.0,143.0,48.0,164.0,59.0,34.0,34.0,842.0,17,031,804511,2,170318045112
88.0,88.0,10.0,232.0,110.0,79.0,155.0,113.0,20.0,475.0,281.0,68.0,266.0,23.0,146.0,100.0,2254.0,17,031,804603,1,170318046031
70.0,9.0,4.0,94.0,4.0,92.0,108.0,98.0,0.0,94.0,349.0,65.0,20.0,59.0,26.0,60.0,1152.0,17,031,804603,2,170318046032
97.0,3.0,4.0,175.0,84.0,126.0,8.0,216.0,25.0,70.0,330.0,274.0,204.0,56.0,77.0,69.0,1818.0,17,031,804603,3,170318046033
10.0,0.0,55.0,1.0,1.0,33.0,40.0,1.0,4.0,0.0,129.0,61.0,134.0,63.0,99.0,176.0,807.0,17,031,804606,1,170318046061
72.0,5.0,5.0,170.0,5.0,50.0,59.0,7.0,53.0,54.0,213.0,409.0,605.0,647.0,353.0,180.0,2887.0,17,031,804606,2,170318046062
7.0,2.0,13.0,94.0,57.0,40.0,1.0,18.0,10.0,97.0,69.0,182.0,184.0,209.0,101.0,55.0,1139.0,17,031,804606,3,170318046063
124.0,19.0,9.0,3.0,0.0,19.0,50.0,195.0,73.0,198.0,282.0,326.0,328.0,60.0,272.0,479.0,2437.0,17,031,804606,4,170318046064
7.0,1.0,19.0,20.0,29.0,12.0,8.0,31.0,39.0,117.0,210.0,368.0,278.0,248.0,367.0,254.0,2008.0,17,031,804607,1,170318046071
7.0,10.0,2.0,6.0,62.0,0.0,1.0,77.0,28.0,82.0,159.0,393.0,450.0,617.0,295.0,226.0,2415.0,17,031,804607,2,170318046072
3.0,5.0,23.0,1.0,2.0,34.0,29.0,27.0,67.0,97.0,207.0,311.0,203.0,235.0,341.0,24.0,1609.0,17,031,804607,3,170318046073
3.0,39.0,57.0,77.0,19.0,11.0,2.0,33.0,60.0,130.0,27.0,41.0,203.0,61.0,28.0,30.0,821.0,17,031,804607,4,170318046074
0.0,8.0,0.0,29.0,0.0,6.0,2.0,4.0,43.0,6.0,291.0,324.0,84.0,96.0,163.0,100.0,1156.0,17,031,804608,1,170318046081
67.0,0.0,2.0,2.0,60.0,12.0,92.0,1.0,11.0,53.0,89.0,64.0,116.0,79.0,55.0,129.0,832.0,17,031,804608,2,170318046082
0.0,61.0,38.0,47.0,15.0,9.0,13.0,64.0,65.0,250.0,284.0,167.0,189.0,41.0,137.0,249.0,1629.0,17,031,804608,3,170318046083
15.0,0.0,25.0,0.0,4.0,2.0,33.0,4.0,3.0,64.0,85.0,546.0,652.0,264.0,194.0,531.0,2422.0,17,031,804609,1,170318046091
5.0,4.0,20.0,58.0,37.0,0.0,69.0,73.0,19.0,46.0,375.0,285.0,229.0,97.0,159.0,70.0,1546.0,17,031,804609,2,170318046092
224.0,3.0,53.0,99.0,66.0,112.0,42.0,72.0,0.0,82.0,239.0,195.0,320.0,73.0,105.0,122.0,1807.0,17,031,804609,3,170318046093
96.0,3.0,3.0,94.0,19.0,29.0,96.0,39.0,71.0,169.0,107.0,303.0,227.0,167.0,130.0,160.0,1713.0,17,031,804610,1,170318046101
1.0,1.0,7.0,5.0,2.0,10.0,36.0,55.0,42.0,41.0,59.0,64.0,80.0,68.0,37.0,40.0,548.0,17,031,804610,2,170318046102
2.0,11.0,53.0,75.0,141.0,0.0,67.0,120.0,32.0,130.0,123.0,417.0,165.0,132.0,109.0,83.0,1660.0,17,031,804611,1,170318046111
73.0,0.0,0.0,0.0,93.0,73.0,6.0,81.0,24.0,144.0,248.0,431.0,172.0,144.0,48.0,198.0,1735.0,17,031,804611,2,170318046112
1.0,0.0,12.0,52.0,3.0,3.0,152.0,62.0,3.0,69.0,29.0,276.0,67.0,85.0,101.0,172.0,1087.0,17,031,804611,3,170318046113
15.0,13.0,1.0,4.0,26.0,300.0,0.0,3.0,13.0,6.0,161.0,249.0,164.0,42.0,391.0,35.0,1423.0,17,031,804701,1,170318047011
145.0,55.0,67.0,103.0,102.0,104.0,142.0,33.0,155.0,38.0,72.0,70.0,152.0,13.0,26.0,106.0,1383.0,17,031,804701,2,170318047012
143.0,46.0,21.0,81.0,6.0,8.0,140.0,10.0,5.0,22.0,209.0,58.0,122.0,14.0,39.0,45.0,969.0,17,031,804701,3,170318047013
14.0,3.0,3.0,11.0,199.0,209.0,32.0,133.0,335.0,21.0,154.0,457.0,532.0,333.0,32.0,282.0,2750.0,17,031,804701,4,170318047014
21.0,4.0,4.0,6.0,48.0,1.0,26.0,0.0,31.0,31.0,49.0,185.0,203.0,52.0,157.0,251.0,1069.0,17,031,804705,1,170318047051
7.0,93.0,58.0,25.0,51.0,297.0,227.0,70.0,26.0,271.0,196.0,221.0,136.0,33.0,104.0,43.0,1858.0,17,031,804705,2,170318047052
95.0,3.0,0.0,27.0,15.0,38.0,33.0,48.0,18.0,111.0,5.0,180.0,117.0,93.0,53.0,134.0,970.0,17,031,804705,3,170318047053
9.0,1.0,18.0,103.0,86.0,14.0,6.0,16.0,29.0,73.0,59.0,261.0,290.0,162.0,210.0,154.0,1491.0,17,031,804706,1,170318047061
11.0,0.0,1.0,0.0,79.0,6.0,2.0,24.0,24.0,4.0,88.0,121.0,133.0,114.0,243.0,147.0,997.0,17,031,804706,2,170318047062
10.0,1.0,3.0,117.0,124.0,22.0,28.0,48.0,276.0,260.0,261.0,236.0,80.0,4.0,28.0,124.0,1622.0,17,031,804709,1,170318047091
71.0,4.0,122.0,102.0,36.0,36.0,105.0,105.0,66.0,104.0,113.0,161.0,117.0,16.0,73.0,83.0,1314.0,17,031,804709,2,170318047092
34.0,6.0,49.0,83.0,6.0,45.0,28.0,53.0,16.0,53.0,7.0,54.0,46.0,20.0,22.0,45.0,567.0,17,031,804709,3,170318047093
3.0,4.0,113.0,5.0,1.0,0.0,77.0,129.0,54.0,17.0,346.0,361.0,225.0,42.0,68.0,86.0,1531.0,17,031,804709,4,170318047094
5.0,34.0,1.0,47.0,8.0,0.0,2.0,18.0,3.0,45.0,97.0,209.0,131.0,63.0,71.0,68.0,802.0,17,031,804709,5,170318047095
43.0,5.0,58.0,0.0,0.0,9.0,16.0,0.0,42.0,135.0,123.0,327.0,145.0,74.0,161.0,113.0,1251.0,17,031,804710,1,170318047101
3.0,0.0,1.0,41.0,3.0,37.0,4.0,28.0,65.0,42.0,95.0,201.0,129.0,153.0,136.0,49.0,987.0,17,031,804710,2,170318047102
82.0,8.0,35.0,2.0,29.0,52.0,0.0,68.0,31.0,162.0,136.0,107.0,98.0,153.0,169.0,170.0,1302.0,17,031,804710,3,170318047103
1.0,3.0,3.0,7.0,69.0,4.0,1.0,17.0,119.0,38.0,92.0,137.0,58.0,117.0,119.0,49.0,834.0,17,031,804710,4,170318047104
238.0,212.0,1.0,69.0,299.0,23.0,184.0,468.0,98.0,139.0,446.0,616.0,98.0,116.0,23.0,62.0,3092.0,17,031,804711,1,170318047111
11.0,1.0,2.0,25.0,43.0,4.0,70.0,115.0,7.0,153.0,237.0,354.0,219.0,9.0,147.0,54.0,1451.0,17,031,804711,2,170318047112
146.0,29.0,33.0,57.0,46.0,74.0,97.0,52.0,179.0,400.0,397.0,318.0,237.0,399.0,26.0,127.0,2617.0,17,031,804711,3,170318047113
3.0,1.0,2.0,1.0,3.0,32.0,31.0,150.0,0.0,32.0,12.0,66.0,76.0,219.0,181.0,114.0,923.0,17,031,804711,4,170318047114
18.0,4.0,6.0,0.0,100.0,7.0,114.0,127.0,74.0,96.0,378.0,537.0,93.0,193.0,78.0,314.0,2139.0,17,031,804712,1,170318047121
0.0,8.0,8.0,2.0,21.0,28.0,7.0,3.0,20.0,99.0,87.0,154.0,73.0,114.0,117.0,79.0,820.0,17,031,804712,2,170318047122
0.0,102.0,13.0,11.0,1.0,15.0,0.0,56.0,38.0,98.0,155.0,212.0,429.0,344.0,576.0,616.0,2666.0,17,031,804712,3,170318047123
1.0,7.0,32.0,18.0,38.0,27.0,1.0,105.0,29.0,131.0,87.0,286.0,137.0,2.0,168.0,54.0,1123.0,17,031,804713,1,170318047131
132.0,8.0,1.0,105.0,65.0,4.0,49.0,37.0,1.0,304.0,197.0,362.0,224.0,46.0,180.0,74.0,1789.0,17,031,804713,2,170318047132
3.0,19.0,5.0,1.0,3.0,1.0,1.0,0.0,7.0,23.0,66.0,79.0,104.0,140.0,223.0,47.0,722.0,17,031,804713,3,170318047133
3.0,2.0,5.0,0.0,55.0,2.0,3.0,13.0,5.0,0.0,44.0,293.0,35.0,68.0,199.0,64.0,791.0,17,031,804713,4,170318047134
2.0,12.0,1.0,5.0,50.0,15.0,8.0,48.0,9.0,64.0,134.0,62.0,95.0,140.0,65.0,108.0,818.0,17,031,804714,1,170318047141
3.0,0.0,94.0,0.0,33.0,3.0,23.0,134.0,6.0,2.0,220.0,210.0,82.0,126.0,225.0,106.0,1267.0,17,031,804714,2,170318047142
0.0,1.0,30.0,1.0,3.0,12.0,116.0,6.0,69.0,93.0,4.0,149.0,426.0,88.0,217.0,189.0,1404.0,17,031,804714,3,170318047143
3.0,13.0,55.0,26.0,1.0,80.0,190.0,155.0,154.0,21.0,192.0,9.0,257.0,188.0,60.0,22.0,1426.0,17,031,804715,1,170318047151
85.0,2.0,83.0,193.0,11.0,147.0,144.0,87.0,4.0,74.0,297.0,535.0,78.0,44.0,87.0,47.0,1918.0,17,031,804715,2,170318047152
3.0,1.0,4.0,8.0,1.0,61.0,0.0,5.0,16.0,143.0,39.0,187.0,165.0,159.0,370.0,146.0,1308.0,17,031,804716,1,170318047161
0.0,5.0,31.0,82.0,203.0,27.0,38.0,11.0,2.0,244.0,239.0,317.0,193.0,489.0,368.0,351.0,2600.0,17,031,804716,2,170318047162
12.0,200.0,9.0,301.0,202.0,129.0,6.0,6.0,30.0,99.0,125.0,365.0,181.0,16.0,82.0,66.0,1829.0,17,031,804716,3,170318047163
0.0,3.0,16.0,2.0,47.0,2.0,0.0,100.0,17.0,19.0,156.0,180.0,157.0,131.0,207.0,197.0,1234.0,17,031,804803,1,170318048031
68.0,36.0,0.0,9.0,7.0,40.0,28.0,62.0,75.0,83.0,105.0,295.0,123.0,90.0,222.0,52.0,1295.0,17,031,804803,2,170318048032
257.0,5.0,162.0,51.0,3.0,48.0,146.0,306.0,97.0,335.0,172.0,218.0,495.0,483.0,301.0,202.0,3281.0,17,031,804803,3,170318048033
5.0,1.0,48.0,110.0,2.0,104.0,62.0,2.0,48.0,19.0,251.0,176.0,124.0,252.0,94.0,45.0,1343.0,17,031,804804,1,170318048041
57.0,151.0,7.0,17.0,4.0,1.0,125.0,107.0,331.0,101.0,349.0,434.0,398.0,140.0,259.0,44.0,2525.0,17,031,804804,2,170318048042
189.0,8.0,6.0,44.0,4.0,42.0,2.0,2.0,58.0,92.0,485.0,122.0,259.0,7.0,94.0,41.0,1455.0,17,031,804804,3,170318048043
151.0,2.0,67.0,1.0,29.0,1.0,112.0,85.0,35.0,53.0,380.0,181.0,112.0,182.0,130.0,96.0,1617.0,17,031,804804,4,170318048044
1.0,39.0,97.0,10.0,32.0,3.0,2.0,281.0,76.0,69.0,252.0,214.0,255.0,148.0,83.0,31.0,1593.0,17,031,804805,1,170318048051
0.0,1.0,10.0,34.0,7.0,17.0,8.0,0.0,179.0,62.0,16.0,284.0,20.0,15.0,29.0,199.0,881.0,17,031,804805,2,170318048052
0.0,0.0,111.0,7.0,7.0,150.0,1.0,169.0,5.0,22.0,78.0,414.0,128.0,87.0,200.0,62.0,1441.0,17,031,804805,3,170318048053
170.0,32.0,84.0,41.0,3.0,84.0,15.0,125.0,210.0,200.0,241.0,395.0,554.0,359.0,162.0,480.0,3155.0,17,031,804805,4,170318048054
10.0,4.0,1.0,2.0,46.0,81.0,1.0,4.0,3.0,7.0,52.0,213.0,216.0,46.0,64.0,46.0,796.0,17,031,804806,1,170318048061
1.0,6.0,39.0,0.0,5.0,24.0,70.0,1.0,49.0,224.0,92.0,304.0,16.0,169.0,146.0,52.0,1198.0,17,031,804806,2,170318048062
225.0,67.0,66.0,132.0,59.0,10.0,67.0,226.0,44.0,153.0,171.0,233.0,140.0,176.0,100.0,54.0,1923.0,17,031,804806,3,170318048063
5.0,2.0,97.0,0.0,2.0,39.0,26.0,58.0,0.0,55.0,69.0,131.0,175.0,81.0,88.0,58.0,886.0,17,031,804807,1,170318048071
90.0,5.0,95.0,0.0,2.0,25.0,15.0,19.0,15.0,34.0,148.0,216.0,73.0,101.0,111.0,72.0,1021.0,17,031,804807,2,170318048072
0.0,40.0,52.0,149.0,48.0,11.0,27.0,159.0,88.0,353.0,311.0,317.0,42.0,113.0,66.0,140.0,1916.0,17,031,804807,3,170318048073
4.0,1.0,46.0,0.0,3.0,96.0,6.0,7.0,55.0,151.0,165.0,332.0,103.0,86.0,96.0,51.0,1202.0,17,031,804807,4,170318048074
17.0,0.0,54.0,2.0,3.0,83.0,1.0,37.0,14.0,23.0,43.0,220.0,101.0,37.0,78.0,127.0,840.0,17,031,804808,1,170318048081
20.0,2.0,6.0,24.0,14.0,40.0,70.0,37.0,27.0,26.0,131.0,183.0,69.0,99.0,158.0,75.0,981.0,17,031,804808,2,170318048082
19.0,3.0,6.0,15.0,1.0,3.0,7.0,4.0,3.0,53.0,50.0,155.0,56.0,113.0,93.0,134.0,715.0,17,031,804808,3,170318048083
7.0,4.0,9.0,0.0,4.0,56.0,0.0,29.0,4.0,202.0,106.0,173.0,161.0,170.0,300.0,251.0,1476.0,17,031,804809,1,170318048091
0.0,0.0,21.0,5.0,49.0,69.0,0.0,51.0,36.0,64.0,149.0,342.0,123.0,178.0,386.0,223.0,1696.0,17,031,804809,2,170318048092
1.0,2.0,9.0,3.0,3.0,9.0,23.0,9.0,13.0,95.0,75.0,254.0,210.0,124.0,94.0,133.0,1057.0,17,031,804809,3,170318048093
2.0,3.0,14.0,0.0,57.0,42.0,19.0,199.0,1.0,43.0,121.0,167.0,133.0,138.0,75.0,53.0,1067.0,17,031,804810,1,170318048101
2.0,7.0,3.0,17.0,1.0,36.0,10.0,19.0,70.0,31.0,34.0,217.0,342.0,208.0,152.0,171.0,1320.0,17,031,804810,2,170318048102
141.0,12.0,62.0,100.0,0.0,56.0,37.0,39.0,94.0,171.0,207.0,595.0,281.0,95.0,101.0,275.0,2266.0,17,031,804810,3,170318048103
78.0,72.0,134.0,174.0,129.0,148.0,61.0,118.0,198.0,63.0,291.0,314.0,132.0,49.0,151.0,73.0,2185.0,17,031,804810,4,170318048104
24.0,12.0,5.0,90.0,1.0,95.0,14.0,27.0,18.0,190.0,144.0,498.0,260.0,23.0,160.0,279.0,1840.0,17,031,804901,1,170318049011
6.0,0.0,38.0,8.0,3.0,34.0,0.0,36.0,33.0,27.0,88.0,1.0,144.0,139.0,67.0,134.0,758.0,17,031,804901,2,170318049012
6.0,5.0,30.0,63.0,2.0,70.0,148.0,16.0,37.0,88.0,221.0,237.0,54.0,181.0,159.0,180.0,1497.0,17,031,804901,3,170318049013
1.0,1.0,19.0,26.0,99.0,0.0,1.0,3.0,5.0,17.0,131.0,199.0,9.0,16.0,149.0,68.0,744.0,17,031,804901,4,170318049014
5.0,2.0,7.0,62.0,61.0,4.0,21.0,39.0,21.0,32.0,161.0,136.0,73.0,180.0,131.0,151.0,1086.0,17,031,804901,5,170318049015
0.0,19.0,0.0,3.0,4.0,2.0,3.0,1.0,24.0,23.0,33.0,66.0,9.0,64.0,91.0,129.0,471.0,17,031,804901,6,170318049016
0.0,20.0,0.0,136.0,17.0,35.0,1.0,93.0,24.0,46.0,82.0,274.0,158.0,107.0,192.0,169.0,1354.0,17,031,804902,1,170318049021
93.0,3.0,2.0,35.0,5.0,29.0,5.0,77.0,0.0,100.0,73.0,241.0,280.0,196.0,237.0,118.0,1494.0,17,031,804902,2,170318049022
1.0,37.0,21.0,7.0,30.0,6.0,28.0,91.0,43.0,126.0,71.0,64.0,121.0,268.0,28.0,159.0,1101.0,17,031,804902,3,170318049023
9.0,3.0,0.0,105.0,29.0,18.0,77.0,3.0,6.0,5.0,80.0,2.0,108.0,62.0,293.0,83.0,883.0,17,031,804902,4,170318049024
2.0,1.0,0.0,0.0,56.0,10.0,4.0,34.0,28.0,41.0,96.0,250.0,255.0,59.0,74.0,62.0,972.0,17,031,804902,5,170318049025
1.0,4.0,91.0,3.0,29.0,7.0,0.0,42.0,8.0,49.0,67.0,132.0,113.0,107.0,70.0,114.0,837.0,17,031,805001,1,170318050011
61.0,2.0,6.0,89.0,2.0,6.0,1.0,9.0,47.0,27.0,121.0,118.0,119.0,63.0,136.0,253.0,1060.0,17,031,805001,2,170318050012
1.0,17.0,3.0,6.0,5.0,3.0,60.0,24.0,34.0,89.0,109.0,363.0,310.0,149.0,136.0,299.0,1608.0,17,031,805001,3,170318050013
5.0,21.0,9.0,73.0,8.0,1.0,53.0,84.0,11.0,38.0,1.0,214.0,241.0,112.0,148.0,308.0,1327.0,17,031,805001,4,170318050014
57.0,4.0,63.0,5.0,63.0,150.0,11.0,110.0,2.0,223.0,277.0,204.0,154.0,214.0,97.0,89.0,1723.0,17,031,805002,1,170318050021
168.0,87.0,61.0,54.0,224.0,22.0,57.0,89.0,22.0,245.0,341.0,93.0,76.0,21.0,46.0,57.0,1663.0,17,031,805002,2,170318050022
17.0,10.0,44.0,55.0,4.0,102.0,35.0,77.0,13.0,91.0,52.0,85.0,119.0,130.0,146.0,106.0,1086.0,17,031,805002,3,170318050023
4.0,26.0,9.0,2.0,5.0,275.0,7.0,57.0,6.0,115.0,159.0,139.0,157.0,3.0,30.0,82.0,1076.0,17,031,805002,4,170318050024
4.0,7.0,0.0,16.0,5.0,106.0,206.0,81.0,4.0,154.0,180.0,105.0,47.0,6.0,23.0,50.0,994.0,17,031,805002,5,170318050025
131.0,160.0,180.0,225.0,319.0,156.0,89.0,54.0,0.0,350.0,1.0,693.0,369.0,9.0,235.0,61.0,3032.0,17,031,805105,1,170318051051
43.0,2.0,44.0,65.0,2.0,6.0,18.0,9.0,12.0,172.0,277.0,161.0,246.0,14.0,53.0,41.0,1165.0,17,031,805105,2,170318051052
18.0,75.0,72.0,85.0,19.0,50.0,131.0,1.0,1.0,191.0,208.0,345.0,109.0,38.0,31.0,50.0,1424.0,17,031,805105,3,170318051053
0.0,293.0,44.0,41.0,146.0,127.0,33.0,65.0,31.0,26.0,214.0,127.0,94.0,184.0,61.0,46.0,1532.0,17,031,805105,4,170318051054
68.0,51.0,10.0,5.0,78.0,16.0,5.0,176.0,65.0,70.0,185.0,112.0,57.0,107.0,31.0,70.0,1106.0,17,031,805106,1,170318051061
12.0,10.0,3.0,26.0,5.0,28.0,34.0,12.0,23.0,55.0,134.0,228.0,269.0,163.0,192.0,256.0,1450.0,17,031,805106,2,170318051062
79.0,15.0,2.0,81.0,113.0,158.0,160.0,44.0,148.0,202.0,356.0,289.0,43.0,25.0,69.0,71.0,1855.0,17,031,805107,1,170318051071
0.0,138.0,91.0,72.0,91.0,56.0,18.0,84.0,161.0,53.0,130.0,137.0,135.0,95.0,29.0,72.0,1362.0,17,031,805107,2,170318051072
2.0,50.0,5.0,5.0,60.0,6.0,19.0,82.0,66.0,53.0,136.0,198.0,90.0,53.0,63.0,60.0,948.0,17,031,805107,3,170318051073
106.0,54.0,4.0,64.0,167.0,248.0,74.0,224.0,153.0,37.0,411.0,414.0,15.0,11.0,70.0,78.0,2130.0,17,031,805107,4,170318051074
23.0,0.0,3.0,3.0,34.0,97.0,4.0,2.0,2.0,13.0,24.0,71.0,19.0,134.0,70.0,49.0,548.0,17,031,805107,5,170318051075
19.0,168.0,93.0,401.0,135.0,472.0,249.0,368.0,417.0,111.0,165.0,87.0,181.0,207.0,74.0,179.0,3326.0,17,031,805108,1,170318051081
23.0,6.0,6.0,45.0,35.0,25.0,122.0,111.0,113.0,180.0,367.0,352.0,176.0,104.0,217.0,88.0,1970.0,17,031,805108,2,170318051082
1.0,4.0,3.0,58.0,17.0,10.0,53.0,132.0,10.0,0.0,150.0,136.0,2.0,143.0,71.0,91.0,881.0,17,031,805108,3,170318051083
0.0,2.0,7.0,5.0,42.0,12.0,5.0,48.0,163.0,3.0,250.0,91.0,150.0,27.0,60.0,45.0,910.0,17,031,805108,4,170318051084
1.0,1.0,26.0,11.0,40.0,5.0,71.0,54.0,67.0,159.0,160.0,157.0,111.0,85.0,139.0,226.0,1313.0,17,031,805109,1,170318051091
3.0,0.0,128.0,11.0,36.0,19.0,24.0,22.0,1.0,97.0,129.0,402.0,338.0,101.0,121.0,369.0,1801.0,17,031,805109,2,170318051092
183.0,12.0,71.0,40.0,17.0,65.0,62.0,69.0,1.0,22.0,141.0,150.0,77.0,58.0,41.0,86.0,1095.0,17,031,805109,3,170318051093
68.0,27.0,15.0,64.0,234.0,67.0,2.0,35.0,157.0,122.0,280.0,383.0,244.0,105.0,281.0,119.0,2203.0,17,031,805110,1,170318051101
0.0,90.0,15.0,60.0,38.0,5.0,12.0,34.0,39.0,115.0,5.0,55.0,30.0,77.0,77.0,108.0,760.0,17,031,805110,2,170318051102
17.0,2.0,6.0,19.0,7.0,1.0,4.0,0.0,7.0,42.0,28.0,42.0,33.0,34.0,60.0,41.0,343.0,17,031,805110,3,170318051103
3.0,0.0,2.0,18.0,1.0,54.0,0.0,17.0,4.0,57.0,0.0,192.0,53.0,52.0,52.0,165.0,670.0,17,031,805110,4,170318051104
2.0,6.0,22.0,26.0,151.0,38.0,1.0,5.0,148.0,37.0,0.0,253.0,142.0,67.0,154.0,95.0,1147.0,17,031,805111,1,170318051111
0.0,0.0,6.0,2.0,3.0,7.0,4.0,1.0,35.0,141.0,38.0,244.0,141.0,91.0,50.0,136.0,899.0,17,031,805111,2,170318051112
101.0,114.0,51.0,84.0,289.0,44.0,91.0,88.0,73.0,366.0,361.0,375.0,71.0,271.0,33.0,85.0,2497.0,17,031,805111,3,170318051113
39.0,18.0,3.0,159.0,45.0,199.0,134.0,4.0,252.0,85.0,255.0,8.0,24.0,6.0,38.0,49.0,1318.0,17,031,805111,4,170318051114
150.0,4.0,10.0,82.0,97.0,5.0,118.0,30.0,3.0,3.0,81.0,2.0,130.0,37.0,27.0,53.0,832.0,17,031,805111,5,170318051115
3.0,1.0,2.0,35.0,8.0,7.0,26.0,22.0,0.0,138.0,4.0,437.0,74.0,26.0,41.0,34.0,858.0,17,031,805111,6,170318051116
60.0,110.0,179.0,173.0,42.0,65.0,58.0,48.0,89.0,68.0,125.0,235.0,103.0,91.0,29.0,52.0,1527.0,17,031,805112,1,170318051121
49.0,2.0,16.0,14.0,101.0,78.0,68.0,73.0,2.0,109.0,101.0,205.0,198.0,92.0,162.0,76.0,1346.0,17,031,805112,2,170318051122
9.0,2.0,0.0,1.0,59.0,6.0,7.0,16.0,71.0,54.0,96.0,102.0,175.0,41.0,140.0,196.0,975.0,17,031,805201,1,170318052011
5.0,6.0,4.0,13.0,0.0,39.0,14.0,3.0,18.0,85.0,70.0,132.0,169.0,62.0,92.0,187.0,899.0,17,031,805201,2,170318052012
2.0,6.0,37.0,136.0,5.0,38.0,1.0,36.0,64.0,162.0,40.0,116.0,74.0,250.0,155.0,78.0,1200.0,17,031,805201,3,170318052013
3.0,4.0,2.0,4.0,15.0,8.0,11.0,9.0,3.0,101.0,64.0,166.0,64.0,53.0,182.0,250.0,939.0,17,031,805202,1,170318052021
0.0,3.0,1.0,17.0,6.0,7.0,22.0,16.0,6.0,16.0,0.0,105.0,35.0,128.0,121.0,80.0,563.0,17,031,805202,2,170318052022
0.0,58.0,1.0,31.0,61.0,23.0,84.0,15.0,35.0,70.0,180.0,213.0,276.0,144.0,141.0,95.0,1427.0,17,031,805202,3,170318052023
104.0,9.0,5.0,7.0,72.0,20.0,73.0,2.0,7.0,96.0,111.0,161.0,91.0,116.0,75.0,130.0,1079.0,17,031,805202,4,170318052024
10.0,3.0,13.0,41.0,0.0,141.0,3.0,2.0,18.0,3.0,57.0,103.0,219.0,112.0,54.0,89.0,868.0,17,031,805301,1,170318053011
33.0,17.0,41.0,94.0,48.0,76.0,66.0,46.0,10.0,77.0,314.0,338.0,197.0,103.0,21.0,136.0,1617.0,17,031,805301,2,170318053012
248.0,9.0,5.0,2.0,34.0,61.0,104.0,28.0,9.0,6.0,5.0,14.0,44.0,14.0,16.0,73.0,672.0,17,031,805301,3,170318053013
16.0,21.0,3.0,19.0,2.0,11.0,47.0,27.0,24.0,16.0,62.0,98.0,233.0,173.0,110.0,50.0,912.0,17,031,805302,1,170318053021
17.0,6.0,76.0,40.0,33.0,86.0,8.0,74.0,20.0,81.0,151.0,95.0,158.0,99.0,181.0,91.0,1216.0,17,031,805302,2,170318053022
17.0,3.0,0.0,68.0,3.0,111.0,84.0,105.0,21.0,26.0,173.0,222.0,76.0,168.0,140.0,100.0,1317.0,17,031,805302,3,170318053023
101.0,3.0,6.0,90.0,40.0,92.0,70.0,42.0,27.0,41.0,126.0,258.0,199.0,50.0,98.0,101.0,1344.0,17,031,805401,1,170318054011
6.0,22.0,7.0,35.0,45.0,29.0,136.0,168.0,26.0,24.0,139.0,188.0,121.0,152.0,214.0,84.0,1396.0,17,031,805401,2,170318054012
11.0,15.0,3.0,3.0,14.0,42.0,26.0,86.0,115.0,39.0,14.0,143.0,125.0,133.0,110.0,140.0,1019.0,17,031,805401,3,170318054013
34.0,3.0,50.0,39.0,56.0,104.0,48.0,29.0,18.0,59.0,39.0,109.0,137.0,18.0,32.0,42.0,817.0,17,031,805402,1,170318054021
14.0,5.0,3.0,32.0,45.0,11.0,104.0,1.0,27.0,35.0,16.0,281.0,77.0,151.0,73.0,53.0,928.0,17,031,805402,2,170318054022
10.0,45.0,3.0,9.0,2.0,18.0,79.0,18.0,12.0,1.0,13.0,70.0,247.0,111.0,73.0,56.0,767.0,17,031,805402,3,170318054023
108.0,124.0,94.0,22.0,3.0,68.0,85.0,141.0,91.0,189.0,152.0,46.0,325.0,47.0,116.0,50.0,1661.0,17,031,805402,4,170318054024
0.0,35.0,1.0,6.0,4.0,23.0,6.0,26.0,4.0,203.0,30.0,66.0,17.0,44.0,117.0,34.0,616.0,17,031,805402,5,170318054025
2.0,4.0,179.0,23.0,6.0,100.0,5.0,5.0,31.0,48.0,65.0,79.0,113.0,113.0,218.0,226.0,1217.0,17,031,805501,1,170318055011
4.0,2.0,27.0,126.0,89.0,2.0,46.0,64.0,64.0,140.0,195.0,193.0,345.0,101.0,67.0,80.0,1545.0,17,031,805501,2,170318055012
21.0,3.0,20.0,7.0,2.0,3.0,1.0,7.0,34.0,19.0,67.0,110.0,200.0,81.0,81.0,239.0,895.0,17,031,805501,3,170318055013
0.0,2.0,9.0,108.0,17.0,6.0,5.0,101.0,62.0,25.0,30.0,120.0,140.0,35.0,96.0,398.0,1154.0,17,031,805502,1,170318055021
10.0,0.0,1.0,1.0,2.0,1.0,2.0,51.0,0.0,11.0,42.0,76.0,172.0,42.0,165.0,300.0,876.0,17,031,805502,2,170318055022
5.0,0.0,0.0,80.0,18.0,55.0,8.0,16.0,5.0,54.0,57.0,164.0,154.0,96.0,59.0,290.0,1061.0,17,031,805502,3,170318055023
14.0,0.0,49.0,36.0,3.0,63.0,42.0,3.0,55.0,17.0,62.0,77.0,118.0,62.0,124.0,229.0,954.0,17,031,805502,4,170318055024
4.0,43.0,12.0,6.0,22.0,1.0,27.0,75.0,0.0,7.0,105.0,53.0,157.0,47.0,291.0,496.0,1346.0,17,031,805600,1,170318056001
6.0,2.0,8.0,63.0,1.0,11.0,37.0,28.0,3.0,19.0,43.0,156.0,85.0,41.0,202.0,395.0,1100.0,17,031,805600,2,170318056002
43.0,0.0,6.0,7.0,16.0,25.0,0.0,19.0,25.0,100.0,97.0,157.0,222.0,66.0,98.0,232.0,1113.0,17,031,805600,3,170318056003
3.0,52.0,1.0,2.0,39.0,2.0,19.0,0.0,36.0,1.0,94.0,95.0,204.0,41.0,149.0,368.0,1106.0,17,031,805600,4,170318056004
6.0,7.0,70.0,1.0,35.0,17.0,3.0,2.0,3.0,22.0,60.0,123.0,98.0,235.0,250.0,191.0,1123.0,17,031,805701,1,170318057011
0.0,3.0,4.0,4.0,15.0,6.0,4.0,5.0,0.0,1.0,22.0,108.0,51.0,104.0,149.0,82.0,558.0,17,031,805701,2,170318057012
60.0,3.0,89.0,10.0,4.0,4.0,0.0,140.0,41.0,2.0,100.0,155.0,185.0,63.0,244.0,342.0,1442.0,17,031,805701,3,170318057013
42.0,20.0,6.0,10.0,77.0,6.0,57.0,55.0,58.0,111.0,183.0,325.0,38.0,41.0,24.0,104.0,1157.0,17,031,805701,4,170318057014
31.0,4.0,14.0,10.0,2.0,3.0,7.0,0.0,2.0,50.0,15.0,136.0,293.0,57.0,107.0,252.0,983.0,17,031,805701,5,170318057015
6.0,11.0,2.0,41.0,0.0,15.0,15.0,5.0,6.0,36.0,142.0,251.0,93.0,82.0,198.0,262.0,1165.0,17,031,805702,1,170318057021
3.0,18.0,23.0,15.0,16.0,53.0,18.0,21.0,4.0,14.0,19.0,96.0,45.0,165.0,129.0,70.0,709.0,17,031,805702,2,170318057022
1.0,5.0,0.0,27.0,33.0,17.0,0.0,2.0,28.0,35.0,11.0,86.0,162.0,79.0,158.0,286.0,930.0,17,031,805801,1,170318058011
2.0,3.0,29.0,17.0,1.0,2.0,41.0,7.0,3.0,42.0,109.0,91.0,76.0,12.0,135.0,191.0,761.0,17,031,805801,2,170318058012
3.0,20.0,26.0,13.0,2.0,29.0,0.0,74.0,10.0,91.0,65.0,56.0,97.0,8.0,98.0,74.0,666.0,17,031,805801,3,170318058013
7.0,3.0,12.0,1.0,6.0,0.0,47.0,97.0,7.0,47.0,114.0,177.0,68.0,60.0,109.0,127.0,882.0,17,031,805802,1,170318058021
5.0,6.0,2.0,18.0,2.0,10.0,3.0,0.0,16.0,14.0,60.0,140.0,167.0,72.0,121.0,86.0,722.0,17,031,805802,2,170318058022
3.0,5.0,90.0,6.0,19.0,2.0,3.0,13.0,3.0,57.0,58.0,170.0,151.0,240.0,278.0,142.0,1240.0,17,031,805802,3,170318058023
2.0,59.0,4.0,78.0,59.0,32.0,69.0,8.0,4.0,2.0,237.0,157.0,91.0,196.0,57.0,185.0,1240.0,17,031,805802,4,170318058024
5.0,2.0,9.0,49.0,2.0,14.0,2.0,27.0,153.0,4.0,80.0,111.0,72.0,85.0,116.0,134.0,865.0,17,031,805802,5,170318058025
17.0,1.0,13.0,65.0,75.0,10.0,30.0,68.0,14.0,63.0,107.0,279.0,175.0,161.0,232.0,207.0,1517.0,17,031,805901,1,170318059011
72.0,27.0,82.0,73.0,15.0,68.0,144.0,43.0,22.0,124.0,175.0,121.0,316.0,46.0,98.0,122.0,1548.0,17,031,805901,2,170318059012
0.0,35.0,33.0,0.0,2.0,8.0,63.0,10.0,19.0,33.0,129.0,146.0,63.0,87.0,151.0,91.0,870.0,17,031,805901,3,170318059013
16.0,2.0,18.0,64.0,120.0,28.0,127.0,7.0,7.0,70.0,166.0,150.0,90.0,17.0,34.0,60.0,976.0,17,031,805902,1,170318059021
74.0,3.0,25.0,25.0,4.0,1.0,7.0,77.0,4.0,67.0,129.0,299.0,57.0,65.0,222.0,67.0,1126.0,17,031,805902,2,170318059022
2.0,1.0,2.0,0.0,1.0,69.0,3.0,36.0,0.0,0.0,125.0,95.0,135.0,46.0,164.0,198.0,877.0,17,031,805902,3,170318059023
0.0,1.0,35.0,1.0,128.0,55.0,6.0,206.0,34.0,92.0,0.0,290.0,259.0,106.0,111.0,191.0,1515.0,17,031,805902,4,170318059024
2.0,1.0,1.0,1.0,1.0,0.0,4.0,1.0,0.0,1.0,24.0,127.0,65.0,50.0,83.0,167.0,528.0,17,031,805902,5,170318059025
12.0,4.0,10.0,30.0,26.0,186.0,2.0,8.0,1.0,0.0,70.0,234.0,262.0,112.0,114.0,180.0,1251.0,17,031,805902,6,170318059026
97.0,1.0,2.0,2.0,19.0,0.0,59.0,5.0,2.0,148.0,1.0,244.0,147.0,92.0,97.0,135.0,1051.0,17,031,806001,1,170318060011
224.0,34.0,194.0,228.0,3.0,10.0,153.0,356.0,81.0,112.0,366.0,281.0,106.0,48.0,44.0,84.0,2324.0,17,031,806001,2,170318060012
109.0,200.0,88.0,173.0,4.0,33.0,95.0,125.0,83.0,264.0,548.0,66.0,142.0,13.0,18.0,51.0,2012.0,17,031,806001,3,170318060013
33.0,3.0,0.0,113.0,90.0,5.0,29.0,172.0,57.0,88.0,132.0,59.0,17.0,7.0,27.0,46.0,878.0,17,031,806001,4,170318060014
1.0,131.0,143.0,37.0,100.0,75.0,7.0,0.0,0.0,121.0,5.0,185.0,12.0,15.0,29.0,47.0,908.0,17,031,806002,1,170318060021
87.0,0.0,155.0,93.0,141.0,113.0,248.0,235.0,191.0,222.0,197.0,263.0,216.0,55.0,82.0,72.0,2370.0,17,031,806002,2,170318060022
3.0,99.0,19.0,0.0,128.0,4.0,82.0,93.0,0.0,42.0,363.0,350.0,12.0,59.0,358.0,93.0,1705.0,17,031,806002,3,170318060023
21.0,56.0,4.0,77.0,20.0,135.0,20.0,3.0,52.0,108.0,254.0,80.0,6.0,125.0,70.0,55.0,1086.0,17,031,806002,4,170318060024
0.0,206.0,29.0,47.0,6.0,95.0,1.0,107.0,5.0,90.0,316.0,263.0,1.0,90.0,81.0,53.0,1390.0,17,031,806002,5,170318060025
153.0,23.0,204.0,94.0,2.0,130.0,34.0,69.0,69.0,55.0,116.0,108.0,94.0,46.0,55.0,82.0,1334.0,17,031,806003,1,170318060031
34.0,6.0,2.0,135.0,24.0,5.0,159.0,229.0,39.0,700.0,12.0,73.0,212.0,11.0,51.0,53.0,1745.0,17,031,806003,2,170318060032
4.0,5.0,0.0,21.0,62.0,68.0,39.0,33.0,7.0,0.0,14.0,376.0,148.0,119.0,77.0,38.0,1011.0,17,031,806003,3,170318060033
6.0,1.0,9.0,51.0,2.0,64.0,0.0,10.0,2.0,132.0,95.0,100.0,15.0,293.0,75.0,61.0,916.0,17,031,806003,4,170318060034
5.0,1.0,2.0,183.0,126.0,56.0,73.0,28.0,1.0,52.0,334.0,392.0,72.0,18.0,114.0,51.0,1508.0,17,031,806003,5,170318060035
177.0,166.0,30.0,66.0,86.0,103.0,18.0,1.0,78.0,6.0,179.0,157.0,37.0,13.0,52.0,57.0,1226.0,17,031,806003,6,170318060036
73.0,56.0,76.0,152.0,162.0,212.0,102.0,77.0,61.0,21.0,131.0,95.0,26.0,73.0,120.0,112.0,1549.0,17,031,806004,1,170318060041
94.0,12.0,171.0,165.0,131.0,437.0,27.0,156.0,470.0,83.0,177.0,231.0,168.0,67.0,36.0,120.0,2545.0,17,031,806004,2,170318060042
1.0,6.0,153.0,135.0,136.0,210.0,109.0,109.0,28.0,137.0,271.0,206.0,104.0,100.0,147.0,42.0,1894.0,17,031,806004,3,170318060043
8.0,10.0,1.0,216.0,1.0,144.0,76.0,7.0,5.0,199.0,198.0,87.0,70.0,8.0,36.0,181.0,1247.0,17,031,806004,4,170318060044
46.0,42.0,17.0,12.0,60.0,98.0,104.0,100.0,11.0,141.0,268.0,208.0,326.0,197.0,274.0,123.0,2027.0,17,031,806102,1,170318061021
7.0,5.0,5.0,11.0,59.0,10.0,55.0,101.0,4.0,106.0,56.0,170.0,116.0,107.0,113.0,152.0,1077.0,17,031,806102,2,170318061022
21.0,15.0,9.0,83.0,56.0,9.0,2.0,12.0,15.0,23.0,73.0,206.0,75.0,156.0,115.0,71.0,941.0,17,031,806102,3,170318061023
5.0,56.0,59.0,2.0,218.0,15.0,90.0,10.0,117.0,64.0,95.0,292.0,106.0,151.0,239.0,182.0,1701.0,17,031,806103,1,170318061031
91.0,35.0,6.0,6.0,24.0,4.0,54.0,0.0,3.0,27.0,161.0,231.0,50.0,67.0,51.0,88.0,898.0,17,031,806103,2,170318061032
40.0,2.0,32.0,9.0,79.0,4.0,9.0,119.0,0.0,10.0,69.0,324.0,277.0,88.0,154.0,214.0,1430.0,17,031,806103,3,170318061033
1.0,9.0,82.0,79.0,2.0,5.0,0.0,2.0,4.0,203.0,164.0,66.0,176.0,165.0,151.0,167.0,1276.0,17,031,806103,4,170318061034
127.0,95.0,12.0,55.0,93.0,221.0,197.0,212.0,154.0,99.0,240.0,100.0,132.0,22.0,32.0,51.0,1842.0,17,031,806104,1,170318061041
149.0,72.0,30.0,2.0,49.0,177.0,0.0,1.0,1.0,11.0,89.0,310.0,86.0,24.0,63.0,47.0,1111.0,17,031,806104,2,170318061042
191.0,211.0,64.0,154.0,104.0,82.0,35.0,98.0,54.0,157.0,185.0,137.0,90.0,90.0,52.0,87.0,1791.0,17,031,806104,3,170318061043
1.0,77.0,24.0,32.0,162.0,100.0,429.0,26.0,155.0,258.0,250.0,466.0,617.0,136.0,68.0,189.0,2990.0,17,031,806201,1,170318062011
48.0,94.0,99.0,56.0,19.0,58.0,82.0,30.0,101.0,75.0,259.0,325.0,10.0,88.0,92.0,50.0,1486.0,17,031,806201,2,170318062012
125.0,44.0,5.0,3.0,21.0,6.0,27.0,9.0,1.0,7.0,4.0,70.0,82.0,21.0,41.0,83.0,549.0,17,031,806202,1,170318062021
135.0,1.0,307.0,8.0,15.0,4.0,121.0,46.0,80.0,0.0,151.0,479.0,137.0,122.0,105.0,88.0,1799.0,17,031,806202,2,170318062022
67.0,57.0,107.0,91.0,35.0,66.0,36.0,43.0,126.0,125.0,303.0,330.0,130.0,179.0,182.0,107.0,1984.0,17,031,806202,3,170318062023
0.0,42.0,78.0,3.0,40.0,8.0,82.0,83.0,23.0,165.0,99.0,48.0,83.0,69.0,20.0,167.0,1010.0,17,031,806300,1,170318063001
14.0,5.0,5.0,10.0,35.0,149.0,64.0,18.0,59.0,4.0,76.0,31.0,180.0,138.0,51.0,128.0,967.0,17,031,806300,2,170318063002
0.0,6.0,0.0,7.0,9.0,39.0,66.0,1.0,40.0,3.0,41.0,109.0,116.0,40.0,53.0,84.0,614.0,17,031,806300,3,170318063003
2.0,0.0,6.0,19.0,11.0,5.0,18.0,6.0,6.0,73.0,6.0,102.0,99.0,128.0,76.0,52.0,609.0,17,031,806300,4,170318063004
6.0,2.0,4.0,6.0,2.0,23.0,51.0,10.0,0.0,12.0,92.0,161.0,146.0,61.0,72.0,109.0,757.0,17,031,806300,5,170318063005
3.0,0.0,4.0,46.0,0.0,6.0,15.0,22.0,5.0,31.0,144.0,171.0,59.0,57.0,175.0,213.0,951.0,17,031,806300,6,170318063006
1.0,2.0,77.0,3.0,103.0,6.0,82.0,87.0,2.0,86.0,94.0,150.0,89.0,95.0,95.0,124.0,1096.0,17,031,806400,1,170318064001
17.0,2.0,16.0,27.0,1.0,82.0,3.0,6.0,157.0,198.0,43.0,152.0,62.0,265.0,123.0,129.0,1283.0,17,031,806400,2,170318064002
2.0,35.0,68.0,22.0,3.0,21.0,33.0,164.0,13.0,78.0,221.0,112.0,12.0,58.0,93.0,68.0,1003.0,17,031,806501,1,170318065011
69.0,67.0,87.0,2.0,141.0,8.0,100.0,54.0,160.0,126.0,70.0,156.0,60.0,42.0,157.0,89.0,1388.0,17,031,806501,2,170318065012
72.0,7.0,10.0,12.0,2.0,20.0,84.0,64.0,8.0,40.0,152.0,175.0,45.0,29.0,79.0,121.0,920.0,17,031,806502,1,170318065021
7.0,3.0,0.0,33.0,4.0,25.0,1.0,1.0,1.0,102.0,54.0,166.0,23.0,24.0,81.0,53.0,578.0,17,031,806502,2,170318065022
9.0,0.0,18.0,1.0,80.0,65.0,217.0,8.0,23.0,45.0,0.0,196.0,100.0,37.0,42.0,56.0,897.0,17,031,806502,3,170318065023
46.0,15.0,51.0,76.0,136.0,353.0,50.0,89.0,17.0,36.0,289.0,294.0,123.0,168.0,138.0,56.0,1937.0,17,031,806502,4,170318065024
24.0,74.0,38.0,29.0,3.0,164.0,0.0,43.0,55.0,73.0,210.0,474.0,209.0,178.0,167.0,141.0,1882.0,17,031,806600,1,170318066001
3.0,35.0,70.0,54.0,22.0,34.0,82.0,27.0,51.0,285.0,203.0,253.0,128.0,82.0,63.0,92.0,1484.0,17,031,806600,2,170318066002
31.0,1.0,15.0,38.0,76.0,13.0,8.0,58.0,55.0,132.0,163.0,172.0,218.0,164.0,137.0,332.0,1613.0,17,031,806700,1,170318067001
12.0,2.0,4.0,17.0,37.0,9.0,4.0,7.0,19.0,5.0,54.0,106.0,121.0,14.0,194.0,556.0,1161.0,17,031,806700,2,170318067002
7.0,1.0,83.0,8.0,4.0,16.0,1.0,49.0,6.0,29.0,143.0,235.0,95.0,87.0,124.0,105.0,993.0,17,031,806700,3,170318067003
1.0,8.0,6.0,4.0,14.0,7.0,5.0,1.0,0.0,12.0,19.0,72.0,68.0,13.0,187.0,72.0,489.0,17,031,806700,4,170318067004
178.0,50.0,47.0,8.0,32.0,80.0,2.0,0.0,0.0,42.0,18.0,127.0,21.0,20.0,88.0,61.0,774.0,17,031,806801,1,170318068011
3.0,29.0,83.0,26.0,138.0,2.0,25.0,4.0,76.0,134.0,64.0,127.0,23.0,39.0,119.0,100.0,992.0,17,031,806801,2,170318068012
0.0,0.0,0.0,10.0,2.0,0.0,1.0,74.0,3.0,58.0,241.0,85.0,116.0,205.0,67.0,142.0,1004.0,17,031,806801,3,170318068013
27.0,4.0,3.0,2.0,5.0,7.0,0.0,78.0,0.0,30.0,0.0,56.0,51.0,100.0,119.0,78.0,560.0,17,031,806801,4,170318068014
3.0,2.0,23.0,2.0,46.0,3.0,14.0,1.0,11.0,0.0,27.0,175.0,12.0,50.0,167.0,404.0,940.0,17,031,806802,1,170318068021
60.0,36.0,1.0,6.0,35.0,55.0,92.0,163.0,27.0,86.0,111.0,198.0,148.0,3.0,85.0,45.0,1151.0,17,031,806802,2,170318068022
8.0,13.0,0.0,5.0,82.0,1.0,24.0,2.0,22.0,51.0,28.0,171.0,64.0,112.0,105.0,209.0,897.0,17,031,806802,3,170318068023
9.0,1.0,54.0,7.0,22.0,12.0,28.0,2.0,1.0,24.0,117.0,166.0,88.0,21.0,69.0,86.0,707.0,17,031,806900,1,170318069001
320.0,86.0,64.0,100.0,86.0,9.0,157.0,1.0,91.0,178.0,324.0,116.0,52.0,65.0,92.0,101.0,1842.0,17,031,806900,2,170318069002
92.0,4.0,0.0,95.0,6.0,176.0,41.0,74.0,1.0,66.0,295.0,624.0,166.0,157.0,168.0,172.0,2137.0,17,031,806900,3,170318069003
55.0,187.0,274.0,144.0,363.0,198.0,370.0,2.0,192.0,84.0,221.0,342.0,152.0,69.0,25.0,64.0,2742.0,17,031,807000,1,170318070001
75.0,121.0,9.0,2.0,3.0,15.0,75.0,3.0,43.0,0.0,57.0,141.0,310.0,57.0,26.0,96.0,1033.0,17,031,807000,2,170318070002
36.0,1.0,18.0,3.0,0.0,0.0,207.0,2.0,0.0,137.0,0.0,124.0,193.0,95.0,226.0,205.0,1247.0,17,031,807000,3,170318070003
114.0,181.0,2.0,29.0,21.0,1.0,118.0,0.0,2.0,29.0,8.0,38.0,142.0,9.0,35.0,46.0,775.0,17,031,807000,4,170318070004
45.0,3.0,3.0,8.0,1.0,0.0,1.0,8.0,5.0,35.0,6.0,21.0,144.0,80.0,111.0,203.0,674.0,17,031,807100,1,170318071001
30.0,4.0,8.0,12.0,3.0,62.0,64.0,8.0,94.0,28.0,41.0,219.0,232.0,129.0,106.0,194.0,1234.0,17,031,807100,2,170318071002
11.0,3.0,8.0,38.0,53.0,5.0,2.0,4.0,5.0,7.0,25.0,325.0,177.0,318.0,262.0,480.0,1723.0,17,031,807100,3,170318071003
1.0,3.0,7.0,6.0,54.0,0.0,4.0,26.0,23.0,5.0,12.0,102.0,95.0,103.0,297.0,160.0,898.0,17,031,807200,1,170318072001
29.0,123.0,68.0,1.0,234.0,9.0,143.0,32.0,63.0,58.0,305.0,196.0,209.0,60.0,420.0,68.0,2018.0,17,031,807200,2,170318072002
3.0,8.0,5.0,53.0,161.0,9.0,27.0,6.0,3.0,8.0,7.0,231.0,82.0,105.0,132.0,110.0,950.0,17,031,807200,3,170318072003
27.0,52.0,34.0,8.0,0.0,15.0,111.0,0.0,2.0,35.0,37.0,301.0,116.0,39.0,128.0,115.0,1020.0,17,031,807200,4,170318072004
1.0,3.0,0.0,10.0,22.0,69.0,59.0,5.0,0.0,35.0,28.0,33.0,75.0,173.0,230.0,242.0,985.0,17,031,807200,5,170318072005
477.0,44.0,151.0,61.0,117.0,137.0,183.0,25.0,117.0,184.0,168.0,180.0,116.0,19.0,167.0,135.0,2281.0,17,031,807300,1,170318073001
79.0,62.0,10.0,57.0,123.0,62.0,44.0,59.0,62.0,4.0,25.0,336.0,227.0,50.0,85.0,110.0,1395.0,17,031,807300,2,170318073002
111.0,110.0,5.0,27.0,5.0,3.0,23.0,3.0,111.0,58.0,109.0,212.0,196.0,125.0,196.0,73.0,1367.0,17,031,807300,3,170318073003
65.0,1.0,24.0,35.0,17.0,26.0,221.0,1.0,6.0,3.0,10.0,161.0,73.0,51.0,86.0,41.0,821.0,17,031,807300,4,170318073004
56.0,1.0,0.0,283.0,1.0,2.0,66.0,4.0,51.0,1.0,127.0,104.0,301.0,151.0,98.0,309.0,1555.0,17,031,807300,5,170318073005
15.0,9.0,28.0,8.0,8.0,26.0,0.0,35.0,2.0,1.0,118.0,134.0,147.0,44.0,114.0,50.0,739.0,17,031,807400,1,170318074001
37.0,4.0,116.0,2.0,19.0,15.0,14.0,60.0,0.0,153.0,121.0,67.0,359.0,94.0,111.0,155.0,1327.0,17,031,807400,2,170318074002
115.0,131.0,192.0,202.0,304.0,18.0,167.0,95.0,109.0,195.0,226.0,462.0,183.0,22.0,56.0,50.0,2527.0,17,031,807400,3,170318074003
66.0,149.0,17.0,24.0,0.0,34.0,8.0,2.0,3.0,342.0,88.0,0.0,107.0,49.0,31.0,106.0,1026.0,17,031,807400,4,170318074004
7.0,16.0,9.0,38.0,1.0,5.0,27.0,31.0,241.0,3.0,146.0,175.0,95.0,18.0,72.0,267.0,1151.0,17,031,807400,5,170318074005
62.0,19.0,3.0,4.0,35.0,9.0,82.0,13.0,4.0,132.0,18.0,157.0,359.0,77.0,186.0,107.0,1267.0,17,031,807500,1,170318075001
109.0,3.0,0.0,6.0,21.0,24.0,25.0,108.0,14.0,16.0,64.0,223.0,87.0,23.0,113.0,259.0,1095.0,17,031,807500,2,170318075002
18.0,7.0,0.0,66.0,7.0,13.0,16.0,4.0,167.0,55.0,110.0,156.0,156.0,62.0,118.0,109.0,1064.0,17,031,807500,3,170318075003
6.0,77.0,114.0,82.0,29.0,5.0,130.0,3.0,45.0,126.0,220.0,62.0,122.0,64.0,76.0,107.0,1268.0,17,031,807600,1,170318076001
2.0,71.0,144.0,23.0,19.0,21.0,30.0,0.0,1.0,58.0,206.0,109.0,181.0,149.0,281.0,261.0,1556.0,17,031,807600,2,170318076002
0.0,33.0,4.0,0.0,0.0,145.0,122.0,0.0,31.0,58.0,57.0,220.0,79.0,5.0,85.0,57.0,896.0,17,031,807600,3,170318076003
16.0,4.0,90.0,119.0,60.0,5.0,35.0,63.0,0.0,81.0,290.0,237.0,13.0,14.0,88.0,56.0,1171.0,17,031,807600,4,170318076004
95.0,3.0,121.0,48.0,6.0,24.0,135.0,24.0,29.0,3.0,327.0,43.0,60.0,239.0,190.0,62.0,1409.0,17,031,807600,5,170318076005
184.0,158.0,117.0,118.0,193.0,94.0,295.0,11.0,103.0,164.0,40.0,203.0,347.0,49.0,49.0,91.0,2216.0,17,031,807700,1,170318077001
60.0,79.0,13.0,37.0,342.0,17.0,1.0,167.0,0.0,36.0,146.0,183.0,128.0,53.0,60.0,108.0,1430.0,17,031,807700,2,170318077002
8.0,6.0,2.0,2.0,70.0,3.0,4.0,55.0,2.0,221.0,7.0,150.0,84.0,82.0,32.0,316.0,1044.0,17,031,807700,3,170318077003
154.0,213.0,83.0,0.0,2.0,3.0,0.0,20.0,19.0,219.0,89.0,144.0,112.0,46.0,175.0,226.0,1505.0,17,031,807700,4,170318077004
6.0,57.0,6.0,82.0,15.0,6.0,29.0,0.0,33.0,34.0,189.0,270.0,115.0,90.0,234.0,217.0,1383.0,17,031,807800,1,170318078001
8.0,28.0,15.0,5.0,64.0,12.0,101.0,57.0,6.0,115.0,135.0,200.0,239.0,138.0,114.0,80.0,1317.0,17,031,807800,2,170318078002
30.0,9.0,34.0,1.0,10.0,78.0,1.0,1.0,55.0,82.0,113.0,247.0,230.0,125.0,256.0,207.0,1479.0,17,031,807900,1,170318079001
78.0,14.0,5.0,2.0,1.0,43.0,4.0,16.0,39.0,79.0,220.0,107.0,322.0,206.0,79.0,222.0,1437.0,17,031,807900,2,170318079002
6.0,1.0,12.0,8.0,11.0,11.0,23.0,1.0,3.0,2.0,51.0,133.0,95.0,183.0,300.0,366.0,1206.0,17,031,807900,3,170318079003
0.0,5.0,76.0,28.0,59.0,41.0,18.0,6.0,22.0,42.0,19.0,173.0,72.0,223.0,113.0,240.0,1137.0,17,031,808001,1,170318080011
6.0,2.0,70.0,46.0,4.0,59.0,10.0,24.0,5.0,80.0,7.0,183.0,92.0,192.0,167.0,159.0,1106.0,17,031,808001,2,170318080012
4.0,49.0,12.0,3.0,79.0,116.0,28.0,0.0,21.0,23.0,172.0,223.0,267.0,218.0,187.0,231.0,1633.0,17,031,808001,3,170318080013
29.0,4.0,38.0,62.0,2.0,1.0,88.0,3.0,12.0,183.0,167.0,136.0,39.0,178.0,165.0,166.0,1273.0,17,031,808002,1,170318080021
16.0,47.0,3.0,79.0,9.0,3.0,135.0,37.0,50.0,10.0,107.0,57.0,154.0,135.0,163.0,182.0,1187.0,17,031,808002,2,170318080022
4.0,22.0,18.0,0.0,67.0,3.0,0.0,2.0,12.0,148.0,203.0,307.0,150.0,134.0,121.0,443.0,1634.0,17,031,808002,3,170318080023
9.0,10.0,1.0,3.0,5.0,3.0,32.0,1.0,1.0,3.0,128.0,55.0,29.0,51.0,75.0,112.0,518.0,17,031,808002,4,170318080024
4.0,53.0,11.0,42.0,85.0,143.0,0.0,1.0,173.0,115.0,40.0,1.0,159.0,152.0,54.0,119.0,1152.0,17,031,808100,1,170318081001
207.0,113.0,83.0,123.0,74.0,120.0,95.0,58.0,12.0,169.0,111.0,185.0,132.0,85.0,94.0,107.0,1768.0,17,031,808100,2,170318081002
12.0,24.0,178.0,15.0,51.0,33.0,55.0,118.0,118.0,75.0,304.0,371.0,289.0,265.0,161.0,105.0,2174.0,17,031,808200,1,170318082001
26.0,48.0,57.0,220.0,24.0,94.0,3.0,112.0,39.0,78.0,99.0,186.0,159.0,290.0,135.0,49.0,1619.0,17,031,808200,2,170318082002
143.0,66.0,77.0,78.0,25.0,174.0,53.0,83.0,29.0,115.0,188.0,293.0,137.0,60.0,86.0,93.0,1700.0,17,031,808200,3,170318082003
32.0,12.0,5.0,151.0,22.0,0.0,252.0,17.0,9.0,104.0,24.0,134.0,53.0,54.0,20.0,127.0,1016.0,17,031,808301,1,170318083011
71.0,25.0,64.0,245.0,28.0,24.0,14.0,67.0,105.0,90.0,307.0,593.0,427.0,312.0,250.0,114.0,2736.0,17,031,808301,2,170318083012
6.0,7.0,83.0,6.0,73.0,30.0,26.0,0.0,3.0,22.0,110.0,25.0,86.0,127.0,160.0,187.0,951.0,17,031,808301,3,170318083013
5.0,4.0,29.0,12.0,12.0,47.0,22.0,25.0,16.0,125.0,155.0,134.0,194.0,50.0,61.0,97.0,988.0,17,031,808301,4,170318083014
0.0,11.0,28.0,25.0,27.0,2.0,97.0,17.0,15.0,277.0,28.0,174.0,97.0,201.0,259.0,90.0,1348.0,17,031,808302,1,170318083021
159.0,37.0,36.0,196.0,38.0,24.0,144.0,29.0,22.0,50.0,288.0,294.0,220.0,152.0,168.0,78.0,1935.0,17,031,808302,2,170318083022
3.0,50.0,0.0,27.0,17.0,3.0,28.0,19.0,5.0,31.0,25.0,78.0,161.0,15.0,28.0,100.0,590.0,17,031,808302,3,170318083023
43.0,33.0,0.0,143.0,2.0,3.0,74.0,40.0,3.0,99.0,121.0,362.0,154.0,265.0,229.0,228.0,1799.0,17,031,808400,1,170318084001
12.0,5.0,203.0,19.0,11.0,7.0,62.0,1.0,34.0,71.0,55.0,54.0,143.0,222.0,136.0,81.0,1116.0,17,031,808400,2,170318084002
97.0,10.0,76.0,11.0,11.0,9.0,89.0,7.0,55.0,96.0,182.0,190.0,174.0,137.0,108.0,165.0,1417.0,17,031,808400,3,170318084003
31.0,1.0,18.0,3.0,78.0,127.0,12.0,75.0,7.0,141.0,128.0,291.0,88.0,137.0,109.0,161.0,1407.0,17,031,808500,1,170318085001
2.0,26.0,1.0,25.0,2.0,26.0,31.0,40.0,3.0,15.0,5.0,47.0,144.0,60.0,130.0,95.0,652.0,17,031,808500,2,170318085002
20.0,25.0,37.0,9.0,3.0,8.0,3.0,50.0,30.0,33.0,1.0,193.0,137.0,202.0,149.0,178.0,1078.0,17,031,808500,3,170318085003
12.0,11.0,36.0,4.0,6.0,10.0,11.0,7.0,86.0,51.0,92.0,137.0,180.0,82.0,65.0,130.0,920.0,17,031,808500,4,170318085004
2.0,1.0,0.0,62.0,2.0,1.0,14.0,1.0,42.0,0.0,30.0,103.0,107.0,156.0,128.0,525.0,1174.0,17,031,808600,1,170318086001
12.0,3.0,71.0,28.0,3.0,6.0,6.0,1.0,14.0,13.0,78.0,167.0,40.0,33.0,153.0,199.0,827.0,17,031,808600,2,170318086002
161.0,17.0,1.0,39.0,36.0,31.0,19.0,4.0,1.0,65.0,29.0,93.0,49.0,45.0,80.0,95.0,765.0,17,031,808702,1,170318087021
9.0,2.0,0.0,3.0,4.0,1.0,3.0,0.0,0.0,6.0,0.0,12.0,58.0,20.0,35.0,46.0,199.0,17,031,808702,2,170318087022
52.0,4.0,0.0,116.0,23.0,2.0,9.0,93.0,51.0,68.0,113.0,208.0,134.0,227.0,169.0,430.0,1699.0,17,031,808800,1,170318088001
97.0,33.0,0.0,70.0,7.0,3.0,3.0,20.0,71.0,167.0,0.0,12.0,182.0,162.0,148.0,551.0,1526.0,17,031,808800,2,170318088002
98.0,18.0,14.0,3.0,115.0,48.0,62.0,19.0,48.0,14.0,107.0,71.0,75.0,147.0,216.0,331.0,1386.0,17,031,808900,1,170318089001
4.0,25.0,2.0,34.0,9.0,40.0,32.0,1.0,7.0,29.0,2.0,74.0,75.0,60.0,89.0,194.0,677.0,17,031,808900,2,170318089002
42.0,13.0,68.0,12.0,9.0,58.0,10.0,0.0,29.0,54.0,124.0,180.0,193.0,190.0,279.0,588.0,1849.0,17,031,808900,3,170318089003
2.0,3.0,2.0,4.0,0.0,1.0,0.0,2.0,1.0,1.0,37.0,35.0,131.0,98.0,79.0,379.0,775.0,17,031,809000,1,170318090001
0.0,3.0,49.0,5.0,4.0,6.0,2.0,0.0,1.0,1.0,36.0,68.0,101.0,20.0,131.0,605.0,1032.0,17,031,809000,2,170318090002
4.0,25.0,37.0,7.0,36.0,4.0,17.0,44.0,100.0,38.0,101.0,174.0,144.0,66.0,213.0,359.0,1369.0,17,031,809000,3,170318090003
1.0,1.0,4.0,5.0,5.0,15.0,2.0,39.0,1.0,9.0,74.0,120.0,161.0,94.0,311.0,221.0,1063.0,17,031,809000,4,170318090004
9.0,10.0,40.0,10.0,13.0,4.0,6.0,90.0,19.0,68.0,115.0,102.0,94.0,148.0,102.0,247.0,1077.0,17,031,809100,1,170318091001
2.0,27.0,25.0,3.0,1.0,10.0,3.0,4.0,42.0,1.0,97.0,45.0,40.0,134.0,112.0,417.0,963.0,17,031,809100,2,170318091002
25.0,4.0,22.0,14.0,70.0,78.0,19.0,86.0,58.0,76.0,91.0,65.0,54.0,38.0,160.0,398.0,1258.0,17,031,809100,3,170318091003
185.0,82.0,7.0,73.0,49.0,5.0,0.0,76.0,92.0,204.0,18.0,130.0,108.0,99.0,102.0,57.0,1287.0,17,031,809200,1,170318092001
3.0,116.0,50.0,53.0,60.0,7.0,8.0,9.0,91.0,85.0,42.0,96.0,52.0,72.0,58.0,93.0,895.0,17,031,809200,2,170318092002
1.0,158.0,12.0,102.0,66.0,40.0,36.0,102.0,47.0,113.0,73.0,294.0,40.0,72.0,116.0,99.0,1371.0,17,031,809200,3,170318092003
64.0,156.0,12.0,1.0,30.0,75.0,6.0,2.0,175.0,54.0,187.0,333.0,111.0,109.0,148.0,73.0,1536.0,17,031,809200,4,170318092004
283.0,69.0,45.0,3.0,3.0,6.0,48.0,6.0,21.0,0.0,53.0,4.0,27.0,51.0,43.0,172.0,834.0,17,031,809300,1,170318093001
551.0,134.0,132.0,20.0,55.0,1.0,115.0,59.0,28.0,49.0,73.0,138.0,25.0,274.0,53.0,93.0,1800.0,17,031,809300,2,170318093002
673.0,113.0,96.0,33.0,91.0,78.0,21.0,7.0,47.0,7.0,1.0,118.0,48.0,49.0,89.0,209.0,1680.0,17,031,809300,3,170318093003
88.0,5.0,4.0,48.0,29.0,3.0,3.0,35.0,15.0,38.0,9.0,40.0,117.0,44.0,81.0,271.0,830.0,17,031,809400,1,170318094001
250.0,82.0,79.0,24.0,54.0,54.0,1.0,92.0,75.0,35.0,55.0,127.0,138.0,114.0,131.0,87.0,1398.0,17,031,809400,2,170318094002
146.0,2.0,21.0,28.0,56.0,20.0,30.0,48.0,45.0,13.0,77.0,54.0,139.0,129.0,121.0,313.0,1242.0,17,031,809400,3,170318094003
510.0,70.0,2.0,82.0,20.0,127.0,34.0,42.0,1.0,106.0,2.0,73.0,11.0,33.0,68.0,92.0,1273.0,17,031,809400,4,170318094004
197.0,1.0,44.0,3.0,40.0,12.0,9.0,5.0,23.0,53.0,63.0,170.0,99.0,136.0,140.0,241.0,1236.0,17,031,809500,1,170318095001
110.0,13.0,109.0,77.0,63.0,117.0,162.0,36.0,4.0,67.0,150.0,108.0,94.0,0.0,113.0,82.0,1305.0,17,031,809500,2,170318095002
20.0,3.0,1.0,23.0,4.0,1.0,1.0,84.0,76.0,66.0,62.0,5.0,118.0,128.0,88.0,103.0,783.0,17,031,809500,3,170318095003
3.0,10.0,12.0,0.0,0.0,7.0,2.0,11.0,1.0,16.0,5.0,101.0,171.0,31.0,163.0,341.0,874.0,17,031,809600,1,170318096001
84.0,3.0,62.0,18.0,56.0,178.0,215.0,125.0,32.0,27.0,228.0,72.0,26.0,55.0,179.0,203.0,1563.0,17,031,809600,2,170318096002
2.0,55.0,3.0,65.0,30.0,2.0,53.0,11.0,59.0,50.0,155.0,93.0,69.0,64.0,76.0,60.0,847.0,17,031,809600,3,170318096003
23.0,1.0,48.0,5.0,45.0,49.0,3.0,91.0,27.0,5.0,165.0,74.0,145.0,155.0,231.0,164.0,1231.0,17,031,809700,1,170318097001
8.0,98.0,26.0,59.0,54.0,93.0,1.0,44.0,66.0,108.0,314.0,333.0,249.0,252.0,205.0,228.0,2138.0,17,031,809700,2,170318097002
0.0,5.0,14.0,2.0,4.0,0.0,31.0,10.0,44.0,45.0,80.0,39.0,66.0,152.0,56.0,77.0,625.0,17,031,809700,3,170318097003
17.0,0.0,12.0,25.0,28.0,7.0,2.0,37.0,47.0,19.0,7.0,56.0,154.0,104.0,45.0,152.0,712.0,17,031,809800,1,170318098001
176.0,58.0,80.0,56.0,100.0,9.0,104.0,98.0,43.0,70.0,57.0,137.0,131.0,92.0,251.0,334.0,1796.0,17,031,809800,2,170318098002
173.0,37.0,20.0,25.0,14.0,29.0,37.0,21.0,56.0,135.0,243.0,499.0,311.0,228.0,351.0,807.0,2986.0,17,031,809900,1,170318099001
194.0,8.0,159.0,16.0,115.0,5.0,26.0,29.0,115.0,92.0,176.0,386.0,125.0,126.0,184.0,147.0,1903.0,17,031,810000,1,170318100001
117.0,22.0,44.0,18.0,2.0,135.0,18.0,1.0,127.0,58.0,57.0,180.0,244.0,125.0,186.0,355.0,1689.0,17,031,810000,2,170318100002
7.0,67.0,2.0,98.0,4.0,26.0,67.0,43.0,155.0,115.0,36.0,257.0,71.0,29.0,65.0,180.0,1222.0,17,031,810000,3,170318100003
6.0,77.0,32.0,2.0,15.0,2.0,1.0,0.0,16.0,18.0,44.0,132.0,129.0,27.0,73.0,74.0,648.0,17,031,810100,1,170318101001
51.0,20.0,0.0,80.0,3.0,97.0,116.0,51.0,77.0,156.0,2.0,33.0,141.0,35.0,180.0,58.0,1100.0,17,031,810100,2,170318101002
42.0,6.0,84.0,102.0,1.0,23.0,63.0,6.0,0.0,99.0,159.0,1.0,31.0,55.0,58.0,327.0,1057.0,17,031,810100,3,170318101003
2.0,4.0,33.0,4.0,0.0,4.0,3.0,3.0,3.0,65.0,4.0,1.0,155.0,56.0,107.0,93.0,537.0,17,031,810100,4,170318101004
2.0,8.0,36.0,6.0,66.0,102.0,14.0,56.0,106.0,1.0,157.0,225.0,152.0,131.0,233.0,135.0,1430.0,17,031,810100,5,170318101005
2.0,0.0,91.0,119.0,148.0,38.0,67.0,35.0,3.0,23.0,20.0,125.0,184.0,9.0,40.0,57.0,961.0,17,031,810200,1,170318102001
20.0,41.0,1.0,36.0,0.0,8.0,3.0,220.0,35.0,0.0,98.0,249.0,71.0,23.0,84.0,157.0,1046.0,17,031,810200,2,170318102002
29.0,134.0,8.0,1.0,19.0,191.0,65.0,133.0,8.0,5.0,18.0,122.0,38.0,217.0,69.0,107.0,1164.0,17,031,810200,3,170318102003
41.0,83.0,109.0,73.0,1.0,47.0,11.0,55.0,87.0,169.0,182.0,181.0,96.0,66.0,62.0,47.0,1310.0,17,031,810200,4,170318102004
91.0,3.0,4.0,5.0,1.0,0.0,18.0,0.0,8.0,27.0,5.0,74.0,176.0,82.0,28.0,51.0,573.0,17,031,810200,5,170318102005
1.0,2.0,56.0,87.0,3.0,2.0,4.0,91.0,18.0,50.0,47.0,234.0,31.0,118.0,20.0,80.0,844.0,17,031,810200,6,170318102006
13.0,1.0,54.0,4.0,3.0,0.0,1.0,67.0,9.0,141.0,16.0,191.0,150.0,133.0,59.0,159.0,1001.0,17,031,810301,1,170318103011
4.0,51.0,11.0,137.0,4.0,5.0,6.0,71.0,0.0,114.0,99.0,76.0,140.0,91.0,53.0,78.0,940.0,17,031,810301,2,170318103012
2.0,4.0,25.0,0.0,6.0,82.0,27.0,99.0,10.0,77.0,146.0,102.0,85.0,64.0,61.0,74.0,864.0,17,031,810301,3,170318103013
0.0,13.0,0.0,57.0,56.0,4.0,60.0,44.0,1.0,107.0,141.0,51.0,52.0,61.0,41.0,69.0,757.0,17,031,810301,4,170318103014
3.0,6.0,3.0,0.0,48.0,191.0,65.0,96.0,27.0,58.0,141.0,116.0,80.0,100.0,309.0,120.0,1363.0,17,031,810302,1,170318103021
17.0,19.0,73.0,65.0,98.0,48.0,25.0,19.0,3.0,37.0,143.0,54.0,142.0,85.0,88.0,131.0,1047.0,17,031,810302,2,170318103022
2.0,1.0,5.0,10.0,27.0,5.0,13.0,7.0,40.0,74.0,18.0,100.0,130.0,143.0,102.0,103.0,780.0,17,031,810302,3,170318103023
7.0,58.0,3.0,3.0,4.0,81.0,2.0,1.0,4.0,14.0,9.0,100.0,165.0,87.0,156.0,95.0,789.0,17,031,810400,1,170318104001
3.0,1.0,1.0,63.0,12.0,8.0,87.0,0.0,5.0,3.0,89.0,138.0,226.0,71.0,159.0,296.0,1162.0,17,031,810400,2,170318104002
94.0,77.0,52.0,126.0,80.0,103.0,157.0,92.0,108.0,278.0,300.0,193.0,323.0,84.0,173.0,195.0,2435.0,17,031,810400,3,170318104003
98.0,3.0,7.0,5.0,12.0,30.0,29.0,17.0,5.0,64.0,2.0,266.0,96.0,20.0,197.0,108.0,959.0,17,031,810400,4,170318104004
32.0,27.0,63.0,36.0,2.0,67.0,47.0,54.0,3.0,37.0,7.0,103.0,113.0,53.0,64.0,55.0,763.0,17,031,810501,1,170318105011
1.0,20.0,74.0,36.0,69.0,15.0,43.0,4.0,5.0,13.0,129.0,50.0,115.0,90.0,107.0,36.0,807.0,17,031,810501,2,170318105012
20.0,1.0,7.0,79.0,5.0,68.0,2.0,1.0,76.0,67.0,113.0,113.0,29.0,63.0,58.0,137.0,839.0,17,031,810501,3,170318105013
3.0,82.0,91.0,11.0,31.0,14.0,64.0,1.0,14.0,4.0,223.0,236.0,150.0,56.0,28.0,84.0,1092.0,17,031,810501,4,170318105014
2.0,148.0,86.0,53.0,2.0,76.0,34.0,46.0,45.0,3.0,187.0,159.0,271.0,103.0,91.0,47.0,1353.0,17,031,810501,5,170318105015
29.0,11.0,103.0,6.0,39.0,37.0,2.0,152.0,31.0,2.0,35.0,12.0,95.0,10.0,34.0,49.0,647.0,17,031,810502,1,170318105021
48.0,0.0,48.0,0.0,3.0,8.0,23.0,3.0,18.0,56.0,229.0,229.0,91.0,61.0,29.0,96.0,942.0,17,031,810502,2,170318105022
84.0,160.0,122.0,13.0,114.0,120.0,39.0,97.0,130.0,128.0,101.0,197.0,9.0,77.0,47.0,43.0,1481.0,17,031,810502,3,170318105023
128.0,21.0,124.0,24.0,2.0,19.0,78.0,18.0,11.0,15.0,46.0,147.0,61.0,68.0,30.0,55.0,847.0,17,031,810502,4,170318105024
9.0,6.0,27.0,1.0,30.0,21.0,5.0,4.0,42.0,89.0,85.0,185.0,136.0,70.0,23.0,58.0,791.0,17,031,810502,5,170318105025
40.0,58.0,171.0,29.0,124.0,126.0,12.0,54.0,24.0,107.0,107.0,132.0,251.0,123.0,41.0,45.0,1444.0,17,031,810600,1,170318106001
98.0,240.0,6.0,83.0,21.0,3.0,37.0,313.0,81.0,263.0,171.0,154.0,110.0,97.0,163.0,99.0,1939.0,17,031,810600,2,170318106002
132.0,64.0,45.0,61.0,1.0,109.0,124.0,109.0,65.0,229.0,136.0,79.0,52.0,17.0,32.0,64.0,1319.0,17,031,810600,3,170318106003
38.0,105.0,106.0,119.0,1.0,79.0,124.0,12.0,128.0,82.0,209.0,113.0,257.0,10.0,51.0,61.0,1495.0,17,031,810701,1,170318107011
16.0,47.0,71.0,106.0,153.0,111.0,123.0,23.0,7.0,89.0,83.0,84.0,170.0,51.0,47.0,87.0,1268.0,17,031,810701,2,170318107012
54.0,78.0,102.0,85.0,19.0,56.0,84.0,43.0,41.0,92.0,146.0,157.0,27.0,16.0,35.0,91.0,1126.0,17,031,810701,3,170318107013
63.0,72.0,179.0,47.0,39.0,31.0,15.0,2.0,105.0,29.0,71.0,134.0,45.0,116.0,69.0,47.0,1064.0,17,031,810701,4,170318107014
7.0,84.0,87.0,81.0,45.0,79.0,1.0,59.0,225.0,167.0,112.0,158.0,227.0,40.0,135.0,49.0,1556.0,17,031,810702,1,170318107021
5.0,52.0,16.0,76.0,57.0,11.0,65.0,44.0,0.0,5.0,43.0,45.0,37.0,40.0,34.0,46.0,576.0,17,031,810702,2,170318107022
134.0,212.0,52.0,36.0,143.0,53.0,3.0,44.0,86.0,67.0,201.0,62.0,101.0,120.0,89.0,131.0,1534.0,17,031,810702,3,170318107023
30.0,50.0,74.0,0.0,0.0,12.0,121.0,3.0,1.0,4.0,39.0,240.0,90.0,73.0,68.0,81.0,886.0,17,031,810800,1,170318108001
64.0,53.0,164.0,120.0,97.0,91.0,99.0,60.0,37.0,113.0,20.0,147.0,332.0,170.0,44.0,85.0,1696.0,17,031,810800,2,170318108002
38.0,5.0,22.0,20.0,19.0,296.0,14.0,3.0,16.0,6.0,294.0,183.0,324.0,167.0,129.0,80.0,1616.0,17,031,810800,3,170318108003
15.0,1.0,104.0,43.0,1.0,1.0,16.0,59.0,14.0,16.0,206.0,252.0,134.0,59.0,139.0,114.0,1174.0,17,031,810800,4,170318108004
40.0,156.0,4.0,87.0,87.0,61.0,80.0,6.0,50.0,255.0,538.0,110.0,106.0,44.0,28.0,103.0,1755.0,17,031,810900,1,170318109001
87.0,92.0,3.0,44.0,140.0,63.0,369.0,55.0,99.0,62.0,133.0,175.0,249.0,24.0,50.0,164.0,1809.0,17,031,810900,2,170318109002
1.0,0.0,11.0,28.0,1.0,153.0,7.0,45.0,0.0,110.0,5.0,135.0,58.0,129.0,57.0,77.0,817.0,17,031,810900,3,170318109003
7.0,5.0,110.0,1.0,79.0,9.0,3.0,144.0,74.0,3.0,62.0,66.0,79.0,18.0,25.0,42.0,727.0,17,031,810900,4,170318109004
64.0,5.0,24.0,4.0,39.0,3.0,61.0,243.0,95.0,62.0,169.0,84.0,154.0,50.0,128.0,38.0,1223.0,17,031,810900,5,170318109005
4.0,110.0,8.0,12.0,0.0,3.0,7.0,5.0,29.0,37.0,109.0,115.0,55.0,63.0,55.0,59.0,671.0,17,031,811000,1,170318110001
1.0,4.0,2.0,67.0,44.0,8.0,4.0,2.0,3.0,45.0,122.0,48.0,245.0,63.0,165.0,138.0,961.0,17,031,811000,2,170318110002
117.0,0.0,4.0,5.0,14.0,2.0,4.0,1.0,0.0,20.0,3.0,269.0,104.0,37.0,100.0,128.0,808.0,17,031,811000,3,170318110003
36.0,34.0,28.0,1.0,16.0,59.0,5.0,16.0,63.0,11.0,85.0,181.0,115.0,43.0,93.0,75.0,861.0,17,031,811000,4,170318110004
0.0,5.0,7.0,72.0,9.0,41.0,5.0,5.0,79.0,56.0,74.0,152.0,115.0,61.0,90.0,129.0,900.0,17,031,811000,5,170318110005
0.0,6.0,0.0,5.0,58.0,0.0,7.0,24.0,56.0,31.0,1.0,61.0,27.0,7.0,13.0,46.0,342.0,17,031,811100,1,170318111001
29.0,111.0,231.0,31.0,86.0,37.0,75.0,2.0,58.0,73.0,352.0,103.0,123.0,63.0,104.0,63.0,1541.0,17,031,811100,2,170318111002
5.0,1.0,1.0,6.0,0.0,1.0,35.0,23.0,1.0,13.0,175.0,365.0,158.0,209.0,32.0,41.0,1066.0,17,031,811100,3,170318111003
151.0,89.0,49.0,68.0,333.0,91.0,10.0,5.0,3.0,65.0,0.0,25.0,138.0,21.0,30.0,93.0,1171.0,17,031,811100,4,170318111004
266.0,66.0,232.0,179.0,251.0,0.0,108.0,240.0,158.0,129.0,12.0,122.0,83.0,37.0,29.0,56.0,1968.0,17,031,811100,5,170318111005
1.0,30.0,54.0,10.0,2.0,20.0,13.0,7.0,65.0,150.0,186.0,184.0,42.0,42.0,58.0,48.0,912.0,17,031,811200,1,170318112001
142.0,26.0,45.0,28.0,113.0,70.0,43.0,114.0,86.0,233.0,136.0,217.0,213.0,19.0,104.0,86.0,1675.0,17,031,811200,2,170318112002
19.0,0.0,1.0,19.0,1.0,4.0,136.0,38.0,11.0,36.0,35.0,483.0,4.0,56.0,273.0,54.0,1170.0,17,031,811200,3,170318112003
67.0,66.0,7.0,6.0,83.0,4.0,82.0,41.0,122.0,102.0,42.0,17.0,168.0,32.0,44.0,88.0,971.0,17,031,811200,4,170318112004
5.0,61.0,6.0,72.0,76.0,42.0,1.0,1.0,84.0,3.0,158.0,289.0,3.0,10.0,49.0,64.0,924.0,17,031,811200,5,170318112005
70.0,157.0,9.0,147.0,27.0,5.0,41.0,129.0,4.0,46.0,174.0,146.0,167.0,160.0,53.0,72.0,1407.0,17,031,811301,1,170318113011
2.0,5.0,0.0,17.0,22.0,93.0,36.0,81.0,65.0,3.0,51.0,216.0,104.0,53.0,101.0,84.0,933.0,17,031,811301,2,170318113012
1.0,14.0,12.0,2.0,77.0,28.0,34.0,74.0,158.0,163.0,176.0,160.0,235.0,8.0,165.0,128.0,1435.0,17,031,811301,3,170318113013
1.0,19.0,58.0,24.0,18.0,93.0,164.0,150.0,13.0,38.0,124.0,350.0,151.0,14.0,51.0,95.0,1363.0,17,031,811301,4,170318113014
6.0,39.0,38.0,117.0,11.0,41.0,12.0,53.0,19.0,131.0,29.0,78.0,277.0,98.0,53.0,77.0,1079.0,17,031,811302,1,170318113021
124.0,118.0,248.0,180.0,339.0,146.0,129.0,173.0,189.0,25.0,259.0,234.0,100.0,43.0,45.0,45.0,2397.0,17,031,811302,2,170318113022
8.0,2.0,0.0,0.0,15.0,20.0,0.0,59.0,16.0,217.0,118.0,153.0,70.0,75.0,118.0,59.0,930.0,17,031,811401,1,170318114011
0.0,5.0,25.0,23.0,9.0,159.0,3.0,0.0,3.0,27.0,75.0,119.0,267.0,111.0,151.0,80.0,1057.0,17,031,811401,2,170318114012
8.0,5.0,8.0,39.0,52.0,16.0,84.0,43.0,9.0,214.0,67.0,104.0,72.0,37.0,23.0,47.0,828.0,17,031,811401,3,170318114013
2.0,8.0,65.0,6.0,151.0,72.0,4.0,49.0,280.0,152.0,8.0,224.0,144.0,60.0,90.0,34.0,1349.0,17,031,811401,4,170318114014
102.0,20.0,21.0,58.0,38.0,81.0,43.0,16.0,96.0,4.0,152.0,102.0,70.0,111.0,19.0,38.0,971.0,17,031,811401,5,170318114015
62.0,14.0,6.0,68.0,5.0,125.0,51.0,221.0,109.0,109.0,112.0,107.0,148.0,48.0,75.0,73.0,1333.0,17,031,811402,1,170318114021
75.0,22.0,105.0,2.0,23.0,10.0,61.0,158.0,27.0,126.0,218.0,129.0,189.0,175.0,113.0,49.0,1482.0,17,031,811402,2,170318114022
18.0,64.0,15.0,191.0,161.0,44.0,8.0,12.0,21.0,97.0,140.0,220.0,161.0,113.0,202.0,57.0,1524.0,17,031,811402,3,170318114023
1.0,29.0,5.0,140.0,10.0,81.0,89.0,36.0,25.0,239.0,404.0,253.0,220.0,103.0,104.0,54.0,1793.0,17,031,811500,1,170318115001
17.0,113.0,36.0,60.0,1.0,83.0,3.0,115.0,88.0,15.0,262.0,306.0,144.0,164.0,23.0,69.0,1499.0,17,031,811500,2,170318115002
5.0,0.0,11.0,16.0,12.0,17.0,135.0,40.0,28.0,84.0,96.0,223.0,120.0,21.0,141.0,91.0,1040.0,17,031,811500,3,170318115003
5.0,46.0,205.0,6.0,24.0,54.0,51.0,22.0,24.0,97.0,173.0,506.0,132.0,4.0,91.0,95.0,1535.0,17,031,811500,4,170318115004
117.0,2.0,289.0,45.0,93.0,4.0,9.0,172.0,179.0,56.0,88.0,123.0,92.0,106.0,27.0,36.0,1438.0,17,031,811600,1,170318116001
8.0,26.0,86.0,283.0,152.0,68.0,26.0,254.0,12.0,155.0,21.0,78.0,37.0,7.0,172.0,88.0,1473.0,17,031,811600,2,170318116002
28.0,5.0,0.0,2.0,199.0,184.0,170.0,31.0,148.0,149.0,324.0,259.0,159.0,58.0,73.0,96.0,1885.0,17,031,811600,3,170318116003
54.0,38.0,109.0,13.0,104.0,162.0,84.0,108.0,13.0,24.0,151.0,103.0,59.0,38.0,31.0,48.0,1139.0,17,031,811600,4,170318116004
71.0,157.0,112.0,191.0,78.0,135.0,87.0,53.0,265.0,241.0,178.0,615.0,219.0,262.0,29.0,52.0,2745.0,17,031,811701,1,170318117011
206.0,55.0,142.0,7.0,1.0,0.0,40.0,202.0,22.0,71.0,57.0,0.0,99.0,34.0,27.0,40.0,1003.0,17,031,811701,2,170318117012
37.0,74.0,53.0,179.0,60.0,43.0,50.0,47.0,30.0,102.0,33.0,95.0,19.0,11.0,21.0,55.0,909.0,17,031,811702,1,170318117021
58.0,114.0,24.0,75.0,6.0,87.0,34.0,154.0,1.0,174.0,164.0,130.0,95.0,189.0,54.0,95.0,1454.0,17,031,811702,2,170318117022
71.0,17.0,60.0,37.0,7.0,52.0,196.0,121.0,74.0,0.0,579.0,208.0,354.0,134.0,179.0,82.0,2171.0,17,031,811702,3,170318117023
6.0,3.0,51.0,0.0,3.0,1.0,23.0,77.0,63.0,21.0,222.0,335.0,51.0,64.0,174.0,48.0,1142.0,17,031,811800,1,170318118001
4.0,23.0,86.0,60.0,57.0,16.0,0.0,37.0,167.0,124.0,73.0,312.0,374.0,256.0,149.0,36.0,1774.0,17,031,811800,2,170318118002
3.0,37.0,25.0,32.0,66.0,94.0,0.0,67.0,24.0,84.0,217.0,136.0,70.0,58.0,57.0,54.0,1024.0,17,031,811800,3,170318118003
37.0,11.0,47.0,1.0,76.0,82.0,123.0,1.0,3.0,56.0,68.0,388.0,147.0,200.0,92.0,48.0,1380.0,17,031,811800,4,170318118004
9.0,3.0,132.0,1.0,2.0,24.0,5.0,3.0,9.0,39.0,185.0,141.0,28.0,105.0,141.0,101.0,928.0,17,031,811900,1,170318119001
5.0,25.0,2.0,2.0,0.0,18.0,2.0,100.0,1.0,12.0,64.0,39.0,41.0,97.0,67.0,304.0,779.0,17,031,811900,2,170318119002
1.0,5.0,31.0,11.0,54.0,0.0,25.0,0.0,58.0,31.0,3.0,20.0,97.0,111.0,107.0,761.0,1315.0,17,031,811900,3,170318119003
138.0,14.0,52.0,37.0,1.0,65.0,43.0,219.0,23.0,5.0,81.0,158.0,73.0,11.0,261.0,895.0,2076.0,17,031,811900,4,170318119004
1.0,8.0,5.0,11.0,0.0,18.0,21.0,7.0,0.0,31.0,56.0,110.0,6.0,103.0,57.0,321.0,755.0,17,031,812000,1,170318120001
1.0,7.0,39.0,13.0,0.0,45.0,47.0,3.0,0.0,49.0,26.0,98.0,22.0,43.0,45.0,198.0,636.0,17,031,812000,2,170318120002
0.0,20.0,0.0,57.0,48.0,20.0,2.0,8.0,75.0,87.0,92.0,82.0,95.0,56.0,234.0,431.0,1307.0,17,031,812000,3,170318120003
6.0,1.0,2.0,1.0,20.0,1.0,137.0,10.0,4.0,113.0,166.0,46.0,60.0,73.0,96.0,87.0,823.0,17,031,812000,4,170318120004
0.0,22.0,3.0,4.0,2.0,1.0,24.0,20.0,2.0,67.0,55.0,4.0,225.0,156.0,68.0,241.0,894.0,17,031,812000,5,170318120005
24.0,7.0,3.0,0.0,0.0,17.0,2.0,63.0,0.0,52.0,0.0,142.0,121.0,117.0,55.0,376.0,979.0,17,031,812000,6,170318120006
17.0,2.0,170.0,0.0,83.0,3.0,5.0,97.0,31.0,127.0,102.0,107.0,98.0,92.0,89.0,114.0,1137.0,17,031,812100,1,170318121001
21.0,0.0,1.0,3.0,8.0,1.0,7.0,1.0,19.0,42.0,180.0,114.0,46.0,141.0,149.0,86.0,819.0,17,031,812100,2,170318121002
99.0,20.0,4.0,33.0,0.0,19.0,0.0,11.0,4.0,200.0,55.0,6.0,93.0,83.0,204.0,298.0,1129.0,17,031,812100,3,170318121003
3.0,10.0,2.0,15.0,1.0,4.0,0.0,55.0,6.0,14.0,49.0,106.0,181.0,69.0,115.0,133.0,763.0,17,031,812100,4,170318121004
0.0,24.0,1.0,1.0,5.0,0.0,7.0,45.0,47.0,2.0,133.0,46.0,49.0,40.0,149.0,89.0,638.0,17,031,812100,5,170318121005
5.0,0.0,3.0,0.0,4.0,4.0,1.0,2.0,8.0,11.0,82.0,149.0,13.0,89.0,147.0,751.0,1269.0,17,031,812200,1,170318122001
0.0,1.0,7.0,0.0,2.0,1.0,10.0,2.0,5.0,64.0,13.0,14.0,86.0,99.0,99.0,473.0,876.0,17,031,812200,2,170318122002
13.0,10.0,15.0,1.0,14.0,3.0,120.0,25.0,38.0,14.0,78.0,40.0,87.0,75.0,89.0,655.0,1277.0,17,031,812200,3,170318122003
0.0,10.0,1.0,2.0,10.0,9.0,1.0,2.0,2.0,27.0,67.0,69.0,50.0,109.0,88.0,376.0,823.0,17,031,812200,4,170318122004
5.0,23.0,3.0,72.0,2.0,6.0,5.0,17.0,1.0,33.0,104.0,86.0,34.0,38.0,59.0,113.0,601.0,17,031,812301,1,170318123011
63.0,6.0,27.0,15.0,0.0,48.0,142.0,162.0,264.0,69.0,170.0,165.0,179.0,137.0,31.0,145.0,1623.0,17,031,812301,2,170318123012
65.0,4.0,60.0,21.0,1.0,4.0,13.0,92.0,53.0,20.0,168.0,212.0,233.0,43.0,184.0,123.0,1296.0,17,031,812301,3,170318123013
3.0,3.0,7.0,1.0,5.0,25.0,3.0,2.0,2.0,0.0,5.0,147.0,170.0,46.0,131.0,197.0,747.0,17,031,812302,1,170318123021
118.0,18.0,3.0,6.0,43.0,6.0,138.0,29.0,18.0,9.0,61.0,64.0,50.0,161.0,131.0,232.0,1087.0,17,031,812302,2,170318123022
0.0,2.0,4.0,1.0,5.0,29.0,21.0,4.0,35.0,1.0,88.0,203.0,213.0,120.0,87.0,130.0,943.0,17,031,812302,3,170318123023
8.0,26.0,7.0,0.0,1.0,1.0,2.0,5.0,32.0,0.0,6.0,44.0,122.0,228.0,169.0,559.0,1210.0,17,031,812400,1,170318124001
2.0,2.0,8.0,35.0,26.0,16.0,3.0,8.0,4.0,57.0,87.0,130.0,116.0,51.0,121.0,448.0,1114.0,17,031,812400,2,170318124002
1.0,2.0,5.0,5.0,10.0,8.0,6.0,4.0,0.0,1.0,6.0,168.0,95.0,106.0,221.0,668.0,1306.0,17,031,812400,3,170318124003
86.0,43.0,51.0,102.0,33.0,6.0,11.0,3.0,8.0,27.0,228.0,127.0,57.0,64.0,110.0,78.0,1034.0,17,031,812500,1,170318125001
68.0,39.0,54.0,2.0,10.0,2.0,88.0,4.0,30.0,92.0,6.0,76.0,69.0,19.0,132.0,95.0,786.0,17,031,812500,2,170318125002
154.0,226.0,28.0,4.0,27.0,3.0,3.0,18.0,1.0,19.0,47.0,49.0,115.0,89.0,38.0,152.0,973.0,17,031,812500,3,170318125003
43.0,32.0,5.0,9.0,10.0,9.0,68.0,2.0,4.0,48.0,43.0,94.0,82.0,22.0,139.0,235.0,845.0,17,031,812500,4,170318125004
18.0,1.0,24.0,20.0,32.0,27.0,0.0,8.0,1.0,52.0,5.0,144.0,19.0,43.0,20.0,73.0,487.0,17,031,812600,1,170318126001
106.0,53.0,4.0,8.0,2.0,4.0,8.0,25.0,117.0,99.0,49.0,52.0,124.0,78.0,87.0,69.0,885.0,17,031,812600,2,170318126002
0.0,133.0,3.0,11.0,2.0,141.0,17.0,107.0,22.0,111.0,130.0,140.0,101.0,38.0,73.0,99.0,1128.0,17,031,812600,3,170318126003
1.0,0.0,46.0,16.0,35.0,4.0,2.0,15.0,1.0,140.0,44.0,70.0,71.0,67.0,86.0,273.0,871.0,17,031,812600,4,170318126004
2.0,10.0,2.0,6.0,27.0,2.0,3.0,85.0,56.0,8.0,214.0,48.0,39.0,111.0,53.0,235.0,901.0,17,031,812700,1,170318127001
3.0,2.0,58.0,13.0,1.0,43.0,5.0,7.0,2.0,41.0,92.0,141.0,175.0,40.0,133.0,166.0,922.0,17,031,812700,2,170318127002
91.0,113.0,45.0,20.0,95.0,46.0,82.0,2.0,4.0,94.0,69.0,193.0,96.0,68.0,21.0,248.0,1287.0,17,031,812700,3,170318127003
260.0,160.0,81.0,20.0,166.0,73.0,110.0,91.0,73.0,8.0,127.0,57.0,292.0,31.0,116.0,133.0,1798.0,17,031,812801,1,170318128011
47.0,35.0,78.0,32.0,7.0,32.0,3.0,9.0,2.0,153.0,78.0,76.0,41.0,20.0,138.0,110.0,861.0,17,031,812801,2,170318128012
35.0,1.0,10.0,0.0,3.0,12.0,30.0,62.0,3.0,33.0,5.0,97.0,74.0,33.0,84.0,131.0,613.0,17,031,812802,1,170318128021
40.0,50.0,5.0,20.0,77.0,66.0,13.0,1.0,4.0,34.0,71.0,58.0,148.0,39.0,79.0,244.0,949.0,17,031,812802,2,170318128022
56.0,179.0,22.0,0.0,125.0,4.0,47.0,4.0,4.0,64.0,33.0,157.0,75.0,60.0,188.0,76.0,1094.0,17,031,812802,3,170318128023
6.0,36.0,2.0,1.0,20.0,0.0,0.0,47.0,25.0,51.0,36.0,87.0,72.0,21.0,80.0,327.0,811.0,17,031,812900,1,170318129001
74.0,5.0,102.0,0.0,8.0,2.0,1.0,50.0,6.0,9.0,111.0,342.0,149.0,107.0,142.0,159.0,1267.0,17,031,812900,2,170318129002
47.0,2.0,2.0,51.0,3.0,6.0,86.0,14.0,18.0,2.0,156.0,128.0,137.0,206.0,172.0,396.0,1426.0,17,031,812900,3,170318129003
4.0,9.0,93.0,91.0,38.0,35.0,94.0,105.0,39.0,106.0,101.0,124.0,152.0,95.0,208.0,182.0,1476.0,17,031,812900,4,170318129004
2.0,0.0,3.0,43.0,5.0,2.0,2.0,12.0,5.0,17.0,51.0,139.0,107.0,66.0,58.0,134.0,646.0,17,031,813000,1,170318130001
95.0,0.0,1.0,28.0,58.0,10.0,2.0,2.0,14.0,69.0,56.0,89.0,98.0,79.0,110.0,176.0,887.0,17,031,813000,2,170318130002
0.0,4.0,9.0,0.0,0.0,3.0,28.0,11.0,3.0,24.0,84.0,56.0,65.0,49.0,249.0,43.0,628.0,17,031,813000,3,170318130003
8.0,52.0,14.0,22.0,3.0,90.0,6.0,18.0,32.0,9.0,56.0,164.0,92.0,41.0,70.0,183.0,860.0,17,031,813000,4,170318130004
1.0,0.0,4.0,1.0,0.0,0.0,0.0,12.0,11.0,15.0,51.0,22.0,142.0,48.0,93.0,107.0,507.0,17,031,813000,5,170318130005
76.0,3.0,55.0,3.0,168.0,10.0,0.0,53.0,36.0,182.0,1.0,87.0,37.0,43.0,89.0,73.0,916.0,17,031,813100,1,170318131001
114.0,2.0,22.0,2.0,11.0,3.0,1.0,0.0,7.0,22.0,61.0,175.0,117.0,95.0,130.0,53.0,815.0,17,031,813100,2,170318131002
0.0,1.0,1.0,7.0,0.0,139.0,3.0,21.0,63.0,28.0,64.0,122.0,306.0,87.0,69.0,75.0,986.0,17,031,813100,3,170318131003
51.0,1.0,3.0,22.0,29.0,10.0,96.0,11.0,113.0,10.0,76.0,28.0,154.0,122.0,36.0,55.0,817.0,17,031,813100,4,170318131004
57.0,4.0,3.0,3.0,6.0,2.0,33.0,3.0,6.0,11.0,79.0,294.0,245.0,59.0,265.0,277.0,1347.0,17,031,813100,5,170318131005
4.0,60.0,19.0,0.0,0.0,0.0,0.0,1.0,2.0,98.0,54.0,107.0,38.0,77.0,164.0,209.0,833.0,17,031,813200,1,170318132001
1.0,0.0,6.0,10.0,26.0,5.0,1.0,0.0,0.0,108.0,45.0,102.0,108.0,111.0,47.0,136.0,706.0,17,031,813200,2,170318132002
4.0,1.0,0.0,4.0,0.0,1.0,78.0,91.0,0.0,119.0,115.0,117.0,240.0,131.0,169.0,138.0,1208.0,17,031,813200,3,170318132003
0.0,2.0,44.0,50.0,8.0,3.0,170.0,22.0,38.0,0.0,33.0,69.0,161.0,36.0,139.0,122.0,897.0,17,031,813200,4,170318132004
12.0,4.0,3.0,10.0,39.0,52.0,6.0,17.0,91.0,5.0,6.0,127.0,200.0,89.0,125.0,276.0,1062.0,17,031,813200,5,170318132005
61.0,1.0,54.0,299.0,213.0,155.0,58.0,146.0,80.0,144.0,322.0,120.0,20.0,137.0,56.0,91.0,1957.0,17,031,813301,1,170318133011
33.0,120.0,50.0,4.0,93.0,211.0,0.0,10.0,15.0,3.0,53.0,5.0,18.0,14.0,36.0,28.0,693.0,17,031,813301,2,170318133012
75.0,4.0,6.0,70.0,111.0,134.0,0.0,3.0,7.0,36.0,97.0,7.0,110.0,0.0,25.0,35.0,720.0,17,031,813301,3,170318133013
151.0,47.0,122.0,15.0,0.0,376.0,3.0,79.0,225.0,238.0,253.0,48.0,3.0,133.0,32.0,105.0,1830.0,17,031,813302,1,170318133021
291.0,51.0,2.0,146.0,115.0,47.0,252.0,97.0,243.0,30.0,102.0,220.0,72.0,135.0,62.0,65.0,1930.0,17,031,813302,2,170318133022
166.0,165.0,16.0,15.0,90.0,19.0,153.0,50.0,75.0,194.0,102.0,392.0,87.0,13.0,57.0,72.0,1666.0,17,031,813400,1,170318134001
89.0,71.0,14.0,165.0,58.0,77.0,110.0,78.0,34.0,0.0,67.0,80.0,3.0,11.0,48.0,45.0,950.0,17,031,813400,2,170318134002
1.0,6.0,3.0,149.0,3.0,84.0,50.0,0.0,59.0,105.0,165.0,42.0,3.0,16.0,29.0,78.0,793.0,17,031,813400,3,170318134003
344.0,5.0,86.0,81.0,118.0,188.0,233.0,37.0,115.0,122.0,8.0,315.0,48.0,54.0,142.0,65.0,1961.0,17,031,813400,4,170318134004
4.0,7.0,72.0,6.0,4.0,154.0,9.0,25.0,1.0,159.0,219.0,180.0,11.0,14.0,36.0,44.0,945.0,17,031,813400,5,170318134005
7.0,3.0,235.0,126.0,88.0,28.0,240.0,89.0,82.0,161.0,203.0,160.0,5.0,23.0,28.0,46.0,1524.0,17,031,813400,6,170318134006
114.0,4.0,90.0,25.0,3.0,93.0,124.0,95.0,3.0,118.0,184.0,21.0,93.0,126.0,61.0,119.0,1273.0,17,031,813500,1,170318135001
54.0,117.0,149.0,82.0,157.0,68.0,188.0,101.0,44.0,1.0,231.0,131.0,45.0,65.0,242.0,71.0,1746.0,17,031,813500,2,170318135002
1.0,4.0,0.0,13.0,2.0,27.0,66.0,6.0,2.0,50.0,5.0,48.0,82.0,69.0,39.0,34.0,448.0,17,031,813500,3,170318135003
66.0,1.0,243.0,3.0,223.0,6.0,2.0,8.0,87.0,490.0,226.0,428.0,531.0,13.0,63.0,104.0,2494.0,17,031,813500,4,170318135004
1.0,174.0,0.0,85.0,110.0,228.0,30.0,368.0,2.0,169.0,166.0,166.0,104.0,318.0,235.0,57.0,2213.0,17,031,813500,5,170318135005
126.0,77.0,155.0,11.0,3.0,44.0,0.0,53.0,73.0,98.0,170.0,22.0,47.0,17.0,28.0,63.0,987.0,17,031,813600,1,170318136001
121.0,6.0,0.0,48.0,286.0,167.0,121.0,109.0,0.0,298.0,94.0,173.0,164.0,11.0,98.0,52.0,1748.0,17,031,813600,2,170318136002
163.0,89.0,1.0,0.0,258.0,258.0,194.0,129.0,170.0,219.0,368.0,243.0,160.0,107.0,25.0,45.0,2429.0,17,031,813600,3,170318136003
84.0,159.0,6.0,56.0,166.0,316.0,99.0,178.0,151.0,81.0,618.0,55.0,16.0,20.0,27.0,73.0,2105.0,17,031,813701,1,170318137011
42.0,87.0,48.0,122.0,102.0,146.0,1.0,41.0,159.0,195.0,173.0,67.0,67.0,18.0,21.0,48.0,1337.0,17,031,813701,2,170318137012
57.0,2.0,6.0,2.0,217.0,59.0,106.0,0.0,2.0,67.0,301.0,41.0,38.0,12.0,29.0,46.0,985.0,17,031,813702,1,170318137021
1.0,0.0,111.0,6.0,48.0,58.0,60.0,5.0,89.0,59.0,4.0,79.0,17.0,7.0,32.0,60.0,636.0,17,031,813702,2,170318137022
0.0,225.0,48.0,114.0,60.0,338.0,37.0,5.0,2.0,5.0,6.0,116.0,110.0,83.0,31.0,36.0,1216.0,17,031,813702,3,170318137023
9.0,62.0,20.0,69.0,72.0,6.0,56.0,65.0,50.0,159.0,279.0,165.0,37.0,129.0,41.0,65.0,1284.0,17,031,813702,4,170318137024
41.0,27.0,1.0,199.0,1.0,44.0,88.0,6.0,0.0,31.0,127.0,0.0,20.0,21.0,33.0,44.0,683.0,17,031,813801,1,170318138011
171.0,0.0,4.0,4.0,1.0,168.0,151.0,52.0,79.0,121.0,127.0,94.0,109.0,72.0,24.0,51.0,1228.0,17,031,813801,2,170318138012
24.0,1.0,188.0,14.0,78.0,47.0,24.0,73.0,150.0,117.0,172.0,23.0,170.0,16.0,39.0,36.0,1172.0,17,031,813801,3,170318138013
314.0,5.0,76.0,38.0,5.0,2.0,125.0,1.0,56.0,96.0,112.0,15.0,38.0,7.0,24.0,52.0,966.0,17,031,813802,1,170318138021
64.0,105.0,7.0,91.0,109.0,46.0,0.0,46.0,8.0,65.0,110.0,193.0,99.0,96.0,48.0,59.0,1146.0,17,031,813802,2,170318138022
1.0,31.0,278.0,1.0,10.0,6.0,123.0,2.0,131.0,119.0,42.0,315.0,167.0,44.0,159.0,68.0,1497.0,17,031,813802,3,170318138023
174.0,77.0,42.0,1.0,121.0,245.0,173.0,202.0,0.0,19.0,158.0,189.0,95.0,4.0,23.0,49.0,1572.0,17,031,813802,4,170318138024
49.0,61.0,121.0,129.0,124.0,172.0,120.0,183.0,197.0,155.0,273.0,178.0,93.0,18.0,82.0,59.0,2014.0,17,031,813900,1,170318139001
2.0,1.0,82.0,107.0,27.0,108.0,117.0,94.0,46.0,195.0,262.0,205.0,130.0,14.0,57.0,53.0,1500.0,17,031,813900,2,170318139002
75.0,3.0,120.0,39.0,186.0,102.0,8.0,142.0,4.0,83.0,97.0,2.0,89.0,76.0,24.0,49.0,1099.0,17,031,813900,3,170318139003
13.0,64.0,1.0,157.0,20.0,2.0,39.0,0.0,1.0,74.0,116.0,83.0,14.0,16.0,59.0,64.0,723.0,17,031,813900,4,170318139004
8.0,54.0,1.0,159.0,32.0,253.0,19.0,50.0,125.0,7.0,147.0,59.0,16.0,10.0,17.0,85.0,1042.0,17,031,813900,5,170318139005
3.0,195.0,2.0,55.0,27.0,91.0,80.0,0.0,90.0,24.0,6.0,253.0,42.0,92.0,41.0,55.0,1056.0,17,031,814000,1,170318140001
48.0,1.0,11.0,25.0,71.0,134.0,66.0,235.0,33.0,296.0,58.0,164.0,18.0,15.0,202.0,54.0,1431.0,17,031,814000,2,170318140002
3.0,9.0,183.0,112.0,67.0,71.0,28.0,4.0,35.0,333.0,63.0,207.0,145.0,99.0,181.0,49.0,1589.0,17,031,814000,3,170318140003
1.0,4.0,38.0,34.0,41.0,11.0,9.0,173.0,5.0,8.0,89.0,265.0,207.0,50.0,24.0,50.0,1009.0,17,031,814000,4,170318140004
52.0,46.0,174.0,452.0,27.0,156.0,381.0,181.0,4.0,306.0,22.0,414.0,16.0,166.0,94.0,57.0,2548.0,17,031,814100,1,170318141001
89.0,19.0,30.0,116.0,136.0,36.0,27.0,0.0,0.0,33.0,227.0,59.0,72.0,12.0,22.0,50.0,928.0,17,031,814100,2,170318141002
55.0,48.0,110.0,45.0,1.0,95.0,1.0,14.0,136.0,6.0,103.0,49.0,14.0,13.0,38.0,54.0,782.0,17,031,814100,3,170318141003
78.0,97.0,127.0,8.0,214.0,133.0,149.0,54.0,255.0,103.0,512.0,21.0,11.0,129.0,92.0,162.0,2145.0,17,031,814200,1,170318142001
24.0,6.0,3.0,2.0,38.0,20.0,65.0,20.0,48.0,20.0,1.0,78.0,16.0,8.0,22.0,51.0,422.0,17,031,814200,2,170318142002
27.0,100.0,34.0,184.0,37.0,53.0,145.0,46.0,78.0,1.0,59.0,209.0,74.0,12.0,38.0,56.0,1153.0,17,031,814200,3,170318142003
173.0,57.0,126.0,57.0,152.0,72.0,2.0,7.0,30.0,80.0,13.0,139.0,58.0,19.0,75.0,47.0,1107.0,17,031,814200,4,170318142004
0.0,42.0,80.0,94.0,161.0,45.0,50.0,11.0,2.0,141.0,121.0,3.0,97.0,68.0,19.0,43.0,977.0,17,031,814200,5,170318142005
49.0,7.0,212.0,55.0,3.0,277.0,0.0,1.0,111.0,65.0,1.0,41.0,6.0,81.0,43.0,50.0,1002.0,17,031,814200,6,170318142006
141.0,26.0,141.0,351.0,222.0,139.0,27.0,14.0,32.0,214.0,332.0,30.0,34.0,17.0,63.0,60.0,1843.0,17,031,814300,1,170318143001
151.0,297.0,222.0,182.0,187.0,81.0,63.0,169.0,181.0,136.0,228.0,317.0,109.0,106.0,226.0,45.0,2700.0,17,031,814300,2,170318143002
2.0,222.0,1.0,75.0,4.0,180.0,3.0,2.0,1.0,129.0,187.0,242.0,51.0,114.0,25.0,52.0,1290.0,17,031,814400,1,170318144001
2.0,1.0,84.0,141.0,2.0,206.0,3.0,342.0,105.0,20.0,142.0,212.0,207.0,31.0,22.0,36.0,1556.0,17,031,814400,2,170318144002
80.0,6.0,23.0,3.0,67.0,304.0,95.0,1.0,4.0,4.0,11.0,862.0,120.0,11.0,120.0,46.0,1757.0,17,031,814400,3,170318144003
1.0,28.0,7.0,1.0,50.0,92.0,0.0,108.0,1.0,127.0,331.0,12.0,31.0,11.0,34.0,56.0,890.0,17,031,814400,4,170318144004
25.0,2.0,59.0,368.0,179.0,169.0,76.0,164.0,118.0,16.0,9.0,348.0,47.0,4.0,33.0,52.0,1669.0,17,031,814400,5,170318144005
0.0,98.0,4.0,6.0,4.0,25.0,3.0,1.0,5.0,126.0,47.0,164.0,17.0,15.0,33.0,47.0,595.0,17,031,814400,6,170318144006
5.0,47.0,56.0,75.0,176.0,118.0,57.0,5.0,5.0,91.0,274.0,369.0,172.0,58.0,23.0,61.0,1592.0,17,031,814500,1,170318145001
23.0,0.0,115.0,89.0,58.0,241.0,5.0,12.0,7.0,33.0,264.0,170.0,164.0,10.0,71.0,189.0,1451.0,17,031,814500,2,170318145002
91.0,197.0,37.0,18.0,22.0,208.0,142.0,5.0,24.0,92.0,214.0,222.0,157.0,17.0,32.0,156.0,1634.0,17,031,814500,3,170318145003
48.0,90.0,2.0,105.0,27.0,1.0,30.0,93.0,17.0,100.0,169.0,188.0,32.0,17.0,78.0,55.0,1052.0,17,031,814600,1,170318146001
67.0,0.0,31.0,27.0,63.0,5.0,103.0,23.0,49.0,22.0,16.0,194.0,115.0,197.0,27.0,46.0,985.0,17,031,814600,2,170318146002
1.0,0.0,91.0,113.0,1.0,2.0,34.0,125.0,52.0,149.0,84.0,218.0,23.0,51.0,52.0,234.0,1230.0,17,031,814600,3,170318146003
6.0,127.0,3.0,1.0,115.0,16.0,116.0,7.0,15.0,260.0,152.0,156.0,67.0,13.0,25.0,52.0,1131.0,17,031,814600,4,170318146004
1.0,3.0,20.0,138.0,29.0,51.0,20.0,138.0,16.0,37.0,37.0,222.0,7.0,43.0,132.0,47.0,941.0,17,031,814600,5,170318146005
7.0,3.0,3.0,27.0,0.0,112.0,99.0,70.0,0.0,142.0,14.0,303.0,238.0,78.0,34.0,59.0,1189.0,17,031,814700,1,170318147001
39.0,60.0,7.0,0.0,39.0,26.0,100.0,100.0,79.0,194.0,134.0,173.0,235.0,69.0,145.0,46.0,1446.0,17,031,814700,2,170318147002
47.0,2.0,2.0,2.0,2.0,51.0,17.0,4.0,59.0,113.0,103.0,162.0,435.0,116.0,50.0,33.0,1198.0,17,031,814700,3,170318147003
74.0,82.0,6.0,7.0,102.0,31.0,69.0,2.0,118.0,145.0,138.0,235.0,26.0,93.0,30.0,47.0,1205.0,17,031,814700,4,170318147004
172.0,40.0,119.0,20.0,62.0,144.0,93.0,71.0,4.0,67.0,75.0,85.0,84.0,18.0,45.0,38.0,1137.0,17,031,814700,5,170318147005
185.0,3.0,31.0,151.0,14.0,36.0,68.0,25.0,93.0,14.0,293.0,275.0,182.0,197.0,70.0,42.0,1679.0,17,031,814800,1,170318148001
14.0,77.0,125.0,162.0,40.0,155.0,33.0,2.0,230.0,94.0,137.0,108.0,243.0,164.0,89.0,53.0,1726.0,17,031,814800,2,170318148002
9.0,5.0,14.0,3.0,39.0,0.0,71.0,4.0,4.0,31.0,118.0,133.0,68.0,59.0,137.0,59.0,754.0,17,031,814800,3,170318148003
1.0,80.0,108.0,40.0,97.0,1.0,1.0,5.0,3.0,183.0,41.0,124.0,149.0,9.0,77.0,51.0,970.0,17,031,814800,4,170318148004
1.0,6.0,2.0,3.0,1.0,77.0,0.0,0.0,28.0,28.0,205.0,168.0,215.0,18.0,30.0,58.0,840.0,17,031,814800,5,170318148005
123.0,5.0,0.0,90.0,62.0,0.0,43.0,23.0,6.0,171.0,94.0,220.0,18.0,64.0,117.0,37.0,1073.0,17,031,814900,1,170318149001
33.0,32.0,83.0,131.0,10.0,198.0,1.0,112.0,69.0,107.0,140.0,287.0,45.0,10.0,193.0,55.0,1506.0,17,031,814900,2,170318149002
330.0,53.0,152.0,173.0,418.0,93.0,71.0,135.0,63.0,116.0,88.0,260.0,11.0,55.0,21.0,37.0,2076.0,17,031,814900,3,170318149003
29.0,41.0,82.0,0.0,249.0,93.0,159.0,60.0,3.0,304.0,369.0,191.0,219.0,112.0,25.0,46.0,1982.0,17,031,814900,4,170318149004
38.0,119.0,82.0,0.0,3.0,5.0,1.0,38.0,116.0,15.0,131.0,59.0,52.0,10.0,47.0,31.0,747.0,17,031,815000,1,170318150001
12.0,5.0,79.0,102.0,65.0,87.0,201.0,2.0,211.0,97.0,40.0,141.0,45.0,126.0,75.0,62.0,1350.0,17,031,815000,2,170318150002
130.0,64.0,214.0,23.0,134.0,57.0,42.0,141.0,159.0,225.0,122.0,92.0,297.0,277.0,105.0,49.0,2131.0,17,031,815000,3,170318150003
7.0,8.0,40.0,145.0,0.0,16.0,17.0,200.0,21.0,149.0,330.0,76.0,106.0,87.0,149.0,47.0,1398.0,17,031,815100,1,170318151001
11.0,5.0,157.0,0.0,58.0,116.0,5.0,85.0,7.0,101.0,69.0,93.0,55.0,122.0,101.0,60.0,1045.0,17,031,815100,2,170318151002
88.0,21.0,62.0,236.0,84.0,66.0,99.0,190.0,73.0,100.0,261.0,150.0,67.0,12.0,76.0,161.0,1746.0,17,031,815100,3,170318151003
8.0,100.0,111.0,0.0,135.0,111.0,11.0,118.0,9.0,5.0,169.0,196.0,276.0,72.0,61.0,52.0,1434.0,17,031,815200,1,170318152001
27.0,110.0,4.0,131.0,82.0,36.0,6.0,37.0,1.0,248.0,488.0,42.0,267.0,6.0,60.0,46.0,1591.0,17,031,815200,2,170318152002
4.0,7.0,43.0,9.0,32.0,122.0,0.0,74.0,7.0,29.0,42.0,322.0,144.0,21.0,23.0,42.0,921.0,17,031,815200,3,170318152003
51.0,4.0,54.0,14.0,1.0,72.0,6.0,67.0,3.0,40.0,50.0,86.0,51.0,33.0,47.0,65.0,644.0,17,031,815200,4,170318152004
73.0,255.0,232.0,0.0,126.0,151.0,17.0,61.0,27.0,167.0,96.0,112.0,121.0,115.0,72.0,50.0,1675.0,17,031,815200,5,170318152005
62.0,36.0,6.0,1.0,26.0,12.0,42.0,1.0,35.0,19.0,344.0,262.0,67.0,326.0,162.0,43.0,1444.0,17,031,815300,1,170318153001
3.0,37.0,7.0,2.0,6.0,45.0,15.0,92.0,4.0,67.0,98.0,161.0,68.0,199.0,67.0,42.0,913.0,17,031,815300,2,170318153002
23.0,40.0,81.0,0.0,8.0,39.0,39.0,42.0,17.0,32.0,3.0,63.0,4.0,94.0,99.0,98.0,682.0,17,031,815300,3,170318153003
37.0,83.0,3.0,4.0,2.0,71.0,1.0,11.0,4.0,117.0,154.0,170.0,1.0,66.0,26.0,55.0,805.0,17,031,815300,4,170318153004
1.0,2.0,1.0,40.0,128.0,5.0,18.0,4.0,4.0,57.0,23.0,342.0,158.0,21.0,143.0,61.0,1008.0,17,031,815400,1,170318154001
79.0,2.0,9.0,123.0,76.0,59.0,0.0,6.0,0.0,63.0,41.0,67.0,219.0,259.0,22.0,128.0,1153.0,17,031,815400,2,170318154002
102.0,35.0,21.0,261.0,74.0,25.0,5.0,156.0,23.0,72.0,442.0,253.0,197.0,98.0,318.0,95.0,2177.0,17,031,815400,3,170318154003
5.0,4.0,162.0,210.0,63.0,27.0,67.0,98.0,1.0,10.0,150.0,43.0,94.0,34.0,186.0,86.0,1240.0,17,031,815400,4,170318154004
4.0,7.0,58.0,81.0,65.0,64.0,1.0,2.0,15.0,310.0,49.0,383.0,127.0,119.0,214.0,35.0,1534.0,17,031,815500,1,170318155001
9.0,149.0,20.0,19.0,5.0,0.0,16.0,140.0,2.0,173.0,106.0,93.0,10.0,15.0,72.0,46.0,875.0,17,031,815500,2,170318155002
124.0,155.0,186.0,2.0,46.0,3.0,0.0,130.0,21.0,120.0,219.0,37.0,243.0,11.0,26.0,50.0,1373.0,17,031,815500,3,170318155003
115.0,23.0,4.0,6.0,0.0,157.0,6.0,47.0,3.0,116.0,51.0,448.0,82.0,57.0,111.0,61.0,1287.0,17,031,815500,4,170318155004
1.0,2.0,127.0,66.0,93.0,0.0,27.0,132.0,0.0,8.0,46.0,193.0,287.0,65.0,121.0,94.0,1262.0,17,031,815500,5,170318155005
99.0,4.0,26.0,8.0,20.0,50.0,95.0,4.0,1.0,57.0,182.0,99.0,70.0,27.0,24.0,203.0,969.0,17,031,815500,6,170318155006
20.0,3.0,20.0,162.0,2.0,89.0,32.0,5.0,0.0,82.0,122.0,28.0,118.0,20.0,28.0,135.0,866.0,17,031,815500,7,170318155007
12.0,2.0,2.0,1.0,30.0,33.0,4.0,22.0,3.0,262.0,39.0,324.0,18.0,17.0,26.0,49.0,844.0,17,031,815600,1,170318156001
26.0,3.0,67.0,29.0,51.0,40.0,184.0,72.0,114.0,1.0,111.0,156.0,152.0,18.0,97.0,60.0,1181.0,17,031,815600,2,170318156002
0.0,1.0,113.0,88.0,125.0,53.0,20.0,167.0,84.0,148.0,75.0,78.0,243.0,17.0,19.0,59.0,1290.0,17,031,815600,3,170318156003
199.0,4.0,99.0,55.0,12.0,1.0,3.0,4.0,1.0,0.0,16.0,212.0,53.0,36.0,110.0,54.0,859.0,17,031,815600,4,170318156004
35.0,154.0,36.0,44.0,4.0,75.0,8.0,0.0,28.0,1.0,60.0,158.0,79.0,52.0,60.0,155.0,949.0,17,031,815600,5,170318156005
12.0,44.0,29.0,5.0,23.0,125.0,0.0,10.0,7.0,85.0,42.0,72.0,142.0,188.0,159.0,323.0,1266.0,17,031,815701,1,170318157011
3.0,8.0,11.0,6.0,13.0,2.0,2.0,71.0,2.0,32.0,77.0,67.0,90.0,237.0,64.0,208.0,893.0,17,031,815701,2,170318157012
1.0,2.0,7.0,2.0,1.0,16.0,1.0,1.0,4.0,39.0,76.0,141.0,90.0,93.0,164.0,227.0,865.0,17,031,815701,3,170318157013
3.0,0.0,4.0,6.0,66.0,118.0,8.0,15.0,0.0,34.0,85.0,181.0,61.0,80.0,78.0,178.0,917.0,17,031,815701,4,170318157014
6.0,23.0,3.0,4.0,3.0,76.0,6.0,1.0,1.0,7.0,23.0,1.0,43.0,51.0,126.0,273.0,647.0,17,031,815702,1,170318157021
65.0,8.0,8.0,32.0,0.0,28.0,4.0,1.0,27.0,142.0,55.0,65.0,84.0,167.0,96.0,99.0,881.0,17,031,815702,2,170318157022
1.0,35.0,19.0,37.0,26.0,35.0,37.0,40.0,11.0,106.0,23.0,153.0,363.0,130.0,324.0,157.0,1497.0,17,031,815702,3,170318157023
4.0,7.0,10.0,2.0,8.0,46.0,99.0,50.0,13.0,1.0,121.0,48.0,58.0,9.0,84.0,78.0,638.0,17,031,815702,4,170318157024
107.0,31.0,0.0,107.0,46.0,16.0,82.0,2.0,6.0,178.0,56.0,112.0,163.0,224.0,100.0,254.0,1484.0,17,031,815702,5,170318157025
17.0,45.0,49.0,5.0,95.0,72.0,49.0,17.0,0.0,105.0,99.0,165.0,278.0,101.0,186.0,114.0,1397.0,17,031,815800,1,170318158001
22.0,180.0,34.0,4.0,84.0,71.0,47.0,98.0,88.0,27.0,71.0,102.0,138.0,102.0,59.0,186.0,1313.0,17,031,815900,1,170318159001
44.0,5.0,57.0,153.0,179.0,43.0,79.0,55.0,66.0,57.0,144.0,135.0,124.0,42.0,50.0,58.0,1291.0,17,031,815900,2,170318159002
91.0,59.0,97.0,191.0,84.0,23.0,13.0,241.0,114.0,179.0,301.0,115.0,125.0,34.0,43.0,110.0,1820.0,17,031,815900,3,170318159003
54.0,131.0,4.0,56.0,53.0,111.0,3.0,103.0,24.0,201.0,165.0,80.0,53.0,63.0,78.0,91.0,1270.0,17,031,816000,1,170318160001
6.0,44.0,57.0,20.0,8.0,52.0,61.0,56.0,35.0,138.0,236.0,86.0,74.0,49.0,58.0,77.0,1057.0,17,031,816000,2,170318160002
3.0,10.0,40.0,0.0,13.0,201.0,0.0,22.0,1.0,142.0,92.0,76.0,51.0,82.0,170.0,73.0,976.0,17,031,816000,3,170318160003
59.0,8.0,2.0,64.0,9.0,7.0,31.0,47.0,37.0,14.0,110.0,34.0,29.0,23.0,22.0,75.0,571.0,17,031,816100,1,170318161001
5.0,142.0,48.0,82.0,1.0,167.0,77.0,3.0,3.0,27.0,96.0,189.0,48.0,134.0,32.0,130.0,1184.0,17,031,816100,2,170318161002
17.0,20.0,4.0,1.0,135.0,78.0,102.0,77.0,38.0,249.0,1.0,201.0,29.0,17.0,102.0,77.0,1148.0,17,031,816100,3,170318161003
54.0,6.0,47.0,4.0,7.0,25.0,64.0,3.0,9.0,173.0,0.0,79.0,179.0,40.0,61.0,77.0,828.0,17,031,816100,4,170318161004
2.0,87.0,18.0,8.0,3.0,2.0,53.0,66.0,137.0,107.0,148.0,213.0,197.0,103.0,16.0,91.0,1251.0,17,031,816100,5,170318161005
59.0,128.0,52.0,3.0,20.0,24.0,55.0,17.0,7.0,74.0,7.0,280.0,27.0,90.0,115.0,139.0,1097.0,17,031,816100,6,170318161006
221.0,204.0,180.0,157.0,62.0,17.0,84.0,47.0,31.0,62.0,72.0,122.0,66.0,35.0,26.0,62.0,1448.0,17,031,816200,1,170318162001
5.0,6.0,34.0,3.0,43.0,1.0,3.0,0.0,3.0,13.0,187.0,96.0,64.0,89.0,44.0,64.0,655.0,17,031,816200,2,170318162002
64.0,3.0,57.0,33.0,36.0,42.0,41.0,28.0,37.0,105.0,147.0,117.0,268.0,106.0,86.0,94.0,1264.0,17,031,816200,3,170318162003
14.0,2.0,83.0,8.0,57.0,22.0,96.0,2.0,81.0,147.0,97.0,160.0,103.0,17.0,35.0,54.0,978.0,17,031,816300,1,170318163001
67.0,5.0,35.0,94.0,5.0,41.0,212.0,96.0,59.0,253.0,221.0,324.0,181.0,18.0,164.0,107.0,1882.0,17,031,816300,2,170318163002
54.0,70.0,93.0,11.0,29.0,8.0,16.0,0.0,181.0,82.0,254.0,342.0,121.0,12.0,59.0,94.0,1426.0,17,031,816300,3,170318163003
5.0,2.0,18.0,73.0,121.0,37.0,0.0,116.0,22.0,70.0,35.0,132.0,195.0,93.0,15.0,73.0,1007.0,17,031,816300,4,170318163004
3.0,94.0,112.0,44.0,24.0,273.0,5.0,23.0,3.0,20.0,83.0,124.0,187.0,89.0,53.0,34.0,1171.0,17,031,816401,1,170318164011
0.0,2.0,154.0,90.0,32.0,5.0,21.0,78.0,69.0,41.0,125.0,35.0,9.0,70.0,46.0,78.0,855.0,17,031,816401,2,170318164012
1.0,66.0,33.0,9.0,62.0,222.0,74.0,22.0,49.0,161.0,187.0,112.0,183.0,22.0,64.0,43.0,1310.0,17,031,816401,3,170318164013
1.0,0.0,5.0,341.0,29.0,407.0,3.0,142.0,153.0,18.0,6.0,286.0,143.0,17.0,106.0,57.0,1714.0,17,031,816401,4,170318164014
152.0,108.0,7.0,126.0,24.0,12.0,204.0,83.0,142.0,267.0,2.0,89.0,72.0,36.0,41.0,51.0,1416.0,17,031,816402,1,170318164021
4.0,64.0,56.0,80.0,17.0,222.0,16.0,191.0,1.0,297.0,3.0,285.0,89.0,15.0,308.0,88.0,1736.0,17,031,816402,2,170318164022
1.0,66.0,54.0,4.0,0.0,7.0,8.0,129.0,4.0,145.0,36.0,63.0,149.0,63.0,117.0,42.0,888.0,17,031,816402,3,170318164023
0.0,0.0,0.0,73.0,7.0,52.0,215.0,19.0,1.0,7.0,0.0,104.0,36.0,18.0,25.0,54.0,611.0,17,031,816402,4,170318164024
3.0,14.0,44.0,15.0,95.0,120.0,70.0,2.0,131.0,116.0,313.0,83.0,55.0,232.0,162.0,108.0,1563.0,17,031,816500,1,170318165001
33.0,135.0,147.0,109.0,165.0,307.0,87.0,88.0,219.0,210.0,318.0,42.0,167.0,14.0,27.0,45.0,2113.0,17,031,816500,2,170318165002
48.0,43.0,51.0,60.0,65.0,55.0,36.0,60.0,83.0,19.0,93.0,19.0,19.0,14.0,47.0,51.0,763.0,17,031,816500,3,170318165003
3.0,0.0,42.0,127.0,47.0,164.0,114.0,0.0,233.0,51.0,46.0,122.0,132.0,60.0,30.0,90.0,1261.0,17,031,816600,1,170318166001
64.0,96.0,54.0,18.0,185.0,58.0,136.0,31.0,235.0,8.0,91.0,66.0,86.0,97.0,22.0,65.0,1312.0,17,031,816600,2,170318166002
184.0,102.0,238.0,276.0,225.0,71.0,68.0,171.0,5.0,172.0,225.0,33.0,158.0,134.0,21.0,48.0,2131.0,17,031,816600,3,170318166003
4.0,0.0,0.0,3.0,13.0,20.0,28.0,49.0,50.0,117.0,220.0,95.0,115.0,56.0,71.0,66.0,907.0,17,031,816700,1,170318167001
221.0,15.0,149.0,138.0,72.0,78.0,132.0,16.0,42.0,225.0,161.0,269.0,120.0,81.0,29.0,117.0,1865.0,17,031,816700,2,170318167002
83.0,1.0,129.0,130.0,62.0,99.0,8.0,138.0,27.0,170.0,111.0,117.0,147.0,57.0,28.0,41.0,1348.0,17,031,816800,1,170318168001
66.0,1.0,34.0,78.0,5.0,93.0,63.0,78.0,128.0,130.0,309.0,330.0,165.0,110.0,125.0,201.0,1916.0,17,031,816800,2,170318168002
39.0,4.0,14.0,19.0,49.0,1.0,1.0,92.0,28.0,51.0,156.0,310.0,191.0,3.0,156.0,99.0,1213.0,17,031,816800,3,170318168003
4.0,0.0,19.0,5.0,17.0,52.0,57.0,0.0,1.0,104.0,94.0,119.0,90.0,102.0,77.0,62.0,803.0,17,031,816800,4,170318168004
19.0,93.0,15.0,160.0,55.0,30.0,14.0,62.0,90.0,2.0,76.0,307.0,190.0,28.0,17.0,47.0,1205.0,17,031,816900,1,170318169001
1.0,78.0,4.0,84.0,234.0,39.0,12.0,2.0,57.0,201.0,142.0,110.0,202.0,212.0,26.0,74.0,1478.0,17,031,816900,2,170318169002
25.0,18.0,12.0,27.0,103.0,3.0,50.0,194.0,0.0,81.0,73.0,101.0,169.0,139.0,26.0,65.0,1086.0,17,031,816900,3,170318169003
0.0,188.0,33.0,39.0,50.0,115.0,29.0,218.0,86.0,139.0,147.0,630.0,80.0,156.0,94.0,46.0,2050.0,17,031,816900,4,170318169004
155.0,50.0,46.0,0.0,40.0,59.0,1.0,0.0,16.0,8.0,120.0,51.0,25.0,15.0,23.0,47.0,656.0,17,031,817000,1,170318170001
3.0,2.0,15.0,84.0,4.0,0.0,80.0,53.0,1.0,8.0,39.0,12.0,44.0,24.0,29.0,49.0,447.0,17,031,817000,2,170318170002
3.0,1.0,14.0,4.0,12.0,0.0,31.0,23.0,1.0,196.0,1.0,117.0,163.0,92.0,24.0,61.0,743.0,17,031,817000,3,170318170003
22.0,0.0,90.0,37.0,13.0,190.0,28.0,44.0,7.0,37.0,331.0,347.0,308.0,77.0,71.0,65.0,1667.0,17,031,817000,4,170318170004
5.0,67.0,3.0,105.0,28.0,124.0,114.0,53.0,43.0,80.0,280.0,88.0,159.0,116.0,70.0,53.0,1388.0,17,031,817000,5,170318170005
63.0,13.0,22.0,131.0,12.0,194.0,132.0,7.0,7.0,16.0,6.0,97.0,80.0,108.0,77.0,46.0,1011.0,17,031,817101,1,170318171011
31.0,19.0,141.0,33.0,1.0,96.0,65.0,8.0,122.0,55.0,45.0,120.0,96.0,6.0,47.0,75.0,960.0,17,031,817101,2,170318171012
171.0,96.0,64.0,140.0,126.0,155.0,51.0,12.0,10.0,21.0,150.0,149.0,102.0,9.0,57.0,52.0,1365.0,17,031,817101,3,170318171013
135.0,43.0,7.0,19.0,1.0,31.0,33.0,158.0,5.0,246.0,51.0,199.0,93.0,200.0,26.0,46.0,1293.0,17,031,817101,4,170318171014
1.0,108.0,0.0,112.0,3.0,5.0,2.0,116.0,0.0,97.0,221.0,46.0,22.0,159.0,85.0,41.0,1018.0,17,031,817102,1,170318171021
7.0,1.0,114.0,7.0,0.0,1.0,137.0,88.0,82.0,135.0,135.0,178.0,19.0,38.0,26.0,50.0,1018.0,17,031,817102,2,170318171022
1.0,2.0,88.0,8.0,59.0,2.0,326.0,106.0,3.0,161.0,192.0,245.0,114.0,85.0,15.0,59.0,1466.0,17,031,817102,3,170318171023
232.0,159.0,142.0,348.0,37.0,57.0,40.0,65.0,58.0,116.0,252.0,195.0,136.0,148.0,66.0,51.0,2102.0,17,031,817200,1,170318172001
38.0,56.0,18.0,84.0,133.0,0.0,107.0,55.0,2.0,142.0,67.0,195.0,29.0,72.0,66.0,54.0,1118.0,17,031,817200,2,170318172002
113.0,20.0,8.0,86.0,34.0,63.0,77.0,4.0,0.0,61.0,13.0,54.0,41.0,81.0,47.0,41.0,743.0,17,031,817200,3,170318172003
81.0,3.0,43.0,24.0,7.0,0.0,44.0,2.0,68.0,1.0,12.0,20.0,26.0,9.0,35.0,44.0,419.0,17,031,817200,4,170318172004
335.0,153.0,66.0,197.0,222.0,38.0,176.0,119.0,159.0,347.0,225.0,69.0,115.0,29.0,35.0,44.0,2329.0,17,031,817300,1,170318173001
49.0,152.0,3.0,77.0,58.0,46.0,45.0,1.0,2.0,145.0,61.0,146.0,15.0,64.0,76.0,62.0,1002.0,17,031,817400,1,170318174001
17.0,1.0,56.0,26.0,43.0,14.0,4.0,3.0,73.0,104.0,113.0,216.0,240.0,47.0,36.0,77.0,1070.0,17,031,817400,2,170318174002
58.0,28.0,20.0,92.0,15.0,64.0,173.0,242.0,206.0,4.0,418.0,400.0,186.0,80.0,81.0,59.0,2126.0,17,031,817400,3,170318174003
120.0,74.0,54.0,4.0,15.0,80.0,26.0,12.0,2.0,19.0,9.0,60.0,57.0,8.0,42.0,47.0,629.0,17,031,817500,1,170318175001
83.0,116.0,74.0,7.0,3.0,2.0,60.0,3.0,8.0,89.0,161.0,7.0,101.0,33.0,35.0,45.0,827.0,17,031,817500,2,170318175002
142.0,141.0,71.0,129.0,52.0,62.0,71.0,51.0,4.0,54.0,67.0,104.0,70.0,220.0,43.0,79.0,1360.0,17,031,817500,3,170318175003
200.0,53.0,35.0,130.0,66.0,8.0,3.0,8.0,2.0,145.0,82.0,130.0,44.0,20.0,31.0,44.0,1001.0,17,031,817500,4,170318175004
170.0,52.0,144.0,121.0,24.0,5.0,24.0,70.0,91.0,59.0,253.0,70.0,58.0,80.0,26.0,44.0,1291.0,17,031,817600,1,170318176001
101.0,55.0,136.0,130.0,146.0,3.0,18.0,0.0,53.0,195.0,166.0,7.0,53.0,16.0,121.0,114.0,1314.0,17,031,817600,2,170318176002
70.0,0.0,2.0,146.0,7.0,130.0,94.0,87.0,1.0,28.0,33.0,207.0,192.0,57.0,77.0,46.0,1177.0,17,031,817600,3,170318176003
10.0,38.0,0.0,0.0,51.0,63.0,62.0,36.0,67.0,93.0,6.0,164.0,51.0,174.0,34.0,58.0,907.0,17,031,817700,1,170318177001
93.0,61.0,212.0,78.0,37.0,141.0,21.0,3.0,54.0,138.0,98.0,51.0,303.0,75.0,118.0,57.0,1540.0,17,031,817700,2,170318177002
3.0,129.0,51.0,107.0,37.0,48.0,2.0,58.0,161.0,197.0,267.0,64.0,143.0,79.0,115.0,154.0,1615.0,17,031,817700,3,170318177003
8.0,26.0,2.0,7.0,79.0,7.0,88.0,134.0,2.0,184.0,217.0,174.0,4.0,23.0,39.0,52.0,1046.0,17,031,817700,4,170318177004
60.0,27.0,187.0,331.0,17.0,108.0,105.0,121.0,4.0,43.0,5.0,212.0,54.0,7.0,83.0,45.0,1409.0,17,031,817900,1,170318179001
36.0,38.0,1.0,25.0,2.0,0.0,176.0,4.0,91.0,154.0,5.0,150.0,201.0,223.0,34.0,69.0,1209.0,17,031,817900,2,170318179002
3.0,56.0,88.0,28.0,0.0,2.0,18.0,7.0,25.0,258.0,105.0,391.0,18.0,13.0,35.0,70.0,1117.0,17,031,817900,3,170318179003
165.0,30.0,47.0,5.0,5.0,4.0,19.0,2.0,1.0,28.0,125.0,140.0,77.0,108.0,33.0,71.0,860.0,17,031,817900,4,170318179004
8.0,37.0,29.0,11.0,59.0,33.0,21.0,30.0,21.0,128.0,166.0,5.0,44.0,8.0,46.0,95.0,741.0,17,031,817900,5,170318179005
180.0,42.0,94.0,121.0,12.0,26.0,57.0,55.0,9.0,128.0,333.0,373.0,121.0,50.0,172.0,42.0,1815.0,17,031,818000,1,170318180001
65.0,9.0,109.0,85.0,24.0,17.0,33.0,1.0,110.0,82.0,172.0,54.0,74.0,87.0,50.0,48.0,1020.0,17,031,818000,2,170318180002
2.0,12.0,135.0,11.0,154.0,3.0,92.0,54.0,17.0,152.0,215.0,252.0,174.0,79.0,46.0,135.0,1533.0,17,031,818000,3,170318180003
1.0,10.0,84.0,89.0,3.0,22.0,4.0,28.0,0.0,57.0,200.0,274.0,183.0,73.0,22.0,70.0,1120.0,17,031,818100,1,170318181001
2.0,33.0,70.0,63.0,136.0,3.0,1.0,14.0,91.0,203.0,42.0,200.0,58.0,113.0,136.0,103.0,1268.0,17,031,818100,2,170318181002
5.0,1.0,84.0,54.0,0.0,21.0,1.0,71.0,16.0,137.0,201.0,82.0,370.0,144.0,103.0,115.0,1405.0,17,031,818200,1,170318182001
1.0,78.0,31.0,6.0,4.0,6.0,77.0,0.0,25.0,1.0,167.0,221.0,15.0,13.0,50.0,77.0,772.0,17,031,818200,2,170318182002
3.0,0.0,3.0,31.0,3.0,11.0,56.0,2.0,26.0,5.0,4.0,84.0,98.0,33.0,129.0,51.0,539.0,17,031,818200,3,170318182003
99.0,164.0,60.0,132.0,58.0,19.0,54.0,100.0,28.0,229.0,154.0,145.0,273.0,73.0,164.0,80.0,1832.0,17,031,818200,4,170318182004
204.0,6.0,6.0,6.0,3.0,124.0,153.0,48.0,61.0,203.0,190.0,52.0,143.0,88.0,140.0,83.0,1510.0,17,031,818300,1,170318183001
2.0,0.0,2.0,196.0,4.0,160.0,15.0,2.0,1.0,420.0,93.0,398.0,70.0,67.0,44.0,48.0,1522.0,17,031,818300,2,170318183002
8.0,128.0,120.0,169.0,31.0,119.0,175.0,24.0,18.0,121.0,203.0,346.0,287.0,119.0,18.0,54.0,1940.0,17,031,818300,3,170318183003
189.0,0.0,7.0,88.0,2.0,19.0,55.0,50.0,94.0,92.0,36.0,145.0,59.0,39.0,40.0,155.0,1070.0,17,031,818300,4,170318183004
2.0,7.0,80.0,0.0,88.0,71.0,154.0,17.0,4.0,116.0,52.0,104.0,223.0,41.0,18.0,46.0,1023.0,17,031,818401,1,170318184011
105.0,1.0,1.0,0.0,7.0,0.0,60.0,8.0,25.0,51.0,1.0,24.0,28.0,56.0,50.0,37.0,454.0,17,031,818401,2,170318184012
3.0,0.0,0.0,8.0,96.0,21.0,46.0,5.0,36.0,122.0,28.0,283.0,96.0,45.0,149.0,222.0,1160.0,17,031,818401,3,170318184013
52.0,19.0,8.0,5.0,1.0,19.0,3.0,7.0,8.0,40.0,161.0,159.0,146.0,15.0,41.0,52.0,736.0,17,031,818401,4,170318184014
3.0,22.0,24.0,0.0,10.0,12.0,0.0,83.0,52.0,75.0,177.0,209.0,111.0,5.0,67.0,67.0,917.0,17,031,818402,1,170318184021
1.0,25.0,50.0,3.0,99.0,20.0,40.0,81.0,1.0,91.0,27.0,115.0,93.0,84.0,81.0,100.0,911.0,17,031,818402,2,170318184022
18.0,9.0,8.0,63.0,80.0,6.0,21.0,11.0,74.0,191.0,74.0,292.0,102.0,46.0,84.0,111.0,1190.0,17,031,818402,3,170318184023
12.0,1.0,19.0,115.0,19.0,80.0,8.0,55.0,31.0,158.0,30.0,141.0,307.0,143.0,57.0,89.0,1265.0,17,031,818500,1,170318185001
39.0,41.0,172.0,1.0,114.0,0.0,14.0,39.0,97.0,43.0,112.0,141.0,259.0,43.0,199.0,40.0,1354.0,17,031,818500,2,170318185002
37.0,69.0,26.0,82.0,81.0,85.0,43.0,63.0,3.0,133.0,96.0,86.0,252.0,353.0,130.0,299.0,1838.0,17,031,818500,3,170318185003
8.0,0.0,20.0,25.0,9.0,11.0,2.0,63.0,108.0,55.0,133.0,149.0,22.0,108.0,122.0,44.0,879.0,17,031,818500,4,170318185004
78.0,66.0,25.0,55.0,70.0,11.0,18.0,53.0,13.0,107.0,2.0,157.0,216.0,142.0,90.0,202.0,1305.0,17,031,818600,1,170318186001
0.0,4.0,113.0,29.0,40.0,90.0,206.0,72.0,5.0,128.0,230.0,415.0,291.0,151.0,129.0,153.0,2056.0,17,031,818600,2,170318186002
177.0,25.0,9.0,149.0,100.0,60.0,116.0,23.0,64.0,80.0,18.0,55.0,66.0,57.0,233.0,59.0,1291.0,17,031,818600,3,170318186003
0.0,4.0,1.0,34.0,0.0,13.0,1.0,1.0,2.0,58.0,67.0,94.0,197.0,130.0,98.0,189.0,889.0,17,031,818700,1,170318187001
4.0,3.0,6.0,26.0,3.0,21.0,2.0,82.0,111.0,1.0,1.0,65.0,151.0,82.0,111.0,75.0,744.0,17,031,818700,2,170318187002
3.0,36.0,62.0,31.0,61.0,8.0,12.0,1.0,35.0,73.0,100.0,92.0,264.0,94.0,92.0,201.0,1165.0,17,031,818700,3,170318187003
44.0,22.0,45.0,8.0,6.0,9.0,0.0,36.0,48.0,79.0,81.0,136.0,67.0,73.0,104.0,62.0,820.0,17,031,818700,4,170318187004
1.0,112.0,64.0,4.0,0.0,123.0,4.0,13.0,69.0,24.0,45.0,261.0,96.0,52.0,141.0,54.0,1063.0,17,031,818800,1,170318188001
5.0,0.0,0.0,0.0,7.0,49.0,0.0,13.0,1.0,78.0,102.0,202.0,71.0,43.0,24.0,53.0,648.0,17,031,818800,2,170318188002
88.0,95.0,3.0,2.0,41.0,59.0,1.0,2.0,1.0,67.0,5.0,215.0,133.0,85.0,28.0,49.0,874.0,17,031,818800,3,170318188003
0.0,3.0,116.0,0.0,9.0,20.0,2.0,2.0,11.0,36.0,93.0,203.0,68.0,105.0,24.0,48.0,740.0,17,031,818800,4,170318188004
21.0,100.0,84.0,25.0,6.0,23.0,48.0,65.0,1.0,208.0,67.0,117.0,252.0,114.0,71.0,82.0,1284.0,17,031,818800,5,170318188005
3.0,6.0,0.0,26.0,3.0,26.0,0.0,52.0,1.0,222.0,25.0,218.0,272.0,11.0,70.0,121.0,1056.0,17,031,818800,6,170318188006
115.0,2.0,151.0,0.0,142.0,63.0,2.0,177.0,94.0,75.0,163.0,308.0,132.0,128.0,91.0,69.0,1712.0,17,031,818900,1,170318189001
164.0,54.0,25.0,57.0,141.0,38.0,34.0,112.0,121.0,118.0,229.0,257.0,127.0,79.0,183.0,87.0,1826.0,17,031,818900,2,170318189002
2.0,1.0,41.0,0.0,16.0,69.0,7.0,53.0,16.0,105.0,138.0,140.0,156.0,54.0,47.0,181.0,1026.0,17,031,818900,3,170318189003
13.0,3.0,4.0,3.0,3.0,36.0,6.0,4.0,5.0,4.0,32.0,105.0,177.0,25.0,141.0,199.0,760.0,17,031,819000,1,170318190001
21.0,2.0,28.0,2.0,2.0,2.0,18.0,4.0,15.0,36.0,20.0,193.0,190.0,291.0,181.0,451.0,1456.0,17,031,819000,2,170318190002
2.0,1.0,15.0,42.0,8.0,15.0,26.0,0.0,84.0,4.0,25.0,117.0,210.0,168.0,214.0,485.0,1416.0,17,031,819000,3,170318190003
0.0,76.0,73.0,102.0,0.0,9.0,48.0,32.0,63.0,86.0,19.0,42.0,100.0,91.0,115.0,127.0,983.0,17,031,819000,4,170318190004
113.0,59.0,28.0,43.0,51.0,27.0,9.0,14.0,98.0,15.0,55.0,306.0,243.0,94.0,38.0,51.0,1244.0,17,031,819100,1,170318191001
8.0,16.0,3.0,4.0,42.0,41.0,68.0,33.0,26.0,4.0,82.0,273.0,109.0,19.0,54.0,58.0,840.0,17,031,819100,2,170318191002
166.0,78.0,0.0,5.0,48.0,90.0,1.0,99.0,49.0,195.0,102.0,130.0,24.0,31.0,28.0,70.0,1116.0,17,031,819100,3,170318191003
5.0,33.0,97.0,78.0,40.0,61.0,4.0,122.0,9.0,25.0,141.0,155.0,89.0,30.0,48.0,69.0,1006.0,17,031,819100,4,170318191004
3.0,21.0,91.0,4.0,64.0,7.0,12.0,110.0,0.0,25.0,148.0,97.0,7.0,39.0,32.0,57.0,717.0,17,031,819200,1,170318192001
24.0,66.0,65.0,0.0,75.0,302.0,6.0,10.0,23.0,351.0,153.0,202.0,153.0,7.0,67.0,91.0,1595.0,17,031,819200,2,170318192002
142.0,161.0,139.0,186.0,243.0,157.0,4.0,131.0,226.0,224.0,152.0,301.0,206.0,60.0,161.0,63.0,2556.0,17,031,819200,3,170318192003
29.0,24.0,6.0,153.0,120.0,71.0,59.0,25.0,19.0,90.0,203.0,317.0,99.0,151.0,23.0,42.0,1431.0,17,031,819200,4,170318192004
2.0,3.0,3.0,0.0,0.0,3.0,14.0,0.0,21.0,43.0,83.0,163.0,128.0,200.0,193.0,58.0,914.0,17,031,819300,1,170318193001
17.0,6.0,43.0,16.0,5.0,59.0,40.0,51.0,13.0,202.0,157.0,346.0,120.0,169.0,65.0,215.0,1524.0,17,031,819300,2,170318193002
4.0,28.0,9.0,102.0,5.0,4.0,70.0,11.0,21.0,16.0,32.0,49.0,61.0,77.0,23.0,73.0,585.0,17,031,819300,3,170318193003
116.0,1.0,37.0,0.0,64.0,32.0,5.0,29.0,2.0,54.0,14.0,546.0,25.0,17.0,170.0,54.0,1166.0,17,031,819400,1,170318194001
6.0,184.0,13.0,120.0,78.0,0.0,85.0,85.0,98.0,5.0,80.0,178.0,72.0,108.0,20.0,236.0,1368.0,17,031,819400,2,170318194002
15.0,10.0,1.0,4.0,9.0,0.0,0.0,41.0,18.0,34.0,53.0,3.0,150.0,136.0,244.0,61.0,779.0,17,031,819400,3,170318194003
6.0,16.0,33.0,7.0,4.0,180.0,4.0,5.0,1.0,100.0,37.0,106.0,189.0,299.0,101.0,169.0,1257.0,17,031,819400,4,170318194004
0.0,2.0,5.0,77.0,50.0,17.0,18.0,70.0,9.0,0.0,84.0,98.0,122.0,36.0,59.0,79.0,726.0,17,031,819400,5,170318194005
4.0,1.0,4.0,42.0,7.0,1.0,1.0,6.0,36.0,68.0,12.0,45.0,125.0,59.0,93.0,64.0,568.0,17,031,819500,1,170318195001
51.0,7.0,16.0,19.0,4.0,14.0,0.0,0.0,33.0,68.0,40.0,44.0,40.0,51.0,88.0,70.0,545.0,17,031,819500,2,170318195002
19.0,23.0,5.0,11.0,17.0,3.0,14.0,23.0,28.0,22.0,143.0,218.0,104.0,40.0,77.0,80.0,827.0,17,031,819500,3,170318195003
21.0,195.0,33.0,67.0,80.0,4.0,4.0,3.0,1.0,54.0,25.0,202.0,115.0,45.0,14.0,50.0,913.0,17,031,819500,4,170318195004
1.0,0.0,4.0,10.0,1.0,0.0,4.0,33.0,5.0,11.0,29.0,52.0,65.0,21.0,191.0,237.0,664.0,17,031,819600,1,170318196001
0.0,12.0,1.0,3.0,0.0,10.0,10.0,1.0,1.0,0.0,89.0,40.0,178.0,72.0,336.0,370.0,1123.0,17,031,819600,2,170318196002
1.0,2.0,7.0,37.0,0.0,25.0,2.0,28.0,12.0,3.0,130.0,129.0,250.0,72.0,87.0,241.0,1026.0,17,031,819600,3,170318196003
2.0,1.0,3.0,3.0,1.0,2.0,2.0,4.0,24.0,42.0,135.0,167.0,104.0,164.0,124.0,359.0,1137.0,17,031,819600,4,170318196004
40.0,0.0,2.0,18.0,66.0,20.0,2.0,4.0,1.0,40.0,10.0,168.0,216.0,115.0,249.0,437.0,1388.0,17,031,819700,1,170318197001
51.0,8.0,43.0,2.0,21.0,2.0,42.0,2.0,35.0,100.0,223.0,132.0,138.0,152.0,511.0,693.0,2155.0,17,031,819700,2,170318197002
8.0,4.0,3.0,21.0,44.0,1.0,31.0,3.0,46.0,7.0,23.0,236.0,120.0,107.0,356.0,561.0,1571.0,17,031,819700,3,170318197003
6.0,0.0,5.0,8.0,6.0,2.0,2.0,0.0,35.0,111.0,39.0,7.0,49.0,139.0,191.0,285.0,885.0,17,031,819700,4,170318197004
1.0,0.0,8.0,1.0,5.0,1.0,0.0,22.0,7.0,50.0,11.0,182.0,78.0,83.0,183.0,396.0,1028.0,17,031,819801,1,170318198011
9.0,7.0,1.0,3.0,7.0,1.0,6.0,35.0,63.0,11.0,6.0,14.0,142.0,153.0,111.0,343.0,912.0,17,031,819801,2,170318198012
14.0,2.0,15.0,8.0,114.0,6.0,11.0,69.0,19.0,51.0,157.0,178.0,176.0,85.0,218.0,556.0,1679.0,17,031,819801,3,170318198013
2.0,0.0,3.0,15.0,1.0,0.0,18.0,1.0,2.0,12.0,11.0,82.0,17.0,98.0,175.0,204.0,641.0,17,031,819801,4,170318198014
8.0,3.0,12.0,10.0,4.0,5.0,0.0,2.0,0.0,10.0,44.0,123.0,141.0,109.0,158.0,680.0,1309.0,17,031,819801,5,170318198015
0.0,1.0,7.0,2.0,1.0,12.0,24.0,6.0,21.0,1.0,51.0,172.0,229.0,192.0,237.0,355.0,1311.0,17,031,819802,1,170318198021
8.0,0.0,2.0,18.0,7.0,4.0,0.0,1.0,17.0,24.0,107.0,248.0,146.0,228.0,122.0,428.0,1360.0,17,031,819802,2,170318198022
3.0,1.0,3.0,0.0,6.0,8.0,5.0,0.0,20.0,64.0,69.0,57.0,52.0,96.0,135.0,513.0,1032.0,17,031,819900,1,170318199001
76.0,3.0,0.0,21.0,1.0,18.0,5.0,23.0,0.0,10.0,150.0,100.0,141.0,120.0,321.0,340.0,1329.0,17,031,819900,2,170318199002
0.0,11.0,2.0,33.0,17.0,0.0,0.0,4.0,0.0,145.0,25.0,64.0,38.0,233.0,123.0,446.0,1141.0,17,031,819900,3,170318199003
7.0,4.0,1.0,58.0,0.0,1.0,2.0,0.0,1.0,50.0,97.0,93.0,88.0,77.0,132.0,415.0,1026.0,17,031,820000,1,170318200001
0.0,2.0,3.0,2.0,4.0,0.0,7.0,8.0,0.0,1.0,23.0,109.0,49.0,67.0,151.0,614.0,1040.0,17,031,820000,2,170318200002
3.0,12.0,58.0,107.0,77.0,105.0,99.0,21.0,21.0,41.0,6.0,48.0,50.0,55.0,59.0,111.0,873.0,17,031,820101,1,170318201011
7.0,0.0,6.0,71.0,15.0,0.0,62.0,104.0,12.0,50.0,95.0,9.0,133.0,53.0,260.0,299.0,1176.0,17,031,820101,2,170318201012
4.0,4.0,0.0,69.0,28.0,21.0,28.0,35.0,40.0,5.0,66.0,230.0,19.0,35.0,46.0,366.0,996.0,17,031,820101,3,170318201013
8.0,14.0,0.0,2.0,16.0,10.0,9.0,15.0,48.0,19.0,18.0,0.0,7.0,100.0,188.0,116.0,570.0,17,031,820101,4,170318201014
0.0,2.0,2.0,0.0,21.0,6.0,6.0,2.0,11.0,47.0,11.0,129.0,50.0,131.0,209.0,289.0,916.0,17,031,820101,5,170318201015
61.0,67.0,6.0,150.0,99.0,14.0,148.0,68.0,3.0,280.0,96.0,308.0,76.0,72.0,79.0,141.0,1668.0,17,031,820101,6,170318201016
1.0,4.0,19.0,24.0,5.0,4.0,140.0,81.0,23.0,35.0,19.0,158.0,169.0,63.0,190.0,154.0,1089.0,17,031,820101,7,170318201017
27.0,51.0,6.0,11.0,2.0,4.0,41.0,3.0,10.0,6.0,44.0,149.0,171.0,26.0,44.0,59.0,654.0,17,031,820103,1,170318201031
32.0,86.0,3.0,40.0,3.0,83.0,86.0,32.0,0.0,58.0,1.0,71.0,52.0,10.0,55.0,63.0,675.0,17,031,820103,2,170318201032
7.0,55.0,10.0,77.0,1.0,150.0,59.0,15.0,183.0,199.0,213.0,233.0,50.0,67.0,249.0,39.0,1607.0,17,031,820103,3,170318201033
2.0,6.0,0.0,118.0,3.0,50.0,3.0,23.0,2.0,45.0,10.0,53.0,106.0,68.0,137.0,118.0,744.0,17,031,820103,4,170318201034
94.0,204.0,0.0,46.0,69.0,96.0,89.0,11.0,75.0,107.0,155.0,112.0,18.0,40.0,34.0,46.0,1196.0,17,031,820104,1,170318201041
2.0,2.0,3.0,15.0,8.0,37.0,23.0,46.0,14.0,5.0,197.0,127.0,136.0,29.0,111.0,116.0,871.0,17,031,820104,2,170318201042
2.0,1.0,27.0,46.0,1.0,5.0,13.0,3.0,1.0,139.0,144.0,186.0,74.0,64.0,209.0,42.0,957.0,17,031,820104,3,170318201043
4.0,4.0,66.0,7.0,2.0,0.0,152.0,79.0,81.0,92.0,34.0,124.0,205.0,53.0,75.0,76.0,1054.0,17,031,820104,4,170318201044
108.0,77.0,52.0,18.0,294.0,84.0,20.0,52.0,106.0,11.0,203.0,146.0,210.0,155.0,110.0,57.0,1703.0,17,031,820201,1,170318202011
70.0,73.0,141.0,109.0,51.0,2.0,31.0,104.0,7.0,11.0,206.0,329.0,235.0,70.0,219.0,308.0,1966.0,17,031,820201,2,170318202012
37.0,0.0,5.0,38.0,31.0,2.0,5.0,28.0,5.0,117.0,27.0,147.0,32.0,59.0,137.0,570.0,1240.0,17,031,820201,3,170318202013
64.0,0.0,5.0,0.0,44.0,72.0,92.0,82.0,70.0,42.0,350.0,652.0,293.0,411.0,454.0,491.0,3122.0,17,031,820201,4,170318202014
137.0,35.0,46.0,64.0,67.0,136.0,133.0,117.0,109.0,385.0,206.0,172.0,217.0,117.0,125.0,79.0,2145.0,17,031,820202,1,170318202021
1.0,20.0,14.0,69.0,73.0,29.0,12.0,4.0,113.0,143.0,126.0,6.0,216.0,9.0,79.0,51.0,965.0,17,031,820202,2,170318202022
39.0,28.0,18.0,49.0,24.0,5.0,3.0,6.0,4.0,1.0,14.0,55.0,38.0,28.0,35.0,58.0,405.0,17,031,820202,3,170318202023
177.0,10.0,4.0,101.0,145.0,157.0,51.0,2.0,141.0,79.0,248.0,212.0,87.0,64.0,23.0,52.0,1553.0,17,031,820300,1,170318203001
19.0,86.0,122.0,91.0,10.0,86.0,9.0,86.0,30.0,173.0,98.0,200.0,70.0,33.0,70.0,67.0,1250.0,17,031,820300,2,170318203002
3.0,8.0,58.0,10.0,71.0,81.0,0.0,2.0,0.0,221.0,224.0,209.0,104.0,32.0,24.0,46.0,1093.0,17,031,820300,3,170318203003
6.0,5.0,86.0,52.0,75.0,147.0,67.0,48.0,7.0,79.0,225.0,193.0,78.0,32.0,17.0,56.0,1173.0,17,031,820300,4,170318203004
53.0,18.0,6.0,69.0,15.0,224.0,209.0,2.0,190.0,84.0,94.0,14.0,253.0,9.0,30.0,49.0,1319.0,17,031,820400,1,170318204001
10.0,57.0,3.0,255.0,66.0,174.0,51.0,169.0,4.0,308.0,252.0,131.0,132.0,171.0,34.0,139.0,1956.0,17,031,820400,2,170318204002
191.0,135.0,98.0,182.0,196.0,92.0,222.0,159.0,230.0,215.0,286.0,338.0,201.0,40.0,127.0,45.0,2757.0,17,031,820400,3,170318204003
0.0,10.0,66.0,3.0,8.0,147.0,14.0,66.0,1.0,70.0,99.0,70.0,51.0,29.0,62.0,45.0,741.0,17,031,820501,1,170318205011
63.0,4.0,63.0,4.0,25.0,51.0,84.0,5.0,7.0,104.0,105.0,210.0,184.0,89.0,61.0,91.0,1150.0,17,031,820501,2,170318205012
3.0,8.0,179.0,0.0,30.0,93.0,31.0,77.0,0.0,55.0,195.0,124.0,43.0,91.0,60.0,46.0,1035.0,17,031,820501,3,170318205013
4.0,14.0,3.0,64.0,290.0,132.0,6.0,91.0,20.0,190.0,193.0,136.0,91.0,20.0,120.0,222.0,1596.0,17,031,820501,4,170318205014
5.0,5.0,136.0,6.0,1.0,30.0,16.0,36.0,120.0,332.0,179.0,176.0,191.0,170.0,203.0,53.0,1659.0,17,031,820501,5,170318205015
83.0,1.0,212.0,15.0,52.0,115.0,12.0,3.0,21.0,292.0,305.0,194.0,120.0,24.0,66.0,103.0,1618.0,17,031,820502,1,170318205021
1.0,1.0,55.0,63.0,11.0,44.0,16.0,8.0,101.0,46.0,228.0,100.0,17.0,136.0,53.0,67.0,947.0,17,031,820502,2,170318205022
59.0,0.0,6.0,3.0,59.0,148.0,82.0,7.0,7.0,115.0,51.0,145.0,80.0,8.0,35.0,117.0,922.0,17,031,820502,3,170318205023
7.0,143.0,3.0,6.0,118.0,39.0,32.0,168.0,10.0,79.0,119.0,51.0,19.0,142.0,78.0,42.0,1056.0,17,031,820502,4,170318205024
8.0,28.0,170.0,64.0,133.0,16.0,136.0,4.0,6.0,46.0,15.0,273.0,22.0,67.0,32.0,41.0,1061.0,17,031,820603,1,170318206031
75.0,17.0,176.0,46.0,0.0,276.0,235.0,98.0,84.0,179.0,118.0,421.0,126.0,20.0,258.0,72.0,2201.0,17,031,820603,2,170318206032
6.0,71.0,89.0,7.0,27.0,36.0,116.0,44.0,48.0,134.0,164.0,481.0,350.0,206.0,86.0,61.0,1926.0,17,031,820603,3,170318206033
308.0,272.0,238.0,536.0,152.0,117.0,11.0,138.0,72.0,258.0,610.0,191.0,33.0,45.0,204.0,127.0,3312.0,17,031,820604,1,170318206041
22.0,22.0,20.0,67.0,96.0,1.0,2.0,44.0,11.0,68.0,117.0,139.0,53.0,32.0,50.0,44.0,788.0,17,031,820604,2,170318206042
143.0,58.0,2.0,2.0,85.0,136.0,19.0,94.0,9.0,81.0,46.0,305.0,102.0,13.0,92.0,43.0,1230.0,17,031,820605,1,170318206051
100.0,5.0,158.0,31.0,135.0,36.0,71.0,152.0,18.0,211.0,7.0,239.0,54.0,15.0,117.0,45.0,1394.0,17,031,820605,2,170318206052
177.0,6.0,3.0,83.0,56.0,13.0,69.0,250.0,70.0,279.0,186.0,84.0,55.0,80.0,41.0,73.0,1525.0,17,031,820605,3,170318206053
1.0,24.0,12.0,30.0,4.0,33.0,9.0,175.0,6.0,250.0,261.0,236.0,179.0,153.0,52.0,98.0,1523.0,17,031,820606,1,170318206061
149.0,129.0,6.0,150.0,152.0,68.0,81.0,26.0,24.0,153.0,521.0,201.0,161.0,105.0,145.0,80.0,2151.0,17,031,820606,2,170318206062
195.0,10.0,26.0,102.0,44.0,26.0,52.0,242.0,101.0,263.0,116.0,25.0,148.0,76.0,29.0,191.0,1646.0,17,031,820700,1,170318207001
2.0,2.0,28.0,1.0,14.0,185.0,2.0,0.0,5.0,205.0,102.0,108.0,171.0,1.0,51.0,53.0,930.0,17,031,820700,2,170318207002
410.0,1.0,139.0,14.0,6.0,0.0,235.0,95.0,0.0,140.0,328.0,68.0,261.0,55.0,24.0,42.0,1818.0,17,031,820700,3,170318207003
48.0,26.0,171.0,40.0,111.0,365.0,89.0,160.0,78.0,289.0,146.0,60.0,302.0,170.0,149.0,50.0,2254.0,17,031,820700,4,170318207004
3.0,0.0,16.0,187.0,69.0,46.0,99.0,12.0,10.0,108.0,317.0,509.0,191.0,248.0,89.0,46.0,1950.0,17,031,820800,1,170318208001
6.0,3.0,81.0,13.0,6.0,20.0,38.0,68.0,26.0,156.0,264.0,395.0,217.0,56.0,70.0,54.0,1473.0,17,031,820800,2,170318208002
2.0,38.0,1.0,57.0,1.0,40.0,55.0,10.0,5.0,33.0,51.0,170.0,42.0,116.0,53.0,39.0,713.0,17,031,820800,3,170318208003
51.0,25.0,182.0,207.0,160.0,71.0,23.0,224.0,22.0,214.0,473.0,167.0,50.0,157.0,29.0,71.0,2126.0,17,031,820901,1,170318209011
30.0,96.0,25.0,135.0,67.0,90.0,0.0,3.0,67.0,100.0,3.0,170.0,108.0,15.0,126.0,54.0,1089.0,17,031,820901,2,170318209012
40.0,2.0,10.0,25.0,113.0,22.0,20.0,57.0,322.0,267.0,95.0,49.0,21.0,26.0,21.0,41.0,1131.0,17,031,820901,3,170318209013
8.0,27.0,0.0,2.0,112.0,15.0,133.0,33.0,120.0,12.0,136.0,66.0,231.0,23.0,35.0,42.0,995.0,17,031,820901,4,170318209014
3.0,35.0,2.0,17.0,54.0,92.0,2.0,140.0,15.0,94.0,133.0,115.0,105.0,15.0,48.0,83.0,953.0,17,031,820902,1,170318209021
51.0,138.0,35.0,52.0,90.0,11.0,87.0,3.0,155.0,17.0,45.0,381.0,123.0,101.0,29.0,46.0,1364.0,17,031,820902,2,170318209022
33.0,160.0,13.0,125.0,0.0,53.0,2.0,2.0,18.0,170.0,144.0,177.0,153.0,11.0,29.0,63.0,1153.0,17,031,820902,3,170318209023
25.0,56.0,5.0,86.0,10.0,120.0,60.0,47.0,84.0,121.0,30.0,237.0,72.0,21.0,154.0,82.0,1210.0,17,031,820902,4,170318209024
0.0,62.0,3.0,64.0,52.0,59.0,6.0,3.0,59.0,169.0,247.0,286.0,132.0,65.0,80.0,68.0,1355.0,17,031,821001,1,170318210011
76.0,5.0,111.0,20.0,0.0,17.0,34.0,18.0,69.0,85.0,121.0,292.0,115.0,105.0,380.0,67.0,1515.0,17,031,821001,2,170318210012
169.0,17.0,55.0,140.0,1.0,39.0,85.0,124.0,30.0,12.0,205.0,202.0,77.0,7.0,81.0,59.0,1303.0,17,031,821001,3,170318210013
56.0,23.0,24.0,45.0,61.0,35.0,58.0,13.0,25.0,12.0,99.0,324.0,122.0,27.0,65.0,45.0,1034.0,17,031,821001,4,170318210014
53.0,63.0,103.0,96.0,125.0,0.0,50.0,9.0,34.0,34.0,115.0,133.0,36.0,107.0,22.0,41.0,1021.0,17,031,821002,1,170318210021
5.0,112.0,99.0,2.0,44.0,40.0,48.0,8.0,137.0,19.0,51.0,232.0,62.0,79.0,55.0,167.0,1160.0,17,031,821002,2,170318210022
7.0,16.0,9.0,44.0,9.0,20.0,18.0,62.0,1.0,41.0,140.0,43.0,114.0,16.0,37.0,72.0,649.0,17,031,821002,3,170318210023
23.0,59.0,3.0,24.0,56.0,38.0,2.0,21.0,12.0,108.0,169.0,90.0,277.0,62.0,67.0,63.0,1074.0,17,031,821002,4,170318210024
6.0,47.0,256.0,23.0,47.0,53.0,9.0,98.0,8.0,196.0,124.0,374.0,156.0,118.0,39.0,40.0,1594.0,17,031,821002,5,170318210025
5.0,0.0,6.0,16.0,169.0,70.0,91.0,1.0,59.0,6.0,134.0,272.0,222.0,2.0,58.0,79.0,1190.0,17,031,821101,1,170318211011
6.0,3.0,37.0,0.0,13.0,39.0,5.0,5.0,6.0,99.0,92.0,140.0,181.0,30.0,64.0,83.0,803.0,17,031,821101,2,170318211012
28.0,6.0,3.0,3.0,30.0,69.0,0.0,123.0,58.0,41.0,11.0,140.0,153.0,41.0,113.0,85.0,904.0,17,031,821101,3,170318211013
123.0,15.0,3.0,3.0,60.0,76.0,15.0,151.0,32.0,9.0,222.0,272.0,365.0,166.0,37.0,31.0,1580.0,17,031,821101,4,170318211014
165.0,44.0,1.0,138.0,27.0,93.0,26.0,0.0,29.0,78.0,81.0,204.0,155.0,71.0,66.0,54.0,1232.0,17,031,821102,1,170318211021
4.0,10.0,35.0,3.0,81.0,126.0,240.0,118.0,49.0,41.0,144.0,26.0,162.0,61.0,28.0,55.0,1183.0,17,031,821102,2,170318211022
12.0,20.0,7.0,60.0,119.0,26.0,17.0,22.0,3.0,5.0,208.0,271.0,33.0,150.0,105.0,127.0,1185.0,17,031,821102,3,170318211023
52.0,39.0,4.0,63.0,3.0,5.0,5.0,0.0,11.0,35.0,50.0,135.0,39.0,53.0,12.0,57.0,563.0,17,031,821102,4,170318211024
79.0,175.0,29.0,99.0,39.0,95.0,3.0,6.0,29.0,162.0,89.0,132.0,65.0,10.0,29.0,109.0,1150.0,17,031,821200,1,170318212001
122.0,96.0,235.0,83.0,89.0,82.0,186.0,26.0,124.0,92.0,10.0,29.0,30.0,16.0,22.0,52.0,1294.0,17,031,821200,2,170318212002
63.0,436.0,128.0,121.0,116.0,96.0,80.0,212.0,6.0,175.0,84.0,154.0,284.0,124.0,31.0,143.0,2253.0,17,031,821200,3,170318212003
127.0,42.0,60.0,37.0,165.0,19.0,4.0,36.0,74.0,310.0,52.0,279.0,111.0,17.0,35.0,47.0,1415.0,17,031,821200,4,170318212004
149.0,3.0,3.0,10.0,125.0,90.0,49.0,2.0,11.0,48.0,9.0,63.0,2.0,21.0,27.0,39.0,651.0,17,031,821300,1,170318213001
110.0,277.0,259.0,249.0,114.0,51.0,191.0,187.0,53.0,247.0,283.0,286.0,107.0,53.0,26.0,46.0,2539.0,17,031,821300,2,170318213002
93.0,11.0,35.0,16.0,6.0,7.0,45.0,45.0,2.0,51.0,113.0,6.0,7.0,25.0,32.0,49.0,543.0,17,031,821300,3,170318213003
161.0,87.0,69.0,130.0,42.0,26.0,80.0,52.0,4.0,222.0,295.0,246.0,70.0,46.0,124.0,71.0,1725.0,17,031,821300,4,170318213004
163.0,1.0,26.0,17.0,46.0,20.0,48.0,12.0,11.0,61.0,73.0,129.0,64.0,13.0,62.0,50.0,796.0,17,031,821401,1,170318214011
0.0,12.0,30.0,1.0,74.0,13.0,7.0,3.0,7.0,6.0,103.0,37.0,76.0,12.0,23.0,46.0,450.0,17,031,821401,2,170318214012
2.0,21.0,29.0,47.0,26.0,108.0,1.0,34.0,10.0,81.0,43.0,154.0,62.0,4.0,104.0,64.0,790.0,17,031,821401,3,170318214013
62.0,0.0,67.0,46.0,264.0,64.0,289.0,28.0,132.0,30.0,68.0,110.0,53.0,7.0,82.0,42.0,1344.0,17,031,821401,4,170318214014
99.0,10.0,80.0,25.0,87.0,7.0,100.0,211.0,15.0,268.0,118.0,65.0,104.0,92.0,37.0,112.0,1430.0,17,031,821402,1,170318214021
1.0,3.0,60.0,50.0,0.0,268.0,0.0,21.0,178.0,326.0,183.0,233.0,143.0,24.0,58.0,61.0,1609.0,17,031,821402,2,170318214022
92.0,11.0,12.0,19.0,13.0,0.0,2.0,5.0,71.0,74.0,70.0,51.0,64.0,46.0,48.0,62.0,640.0,17,031,821402,3,170318214023
214.0,94.0,182.0,184.0,112.0,139.0,53.0,106.0,130.0,134.0,220.0,226.0,77.0,16.0,52.0,58.0,1997.0,17,031,821500,1,170318215001
41.0,1.0,2.0,56.0,1.0,17.0,1.0,6.0,1.0,1.0,330.0,394.0,250.0,5.0,37.0,53.0,1196.0,17,031,821600,1,170318216001
82.0,1.0,9.0,11.0,47.0,10.0,52.0,7.0,13.0,63.0,100.0,81.0,127.0,53.0,154.0,57.0,867.0,17,031,821600,2,170318216002
42.0,41.0,26.0,8.0,6.0,4.0,40.0,32.0,4.0,57.0,6.0,7.0,119.0,79.0,65.0,178.0,714.0,17,031,821600,3,170318216003
95.0,59.0,96.0,11.0,58.0,2.0,0.0,6.0,15.0,127.0,130.0,184.0,140.0,187.0,156.0,57.0,1323.0,17,031,821600,4,170318216004
31.0,16.0,38.0,0.0,16.0,4.0,16.0,0.0,14.0,5.0,30.0,101.0,7.0,7.0,33.0,47.0,365.0,17,031,821600,5,170318216005
129.0,37.0,3.0,2.0,3.0,5.0,6.0,4.0,2.0,9.0,1.0,108.0,95.0,88.0,54.0,55.0,601.0,17,031,821700,1,170318217001
171.0,130.0,42.0,0.0,72.0,1.0,99.0,126.0,41.0,146.0,73.0,181.0,169.0,39.0,88.0,119.0,1497.0,17,031,821700,2,170318217002
2.0,27.0,94.0,8.0,5.0,51.0,1.0,6.0,28.0,73.0,115.0,213.0,165.0,116.0,97.0,67.0,1068.0,17,031,821700,3,170318217003
5.0,13.0,0.0,86.0,0.0,1.0,4.0,9.0,52.0,12.0,167.0,97.0,104.0,147.0,159.0,210.0,1066.0,17,031,821700,4,170318217004
7.0,27.0,7.0,176.0,48.0,0.0,6.0,9.0,24.0,3.0,91.0,34.0,44.0,38.0,36.0,57.0,607.0,17,031,821700,5,170318217005
100.0,11.0,7.0,0.0,6.0,33.0,25.0,2.0,113.0,29.0,17.0,162.0,115.0,83.0,181.0,72.0,956.0,17,031,821800,1,170318218001
3.0,1.0,54.0,56.0,0.0,1.0,77.0,175.0,16.0,9.0,51.0,151.0,96.0,40.0,38.0,47.0,815.0,17,031,821800,2,170318218002
0.0,1.0,25.0,1.0,0.0,0.0,0.0,2.0,0.0,78.0,60.0,129.0,81.0,49.0,54.0,126.0,606.0,17,031,821800,3,170318218003
44.0,111.0,68.0,14.0,37.0,23.0,17.0,44.0,1.0,98.0,84.0,48.0,191.0,57.0,49.0,77.0,963.0,17,031,821800,4,170318218004
17.0,1.0,5.0,0.0,17.0,2.0,6.0,17.0,27.0,117.0,38.0,341.0,9.0,274.0,284.0,94.0,1249.0,17,031,821800,5,170318218005
0.0,2.0,15.0,0.0,17.0,69.0,18.0,0.0,66.0,29.0,4.0,135.0,61.0,275.0,112.0,107.0,910.0,17,031,821800,6,170318218006
3.0,14.0,29.0,19.0,240.0,146.0,6.0,14.0,28.0,66.0,119.0,71.0,216.0,38.0,25.0,80.0,1114.0,17,031,821900,1,170318219001
11.0,19.0,3.0,18.0,0.0,36.0,62.0,25.0,2.0,33.0,171.0,174.0,103.0,74.0,56.0,36.0,823.0,17,031,821900,2,170318219002
11.0,13.0,49.0,19.0,105.0,45.0,3.0,141.0,9.0,83.0,135.0,240.0,214.0,86.0,44.0,84.0,1281.0,17,031,821900,3,170318219003
0.0,3.0,40.0,15.0,90.0,3.0,5.0,47.0,38.0,3.0,6.0,52.0,64.0,64.0,123.0,119.0,672.0,17,031,821900,4,170318219004
12.0,111.0,43.0,8.0,17.0,47.0,21.0,75.0,2.0,95.0,89.0,56.0,164.0,62.0,41.0,62.0,905.0,17,031,821900,5,170318219005
5.0,86.0,12.0,43.0,2.0,89.0,5.0,13.0,35.0,57.0,49.0,339.0,42.0,18.0,41.0,56.0,892.0,17,031,822000,1,170318220001
2.0,0.0,76.0,2.0,42.0,83.0,50.0,6.0,1.0,51.0,90.0,9.0,21.0,22.0,24.0,50.0,529.0,17,031,822000,2,170318220002
110.0,82.0,92.0,35.0,48.0,79.0,27.0,11.0,2.0,121.0,39.0,236.0,45.0,75.0,34.0,41.0,1077.0,17,031,822000,3,170318220003
78.0,28.0,26.0,94.0,31.0,23.0,32.0,9.0,47.0,25.0,131.0,57.0,64.0,18.0,41.0,42.0,746.0,17,031,822000,4,170318220004
14.0,1.0,35.0,34.0,5.0,2.0,9.0,152.0,81.0,129.0,170.0,223.0,93.0,20.0,26.0,35.0,1029.0,17,031,822000,5,170318220005
55.0,2.0,22.0,129.0,138.0,89.0,34.0,123.0,21.0,162.0,96.0,86.0,82.0,135.0,73.0,48.0,1295.0,17,031,822101,1,170318221011
28.0,58.0,0.0,0.0,61.0,95.0,3.0,41.0,1.0,199.0,88.0,301.0,123.0,46.0,53.0,124.0,1221.0,17,031,822101,2,170318221012
28.0,71.0,5.0,80.0,12.0,15.0,7.0,31.0,39.0,19.0,21.0,274.0,55.0,6.0,94.0,32.0,789.0,17,031,822101,3,170318221013
3.0,11.0,2.0,6.0,32.0,9.0,47.0,52.0,12.0,13.0,303.0,244.0,94.0,131.0,133.0,38.0,1130.0,17,031,822101,4,170318221014
21.0,7.0,30.0,76.0,214.0,74.0,5.0,35.0,11.0,3.0,7.0,354.0,214.0,94.0,33.0,167.0,1345.0,17,031,822102,1,170318221021
9.0,115.0,93.0,20.0,151.0,68.0,20.0,113.0,143.0,97.0,44.0,160.0,69.0,179.0,23.0,54.0,1358.0,17,031,822102,2,170318221022
26.0,32.0,25.0,61.0,3.0,83.0,40.0,87.0,2.0,24.0,70.0,359.0,195.0,19.0,94.0,159.0,1279.0,17,031,822102,3,170318221023
2.0,6.0,27.0,33.0,15.0,216.0,141.0,0.0,0.0,4.0,41.0,37.0,10.0,18.0,21.0,41.0,612.0,17,031,822102,4,170318221024
1.0,121.0,1.0,149.0,94.0,125.0,10.0,81.0,118.0,162.0,270.0,433.0,371.0,128.0,42.0,84.0,2190.0,17,031,822200,1,170318222001
6.0,2.0,1.0,11.0,0.0,75.0,19.0,86.0,6.0,48.0,117.0,288.0,153.0,3.0,118.0,45.0,978.0,17,031,822200,2,170318222002
12.0,6.0,0.0,51.0,2.0,46.0,6.0,24.0,0.0,38.0,127.0,29.0,41.0,46.0,107.0,77.0,612.0,17,031,822200,3,170318222003
38.0,8.0,106.0,0.0,64.0,5.0,4.0,68.0,3.0,152.0,142.0,74.0,206.0,88.0,34.0,100.0,1092.0,17,031,822301,1,170318223011
11.0,12.0,1.0,27.0,115.0,4.0,66.0,27.0,53.0,72.0,183.0,30.0,67.0,39.0,33.0,45.0,785.0,17,031,822301,2,170318223012
5.0,2.0,3.0,13.0,3.0,10.0,44.0,13.0,3.0,179.0,224.0,52.0,108.0,5.0,46.0,53.0,763.0,17,031,822301,3,170318223013
80.0,3.0,19.0,51.0,83.0,27.0,9.0,56.0,4.0,120.0,252.0,267.0,196.0,182.0,92.0,48.0,1489.0,17,031,822301,4,170318223014
31.0,120.0,106.0,24.0,54.0,38.0,37.0,5.0,40.0,19.0,167.0,113.0,125.0,91.0,235.0,62.0,1267.0,17,031,822302,1,170318223021
24.0,48.0,19.0,52.0,0.0,10.0,85.0,45.0,10.0,45.0,43.0,136.0,49.0,106.0,122.0,45.0,839.0,17,031,822302,2,170318223022
78.0,2.0,1.0,55.0,136.0,10.0,1.0,121.0,68.0,15.0,173.0,197.0,166.0,52.0,22.0,60.0,1157.0,17,031,822302,3,170318223023
150.0,1.0,5.0,3.0,3.0,56.0,9.0,4.0,38.0,47.0,133.0,247.0,87.0,21.0,53.0,76.0,933.0,17,031,822302,4,170318223024
14.0,26.0,101.0,34.0,71.0,10.0,2.0,9.0,113.0,155.0,74.0,89.0,134.0,282.0,26.0,165.0,1305.0,17,031,822400,1,170318224001
178.0,222.0,359.0,75.0,251.0,56.0,31.0,63.0,2.0,108.0,94.0,103.0,230.0,132.0,198.0,47.0,2149.0,17,031,822400,2,170318224002
460.0,76.0,327.0,144.0,245.0,31.0,163.0,120.0,4.0,272.0,188.0,87.0,153.0,135.0,120.0,72.0,2597.0,17,031,822400,3,170318224003
9.0,4.0,3.0,8.0,0.0,1.0,4.0,6.0,51.0,198.0,13.0,19.0,46.0,120.0,29.0,44.0,555.0,17,031,822400,4,170318224004
0.0,2.0,57.0,1.0,7.0,23.0,0.0,107.0,33.0,118.0,184.0,0.0,127.0,203.0,130.0,49.0,1041.0,17,031,822500,1,170318225001
1.0,11.0,33.0,0.0,9.0,1.0,5.0,1.0,8.0,189.0,37.0,200.0,62.0,51.0,97.0,148.0,853.0,17,031,822500,2,170318225002
7.0,15.0,11.0,37.0,44.0,2.0,130.0,8.0,19.0,162.0,146.0,229.0,43.0,54.0,87.0,129.0,1123.0,17,031,822500,3,170318225003
43.0,1.0,19.0,5.0,68.0,23.0,37.0,80.0,8.0,112.0,141.0,173.0,203.0,92.0,131.0,125.0,1261.0,17,031,822500,4,170318225004
50.0,0.0,0.0,163.0,91.0,132.0,88.0,21.0,17.0,143.0,185.0,148.0,258.0,211.0,219.0,181.0,1907.0,17,031,822601,1,170318226011
14.0,47.0,5.0,174.0,98.0,73.0,118.0,60.0,85.0,161.0,245.0,118.0,200.0,149.0,163.0,83.0,1793.0,17,031,822601,2,170318226012
0.0,3.0,85.0,123.0,0.0,27.0,3.0,0.0,13.0,39.0,48.0,115.0,122.0,23.0,78.0,100.0,779.0,17,031,822601,3,170318226013
2.0,16.0,56.0,25.0,52.0,2.0,0.0,29.0,30.0,25.0,130.0,148.0,266.0,268.0,166.0,148.0,1363.0,17,031,822602,1,170318226021
11.0,42.0,162.0,32.0,35.0,112.0,68.0,170.0,10.0,150.0,427.0,560.0,155.0,391.0,351.0,310.0,2986.0,17,031,822602,2,170318226022
209.0,232.0,427.0,1.0,87.0,208.0,162.0,244.0,146.0,370.0,176.0,256.0,89.0,119.0,36.0,91.0,2853.0,17,031,822602,3,170318226023
121.0,132.0,192.0,104.0,40.0,177.0,11.0,40.0,6.0,77.0,180.0,120.0,8.0,37.0,17.0,47.0,1309.0,17,031,822701,1,170318227011
83.0,1.0,2.0,3.0,44.0,4.0,19.0,132.0,9.0,36.0,20.0,228.0,94.0,195.0,116.0,52.0,1038.0,17,031,822701,2,170318227012
1.0,3.0,2.0,0.0,171.0,1.0,45.0,2.0,19.0,43.0,5.0,34.0,172.0,77.0,67.0,40.0,682.0,17,031,822701,3,170318227013
60.0,81.0,17.0,102.0,1.0,17.0,250.0,155.0,55.0,66.0,3.0,101.0,68.0,41.0,24.0,46.0,1087.0,17,031,822701,4,170318227014
195.0,69.0,99.0,104.0,227.0,60.0,38.0,166.0,17.0,3.0,149.0,150.0,195.0,80.0,173.0,73.0,1798.0,17,031,822702,1,170318227021
7.0,76.0,8.0,37.0,15.0,5.0,0.0,17.0,8.0,29.0,49.0,205.0,31.0,99.0,113.0,36.0,735.0,17,031,822702,2,170318227022
5.0,62.0,119.0,26.0,10.0,5.0,0.0,78.0,10.0,7.0,29.0,32.0,22.0,27.0,49.0,50.0,531.0,17,031,822702,3,170318227023
34.0,46.0,46.0,87.0,93.0,119.0,198.0,192.0,140.0,129.0,247.0,200.0,94.0,167.0,83.0,54.0,1929.0,17,031,822801,1,170318228011
0.0,21.0,40.0,97.0,4.0,23.0,22.0,47.0,162.0,117.0,123.0,130.0,208.0,198.0,115.0,148.0,1455.0,17,031,822801,2,170318228012
21.0,34.0,23.0,110.0,24.0,65.0,105.0,13.0,112.0,219.0,83.0,286.0,106.0,119.0,111.0,107.0,1538.0,17,031,822802,1,170318228021
11.0,10.0,52.0,78.0,3.0,26.0,15.0,38.0,2.0,81.0,39.0,178.0,145.0,9.0,82.0,89.0,858.0,17,031,822802,2,170318228022
15.0,3.0,5.0,0.0,83.0,21.0,0.0,94.0,119.0,54.0,29.0,142.0,179.0,106.0,92.0,163.0,1105.0,17,031,822802,3,170318228023
116.0,23.0,173.0,93.0,68.0,77.0,4.0,127.0,52.0,156.0,306.0,394.0,151.0,71.0,52.0,75.0,1938.0,17,031,822900,1,170318229001
145.0,126.0,82.0,13.0,2.0,99.0,56.0,47.0,81.0,178.0,113.0,109.0,57.0,28.0,25.0,49.0,1210.0,17,031,823001,1,170318230011
60.0,0.0,122.0,4.0,85.0,149.0,128.0,48.0,79.0,66.0,80.0,77.0,14.0,9.0,30.0,45.0,996.0,17,031,823001,2,170318230012
6.0,51.0,21.0,18.0,65.0,13.0,0.0,15.0,29.0,221.0,28.0,272.0,234.0,28.0,24.0,50.0,1075.0,17,031,823001,3,170318230013
48.0,152.0,22.0,47.0,0.0,32.0,218.0,2.0,53.0,8.0,76.0,121.0,107.0,137.0,65.0,67.0,1155.0,17,031,823001,4,170318230014
147.0,52.0,136.0,53.0,32.0,25.0,95.0,6.0,16.0,105.0,1.0,100.0,159.0,117.0,33.0,16.0,1093.0,17,031,823001,5,170318230015
23.0,38.0,23.0,15.0,5.0,0.0,21.0,5.0,231.0,179.0,205.0,218.0,119.0,16.0,25.0,107.0,1230.0,17,031,823002,1,170318230021
152.0,0.0,1.0,4.0,63.0,1.0,0.0,92.0,6.0,104.0,174.0,223.0,16.0,9.0,150.0,105.0,1100.0,17,031,823002,2,170318230022
71.0,80.0,22.0,332.0,89.0,42.0,39.0,348.0,387.0,75.0,231.0,2.0,228.0,9.0,19.0,46.0,2020.0,17,031,823002,3,170318230023
1.0,2.0,83.0,54.0,70.0,101.0,0.0,6.0,216.0,80.0,166.0,251.0,336.0,99.0,123.0,50.0,1638.0,17,031,823002,4,170318230024
116.0,1.0,106.0,5.0,1.0,7.0,45.0,125.0,88.0,41.0,26.0,64.0,67.0,82.0,63.0,78.0,915.0,17,031,823101,1,170318231011
72.0,1.0,15.0,25.0,17.0,17.0,58.0,14.0,91.0,56.0,129.0,136.0,70.0,60.0,49.0,42.0,852.0,17,031,823101,2,170318231012
3.0,3.0,62.0,77.0,14.0,1.0,18.0,30.0,0.0,14.0,29.0,91.0,53.0,85.0,25.0,48.0,553.0,17,031,823101,3,170318231013
11.0,2.0,39.0,159.0,65.0,7.0,80.0,46.0,3.0,16.0,5.0,156.0,86.0,44.0,64.0,71.0,854.0,17,031,823101,4,170318231014
8.0,0.0,2.0,39.0,14.0,154.0,4.0,2.0,145.0,39.0,66.0,279.0,233.0,69.0,124.0,61.0,1239.0,17,031,823101,5,170318231015
78.0,140.0,183.0,224.0,11.0,108.0,167.0,61.0,36.0,107.0,272.0,239.0,131.0,91.0,152.0,93.0,2093.0,17,031,823102,1,170318231021
7.0,69.0,202.0,33.0,64.0,65.0,27.0,11.0,110.0,198.0,160.0,191.0,192.0,59.0,72.0,64.0,1524.0,17,031,823102,2,170318231022
27.0,14.0,100.0,96.0,22.0,166.0,162.0,64.0,37.0,156.0,187.0,355.0,333.0,130.0,223.0,94.0,2166.0,17,031,823200,1,170318232001
13.0,94.0,24.0,254.0,108.0,44.0,138.0,13.0,122.0,180.0,298.0,350.0,213.0,312.0,157.0,46.0,2366.0,17,031,823200,2,170318232002
229.0,44.0,140.0,0.0,15.0,28.0,54.0,11.0,27.0,153.0,182.0,379.0,241.0,215.0,32.0,46.0,1796.0,17,031,823302,1,170318233021
2.0,25.0,40.0,207.0,0.0,77.0,177.0,164.0,167.0,435.0,262.0,533.0,299.0,165.0,63.0,51.0,2667.0,17,031,823302,2,170318233022
37.0,45.0,148.0,247.0,198.0,211.0,21.0,57.0,51.0,107.0,61.0,154.0,62.0,186.0,51.0,48.0,1684.0,17,031,823302,3,170318233023
124.0,9.0,2.0,61.0,4.0,121.0,2.0,53.0,47.0,44.0,211.0,32.0,20.0,47.0,27.0,53.0,857.0,17,031,823303,1,170318233031
175.0,1.0,7.0,80.0,45.0,227.0,0.0,5.0,16.0,45.0,36.0,177.0,174.0,111.0,169.0,59.0,1327.0,17,031,823303,2,170318233032
52.0,2.0,7.0,144.0,10.0,31.0,92.0,5.0,3.0,62.0,0.0,6.0,117.0,31.0,32.0,44.0,638.0,17,031,823303,3,170318233033
1.0,9.0,3.0,69.0,5.0,120.0,50.0,1.0,71.0,36.0,176.0,195.0,131.0,74.0,20.0,51.0,1012.0,17,031,823303,4,170318233034
97.0,43.0,25.0,116.0,19.0,9.0,6.0,13.0,9.0,35.0,124.0,104.0,59.0,48.0,51.0,56.0,814.0,17,031,823303,5,170318233035
2.0,48.0,52.0,70.0,65.0,6.0,37.0,26.0,2.0,109.0,50.0,32.0,26.0,44.0,66.0,57.0,692.0,17,031,823304,1,170318233041
24.0,0.0,11.0,2.0,25.0,39.0,34.0,3.0,41.0,104.0,62.0,155.0,75.0,54.0,72.0,54.0,755.0,17,031,823304,2,170318233042
55.0,47.0,62.0,79.0,29.0,46.0,11.0,34.0,45.0,41.0,0.0,35.0,11.0,10.0,38.0,46.0,589.0,17,031,823304,3,170318233043
2.0,61.0,51.0,17.0,106.0,27.0,149.0,326.0,30.0,69.0,181.0,114.0,136.0,26.0,27.0,71.0,1393.0,17,031,823304,4,170318233044
0.0,1.0,25.0,127.0,306.0,10.0,130.0,5.0,1.0,290.0,13.0,115.0,101.0,61.0,31.0,47.0,1263.0,17,031,823304,5,170318233045
77.0,6.0,123.0,46.0,31.0,164.0,0.0,69.0,40.0,48.0,190.0,137.0,67.0,87.0,177.0,63.0,1325.0,17,031,823304,6,170318233046
224.0,1.0,16.0,2.0,84.0,0.0,1.0,42.0,8.0,0.0,472.0,174.0,123.0,13.0,31.0,35.0,1226.0,17,031,823400,1,170318234001
86.0,86.0,127.0,20.0,110.0,134.0,96.0,43.0,126.0,107.0,33.0,68.0,63.0,46.0,77.0,63.0,1285.0,17,031,823400,2,170318234002
0.0,1.0,113.0,242.0,114.0,24.0,2.0,19.0,1.0,0.0,68.0,65.0,15.0,64.0,33.0,39.0,800.0,17,031,823400,3,170318234003
73.0,94.0,26.0,182.0,63.0,110.0,3.0,18.0,81.0,223.0,121.0,132.0,207.0,105.0,131.0,179.0,1748.0,17,031,823400,4,170318234004
51.0,3.0,129.0,57.0,6.0,1.0,80.0,46.0,12.0,253.0,191.0,161.0,90.0,90.0,74.0,59.0,1303.0,17,031,823500,1,170318235001
83.0,131.0,40.0,58.0,138.0,119.0,96.0,46.0,204.0,42.0,146.0,197.0,45.0,19.0,64.0,63.0,1491.0,17,031,823500,2,170318235002
1.0,83.0,8.0,18.0,52.0,17.0,224.0,174.0,3.0,86.0,171.0,237.0,137.0,92.0,29.0,78.0,1410.0,17,031,823500,3,170318235003
24.0,20.0,2.0,3.0,6.0,0.0,50.0,6.0,1.0,67.0,73.0,40.0,94.0,35.0,48.0,123.0,592.0,17,031,823500,4,170318235004
76.0,3.0,127.0,156.0,10.0,118.0,96.0,162.0,9.0,79.0,54.0,204.0,113.0,48.0,74.0,38.0,1367.0,17,031,823602,1,170318236021
2.0,37.0,6.0,135.0,19.0,34.0,2.0,1.0,28.0,199.0,300.0,121.0,33.0,171.0,96.0,60.0,1244.0,17,031,823602,2,170318236022
2.0,70.0,142.0,110.0,17.0,100.0,2.0,75.0,40.0,272.0,247.0,391.0,128.0,114.0,63.0,77.0,1850.0,17,031,823602,3,170318236023
0.0,56.0,2.0,35.0,105.0,76.0,88.0,6.0,47.0,57.0,121.0,214.0,80.0,151.0,103.0,164.0,1305.0,17,031,823602,4,170318236024
180.0,62.0,204.0,71.0,75.0,183.0,54.0,37.0,11.0,47.0,123.0,61.0,22.0,28.0,28.0,119.0,1305.0,17,031,823603,1,170318236031
173.0,3.0,2.0,38.0,15.0,6.0,28.0,202.0,9.0,149.0,86.0,76.0,44.0,71.0,28.0,55.0,985.0,17,031,823603,2,170318236032
2.0,18.0,8.0,13.0,30.0,53.0,6.0,14.0,38.0,43.0,39.0,129.0,53.0,16.0,169.0,123.0,754.0,17,031,823604,1,170318236041
2.0,9.0,9.0,15.0,74.0,94.0,2.0,94.0,24.0,64.0,62.0,186.0,191.0,17.0,67.0,73.0,983.0,17,031,823604,2,170318236042
38.0,23.0,58.0,0.0,10.0,45.0,36.0,23.0,74.0,171.0,152.0,306.0,158.0,229.0,154.0,379.0,1856.0,17,031,823604,3,170318236043
4.0,28.0,7.0,12.0,3.0,47.0,35.0,0.0,2.0,181.0,195.0,140.0,296.0,276.0,225.0,311.0,1762.0,17,031,823605,1,170318236051
3.0,3.0,57.0,62.0,42.0,115.0,0.0,74.0,38.0,73.0,45.0,167.0,139.0,141.0,109.0,62.0,1130.0,17,031,823605,2,170318236052
123.0,60.0,17.0,115.0,2.0,13.0,5.0,4.0,8.0,90.0,109.0,146.0,71.0,14.0,67.0,60.0,904.0,17,031,823605,3,170318236053
3.0,95.0,71.0,15.0,91.0,205.0,208.0,120.0,3.0,330.0,80.0,2.0,227.0,36.0,53.0,70.0,1609.0,17,031,823702,1,170318237021
237.0,6.0,68.0,133.0,4.0,88.0,65.0,223.0,138.0,292.0,184.0,469.0,153.0,87.0,84.0,129.0,2360.0,17,031,823702,2,170318237022
17.0,25.0,155.0,177.0,63.0,83.0,102.0,116.0,78.0,59.0,187.0,74.0,215.0,98.0,93.0,114.0,1656.0,17,031,823702,3,170318237023
21.0,0.0,146.0,100.0,29.0,0.0,28.0,4.0,1.0,80.0,193.0,69.0,165.0,71.0,131.0,54.0,1092.0,17,031,823702,4,170318237024
188.0,301.0,4.0,121.0,3.0,93.0,89.0,85.0,3.0,199.0,209.0,329.0,12.0,19.0,31.0,56.0,1742.0,17,031,823703,1,170318237031
6.0,20.0,31.0,43.0,15.0,130.0,5.0,101.0,1.0,156.0,272.0,277.0,241.0,15.0,123.0,46.0,1482.0,17,031,823703,2,170318237032
8.0,55.0,149.0,197.0,70.0,92.0,35.0,51.0,145.0,332.0,635.0,147.0,239.0,4.0,64.0,139.0,2362.0,17,031,823703,3,170318237033
263.0,129.0,129.0,145.0,26.0,193.0,70.0,68.0,82.0,117.0,134.0,271.0,38.0,24.0,39.0,58.0,1786.0,17,031,823703,4,170318237034
4.0,7.0,20.0,6.0,38.0,60.0,15.0,23.0,19.0,36.0,102.0,137.0,173.0,38.0,105.0,142.0,925.0,17,031,823704,1,170318237041
4.0,64.0,0.0,18.0,170.0,8.0,4.0,134.0,109.0,96.0,142.0,326.0,369.0,106.0,287.0,209.0,2046.0,17,031,823704,2,170318237042
87.0,2.0,13.0,1.0,1.0,131.0,45.0,20.0,46.0,102.0,176.0,142.0,144.0,117.0,94.0,71.0,1192.0,17,031,823704,3,170318237043
137.0,126.0,2.0,26.0,2.0,318.0,10.0,15.0,120.0,170.0,254.0,136.0,142.0,86.0,71.0,74.0,1689.0,17,031,823705,1,170318237051
2.0,87.0,1.0,1.0,0.0,5.0,5.0,16.0,159.0,87.0,17.0,116.0,174.0,87.0,36.0,87.0,880.0,17,031,823705,2,170318237052
102.0,145.0,7.0,5.0,47.0,55.0,51.0,19.0,3.0,40.0,31.0,113.0,16.0,21.0,52.0,104.0,811.0,17,031,823705,3,170318237053
26.0,46.0,89.0,59.0,49.0,197.0,48.0,109.0,42.0,112.0,133.0,85.0,206.0,15.0,120.0,60.0,1396.0,17,031,823705,4,170318237054
116.0,104.0,10.0,3.0,19.0,9.0,64.0,9.0,137.0,128.0,49.0,126.0,304.0,306.0,404.0,601.0,2389.0,17,031,823801,1,170318238011
202.0,20.0,177.0,317.0,137.0,102.0,79.0,26.0,18.0,129.0,184.0,68.0,262.0,71.0,83.0,179.0,2054.0,17,031,823801,2,170318238012
21.0,1.0,12.0,4.0,45.0,27.0,5.0,14.0,126.0,16.0,116.0,113.0,100.0,15.0,90.0,152.0,857.0,17,031,823801,3,170318238013
120.0,158.0,40.0,39.0,19.0,46.0,98.0,247.0,38.0,171.0,200.0,431.0,286.0,60.0,198.0,106.0,2257.0,17,031,823803,1,170318238031
0.0,0.0,110.0,58.0,8.0,41.0,41.0,154.0,54.0,105.0,2.0,92.0,134.0,97.0,128.0,53.0,1077.0,17,031,823803,2,170318238032
12.0,79.0,257.0,43.0,55.0,12.0,105.0,28.0,105.0,488.0,91.0,247.0,197.0,92.0,104.0,171.0,2086.0,17,031,823803,3,170318238033
3.0,6.0,31.0,0.0,73.0,10.0,3.0,116.0,158.0,127.0,88.0,216.0,142.0,94.0,214.0,144.0,1425.0,17,031,823803,4,170318238034
52.0,36.0,1.0,120.0,51.0,8.0,34.0,4.0,11.0,95.0,88.0,170.0,159.0,43.0,25.0,51.0,948.0,17,031,823805,1,170318238051
0.0,4.0,38.0,20.0,49.0,2.0,23.0,31.0,32.0,167.0,126.0,108.0,85.0,17.0,80.0,47.0,829.0,17,031,823805,2,170318238052
17.0,32.0,54.0,145.0,6.0,64.0,30.0,53.0,16.0,123.0,112.0,111.0,102.0,59.0,66.0,74.0,1064.0,17,031,823805,3,170318238053
81.0,5.0,81.0,6.0,23.0,2.0,8.0,41.0,72.0,226.0,25.0,375.0,136.0,26.0,27.0,49.0,1183.0,17,031,823806,1,170318238061
22.0,1.0,45.0,43.0,64.0,1.0,1.0,70.0,66.0,49.0,127.0,68.0,51.0,23.0,27.0,53.0,711.0,17,031,823806,2,170318238062
45.0,3.0,11.0,20.0,3.0,8.0,23.0,53.0,18.0,176.0,201.0,30.0,26.0,25.0,14.0,70.0,726.0,17,031,823806,3,170318238063
129.0,63.0,3.0,101.0,14.0,28.0,8.0,23.0,60.0,87.0,108.0,54.0,128.0,6.0,32.0,53.0,897.0,17,031,823806,4,170318238064
2.0,20.0,9.0,25.0,66.0,48.0,102.0,155.0,72.0,60.0,231.0,307.0,371.0,189.0,299.0,399.0,2355.0,17,031,823901,1,170318239011
7.0,14.0,16.0,42.0,44.0,56.0,121.0,87.0,6.0,131.0,148.0,257.0,123.0,47.0,74.0,149.0,1322.0,17,031,823901,2,170318239012
47.0,2.0,22.0,25.0,0.0,7.0,90.0,38.0,3.0,63.0,83.0,56.0,103.0,104.0,93.0,128.0,864.0,17,031,823903,1,170318239031
9.0,7.0,4.0,5.0,1.0,2.0,31.0,6.0,13.0,23.0,204.0,132.0,41.0,114.0,376.0,203.0,1171.0,17,031,823903,2,170318239032
7.0,0.0,0.0,1.0,23.0,4.0,57.0,36.0,9.0,72.0,23.0,59.0,348.0,170.0,256.0,199.0,1264.0,17,031,823903,3,170318239033
6.0,4.0,3.0,0.0,12.0,1.0,99.0,9.0,10.0,182.0,201.0,31.0,80.0,98.0,220.0,380.0,1336.0,17,031,823903,4,170318239034
9.0,1.0,0.0,3.0,7.0,8.0,23.0,2.0,2.0,10.0,106.0,64.0,226.0,104.0,69.0,72.0,706.0,17,031,823904,1,170318239041
0.0,0.0,40.0,3.0,1.0,18.0,41.0,3.0,21.0,0.0,113.0,90.0,141.0,226.0,102.0,45.0,844.0,17,031,823904,2,170318239042
5.0,1.0,0.0,36.0,6.0,38.0,7.0,28.0,2.0,22.0,44.0,4.0,218.0,13.0,137.0,199.0,760.0,17,031,823904,3,170318239043
13.0,0.0,116.0,119.0,118.0,145.0,95.0,114.0,127.0,177.0,206.0,118.0,121.0,141.0,208.0,102.0,1920.0,17,031,823904,4,170318239044
1.0,80.0,2.0,8.0,395.0,140.0,67.0,12.0,74.0,131.0,452.0,524.0,370.0,473.0,310.0,397.0,3436.0,17,031,824003,1,170318240031
3.0,10.0,8.0,22.0,13.0,1.0,100.0,3.0,10.0,68.0,153.0,293.0,124.0,184.0,18.0,63.0,1073.0,17,031,824003,2,170318240032
34.0,3.0,0.0,35.0,41.0,6.0,0.0,8.0,5.0,1.0,3.0,602.0,268.0,166.0,290.0,188.0,1650.0,17,031,824003,3,170318240033
259.0,163.0,18.0,30.0,37.0,42.0,24.0,24.0,46.0,169.0,51.0,56.0,178.0,441.0,228.0,566.0,2332.0,17,031,824004,1,170318240041
10.0,1.0,154.0,188.0,145.0,2.0,9.0,0.0,3.0,17.0,539.0,38.0,171.0,127.0,299.0,224.0,1927.0,17,031,824004,2,170318240042
124.0,8.0,50.0,110.0,277.0,3.0,34.0,1.0,19.0,0.0,27.0,13.0,123.0,27.0,113.0,89.0,1018.0,17,031,824004,3,170318240043
45.0,2.0,16.0,41.0,82.0,65.0,35.0,135.0,27.0,187.0,97.0,251.0,205.0,174.0,252.0,163.0,1777.0,17,031,824005,1,170318240051
19.0,74.0,16.0,34.0,4.0,62.0,50.0,0.0,3.0,199.0,186.0,444.0,184.0,324.0,197.0,189.0,1985.0,17,031,824005,2,170318240052
7.0,23.0,60.0,7.0,3.0,7.0,81.0,146.0,0.0,2.0,91.0,485.0,123.0,316.0,237.0,207.0,1795.0,17,031,824005,3,170318240053
62.0,7.0,147.0,2.0,0.0,45.0,45.0,40.0,7.0,90.0,145.0,222.0,171.0,249.0,125.0,332.0,1689.0,17,031,824006,1,170318240061
2.0,3.0,0.0,0.0,38.0,7.0,54.0,2.0,67.0,431.0,159.0,278.0,437.0,309.0,191.0,486.0,2464.0,17,031,824006,2,170318240062
133.0,96.0,110.0,1.0,3.0,75.0,2.0,32.0,49.0,77.0,344.0,361.0,296.0,245.0,283.0,64.0,2171.0,17,031,824105,1,170318241051
125.0,17.0,94.0,80.0,7.0,43.0,0.0,153.0,4.0,312.0,245.0,662.0,678.0,311.0,287.0,226.0,3244.0,17,031,824105,2,170318241052
1.0,33.0,0.0,1.0,7.0,5.0,55.0,3.0,14.0,4.0,6.0,155.0,325.0,46.0,136.0,220.0,1011.0,17,031,824105,3,170318241053
1.0,5.0,0.0,0.0,225.0,61.0,8.0,13.0,30.0,3.0,122.0,351.0,281.0,223.0,91.0,349.0,1763.0,17,031,824106,1,170318241061
11.0,130.0,164.0,114.0,99.0,54.0,49.0,23.0,94.0,344.0,364.0,264.0,314.0,285.0,169.0,195.0,2673.0,17,031,824106,2,170318241062
1.0,2.0,23.0,90.0,65.0,16.0,217.0,154.0,90.0,93.0,229.0,539.0,369.0,274.0,208.0,367.0,2737.0,17,031,824106,3,170318241063
1.0,1.0,19.0,23.0,21.0,23.0,13.0,26.0,0.0,13.0,16.0,211.0,84.0,37.0,18.0,147.0,653.0,17,031,824107,1,170318241071
5.0,3.0,2.0,1.0,4.0,18.0,30.0,20.0,9.0,29.0,282.0,213.0,260.0,175.0,138.0,146.0,1335.0,17,031,824107,2,170318241072
4.0,158.0,169.0,190.0,32.0,172.0,111.0,47.0,22.0,103.0,113.0,292.0,321.0,139.0,191.0,162.0,2226.0,17,031,824107,3,170318241073
112.0,93.0,1.0,124.0,8.0,129.0,16.0,70.0,63.0,186.0,60.0,428.0,317.0,111.0,245.0,349.0,2312.0,17,031,824107,4,170318241074
204.0,35.0,416.0,86.0,79.0,35.0,249.0,168.0,111.0,54.0,472.0,232.0,157.0,276.0,132.0,35.0,2741.0,17,031,824108,1,170318241081
4.0,39.0,0.0,92.0,55.0,85.0,76.0,43.0,266.0,194.0,71.0,538.0,397.0,336.0,329.0,45.0,2570.0,17,031,824108,2,170318241082
25.0,3.0,2.0,158.0,2.0,93.0,63.0,107.0,4.0,124.0,44.0,393.0,240.0,448.0,365.0,201.0,2272.0,17,031,824108,3,170318241083
27.0,75.0,5.0,2.0,6.0,4.0,37.0,79.0,1.0,49.0,184.0,233.0,182.0,15.0,134.0,204.0,1237.0,17,031,824113,1,170318241131
133.0,0.0,26.0,132.0,5.0,0.0,31.0,69.0,46.0,138.0,68.0,254.0,169.0,172.0,742.0,232.0,2217.0,17,031,824113,2,170318241132
25.0,3.0,143.0,28.0,78.0,91.0,147.0,261.0,164.0,0.0,308.0,520.0,439.0,506.0,549.0,446.0,3708.0,17,031,824113,3,170318241133
34.0,6.0,26.0,18.0,108.0,3.0,50.0,140.0,203.0,308.0,113.0,429.0,290.0,381.0,752.0,802.0,3663.0,17,031,824114,1,170318241141
7.0,2.0,1.0,136.0,20.0,17.0,0.0,139.0,52.0,81.0,179.0,204.0,203.0,62.0,69.0,91.0,1263.0,17,031,824114,2,170318241142
6.0,25.0,41.0,18.0,42.0,97.0,2.0,4.0,50.0,37.0,297.0,229.0,234.0,126.0,58.0,140.0,1406.0,17,031,824115,1,170318241151
1.0,3.0,80.0,93.0,107.0,195.0,48.0,49.0,94.0,107.0,207.0,218.0,233.0,246.0,69.0,138.0,1888.0,17,031,824115,2,170318241152
22.0,3.0,2.0,36.0,4.0,17.0,66.0,76.0,255.0,72.0,3.0,180.0,214.0,111.0,62.0,146.0,1269.0,17,031,824116,1,170318241161
13.0,0.0,11.0,1.0,31.0,8.0,39.0,3.0,1.0,78.0,77.0,30.0,69.0,69.0,85.0,80.0,595.0,17,031,824116,2,170318241162
98.0,0.0,97.0,53.0,96.0,178.0,247.0,133.0,184.0,63.0,79.0,636.0,11.0,31.0,63.0,39.0,2008.0,17,031,824116,3,170318241163
1.0,20.0,96.0,24.0,22.0,40.0,52.0,172.0,51.0,63.0,29.0,39.0,155.0,64.0,49.0,44.0,921.0,17,031,824116,4,170318241164
3.0,6.0,12.0,28.0,9.0,19.0,6.0,4.0,36.0,118.0,321.0,322.0,477.0,56.0,518.0,334.0,2269.0,17,031,824117,1,170318241171
35.0,47.0,4.0,4.0,5.0,32.0,43.0,1.0,0.0,115.0,689.0,654.0,720.0,262.0,887.0,602.0,4100.0,17,031,824117,2,170318241172
0.0,80.0,3.0,68.0,71.0,23.0,71.0,106.0,45.0,17.0,184.0,361.0,387.0,190.0,386.0,256.0,2248.0,17,031,824117,3,170318241173
33.0,33.0,11.0,4.0,21.0,30.0,12.0,120.0,15.0,206.0,139.0,109.0,108.0,53.0,213.0,121.0,1228.0,17,031,824117,4,170318241174
8.0,0.0,0.0,0.0,1.0,79.0,3.0,66.0,8.0,197.0,86.0,188.0,366.0,355.0,671.0,408.0,2436.0,17,031,824119,1,170318241191
162.0,73.0,101.0,145.0,18.0,96.0,36.0,100.0,3.0,628.0,277.0,619.0,508.0,79.0,357.0,389.0,3591.0,17,031,824119,2,170318241192
4.0,157.0,26.0,21.0,67.0,68.0,24.0,92.0,107.0,164.0,130.0,164.0,430.0,72.0,418.0,397.0,2341.0,17,031,824120,1,170318241201
31.0,61.0,22.0,32.0,97.0,4.0,26.0,39.0,25.0,32.0,271.0,240.0,341.0,134.0,291.0,310.0,1956.0,17,031,824120,2,170318241202
0.0,3.0,6.0,127.0,133.0,158.0,105.0,160.0,14.0,68.0,267.0,157.0,131.0,16.0,62.0,251.0,1658.0,17,031,824120,3,170318241203
126.0,18.0,179.0,15.0,198.0,27.0,190.0,62.0,109.0,88.0,236.0,292.0,222.0,137.0,186.0,299.0,2384.0,17,031,824120,4,170318241204
11.0,24.0,3.0,3.0,4.0,27.0,46.0,2.0,27.0,146.0,293.0,336.0,220.0,140.0,118.0,265.0,1665.0,17,031,824121,1,170318241211
25.0,41.0,5.0,3.0,7.0,29.0,37.0,177.0,18.0,138.0,255.0,308.0,330.0,100.0,75.0,49.0,1597.0,17,031,824121,2,170318241212
44.0,11.0,6.0,42.0,13.0,75.0,56.0,36.0,98.0,111.0,223.0,231.0,351.0,106.0,154.0,142.0,1699.0,17,031,824122,1,170318241221
5.0,18.0,0.0,145.0,238.0,182.0,102.0,24.0,4.0,269.0,218.0,444.0,409.0,283.0,301.0,69.0,2711.0,17,031,824122,2,170318241222
111.0,2.0,25.0,1.0,1.0,37.0,3.0,43.0,3.0,39.0,121.0,411.0,211.0,268.0,159.0,206.0,1641.0,17,031,824122,3,170318241223
9.0,1.0,16.0,8.0,136.0,14.0,1.0,3.0,28.0,52.0,214.0,221.0,236.0,120.0,73.0,85.0,1217.0,17,031,824123,1,170318241231
54.0,13.0,9.0,36.0,206.0,238.0,12.0,163.0,133.0,244.0,222.0,465.0,163.0,111.0,355.0,93.0,2517.0,17,031,824123,2,170318241232
41.0,18.0,7.0,33.0,45.0,94.0,173.0,26.0,58.0,255.0,261.0,393.0,133.0,246.0,465.0,114.0,2362.0,17,031,824123,3,170318241233
106.0,21.0,191.0,23.0,73.0,4.0,81.0,5.0,1.0,42.0,192.0,185.0,103.0,64.0,152.0,52.0,1295.0,17,031,824123,4,170318241234
3.0,1.0,6.0,18.0,52.0,6.0,1.0,1.0,27.0,3.0,83.0,312.0,519.0,50.0,27.0,34.0,1143.0,17,031,824123,5,170318241235
112.0,150.0,111.0,37.0,146.0,7.0,1.0,24.0,22.0,26.0,105.0,59.0,1.0,237.0,115.0,152.0,1305.0,17,031,824300,1,170318243001
329.0,326.0,216.0,13.0,65.0,25.0,58.0,29.0,158.0,58.0,17.0,220.0,5.0,22.0,22.0,38.0,1601.0,17,031,824300,2,170318243002
206.0,245.0,135.0,265.0,98.0,1.0,7.0,15.0,23.0,74.0,68.0,139.0,40.0,13.0,31.0,32.0,1392.0,17,031,824300,3,170318243003
191.0,285.0,185.0,148.0,107.0,49.0,30.0,42.0,52.0,93.0,111.0,385.0,67.0,71.0,79.0,95.0,1990.0,17,031,824400,1,170318244001
1.0,1.0,68.0,31.0,5.0,15.0,5.0,13.0,0.0,117.0,84.0,129.0,31.0,35.0,35.0,34.0,604.0,17,031,824503,1,170318245031
199.0,4.0,94.0,0.0,68.0,76.0,74.0,29.0,96.0,202.0,181.0,191.0,133.0,227.0,21.0,63.0,1658.0,17,031,824503,2,170318245032
17.0,0.0,55.0,3.0,9.0,83.0,1.0,49.0,1.0,159.0,110.0,253.0,123.0,61.0,54.0,33.0,1011.0,17,031,824503,3,170318245033
4.0,6.0,84.0,78.0,0.0,3.0,72.0,45.0,2.0,133.0,198.0,67.0,221.0,255.0,198.0,766.0,2132.0,17,031,824503,4,170318245034
48.0,14.0,2.0,58.0,35.0,7.0,87.0,47.0,99.0,32.0,333.0,64.0,101.0,89.0,97.0,70.0,1183.0,17,031,824503,5,170318245035
102.0,212.0,63.0,118.0,247.0,34.0,215.0,287.0,18.0,449.0,270.0,626.0,302.0,188.0,170.0,54.0,3355.0,17,031,824505,1,170318245051
102.0,5.0,2.0,51.0,0.0,7.0,1.0,69.0,6.0,143.0,24.0,204.0,296.0,142.0,254.0,81.0,1387.0,17,031,824505,2,170318245052
3.0,0.0,0.0,39.0,181.0,217.0,1.0,54.0,0.0,156.0,111.0,671.0,198.0,355.0,294.0,111.0,2391.0,17,031,824505,3,170318245053
3.0,38.0,3.0,30.0,30.0,2.0,0.0,1.0,4.0,150.0,4.0,147.0,54.0,6.0,130.0,54.0,656.0,17,031,824506,1,170318245061
2.0,2.0,1.0,9.0,4.0,8.0,1.0,224.0,43.0,224.0,80.0,144.0,70.0,123.0,24.0,45.0,1004.0,17,031,824506,2,170318245062
18.0,4.0,112.0,126.0,20.0,86.0,4.0,76.0,35.0,112.0,85.0,296.0,355.0,102.0,244.0,83.0,1758.0,17,031,824506,3,170318245063
41.0,9.0,130.0,62.0,31.0,258.0,17.0,58.0,13.0,73.0,133.0,250.0,324.0,143.0,156.0,85.0,1783.0,17,031,824506,4,170318245064
14.0,34.0,3.0,20.0,2.0,2.0,6.0,18.0,156.0,31.0,343.0,440.0,656.0,594.0,155.0,189.0,2663.0,17,031,824506,5,170318245065
159.0,245.0,182.0,72.0,67.0,89.0,64.0,105.0,62.0,143.0,134.0,110.0,132.0,207.0,158.0,78.0,2007.0,17,031,824507,1,170318245071
74.0,0.0,50.0,6.0,11.0,152.0,87.0,9.0,163.0,81.0,171.0,443.0,366.0,524.0,148.0,122.0,2407.0,17,031,824507,2,170318245072
1.0,5.0,5.0,82.0,3.0,27.0,7.0,7.0,4.0,23.0,275.0,257.0,38.0,224.0,30.0,50.0,1038.0,17,031,824601,1,170318246011
13.0,6.0,14.0,11.0,11.0,4.0,79.0,40.0,13.0,115.0,162.0,131.0,53.0,77.0,103.0,123.0,955.0,17,031,824601,2,170318246012
14.0,26.0,2.0,5.0,5.0,7.0,26.0,21.0,17.0,55.0,203.0,178.0,207.0,83.0,57.0,65.0,971.0,17,031,824601,3,170318246013
138.0,0.0,87.0,7.0,196.0,0.0,98.0,131.0,29.0,133.0,141.0,344.0,270.0,90.0,142.0,53.0,1859.0,17,031,824601,4,170318246014
3.0,25.0,1.0,4.0,72.0,29.0,91.0,36.0,189.0,35.0,0.0,198.0,189.0,353.0,266.0,110.0,1601.0,17,031,824602,1,170318246021
234.0,20.0,0.0,64.0,104.0,116.0,65.0,4.0,111.0,153.0,105.0,204.0,196.0,108.0,189.0,98.0,1771.0,17,031,824602,2,170318246022
115.0,13.0,44.0,83.0,62.0,64.0,2.0,34.0,20.0,516.0,373.0,150.0,146.0,101.0,129.0,124.0,1976.0,17,031,824602,3,170318246023
0.0,0.0,53.0,28.0,0.0,52.0,1.0,2.0,33.0,111.0,24.0,177.0,156.0,24.0,24.0,67.0,752.0,17,031,824602,4,170318246024
37.0,72.0,13.0,10.0,53.0,1.0,4.0,7.0,0.0,165.0,52.0,47.0,101.0,50.0,18.0,83.0,713.0,17,031,824602,5,170318246025
37.0,10.0,42.0,36.0,78.0,174.0,150.0,118.0,30.0,132.0,115.0,506.0,159.0,19.0,80.0,45.0,1731.0,17,031,824701,1,170318247011
14.0,13.0,2.0,2.0,112.0,4.0,0.0,95.0,121.0,20.0,73.0,181.0,248.0,126.0,139.0,55.0,1205.0,17,031,824701,2,170318247012
199.0,1.0,4.0,144.0,11.0,2.0,110.0,1.0,114.0,9.0,157.0,77.0,19.0,31.0,26.0,77.0,982.0,17,031,824701,3,170318247013
139.0,5.0,43.0,39.0,10.0,18.0,110.0,108.0,9.0,45.0,134.0,132.0,168.0,0.0,118.0,66.0,1144.0,17,031,824702,1,170318247021
127.0,137.0,52.0,84.0,30.0,124.0,14.0,57.0,227.0,60.0,171.0,608.0,2.0,92.0,34.0,94.0,1913.0,17,031,824702,2,170318247022
13.0,74.0,125.0,11.0,20.0,128.0,188.0,175.0,60.0,146.0,319.0,578.0,339.0,119.0,64.0,58.0,2417.0,17,031,824702,3,170318247023
111.0,39.0,265.0,221.0,6.0,321.0,115.0,48.0,4.0,234.0,291.0,190.0,56.0,86.0,155.0,36.0,2178.0,17,031,824800,1,170318248001
235.0,85.0,16.0,147.0,264.0,4.0,4.0,78.0,30.0,720.0,210.0,66.0,134.0,84.0,16.0,45.0,2138.0,17,031,824800,2,170318248002
416.0,5.0,119.0,274.0,22.0,3.0,492.0,54.0,2.0,255.0,103.0,1.0,14.0,62.0,21.0,59.0,1902.0,17,031,824800,3,170318248003
132.0,2.0,71.0,3.0,170.0,193.0,182.0,175.0,72.0,60.0,38.0,235.0,41.0,13.0,28.0,53.0,1468.0,17,031,824800,4,170318248004
88.0,76.0,126.0,22.0,30.0,45.0,122.0,62.0,12.0,40.0,224.0,144.0,161.0,16.0,22.0,53.0,1243.0,17,031,824900,1,170318249001
450.0,96.0,30.0,33.0,177.0,127.0,8.0,18.0,92.0,35.0,171.0,155.0,194.0,85.0,49.0,41.0,1761.0,17,031,824900,2,170318249002
257.0,51.0,168.0,135.0,31.0,61.0,14.0,16.0,174.0,57.0,102.0,355.0,256.0,116.0,129.0,134.0,2056.0,17,031,825000,1,170318250001
157.0,41.0,76.0,1.0,56.0,11.0,0.0,38.0,9.0,43.0,136.0,53.0,68.0,14.0,33.0,105.0,841.0,17,031,825000,2,170318250002
1.0,2.0,11.0,11.0,99.0,173.0,161.0,19.0,17.0,130.0,188.0,424.0,281.0,60.0,197.0,95.0,1869.0,17,031,825000,3,170318250003
79.0,0.0,2.0,41.0,1.0,3.0,0.0,4.0,28.0,40.0,43.0,74.0,115.0,39.0,27.0,78.0,574.0,17,031,825200,1,170318252001
0.0,40.0,41.0,22.0,5.0,4.0,79.0,92.0,39.0,104.0,38.0,155.0,315.0,115.0,116.0,65.0,1230.0,17,031,825200,2,170318252002
11.0,1.0,17.0,121.0,14.0,2.0,20.0,37.0,150.0,170.0,314.0,224.0,212.0,62.0,355.0,105.0,1815.0,17,031,825302,1,170318253021
3.0,121.0,114.0,18.0,6.0,110.0,27.0,234.0,94.0,240.0,24.0,151.0,152.0,164.0,118.0,45.0,1621.0,17,031,825302,2,170318253022
32.0,95.0,24.0,2.0,28.0,101.0,207.0,79.0,38.0,137.0,263.0,252.0,322.0,326.0,148.0,92.0,2146.0,17,031,825302,3,170318253023
247.0,36.0,126.0,61.0,40.0,33.0,251.0,148.0,50.0,71.0,188.0,264.0,37.0,64.0,100.0,56.0,1772.0,17,031,825303,1,170318253031
8.0,0.0,4.0,17.0,14.0,1.0,9.0,4.0,47.0,17.0,80.0,337.0,97.0,54.0,63.0,138.0,890.0,17,031,825303,2,170318253032
7.0,9.0,14.0,23.0,24.0,3.0,79.0,6.0,0.0,0.0,10.0,209.0,53.0,7.0,56.0,50.0,550.0,17,031,825303,3,170318253033
19.0,46.0,2.0,5.0,1.0,6.0,10.0,12.0,101.0,1.0,143.0,209.0,41.0,14.0,169.0,38.0,817.0,17,031,825303,4,170318253034
3.0,113.0,95.0,4.0,18.0,51.0,42.0,60.0,3.0,135.0,285.0,220.0,170.0,181.0,113.0,219.0,1712.0,17,031,825304,1,170318253041
36.0,19.0,1.0,15.0,114.0,102.0,1.0,91.0,36.0,109.0,382.0,345.0,337.0,333.0,154.0,100.0,2175.0,17,031,825304,2,170318253042
4.0,0.0,118.0,93.0,5.0,25.0,0.0,7.0,34.0,17.0,327.0,155.0,286.0,394.0,106.0,48.0,1619.0,17,031,825400,1,170318254001
23.0,33.0,116.0,182.0,14.0,16.0,27.0,141.0,66.0,427.0,251.0,382.0,136.0,45.0,162.0,49.0,2070.0,17,031,825400,2,170318254002
61.0,86.0,8.0,66.0,0.0,83.0,88.0,31.0,49.0,156.0,99.0,255.0,142.0,141.0,240.0,54.0,1559.0,17,031,825400,3,170318254003
47.0,58.0,85.0,65.0,5.0,28.0,44.0,82.0,11.0,58.0,46.0,5.0,21.0,42.0,37.0,39.0,673.0,17,031,825501,1,170318255011
9.0,267.0,143.0,112.0,23.0,136.0,192.0,24.0,179.0,337.0,143.0,447.0,134.0,96.0,56.0,53.0,2351.0,17,031,825501,2,170318255012
145.0,95.0,183.0,86.0,152.0,113.0,110.0,208.0,5.0,20.0,381.0,512.0,34.0,278.0,116.0,90.0,2528.0,17,031,825501,3,170318255013
3.0,57.0,1.0,9.0,3.0,43.0,2.0,0.0,5.0,60.0,21.0,110.0,10.0,23.0,24.0,40.0,411.0,17,031,825503,1,170318255031
196.0,45.0,88.0,1.0,212.0,52.0,1.0,1.0,4.0,183.0,0.0,73.0,13.0,14.0,141.0,68.0,1092.0,17,031,825503,2,170318255032
187.0,0.0,26.0,6.0,35.0,29.0,10.0,25.0,110.0,172.0,78.0,152.0,37.0,156.0,30.0,44.0,1097.0,17,031,825503,3,170318255033
135.0,221.0,74.0,119.0,4.0,120.0,229.0,4.0,111.0,121.0,405.0,340.0,263.0,78.0,33.0,149.0,2406.0,17,031,825503,4,170318255034
1.0,7.0,2.0,2.0,270.0,25.0,114.0,86.0,3.0,169.0,411.0,177.0,38.0,416.0,498.0,46.0,2265.0,17,031,825503,5,170318255035
198.0,12.0,24.0,3.0,20.0,169.0,1.0,148.0,134.0,248.0,372.0,46.0,379.0,43.0,263.0,137.0,2197.0,17,031,825504,1,170318255041
116.0,74.0,15.0,84.0,149.0,65.0,66.0,154.0,12.0,104.0,99.0,231.0,145.0,16.0,153.0,54.0,1537.0,17,031,825504,2,170318255042
154.0,4.0,215.0,100.0,6.0,69.0,52.0,20.0,4.0,238.0,71.0,170.0,103.0,76.0,121.0,60.0,1463.0,17,031,825505,1,170318255051
6.0,28.0,14.0,29.0,1.0,0.0,0.0,241.0,127.0,100.0,161.0,63.0,157.0,264.0,67.0,40.0,1298.0,17,031,825505,2,170318255052
0.0,3.0,9.0,14.0,21.0,37.0,3.0,73.0,51.0,82.0,292.0,99.0,28.0,35.0,107.0,54.0,908.0,17,031,825505,3,170318255053
191.0,3.0,77.0,84.0,185.0,8.0,60.0,129.0,1.0,68.0,344.0,137.0,28.0,37.0,55.0,99.0,1506.0,17,031,825505,4,170318255054
231.0,74.0,63.0,22.0,146.0,49.0,68.0,23.0,1.0,211.0,41.0,14.0,49.0,15.0,26.0,66.0,1099.0,17,031,825600,1,170318256001
266.0,177.0,152.0,63.0,156.0,101.0,311.0,114.0,6.0,176.0,213.0,231.0,46.0,68.0,30.0,45.0,2155.0,17,031,825600,2,170318256002
188.0,117.0,4.0,135.0,23.0,33.0,78.0,22.0,12.0,68.0,349.0,110.0,71.0,127.0,27.0,101.0,1465.0,17,031,825600,3,170318256003
163.0,6.0,35.0,62.0,63.0,21.0,1.0,6.0,7.0,36.0,64.0,33.0,178.0,16.0,17.0,57.0,765.0,17,031,825600,4,170318256004
145.0,78.0,29.0,77.0,6.0,6.0,27.0,86.0,60.0,71.0,92.0,113.0,33.0,9.0,37.0,76.0,945.0,17,031,825700,1,170318257001
219.0,144.0,142.0,122.0,163.0,133.0,7.0,123.0,30.0,170.0,131.0,112.0,157.0,15.0,74.0,58.0,1800.0,17,031,825700,2,170318257002
159.0,22.0,41.0,41.0,1.0,122.0,3.0,12.0,69.0,81.0,57.0,171.0,68.0,84.0,40.0,87.0,1058.0,17,031,825700,3,170318257003
135.0,75.0,180.0,77.0,3.0,26.0,3.0,6.0,7.0,3.0,112.0,5.0,24.0,14.0,18.0,55.0,743.0,17,031,825801,1,170318258011
148.0,78.0,8.0,86.0,19.0,159.0,48.0,191.0,85.0,200.0,223.0,286.0,12.0,45.0,71.0,67.0,1726.0,17,031,825801,2,170318258012
340.0,82.0,37.0,70.0,102.0,5.0,70.0,13.0,86.0,14.0,29.0,106.0,93.0,9.0,33.0,58.0,1147.0,17,031,825801,3,170318258013
173.0,8.0,196.0,119.0,4.0,78.0,192.0,250.0,28.0,168.0,148.0,149.0,187.0,54.0,30.0,57.0,1841.0,17,031,825802,1,170318258021
42.0,57.0,63.0,91.0,22.0,34.0,185.0,79.0,24.0,197.0,91.0,129.0,16.0,7.0,79.0,85.0,1201.0,17,031,825802,2,170318258022
76.0,9.0,113.0,51.0,235.0,34.0,215.0,251.0,53.0,48.0,147.0,118.0,81.0,221.0,310.0,177.0,2139.0,17,031,825802,3,170318258023
61.0,304.0,100.0,42.0,2.0,67.0,149.0,8.0,19.0,139.0,16.0,91.0,41.0,32.0,30.0,78.0,1179.0,17,031,825803,1,170318258031
3.0,0.0,13.0,2.0,4.0,2.0,2.0,7.0,2.0,79.0,103.0,92.0,63.0,21.0,10.0,48.0,451.0,17,031,825803,2,170318258032
105.0,21.0,0.0,43.0,165.0,4.0,12.0,2.0,82.0,0.0,121.0,217.0,75.0,47.0,60.0,52.0,1006.0,17,031,825803,3,170318258033
228.0,0.0,6.0,0.0,3.0,63.0,8.0,2.0,26.0,0.0,160.0,28.0,208.0,152.0,28.0,50.0,962.0,17,031,825803,4,170318258034
175.0,235.0,137.0,21.0,276.0,133.0,44.0,89.0,1.0,90.0,130.0,6.0,20.0,8.0,28.0,48.0,1441.0,17,031,825803,5,170318258035
194.0,106.0,117.0,79.0,154.0,238.0,61.0,144.0,48.0,10.0,188.0,35.0,30.0,12.0,18.0,51.0,1485.0,17,031,825900,1,170318259001
115.0,6.0,35.0,1.0,94.0,4.0,9.0,49.0,9.0,204.0,119.0,34.0,116.0,2.0,85.0,60.0,942.0,17,031,825900,2,170318259002
102.0,5.0,29.0,90.0,16.0,89.0,133.0,2.0,105.0,126.0,39.0,18.0,9.0,155.0,42.0,61.0,1021.0,17,031,825900,3,170318259003
227.0,80.0,197.0,72.0,0.0,33.0,6.0,33.0,59.0,50.0,77.0,159.0,41.0,19.0,31.0,54.0,1138.0,17,031,826000,1,170318260001
102.0,4.0,111.0,117.0,45.0,71.0,78.0,29.0,115.0,138.0,4.0,76.0,8.0,14.0,161.0,44.0,1117.0,17,031,826000,2,170318260002
109.0,33.0,88.0,53.0,134.0,1.0,66.0,225.0,23.0,44.0,79.0,39.0,38.0,19.0,95.0,47.0,1093.0,17,031,826000,3,170318260003
61.0,20.0,26.0,0.0,5.0,75.0,29.0,4.0,7.0,1.0,116.0,86.0,76.0,20.0,45.0,55.0,626.0,17,031,826100,1,170318261001
9.0,0.0,4.0,3.0,19.0,8.0,75.0,38.0,8.0,384.0,268.0,86.0,18.0,52.0,25.0,60.0,1057.0,17,031,826100,2,170318261002
6.0,56.0,110.0,30.0,4.0,203.0,0.0,16.0,1.0,110.0,104.0,181.0,183.0,84.0,134.0,58.0,1280.0,17,031,826100,3,170318261003
4.0,4.0,102.0,109.0,2.0,30.0,130.0,70.0,6.0,121.0,0.0,127.0,107.0,10.0,23.0,65.0,910.0,17,031,826100,4,170318261004
18.0,33.0,2.0,3.0,199.0,103.0,4.0,190.0,38.0,216.0,57.0,0.0,7.0,8.0,104.0,46.0,1028.0,17,031,826100,5,170318261005
1.0,222.0,523.0,47.0,16.0,51.0,6.0,61.0,179.0,143.0,350.0,60.0,147.0,439.0,26.0,43.0,2314.0,17,031,826100,6,170318261006
47.0,48.0,34.0,6.0,3.0,34.0,0.0,1.0,1.0,2.0,156.0,111.0,22.0,79.0,28.0,51.0,623.0,17,031,826201,1,170318262011
9.0,26.0,1.0,72.0,4.0,32.0,29.0,76.0,14.0,40.0,141.0,146.0,30.0,0.0,30.0,57.0,707.0,17,031,826201,2,170318262012
68.0,54.0,42.0,32.0,10.0,43.0,0.0,40.0,10.0,9.0,19.0,9.0,102.0,4.0,25.0,70.0,537.0,17,031,826201,3,170318262013
233.0,271.0,165.0,57.0,178.0,129.0,71.0,5.0,46.0,103.0,121.0,43.0,92.0,55.0,19.0,44.0,1632.0,17,031,826201,4,170318262014
73.0,17.0,20.0,57.0,6.0,1.0,163.0,16.0,140.0,37.0,173.0,184.0,64.0,14.0,31.0,48.0,1044.0,17,031,826202,1,170318262021
98.0,24.0,1.0,29.0,18.0,33.0,3.0,8.0,124.0,201.0,248.0,198.0,15.0,20.0,10.0,46.0,1076.0,17,031,826202,2,170318262022
10.0,0.0,144.0,89.0,1.0,166.0,47.0,73.0,145.0,213.0,112.0,641.0,52.0,73.0,76.0,49.0,1891.0,17,031,826202,3,170318262023
37.0,31.0,53.0,2.0,1.0,29.0,20.0,3.0,22.0,60.0,94.0,3.0,45.0,45.0,25.0,47.0,517.0,17,031,826202,4,170318262024
376.0,165.0,2.0,111.0,5.0,264.0,25.0,74.0,23.0,95.0,152.0,0.0,17.0,7.0,35.0,46.0,1397.0,17,031,826202,5,170318262025
63.0,107.0,3.0,28.0,4.0,1.0,65.0,25.0,73.0,100.0,117.0,471.0,161.0,33.0,97.0,64.0,1412.0,17,031,826301,1,170318263011
24.0,1.0,52.0,58.0,47.0,57.0,42.0,153.0,196.0,107.0,82.0,132.0,89.0,189.0,86.0,54.0,1369.0,17,031,826301,2,170318263012
274.0,0.0,8.0,25.0,78.0,30.0,56.0,50.0,1.0,20.0,248.0,239.0,105.0,53.0,95.0,57.0,1339.0,17,031,826301,3,170318263013
11.0,72.0,11.0,21.0,8.0,90.0,3.0,18.0,13.0,94.0,142.0,127.0,6.0,10.0,29.0,82.0,737.0,17,031,826303,1,170318263031
0.0,10.0,1.0,84.0,104.0,10.0,40.0,1.0,28.0,105.0,30.0,92.0,97.0,49.0,36.0,74.0,761.0,17,031,826303,2,170318263032
0.0,8.0,0.0,72.0,4.0,0.0,11.0,144.0,64.0,176.0,154.0,72.0,56.0,34.0,82.0,86.0,963.0,17,031,826303,3,170318263033
201.0,34.0,15.0,85.0,170.0,64.0,266.0,82.0,20.0,86.0,55.0,237.0,148.0,150.0,77.0,132.0,1822.0,17,031,826303,4,170318263034
154.0,26.0,53.0,30.0,4.0,3.0,14.0,10.0,25.0,5.0,29.0,74.0,71.0,40.0,84.0,45.0,667.0,17,031,826304,1,170318263041
54.0,154.0,3.0,5.0,8.0,140.0,2.0,6.0,216.0,160.0,133.0,80.0,7.0,32.0,43.0,46.0,1089.0,17,031,826304,2,170318263042
135.0,185.0,31.0,114.0,72.0,165.0,52.0,2.0,23.0,17.0,50.0,183.0,6.0,122.0,39.0,58.0,1254.0,17,031,826304,3,170318263043
94.0,109.0,133.0,1.0,0.0,1.0,109.0,230.0,18.0,220.0,125.0,204.0,82.0,122.0,249.0,59.0,1756.0,17,031,826401,1,170318264011
349.0,11.0,133.0,190.0,218.0,38.0,142.0,45.0,63.0,278.0,127.0,372.0,205.0,31.0,35.0,80.0,2317.0,17,031,826401,2,170318264012
57.0,1.0,38.0,72.0,1.0,0.0,109.0,1.0,50.0,51.0,108.0,101.0,53.0,51.0,22.0,48.0,763.0,17,031,826402,1,170318264021
18.0,28.0,126.0,4.0,37.0,64.0,56.0,67.0,26.0,82.0,93.0,48.0,68.0,5.0,28.0,105.0,855.0,17,031,826402,2,170318264022
36.0,21.0,48.0,55.0,28.0,97.0,41.0,83.0,61.0,107.0,206.0,24.0,132.0,134.0,89.0,40.0,1202.0,17,031,826402,3,170318264023
111.0,121.0,4.0,71.0,4.0,8.0,49.0,5.0,0.0,206.0,39.0,196.0,256.0,53.0,122.0,120.0,1365.0,17,031,826402,4,170318264024
7.0,54.0,8.0,0.0,91.0,96.0,117.0,16.0,6.0,114.0,29.0,136.0,24.0,72.0,31.0,49.0,850.0,17,031,826402,5,170318264025
574.0,6.0,44.0,159.0,108.0,269.0,2.0,48.0,136.0,181.0,303.0,236.0,138.0,8.0,29.0,53.0,2294.0,17,031,826500,1,170318265001
15.0,2.0,0.0,4.0,16.0,48.0,2.0,5.0,6.0,22.0,29.0,241.0,47.0,19.0,24.0,79.0,559.0,17,031,826500,2,170318265002
156.0,143.0,261.0,1.0,5.0,74.0,37.0,89.0,127.0,219.0,169.0,79.0,198.0,91.0,100.0,54.0,1803.0,17,031,826500,3,170318265003
151.0,125.0,239.0,23.0,144.0,23.0,41.0,215.0,84.0,122.0,53.0,232.0,51.0,63.0,60.0,142.0,1768.0,17,031,826500,4,170318265004
556.0,3.0,19.0,2.0,54.0,17.0,19.0,67.0,41.0,24.0,87.0,183.0,80.0,164.0,39.0,44.0,1399.0,17,031,826600,1,170318266001
3.0,114.0,184.0,0.0,10.0,6.0,9.0,5.0,3.0,73.0,53.0,204.0,156.0,22.0,25.0,121.0,988.0,17,031,826600,2,170318266002
163.0,85.0,197.0,221.0,30.0,6.0,39.0,174.0,20.0,226.0,359.0,220.0,22.0,23.0,52.0,48.0,1885.0,17,031,826600,3,170318266003
230.0,35.0,40.0,12.0,6.0,4.0,10.0,38.0,2.0,93.0,51.0,126.0,12.0,29.0,24.0,31.0,743.0,17,031,826600,4,170318266004
109.0,33.0,4.0,0.0,56.0,44.0,44.0,75.0,8.0,117.0,156.0,77.0,43.0,9.0,96.0,59.0,930.0,17,031,826600,5,170318266005
352.0,165.0,26.0,7.0,138.0,10.0,127.0,75.0,4.0,174.0,109.0,141.0,31.0,132.0,29.0,47.0,1567.0,17,031,826700,1,170318267001
549.0,73.0,2.0,113.0,30.0,108.0,7.0,40.0,0.0,236.0,118.0,124.0,110.0,14.0,27.0,69.0,1620.0,17,031,826700,2,170318267002
15.0,14.0,25.0,24.0,95.0,115.0,4.0,5.0,41.0,87.0,113.0,118.0,50.0,11.0,30.0,55.0,802.0,17,031,826700,3,170318267003
72.0,25.0,17.0,0.0,101.0,233.0,12.0,35.0,8.0,135.0,8.0,150.0,247.0,11.0,37.0,50.0,1141.0,17,031,826700,4,170318267004
169.0,15.0,2.0,17.0,120.0,77.0,144.0,4.0,69.0,243.0,23.0,1.0,45.0,14.0,30.0,62.0,1035.0,17,031,826800,1,170318268001
462.0,157.0,132.0,94.0,101.0,66.0,244.0,20.0,269.0,583.0,82.0,25.0,15.0,20.0,28.0,49.0,2347.0,17,031,826800,2,170318268002
2.0,106.0,25.0,128.0,81.0,48.0,63.0,3.0,2.0,11.0,88.0,94.0,18.0,9.0,25.0,42.0,745.0,17,031,826800,3,170318268003
3.0,1.0,2.0,116.0,19.0,7.0,33.0,53.0,78.0,56.0,34.0,1.0,3.0,16.0,25.0,134.0,581.0,17,031,826800,4,170318268004
519.0,66.0,146.0,184.0,13.0,69.0,9.0,59.0,4.0,25.0,177.0,89.0,101.0,21.0,23.0,50.0,1555.0,17,031,826901,1,170318269011
177.0,2.0,2.0,6.0,50.0,85.0,11.0,41.0,8.0,165.0,3.0,0.0,13.0,10.0,26.0,47.0,646.0,17,031,826902,1,170318269021
161.0,14.0,0.0,14.0,27.0,16.0,68.0,0.0,0.0,10.0,3.0,5.0,21.0,17.0,23.0,40.0,419.0,17,031,826902,2,170318269022
372.0,192.0,33.0,162.0,60.0,174.0,27.0,10.0,13.0,73.0,191.0,59.0,67.0,6.0,20.0,54.0,1513.0,17,031,827000,1,170318270001
230.0,47.0,86.0,0.0,152.0,2.0,0.0,0.0,1.0,213.0,22.0,18.0,144.0,13.0,83.0,63.0,1074.0,17,031,827000,2,170318270002
270.0,3.0,182.0,165.0,27.0,1.0,18.0,107.0,60.0,14.0,82.0,3.0,18.0,69.0,28.0,39.0,1086.0,17,031,827000,3,170318270003
189.0,10.0,25.0,8.0,52.0,30.0,1.0,4.0,0.0,32.0,42.0,9.0,5.0,22.0,17.0,51.0,497.0,17,031,827100,1,170318271001
137.0,57.0,125.0,18.0,129.0,55.0,1.0,5.0,51.0,49.0,100.0,46.0,18.0,49.0,28.0,50.0,918.0,17,031,827100,2,170318271002
182.0,89.0,30.0,76.0,204.0,49.0,1.0,45.0,6.0,66.0,218.0,30.0,25.0,5.0,39.0,49.0,1114.0,17,031,827100,3,170318271003
188.0,72.0,125.0,106.0,5.0,127.0,95.0,32.0,80.0,20.0,132.0,199.0,20.0,111.0,51.0,82.0,1445.0,17,031,827200,1,170318272001
155.0,13.0,70.0,51.0,1.0,51.0,24.0,12.0,40.0,32.0,97.0,56.0,53.0,16.0,59.0,50.0,780.0,17,031,827200,2,170318272002
73.0,190.0,30.0,60.0,22.0,88.0,18.0,17.0,0.0,73.0,58.0,119.0,110.0,13.0,42.0,49.0,962.0,17,031,827200,3,170318272003
170.0,95.0,117.0,34.0,4.0,38.0,1.0,36.0,176.0,35.0,8.0,51.0,13.0,89.0,74.0,49.0,990.0,17,031,827200,4,170318272004
21.0,15.0,10.0,18.0,10.0,3.0,1.0,3.0,0.0,21.0,0.0,1.0,15.0,30.0,30.0,42.0,220.0,17,031,827300,1,170318273001
1033.0,1.0,3.0,78.0,10.0,130.0,7.0,184.0,5.0,4.0,115.0,5.0,164.0,16.0,35.0,45.0,1835.0,17,031,827300,2,170318273002
123.0,24.0,86.0,131.0,80.0,8.0,42.0,40.0,34.0,94.0,64.0,142.0,63.0,87.0,146.0,59.0,1223.0,17,031,827300,3,170318273003
350.0,51.0,15.0,5.0,7.0,0.0,0.0,1.0,0.0,2.0,1.0,30.0,10.0,11.0,38.0,50.0,571.0,17,031,827400,1,170318274001
278.0,31.0,75.0,82.0,64.0,48.0,142.0,111.0,2.0,24.0,5.0,440.0,67.0,15.0,85.0,119.0,1588.0,17,031,827400,2,170318274002
183.0,59.0,1.0,2.0,2.0,77.0,5.0,5.0,22.0,27.0,143.0,6.0,92.0,17.0,40.0,45.0,726.0,17,031,827400,3,170318274003
435.0,135.0,191.0,25.0,63.0,62.0,42.0,34.0,81.0,13.0,3.0,133.0,159.0,106.0,14.0,58.0,1554.0,17,031,827400,4,170318274004
197.0,123.0,51.0,62.0,21.0,171.0,18.0,112.0,6.0,68.0,180.0,63.0,90.0,13.0,34.0,53.0,1262.0,17,031,827500,1,170318275001
1029.0,86.0,38.0,219.0,95.0,4.0,24.0,8.0,28.0,453.0,353.0,150.0,67.0,39.0,45.0,45.0,2683.0,17,031,827500,2,170318275002
207.0,175.0,3.0,176.0,273.0,68.0,33.0,66.0,34.0,53.0,18.0,49.0,43.0,18.0,53.0,57.0,1326.0,17,031,827500,3,170318275003
183.0,19.0,59.0,201.0,3.0,4.0,109.0,5.0,31.0,85.0,3.0,96.0,10.0,18.0,23.0,58.0,907.0,17,031,827600,1,170318276001
478.0,205.0,20.0,91.0,4.0,286.0,11.0,127.0,56.0,217.0,79.0,349.0,88.0,11.0,30.0,46.0,2098.0,17,031,827600,2,170318276002
33.0,88.0,1.0,137.0,2.0,6.0,1.0,0.0,29.0,19.0,13.0,3.0,58.0,7.0,21.0,58.0,476.0,17,031,827600,3,170318276003
270.0,11.0,46.0,49.0,93.0,68.0,233.0,117.0,61.0,185.0,129.0,117.0,22.0,55.0,133.0,41.0,1630.0,17,031,827700,1,170318277001
260.0,154.0,98.0,0.0,72.0,27.0,30.0,78.0,67.0,4.0,96.0,144.0,74.0,32.0,21.0,77.0,1234.0,17,031,827700,2,170318277002
6.0,18.0,50.0,51.0,21.0,13.0,40.0,41.0,5.0,7.0,1.0,7.0,82.0,12.0,37.0,47.0,438.0,17,031,827801,1,170318278011
13.0,5.0,7.0,36.0,8.0,5.0,18.0,150.0,32.0,52.0,168.0,164.0,43.0,38.0,22.0,47.0,808.0,17,031,827801,2,170318278012
66.0,31.0,46.0,2.0,1.0,37.0,3.0,32.0,35.0,128.0,126.0,156.0,121.0,35.0,80.0,195.0,1094.0,17,031,827801,3,170318278013
216.0,2.0,121.0,5.0,31.0,5.0,174.0,53.0,20.0,242.0,316.0,136.0,414.0,137.0,90.0,116.0,2078.0,17,031,827801,4,170318278014
0.0,61.0,142.0,0.0,0.0,81.0,78.0,51.0,21.0,126.0,337.0,353.0,207.0,87.0,203.0,48.0,1795.0,17,031,827802,1,170318278021
98.0,12.0,4.0,63.0,3.0,4.0,52.0,80.0,1.0,220.0,208.0,332.0,282.0,237.0,106.0,67.0,1769.0,17,031,827802,2,170318278022
0.0,36.0,56.0,89.0,24.0,215.0,130.0,2.0,21.0,80.0,193.0,115.0,181.0,87.0,92.0,119.0,1440.0,17,031,827804,1,170318278041
44.0,0.0,23.0,2.0,23.0,96.0,2.0,1.0,2.0,72.0,75.0,14.0,76.0,35.0,73.0,77.0,615.0,17,031,827804,2,170318278042
1.0,7.0,9.0,7.0,2.0,6.0,25.0,16.0,9.0,12.0,101.0,330.0,27.0,146.0,218.0,63.0,979.0,17,031,827804,3,170318278043
0.0,46.0,77.0,2.0,26.0,32.0,3.0,26.0,7.0,160.0,263.0,190.0,179.0,109.0,72.0,38.0,1230.0,17,031,827805,1,170318278051
5.0,62.0,1.0,104.0,0.0,1.0,22.0,97.0,0.0,90.0,169.0,413.0,105.0,155.0,95.0,42.0,1361.0,17,031,827805,2,170318278052
32.0,0.0,5.0,0.0,4.0,68.0,7.0,0.0,23.0,51.0,67.0,30.0,99.0,6.0,47.0,59.0,498.0,17,031,827805,3,170318278053
43.0,27.0,0.0,32.0,15.0,0.0,5.0,20.0,11.0,10.0,73.0,119.0,84.0,57.0,95.0,102.0,693.0,17,031,827901,1,170318279011
16.0,10.0,62.0,1.0,2.0,3.0,5.0,15.0,23.0,118.0,153.0,324.0,228.0,372.0,165.0,86.0,1583.0,17,031,827901,2,170318279012
2.0,11.0,1.0,0.0,3.0,98.0,17.0,8.0,2.0,31.0,284.0,170.0,74.0,15.0,57.0,47.0,820.0,17,031,827902,1,170318279021
21.0,51.0,141.0,55.0,19.0,120.0,118.0,29.0,108.0,184.0,24.0,17.0,83.0,16.0,39.0,53.0,1078.0,17,031,827902,2,170318279022
68.0,6.0,2.0,58.0,44.0,103.0,2.0,3.0,0.0,19.0,96.0,299.0,31.0,27.0,32.0,67.0,857.0,17,031,827902,3,170318279023
168.0,11.0,8.0,25.0,29.0,66.0,10.0,11.0,58.0,50.0,113.0,33.0,31.0,21.0,28.0,53.0,715.0,17,031,827902,4,170318279024
6.0,8.0,20.0,24.0,4.0,81.0,64.0,7.0,8.0,141.0,57.0,72.0,185.0,157.0,21.0,43.0,898.0,17,031,827902,5,170318279025
17.0,8.0,42.0,141.0,37.0,72.0,95.0,102.0,51.0,44.0,135.0,193.0,63.0,38.0,129.0,55.0,1222.0,17,031,828000,1,170318280001
4.0,15.0,19.0,9.0,137.0,146.0,142.0,29.0,14.0,5.0,70.0,123.0,65.0,9.0,32.0,90.0,909.0,17,031,828000,2,170318280002
367.0,2.0,42.0,78.0,130.0,7.0,51.0,19.0,44.0,196.0,49.0,27.0,109.0,83.0,68.0,161.0,1433.0,17,031,828000,3,170318280003
5.0,48.0,27.0,6.0,88.0,78.0,74.0,20.0,264.0,136.0,115.0,247.0,195.0,11.0,58.0,89.0,1461.0,17,031,828000,4,170318280004
22.0,153.0,5.0,14.0,25.0,5.0,3.0,46.0,56.0,113.0,131.0,4.0,69.0,60.0,40.0,68.0,814.0,17,031,828100,1,170318281001
108.0,11.0,146.0,125.0,118.0,182.0,56.0,1.0,18.0,211.0,220.0,290.0,95.0,60.0,44.0,54.0,1739.0,17,031,828100,2,170318281002
81.0,28.0,8.0,5.0,7.0,45.0,118.0,3.0,21.0,2.0,4.0,64.0,11.0,16.0,61.0,47.0,521.0,17,031,828100,3,170318281003
1.0,17.0,53.0,1.0,111.0,10.0,14.0,17.0,14.0,66.0,18.0,88.0,225.0,180.0,57.0,57.0,929.0,17,031,828100,4,170318281004
19.0,2.0,3.0,45.0,24.0,7.0,21.0,23.0,1.0,39.0,9.0,109.0,193.0,56.0,87.0,36.0,674.0,17,031,828100,5,170318281005
87.0,149.0,0.0,187.0,101.0,105.0,130.0,212.0,103.0,117.0,219.0,169.0,190.0,278.0,155.0,112.0,2314.0,17,031,828201,1,170318282011
77.0,1.0,25.0,29.0,0.0,6.0,103.0,47.0,1.0,13.0,199.0,75.0,110.0,60.0,18.0,42.0,806.0,17,031,828201,2,170318282012
7.0,15.0,29.0,3.0,56.0,35.0,26.0,9.0,128.0,84.0,69.0,148.0,257.0,13.0,152.0,54.0,1085.0,17,031,828201,3,170318282013
7.0,0.0,18.0,0.0,54.0,73.0,82.0,31.0,3.0,56.0,88.0,219.0,154.0,27.0,56.0,120.0,988.0,17,031,828202,1,170318282021
102.0,3.0,102.0,25.0,16.0,35.0,35.0,49.0,16.0,46.0,17.0,122.0,110.0,70.0,124.0,108.0,980.0,17,031,828202,2,170318282022
121.0,157.0,147.0,126.0,6.0,15.0,1.0,185.0,10.0,90.0,11.0,10.0,29.0,24.0,69.0,67.0,1068.0,17,031,828202,3,170318282023
73.0,110.0,16.0,22.0,7.0,92.0,2.0,17.0,5.0,221.0,53.0,287.0,427.0,15.0,63.0,36.0,1446.0,17,031,828202,4,170318282024
113.0,86.0,154.0,137.0,88.0,175.0,19.0,109.0,103.0,201.0,161.0,356.0,196.0,147.0,52.0,43.0,2140.0,17,031,828300,1,170318283001
166.0,27.0,59.0,47.0,159.0,96.0,85.0,116.0,107.0,116.0,67.0,148.0,123.0,60.0,97.0,41.0,1514.0,17,031,828300,2,170318283002
64.0,0.0,22.0,12.0,89.0,29.0,37.0,40.0,17.0,72.0,22.0,116.0,70.0,23.0,58.0,39.0,710.0,17,031,828401,1,170318284011
23.0,2.0,35.0,2.0,3.0,15.0,33.0,52.0,77.0,102.0,155.0,273.0,70.0,221.0,132.0,181.0,1376.0,17,031,828401,2,170318284012
8.0,0.0,47.0,50.0,41.0,2.0,1.0,29.0,10.0,25.0,53.0,77.0,73.0,85.0,95.0,89.0,685.0,17,031,828401,3,170318284013
41.0,0.0,23.0,6.0,55.0,36.0,18.0,56.0,2.0,80.0,55.0,186.0,6.0,81.0,135.0,101.0,881.0,17,031,828401,4,170318284014
119.0,48.0,108.0,62.0,37.0,29.0,44.0,95.0,106.0,78.0,175.0,99.0,98.0,61.0,66.0,63.0,1288.0,17,031,828402,1,170318284021
1.0,86.0,148.0,140.0,113.0,93.0,21.0,18.0,137.0,74.0,145.0,196.0,74.0,98.0,95.0,201.0,1640.0,17,031,828402,2,170318284022
104.0,10.0,11.0,30.0,75.0,117.0,13.0,66.0,6.0,69.0,49.0,7.0,35.0,124.0,45.0,52.0,813.0,17,031,828402,3,170318284023
14.0,5.0,54.0,111.0,6.0,92.0,73.0,73.0,156.0,56.0,145.0,284.0,91.0,10.0,59.0,43.0,1272.0,17,031,828503,1,170318285031
152.0,5.0,34.0,0.0,177.0,115.0,31.0,3.0,29.0,113.0,214.0,331.0,142.0,15.0,55.0,60.0,1476.0,17,031,828503,2,170318285032
0.0,21.0,95.0,118.0,2.0,8.0,46.0,4.0,7.0,58.0,50.0,13.0,27.0,11.0,52.0,42.0,554.0,17,031,828503,3,170318285033
118.0,14.0,8.0,16.0,7.0,3.0,111.0,11.0,71.0,280.0,28.0,229.0,107.0,287.0,36.0,38.0,1364.0,17,031,828503,4,170318285034
445.0,26.0,77.0,145.0,133.0,136.0,154.0,32.0,91.0,75.0,163.0,112.0,132.0,42.0,112.0,104.0,1979.0,17,031,828504,1,170318285041
86.0,29.0,87.0,22.0,66.0,49.0,0.0,107.0,3.0,235.0,71.0,180.0,267.0,24.0,26.0,55.0,1307.0,17,031,828504,2,170318285042
140.0,4.0,6.0,40.0,118.0,31.0,24.0,53.0,38.0,56.0,449.0,80.0,99.0,21.0,29.0,41.0,1229.0,17,031,828504,3,170318285043
191.0,45.0,0.0,201.0,199.0,137.0,86.0,52.0,2.0,4.0,55.0,87.0,49.0,28.0,38.0,42.0,1216.0,17,031,828504,4,170318285044
55.0,33.0,139.0,26.0,221.0,101.0,0.0,2.0,7.0,1.0,60.0,111.0,77.0,13.0,22.0,44.0,912.0,17,031,828505,1,170318285051
34.0,37.0,62.0,80.0,8.0,34.0,4.0,5.0,36.0,165.0,17.0,95.0,45.0,56.0,37.0,51.0,766.0,17,031,828505,2,170318285052
4.0,2.0,4.0,2.0,70.0,0.0,46.0,1.0,62.0,58.0,76.0,214.0,120.0,46.0,65.0,72.0,842.0,17,031,828505,3,170318285053
7.0,86.0,16.0,32.0,88.0,8.0,40.0,4.0,47.0,38.0,141.0,224.0,192.0,136.0,72.0,82.0,1213.0,17,031,828505,4,170318285054
254.0,19.0,25.0,14.0,41.0,251.0,58.0,162.0,49.0,83.0,352.0,107.0,556.0,100.0,297.0,386.0,2754.0,17,031,828505,5,170318285055
339.0,17.0,114.0,184.0,20.0,329.0,57.0,249.0,103.0,59.0,57.0,712.0,146.0,788.0,300.0,28.0,3502.0,17,031,828506,1,170318285061
17.0,6.0,55.0,2.0,205.0,78.0,26.0,28.0,21.0,69.0,54.0,118.0,197.0,32.0,28.0,39.0,975.0,17,031,828506,2,170318285062
144.0,17.0,27.0,17.0,0.0,28.0,29.0,128.0,5.0,246.0,28.0,104.0,204.0,53.0,57.0,72.0,1159.0,17,031,828506,3,170318285063
0.0,219.0,12.0,200.0,35.0,79.0,4.0,45.0,151.0,3.0,130.0,313.0,8.0,72.0,40.0,52.0,1363.0,17,031,828506,4,170318285064
8.0,147.0,88.0,2.0,191.0,88.0,128.0,7.0,3.0,10.0,7.0,82.0,14.0,25.0,25.0,42.0,867.0,17,031,828506,5,170318285065
164.0,62.0,117.0,310.0,2.0,32.0,18.0,208.0,168.0,45.0,51.0,8.0,13.0,14.0,14.0,43.0,1269.0,17,031,828506,6,170318285066
2.0,5.0,59.0,2.0,14.0,1.0,20.0,5.0,37.0,35.0,68.0,97.0,120.0,59.0,118.0,59.0,701.0,17,031,828601,1,170318286011
5.0,0.0,27.0,2.0,40.0,7.0,5.0,6.0,12.0,40.0,153.0,265.0,143.0,121.0,71.0,123.0,1020.0,17,031,828601,2,170318286012
12.0,2.0,1.0,70.0,47.0,118.0,2.0,1.0,0.0,7.0,9.0,132.0,103.0,97.0,86.0,100.0,787.0,17,031,828601,3,170318286013
22.0,43.0,37.0,55.0,2.0,78.0,1.0,60.0,9.0,19.0,149.0,492.0,82.0,261.0,91.0,107.0,1508.0,17,031,828601,4,170318286014
164.0,32.0,1.0,30.0,4.0,60.0,16.0,7.0,21.0,80.0,270.0,291.0,241.0,469.0,65.0,146.0,1897.0,17,031,828602,1,170318286021
137.0,15.0,32.0,61.0,131.0,83.0,8.0,117.0,68.0,255.0,198.0,428.0,257.0,231.0,187.0,370.0,2578.0,17,031,828602,2,170318286022
27.0,0.0,0.0,48.0,0.0,6.0,13.0,39.0,35.0,33.0,62.0,86.0,89.0,137.0,47.0,207.0,829.0,17,031,828701,1,170318287011
188.0,39.0,16.0,97.0,2.0,4.0,37.0,22.0,36.0,101.0,149.0,98.0,68.0,8.0,83.0,52.0,1000.0,17,031,828701,2,170318287012
7.0,30.0,4.0,4.0,20.0,85.0,8.0,222.0,15.0,123.0,93.0,84.0,45.0,13.0,175.0,59.0,987.0,17,031,828701,3,170318287013
85.0,18.0,87.0,1.0,21.0,5.0,5.0,79.0,26.0,57.0,8.0,26.0,106.0,8.0,34.0,62.0,628.0,17,031,828701,4,170318287014
53.0,46.0,54.0,77.0,34.0,95.0,22.0,28.0,66.0,211.0,177.0,121.0,38.0,50.0,58.0,57.0,1187.0,17,031,828702,1,170318287021
258.0,6.0,176.0,7.0,39.0,16.0,36.0,129.0,75.0,197.0,454.0,272.0,21.0,145.0,140.0,79.0,2050.0,17,031,828702,2,170318287022
86.0,78.0,100.0,119.0,144.0,92.0,84.0,6.0,8.0,171.0,319.0,255.0,65.0,74.0,91.0,48.0,1740.0,17,031,828702,3,170318287023
13.0,0.0,4.0,1.0,11.0,0.0,5.0,11.0,9.0,170.0,56.0,107.0,98.0,163.0,236.0,197.0,1081.0,17,031,828801,1,170318288011
39.0,3.0,1.0,3.0,6.0,8.0,47.0,0.0,0.0,4.0,48.0,56.0,56.0,92.0,96.0,241.0,700.0,17,031,828801,2,170318288012
28.0,50.0,21.0,2.0,131.0,36.0,3.0,3.0,93.0,161.0,75.0,521.0,388.0,151.0,114.0,129.0,1906.0,17,031,828801,3,170318288013
2.0,3.0,6.0,29.0,46.0,70.0,17.0,11.0,11.0,5.0,168.0,148.0,41.0,6.0,33.0,57.0,653.0,17,031,828801,4,170318288014
11.0,3.0,42.0,111.0,0.0,31.0,2.0,53.0,25.0,44.0,87.0,117.0,27.0,27.0,34.0,52.0,666.0,17,031,828801,5,170318288015
117.0,39.0,4.0,10.0,23.0,4.0,22.0,33.0,6.0,24.0,104.0,190.0,246.0,120.0,93.0,65.0,1100.0,17,031,828802,1,170318288021
129.0,85.0,45.0,24.0,68.0,0.0,11.0,12.0,7.0,136.0,333.0,97.0,165.0,49.0,51.0,94.0,1306.0,17,031,828802,2,170318288022
4.0,0.0,26.0,13.0,87.0,6.0,122.0,66.0,3.0,30.0,139.0,207.0,164.0,115.0,91.0,61.0,1134.0,17,031,828802,3,170318288023
310.0,113.0,73.0,37.0,182.0,66.0,159.0,12.0,238.0,187.0,99.0,10.0,61.0,74.0,83.0,129.0,1833.0,17,031,828900,1,170318289001
104.0,4.0,1.0,82.0,3.0,51.0,63.0,36.0,16.0,24.0,34.0,39.0,8.0,35.0,37.0,57.0,594.0,17,031,828900,2,170318289002
358.0,74.0,43.0,34.0,0.0,20.0,40.0,15.0,95.0,11.0,60.0,70.0,29.0,7.0,27.0,47.0,930.0,17,031,828900,3,170318289003
301.0,1.0,59.0,159.0,78.0,18.0,1.0,6.0,1.0,7.0,16.0,168.0,24.0,41.0,29.0,50.0,959.0,17,031,829000,1,170318290001
110.0,22.0,3.0,20.0,26.0,24.0,72.0,24.0,7.0,3.0,13.0,9.0,2.0,29.0,35.0,85.0,484.0,17,031,829000,2,170318290002
410.0,37.0,127.0,294.0,138.0,62.0,20.0,237.0,11.0,74.0,234.0,150.0,184.0,19.0,87.0,48.0,2132.0,17,031,829100,1,170318291001
435.0,92.0,6.0,240.0,94.0,62.0,3.0,146.0,1.0,43.0,115.0,122.0,17.0,51.0,66.0,69.0,1562.0,17,031,829100,2,170318291002
4.0,2.0,90.0,2.0,68.0,10.0,4.0,31.0,63.0,198.0,22.0,432.0,270.0,29.0,97.0,78.0,1400.0,17,031,829200,1,170318292001
12.0,4.0,38.0,72.0,51.0,2.0,119.0,16.0,91.0,259.0,123.0,43.0,297.0,33.0,66.0,125.0,1351.0,17,031,829200,2,170318292002
476.0,15.0,217.0,20.0,122.0,38.0,23.0,4.0,37.0,301.0,130.0,139.0,90.0,12.0,47.0,146.0,1817.0,17,031,829200,3,170318292003
274.0,3.0,3.0,53.0,0.0,2.0,202.0,90.0,430.0,21.0,34.0,20.0,13.0,15.0,24.0,48.0,1232.0,17,031,829200,4,170318292004
58.0,39.0,33.0,29.0,38.0,2.0,5.0,56.0,14.0,114.0,246.0,386.0,169.0,36.0,90.0,106.0,1421.0,17,031,829301,1,170318293011
205.0,43.0,0.0,100.0,1.0,162.0,66.0,50.0,93.0,294.0,419.0,432.0,115.0,99.0,23.0,94.0,2196.0,17,031,829301,2,170318293012
301.0,0.0,0.0,45.0,3.0,53.0,21.0,0.0,78.0,10.0,5.0,16.0,16.0,9.0,25.0,79.0,661.0,17,031,829302,1,170318293021
138.0,29.0,59.0,281.0,141.0,41.0,40.0,4.0,78.0,144.0,137.0,147.0,125.0,91.0,79.0,51.0,1585.0,17,031,829302,2,170318293022
201.0,160.0,5.0,10.0,26.0,138.0,78.0,46.0,35.0,159.0,195.0,73.0,196.0,40.0,52.0,63.0,1477.0,17,031,829302,3,170318293023
320.0,109.0,65.0,214.0,25.0,85.0,21.0,30.0,1.0,186.0,195.0,97.0,38.0,37.0,37.0,57.0,1517.0,17,031,829401,1,170318294011
22.0,73.0,18.0,153.0,3.0,143.0,34.0,35.0,51.0,86.0,169.0,68.0,41.0,27.0,74.0,52.0,1049.0,17,031,829402,1,170318294021
114.0,5.0,39.0,179.0,105.0,41.0,46.0,107.0,42.0,93.0,303.0,300.0,42.0,53.0,23.0,50.0,1542.0,17,031,829402,2,170318294022
117.0,84.0,45.0,104.0,43.0,81.0,6.0,7.0,0.0,33.0,40.0,3.0,15.0,45.0,39.0,41.0,703.0,17,031,829402,3,170318294023
382.0,165.0,79.0,133.0,214.0,83.0,210.0,59.0,15.0,302.0,213.0,427.0,54.0,81.0,59.0,61.0,2537.0,17,031,829500,1,170318295001
84.0,9.0,33.0,1.0,50.0,108.0,2.0,2.0,2.0,53.0,63.0,38.0,32.0,9.0,33.0,43.0,562.0,17,031,829500,2,170318295002
4.0,125.0,48.0,81.0,140.0,0.0,61.0,5.0,12.0,178.0,3.0,17.0,36.0,23.0,54.0,58.0,845.0,17,031,829500,3,170318295003
143.0,50.0,94.0,37.0,72.0,41.0,8.0,65.0,98.0,63.0,80.0,216.0,136.0,16.0,129.0,30.0,1278.0,17,031,829600,1,170318296001
121.0,16.0,15.0,10.0,18.0,5.0,4.0,8.0,90.0,27.0,32.0,0.0,15.0,20.0,93.0,50.0,524.0,17,031,829600,2,170318296002
60.0,37.0,1.0,14.0,150.0,91.0,4.0,41.0,40.0,102.0,92.0,218.0,104.0,10.0,117.0,51.0,1132.0,17,031,829600,3,170318296003
309.0,78.0,35.0,156.0,69.0,13.0,79.0,68.0,92.0,28.0,79.0,2.0,39.0,24.0,28.0,56.0,1155.0,17,031,829700,1,170318297001
297.0,139.0,56.0,97.0,78.0,111.0,0.0,36.0,103.0,18.0,5.0,63.0,16.0,58.0,98.0,49.0,1224.0,17,031,829700,2,170318297002
280.0,58.0,136.0,14.0,47.0,84.0,25.0,106.0,60.0,40.0,3.0,160.0,266.0,132.0,155.0,95.0,1661.0,17,031,829700,3,170318297003
64.0,35.0,34.0,47.0,80.0,46.0,44.0,32.0,349.0,83.0,258.0,201.0,340.0,87.0,382.0,90.0,2172.0,17,031,829800,1,170318298001
11.0,0.0,4.0,2.0,4.0,15.0,2.0,2.0,21.0,41.0,51.0,65.0,240.0,46.0,128.0,333.0,965.0,17,031,829800,2,170318298002
6.0,32.0,3.0,0.0,3.0,1.0,1.0,29.0,28.0,75.0,117.0,112.0,106.0,22.0,90.0,184.0,809.0,17,031,829800,3,170318298003
9.0,1.0,7.0,2.0,4.0,0.0,12.0,0.0,2.0,31.0,36.0,28.0,277.0,223.0,243.0,292.0,1167.0,17,031,829800,4,170318298004
200.0,0.0,1.0,51.0,23.0,7.0,1.0,41.0,5.0,121.0,195.0,30.0,304.0,171.0,115.0,268.0,1533.0,17,031,829800,5,170318298005
376.0,55.0,2.0,0.0,62.0,121.0,215.0,156.0,44.0,49.0,433.0,80.0,480.0,262.0,191.0,59.0,2585.0,17,031,829901,1,170318299011
3.0,0.0,2.0,9.0,12.0,27.0,5.0,6.0,3.0,1.0,10.0,113.0,24.0,75.0,36.0,38.0,364.0,17,031,829901,2,170318299012
2.0,4.0,1.0,1.0,54.0,125.0,189.0,0.0,0.0,223.0,582.0,242.0,159.0,99.0,70.0,61.0,1812.0,17,031,829901,3,170318299013
181.0,14.0,272.0,348.0,156.0,242.0,42.0,78.0,164.0,444.0,687.0,419.0,608.0,228.0,224.0,313.0,4420.0,17,031,829901,4,170318299014
31.0,2.0,23.0,14.0,1.0,7.0,70.0,22.0,1.0,28.0,191.0,53.0,126.0,87.0,261.0,37.0,954.0,17,031,829902,1,170318299021
98.0,12.0,0.0,70.0,0.0,20.0,5.0,84.0,4.0,69.0,227.0,228.0,501.0,313.0,199.0,207.0,2037.0,17,031,829902,2,170318299022
0.0,77.0,118.0,8.0,40.0,79.0,36.0,34.0,38.0,427.0,313.0,493.0,215.0,142.0,56.0,445.0,2521.0,17,031,829902,3,170318299023
84.0,1.0,3.0,33.0,0.0,54.0,3.0,87.0,136.0,23.0,158.0,144.0,8.0,38.0,29.0,60.0,861.0,17,031,829902,4,170318299024
103.0,79.0,268.0,119.0,259.0,142.0,157.0,68.0,111.0,152.0,160.0,290.0,163.0,43.0,26.0,69.0,2209.0,17,031,830001,1,170318300011
14.0,19.0,70.0,5.0,4.0,4.0,83.0,22.0,1.0,288.0,252.0,606.0,183.0,16.0,96.0,68.0,1731.0,17,031,830003,1,170318300031
3.0,13.0,103.0,63.0,152.0,4.0,218.0,52.0,1.0,154.0,108.0,484.0,354.0,107.0,197.0,64.0,2077.0,17,031,830003,2,170318300032
378.0,68.0,132.0,34.0,3.0,123.0,569.0,85.0,34.0,138.0,384.0,351.0,453.0,608.0,467.0,298.0,4125.0,17,031,830003,3,170318300033
90.0,78.0,79.0,150.0,278.0,65.0,1.0,20.0,28.0,1.0,49.0,143.0,19.0,56.0,101.0,102.0,1260.0,17,031,830004,1,170318300041
0.0,4.0,24.0,30.0,221.0,2.0,255.0,4.0,44.0,3.0,73.0,124.0,218.0,44.0,36.0,164.0,1246.0,17,031,830004,2,170318300042
156.0,0.0,417.0,242.0,2.0,11.0,174.0,110.0,36.0,229.0,96.0,621.0,709.0,866.0,623.0,193.0,4485.0,17,031,830004,3,170318300043
4.0,12.0,81.0,42.0,70.0,7.0,73.0,48.0,33.0,144.0,255.0,387.0,61.0,177.0,299.0,213.0,1906.0,17,031,830005,1,170318300051
81.0,1.0,121.0,36.0,17.0,1.0,17.0,53.0,79.0,161.0,52.0,309.0,298.0,120.0,449.0,391.0,2186.0,17,031,830005,2,170318300052
183.0,59.0,71.0,31.0,47.0,11.0,36.0,114.0,81.0,197.0,126.0,137.0,60.0,33.0,27.0,140.0,1353.0,17,031,830006,1,170318300061
50.0,33.0,12.0,8.0,2.0,40.0,36.0,34.0,16.0,243.0,85.0,112.0,81.0,40.0,48.0,44.0,884.0,17,031,830006,2,170318300062
25.0,68.0,192.0,63.0,77.0,4.0,92.0,59.0,31.0,67.0,133.0,281.0,54.0,25.0,86.0,170.0,1427.0,17,031,830007,1,170318300071
125.0,13.0,129.0,37.0,143.0,17.0,3.0,209.0,106.0,122.0,146.0,238.0,121.0,68.0,53.0,45.0,1575.0,17,031,830007,2,170318300072
88.0,36.0,3.0,91.0,65.0,59.0,101.0,42.0,2.0,52.0,142.0,232.0,172.0,81.0,36.0,47.0,1249.0,17,031,830007,3,170318300073
152.0,7.0,99.0,2.0,15.0,38.0,18.0,51.0,316.0,93.0,418.0,425.0,185.0,229.0,60.0,58.0,2166.0,17,031,830008,1,170318300081
3.0,7.0,9.0,4.0,1.0,2.0,5.0,2.0,2.0,63.0,235.0,113.0,120.0,19.0,181.0,93.0,859.0,17,031,830008,2,170318300082
51.0,60.0,4.0,131.0,8.0,2.0,54.0,32.0,13.0,157.0,140.0,385.0,34.0,291.0,135.0,106.0,1603.0,17,031,830008,3,170318300083
203.0,1.0,21.0,133.0,1.0,141.0,139.0,105.0,160.0,84.0,233.0,425.0,212.0,161.0,145.0,87.0,2251.0,17,031,830100,1,170318301001
4.0,74.0,11.0,7.0,37.0,100.0,54.0,0.0,3.0,86.0,57.0,147.0,163.0,135.0,118.0,34.0,1030.0,17,031,830100,2,170318301002
217.0,110.0,20.0,93.0,252.0,28.0,102.0,103.0,316.0,0.0,32.0,95.0,4.0,71.0,213.0,159.0,1815.0,17,031,830201,1,170318302011
82.0,150.0,26.0,77.0,28.0,172.0,30.0,11.0,204.0,232.0,600.0,434.0,282.0,167.0,180.0,105.0,2780.0,17,031,830201,2,170318302012
0.0,134.0,43.0,0.0,64.0,185.0,88.0,1.0,5.0,137.0,97.0,145.0,183.0,110.0,46.0,50.0,1288.0,17,031,830201,3,170318302013
11.0,174.0,12.0,7.0,9.0,0.0,12.0,92.0,1.0,124.0,189.0,249.0,316.0,287.0,112.0,150.0,1745.0,17,031,830202,1,170318302021
12.0,0.0,14.0,191.0,2.0,21.0,3.0,16.0,14.0,71.0,183.0,616.0,98.0,127.0,61.0,75.0,1504.0,17,031,830202,2,170318302022
280.0,87.0,55.0,66.0,106.0,5.0,76.0,58.0,3.0,18.0,332.0,347.0,62.0,30.0,28.0,34.0,1587.0,17,031,830300,1,170318303001
340.0,78.0,196.0,94.0,2.0,5.0,2.0,0.0,9.0,5.0,92.0,3.0,148.0,13.0,32.0,49.0,1068.0,17,031,830300,2,170318303002
50.0,156.0,22.0,187.0,74.0,15.0,103.0,82.0,0.0,83.0,162.0,37.0,14.0,54.0,28.0,42.0,1109.0,17,031,830300,3,170318303003
235.0,124.0,61.0,4.0,4.0,17.0,6.0,125.0,2.0,59.0,5.0,61.0,9.0,46.0,30.0,58.0,846.0,17,031,830300,4,170318303004
135.0,87.0,5.0,8.0,12.0,90.0,1.0,1.0,10.0,7.0,7.0,177.0,146.0,8.0,30.0,56.0,780.0,17,031,830400,1,170318304001
97.0,5.0,2.0,7.0,21.0,46.0,71.0,20.0,1.0,117.0,31.0,17.0,16.0,3.0,50.0,84.0,588.0,17,031,830400,2,170318304002
139.0,111.0,129.0,21.0,61.0,31.0,76.0,145.0,108.0,363.0,246.0,293.0,86.0,137.0,33.0,186.0,2165.0,17,031,830400,3,170318304003
48.0,50.0,2.0,0.0,92.0,24.0,14.0,2.0,3.0,163.0,72.0,197.0,9.0,42.0,44.0,53.0,815.0,17,031,830400,4,170318304004
6.0,70.0,146.0,34.0,0.0,64.0,105.0,203.0,271.0,181.0,130.0,40.0,14.0,5.0,38.0,55.0,1362.0,17,031,830500,1,170318305001
48.0,7.0,163.0,116.0,53.0,128.0,80.0,83.0,91.0,162.0,333.0,242.0,29.0,8.0,31.0,38.0,1612.0,17,031,830500,2,170318305002
22.0,147.0,8.0,149.0,149.0,186.0,9.0,60.0,38.0,49.0,115.0,97.0,44.0,11.0,30.0,53.0,1167.0,17,031,830500,3,170318305003
12.0,99.0,30.0,3.0,17.0,6.0,6.0,3.0,79.0,124.0,38.0,130.0,162.0,27.0,68.0,131.0,935.0,17,031,830600,1,170318306001
165.0,107.0,110.0,38.0,154.0,171.0,90.0,31.0,154.0,239.0,97.0,94.0,162.0,52.0,66.0,70.0,1800.0,17,031,830600,2,170318306002
34.0,53.0,52.0,109.0,1.0,54.0,89.0,64.0,26.0,35.0,128.0,127.0,26.0,44.0,33.0,70.0,945.0,17,031,830600,3,170318306003
12.0,0.0,27.0,109.0,84.0,78.0,25.0,88.0,109.0,42.0,1.0,163.0,84.0,116.0,25.0,91.0,1054.0,17,031,830600,4,170318306004
23.0,54.0,0.0,12.0,83.0,42.0,65.0,30.0,42.0,24.0,30.0,30.0,35.0,20.0,103.0,64.0,657.0,17,031,830700,1,170318307001
4.0,0.0,5.0,9.0,4.0,2.0,15.0,5.0,16.0,3.0,173.0,116.0,36.0,16.0,50.0,157.0,611.0,17,031,830700,2,170318307002
302.0,92.0,54.0,4.0,77.0,4.0,42.0,32.0,38.0,32.0,21.0,104.0,4.0,80.0,73.0,65.0,1024.0,17,031,830700,3,170318307003
288.0,21.0,8.0,46.0,61.0,53.0,0.0,5.0,37.0,10.0,27.0,45.0,25.0,28.0,81.0,68.0,803.0,17,031,830700,4,170318307004
33.0,6.0,1.0,6.0,5.0,10.0,67.0,83.0,1.0,43.0,99.0,105.0,52.0,75.0,65.0,167.0,818.0,17,031,830800,1,170318308001
78.0,1.0,1.0,0.0,4.0,36.0,30.0,5.0,2.0,13.0,83.0,39.0,129.0,17.0,51.0,39.0,528.0,17,031,830800,2,170318308002
54.0,53.0,36.0,12.0,60.0,30.0,20.0,58.0,2.0,120.0,149.0,216.0,12.0,70.0,84.0,157.0,1133.0,17,031,830800,3,170318308003
8.0,6.0,4.0,4.0,4.0,49.0,4.0,15.0,1.0,98.0,111.0,35.0,118.0,119.0,258.0,237.0,1071.0,17,031,830900,1,170318309001
3.0,22.0,37.0,46.0,4.0,8.0,1.0,29.0,30.0,10.0,108.0,60.0,191.0,71.0,136.0,122.0,878.0,17,031,830900,2,170318309002
0.0,23.0,11.0,33.0,52.0,4.0,3.0,17.0,2.0,50.0,173.0,174.0,71.0,96.0,149.0,49.0,907.0,17,031,830900,3,170318309003
1.0,1.0,0.0,7.0,7.0,27.0,0.0,22.0,1.0,0.0,39.0,120.0,37.0,107.0,315.0,266.0,950.0,17,031,831000,1,170318310001
3.0,19.0,9.0,51.0,88.0,12.0,20.0,0.0,16.0,65.0,169.0,32.0,138.0,164.0,305.0,372.0,1463.0,17,031,831000,2,170318310002
8.0,6.0,133.0,1.0,47.0,7.0,94.0,61.0,174.0,10.0,74.0,209.0,49.0,90.0,119.0,74.0,1156.0,17,031,831100,1,170318311001
166.0,3.0,130.0,0.0,34.0,276.0,73.0,0.0,37.0,29.0,95.0,149.0,193.0,8.0,107.0,54.0,1354.0,17,031,831100,2,170318311002
109.0,40.0,5.0,310.0,107.0,103.0,77.0,73.0,92.0,94.0,486.0,66.0,41.0,169.0,39.0,135.0,1946.0,17,031,831100,3,170318311003
306.0,42.0,9.0,228.0,171.0,91.0,71.0,210.0,214.0,457.0,526.0,88.0,249.0,122.0,203.0,115.0,3102.0,17,031,831100,4,170318311004
10.0,2.0,66.0,131.0,21.0,111.0,38.0,54.0,4.0,49.0,24.0,143.0,14.0,10.0,128.0,38.0,843.0,17,031,831200,1,170318312001
76.0,111.0,1.0,399.0,187.0,190.0,164.0,55.0,76.0,23.0,353.0,163.0,19.0,212.0,62.0,81.0,2172.0,17,031,831200,2,170318312002
315.0,14.0,269.0,231.0,157.0,105.0,86.0,71.0,24.0,176.0,258.0,4.0,97.0,44.0,38.0,47.0,1936.0,17,031,831200,3,170318312003
48.0,36.0,3.0,11.0,214.0,89.0,271.0,175.0,3.0,141.0,66.0,3.0,17.0,15.0,22.0,76.0,1190.0,17,031,831300,1,170318313001
72.0,38.0,47.0,3.0,4.0,57.0,36.0,5.0,24.0,5.0,37.0,33.0,18.0,24.0,61.0,29.0,493.0,17,031,831400,1,170318314001
297.0,24.0,267.0,162.0,41.0,196.0,80.0,81.0,70.0,85.0,235.0,156.0,125.0,65.0,48.0,64.0,1996.0,17,031,831400,2,170318314002
86.0,128.0,93.0,93.0,0.0,100.0,60.0,132.0,52.0,597.0,224.0,208.0,174.0,42.0,49.0,62.0,2100.0,17,031,831500,1,170318315001
190.0,45.0,2.0,3.0,5.0,31.0,48.0,27.0,34.0,1.0,116.0,274.0,196.0,265.0,152.0,38.0,1427.0,17,031,831500,2,170318315002
159.0,121.0,4.0,9.0,59.0,55.0,61.0,194.0,105.0,259.0,274.0,279.0,17.0,63.0,15.0,67.0,1741.0,17,031,831600,1,170318316001
92.0,15.0,10.0,61.0,6.0,138.0,78.0,113.0,75.0,90.0,3.0,155.0,88.0,5.0,106.0,58.0,1093.0,17,031,831600,2,170318316002
14.0,6.0,85.0,62.0,96.0,59.0,8.0,0.0,1.0,143.0,6.0,135.0,9.0,42.0,18.0,42.0,726.0,17,031,831600,3,170318316003
153.0,159.0,62.0,17.0,203.0,50.0,26.0,1.0,1.0,35.0,27.0,63.0,13.0,86.0,43.0,87.0,1026.0,17,031,831600,4,170318316004
3.0,160.0,95.0,0.0,71.0,3.0,164.0,136.0,30.0,179.0,8.0,243.0,109.0,14.0,37.0,39.0,1291.0,17,031,831600,5,170318316005
46.0,7.0,0.0,8.0,107.0,137.0,127.0,6.0,70.0,82.0,62.0,193.0,33.0,7.0,27.0,101.0,1013.0,17,031,831600,6,170318316006
269.0,25.0,85.0,189.0,47.0,65.0,137.0,91.0,52.0,117.0,252.0,161.0,315.0,85.0,240.0,128.0,2258.0,17,031,831700,1,170318317001
3.0,3.0,0.0,0.0,4.0,1.0,54.0,66.0,0.0,210.0,2.0,76.0,105.0,62.0,124.0,45.0,755.0,17,031,831800,1,170318318001
0.0,3.0,69.0,12.0,116.0,88.0,93.0,5.0,45.0,2.0,1.0,308.0,20.0,106.0,140.0,102.0,1110.0,17,031,831800,2,170318318002
223.0,102.0,52.0,37.0,11.0,86.0,6.0,8.0,5.0,8.0,102.0,253.0,237.0,60.0,191.0,103.0,1484.0,17,031,831800,3,170318318003
84.0,3.0,171.0,62.0,13.0,142.0,12.0,70.0,100.0,0.0,9.0,147.0,76.0,19.0,29.0,49.0,986.0,17,031,831800,4,170318318004
7.0,2.0,1.0,42.0,1.0,12.0,29.0,30.0,4.0,147.0,314.0,321.0,245.0,2.0,189.0,52.0,1398.0,17,031,831800,5,170318318005
0.0,0.0,12.0,14.0,0.0,2.0,42.0,149.0,26.0,7.0,31.0,275.0,200.0,240.0,140.0,391.0,1529.0,17,031,831900,1,170318319001
32.0,40.0,14.0,59.0,1.0,7.0,73.0,52.0,62.0,19.0,88.0,110.0,96.0,43.0,132.0,254.0,1082.0,17,031,831900,2,170318319002
45.0,69.0,9.0,115.0,72.0,26.0,65.0,85.0,104.0,43.0,116.0,251.0,191.0,203.0,322.0,425.0,2141.0,17,031,832000,1,170318320001
133.0,125.0,182.0,110.0,33.0,29.0,18.0,6.0,10.0,104.0,89.0,197.0,250.0,70.0,70.0,178.0,1604.0,17,031,832100,1,170318321001
16.0,1.0,1.0,5.0,6.0,6.0,42.0,51.0,14.0,8.0,28.0,103.0,32.0,77.0,101.0,229.0,720.0,17,031,832100,2,170318321002
98.0,2.0,13.0,10.0,2.0,7.0,47.0,18.0,21.0,57.0,109.0,119.0,59.0,45.0,103.0,128.0,838.0,17,031,832100,3,170318321003
52.0,5.0,2.0,53.0,56.0,5.0,5.0,2.0,63.0,20.0,95.0,89.0,71.0,48.0,121.0,120.0,807.0,17,031,832200,1,170318322001
58.0,104.0,14.0,35.0,30.0,6.0,8.0,29.0,94.0,27.0,243.0,137.0,56.0,102.0,307.0,307.0,1557.0,17,031,832200,2,170318322002
0.0,1.0,3.0,10.0,0.0,0.0,1.0,0.0,17.0,57.0,25.0,90.0,89.0,192.0,89.0,226.0,800.0,17,031,832200,3,170318322003
36.0,63.0,16.0,64.0,33.0,108.0,12.0,5.0,7.0,60.0,152.0,316.0,317.0,166.0,305.0,290.0,1950.0,17,031,832300,1,170318323001
38.0,52.0,100.0,7.0,112.0,169.0,18.0,24.0,81.0,123.0,50.0,199.0,204.0,133.0,306.0,380.0,1996.0,17,031,832400,1,170318324001
15.0,3.0,12.0,152.0,24.0,3.0,19.0,41.0,1.0,174.0,48.0,102.0,93.0,83.0,203.0,336.0,1309.0,17,031,832400,2,170318324002
420.0,112.0,40.0,6.0,92.0,10.0,1.0,2.0,61.0,92.0,8.0,46.0,154.0,34.0,145.0,227.0,1450.0,17,031,832500,1,170318325001
123.0,41.0,26.0,3.0,1.0,75.0,32.0,3.0,0.0,74.0,164.0,161.0,89.0,129.0,169.0,659.0,1749.0,17,031,832500,2,170318325002
6.0,4.0,0.0,1.0,0.0,1.0,16.0,2.0,0.0,1.0,25.0,68.0,105.0,94.0,293.0,467.0,1083.0,17,031,832600,1,170318326001
18.0,5.0,2.0,18.0,19.0,0.0,2.0,49.0,1.0,16.0,73.0,91.0,61.0,87.0,228.0,322.0,992.0,17,031,832600,2,170318326002
3.0,30.0,11.0,54.0,10.0,19.0,60.0,33.0,103.0,119.0,141.0,190.0,304.0,139.0,380.0,482.0,2078.0,17,031,832600,3,170318326003
345.0,145.0,4.0,30.0,95.0,54.0,49.0,31.0,49.0,28.0,61.0,114.0,49.0,74.0,193.0,224.0,1545.0,17,031,832900,1,170318329001
70.0,3.0,19.0,10.0,18.0,73.0,18.0,32.0,2.0,17.0,21.0,14.0,47.0,61.0,125.0,165.0,695.0,17,031,832900,2,170318329002
53.0,1.0,5.0,2.0,4.0,6.0,22.0,82.0,1.0,4.0,230.0,225.0,59.0,249.0,180.0,269.0,1392.0,17,031,833000,1,170318330001
155.0,61.0,14.0,18.0,2.0,13.0,3.0,2.0,2.0,3.0,52.0,123.0,179.0,40.0,397.0,222.0,1286.0,17,031,833000,2,170318330002
109.0,3.0,15.0,1.0,212.0,4.0,62.0,44.0,1.0,145.0,165.0,374.0,310.0,303.0,595.0,847.0,3190.0,17,031,833100,1,170318331001
295.0,15.0,83.0,0.0,17.0,2.0,3.0,5.0,1.0,0.0,70.0,72.0,189.0,242.0,208.0,301.0,1503.0,17,031,833100,2,170318331002
399.0,85.0,20.0,55.0,6.0,1.0,3.0,6.0,19.0,117.0,180.0,254.0,226.0,278.0,201.0,416.0,2266.0,17,031,833100,3,170318331003
359.0,35.0,218.0,61.0,246.0,2.0,38.0,2.0,69.0,160.0,58.0,338.0,205.0,156.0,145.0,286.0,2378.0,17,031,833300,1,170318333001
225.0,8.0,128.0,62.0,150.0,147.0,36.0,9.0,42.0,47.0,3.0,87.0,12.0,33.0,100.0,34.0,1123.0,17,031,833900,1,170318339001
150.0,128.0,232.0,41.0,0.0,5.0,7.0,78.0,9.0,37.0,92.0,1.0,65.0,8.0,46.0,47.0,946.0,17,031,833900,2,170318339002
285.0,241.0,99.0,81.0,135.0,414.0,302.0,104.0,168.0,199.0,172.0,83.0,220.0,14.0,104.0,56.0,2677.0,17,031,834000,1,170318340001
60.0,45.0,42.0,78.0,27.0,21.0,10.0,1.0,40.0,152.0,12.0,32.0,65.0,35.0,181.0,85.0,886.0,17,031,834000,2,170318340002
124.0,5.0,39.0,27.0,10.0,41.0,59.0,131.0,25.0,2.0,81.0,38.0,157.0,20.0,57.0,37.0,853.0,17,031,834200,1,170318342001
229.0,80.0,93.0,6.0,0.0,6.0,77.0,11.0,1.0,62.0,52.0,3.0,27.0,10.0,1.0,89.0,747.0,17,031,834200,2,170318342002
350.0,86.0,30.0,171.0,6.0,78.0,0.0,72.0,9.0,6.0,103.0,137.0,39.0,29.0,97.0,50.0,1263.0,17,031,834200,3,170318342003
278.0,129.0,252.0,126.0,36.0,0.0,2.0,3.0,4.0,215.0,108.0,3.0,60.0,15.0,30.0,46.0,1307.0,17,031,834200,4,170318342004
1.0,159.0,3.0,7.0,4.0,67.0,107.0,8.0,41.0,3.0,3.0,138.0,86.0,254.0,53.0,77.0,1011.0,17,031,834300,1,170318343001
319.0,46.0,79.0,84.0,162.0,109.0,2.0,59.0,82.0,90.0,169.0,26.0,52.0,30.0,28.0,56.0,1393.0,17,031,834300,2,170318343002
91.0,23.0,1.0,20.0,1.0,1.0,0.0,23.0,16.0,42.0,33.0,64.0,11.0,29.0,29.0,50.0,434.0,17,031,834300,3,170318343003
4.0,16.0,3.0,76.0,4.0,26.0,0.0,186.0,79.0,10.0,8.0,157.0,69.0,9.0,101.0,48.0,796.0,17,031,834300,4,170318343004
112.0,21.0,16.0,109.0,8.0,11.0,83.0,20.0,2.0,120.0,47.0,296.0,282.0,18.0,92.0,59.0,1296.0,17,031,834300,5,170318343005
35.0,8.0,254.0,54.0,5.0,93.0,46.0,78.0,178.0,73.0,87.0,198.0,159.0,52.0,28.0,116.0,1464.0,17,031,834300,6,170318343006
184.0,154.0,58.0,6.0,58.0,91.0,48.0,0.0,41.0,0.0,10.0,22.0,60.0,17.0,44.0,62.0,855.0,17,031,834400,1,170318344001
120.0,113.0,13.0,117.0,127.0,4.0,88.0,43.0,23.0,107.0,223.0,168.0,279.0,144.0,86.0,94.0,1749.0,17,031,834400,2,170318344002
130.0,2.0,76.0,147.0,205.0,19.0,79.0,55.0,12.0,109.0,152.0,128.0,69.0,36.0,149.0,96.0,1464.0,17,031,834400,3,170318344003
430.0,82.0,73.0,97.0,43.0,65.0,57.0,141.0,9.0,71.0,71.0,170.0,100.0,18.0,22.0,32.0,1481.0,17,031,834500,1,170318345001
0.0,0.0,32.0,2.0,20.0,3.0,7.0,11.0,1.0,1.0,1.0,5.0,8.0,16.0,24.0,45.0,176.0,17,031,834600,1,170318346001
101.0,88.0,99.0,12.0,5.0,2.0,2.0,18.0,7.0,5.0,25.0,8.0,21.0,7.0,21.0,58.0,479.0,17,031,834600,2,170318346002
121.0,207.0,119.0,51.0,2.0,92.0,0.0,5.0,0.0,2.0,133.0,90.0,6.0,28.0,20.0,50.0,926.0,17,031,834600,3,170318346003
478.0,31.0,1.0,79.0,67.0,252.0,90.0,112.0,58.0,58.0,7.0,72.0,38.0,12.0,37.0,64.0,1456.0,17,031,834600,4,170318346004
68.0,121.0,3.0,19.0,1.0,24.0,53.0,43.0,2.0,19.0,0.0,2.0,11.0,24.0,37.0,53.0,480.0,17,031,834700,1,170318347001
267.0,0.0,26.0,7.0,60.0,2.0,17.0,56.0,1.0,9.0,31.0,59.0,31.0,6.0,52.0,47.0,671.0,17,031,834700,2,170318347002
130.0,109.0,79.0,92.0,85.0,6.0,46.0,40.0,48.0,6.0,92.0,31.0,6.0,14.0,25.0,57.0,866.0,17,031,834700,3,170318347003
100.0,1.0,10.0,50.0,4.0,1.0,0.0,3.0,33.0,45.0,36.0,0.0,6.0,17.0,29.0,54.0,389.0,17,031,834800,1,170318348001
157.0,41.0,27.0,60.0,33.0,1.0,8.0,55.0,10.0,2.0,4.0,2.0,10.0,15.0,43.0,39.0,507.0,17,031,834800,2,170318348002
307.0,0.0,45.0,4.0,62.0,23.0,6.0,2.0,2.0,32.0,185.0,98.0,19.0,18.0,41.0,54.0,898.0,17,031,834800,3,170318348003
174.0,97.0,2.0,33.0,4.0,80.0,51.0,40.0,7.0,76.0,1.0,83.0,36.0,27.0,35.0,72.0,818.0,17,031,834900,1,170318349001
356.0,301.0,133.0,134.0,74.0,22.0,75.0,11.0,3.0,8.0,101.0,35.0,26.0,21.0,35.0,45.0,1380.0,17,031,834900,2,170318349002
86.0,7.0,127.0,118.0,8.0,3.0,41.0,17.0,85.0,64.0,14.0,70.0,53.0,37.0,60.0,27.0,817.0,17,031,835000,1,170318350001
263.0,43.0,30.0,104.0,288.0,43.0,0.0,122.0,1.0,37.0,28.0,5.0,23.0,14.0,36.0,42.0,1079.0,17,031,835000,2,170318350002
158.0,35.0,172.0,32.0,186.0,130.0,50.0,56.0,0.0,148.0,126.0,47.0,46.0,20.0,31.0,47.0,1284.0,17,031,835000,3,170318350003
394.0,207.0,259.0,48.0,17.0,110.0,31.0,2.0,0.0,81.0,216.0,94.0,19.0,18.0,32.0,55.0,1583.0,17,031,835000,4,170318350004
162.0,48.0,88.0,20.0,150.0,3.0,0.0,94.0,46.0,49.0,0.0,130.0,84.0,23.0,31.0,59.0,987.0,17,031,835000,5,170318350005
111.0,33.0,116.0,99.0,109.0,56.0,2.0,81.0,118.0,93.0,191.0,99.0,40.0,36.0,35.0,52.0,1271.0,17,031,835100,1,170318351001
28.0,57.0,0.0,101.0,258.0,96.0,130.0,1.0,23.0,2.0,217.0,0.0,102.0,14.0,31.0,90.0,1150.0,17,031,835100,2,170318351002
59.0,47.0,182.0,59.0,80.0,79.0,209.0,7.0,130.0,268.0,7.0,262.0,8.0,35.0,27.0,54.0,1513.0,17,031,835100,3,170318351003
144.0,6.0,32.0,19.0,138.0,62.0,203.0,124.0,36.0,358.0,93.0,228.0,27.0,10.0,41.0,35.0,1556.0,17,031,835100,4,170318351004
50.0,56.0,248.0,85.0,128.0,135.0,62.0,47.0,63.0,158.0,321.0,48.0,161.0,85.0,104.0,84.0,1835.0,17,031,835200,1,170318352001
307.0,84.0,41.0,9.0,38.0,5.0,1.0,4.0,2.0,10.0,4.0,3.0,41.0,17.0,26.0,53.0,645.0,17,031,835500,1,170318355001
169.0,38.0,52.0,2.0,87.0,8.0,105.0,62.0,29.0,1.0,24.0,81.0,66.0,22.0,31.0,69.0,846.0,17,031,835500,2,170318355002
100.0,38.0,147.0,6.0,5.0,5.0,5.0,0.0,5.0,41.0,0.0,58.0,62.0,0.0,32.0,47.0,551.0,17,031,835600,1,170318356001
90.0,10.0,12.0,15.0,8.0,29.0,11.0,15.0,8.0,12.0,30.0,17.0,15.0,23.0,18.0,81.0,394.0,17,031,835600,2,170318356002
220.0,0.0,3.0,0.0,0.0,7.0,9.0,1.0,0.0,3.0,3.0,1.0,12.0,5.0,28.0,52.0,344.0,17,031,835700,1,170318357001
284.0,83.0,3.0,55.0,16.0,38.0,59.0,8.0,31.0,132.0,129.0,71.0,224.0,90.0,99.0,98.0,1420.0,17,031,835800,1,170318358001
502.0,198.0,143.0,75.0,22.0,12.0,30.0,3.0,38.0,35.0,47.0,48.0,117.0,28.0,99.0,50.0,1447.0,17,031,835900,1,170318359001
160.0,119.0,53.0,17.0,5.0,28.0,5.0,14.0,50.0,127.0,109.0,48.0,149.0,3.0,17.0,44.0,948.0,17,031,835900,2,170318359002
271.0,105.0,95.0,72.0,20.0,174.0,5.0,18.0,26.0,35.0,48.0,1.0,53.0,22.0,94.0,58.0,1097.0,17,031,835900,3,170318359003
214.0,42.0,11.0,0.0,11.0,15.0,4.0,49.0,0.0,177.0,44.0,112.0,17.0,11.0,57.0,67.0,831.0,17,031,836000,1,170318360001
1.0,4.0,7.0,1.0,3.0,0.0,21.0,0.0,10.0,19.0,68.0,335.0,25.0,32.0,85.0,104.0,715.0,17,031,836000,2,170318360002
107.0,55.0,52.0,129.0,2.0,2.0,77.0,7.0,172.0,120.0,85.0,2.0,18.0,59.0,120.0,68.0,1075.0,17,031,836000,3,170318360003
224.0,32.0,53.0,2.0,74.0,53.0,95.0,35.0,18.0,63.0,50.0,42.0,32.0,19.0,55.0,167.0,1014.0,17,031,836100,1,170318361001
178.0,36.0,109.0,31.0,7.0,0.0,3.0,5.0,9.0,116.0,125.0,0.0,13.0,3.0,52.0,70.0,757.0,17,031,836100,3,170318361003
2.0,2.0,2.0,2.0,5.0,5.0,1.0,2.0,5.0,1.0,22.0,38.0,86.0,9.0,20.0,68.0,270.0,17,031,836200,1,170318362001
62.0,1.0,30.0,11.0,24.0,24.0,12.0,20.0,28.0,61.0,166.0,142.0,16.0,14.0,31.0,66.0,708.0,17,031,836300,1,170318363001
43.0,5.0,31.0,43.0,31.0,26.0,6.0,23.0,5.0,36.0,83.0,102.0,66.0,104.0,92.0,99.0,795.0,17,031,836300,2,170318363002
231.0,101.0,92.0,5.0,4.0,27.0,0.0,9.0,31.0,9.0,70.0,6.0,33.0,22.0,25.0,91.0,756.0,17,031,836400,1,170318364001
476.0,105.0,12.0,3.0,1.0,52.0,72.0,189.0,2.0,47.0,97.0,20.0,51.0,1.0,203.0,94.0,1425.0,17,031,836400,2,170318364002
34.0,151.0,41.0,21.0,15.0,1.0,27.0,6.0,2.0,64.0,42.0,38.0,105.0,121.0,67.0,251.0,986.0,17,031,836400,3,170318364003
170.0,208.0,93.0,164.0,144.0,64.0,91.0,5.0,32.0,11.0,48.0,0.0,13.0,26.0,35.0,44.0,1148.0,17,031,836500,1,170318365001
71.0,0.0,1.0,26.0,17.0,1.0,3.0,41.0,8.0,48.0,83.0,12.0,48.0,14.0,32.0,43.0,448.0,17,031,836500,2,170318365002
35.0,92.0,1.0,0.0,77.0,2.0,353.0,3.0,9.0,129.0,256.0,148.0,75.0,14.0,29.0,88.0,1311.0,17,031,836600,1,170318366001
291.0,62.0,4.0,126.0,5.0,1.0,29.0,1.0,17.0,31.0,120.0,74.0,180.0,58.0,49.0,56.0,1104.0,17,031,836600,2,170318366002
358.0,60.0,248.0,35.0,70.0,80.0,16.0,10.0,54.0,102.0,41.0,133.0,61.0,38.0,32.0,52.0,1390.0,17,031,836700,1,170318367001
236.0,42.0,70.0,108.0,76.0,134.0,65.0,4.0,8.0,84.0,17.0,63.0,116.0,26.0,25.0,41.0,1115.0,17,031,836700,2,170318367002
72.0,8.0,54.0,4.0,10.0,0.0,48.0,124.0,4.0,24.0,3.0,76.0,16.0,23.0,27.0,68.0,561.0,17,031,836800,1,170318368001
896.0,148.0,179.0,104.0,11.0,47.0,79.0,20.0,14.0,1.0,6.0,8.0,34.0,13.0,27.0,59.0,1646.0,17,031,836800,2,170318368002
175.0,31.0,1.0,56.0,63.0,4.0,3.0,6.0,53.0,53.0,147.0,90.0,67.0,23.0,30.0,64.0,866.0,17,031,836900,1,170318369001
58.0,75.0,11.0,42.0,22.0,2.0,27.0,99.0,3.0,107.0,29.0,18.0,35.0,85.0,23.0,57.0,693.0,17,031,836900,2,170318369002
467.0,93.0,41.0,27.0,48.0,47.0,47.0,75.0,1.0,78.0,34.0,23.0,84.0,21.0,24.0,92.0,1202.0,17,031,837000,1,170318370001
259.0,74.0,23.0,43.0,90.0,62.0,7.0,24.0,12.0,70.0,162.0,134.0,95.0,12.0,51.0,38.0,1156.0,17,031,837000,2,170318370002
136.0,77.0,6.0,46.0,22.0,8.0,4.0,11.0,0.0,1.0,35.0,50.0,14.0,33.0,33.0,61.0,537.0,17,031,837100,1,170318371001
220.0,300.0,47.0,49.0,40.0,26.0,139.0,41.0,1.0,2.0,50.0,126.0,91.0,78.0,82.0,56.0,1348.0,17,031,837100,2,170318371002
219.0,87.0,79.0,18.0,154.0,34.0,1.0,34.0,0.0,8.0,87.0,87.0,32.0,20.0,41.0,61.0,962.0,17,031,837300,1,170318373001
121.0,32.0,145.0,18.0,0.0,75.0,1.0,31.0,10.0,18.0,71.0,119.0,102.0,44.0,50.0,55.0,892.0,17,031,837300,2,170318373002
278.0,40.0,1.0,17.0,23.0,15.0,3.0,126.0,8.0,97.0,2.0,172.0,41.0,45.0,31.0,84.0,983.0,17,031,837400,1,170318374001
72.0,141.0,9.0,73.0,79.0,21.0,38.0,5.0,59.0,53.0,1.0,126.0,28.0,9.0,36.0,38.0,788.0,17,031,837400,2,170318374002
241.0,4.0,235.0,2.0,77.0,50.0,13.0,77.0,3.0,62.0,195.0,334.0,167.0,134.0,162.0,38.0,1794.0,17,031,837800,1,170318378001
99.0,63.0,114.0,55.0,85.0,112.0,29.0,75.0,51.0,80.0,187.0,40.0,115.0,42.0,27.0,105.0,1279.0,17,031,837800,2,170318378002
28.0,2.0,4.0,0.0,77.0,5.0,2.0,36.0,4.0,65.0,69.0,122.0,199.0,110.0,162.0,82.0,967.0,17,031,838000,1,170318380001
1014.0,291.0,39.0,14.0,59.0,10.0,74.0,80.0,3.0,23.0,10.0,72.0,77.0,41.0,21.0,67.0,1895.0,17,031,838000,2,170318380002
316.0,122.0,86.0,33.0,15.0,7.0,18.0,1.0,16.0,53.0,58.0,68.0,83.0,67.0,50.0,127.0,1120.0,17,031,838100,1,170318381001
56.0,2.0,7.0,5.0,53.0,13.0,1.0,1.0,9.0,5.0,6.0,4.0,12.0,8.0,42.0,48.0,272.0,17,031,838100,2,170318381002
120.0,2.0,1.0,1.0,3.0,2.0,3.0,4.0,1.0,35.0,0.0,80.0,56.0,42.0,30.0,63.0,443.0,17,031,838100,3,170318381003
130.0,1.0,55.0,16.0,0.0,23.0,24.0,8.0,47.0,63.0,76.0,53.0,65.0,82.0,93.0,48.0,784.0,17,031,838200,1,170318382001
4.0,30.0,3.0,0.0,7.0,5.0,5.0,4.0,11.0,3.0,6.0,1.0,14.0,21.0,12.0,44.0,170.0,17,031,838200,2,170318382002
240.0,35.0,62.0,9.0,18.0,17.0,15.0,3.0,13.0,17.0,28.0,117.0,52.0,56.0,92.0,121.0,895.0,17,031,838300,1,170318383001
6.0,17.0,5.0,39.0,12.0,87.0,1.0,3.0,0.0,52.0,31.0,34.0,22.0,14.0,28.0,55.0,406.0,17,031,838300,2,170318383002
170.0,89.0,115.0,3.0,3.0,5.0,1.0,1.0,36.0,35.0,1.0,10.0,12.0,3.0,18.0,67.0,569.0,17,031,838600,1,170318386001
255.0,61.0,2.0,1.0,88.0,0.0,1.0,1.0,5.0,1.0,1.0,146.0,5.0,12.0,27.0,39.0,645.0,17,031,838600,2,170318386002
799.0,206.0,248.0,118.0,3.0,88.0,224.0,16.0,83.0,4.0,338.0,1.0,5.0,15.0,34.0,48.0,2230.0,17,031,838700,1,170318387001
84.0,135.0,93.0,80.0,72.0,93.0,13.0,2.0,36.0,34.0,33.0,63.0,11.0,20.0,27.0,36.0,832.0,17,031,838700,2,170318387002
328.0,102.0,1.0,120.0,45.0,0.0,48.0,7.0,2.0,52.0,208.0,4.0,50.0,21.0,31.0,77.0,1096.0,17,031,838700,3,170318387003
192.0,6.0,89.0,107.0,3.0,12.0,15.0,1.0,3.0,36.0,114.0,62.0,20.0,19.0,7.0,29.0,715.0,17,031,838700,4,170318387004
69.0,132.0,3.0,0.0,75.0,2.0,2.0,8.0,5.0,62.0,133.0,99.0,140.0,4.0,35.0,48.0,817.0,17,031,838800,1,170318388001
698.0,159.0,341.0,104.0,163.0,75.0,94.0,158.0,34.0,194.0,37.0,206.0,16.0,11.0,27.0,70.0,2387.0,17,031,838800,2,170318388002
85.0,239.0,1.0,28.0,119.0,126.0,46.0,2.0,103.0,88.0,225.0,429.0,165.0,164.0,723.0,277.0,2820.0,17,031,839000,1,170318390001
154.0,217.0,2.0,1.0,145.0,83.0,4.0,2.0,179.0,76.0,142.0,709.0,282.0,278.0,194.0,218.0,2686.0,17,031,839000,2,170318390002
264.0,2.0,3.0,87.0,6.0,14.0,4.0,101.0,17.0,38.0,94.0,72.0,123.0,76.0,67.0,169.0,1137.0,17,031,839000,3,170318390003
5.0,3.0,3.0,3.0,0.0,53.0,26.0,0.0,3.0,0.0,121.0,93.0,191.0,165.0,113.0,117.0,896.0,17,031,839000,4,170318390004
348.0,11.0,48.0,36.0,53.0,5.0,47.0,62.0,45.0,116.0,429.0,324.0,185.0,126.0,219.0,475.0,2529.0,17,031,839100,1,170318391001
109.0,63.0,73.0,15.0,45.0,4.0,15.0,31.0,8.0,66.0,31.0,309.0,104.0,139.0,252.0,223.0,1487.0,17,031,839100,2,170318391002
0.0,6.0,7.0,2.0,38.0,5.0,2.0,33.0,2.0,1.0,49.0,1.0,25.0,17.0,38.0,42.0,268.0,17,031,839200,1,170318392001
236.0,21.0,1.0,94.0,5.0,23.0,119.0,34.0,9.0,77.0,158.0,223.0,26.0,74.0,79.0,57.0,1236.0,17,031,839200,2,170318392002
170.0,42.0,0.0,60.0,45.0,3.0,1.0,55.0,3.0,17.0,80.0,77.0,27.0,20.0,22.0,58.0,680.0,17,031,839200,3,170318392003
272.0,174.0,92.0,58.0,6.0,29.0,4.0,24.0,1.0,3.0,151.0,98.0,66.0,42.0,93.0,112.0,1225.0,17,031,839500,1,170318395001
190.0,48.0,22.0,70.0,13.0,20.0,21.0,1.0,13.0,49.0,20.0,68.0,37.0,41.0,63.0,42.0,718.0,17,031,839600,1,170318396001
97.0,63.0,112.0,102.0,3.0,33.0,3.0,5.0,0.0,0.0,37.0,63.0,89.0,31.0,130.0,78.0,846.0,17,031,839600,2,170318396002
122.0,14.0,16.0,106.0,39.0,129.0,87.0,47.0,2.0,90.0,3.0,159.0,96.0,123.0,34.0,175.0,1242.0,17,031,839700,1,170318397001
55.0,121.0,40.0,59.0,93.0,231.0,92.0,1.0,83.0,119.0,106.0,275.0,20.0,70.0,52.0,51.0,1468.0,17,031,839700,2,170318397002
260.0,117.0,18.0,121.0,75.0,278.0,84.0,58.0,23.0,94.0,171.0,284.0,108.0,46.0,47.0,174.0,1958.0,17,031,839700,3,170318397003
6.0,0.0,74.0,59.0,47.0,15.0,1.0,6.0,39.0,87.0,48.0,49.0,98.0,29.0,92.0,44.0,694.0,17,031,839800,1,170318398001
32.0,60.0,85.0,1.0,109.0,73.0,40.0,52.0,12.0,90.0,62.0,122.0,120.0,52.0,105.0,62.0,1077.0,17,031,839800,2,170318398002
103.0,32.0,9.0,2.0,13.0,57.0,2.0,12.0,45.0,7.0,24.0,138.0,109.0,68.0,79.0,89.0,789.0,17,031,839800,3,170318398003
71.0,53.0,35.0,7.0,59.0,3.0,1.0,2.0,6.0,28.0,60.0,130.0,43.0,29.0,48.0,84.0,659.0,17,031,839900,1,170318399001
131.0,54.0,0.0,21.0,4.0,39.0,0.0,7.0,97.0,7.0,119.0,186.0,61.0,170.0,59.0,78.0,1033.0,17,031,839900,2,170318399002
75.0,23.0,12.0,57.0,6.0,10.0,26.0,52.0,45.0,3.0,10.0,38.0,58.0,45.0,109.0,66.0,635.0,17,031,839900,3,170318399003
3.0,52.0,6.0,1.0,17.0,17.0,51.0,54.0,0.0,66.0,80.0,96.0,54.0,59.0,112.0,47.0,715.0,17,031,839900,4,170318399004
199.0,8.0,4.0,9.0,21.0,2.0,10.0,4.0,12.0,89.0,8.0,83.0,107.0,35.0,84.0,68.0,743.0,17,031,839900,5,170318399005
75.0,141.0,102.0,177.0,69.0,36.0,56.0,38.0,222.0,148.0,112.0,210.0,88.0,156.0,85.0,141.0,1856.0,17,031,840000,1,170318400001
3.0,16.0,0.0,2.0,0.0,0.0,106.0,3.0,10.0,8.0,16.0,82.0,149.0,61.0,166.0,143.0,765.0,17,031,840000,2,170318400002
80.0,3.0,87.0,37.0,4.0,7.0,138.0,4.0,3.0,51.0,98.0,9.0,47.0,18.0,43.0,51.0,680.0,17,031,840100,1,170318401001
166.0,98.0,80.0,272.0,91.0,123.0,109.0,81.0,34.0,32.0,172.0,169.0,14.0,15.0,41.0,93.0,1590.0,17,031,840100,2,170318401002
323.0,104.0,101.0,178.0,99.0,179.0,43.0,82.0,136.0,167.0,338.0,313.0,105.0,166.0,93.0,107.0,2534.0,17,031,840200,1,170318402001
32.0,14.0,11.0,14.0,56.0,94.0,2.0,20.0,6.0,81.0,13.0,37.0,39.0,41.0,55.0,35.0,550.0,17,031,840300,1,170318403001
92.0,10.0,7.0,1.0,39.0,40.0,94.0,18.0,16.0,144.0,149.0,146.0,59.0,111.0,29.0,46.0,1001.0,17,031,840300,2,170318403002
226.0,97.0,102.0,181.0,38.0,202.0,223.0,187.0,60.0,411.0,247.0,176.0,34.0,116.0,123.0,83.0,2506.0,17,031,840300,3,170318403003
268.0,4.0,318.0,19.0,122.0,48.0,5.0,5.0,21.0,89.0,0.0,128.0,61.0,82.0,89.0,63.0,1322.0,17,031,840400,1,170318404001
204.0,100.0,165.0,51.0,65.0,138.0,110.0,59.0,199.0,63.0,233.0,197.0,73.0,88.0,61.0,80.0,1886.0,17,031,840400,2,170318404002
40.0,1.0,65.0,7.0,4.0,66.0,5.0,35.0,17.0,12.0,21.0,17.0,57.0,13.0,37.0,72.0,469.0,17,031,840700,1,170318407001
89.0,69.0,175.0,128.0,274.0,53.0,211.0,70.0,78.0,196.0,46.0,71.0,1.0,13.0,62.0,79.0,1615.0,17,031,840700,2,170318407002
257.0,136.0,69.0,451.0,97.0,189.0,49.0,141.0,175.0,32.0,3.0,11.0,113.0,31.0,26.0,42.0,1822.0,17,031,840700,3,170318407003
122.0,79.0,201.0,295.0,208.0,332.0,149.0,86.0,30.0,107.0,5.0,172.0,61.0,19.0,34.0,45.0,1945.0,17,031,840800,1,170318408001
135.0,136.0,141.0,100.0,95.0,107.0,173.0,19.0,122.0,60.0,153.0,74.0,8.0,24.0,22.0,50.0,1419.0,17,031,840800,2,170318408002
62.0,45.0,47.0,9.0,116.0,25.0,5.0,3.0,0.0,28.0,6.0,40.0,86.0,40.0,61.0,54.0,627.0,17,031,841000,1,170318410001
248.0,179.0,68.0,276.0,131.0,30.0,106.0,44.0,9.0,72.0,118.0,139.0,137.0,159.0,47.0,90.0,1853.0,17,031,841100,1,170318411001
609.0,360.0,105.0,37.0,116.0,135.0,130.0,56.0,2.0,99.0,453.0,33.0,18.0,134.0,53.0,38.0,2378.0,17,031,841100,2,170318411002
182.0,47.0,267.0,226.0,62.0,0.0,33.0,99.0,95.0,80.0,146.0,68.0,288.0,159.0,14.0,103.0,1869.0,17,031,841100,3,170318411003
554.0,210.0,61.0,4.0,94.0,244.0,11.0,29.0,3.0,15.0,32.0,8.0,13.0,18.0,36.0,57.0,1389.0,17,031,841100,4,170318411004
180.0,85.0,42.0,49.0,315.0,79.0,231.0,105.0,38.0,74.0,51.0,161.0,11.0,23.0,57.0,68.0,1569.0,17,031,841200,1,170318412001
64.0,6.0,78.0,137.0,201.0,276.0,11.0,18.0,142.0,354.0,143.0,190.0,89.0,94.0,64.0,37.0,1904.0,17,031,841200,2,170318412002
306.0,99.0,191.0,222.0,237.0,294.0,163.0,75.0,65.0,151.0,114.0,40.0,46.0,17.0,34.0,59.0,2113.0,17,031,841200,3,170318412003
4.0,2.0,1.0,203.0,34.0,78.0,130.0,72.0,48.0,44.0,30.0,246.0,9.0,110.0,23.0,92.0,1126.0,17,031,841300,1,170318413001
125.0,41.0,271.0,199.0,99.0,46.0,46.0,28.0,26.0,36.0,172.0,39.0,28.0,80.0,31.0,74.0,1341.0,17,031,841300,2,170318413002
138.0,102.0,109.0,36.0,12.0,62.0,24.0,3.0,85.0,34.0,78.0,81.0,37.0,15.0,75.0,66.0,957.0,17,031,841300,3,170318413003
112.0,36.0,0.0,126.0,7.0,27.0,58.0,8.0,2.0,109.0,6.0,17.0,75.0,19.0,31.0,38.0,671.0,17,031,841300,4,170318413004
158.0,27.0,55.0,19.0,1.0,8.0,121.0,4.0,6.0,25.0,128.0,36.0,4.0,32.0,42.0,51.0,717.0,17,031,841400,1,170318414001
114.0,2.0,1.0,36.0,98.0,2.0,0.0,9.0,2.0,15.0,82.0,94.0,9.0,29.0,20.0,36.0,549.0,17,031,841400,2,170318414002
452.0,196.0,15.0,98.0,170.0,49.0,0.0,19.0,50.0,6.0,43.0,78.0,59.0,41.0,57.0,68.0,1401.0,17,031,841500,1,170318415001
190.0,311.0,69.0,89.0,85.0,83.0,27.0,21.0,21.0,73.0,10.0,30.0,17.0,27.0,27.0,48.0,1128.0,17,031,841500,2,170318415002
325.0,1.0,39.0,141.0,1.0,9.0,0.0,23.0,27.0,8.0,2.0,26.0,99.0,17.0,30.0,54.0,802.0,17,031,841600,1,170318416001
313.0,351.0,164.0,60.0,113.0,12.0,67.0,78.0,33.0,61.0,103.0,43.0,35.0,30.0,40.0,64.0,1567.0,17,031,841700,1,170318417001
66.0,74.0,43.0,25.0,17.0,67.0,4.0,2.0,28.0,75.0,4.0,26.0,89.0,1.0,24.0,37.0,582.0,17,031,841800,1,170318418001
319.0,185.0,131.0,69.0,69.0,201.0,65.0,10.0,153.0,64.0,342.0,62.0,109.0,22.0,31.0,143.0,1975.0,17,031,841800,2,170318418002
59.0,11.0,1.0,12.0,2.0,6.0,7.0,4.0,0.0,87.0,118.0,173.0,310.0,54.0,257.0,186.0,1287.0,17,031,841900,1,170318419001
99.0,36.0,12.0,7.0,29.0,7.0,65.0,37.0,44.0,119.0,213.0,163.0,297.0,112.0,210.0,474.0,1924.0,17,031,841900,2,170318419002
44.0,1.0,10.0,0.0,6.0,0.0,36.0,0.0,59.0,13.0,52.0,109.0,101.0,30.0,67.0,85.0,613.0,17,031,842000,1,170318420001
0.0,1.0,3.0,0.0,4.0,0.0,4.0,1.0,2.0,0.0,2.0,0.0,35.0,20.0,49.0,98.0,219.0,17,031,842000,2,170318420002
313.0,3.0,288.0,88.0,33.0,146.0,0.0,2.0,2.0,271.0,69.0,269.0,53.0,10.0,89.0,96.0,1732.0,17,031,842100,1,170318421001
196.0,84.0,121.0,119.0,115.0,64.0,26.0,5.0,4.0,3.0,98.0,139.0,75.0,59.0,21.0,43.0,1172.0,17,031,842100,2,170318421002
145.0,3.0,6.0,5.0,66.0,127.0,4.0,0.0,2.0,0.0,116.0,53.0,10.0,15.0,31.0,67.0,650.0,17,031,842100,3,170318421003
215.0,235.0,199.0,13.0,188.0,116.0,4.0,2.0,1.0,108.0,1.0,82.0,99.0,65.0,22.0,43.0,1393.0,17,031,842100,4,170318421004
125.0,4.0,4.0,39.0,109.0,1.0,126.0,10.0,101.0,46.0,78.0,122.0,62.0,22.0,11.0,54.0,914.0,17,031,842100,5,170318421005
179.0,36.0,43.0,0.0,242.0,0.0,48.0,0.0,2.0,6.0,48.0,24.0,80.0,12.0,31.0,46.0,797.0,17,031,842100,6,170318421006
354.0,84.0,39.0,32.0,29.0,70.0,32.0,11.0,21.0,18.0,182.0,338.0,183.0,257.0,292.0,342.0,2284.0,17,031,842200,1,170318422001
124.0,24.0,56.0,43.0,92.0,14.0,5.0,4.0,52.0,62.0,45.0,72.0,264.0,168.0,136.0,178.0,1339.0,17,031,842300,1,170318423001
57.0,1.0,26.0,7.0,34.0,5.0,38.0,12.0,112.0,115.0,62.0,163.0,177.0,139.0,290.0,784.0,2022.0,17,031,842300,2,170318423002
3.0,53.0,117.0,37.0,37.0,63.0,83.0,24.0,9.0,2.0,325.0,81.0,35.0,10.0,54.0,86.0,1019.0,17,031,842400,1,170318424001
108.0,182.0,49.0,144.0,67.0,159.0,33.0,15.0,57.0,19.0,128.0,231.0,94.0,46.0,64.0,35.0,1431.0,17,031,842400,2,170318424002
214.0,46.0,12.0,87.0,63.0,2.0,131.0,1.0,0.0,25.0,130.0,25.0,17.0,4.0,26.0,42.0,825.0,17,031,842400,3,170318424003
1105.0,221.0,281.0,88.0,196.0,78.0,31.0,18.0,24.0,7.0,92.0,43.0,55.0,20.0,48.0,35.0,2342.0,17,031,842500,1,170318425001
101.0,34.0,92.0,4.0,0.0,36.0,145.0,42.0,122.0,81.0,163.0,242.0,80.0,17.0,198.0,134.0,1491.0,17,031,842600,1,170318426001
105.0,4.0,44.0,71.0,156.0,8.0,2.0,32.0,0.0,49.0,24.0,98.0,0.0,93.0,57.0,54.0,797.0,17,031,842600,2,170318426002
58.0,11.0,36.0,120.0,4.0,4.0,1.0,105.0,7.0,102.0,166.0,311.0,80.0,17.0,138.0,53.0,1213.0,17,031,842600,3,170318426003
232.0,127.0,49.0,28.0,12.0,10.0,0.0,19.0,25.0,91.0,137.0,189.0,148.0,142.0,168.0,58.0,1435.0,17,031,842600,4,170318426004
126.0,34.0,0.0,160.0,123.0,104.0,54.0,2.0,1.0,2.0,97.0,2.0,44.0,22.0,25.0,44.0,840.0,17,031,842800,1,170318428001
53.0,344.0,46.0,2.0,159.0,86.0,27.0,21.0,141.0,108.0,98.0,109.0,7.0,21.0,32.0,99.0,1353.0,17,031,842800,2,170318428002
36.0,56.0,245.0,45.0,36.0,19.0,27.0,55.0,0.0,198.0,82.0,64.0,159.0,20.0,37.0,54.0,1133.0,17,031,842800,3,170318428003
240.0,5.0,3.0,199.0,0.0,10.0,80.0,28.0,3.0,4.0,49.0,514.0,118.0,92.0,38.0,66.0,1449.0,17,031,842800,4,170318428004
56.0,92.0,334.0,15.0,229.0,194.0,44.0,81.0,100.0,196.0,293.0,58.0,116.0,45.0,47.0,57.0,1957.0,17,031,842800,5,170318428005
7.0,5.0,4.0,143.0,94.0,20.0,339.0,26.0,1.0,3.0,125.0,1.0,16.0,24.0,32.0,54.0,894.0,17,031,842800,6,170318428006
139.0,10.0,46.0,4.0,2.0,0.0,9.0,18.0,3.0,4.0,30.0,20.0,14.0,31.0,43.0,51.0,424.0,17,031,842900,1,170318429001
340.0,64.0,310.0,219.0,41.0,84.0,3.0,7.0,4.0,99.0,0.0,4.0,4.0,24.0,29.0,38.0,1270.0,17,031,842900,3,170318429003
37.0,76.0,8.0,4.0,4.0,0.0,3.0,0.0,6.0,41.0,4.0,33.0,17.0,12.0,26.0,63.0,334.0,17,031,842900,4,170318429004
475.0,180.0,207.0,109.0,108.0,199.0,123.0,0.0,36.0,9.0,8.0,44.0,86.0,11.0,32.0,43.0,1670.0,17,031,843000,1,170318430001
293.0,121.0,130.0,98.0,71.0,165.0,23.0,137.0,47.0,32.0,60.0,82.0,12.0,14.0,35.0,60.0,1380.0,17,031,843000,2,170318430002
280.0,165.0,70.0,125.0,10.0,182.0,147.0,71.0,30.0,42.0,163.0,21.0,66.0,16.0,21.0,66.0,1475.0,17,031,843100,1,170318431001
4.0,52.0,18.0,22.0,30.0,30.0,22.0,0.0,2.0,50.0,0.0,66.0,104.0,79.0,30.0,65.0,574.0,17,031,843100,2,170318431002
33.0,0.0,157.0,68.0,254.0,184.0,56.0,1.0,171.0,9.0,129.0,82.0,106.0,96.0,33.0,56.0,1435.0,17,031,843200,1,170318432001
53.0,53.0,72.0,153.0,147.0,21.0,4.0,163.0,163.0,127.0,88.0,10.0,40.0,26.0,60.0,57.0,1237.0,17,031,843200,2,170318432002
150.0,139.0,97.0,60.0,6.0,145.0,63.0,91.0,108.0,122.0,147.0,61.0,20.0,18.0,73.0,54.0,1354.0,17,031,843300,1,170318433001
69.0,79.0,136.0,232.0,56.0,122.0,41.0,5.0,26.0,82.0,152.0,144.0,124.0,12.0,60.0,95.0,1435.0,17,031,843400,1,170318434001
64.0,157.0,34.0,158.0,2.0,16.0,73.0,85.0,64.0,17.0,67.0,76.0,24.0,9.0,27.0,56.0,929.0,17,031,843500,1,170318435001
281.0,66.0,114.0,0.0,56.0,48.0,83.0,8.0,33.0,0.0,140.0,75.0,15.0,44.0,73.0,157.0,1193.0,17,031,843600,1,170318436001
186.0,206.0,134.0,146.0,56.0,158.0,7.0,36.0,28.0,65.0,37.0,120.0,69.0,18.0,29.0,73.0,1368.0,17,031,843600,2,170318436002
143.0,45.0,0.0,24.0,2.0,47.0,4.0,18.0,48.0,12.0,77.0,158.0,114.0,20.0,68.0,263.0,1043.0,17,031,843700,1,170318437001
19.0,6.0,35.0,13.0,20.0,41.0,17.0,54.0,27.0,7.0,194.0,48.0,171.0,100.0,228.0,236.0,1216.0,17,031,843700,2,170318437002
113.0,10.0,31.0,3.0,122.0,76.0,40.0,32.0,5.0,91.0,83.0,107.0,37.0,32.0,35.0,44.0,861.0,17,031,843800,1,170318438001
70.0,98.0,51.0,138.0,107.0,7.0,141.0,40.0,6.0,8.0,45.0,98.0,63.0,3.0,35.0,39.0,949.0,17,031,843800,2,170318438002
147.0,90.0,87.0,70.0,7.0,1.0,12.0,45.0,0.0,1.0,15.0,4.0,27.0,28.0,21.0,45.0,600.0,17,031,843900,1,170318439001
58.0,9.0,3.0,0.0,11.0,1.0,4.0,16.0,7.0,26.0,2.0,17.0,98.0,9.0,32.0,61.0,354.0,17,031,843900,2,170318439002
232.0,3.0,90.0,91.0,123.0,47.0,4.0,6.0,3.0,60.0,59.0,55.0,42.0,35.0,29.0,49.0,928.0,17,031,843900,3,170318439003
254.0,13.0,58.0,146.0,1.0,5.0,72.0,64.0,8.0,3.0,18.0,95.0,23.0,96.0,159.0,27.0,1042.0,17,031,843900,4,170318439004
29.0,37.0,4.0,0.0,0.0,5.0,76.0,0.0,35.0,111.0,66.0,50.0,3.0,22.0,121.0,94.0,653.0,17,031,843900,5,170318439005
14.0,4.0,26.0,2.0,130.0,43.0,118.0,88.0,94.0,153.0,225.0,488.0,294.0,55.0,69.0,89.0,1892.0,17,043,840000,1,170438400001
93.0,4.0,72.0,0.0,37.0,24.0,0.0,240.0,28.0,9.0,125.0,183.0,94.0,13.0,38.0,97.0,1057.0,17,043,840000,2,170438400002
2.0,42.0,79.0,8.0,86.0,13.0,57.0,83.0,16.0,43.0,209.0,188.0,57.0,185.0,174.0,55.0,1297.0,17,043,840101,1,170438401011
122.0,4.0,0.0,84.0,110.0,19.0,40.0,168.0,12.0,101.0,151.0,201.0,204.0,64.0,28.0,85.0,1393.0,17,043,840101,2,170438401012
57.0,7.0,8.0,58.0,27.0,41.0,31.0,23.0,24.0,191.0,338.0,471.0,71.0,23.0,81.0,86.0,1537.0,17,043,840101,3,170438401013
27.0,6.0,101.0,185.0,39.0,28.0,4.0,20.0,96.0,21.0,197.0,302.0,147.0,132.0,157.0,51.0,1513.0,17,043,840101,4,170438401014
62.0,46.0,55.0,82.0,56.0,75.0,88.0,63.0,1.0,70.0,159.0,278.0,155.0,172.0,43.0,66.0,1471.0,17,043,840102,1,170438401021
11.0,101.0,24.0,26.0,10.0,103.0,165.0,88.0,27.0,151.0,385.0,276.0,87.0,89.0,114.0,136.0,1793.0,17,043,840102,2,170438401022
26.0,31.0,73.0,50.0,44.0,78.0,147.0,96.0,92.0,180.0,21.0,102.0,76.0,47.0,74.0,47.0,1184.0,17,043,840102,3,170438401023
2.0,47.0,88.0,130.0,83.0,48.0,50.0,51.0,14.0,56.0,169.0,317.0,211.0,33.0,172.0,114.0,1585.0,17,043,840103,1,170438401031
3.0,0.0,56.0,142.0,24.0,79.0,0.0,166.0,5.0,70.0,235.0,152.0,209.0,106.0,168.0,238.0,1653.0,17,043,840103,2,170438401032
1.0,5.0,0.0,31.0,5.0,9.0,113.0,1.0,17.0,195.0,177.0,287.0,118.0,113.0,220.0,125.0,1417.0,17,043,840103,3,170438401033
13.0,27.0,94.0,6.0,34.0,84.0,18.0,88.0,147.0,69.0,72.0,331.0,118.0,43.0,89.0,280.0,1513.0,17,043,840103,4,170438401034
95.0,74.0,83.0,1.0,116.0,75.0,9.0,23.0,46.0,10.0,208.0,197.0,55.0,53.0,85.0,49.0,1179.0,17,043,840104,1,170438401041
1.0,1.0,0.0,137.0,0.0,228.0,39.0,5.0,67.0,4.0,95.0,256.0,45.0,13.0,158.0,115.0,1164.0,17,043,840104,2,170438401042
79.0,0.0,175.0,29.0,118.0,1.0,7.0,0.0,218.0,29.0,52.0,86.0,16.0,74.0,215.0,45.0,1144.0,17,043,840104,3,170438401043
90.0,92.0,3.0,130.0,158.0,305.0,233.0,379.0,49.0,1.0,59.0,6.0,14.0,6.0,106.0,42.0,1673.0,17,043,840104,4,170438401044
102.0,22.0,24.0,3.0,240.0,53.0,137.0,40.0,2.0,28.0,3.0,238.0,57.0,19.0,28.0,116.0,1112.0,17,043,840104,5,170438401045
20.0,101.0,0.0,5.0,4.0,5.0,37.0,31.0,16.0,50.0,150.0,524.0,180.0,82.0,155.0,398.0,1758.0,17,043,840201,1,170438402011
3.0,3.0,6.0,217.0,9.0,31.0,4.0,55.0,72.0,67.0,190.0,296.0,242.0,260.0,284.0,208.0,1947.0,17,043,840201,2,170438402012
47.0,30.0,22.0,1.0,187.0,107.0,1.0,4.0,0.0,300.0,258.0,212.0,143.0,78.0,125.0,137.0,1652.0,17,043,840201,3,170438402013
5.0,1.0,77.0,74.0,27.0,8.0,16.0,13.0,30.0,86.0,75.0,293.0,381.0,192.0,196.0,171.0,1645.0,17,043,840202,1,170438402021
5.0,44.0,0.0,20.0,16.0,17.0,4.0,25.0,0.0,98.0,161.0,53.0,157.0,158.0,158.0,73.0,989.0,17,043,840202,2,170438402022
106.0,25.0,4.0,8.0,11.0,19.0,14.0,2.0,59.0,13.0,95.0,44.0,45.0,223.0,212.0,266.0,1146.0,17,043,840202,3,170438402023
10.0,2.0,4.0,19.0,38.0,10.0,56.0,171.0,19.0,13.0,122.0,460.0,198.0,215.0,149.0,106.0,1592.0,17,043,840202,4,170438402024
57.0,2.0,20.0,11.0,2.0,68.0,6.0,3.0,6.0,70.0,127.0,74.0,150.0,226.0,206.0,83.0,1111.0,17,043,840303,1,170438403031
51.0,142.0,80.0,5.0,55.0,5.0,133.0,94.0,7.0,121.0,103.0,457.0,251.0,21.0,46.0,36.0,1607.0,17,043,840303,2,170438403032
157.0,108.0,221.0,202.0,6.0,102.0,43.0,248.0,2.0,109.0,14.0,107.0,39.0,27.0,35.0,58.0,1478.0,17,043,840303,3,170438403033
11.0,73.0,165.0,78.0,124.0,43.0,89.0,96.0,121.0,99.0,250.0,235.0,151.0,162.0,404.0,211.0,2312.0,17,043,840304,1,170438403041
0.0,63.0,2.0,8.0,113.0,6.0,6.0,66.0,27.0,80.0,30.0,56.0,202.0,90.0,74.0,95.0,918.0,17,043,840304,2,170438403042
5.0,0.0,41.0,3.0,29.0,16.0,18.0,10.0,7.0,112.0,47.0,186.0,29.0,55.0,63.0,85.0,706.0,17,043,840304,3,170438403043
8.0,54.0,58.0,51.0,5.0,40.0,42.0,66.0,33.0,72.0,108.0,130.0,141.0,111.0,158.0,172.0,1249.0,17,043,840600,1,170438406001
11.0,3.0,34.0,38.0,11.0,10.0,7.0,47.0,6.0,37.0,95.0,113.0,320.0,259.0,122.0,268.0,1381.0,17,043,840600,2,170438406002
0.0,132.0,3.0,66.0,64.0,0.0,4.0,31.0,77.0,158.0,25.0,92.0,476.0,221.0,330.0,209.0,1888.0,17,043,840600,3,170438406003
149.0,112.0,10.0,51.0,50.0,0.0,94.0,111.0,109.0,74.0,163.0,280.0,129.0,95.0,243.0,110.0,1780.0,17,043,840703,1,170438407031
89.0,8.0,8.0,78.0,178.0,94.0,94.0,243.0,0.0,50.0,202.0,578.0,278.0,98.0,128.0,49.0,2175.0,17,043,840703,2,170438407032
1.0,51.0,19.0,11.0,65.0,13.0,67.0,30.0,42.0,77.0,116.0,175.0,56.0,52.0,83.0,152.0,1010.0,17,043,840704,1,170438407041
101.0,59.0,156.0,104.0,141.0,23.0,213.0,334.0,139.0,38.0,118.0,288.0,234.0,10.0,61.0,42.0,2061.0,17,043,840704,2,170438407042
1.0,2.0,2.0,74.0,77.0,234.0,13.0,99.0,9.0,59.0,335.0,340.0,231.0,98.0,126.0,567.0,2267.0,17,043,840705,1,170438407051
1.0,8.0,29.0,17.0,47.0,49.0,22.0,20.0,217.0,128.0,24.0,169.0,182.0,8.0,213.0,41.0,1175.0,17,043,840705,2,170438407052
13.0,25.0,61.0,64.0,50.0,78.0,1.0,29.0,68.0,73.0,49.0,280.0,309.0,114.0,292.0,44.0,1550.0,17,043,840706,1,170438407061
42.0,2.0,52.0,45.0,54.0,2.0,7.0,20.0,2.0,192.0,469.0,173.0,323.0,87.0,241.0,208.0,1919.0,17,043,840706,2,170438407062
25.0,8.0,82.0,15.0,127.0,77.0,18.0,19.0,57.0,39.0,174.0,260.0,73.0,69.0,67.0,148.0,1258.0,17,043,840801,2,170438408012
298.0,75.0,40.0,0.0,31.0,87.0,24.0,20.0,77.0,11.0,23.0,164.0,62.0,87.0,24.0,50.0,1073.0,17,043,840801,3,170438408013
5.0,96.0,1.0,60.0,176.0,39.0,52.0,0.0,4.0,211.0,40.0,159.0,147.0,40.0,166.0,75.0,1271.0,17,043,840802,1,170438408021
48.0,17.0,69.0,2.0,1.0,3.0,128.0,0.0,0.0,1.0,87.0,155.0,104.0,70.0,105.0,52.0,842.0,17,043,840802,2,170438408022
22.0,9.0,51.0,45.0,105.0,74.0,1.0,67.0,50.0,63.0,175.0,122.0,43.0,183.0,58.0,111.0,1179.0,17,043,840802,3,170438408023
176.0,1.0,1.0,7.0,38.0,0.0,9.0,12.0,9.0,52.0,88.0,358.0,58.0,19.0,64.0,48.0,940.0,17,043,840802,4,170438408024
0.0,1.0,1.0,2.0,2.0,82.0,106.0,64.0,18.0,82.0,410.0,155.0,326.0,96.0,131.0,120.0,1596.0,17,043,840802,5,170438408025
123.0,49.0,65.0,85.0,21.0,162.0,40.0,158.0,31.0,308.0,115.0,279.0,75.0,46.0,90.0,77.0,1724.0,17,043,840901,1,170438409011
16.0,11.0,42.0,0.0,2.0,61.0,116.0,57.0,87.0,23.0,197.0,176.0,280.0,102.0,294.0,179.0,1643.0,17,043,840901,2,170438409012
32.0,69.0,103.0,272.0,318.0,16.0,88.0,193.0,70.0,137.0,256.0,126.0,247.0,54.0,26.0,79.0,2086.0,17,043,840904,1,170438409041
9.0,94.0,35.0,9.0,59.0,295.0,33.0,149.0,196.0,66.0,368.0,161.0,107.0,97.0,69.0,118.0,1865.0,17,043,840904,2,170438409042
17.0,65.0,160.0,75.0,82.0,5.0,299.0,27.0,220.0,214.0,6.0,147.0,47.0,18.0,23.0,49.0,1454.0,17,043,840906,1,170438409061
6.0,1.0,101.0,56.0,40.0,145.0,119.0,39.0,15.0,121.0,282.0,243.0,123.0,78.0,90.0,91.0,1550.0,17,043,840906,2,170438409062
33.0,125.0,12.0,107.0,18.0,112.0,81.0,166.0,92.0,124.0,474.0,295.0,208.0,96.0,248.0,253.0,2444.0,17,043,840907,1,170438409071
239.0,0.0,389.0,31.0,63.0,58.0,1.0,94.0,58.0,62.0,183.0,307.0,59.0,187.0,154.0,77.0,1962.0,17,043,840907,2,170438409072
9.0,0.0,247.0,4.0,74.0,3.0,2.0,8.0,2.0,19.0,281.0,71.0,252.0,180.0,112.0,71.0,1335.0,17,043,840908,1,170438409081
7.0,1.0,3.0,6.0,78.0,9.0,148.0,110.0,61.0,173.0,160.0,548.0,84.0,321.0,61.0,109.0,1879.0,17,043,840908,2,170438409082
173.0,5.0,8.0,68.0,101.0,45.0,172.0,83.0,43.0,51.0,74.0,184.0,93.0,10.0,34.0,44.0,1188.0,17,043,840908,3,170438409083
1.0,5.0,16.0,12.0,123.0,17.0,117.0,96.0,29.0,68.0,219.0,108.0,192.0,346.0,22.0,132.0,1503.0,17,043,840910,1,170438409101
8.0,29.0,2.0,0.0,86.0,204.0,68.0,15.0,62.0,316.0,166.0,368.0,91.0,18.0,137.0,52.0,1622.0,17,043,840910,2,170438409102
8.0,3.0,0.0,5.0,2.0,0.0,164.0,5.0,40.0,174.0,174.0,220.0,107.0,133.0,31.0,114.0,1180.0,17,043,840910,3,170438409103
3.0,9.0,117.0,27.0,112.0,191.0,101.0,26.0,107.0,5.0,148.0,98.0,25.0,25.0,23.0,48.0,1065.0,17,043,840910,4,170438409104
18.0,19.0,5.0,39.0,3.0,24.0,26.0,66.0,16.0,92.0,24.0,149.0,92.0,174.0,101.0,91.0,939.0,17,043,840911,1,170438409111
44.0,34.0,90.0,111.0,105.0,64.0,0.0,98.0,148.0,255.0,95.0,320.0,284.0,184.0,184.0,182.0,2198.0,17,043,840911,2,170438409112
3.0,0.0,1.0,58.0,4.0,70.0,17.0,77.0,32.0,174.0,207.0,346.0,54.0,81.0,242.0,146.0,1512.0,17,043,841002,1,170438410021
80.0,0.0,126.0,3.0,4.0,42.0,9.0,90.0,7.0,60.0,36.0,142.0,154.0,162.0,213.0,110.0,1238.0,17,043,841002,2,170438410022
4.0,2.0,126.0,17.0,74.0,23.0,121.0,42.0,137.0,59.0,266.0,165.0,115.0,256.0,168.0,106.0,1681.0,17,043,841003,1,170438410031
55.0,42.0,21.0,13.0,9.0,32.0,10.0,116.0,64.0,73.0,235.0,137.0,272.0,73.0,144.0,201.0,1497.0,17,043,841003,2,170438410032
27.0,7.0,182.0,49.0,12.0,81.0,61.0,95.0,187.0,184.0,125.0,360.0,96.0,75.0,53.0,92.0,1686.0,17,043,841004,1,170438410041
42.0,58.0,52.0,13.0,19.0,41.0,34.0,70.0,185.0,219.0,172.0,210.0,174.0,254.0,174.0,54.0,1771.0,17,043,841004,2,170438410042
7.0,3.0,1.0,0.0,2.0,50.0,11.0,57.0,4.0,286.0,5.0,104.0,379.0,60.0,158.0,96.0,1223.0,17,043,841102,1,170438411021
17.0,7.0,156.0,3.0,0.0,4.0,51.0,83.0,2.0,285.0,83.0,270.0,44.0,12.0,23.0,215.0,1255.0,17,043,841102,2,170438411022
18.0,0.0,1.0,35.0,4.0,45.0,20.0,160.0,23.0,80.0,123.0,388.0,341.0,36.0,104.0,60.0,1438.0,17,043,841102,3,170438411023
5.0,33.0,5.0,22.0,11.0,47.0,44.0,28.0,65.0,311.0,225.0,332.0,220.0,165.0,137.0,209.0,1859.0,17,043,841102,4,170438411024
17.0,110.0,103.0,62.0,0.0,163.0,5.0,16.0,33.0,183.0,160.0,492.0,370.0,61.0,129.0,52.0,1956.0,17,043,841103,1,170438411031
41.0,0.0,4.0,11.0,32.0,61.0,19.0,14.0,46.0,42.0,211.0,48.0,199.0,65.0,115.0,138.0,1046.0,17,043,841103,2,170438411032
6.0,0.0,2.0,5.0,7.0,58.0,28.0,64.0,13.0,35.0,79.0,159.0,99.0,180.0,151.0,119.0,1005.0,17,043,841103,3,170438411033
10.0,26.0,21.0,15.0,2.0,94.0,25.0,52.0,19.0,7.0,114.0,191.0,72.0,24.0,102.0,109.0,883.0,17,043,841104,1,170438411041
8.0,0.0,8.0,20.0,25.0,0.0,63.0,0.0,21.0,72.0,81.0,356.0,117.0,66.0,299.0,112.0,1248.0,17,043,841104,2,170438411042
12.0,13.0,2.0,78.0,5.0,1.0,0.0,6.0,21.0,96.0,48.0,217.0,200.0,112.0,39.0,130.0,980.0,17,043,841104,3,170438411043
6.0,6.0,1.0,79.0,100.0,3.0,0.0,24.0,39.0,203.0,240.0,223.0,159.0,50.0,88.0,156.0,1377.0,17,043,841104,4,170438411044
4.0,4.0,128.0,6.0,83.0,56.0,0.0,47.0,25.0,318.0,64.0,508.0,44.0,42.0,96.0,93.0,1518.0,17,043,841108,1,170438411081
150.0,5.0,7.0,1.0,30.0,106.0,91.0,136.0,0.0,127.0,80.0,214.0,161.0,86.0,74.0,99.0,1367.0,17,043,841108,2,170438411082
46.0,4.0,56.0,7.0,5.0,52.0,92.0,8.0,2.0,99.0,90.0,431.0,192.0,198.0,274.0,145.0,1701.0,17,043,841108,3,170438411083
7.0,1.0,2.0,1.0,4.0,31.0,23.0,34.0,32.0,86.0,116.0,76.0,374.0,75.0,154.0,92.0,1108.0,17,043,841109,1,170438411091
59.0,71.0,157.0,29.0,28.0,123.0,306.0,19.0,4.0,197.0,139.0,301.0,228.0,68.0,61.0,87.0,1877.0,17,043,841109,2,170438411092
24.0,4.0,47.0,4.0,34.0,156.0,16.0,49.0,17.0,20.0,326.0,127.0,94.0,80.0,165.0,37.0,1200.0,17,043,841109,3,170438411093
3.0,6.0,68.0,87.0,39.0,20.0,51.0,7.0,53.0,125.0,50.0,398.0,91.0,13.0,44.0,44.0,1099.0,17,043,841110,1,170438411101
95.0,34.0,8.0,8.0,56.0,1.0,152.0,34.0,32.0,146.0,92.0,190.0,179.0,100.0,49.0,77.0,1253.0,17,043,841110,2,170438411102
4.0,5.0,3.0,25.0,87.0,9.0,1.0,4.0,144.0,1.0,99.0,168.0,152.0,160.0,157.0,58.0,1077.0,17,043,841110,3,170438411103
23.0,5.0,58.0,90.0,7.0,31.0,90.0,80.0,87.0,159.0,75.0,184.0,236.0,313.0,249.0,210.0,1897.0,17,043,841111,1,170438411111
36.0,101.0,176.0,135.0,77.0,21.0,98.0,60.0,52.0,98.0,239.0,265.0,71.0,29.0,115.0,92.0,1665.0,17,043,841111,2,170438411112
40.0,2.0,2.0,6.0,12.0,1.0,73.0,94.0,50.0,51.0,214.0,433.0,169.0,183.0,172.0,94.0,1596.0,17,043,841112,1,170438411121
2.0,4.0,1.0,61.0,42.0,110.0,0.0,3.0,75.0,86.0,19.0,212.0,212.0,131.0,314.0,196.0,1468.0,17,043,841112,2,170438411122
0.0,3.0,26.0,10.0,72.0,2.0,45.0,33.0,0.0,150.0,48.0,3.0,282.0,205.0,258.0,506.0,1643.0,17,043,841113,1,170438411131
176.0,182.0,68.0,112.0,2.0,77.0,33.0,311.0,263.0,192.0,142.0,379.0,139.0,73.0,68.0,227.0,2444.0,17,043,841113,2,170438411132
9.0,7.0,22.0,15.0,36.0,18.0,34.0,94.0,66.0,42.0,71.0,248.0,54.0,45.0,89.0,150.0,1000.0,17,043,841114,1,170438411141
4.0,19.0,10.0,2.0,3.0,27.0,7.0,8.0,96.0,106.0,143.0,178.0,178.0,260.0,121.0,170.0,1332.0,17,043,841114,2,170438411142
1.0,0.0,1.0,45.0,21.0,51.0,7.0,14.0,25.0,199.0,240.0,296.0,153.0,140.0,110.0,146.0,1449.0,17,043,841114,3,170438411143
4.0,1.0,23.0,4.0,85.0,0.0,0.0,19.0,15.0,4.0,37.0,248.0,62.0,132.0,161.0,82.0,877.0,17,043,841204,1,170438412041
52.0,87.0,90.0,28.0,85.0,150.0,156.0,16.0,22.0,168.0,10.0,87.0,165.0,291.0,87.0,62.0,1556.0,17,043,841204,2,170438412042
27.0,4.0,19.0,0.0,34.0,48.0,64.0,16.0,1.0,1.0,321.0,91.0,93.0,108.0,76.0,94.0,997.0,17,043,841204,3,170438412043
46.0,5.0,0.0,87.0,27.0,6.0,3.0,37.0,2.0,203.0,368.0,484.0,197.0,211.0,85.0,67.0,1828.0,17,043,841204,4,170438412044
23.0,4.0,44.0,2.0,49.0,46.0,40.0,151.0,78.0,126.0,117.0,167.0,42.0,67.0,94.0,117.0,1167.0,17,043,841204,5,170438412045
22.0,5.0,2.0,3.0,174.0,145.0,124.0,49.0,105.0,248.0,45.0,280.0,285.0,317.0,156.0,72.0,2032.0,17,043,841205,1,170438412051
26.0,0.0,12.0,17.0,9.0,30.0,41.0,53.0,30.0,94.0,286.0,263.0,341.0,147.0,144.0,47.0,1540.0,17,043,841205,2,170438412052
70.0,2.0,0.0,6.0,13.0,42.0,39.0,7.0,20.0,42.0,48.0,196.0,268.0,273.0,115.0,113.0,1254.0,17,043,841205,3,170438412053
0.0,1.0,30.0,9.0,6.0,6.0,32.0,30.0,5.0,13.0,90.0,357.0,434.0,410.0,269.0,169.0,1861.0,17,043,841206,1,170438412061
16.0,3.0,40.0,3.0,6.0,1.0,74.0,76.0,14.0,118.0,219.0,211.0,414.0,21.0,188.0,196.0,1600.0,17,043,841206,2,170438412062
65.0,136.0,61.0,213.0,63.0,175.0,139.0,132.0,72.0,84.0,83.0,212.0,314.0,174.0,201.0,98.0,2222.0,17,043,841206,3,170438412063
69.0,5.0,2.0,10.0,39.0,15.0,125.0,140.0,2.0,2.0,371.0,702.0,167.0,104.0,200.0,70.0,2023.0,17,043,841207,1,170438412071
8.0,32.0,3.0,16.0,56.0,3.0,8.0,115.0,41.0,155.0,242.0,256.0,110.0,41.0,109.0,41.0,1236.0,17,043,841207,2,170438412072
78.0,19.0,105.0,16.0,61.0,61.0,52.0,70.0,94.0,284.0,269.0,570.0,175.0,142.0,148.0,34.0,2178.0,17,043,841208,1,170438412081
20.0,241.0,77.0,29.0,0.0,121.0,28.0,60.0,55.0,120.0,95.0,337.0,141.0,53.0,149.0,88.0,1614.0,17,043,841208,2,170438412082
7.0,3.0,13.0,78.0,23.0,92.0,0.0,110.0,37.0,54.0,276.0,137.0,88.0,70.0,176.0,49.0,1213.0,17,043,841208,3,170438412083
15.0,8.0,6.0,11.0,68.0,17.0,5.0,93.0,105.0,97.0,121.0,305.0,491.0,146.0,347.0,99.0,1934.0,17,043,841209,1,170438412091
1.0,34.0,232.0,73.0,22.0,63.0,1.0,42.0,12.0,35.0,5.0,546.0,258.0,227.0,249.0,110.0,1910.0,17,043,841209,2,170438412092
118.0,1.0,4.0,5.0,0.0,8.0,4.0,62.0,121.0,29.0,114.0,65.0,74.0,40.0,28.0,63.0,736.0,17,043,841210,1,170438412101
28.0,35.0,86.0,53.0,83.0,219.0,71.0,48.0,181.0,217.0,325.0,283.0,95.0,185.0,38.0,47.0,1994.0,17,043,841210,2,170438412102
4.0,88.0,3.0,36.0,1.0,242.0,131.0,86.0,8.0,23.0,59.0,119.0,146.0,112.0,56.0,65.0,1179.0,17,043,841210,3,170438412103
7.0,9.0,0.0,35.0,4.0,2.0,7.0,3.0,3.0,113.0,57.0,377.0,360.0,111.0,153.0,191.0,1432.0,17,043,841307,1,170438413071
4.0,29.0,52.0,11.0,146.0,45.0,55.0,96.0,42.0,197.0,119.0,245.0,281.0,169.0,151.0,156.0,1798.0,17,043,841307,2,170438413072
3.0,7.0,7.0,0.0,45.0,0.0,0.0,17.0,0.0,24.0,56.0,237.0,129.0,335.0,314.0,141.0,1315.0,17,043,841307,3,170438413073
3.0,0.0,4.0,11.0,1.0,35.0,0.0,44.0,2.0,45.0,202.0,301.0,644.0,165.0,248.0,67.0,1772.0,17,043,841307,4,170438413074
4.0,7.0,0.0,0.0,11.0,22.0,7.0,36.0,17.0,49.0,31.0,225.0,129.0,102.0,153.0,254.0,1047.0,17,043,841308,1,170438413081
3.0,11.0,33.0,13.0,28.0,0.0,142.0,10.0,30.0,152.0,5.0,216.0,390.0,273.0,140.0,201.0,1647.0,17,043,841308,2,170438413082
12.0,0.0,5.0,3.0,1.0,4.0,3.0,0.0,24.0,33.0,120.0,329.0,347.0,505.0,372.0,232.0,1990.0,17,043,841308,3,170438413083
19.0,0.0,2.0,7.0,33.0,21.0,57.0,210.0,48.0,120.0,189.0,425.0,424.0,643.0,556.0,1110.0,3864.0,17,043,841310,1,170438413101
11.0,0.0,2.0,3.0,511.0,314.0,202.0,60.0,4.0,38.0,231.0,231.0,99.0,27.0,50.0,42.0,1825.0,17,043,841312,1,170438413121
14.0,2.0,6.0,121.0,74.0,92.0,6.0,2.0,3.0,192.0,211.0,393.0,176.0,234.0,247.0,406.0,2179.0,17,043,841312,2,170438413122
85.0,5.0,132.0,90.0,78.0,101.0,2.0,131.0,127.0,177.0,202.0,359.0,429.0,165.0,404.0,206.0,2693.0,17,043,841313,1,170438413131
3.0,5.0,4.0,2.0,12.0,5.0,46.0,23.0,2.0,2.0,175.0,579.0,102.0,206.0,321.0,317.0,1804.0,17,043,841314,1,170438413141
1.0,3.0,0.0,20.0,17.0,27.0,3.0,148.0,82.0,129.0,2.0,181.0,102.0,201.0,189.0,59.0,1164.0,17,043,841314,2,170438413142
1.0,0.0,6.0,47.0,83.0,3.0,1.0,6.0,32.0,6.0,180.0,108.0,197.0,14.0,102.0,77.0,863.0,17,043,841314,3,170438413143
28.0,5.0,3.0,1.0,4.0,1.0,72.0,201.0,0.0,7.0,299.0,150.0,218.0,311.0,35.0,82.0,1417.0,17,043,841314,4,170438413144
4.0,2.0,7.0,2.0,73.0,4.0,1.0,3.0,93.0,105.0,61.0,273.0,107.0,68.0,207.0,91.0,1101.0,17,043,841314,5,170438413145
9.0,0.0,11.0,6.0,179.0,6.0,3.0,275.0,29.0,149.0,101.0,322.0,275.0,89.0,100.0,214.0,1768.0,17,043,841315,1,170438413151
82.0,61.0,98.0,7.0,96.0,13.0,101.0,82.0,51.0,164.0,84.0,301.0,87.0,44.0,138.0,63.0,1472.0,17,043,841315,2,170438413152
0.0,28.0,1.0,51.0,24.0,49.0,0.0,23.0,49.0,0.0,153.0,102.0,172.0,204.0,466.0,425.0,1747.0,17,043,841316,1,170438413161
0.0,1.0,9.0,25.0,16.0,54.0,95.0,106.0,1.0,105.0,223.0,461.0,249.0,94.0,313.0,107.0,1859.0,17,043,841316,2,170438413162
35.0,3.0,6.0,44.0,78.0,74.0,108.0,184.0,16.0,63.0,36.0,110.0,147.0,205.0,126.0,84.0,1319.0,17,043,841318,1,170438413181
2.0,1.0,21.0,0.0,1.0,22.0,6.0,99.0,12.0,49.0,140.0,487.0,177.0,136.0,151.0,172.0,1476.0,17,043,841318,2,170438413182
2.0,55.0,72.0,1.0,24.0,285.0,132.0,39.0,2.0,24.0,177.0,455.0,133.0,142.0,30.0,83.0,1656.0,17,043,841320,1,170438413201
63.0,205.0,7.0,0.0,47.0,19.0,1.0,72.0,171.0,50.0,87.0,111.0,99.0,75.0,39.0,52.0,1098.0,17,043,841320,2,170438413202
14.0,26.0,12.0,12.0,4.0,20.0,65.0,19.0,7.0,68.0,123.0,618.0,507.0,535.0,420.0,151.0,2601.0,17,043,841321,1,170438413211
7.0,1.0,18.0,1.0,4.0,34.0,71.0,69.0,82.0,19.0,160.0,406.0,220.0,77.0,86.0,170.0,1425.0,17,043,841322,1,170438413221
5.0,4.0,1.0,2.0,50.0,5.0,0.0,67.0,75.0,1.0,139.0,183.0,471.0,75.0,176.0,242.0,1496.0,17,043,841322,2,170438413222
17.0,37.0,25.0,2.0,4.0,3.0,10.0,141.0,111.0,1.0,292.0,407.0,291.0,162.0,95.0,211.0,1809.0,17,043,841322,3,170438413223
4.0,6.0,52.0,20.0,0.0,99.0,9.0,8.0,85.0,1.0,303.0,350.0,209.0,284.0,225.0,161.0,1816.0,17,043,841323,1,170438413231
1.0,4.0,6.0,46.0,37.0,168.0,71.0,11.0,0.0,17.0,337.0,219.0,89.0,80.0,133.0,72.0,1291.0,17,043,841323,2,170438413232
18.0,9.0,0.0,2.0,2.0,14.0,32.0,32.0,49.0,32.0,5.0,206.0,309.0,250.0,387.0,304.0,1651.0,17,043,841324,1,170438413241
3.0,1.0,3.0,24.0,2.0,10.0,32.0,44.0,6.0,40.0,105.0,390.0,256.0,108.0,82.0,95.0,1201.0,17,043,841324,2,170438413242
2.0,4.0,20.0,2.0,135.0,3.0,8.0,0.0,2.0,3.0,0.0,495.0,117.0,109.0,93.0,250.0,1243.0,17,043,841325,1,170438413251
0.0,3.0,36.0,20.0,1.0,5.0,2.0,8.0,0.0,56.0,289.0,215.0,292.0,224.0,109.0,118.0,1378.0,17,043,841325,2,170438413252
31.0,14.0,1.0,28.0,0.0,79.0,71.0,60.0,7.0,48.0,162.0,238.0,337.0,78.0,240.0,138.0,1532.0,17,043,841325,3,170438413253
23.0,2.0,57.0,5.0,2.0,1.0,66.0,69.0,21.0,132.0,226.0,493.0,97.0,164.0,380.0,198.0,1936.0,17,043,841325,4,170438413254
5.0,3.0,2.0,0.0,7.0,22.0,1.0,49.0,16.0,2.0,146.0,183.0,215.0,254.0,397.0,429.0,1731.0,17,043,841326,1,170438413261
84.0,7.0,6.0,35.0,99.0,12.0,14.0,17.0,5.0,66.0,147.0,76.0,163.0,206.0,348.0,316.0,1601.0,17,043,841326,2,170438413262
9.0,2.0,3.0,1.0,3.0,4.0,52.0,6.0,4.0,25.0,75.0,231.0,219.0,144.0,59.0,554.0,1391.0,17,043,841327,1,170438413271
23.0,0.0,0.0,66.0,0.0,3.0,21.0,0.0,35.0,22.0,114.0,183.0,310.0,236.0,298.0,164.0,1475.0,17,043,841327,2,170438413272
4.0,0.0,43.0,1.0,72.0,57.0,13.0,2.0,23.0,45.0,51.0,123.0,397.0,156.0,459.0,186.0,1632.0,17,043,841327,3,170438413273
1.0,0.0,4.0,206.0,3.0,0.0,210.0,89.0,93.0,326.0,568.0,552.0,198.0,115.0,100.0,116.0,2581.0,17,043,841401,1,170438414011
51.0,31.0,0.0,6.0,15.0,67.0,5.0,4.0,73.0,21.0,239.0,89.0,108.0,16.0,117.0,131.0,973.0,17,043,841401,2,170438414012
14.0,2.0,2.0,2.0,0.0,34.0,1.0,12.0,107.0,35.0,120.0,226.0,128.0,186.0,173.0,349.0,1391.0,17,043,841401,3,170438414013
4.0,2.0,1.0,46.0,5.0,37.0,4.0,95.0,9.0,66.0,131.0,53.0,121.0,166.0,24.0,52.0,816.0,17,043,841401,4,170438414014
6.0,3.0,9.0,30.0,8.0,6.0,38.0,43.0,83.0,101.0,92.0,123.0,157.0,79.0,117.0,144.0,1039.0,17,043,841403,1,170438414031
27.0,1.0,2.0,149.0,5.0,3.0,4.0,7.0,0.0,91.0,71.0,66.0,71.0,183.0,225.0,276.0,1181.0,17,043,841403,2,170438414032
44.0,42.0,51.0,6.0,24.0,31.0,9.0,33.0,21.0,133.0,106.0,315.0,185.0,232.0,318.0,175.0,1725.0,17,043,841403,3,170438414033
15.0,9.0,1.0,0.0,3.0,0.0,31.0,9.0,24.0,29.0,70.0,78.0,334.0,279.0,159.0,172.0,1213.0,17,043,841404,1,170438414041
137.0,26.0,22.0,148.0,129.0,48.0,47.0,10.0,1.0,182.0,169.0,242.0,114.0,73.0,175.0,370.0,1893.0,17,043,841404,2,170438414042
35.0,0.0,37.0,7.0,100.0,3.0,67.0,1.0,8.0,92.0,74.0,157.0,302.0,103.0,126.0,29.0,1141.0,17,043,841501,1,170438415011
228.0,21.0,1.0,20.0,4.0,625.0,49.0,113.0,2.0,164.0,72.0,102.0,111.0,28.0,28.0,108.0,1676.0,17,043,841501,2,170438415012
3.0,7.0,76.0,61.0,142.0,47.0,46.0,17.0,215.0,32.0,216.0,505.0,243.0,148.0,27.0,34.0,1819.0,17,043,841501,3,170438415013
0.0,7.0,2.0,56.0,22.0,24.0,9.0,0.0,42.0,10.0,381.0,388.0,165.0,184.0,174.0,245.0,1709.0,17,043,841501,4,170438415014
78.0,59.0,16.0,15.0,82.0,120.0,148.0,109.0,1.0,244.0,284.0,302.0,42.0,79.0,73.0,42.0,1694.0,17,043,841503,1,170438415031
0.0,54.0,7.0,27.0,56.0,233.0,73.0,28.0,58.0,121.0,412.0,458.0,373.0,27.0,98.0,73.0,2098.0,17,043,841503,2,170438415032
12.0,32.0,8.0,33.0,125.0,126.0,57.0,74.0,2.0,292.0,42.0,238.0,202.0,142.0,240.0,129.0,1754.0,17,043,841504,1,170438415041
123.0,51.0,77.0,27.0,60.0,92.0,2.0,54.0,2.0,109.0,149.0,213.0,109.0,109.0,135.0,71.0,1383.0,17,043,841504,2,170438415042
0.0,0.0,30.0,14.0,0.0,6.0,9.0,23.0,9.0,24.0,192.0,51.0,186.0,208.0,195.0,523.0,1470.0,17,043,841603,1,170438416031
3.0,53.0,1.0,213.0,11.0,67.0,370.0,5.0,69.0,17.0,141.0,178.0,106.0,52.0,59.0,68.0,1413.0,17,043,841603,2,170438416032
80.0,62.0,55.0,50.0,73.0,28.0,48.0,26.0,67.0,128.0,66.0,216.0,195.0,59.0,134.0,118.0,1405.0,17,043,841603,3,170438416033
61.0,9.0,3.0,17.0,19.0,11.0,181.0,163.0,89.0,221.0,296.0,467.0,259.0,157.0,127.0,195.0,2275.0,17,043,841604,1,170438416041
88.0,1.0,135.0,0.0,2.0,191.0,115.0,125.0,69.0,184.0,308.0,321.0,161.0,92.0,108.0,181.0,2081.0,17,043,841604,2,170438416042
95.0,9.0,4.0,34.0,18.0,35.0,12.0,32.0,1.0,81.0,83.0,98.0,174.0,44.0,65.0,77.0,862.0,17,043,841605,1,170438416051
246.0,9.0,54.0,72.0,340.0,294.0,1.0,159.0,40.0,153.0,0.0,137.0,45.0,126.0,134.0,47.0,1857.0,17,043,841605,2,170438416052
4.0,13.0,1.0,0.0,5.0,22.0,8.0,0.0,2.0,156.0,114.0,247.0,192.0,108.0,64.0,291.0,1227.0,17,043,841605,3,170438416053
6.0,24.0,19.0,5.0,60.0,84.0,30.0,11.0,16.0,167.0,106.0,165.0,219.0,32.0,74.0,110.0,1128.0,17,043,841606,1,170438416061
1.0,2.0,2.0,6.0,2.0,2.0,8.0,4.0,1.0,98.0,69.0,216.0,228.0,148.0,197.0,213.0,1197.0,17,043,841606,2,170438416062
30.0,2.0,8.0,23.0,12.0,12.0,16.0,52.0,38.0,171.0,100.0,372.0,336.0,156.0,78.0,59.0,1465.0,17,043,841607,1,170438416071
55.0,7.0,21.0,34.0,3.0,2.0,54.0,241.0,128.0,260.0,216.0,303.0,87.0,64.0,119.0,47.0,1641.0,17,043,841607,2,170438416072
1.0,6.0,2.0,141.0,46.0,0.0,86.0,3.0,40.0,119.0,142.0,271.0,424.0,79.0,193.0,335.0,1888.0,17,043,841607,3,170438416073
9.0,130.0,80.0,159.0,20.0,0.0,47.0,108.0,22.0,75.0,239.0,268.0,288.0,159.0,78.0,88.0,1770.0,17,043,841703,1,170438417031
368.0,103.0,63.0,98.0,61.0,109.0,129.0,204.0,87.0,54.0,312.0,25.0,50.0,22.0,43.0,55.0,1783.0,17,043,841703,2,170438417032
5.0,283.0,47.0,162.0,70.0,208.0,71.0,77.0,15.0,108.0,162.0,175.0,55.0,34.0,29.0,52.0,1553.0,17,043,841703,3,170438417033
122.0,132.0,189.0,189.0,188.0,39.0,102.0,165.0,19.0,158.0,175.0,151.0,22.0,106.0,113.0,156.0,2026.0,17,043,841703,4,170438417034
3.0,5.0,5.0,1.0,11.0,83.0,1.0,2.0,37.0,5.0,76.0,160.0,134.0,214.0,178.0,611.0,1526.0,17,043,841704,1,170438417041
194.0,1.0,19.0,163.0,211.0,2.0,69.0,2.0,9.0,21.0,113.0,91.0,318.0,198.0,244.0,201.0,1856.0,17,043,841704,2,170438417042
2.0,3.0,22.0,0.0,0.0,14.0,0.0,0.0,0.0,53.0,44.0,161.0,257.0,88.0,148.0,420.0,1212.0,17,043,841704,3,170438417043
0.0,2.0,3.0,3.0,1.0,44.0,0.0,1.0,73.0,2.0,158.0,87.0,134.0,148.0,232.0,364.0,1252.0,17,043,841705,1,170438417051
193.0,174.0,3.0,103.0,192.0,154.0,64.0,147.0,152.0,419.0,529.0,488.0,169.0,148.0,126.0,87.0,3148.0,17,043,841705,2,170438417052
0.0,29.0,1.0,1.0,24.0,0.0,183.0,0.0,41.0,115.0,226.0,149.0,318.0,74.0,93.0,221.0,1475.0,17,043,841705,3,170438417053
20.0,16.0,2.0,49.0,137.0,168.0,88.0,74.0,9.0,415.0,309.0,376.0,234.0,71.0,127.0,219.0,2314.0,17,043,841706,1,170438417061
112.0,14.0,42.0,122.0,226.0,39.0,121.0,316.0,128.0,203.0,132.0,136.0,27.0,76.0,14.0,43.0,1751.0,17,043,841706,2,170438417062
22.0,4.0,4.0,58.0,1.0,67.0,9.0,40.0,26.0,70.0,87.0,102.0,328.0,36.0,148.0,222.0,1224.0,17,043,841801,1,170438418011
16.0,46.0,2.0,10.0,15.0,9.0,63.0,2.0,4.0,37.0,158.0,397.0,334.0,229.0,229.0,387.0,1938.0,17,043,841801,2,170438418012
4.0,81.0,51.0,54.0,63.0,32.0,102.0,72.0,0.0,108.0,295.0,122.0,223.0,140.0,243.0,261.0,1851.0,17,043,841801,3,170438418013
3.0,3.0,5.0,106.0,19.0,90.0,43.0,11.0,16.0,180.0,87.0,231.0,398.0,326.0,291.0,488.0,2297.0,17,043,841802,1,170438418021
10.0,1.0,50.0,7.0,59.0,35.0,64.0,91.0,27.0,88.0,93.0,204.0,149.0,174.0,190.0,261.0,1503.0,17,043,841802,2,170438418022
9.0,8.0,7.0,20.0,2.0,55.0,59.0,4.0,5.0,103.0,148.0,201.0,248.0,251.0,167.0,209.0,1496.0,17,043,841802,3,170438418023
5.0,0.0,25.0,0.0,0.0,7.0,9.0,1.0,45.0,100.0,53.0,84.0,114.0,106.0,366.0,519.0,1434.0,17,043,841901,1,170438419011
0.0,3.0,13.0,2.0,4.0,28.0,0.0,13.0,1.0,1.0,137.0,80.0,179.0,68.0,222.0,385.0,1136.0,17,043,841901,2,170438419012
42.0,17.0,41.0,11.0,8.0,32.0,52.0,17.0,28.0,88.0,130.0,84.0,98.0,109.0,127.0,137.0,1021.0,17,043,841902,1,170438419021
21.0,0.0,9.0,8.0,17.0,2.0,34.0,7.0,12.0,7.0,2.0,24.0,53.0,82.0,48.0,130.0,456.0,17,043,841902,2,170438419022
2.0,8.0,8.0,0.0,2.0,56.0,26.0,12.0,1.0,53.0,2.0,48.0,22.0,62.0,61.0,264.0,627.0,17,043,841902,3,170438419023
2.0,4.0,44.0,8.0,2.0,4.0,58.0,0.0,6.0,27.0,35.0,81.0,132.0,136.0,92.0,669.0,1300.0,17,043,842000,1,170438420001
21.0,9.0,6.0,5.0,18.0,23.0,4.0,2.0,10.0,32.0,76.0,216.0,234.0,152.0,354.0,420.0,1582.0,17,043,842000,2,170438420002
4.0,6.0,18.0,2.0,0.0,8.0,52.0,4.0,16.0,65.0,27.0,177.0,194.0,95.0,217.0,639.0,1524.0,17,043,842000,3,170438420003
1.0,2.0,7.0,29.0,2.0,4.0,5.0,33.0,0.0,65.0,18.0,51.0,416.0,307.0,111.0,198.0,1249.0,17,043,842100,1,170438421001
27.0,0.0,70.0,0.0,61.0,26.0,5.0,31.0,9.0,21.0,68.0,459.0,43.0,113.0,166.0,503.0,1602.0,17,043,842100,2,170438421002
228.0,1.0,160.0,90.0,23.0,129.0,33.0,123.0,11.0,146.0,74.0,215.0,104.0,105.0,194.0,312.0,1948.0,17,043,842100,3,170438421003
46.0,49.0,7.0,0.0,0.0,1.0,3.0,2.0,1.0,122.0,100.0,75.0,110.0,322.0,202.0,334.0,1374.0,17,043,842100,4,170438421004
244.0,178.0,74.0,84.0,54.0,77.0,3.0,24.0,5.0,85.0,67.0,89.0,61.0,83.0,63.0,391.0,1582.0,17,043,842200,1,170438422001
20.0,13.0,31.0,2.0,4.0,91.0,30.0,2.0,1.0,1.0,70.0,41.0,188.0,107.0,200.0,542.0,1343.0,17,043,842200,2,170438422002
12.0,3.0,47.0,54.0,29.0,2.0,134.0,14.0,134.0,120.0,270.0,10.0,98.0,67.0,336.0,424.0,1754.0,17,043,842200,3,170438422003
19.0,6.0,28.0,2.0,15.0,26.0,66.0,2.0,19.0,5.0,22.0,82.0,91.0,66.0,167.0,485.0,1101.0,17,043,842300,1,170438423001
0.0,4.0,12.0,13.0,51.0,21.0,2.0,28.0,6.0,4.0,6.0,139.0,329.0,266.0,113.0,275.0,1269.0,17,043,842300,2,170438423002
4.0,21.0,25.0,31.0,68.0,1.0,27.0,12.0,29.0,0.0,32.0,207.0,111.0,192.0,249.0,180.0,1189.0,17,043,842300,3,170438423003
108.0,134.0,41.0,38.0,67.0,37.0,28.0,60.0,102.0,93.0,69.0,124.0,97.0,108.0,255.0,229.0,1590.0,17,043,842400,1,170438424001
2.0,14.0,0.0,31.0,4.0,91.0,50.0,56.0,9.0,50.0,79.0,115.0,166.0,69.0,149.0,133.0,1018.0,17,043,842400,2,170438424002
58.0,3.0,143.0,24.0,208.0,287.0,103.0,0.0,73.0,147.0,210.0,70.0,109.0,99.0,136.0,180.0,1850.0,17,043,842400,3,170438424003
2.0,1.0,2.0,7.0,30.0,38.0,80.0,20.0,98.0,166.0,25.0,95.0,57.0,122.0,211.0,92.0,1046.0,17,043,842400,4,170438424004
16.0,212.0,55.0,35.0,0.0,33.0,56.0,95.0,89.0,56.0,245.0,116.0,263.0,61.0,116.0,119.0,1567.0,17,043,842500,1,170438425001
1.0,5.0,6.0,0.0,5.0,1.0,0.0,10.0,46.0,22.0,58.0,186.0,153.0,223.0,167.0,422.0,1305.0,17,043,842500,2,170438425002
2.0,5.0,21.0,77.0,1.0,36.0,10.0,39.0,5.0,64.0,148.0,330.0,134.0,164.0,273.0,340.0,1649.0,17,043,842601,1,170438426011
7.0,7.0,0.0,6.0,4.0,18.0,1.0,1.0,0.0,68.0,101.0,44.0,30.0,68.0,358.0,612.0,1325.0,17,043,842601,2,170438426012
1.0,5.0,0.0,12.0,2.0,16.0,3.0,32.0,39.0,45.0,70.0,16.0,129.0,340.0,333.0,424.0,1467.0,17,043,842601,3,170438426013
7.0,3.0,1.0,19.0,0.0,5.0,3.0,6.0,2.0,11.0,73.0,171.0,171.0,93.0,328.0,628.0,1521.0,17,043,842602,1,170438426021
5.0,1.0,11.0,25.0,34.0,0.0,15.0,2.0,0.0,16.0,96.0,98.0,179.0,57.0,421.0,389.0,1349.0,17,043,842602,2,170438426022
35.0,0.0,15.0,4.0,1.0,1.0,3.0,1.0,3.0,89.0,39.0,194.0,237.0,174.0,315.0,655.0,1766.0,17,043,842602,3,170438426023
0.0,7.0,21.0,0.0,14.0,5.0,1.0,12.0,4.0,2.0,113.0,252.0,123.0,48.0,72.0,64.0,738.0,17,043,842603,1,170438426031
4.0,1.0,5.0,1.0,20.0,0.0,1.0,59.0,2.0,63.0,197.0,262.0,343.0,172.0,188.0,164.0,1482.0,17,043,842603,2,170438426032
55.0,14.0,2.0,53.0,52.0,37.0,15.0,1.0,0.0,6.0,47.0,156.0,128.0,25.0,58.0,98.0,747.0,17,043,842603,3,170438426033
80.0,140.0,40.0,56.0,18.0,1.0,0.0,2.0,3.0,0.0,21.0,29.0,65.0,58.0,87.0,162.0,762.0,17,043,842604,1,170438426041
90.0,2.0,66.0,50.0,0.0,24.0,84.0,58.0,123.0,205.0,124.0,188.0,171.0,105.0,126.0,86.0,1502.0,17,043,842604,2,170438426042
6.0,30.0,6.0,11.0,61.0,121.0,41.0,7.0,76.0,35.0,14.0,117.0,186.0,143.0,140.0,178.0,1172.0,17,043,842604,3,170438426043
70.0,5.0,6.0,93.0,3.0,21.0,10.0,5.0,1.0,69.0,147.0,41.0,26.0,29.0,83.0,80.0,689.0,17,043,842604,4,170438426044
23.0,3.0,0.0,40.0,49.0,34.0,37.0,14.0,57.0,228.0,90.0,308.0,152.0,159.0,135.0,113.0,1442.0,17,043,842605,1,170438426051
2.0,2.0,2.0,12.0,2.0,26.0,16.0,14.0,2.0,14.0,125.0,159.0,105.0,107.0,316.0,412.0,1316.0,17,043,842605,2,170438426052
4.0,2.0,24.0,7.0,6.0,93.0,27.0,114.0,6.0,106.0,163.0,112.0,169.0,167.0,93.0,150.0,1243.0,17,043,842605,3,170438426053
155.0,7.0,27.0,17.0,13.0,18.0,55.0,23.0,41.0,272.0,131.0,180.0,62.0,130.0,105.0,123.0,1359.0,17,043,842702,1,170438427021
10.0,1.0,28.0,27.0,96.0,6.0,22.0,65.0,4.0,196.0,112.0,82.0,104.0,49.0,153.0,442.0,1397.0,17,043,842702,2,170438427022
122.0,48.0,22.0,138.0,2.0,109.0,59.0,8.0,48.0,188.0,322.0,320.0,156.0,105.0,90.0,147.0,1884.0,17,043,842702,3,170438427023
36.0,15.0,0.0,13.0,21.0,1.0,4.0,60.0,17.0,69.0,238.0,357.0,119.0,258.0,186.0,102.0,1496.0,17,043,842703,1,170438427031
2.0,25.0,1.0,15.0,9.0,9.0,7.0,9.0,2.0,92.0,51.0,154.0,155.0,88.0,428.0,224.0,1271.0,17,043,842703,2,170438427032
17.0,18.0,22.0,1.0,93.0,12.0,75.0,54.0,32.0,63.0,241.0,193.0,170.0,93.0,246.0,149.0,1479.0,17,043,842703,3,170438427033
48.0,16.0,43.0,38.0,83.0,42.0,129.0,101.0,127.0,115.0,131.0,184.0,130.0,98.0,89.0,86.0,1460.0,17,043,842704,1,170438427041
4.0,0.0,27.0,34.0,21.0,11.0,0.0,35.0,3.0,172.0,102.0,109.0,273.0,39.0,100.0,119.0,1049.0,17,043,842704,2,170438427042
8.0,0.0,24.0,4.0,96.0,49.0,4.0,5.0,1.0,104.0,123.0,1.0,43.0,87.0,265.0,132.0,946.0,17,043,842704,3,170438427043
81.0,184.0,22.0,2.0,8.0,145.0,9.0,64.0,228.0,129.0,11.0,278.0,117.0,87.0,162.0,124.0,1651.0,17,043,842704,4,170438427044
7.0,0.0,4.0,72.0,41.0,42.0,7.0,1.0,10.0,4.0,187.0,227.0,245.0,150.0,145.0,470.0,1612.0,17,043,842706,1,170438427061
44.0,2.0,38.0,33.0,10.0,14.0,0.0,26.0,13.0,14.0,143.0,133.0,100.0,81.0,153.0,273.0,1077.0,17,043,842706,2,170438427062
9.0,2.0,10.0,130.0,87.0,3.0,209.0,97.0,2.0,135.0,311.0,124.0,144.0,115.0,459.0,188.0,2025.0,17,043,842706,3,170438427063
1.0,1.0,4.0,45.0,2.0,1.0,30.0,38.0,1.0,72.0,86.0,233.0,152.0,106.0,74.0,214.0,1060.0,17,043,842708,1,170438427081
58.0,0.0,7.0,2.0,0.0,35.0,129.0,1.0,14.0,31.0,61.0,59.0,201.0,157.0,246.0,466.0,1467.0,17,043,842708,2,170438427082
68.0,5.0,1.0,129.0,8.0,4.0,2.0,19.0,1.0,190.0,146.0,37.0,76.0,42.0,31.0,65.0,824.0,17,043,842709,1,170438427091
4.0,2.0,0.0,7.0,14.0,4.0,2.0,121.0,112.0,19.0,114.0,384.0,216.0,142.0,220.0,237.0,1598.0,17,043,842709,2,170438427092
3.0,26.0,5.0,0.0,4.0,3.0,4.0,30.0,12.0,117.0,133.0,253.0,235.0,109.0,141.0,100.0,1175.0,17,043,842709,3,170438427093
2.0,2.0,3.0,56.0,13.0,19.0,16.0,3.0,1.0,9.0,17.0,259.0,148.0,95.0,113.0,266.0,1022.0,17,043,842710,1,170438427101
11.0,80.0,25.0,107.0,33.0,6.0,0.0,67.0,75.0,92.0,45.0,28.0,103.0,56.0,127.0,152.0,1007.0,17,043,842710,2,170438427102
207.0,22.0,21.0,81.0,137.0,53.0,70.0,38.0,16.0,162.0,67.0,116.0,108.0,94.0,63.0,102.0,1357.0,17,043,842710,3,170438427103
1.0,5.0,2.0,24.0,7.0,7.0,2.0,13.0,5.0,67.0,192.0,329.0,181.0,142.0,273.0,295.0,1545.0,17,043,842711,1,170438427111
6.0,0.0,0.0,43.0,3.0,17.0,3.0,40.0,64.0,31.0,224.0,99.0,122.0,155.0,372.0,190.0,1369.0,17,043,842711,2,170438427112
92.0,1.0,7.0,9.0,1.0,2.0,1.0,1.0,35.0,53.0,0.0,204.0,137.0,220.0,110.0,146.0,1019.0,17,043,842800,1,170438428001
9.0,7.0,4.0,8.0,25.0,32.0,0.0,36.0,59.0,22.0,45.0,123.0,72.0,86.0,131.0,228.0,887.0,17,043,842800,2,170438428002
3.0,7.0,72.0,69.0,40.0,87.0,86.0,7.0,4.0,15.0,161.0,226.0,114.0,189.0,113.0,264.0,1457.0,17,043,842800,3,170438428003
2.0,6.0,0.0,1.0,2.0,4.0,14.0,6.0,3.0,72.0,108.0,97.0,101.0,56.0,397.0,445.0,1314.0,17,043,842800,4,170438428004
54.0,0.0,0.0,2.0,42.0,110.0,111.0,54.0,24.0,23.0,71.0,225.0,236.0,87.0,345.0,378.0,1762.0,17,043,842900,1,170438429001
53.0,78.0,118.0,65.0,49.0,112.0,111.0,100.0,15.0,50.0,34.0,172.0,400.0,296.0,226.0,433.0,2312.0,17,043,842900,2,170438429002
39.0,2.0,101.0,58.0,4.0,0.0,7.0,39.0,8.0,13.0,62.0,11.0,73.0,53.0,74.0,173.0,717.0,17,043,842900,3,170438429003
2.0,115.0,1.0,4.0,3.0,3.0,39.0,2.0,6.0,148.0,0.0,195.0,187.0,49.0,358.0,383.0,1495.0,17,043,843000,1,170438430001
39.0,44.0,47.0,134.0,63.0,0.0,96.0,40.0,60.0,41.0,244.0,233.0,109.0,173.0,85.0,317.0,1725.0,17,043,843000,2,170438430002
35.0,8.0,0.0,16.0,2.0,12.0,35.0,44.0,12.0,5.0,117.0,155.0,405.0,72.0,160.0,71.0,1149.0,17,043,843000,3,170438430003
129.0,3.0,43.0,106.0,42.0,79.0,109.0,33.0,23.0,180.0,82.0,210.0,127.0,40.0,77.0,84.0,1367.0,17,043,843100,1,170438431001
5.0,60.0,7.0,1.0,2.0,2.0,89.0,105.0,28.0,90.0,140.0,161.0,213.0,21.0,60.0,103.0,1087.0,17,043,843100,2,170438431002
44.0,4.0,58.0,133.0,77.0,3.0,0.0,62.0,5.0,71.0,103.0,258.0,150.0,207.0,118.0,168.0,1461.0,17,043,843100,3,170438431003
6.0,35.0,10.0,1.0,13.0,72.0,37.0,145.0,81.0,0.0,153.0,263.0,76.0,24.0,98.0,103.0,1117.0,17,043,843200,1,170438432001
133.0,4.0,39.0,21.0,62.0,52.0,134.0,3.0,31.0,74.0,108.0,143.0,25.0,98.0,30.0,73.0,1030.0,17,043,843200,2,170438432002
76.0,105.0,3.0,232.0,157.0,100.0,14.0,23.0,43.0,31.0,178.0,135.0,173.0,44.0,107.0,123.0,1544.0,17,043,843200,3,170438432003
13.0,3.0,61.0,0.0,20.0,106.0,0.0,57.0,75.0,85.0,148.0,264.0,301.0,87.0,95.0,61.0,1376.0,17,043,843200,4,170438432004
10.0,5.0,163.0,72.0,0.0,58.0,42.0,27.0,5.0,44.0,61.0,474.0,117.0,110.0,29.0,92.0,1309.0,17,043,843301,1,170438433011
102.0,4.0,7.0,73.0,22.0,126.0,12.0,8.0,0.0,104.0,143.0,467.0,206.0,80.0,117.0,94.0,1565.0,17,043,843301,2,170438433012
46.0,4.0,26.0,33.0,12.0,2.0,32.0,104.0,143.0,282.0,95.0,335.0,144.0,18.0,137.0,49.0,1462.0,17,043,843301,3,170438433013
1.0,0.0,3.0,76.0,19.0,21.0,94.0,18.0,85.0,80.0,108.0,581.0,261.0,251.0,118.0,55.0,1771.0,17,043,843302,1,170438433021
1.0,24.0,2.0,18.0,0.0,2.0,41.0,44.0,39.0,84.0,167.0,273.0,178.0,256.0,292.0,135.0,1556.0,17,043,843302,2,170438433022
4.0,6.0,0.0,45.0,58.0,88.0,0.0,56.0,13.0,102.0,87.0,184.0,146.0,76.0,266.0,125.0,1256.0,17,043,843400,1,170438434001
0.0,0.0,12.0,37.0,13.0,44.0,2.0,1.0,189.0,39.0,184.0,144.0,175.0,83.0,116.0,149.0,1188.0,17,043,843400,2,170438434002
70.0,3.0,31.0,57.0,0.0,61.0,57.0,2.0,16.0,119.0,101.0,173.0,123.0,37.0,75.0,91.0,1016.0,17,043,843400,3,170438434003
42.0,73.0,112.0,9.0,29.0,200.0,70.0,126.0,122.0,263.0,103.0,218.0,184.0,183.0,75.0,38.0,1847.0,17,043,843500,1,170438435001
16.0,3.0,57.0,1.0,68.0,56.0,19.0,61.0,15.0,300.0,132.0,273.0,170.0,243.0,150.0,165.0,1729.0,17,043,843500,2,170438435002
18.0,93.0,6.0,2.0,97.0,50.0,158.0,71.0,4.0,73.0,252.0,333.0,127.0,123.0,293.0,250.0,1950.0,17,043,843500,3,170438435003
110.0,0.0,68.0,48.0,4.0,62.0,84.0,61.0,79.0,110.0,105.0,262.0,77.0,129.0,193.0,62.0,1454.0,17,043,843601,1,170438436011
13.0,11.0,2.0,9.0,3.0,43.0,23.0,6.0,142.0,24.0,9.0,55.0,115.0,125.0,131.0,72.0,783.0,17,043,843601,2,170438436012
151.0,4.0,5.0,0.0,42.0,25.0,60.0,55.0,46.0,64.0,111.0,445.0,64.0,208.0,129.0,110.0,1519.0,17,043,843601,3,170438436013
174.0,1.0,5.0,13.0,51.0,22.0,10.0,45.0,0.0,155.0,196.0,270.0,304.0,151.0,307.0,95.0,1799.0,17,043,843602,1,170438436021
0.0,1.0,43.0,9.0,9.0,60.0,46.0,26.0,93.0,107.0,43.0,324.0,218.0,134.0,112.0,164.0,1389.0,17,043,843602,2,170438436022
7.0,4.0,16.0,27.0,1.0,8.0,0.0,17.0,78.0,59.0,130.0,305.0,142.0,221.0,62.0,121.0,1198.0,17,043,843700,1,170438437001
74.0,0.0,7.0,11.0,17.0,49.0,7.0,55.0,42.0,33.0,287.0,432.0,296.0,98.0,227.0,137.0,1772.0,17,043,843700,2,170438437002
19.0,6.0,15.0,77.0,86.0,71.0,6.0,71.0,3.0,83.0,153.0,124.0,373.0,253.0,93.0,142.0,1575.0,17,043,843700,3,170438437003
59.0,0.0,1.0,67.0,25.0,32.0,32.0,51.0,131.0,174.0,235.0,292.0,163.0,314.0,93.0,101.0,1770.0,17,043,843800,1,170438438001
36.0,6.0,7.0,18.0,0.0,32.0,14.0,4.0,39.0,190.0,392.0,136.0,124.0,131.0,208.0,45.0,1382.0,17,043,843800,2,170438438002
0.0,1.0,2.0,68.0,36.0,140.0,49.0,19.0,43.0,58.0,93.0,75.0,131.0,121.0,239.0,174.0,1249.0,17,043,843900,1,170438439001
6.0,4.0,2.0,1.0,33.0,57.0,39.0,0.0,54.0,0.0,127.0,188.0,38.0,146.0,202.0,266.0,1163.0,17,043,843900,2,170438439002
6.0,2.0,5.0,3.0,8.0,62.0,8.0,96.0,81.0,53.0,87.0,165.0,498.0,141.0,178.0,359.0,1752.0,17,043,843900,3,170438439003
3.0,7.0,10.0,232.0,3.0,66.0,2.0,6.0,1.0,1.0,226.0,112.0,366.0,101.0,323.0,591.0,2050.0,17,043,844001,1,170438440011
5.0,65.0,109.0,2.0,36.0,132.0,1.0,24.0,5.0,50.0,61.0,90.0,263.0,291.0,301.0,341.0,1776.0,17,043,844001,2,170438440012
2.0,2.0,6.0,35.0,4.0,4.0,2.0,2.0,50.0,0.0,114.0,124.0,226.0,39.0,113.0,439.0,1162.0,17,043,844002,1,170438440021
1.0,2.0,66.0,20.0,46.0,52.0,15.0,59.0,2.0,151.0,102.0,229.0,148.0,82.0,308.0,528.0,1811.0,17,043,844002,2,170438440022
19.0,2.0,3.0,6.0,0.0,0.0,10.0,70.0,68.0,2.0,61.0,118.0,211.0,255.0,243.0,793.0,1861.0,17,043,844002,3,170438440023
7.0,5.0,29.0,63.0,2.0,1.0,32.0,136.0,2.0,175.0,17.0,207.0,159.0,160.0,248.0,322.0,1565.0,17,043,844100,1,170438441001
0.0,3.0,2.0,126.0,63.0,23.0,3.0,41.0,17.0,149.0,121.0,181.0,156.0,122.0,136.0,175.0,1318.0,17,043,844100,2,170438441002
89.0,2.0,13.0,3.0,9.0,91.0,9.0,1.0,32.0,23.0,100.0,162.0,55.0,194.0,106.0,114.0,1003.0,17,043,844100,3,170438441003
5.0,0.0,5.0,8.0,91.0,4.0,6.0,0.0,5.0,0.0,218.0,126.0,25.0,192.0,21.0,49.0,755.0,17,043,844201,1,170438442011
127.0,0.0,36.0,72.0,82.0,12.0,112.0,94.0,33.0,216.0,148.0,184.0,182.0,20.0,82.0,43.0,1443.0,17,043,844201,2,170438442012
14.0,84.0,127.0,28.0,45.0,76.0,32.0,91.0,0.0,91.0,204.0,459.0,281.0,199.0,272.0,115.0,2118.0,17,043,844201,3,170438442013
0.0,0.0,45.0,0.0,18.0,0.0,71.0,57.0,6.0,95.0,284.0,392.0,148.0,57.0,76.0,127.0,1376.0,17,043,844201,4,170438442014
20.0,20.0,91.0,32.0,49.0,24.0,1.0,75.0,48.0,81.0,80.0,215.0,153.0,194.0,155.0,122.0,1360.0,17,043,844202,1,170438442021
22.0,1.0,31.0,31.0,37.0,32.0,40.0,15.0,1.0,84.0,60.0,66.0,266.0,164.0,291.0,188.0,1329.0,17,043,844202,2,170438442022
8.0,25.0,2.0,0.0,122.0,0.0,3.0,17.0,3.0,43.0,50.0,94.0,14.0,128.0,179.0,380.0,1068.0,17,043,844301,1,170438443011
0.0,21.0,9.0,93.0,23.0,68.0,11.0,100.0,124.0,504.0,100.0,180.0,182.0,40.0,72.0,52.0,1579.0,17,043,844301,2,170438443012
1.0,10.0,2.0,78.0,4.0,5.0,5.0,2.0,9.0,96.0,10.0,328.0,119.0,184.0,187.0,222.0,1262.0,17,043,844301,3,170438443013
59.0,85.0,1.0,148.0,64.0,226.0,129.0,134.0,72.0,55.0,148.0,187.0,90.0,112.0,144.0,209.0,1863.0,17,043,844301,4,170438443014
99.0,1.0,1.0,0.0,0.0,1.0,42.0,2.0,14.0,297.0,133.0,309.0,119.0,130.0,169.0,154.0,1471.0,17,043,844304,1,170438443041
14.0,3.0,80.0,38.0,57.0,1.0,0.0,43.0,59.0,5.0,176.0,148.0,113.0,147.0,294.0,100.0,1278.0,17,043,844304,2,170438443042
18.0,39.0,6.0,70.0,82.0,51.0,45.0,76.0,60.0,133.0,98.0,179.0,203.0,32.0,34.0,32.0,1158.0,17,043,844304,3,170438443043
3.0,35.0,75.0,0.0,174.0,161.0,20.0,167.0,12.0,165.0,9.0,25.0,41.0,126.0,52.0,150.0,1215.0,17,043,844305,1,170438443051
39.0,3.0,36.0,10.0,2.0,81.0,2.0,76.0,55.0,101.0,96.0,206.0,214.0,226.0,68.0,133.0,1348.0,17,043,844305,2,170438443052
20.0,113.0,1.0,32.0,62.0,40.0,24.0,0.0,5.0,112.0,102.0,168.0,75.0,172.0,46.0,57.0,1029.0,17,043,844305,3,170438443053
1.0,32.0,18.0,20.0,132.0,28.0,30.0,26.0,40.0,120.0,194.0,92.0,14.0,97.0,111.0,101.0,1056.0,17,043,844306,1,170438443061
79.0,99.0,39.0,86.0,44.0,88.0,53.0,291.0,4.0,67.0,380.0,203.0,143.0,8.0,194.0,42.0,1820.0,17,043,844306,2,170438443062
34.0,16.0,28.0,47.0,58.0,61.0,18.0,3.0,23.0,165.0,217.0,155.0,104.0,35.0,178.0,127.0,1269.0,17,043,844306,3,170438443063
69.0,1.0,48.0,28.0,4.0,175.0,2.0,6.0,5.0,157.0,104.0,150.0,140.0,60.0,169.0,87.0,1205.0,17,043,844307,1,170438443071
7.0,5.0,0.0,21.0,16.0,15.0,2.0,19.0,22.0,14.0,36.0,4.0,62.0,47.0,26.0,59.0,355.0,17,043,844307,2,170438443072
146.0,36.0,7.0,104.0,8.0,71.0,82.0,70.0,137.0,53.0,201.0,260.0,141.0,130.0,158.0,145.0,1749.0,17,043,844307,3,170438443073
5.0,7.0,4.0,52.0,9.0,13.0,49.0,15.0,19.0,5.0,96.0,121.0,193.0,224.0,445.0,457.0,1714.0,17,043,844401,1,170438444011
16.0,36.0,6.0,28.0,25.0,6.0,11.0,55.0,9.0,87.0,52.0,64.0,100.0,79.0,91.0,119.0,784.0,17,043,844401,2,170438444012
3.0,0.0,7.0,6.0,3.0,5.0,97.0,32.0,51.0,2.0,37.0,184.0,43.0,37.0,81.0,196.0,784.0,17,043,844401,3,170438444013
3.0,3.0,3.0,0.0,3.0,79.0,1.0,5.0,2.0,3.0,5.0,76.0,22.0,81.0,276.0,570.0,1132.0,17,043,844402,1,170438444021
138.0,103.0,28.0,37.0,2.0,13.0,2.0,3.0,8.0,4.0,4.0,53.0,94.0,64.0,99.0,205.0,857.0,17,043,844402,2,170438444022
55.0,7.0,52.0,6.0,0.0,20.0,105.0,17.0,1.0,80.0,459.0,164.0,155.0,87.0,65.0,86.0,1359.0,17,043,844402,3,170438444023
44.0,0.0,1.0,14.0,0.0,7.0,22.0,12.0,1.0,3.0,101.0,150.0,46.0,170.0,76.0,419.0,1066.0,17,043,844402,4,170438444024
5.0,3.0,12.0,57.0,18.0,64.0,4.0,41.0,6.0,126.0,105.0,163.0,80.0,97.0,107.0,105.0,993.0,17,043,844501,1,170438445011
11.0,65.0,55.0,42.0,18.0,5.0,72.0,21.0,137.0,66.0,237.0,268.0,184.0,167.0,126.0,209.0,1683.0,17,043,844501,2,170438445012
48.0,15.0,57.0,28.0,16.0,28.0,6.0,40.0,13.0,96.0,169.0,196.0,211.0,76.0,35.0,47.0,1081.0,17,043,844501,3,170438445013
25.0,3.0,23.0,63.0,39.0,9.0,36.0,0.0,6.0,35.0,64.0,59.0,290.0,201.0,159.0,330.0,1342.0,17,043,844502,1,170438445021
126.0,136.0,184.0,73.0,148.0,23.0,8.0,4.0,0.0,0.0,1.0,23.0,15.0,25.0,55.0,67.0,888.0,17,043,844502,2,170438445022
0.0,3.0,9.0,0.0,2.0,7.0,5.0,1.0,5.0,60.0,5.0,147.0,52.0,113.0,151.0,484.0,1044.0,17,043,844502,3,170438445023
6.0,12.0,24.0,45.0,8.0,29.0,53.0,62.0,42.0,62.0,132.0,106.0,206.0,54.0,120.0,294.0,1255.0,17,043,844601,1,170438446011
47.0,50.0,6.0,57.0,9.0,5.0,14.0,133.0,48.0,121.0,113.0,99.0,90.0,139.0,303.0,613.0,1847.0,17,043,844601,2,170438446012
2.0,43.0,30.0,88.0,24.0,49.0,10.0,9.0,0.0,32.0,31.0,97.0,90.0,12.0,70.0,80.0,667.0,17,043,844601,3,170438446013
1.0,7.0,69.0,41.0,108.0,6.0,14.0,11.0,84.0,26.0,72.0,263.0,72.0,30.0,359.0,219.0,1382.0,17,043,844602,1,170438446021
5.0,34.0,2.0,9.0,0.0,0.0,3.0,32.0,11.0,3.0,88.0,281.0,120.0,68.0,341.0,391.0,1388.0,17,043,844602,2,170438446022
91.0,0.0,49.0,82.0,9.0,63.0,101.0,23.0,67.0,74.0,69.0,147.0,112.0,63.0,115.0,94.0,1159.0,17,043,844602,3,170438446023
0.0,81.0,0.0,9.0,21.0,48.0,3.0,36.0,8.0,112.0,111.0,152.0,127.0,39.0,149.0,33.0,929.0,17,043,844701,1,170438447011
56.0,29.0,8.0,42.0,27.0,2.0,0.0,2.0,27.0,46.0,320.0,85.0,28.0,119.0,107.0,100.0,998.0,17,043,844701,2,170438447012
10.0,26.0,68.0,117.0,71.0,8.0,98.0,41.0,3.0,58.0,63.0,115.0,80.0,87.0,63.0,45.0,953.0,17,043,844701,3,170438447013
7.0,5.0,33.0,7.0,18.0,38.0,12.0,172.0,92.0,9.0,159.0,184.0,167.0,38.0,72.0,153.0,1166.0,17,043,844701,4,170438447014
7.0,2.0,1.0,3.0,9.0,8.0,6.0,32.0,14.0,56.0,62.0,107.0,142.0,62.0,274.0,934.0,1719.0,17,043,844702,1,170438447021
7.0,28.0,0.0,3.0,32.0,0.0,6.0,45.0,13.0,55.0,5.0,41.0,219.0,166.0,107.0,369.0,1096.0,17,043,844702,2,170438447022
12.0,2.0,4.0,69.0,3.0,1.0,2.0,1.0,2.0,35.0,125.0,125.0,12.0,37.0,171.0,784.0,1385.0,17,043,844702,3,170438447023
64.0,111.0,24.0,54.0,28.0,33.0,35.0,6.0,22.0,137.0,108.0,102.0,148.0,37.0,55.0,204.0,1168.0,17,043,844702,4,170438447024
103.0,20.0,7.0,14.0,1.0,124.0,0.0,18.0,11.0,50.0,174.0,119.0,199.0,61.0,129.0,312.0,1342.0,17,043,844801,1,170438448011
146.0,28.0,4.0,1.0,0.0,1.0,47.0,19.0,38.0,43.0,169.0,301.0,182.0,141.0,210.0,592.0,1922.0,17,043,844801,2,170438448012
6.0,1.0,5.0,29.0,0.0,126.0,3.0,49.0,1.0,40.0,195.0,70.0,93.0,130.0,162.0,235.0,1145.0,17,043,844801,3,170438448013
5.0,14.0,25.0,7.0,3.0,1.0,137.0,25.0,13.0,89.0,182.0,142.0,136.0,18.0,101.0,767.0,1665.0,17,043,844802,1,170438448021
9.0,33.0,75.0,141.0,59.0,99.0,90.0,38.0,215.0,31.0,123.0,227.0,123.0,63.0,132.0,91.0,1549.0,17,043,844802,2,170438448022
1.0,146.0,44.0,66.0,4.0,4.0,92.0,58.0,32.0,162.0,127.0,145.0,216.0,61.0,192.0,179.0,1529.0,17,043,844901,1,170438449011
5.0,96.0,24.0,14.0,0.0,10.0,41.0,0.0,67.0,65.0,318.0,127.0,400.0,202.0,88.0,372.0,1829.0,17,043,844901,2,170438449012
120.0,55.0,61.0,6.0,10.0,69.0,10.0,14.0,0.0,66.0,39.0,27.0,89.0,83.0,240.0,214.0,1103.0,17,043,844902,1,170438449021
2.0,0.0,4.0,2.0,3.0,56.0,27.0,7.0,0.0,0.0,139.0,283.0,203.0,48.0,236.0,379.0,1389.0,17,043,844902,2,170438449022
265.0,0.0,63.0,9.0,1.0,69.0,7.0,125.0,3.0,51.0,74.0,145.0,89.0,76.0,232.0,540.0,1749.0,17,043,844902,3,170438449023
113.0,1.0,1.0,53.0,6.0,113.0,253.0,8.0,2.0,126.0,264.0,135.0,29.0,78.0,30.0,64.0,1276.0,17,043,845000,1,170438450001
2.0,15.0,15.0,9.0,9.0,14.0,2.0,2.0,102.0,62.0,223.0,43.0,118.0,79.0,121.0,321.0,1137.0,17,043,845000,2,170438450002
4.0,101.0,90.0,3.0,145.0,59.0,5.0,24.0,54.0,50.0,280.0,110.0,138.0,26.0,61.0,101.0,1251.0,17,043,845000,3,170438450003
68.0,2.0,31.0,233.0,83.0,48.0,6.0,25.0,0.0,84.0,89.0,269.0,142.0,192.0,31.0,112.0,1415.0,17,043,845000,4,170438450004
24.0,234.0,3.0,43.0,169.0,2.0,3.0,3.0,1.0,93.0,127.0,167.0,49.0,174.0,109.0,550.0,1751.0,17,043,845100,1,170438451001
3.0,0.0,1.0,41.0,146.0,4.0,2.0,1.0,1.0,235.0,77.0,114.0,311.0,245.0,223.0,748.0,2152.0,17,043,845100,2,170438451002
2.0,2.0,24.0,33.0,6.0,5.0,1.0,0.0,0.0,1.0,50.0,190.0,16.0,147.0,261.0,375.0,1113.0,17,043,845100,3,170438451003
27.0,35.0,177.0,8.0,23.0,24.0,26.0,1.0,1.0,31.0,53.0,93.0,331.0,15.0,521.0,435.0,1801.0,17,043,845100,4,170438451004
2.0,1.0,3.0,23.0,9.0,0.0,74.0,12.0,50.0,75.0,44.0,50.0,91.0,152.0,238.0,579.0,1403.0,17,043,845200,1,170438452001
2.0,5.0,20.0,27.0,7.0,5.0,19.0,48.0,28.0,61.0,8.0,78.0,181.0,144.0,55.0,850.0,1538.0,17,043,845200,2,170438452002
1.0,22.0,2.0,36.0,2.0,20.0,9.0,1.0,14.0,66.0,104.0,243.0,146.0,121.0,155.0,1121.0,2063.0,17,043,845200,3,170438452003
7.0,2.0,18.0,8.0,7.0,0.0,1.0,58.0,8.0,50.0,116.0,206.0,95.0,78.0,163.0,959.0,1776.0,17,043,845300,1,170438453001
43.0,39.0,0.0,30.0,103.0,2.0,2.0,3.0,1.0,0.0,58.0,96.0,55.0,56.0,123.0,808.0,1419.0,17,043,845300,2,170438453002
58.0,61.0,2.0,6.0,1.0,17.0,38.0,26.0,58.0,75.0,27.0,266.0,49.0,49.0,204.0,718.0,1655.0,17,043,845401,1,170438454011
50.0,5.0,16.0,8.0,2.0,64.0,6.0,47.0,1.0,14.0,100.0,64.0,29.0,33.0,132.0,206.0,777.0,17,043,845401,2,170438454012
65.0,147.0,18.0,2.0,2.0,62.0,3.0,6.0,25.0,21.0,1.0,19.0,8.0,99.0,216.0,482.0,1176.0,17,043,845401,3,170438454013
0.0,4.0,5.0,5.0,95.0,31.0,1.0,5.0,3.0,11.0,42.0,165.0,143.0,109.0,196.0,327.0,1142.0,17,043,845402,1,170438454021
143.0,2.0,145.0,33.0,32.0,4.0,2.0,105.0,6.0,7.0,111.0,259.0,266.0,193.0,300.0,300.0,1908.0,17,043,845402,2,170438454022
1.0,18.0,1.0,37.0,1.0,37.0,2.0,4.0,8.0,145.0,119.0,97.0,138.0,196.0,226.0,232.0,1262.0,17,043,845502,1,170438455021
4.0,103.0,25.0,48.0,62.0,43.0,162.0,129.0,180.0,278.0,517.0,234.0,83.0,134.0,40.0,64.0,2106.0,17,043,845502,2,170438455022
4.0,102.0,16.0,104.0,122.0,94.0,184.0,113.0,160.0,165.0,206.0,181.0,231.0,46.0,90.0,150.0,1968.0,17,043,845502,3,170438455023
18.0,1.0,29.0,1.0,1.0,58.0,1.0,0.0,2.0,60.0,276.0,1.0,106.0,58.0,197.0,231.0,1040.0,17,043,845505,1,170438455051
106.0,9.0,55.0,0.0,127.0,12.0,76.0,146.0,3.0,93.0,165.0,142.0,31.0,74.0,244.0,101.0,1384.0,17,043,845505,2,170438455052
0.0,28.0,54.0,57.0,2.0,29.0,55.0,21.0,73.0,40.0,180.0,226.0,270.0,265.0,129.0,201.0,1630.0,17,043,845505,3,170438455053
232.0,130.0,216.0,106.0,141.0,178.0,248.0,45.0,33.0,291.0,421.0,134.0,123.0,35.0,256.0,219.0,2808.0,17,043,845506,1,170438455061
23.0,18.0,39.0,48.0,39.0,33.0,126.0,38.0,2.0,89.0,172.0,300.0,126.0,31.0,150.0,131.0,1365.0,17,043,845506,2,170438455062
9.0,26.0,28.0,0.0,7.0,159.0,130.0,23.0,9.0,5.0,93.0,283.0,191.0,201.0,174.0,235.0,1573.0,17,043,845507,1,170438455071
5.0,0.0,15.0,2.0,22.0,5.0,195.0,75.0,15.0,103.0,83.0,206.0,543.0,287.0,108.0,201.0,1865.0,17,043,845507,2,170438455072
111.0,27.0,108.0,84.0,29.0,10.0,9.0,88.0,35.0,103.0,114.0,237.0,190.0,132.0,74.0,174.0,1525.0,17,043,845508,1,170438455081
47.0,61.0,47.0,43.0,192.0,86.0,3.0,113.0,64.0,124.0,253.0,219.0,207.0,149.0,155.0,234.0,1997.0,17,043,845508,2,170438455082
0.0,1.0,0.0,2.0,5.0,25.0,0.0,2.0,2.0,75.0,227.0,197.0,327.0,199.0,283.0,373.0,1718.0,17,043,845509,1,170438455091
4.0,2.0,3.0,23.0,258.0,177.0,20.0,8.0,51.0,138.0,117.0,166.0,64.0,269.0,81.0,188.0,1569.0,17,043,845509,2,170438455092
53.0,68.0,12.0,43.0,4.0,14.0,80.0,44.0,29.0,13.0,82.0,80.0,138.0,221.0,90.0,170.0,1141.0,17,043,845510,1,170438455101
32.0,2.0,35.0,95.0,41.0,146.0,91.0,116.0,71.0,126.0,399.0,384.0,184.0,71.0,60.0,137.0,1990.0,17,043,845510,2,170438455102
14.0,53.0,9.0,177.0,84.0,390.0,134.0,92.0,20.0,244.0,139.0,137.0,107.0,192.0,58.0,155.0,2005.0,17,043,845601,1,170438456011
6.0,11.0,14.0,4.0,5.0,17.0,14.0,3.0,67.0,145.0,46.0,243.0,178.0,146.0,136.0,187.0,1222.0,17,043,845601,2,170438456012
8.0,2.0,9.0,4.0,8.0,7.0,1.0,8.0,1.0,36.0,87.0,161.0,178.0,96.0,243.0,180.0,1029.0,17,043,845601,3,170438456013
64.0,23.0,8.0,61.0,66.0,4.0,1.0,10.0,74.0,45.0,199.0,237.0,214.0,96.0,179.0,68.0,1349.0,17,043,845602,1,170438456021
128.0,52.0,102.0,23.0,17.0,62.0,1.0,27.0,20.0,83.0,125.0,156.0,160.0,185.0,143.0,207.0,1491.0,17,043,845602,2,170438456022
78.0,48.0,18.0,310.0,48.0,83.0,35.0,104.0,10.0,14.0,52.0,185.0,230.0,134.0,287.0,328.0,1964.0,17,043,845602,3,170438456023
61.0,11.0,35.0,6.0,23.0,13.0,38.0,69.0,65.0,133.0,228.0,270.0,245.0,193.0,75.0,196.0,1661.0,17,043,845701,1,170438457011
31.0,0.0,9.0,10.0,29.0,63.0,8.0,27.0,20.0,8.0,93.0,195.0,70.0,35.0,195.0,188.0,981.0,17,043,845701,2,170438457012
27.0,0.0,5.0,5.0,9.0,15.0,1.0,0.0,12.0,65.0,134.0,82.0,186.0,169.0,158.0,209.0,1077.0,17,043,845701,3,170438457013
12.0,3.0,55.0,4.0,18.0,0.0,5.0,3.0,5.0,56.0,96.0,79.0,157.0,53.0,239.0,376.0,1161.0,17,043,845702,1,170438457021
4.0,8.0,0.0,73.0,66.0,40.0,74.0,0.0,10.0,70.0,70.0,109.0,296.0,237.0,202.0,267.0,1526.0,17,043,845702,2,170438457022
26.0,14.0,22.0,3.0,24.0,14.0,4.0,0.0,31.0,98.0,95.0,157.0,156.0,121.0,112.0,270.0,1147.0,17,043,845702,3,170438457023
4.0,3.0,5.0,52.0,8.0,2.0,2.0,0.0,5.0,16.0,60.0,44.0,313.0,63.0,82.0,170.0,829.0,17,043,845702,4,170438457024
1.0,0.0,3.0,18.0,6.0,5.0,5.0,24.0,71.0,8.0,51.0,134.0,176.0,110.0,209.0,143.0,964.0,17,043,845703,1,170438457031
0.0,4.0,6.0,2.0,4.0,7.0,18.0,27.0,43.0,35.0,58.0,224.0,204.0,123.0,262.0,173.0,1190.0,17,043,845703,2,170438457032
1.0,1.0,7.0,4.0,3.0,0.0,6.0,1.0,13.0,22.0,50.0,84.0,346.0,63.0,316.0,180.0,1097.0,17,043,845703,3,170438457033
148.0,117.0,87.0,59.0,70.0,182.0,90.0,77.0,28.0,86.0,105.0,73.0,30.0,110.0,77.0,98.0,1437.0,17,043,845703,4,170438457034
98.0,46.0,5.0,80.0,23.0,33.0,77.0,30.0,0.0,109.0,33.0,331.0,292.0,99.0,24.0,45.0,1325.0,17,043,845704,1,170438457041
4.0,16.0,44.0,9.0,11.0,4.0,1.0,213.0,30.0,30.0,173.0,174.0,235.0,268.0,123.0,75.0,1410.0,17,043,845704,2,170438457042
59.0,0.0,2.0,86.0,2.0,5.0,90.0,2.0,14.0,108.0,144.0,318.0,283.0,427.0,171.0,235.0,1946.0,17,043,845704,3,170438457043
112.0,1.0,14.0,0.0,13.0,81.0,57.0,11.0,39.0,137.0,98.0,194.0,374.0,200.0,219.0,170.0,1720.0,17,043,845802,1,170438458021
85.0,0.0,12.0,19.0,2.0,33.0,53.0,33.0,43.0,6.0,28.0,146.0,67.0,191.0,95.0,110.0,923.0,17,043,845802,2,170438458022
33.0,14.0,13.0,56.0,1.0,3.0,52.0,27.0,14.0,159.0,100.0,244.0,70.0,37.0,91.0,87.0,1001.0,17,043,845802,3,170438458023
134.0,0.0,0.0,61.0,74.0,60.0,4.0,109.0,4.0,63.0,177.0,500.0,148.0,287.0,373.0,402.0,2396.0,17,043,845803,1,170438458031
72.0,40.0,2.0,80.0,169.0,120.0,352.0,42.0,53.0,303.0,87.0,854.0,70.0,20.0,26.0,60.0,2350.0,17,043,845803,2,170438458032
0.0,1.0,184.0,19.0,1.0,97.0,319.0,1.0,1.0,144.0,60.0,16.0,79.0,212.0,26.0,54.0,1214.0,17,043,845803,3,170438458033
36.0,0.0,6.0,9.0,27.0,10.0,33.0,0.0,17.0,3.0,65.0,324.0,223.0,126.0,178.0,123.0,1180.0,17,043,845805,1,170438458051
3.0,4.0,7.0,8.0,2.0,0.0,0.0,79.0,4.0,151.0,2.0,134.0,124.0,36.0,154.0,122.0,830.0,17,043,845805,2,170438458052
14.0,44.0,58.0,34.0,143.0,145.0,59.0,26.0,89.0,223.0,78.0,282.0,151.0,74.0,102.0,79.0,1601.0,17,043,845805,3,170438458053
131.0,256.0,4.0,2.0,20.0,9.0,27.0,166.0,0.0,22.0,1.0,143.0,247.0,36.0,99.0,148.0,1311.0,17,043,845807,1,170438458071
7.0,5.0,25.0,11.0,10.0,18.0,58.0,6.0,46.0,133.0,23.0,355.0,169.0,182.0,111.0,475.0,1634.0,17,043,845807,2,170438458072
46.0,3.0,56.0,7.0,2.0,18.0,16.0,3.0,0.0,72.0,158.0,200.0,61.0,57.0,220.0,146.0,1065.0,17,043,845807,3,170438458073
4.0,22.0,47.0,57.0,18.0,107.0,21.0,129.0,10.0,118.0,327.0,108.0,169.0,72.0,108.0,66.0,1383.0,17,043,845807,4,170438458074
36.0,16.0,65.0,4.0,29.0,3.0,7.0,13.0,66.0,13.0,64.0,12.0,65.0,227.0,126.0,237.0,983.0,17,043,845807,5,170438458075
10.0,2.0,39.0,2.0,0.0,3.0,1.0,1.0,1.0,46.0,105.0,169.0,267.0,239.0,176.0,439.0,1500.0,17,043,845808,1,170438458081
52.0,1.0,2.0,2.0,1.0,16.0,54.0,100.0,60.0,94.0,115.0,242.0,376.0,345.0,350.0,531.0,2341.0,17,043,845808,2,170438458082
31.0,6.0,4.0,67.0,4.0,41.0,12.0,35.0,46.0,64.0,84.0,150.0,155.0,94.0,83.0,120.0,996.0,17,043,845809,1,170438458091
2.0,0.0,2.0,15.0,39.0,6.0,83.0,4.0,2.0,53.0,141.0,96.0,170.0,136.0,76.0,83.0,908.0,17,043,845809,2,170438458092
0.0,3.0,1.0,23.0,0.0,13.0,38.0,126.0,154.0,182.0,161.0,399.0,80.0,166.0,508.0,275.0,2129.0,17,043,845809,3,170438458093
2.0,61.0,9.0,63.0,18.0,34.0,13.0,3.0,0.0,138.0,65.0,269.0,218.0,130.0,170.0,209.0,1402.0,17,043,845810,1,170438458101
57.0,0.0,17.0,110.0,123.0,4.0,54.0,54.0,3.0,17.0,206.0,257.0,116.0,73.0,115.0,90.0,1296.0,17,043,845810,2,170438458102
0.0,0.0,36.0,62.0,61.0,35.0,41.0,199.0,110.0,160.0,77.0,275.0,83.0,55.0,99.0,57.0,1350.0,17,043,845810,3,170438458103
99.0,75.0,12.0,36.0,191.0,46.0,84.0,23.0,43.0,70.0,135.0,338.0,99.0,72.0,316.0,132.0,1771.0,17,043,845811,1,170438458111
72.0,53.0,10.0,44.0,125.0,277.0,98.0,121.0,187.0,168.0,88.0,294.0,213.0,58.0,131.0,93.0,2032.0,17,043,845811,2,170438458112
77.0,35.0,0.0,36.0,1.0,1.0,0.0,35.0,4.0,16.0,122.0,65.0,183.0,86.0,126.0,419.0,1206.0,17,043,845901,1,170438459011
40.0,1.0,0.0,12.0,19.0,2.0,88.0,12.0,59.0,2.0,109.0,71.0,141.0,226.0,293.0,967.0,2042.0,17,043,845901,2,170438459012
105.0,0.0,7.0,5.0,29.0,23.0,0.0,72.0,92.0,83.0,177.0,60.0,70.0,198.0,88.0,358.0,1367.0,17,043,845902,1,170438459021
2.0,20.0,75.0,48.0,17.0,27.0,25.0,71.0,37.0,76.0,124.0,431.0,288.0,124.0,197.0,450.0,2012.0,17,043,845902,2,170438459022
8.0,1.0,77.0,59.0,134.0,50.0,31.0,27.0,3.0,5.0,85.0,253.0,384.0,105.0,167.0,144.0,1533.0,17,043,846002,1,170438460021
123.0,122.0,81.0,30.0,21.0,2.0,53.0,55.0,66.0,58.0,148.0,80.0,97.0,125.0,88.0,91.0,1240.0,17,043,846002,2,170438460022
5.0,10.0,186.0,52.0,0.0,5.0,8.0,0.0,58.0,303.0,169.0,337.0,213.0,115.0,73.0,189.0,1723.0,17,043,846002,3,170438460023
3.0,4.0,9.0,14.0,7.0,16.0,78.0,94.0,13.0,78.0,22.0,97.0,138.0,53.0,199.0,191.0,1016.0,17,043,846003,1,170438460031
17.0,4.0,2.0,63.0,1.0,7.0,6.0,3.0,29.0,148.0,41.0,88.0,297.0,180.0,134.0,365.0,1385.0,17,043,846003,2,170438460032
17.0,4.0,1.0,2.0,308.0,16.0,12.0,27.0,53.0,68.0,95.0,126.0,30.0,120.0,164.0,134.0,1177.0,17,043,846003,3,170438460033
6.0,10.0,41.0,43.0,7.0,2.0,91.0,3.0,7.0,98.0,123.0,82.0,24.0,43.0,64.0,106.0,750.0,17,043,846003,4,170438460034
5.0,2.0,2.0,2.0,15.0,3.0,15.0,29.0,77.0,83.0,203.0,49.0,105.0,103.0,121.0,108.0,922.0,17,043,846004,1,170438460041
125.0,187.0,70.0,72.0,119.0,16.0,75.0,127.0,92.0,64.0,37.0,73.0,58.0,101.0,39.0,44.0,1299.0,17,043,846004,2,170438460042
39.0,0.0,11.0,0.0,0.0,7.0,4.0,3.0,10.0,43.0,56.0,173.0,128.0,81.0,196.0,400.0,1151.0,17,043,846004,3,170438460043
56.0,10.0,3.0,0.0,4.0,6.0,60.0,26.0,18.0,76.0,27.0,1.0,10.0,22.0,58.0,178.0,555.0,17,043,846102,1,170438461021
156.0,12.0,139.0,51.0,51.0,46.0,75.0,116.0,50.0,111.0,79.0,105.0,125.0,161.0,166.0,300.0,1743.0,17,043,846102,2,170438461022
10.0,52.0,9.0,77.0,163.0,42.0,173.0,222.0,119.0,164.0,235.0,178.0,188.0,31.0,90.0,38.0,1791.0,17,043,846102,3,170438461023
7.0,8.0,3.0,1.0,19.0,3.0,47.0,8.0,114.0,6.0,94.0,205.0,199.0,260.0,307.0,183.0,1464.0,17,043,846103,1,170438461031
39.0,8.0,7.0,6.0,18.0,7.0,41.0,4.0,95.0,9.0,8.0,107.0,151.0,48.0,226.0,98.0,872.0,17,043,846103,2,170438461032
3.0,9.0,4.0,3.0,64.0,101.0,13.0,128.0,48.0,6.0,56.0,77.0,106.0,184.0,62.0,187.0,1051.0,17,043,846103,3,170438461033
144.0,98.0,6.0,66.0,39.0,2.0,61.0,3.0,26.0,91.0,21.0,99.0,104.0,110.0,97.0,297.0,1264.0,17,043,846103,4,170438461034
2.0,2.0,14.0,5.0,1.0,3.0,42.0,2.0,20.0,40.0,102.0,216.0,278.0,151.0,160.0,533.0,1571.0,17,043,846104,1,170438461041
32.0,36.0,182.0,59.0,153.0,122.0,9.0,92.0,8.0,177.0,144.0,398.0,470.0,327.0,337.0,386.0,2932.0,17,043,846104,2,170438461042
7.0,8.0,35.0,37.0,4.0,18.0,11.0,15.0,29.0,12.0,84.0,112.0,359.0,268.0,144.0,170.0,1313.0,17,043,846105,1,170438461051
34.0,13.0,4.0,18.0,45.0,12.0,0.0,0.0,39.0,52.0,129.0,78.0,108.0,204.0,173.0,196.0,1105.0,17,043,846105,2,170438461052
3.0,3.0,10.0,15.0,4.0,1.0,1.0,8.0,8.0,62.0,48.0,6.0,73.0,79.0,335.0,317.0,973.0,17,043,846105,3,170438461053
8.0,4.0,6.0,159.0,2.0,19.0,5.0,188.0,23.0,120.0,128.0,431.0,311.0,225.0,372.0,506.0,2507.0,17,043,846106,1,170438461061
6.0,20.0,1.0,5.0,1.0,19.0,19.0,10.0,99.0,111.0,9.0,200.0,141.0,254.0,127.0,428.0,1450.0,17,043,846106,2,170438461062
0.0,5.0,38.0,0.0,1.0,0.0,29.0,124.0,73.0,4.0,121.0,225.0,220.0,200.0,471.0,245.0,1756.0,17,043,846201,1,170438462011
4.0,4.0,2.0,92.0,4.0,2.0,1.0,3.0,5.0,67.0,153.0,118.0,443.0,153.0,254.0,251.0,1556.0,17,043,846201,2,170438462012
55.0,5.0,33.0,74.0,128.0,28.0,129.0,33.0,14.0,81.0,32.0,85.0,93.0,18.0,237.0,194.0,1239.0,17,043,846201,3,170438462013
35.0,2.0,56.0,51.0,1.0,52.0,51.0,66.0,21.0,68.0,47.0,185.0,191.0,264.0,223.0,153.0,1466.0,17,043,846201,4,170438462014
65.0,51.0,17.0,20.0,0.0,9.0,245.0,77.0,57.0,281.0,109.0,382.0,183.0,151.0,114.0,147.0,1908.0,17,043,846202,1,170438462021
0.0,3.0,2.0,5.0,2.0,61.0,0.0,27.0,0.0,85.0,127.0,175.0,363.0,137.0,145.0,522.0,1654.0,17,043,846202,2,170438462022
0.0,10.0,2.0,3.0,28.0,1.0,4.0,45.0,120.0,21.0,13.0,28.0,61.0,19.0,183.0,74.0,612.0,17,043,846202,3,170438462023
11.0,0.0,3.0,1.0,9.0,6.0,0.0,38.0,77.0,16.0,4.0,88.0,254.0,427.0,142.0,214.0,1290.0,17,043,846202,4,170438462024
36.0,6.0,6.0,32.0,17.0,2.0,41.0,16.0,12.0,65.0,3.0,162.0,242.0,226.0,482.0,322.0,1670.0,17,043,846203,1,170438462031
4.0,2.0,37.0,6.0,37.0,0.0,37.0,9.0,42.0,37.0,34.0,273.0,230.0,157.0,311.0,334.0,1550.0,17,043,846203,2,170438462032
63.0,12.0,2.0,0.0,12.0,4.0,2.0,71.0,20.0,56.0,84.0,175.0,146.0,37.0,129.0,80.0,893.0,17,043,846203,3,170438462033
23.0,5.0,1.0,4.0,27.0,20.0,2.0,26.0,1.0,13.0,69.0,45.0,210.0,89.0,218.0,358.0,1111.0,17,043,846205,1,170438462051
45.0,18.0,10.0,3.0,8.0,17.0,30.0,8.0,8.0,196.0,120.0,95.0,184.0,172.0,398.0,169.0,1481.0,17,043,846205,2,170438462052
10.0,0.0,6.0,13.0,3.0,26.0,5.0,23.0,5.0,25.0,2.0,112.0,176.0,77.0,236.0,641.0,1360.0,17,043,846205,3,170438462053
38.0,5.0,50.0,8.0,10.0,27.0,46.0,5.0,50.0,6.0,85.0,124.0,115.0,178.0,140.0,114.0,1001.0,17,043,846206,1,170438462061
34.0,61.0,5.0,67.0,23.0,6.0,149.0,14.0,34.0,20.0,196.0,290.0,85.0,341.0,467.0,182.0,1974.0,17,043,846206,2,170438462062
5.0,1.0,1.0,5.0,11.0,23.0,6.0,2.0,1.0,2.0,59.0,89.0,164.0,236.0,357.0,367.0,1329.0,17,043,846206,3,170438462063
9.0,2.0,80.0,51.0,12.0,76.0,122.0,4.0,98.0,147.0,175.0,177.0,114.0,296.0,153.0,136.0,1652.0,17,043,846207,1,170438462071
4.0,2.0,2.0,80.0,7.0,4.0,66.0,6.0,0.0,13.0,75.0,253.0,150.0,217.0,103.0,224.0,1206.0,17,043,846207,2,170438462072
4.0,1.0,0.0,9.0,31.0,21.0,14.0,1.0,32.0,27.0,32.0,398.0,141.0,160.0,265.0,378.0,1514.0,17,043,846207,3,170438462073
5.0,0.0,0.0,1.0,1.0,5.0,0.0,1.0,35.0,9.0,1.0,142.0,138.0,144.0,319.0,665.0,1466.0,17,043,846207,4,170438462074
6.0,79.0,1.0,3.0,5.0,89.0,11.0,2.0,1.0,60.0,24.0,317.0,207.0,254.0,169.0,334.0,1562.0,17,043,846208,1,170438462081
56.0,2.0,3.0,6.0,14.0,13.0,20.0,3.0,5.0,32.0,96.0,153.0,244.0,93.0,310.0,576.0,1626.0,17,043,846208,2,170438462082
43.0,7.0,2.0,3.0,8.0,9.0,47.0,74.0,74.0,106.0,80.0,315.0,191.0,97.0,266.0,505.0,1827.0,17,043,846209,1,170438462091
137.0,4.0,14.0,13.0,2.0,107.0,20.0,86.0,4.0,3.0,0.0,162.0,408.0,73.0,83.0,455.0,1571.0,17,043,846209,2,170438462092
74.0,23.0,2.0,42.0,85.0,23.0,1.0,1.0,4.0,129.0,29.0,0.0,67.0,72.0,151.0,339.0,1042.0,17,043,846304,1,170438463041
1.0,21.0,84.0,7.0,126.0,0.0,73.0,60.0,14.0,206.0,125.0,311.0,179.0,107.0,156.0,343.0,1813.0,17,043,846304,2,170438463042
1.0,2.0,7.0,6.0,2.0,34.0,6.0,40.0,5.0,28.0,87.0,179.0,212.0,110.0,117.0,353.0,1189.0,17,043,846304,3,170438463043
27.0,0.0,5.0,28.0,6.0,9.0,2.0,3.0,1.0,5.0,60.0,110.0,12.0,104.0,212.0,495.0,1079.0,17,043,846304,4,170438463044
1.0,9.0,2.0,2.0,37.0,3.0,1.0,42.0,2.0,108.0,60.0,45.0,300.0,188.0,226.0,240.0,1266.0,17,043,846304,5,170438463045
0.0,3.0,6.0,119.0,23.0,3.0,43.0,53.0,28.0,212.0,139.0,149.0,281.0,101.0,202.0,116.0,1478.0,17,043,846305,1,170438463051
2.0,25.0,108.0,3.0,100.0,88.0,93.0,0.0,12.0,182.0,223.0,295.0,260.0,177.0,130.0,43.0,1741.0,17,043,846305,2,170438463052
56.0,92.0,1.0,18.0,70.0,64.0,102.0,140.0,21.0,13.0,105.0,195.0,104.0,111.0,112.0,69.0,1273.0,17,043,846305,3,170438463053
0.0,3.0,0.0,138.0,2.0,4.0,159.0,26.0,13.0,71.0,94.0,79.0,226.0,83.0,42.0,46.0,986.0,17,043,846305,4,170438463054
89.0,1.0,29.0,17.0,9.0,23.0,41.0,63.0,21.0,205.0,49.0,195.0,147.0,59.0,128.0,127.0,1203.0,17,043,846307,1,170438463071
40.0,4.0,58.0,13.0,110.0,32.0,73.0,32.0,15.0,132.0,192.0,415.0,105.0,254.0,63.0,347.0,1885.0,17,043,846307,2,170438463072
43.0,43.0,90.0,6.0,81.0,93.0,7.0,74.0,184.0,66.0,280.0,88.0,105.0,18.0,39.0,73.0,1290.0,17,043,846307,3,170438463073
2.0,2.0,31.0,1.0,62.0,121.0,135.0,278.0,2.0,133.0,397.0,637.0,235.0,70.0,197.0,176.0,2479.0,17,043,846308,1,170438463081
0.0,5.0,3.0,0.0,64.0,6.0,8.0,14.0,79.0,155.0,148.0,124.0,43.0,183.0,129.0,74.0,1035.0,17,043,846308,2,170438463082
228.0,68.0,100.0,31.0,118.0,268.0,138.0,111.0,282.0,343.0,223.0,505.0,158.0,51.0,27.0,59.0,2710.0,17,043,846310,1,170438463101
2.0,2.0,44.0,1.0,2.0,187.0,3.0,30.0,48.0,77.0,247.0,249.0,272.0,633.0,37.0,61.0,1895.0,17,043,846310,2,170438463102
2.0,0.0,53.0,94.0,1.0,32.0,38.0,5.0,5.0,112.0,148.0,56.0,105.0,189.0,69.0,215.0,1124.0,17,043,846311,1,170438463111
10.0,17.0,2.0,0.0,30.0,9.0,2.0,114.0,118.0,237.0,184.0,160.0,251.0,126.0,126.0,155.0,1541.0,17,043,846311,2,170438463112
10.0,3.0,64.0,92.0,31.0,71.0,43.0,1.0,100.0,227.0,116.0,177.0,103.0,319.0,102.0,166.0,1625.0,17,043,846311,3,170438463113
17.0,9.0,1.0,1.0,0.0,1.0,5.0,2.0,60.0,8.0,139.0,97.0,196.0,234.0,172.0,218.0,1160.0,17,043,846311,4,170438463114
121.0,57.0,4.0,21.0,145.0,191.0,67.0,87.0,4.0,224.0,268.0,230.0,90.0,69.0,47.0,60.0,1685.0,17,043,846312,1,170438463121
65.0,34.0,32.0,13.0,58.0,0.0,159.0,102.0,7.0,164.0,49.0,264.0,185.0,12.0,96.0,62.0,1302.0,17,043,846312,2,170438463122
43.0,63.0,3.0,36.0,65.0,1.0,80.0,87.0,25.0,73.0,78.0,210.0,87.0,107.0,154.0,145.0,1257.0,17,043,846312,3,170438463123
68.0,5.0,1.0,93.0,103.0,8.0,127.0,96.0,24.0,254.0,56.0,532.0,173.0,145.0,234.0,649.0,2568.0,17,043,846313,1,170438463131
5.0,2.0,1.0,62.0,0.0,2.0,1.0,2.0,2.0,2.0,77.0,98.0,40.0,102.0,353.0,194.0,943.0,17,043,846313,2,170438463132
31.0,2.0,5.0,48.0,1.0,44.0,10.0,3.0,123.0,4.0,14.0,243.0,191.0,125.0,135.0,135.0,1114.0,17,043,846313,3,170438463133
34.0,127.0,0.0,24.0,40.0,92.0,19.0,16.0,47.0,75.0,141.0,323.0,440.0,263.0,307.0,253.0,2201.0,17,043,846314,1,170438463141
26.0,2.0,8.0,1.0,4.0,4.0,34.0,93.0,9.0,78.0,179.0,95.0,150.0,271.0,116.0,240.0,1310.0,17,043,846314,2,170438463142
6.0,0.0,8.0,3.0,4.0,8.0,66.0,75.0,19.0,17.0,29.0,261.0,275.0,238.0,113.0,205.0,1327.0,17,043,846315,1,170438463151
6.0,0.0,6.0,5.0,14.0,43.0,110.0,0.0,1.0,56.0,0.0,101.0,199.0,84.0,302.0,141.0,1068.0,17,043,846315,2,170438463152
0.0,5.0,3.0,19.0,8.0,3.0,19.0,63.0,61.0,162.0,198.0,463.0,366.0,286.0,310.0,146.0,2112.0,17,043,846315,3,170438463153
107.0,128.0,209.0,4.0,28.0,43.0,2.0,122.0,43.0,5.0,91.0,261.0,112.0,71.0,101.0,130.0,1457.0,17,043,846404,1,170438464041
115.0,73.0,113.0,166.0,3.0,24.0,59.0,142.0,31.0,145.0,37.0,234.0,70.0,77.0,118.0,124.0,1531.0,17,043,846404,2,170438464042
6.0,3.0,49.0,32.0,141.0,63.0,50.0,0.0,0.0,18.0,107.0,144.0,73.0,68.0,113.0,306.0,1173.0,17,043,846404,3,170438464043
16.0,3.0,7.0,181.0,11.0,180.0,98.0,87.0,40.0,74.0,187.0,134.0,172.0,38.0,84.0,110.0,1422.0,17,043,846404,4,170438464044
0.0,10.0,12.0,7.0,7.0,57.0,71.0,1.0,0.0,16.0,227.0,194.0,311.0,114.0,348.0,635.0,2010.0,17,043,846405,1,170438464051
24.0,45.0,98.0,163.0,59.0,61.0,40.0,17.0,81.0,237.0,70.0,119.0,144.0,144.0,181.0,371.0,1854.0,17,043,846405,2,170438464052
20.0,4.0,6.0,3.0,16.0,3.0,4.0,45.0,0.0,71.0,141.0,361.0,479.0,261.0,351.0,383.0,2148.0,17,043,846408,1,170438464081
9.0,1.0,5.0,4.0,6.0,14.0,37.0,0.0,2.0,0.0,18.0,322.0,429.0,235.0,311.0,682.0,2075.0,17,043,846408,2,170438464082
10.0,2.0,22.0,11.0,6.0,36.0,38.0,94.0,248.0,196.0,166.0,171.0,277.0,165.0,198.0,295.0,1935.0,17,043,846409,1,170438464091
5.0,9.0,0.0,0.0,22.0,47.0,153.0,3.0,4.0,14.0,45.0,24.0,374.0,200.0,308.0,1397.0,2605.0,17,043,846409,2,170438464092
3.0,53.0,7.0,7.0,4.0,280.0,3.0,31.0,287.0,104.0,300.0,659.0,204.0,375.0,177.0,267.0,2761.0,17,043,846410,1,170438464101
46.0,87.0,15.0,58.0,8.0,76.0,124.0,100.0,117.0,156.0,636.0,437.0,107.0,142.0,61.0,130.0,2300.0,17,043,846410,2,170438464102
42.0,49.0,19.0,28.0,146.0,125.0,58.0,110.0,107.0,162.0,389.0,405.0,413.0,199.0,214.0,160.0,2626.0,17,043,846411,1,170438464111
56.0,3.0,4.0,1.0,50.0,14.0,0.0,79.0,14.0,73.0,101.0,98.0,173.0,92.0,118.0,92.0,968.0,17,043,846411,2,170438464112
23.0,1.0,1.0,4.0,6.0,0.0,1.0,59.0,16.0,131.0,174.0,401.0,235.0,154.0,221.0,259.0,1686.0,17,043,846412,1,170438464121
82.0,1.0,40.0,5.0,18.0,24.0,0.0,60.0,23.0,19.0,128.0,80.0,206.0,85.0,150.0,81.0,1002.0,17,043,846412,2,170438464122
159.0,0.0,0.0,6.0,12.0,29.0,40.0,92.0,147.0,101.0,197.0,342.0,164.0,100.0,261.0,62.0,1712.0,17,043,846412,3,170438464123
58.0,11.0,39.0,92.0,161.0,0.0,79.0,41.0,129.0,267.0,96.0,246.0,202.0,58.0,161.0,106.0,1746.0,17,043,846413,1,170438464131
74.0,1.0,15.0,1.0,7.0,2.0,16.0,0.0,61.0,109.0,77.0,405.0,164.0,264.0,251.0,371.0,1818.0,17,043,846413,2,170438464132
130.0,0.0,1.0,57.0,39.0,7.0,18.0,88.0,4.0,57.0,48.0,110.0,170.0,48.0,82.0,246.0,1105.0,17,043,846504,1,170438465041
45.0,61.0,115.0,0.0,36.0,9.0,10.0,93.0,38.0,87.0,3.0,175.0,145.0,112.0,184.0,301.0,1414.0,17,043,846504,2,170438465042
0.0,0.0,0.0,5.0,188.0,107.0,162.0,2.0,0.0,0.0,113.0,21.0,128.0,166.0,237.0,328.0,1457.0,17,043,846504,3,170438465043
26.0,7.0,148.0,2.0,21.0,256.0,223.0,180.0,195.0,100.0,71.0,124.0,186.0,46.0,164.0,205.0,1954.0,17,043,846504,4,170438465044
85.0,7.0,6.0,49.0,9.0,207.0,167.0,108.0,44.0,105.0,175.0,620.0,379.0,158.0,253.0,294.0,2666.0,17,043,846507,1,170438465071
6.0,127.0,105.0,23.0,2.0,65.0,34.0,115.0,111.0,11.0,43.0,129.0,142.0,39.0,21.0,68.0,1041.0,17,043,846509,1,170438465091
27.0,4.0,28.0,16.0,129.0,104.0,204.0,39.0,68.0,89.0,130.0,209.0,148.0,6.0,27.0,42.0,1270.0,17,043,846509,2,170438465092
11.0,2.0,24.0,100.0,18.0,8.0,107.0,11.0,37.0,102.0,8.0,286.0,750.0,357.0,335.0,87.0,2243.0,17,043,846509,3,170438465093
138.0,1.0,14.0,14.0,54.0,105.0,3.0,105.0,7.0,4.0,357.0,199.0,213.0,66.0,85.0,108.0,1473.0,17,043,846510,1,170438465101
2.0,1.0,0.0,19.0,6.0,40.0,1.0,136.0,146.0,133.0,169.0,250.0,192.0,86.0,95.0,49.0,1325.0,17,043,846510,2,170438465102
35.0,45.0,0.0,169.0,0.0,2.0,148.0,123.0,70.0,252.0,246.0,371.0,133.0,60.0,40.0,38.0,1732.0,17,043,846511,1,170438465111
1.0,2.0,127.0,5.0,1.0,66.0,223.0,59.0,9.0,131.0,195.0,29.0,401.0,55.0,175.0,144.0,1623.0,17,043,846511,2,170438465112
48.0,0.0,24.0,4.0,86.0,1.0,123.0,42.0,68.0,149.0,342.0,155.0,573.0,11.0,236.0,324.0,2186.0,17,043,846511,3,170438465113
0.0,0.0,0.0,82.0,40.0,4.0,51.0,5.0,318.0,166.0,145.0,150.0,102.0,48.0,546.0,43.0,1700.0,17,043,846511,4,170438465114
3.0,17.0,1.0,46.0,47.0,1.0,55.0,7.0,3.0,5.0,32.0,264.0,139.0,102.0,234.0,496.0,1452.0,17,043,846513,1,170438465131
1.0,31.0,13.0,0.0,2.0,5.0,5.0,2.0,0.0,3.0,25.0,38.0,281.0,55.0,372.0,539.0,1372.0,17,043,846513,2,170438465132
1.0,0.0,4.0,10.0,7.0,1.0,18.0,4.0,7.0,214.0,114.0,447.0,243.0,409.0,355.0,166.0,2000.0,17,043,846514,1,170438465141
1.0,2.0,1.0,29.0,6.0,59.0,13.0,0.0,6.0,111.0,26.0,238.0,575.0,376.0,437.0,551.0,2431.0,17,043,846514,2,170438465142
242.0,58.0,27.0,0.0,1.0,46.0,3.0,140.0,341.0,295.0,118.0,162.0,31.0,51.0,51.0,43.0,1609.0,17,043,846515,1,170438465151
6.0,3.0,17.0,5.0,6.0,2.0,0.0,6.0,3.0,28.0,216.0,138.0,200.0,94.0,62.0,49.0,835.0,17,043,846515,2,170438465152
12.0,9.0,17.0,2.0,125.0,130.0,4.0,118.0,4.0,180.0,320.0,30.0,186.0,32.0,69.0,83.0,1321.0,17,043,846515,3,170438465153
4.0,0.0,8.0,0.0,6.0,2.0,2.0,7.0,2.0,155.0,113.0,303.0,397.0,335.0,247.0,153.0,1734.0,17,043,846515,4,170438465154
0.0,2.0,1.0,1.0,0.0,0.0,3.0,6.0,1.0,56.0,1.0,298.0,142.0,268.0,255.0,282.0,1316.0,17,043,846517,1,170438465171
5.0,0.0,48.0,58.0,5.0,76.0,1.0,25.0,231.0,455.0,486.0,362.0,46.0,86.0,249.0,138.0,2271.0,17,043,846517,2,170438465172
4.0,0.0,6.0,75.0,3.0,45.0,31.0,0.0,28.0,82.0,222.0,452.0,469.0,503.0,369.0,424.0,2713.0,17,043,846517,3,170438465173
3.0,4.0,0.0,1.0,2.0,1.0,1.0,1.0,1.0,22.0,1.0,82.0,167.0,194.0,138.0,279.0,897.0,17,043,846518,1,170438465181
2.0,0.0,1.0,7.0,8.0,2.0,37.0,1.0,3.0,56.0,133.0,259.0,152.0,265.0,287.0,233.0,1446.0,17,043,846518,2,170438465182
5.0,17.0,0.0,5.0,2.0,0.0,30.0,14.0,2.0,21.0,175.0,299.0,227.0,69.0,322.0,407.0,1595.0,17,043,846518,3,170438465183
16.0,5.0,6.0,145.0,1.0,102.0,12.0,21.0,1.0,21.0,3.0,83.0,232.0,184.0,315.0,89.0,1236.0,17,043,846519,1,170438465191
58.0,0.0,152.0,111.0,48.0,5.0,7.0,9.0,23.0,106.0,122.0,454.0,351.0,102.0,202.0,169.0,1919.0,17,043,846519,2,170438465192
4.0,0.0,1.0,2.0,3.0,3.0,4.0,0.0,2.0,1.0,29.0,153.0,131.0,246.0,254.0,302.0,1135.0,17,043,846521,1,170438465211
16.0,5.0,5.0,3.0,3.0,12.0,21.0,96.0,1.0,52.0,108.0,21.0,182.0,66.0,97.0,197.0,885.0,17,043,846521,2,170438465212
27.0,0.0,1.0,2.0,0.0,0.0,48.0,1.0,0.0,1.0,158.0,0.0,182.0,245.0,247.0,445.0,1357.0,17,043,846521,3,170438465213
1.0,3.0,73.0,36.0,79.0,128.0,64.0,0.0,131.0,155.0,152.0,450.0,190.0,182.0,167.0,257.0,2068.0,17,043,846521,4,170438465214
70.0,30.0,24.0,4.0,75.0,40.0,0.0,66.0,40.0,128.0,288.0,254.0,247.0,152.0,204.0,318.0,1940.0,17,043,846522,1,170438465221
3.0,2.0,37.0,3.0,26.0,0.0,34.0,1.0,0.0,186.0,138.0,186.0,309.0,210.0,214.0,141.0,1490.0,17,043,846522,2,170438465222
2.0,6.0,22.0,1.0,5.0,3.0,69.0,4.0,62.0,21.0,99.0,102.0,299.0,150.0,215.0,343.0,1403.0,17,043,846523,1,170438465231
2.0,32.0,33.0,4.0,0.0,23.0,72.0,2.0,2.0,41.0,96.0,220.0,221.0,220.0,225.0,187.0,1380.0,17,043,846523,2,170438465232
9.0,6.0,167.0,43.0,7.0,16.0,142.0,99.0,25.0,60.0,57.0,224.0,64.0,108.0,120.0,318.0,1465.0,17,043,846524,1,170438465241
6.0,5.0,0.0,7.0,4.0,42.0,4.0,17.0,0.0,14.0,86.0,55.0,228.0,126.0,115.0,393.0,1102.0,17,043,846524,2,170438465242
3.0,6.0,22.0,18.0,31.0,31.0,161.0,18.0,4.0,4.0,46.0,365.0,441.0,211.0,348.0,528.0,2237.0,17,043,846524,3,170438465243
178.0,4.0,117.0,0.0,77.0,1.0,135.0,6.0,2.0,215.0,97.0,170.0,62.0,76.0,139.0,115.0,1394.0,17,043,846603,1,170438466031
2.0,2.0,130.0,3.0,70.0,140.0,141.0,125.0,130.0,75.0,70.0,316.0,32.0,54.0,88.0,55.0,1433.0,17,043,846603,2,170438466032
3.0,42.0,154.0,152.0,346.0,272.0,118.0,148.0,378.0,94.0,3.0,1.0,56.0,20.0,19.0,49.0,1855.0,17,043,846603,3,170438466033
58.0,3.0,6.0,196.0,25.0,195.0,11.0,35.0,64.0,130.0,300.0,137.0,162.0,33.0,112.0,139.0,1606.0,17,043,846604,1,170438466041
4.0,10.0,43.0,24.0,75.0,61.0,5.0,57.0,3.0,46.0,102.0,178.0,202.0,74.0,18.0,41.0,943.0,17,043,846604,2,170438466042
135.0,7.0,5.0,34.0,39.0,38.0,44.0,81.0,13.0,17.0,156.0,156.0,101.0,74.0,53.0,55.0,1008.0,17,043,846604,3,170438466043
233.0,25.0,114.0,394.0,99.0,46.0,48.0,83.0,112.0,56.0,347.0,373.0,101.0,115.0,308.0,67.0,2521.0,17,043,846701,1,170438467011
4.0,1.0,13.0,21.0,4.0,8.0,47.0,71.0,27.0,87.0,50.0,56.0,36.0,57.0,49.0,52.0,583.0,17,043,846701,2,170438467012
59.0,36.0,25.0,54.0,0.0,163.0,19.0,53.0,14.0,23.0,221.0,373.0,68.0,12.0,31.0,166.0,1317.0,17,043,846701,3,170438467013
5.0,7.0,46.0,2.0,2.0,0.0,201.0,74.0,70.0,32.0,61.0,236.0,258.0,113.0,21.0,327.0,1455.0,17,043,846702,1,170438467021
20.0,4.0,29.0,5.0,136.0,2.0,165.0,55.0,13.0,245.0,192.0,144.0,83.0,58.0,74.0,108.0,1333.0,17,043,846702,2,170438467022
90.0,3.0,4.0,244.0,20.0,1.0,219.0,35.0,38.0,126.0,19.0,173.0,58.0,118.0,215.0,124.0,1487.0,17,043,846702,3,170438467023
97.0,1.0,315.0,270.0,71.0,2.0,231.0,164.0,349.0,357.0,0.0,60.0,699.0,9.0,29.0,49.0,2703.0,17,089,850101,1,170898501011
51.0,127.0,5.0,4.0,230.0,26.0,152.0,331.0,53.0,243.0,439.0,909.0,447.0,429.0,304.0,559.0,4309.0,17,089,850101,2,170898501012
2.0,119.0,4.0,11.0,0.0,4.0,73.0,205.0,276.0,130.0,273.0,630.0,1028.0,641.0,651.0,402.0,4449.0,17,089,850103,1,170898501031
26.0,9.0,5.0,35.0,13.0,28.0,163.0,45.0,14.0,72.0,218.0,334.0,274.0,120.0,92.0,258.0,1706.0,17,089,850103,2,170898501032
264.0,61.0,1.0,7.0,53.0,23.0,0.0,3.0,49.0,104.0,236.0,118.0,399.0,239.0,530.0,644.0,2731.0,17,089,850105,1,170898501051
83.0,24.0,104.0,16.0,1.0,17.0,31.0,64.0,293.0,105.0,431.0,807.0,764.0,501.0,671.0,714.0,4626.0,17,089,850105,2,170898501052
0.0,4.0,206.0,6.0,0.0,10.0,496.0,72.0,0.0,144.0,127.0,214.0,124.0,148.0,50.0,44.0,1645.0,17,089,850106,1,170898501061
0.0,31.0,232.0,91.0,2.0,3.0,154.0,3.0,135.0,3.0,137.0,360.0,140.0,12.0,25.0,41.0,1369.0,17,089,850106,2,170898501062
9.0,7.0,34.0,58.0,3.0,28.0,45.0,1.0,20.0,157.0,119.0,225.0,398.0,299.0,630.0,782.0,2815.0,17,089,850106,3,170898501063
209.0,3.0,3.0,1.0,18.0,30.0,60.0,123.0,95.0,69.0,284.0,271.0,288.0,242.0,246.0,339.0,2281.0,17,089,850106,4,170898501064
193.0,116.0,42.0,87.0,105.0,264.0,20.0,134.0,281.0,268.0,466.0,136.0,395.0,128.0,212.0,59.0,2906.0,17,089,850201,1,170898502011
5.0,98.0,6.0,2.0,84.0,6.0,45.0,117.0,31.0,105.0,301.0,351.0,16.0,131.0,95.0,50.0,1443.0,17,089,850201,2,170898502012
5.0,2.0,11.0,21.0,152.0,8.0,45.0,189.0,0.0,61.0,96.0,121.0,133.0,58.0,24.0,51.0,977.0,17,089,850202,1,170898502021
131.0,2.0,205.0,472.0,82.0,141.0,61.0,123.0,225.0,377.0,283.0,305.0,55.0,157.0,50.0,55.0,2724.0,17,089,850202,2,170898502022
113.0,234.0,88.0,414.0,139.0,177.0,190.0,99.0,84.0,260.0,366.0,391.0,59.0,1.0,78.0,161.0,2854.0,17,089,850202,3,170898502023
1108.0,228.0,6.0,2.0,177.0,5.0,13.0,0.0,33.0,0.0,2.0,2.0,42.0,1.0,31.0,52.0,1702.0,17,089,850301,1,170898503011
8.0,125.0,26.0,59.0,24.0,204.0,93.0,8.0,358.0,690.0,86.0,145.0,74.0,7.0,91.0,50.0,2048.0,17,089,850301,2,170898503012
5.0,0.0,2.0,62.0,32.0,67.0,27.0,22.0,53.0,109.0,64.0,236.0,123.0,71.0,55.0,44.0,972.0,17,089,850301,3,170898503013
41.0,7.0,5.0,109.0,197.0,117.0,425.0,154.0,210.0,138.0,346.0,579.0,75.0,5.0,46.0,41.0,2495.0,17,089,850301,4,170898503014
34.0,22.0,231.0,504.0,272.0,313.0,29.0,204.0,7.0,282.0,39.0,312.0,76.0,113.0,69.0,42.0,2549.0,17,089,850302,1,170898503021
34.0,36.0,18.0,40.0,143.0,22.0,36.0,117.0,73.0,184.0,314.0,396.0,251.0,69.0,249.0,112.0,2094.0,17,089,850302,2,170898503022
6.0,6.0,37.0,3.0,4.0,110.0,4.0,27.0,0.0,56.0,243.0,123.0,161.0,111.0,87.0,83.0,1061.0,17,089,850400,1,170898504001
11.0,6.0,86.0,183.0,99.0,41.0,48.0,28.0,11.0,194.0,29.0,21.0,175.0,80.0,32.0,106.0,1150.0,17,089,850400,2,170898504002
7.0,11.0,25.0,20.0,3.0,85.0,17.0,11.0,11.0,125.0,45.0,184.0,112.0,67.0,77.0,105.0,905.0,17,089,850500,1,170898505001
7.0,40.0,117.0,1.0,7.0,54.0,5.0,56.0,13.0,64.0,44.0,182.0,128.0,89.0,73.0,56.0,936.0,17,089,850500,2,170898505002
3.0,3.0,4.0,1.0,34.0,2.0,0.0,32.0,22.0,83.0,81.0,136.0,64.0,69.0,126.0,177.0,837.0,17,089,850500,3,170898505003
1.0,68.0,0.0,18.0,25.0,76.0,0.0,69.0,29.0,123.0,188.0,95.0,118.0,85.0,87.0,67.0,1049.0,17,089,850500,4,170898505004
28.0,48.0,99.0,76.0,54.0,204.0,118.0,127.0,38.0,230.0,403.0,355.0,348.0,296.0,168.0,322.0,2914.0,17,089,850600,1,170898506001
119.0,1.0,4.0,26.0,5.0,20.0,10.0,13.0,167.0,60.0,78.0,495.0,467.0,351.0,410.0,486.0,2712.0,17,089,850600,2,170898506002
1.0,2.0,53.0,9.0,7.0,6.0,5.0,156.0,65.0,121.0,188.0,562.0,378.0,115.0,19.0,136.0,1823.0,17,089,850600,3,170898506003
4.0,0.0,3.0,2.0,89.0,7.0,0.0,4.0,1.0,9.0,143.0,636.0,315.0,282.0,661.0,332.0,2488.0,17,089,850701,1,170898507011
133.0,38.0,0.0,180.0,7.0,152.0,103.0,172.0,55.0,311.0,2161.0,2640.0,2299.0,1682.0,409.0,649.0,10991.0,17,089,850701,2,170898507012
8.0,33.0,3.0,50.0,3.0,0.0,45.0,1.0,38.0,203.0,136.0,662.0,849.0,588.0,1008.0,655.0,4282.0,17,089,850701,3,170898507013
4.0,2.0,1.0,111.0,3.0,3.0,46.0,83.0,144.0,96.0,48.0,349.0,132.0,53.0,402.0,185.0,1662.0,17,089,850701,4,170898507014
58.0,24.0,363.0,224.0,396.0,592.0,406.0,468.0,127.0,844.0,1113.0,998.0,811.0,608.0,404.0,296.0,7732.0,17,089,850702,1,170898507021
3.0,0.0,24.0,134.0,89.0,98.0,331.0,8.0,71.0,175.0,181.0,391.0,360.0,167.0,608.0,50.0,2690.0,17,089,850702,2,170898507022
63.0,0.0,65.0,11.0,9.0,5.0,162.0,1.0,71.0,0.0,465.0,314.0,191.0,15.0,29.0,96.0,1497.0,17,089,850702,3,170898507023
54.0,236.0,1.0,2.0,176.0,6.0,57.0,17.0,5.0,135.0,206.0,121.0,663.0,219.0,421.0,174.0,2493.0,17,089,850702,4,170898507024
54.0,10.0,1.0,33.0,49.0,55.0,88.0,28.0,36.0,115.0,118.0,256.0,201.0,174.0,227.0,243.0,1688.0,17,089,850703,1,170898507031
3.0,5.0,5.0,2.0,39.0,0.0,8.0,59.0,5.0,2.0,89.0,89.0,84.0,44.0,65.0,79.0,578.0,17,089,850703,2,170898507032
5.0,2.0,66.0,18.0,145.0,1.0,0.0,17.0,11.0,103.0,44.0,2.0,10.0,25.0,61.0,96.0,606.0,17,089,850800,1,170898508001
2.0,178.0,2.0,54.0,144.0,5.0,102.0,0.0,16.0,143.0,3.0,253.0,178.0,128.0,331.0,150.0,1689.0,17,089,850800,2,170898508002
0.0,95.0,3.0,8.0,23.0,231.0,10.0,66.0,2.0,22.0,105.0,173.0,211.0,29.0,70.0,45.0,1093.0,17,089,850800,3,170898508003
1.0,48.0,4.0,7.0,57.0,1.0,201.0,3.0,98.0,22.0,328.0,1.0,154.0,13.0,41.0,41.0,1020.0,17,089,850800,4,170898508004
52.0,11.0,1.0,57.0,116.0,127.0,65.0,185.0,311.0,48.0,4.0,214.0,154.0,194.0,28.0,79.0,1646.0,17,089,850800,5,170898508005
1.0,32.0,2.0,1.0,32.0,0.0,178.0,31.0,61.0,35.0,37.0,22.0,52.0,233.0,17.0,70.0,804.0,17,089,850800,6,170898508006
24.0,29.0,44.0,45.0,239.0,37.0,206.0,216.0,139.0,119.0,280.0,290.0,194.0,198.0,258.0,92.0,2410.0,17,089,851000,1,170898510001
258.0,55.0,1.0,546.0,3.0,186.0,20.0,0.0,124.0,295.0,318.0,480.0,43.0,85.0,19.0,135.0,2568.0,17,089,851000,2,170898510002
29.0,109.0,194.0,10.0,13.0,118.0,22.0,111.0,24.0,48.0,124.0,20.0,111.0,10.0,158.0,57.0,1158.0,17,089,851000,3,170898510003
31.0,6.0,1.0,5.0,0.0,3.0,0.0,2.0,6.0,13.0,35.0,51.0,44.0,16.0,24.0,62.0,299.0,17,089,851101,1,170898511011
4.0,2.0,9.0,77.0,22.0,111.0,105.0,37.0,64.0,36.0,43.0,254.0,73.0,11.0,22.0,36.0,906.0,17,089,851101,2,170898511012
46.0,0.0,42.0,104.0,174.0,111.0,69.0,5.0,188.0,81.0,64.0,345.0,68.0,10.0,55.0,33.0,1395.0,17,089,851101,3,170898511013
1.0,3.0,7.0,29.0,4.0,65.0,1.0,0.0,38.0,42.0,102.0,67.0,89.0,18.0,44.0,55.0,565.0,17,089,851101,4,170898511014
49.0,4.0,0.0,136.0,7.0,35.0,65.0,9.0,36.0,2.0,88.0,149.0,278.0,36.0,31.0,56.0,981.0,17,089,851101,5,170898511015
105.0,31.0,44.0,47.0,174.0,8.0,11.0,109.0,38.0,29.0,0.0,10.0,85.0,133.0,12.0,58.0,894.0,17,089,851102,1,170898511021
274.0,1.0,15.0,106.0,54.0,188.0,40.0,4.0,6.0,42.0,31.0,184.0,122.0,138.0,16.0,63.0,1284.0,17,089,851102,2,170898511022
3.0,21.0,22.0,3.0,23.0,37.0,3.0,38.0,71.0,97.0,301.0,309.0,124.0,152.0,64.0,82.0,1350.0,17,089,851102,3,170898511023
45.0,59.0,65.0,54.0,136.0,3.0,14.0,8.0,69.0,135.0,38.0,19.0,65.0,37.0,29.0,56.0,832.0,17,089,851301,1,170898513011
299.0,53.0,127.0,74.0,85.0,154.0,226.0,147.0,87.0,136.0,277.0,185.0,248.0,187.0,148.0,50.0,2483.0,17,089,851301,2,170898513012
40.0,27.0,31.0,63.0,68.0,47.0,7.0,85.0,25.0,26.0,51.0,90.0,114.0,93.0,22.0,37.0,826.0,17,089,851301,3,170898513013
1.0,3.0,31.0,132.0,9.0,44.0,83.0,94.0,79.0,86.0,11.0,113.0,186.0,56.0,33.0,71.0,1032.0,17,089,851302,1,170898513021
4.0,0.0,1.0,15.0,0.0,22.0,42.0,41.0,86.0,86.0,38.0,78.0,21.0,18.0,33.0,54.0,539.0,17,089,851302,2,170898513022
20.0,43.0,7.0,53.0,40.0,2.0,105.0,136.0,98.0,55.0,96.0,50.0,52.0,8.0,21.0,73.0,859.0,17,089,851302,3,170898513023
20.0,6.0,16.0,136.0,98.0,0.0,10.0,66.0,1.0,5.0,101.0,60.0,12.0,19.0,21.0,58.0,629.0,17,089,851302,4,170898513024
43.0,7.0,23.0,1.0,3.0,188.0,164.0,199.0,0.0,23.0,349.0,64.0,40.0,6.0,63.0,87.0,1260.0,17,089,851400,1,170898514001
10.0,39.0,1.0,54.0,101.0,64.0,15.0,68.0,170.0,40.0,240.0,239.0,145.0,93.0,70.0,87.0,1436.0,17,089,851400,2,170898514002
5.0,15.0,97.0,88.0,5.0,83.0,6.0,158.0,121.0,277.0,70.0,90.0,92.0,75.0,23.0,34.0,1239.0,17,089,851400,3,170898514003
1.0,84.0,42.0,1.0,3.0,121.0,2.0,21.0,76.0,111.0,49.0,44.0,3.0,14.0,36.0,52.0,660.0,17,089,851400,4,170898514004
39.0,47.0,0.0,1.0,49.0,65.0,55.0,41.0,131.0,3.0,66.0,38.0,143.0,13.0,38.0,66.0,795.0,17,089,851400,5,170898514005
190.0,47.0,15.0,25.0,84.0,4.0,128.0,90.0,38.0,60.0,115.0,250.0,14.0,89.0,57.0,116.0,1322.0,17,089,851400,6,170898514006
32.0,89.0,34.0,188.0,48.0,44.0,125.0,18.0,3.0,111.0,99.0,99.0,50.0,12.0,36.0,43.0,1031.0,17,089,851500,1,170898515001
458.0,324.0,131.0,114.0,192.0,29.0,3.0,17.0,1.0,70.0,133.0,116.0,243.0,0.0,55.0,73.0,1959.0,17,089,851600,1,170898516001
23.0,3.0,51.0,4.0,151.0,6.0,0.0,0.0,146.0,28.0,39.0,204.0,90.0,67.0,30.0,51.0,893.0,17,089,851600,2,170898516002
424.0,1.0,133.0,159.0,11.0,144.0,0.0,53.0,1.0,3.0,62.0,207.0,58.0,12.0,32.0,78.0,1378.0,17,089,851600,3,170898516003
32.0,34.0,2.0,0.0,4.0,32.0,149.0,0.0,5.0,206.0,50.0,145.0,117.0,103.0,36.0,97.0,1012.0,17,089,851600,4,170898516004
4.0,1.0,43.0,2.0,53.0,41.0,66.0,145.0,0.0,24.0,0.0,545.0,153.0,12.0,40.0,46.0,1175.0,17,089,851600,5,170898516005
5.0,131.0,45.0,0.0,21.0,0.0,93.0,70.0,18.0,228.0,476.0,379.0,701.0,421.0,276.0,55.0,2919.0,17,089,851801,1,170898518011
13.0,2.0,45.0,80.0,0.0,29.0,6.0,135.0,39.0,95.0,268.0,157.0,185.0,34.0,142.0,108.0,1338.0,17,089,851801,2,170898518012
11.0,19.0,5.0,4.0,29.0,1.0,52.0,28.0,1.0,1.0,242.0,381.0,141.0,151.0,94.0,34.0,1194.0,17,089,851801,3,170898518013
150.0,11.0,3.0,120.0,194.0,40.0,0.0,18.0,34.0,75.0,303.0,288.0,469.0,183.0,193.0,140.0,2221.0,17,089,851801,4,170898518014
230.0,0.0,131.0,179.0,496.0,210.0,103.0,33.0,118.0,83.0,39.0,10.0,129.0,7.0,50.0,45.0,1863.0,17,089,851904,1,170898519041
0.0,72.0,23.0,232.0,526.0,25.0,6.0,202.0,187.0,61.0,98.0,23.0,177.0,77.0,35.0,88.0,1832.0,17,089,851904,2,170898519042
14.0,12.0,17.0,77.0,2.0,146.0,44.0,32.0,123.0,163.0,137.0,85.0,340.0,116.0,148.0,135.0,1591.0,17,089,851904,3,170898519043
7.0,66.0,2.0,3.0,9.0,10.0,133.0,6.0,0.0,46.0,180.0,203.0,411.0,385.0,413.0,233.0,2107.0,17,089,851904,4,170898519044
492.0,0.0,0.0,39.0,178.0,72.0,254.0,85.0,279.0,390.0,1107.0,1755.0,903.0,1399.0,1205.0,926.0,9084.0,17,089,851905,1,170898519051
2.0,433.0,6.0,2.0,194.0,4.0,142.0,52.0,98.0,98.0,232.0,422.0,426.0,668.0,331.0,257.0,3367.0,17,089,851905,2,170898519052
4.0,21.0,4.0,2.0,2.0,30.0,1.0,35.0,10.0,0.0,69.0,183.0,49.0,50.0,41.0,47.0,548.0,17,089,851907,1,170898519071
2.0,165.0,54.0,4.0,69.0,24.0,44.0,63.0,338.0,291.0,528.0,515.0,280.0,290.0,310.0,40.0,3017.0,17,089,851907,2,170898519072
83.0,16.0,13.0,19.0,0.0,132.0,0.0,167.0,141.0,292.0,795.0,288.0,660.0,293.0,462.0,249.0,3610.0,17,089,851907,3,170898519073
2.0,12.0,47.0,171.0,128.0,15.0,2.0,14.0,29.0,121.0,158.0,87.0,314.0,63.0,24.0,54.0,1241.0,17,089,851908,1,170898519081
110.0,153.0,211.0,109.0,34.0,71.0,2.0,64.0,1.0,199.0,263.0,383.0,224.0,186.0,27.0,47.0,2084.0,17,089,851908,2,170898519082
0.0,17.0,50.0,8.0,1.0,20.0,11.0,14.0,21.0,186.0,466.0,224.0,261.0,121.0,120.0,51.0,1571.0,17,089,851908,3,170898519083
0.0,1.0,3.0,24.0,8.0,17.0,155.0,1.0,34.0,30.0,101.0,36.0,32.0,155.0,120.0,79.0,796.0,17,089,851909,1,170898519091
11.0,0.0,30.0,1.0,84.0,8.0,6.0,38.0,7.0,219.0,78.0,140.0,150.0,65.0,58.0,40.0,935.0,17,089,851909,2,170898519092
10.0,88.0,6.0,63.0,40.0,131.0,26.0,189.0,56.0,278.0,346.0,463.0,269.0,427.0,137.0,125.0,2654.0,17,089,851909,3,170898519093
15.0,26.0,6.0,38.0,62.0,122.0,74.0,228.0,3.0,90.0,535.0,686.0,294.0,194.0,102.0,103.0,2578.0,17,089,851910,1,170898519101
63.0,49.0,0.0,14.0,10.0,6.0,102.0,2.0,12.0,16.0,89.0,169.0,69.0,91.0,237.0,125.0,1054.0,17,089,851910,2,170898519102
147.0,6.0,86.0,20.0,65.0,270.0,99.0,159.0,105.0,72.0,117.0,84.0,10.0,140.0,71.0,82.0,1533.0,17,089,851910,3,170898519103
2.0,43.0,5.0,55.0,79.0,13.0,22.0,2.0,0.0,113.0,7.0,204.0,99.0,53.0,65.0,59.0,821.0,17,089,852001,1,170898520011
2.0,4.0,4.0,7.0,28.0,39.0,6.0,7.0,6.0,3.0,21.0,106.0,88.0,86.0,45.0,599.0,1051.0,17,089,852001,2,170898520012
20.0,71.0,7.0,30.0,14.0,7.0,19.0,50.0,10.0,214.0,155.0,228.0,154.0,113.0,18.0,112.0,1222.0,17,089,852001,3,170898520013
1.0,0.0,9.0,70.0,3.0,6.0,20.0,69.0,2.0,2.0,122.0,112.0,201.0,67.0,48.0,140.0,872.0,17,089,852001,4,170898520014
23.0,19.0,68.0,42.0,4.0,20.0,228.0,5.0,236.0,44.0,232.0,473.0,289.0,123.0,107.0,121.0,2034.0,17,089,852002,1,170898520021
8.0,2.0,1.0,26.0,1.0,85.0,88.0,23.0,109.0,57.0,75.0,232.0,135.0,169.0,85.0,98.0,1194.0,17,089,852002,2,170898520022
5.0,7.0,4.0,162.0,5.0,56.0,1.0,209.0,20.0,180.0,66.0,251.0,285.0,118.0,252.0,107.0,1728.0,17,089,852002,3,170898520023
2.0,0.0,1.0,0.0,5.0,77.0,231.0,8.0,3.0,328.0,625.0,263.0,281.0,172.0,117.0,247.0,2360.0,17,089,852002,4,170898520024
117.0,15.0,45.0,77.0,16.0,55.0,0.0,22.0,22.0,24.0,69.0,185.0,250.0,216.0,487.0,663.0,2263.0,17,089,852003,1,170898520031
44.0,12.0,62.0,144.0,51.0,28.0,45.0,24.0,11.0,96.0,245.0,205.0,424.0,311.0,273.0,468.0,2443.0,17,089,852003,2,170898520032
31.0,6.0,0.0,27.0,157.0,55.0,10.0,3.0,3.0,226.0,98.0,113.0,228.0,385.0,739.0,926.0,3007.0,17,089,852003,3,170898520033
2.0,2.0,82.0,2.0,12.0,42.0,2.0,1.0,0.0,60.0,64.0,323.0,53.0,59.0,196.0,386.0,1286.0,17,089,852101,1,170898521011
0.0,1.0,136.0,100.0,3.0,51.0,47.0,157.0,170.0,146.0,48.0,632.0,732.0,899.0,1001.0,2013.0,6136.0,17,089,852101,2,170898521012
2.0,24.0,1.0,5.0,2.0,4.0,13.0,2.0,158.0,2.0,40.0,14.0,61.0,50.0,71.0,90.0,539.0,17,089,852102,1,170898521021
7.0,15.0,3.0,1.0,3.0,13.0,0.0,133.0,0.0,0.0,238.0,3.0,250.0,205.0,88.0,422.0,1381.0,17,089,852102,2,170898521022
2.0,5.0,1.0,94.0,2.0,2.0,214.0,128.0,42.0,115.0,200.0,748.0,603.0,432.0,669.0,493.0,3750.0,17,089,852102,3,170898521023
7.0,38.0,42.0,3.0,1.0,34.0,14.0,24.0,8.0,109.0,186.0,180.0,261.0,175.0,482.0,364.0,1928.0,17,089,852102,4,170898521024
9.0,9.0,4.0,0.0,72.0,5.0,2.0,0.0,2.0,77.0,91.0,108.0,184.0,206.0,222.0,982.0,1973.0,17,089,852102,5,170898521025
6.0,19.0,1.0,76.0,68.0,111.0,9.0,103.0,217.0,53.0,66.0,452.0,263.0,103.0,26.0,124.0,1697.0,17,089,852201,1,170898522011
8.0,3.0,5.0,58.0,20.0,38.0,0.0,3.0,27.0,24.0,40.0,200.0,82.0,90.0,54.0,82.0,734.0,17,089,852201,2,170898522012
14.0,62.0,9.0,0.0,10.0,25.0,14.0,27.0,47.0,39.0,54.0,179.0,176.0,15.0,102.0,133.0,906.0,17,089,852201,3,170898522013
0.0,11.0,79.0,11.0,3.0,3.0,4.0,3.0,0.0,71.0,141.0,156.0,462.0,110.0,132.0,374.0,1560.0,17,089,852201,4,170898522014
1.0,32.0,176.0,85.0,196.0,127.0,147.0,436.0,176.0,231.0,266.0,422.0,116.0,265.0,378.0,356.0,3410.0,17,089,852202,1,170898522021
217.0,1.0,13.0,8.0,152.0,19.0,54.0,82.0,154.0,246.0,153.0,167.0,109.0,58.0,126.0,53.0,1612.0,17,089,852202,2,170898522022
28.0,169.0,23.0,24.0,79.0,23.0,127.0,155.0,96.0,128.0,310.0,288.0,249.0,219.0,377.0,341.0,2636.0,17,089,852202,3,170898522023
0.0,1.0,2.0,6.0,29.0,42.0,119.0,2.0,66.0,3.0,38.0,95.0,51.0,11.0,23.0,162.0,650.0,17,089,852300,1,170898523001
58.0,90.0,84.0,15.0,19.0,91.0,1.0,49.0,2.0,185.0,56.0,121.0,110.0,60.0,59.0,262.0,1262.0,17,089,852300,2,170898523002
12.0,70.0,19.0,31.0,0.0,6.0,196.0,17.0,53.0,56.0,79.0,365.0,601.0,153.0,564.0,1127.0,3349.0,17,089,852401,1,170898524011
57.0,2.0,2.0,0.0,6.0,1.0,4.0,27.0,1.0,244.0,87.0,348.0,250.0,434.0,282.0,273.0,2018.0,17,089,852401,2,170898524012
96.0,1.0,78.0,18.0,5.0,7.0,98.0,0.0,157.0,48.0,8.0,153.0,46.0,69.0,113.0,136.0,1033.0,17,089,852401,3,170898524013
0.0,7.0,41.0,50.0,4.0,173.0,13.0,126.0,35.0,0.0,182.0,196.0,280.0,197.0,514.0,392.0,2210.0,17,089,852401,4,170898524014
55.0,74.0,0.0,3.0,88.0,4.0,8.0,43.0,90.0,1.0,327.0,511.0,356.0,605.0,608.0,986.0,3759.0,17,089,852402,1,170898524021
3.0,1.0,83.0,10.0,16.0,21.0,5.0,50.0,2.0,8.0,143.0,361.0,328.0,98.0,248.0,502.0,1879.0,17,089,852402,2,170898524022
285.0,12.0,102.0,42.0,148.0,100.0,97.0,132.0,23.0,269.0,90.0,392.0,378.0,212.0,265.0,280.0,2827.0,17,089,852402,3,170898524023
10.0,42.0,118.0,47.0,139.0,9.0,16.0,45.0,45.0,49.0,321.0,393.0,139.0,36.0,93.0,170.0,1672.0,17,089,852403,1,170898524031
0.0,22.0,76.0,13.0,23.0,29.0,31.0,0.0,3.0,83.0,55.0,36.0,89.0,33.0,45.0,65.0,603.0,17,089,852403,2,170898524032
4.0,1.0,8.0,41.0,2.0,3.0,45.0,57.0,53.0,218.0,211.0,80.0,317.0,175.0,100.0,90.0,1405.0,17,089,852403,3,170898524033
5.0,0.0,23.0,5.0,1.0,0.0,8.0,1.0,5.0,48.0,15.0,73.0,86.0,62.0,34.0,105.0,471.0,17,089,852403,4,170898524034
6.0,0.0,60.0,5.0,42.0,84.0,26.0,19.0,36.0,127.0,116.0,104.0,187.0,85.0,94.0,70.0,1061.0,17,089,852403,5,170898524035
50.0,8.0,2.0,23.0,3.0,25.0,2.0,27.0,5.0,230.0,64.0,134.0,265.0,95.0,59.0,231.0,1223.0,17,089,852500,1,170898525001
55.0,14.0,0.0,2.0,5.0,3.0,0.0,9.0,0.0,2.0,96.0,76.0,17.0,104.0,77.0,113.0,573.0,17,089,852500,2,170898525002
18.0,36.0,57.0,30.0,63.0,127.0,13.0,46.0,75.0,136.0,62.0,287.0,12.0,118.0,118.0,89.0,1287.0,17,089,852500,3,170898525003
4.0,26.0,49.0,1.0,30.0,212.0,7.0,83.0,110.0,64.0,20.0,106.0,346.0,182.0,377.0,309.0,1926.0,17,089,852500,4,170898525004
20.0,19.0,75.0,74.0,31.0,196.0,40.0,134.0,65.0,59.0,22.0,236.0,78.0,98.0,247.0,111.0,1505.0,17,089,852500,5,170898525005
105.0,100.0,78.0,70.0,3.0,53.0,3.0,24.0,38.0,325.0,110.0,156.0,120.0,54.0,90.0,76.0,1405.0,17,089,852601,1,170898526011
76.0,144.0,42.0,201.0,123.0,29.0,4.0,177.0,99.0,166.0,25.0,288.0,517.0,216.0,331.0,293.0,2731.0,17,089,852601,2,170898526012
7.0,9.0,18.0,0.0,39.0,6.0,3.0,84.0,3.0,12.0,119.0,254.0,82.0,348.0,235.0,314.0,1533.0,17,089,852601,3,170898526013
22.0,5.0,5.0,104.0,0.0,1.0,96.0,5.0,0.0,67.0,9.0,325.0,106.0,34.0,170.0,221.0,1170.0,17,089,852601,4,170898526014
16.0,0.0,16.0,0.0,3.0,20.0,6.0,1.0,1.0,69.0,176.0,75.0,49.0,66.0,30.0,52.0,580.0,17,089,852601,5,170898526015
6.0,83.0,65.0,38.0,153.0,58.0,8.0,44.0,5.0,178.0,150.0,179.0,266.0,58.0,231.0,580.0,2102.0,17,089,852606,1,170898526061
0.0,3.0,0.0,22.0,4.0,10.0,18.0,30.0,0.0,59.0,106.0,192.0,232.0,197.0,501.0,721.0,2095.0,17,089,852606,2,170898526062
1.0,25.0,17.0,6.0,1.0,173.0,5.0,25.0,3.0,2.0,38.0,3.0,280.0,32.0,34.0,64.0,709.0,17,089,852700,1,170898527001
66.0,12.0,99.0,13.0,3.0,2.0,31.0,32.0,0.0,20.0,27.0,194.0,214.0,14.0,223.0,84.0,1034.0,17,089,852700,2,170898527002
76.0,1.0,72.0,7.0,2.0,31.0,19.0,97.0,50.0,48.0,50.0,110.0,210.0,62.0,29.0,128.0,992.0,17,089,852700,3,170898527003
0.0,21.0,18.0,120.0,68.0,18.0,7.0,51.0,51.0,219.0,87.0,130.0,112.0,65.0,160.0,112.0,1239.0,17,089,852700,4,170898527004
17.0,3.0,5.0,2.0,0.0,2.0,2.0,6.0,34.0,24.0,30.0,200.0,118.0,40.0,195.0,100.0,778.0,17,089,852700,5,170898527005
101.0,4.0,20.0,32.0,65.0,101.0,88.0,68.0,32.0,154.0,359.0,355.0,288.0,382.0,471.0,84.0,2604.0,17,089,852700,6,170898527006
45.0,201.0,140.0,4.0,8.0,98.0,73.0,4.0,6.0,45.0,74.0,569.0,588.0,448.0,388.0,299.0,2990.0,17,089,852803,1,170898528031
279.0,193.0,166.0,40.0,53.0,61.0,41.0,8.0,6.0,46.0,189.0,169.0,164.0,193.0,110.0,93.0,1811.0,17,089,852803,2,170898528032
0.0,4.0,1.0,4.0,12.0,49.0,24.0,2.0,2.0,111.0,202.0,336.0,389.0,361.0,517.0,545.0,2559.0,17,089,852805,1,170898528051
62.0,9.0,53.0,46.0,39.0,100.0,31.0,10.0,49.0,14.0,133.0,194.0,55.0,34.0,38.0,45.0,912.0,17,089,852805,2,170898528052
2.0,2.0,11.0,98.0,0.0,37.0,25.0,83.0,0.0,229.0,289.0,337.0,212.0,120.0,198.0,164.0,1807.0,17,089,852805,3,170898528053
43.0,5.0,13.0,80.0,5.0,43.0,103.0,110.0,39.0,214.0,383.0,393.0,159.0,367.0,652.0,751.0,3360.0,17,089,852806,1,170898528061
31.0,3.0,1.0,3.0,0.0,1.0,1.0,16.0,4.0,31.0,3.0,113.0,114.0,45.0,380.0,170.0,916.0,17,089,852806,2,170898528062
6.0,44.0,0.0,6.0,221.0,2.0,1.0,32.0,45.0,94.0,130.0,627.0,282.0,211.0,813.0,477.0,2991.0,17,089,852806,3,170898528063
29.0,44.0,18.0,1.0,48.0,76.0,0.0,30.0,41.0,119.0,260.0,274.0,419.0,263.0,362.0,1084.0,3068.0,17,089,852807,1,170898528071
44.0,32.0,2.0,180.0,6.0,16.0,21.0,0.0,4.0,159.0,329.0,613.0,354.0,177.0,444.0,337.0,2718.0,17,089,852808,1,170898528081
19.0,0.0,3.0,1.0,6.0,5.0,29.0,93.0,181.0,4.0,37.0,440.0,90.0,186.0,208.0,437.0,1739.0,17,089,852808,2,170898528082
2.0,63.0,15.0,5.0,16.0,6.0,59.0,30.0,32.0,51.0,126.0,221.0,208.0,133.0,343.0,145.0,1455.0,17,089,852808,3,170898528083
80.0,118.0,106.0,3.0,2.0,18.0,100.0,67.0,155.0,22.0,162.0,85.0,37.0,229.0,160.0,49.0,1393.0,17,089,852808,4,170898528084
10.0,27.0,17.0,42.0,8.0,31.0,101.0,37.0,205.0,156.0,168.0,229.0,566.0,205.0,224.0,51.0,2077.0,17,089,852903,1,170898529031
296.0,170.0,106.0,20.0,197.0,246.0,379.0,351.0,229.0,307.0,564.0,613.0,268.0,63.0,73.0,206.0,4088.0,17,089,852903,2,170898529032
322.0,24.0,158.0,24.0,356.0,84.0,255.0,141.0,48.0,328.0,190.0,244.0,113.0,127.0,31.0,53.0,2498.0,17,089,852904,1,170898529041
361.0,122.0,25.0,44.0,10.0,150.0,140.0,1.0,0.0,4.0,75.0,108.0,30.0,102.0,100.0,50.0,1322.0,17,089,852905,1,170898529051
46.0,206.0,75.0,189.0,136.0,171.0,58.0,100.0,98.0,340.0,245.0,360.0,96.0,69.0,62.0,93.0,2344.0,17,089,852905,2,170898529052
197.0,68.0,38.0,191.0,2.0,24.0,16.0,43.0,52.0,76.0,36.0,37.0,41.0,57.0,58.0,60.0,996.0,17,089,852905,3,170898529053
2.0,131.0,92.0,199.0,252.0,111.0,322.0,22.0,1.0,69.0,55.0,159.0,113.0,54.0,45.0,90.0,1717.0,17,089,852906,1,170898529061
9.0,23.0,5.0,37.0,21.0,4.0,28.0,3.0,106.0,182.0,33.0,145.0,130.0,115.0,55.0,120.0,1016.0,17,089,852906,2,170898529062
162.0,149.0,57.0,40.0,32.0,5.0,88.0,8.0,113.0,110.0,339.0,272.0,479.0,193.0,267.0,179.0,2493.0,17,089,852906,3,170898529063
68.0,534.0,122.0,102.0,87.0,594.0,172.0,40.0,207.0,93.0,220.0,430.0,176.0,104.0,65.0,51.0,3065.0,17,089,852907,1,170898529071
199.0,103.0,140.0,66.0,4.0,140.0,4.0,0.0,3.0,87.0,18.0,70.0,21.0,67.0,62.0,100.0,1084.0,17,089,852907,2,170898529072
93.0,2.0,4.0,160.0,43.0,147.0,344.0,126.0,4.0,60.0,261.0,5.0,12.0,41.0,135.0,52.0,1489.0,17,089,852907,3,170898529073
48.0,20.0,21.0,17.0,6.0,148.0,90.0,126.0,70.0,377.0,479.0,504.0,296.0,211.0,133.0,60.0,2606.0,17,089,853001,1,170898530011
0.0,5.0,0.0,73.0,9.0,37.0,135.0,1.0,44.0,176.0,268.0,245.0,135.0,189.0,89.0,76.0,1482.0,17,089,853004,1,170898530041
13.0,35.0,11.0,33.0,4.0,2.0,16.0,7.0,7.0,6.0,83.0,44.0,67.0,22.0,14.0,99.0,463.0,17,089,853004,2,170898530042
0.0,10.0,63.0,18.0,36.0,128.0,22.0,73.0,28.0,48.0,0.0,99.0,33.0,33.0,37.0,61.0,689.0,17,089,853004,3,170898530043
132.0,99.0,125.0,109.0,99.0,2.0,64.0,96.0,15.0,140.0,197.0,727.0,219.0,276.0,444.0,67.0,2811.0,17,089,853005,1,170898530051
176.0,306.0,257.0,263.0,76.0,28.0,338.0,26.0,222.0,229.0,245.0,198.0,46.0,21.0,38.0,85.0,2554.0,17,089,853005,2,170898530052
7.0,8.0,33.0,2.0,1.0,1.0,6.0,213.0,0.0,54.0,43.0,189.0,11.0,6.0,118.0,50.0,742.0,17,089,853005,3,170898530053
31.0,0.0,1.0,0.0,19.0,4.0,139.0,28.0,6.0,66.0,259.0,287.0,124.0,225.0,151.0,197.0,1537.0,17,089,853006,1,170898530061
65.0,159.0,174.0,3.0,82.0,95.0,31.0,1.0,64.0,13.0,2.0,104.0,53.0,38.0,75.0,49.0,1008.0,17,089,853006,2,170898530062
122.0,7.0,104.0,1.0,26.0,4.0,0.0,4.0,60.0,137.0,76.0,150.0,168.0,40.0,44.0,59.0,1002.0,17,089,853006,3,170898530063
62.0,53.0,9.0,44.0,6.0,0.0,132.0,95.0,55.0,183.0,96.0,170.0,64.0,63.0,183.0,55.0,1270.0,17,089,853007,1,170898530071
187.0,92.0,132.0,277.0,137.0,34.0,105.0,223.0,213.0,225.0,185.0,309.0,302.0,317.0,50.0,213.0,3001.0,17,089,853007,2,170898530072
123.0,6.0,58.0,177.0,268.0,242.0,76.0,98.0,24.0,3.0,145.0,20.0,21.0,216.0,74.0,25.0,1576.0,17,089,853007,3,170898530073
3.0,8.0,51.0,4.0,121.0,36.0,0.0,1.0,130.0,96.0,291.0,224.0,70.0,17.0,26.0,63.0,1141.0,17,089,853008,1,170898530081
39.0,3.0,245.0,356.0,130.0,90.0,233.0,190.0,197.0,299.0,579.0,605.0,437.0,79.0,98.0,61.0,3641.0,17,089,853008,2,170898530082
34.0,5.0,6.0,28.0,49.0,168.0,124.0,166.0,80.0,74.0,178.0,317.0,55.0,17.0,24.0,78.0,1403.0,17,089,853100,1,170898531001
41.0,0.0,138.0,101.0,68.0,69.0,3.0,101.0,161.0,135.0,215.0,166.0,76.0,34.0,147.0,69.0,1524.0,17,089,853100,2,170898531002
146.0,94.0,93.0,140.0,105.0,86.0,44.0,3.0,25.0,28.0,32.0,104.0,91.0,33.0,33.0,53.0,1110.0,17,089,853200,1,170898532001
82.0,180.0,44.0,192.0,136.0,302.0,67.0,192.0,38.0,219.0,476.0,306.0,148.0,194.0,128.0,155.0,2859.0,17,089,853200,2,170898532002
176.0,4.0,167.0,183.0,91.0,154.0,148.0,144.0,70.0,332.0,447.0,407.0,91.0,50.0,22.0,48.0,2534.0,17,089,853200,3,170898532003
14.0,32.0,97.0,176.0,45.0,138.0,24.0,27.0,4.0,275.0,32.0,9.0,179.0,85.0,33.0,58.0,1228.0,17,089,853300,1,170898533001
0.0,17.0,6.0,20.0,146.0,49.0,43.0,41.0,6.0,107.0,40.0,9.0,197.0,49.0,43.0,53.0,826.0,17,089,853300,2,170898533002
57.0,5.0,147.0,91.0,174.0,372.0,463.0,124.0,10.0,284.0,354.0,452.0,136.0,10.0,212.0,58.0,2949.0,17,089,853300,3,170898533003
0.0,80.0,12.0,102.0,17.0,5.0,78.0,78.0,98.0,103.0,133.0,0.0,18.0,19.0,24.0,55.0,822.0,17,089,853400,1,170898534001
0.0,103.0,1.0,0.0,201.0,322.0,116.0,40.0,149.0,345.0,243.0,249.0,150.0,97.0,35.0,43.0,2094.0,17,089,853400,2,170898534002
1.0,219.0,211.0,370.0,5.0,4.0,96.0,204.0,299.0,113.0,454.0,501.0,102.0,84.0,22.0,57.0,2742.0,17,089,853400,3,170898534003
111.0,2.0,256.0,1.0,161.0,163.0,364.0,1.0,1.0,66.0,177.0,7.0,42.0,140.0,33.0,125.0,1650.0,17,089,853400,4,170898534004
101.0,7.0,166.0,103.0,0.0,14.0,50.0,89.0,0.0,4.0,102.0,60.0,428.0,107.0,27.0,47.0,1305.0,17,089,853400,5,170898534005
40.0,5.0,154.0,68.0,69.0,14.0,51.0,5.0,9.0,56.0,2.0,285.0,21.0,6.0,25.0,53.0,863.0,17,089,853400,6,170898534006
88.0,15.0,87.0,0.0,23.0,130.0,21.0,9.0,5.0,123.0,109.0,65.0,19.0,70.0,36.0,58.0,858.0,17,089,853500,1,170898535001
8.0,1.0,212.0,125.0,108.0,161.0,5.0,92.0,0.0,210.0,34.0,456.0,239.0,7.0,110.0,43.0,1811.0,17,089,853500,2,170898535002
5.0,81.0,294.0,176.0,305.0,136.0,223.0,213.0,33.0,333.0,332.0,325.0,12.0,86.0,42.0,53.0,2649.0,17,089,853500,3,170898535003
111.0,82.0,46.0,105.0,197.0,191.0,6.0,39.0,74.0,192.0,86.0,4.0,18.0,25.0,26.0,42.0,1244.0,17,089,853500,4,170898535004
296.0,4.0,1.0,7.0,18.0,32.0,173.0,183.0,14.0,327.0,392.0,203.0,14.0,52.0,71.0,52.0,1839.0,17,089,853600,1,170898536001
343.0,26.0,48.0,39.0,280.0,39.0,47.0,2.0,65.0,147.0,201.0,467.0,11.0,17.0,36.0,49.0,1817.0,17,089,853600,2,170898536002
188.0,444.0,274.0,66.0,152.0,29.0,256.0,442.0,167.0,272.0,3.0,306.0,17.0,102.0,39.0,59.0,2816.0,17,089,853600,3,170898536003
86.0,6.0,248.0,215.0,395.0,130.0,54.0,86.0,145.0,197.0,101.0,28.0,351.0,131.0,33.0,58.0,2264.0,17,089,853600,4,170898536004
4.0,40.0,95.0,3.0,53.0,14.0,11.0,64.0,4.0,172.0,23.0,104.0,80.0,75.0,162.0,59.0,963.0,17,089,853900,1,170898539001
67.0,50.0,2.0,3.0,71.0,5.0,49.0,2.0,35.0,11.0,181.0,229.0,20.0,135.0,85.0,97.0,1042.0,17,089,853900,2,170898539002
3.0,35.0,25.0,198.0,34.0,77.0,60.0,31.0,45.0,77.0,144.0,237.0,142.0,117.0,181.0,179.0,1585.0,17,089,853900,3,170898539003
0.0,6.0,5.0,3.0,5.0,0.0,0.0,0.0,10.0,133.0,250.0,106.0,79.0,7.0,166.0,223.0,993.0,17,089,853900,4,170898539004
5.0,71.0,24.0,4.0,105.0,72.0,86.0,35.0,15.0,152.0,78.0,315.0,223.0,77.0,228.0,132.0,1622.0,17,089,853900,5,170898539005
77.0,62.0,61.0,97.0,79.0,89.0,1.0,26.0,45.0,134.0,111.0,517.0,179.0,409.0,455.0,188.0,2530.0,17,089,854001,1,170898540011
27.0,72.0,50.0,2.0,83.0,20.0,4.0,7.0,94.0,0.0,174.0,471.0,85.0,216.0,103.0,110.0,1518.0,17,089,854001,2,170898540012
0.0,0.0,17.0,17.0,93.0,48.0,21.0,23.0,25.0,31.0,32.0,46.0,9.0,13.0,26.0,54.0,455.0,17,089,854001,3,170898540013
1.0,1.0,248.0,1.0,1.0,138.0,7.0,3.0,1.0,51.0,3.0,78.0,21.0,86.0,68.0,39.0,747.0,17,089,854002,1,170898540021
0.0,171.0,14.0,42.0,16.0,7.0,36.0,0.0,3.0,24.0,112.0,1.0,14.0,13.0,38.0,36.0,527.0,17,089,854002,2,170898540022
4.0,141.0,83.0,87.0,27.0,70.0,59.0,96.0,38.0,17.0,151.0,179.0,354.0,62.0,87.0,48.0,1503.0,17,089,854002,3,170898540023
67.0,9.0,52.0,89.0,24.0,72.0,59.0,4.0,113.0,84.0,247.0,10.0,227.0,13.0,46.0,61.0,1177.0,17,089,854002,4,170898540024
53.0,31.0,71.0,8.0,17.0,7.0,28.0,60.0,61.0,94.0,79.0,80.0,94.0,75.0,28.0,141.0,927.0,17,089,854002,5,170898540025
12.0,128.0,64.0,3.0,62.0,3.0,59.0,236.0,173.0,82.0,88.0,77.0,15.0,91.0,95.0,56.0,1244.0,17,089,854100,1,170898541001
63.0,44.0,2.0,25.0,24.0,192.0,2.0,15.0,134.0,233.0,18.0,301.0,91.0,93.0,87.0,67.0,1391.0,17,089,854100,2,170898541002
1.0,14.0,20.0,4.0,19.0,8.0,118.0,91.0,65.0,129.0,58.0,279.0,142.0,9.0,30.0,43.0,1030.0,17,089,854100,3,170898541003
54.0,5.0,66.0,20.0,8.0,274.0,161.0,134.0,26.0,294.0,5.0,35.0,127.0,27.0,36.0,52.0,1324.0,17,089,854100,4,170898541004
355.0,15.0,97.0,80.0,138.0,134.0,47.0,108.0,202.0,36.0,9.0,3.0,30.0,19.0,27.0,55.0,1355.0,17,089,854200,1,170898542001
131.0,10.0,135.0,20.0,90.0,98.0,113.0,105.0,13.0,152.0,273.0,163.0,81.0,9.0,20.0,42.0,1455.0,17,089,854200,2,170898542002
5.0,12.0,9.0,99.0,201.0,106.0,113.0,43.0,80.0,169.0,52.0,295.0,306.0,15.0,35.0,81.0,1621.0,17,089,854200,3,170898542003
4.0,106.0,4.0,12.0,116.0,23.0,1.0,46.0,7.0,104.0,259.0,199.0,101.0,234.0,26.0,44.0,1286.0,17,089,854200,4,170898542004
1.0,10.0,8.0,5.0,88.0,65.0,8.0,31.0,99.0,322.0,6.0,143.0,0.0,50.0,32.0,45.0,913.0,17,089,854301,1,170898543011
6.0,83.0,4.0,0.0,104.0,72.0,83.0,56.0,78.0,2.0,150.0,136.0,85.0,26.0,86.0,128.0,1099.0,17,089,854301,2,170898543012
39.0,1.0,351.0,8.0,136.0,124.0,0.0,116.0,58.0,122.0,387.0,211.0,117.0,42.0,145.0,81.0,1938.0,17,089,854301,3,170898543013
183.0,76.0,273.0,218.0,284.0,301.0,130.0,323.0,351.0,374.0,167.0,154.0,146.0,41.0,108.0,188.0,3317.0,17,089,854301,4,170898543014
0.0,2.0,120.0,65.0,327.0,281.0,31.0,127.0,4.0,43.0,93.0,348.0,200.0,60.0,20.0,65.0,1786.0,17,089,854302,1,170898543021
10.0,41.0,23.0,260.0,96.0,89.0,128.0,87.0,21.0,69.0,107.0,220.0,73.0,23.0,22.0,62.0,1331.0,17,089,854302,2,170898543022
1.0,6.0,9.0,141.0,285.0,94.0,244.0,171.0,40.0,436.0,192.0,380.0,153.0,70.0,24.0,98.0,2344.0,17,089,854302,3,170898543023
3.0,4.0,2.0,203.0,0.0,2.0,176.0,158.0,4.0,92.0,51.0,0.0,14.0,9.0,31.0,64.0,813.0,17,089,854400,1,170898544001
94.0,75.0,5.0,131.0,229.0,62.0,269.0,7.0,349.0,53.0,254.0,217.0,8.0,337.0,46.0,58.0,2194.0,17,089,854400,2,170898544002
143.0,1.0,74.0,0.0,267.0,346.0,5.0,3.0,6.0,416.0,305.0,71.0,6.0,13.0,27.0,38.0,1721.0,17,089,854400,3,170898544003
146.0,6.0,266.0,497.0,165.0,203.0,483.0,406.0,223.0,751.0,944.0,1129.0,622.0,512.0,161.0,105.0,6619.0,17,089,854400,4,170898544004
119.0,2.0,262.0,169.0,51.0,161.0,5.0,119.0,5.0,165.0,51.0,177.0,152.0,143.0,93.0,74.0,1748.0,17,089,854400,5,170898544005
492.0,189.0,97.0,76.0,24.0,2.0,28.0,0.0,145.0,2.0,237.0,2.0,3.0,12.0,32.0,51.0,1392.0,17,089,854400,6,170898544006
44.0,1.0,49.0,271.0,1.0,2.0,0.0,58.0,3.0,76.0,293.0,127.0,315.0,133.0,220.0,168.0,1761.0,17,089,854501,1,170898545011
6.0,0.0,57.0,2.0,7.0,161.0,46.0,4.0,59.0,90.0,389.0,694.0,503.0,470.0,643.0,329.0,3460.0,17,089,854501,2,170898545012
8.0,14.0,23.0,126.0,49.0,87.0,51.0,108.0,168.0,84.0,3.0,677.0,645.0,351.0,608.0,598.0,3600.0,17,089,854501,3,170898545013
168.0,2.0,144.0,181.0,25.0,27.0,43.0,68.0,5.0,206.0,149.0,1037.0,837.0,870.0,1328.0,1467.0,6557.0,17,089,854501,4,170898545014
5.0,25.0,77.0,71.0,4.0,0.0,7.0,2.0,60.0,231.0,75.0,188.0,118.0,83.0,156.0,222.0,1324.0,17,089,854503,1,170898545031
9.0,1.0,94.0,27.0,9.0,49.0,2.0,87.0,32.0,115.0,145.0,355.0,281.0,185.0,144.0,86.0,1621.0,17,089,854503,2,170898545032
4.0,2.0,108.0,2.0,0.0,14.0,41.0,5.0,3.0,174.0,228.0,282.0,535.0,257.0,851.0,185.0,2691.0,17,089,854503,3,170898545033
108.0,2.0,9.0,95.0,29.0,156.0,36.0,143.0,5.0,388.0,899.0,1585.0,1051.0,968.0,368.0,502.0,6344.0,17,089,854503,4,170898545034
2.0,9.0,0.0,4.0,27.0,3.0,3.0,5.0,0.0,26.0,38.0,300.0,385.0,482.0,318.0,337.0,1939.0,17,089,854504,1,170898545041
135.0,68.0,10.0,32.0,88.0,104.0,145.0,87.0,174.0,367.0,328.0,708.0,728.0,906.0,1141.0,863.0,5884.0,17,089,854504,2,170898545042
16.0,107.0,131.0,80.0,104.0,51.0,262.0,13.0,188.0,27.0,281.0,161.0,13.0,81.0,18.0,56.0,1589.0,17,089,854600,1,170898546001
98.0,43.0,125.0,24.0,117.0,113.0,143.0,40.0,14.0,159.0,39.0,83.0,120.0,91.0,55.0,60.0,1324.0,17,089,854600,2,170898546002
4.0,4.0,6.0,60.0,55.0,36.0,4.0,3.0,3.0,191.0,48.0,38.0,31.0,81.0,34.0,78.0,676.0,17,089,854600,3,170898546003
117.0,14.0,0.0,13.0,94.0,107.0,40.0,2.0,0.0,52.0,0.0,62.0,172.0,13.0,31.0,87.0,804.0,17,089,854700,1,170898547001
151.0,21.0,96.0,0.0,63.0,23.0,37.0,22.0,6.0,6.0,58.0,25.0,27.0,7.0,41.0,59.0,642.0,17,089,854700,2,170898547002
38.0,54.0,115.0,11.0,103.0,7.0,22.0,5.0,25.0,4.0,140.0,95.0,87.0,6.0,14.0,47.0,773.0,17,089,854700,3,170898547003
67.0,91.0,25.0,1.0,4.0,2.0,16.0,0.0,5.0,147.0,158.0,148.0,306.0,373.0,348.0,250.0,1941.0,17,089,854800,1,170898548001
0.0,23.0,2.0,5.0,1.0,24.0,4.0,10.0,99.0,316.0,130.0,583.0,553.0,245.0,750.0,877.0,3622.0,17,089,854800,2,170898548002
40.0,29.0,2.0,3.0,29.0,99.0,75.0,67.0,10.0,2.0,284.0,374.0,227.0,207.0,416.0,719.0,2583.0,17,089,854800,3,170898548003
36.0,0.0,6.0,10.0,3.0,1.0,41.0,67.0,130.0,88.0,155.0,215.0,129.0,109.0,95.0,73.0,1158.0,17,089,854900,2,170898549002
332.0,125.0,262.0,41.0,36.0,9.0,29.0,10.0,27.0,182.0,192.0,453.0,244.0,46.0,104.0,76.0,2168.0,17,089,854900,3,170898549003
0.0,21.0,3.0,26.0,34.0,94.0,108.0,176.0,124.0,128.0,404.0,208.0,263.0,63.0,25.0,35.0,1712.0,17,089,854900,4,170898549004
258.0,121.0,203.0,356.0,39.0,341.0,292.0,526.0,171.0,1334.0,2294.0,2693.0,2266.0,2213.0,2158.0,1600.0,16865.0,17,093,890101,1,170938901011
11.0,5.0,1.0,9.0,3.0,0.0,1.0,0.0,96.0,87.0,354.0,180.0,227.0,177.0,681.0,490.0,2322.0,17,093,890101,2,170938901012
3.0,4.0,80.0,1.0,2.0,227.0,0.0,0.0,3.0,1.0,9.0,50.0,75.0,5.0,31.0,53.0,544.0,17,093,890102,1,170938901021
0.0,2.0,69.0,63.0,0.0,28.0,3.0,150.0,0.0,4.0,142.0,146.0,202.0,85.0,163.0,76.0,1133.0,17,093,890102,2,170938901022
33.0,2.0,1.0,3.0,7.0,29.0,118.0,63.0,2.0,214.0,682.0,385.0,608.0,653.0,1069.0,695.0,4564.0,17,093,890102,3,170938901023
3.0,0.0,3.0,105.0,4.0,5.0,34.0,5.0,2.0,4.0,360.0,131.0,92.0,101.0,573.0,147.0,1569.0,17,093,890102,4,170938901024
188.0,8.0,4.0,0.0,2.0,104.0,128.0,61.0,3.0,83.0,1.0,354.0,101.0,101.0,338.0,42.0,1518.0,17,093,890102,5,170938901025
6.0,2.0,114.0,154.0,2.0,31.0,7.0,91.0,104.0,95.0,123.0,1337.0,764.0,459.0,519.0,460.0,4268.0,17,093,890102,6,170938901026
71.0,39.0,36.0,24.0,135.0,14.0,56.0,113.0,196.0,173.0,395.0,255.0,319.0,151.0,145.0,130.0,2252.0,17,093,890201,1,170938902011
28.0,9.0,168.0,6.0,93.0,23.0,61.0,120.0,179.0,108.0,137.0,190.0,205.0,74.0,181.0,48.0,1630.0,17,093,890201,2,170938902012
36.0,12.0,1.0,2.0,10.0,139.0,0.0,6.0,16.0,27.0,147.0,103.0,56.0,66.0,29.0,47.0,697.0,17,093,890201,3,170938902013
1.0,1.0,6.0,7.0,25.0,0.0,64.0,15.0,53.0,42.0,246.0,129.0,56.0,162.0,60.0,47.0,914.0,17,093,890202,1,170938902021
9.0,12.0,50.0,20.0,2.0,41.0,51.0,125.0,20.0,46.0,178.0,247.0,86.0,81.0,45.0,49.0,1062.0,17,093,890202,2,170938902022
25.0,48.0,28.0,101.0,48.0,13.0,3.0,19.0,45.0,42.0,163.0,219.0,113.0,66.0,67.0,57.0,1057.0,17,093,890202,3,170938902023
47.0,3.0,8.0,44.0,27.0,56.0,155.0,103.0,37.0,249.0,244.0,1064.0,314.0,251.0,352.0,200.0,3154.0,17,093,890301,1,170938903011
282.0,3.0,26.0,31.0,3.0,173.0,221.0,209.0,183.0,278.0,200.0,526.0,452.0,206.0,259.0,128.0,3180.0,17,093,890301,2,170938903012
2.0,3.0,1.0,173.0,93.0,73.0,97.0,29.0,28.0,27.0,235.0,500.0,288.0,87.0,178.0,182.0,1996.0,17,093,890302,1,170938903021
3.0,4.0,0.0,4.0,25.0,2.0,2.0,79.0,7.0,23.0,49.0,268.0,380.0,164.0,116.0,55.0,1181.0,17,093,890302,2,170938903022
70.0,121.0,175.0,0.0,53.0,5.0,50.0,73.0,15.0,59.0,92.0,309.0,152.0,98.0,59.0,74.0,1405.0,17,093,890302,3,170938903023
4.0,2.0,8.0,0.0,6.0,4.0,17.0,0.0,83.0,207.0,91.0,240.0,256.0,267.0,134.0,55.0,1374.0,17,093,890302,4,170938903024
460.0,165.0,70.0,158.0,770.0,415.0,323.0,297.0,800.0,995.0,2849.0,4178.0,2332.0,1423.0,984.0,594.0,16813.0,17,093,890400,1,170938904001
32.0,60.0,2.0,210.0,75.0,134.0,76.0,41.0,160.0,392.0,485.0,600.0,1944.0,980.0,775.0,543.0,6509.0,17,093,890400,2,170938904002
217.0,1.0,6.0,330.0,3.0,22.0,31.0,120.0,296.0,255.0,99.0,417.0,257.0,17.0,12.0,160.0,2243.0,17,093,890400,3,170938904003
1.0,0.0,0.0,0.0,3.0,65.0,6.0,383.0,1.0,114.0,101.0,119.0,271.0,106.0,143.0,30.0,1343.0,17,093,890400,4,170938904004
1.0,49.0,7.0,4.0,46.0,75.0,74.0,2.0,0.0,0.0,226.0,310.0,126.0,7.0,199.0,57.0,1183.0,17,093,890500,1,170938905001
3.0,56.0,0.0,60.0,2.0,86.0,1.0,76.0,2.0,29.0,2.0,6.0,12.0,6.0,47.0,43.0,431.0,17,093,890500,2,170938905002
2.0,0.0,3.0,70.0,187.0,76.0,1.0,0.0,1.0,199.0,309.0,120.0,10.0,10.0,22.0,65.0,1075.0,17,093,890500,3,170938905003
69.0,0.0,5.0,106.0,57.0,10.0,145.0,120.0,1.0,9.0,193.0,532.0,321.0,190.0,148.0,174.0,2080.0,17,093,890500,4,170938905004
456.0,67.0,75.0,64.0,182.0,65.0,3.0,62.0,248.0,866.0,3.0,3.0,175.0,18.0,24.0,53.0,2364.0,17,093,890500,5,170938905005
16.0,528.0,8.0,95.0,193.0,57.0,439.0,507.0,275.0,635.0,638.0,877.0,1016.0,478.0,259.0,252.0,6273.0,17,093,890500,6,170938905006
6.0,310.0,76.0,9.0,87.0,62.0,62.0,25.0,90.0,601.0,126.0,717.0,519.0,258.0,388.0,129.0,3465.0,17,093,890600,1,170938906001
5.0,23.0,123.0,53.0,106.0,19.0,142.0,12.0,72.0,164.0,126.0,738.0,947.0,399.0,275.0,254.0,3458.0,17,093,890600,2,170938906002
59.0,3.0,14.0,34.0,0.0,12.0,6.0,100.0,61.0,46.0,137.0,166.0,287.0,139.0,150.0,136.0,1350.0,17,093,890600,3,170938906003
2.0,3.0,20.0,77.0,108.0,111.0,3.0,152.0,17.0,58.0,180.0,34.0,4.0,31.0,221.0,149.0,1170.0,17,093,890600,4,170938906004
2.0,2.0,133.0,4.0,35.0,82.0,26.0,44.0,35.0,536.0,68.0,145.0,196.0,151.0,121.0,768.0,2348.0,17,093,890700,1,170938907001
263.0,166.0,14.0,94.0,485.0,414.0,154.0,462.0,298.0,404.0,1365.0,1624.0,2208.0,1029.0,1045.0,600.0,10625.0,17,093,890700,2,170938907002
15.0,7.0,18.0,11.0,35.0,30.0,4.0,27.0,14.0,0.0,173.0,202.0,163.0,86.0,68.0,74.0,927.0,17,093,890700,3,170938907003
2.0,13.0,12.0,50.0,15.0,22.0,1.0,15.0,23.0,132.0,89.0,164.0,92.0,118.0,106.0,68.0,922.0,17,093,890700,4,170938907004
29.0,15.0,5.0,27.0,37.0,8.0,3.0,54.0,35.0,7.0,124.0,180.0,83.0,33.0,66.0,99.0,805.0,17,093,890700,5,170938907005
102.0,575.0,45.0,211.0,0.0,119.0,207.0,98.0,60.0,149.0,615.0,610.0,150.0,241.0,261.0,127.0,3570.0,17,097,860101,1,170978601011
37.0,37.0,4.0,235.0,6.0,48.0,4.0,138.0,215.0,391.0,260.0,1360.0,592.0,394.0,193.0,39.0,3953.0,17,097,860101,2,170978601012
87.0,101.0,3.0,213.0,6.0,0.0,43.0,1.0,11.0,4.0,24.0,316.0,307.0,51.0,196.0,77.0,1440.0,17,097,860101,3,170978601013
47.0,0.0,3.0,40.0,3.0,0.0,4.0,87.0,40.0,25.0,63.0,148.0,91.0,46.0,169.0,141.0,907.0,17,097,860103,1,170978601031
50.0,8.0,0.0,5.0,0.0,13.0,41.0,6.0,1.0,73.0,30.0,155.0,77.0,44.0,47.0,40.0,590.0,17,097,860103,2,170978601032
5.0,28.0,1.0,52.0,98.0,48.0,14.0,69.0,15.0,99.0,182.0,164.0,325.0,380.0,207.0,185.0,1872.0,17,097,860103,3,170978601033
204.0,1.0,110.0,81.0,29.0,215.0,82.0,35.0,17.0,163.0,201.0,237.0,373.0,133.0,239.0,84.0,2204.0,17,097,860104,1,170978601041
1.0,36.0,77.0,3.0,22.0,120.0,3.0,2.0,1.0,320.0,239.0,147.0,115.0,54.0,127.0,39.0,1306.0,17,097,860104,2,170978601042
23.0,19.0,0.0,36.0,133.0,97.0,0.0,1.0,18.0,21.0,13.0,115.0,20.0,101.0,27.0,54.0,678.0,17,097,860200,1,170978602001
93.0,80.0,0.0,70.0,4.0,166.0,14.0,58.0,167.0,89.0,53.0,128.0,64.0,26.0,47.0,40.0,1099.0,17,097,860200,2,170978602002
4.0,7.0,98.0,2.0,10.0,109.0,57.0,55.0,14.0,202.0,303.0,175.0,209.0,128.0,73.0,45.0,1491.0,17,097,860200,3,170978602003
206.0,3.0,5.0,34.0,2.0,15.0,14.0,29.0,16.0,74.0,125.0,315.0,54.0,138.0,24.0,51.0,1105.0,17,097,860301,1,170978603011
288.0,187.0,6.0,13.0,33.0,1.0,105.0,22.0,4.0,200.0,29.0,42.0,143.0,13.0,94.0,56.0,1236.0,17,097,860301,2,170978603012
16.0,3.0,51.0,21.0,5.0,46.0,111.0,15.0,8.0,3.0,120.0,10.0,173.0,21.0,223.0,47.0,873.0,17,097,860301,3,170978603013
80.0,9.0,1.0,48.0,62.0,17.0,10.0,4.0,22.0,89.0,68.0,144.0,82.0,25.0,14.0,56.0,731.0,17,097,860302,1,170978603021
47.0,98.0,209.0,26.0,76.0,110.0,121.0,166.0,67.0,190.0,102.0,43.0,85.0,156.0,68.0,58.0,1622.0,17,097,860302,2,170978603022
2.0,2.0,2.0,155.0,1.0,39.0,1.0,12.0,89.0,113.0,160.0,52.0,28.0,72.0,31.0,63.0,822.0,17,097,860302,3,170978603023
140.0,27.0,168.0,99.0,167.0,40.0,26.0,179.0,51.0,297.0,306.0,284.0,387.0,262.0,46.0,301.0,2780.0,17,097,860400,1,170978604001
317.0,0.0,0.0,4.0,197.0,33.0,13.0,42.0,1.0,369.0,12.0,135.0,78.0,19.0,31.0,44.0,1295.0,17,097,860400,2,170978604002
16.0,0.0,1.0,1.0,0.0,66.0,0.0,32.0,4.0,134.0,229.0,473.0,86.0,182.0,53.0,90.0,1367.0,17,097,860400,3,170978604003
99.0,113.0,18.0,56.0,2.0,148.0,3.0,124.0,79.0,23.0,33.0,66.0,32.0,19.0,47.0,46.0,908.0,17,097,860500,1,170978605001
210.0,105.0,4.0,7.0,15.0,178.0,3.0,4.0,39.0,200.0,102.0,110.0,62.0,95.0,46.0,60.0,1240.0,17,097,860500,2,170978605002
88.0,53.0,1.0,27.0,20.0,21.0,3.0,33.0,3.0,14.0,44.0,286.0,19.0,70.0,38.0,49.0,769.0,17,097,860500,3,170978605003
1.0,0.0,16.0,0.0,87.0,65.0,1.0,89.0,1.0,58.0,84.0,17.0,46.0,16.0,39.0,41.0,561.0,17,097,860500,4,170978605004
216.0,5.0,39.0,229.0,3.0,23.0,172.0,0.0,1.0,143.0,30.0,62.0,6.0,15.0,55.0,46.0,1045.0,17,097,860500,5,170978605005
6.0,27.0,47.0,64.0,82.0,94.0,160.0,29.0,20.0,112.0,335.0,408.0,99.0,90.0,106.0,130.0,1809.0,17,097,860600,1,170978606001
0.0,5.0,3.0,9.0,1.0,0.0,2.0,11.0,2.0,73.0,174.0,315.0,292.0,110.0,263.0,154.0,1414.0,17,097,860600,2,170978606002
235.0,58.0,270.0,48.0,60.0,3.0,33.0,27.0,3.0,56.0,20.0,51.0,43.0,9.0,132.0,54.0,1102.0,17,097,860600,3,170978606003
28.0,1.0,30.0,0.0,205.0,277.0,0.0,228.0,329.0,0.0,91.0,883.0,301.0,105.0,160.0,139.0,2777.0,17,097,860600,4,170978606004
1.0,27.0,16.0,12.0,0.0,63.0,28.0,91.0,55.0,72.0,86.0,107.0,34.0,60.0,65.0,67.0,784.0,17,097,860805,1,170978608051
31.0,6.0,4.0,0.0,3.0,20.0,74.0,15.0,42.0,22.0,84.0,107.0,116.0,21.0,71.0,76.0,692.0,17,097,860805,2,170978608052
103.0,170.0,228.0,102.0,68.0,126.0,53.0,61.0,91.0,288.0,167.0,436.0,225.0,226.0,190.0,148.0,2682.0,17,097,860806,1,170978608061
1.0,81.0,11.0,4.0,67.0,23.0,83.0,135.0,49.0,254.0,318.0,219.0,420.0,572.0,132.0,90.0,2459.0,17,097,860806,2,170978608062
54.0,125.0,95.0,161.0,99.0,52.0,99.0,89.0,68.0,228.0,70.0,367.0,231.0,135.0,159.0,111.0,2143.0,17,097,860807,1,170978608071
88.0,0.0,149.0,73.0,4.0,98.0,40.0,44.0,57.0,40.0,207.0,258.0,72.0,58.0,31.0,51.0,1270.0,17,097,860807,2,170978608072
99.0,7.0,71.0,0.0,126.0,43.0,74.0,56.0,0.0,163.0,153.0,360.0,318.0,53.0,89.0,178.0,1790.0,17,097,860808,1,170978608081
23.0,33.0,20.0,1.0,2.0,14.0,19.0,29.0,0.0,57.0,163.0,113.0,64.0,58.0,49.0,72.0,717.0,17,097,860808,2,170978608082
58.0,12.0,27.0,6.0,5.0,100.0,83.0,2.0,9.0,67.0,72.0,246.0,142.0,88.0,569.0,105.0,1591.0,17,097,860809,1,170978608091
9.0,5.0,19.0,125.0,10.0,5.0,11.0,0.0,6.0,35.0,224.0,461.0,100.0,194.0,210.0,155.0,1569.0,17,097,860809,2,170978608092
766.0,4.0,84.0,102.0,16.0,38.0,169.0,127.0,178.0,86.0,161.0,729.0,438.0,526.0,608.0,214.0,4246.0,17,097,860810,1,170978608101
49.0,36.0,5.0,170.0,29.0,0.0,209.0,19.0,2.0,38.0,215.0,188.0,222.0,68.0,291.0,97.0,1638.0,17,097,860810,2,170978608102
117.0,0.0,20.0,30.0,168.0,93.0,5.0,3.0,60.0,190.0,227.0,168.0,146.0,123.0,126.0,41.0,1517.0,17,097,860810,3,170978608103
55.0,40.0,31.0,6.0,80.0,11.0,148.0,5.0,1.0,91.0,42.0,234.0,85.0,157.0,118.0,145.0,1249.0,17,097,860811,1,170978608111
50.0,12.0,120.0,13.0,35.0,34.0,93.0,89.0,15.0,250.0,103.0,454.0,596.0,355.0,410.0,261.0,2890.0,17,097,860811,2,170978608112
100.0,222.0,139.0,31.0,44.0,107.0,204.0,56.0,88.0,170.0,167.0,403.0,141.0,59.0,38.0,71.0,2040.0,17,097,860903,1,170978609031
97.0,277.0,136.0,90.0,4.0,105.0,121.0,68.0,15.0,36.0,52.0,41.0,8.0,88.0,28.0,50.0,1216.0,17,097,860903,2,170978609032
271.0,52.0,14.0,100.0,3.0,202.0,50.0,8.0,143.0,166.0,175.0,220.0,85.0,99.0,12.0,74.0,1674.0,17,097,860903,3,170978609033
3.0,0.0,3.0,58.0,33.0,72.0,25.0,168.0,1.0,125.0,79.0,137.0,14.0,42.0,108.0,55.0,923.0,17,097,860903,4,170978609034
133.0,3.0,57.0,3.0,1.0,23.0,134.0,21.0,63.0,211.0,204.0,315.0,107.0,112.0,201.0,123.0,1711.0,17,097,860904,1,170978609041
118.0,134.0,6.0,78.0,102.0,269.0,140.0,152.0,45.0,272.0,689.0,646.0,283.0,328.0,389.0,144.0,3795.0,17,097,860904,2,170978609042
40.0,165.0,57.0,114.0,25.0,82.0,38.0,193.0,165.0,213.0,235.0,209.0,127.0,297.0,256.0,84.0,2300.0,17,097,860905,1,170978609051
7.0,31.0,43.0,5.0,75.0,230.0,34.0,69.0,70.0,96.0,118.0,100.0,61.0,61.0,25.0,60.0,1085.0,17,097,860905,2,170978609052
78.0,2.0,13.0,80.0,105.0,194.0,0.0,24.0,25.0,16.0,200.0,186.0,277.0,76.0,147.0,67.0,1490.0,17,097,860905,3,170978609053
6.0,42.0,1.0,6.0,18.0,5.0,7.0,57.0,82.0,96.0,118.0,23.0,39.0,60.0,30.0,120.0,710.0,17,097,860905,4,170978609054
149.0,171.0,84.0,126.0,216.0,121.0,227.0,262.0,180.0,712.0,1250.0,1678.0,2030.0,821.0,756.0,586.0,9369.0,17,097,860906,1,170978609061
2.0,6.0,17.0,77.0,49.0,34.0,25.0,40.0,6.0,214.0,281.0,324.0,552.0,237.0,559.0,240.0,2663.0,17,097,861007,1,170978610071
3.0,2.0,0.0,86.0,23.0,8.0,85.0,4.0,56.0,8.0,182.0,189.0,275.0,166.0,141.0,274.0,1502.0,17,097,861007,2,170978610072
47.0,7.0,3.0,71.0,7.0,40.0,22.0,16.0,124.0,92.0,221.0,269.0,187.0,117.0,193.0,63.0,1479.0,17,097,861008,1,170978610081
41.0,6.0,4.0,0.0,51.0,3.0,17.0,8.0,1.0,40.0,155.0,238.0,153.0,124.0,181.0,91.0,1113.0,17,097,861008,2,170978610082
2.0,2.0,4.0,66.0,31.0,51.0,7.0,48.0,109.0,104.0,159.0,236.0,231.0,219.0,44.0,82.0,1395.0,17,097,861008,3,170978610083
3.0,5.0,16.0,11.0,10.0,12.0,3.0,65.0,78.0,112.0,128.0,274.0,124.0,58.0,281.0,75.0,1255.0,17,097,861008,4,170978610084
13.0,71.0,2.0,12.0,201.0,9.0,15.0,53.0,87.0,91.0,230.0,292.0,361.0,494.0,492.0,398.0,2821.0,17,097,861009,1,170978610091
1.0,42.0,10.0,145.0,5.0,112.0,140.0,23.0,263.0,49.0,251.0,386.0,288.0,154.0,171.0,142.0,2182.0,17,097,861009,2,170978610092
2.0,12.0,4.0,53.0,3.0,35.0,22.0,9.0,10.0,13.0,85.0,92.0,233.0,52.0,108.0,60.0,793.0,17,097,861010,1,170978610101
117.0,11.0,51.0,40.0,48.0,51.0,29.0,45.0,13.0,67.0,215.0,254.0,29.0,29.0,38.0,62.0,1099.0,17,097,861010,2,170978610102
0.0,12.0,17.0,86.0,34.0,65.0,123.0,85.0,113.0,189.0,466.0,623.0,624.0,611.0,485.0,196.0,3729.0,17,097,861010,3,170978610103
5.0,1.0,103.0,6.0,2.0,4.0,36.0,3.0,28.0,178.0,29.0,1225.0,310.0,383.0,233.0,189.0,2735.0,17,097,861011,1,170978610111
4.0,27.0,24.0,2.0,25.0,102.0,0.0,144.0,147.0,73.0,627.0,329.0,454.0,311.0,177.0,80.0,2526.0,17,097,861011,2,170978610112
7.0,3.0,6.0,27.0,76.0,5.0,2.0,7.0,104.0,464.0,362.0,207.0,217.0,521.0,485.0,249.0,2742.0,17,097,861011,3,170978610113
77.0,161.0,13.0,133.0,265.0,35.0,29.0,70.0,18.0,250.0,221.0,344.0,325.0,115.0,205.0,154.0,2415.0,17,097,861012,1,170978610121
121.0,27.0,62.0,42.0,47.0,95.0,79.0,178.0,1.0,164.0,191.0,161.0,257.0,285.0,213.0,83.0,2006.0,17,097,861012,2,170978610122
5.0,0.0,5.0,48.0,2.0,1.0,30.0,9.0,4.0,21.0,27.0,126.0,209.0,63.0,156.0,212.0,918.0,17,097,861012,3,170978610123
49.0,106.0,26.0,73.0,111.0,117.0,146.0,70.0,93.0,201.0,574.0,425.0,417.0,188.0,289.0,123.0,3008.0,17,097,861013,1,170978610131
9.0,24.0,33.0,31.0,56.0,3.0,4.0,2.0,71.0,61.0,375.0,283.0,101.0,88.0,211.0,128.0,1480.0,17,097,861014,1,170978610141
15.0,23.0,158.0,26.0,5.0,5.0,7.0,6.0,3.0,1.0,509.0,748.0,264.0,298.0,92.0,94.0,2254.0,17,097,861014,2,170978610142
10.0,0.0,3.0,51.0,23.0,4.0,143.0,90.0,11.0,313.0,177.0,237.0,135.0,55.0,316.0,140.0,1708.0,17,097,861105,1,170978611051
131.0,3.0,69.0,101.0,19.0,20.0,207.0,98.0,111.0,80.0,305.0,444.0,401.0,182.0,240.0,208.0,2619.0,17,097,861105,2,170978611052
4.0,1.0,2.0,44.0,4.0,3.0,12.0,66.0,38.0,104.0,274.0,230.0,480.0,172.0,394.0,444.0,2272.0,17,097,861106,1,170978611061
2.0,3.0,0.0,3.0,43.0,33.0,33.0,38.0,34.0,1.0,46.0,560.0,432.0,454.0,894.0,387.0,2963.0,17,097,861106,2,170978611062
22.0,1.0,225.0,2.0,29.0,97.0,52.0,125.0,54.0,292.0,366.0,636.0,504.0,383.0,58.0,208.0,3054.0,17,097,861106,3,170978611063
10.0,1.0,8.0,62.0,3.0,63.0,36.0,18.0,4.0,134.0,149.0,180.0,268.0,30.0,251.0,77.0,1294.0,17,097,861107,1,170978611071
4.0,12.0,4.0,3.0,76.0,0.0,4.0,62.0,121.0,51.0,266.0,281.0,406.0,210.0,646.0,438.0,2584.0,17,097,861107,2,170978611072
81.0,1.0,47.0,2.0,4.0,9.0,4.0,40.0,6.0,28.0,67.0,287.0,218.0,309.0,559.0,549.0,2211.0,17,097,861108,1,170978611081
206.0,149.0,124.0,38.0,4.0,83.0,279.0,4.0,75.0,63.0,206.0,123.0,237.0,111.0,104.0,204.0,2010.0,17,097,861108,2,170978611082
12.0,4.0,9.0,68.0,1.0,0.0,95.0,3.0,145.0,167.0,235.0,217.0,300.0,232.0,366.0,319.0,2173.0,17,097,861108,3,170978611083
0.0,1.0,199.0,229.0,94.0,4.0,326.0,332.0,208.0,294.0,81.0,306.0,349.0,251.0,154.0,55.0,2883.0,17,097,861201,1,170978612011
2.0,2.0,14.0,24.0,5.0,1.0,18.0,1.0,2.0,1.0,305.0,262.0,210.0,247.0,26.0,40.0,1160.0,17,097,861201,2,170978612012
276.0,219.0,4.0,0.0,17.0,9.0,3.0,2.0,10.0,113.0,107.0,129.0,58.0,26.0,31.0,69.0,1073.0,17,097,861201,3,170978612013
154.0,66.0,93.0,32.0,82.0,34.0,121.0,121.0,165.0,467.0,156.0,183.0,137.0,166.0,26.0,36.0,2039.0,17,097,861201,4,170978612014
44.0,6.0,273.0,1.0,138.0,158.0,102.0,43.0,43.0,15.0,223.0,322.0,271.0,191.0,165.0,153.0,2148.0,17,097,861202,1,170978612021
108.0,137.0,89.0,6.0,56.0,340.0,68.0,30.0,21.0,172.0,152.0,468.0,212.0,124.0,73.0,49.0,2105.0,17,097,861202,2,170978612022
188.0,55.0,139.0,354.0,37.0,41.0,108.0,134.0,46.0,225.0,169.0,158.0,238.0,216.0,49.0,106.0,2263.0,17,097,861301,1,170978613011
243.0,126.0,29.0,98.0,166.0,134.0,254.0,88.0,119.0,180.0,245.0,271.0,188.0,49.0,34.0,54.0,2278.0,17,097,861301,2,170978613012
8.0,0.0,109.0,121.0,3.0,253.0,28.0,168.0,104.0,479.0,205.0,350.0,146.0,63.0,177.0,30.0,2244.0,17,097,861303,1,170978613031
226.0,61.0,195.0,296.0,230.0,285.0,1.0,250.0,14.0,205.0,234.0,456.0,234.0,54.0,43.0,56.0,2840.0,17,097,861303,2,170978613032
25.0,23.0,4.0,94.0,17.0,209.0,104.0,166.0,8.0,252.0,105.0,139.0,79.0,70.0,98.0,45.0,1438.0,17,097,861304,1,170978613041
46.0,140.0,105.0,192.0,39.0,151.0,107.0,139.0,60.0,175.0,388.0,138.0,79.0,17.0,32.0,52.0,1860.0,17,097,861304,2,170978613042
29.0,19.0,75.0,31.0,52.0,4.0,317.0,152.0,202.0,410.0,331.0,325.0,204.0,136.0,175.0,142.0,2604.0,17,097,861402,1,170978614021
339.0,25.0,168.0,249.0,207.0,168.0,340.0,587.0,412.0,511.0,556.0,828.0,528.0,534.0,328.0,363.0,6143.0,17,097,861402,2,170978614022
9.0,45.0,78.0,115.0,3.0,53.0,61.0,118.0,47.0,147.0,100.0,44.0,44.0,111.0,47.0,44.0,1066.0,17,097,861403,1,170978614031
54.0,10.0,138.0,44.0,20.0,210.0,89.0,22.0,13.0,109.0,116.0,582.0,176.0,41.0,30.0,47.0,1701.0,17,097,861403,2,170978614032
44.0,1.0,30.0,2.0,30.0,112.0,71.0,45.0,165.0,259.0,470.0,232.0,111.0,64.0,63.0,57.0,1756.0,17,097,861404,1,170978614041
7.0,96.0,6.0,33.0,121.0,3.0,66.0,28.0,20.0,34.0,94.0,16.0,47.0,22.0,42.0,44.0,679.0,17,097,861404,2,170978614042
283.0,3.0,146.0,144.0,87.0,142.0,244.0,44.0,226.0,339.0,509.0,315.0,318.0,206.0,158.0,88.0,3252.0,17,097,861404,3,170978614043
64.0,22.0,179.0,264.0,150.0,96.0,66.0,386.0,347.0,3.0,303.0,460.0,67.0,92.0,28.0,46.0,2573.0,17,097,861504,1,170978615041
21.0,2.0,72.0,16.0,40.0,47.0,249.0,50.0,151.0,78.0,99.0,126.0,4.0,60.0,351.0,62.0,1428.0,17,097,861504,2,170978615042
7.0,21.0,34.0,140.0,0.0,3.0,70.0,23.0,107.0,192.0,214.0,182.0,241.0,138.0,181.0,40.0,1593.0,17,097,861504,3,170978615043
1.0,1.0,0.0,38.0,100.0,79.0,0.0,34.0,133.0,27.0,465.0,285.0,563.0,247.0,165.0,117.0,2255.0,17,097,861504,4,170978615044
38.0,1.0,36.0,48.0,43.0,105.0,46.0,52.0,34.0,112.0,171.0,427.0,259.0,208.0,406.0,417.0,2403.0,17,097,861505,1,170978615051
7.0,7.0,1.0,3.0,1.0,0.0,2.0,13.0,46.0,50.0,154.0,326.0,130.0,83.0,364.0,264.0,1451.0,17,097,861505,2,170978615052
402.0,3.0,147.0,14.0,2.0,25.0,21.0,10.0,42.0,133.0,74.0,71.0,208.0,16.0,31.0,39.0,1238.0,17,097,861506,1,170978615061
54.0,11.0,14.0,16.0,51.0,22.0,49.0,142.0,213.0,251.0,263.0,463.0,493.0,372.0,555.0,252.0,3221.0,17,097,861506,2,170978615062
6.0,4.0,11.0,168.0,98.0,2.0,5.0,140.0,77.0,15.0,121.0,69.0,9.0,65.0,85.0,47.0,922.0,17,097,861506,3,170978615063
12.0,54.0,5.0,83.0,20.0,132.0,11.0,15.0,46.0,37.0,257.0,349.0,196.0,258.0,190.0,113.0,1778.0,17,097,861507,1,170978615071
12.0,2.0,54.0,132.0,2.0,60.0,2.0,81.0,4.0,46.0,68.0,190.0,274.0,51.0,86.0,49.0,1113.0,17,097,861507,2,170978615072
262.0,52.0,49.0,153.0,167.0,119.0,126.0,139.0,165.0,212.0,91.0,329.0,221.0,219.0,210.0,148.0,2662.0,17,097,861508,1,170978615081
5.0,4.0,9.0,153.0,91.0,80.0,48.0,6.0,31.0,88.0,117.0,214.0,82.0,77.0,95.0,69.0,1169.0,17,097,861508,2,170978615082
2.0,3.0,5.0,4.0,1.0,2.0,3.0,6.0,60.0,27.0,114.0,118.0,207.0,172.0,188.0,405.0,1317.0,17,097,861509,1,170978615091
129.0,192.0,107.0,61.0,44.0,243.0,357.0,40.0,172.0,258.0,170.0,249.0,152.0,114.0,147.0,71.0,2506.0,17,097,861509,2,170978615092
2.0,5.0,22.0,13.0,4.0,11.0,48.0,2.0,2.0,108.0,1.0,135.0,150.0,155.0,92.0,100.0,850.0,17,097,861510,1,170978615101
13.0,4.0,58.0,43.0,33.0,2.0,104.0,6.0,1.0,31.0,75.0,160.0,330.0,82.0,211.0,293.0,1446.0,17,097,861510,2,170978615102
154.0,67.0,81.0,242.0,77.0,56.0,147.0,51.0,134.0,108.0,324.0,263.0,152.0,119.0,308.0,293.0,2576.0,17,097,861510,3,170978615103
54.0,18.0,9.0,152.0,106.0,23.0,67.0,55.0,0.0,228.0,404.0,323.0,354.0,77.0,182.0,323.0,2375.0,17,097,861603,1,170978616031
16.0,80.0,65.0,52.0,4.0,40.0,34.0,12.0,69.0,187.0,135.0,451.0,531.0,348.0,383.0,253.0,2660.0,17,097,861603,2,170978616032
2.0,60.0,2.0,36.0,15.0,34.0,24.0,74.0,20.0,1.0,55.0,53.0,132.0,89.0,30.0,47.0,674.0,17,097,861603,3,170978616033
131.0,53.0,3.0,24.0,2.0,62.0,33.0,3.0,43.0,301.0,299.0,351.0,227.0,335.0,550.0,604.0,3021.0,17,097,861604,1,170978616041
3.0,4.0,3.0,1.0,122.0,0.0,53.0,111.0,19.0,204.0,156.0,103.0,377.0,137.0,91.0,54.0,1438.0,17,097,861604,2,170978616042
25.0,4.0,11.0,1.0,0.0,42.0,15.0,37.0,14.0,63.0,43.0,190.0,183.0,249.0,303.0,359.0,1539.0,17,097,861604,3,170978616043
8.0,92.0,0.0,207.0,76.0,149.0,36.0,42.0,58.0,70.0,320.0,291.0,193.0,148.0,103.0,109.0,1902.0,17,097,861607,1,170978616071
11.0,31.0,55.0,189.0,46.0,80.0,75.0,25.0,66.0,153.0,242.0,180.0,175.0,60.0,106.0,50.0,1544.0,17,097,861607,2,170978616072
1.0,11.0,1.0,71.0,18.0,5.0,17.0,24.0,3.0,229.0,169.0,104.0,182.0,95.0,171.0,116.0,1217.0,17,097,861607,3,170978616073
49.0,0.0,8.0,100.0,9.0,45.0,15.0,14.0,38.0,133.0,225.0,359.0,372.0,321.0,212.0,235.0,2135.0,17,097,861608,1,170978616081
78.0,107.0,112.0,55.0,3.0,69.0,4.0,41.0,7.0,7.0,143.0,178.0,142.0,11.0,71.0,47.0,1075.0,17,097,861608,2,170978616082
56.0,210.0,28.0,298.0,27.0,76.0,121.0,2.0,24.0,389.0,193.0,518.0,151.0,216.0,162.0,130.0,2601.0,17,097,861609,1,170978616091
25.0,3.0,11.0,25.0,15.0,88.0,36.0,36.0,40.0,0.0,197.0,290.0,278.0,140.0,479.0,383.0,2046.0,17,097,861609,2,170978616092
1.0,0.0,5.0,43.0,1.0,9.0,1.0,18.0,7.0,133.0,105.0,146.0,232.0,459.0,212.0,476.0,1848.0,17,097,861610,1,170978616101
20.0,3.0,6.0,1.0,48.0,54.0,31.0,77.0,2.0,22.0,307.0,221.0,246.0,275.0,292.0,113.0,1718.0,17,097,861610,2,170978616102
0.0,1.0,7.0,4.0,3.0,10.0,27.0,8.0,1.0,84.0,142.0,207.0,152.0,247.0,224.0,135.0,1252.0,17,097,861611,1,170978616111
1.0,5.0,3.0,3.0,38.0,4.0,2.0,15.0,2.0,4.0,91.0,164.0,323.0,309.0,361.0,502.0,1827.0,17,097,861611,2,170978616112
3.0,7.0,1.0,3.0,21.0,7.0,5.0,0.0,9.0,1.0,38.0,50.0,177.0,41.0,358.0,469.0,1190.0,17,097,861611,3,170978616113
7.0,0.0,24.0,3.0,1.0,75.0,45.0,79.0,201.0,75.0,211.0,310.0,220.0,178.0,25.0,74.0,1528.0,17,097,861701,1,170978617011
19.0,7.0,93.0,24.0,0.0,14.0,0.0,2.0,0.0,8.0,36.0,104.0,22.0,27.0,117.0,78.0,551.0,17,097,861701,2,170978617012
70.0,28.0,3.0,35.0,178.0,23.0,1.0,18.0,62.0,20.0,46.0,208.0,13.0,17.0,95.0,52.0,869.0,17,097,861702,1,170978617021
2.0,78.0,116.0,121.0,43.0,18.0,0.0,143.0,174.0,354.0,177.0,718.0,204.0,147.0,156.0,101.0,2552.0,17,097,861702,2,170978617022
5.0,34.0,1.0,17.0,10.0,13.0,37.0,1.0,116.0,26.0,31.0,63.0,36.0,8.0,56.0,65.0,519.0,17,097,861702,3,170978617023
53.0,3.0,214.0,210.0,52.0,159.0,48.0,210.0,156.0,195.0,231.0,259.0,384.0,176.0,229.0,118.0,2697.0,17,097,861803,1,170978618031
140.0,267.0,144.0,213.0,300.0,390.0,81.0,255.0,3.0,339.0,237.0,427.0,164.0,173.0,109.0,105.0,3347.0,17,097,861803,2,170978618032
34.0,30.0,17.0,33.0,119.0,84.0,5.0,9.0,14.0,8.0,13.0,17.0,65.0,27.0,20.0,43.0,538.0,17,097,861803,3,170978618033
78.0,275.0,3.0,39.0,116.0,61.0,177.0,317.0,50.0,194.0,192.0,147.0,51.0,67.0,49.0,72.0,1888.0,17,097,861804,1,170978618041
122.0,162.0,34.0,24.0,118.0,27.0,118.0,45.0,0.0,15.0,114.0,232.0,86.0,111.0,146.0,41.0,1395.0,17,097,861804,2,170978618042
4.0,9.0,55.0,6.0,1.0,209.0,27.0,14.0,138.0,63.0,271.0,369.0,65.0,65.0,99.0,47.0,1442.0,17,097,861901,1,170978619011
1.0,18.0,3.0,20.0,53.0,34.0,41.0,3.0,3.0,102.0,103.0,259.0,122.0,141.0,55.0,42.0,1000.0,17,097,861901,2,170978619012
2.0,115.0,1.0,5.0,24.0,99.0,20.0,91.0,48.0,61.0,245.0,301.0,335.0,278.0,133.0,115.0,1873.0,17,097,861901,3,170978619013
4.0,90.0,75.0,66.0,69.0,324.0,269.0,141.0,431.0,22.0,408.0,266.0,317.0,23.0,116.0,51.0,2672.0,17,097,861902,1,170978619021
14.0,2.0,43.0,9.0,2.0,0.0,1.0,1.0,67.0,54.0,57.0,213.0,8.0,141.0,29.0,45.0,686.0,17,097,861902,2,170978619022
102.0,34.0,188.0,91.0,190.0,46.0,322.0,107.0,162.0,398.0,50.0,65.0,6.0,63.0,49.0,46.0,1919.0,17,097,861902,3,170978619023
329.0,44.0,109.0,39.0,35.0,45.0,8.0,0.0,10.0,14.0,0.0,4.0,21.0,19.0,24.0,56.0,757.0,17,097,861902,4,170978619024
152.0,5.0,92.0,70.0,10.0,77.0,75.0,21.0,4.0,9.0,16.0,289.0,16.0,44.0,72.0,54.0,1006.0,17,097,862000,1,170978620001
165.0,68.0,5.0,119.0,4.0,31.0,44.0,16.0,95.0,112.0,169.0,76.0,83.0,108.0,49.0,68.0,1212.0,17,097,862000,2,170978620002
10.0,77.0,6.0,53.0,146.0,71.0,117.0,89.0,52.0,394.0,137.0,249.0,109.0,83.0,71.0,56.0,1720.0,17,097,862000,3,170978620003
2.0,30.0,63.0,256.0,184.0,70.0,53.0,172.0,57.0,98.0,232.0,255.0,40.0,4.0,56.0,38.0,1610.0,17,097,862000,4,170978620004
68.0,22.0,61.0,140.0,84.0,0.0,53.0,2.0,0.0,98.0,159.0,137.0,65.0,36.0,41.0,35.0,1001.0,17,097,862100,1,170978621001
88.0,152.0,8.0,168.0,31.0,139.0,93.0,47.0,108.0,106.0,122.0,68.0,12.0,43.0,25.0,126.0,1336.0,17,097,862100,2,170978621002
128.0,12.0,2.0,11.0,135.0,6.0,10.0,42.0,41.0,133.0,17.0,77.0,45.0,41.0,23.0,47.0,770.0,17,097,862100,3,170978621003
6.0,44.0,86.0,167.0,100.0,138.0,131.0,153.0,85.0,107.0,293.0,101.0,137.0,33.0,32.0,57.0,1670.0,17,097,862100,4,170978621004
230.0,0.0,168.0,10.0,0.0,74.0,71.0,21.0,65.0,262.0,145.0,169.0,78.0,101.0,182.0,165.0,1741.0,17,097,862200,1,170978622001
322.0,228.0,169.0,121.0,6.0,90.0,67.0,3.0,15.0,146.0,3.0,89.0,51.0,168.0,35.0,59.0,1572.0,17,097,862200,2,170978622002
160.0,190.0,2.0,0.0,164.0,31.0,23.0,21.0,0.0,33.0,57.0,75.0,14.0,14.0,24.0,45.0,853.0,17,097,862300,1,170978623001
216.0,91.0,132.0,50.0,121.0,18.0,1.0,0.0,57.0,83.0,144.0,23.0,42.0,78.0,41.0,67.0,1164.0,17,097,862300,2,170978623002
183.0,83.0,94.0,84.0,64.0,9.0,201.0,98.0,3.0,84.0,63.0,0.0,10.0,20.0,35.0,49.0,1080.0,17,097,862300,3,170978623003
14.0,53.0,209.0,129.0,41.0,93.0,2.0,141.0,76.0,101.0,296.0,3.0,136.0,2.0,38.0,47.0,1381.0,17,097,862401,1,170978624011
435.0,256.0,262.0,189.0,56.0,92.0,94.0,53.0,2.0,90.0,154.0,186.0,6.0,5.0,48.0,38.0,1966.0,17,097,862401,2,170978624012
274.0,23.0,67.0,14.0,35.0,41.0,156.0,16.0,49.0,57.0,8.0,62.0,63.0,16.0,26.0,41.0,948.0,17,097,862402,1,170978624021
48.0,6.0,62.0,137.0,116.0,226.0,130.0,26.0,14.0,98.0,150.0,1.0,30.0,27.0,67.0,53.0,1191.0,17,097,862402,2,170978624022
53.0,60.0,139.0,79.0,18.0,30.0,72.0,1.0,23.0,97.0,99.0,165.0,154.0,19.0,45.0,52.0,1106.0,17,097,862402,3,170978624023
137.0,66.0,57.0,5.0,136.0,97.0,166.0,61.0,178.0,299.0,249.0,106.0,139.0,64.0,67.0,127.0,1954.0,17,097,862501,1,170978625011
1.0,32.0,82.0,20.0,5.0,196.0,45.0,113.0,97.0,125.0,210.0,310.0,123.0,98.0,34.0,45.0,1536.0,17,097,862501,2,170978625012
12.0,1.0,26.0,90.0,59.0,217.0,116.0,2.0,2.0,169.0,52.0,30.0,111.0,73.0,17.0,49.0,1026.0,17,097,862502,1,170978625021
0.0,2.0,91.0,14.0,116.0,55.0,76.0,118.0,176.0,60.0,112.0,191.0,100.0,12.0,22.0,61.0,1206.0,17,097,862502,2,170978625022
22.0,3.0,5.0,26.0,131.0,41.0,103.0,6.0,2.0,9.0,31.0,28.0,155.0,18.0,12.0,44.0,636.0,17,097,862603,1,170978626031
302.0,57.0,229.0,154.0,76.0,417.0,362.0,394.0,13.0,38.0,418.0,34.0,64.0,13.0,31.0,55.0,2657.0,17,097,862603,2,170978626032
53.0,0.0,4.0,42.0,0.0,2.0,1.0,1.0,24.0,151.0,534.0,443.0,126.0,13.0,422.0,44.0,1860.0,17,097,862603,3,170978626033
0.0,5.0,137.0,211.0,8.0,90.0,1.0,3.0,51.0,317.0,287.0,119.0,264.0,88.0,73.0,46.0,1700.0,17,097,862603,4,170978626034
1.0,14.0,4.0,2.0,96.0,156.0,9.0,0.0,32.0,181.0,359.0,350.0,22.0,13.0,71.0,99.0,1409.0,17,097,862603,5,170978626035
86.0,194.0,255.0,155.0,43.0,11.0,53.0,23.0,226.0,377.0,167.0,88.0,98.0,81.0,34.0,135.0,2026.0,17,097,862604,1,170978626041
2.0,104.0,1.0,178.0,26.0,6.0,33.0,30.0,7.0,356.0,93.0,82.0,49.0,31.0,37.0,59.0,1094.0,17,097,862604,2,170978626042
52.0,8.0,30.0,5.0,73.0,251.0,149.0,125.0,63.0,107.0,41.0,62.0,140.0,166.0,93.0,71.0,1436.0,17,097,862604,3,170978626043
1081.0,96.0,118.0,6.0,15.0,86.0,7.0,1.0,2.0,35.0,87.0,95.0,14.0,19.0,26.0,44.0,1732.0,17,097,862605,1,170978626051
103.0,3.0,109.0,79.0,143.0,18.0,1.0,112.0,61.0,205.0,135.0,103.0,60.0,46.0,28.0,38.0,1244.0,17,097,862605,2,170978626052
58.0,200.0,130.0,286.0,40.0,126.0,52.0,86.0,23.0,84.0,85.0,14.0,80.0,32.0,27.0,56.0,1379.0,17,097,862605,3,170978626053
31.0,100.0,9.0,40.0,49.0,9.0,6.0,0.0,0.0,14.0,46.0,47.0,20.0,3.0,20.0,51.0,445.0,17,097,862700,1,170978627001
166.0,175.0,0.0,414.0,46.0,141.0,78.0,121.0,0.0,24.0,233.0,42.0,7.0,23.0,87.0,41.0,1598.0,17,097,862700,2,170978627002
39.0,2.0,32.0,160.0,77.0,198.0,28.0,80.0,13.0,64.0,0.0,92.0,11.0,32.0,35.0,53.0,916.0,17,097,862700,3,170978627003
1.0,2.0,15.0,41.0,51.0,93.0,101.0,1.0,4.0,113.0,0.0,60.0,24.0,3.0,28.0,49.0,586.0,17,097,862700,4,170978627004
405.0,105.0,129.0,104.0,102.0,95.0,86.0,38.0,108.0,325.0,149.0,107.0,218.0,55.0,37.0,109.0,2172.0,17,097,862800,1,170978628001
119.0,143.0,119.0,53.0,139.0,101.0,156.0,55.0,108.0,21.0,145.0,69.0,106.0,102.0,62.0,69.0,1567.0,17,097,862901,1,170978629011
219.0,46.0,67.0,164.0,90.0,50.0,94.0,56.0,170.0,1.0,111.0,65.0,63.0,53.0,20.0,63.0,1332.0,17,097,862901,2,170978629012
110.0,6.0,26.0,60.0,86.0,43.0,1.0,8.0,72.0,66.0,49.0,0.0,12.0,22.0,20.0,58.0,639.0,17,097,862901,3,170978629013
251.0,139.0,116.0,96.0,151.0,53.0,18.0,9.0,22.0,82.0,13.0,36.0,84.0,54.0,14.0,75.0,1213.0,17,097,862902,1,170978629021
88.0,151.0,0.0,133.0,46.0,1.0,113.0,37.0,181.0,140.0,169.0,31.0,53.0,34.0,27.0,59.0,1263.0,17,097,862902,2,170978629022
1.0,0.0,2.0,1.0,0.0,2.0,0.0,0.0,1.0,0.0,8.0,1.0,1.0,14.0,128.0,45.0,204.0,17,097,863003,1,170978630031
30.0,4.0,65.0,26.0,1.0,41.0,37.0,212.0,54.0,289.0,271.0,255.0,436.0,16.0,56.0,43.0,1836.0,17,097,863004,1,170978630041
268.0,12.0,4.0,14.0,3.0,1.0,181.0,7.0,41.0,36.0,28.0,184.0,11.0,221.0,27.0,46.0,1084.0,17,097,863004,2,170978630042
0.0,1.0,0.0,71.0,59.0,3.0,6.0,52.0,158.0,149.0,113.0,84.0,103.0,18.0,36.0,68.0,921.0,17,097,863004,3,170978630043
16.0,156.0,0.0,33.0,135.0,96.0,7.0,11.0,1.0,22.0,59.0,22.0,91.0,27.0,18.0,38.0,732.0,17,097,863100,1,170978631001
205.0,230.0,70.0,146.0,107.0,258.0,185.0,227.0,103.0,205.0,97.0,98.0,45.0,55.0,42.0,49.0,2122.0,17,097,863100,2,170978631002
115.0,79.0,172.0,52.0,50.0,98.0,28.0,55.0,6.0,69.0,52.0,109.0,51.0,10.0,37.0,51.0,1034.0,17,097,863201,1,170978632011
95.0,142.0,0.0,30.0,38.0,50.0,51.0,14.0,5.0,2.0,9.0,207.0,111.0,22.0,84.0,40.0,900.0,17,097,863201,2,170978632012
6.0,13.0,142.0,85.0,19.0,140.0,126.0,155.0,0.0,89.0,324.0,126.0,168.0,74.0,75.0,120.0,1662.0,17,097,863201,3,170978632013
54.0,2.0,23.0,111.0,36.0,31.0,36.0,48.0,13.0,7.0,151.0,150.0,152.0,143.0,276.0,260.0,1493.0,17,097,863202,1,170978632021
0.0,3.0,26.0,1.0,13.0,0.0,2.0,40.0,18.0,89.0,25.0,119.0,114.0,85.0,98.0,86.0,719.0,17,097,863202,2,170978632022
3.0,120.0,22.0,9.0,36.0,6.0,2.0,35.0,19.0,81.0,9.0,173.0,172.0,182.0,292.0,347.0,1508.0,17,097,863202,3,170978632023
157.0,1.0,1.0,15.0,158.0,4.0,7.0,8.0,1.0,7.0,77.0,219.0,97.0,39.0,179.0,413.0,1383.0,17,097,863202,4,170978632024
79.0,35.0,1.0,26.0,0.0,2.0,27.0,5.0,1.0,44.0,43.0,124.0,56.0,89.0,124.0,361.0,1017.0,17,097,863300,1,170978633001
30.0,0.0,1.0,3.0,4.0,0.0,1.0,0.0,4.0,4.0,12.0,56.0,73.0,45.0,82.0,438.0,753.0,17,097,863300,2,170978633002
4.0,0.0,1.0,3.0,45.0,41.0,10.0,5.0,4.0,25.0,30.0,35.0,155.0,82.0,183.0,318.0,941.0,17,097,863300,3,170978633003
0.0,1.0,5.0,6.0,40.0,0.0,39.0,6.0,0.0,1.0,0.0,70.0,63.0,56.0,70.0,218.0,575.0,17,097,863400,1,170978634001
118.0,0.0,0.0,0.0,69.0,6.0,2.0,62.0,3.0,40.0,19.0,218.0,118.0,226.0,105.0,758.0,1744.0,17,097,863400,2,170978634002
65.0,0.0,2.0,16.0,12.0,1.0,0.0,0.0,1.0,196.0,51.0,62.0,114.0,68.0,97.0,634.0,1319.0,17,097,863400,3,170978634003
4.0,8.0,58.0,18.0,14.0,68.0,8.0,84.0,52.0,54.0,50.0,76.0,173.0,62.0,61.0,277.0,1067.0,17,097,863500,1,170978635001
29.0,4.0,17.0,4.0,6.0,2.0,0.0,4.0,4.0,1.0,12.0,139.0,144.0,118.0,73.0,490.0,1047.0,17,097,863500,2,170978635002
28.0,6.0,22.0,43.0,4.0,0.0,20.0,8.0,2.0,71.0,124.0,127.0,223.0,192.0,139.0,705.0,1714.0,17,097,863500,3,170978635003
5.0,3.0,3.0,4.0,1.0,0.0,2.0,0.0,1.0,79.0,108.0,108.0,257.0,248.0,486.0,1369.0,2674.0,17,097,863601,1,170978636011
1.0,3.0,2.0,6.0,11.0,11.0,47.0,14.0,26.0,31.0,46.0,148.0,82.0,63.0,133.0,353.0,977.0,17,097,863601,2,170978636012
8.0,2.0,2.0,21.0,80.0,39.0,6.0,92.0,3.0,13.0,142.0,159.0,179.0,147.0,491.0,557.0,1941.0,17,097,863603,1,170978636031
1.0,1.0,0.0,2.0,3.0,0.0,6.0,0.0,1.0,1.0,65.0,110.0,15.0,304.0,505.0,557.0,1571.0,17,097,863603,2,170978636032
11.0,11.0,5.0,27.0,2.0,26.0,40.0,36.0,45.0,28.0,104.0,184.0,74.0,200.0,231.0,546.0,1570.0,17,097,863604,1,170978636041
9.0,1.0,2.0,51.0,9.0,79.0,11.0,6.0,89.0,80.0,194.0,53.0,132.0,117.0,163.0,201.0,1197.0,17,097,863604,2,170978636042
63.0,0.0,59.0,4.0,15.0,7.0,122.0,4.0,44.0,18.0,153.0,98.0,261.0,114.0,247.0,533.0,1742.0,17,097,863701,1,170978637011
14.0,16.0,0.0,1.0,3.0,7.0,53.0,1.0,35.0,19.0,90.0,268.0,78.0,149.0,206.0,211.0,1151.0,17,097,863701,2,170978637012
175.0,93.0,2.0,0.0,62.0,48.0,33.0,21.0,59.0,28.0,22.0,304.0,92.0,88.0,126.0,312.0,1465.0,17,097,863701,3,170978637013
7.0,7.0,4.0,134.0,27.0,58.0,64.0,34.0,115.0,380.0,170.0,257.0,99.0,100.0,152.0,147.0,1755.0,17,097,863702,1,170978637021
1.0,12.0,1.0,9.0,18.0,1.0,36.0,10.0,22.0,21.0,59.0,204.0,134.0,165.0,350.0,799.0,1842.0,17,097,863702,2,170978637022
98.0,24.0,89.0,22.0,43.0,47.0,52.0,16.0,15.0,149.0,186.0,187.0,185.0,98.0,278.0,767.0,2256.0,17,097,863801,1,170978638011
3.0,0.0,0.0,14.0,33.0,90.0,1.0,11.0,83.0,185.0,177.0,359.0,296.0,193.0,397.0,468.0,2310.0,17,097,863801,2,170978638012
111.0,15.0,35.0,133.0,114.0,82.0,67.0,32.0,37.0,74.0,400.0,182.0,241.0,290.0,248.0,206.0,2267.0,17,097,863902,1,170978639021
7.0,0.0,4.0,17.0,1.0,0.0,0.0,164.0,10.0,103.0,38.0,220.0,196.0,5.0,95.0,38.0,898.0,17,097,863902,2,170978639022
0.0,0.0,54.0,7.0,5.0,45.0,70.0,9.0,343.0,105.0,176.0,107.0,125.0,134.0,31.0,144.0,1355.0,17,097,863902,3,170978639023
2.0,28.0,63.0,35.0,65.0,94.0,116.0,124.0,110.0,42.0,148.0,102.0,58.0,48.0,52.0,53.0,1140.0,17,097,863902,4,170978639024
7.0,6.0,3.0,2.0,0.0,2.0,128.0,9.0,5.0,201.0,48.0,86.0,62.0,127.0,192.0,108.0,986.0,17,097,863903,1,170978639031
1.0,2.0,2.0,40.0,107.0,1.0,56.0,36.0,25.0,38.0,114.0,159.0,88.0,143.0,206.0,419.0,1437.0,17,097,863903,2,170978639032
42.0,3.0,8.0,18.0,1.0,102.0,17.0,53.0,13.0,91.0,151.0,42.0,78.0,50.0,147.0,213.0,1029.0,17,097,863903,3,170978639033
3.0,0.0,2.0,7.0,0.0,2.0,21.0,4.0,1.0,4.0,50.0,77.0,441.0,117.0,64.0,319.0,1112.0,17,097,863903,4,170978639034
11.0,1.0,54.0,0.0,2.0,6.0,1.0,49.0,2.0,27.0,85.0,340.0,474.0,593.0,706.0,1761.0,4112.0,17,097,863904,1,170978639041
3.0,0.0,2.0,3.0,124.0,6.0,9.0,17.0,2.0,62.0,113.0,137.0,178.0,217.0,479.0,586.0,1938.0,17,097,863904,2,170978639042
4.0,5.0,11.0,1.0,76.0,45.0,52.0,9.0,96.0,180.0,43.0,371.0,141.0,213.0,476.0,204.0,1927.0,17,097,864001,1,170978640011
1.0,10.0,125.0,175.0,110.0,75.0,105.0,240.0,6.0,336.0,301.0,342.0,161.0,175.0,121.0,221.0,2504.0,17,097,864001,2,170978640012
67.0,12.0,178.0,72.0,15.0,19.0,125.0,155.0,141.0,45.0,183.0,128.0,158.0,320.0,224.0,106.0,1948.0,17,097,864001,3,170978640013
70.0,41.0,2.0,104.0,3.0,35.0,118.0,1.0,6.0,223.0,175.0,90.0,22.0,40.0,65.0,43.0,1038.0,17,097,864002,1,170978640021
71.0,62.0,105.0,124.0,34.0,107.0,51.0,27.0,13.0,166.0,240.0,420.0,163.0,15.0,117.0,69.0,1784.0,17,097,864002,2,170978640022
1.0,9.0,150.0,129.0,27.0,7.0,110.0,142.0,214.0,102.0,86.0,185.0,114.0,164.0,48.0,49.0,1537.0,17,097,864002,3,170978640023
33.0,252.0,69.0,27.0,6.0,68.0,5.0,175.0,99.0,108.0,171.0,297.0,106.0,163.0,191.0,66.0,1836.0,17,097,864002,4,170978640024
171.0,69.0,98.0,126.0,230.0,150.0,86.0,219.0,361.0,113.0,353.0,303.0,150.0,233.0,88.0,422.0,3172.0,17,097,864101,1,170978641011
0.0,4.0,99.0,266.0,1.0,378.0,189.0,76.0,30.0,380.0,478.0,1507.0,678.0,751.0,812.0,907.0,6556.0,17,097,864101,2,170978641012
1.0,3.0,34.0,0.0,2.0,59.0,45.0,2.0,18.0,83.0,184.0,32.0,107.0,139.0,197.0,680.0,1586.0,17,097,864101,3,170978641013
2.0,75.0,74.0,19.0,34.0,133.0,150.0,8.0,10.0,343.0,308.0,569.0,340.0,481.0,591.0,582.0,3719.0,17,097,864105,1,170978641051
9.0,6.0,19.0,4.0,3.0,2.0,65.0,150.0,46.0,19.0,187.0,324.0,307.0,390.0,453.0,548.0,2532.0,17,097,864105,2,170978641052
7.0,1.0,0.0,37.0,46.0,48.0,1.0,32.0,13.0,7.0,67.0,182.0,174.0,71.0,153.0,355.0,1194.0,17,097,864106,1,170978641061
15.0,1.0,3.0,29.0,1.0,46.0,11.0,3.0,38.0,3.0,26.0,90.0,71.0,101.0,49.0,92.0,579.0,17,097,864106,2,170978641062
37.0,1.0,13.0,21.0,52.0,22.0,74.0,190.0,20.0,85.0,194.0,266.0,156.0,189.0,288.0,54.0,1662.0,17,097,864106,3,170978641063
17.0,4.0,38.0,1.0,0.0,16.0,8.0,21.0,38.0,28.0,162.0,67.0,167.0,63.0,117.0,77.0,824.0,17,097,864106,4,170978641064
2.0,0.0,26.0,71.0,154.0,88.0,23.0,63.0,9.0,335.0,188.0,202.0,368.0,239.0,181.0,167.0,2116.0,17,097,864107,1,170978641071
149.0,0.0,97.0,126.0,2.0,5.0,7.0,246.0,16.0,110.0,221.0,266.0,117.0,311.0,361.0,544.0,2578.0,17,097,864107,2,170978641072
2.0,1.0,34.0,59.0,153.0,17.0,177.0,19.0,35.0,144.0,321.0,491.0,411.0,339.0,214.0,228.0,2645.0,17,097,864108,1,170978641081
11.0,75.0,86.0,31.0,79.0,32.0,94.0,76.0,6.0,140.0,128.0,253.0,235.0,232.0,87.0,43.0,1608.0,17,097,864108,2,170978641082
11.0,6.0,41.0,100.0,7.0,6.0,142.0,72.0,65.0,47.0,54.0,84.0,36.0,268.0,151.0,213.0,1303.0,17,097,864108,3,170978641083
66.0,122.0,2.0,33.0,45.0,57.0,185.0,6.0,15.0,114.0,275.0,287.0,179.0,106.0,63.0,61.0,1616.0,17,097,864203,1,170978642031
63.0,31.0,54.0,6.0,37.0,25.0,129.0,106.0,111.0,225.0,344.0,518.0,332.0,226.0,273.0,322.0,2802.0,17,097,864203,2,170978642032
17.0,4.0,101.0,225.0,168.0,4.0,167.0,2.0,153.0,109.0,104.0,315.0,57.0,79.0,59.0,94.0,1658.0,17,097,864204,1,170978642041
254.0,71.0,10.0,116.0,8.0,28.0,1.0,10.0,5.0,74.0,119.0,216.0,128.0,139.0,83.0,109.0,1371.0,17,097,864204,2,170978642042
22.0,0.0,24.0,4.0,12.0,6.0,3.0,52.0,6.0,95.0,122.0,193.0,175.0,189.0,279.0,192.0,1374.0,17,097,864204,3,170978642043
245.0,17.0,19.0,81.0,102.0,168.0,168.0,54.0,140.0,174.0,699.0,821.0,893.0,585.0,747.0,633.0,5546.0,17,097,864205,1,170978642051
96.0,17.0,3.0,26.0,6.0,147.0,60.0,107.0,5.0,112.0,164.0,256.0,196.0,70.0,90.0,142.0,1497.0,17,097,864205,2,170978642052
161.0,13.0,71.0,9.0,77.0,0.0,77.0,25.0,134.0,164.0,252.0,354.0,217.0,185.0,340.0,112.0,2191.0,17,097,864205,3,170978642053
152.0,39.0,77.0,0.0,354.0,103.0,141.0,166.0,62.0,196.0,270.0,299.0,370.0,108.0,70.0,91.0,2498.0,17,097,864206,1,170978642061
7.0,70.0,103.0,63.0,6.0,6.0,117.0,40.0,9.0,105.0,79.0,172.0,61.0,29.0,41.0,95.0,1003.0,17,097,864206,2,170978642062
1.0,2.0,0.0,1.0,4.0,27.0,7.0,23.0,43.0,34.0,87.0,150.0,181.0,107.0,235.0,506.0,1408.0,17,097,864303,1,170978643031
4.0,1.0,15.0,17.0,7.0,0.0,80.0,3.0,2.0,119.0,72.0,194.0,155.0,70.0,165.0,455.0,1359.0,17,097,864303,2,170978643032
80.0,2.0,20.0,1.0,4.0,9.0,3.0,13.0,48.0,173.0,149.0,270.0,53.0,255.0,189.0,504.0,1773.0,17,097,864303,3,170978643033
6.0,29.0,29.0,78.0,88.0,10.0,45.0,117.0,154.0,63.0,198.0,188.0,277.0,177.0,145.0,768.0,2372.0,17,097,864305,1,170978643051
39.0,66.0,72.0,42.0,66.0,37.0,53.0,33.0,65.0,107.0,99.0,209.0,162.0,107.0,161.0,250.0,1568.0,17,097,864305,2,170978643052
17.0,33.0,0.0,12.0,9.0,17.0,10.0,10.0,0.0,14.0,88.0,124.0,138.0,171.0,156.0,407.0,1206.0,17,097,864306,1,170978643061
12.0,0.0,6.0,5.0,21.0,21.0,54.0,1.0,0.0,32.0,30.0,16.0,129.0,207.0,249.0,434.0,1217.0,17,097,864306,2,170978643062
35.0,116.0,73.0,2.0,32.0,59.0,45.0,8.0,94.0,101.0,59.0,268.0,65.0,166.0,226.0,467.0,1816.0,17,097,864307,1,170978643071
8.0,5.0,5.0,79.0,0.0,13.0,10.0,10.0,28.0,63.0,117.0,164.0,197.0,118.0,95.0,423.0,1335.0,17,097,864308,1,170978643081
35.0,10.0,35.0,26.0,3.0,36.0,46.0,37.0,1.0,179.0,40.0,118.0,88.0,39.0,101.0,235.0,1029.0,17,097,864308,2,170978643082
2.0,25.0,94.0,17.0,103.0,9.0,6.0,16.0,0.0,27.0,111.0,255.0,79.0,97.0,318.0,405.0,1564.0,17,097,864308,3,170978643083
28.0,3.0,256.0,5.0,16.0,26.0,2.0,15.0,33.0,188.0,25.0,50.0,460.0,308.0,669.0,1620.0,3704.0,17,097,864402,1,170978644021
8.0,22.0,1.0,42.0,79.0,173.0,3.0,37.0,73.0,206.0,210.0,147.0,129.0,359.0,368.0,294.0,2151.0,17,097,864402,2,170978644022
0.0,2.0,28.0,40.0,2.0,30.0,32.0,3.0,233.0,27.0,10.0,142.0,278.0,209.0,351.0,261.0,1648.0,17,097,864402,3,170978644023
7.0,2.0,3.0,0.0,18.0,4.0,66.0,0.0,25.0,1.0,116.0,164.0,84.0,38.0,413.0,532.0,1473.0,17,097,864403,1,170978644031
100.0,4.0,11.0,5.0,51.0,5.0,2.0,33.0,1.0,41.0,14.0,241.0,252.0,204.0,278.0,816.0,2058.0,17,097,864403,2,170978644032
7.0,5.0,17.0,5.0,35.0,19.0,6.0,2.0,1.0,54.0,41.0,58.0,169.0,45.0,229.0,528.0,1221.0,17,097,864403,3,170978644033
16.0,1.0,2.0,10.0,25.0,59.0,47.0,3.0,3.0,141.0,17.0,246.0,608.0,274.0,547.0,1083.0,3082.0,17,097,864407,1,170978644071
44.0,2.0,28.0,21.0,4.0,6.0,4.0,22.0,75.0,126.0,61.0,394.0,142.0,481.0,458.0,912.0,2780.0,17,097,864407,2,170978644072
5.0,1.0,7.0,1.0,32.0,39.0,0.0,94.0,27.0,84.0,320.0,130.0,297.0,203.0,138.0,318.0,1696.0,17,097,864408,1,170978644081
76.0,39.0,35.0,49.0,107.0,66.0,7.0,40.0,38.0,143.0,251.0,281.0,522.0,78.0,377.0,261.0,2370.0,17,097,864408,2,170978644082
15.0,10.0,39.0,156.0,28.0,6.0,67.0,144.0,48.0,72.0,162.0,89.0,245.0,114.0,264.0,244.0,1703.0,17,097,864408,3,170978644083
1.0,3.0,0.0,9.0,4.0,2.0,23.0,64.0,0.0,0.0,84.0,209.0,299.0,162.0,154.0,131.0,1145.0,17,097,864409,1,170978644091
104.0,63.0,83.0,88.0,85.0,111.0,46.0,82.0,11.0,185.0,210.0,267.0,194.0,139.0,237.0,237.0,2142.0,17,097,864409,2,170978644092
1.0,17.0,4.0,22.0,1.0,125.0,2.0,2.0,2.0,62.0,49.0,138.0,200.0,145.0,291.0,262.0,1323.0,17,097,864409,3,170978644093
11.0,1.0,89.0,14.0,5.0,5.0,2.0,2.0,64.0,73.0,42.0,262.0,371.0,341.0,387.0,334.0,2003.0,17,097,864410,1,170978644101
67.0,6.0,0.0,77.0,0.0,42.0,2.0,1.0,37.0,51.0,2.0,357.0,367.0,252.0,763.0,565.0,2589.0,17,097,864410,2,170978644102
5.0,1.0,0.0,9.0,2.0,0.0,15.0,0.0,15.0,14.0,10.0,2.0,31.0,145.0,211.0,185.0,645.0,17,097,864410,3,170978644103
5.0,6.0,2.0,5.0,1.0,5.0,68.0,19.0,16.0,3.0,0.0,258.0,211.0,30.0,204.0,432.0,1265.0,17,097,864411,1,170978644111
3.0,3.0,28.0,0.0,4.0,24.0,24.0,2.0,1.0,89.0,2.0,346.0,233.0,269.0,276.0,615.0,1919.0,17,097,864411,2,170978644112
2.0,5.0,1.0,4.0,2.0,18.0,2.0,2.0,5.0,66.0,44.0,117.0,97.0,432.0,328.0,651.0,1776.0,17,097,864411,3,170978644113
5.0,5.0,43.0,63.0,5.0,2.0,12.0,15.0,53.0,26.0,91.0,253.0,323.0,186.0,342.0,442.0,1866.0,17,097,864412,1,170978644121
3.0,8.0,33.0,15.0,9.0,112.0,26.0,40.0,78.0,93.0,173.0,356.0,293.0,250.0,302.0,525.0,2316.0,17,097,864412,2,170978644122
4.0,0.0,3.0,2.0,24.0,2.0,6.0,2.0,3.0,0.0,8.0,247.0,235.0,126.0,171.0,378.0,1211.0,17,097,864505,1,170978645051
23.0,23.0,16.0,33.0,87.0,1.0,104.0,11.0,80.0,163.0,143.0,438.0,98.0,225.0,311.0,250.0,2006.0,17,097,864505,2,170978645052
145.0,12.0,65.0,65.0,32.0,80.0,19.0,106.0,16.0,196.0,58.0,536.0,423.0,81.0,60.0,137.0,2031.0,17,097,864505,3,170978645053
57.0,1.0,27.0,0.0,34.0,66.0,2.0,0.0,85.0,163.0,121.0,241.0,143.0,113.0,340.0,225.0,1618.0,17,097,864505,4,170978645054
4.0,0.0,22.0,88.0,67.0,103.0,69.0,51.0,12.0,184.0,205.0,398.0,192.0,193.0,120.0,116.0,1824.0,17,097,864510,1,170978645101
3.0,0.0,86.0,208.0,67.0,126.0,121.0,42.0,91.0,274.0,291.0,462.0,385.0,209.0,238.0,88.0,2691.0,17,097,864510,2,170978645102
0.0,3.0,2.0,1.0,3.0,0.0,130.0,0.0,0.0,3.0,7.0,1.0,164.0,80.0,184.0,654.0,1232.0,17,097,864511,1,170978645111
81.0,173.0,70.0,178.0,196.0,13.0,365.0,120.0,3.0,102.0,215.0,160.0,232.0,144.0,296.0,433.0,2781.0,17,097,864511,2,170978645112
2.0,0.0,2.0,4.0,1.0,1.0,38.0,134.0,0.0,64.0,7.0,88.0,75.0,112.0,90.0,102.0,720.0,17,097,864511,3,170978645113
6.0,19.0,3.0,5.0,20.0,40.0,2.0,4.0,6.0,1.0,105.0,317.0,223.0,262.0,323.0,252.0,1588.0,17,097,864511,4,170978645114
82.0,4.0,5.0,91.0,3.0,46.0,21.0,1.0,52.0,22.0,0.0,168.0,254.0,156.0,480.0,1130.0,2515.0,17,097,864512,1,170978645121
67.0,29.0,18.0,7.0,49.0,209.0,6.0,140.0,11.0,2.0,126.0,235.0,175.0,176.0,209.0,517.0,1976.0,17,097,864512,2,170978645122
3.0,1.0,21.0,3.0,20.0,78.0,0.0,3.0,1.0,1.0,11.0,92.0,204.0,159.0,513.0,753.0,1863.0,17,097,864513,1,170978645131
2.0,37.0,12.0,57.0,20.0,0.0,30.0,5.0,2.0,16.0,96.0,197.0,191.0,201.0,227.0,93.0,1186.0,17,097,864513,2,170978645132
0.0,1.0,2.0,1.0,3.0,7.0,21.0,24.0,3.0,55.0,74.0,177.0,176.0,148.0,228.0,142.0,1062.0,17,097,864513,3,170978645133
1.0,0.0,8.0,0.0,1.0,14.0,3.0,6.0,52.0,45.0,84.0,117.0,287.0,188.0,273.0,198.0,1277.0,17,097,864513,4,170978645134
35.0,3.0,12.0,1.0,5.0,83.0,178.0,26.0,6.0,57.0,278.0,358.0,260.0,349.0,461.0,674.0,2786.0,17,097,864514,1,170978645141
3.0,3.0,0.0,45.0,1.0,6.0,2.0,6.0,7.0,92.0,65.0,146.0,105.0,243.0,312.0,543.0,1579.0,17,097,864515,1,170978645151
0.0,13.0,2.0,25.0,33.0,5.0,1.0,4.0,4.0,3.0,104.0,224.0,181.0,180.0,141.0,115.0,1035.0,17,097,864515,2,170978645152
6.0,3.0,0.0,16.0,5.0,4.0,1.0,85.0,37.0,0.0,0.0,123.0,248.0,133.0,149.0,182.0,992.0,17,097,864516,1,170978645161
3.0,7.0,12.0,46.0,6.0,7.0,26.0,101.0,72.0,13.0,115.0,116.0,208.0,125.0,349.0,294.0,1500.0,17,097,864516,2,170978645162
62.0,7.0,14.0,81.0,61.0,45.0,0.0,16.0,31.0,188.0,212.0,149.0,248.0,127.0,350.0,249.0,1840.0,17,097,864516,3,170978645163
3.0,5.0,10.0,4.0,28.0,0.0,66.0,74.0,2.0,67.0,194.0,85.0,186.0,314.0,296.0,1106.0,2440.0,17,097,864517,1,170978645171
92.0,2.0,7.0,18.0,3.0,24.0,2.0,17.0,2.0,77.0,47.0,95.0,306.0,76.0,178.0,278.0,1224.0,17,097,864517,2,170978645172
21.0,0.0,1.0,8.0,5.0,68.0,7.0,3.0,13.0,150.0,210.0,83.0,117.0,173.0,144.0,336.0,1339.0,17,097,864518,1,170978645181
11.0,10.0,8.0,0.0,8.0,32.0,51.0,136.0,8.0,76.0,120.0,246.0,357.0,192.0,262.0,162.0,1679.0,17,097,864518,2,170978645182
3.0,4.0,1.0,12.0,29.0,13.0,1.0,77.0,39.0,19.0,17.0,72.0,151.0,119.0,51.0,214.0,822.0,17,097,864518,3,170978645183
10.0,1.0,1.0,3.0,63.0,1.0,10.0,2.0,28.0,77.0,42.0,371.0,210.0,93.0,89.0,147.0,1148.0,17,097,864518,4,170978645184
80.0,31.0,21.0,11.0,18.0,59.0,2.0,55.0,133.0,235.0,59.0,355.0,211.0,351.0,277.0,282.0,2180.0,17,097,864519,1,170978645191
30.0,39.0,11.0,75.0,3.0,16.0,76.0,84.0,56.0,115.0,161.0,311.0,241.0,388.0,452.0,523.0,2581.0,17,097,864519,2,170978645192
40.0,3.0,12.0,1.0,0.0,53.0,15.0,35.0,4.0,104.0,269.0,216.0,194.0,235.0,642.0,724.0,2547.0,17,097,864520,1,170978645201
45.0,1.0,0.0,17.0,2.0,15.0,2.0,95.0,28.0,33.0,110.0,41.0,141.0,156.0,243.0,333.0,1262.0,17,097,864520,2,170978645202
2.0,1.0,35.0,15.0,3.0,9.0,39.0,4.0,43.0,86.0,151.0,176.0,259.0,188.0,403.0,270.0,1684.0,17,097,864520,3,170978645203
12.0,41.0,91.0,75.0,80.0,150.0,92.0,74.0,75.0,257.0,124.0,385.0,68.0,91.0,350.0,294.0,2259.0,17,097,864521,1,170978645211
13.0,0.0,5.0,4.0,26.0,0.0,16.0,67.0,45.0,57.0,71.0,172.0,182.0,130.0,216.0,765.0,1769.0,17,097,864522,1,170978645221
6.0,3.0,13.0,2.0,0.0,1.0,1.0,8.0,15.0,46.0,47.0,1.0,249.0,96.0,302.0,714.0,1504.0,17,097,864522,2,170978645222
13.0,1.0,4.0,21.0,5.0,72.0,16.0,38.0,17.0,74.0,109.0,12.0,264.0,58.0,255.0,402.0,1361.0,17,097,864522,3,170978645223
3.0,2.0,2.0,4.0,10.0,2.0,7.0,3.0,18.0,6.0,1.0,107.0,118.0,140.0,418.0,367.0,1208.0,17,097,864601,1,170978646011
0.0,3.0,46.0,23.0,12.0,18.0,15.0,15.0,10.0,57.0,42.0,291.0,153.0,201.0,294.0,1425.0,2605.0,17,097,864601,2,170978646012
10.0,11.0,37.0,37.0,0.0,14.0,2.0,56.0,9.0,48.0,73.0,138.0,154.0,95.0,251.0,1202.0,2137.0,17,097,864602,1,170978646021
7.0,10.0,114.0,68.0,0.0,6.0,3.0,1.0,5.0,71.0,47.0,125.0,130.0,61.0,443.0,621.0,1712.0,17,097,864602,2,170978646022
8.0,0.0,2.0,1.0,10.0,17.0,3.0,8.0,6.0,16.0,40.0,5.0,50.0,82.0,216.0,487.0,951.0,17,097,864700,1,170978647001
10.0,2.0,0.0,0.0,6.0,2.0,0.0,8.0,0.0,1.0,15.0,112.0,56.0,173.0,172.0,180.0,737.0,17,097,864700,2,170978647002
0.0,5.0,34.0,47.0,5.0,2.0,12.0,35.0,72.0,6.0,3.0,94.0,166.0,77.0,181.0,444.0,1183.0,17,097,864700,3,170978647003
41.0,0.0,3.0,34.0,6.0,21.0,32.0,43.0,9.0,40.0,44.0,60.0,71.0,99.0,132.0,407.0,1042.0,17,097,864801,1,170978648011
0.0,4.0,4.0,5.0,3.0,2.0,0.0,65.0,25.0,19.0,56.0,308.0,160.0,139.0,160.0,317.0,1267.0,17,097,864801,2,170978648012
0.0,1.0,9.0,7.0,37.0,6.0,48.0,19.0,19.0,86.0,72.0,80.0,120.0,147.0,406.0,421.0,1478.0,17,097,864801,3,170978648013
3.0,5.0,3.0,14.0,3.0,1.0,28.0,1.0,14.0,51.0,92.0,147.0,142.0,106.0,367.0,262.0,1239.0,17,097,864801,4,170978648014
25.0,10.0,5.0,14.0,47.0,0.0,78.0,1.0,14.0,87.0,176.0,117.0,173.0,264.0,267.0,1408.0,2686.0,17,097,864802,1,170978648021
39.0,41.0,1.0,0.0,65.0,16.0,3.0,69.0,35.0,98.0,64.0,277.0,253.0,142.0,511.0,1000.0,2614.0,17,097,864901,1,170978649011
3.0,7.0,0.0,42.0,60.0,8.0,79.0,61.0,1.0,25.0,59.0,171.0,73.0,150.0,253.0,464.0,1456.0,17,097,864901,2,170978649012
3.0,5.0,81.0,16.0,19.0,51.0,5.0,5.0,8.0,76.0,115.0,205.0,277.0,169.0,384.0,1036.0,2455.0,17,097,864903,1,170978649031
1.0,2.0,3.0,23.0,11.0,4.0,3.0,15.0,3.0,40.0,9.0,69.0,124.0,176.0,201.0,485.0,1169.0,17,097,864903,2,170978649032
24.0,3.0,17.0,0.0,24.0,34.0,1.0,96.0,62.0,40.0,66.0,49.0,158.0,123.0,172.0,301.0,1170.0,17,097,864903,3,170978649033
6.0,103.0,60.0,89.0,10.0,69.0,3.0,110.0,94.0,147.0,150.0,369.0,245.0,204.0,211.0,439.0,2309.0,17,097,864904,1,170978649041
13.0,2.0,0.0,0.0,8.0,32.0,1.0,40.0,1.0,47.0,154.0,112.0,157.0,46.0,54.0,625.0,1292.0,17,097,865000,1,170978650001
16.0,81.0,20.0,95.0,22.0,13.0,25.0,4.0,20.0,58.0,191.0,121.0,265.0,19.0,70.0,55.0,1075.0,17,097,865200,1,170978652001
149.0,7.0,7.0,43.0,1.0,98.0,338.0,55.0,17.0,203.0,76.0,92.0,10.0,26.0,25.0,64.0,1211.0,17,097,865200,2,170978652002
90.0,23.0,53.0,4.0,134.0,2.0,13.0,78.0,6.0,76.0,86.0,382.0,51.0,192.0,72.0,76.0,1338.0,17,097,865200,3,170978652003
144.0,4.0,85.0,108.0,50.0,89.0,300.0,17.0,3.0,280.0,148.0,105.0,111.0,109.0,49.0,336.0,1938.0,17,097,865200,4,170978652004
8.0,22.0,5.0,20.0,21.0,43.0,63.0,0.0,17.0,75.0,39.0,109.0,331.0,128.0,165.0,526.0,1572.0,17,097,865300,1,170978653001
0.0,8.0,5.0,9.0,2.0,1.0,3.0,0.0,0.0,15.0,68.0,43.0,52.0,122.0,119.0,233.0,680.0,17,097,865300,2,170978653002
7.0,3.0,1.0,79.0,0.0,2.0,1.0,4.0,5.0,11.0,5.0,15.0,211.0,98.0,177.0,456.0,1075.0,17,097,865300,3,170978653003
23.0,0.0,4.0,133.0,72.0,30.0,48.0,33.0,24.0,26.0,60.0,132.0,184.0,72.0,133.0,70.0,1044.0,17,097,865400,1,170978654001
63.0,69.0,4.0,4.0,0.0,10.0,77.0,55.0,3.0,20.0,92.0,52.0,66.0,53.0,32.0,119.0,719.0,17,097,865400,2,170978654002
1.0,62.0,31.0,186.0,65.0,33.0,63.0,24.0,58.0,70.0,263.0,384.0,223.0,135.0,165.0,421.0,2184.0,17,097,865400,3,170978654003
5.0,26.0,18.0,2.0,3.0,1.0,43.0,42.0,1.0,29.0,118.0,138.0,134.0,133.0,126.0,439.0,1258.0,17,097,865501,1,170978655011
27.0,14.0,16.0,23.0,6.0,19.0,1.0,50.0,7.0,3.0,48.0,137.0,224.0,113.0,93.0,242.0,1023.0,17,097,865501,2,170978655012
48.0,3.0,60.0,65.0,10.0,103.0,14.0,89.0,10.0,59.0,12.0,110.0,101.0,94.0,75.0,128.0,981.0,17,097,865502,1,170978655021
0.0,4.0,4.0,1.0,1.0,1.0,3.0,60.0,73.0,8.0,128.0,67.0,138.0,76.0,193.0,731.0,1488.0,17,097,865502,2,170978655022
2.0,1.0,1.0,4.0,0.0,2.0,0.0,14.0,4.0,54.0,17.0,2.0,12.0,169.0,104.0,491.0,877.0,17,097,865600,1,170978656001
4.0,4.0,6.0,2.0,3.0,1.0,2.0,12.0,26.0,3.0,7.0,5.0,23.0,34.0,192.0,365.0,689.0,17,097,865600,2,170978656002
33.0,12.0,2.0,4.0,0.0,39.0,3.0,79.0,2.0,10.0,4.0,31.0,51.0,99.0,112.0,311.0,792.0,17,097,865600,3,170978656003
9.0,12.0,0.0,103.0,5.0,12.0,0.0,0.0,18.0,63.0,35.0,34.0,46.0,151.0,191.0,649.0,1328.0,17,097,865600,4,170978656004
24.0,37.0,17.0,138.0,2.0,40.0,2.0,53.0,31.0,9.0,94.0,182.0,99.0,65.0,206.0,334.0,1333.0,17,097,865700,1,170978657001
35.0,3.0,3.0,2.0,30.0,133.0,6.0,27.0,41.0,124.0,173.0,43.0,57.0,297.0,417.0,485.0,1876.0,17,097,865700,2,170978657002
49.0,13.0,13.0,173.0,96.0,100.0,0.0,98.0,68.0,110.0,78.0,156.0,317.0,97.0,388.0,1145.0,2901.0,17,097,865700,3,170978657003
63.0,3.0,4.0,3.0,38.0,3.0,1.0,8.0,28.0,60.0,83.0,164.0,148.0,34.0,89.0,115.0,844.0,17,097,865801,1,170978658011
3.0,47.0,60.0,2.0,3.0,45.0,7.0,102.0,3.0,81.0,2.0,355.0,438.0,124.0,154.0,321.0,1747.0,17,097,865801,2,170978658012
3.0,0.0,1.0,7.0,1.0,2.0,69.0,10.0,35.0,41.0,4.0,21.0,28.0,44.0,157.0,171.0,594.0,17,097,865801,3,170978658013
0.0,1.0,3.0,2.0,21.0,34.0,4.0,7.0,4.0,31.0,7.0,36.0,25.0,36.0,67.0,421.0,699.0,17,097,865802,1,170978658021
5.0,6.0,10.0,24.0,7.0,70.0,97.0,37.0,20.0,44.0,100.0,96.0,98.0,154.0,484.0,997.0,2249.0,17,097,865802,2,170978658022
69.0,26.0,119.0,33.0,10.0,133.0,10.0,302.0,64.0,515.0,528.0,787.0,535.0,259.0,370.0,560.0,4320.0,17,097,866000,1,170978660001
1.0,10.0,45.0,26.0,7.0,70.0,3.0,5.0,31.0,40.0,65.0,34.0,98.0,186.0,104.0,268.0,993.0,17,097,866000,2,170978660002
4.0,18.0,4.0,3.0,55.0,2.0,2.0,59.0,23.0,30.0,146.0,106.0,66.0,164.0,497.0,253.0,1432.0,17,097,866000,3,170978660003
94.0,185.0,153.0,235.0,107.0,363.0,126.0,0.0,222.0,140.0,142.0,118.0,12.0,38.0,37.0,58.0,2030.0,17,097,866100,1,170978661001
98.0,7.0,131.0,193.0,171.0,1.0,87.0,101.0,52.0,9.0,136.0,181.0,48.0,31.0,129.0,91.0,1466.0,17,097,866100,2,170978661002
98.0,123.0,64.0,95.0,65.0,241.0,25.0,22.0,50.0,125.0,200.0,181.0,346.0,106.0,162.0,1359.0,3262.0,17,097,866200,1,170978662001
1.0,0.0,2.0,0.0,12.0,4.0,1.0,1.0,52.0,4.0,23.0,56.0,9.0,118.0,80.0,396.0,759.0,17,097,866200,2,170978662002
0.0,5.0,12.0,8.0,52.0,37.0,2.0,17.0,13.0,38.0,31.0,95.0,94.0,93.0,214.0,345.0,1056.0,17,097,866200,3,170978662003
78.0,81.0,85.0,67.0,132.0,210.0,70.0,128.0,204.0,220.0,203.0,392.0,241.0,159.0,222.0,317.0,2809.0,17,111,870101,1,171118701011
84.0,8.0,50.0,76.0,117.0,133.0,31.0,44.0,33.0,184.0,76.0,222.0,264.0,178.0,97.0,146.0,1743.0,17,111,870101,2,171118701012
2.0,4.0,14.0,10.0,117.0,1.0,4.0,82.0,21.0,134.0,53.0,141.0,139.0,129.0,121.0,68.0,1040.0,17,111,870101,3,171118701013
73.0,8.0,106.0,82.0,45.0,78.0,37.0,39.0,45.0,82.0,85.0,136.0,121.0,53.0,50.0,56.0,1096.0,17,111,870101,4,171118701014
4.0,34.0,20.0,90.0,10.0,46.0,197.0,64.0,3.0,72.0,311.0,71.0,310.0,50.0,130.0,119.0,1531.0,17,111,870102,1,171118701021
6.0,39.0,33.0,123.0,75.0,6.0,47.0,51.0,111.0,9.0,310.0,132.0,638.0,418.0,625.0,409.0,3032.0,17,111,870102,2,171118701022
6.0,93.0,48.0,58.0,27.0,50.0,43.0,90.0,4.0,80.0,252.0,552.0,222.0,196.0,263.0,243.0,2227.0,17,111,870102,3,171118701023
208.0,24.0,4.0,1.0,66.0,128.0,132.0,88.0,149.0,658.0,352.0,282.0,346.0,76.0,52.0,115.0,2681.0,17,111,870200,1,171118702001
22.0,6.0,0.0,39.0,32.0,2.0,79.0,12.0,3.0,68.0,170.0,179.0,112.0,64.0,126.0,58.0,972.0,17,111,870200,2,171118702002
8.0,12.0,6.0,188.0,4.0,315.0,56.0,5.0,69.0,145.0,32.0,420.0,159.0,126.0,138.0,47.0,1730.0,17,111,870200,3,171118702003
6.0,4.0,5.0,26.0,38.0,39.0,45.0,67.0,0.0,136.0,118.0,118.0,4.0,21.0,266.0,54.0,947.0,17,111,870200,4,171118702004
1.0,128.0,101.0,68.0,420.0,190.0,140.0,43.0,89.0,205.0,80.0,272.0,295.0,78.0,42.0,82.0,2234.0,17,111,870301,1,171118703011
2.0,2.0,4.0,0.0,136.0,48.0,3.0,25.0,20.0,72.0,3.0,107.0,97.0,50.0,71.0,44.0,684.0,17,111,870301,2,171118703012
232.0,39.0,17.0,98.0,312.0,84.0,13.0,39.0,143.0,41.0,409.0,81.0,67.0,72.0,53.0,47.0,1747.0,17,111,870301,3,171118703013
259.0,4.0,70.0,92.0,4.0,204.0,170.0,111.0,77.0,150.0,435.0,209.0,46.0,16.0,25.0,35.0,1907.0,17,111,870302,1,171118703021
38.0,40.0,98.0,30.0,186.0,44.0,0.0,3.0,41.0,2.0,83.0,333.0,43.0,82.0,260.0,154.0,1437.0,17,111,870302,2,171118703022
80.0,40.0,18.0,19.0,308.0,76.0,45.0,36.0,5.0,112.0,25.0,0.0,104.0,26.0,32.0,45.0,971.0,17,111,870302,3,171118703023
118.0,192.0,93.0,98.0,191.0,62.0,64.0,180.0,107.0,280.0,85.0,1004.0,291.0,204.0,236.0,129.0,3334.0,17,111,870401,1,171118704011
22.0,5.0,205.0,1.0,3.0,61.0,76.0,113.0,67.0,108.0,332.0,297.0,467.0,145.0,164.0,121.0,2187.0,17,111,870401,2,171118704012
0.0,3.0,26.0,25.0,8.0,59.0,24.0,153.0,191.0,3.0,221.0,645.0,380.0,453.0,165.0,137.0,2493.0,17,111,870401,3,171118704013
374.0,151.0,160.0,209.0,77.0,242.0,234.0,42.0,1.0,390.0,338.0,632.0,278.0,88.0,170.0,71.0,3457.0,17,111,870402,1,171118704021
2.0,26.0,115.0,19.0,101.0,5.0,50.0,47.0,86.0,454.0,250.0,472.0,94.0,203.0,25.0,197.0,2146.0,17,111,870402,2,171118704022
6.0,5.0,0.0,128.0,4.0,32.0,50.0,7.0,42.0,10.0,245.0,250.0,499.0,358.0,490.0,321.0,2447.0,17,111,870500,1,171118705001
153.0,10.0,10.0,5.0,123.0,132.0,28.0,2.0,1.0,45.0,286.0,222.0,179.0,16.0,99.0,51.0,1362.0,17,111,870500,2,171118705002
47.0,22.0,53.0,96.0,61.0,7.0,81.0,28.0,29.0,38.0,88.0,237.0,253.0,183.0,244.0,186.0,1653.0,17,111,870500,3,171118705003
4.0,0.0,30.0,214.0,55.0,8.0,3.0,44.0,2.0,159.0,118.0,200.0,33.0,60.0,64.0,51.0,1045.0,17,111,870500,4,171118705004
21.0,74.0,33.0,103.0,190.0,17.0,10.0,46.0,56.0,84.0,38.0,317.0,174.0,1.0,151.0,41.0,1356.0,17,111,870500,5,171118705005
43.0,2.0,5.0,0.0,10.0,40.0,6.0,2.0,10.0,34.0,83.0,20.0,76.0,3.0,24.0,50.0,408.0,17,111,870500,6,171118705006
4.0,2.0,0.0,12.0,96.0,77.0,17.0,2.0,22.0,3.0,54.0,109.0,60.0,9.0,26.0,34.0,527.0,17,111,870500,7,171118705007
59.0,57.0,157.0,297.0,111.0,260.0,99.0,120.0,111.0,174.0,255.0,462.0,260.0,107.0,67.0,53.0,2649.0,17,111,870603,1,171118706031
2.0,85.0,43.0,15.0,78.0,31.0,76.0,41.0,44.0,162.0,413.0,465.0,290.0,20.0,39.0,56.0,1860.0,17,111,870603,2,171118706032
144.0,6.0,1.0,87.0,20.0,8.0,143.0,131.0,29.0,138.0,195.0,212.0,485.0,108.0,134.0,47.0,1888.0,17,111,870604,1,171118706041
90.0,81.0,250.0,73.0,92.0,4.0,26.0,91.0,100.0,342.0,161.0,401.0,240.0,63.0,268.0,91.0,2373.0,17,111,870604,2,171118706042
45.0,66.0,71.0,87.0,19.0,215.0,1.0,15.0,30.0,224.0,43.0,193.0,191.0,100.0,69.0,61.0,1430.0,17,111,870604,3,171118706043
95.0,143.0,80.0,136.0,94.0,115.0,203.0,118.0,113.0,179.0,321.0,684.0,237.0,95.0,172.0,172.0,2957.0,17,111,870605,1,171118706051
121.0,17.0,151.0,303.0,127.0,245.0,153.0,311.0,56.0,209.0,500.0,819.0,192.0,64.0,254.0,223.0,3745.0,17,111,870605,2,171118706052
53.0,42.0,72.0,62.0,94.0,97.0,89.0,92.0,25.0,78.0,76.0,19.0,52.0,104.0,51.0,39.0,1045.0,17,111,870606,1,171118706061
131.0,246.0,252.0,248.0,179.0,21.0,31.0,26.0,12.0,96.0,185.0,405.0,98.0,154.0,26.0,76.0,2186.0,17,111,870606,2,171118706062
6.0,20.0,27.0,158.0,1.0,1.0,44.0,60.0,18.0,80.0,238.0,236.0,115.0,147.0,79.0,81.0,1311.0,17,111,870606,3,171118706063
43.0,0.0,55.0,52.0,19.0,24.0,2.0,80.0,20.0,145.0,152.0,134.0,155.0,107.0,193.0,178.0,1359.0,17,111,870702,1,171118707021
48.0,69.0,0.0,56.0,6.0,0.0,138.0,4.0,5.0,252.0,210.0,420.0,267.0,226.0,439.0,224.0,2364.0,17,111,870702,2,171118707022
0.0,10.0,208.0,11.0,17.0,2.0,153.0,22.0,174.0,11.0,53.0,127.0,191.0,42.0,15.0,93.0,1129.0,17,111,870702,3,171118707023
152.0,8.0,112.0,19.0,16.0,97.0,121.0,118.0,125.0,307.0,259.0,731.0,277.0,46.0,96.0,89.0,2573.0,17,111,870702,4,171118707024
34.0,11.0,7.0,1.0,0.0,0.0,3.0,17.0,5.0,56.0,0.0,183.0,36.0,54.0,107.0,36.0,550.0,17,111,870703,1,171118707031
2.0,10.0,145.0,109.0,43.0,79.0,47.0,94.0,47.0,251.0,311.0,394.0,329.0,516.0,216.0,236.0,2829.0,17,111,870703,2,171118707032
32.0,9.0,38.0,41.0,14.0,36.0,62.0,142.0,94.0,74.0,140.0,317.0,190.0,298.0,265.0,229.0,1981.0,17,111,870703,3,171118707033
9.0,2.0,1.0,25.0,19.0,2.0,9.0,99.0,2.0,106.0,15.0,243.0,45.0,91.0,44.0,48.0,760.0,17,111,870704,1,171118707041
5.0,0.0,6.0,28.0,60.0,34.0,62.0,7.0,40.0,117.0,27.0,87.0,132.0,107.0,123.0,87.0,922.0,17,111,870704,2,171118707042
4.0,116.0,180.0,8.0,13.0,75.0,1.0,51.0,2.0,272.0,137.0,246.0,118.0,39.0,72.0,91.0,1425.0,17,111,870704,3,171118707043
9.0,1.0,1.0,30.0,0.0,1.0,16.0,3.0,9.0,52.0,105.0,198.0,43.0,56.0,77.0,64.0,665.0,17,111,870704,4,171118707044
5.0,4.0,3.0,0.0,0.0,49.0,110.0,36.0,1.0,175.0,285.0,155.0,243.0,204.0,265.0,221.0,1756.0,17,111,870803,1,171118708031
0.0,0.0,5.0,0.0,3.0,71.0,1.0,54.0,18.0,122.0,77.0,254.0,9.0,274.0,336.0,434.0,1658.0,17,111,870803,2,171118708032
3.0,19.0,2.0,0.0,6.0,6.0,0.0,29.0,19.0,134.0,97.0,163.0,166.0,279.0,468.0,346.0,1737.0,17,111,870803,3,171118708033
52.0,71.0,165.0,145.0,8.0,200.0,40.0,79.0,255.0,101.0,225.0,354.0,263.0,167.0,205.0,206.0,2536.0,17,111,870803,4,171118708034
83.0,75.0,35.0,56.0,8.0,67.0,105.0,35.0,73.0,57.0,300.0,114.0,182.0,142.0,181.0,114.0,1627.0,17,111,870807,1,171118708071
149.0,2.0,15.0,174.0,327.0,152.0,3.0,86.0,326.0,214.0,279.0,584.0,474.0,435.0,209.0,306.0,3735.0,17,111,870807,2,171118708072
2.0,26.0,11.0,81.0,79.0,86.0,20.0,60.0,56.0,122.0,95.0,286.0,280.0,276.0,398.0,216.0,2094.0,17,111,870808,1,171118708081
8.0,0.0,72.0,109.0,9.0,30.0,31.0,103.0,76.0,94.0,111.0,251.0,150.0,139.0,388.0,148.0,1719.0,17,111,870808,2,171118708082
136.0,98.0,11.0,118.0,78.0,78.0,25.0,238.0,118.0,502.0,315.0,981.0,612.0,239.0,110.0,171.0,3830.0,17,111,870809,1,171118708091
297.0,203.0,111.0,119.0,48.0,29.0,91.0,12.0,74.0,188.0,128.0,246.0,463.0,193.0,347.0,531.0,3080.0,17,111,870809,2,171118708092
17.0,0.0,3.0,56.0,1.0,4.0,2.0,76.0,6.0,58.0,64.0,204.0,86.0,74.0,51.0,111.0,813.0,17,111,870810,1,171118708101
193.0,0.0,40.0,29.0,9.0,60.0,68.0,96.0,11.0,21.0,142.0,251.0,398.0,140.0,337.0,333.0,2128.0,17,111,870810,2,171118708102
2.0,1.0,66.0,75.0,94.0,0.0,3.0,5.0,23.0,70.0,213.0,319.0,188.0,113.0,172.0,228.0,1572.0,17,111,870810,3,171118708103
2.0,1.0,7.0,28.0,78.0,237.0,69.0,115.0,78.0,390.0,123.0,273.0,223.0,149.0,102.0,102.0,1977.0,17,111,870811,1,171118708111
0.0,38.0,11.0,113.0,33.0,26.0,48.0,59.0,13.0,86.0,117.0,134.0,233.0,29.0,67.0,68.0,1075.0,17,111,870811,2,171118708112
37.0,74.0,144.0,32.0,39.0,3.0,103.0,20.0,47.0,53.0,246.0,289.0,79.0,11.0,202.0,104.0,1483.0,17,111,870811,3,171118708113
3.0,3.0,1.0,65.0,41.0,78.0,8.0,113.0,14.0,71.0,69.0,239.0,162.0,37.0,88.0,53.0,1045.0,17,111,870812,1,171118708121
72.0,6.0,4.0,1.0,9.0,10.0,75.0,4.0,128.0,59.0,74.0,178.0,154.0,111.0,46.0,53.0,984.0,17,111,870812,2,171118708122
25.0,6.0,49.0,8.0,58.0,3.0,21.0,41.0,15.0,68.0,131.0,114.0,161.0,91.0,193.0,143.0,1127.0,17,111,870812,3,171118708123
14.0,1.0,3.0,102.0,8.0,4.0,6.0,39.0,78.0,433.0,154.0,302.0,200.0,112.0,46.0,57.0,1559.0,17,111,870812,4,171118708124
56.0,31.0,8.0,101.0,21.0,42.0,2.0,100.0,27.0,76.0,106.0,157.0,347.0,187.0,254.0,238.0,1753.0,17,111,870902,1,171118709021
1.0,35.0,194.0,93.0,37.0,182.0,0.0,131.0,18.0,231.0,288.0,853.0,261.0,58.0,267.0,568.0,3217.0,17,111,870902,2,171118709022
325.0,161.0,37.0,96.0,138.0,113.0,20.0,55.0,47.0,115.0,667.0,201.0,377.0,163.0,235.0,145.0,2895.0,17,111,870902,3,171118709023
26.0,129.0,60.0,102.0,2.0,57.0,78.0,76.0,223.0,90.0,71.0,211.0,66.0,37.0,62.0,47.0,1337.0,17,111,870903,1,171118709031
77.0,1.0,15.0,28.0,55.0,10.0,0.0,75.0,70.0,13.0,44.0,70.0,54.0,9.0,20.0,53.0,594.0,17,111,870903,2,171118709032
10.0,4.0,0.0,13.0,70.0,99.0,125.0,117.0,22.0,0.0,120.0,42.0,120.0,25.0,56.0,76.0,899.0,17,111,870903,3,171118709033
79.0,5.0,13.0,3.0,6.0,2.0,18.0,49.0,3.0,18.0,104.0,68.0,73.0,14.0,30.0,93.0,578.0,17,111,870904,1,171118709041
22.0,59.0,52.0,121.0,66.0,97.0,69.0,99.0,74.0,148.0,263.0,120.0,301.0,254.0,64.0,176.0,1985.0,17,111,870904,2,171118709042
148.0,2.0,3.0,242.0,59.0,83.0,54.0,79.0,21.0,75.0,254.0,280.0,191.0,63.0,98.0,189.0,1841.0,17,111,870904,3,171118709043
169.0,36.0,77.0,188.0,110.0,30.0,123.0,76.0,252.0,360.0,214.0,210.0,221.0,75.0,115.0,36.0,2292.0,17,111,870905,1,171118709051
241.0,98.0,70.0,133.0,8.0,175.0,132.0,207.0,226.0,187.0,305.0,243.0,373.0,250.0,173.0,164.0,2985.0,17,111,870905,2,171118709052
8.0,32.0,0.0,13.0,7.0,3.0,70.0,69.0,3.0,30.0,89.0,58.0,212.0,108.0,132.0,197.0,1031.0,17,111,871003,1,171118710031
0.0,0.0,47.0,3.0,3.0,4.0,30.0,100.0,31.0,59.0,131.0,101.0,91.0,37.0,41.0,61.0,739.0,17,111,871003,2,171118710032
95.0,0.0,44.0,170.0,98.0,270.0,50.0,41.0,16.0,241.0,242.0,435.0,121.0,127.0,139.0,96.0,2185.0,17,111,871003,3,171118710033
150.0,90.0,3.0,154.0,158.0,260.0,7.0,11.0,223.0,423.0,478.0,593.0,213.0,141.0,307.0,98.0,3309.0,17,111,871004,1,171118710041
196.0,147.0,72.0,65.0,105.0,24.0,80.0,2.0,134.0,255.0,134.0,277.0,291.0,82.0,133.0,146.0,2143.0,17,111,871004,2,171118710042
0.0,3.0,13.0,68.0,4.0,70.0,118.0,237.0,0.0,92.0,52.0,64.0,72.0,40.0,39.0,105.0,977.0,17,111,871004,3,171118710043
228.0,4.0,62.0,690.0,143.0,215.0,195.0,6.0,485.0,860.0,509.0,2132.0,1874.0,1687.0,1982.0,1178.0,12250.0,17,111,871104,1,171118711041
0.0,68.0,21.0,2.0,2.0,1.0,9.0,55.0,9.0,116.0,181.0,274.0,361.0,62.0,166.0,45.0,1372.0,17,111,871104,2,171118711042
4.0,5.0,1.0,4.0,84.0,2.0,60.0,1.0,7.0,4.0,183.0,158.0,114.0,174.0,266.0,30.0,1097.0,17,111,871104,3,171118711043
4.0,6.0,248.0,0.0,2.0,63.0,2.0,61.0,39.0,304.0,513.0,416.0,612.0,461.0,333.0,75.0,3139.0,17,111,871104,4,171118711044
5.0,3.0,0.0,55.0,4.0,14.0,13.0,104.0,78.0,251.0,235.0,293.0,547.0,478.0,760.0,466.0,3306.0,17,111,871105,1,171118711051
4.0,3.0,3.0,67.0,2.0,1.0,38.0,57.0,3.0,156.0,117.0,230.0,208.0,95.0,27.0,207.0,1218.0,17,111,871105,2,171118711052
11.0,13.0,10.0,143.0,11.0,16.0,0.0,90.0,4.0,12.0,146.0,116.0,84.0,52.0,27.0,91.0,826.0,17,111,871105,3,171118711053
2.0,61.0,7.0,8.0,46.0,222.0,21.0,173.0,41.0,403.0,722.0,983.0,835.0,777.0,756.0,675.0,5732.0,17,111,871106,1,171118711061
7.0,3.0,134.0,102.0,3.0,5.0,2.0,3.0,35.0,223.0,94.0,143.0,326.0,162.0,202.0,621.0,2065.0,17,111,871106,2,171118711062
65.0,48.0,96.0,2.0,5.0,117.0,30.0,0.0,125.0,21.0,179.0,152.0,153.0,13.0,193.0,140.0,1339.0,17,111,871106,3,171118711063
0.0,0.0,3.0,85.0,5.0,4.0,0.0,11.0,254.0,55.0,91.0,335.0,360.0,310.0,342.0,291.0,2146.0,17,111,871107,1,171118711071
18.0,0.0,3.0,5.0,18.0,68.0,6.0,46.0,112.0,205.0,314.0,278.0,473.0,341.0,625.0,757.0,3269.0,17,111,871107,2,171118711072
20.0,0.0,75.0,41.0,0.0,21.0,54.0,32.0,39.0,338.0,188.0,606.0,727.0,234.0,622.0,254.0,3251.0,17,111,871108,1,171118711081
20.0,0.0,0.0,10.0,175.0,1.0,5.0,4.0,30.0,1.0,113.0,413.0,245.0,191.0,364.0,701.0,2273.0,17,111,871108,2,171118711082
0.0,1.0,2.0,2.0,0.0,1.0,46.0,48.0,116.0,72.0,414.0,875.0,515.0,341.0,711.0,242.0,3386.0,17,111,871109,1,171118711091
1.0,5.0,1.0,4.0,0.0,15.0,0.0,15.0,4.0,148.0,241.0,507.0,432.0,352.0,102.0,58.0,1885.0,17,111,871109,2,171118711092
2.0,4.0,3.0,2.0,86.0,194.0,3.0,76.0,2.0,42.0,170.0,176.0,102.0,73.0,53.0,258.0,1246.0,17,111,871201,1,171118712011
0.0,57.0,67.0,52.0,58.0,94.0,247.0,89.0,17.0,184.0,283.0,341.0,232.0,97.0,281.0,119.0,2218.0,17,111,871201,2,171118712012
1.0,0.0,1.0,5.0,0.0,19.0,1.0,8.0,13.0,37.0,149.0,67.0,19.0,7.0,50.0,49.0,426.0,17,111,871201,3,171118712013
0.0,0.0,64.0,10.0,2.0,20.0,0.0,6.0,68.0,30.0,427.0,866.0,376.0,429.0,372.0,158.0,2828.0,17,111,871201,4,171118712014
4.0,15.0,6.0,5.0,72.0,94.0,26.0,42.0,163.0,0.0,170.0,99.0,396.0,95.0,151.0,49.0,1387.0,17,111,871202,1,171118712021
60.0,158.0,61.0,187.0,185.0,40.0,125.0,138.0,26.0,250.0,35.0,445.0,268.0,116.0,73.0,45.0,2212.0,17,111,871202,2,171118712022
42.0,13.0,4.0,3.0,16.0,31.0,2.0,41.0,83.0,79.0,149.0,309.0,327.0,23.0,113.0,42.0,1277.0,17,111,871202,3,171118712023
4.0,0.0,12.0,23.0,7.0,10.0,41.0,2.0,0.0,247.0,34.0,240.0,123.0,18.0,62.0,90.0,913.0,17,111,871202,4,171118712024
103.0,35.0,123.0,42.0,21.0,113.0,252.0,80.0,68.0,182.0,296.0,235.0,377.0,131.0,176.0,70.0,2304.0,17,111,871205,1,171118712051
0.0,0.0,2.0,62.0,1.0,87.0,66.0,30.0,167.0,116.0,189.0,284.0,335.0,99.0,129.0,59.0,1626.0,17,111,871205,2,171118712052
0.0,4.0,5.0,9.0,7.0,62.0,38.0,0.0,17.0,129.0,117.0,151.0,61.0,122.0,50.0,51.0,823.0,17,111,871205,3,171118712053
2.0,2.0,30.0,1.0,10.0,0.0,0.0,2.0,3.0,198.0,14.0,92.0,121.0,261.0,403.0,389.0,1528.0,17,111,871206,1,171118712061
13.0,3.0,89.0,35.0,2.0,139.0,102.0,35.0,155.0,144.0,286.0,450.0,586.0,266.0,669.0,369.0,3343.0,17,111,871206,2,171118712062
1.0,0.0,64.0,2.0,2.0,6.0,11.0,1.0,3.0,96.0,36.0,291.0,290.0,172.0,229.0,269.0,1473.0,17,111,871206,3,171118712063
18.0,18.0,115.0,8.0,7.0,12.0,68.0,127.0,6.0,117.0,440.0,369.0,230.0,131.0,373.0,356.0,2395.0,17,111,871207,1,171118712071
5.0,35.0,59.0,37.0,50.0,86.0,1.0,23.0,54.0,53.0,149.0,97.0,199.0,33.0,186.0,178.0,1245.0,17,111,871207,2,171118712072
5.0,6.0,4.0,21.0,0.0,4.0,17.0,0.0,92.0,99.0,84.0,178.0,324.0,129.0,210.0,225.0,1398.0,17,111,871207,3,171118712073
143.0,0.0,13.0,55.0,62.0,68.0,40.0,35.0,5.0,76.0,199.0,509.0,494.0,234.0,115.0,103.0,2151.0,17,111,871208,1,171118712081
1.0,5.0,1.0,0.0,0.0,77.0,16.0,8.0,8.0,29.0,340.0,321.0,296.0,130.0,345.0,207.0,1784.0,17,111,871208,2,171118712082
27.0,0.0,115.0,169.0,159.0,49.0,168.0,117.0,61.0,301.0,443.0,417.0,102.0,185.0,131.0,73.0,2517.0,17,111,871209,1,171118712091
4.0,95.0,2.0,57.0,2.0,0.0,2.0,5.0,20.0,52.0,15.0,180.0,58.0,25.0,12.0,51.0,580.0,17,111,871209,2,171118712092
3.0,5.0,5.0,2.0,15.0,104.0,1.0,57.0,10.0,127.0,152.0,138.0,209.0,128.0,75.0,72.0,1103.0,17,111,871301,1,171118713011
4.0,6.0,16.0,42.0,31.0,22.0,5.0,5.0,61.0,5.0,2.0,121.0,83.0,118.0,128.0,31.0,680.0,17,111,871301,2,171118713012
41.0,142.0,108.0,30.0,58.0,1.0,13.0,68.0,12.0,116.0,162.0,409.0,60.0,16.0,53.0,135.0,1424.0,17,111,871301,3,171118713013
1.0,14.0,1.0,8.0,61.0,155.0,2.0,2.0,2.0,146.0,85.0,87.0,265.0,205.0,285.0,226.0,1545.0,17,111,871301,4,171118713014
30.0,1.0,24.0,170.0,4.0,54.0,40.0,69.0,54.0,150.0,268.0,395.0,444.0,165.0,273.0,236.0,2377.0,17,111,871304,1,171118713041
3.0,4.0,3.0,50.0,12.0,50.0,35.0,31.0,4.0,12.0,46.0,209.0,26.0,52.0,2.0,51.0,590.0,17,111,871304,2,171118713042
91.0,110.0,6.0,6.0,25.0,4.0,0.0,3.0,5.0,36.0,83.0,232.0,786.0,334.0,635.0,1237.0,3593.0,17,111,871305,1,171118713051
0.0,42.0,25.0,6.0,164.0,3.0,34.0,4.0,1.0,69.0,178.0,27.0,104.0,252.0,264.0,201.0,1374.0,17,111,871305,2,171118713052
79.0,30.0,7.0,39.0,48.0,2.0,112.0,26.0,27.0,239.0,142.0,132.0,141.0,22.0,20.0,86.0,1152.0,17,111,871305,3,171118713053
88.0,1.0,12.0,1.0,37.0,5.0,143.0,25.0,5.0,101.0,121.0,227.0,664.0,633.0,246.0,237.0,2546.0,17,111,871306,1,171118713061
4.0,0.0,2.0,2.0,5.0,2.0,3.0,29.0,36.0,101.0,208.0,369.0,413.0,187.0,275.0,216.0,1852.0,17,111,871306,2,171118713062
19.0,0.0,30.0,62.0,0.0,141.0,16.0,66.0,2.0,80.0,113.0,349.0,458.0,220.0,571.0,481.0,2608.0,17,111,871306,3,171118713063
21.0,27.0,1.0,108.0,114.0,64.0,72.0,117.0,79.0,45.0,389.0,137.0,21.0,27.0,71.0,92.0,1385.0,17,111,871306,4,171118713064
25.0,2.0,0.0,0.0,0.0,81.0,48.0,3.0,24.0,115.0,117.0,218.0,320.0,158.0,711.0,334.0,2156.0,17,111,871307,1,171118713071
5.0,7.0,37.0,18.0,11.0,5.0,9.0,5.0,0.0,24.0,34.0,104.0,71.0,9.0,166.0,50.0,555.0,17,111,871307,2,171118713072
3.0,94.0,95.0,217.0,126.0,239.0,27.0,91.0,90.0,112.0,176.0,295.0,356.0,113.0,232.0,158.0,2424.0,17,111,871307,3,171118713073
2.0,3.0,0.0,4.0,115.0,6.0,1.0,4.0,55.0,156.0,137.0,107.0,222.0,304.0,133.0,139.0,1388.0,17,111,871310,1,171118713101
70.0,0.0,1.0,6.0,30.0,3.0,16.0,25.0,3.0,16.0,66.0,224.0,89.0,107.0,31.0,233.0,920.0,17,111,871310,2,171118713102
3.0,5.0,4.0,10.0,77.0,3.0,3.0,59.0,1.0,91.0,50.0,12.0,39.0,70.0,36.0,82.0,545.0,17,111,871310,3,171118713103
1.0,7.0,4.0,2.0,1.0,48.0,100.0,47.0,110.0,31.0,125.0,465.0,302.0,171.0,125.0,129.0,1668.0,17,111,871310,4,171118713104
6.0,6.0,93.0,7.0,47.0,2.0,120.0,136.0,52.0,319.0,159.0,465.0,511.0,226.0,66.0,107.0,2322.0,17,111,871311,1,171118713111
32.0,4.0,1.0,162.0,36.0,67.0,4.0,36.0,3.0,106.0,159.0,190.0,37.0,24.0,134.0,178.0,1173.0,17,111,871311,2,171118713112
1.0,4.0,1.0,6.0,4.0,8.0,20.0,80.0,2.0,104.0,77.0,177.0,299.0,105.0,61.0,98.0,1047.0,17,111,871311,3,171118713113
117.0,12.0,103.0,5.0,8.0,4.0,78.0,124.0,91.0,146.0,66.0,405.0,144.0,194.0,174.0,176.0,1847.0,17,111,871402,1,171118714021
1.0,1.0,16.0,0.0,10.0,2.0,25.0,156.0,2.0,2.0,25.0,34.0,86.0,4.0,67.0,115.0,546.0,17,111,871402,2,171118714022
57.0,18.0,4.0,99.0,2.0,83.0,2.0,34.0,162.0,57.0,234.0,169.0,273.0,164.0,416.0,288.0,2062.0,17,111,871402,3,171118714023
8.0,0.0,7.0,0.0,39.0,5.0,32.0,82.0,11.0,62.0,119.0,5.0,42.0,49.0,30.0,310.0,801.0,17,111,871402,4,171118714024
64.0,3.0,19.0,13.0,24.0,1.0,24.0,65.0,32.0,103.0,163.0,0.0,213.0,283.0,81.0,34.0,1122.0,17,111,871402,5,171118714025
23.0,137.0,74.0,42.0,64.0,148.0,44.0,44.0,128.0,147.0,237.0,379.0,219.0,245.0,361.0,98.0,2390.0,17,111,871404,1,171118714041
1.0,50.0,16.0,17.0,2.0,97.0,25.0,108.0,86.0,210.0,154.0,272.0,400.0,345.0,254.0,189.0,2226.0,17,111,871404,2,171118714042
46.0,119.0,88.0,80.0,93.0,38.0,57.0,158.0,11.0,111.0,131.0,505.0,500.0,243.0,250.0,346.0,2776.0,17,111,871500,1,171118715001
14.0,1.0,1.0,3.0,29.0,41.0,13.0,4.0,1.0,65.0,28.0,142.0,90.0,13.0,46.0,45.0,536.0,17,111,871500,2,171118715002
93.0,221.0,128.0,160.0,192.0,419.0,262.0,131.0,388.0,429.0,711.0,812.0,283.0,459.0,308.0,172.0,5168.0,17,111,871500,3,171118715003
11.0,6.0,1.0,1.0,128.0,3.0,145.0,6.0,27.0,57.0,85.0,205.0,294.0,420.0,94.0,154.0,1637.0,17,111,871500,4,171118715004
26.0,57.0,26.0,6.0,6.0,30.0,17.0,175.0,2.0,212.0,37.0,202.0,128.0,65.0,191.0,53.0,1233.0,17,111,871500,5,171118715005
7.0,2.0,7.0,6.0,3.0,82.0,19.0,1.0,18.0,1.0,37.0,158.0,121.0,10.0,191.0,299.0,962.0,17,111,871600,1,171118716001
18.0,3.0,58.0,1.0,2.0,3.0,25.0,90.0,11.0,7.0,55.0,122.0,210.0,126.0,118.0,174.0,1023.0,17,111,871600,2,171118716002
5.0,1.0,25.0,117.0,5.0,6.0,6.0,17.0,37.0,27.0,80.0,103.0,45.0,109.0,207.0,167.0,957.0,17,111,871600,3,171118716003
42.0,7.0,5.0,15.0,49.0,25.0,4.0,42.0,10.0,68.0,119.0,117.0,244.0,57.0,96.0,170.0,1070.0,17,111,871600,4,171118716004
3.0,7.0,6.0,1.0,2.0,0.0,20.0,4.0,13.0,75.0,112.0,96.0,132.0,130.0,318.0,76.0,995.0,17,111,871600,5,171118716005
12.0,13.0,6.0,1.0,50.0,124.0,11.0,140.0,3.0,175.0,236.0,964.0,323.0,198.0,334.0,33.0,2623.0,17,197,880105,1,171978801051
7.0,214.0,4.0,26.0,4.0,135.0,88.0,144.0,247.0,89.0,123.0,303.0,304.0,264.0,45.0,97.0,2094.0,17,197,880105,2,171978801052
8.0,4.0,7.0,74.0,10.0,10.0,3.0,102.0,45.0,108.0,251.0,254.0,289.0,89.0,97.0,189.0,1540.0,17,197,880105,3,171978801053
1.0,7.0,2.0,0.0,3.0,6.0,3.0,20.0,11.0,222.0,213.0,478.0,401.0,162.0,108.0,88.0,1725.0,17,197,880105,4,171978801054
81.0,84.0,0.0,7.0,63.0,43.0,178.0,57.0,39.0,151.0,132.0,195.0,93.0,100.0,49.0,69.0,1341.0,17,197,880106,1,171978801061
12.0,2.0,4.0,19.0,38.0,4.0,4.0,99.0,14.0,4.0,119.0,301.0,347.0,134.0,124.0,44.0,1269.0,17,197,880106,2,171978801062
121.0,51.0,97.0,80.0,71.0,28.0,144.0,7.0,214.0,163.0,233.0,243.0,345.0,78.0,132.0,50.0,2057.0,17,197,880106,3,171978801063
63.0,2.0,107.0,8.0,55.0,32.0,87.0,108.0,110.0,383.0,356.0,336.0,88.0,29.0,44.0,202.0,2010.0,17,197,880107,1,171978801071
0.0,1.0,5.0,3.0,179.0,6.0,28.0,174.0,47.0,262.0,108.0,50.0,223.0,138.0,113.0,69.0,1406.0,17,197,880107,2,171978801072
18.0,4.0,121.0,10.0,7.0,0.0,13.0,107.0,5.0,176.0,99.0,215.0,94.0,94.0,30.0,51.0,1044.0,17,197,880107,3,171978801073
7.0,2.0,11.0,4.0,5.0,2.0,32.0,33.0,42.0,115.0,32.0,263.0,134.0,50.0,64.0,54.0,850.0,17,197,880107,4,171978801074
30.0,66.0,31.0,5.0,71.0,11.0,25.0,0.0,10.0,44.0,52.0,198.0,102.0,120.0,23.0,87.0,875.0,17,197,880109,1,171978801091
18.0,7.0,1.0,3.0,1.0,208.0,21.0,17.0,5.0,54.0,101.0,406.0,131.0,75.0,165.0,159.0,1372.0,17,197,880109,2,171978801092
5.0,2.0,2.0,5.0,4.0,3.0,2.0,4.0,72.0,220.0,23.0,160.0,196.0,167.0,177.0,254.0,1296.0,17,197,880109,3,171978801093
210.0,1.0,1.0,71.0,94.0,78.0,13.0,152.0,82.0,156.0,278.0,237.0,205.0,45.0,90.0,50.0,1763.0,17,197,880109,4,171978801094
63.0,5.0,28.0,2.0,1.0,6.0,24.0,1.0,11.0,43.0,31.0,86.0,52.0,37.0,107.0,142.0,639.0,17,197,880109,5,171978801095
0.0,82.0,9.0,6.0,78.0,31.0,149.0,81.0,82.0,26.0,247.0,238.0,163.0,143.0,120.0,57.0,1512.0,17,197,880111,1,171978801111
4.0,6.0,4.0,76.0,1.0,98.0,106.0,20.0,14.0,111.0,3.0,187.0,190.0,22.0,36.0,60.0,938.0,17,197,880111,2,171978801112
26.0,6.0,9.0,19.0,28.0,58.0,45.0,128.0,18.0,58.0,270.0,43.0,132.0,11.0,237.0,50.0,1138.0,17,197,880111,3,171978801113
4.0,0.0,116.0,63.0,14.0,26.0,9.0,100.0,96.0,200.0,87.0,138.0,195.0,106.0,29.0,54.0,1237.0,17,197,880112,1,171978801121
0.0,5.0,2.0,9.0,37.0,0.0,76.0,29.0,4.0,10.0,88.0,314.0,159.0,123.0,46.0,128.0,1030.0,17,197,880112,2,171978801122
3.0,108.0,185.0,167.0,50.0,52.0,12.0,51.0,119.0,50.0,286.0,185.0,155.0,12.0,85.0,111.0,1631.0,17,197,880113,1,171978801131
0.0,81.0,105.0,12.0,52.0,26.0,28.0,0.0,1.0,63.0,168.0,134.0,236.0,147.0,68.0,53.0,1174.0,17,197,880113,2,171978801132
97.0,3.0,31.0,38.0,4.0,39.0,17.0,13.0,10.0,6.0,201.0,88.0,10.0,35.0,25.0,43.0,660.0,17,197,880113,3,171978801133
45.0,179.0,235.0,171.0,204.0,328.0,146.0,10.0,76.0,137.0,5.0,103.0,71.0,61.0,30.0,46.0,1847.0,17,197,880114,1,171978801141
0.0,8.0,0.0,6.0,3.0,1.0,0.0,37.0,2.0,17.0,94.0,275.0,72.0,67.0,93.0,45.0,720.0,17,197,880114,2,171978801142
12.0,70.0,100.0,98.0,89.0,209.0,264.0,238.0,3.0,2.0,430.0,242.0,74.0,72.0,47.0,35.0,1985.0,17,197,880115,1,171978801151
228.0,3.0,2.0,10.0,33.0,4.0,1.0,27.0,30.0,2.0,82.0,245.0,168.0,172.0,19.0,112.0,1138.0,17,197,880115,2,171978801152
4.0,7.0,32.0,0.0,16.0,3.0,21.0,84.0,33.0,38.0,181.0,481.0,261.0,138.0,51.0,102.0,1452.0,17,197,880116,1,171978801161
76.0,6.0,33.0,3.0,14.0,8.0,0.0,244.0,23.0,177.0,47.0,172.0,152.0,155.0,114.0,69.0,1293.0,17,197,880116,2,171978801162
42.0,9.0,27.0,127.0,97.0,23.0,90.0,59.0,11.0,7.0,30.0,108.0,75.0,7.0,96.0,54.0,862.0,17,197,880117,1,171978801171
5.0,4.0,51.0,21.0,7.0,2.0,11.0,82.0,50.0,23.0,89.0,272.0,156.0,115.0,98.0,90.0,1076.0,17,197,880117,2,171978801172
220.0,284.0,366.0,156.0,199.0,84.0,24.0,87.0,10.0,103.0,67.0,9.0,21.0,17.0,25.0,31.0,1703.0,17,197,880117,3,171978801173
3.0,0.0,4.0,2.0,2.0,0.0,0.0,3.0,4.0,7.0,70.0,171.0,132.0,159.0,274.0,449.0,1280.0,17,197,880118,1,171978801181
1.0,8.0,23.0,0.0,1.0,4.0,0.0,3.0,0.0,3.0,5.0,164.0,180.0,127.0,230.0,290.0,1039.0,17,197,880118,2,171978801182
7.0,1.0,11.0,7.0,3.0,11.0,12.0,1.0,26.0,0.0,212.0,209.0,168.0,43.0,285.0,393.0,1389.0,17,197,880118,3,171978801183
4.0,2.0,1.0,1.0,2.0,4.0,4.0,0.0,10.0,59.0,53.0,261.0,287.0,263.0,434.0,154.0,1539.0,17,197,880118,4,171978801184
124.0,2.0,8.0,10.0,45.0,56.0,119.0,75.0,102.0,86.0,157.0,162.0,437.0,183.0,213.0,220.0,1999.0,17,197,880119,1,171978801191
5.0,1.0,29.0,1.0,7.0,13.0,1.0,9.0,38.0,1.0,23.0,205.0,86.0,72.0,213.0,447.0,1151.0,17,197,880119,2,171978801192
1.0,0.0,3.0,0.0,5.0,2.0,5.0,2.0,30.0,12.0,2.0,239.0,23.0,268.0,205.0,737.0,1534.0,17,197,880119,3,171978801193
8.0,3.0,54.0,45.0,189.0,1.0,122.0,220.0,59.0,28.0,439.0,674.0,850.0,441.0,494.0,373.0,4000.0,17,197,880120,1,171978801201
14.0,6.0,6.0,91.0,105.0,24.0,41.0,90.0,191.0,138.0,339.0,551.0,654.0,521.0,596.0,433.0,3800.0,17,197,880120,2,171978801202
0.0,4.0,9.0,0.0,8.0,7.0,21.0,6.0,15.0,1.0,35.0,553.0,259.0,128.0,470.0,163.0,1679.0,17,197,880120,3,171978801203
2.0,2.0,9.0,3.0,4.0,51.0,42.0,16.0,6.0,5.0,187.0,84.0,221.0,105.0,239.0,88.0,1064.0,17,197,880121,1,171978801211
0.0,2.0,134.0,1.0,2.0,2.0,89.0,129.0,0.0,0.0,561.0,276.0,221.0,285.0,578.0,133.0,2413.0,17,197,880121,2,171978801212
37.0,3.0,9.0,8.0,95.0,42.0,1.0,4.0,16.0,137.0,104.0,783.0,1015.0,437.0,621.0,416.0,3728.0,17,197,880121,3,171978801213
4.0,0.0,0.0,2.0,106.0,4.0,2.0,83.0,5.0,147.0,159.0,436.0,363.0,694.0,248.0,211.0,2464.0,17,197,880121,4,171978801214
27.0,15.0,50.0,3.0,2.0,1.0,43.0,165.0,4.0,17.0,62.0,69.0,110.0,4.0,84.0,61.0,717.0,17,197,880202,1,171978802021
0.0,34.0,0.0,34.0,1.0,3.0,46.0,203.0,188.0,86.0,149.0,560.0,136.0,126.0,28.0,35.0,1629.0,17,197,880202,2,171978802022
3.0,84.0,160.0,6.0,188.0,54.0,136.0,24.0,17.0,110.0,153.0,468.0,177.0,153.0,144.0,113.0,1990.0,17,197,880202,3,171978802023
54.0,26.0,122.0,185.0,2.0,34.0,130.0,68.0,350.0,346.0,119.0,107.0,105.0,63.0,131.0,43.0,1885.0,17,197,880203,1,171978802031
2.0,23.0,13.0,41.0,149.0,143.0,129.0,0.0,29.0,241.0,223.0,174.0,201.0,111.0,151.0,46.0,1676.0,17,197,880203,2,171978802032
2.0,7.0,0.0,3.0,76.0,11.0,1.0,3.0,42.0,81.0,78.0,21.0,19.0,13.0,19.0,55.0,431.0,17,197,880203,3,171978802033
38.0,4.0,28.0,64.0,2.0,0.0,59.0,40.0,1.0,36.0,2.0,146.0,258.0,10.0,26.0,51.0,765.0,17,197,880204,1,171978802041
103.0,3.0,3.0,103.0,15.0,36.0,212.0,159.0,100.0,561.0,359.0,879.0,556.0,423.0,417.0,209.0,4138.0,17,197,880204,2,171978802042
84.0,3.0,27.0,127.0,131.0,1.0,123.0,55.0,17.0,78.0,18.0,14.0,33.0,34.0,34.0,79.0,858.0,17,197,880204,3,171978802043
26.0,10.0,53.0,11.0,8.0,40.0,20.0,14.0,7.0,2.0,108.0,115.0,224.0,260.0,149.0,183.0,1230.0,17,197,880303,1,171978803031
24.0,9.0,8.0,25.0,4.0,34.0,0.0,2.0,0.0,117.0,39.0,266.0,247.0,161.0,379.0,328.0,1643.0,17,197,880303,2,171978803032
1.0,2.0,9.0,1.0,3.0,31.0,9.0,25.0,16.0,61.0,76.0,284.0,175.0,233.0,295.0,172.0,1393.0,17,197,880303,3,171978803033
3.0,7.0,0.0,0.0,1.0,0.0,0.0,0.0,0.0,60.0,119.0,149.0,174.0,91.0,218.0,652.0,1474.0,17,197,880304,1,171978803041
66.0,7.0,5.0,1.0,5.0,11.0,15.0,3.0,1.0,6.0,144.0,58.0,102.0,232.0,368.0,558.0,1582.0,17,197,880304,2,171978803042
2.0,4.0,3.0,151.0,2.0,38.0,6.0,0.0,0.0,33.0,15.0,154.0,148.0,194.0,269.0,236.0,1255.0,17,197,880304,3,171978803043
0.0,40.0,18.0,0.0,1.0,5.0,4.0,7.0,10.0,15.0,20.0,128.0,290.0,243.0,164.0,182.0,1127.0,17,197,880304,4,171978803044
32.0,4.0,0.0,1.0,0.0,0.0,4.0,8.0,0.0,39.0,15.0,106.0,86.0,222.0,274.0,531.0,1322.0,17,197,880305,1,171978803051
4.0,5.0,0.0,7.0,3.0,0.0,5.0,18.0,48.0,0.0,160.0,132.0,120.0,136.0,425.0,369.0,1432.0,17,197,880305,2,171978803052
23.0,1.0,0.0,4.0,0.0,7.0,2.0,3.0,8.0,10.0,122.0,12.0,36.0,119.0,286.0,289.0,922.0,17,197,880305,3,171978803053
5.0,2.0,0.0,3.0,4.0,6.0,6.0,21.0,2.0,31.0,100.0,98.0,278.0,311.0,162.0,682.0,1711.0,17,197,880305,4,171978803054
199.0,3.0,1.0,1.0,25.0,167.0,36.0,71.0,3.0,66.0,96.0,187.0,278.0,156.0,116.0,536.0,1941.0,17,197,880306,1,171978803061
2.0,6.0,0.0,1.0,67.0,1.0,1.0,58.0,28.0,32.0,164.0,329.0,410.0,286.0,436.0,598.0,2419.0,17,197,880306,2,171978803062
11.0,0.0,137.0,47.0,139.0,91.0,46.0,4.0,43.0,102.0,162.0,286.0,304.0,668.0,553.0,400.0,2993.0,17,197,880306,3,171978803063
26.0,3.0,14.0,5.0,6.0,130.0,5.0,5.0,1.0,2.0,59.0,57.0,516.0,155.0,157.0,330.0,1471.0,17,197,880307,1,171978803071
181.0,109.0,90.0,25.0,7.0,22.0,0.0,19.0,53.0,41.0,447.0,254.0,257.0,79.0,163.0,77.0,1824.0,17,197,880307,2,171978803072
114.0,6.0,54.0,74.0,5.0,0.0,1.0,176.0,55.0,226.0,52.0,63.0,129.0,73.0,474.0,897.0,2399.0,17,197,880307,3,171978803073
2.0,18.0,0.0,1.0,109.0,5.0,2.0,261.0,0.0,0.0,154.0,203.0,474.0,240.0,850.0,389.0,2708.0,17,197,880308,1,171978803081
115.0,1.0,2.0,68.0,94.0,4.0,111.0,35.0,133.0,170.0,13.0,786.0,779.0,810.0,911.0,586.0,4618.0,17,197,880308,2,171978803082
0.0,0.0,1.0,3.0,1.0,3.0,1.0,8.0,1.0,0.0,59.0,41.0,130.0,153.0,558.0,415.0,1374.0,17,197,880308,3,171978803083
0.0,4.0,4.0,0.0,0.0,1.0,7.0,0.0,0.0,6.0,87.0,186.0,70.0,113.0,561.0,892.0,1931.0,17,197,880309,1,171978803091
0.0,4.0,4.0,15.0,17.0,10.0,9.0,3.0,2.0,102.0,68.0,92.0,153.0,130.0,65.0,206.0,880.0,17,197,880309,2,171978803092
6.0,3.0,5.0,3.0,26.0,1.0,1.0,0.0,30.0,1.0,1.0,5.0,360.0,318.0,330.0,78.0,1168.0,17,197,880309,3,171978803093
1.0,2.0,2.0,2.0,0.0,2.0,3.0,1.0,0.0,2.0,3.0,108.0,163.0,218.0,213.0,815.0,1535.0,17,197,880309,4,171978803094
156.0,24.0,158.0,195.0,133.0,36.0,138.0,172.0,627.0,906.0,642.0,1927.0,1385.0,2129.0,2303.0,1272.0,12203.0,17,197,880310,1,171978803101
120.0,3.0,2.0,36.0,24.0,20.0,4.0,0.0,4.0,58.0,739.0,361.0,614.0,914.0,1853.0,2199.0,6951.0,17,197,880312,1,171978803121
3.0,9.0,1.0,5.0,80.0,20.0,16.0,30.0,28.0,196.0,23.0,165.0,67.0,310.0,500.0,1348.0,2801.0,17,197,880312,2,171978803122
44.0,0.0,4.0,29.0,7.0,31.0,80.0,25.0,135.0,47.0,306.0,820.0,706.0,710.0,704.0,894.0,4542.0,17,197,880313,1,171978803131
118.0,10.0,0.0,59.0,211.0,271.0,40.0,204.0,185.0,415.0,1141.0,678.0,913.0,1133.0,1302.0,388.0,7068.0,17,197,880313,2,171978803132
12.0,4.0,4.0,9.0,12.0,51.0,10.0,1.0,23.0,125.0,127.0,154.0,263.0,87.0,171.0,384.0,1437.0,17,197,880314,1,171978803141
0.0,2.0,12.0,2.0,2.0,59.0,62.0,169.0,6.0,0.0,183.0,603.0,792.0,1358.0,1931.0,873.0,6054.0,17,197,880314,2,171978803142
465.0,5.0,80.0,56.0,32.0,73.0,143.0,201.0,429.0,1375.0,595.0,752.0,676.0,855.0,921.0,452.0,7110.0,17,197,880404,1,171978804041
5.0,8.0,89.0,24.0,4.0,7.0,62.0,10.0,122.0,72.0,264.0,202.0,183.0,66.0,91.0,84.0,1293.0,17,197,880404,2,171978804042
87.0,4.0,79.0,103.0,9.0,4.0,54.0,5.0,9.0,88.0,350.0,117.0,315.0,80.0,80.0,134.0,1518.0,17,197,880404,3,171978804043
38.0,3.0,5.0,2.0,7.0,6.0,0.0,23.0,34.0,0.0,179.0,147.0,190.0,287.0,129.0,323.0,1373.0,17,197,880404,4,171978804044
6.0,2.0,77.0,1.0,5.0,33.0,36.0,193.0,66.0,7.0,76.0,335.0,618.0,170.0,233.0,53.0,1911.0,17,197,880408,1,171978804081
208.0,3.0,9.0,141.0,25.0,20.0,36.0,63.0,114.0,67.0,106.0,401.0,510.0,37.0,126.0,48.0,1914.0,17,197,880408,2,171978804082
84.0,11.0,97.0,18.0,16.0,82.0,112.0,69.0,4.0,155.0,206.0,246.0,55.0,91.0,35.0,47.0,1328.0,17,197,880408,3,171978804083
5.0,10.0,1.0,201.0,176.0,2.0,236.0,4.0,222.0,393.0,85.0,367.0,508.0,1167.0,84.0,42.0,3503.0,17,197,880410,1,171978804101
62.0,48.0,5.0,34.0,0.0,94.0,77.0,428.0,32.0,314.0,1024.0,1182.0,842.0,448.0,490.0,29.0,5109.0,17,197,880410,2,171978804102
8.0,1.0,4.0,119.0,15.0,0.0,1.0,5.0,13.0,23.0,78.0,151.0,211.0,62.0,357.0,55.0,1103.0,17,197,880411,1,171978804111
0.0,4.0,5.0,5.0,15.0,32.0,42.0,0.0,39.0,96.0,172.0,246.0,336.0,331.0,242.0,296.0,1861.0,17,197,880411,2,171978804112
0.0,3.0,7.0,0.0,4.0,5.0,3.0,7.0,4.0,54.0,88.0,14.0,96.0,25.0,26.0,51.0,387.0,17,197,880411,3,171978804113
3.0,7.0,4.0,7.0,1.0,0.0,2.0,7.0,131.0,144.0,15.0,313.0,289.0,80.0,43.0,111.0,1157.0,17,197,880412,1,171978804121
3.0,35.0,3.0,44.0,17.0,1.0,0.0,86.0,4.0,9.0,322.0,243.0,64.0,31.0,23.0,42.0,927.0,17,197,880412,2,171978804122
3.0,41.0,6.0,0.0,3.0,15.0,38.0,38.0,0.0,324.0,118.0,486.0,433.0,179.0,184.0,282.0,2150.0,17,197,880412,3,171978804123
8.0,8.0,3.0,18.0,1.0,3.0,58.0,8.0,88.0,74.0,184.0,371.0,324.0,101.0,33.0,36.0,1318.0,17,197,880414,1,171978804141
29.0,4.0,22.0,13.0,25.0,190.0,4.0,0.0,71.0,65.0,167.0,123.0,83.0,63.0,242.0,57.0,1158.0,17,197,880414,2,171978804142
16.0,65.0,1.0,61.0,193.0,33.0,154.0,36.0,52.0,62.0,198.0,202.0,168.0,214.0,141.0,242.0,1838.0,17,197,880414,3,171978804143
15.0,16.0,47.0,247.0,261.0,66.0,5.0,282.0,354.0,635.0,1095.0,1250.0,761.0,322.0,742.0,239.0,6337.0,17,197,880415,1,171978804151
75.0,11.0,4.0,45.0,19.0,2.0,79.0,53.0,8.0,2.0,141.0,353.0,210.0,74.0,223.0,60.0,1359.0,17,197,880415,2,171978804152
2.0,9.0,0.0,2.0,37.0,98.0,6.0,6.0,32.0,314.0,243.0,187.0,57.0,59.0,80.0,86.0,1218.0,17,197,880416,1,171978804161
13.0,2.0,90.0,91.0,10.0,199.0,1.0,14.0,9.0,284.0,129.0,553.0,71.0,198.0,31.0,70.0,1765.0,17,197,880416,2,171978804162
9.0,17.0,42.0,0.0,6.0,10.0,0.0,48.0,74.0,28.0,150.0,164.0,95.0,55.0,229.0,121.0,1048.0,17,197,880417,1,171978804171
59.0,5.0,7.0,5.0,16.0,2.0,1.0,0.0,66.0,190.0,208.0,313.0,222.0,33.0,244.0,176.0,1547.0,17,197,880417,2,171978804172
3.0,0.0,0.0,2.0,2.0,1.0,47.0,1.0,3.0,98.0,86.0,193.0,115.0,119.0,517.0,249.0,1436.0,17,197,880418,1,171978804181
5.0,6.0,5.0,16.0,49.0,0.0,0.0,5.0,99.0,494.0,39.0,268.0,475.0,220.0,554.0,288.0,2523.0,17,197,880418,2,171978804182
9.0,5.0,3.0,3.0,9.0,2.0,49.0,21.0,79.0,65.0,51.0,136.0,243.0,175.0,309.0,83.0,1242.0,17,197,880418,3,171978804183
126.0,21.0,36.0,74.0,1.0,31.0,196.0,6.0,2.0,337.0,180.0,353.0,285.0,112.0,309.0,115.0,2184.0,17,197,880419,1,171978804191
4.0,3.0,6.0,98.0,123.0,3.0,166.0,50.0,295.0,744.0,589.0,2036.0,767.0,516.0,773.0,404.0,6577.0,17,197,880419,2,171978804192
147.0,0.0,2.0,2.0,64.0,64.0,204.0,2.0,58.0,47.0,778.0,1333.0,460.0,247.0,401.0,61.0,3870.0,17,197,880420,1,171978804201
96.0,3.0,255.0,71.0,224.0,36.0,0.0,174.0,281.0,401.0,1276.0,1336.0,758.0,1162.0,481.0,309.0,6863.0,17,197,880420,2,171978804202
3.0,2.0,235.0,7.0,0.0,31.0,1.0,84.0,93.0,8.0,102.0,643.0,553.0,584.0,688.0,512.0,3546.0,17,197,880421,1,171978804211
0.0,38.0,62.0,13.0,3.0,14.0,0.0,23.0,54.0,43.0,262.0,457.0,127.0,166.0,201.0,282.0,1745.0,17,197,880421,2,171978804212
3.0,4.0,7.0,98.0,1.0,4.0,33.0,22.0,57.0,82.0,69.0,110.0,48.0,44.0,101.0,88.0,771.0,17,197,880421,3,171978804213
3.0,0.0,1.0,16.0,19.0,191.0,63.0,0.0,98.0,45.0,193.0,261.0,361.0,69.0,66.0,190.0,1576.0,17,197,880502,1,171978805021
63.0,10.0,104.0,77.0,71.0,40.0,33.0,30.0,3.0,88.0,224.0,29.0,42.0,93.0,194.0,67.0,1168.0,17,197,880502,2,171978805022
166.0,2.0,2.0,17.0,6.0,1.0,16.0,5.0,24.0,58.0,106.0,412.0,157.0,24.0,97.0,54.0,1147.0,17,197,880502,3,171978805023
8.0,8.0,20.0,12.0,16.0,28.0,3.0,25.0,13.0,68.0,256.0,165.0,227.0,21.0,263.0,147.0,1280.0,17,197,880502,4,171978805024
7.0,12.0,41.0,144.0,99.0,13.0,32.0,19.0,275.0,227.0,113.0,516.0,132.0,14.0,20.0,69.0,1733.0,17,197,880503,1,171978805031
0.0,6.0,8.0,9.0,1.0,1.0,6.0,51.0,1.0,306.0,3.0,109.0,151.0,296.0,84.0,156.0,1188.0,17,197,880503,2,171978805032
22.0,58.0,121.0,21.0,31.0,44.0,85.0,127.0,4.0,157.0,81.0,98.0,48.0,66.0,24.0,62.0,1049.0,17,197,880503,3,171978805033
1.0,1.0,0.0,116.0,26.0,3.0,34.0,0.0,75.0,2.0,186.0,153.0,118.0,40.0,26.0,51.0,832.0,17,197,880505,1,171978805051
9.0,5.0,1.0,3.0,398.0,181.0,203.0,21.0,2.0,374.0,1007.0,1373.0,738.0,172.0,128.0,46.0,4661.0,17,197,880505,2,171978805052
4.0,1.0,0.0,0.0,0.0,1.0,1.0,5.0,180.0,45.0,210.0,136.0,166.0,145.0,37.0,39.0,970.0,17,197,880505,3,171978805053
1.0,18.0,41.0,0.0,41.0,61.0,22.0,22.0,64.0,300.0,145.0,189.0,42.0,100.0,133.0,47.0,1226.0,17,197,880505,4,171978805054
578.0,0.0,87.0,66.0,4.0,215.0,271.0,375.0,76.0,797.0,631.0,1276.0,952.0,304.0,107.0,195.0,5934.0,17,197,880507,1,171978805071
75.0,129.0,58.0,57.0,9.0,327.0,57.0,72.0,20.0,143.0,148.0,140.0,85.0,64.0,51.0,42.0,1477.0,17,197,880507,2,171978805072
1.0,19.0,195.0,15.0,20.0,115.0,125.0,48.0,61.0,157.0,96.0,250.0,252.0,291.0,97.0,197.0,1939.0,17,197,880601,1,171978806011
0.0,0.0,2.0,14.0,2.0,64.0,47.0,67.0,57.0,82.0,51.0,330.0,105.0,190.0,156.0,74.0,1241.0,17,197,880601,2,171978806012
33.0,0.0,6.0,42.0,10.0,109.0,6.0,75.0,36.0,46.0,66.0,205.0,10.0,76.0,46.0,76.0,842.0,17,197,880602,1,171978806021
2.0,29.0,89.0,70.0,55.0,6.0,89.0,7.0,0.0,100.0,112.0,393.0,90.0,144.0,92.0,53.0,1331.0,17,197,880602,2,171978806022
105.0,4.0,134.0,111.0,7.0,13.0,1.0,5.0,6.0,69.0,106.0,57.0,164.0,186.0,187.0,84.0,1239.0,17,197,880602,3,171978806023
177.0,1.0,40.0,118.0,78.0,3.0,199.0,148.0,54.0,148.0,463.0,356.0,322.0,301.0,88.0,105.0,2601.0,17,197,880701,1,171978807011
85.0,26.0,189.0,13.0,58.0,174.0,0.0,45.0,42.0,210.0,84.0,358.0,284.0,99.0,154.0,135.0,1956.0,17,197,880701,2,171978807012
56.0,89.0,38.0,145.0,38.0,109.0,73.0,9.0,1.0,36.0,284.0,99.0,12.0,15.0,24.0,149.0,1177.0,17,197,880702,1,171978807021
13.0,0.0,0.0,2.0,3.0,10.0,81.0,3.0,3.0,193.0,150.0,90.0,6.0,60.0,91.0,66.0,771.0,17,197,880702,2,171978807022
49.0,106.0,4.0,94.0,68.0,1.0,50.0,61.0,87.0,5.0,82.0,77.0,88.0,2.0,45.0,49.0,868.0,17,197,880702,3,171978807023
251.0,209.0,220.0,200.0,463.0,278.0,208.0,209.0,375.0,268.0,482.0,701.0,255.0,295.0,88.0,64.0,4566.0,17,197,880901,1,171978809011
10.0,2.0,153.0,5.0,5.0,12.0,175.0,55.0,0.0,74.0,321.0,318.0,228.0,170.0,111.0,62.0,1701.0,17,197,880901,2,171978809012
264.0,93.0,164.0,136.0,96.0,127.0,173.0,18.0,96.0,68.0,30.0,66.0,12.0,54.0,55.0,48.0,1500.0,17,197,880903,1,171978809031
59.0,92.0,4.0,0.0,203.0,23.0,74.0,50.0,7.0,231.0,59.0,135.0,43.0,46.0,41.0,32.0,1099.0,17,197,880903,2,171978809032
10.0,43.0,5.0,10.0,18.0,8.0,25.0,164.0,20.0,133.0,124.0,168.0,202.0,152.0,63.0,63.0,1208.0,17,197,880905,1,171978809051
6.0,24.0,113.0,6.0,11.0,7.0,72.0,92.0,34.0,200.0,260.0,216.0,58.0,2.0,68.0,64.0,1233.0,17,197,880905,2,171978809052
2.0,4.0,66.0,81.0,92.0,29.0,11.0,21.0,1.0,58.0,153.0,64.0,193.0,127.0,69.0,79.0,1050.0,17,197,881001,1,171978810011
26.0,2.0,14.0,10.0,0.0,7.0,8.0,181.0,1.0,157.0,233.0,223.0,349.0,157.0,161.0,269.0,1798.0,17,197,881001,2,171978810012
12.0,3.0,53.0,5.0,0.0,14.0,12.0,27.0,2.0,7.0,82.0,224.0,397.0,48.0,186.0,150.0,1222.0,17,197,881001,3,171978810013
30.0,3.0,11.0,5.0,9.0,5.0,38.0,99.0,22.0,57.0,148.0,163.0,116.0,130.0,105.0,130.0,1071.0,17,197,881001,4,171978810014
4.0,4.0,0.0,23.0,0.0,42.0,3.0,1.0,33.0,84.0,188.0,224.0,165.0,126.0,55.0,54.0,1006.0,17,197,881002,1,171978810021
60.0,3.0,0.0,3.0,7.0,1.0,44.0,69.0,60.0,100.0,25.0,98.0,239.0,68.0,136.0,122.0,1035.0,17,197,881002,2,171978810022
26.0,2.0,4.0,23.0,1.0,80.0,30.0,0.0,0.0,43.0,68.0,327.0,342.0,253.0,135.0,162.0,1496.0,17,197,881002,3,171978810023
36.0,192.0,144.0,56.0,48.0,18.0,14.0,5.0,4.0,64.0,114.0,301.0,160.0,172.0,206.0,152.0,1686.0,17,197,881002,4,171978810024
8.0,6.0,5.0,34.0,8.0,28.0,2.0,28.0,3.0,67.0,19.0,290.0,179.0,180.0,377.0,135.0,1369.0,17,197,881005,1,171978810051
2.0,3.0,30.0,0.0,1.0,51.0,45.0,29.0,12.0,14.0,233.0,65.0,216.0,163.0,187.0,95.0,1146.0,17,197,881005,2,171978810052
0.0,10.0,6.0,1.0,1.0,33.0,6.0,11.0,45.0,33.0,23.0,94.0,237.0,57.0,143.0,159.0,859.0,17,197,881005,3,171978810053
15.0,4.0,0.0,5.0,95.0,28.0,30.0,77.0,29.0,40.0,154.0,318.0,122.0,115.0,91.0,117.0,1240.0,17,197,881006,1,171978810061
10.0,0.0,19.0,5.0,28.0,21.0,11.0,5.0,5.0,95.0,157.0,349.0,186.0,164.0,229.0,63.0,1347.0,17,197,881006,2,171978810062
3.0,0.0,2.0,27.0,0.0,48.0,87.0,46.0,111.0,11.0,318.0,714.0,419.0,261.0,438.0,556.0,3041.0,17,197,881007,1,171978810071
88.0,7.0,4.0,33.0,147.0,17.0,90.0,102.0,74.0,88.0,491.0,215.0,549.0,452.0,304.0,350.0,3011.0,17,197,881007,2,171978810072
31.0,32.0,27.0,260.0,108.0,42.0,12.0,3.0,32.0,192.0,183.0,471.0,949.0,195.0,303.0,488.0,3328.0,17,197,881009,1,171978810091
0.0,3.0,20.0,74.0,2.0,6.0,143.0,41.0,33.0,553.0,895.0,572.0,718.0,163.0,472.0,257.0,3952.0,17,197,881009,2,171978810092
38.0,1.0,67.0,67.0,152.0,95.0,205.0,319.0,106.0,267.0,343.0,515.0,539.0,236.0,297.0,322.0,3569.0,17,197,881010,1,171978810101
16.0,5.0,0.0,98.0,1.0,68.0,17.0,28.0,21.0,128.0,315.0,213.0,78.0,188.0,86.0,139.0,1401.0,17,197,881011,1,171978810111
82.0,5.0,106.0,49.0,2.0,62.0,12.0,32.0,30.0,39.0,94.0,220.0,302.0,163.0,248.0,121.0,1567.0,17,197,881011,2,171978810112
4.0,4.0,0.0,3.0,4.0,5.0,72.0,1.0,8.0,63.0,110.0,206.0,120.0,105.0,205.0,61.0,971.0,17,197,881012,1,171978810121
2.0,7.0,0.0,1.0,4.0,3.0,4.0,4.0,1.0,10.0,71.0,93.0,169.0,332.0,215.0,217.0,1133.0,17,197,881012,2,171978810122
7.0,11.0,40.0,2.0,12.0,6.0,34.0,19.0,1.0,44.0,53.0,221.0,150.0,223.0,116.0,59.0,998.0,17,197,881012,3,171978810123
143.0,34.0,3.0,60.0,133.0,1.0,2.0,36.0,97.0,192.0,169.0,323.0,124.0,99.0,325.0,321.0,2062.0,17,197,881105,1,171978811051
10.0,1.0,8.0,13.0,30.0,8.0,30.0,83.0,18.0,0.0,160.0,195.0,141.0,367.0,190.0,220.0,1474.0,17,197,881105,2,171978811052
4.0,5.0,32.0,2.0,4.0,4.0,68.0,6.0,54.0,248.0,16.0,208.0,320.0,360.0,339.0,795.0,2465.0,17,197,881105,3,171978811053
52.0,84.0,13.0,84.0,9.0,96.0,88.0,0.0,6.0,91.0,152.0,369.0,179.0,126.0,158.0,103.0,1610.0,17,197,881107,1,171978811071
47.0,5.0,33.0,100.0,17.0,2.0,76.0,37.0,47.0,77.0,115.0,262.0,229.0,109.0,151.0,36.0,1343.0,17,197,881107,2,171978811072
105.0,33.0,42.0,60.0,152.0,113.0,90.0,6.0,114.0,216.0,484.0,872.0,652.0,408.0,561.0,407.0,4315.0,17,197,881108,1,171978811081
5.0,0.0,4.0,15.0,140.0,1.0,118.0,48.0,73.0,21.0,198.0,111.0,170.0,376.0,250.0,211.0,1741.0,17,197,881108,2,171978811082
1.0,4.0,15.0,19.0,25.0,1.0,65.0,34.0,1.0,54.0,79.0,496.0,132.0,200.0,174.0,52.0,1352.0,17,197,881109,1,171978811091
0.0,22.0,0.0,15.0,6.0,6.0,15.0,115.0,53.0,88.0,135.0,101.0,11.0,32.0,48.0,43.0,690.0,17,197,881109,2,171978811092
1.0,58.0,1.0,1.0,2.0,68.0,146.0,3.0,1.0,70.0,385.0,186.0,951.0,233.0,227.0,429.0,2762.0,17,197,881109,3,171978811093
29.0,12.0,1.0,53.0,23.0,34.0,17.0,29.0,28.0,108.0,117.0,100.0,38.0,68.0,194.0,57.0,908.0,17,197,881111,1,171978811111
5.0,54.0,34.0,2.0,3.0,3.0,1.0,10.0,1.0,4.0,2.0,151.0,309.0,125.0,316.0,449.0,1469.0,17,197,881111,2,171978811112
0.0,7.0,3.0,3.0,1.0,56.0,20.0,10.0,99.0,9.0,352.0,210.0,133.0,53.0,99.0,121.0,1176.0,17,197,881111,3,171978811113
7.0,2.0,0.0,10.0,50.0,16.0,70.0,8.0,14.0,142.0,96.0,392.0,405.0,250.0,73.0,201.0,1736.0,17,197,881112,1,171978811121
16.0,38.0,77.0,138.0,184.0,2.0,132.0,36.0,114.0,56.0,454.0,646.0,514.0,360.0,419.0,243.0,3429.0,17,197,881112,2,171978811122
17.0,0.0,30.0,3.0,1.0,31.0,0.0,1.0,12.0,203.0,84.0,223.0,153.0,64.0,160.0,185.0,1167.0,17,197,881113,1,171978811131
2.0,7.0,0.0,1.0,2.0,1.0,84.0,25.0,60.0,75.0,11.0,78.0,155.0,88.0,122.0,155.0,866.0,17,197,881113,2,171978811132
12.0,155.0,37.0,17.0,0.0,7.0,35.0,26.0,1.0,37.0,116.0,477.0,221.0,79.0,237.0,239.0,1696.0,17,197,881113,3,171978811133
54.0,3.0,45.0,83.0,248.0,64.0,87.0,5.0,99.0,32.0,153.0,115.0,240.0,225.0,380.0,177.0,2010.0,17,197,881115,1,171978811151
6.0,1.0,2.0,25.0,6.0,5.0,8.0,70.0,88.0,17.0,102.0,298.0,107.0,195.0,69.0,68.0,1067.0,17,197,881115,2,171978811152
16.0,1.0,32.0,0.0,4.0,3.0,1.0,88.0,1.0,90.0,38.0,219.0,408.0,92.0,132.0,202.0,1327.0,17,197,881115,3,171978811153
8.0,127.0,4.0,4.0,1.0,79.0,57.0,59.0,70.0,123.0,131.0,255.0,404.0,253.0,516.0,258.0,2349.0,17,197,881116,1,171978811161
1.0,2.0,2.0,7.0,100.0,95.0,0.0,69.0,3.0,205.0,43.0,199.0,368.0,394.0,175.0,102.0,1765.0,17,197,881116,2,171978811162
556.0,39.0,82.0,77.0,93.0,135.0,111.0,70.0,11.0,14.0,63.0,49.0,210.0,33.0,20.0,50.0,1613.0,17,197,881200,1,171978812001
63.0,65.0,85.0,3.0,91.0,33.0,17.0,9.0,1.0,97.0,96.0,184.0,20.0,21.0,37.0,112.0,934.0,17,197,881200,2,171978812002
0.0,37.0,82.0,91.0,72.0,86.0,69.0,70.0,8.0,80.0,95.0,292.0,214.0,39.0,25.0,118.0,1378.0,17,197,881200,3,171978812003
198.0,35.0,82.0,69.0,145.0,15.0,94.0,69.0,9.0,10.0,85.0,131.0,93.0,53.0,44.0,48.0,1180.0,17,197,881200,4,171978812004
121.0,21.0,55.0,76.0,194.0,55.0,3.0,18.0,65.0,136.0,36.0,136.0,151.0,15.0,36.0,56.0,1174.0,17,197,881301,1,171978813011
39.0,75.0,197.0,235.0,200.0,264.0,174.0,37.0,36.0,1.0,226.0,106.0,41.0,19.0,62.0,62.0,1774.0,17,197,881301,2,171978813012
6.0,83.0,105.0,61.0,3.0,145.0,94.0,14.0,59.0,34.0,103.0,40.0,131.0,9.0,55.0,58.0,1000.0,17,197,881302,1,171978813021
49.0,8.0,60.0,186.0,90.0,1.0,0.0,32.0,19.0,120.0,41.0,5.0,70.0,0.0,31.0,52.0,764.0,17,197,881302,2,171978813022
7.0,0.0,40.0,138.0,108.0,20.0,133.0,61.0,102.0,54.0,75.0,33.0,19.0,21.0,26.0,65.0,902.0,17,197,881401,1,171978814011
16.0,0.0,13.0,26.0,18.0,3.0,78.0,68.0,3.0,40.0,141.0,55.0,11.0,14.0,30.0,45.0,561.0,17,197,881401,2,171978814012
34.0,1.0,37.0,12.0,2.0,205.0,228.0,182.0,4.0,154.0,202.0,164.0,14.0,92.0,42.0,62.0,1435.0,17,197,881401,3,171978814013
26.0,10.0,12.0,30.0,64.0,80.0,31.0,66.0,7.0,156.0,86.0,262.0,105.0,42.0,24.0,61.0,1062.0,17,197,881402,1,171978814021
38.0,9.0,62.0,97.0,3.0,72.0,6.0,37.0,25.0,17.0,152.0,101.0,56.0,41.0,29.0,43.0,788.0,17,197,881402,2,171978814022
10.0,67.0,78.0,3.0,3.0,190.0,38.0,5.0,1.0,15.0,41.0,228.0,45.0,76.0,24.0,103.0,927.0,17,197,881402,3,171978814023
55.0,0.0,31.0,26.0,11.0,102.0,89.0,4.0,148.0,143.0,137.0,225.0,124.0,63.0,67.0,103.0,1328.0,17,197,881500,1,171978815001
0.0,0.0,10.0,43.0,4.0,18.0,2.0,56.0,72.0,44.0,264.0,127.0,139.0,183.0,28.0,56.0,1046.0,17,197,881500,2,171978815002
48.0,4.0,70.0,3.0,5.0,1.0,39.0,12.0,100.0,3.0,52.0,137.0,110.0,108.0,94.0,44.0,830.0,17,197,881500,3,171978815003
3.0,2.0,12.0,2.0,55.0,0.0,1.0,2.0,9.0,24.0,47.0,129.0,58.0,127.0,122.0,135.0,728.0,17,197,881601,1,171978816011
20.0,85.0,25.0,1.0,100.0,93.0,31.0,11.0,1.0,85.0,94.0,210.0,120.0,69.0,80.0,51.0,1076.0,17,197,881601,2,171978816012
8.0,7.0,0.0,4.0,89.0,14.0,30.0,116.0,22.0,39.0,209.0,292.0,269.0,5.0,24.0,88.0,1216.0,17,197,881603,1,171978816031
63.0,162.0,137.0,173.0,197.0,23.0,148.0,118.0,180.0,231.0,210.0,67.0,27.0,24.0,57.0,42.0,1859.0,17,197,881603,2,171978816032
23.0,0.0,0.0,3.0,6.0,35.0,3.0,36.0,0.0,165.0,124.0,519.0,120.0,115.0,56.0,51.0,1256.0,17,197,881604,1,171978816041
106.0,52.0,58.0,48.0,263.0,64.0,138.0,102.0,16.0,108.0,159.0,183.0,26.0,69.0,19.0,33.0,1444.0,17,197,881604,2,171978816042
12.0,31.0,6.0,37.0,10.0,6.0,26.0,11.0,1.0,91.0,39.0,59.0,67.0,30.0,54.0,42.0,522.0,17,197,881700,1,171978817001
51.0,18.0,3.0,21.0,75.0,15.0,67.0,10.0,42.0,47.0,168.0,202.0,87.0,139.0,85.0,135.0,1165.0,17,197,881700,2,171978817002
39.0,5.0,0.0,2.0,82.0,43.0,44.0,0.0,8.0,44.0,156.0,300.0,99.0,119.0,195.0,98.0,1234.0,17,197,881700,3,171978817003
5.0,80.0,2.0,177.0,205.0,2.0,6.0,101.0,121.0,65.0,128.0,212.0,123.0,5.0,147.0,41.0,1420.0,17,197,881800,1,171978818001
31.0,6.0,65.0,23.0,12.0,74.0,15.0,23.0,1.0,216.0,88.0,50.0,13.0,31.0,30.0,50.0,728.0,17,197,881800,2,171978818002
0.0,47.0,1.0,2.0,51.0,148.0,69.0,94.0,2.0,3.0,74.0,18.0,16.0,28.0,44.0,44.0,641.0,17,197,881800,3,171978818003
14.0,11.0,76.0,123.0,18.0,1.0,128.0,74.0,7.0,177.0,85.0,235.0,77.0,67.0,19.0,48.0,1160.0,17,197,881800,4,171978818004
19.0,2.0,107.0,269.0,2.0,122.0,22.0,16.0,110.0,39.0,227.0,226.0,11.0,20.0,44.0,48.0,1284.0,17,197,881900,1,171978819001
128.0,28.0,13.0,90.0,0.0,43.0,1.0,52.0,8.0,26.0,10.0,70.0,8.0,14.0,46.0,79.0,616.0,17,197,881900,2,171978819002
409.0,0.0,5.0,0.0,1.0,15.0,5.0,4.0,5.0,1.0,0.0,6.0,11.0,10.0,18.0,44.0,534.0,17,197,881900,3,171978819003
216.0,57.0,178.0,120.0,1.0,153.0,58.0,2.0,110.0,2.0,90.0,56.0,26.0,9.0,21.0,110.0,1209.0,17,197,881900,4,171978819004
83.0,9.0,194.0,164.0,7.0,36.0,170.0,13.0,56.0,30.0,136.0,88.0,15.0,10.0,33.0,49.0,1093.0,17,197,882000,1,171978820001
75.0,2.0,119.0,3.0,186.0,10.0,38.0,71.0,3.0,36.0,28.0,36.0,7.0,68.0,63.0,67.0,812.0,17,197,882000,2,171978820002
317.0,137.0,44.0,48.0,19.0,0.0,20.0,4.0,0.0,33.0,9.0,5.0,41.0,0.0,47.0,61.0,785.0,17,197,882000,3,171978820003
9.0,8.0,120.0,218.0,0.0,83.0,32.0,27.0,56.0,67.0,208.0,115.0,130.0,28.0,92.0,43.0,1236.0,17,197,882100,1,171978821001
204.0,159.0,143.0,163.0,49.0,39.0,34.0,28.0,85.0,93.0,57.0,187.0,0.0,76.0,51.0,48.0,1416.0,17,197,882100,2,171978821002
1.0,74.0,5.0,59.0,3.0,3.0,87.0,52.0,53.0,14.0,11.0,28.0,9.0,10.0,22.0,52.0,483.0,17,197,882200,1,171978822001
53.0,68.0,0.0,62.0,7.0,1.0,8.0,1.0,92.0,61.0,69.0,117.0,39.0,13.0,48.0,40.0,679.0,17,197,882200,2,171978822002
18.0,58.0,197.0,366.0,55.0,168.0,88.0,315.0,85.0,108.0,176.0,339.0,144.0,101.0,40.0,45.0,2303.0,17,197,882200,3,171978822003
128.0,61.0,159.0,0.0,114.0,92.0,22.0,98.0,24.0,8.0,103.0,114.0,13.0,17.0,36.0,58.0,1047.0,17,197,882200,4,171978822004
59.0,9.0,87.0,88.0,146.0,61.0,4.0,144.0,142.0,76.0,149.0,366.0,142.0,72.0,24.0,54.0,1623.0,17,197,882300,1,171978823001
21.0,15.0,56.0,82.0,61.0,235.0,150.0,16.0,50.0,104.0,233.0,142.0,105.0,85.0,14.0,56.0,1425.0,17,197,882300,2,171978823002
97.0,73.0,124.0,17.0,86.0,191.0,41.0,7.0,2.0,122.0,87.0,173.0,13.0,13.0,36.0,48.0,1130.0,17,197,882300,3,171978823003
130.0,1.0,99.0,110.0,126.0,32.0,231.0,229.0,173.0,51.0,106.0,141.0,73.0,55.0,46.0,60.0,1663.0,17,197,882400,1,171978824001
27.0,153.0,2.0,77.0,79.0,7.0,35.0,52.0,1.0,42.0,267.0,141.0,21.0,86.0,28.0,50.0,1068.0,17,197,882400,2,171978824002
47.0,4.0,56.0,229.0,1.0,46.0,68.0,0.0,23.0,1.0,54.0,98.0,56.0,35.0,34.0,53.0,805.0,17,197,882400,3,171978824003
372.0,262.0,118.0,50.0,91.0,85.0,43.0,6.0,4.0,31.0,17.0,28.0,78.0,8.0,24.0,47.0,1264.0,17,197,882500,1,171978825001
66.0,38.0,79.0,51.0,1.0,5.0,114.0,5.0,142.0,66.0,54.0,186.0,20.0,68.0,27.0,59.0,981.0,17,197,882500,2,171978825002
71.0,0.0,60.0,24.0,4.0,3.0,35.0,33.0,82.0,51.0,102.0,276.0,132.0,24.0,111.0,74.0,1082.0,17,197,882601,1,171978826011
0.0,3.0,8.0,53.0,1.0,2.0,0.0,113.0,11.0,12.0,359.0,70.0,166.0,99.0,157.0,64.0,1118.0,17,197,882601,2,171978826012
5.0,67.0,67.0,40.0,8.0,49.0,19.0,65.0,164.0,99.0,70.0,218.0,175.0,45.0,110.0,61.0,1262.0,17,197,882601,3,171978826013
15.0,141.0,310.0,232.0,1.0,110.0,1.0,137.0,4.0,11.0,56.0,151.0,36.0,129.0,34.0,45.0,1413.0,17,197,882602,1,171978826021
23.0,40.0,259.0,38.0,178.0,247.0,46.0,190.0,105.0,257.0,85.0,130.0,74.0,48.0,52.0,44.0,1816.0,17,197,882602,2,171978826022
8.0,0.0,10.0,0.0,2.0,6.0,5.0,2.0,0.0,156.0,23.0,81.0,28.0,120.0,89.0,113.0,643.0,17,197,882701,1,171978827011
22.0,24.0,4.0,119.0,14.0,22.0,51.0,89.0,73.0,86.0,386.0,451.0,222.0,70.0,75.0,65.0,1773.0,17,197,882701,2,171978827012
14.0,69.0,69.0,5.0,1.0,86.0,51.0,90.0,1.0,135.0,26.0,68.0,55.0,33.0,58.0,45.0,806.0,17,197,882702,1,171978827021
2.0,8.0,53.0,148.0,0.0,273.0,8.0,11.0,345.0,1.0,55.0,175.0,15.0,22.0,27.0,58.0,1201.0,17,197,882702,2,171978827022
8.0,41.0,177.0,2.0,96.0,24.0,1.0,12.0,113.0,84.0,26.0,59.0,225.0,14.0,57.0,42.0,981.0,17,197,882702,3,171978827023
174.0,39.0,93.0,50.0,110.0,27.0,149.0,14.0,52.0,72.0,144.0,199.0,62.0,52.0,64.0,49.0,1350.0,17,197,882801,1,171978828011
115.0,8.0,1.0,19.0,219.0,36.0,99.0,11.0,35.0,25.0,176.0,92.0,85.0,36.0,35.0,60.0,1052.0,17,197,882801,2,171978828012
43.0,2.0,75.0,60.0,24.0,27.0,7.0,65.0,5.0,212.0,338.0,19.0,129.0,32.0,37.0,51.0,1126.0,17,197,882802,1,171978828021
7.0,0.0,85.0,114.0,158.0,2.0,6.0,1.0,130.0,468.0,32.0,84.0,2.0,40.0,31.0,43.0,1203.0,17,197,882802,2,171978828022
77.0,40.0,116.0,88.0,0.0,50.0,8.0,29.0,17.0,47.0,28.0,12.0,11.0,14.0,27.0,56.0,620.0,17,197,882802,3,171978828023
35.0,5.0,2.0,72.0,90.0,48.0,37.0,69.0,6.0,163.0,138.0,156.0,65.0,64.0,43.0,71.0,1064.0,17,197,882900,1,171978829001
84.0,47.0,58.0,42.0,0.0,61.0,17.0,46.0,76.0,113.0,238.0,133.0,162.0,51.0,54.0,98.0,1280.0,17,197,882900,2,171978829002
86.0,2.0,98.0,10.0,85.0,0.0,102.0,29.0,11.0,58.0,95.0,77.0,82.0,29.0,41.0,52.0,857.0,17,197,883000,1,171978830001
1.0,6.0,51.0,0.0,0.0,6.0,16.0,32.0,1.0,164.0,76.0,82.0,42.0,136.0,29.0,100.0,742.0,17,197,883000,2,171978830002
136.0,139.0,133.0,53.0,61.0,6.0,5.0,95.0,6.0,200.0,266.0,146.0,72.0,78.0,22.0,45.0,1463.0,17,197,883000,3,171978830003
107.0,176.0,137.0,21.0,49.0,138.0,82.0,77.0,67.0,143.0,270.0,346.0,93.0,18.0,62.0,43.0,1829.0,17,197,883100,1,171978831001
7.0,1.0,41.0,68.0,100.0,48.0,34.0,34.0,19.0,69.0,128.0,174.0,117.0,118.0,94.0,53.0,1105.0,17,197,883100,2,171978831002
133.0,13.0,55.0,74.0,35.0,27.0,39.0,110.0,58.0,198.0,73.0,99.0,135.0,20.0,64.0,76.0,1209.0,17,197,883100,3,171978831003
104.0,5.0,12.0,1.0,31.0,207.0,39.0,62.0,0.0,69.0,158.0,157.0,316.0,205.0,25.0,201.0,1592.0,17,197,883206,1,171978832061
86.0,21.0,4.0,1.0,91.0,87.0,107.0,78.0,67.0,181.0,182.0,211.0,121.0,53.0,22.0,99.0,1411.0,17,197,883206,2,171978832062
2.0,91.0,5.0,15.0,128.0,10.0,0.0,117.0,65.0,232.0,103.0,137.0,155.0,16.0,196.0,47.0,1319.0,17,197,883206,3,171978832063
78.0,57.0,81.0,90.0,19.0,33.0,27.0,18.0,52.0,283.0,2.0,236.0,148.0,58.0,20.0,178.0,1380.0,17,197,883208,1,171978832081
72.0,88.0,23.0,45.0,36.0,90.0,15.0,193.0,86.0,186.0,240.0,254.0,96.0,92.0,29.0,48.0,1593.0,17,197,883208,2,171978832082
5.0,70.0,5.0,6.0,7.0,24.0,4.0,1.0,4.0,21.0,236.0,197.0,158.0,89.0,301.0,200.0,1328.0,17,197,883209,1,171978832091
3.0,5.0,113.0,68.0,0.0,102.0,15.0,4.0,0.0,54.0,92.0,31.0,90.0,82.0,100.0,46.0,805.0,17,197,883209,2,171978832092
5.0,0.0,20.0,4.0,7.0,10.0,160.0,12.0,37.0,172.0,32.0,89.0,227.0,165.0,115.0,39.0,1094.0,17,197,883209,3,171978832093
125.0,61.0,34.0,81.0,28.0,55.0,48.0,41.0,12.0,32.0,24.0,89.0,65.0,74.0,150.0,239.0,1158.0,17,197,883210,1,171978832101
0.0,14.0,69.0,28.0,68.0,87.0,43.0,0.0,33.0,320.0,0.0,209.0,75.0,64.0,53.0,195.0,1258.0,17,197,883210,2,171978832102
8.0,4.0,0.0,68.0,8.0,49.0,87.0,421.0,6.0,87.0,519.0,472.0,321.0,242.0,103.0,115.0,2510.0,17,197,883211,1,171978832111
6.0,21.0,17.0,80.0,47.0,25.0,166.0,32.0,4.0,87.0,169.0,461.0,222.0,273.0,141.0,60.0,1811.0,17,197,883211,2,171978832112
8.0,21.0,8.0,21.0,106.0,10.0,121.0,31.0,61.0,221.0,139.0,237.0,408.0,140.0,100.0,58.0,1690.0,17,197,883211,3,171978832113
239.0,1.0,299.0,129.0,51.0,57.0,206.0,61.0,16.0,142.0,661.0,1118.0,924.0,866.0,471.0,601.0,5842.0,17,197,883212,1,171978832121
71.0,2.0,29.0,117.0,5.0,3.0,9.0,62.0,57.0,206.0,128.0,383.0,145.0,485.0,232.0,90.0,2024.0,17,197,883213,1,171978832131
1.0,5.0,0.0,3.0,1.0,0.0,28.0,4.0,20.0,108.0,31.0,134.0,212.0,235.0,122.0,337.0,1241.0,17,197,883213,2,171978832132
88.0,242.0,33.0,24.0,14.0,144.0,12.0,66.0,16.0,82.0,187.0,299.0,268.0,250.0,326.0,178.0,2229.0,17,197,883213,3,171978832133
4.0,65.0,209.0,171.0,127.0,19.0,67.0,217.0,46.0,88.0,387.0,494.0,233.0,150.0,193.0,158.0,2628.0,17,197,883214,1,171978832141
63.0,113.0,206.0,188.0,114.0,156.0,141.0,422.0,362.0,801.0,847.0,1854.0,2253.0,1443.0,949.0,445.0,10357.0,17,197,883215,1,171978832151
28.0,4.0,3.0,4.0,2.0,26.0,1.0,4.0,6.0,81.0,17.0,193.0,239.0,123.0,162.0,120.0,1013.0,17,197,883216,1,171978832161
1.0,2.0,5.0,23.0,4.0,117.0,19.0,0.0,23.0,4.0,144.0,204.0,178.0,69.0,41.0,37.0,871.0,17,197,883216,2,171978832162
4.0,0.0,1.0,12.0,31.0,105.0,47.0,0.0,24.0,12.0,58.0,271.0,121.0,82.0,152.0,95.0,1015.0,17,197,883216,3,171978832163
0.0,0.0,13.0,15.0,7.0,13.0,31.0,1.0,38.0,10.0,158.0,225.0,256.0,152.0,154.0,132.0,1205.0,17,197,883303,1,171978833031
11.0,9.0,0.0,16.0,13.0,1.0,39.0,55.0,103.0,153.0,179.0,623.0,501.0,367.0,306.0,198.0,2574.0,17,197,883303,2,171978833032
53.0,40.0,48.0,84.0,16.0,5.0,30.0,102.0,75.0,67.0,306.0,286.0,241.0,98.0,125.0,192.0,1768.0,17,197,883304,1,171978833041
2.0,1.0,3.0,17.0,0.0,1.0,62.0,4.0,8.0,228.0,173.0,266.0,163.0,201.0,249.0,150.0,1528.0,17,197,883305,1,171978833051
2.0,1.0,3.0,8.0,3.0,52.0,24.0,20.0,31.0,55.0,4.0,307.0,322.0,201.0,236.0,120.0,1389.0,17,197,883305,2,171978833052
20.0,7.0,4.0,13.0,90.0,145.0,54.0,3.0,35.0,84.0,169.0,522.0,703.0,354.0,394.0,133.0,2730.0,17,197,883306,1,171978833061
1.0,1.0,2.0,49.0,24.0,38.0,55.0,93.0,3.0,0.0,100.0,328.0,129.0,64.0,33.0,57.0,977.0,17,197,883306,2,171978833062
1.0,126.0,74.0,155.0,142.0,118.0,73.0,9.0,72.0,159.0,249.0,279.0,370.0,176.0,118.0,174.0,2295.0,17,197,883307,1,171978833071
7.0,29.0,1.0,15.0,169.0,0.0,82.0,60.0,171.0,6.0,284.0,375.0,227.0,113.0,154.0,107.0,1800.0,17,197,883307,2,171978833072
88.0,5.0,9.0,0.0,86.0,5.0,3.0,33.0,32.0,110.0,141.0,113.0,66.0,10.0,30.0,67.0,798.0,17,197,883401,1,171978834011
2.0,35.0,104.0,39.0,34.0,6.0,11.0,15.0,2.0,39.0,184.0,249.0,110.0,79.0,134.0,54.0,1097.0,17,197,883401,2,171978834012
9.0,129.0,117.0,49.0,70.0,2.0,25.0,21.0,16.0,214.0,1.0,3.0,46.0,99.0,29.0,43.0,873.0,17,197,883401,3,171978834013
34.0,73.0,17.0,22.0,4.0,1.0,29.0,47.0,103.0,49.0,92.0,42.0,149.0,86.0,67.0,60.0,875.0,17,197,883401,4,171978834014
3.0,66.0,2.0,2.0,15.0,82.0,5.0,94.0,49.0,24.0,106.0,103.0,38.0,15.0,72.0,77.0,753.0,17,197,883402,1,171978834021
89.0,19.0,42.0,45.0,18.0,93.0,33.0,47.0,101.0,228.0,251.0,145.0,110.0,120.0,68.0,86.0,1495.0,17,197,883402,2,171978834022
32.0,0.0,11.0,162.0,20.0,57.0,114.0,32.0,8.0,100.0,87.0,458.0,397.0,249.0,493.0,415.0,2635.0,17,197,883504,1,171978835041
11.0,1.0,7.0,24.0,27.0,3.0,15.0,3.0,21.0,79.0,62.0,163.0,17.0,73.0,111.0,171.0,788.0,17,197,883504,2,171978835042
2.0,13.0,34.0,158.0,40.0,53.0,95.0,4.0,103.0,175.0,64.0,160.0,186.0,141.0,127.0,70.0,1425.0,17,197,883504,3,171978835043
2.0,3.0,10.0,9.0,6.0,172.0,0.0,0.0,28.0,4.0,45.0,155.0,408.0,351.0,482.0,127.0,1802.0,17,197,883505,1,171978835051
350.0,43.0,36.0,97.0,22.0,5.0,52.0,80.0,2.0,28.0,61.0,198.0,203.0,290.0,339.0,315.0,2121.0,17,197,883505,2,171978835052
1.0,1.0,14.0,4.0,3.0,9.0,5.0,13.0,7.0,16.0,61.0,136.0,24.0,9.0,112.0,167.0,582.0,17,197,883505,3,171978835053
5.0,2.0,2.0,30.0,50.0,107.0,27.0,58.0,9.0,0.0,101.0,605.0,287.0,202.0,550.0,780.0,2815.0,17,197,883505,4,171978835054
0.0,3.0,0.0,2.0,28.0,68.0,32.0,4.0,161.0,36.0,270.0,215.0,337.0,99.0,119.0,53.0,1427.0,17,197,883505,5,171978835055
2.0,7.0,22.0,4.0,41.0,109.0,13.0,17.0,50.0,134.0,96.0,353.0,360.0,180.0,275.0,94.0,1757.0,17,197,883507,1,171978835071
4.0,0.0,11.0,190.0,1.0,45.0,34.0,21.0,47.0,104.0,60.0,218.0,674.0,174.0,246.0,415.0,2244.0,17,197,883507,2,171978835072
6.0,152.0,40.0,115.0,9.0,64.0,1.0,98.0,73.0,186.0,87.0,164.0,304.0,186.0,233.0,111.0,1829.0,17,197,883509,1,171978835091
2.0,6.0,56.0,78.0,65.0,138.0,50.0,52.0,197.0,300.0,240.0,351.0,284.0,57.0,163.0,200.0,2239.0,17,197,883509,2,171978835092
2.0,63.0,55.0,140.0,71.0,25.0,189.0,16.0,5.0,97.0,228.0,211.0,219.0,623.0,308.0,138.0,2390.0,17,197,883510,1,171978835101
17.0,1.0,1.0,10.0,3.0,41.0,0.0,10.0,127.0,423.0,259.0,710.0,547.0,452.0,181.0,82.0,2864.0,17,197,883510,2,171978835102
82.0,2.0,57.0,4.0,14.0,5.0,192.0,43.0,3.0,14.0,340.0,177.0,120.0,106.0,58.0,69.0,1286.0,17,197,883511,1,171978835111
14.0,8.0,45.0,54.0,0.0,55.0,21.0,2.0,0.0,207.0,135.0,531.0,220.0,105.0,270.0,272.0,1939.0,17,197,883511,2,171978835112
10.0,0.0,40.0,3.0,4.0,32.0,28.0,39.0,111.0,100.0,60.0,277.0,257.0,137.0,145.0,96.0,1339.0,17,197,883511,3,171978835113
0.0,1.0,64.0,3.0,5.0,20.0,22.0,93.0,2.0,79.0,226.0,427.0,211.0,298.0,276.0,166.0,1893.0,17,197,883513,1,171978835131
15.0,136.0,291.0,50.0,0.0,1.0,113.0,40.0,147.0,37.0,59.0,413.0,235.0,195.0,112.0,159.0,2003.0,17,197,883513,2,171978835132
1.0,1.0,6.0,28.0,4.0,26.0,15.0,114.0,196.0,65.0,105.0,278.0,255.0,220.0,154.0,116.0,1584.0,17,197,883513,3,171978835133
61.0,34.0,47.0,217.0,267.0,5.0,3.0,5.0,48.0,234.0,238.0,572.0,245.0,362.0,617.0,541.0,3496.0,17,197,883514,1,171978835141
17.0,25.0,2.0,123.0,87.0,64.0,53.0,26.0,0.0,302.0,398.0,510.0,692.0,728.0,506.0,336.0,3869.0,17,197,883514,2,171978835142
7.0,0.0,12.0,24.0,9.0,10.0,65.0,3.0,64.0,30.0,23.0,344.0,377.0,191.0,407.0,375.0,1941.0,17,197,883515,1,171978835151
3.0,6.0,1.0,30.0,7.0,34.0,54.0,20.0,4.0,167.0,208.0,257.0,36.0,144.0,105.0,138.0,1214.0,17,197,883515,2,171978835152
1.0,1.0,2.0,0.0,2.0,5.0,8.0,1.0,2.0,60.0,63.0,157.0,86.0,101.0,152.0,156.0,797.0,17,197,883515,3,171978835153
137.0,3.0,107.0,242.0,17.0,59.0,13.0,2.0,169.0,369.0,320.0,611.0,703.0,675.0,1192.0,1632.0,6251.0,17,197,883516,1,171978835161
7.0,2.0,41.0,5.0,7.0,0.0,15.0,2.0,23.0,2.0,187.0,81.0,78.0,65.0,133.0,87.0,735.0,17,197,883516,2,171978835162
4.0,6.0,4.0,0.0,105.0,4.0,2.0,9.0,0.0,85.0,111.0,558.0,146.0,209.0,189.0,353.0,1785.0,17,197,883517,1,171978835171
19.0,14.0,33.0,3.0,20.0,49.0,15.0,16.0,59.0,96.0,220.0,263.0,327.0,107.0,53.0,83.0,1377.0,17,197,883517,2,171978835172
11.0,27.0,3.0,97.0,109.0,198.0,29.0,90.0,129.0,189.0,171.0,370.0,256.0,488.0,486.0,167.0,2820.0,17,197,883519,1,171978835191
8.0,3.0,31.0,5.0,83.0,40.0,14.0,0.0,0.0,16.0,375.0,91.0,91.0,333.0,98.0,105.0,1293.0,17,197,883519,2,171978835192
5.0,1.0,65.0,16.0,8.0,161.0,3.0,7.0,3.0,47.0,147.0,91.0,280.0,99.0,135.0,353.0,1421.0,17,197,883519,3,171978835193
2.0,7.0,37.0,2.0,5.0,88.0,2.0,84.0,146.0,20.0,261.0,241.0,36.0,173.0,164.0,128.0,1396.0,17,197,883521,1,171978835211
3.0,1.0,0.0,3.0,39.0,15.0,3.0,22.0,4.0,6.0,61.0,161.0,239.0,113.0,365.0,222.0,1257.0,17,197,883521,2,171978835212
1.0,22.0,0.0,68.0,6.0,0.0,4.0,37.0,29.0,2.0,93.0,170.0,90.0,246.0,251.0,80.0,1099.0,17,197,883521,3,171978835213
1.0,2.0,0.0,1.0,4.0,33.0,20.0,2.0,55.0,5.0,164.0,171.0,405.0,4.0,100.0,199.0,1166.0,17,197,883522,1,171978835221
91.0,1.0,2.0,34.0,5.0,7.0,0.0,2.0,1.0,61.0,38.0,87.0,140.0,44.0,195.0,77.0,785.0,17,197,883522,2,171978835222
17.0,1.0,8.0,2.0,8.0,1.0,51.0,9.0,55.0,72.0,206.0,154.0,217.0,268.0,224.0,183.0,1476.0,17,197,883522,3,171978835223
10.0,1.0,46.0,145.0,34.0,1.0,5.0,70.0,35.0,12.0,225.0,118.0,113.0,150.0,100.0,56.0,1121.0,17,197,883602,1,171978836021
1.0,4.0,4.0,48.0,24.0,1.0,3.0,0.0,0.0,156.0,158.0,132.0,153.0,364.0,94.0,134.0,1276.0,17,197,883602,2,171978836022
6.0,51.0,2.0,4.0,180.0,0.0,52.0,115.0,205.0,44.0,530.0,248.0,35.0,115.0,75.0,256.0,1918.0,17,197,883602,3,171978836023
2.0,0.0,0.0,35.0,92.0,37.0,18.0,7.0,0.0,61.0,137.0,193.0,15.0,234.0,194.0,81.0,1106.0,17,197,883602,4,171978836024
44.0,0.0,113.0,10.0,229.0,88.0,47.0,6.0,1.0,73.0,302.0,202.0,164.0,50.0,73.0,116.0,1518.0,17,197,883603,1,171978836031
148.0,18.0,84.0,52.0,206.0,34.0,64.0,45.0,9.0,41.0,139.0,397.0,41.0,163.0,77.0,65.0,1583.0,17,197,883603,2,171978836032
94.0,12.0,3.0,41.0,82.0,88.0,11.0,34.0,230.0,137.0,155.0,196.0,179.0,67.0,36.0,64.0,1429.0,17,197,883605,1,171978836051
434.0,156.0,163.0,265.0,50.0,16.0,0.0,80.0,200.0,122.0,73.0,137.0,115.0,45.0,26.0,35.0,1917.0,17,197,883605,2,171978836052
0.0,76.0,37.0,39.0,1.0,40.0,119.0,0.0,221.0,101.0,315.0,365.0,442.0,277.0,35.0,112.0,2180.0,17,197,883606,1,171978836061
193.0,53.0,2.0,19.0,97.0,1.0,71.0,179.0,3.0,221.0,176.0,131.0,211.0,95.0,64.0,66.0,1582.0,17,197,883606,2,171978836062
152.0,117.0,38.0,21.0,5.0,32.0,55.0,61.0,47.0,213.0,41.0,109.0,57.0,23.0,129.0,40.0,1140.0,17,197,883700,1,171978837001
60.0,37.0,57.0,74.0,101.0,63.0,2.0,33.0,9.0,0.0,65.0,74.0,4.0,13.0,75.0,63.0,730.0,17,197,883700,2,171978837002
148.0,30.0,7.0,65.0,5.0,45.0,33.0,49.0,7.0,34.0,118.0,181.0,73.0,19.0,16.0,70.0,900.0,17,197,883700,3,171978837003
127.0,170.0,127.0,69.0,6.0,143.0,76.0,144.0,59.0,193.0,24.0,26.0,11.0,15.0,52.0,49.0,1291.0,17,197,883803,1,171978838031
15.0,3.0,1.0,46.0,188.0,0.0,1.0,156.0,107.0,326.0,274.0,117.0,34.0,159.0,21.0,78.0,1526.0,17,197,883803,2,171978838032
1.0,128.0,115.0,73.0,3.0,5.0,138.0,73.0,2.0,8.0,61.0,282.0,193.0,12.0,37.0,68.0,1199.0,17,197,883804,1,171978838041
115.0,6.0,25.0,56.0,0.0,23.0,16.0,161.0,11.0,299.0,172.0,312.0,72.0,59.0,31.0,46.0,1404.0,17,197,883804,2,171978838042
92.0,0.0,10.0,37.0,3.0,101.0,3.0,29.0,34.0,43.0,130.0,84.0,258.0,16.0,135.0,112.0,1087.0,17,197,883806,1,171978838061
5.0,31.0,64.0,10.0,5.0,22.0,79.0,1.0,1.0,21.0,161.0,43.0,96.0,83.0,58.0,68.0,748.0,17,197,883806,2,171978838062
28.0,2.0,7.0,11.0,262.0,79.0,33.0,55.0,95.0,96.0,27.0,355.0,301.0,182.0,127.0,252.0,1912.0,17,197,883806,3,171978838063
18.0,41.0,101.0,54.0,73.0,32.0,106.0,33.0,106.0,218.0,197.0,356.0,287.0,53.0,74.0,123.0,1872.0,17,197,883808,1,171978838081
63.0,98.0,4.0,31.0,104.0,99.0,202.0,40.0,67.0,58.0,218.0,1.0,58.0,2.0,38.0,43.0,1126.0,17,197,883809,1,171978838091
2.0,57.0,69.0,146.0,53.0,27.0,126.0,70.0,33.0,131.0,36.0,399.0,163.0,82.0,176.0,116.0,1686.0,17,197,883809,2,171978838092
60.0,3.0,1.0,3.0,0.0,18.0,1.0,56.0,4.0,7.0,85.0,508.0,150.0,192.0,143.0,30.0,1261.0,17,197,883810,1,171978838101
3.0,0.0,111.0,157.0,12.0,35.0,39.0,48.0,93.0,13.0,87.0,306.0,108.0,34.0,64.0,112.0,1222.0,17,197,883810,2,171978838102
11.0,46.0,1.0,75.0,53.0,20.0,19.0,1.0,63.0,119.0,35.0,157.0,96.0,65.0,147.0,226.0,1134.0,17,197,883810,3,171978838103
152.0,8.0,32.0,22.0,13.0,159.0,24.0,12.0,96.0,24.0,52.0,214.0,93.0,115.0,85.0,129.0,1230.0,17,197,883811,1,171978838111
64.0,67.0,26.0,62.0,15.0,10.0,117.0,52.0,281.0,90.0,254.0,376.0,163.0,44.0,138.0,80.0,1839.0,17,197,883811,2,171978838112
18.0,4.0,65.0,215.0,101.0,62.0,108.0,183.0,39.0,319.0,413.0,704.0,439.0,99.0,94.0,214.0,3077.0,17,197,883902,1,171978839021
39.0,145.0,4.0,57.0,30.0,55.0,4.0,21.0,10.0,72.0,158.0,278.0,248.0,155.0,197.0,127.0,1600.0,17,197,883902,2,171978839022
7.0,136.0,63.0,41.0,9.0,54.0,0.0,14.0,16.0,94.0,74.0,184.0,30.0,9.0,19.0,46.0,796.0,17,197,883902,3,171978839023
18.0,14.0,5.0,1.0,0.0,6.0,0.0,99.0,74.0,36.0,22.0,19.0,169.0,52.0,135.0,65.0,715.0,17,197,883902,4,171978839024
28.0,4.0,11.0,7.0,89.0,66.0,4.0,87.0,26.0,209.0,428.0,393.0,225.0,99.0,163.0,97.0,1936.0,17,197,883903,1,171978839031
5.0,5.0,4.0,143.0,42.0,0.0,0.0,76.0,96.0,258.0,184.0,357.0,521.0,154.0,198.0,83.0,2126.0,17,197,883904,1,171978839041
68.0,5.0,37.0,46.0,4.0,6.0,46.0,38.0,69.0,132.0,110.0,122.0,136.0,17.0,121.0,81.0,1038.0,17,197,883904,2,171978839042
2.0,20.0,22.0,123.0,15.0,7.0,63.0,21.0,4.0,125.0,38.0,438.0,33.0,151.0,82.0,120.0,1264.0,17,197,883904,3,171978839043
38.0,137.0,125.0,189.0,46.0,123.0,11.0,1.0,10.0,168.0,248.0,483.0,226.0,96.0,94.0,66.0,2061.0,17,197,884003,1,171978840031
0.0,41.0,34.0,2.0,12.0,73.0,0.0,26.0,20.0,68.0,8.0,154.0,130.0,51.0,57.0,47.0,723.0,17,197,884003,2,171978840032
2.0,36.0,0.0,10.0,2.0,169.0,100.0,39.0,45.0,147.0,62.0,251.0,167.0,106.0,35.0,74.0,1245.0,17,197,884003,3,171978840033
108.0,4.0,0.0,44.0,133.0,47.0,13.0,2.0,26.0,34.0,80.0,124.0,69.0,206.0,65.0,71.0,1026.0,17,197,884004,1,171978840041
1.0,104.0,26.0,66.0,146.0,79.0,57.0,119.0,73.0,133.0,201.0,274.0,219.0,82.0,136.0,56.0,1772.0,17,197,884004,2,171978840042
13.0,26.0,90.0,94.0,53.0,18.0,34.0,51.0,5.0,163.0,114.0,272.0,129.0,91.0,112.0,50.0,1315.0,17,197,884005,1,171978840051
58.0,16.0,0.0,7.0,2.0,14.0,26.0,3.0,6.0,38.0,27.0,264.0,128.0,148.0,114.0,31.0,882.0,17,197,884006,1,171978840061
5.0,31.0,77.0,154.0,5.0,4.0,39.0,149.0,35.0,66.0,90.0,190.0,122.0,92.0,132.0,72.0,1263.0,17,197,884006,2,171978840062
123.0,189.0,43.0,110.0,35.0,134.0,149.0,156.0,252.0,397.0,451.0,372.0,167.0,161.0,171.0,105.0,3015.0,17,197,884101,1,171978841011
86.0,14.0,126.0,155.0,12.0,263.0,104.0,1.0,178.0,240.0,321.0,555.0,497.0,161.0,246.0,230.0,3189.0,17,197,884103,1,171978841031
1.0,0.0,0.0,3.0,0.0,0.0,3.0,2.0,4.0,0.0,5.0,31.0,9.0,10.0,66.0,99.0,233.0,17,197,980100,1,171979801001
