B19001_002E,B19001_003E,B19001_004E,B19001_005E,B19001_006E,B19001_007E,B19001_008E,B19001_009E,B19001_010E,B19001_011E,B19001_012E,B19001_013E,B19001_014E,B19001_015E,B19001_016E,B19001_017E,B19001_001E,state,county,tract,block group,GEOID
147.0,75.0,45.0,67.0,0.0,0.0,0.0,0.0,0.0,30.0,15.0,0.0,17.0,0.19385422646841105,0.0,0.0,396.19385422646843,17,031,010100,1,170310101001
390.0,213.0,116.0,280.0,27.0,73.0,40.0,59.0,42.0,0.0,75.0,0.0,130.0,0.0,0.0,0.0,1445.0,17,031,010100,2,170310101002
114.0,90.0,77.0,90.0,178.0,370.0,31.0,63.0,39.0,88.0,295.0,302.0,325.0,0.5101427012326606,0.0,0.0,2062.510142701233,17,031,010100,3,170310101003
125.0,182.0,237.0,120.0,42.0,0.0,89.0,112.0,75.0,0.0,193.0,103.0,117.0,1.0815025266132405,0.0,0.0,1396.0815025266133,17,031,010201,1,170310102011
375.0,358.0,198.0,529.0,210.0,293.0,384.0,284.0,156.0,461.0,452.0,358.0,162.0,0.0816228321972257,0.0,0.0,4220.081622832197,17,031,010201,2,170310102012
114.0,57.0,57.0,74.0,0.0,0.0,0.0,55.0,0.0,55.0,82.0,147.0,25.0,0.0,0.0,0.0,666.0,17,031,010201,3,170310102013
190.0,196.0,130.0,148.0,83.0,0.0,0.0,15.0,8.0,13.0,114.0,143.0,79.0,0.4897369931833542,0.0,0.0,1119.4897369931834,17,031,010202,1,170310102021
54.0,118.0,150.0,103.0,50.0,18.0,97.0,37.0,43.0,63.0,16.0,186.0,69.0,0.0,0.0,0.0,1004.0,17,031,010202,2,170310102022
22.0,0.0,12.0,0.0,27.0,0.0,170.0,16.0,0.0,323.0,107.0,111.0,27.0,0.3570998908628624,0.0,0.0,815.3570998908629,17,031,010300,1,170310103001
377.0,11.0,94.0,122.0,0.0,0.0,348.0,22.0,99.0,92.0,183.0,83.0,79.0,1.2447481910076919,0.0,0.0,1511.2447481910076,17,031,010300,2,170310103002
138.0,174.0,203.0,135.0,42.0,36.0,0.0,77.0,0.0,38.0,64.0,69.0,0.0,0.21425993451771747,0.0,0.0,976.2142599345177,17,031,010300,3,170310103003
182.0,70.0,102.0,34.0,0.0,99.0,119.0,70.0,114.0,0.0,160.0,284.0,63.0,1.9283394106594571,0.0,0.0,1298.9283394106594,17,031,010300,4,170310103004
92.0,50.0,152.0,148.0,193.0,0.0,179.0,113.0,104.0,0.0,84.0,173.0,104.0,0.6427798035531523,0.0,0.0,1392.6427798035531,17,031,010400,1,170310104001
100.0,11.0,59.0,79.0,0.0,37.0,79.0,0.0,52.0,182.0,119.0,109.0,26.0,0.0,0.0,0.0,853.0,17,031,010400,2,170310104002
177.0,85.0,20.0,90.0,53.0,20.0,69.0,0.0,22.0,56.0,0.0,106.0,43.0,0.22446278854237067,0.0,0.0,741.2244627885424,17,031,010400,3,170310104003
134.0,166.0,52.0,132.0,73.0,0.0,93.0,27.0,61.0,17.0,103.0,69.0,13.0,0.6223740955038459,0.0,0.0,940.6223740955038,17,031,010501,1,170310105011
246.0,171.0,55.0,166.0,99.0,38.0,150.0,129.0,9.0,141.0,242.0,135.0,47.0,0.0,0.0,0.0,1628.0,17,031,010501,2,170310105012
343.0,110.0,92.0,91.0,58.0,52.0,44.0,13.0,49.0,49.0,24.0,24.0,55.0,0.5203455552573139,0.0,0.0,1004.5203455552573,17,031,010501,3,170310105013
176.0,103.0,116.0,77.0,116.0,47.0,0.0,60.0,43.0,230.0,23.0,27.0,103.0,0.9386625702680955,0.0,0.0,1121.9386625702682,17,031,010502,1,170310105021
487.0,71.0,243.0,169.0,113.0,214.0,172.0,201.0,135.0,76.0,184.0,63.0,51.0,1.4283995634514497,0.0,0.0,2180.4283995634514,17,031,010502,2,170310105022
479.0,243.0,95.0,75.0,15.0,15.0,27.0,100.0,0.0,55.0,102.0,37.0,87.0,1.203936774909079,0.0,0.0,1331.2039367749092,17,031,010503,1,170310105031
97.0,22.0,53.0,78.0,45.0,40.0,0.0,49.0,0.0,72.0,11.0,133.0,0.0,0.0,0.0,0.0,600.0,17,031,010503,2,170310105032
256.0,56.0,242.0,165.0,356.0,181.0,79.0,172.0,108.0,310.0,161.0,199.0,224.0,0.8978511541694827,0.0,0.0,2509.8978511541695,17,031,010600,1,170310106001
0.0,0.0,26.0,53.0,26.0,0.0,0.0,0.0,0.0,0.0,238.0,29.0,41.0,0.44892557708474135,0.0,0.0,413.44892557708476,17,031,010600,2,170310106002
113.0,92.0,82.0,18.0,255.0,27.0,33.0,21.0,59.0,170.0,248.0,96.0,0.0,0.908054008194136,0.0,0.0,1214.908054008194,17,031,010600,3,170310106003
79.0,140.0,163.0,179.0,103.0,96.0,128.0,86.0,51.0,80.0,89.0,121.0,66.0,0.3877084529368221,0.0,0.0,1381.3877084529367,17,031,010600,4,170310106004
16.0,104.0,234.0,189.0,113.0,152.0,82.0,28.0,48.0,288.0,175.0,311.0,0.0,1.9895565348073765,0.0,0.0,1741.9895565348074,17,031,010701,1,170310107011
119.0,88.0,18.0,51.0,117.0,142.0,32.0,70.0,39.0,280.0,343.0,217.0,72.0,1.4079938554021434,0.0,0.0,1589.407993855402,17,031,010701,2,170310107012
177.0,68.0,0.0,218.0,27.0,30.0,207.0,0.0,90.0,24.0,92.0,169.0,111.0,2.030367950905989,0.0,0.0,1215.0303679509059,17,031,010702,1,170310107021
187.0,20.0,389.0,139.0,17.0,149.0,0.0,0.0,0.0,59.0,87.0,167.0,80.0,1.2753567530816516,0.0,0.0,1295.2753567530817,17,031,010702,2,170310107022
132.0,0.0,160.0,15.0,95.0,20.0,80.0,45.0,85.0,105.0,125.0,117.0,65.0,0.7856197598982974,0.0,0.0,1044.7856197598983,17,031,010702,3,170310107023
257.0,151.0,233.0,21.0,0.0,0.0,51.0,149.0,0.0,113.0,21.0,59.0,16.0,0.0,0.0,0.0,1071.0,17,031,010702,4,170310107024
376.0,26.0,55.0,2.0,32.0,73.0,185.0,79.0,108.0,441.0,173.0,479.0,135.0,1.2855596071063047,0.0,0.0,2165.2855596071063,17,031,020100,1,170310201001
120.0,149.0,254.0,26.0,0.0,118.0,109.0,89.0,22.0,71.0,118.0,144.0,49.0,0.1530428103697982,0.0,0.0,1269.1530428103697,17,031,020100,2,170310201002
0.0,56.0,0.0,154.0,0.0,70.0,31.0,0.0,31.0,0.0,66.0,262.0,119.0,1.6018480818705543,0.0,0.0,790.6018480818706,17,031,020200,1,170310202001
145.0,0.0,85.0,0.0,51.0,98.0,0.0,0.0,0.0,175.0,132.0,209.0,0.0,1.5202252496733286,0.0,0.0,896.5202252496733,17,031,020200,2,170310202002
106.0,90.0,83.0,135.0,51.0,0.0,57.0,0.0,122.0,0.0,0.0,189.0,437.0,1.3059653151556112,0.0,0.0,1271.3059653151556,17,031,020200,3,170310202003
148.0,39.0,99.0,111.0,0.0,37.0,0.0,0.0,59.0,218.0,230.0,265.0,282.0,0.7754169058736442,0.0,0.0,1488.7754169058737,17,031,020200,4,170310202004
349.0,91.0,80.0,12.0,41.0,30.0,38.0,112.0,205.0,81.0,156.0,141.0,138.0,0.6121712414791928,0.0,0.0,1474.6121712414792,17,031,020301,1,170310203011
158.0,37.0,23.0,0.0,25.0,155.0,66.0,103.0,123.0,83.0,178.0,164.0,158.0,0.1734485184191046,0.0,0.0,1273.173448518419,17,031,020301,2,170310203012
0.0,48.0,29.0,74.0,81.0,173.0,92.0,122.0,292.0,133.0,125.0,407.0,99.0,0.2958827667149432,0.0,0.0,1675.2958827667148,17,031,020301,3,170310203013
0.0,41.0,112.0,0.0,34.0,134.0,58.0,117.0,36.0,83.0,17.0,80.0,147.0,0.22446278854237067,0.0,0.0,859.2244627885424,17,031,020302,1,170310203021
47.0,0.0,44.0,25.0,0.0,25.0,0.0,25.0,213.0,25.0,85.0,54.0,330.0,0.5101427012326606,0.0,0.0,873.5101427012327,17,031,020302,2,170310203022
70.0,39.0,320.0,149.0,44.0,67.0,18.0,184.0,53.0,198.0,252.0,208.0,271.0,0.9692711323420552,0.0,0.0,1873.969271132342,17,031,020302,3,170310203023
48.0,32.0,36.0,20.0,18.0,6.0,69.0,38.0,32.0,14.0,69.0,111.0,127.0,0.20405708049306426,0.0,0.0,620.204057080493,17,031,020400,1,170310204001
24.0,101.0,40.0,158.0,48.0,42.0,58.0,37.0,72.0,40.0,91.0,270.0,257.0,1.5304281036979819,0.0,0.0,1239.530428103698,17,031,020400,2,170310204002
161.0,117.0,13.0,73.0,229.0,153.0,104.0,60.0,138.0,143.0,86.0,200.0,99.0,2.2854393015223198,0.0,0.0,1578.2854393015223,17,031,020400,3,170310204003
270.0,262.0,73.0,479.0,42.0,39.0,248.0,188.0,0.0,318.0,177.0,177.0,132.0,0.47953413915870097,0.0,0.0,2405.4795341391587,17,031,020500,1,170310205001
0.0,0.0,0.0,43.0,43.0,29.0,0.0,217.0,91.0,36.0,33.0,77.0,0.0,0.0,0.0,0.0,569.0,17,031,020500,2,170310205002
438.0,110.0,84.0,0.0,76.0,175.0,172.0,48.0,39.0,0.0,67.0,42.0,36.0,0.0,0.0,0.0,1287.0,17,031,020500,3,170310205003
252.0,0.0,40.0,83.0,64.0,83.0,139.0,161.0,142.0,83.0,78.0,88.0,45.0,0.7958226139229506,0.0,0.0,1258.7958226139228,17,031,020500,4,170310205004
90.0,48.0,120.0,0.0,37.0,386.0,168.0,236.0,0.0,165.0,93.0,187.0,183.0,2.214019323349747,0.0,0.0,1715.2140193233497,17,031,020601,1,170310206011
472.0,156.0,229.0,53.0,139.0,209.0,293.0,29.0,0.0,422.0,516.0,309.0,0.0,1.3569795852788773,0.0,0.0,2828.356979585279,17,031,020601,2,170310206012
123.0,68.0,0.0,0.0,64.0,162.0,93.0,0.0,140.0,64.0,166.0,64.0,102.0,1.4283995634514497,0.0,0.0,1047.4283995634514,17,031,020601,3,170310206013
87.0,50.0,45.0,60.0,40.0,32.0,52.0,37.0,100.0,153.0,148.0,158.0,27.0,0.0,0.0,0.0,989.0,17,031,020602,1,170310206021
47.0,54.0,196.0,77.0,16.0,91.0,20.0,33.0,318.0,0.0,54.0,122.0,23.0,0.0,0.0,0.0,1051.0,17,031,020602,2,170310206022
18.0,155.0,155.0,27.0,0.0,62.0,52.0,40.0,139.0,3.0,21.0,24.0,59.0,0.37750559891216884,0.0,0.0,755.3775055989122,17,031,020602,3,170310206023
52.0,0.0,107.0,186.0,125.0,29.0,17.0,98.0,66.0,125.0,189.0,0.0,46.0,0.14283995634514499,0.0,0.0,1040.1428399563451,17,031,020602,4,170310206024
42.0,0.0,13.0,13.0,0.0,50.0,34.0,34.0,58.0,10.0,114.0,160.0,34.0,1.1121110886872,0.0,0.0,563.1121110886872,17,031,020701,1,170310207011
81.0,0.0,17.0,17.0,144.0,31.0,0.0,7.0,0.0,60.0,264.0,204.0,10.0,0.3570998908628624,0.0,0.0,835.3570998908629,17,031,020701,2,170310207012
298.0,0.0,76.0,45.0,107.0,68.0,57.0,42.0,164.0,199.0,283.0,501.0,440.0,0.8978511541694827,0.0,0.0,2280.8978511541695,17,031,020702,1,170310207021
232.0,292.0,374.0,224.0,0.0,153.0,53.0,471.0,89.0,267.0,606.0,60.0,117.0,0.0,0.0,0.0,2938.0,17,031,020702,2,170310207022
238.0,173.0,96.0,0.0,31.0,74.0,136.0,182.0,27.0,223.0,93.0,325.0,161.0,0.0,0.0,0.0,1759.0,17,031,020702,3,170310207023
56.0,53.0,56.0,96.0,136.0,16.0,60.0,0.0,3.0,46.0,0.0,167.0,113.0,1.050893964539281,0.0,0.0,803.0508939645392,17,031,020702,4,170310207024
0.0,0.0,269.0,0.0,56.0,142.0,51.0,34.0,0.0,237.0,166.0,259.0,124.0,0.7652140518489909,0.0,0.0,1338.765214051849,17,031,020801,1,170310208011
93.0,0.0,29.0,0.0,0.0,0.0,0.0,0.0,58.0,37.0,11.0,119.0,198.0,1.9895565348073765,0.0,0.0,546.9895565348073,17,031,020801,2,170310208012
0.0,8.0,67.0,30.0,139.0,41.0,18.0,55.0,0.0,196.0,110.0,63.0,30.0,0.0,0.0,0.0,757.0,17,031,020801,3,170310208013
62.0,34.0,119.0,236.0,28.0,30.0,299.0,19.0,88.0,32.0,130.0,125.0,88.0,0.3264913287889028,0.0,0.0,1290.326491328789,17,031,020801,4,170310208014
60.0,205.0,0.0,0.0,0.0,0.0,0.0,0.0,0.0,0.0,595.0,120.0,0.0,1.5304281036979819,0.0,0.0,981.530428103698,17,031,020802,1,170310208021
376.0,32.0,132.0,100.0,64.0,156.0,48.0,136.0,100.0,473.0,0.0,260.0,392.0,0.0,0.0,0.0,2269.0,17,031,020802,2,170310208022
149.0,152.0,149.0,30.0,152.0,0.0,166.0,47.0,0.0,179.0,342.0,386.0,264.0,1.5508338117472884,0.0,0.0,2017.5508338117472,17,031,020802,3,170310208023
176.0,91.0,448.0,229.0,102.0,31.0,141.0,95.0,0.0,190.0,109.0,155.0,0.0,0.42851986903543493,0.0,0.0,1767.4285198690354,17,031,020802,4,170310208024
157.0,69.0,211.0,120.0,126.0,226.0,256.0,141.0,268.0,217.0,184.0,66.0,51.0,0.36730274488751563,0.0,0.0,2092.3673027448876,17,031,020901,1,170310209011
0.0,33.0,44.0,44.0,179.0,104.0,28.0,52.0,0.0,33.0,65.0,70.0,15.0,0.0,0.0,0.0,667.0,17,031,020901,2,170310209012
150.0,44.0,336.0,88.0,275.0,113.0,155.0,236.0,133.0,155.0,66.0,105.0,141.0,0.0,0.0,0.0,1997.0,17,031,020901,3,170310209013
94.0,155.0,324.0,120.0,41.0,177.0,61.0,157.0,72.0,164.0,190.0,155.0,30.0,0.0,0.0,0.0,1740.0,17,031,020902,1,170310209021
159.0,125.0,86.0,215.0,0.0,95.0,291.0,86.0,44.0,173.0,120.0,316.0,75.0,1.1631253588104662,0.0,0.0,1786.1631253588105,17,031,020902,2,170310209022
272.0,49.0,23.0,49.0,185.0,55.0,126.0,27.0,0.0,0.0,104.0,18.0,79.0,0.0,0.0,0.0,987.0,17,031,030101,1,170310301011
41.0,63.0,18.0,0.0,44.0,0.0,32.0,39.0,0.0,9.0,45.0,22.0,0.0,0.0,0.0,0.0,313.0,17,031,030101,2,170310301012
301.0,167.0,65.0,41.0,80.0,0.0,39.0,67.0,147.0,129.0,0.0,73.0,14.0,0.0,0.0,0.0,1123.0,17,031,030101,3,170310301013
18.0,0.0,29.0,3.0,54.0,44.0,92.0,19.0,0.0,97.0,302.0,277.0,68.0,0.5509541173312735,0.0,0.0,1003.5509541173312,17,031,030101,4,170310301014
75.0,37.0,0.0,0.0,83.0,140.0,41.0,37.0,36.0,36.0,153.0,165.0,58.0,0.37750559891216884,0.0,0.0,861.3775055989122,17,031,030102,1,170310301021
211.0,12.0,94.0,98.0,95.0,0.0,71.0,80.0,0.0,41.0,30.0,44.0,31.0,0.0,0.0,0.0,807.0,17,031,030102,2,170310301022
197.0,0.0,37.0,99.0,47.0,39.0,18.0,56.0,0.0,125.0,186.0,197.0,67.0,0.0,0.0,0.0,1068.0,17,031,030102,3,170310301023
27.0,82.0,32.0,68.0,15.0,38.0,0.0,0.0,47.0,120.0,13.0,38.0,15.0,0.0,0.0,0.0,495.0,17,031,030103,1,170310301031
155.0,184.0,80.0,59.0,14.0,161.0,118.0,42.0,14.0,39.0,57.0,125.0,132.0,0.9896768403913616,0.0,0.0,1180.9896768403914,17,031,030103,2,170310301032
181.0,78.0,10.0,0.0,89.0,0.0,348.0,144.0,9.0,103.0,166.0,86.0,26.0,0.6223740955038459,0.0,0.0,1240.6223740955038,17,031,030104,1,170310301041
137.0,254.0,54.0,11.0,13.0,0.0,81.0,32.0,0.0,71.0,0.0,23.0,13.0,0.0,0.0,0.0,689.0,17,031,030104,2,170310301042
86.0,0.0,168.0,47.0,215.0,90.0,0.0,83.0,50.0,76.0,117.0,161.0,59.0,0.9182568622187891,0.0,0.0,1152.9182568622189,17,031,030200,1,170310302001
28.0,0.0,0.0,0.0,148.0,79.0,20.0,87.0,53.0,91.0,46.0,155.0,71.0,0.0,0.0,0.0,778.0,17,031,030200,2,170310302002
22.0,0.0,0.0,0.0,0.0,30.0,77.0,165.0,27.0,0.0,0.0,30.0,105.0,0.22446278854237067,0.0,0.0,456.2244627885424,17,031,030200,3,170310302003
27.0,157.0,233.0,68.0,0.0,0.0,154.0,63.0,0.0,314.0,96.0,322.0,119.0,1.96915082675807,0.0,0.0,1554.969150826758,17,031,030200,4,170310302004
94.0,108.0,169.0,196.0,110.0,76.0,97.0,18.0,65.0,76.0,162.0,103.0,38.0,0.42851986903543493,0.0,0.0,1312.4285198690354,17,031,030300,1,170310303001
235.0,200.0,79.0,75.0,21.0,88.0,45.0,177.0,60.0,58.0,181.0,183.0,69.0,0.7244026357503781,0.0,0.0,1471.7244026357503,17,031,030300,2,170310303002
376.0,82.0,183.0,48.0,94.0,52.0,44.0,59.0,15.0,150.0,82.0,138.0,59.0,0.7039969277010717,0.0,0.0,1382.7039969277012,17,031,030400,1,170310304001
20.0,10.0,25.0,71.0,76.0,74.0,76.0,66.0,61.0,81.0,53.0,168.0,35.0,0.5407512633066203,0.0,0.0,816.5407512633067,17,031,030400,2,170310304002
29.0,82.0,120.0,56.0,0.0,93.0,45.0,20.0,0.0,88.0,189.0,193.0,198.0,2.163005053226481,0.0,0.0,1115.1630050532265,17,031,030500,1,170310305001
37.0,86.0,197.0,84.0,68.0,62.0,93.0,26.0,77.0,210.0,91.0,328.0,102.0,0.8060254679476038,0.0,0.0,1461.8060254679476,17,031,030500,2,170310305002
169.0,198.0,0.0,0.0,25.0,0.0,58.0,58.0,81.0,136.0,165.0,68.0,115.0,1.2447481910076919,0.0,0.0,1074.2447481910076,17,031,030500,3,170310305003
0.0,83.0,28.0,0.0,66.0,44.0,28.0,143.0,52.0,233.0,52.0,237.0,248.0,0.5611569713559267,0.0,0.0,1214.561156971356,17,031,030500,4,170310305004
192.0,69.0,123.0,21.0,0.0,47.0,118.0,0.0,7.0,49.0,30.0,21.0,0.0,0.0,0.0,0.0,677.0,17,031,030601,1,170310306011
179.0,137.0,102.0,86.0,51.0,0.0,67.0,170.0,0.0,0.0,27.0,0.0,51.0,0.8468368840462166,0.0,0.0,870.8468368840462,17,031,030601,2,170310306012
159.0,98.0,78.0,119.0,93.0,119.0,220.0,47.0,23.0,114.0,62.0,220.0,126.0,0.3877084529368221,0.0,0.0,1478.3877084529367,17,031,030601,3,170310306013
212.0,34.0,72.0,72.0,100.0,163.0,62.0,65.0,51.0,32.0,18.0,20.0,58.0,0.0,0.0,0.0,959.0,17,031,030603,1,170310306031
248.0,77.0,125.0,25.0,89.0,87.0,37.0,105.0,0.0,58.0,62.0,17.0,8.0,0.2958827667149432,0.0,0.0,938.295882766715,17,031,030603,2,170310306032
185.0,47.0,66.0,0.0,23.0,13.0,63.0,108.0,0.0,108.0,211.0,77.0,8.0,1.3569795852788773,0.0,0.0,910.3569795852789,17,031,030604,1,170310306041
82.0,15.0,55.0,72.0,147.0,58.0,117.0,40.0,18.0,99.0,61.0,126.0,115.0,0.8264311759969102,0.0,0.0,1005.826431175997,17,031,030604,2,170310306042
190.0,122.0,56.0,118.0,38.0,32.0,0.0,11.0,0.0,0.0,0.0,50.0,11.0,0.6121712414791928,0.0,0.0,628.6121712414792,17,031,030604,3,170310306043
125.0,220.0,149.0,78.0,128.0,74.0,8.0,27.0,61.0,60.0,110.0,326.0,136.0,0.0816228321972257,0.0,0.0,1502.0816228321971,17,031,030701,1,170310307011
82.0,74.0,9.0,24.0,72.0,38.0,9.0,21.0,69.0,22.0,119.0,98.0,79.0,0.6427798035531523,0.0,0.0,716.6427798035531,17,031,030702,1,170310307021
17.0,75.0,18.0,0.0,0.0,143.0,11.0,53.0,47.0,115.0,38.0,18.0,34.0,0.09182568622187891,0.0,0.0,569.0918256862219,17,031,030702,2,170310307022
159.0,50.0,75.0,0.0,24.0,0.0,18.0,8.0,0.0,69.0,60.0,78.0,15.0,0.0,0.0,0.0,556.0,17,031,030703,1,170310307031
172.0,42.0,130.0,47.0,42.0,0.0,0.0,0.0,0.0,43.0,0.0,34.0,0.0,0.0,0.0,0.0,510.0,17,031,030703,2,170310307032
70.0,100.0,58.0,53.0,41.0,55.0,43.0,167.0,107.0,65.0,250.0,107.0,74.0,0.22446278854237067,0.0,0.0,1190.2244627885423,17,031,030703,3,170310307033
212.0,158.0,54.0,90.0,71.0,283.0,98.0,120.0,65.0,169.0,287.0,213.0,168.0,0.6121712414791928,0.0,0.0,1988.6121712414792,17,031,030706,1,170310307061
183.0,59.0,153.0,21.0,213.0,70.0,92.0,10.0,12.0,83.0,108.0,64.0,40.0,0.8876483001448295,0.0,0.0,1108.8876483001447,17,031,030706,2,170310307062
144.0,39.0,57.0,0.0,20.0,0.0,34.0,156.0,172.0,29.0,105.0,225.0,147.0,0.0,0.0,0.0,1128.0,17,031,030800,1,170310308001
0.0,0.0,0.0,0.0,22.0,35.0,96.0,31.0,29.0,22.0,62.0,121.0,96.0,1.7446880382156993,0.0,0.0,515.7446880382157,17,031,030800,2,170310308002
143.0,0.0,30.0,55.0,46.0,32.0,0.0,0.0,0.0,18.0,214.0,61.0,23.0,0.21425993451771747,0.0,0.0,622.2142599345177,17,031,030800,3,170310308003
30.0,62.0,0.0,174.0,62.0,30.0,0.0,0.0,0.0,235.0,144.0,27.0,102.0,0.6631855116024589,0.0,0.0,866.6631855116025,17,031,030800,4,170310308004
0.0,24.0,0.0,0.0,13.0,16.0,22.0,13.0,55.0,7.0,83.0,40.0,48.0,0.4897369931833542,0.0,0.0,321.4897369931833,17,031,030900,1,170310309001
28.0,15.0,38.0,76.0,95.0,51.0,15.0,39.0,13.0,93.0,51.0,229.0,47.0,0.3877084529368221,0.0,0.0,790.3877084529369,17,031,030900,2,170310309002
0.0,15.0,20.0,30.0,0.0,15.0,38.0,30.0,43.0,0.0,119.0,390.0,135.0,0.5917655334298864,0.0,0.0,835.5917655334299,17,031,030900,3,170310309003
34.0,0.0,0.0,19.0,0.0,17.0,0.0,61.0,44.0,90.0,193.0,169.0,0.0,0.4183170150107817,0.0,0.0,627.4183170150108,17,031,030900,4,170310309004
86.0,0.0,116.0,33.0,92.0,31.0,31.0,50.0,23.0,14.0,56.0,189.0,162.0,0.530548409281967,0.0,0.0,883.530548409282,17,031,031000,1,170310310001
15.0,12.0,104.0,43.0,40.0,67.0,46.0,13.0,26.0,146.0,177.0,107.0,43.0,0.7039969277010717,0.0,0.0,839.703996927701,17,031,031000,2,170310310002
88.0,74.0,25.0,20.0,22.0,66.0,11.0,86.0,61.0,153.0,146.0,233.0,92.0,0.44892557708474135,0.0,0.0,1077.4489255770848,17,031,031000,3,170310310003
42.0,90.0,68.0,0.0,38.0,25.0,92.0,92.0,138.0,46.0,283.0,255.0,307.0,1.1937339208844258,0.0,0.0,1477.1937339208844,17,031,031100,1,170310311001
198.0,91.0,0.0,16.0,110.0,8.0,64.0,0.0,94.0,51.0,30.0,0.0,4.0,0.0,0.0,0.0,666.0,17,031,031100,2,170310311002
20.0,56.0,122.0,97.0,47.0,26.0,129.0,28.0,30.0,26.0,58.0,189.0,159.0,1.8365137244375782,0.0,0.0,988.8365137244376,17,031,031100,3,170310311003
261.0,207.0,178.0,26.0,0.0,0.0,28.0,0.0,30.0,0.0,57.0,180.0,26.0,0.6019683874545395,0.0,0.0,993.6019683874546,17,031,031200,1,170310312001
314.0,86.0,35.0,66.0,0.0,0.0,60.0,0.0,43.0,96.0,58.0,60.0,0.0,0.0,0.0,0.0,818.0,17,031,031200,2,170310312002
701.0,74.0,142.0,30.0,0.0,17.0,0.0,0.0,0.0,19.0,0.0,55.0,0.0,0.1632456643944514,0.0,0.0,1038.1632456643945,17,031,031200,3,170310312003
383.0,194.0,52.0,91.0,58.0,86.0,77.0,0.0,0.0,143.0,20.0,88.0,60.0,0.23466564256702388,0.0,0.0,1252.234665642567,17,031,031200,4,170310312004
92.0,63.0,0.0,183.0,90.0,106.0,32.0,28.0,0.0,229.0,21.0,106.0,36.0,0.0,0.0,0.0,986.0,17,031,031300,1,170310313001
71.0,22.0,26.0,105.0,48.0,42.0,24.0,65.0,153.0,141.0,216.0,171.0,79.0,0.4897369931833542,0.0,0.0,1163.4897369931834,17,031,031300,2,170310313002
235.0,0.0,0.0,0.0,0.0,148.0,87.0,0.0,0.0,0.0,0.0,18.0,106.0,0.0,0.0,0.0,594.0,17,031,031300,3,170310313003
785.0,202.0,126.0,129.0,158.0,115.0,136.0,19.0,0.0,89.0,162.0,3.0,13.0,0.6121712414791928,0.0,0.0,1937.6121712414792,17,031,031300,4,170310313004
177.0,122.0,274.0,49.0,86.0,109.0,54.0,88.0,28.0,54.0,107.0,502.0,149.0,0.0,0.0,0.0,1799.0,17,031,031300,5,170310313005
0.0,0.0,145.0,89.0,35.0,44.0,24.0,35.0,83.0,219.0,58.0,136.0,324.0,1.5712395197965947,0.0,0.0,1193.5712395197966,17,031,031400,1,170310314001
47.0,0.0,23.0,0.0,0.0,0.0,26.0,38.0,28.0,107.0,87.0,198.0,57.0,0.47953413915870097,0.0,0.0,611.4795341391587,17,031,031400,2,170310314002
40.0,0.0,22.0,65.0,0.0,32.0,56.0,0.0,68.0,86.0,68.0,201.0,81.0,0.0,0.0,0.0,719.0,17,031,031400,3,170310314003
22.0,95.0,57.0,44.0,0.0,44.0,0.0,25.0,95.0,256.0,79.0,64.0,183.0,0.2550713506163303,0.0,0.0,964.2550713506163,17,031,031400,5,170310314005
67.0,0.0,0.0,24.0,0.0,97.0,18.0,17.0,24.0,33.0,61.0,23.0,71.0,0.9590682783174019,0.0,0.0,435.9590682783174,17,031,031400,6,170310314006
101.0,148.0,60.0,9.0,104.0,22.0,29.0,0.0,14.0,21.0,11.0,21.0,94.0,0.0,0.0,0.0,634.0,17,031,031501,1,170310315011
180.0,103.0,176.0,122.0,9.0,65.0,46.0,0.0,0.0,5.0,44.0,266.0,199.0,0.0,0.0,0.0,1215.0,17,031,031501,2,170310315012
302.0,52.0,34.0,23.0,13.0,35.0,11.0,83.0,52.0,71.0,10.0,93.0,11.0,0.0,0.0,0.0,790.0,17,031,031501,3,170310315013
206.0,25.0,189.0,81.0,103.0,165.0,64.0,51.0,45.0,98.0,148.0,204.0,58.0,0.6937940736764184,0.0,0.0,1437.6937940736764,17,031,031502,1,170310315021
333.0,91.0,193.0,17.0,39.0,19.0,27.0,0.0,58.0,51.0,60.0,107.0,15.0,0.2448684965916771,0.0,0.0,1010.2448684965917,17,031,031502,2,170310315022
445.0,202.0,251.0,202.0,85.0,41.0,23.0,63.0,30.0,41.0,56.0,100.0,111.0,0.0,0.0,0.0,1650.0,17,031,031502,3,170310315023
289.0,149.0,139.0,99.0,88.0,107.0,101.0,113.0,0.0,42.0,276.0,278.0,189.0,0.5509541173312735,0.0,0.0,1870.5509541173312,17,031,031700,1,170310317001
409.0,199.0,47.0,114.0,0.0,22.0,48.0,82.0,0.0,67.0,129.0,148.0,169.0,1.7038766221170865,0.0,0.0,1435.7038766221171,17,031,031700,2,170310317002
273.0,113.0,59.0,129.0,192.0,74.0,21.0,109.0,16.0,35.0,90.0,164.0,84.0,0.1632456643944514,0.0,0.0,1359.1632456643945,17,031,031700,3,170310317003
123.0,28.0,0.0,0.0,51.0,0.0,0.0,51.0,43.0,90.0,159.0,129.0,105.0,0.45912843110939455,0.0,0.0,779.4591284311094,17,031,031700,4,170310317004
188.0,86.0,124.0,173.0,45.0,38.0,45.0,80.0,102.0,80.0,109.0,183.0,107.0,0.5509541173312735,0.0,0.0,1360.5509541173312,17,031,031800,1,170310318001
123.0,81.0,78.0,29.0,37.0,0.0,107.0,81.0,14.0,58.0,89.0,207.0,88.0,0.4897369931833542,0.0,0.0,992.4897369931833,17,031,031900,1,170310319001
78.0,20.0,30.0,74.0,74.0,0.0,0.0,0.0,0.0,49.0,166.0,241.0,105.0,0.5611569713559267,0.0,0.0,837.5611569713559,17,031,031900,2,170310319002
155.0,150.0,26.0,0.0,37.0,0.0,22.0,0.0,0.0,176.0,255.0,278.0,222.0,0.7141997817257248,0.0,0.0,1321.7141997817257,17,031,032100,1,170310321001
498.0,145.0,46.0,0.0,45.0,43.0,90.0,57.0,0.0,198.0,129.0,82.0,23.0,0.0,0.0,0.0,1356.0,17,031,032100,2,170310321002
220.0,305.0,0.0,136.0,0.0,133.0,21.0,80.0,0.0,21.0,0.0,159.0,178.0,0.9488654242927488,0.0,0.0,1253.9488654242928,17,031,032100,3,170310321003
48.0,82.0,118.0,137.0,0.0,102.0,42.0,123.0,15.0,117.0,39.0,202.0,40.0,0.0,0.0,0.0,1065.0,17,031,032100,4,170310321004
0.0,157.0,88.0,57.0,47.0,0.0,0.0,149.0,0.0,37.0,27.0,59.0,59.0,0.9998796944160149,0.0,0.0,680.999879694416,17,031,032100,5,170310321005
75.0,22.0,75.0,41.0,105.0,87.0,0.0,0.0,16.0,57.0,116.0,169.0,18.0,0.13263710232049175,0.0,0.0,781.1326371023205,17,031,040100,1,170310401001
64.0,17.0,172.0,90.0,41.0,92.0,103.0,123.0,55.0,143.0,114.0,280.0,150.0,0.46933128513404776,0.0,0.0,1444.469331285134,17,031,040100,2,170310401002
97.0,73.0,26.0,112.0,0.0,23.0,20.0,20.0,0.0,73.0,179.0,56.0,115.0,0.2958827667149432,0.0,0.0,794.295882766715,17,031,040100,3,170310401003
244.0,0.0,35.0,0.0,102.0,29.0,61.0,31.0,0.0,0.0,100.0,21.0,78.0,0.3570998908628624,0.0,0.0,701.3570998908629,17,031,040201,1,170310402011
141.0,44.0,125.0,257.0,23.0,46.0,120.0,0.0,0.0,204.0,139.0,150.0,95.0,0.8264311759969102,0.0,0.0,1344.826431175997,17,031,040201,2,170310402012
64.0,0.0,35.0,135.0,0.0,35.0,31.0,60.0,85.0,169.0,192.0,54.0,192.0,0.336694182813556,0.0,0.0,1052.3366941828135,17,031,040201,3,170310402013
35.0,40.0,106.0,103.0,113.0,83.0,252.0,45.0,268.0,37.0,318.0,316.0,70.0,1.203936774909079,0.0,0.0,1787.2039367749092,17,031,040201,4,170310402014
0.0,206.0,0.0,36.0,0.0,110.0,62.0,0.0,0.0,103.0,46.0,135.0,32.0,1.0712996725885873,0.0,0.0,731.0712996725886,17,031,040202,1,170310402021
454.0,260.0,216.0,126.0,335.0,0.0,36.0,286.0,61.0,77.0,288.0,232.0,72.0,1.7038766221170865,0.0,0.0,2444.703876622117,17,031,040202,2,170310402022
233.0,59.0,256.0,36.0,98.0,0.0,28.0,41.0,41.0,38.0,36.0,152.0,44.0,0.5509541173312735,0.0,0.0,1062.5509541173312,17,031,040202,3,170310402023
433.0,76.0,104.0,0.0,45.0,55.0,133.0,39.0,45.0,68.0,224.0,136.0,117.0,0.0,0.0,0.0,1475.0,17,031,040202,4,170310402024
44.0,73.0,0.0,26.0,28.0,110.0,0.0,81.0,31.0,13.0,15.0,117.0,81.0,0.7652140518489909,0.0,0.0,619.765214051849,17,031,040300,1,170310403001
100.0,95.0,0.0,89.0,42.0,18.0,0.0,5.0,0.0,18.0,97.0,95.0,105.0,0.2958827667149432,0.0,0.0,664.295882766715,17,031,040300,2,170310403002
61.0,14.0,22.0,19.0,0.0,0.0,0.0,68.0,24.0,36.0,34.0,95.0,68.0,1.1223139427118534,0.0,0.0,442.12231394271186,17,031,040300,3,170310403003
25.0,60.0,18.0,18.0,46.0,55.0,0.0,115.0,0.0,0.0,92.0,60.0,67.0,0.0,0.0,0.0,556.0,17,031,040401,1,170310404011
28.0,22.0,20.0,0.0,41.0,22.0,45.0,18.0,0.0,26.0,51.0,0.0,103.0,0.28567991269028997,0.0,0.0,376.2856799126903,17,031,040401,2,170310404012
0.0,47.0,0.0,67.0,95.0,67.0,44.0,0.0,89.0,0.0,42.0,50.0,72.0,0.0,0.0,0.0,573.0,17,031,040401,3,170310404013
0.0,0.0,0.0,22.0,0.0,53.0,0.0,31.0,142.0,28.0,239.0,197.0,99.0,0.42851986903543493,0.0,0.0,811.4285198690354,17,031,040401,4,170310404014
0.0,0.0,30.0,0.0,0.0,0.0,104.0,72.0,79.0,18.0,81.0,30.0,0.0,0.5917655334298864,0.0,0.0,414.5917655334299,17,031,040402,1,170310404021
0.0,0.0,0.0,0.0,24.0,0.0,26.0,40.0,71.0,48.0,316.0,259.0,24.0,0.42851986903543493,0.0,0.0,808.4285198690354,17,031,040402,2,170310404022
58.0,21.0,62.0,98.0,0.0,71.0,133.0,16.0,25.0,0.0,186.0,82.0,102.0,0.5407512633066203,0.0,0.0,854.5407512633067,17,031,040402,3,170310404023
0.0,0.0,71.0,0.0,0.0,0.0,27.0,27.0,0.0,191.0,44.0,0.0,27.0,0.42851986903543493,0.0,0.0,387.4285198690354,17,031,040402,4,170310404024
85.0,0.0,99.0,67.0,17.0,87.0,99.0,60.0,97.0,64.0,80.0,279.0,149.0,1.3059653151556112,0.0,0.0,1184.3059653151556,17,031,040402,5,170310404025
32.0,84.0,98.0,115.0,0.0,0.0,0.0,0.0,59.0,18.0,84.0,113.0,16.0,0.6223740955038459,0.0,0.0,619.6223740955038,17,031,040600,1,170310406001
27.0,32.0,54.0,17.0,32.0,0.0,52.0,100.0,36.0,73.0,75.0,115.0,46.0,0.1734485184191046,0.0,0.0,659.1734485184191,17,031,040600,2,170310406002
34.0,24.0,26.0,0.0,0.0,0.0,98.0,40.0,0.0,48.0,178.0,197.0,125.0,1.1937339208844258,0.0,0.0,771.1937339208844,17,031,040600,3,170310406003
33.0,49.0,0.0,82.0,66.0,15.0,46.0,33.0,62.0,51.0,51.0,187.0,107.0,0.7652140518489909,0.0,0.0,782.765214051849,17,031,040700,1,170310407001
34.0,0.0,49.0,0.0,75.0,15.0,0.0,30.0,58.0,49.0,66.0,105.0,130.0,0.7244026357503781,0.0,0.0,611.7244026357504,17,031,040700,2,170310407002
0.0,0.0,0.0,76.0,37.0,17.0,0.0,19.0,12.0,165.0,172.0,88.0,59.0,0.7039969277010717,0.0,0.0,645.703996927701,17,031,040700,3,170310407003
66.0,0.0,58.0,35.0,58.0,0.0,0.0,20.0,0.0,99.0,45.0,88.0,93.0,0.8774454461201763,0.0,0.0,562.8774454461202,17,031,040700,4,170310407004
32.0,8.0,45.0,10.0,17.0,34.0,45.0,38.0,10.0,172.0,151.0,181.0,120.0,0.3468970368382092,0.0,0.0,863.3468970368382,17,031,040800,1,170310408001
28.0,0.0,39.0,10.0,37.0,10.0,10.0,8.0,28.0,78.0,56.0,116.0,94.0,0.45912843110939455,0.0,0.0,514.4591284311094,17,031,040800,2,170310408002
42.0,66.0,70.0,54.0,38.0,12.0,166.0,44.0,14.0,172.0,120.0,229.0,86.0,1.1835310668597727,0.0,0.0,1114.1835310668598,17,031,040900,1,170310409001
0.0,0.0,32.0,0.0,57.0,20.0,4.0,126.0,20.0,6.0,44.0,102.0,12.0,1.061096818563934,0.0,0.0,424.06109681856395,17,031,040900,2,170310409002
22.0,0.0,22.0,22.0,93.0,20.0,25.0,0.0,47.0,15.0,170.0,189.0,120.0,0.0,0.0,0.0,745.0,17,031,050100,1,170310501001
53.0,38.0,77.0,61.0,92.0,18.0,30.0,55.0,22.0,92.0,219.0,213.0,194.0,1.2243424829583855,0.0,0.0,1165.2243424829585,17,031,050100,2,170310501002
74.0,0.0,0.0,85.0,24.0,0.0,201.0,0.0,0.0,30.0,85.0,229.0,24.0,0.867242592095523,0.0,0.0,752.8672425920955,17,031,050200,1,170310502001
83.0,0.0,26.0,54.0,100.0,37.0,35.0,98.0,105.0,59.0,549.0,286.0,179.0,0.908054008194136,0.0,0.0,1611.908054008194,17,031,050200,2,170310502002
168.0,0.0,130.0,218.0,69.0,57.0,33.0,66.0,92.0,116.0,0.0,176.0,128.0,0.6223740955038459,0.0,0.0,1253.6223740955038,17,031,050200,3,170310502003
57.0,12.0,17.0,0.0,91.0,12.0,52.0,17.0,0.0,17.0,74.0,128.0,223.0,0.3264913287889028,0.0,0.0,700.3264913287888,17,031,050300,1,170310503001
38.0,38.0,0.0,0.0,12.0,71.0,0.0,101.0,36.0,56.0,21.0,84.0,140.0,0.49993984720800744,0.0,0.0,597.499939847208,17,031,050300,2,170310503002
0.0,17.0,0.0,12.0,0.0,31.0,0.0,59.0,22.0,137.0,73.0,147.0,127.0,0.2448684965916771,0.0,0.0,625.2448684965917,17,031,050300,3,170310503003
0.0,0.0,0.0,0.0,0.0,108.0,0.0,0.0,0.0,29.0,132.0,63.0,0.0,2.683350608483795,0.0,0.0,334.6833506084838,17,031,050500,1,170310505001
0.0,0.0,0.0,23.0,25.0,33.0,15.0,33.0,100.0,67.0,165.0,466.0,180.0,2.203816469325094,0.0,0.0,1109.2038164693251,17,031,050500,2,170310505002
78.0,0.0,29.0,0.0,0.0,0.0,0.0,0.0,0.0,47.0,61.0,39.0,141.0,0.23466564256702388,0.0,0.0,395.23466564256705,17,031,050500,3,170310505003
0.0,0.0,24.0,0.0,132.0,0.0,39.0,0.0,0.0,42.0,157.0,99.0,108.0,0.45912843110939455,0.0,0.0,601.4591284311094,17,031,050500,4,170310505004
0.0,0.0,0.0,33.0,0.0,33.0,0.0,168.0,41.0,106.0,67.0,463.0,0.0,1.050893964539281,0.0,0.0,912.0508939645392,17,031,050500,5,170310505005
112.0,0.0,0.0,45.0,0.0,64.0,70.0,20.0,25.0,171.0,96.0,144.0,125.0,1.438602417476103,0.0,0.0,873.4386024174761,17,031,050600,1,170310506001
78.0,20.0,0.0,105.0,0.0,11.0,33.0,45.0,20.0,92.0,60.0,202.0,216.0,0.9794739863667083,0.0,0.0,882.9794739863667,17,031,050600,2,170310506002
0.0,9.0,0.0,17.0,14.0,34.0,37.0,84.0,9.0,126.0,171.0,171.0,181.0,2.6221334843358757,0.0,0.0,855.6221334843359,17,031,050700,1,170310507001
10.0,45.0,0.0,0.0,0.0,0.0,17.0,22.0,96.0,43.0,129.0,209.0,174.0,1.438602417476103,0.0,0.0,746.4386024174761,17,031,050800,1,170310508001
72.0,21.0,55.0,41.0,24.0,65.0,16.0,87.0,12.0,164.0,215.0,183.0,280.0,0.336694182813556,0.0,0.0,1235.3366941828135,17,031,050900,1,170310509001
71.0,13.0,0.0,80.0,36.0,32.0,50.0,25.0,73.0,92.0,143.0,200.0,184.0,0.4897369931833542,0.0,0.0,999.4897369931833,17,031,051000,1,170310510001
65.0,60.0,85.0,9.0,31.0,27.0,47.0,11.0,60.0,87.0,148.0,198.0,103.0,0.9182568622187891,0.0,0.0,931.9182568622188,17,031,051100,1,170310511001
13.0,6.0,18.0,11.0,0.0,0.0,34.0,27.0,0.0,62.0,87.0,154.0,73.0,0.5611569713559267,0.0,0.0,485.5611569713559,17,031,051200,1,170310512001
44.0,0.0,9.0,7.0,18.0,0.0,21.0,14.0,0.0,89.0,11.0,139.0,134.0,0.7652140518489909,0.0,0.0,486.765214051849,17,031,051200,2,170310512002
0.0,0.0,44.0,38.0,13.0,129.0,24.0,80.0,35.0,0.0,88.0,57.0,209.0,0.1632456643944514,0.0,0.0,717.1632456643945,17,031,051300,1,170310513001
18.0,0.0,14.0,28.0,18.0,0.0,0.0,16.0,56.0,63.0,66.0,132.0,287.0,0.7856197598982974,0.0,0.0,698.7856197598983,17,031,051300,2,170310513002
0.0,100.0,78.0,51.0,10.0,0.0,102.0,105.0,35.0,40.0,111.0,143.0,184.0,1.816108016388272,0.0,0.0,960.8161080163883,17,031,051400,1,170310514001
29.0,0.0,55.0,19.0,0.0,39.0,9.0,15.0,43.0,108.0,41.0,67.0,69.0,0.2958827667149432,0.0,0.0,494.29588276671495,17,031,051400,2,170310514002
15.0,81.0,17.0,0.0,0.0,0.0,65.0,17.0,0.0,107.0,19.0,59.0,67.0,0.43872272306008814,0.0,0.0,447.4387227230601,17,031,060100,1,170310601001
17.0,0.0,0.0,0.0,46.0,19.0,0.0,0.0,17.0,19.0,199.0,124.0,95.0,0.44892557708474135,0.0,0.0,536.4489255770848,17,031,060100,2,170310601002
58.0,41.0,0.0,22.0,0.0,31.0,0.0,44.0,24.0,49.0,93.0,51.0,49.0,0.0,0.0,0.0,462.0,17,031,060100,3,170310601003
52.0,44.0,56.0,0.0,37.0,31.0,37.0,64.0,11.0,53.0,140.0,218.0,42.0,0.5917655334298864,0.0,0.0,785.5917655334299,17,031,060200,1,170310602001
82.0,60.0,57.0,90.0,100.0,0.0,75.0,22.0,62.0,55.0,102.0,172.0,75.0,0.1530428103697982,0.0,0.0,952.1530428103698,17,031,060200,2,170310602002
18.0,18.0,18.0,0.0,0.0,49.0,34.0,23.0,10.0,170.0,68.0,131.0,427.0,2.2650335934730133,0.0,0.0,968.265033593473,17,031,060300,1,170310603001
0.0,25.0,107.0,47.0,47.0,82.0,18.0,6.0,18.0,38.0,63.0,378.0,141.0,0.8978511541694827,0.0,0.0,970.8978511541695,17,031,060300,2,170310603002
170.0,35.0,22.0,0.0,20.0,104.0,38.0,22.0,83.0,91.0,210.0,309.0,215.0,0.6121712414791928,0.0,0.0,1319.6121712414792,17,031,060400,1,170310604001
54.0,17.0,14.0,0.0,28.0,0.0,0.0,23.0,63.0,0.0,158.0,60.0,132.0,0.5203455552573139,0.0,0.0,549.5203455552573,17,031,060400,2,170310604002
18.0,0.0,0.0,0.0,23.0,27.0,0.0,0.0,0.0,13.0,97.0,128.0,51.0,1.734485184191046,0.0,0.0,358.73448518419104,17,031,060400,3,170310604003
255.0,140.0,91.0,39.0,29.0,17.0,53.0,71.0,0.0,40.0,78.0,83.0,79.0,0.2652742046409835,0.0,0.0,975.265274204641,17,031,060500,1,170310605001
66.0,0.0,0.0,77.0,41.0,54.0,161.0,77.0,36.0,59.0,148.0,194.0,364.0,1.3875881473528369,0.0,0.0,1278.3875881473527,17,031,060800,1,170310608001
117.0,112.0,88.0,91.0,17.0,75.0,78.0,159.0,355.0,215.0,486.0,465.0,309.0,2.1425993451771745,0.0,0.0,2569.142599345177,17,031,060800,3,170310608003
0.0,0.0,41.0,55.0,49.0,30.0,90.0,0.0,47.0,66.0,120.0,127.0,108.0,0.19385422646841105,0.0,0.0,733.1938542264684,17,031,060900,1,170310609001
60.0,134.0,103.0,51.0,0.0,0.0,69.0,58.0,160.0,126.0,79.0,281.0,186.0,1.3365738772295708,0.0,0.0,1308.3365738772295,17,031,060900,3,170310609003
231.0,110.0,137.0,62.0,65.0,68.0,55.0,317.0,150.0,374.0,527.0,496.0,393.0,1.877325140536191,0.0,0.0,2986.8773251405364,17,031,060900,4,170310609004
146.0,48.0,0.0,149.0,148.0,81.0,49.0,0.0,49.0,46.0,0.0,0.0,0.0,0.0,0.0,0.0,716.0,17,031,060900,5,170310609005
107.0,8.0,18.0,64.0,38.0,8.0,140.0,103.0,40.0,91.0,75.0,251.0,231.0,0.7244026357503781,0.0,0.0,1174.7244026357503,17,031,061000,1,170310610001
46.0,39.0,33.0,58.0,77.0,39.0,39.0,37.0,42.0,60.0,107.0,197.0,201.0,0.6427798035531523,0.0,0.0,975.6427798035531,17,031,061100,1,170310611001
223.0,22.0,29.0,79.0,52.0,0.0,64.0,44.0,52.0,178.0,64.0,322.0,319.0,1.6426594979691673,0.0,0.0,1449.6426594979691,17,031,061200,1,170310612001
83.0,0.0,32.0,32.0,57.0,9.0,16.0,133.0,34.0,228.0,198.0,180.0,219.0,2.25483073944836,0.0,0.0,1223.2548307394484,17,031,061500,1,170310615001
87.0,116.0,15.0,81.0,38.0,24.0,41.0,64.0,65.0,65.0,122.0,122.0,90.0,0.5611569713559267,0.0,0.0,930.5611569713559,17,031,061800,1,170310618001
37.0,0.0,18.0,33.0,0.0,22.0,0.0,19.0,0.0,126.0,95.0,112.0,54.0,0.5101427012326606,0.0,0.0,516.5101427012327,17,031,061901,1,170310619011
94.0,0.0,21.0,0.0,21.0,0.0,93.0,82.0,139.0,51.0,89.0,206.0,124.0,0.8060254679476038,0.0,0.0,920.8060254679476,17,031,061901,2,170310619012
88.0,17.0,0.0,0.0,88.0,0.0,85.0,89.0,0.0,22.0,39.0,73.0,80.0,0.0,0.0,0.0,581.0,17,031,061901,3,170310619013
242.0,49.0,128.0,27.0,145.0,180.0,57.0,71.0,130.0,25.0,22.0,0.0,23.0,0.27547705866563676,0.0,0.0,1099.2754770586657,17,031,061901,4,170310619014
68.0,102.0,49.0,61.0,35.0,40.0,132.0,39.0,0.0,84.0,84.0,0.0,64.0,0.21425993451771747,0.0,0.0,758.2142599345177,17,031,061902,1,170310619021
178.0,53.0,174.0,113.0,143.0,24.0,84.0,77.0,83.0,113.0,141.0,20.0,0.0,1.203936774909079,0.0,0.0,1204.2039367749092,17,031,061902,2,170310619022
122.0,21.0,29.0,0.0,171.0,41.0,37.0,37.0,68.0,145.0,137.0,102.0,166.0,0.45912843110939455,0.0,0.0,1076.4591284311093,17,031,061902,3,170310619023
61.0,37.0,0.0,27.0,47.0,110.0,68.0,82.0,106.0,102.0,222.0,193.0,338.0,0.9590682783174019,0.0,0.0,1393.9590682783173,17,031,062000,1,170310620001
16.0,62.0,0.0,20.0,34.0,54.0,0.0,38.0,27.0,89.0,135.0,214.0,51.0,0.7039969277010717,0.0,0.0,740.703996927701,17,031,062000,2,170310620002
53.0,0.0,30.0,20.0,0.0,17.0,0.0,0.0,0.0,20.0,25.0,96.0,81.0,0.4081141609861285,0.0,0.0,342.40811416098614,17,031,062100,1,170310621001
101.0,35.0,0.0,75.0,21.0,18.0,21.0,16.0,0.0,54.0,220.0,39.0,169.0,1.4079938554021434,0.0,0.0,770.4079938554022,17,031,062100,2,170310621002
127.0,76.0,0.0,27.0,57.0,13.0,64.0,31.0,0.0,93.0,87.0,135.0,179.0,1.5916452278459012,0.0,0.0,890.5916452278459,17,031,062100,3,170310621003
147.0,0.0,9.0,0.0,0.0,29.0,0.0,125.0,31.0,49.0,103.0,295.0,309.0,1.877325140536191,0.0,0.0,1098.8773251405362,17,031,062200,1,170310622001
41.0,0.0,31.0,11.0,11.0,0.0,0.0,63.0,21.0,59.0,47.0,173.0,210.0,1.1223139427118534,0.0,0.0,668.1223139427118,17,031,062200,2,170310622002
14.0,151.0,0.0,94.0,0.0,12.0,44.0,29.0,9.0,74.0,71.0,119.0,376.0,0.8264311759969102,0.0,0.0,993.826431175997,17,031,062300,1,170310623001
27.0,67.0,101.0,2.0,15.0,42.0,22.0,15.0,13.0,65.0,150.0,168.0,137.0,1.96915082675807,0.0,0.0,825.9691508267581,17,031,062400,1,170310624001
36.0,34.0,0.0,28.0,8.0,28.0,8.0,30.0,104.0,76.0,56.0,178.0,265.0,0.673388365627112,0.0,0.0,851.6733883656271,17,031,062500,1,170310625001
28.0,74.0,38.0,81.0,28.0,14.0,59.0,33.0,45.0,246.0,241.0,329.0,184.0,0.8774454461201763,0.0,0.0,1400.8774454461202,17,031,062600,1,170310626001
0.0,12.0,0.0,0.0,18.0,37.0,0.0,0.0,0.0,80.0,69.0,90.0,137.0,0.18365137244375782,0.0,0.0,443.18365137244376,17,031,062700,1,170310627001
0.0,0.0,0.0,23.0,71.0,13.0,23.0,21.0,0.0,0.0,142.0,186.0,68.0,0.18365137244375782,0.0,0.0,547.1836513724437,17,031,062700,2,170310627002
156.0,88.0,68.0,15.0,15.0,48.0,17.0,0.0,0.0,46.0,30.0,94.0,151.0,0.8264311759969102,0.0,0.0,728.826431175997,17,031,062700,3,170310627003
131.0,0.0,40.0,0.0,17.0,0.0,58.0,86.0,0.0,20.0,12.0,83.0,164.0,0.4081141609861285,0.0,0.0,611.4081141609861,17,031,062800,1,170310628001
69.0,0.0,19.0,0.0,0.0,22.0,0.0,49.0,0.0,74.0,150.0,170.0,19.0,0.9998796944160149,0.0,0.0,572.999879694416,17,031,062800,2,170310628002
36.0,31.0,84.0,63.0,36.0,0.0,0.0,15.0,38.0,43.0,59.0,230.0,173.0,2.928219105075472,0.0,0.0,810.9282191050755,17,031,062800,3,170310628003
29.0,0.0,0.0,61.0,18.0,20.0,0.0,41.0,0.0,25.0,0.0,206.0,162.0,2.2344250313990535,0.0,0.0,564.234425031399,17,031,062900,1,170310629001
0.0,38.0,81.0,14.0,59.0,57.0,0.0,0.0,0.0,110.0,69.0,120.0,179.0,0.2652742046409835,0.0,0.0,727.265274204641,17,031,062900,2,170310629002
108.0,0.0,0.0,0.0,0.0,75.0,0.0,16.0,43.0,166.0,208.0,133.0,135.0,1.3773852933281836,0.0,0.0,885.3773852933282,17,031,062900,3,170310629003
93.0,52.0,78.0,13.0,48.0,29.0,95.0,0.0,54.0,59.0,130.0,201.0,87.0,1.2549510450323451,0.0,0.0,940.2549510450324,17,031,063000,1,170310630001
78.0,12.0,50.0,53.0,29.0,13.0,34.0,78.0,43.0,13.0,34.0,149.0,165.0,1.0815025266132405,0.0,0.0,752.0815025266132,17,031,063000,2,170310630002
99.0,0.0,0.0,22.0,0.0,14.0,0.0,14.0,45.0,52.0,45.0,56.0,117.0,0.3162884747642496,0.0,0.0,464.31628847476424,17,031,063000,3,170310630003
79.0,0.0,21.0,12.0,0.0,32.0,74.0,28.0,0.0,88.0,206.0,246.0,114.0,1.1427196507611599,0.0,0.0,901.1427196507611,17,031,063100,1,170310631001
201.0,40.0,73.0,6.0,10.0,60.0,33.0,12.0,0.0,80.0,62.0,57.0,73.0,0.673388365627112,0.0,0.0,707.6733883656271,17,031,063100,2,170310631002
94.0,46.0,14.0,0.0,217.0,24.0,15.0,40.0,120.0,65.0,179.0,71.0,66.0,0.2550713506163303,0.0,0.0,951.2550713506163,17,031,063200,1,170310632001
0.0,25.0,0.0,41.0,0.0,79.0,0.0,0.0,33.0,198.0,0.0,15.0,104.0,1.061096818563934,0.0,0.0,496.06109681856395,17,031,063200,2,170310632002
25.0,35.0,43.0,0.0,43.0,0.0,65.0,100.0,86.0,110.0,48.0,235.0,0.0,0.010202854024653213,0.0,0.0,790.0102028540247,17,031,063200,3,170310632003
203.0,0.0,21.0,0.0,89.0,0.0,45.0,89.0,13.0,60.0,47.0,74.0,174.0,0.42851986903543493,0.0,0.0,815.4285198690354,17,031,063200,4,170310632004
76.0,36.0,38.0,0.0,111.0,0.0,0.0,0.0,23.0,102.0,110.0,61.0,61.0,0.0,0.0,0.0,618.0,17,031,063200,5,170310632005
252.0,164.0,0.0,32.0,0.0,56.0,248.0,48.0,124.0,73.0,148.0,110.0,244.0,1.5916452278459012,0.0,0.0,1500.591645227846,17,031,063200,6,170310632006
67.0,131.0,47.0,42.0,86.0,0.0,120.0,73.0,0.0,36.0,119.0,102.0,106.0,1.1835310668597727,0.0,0.0,930.1835310668598,17,031,063301,1,170310633011
88.0,0.0,15.0,65.0,17.0,0.0,12.0,56.0,34.0,167.0,136.0,59.0,0.0,0.12243424829583854,0.0,0.0,649.1224342482958,17,031,063301,2,170310633012
260.0,40.0,10.0,92.0,0.0,0.0,34.0,63.0,21.0,52.0,73.0,92.0,13.0,0.18365137244375782,0.0,0.0,750.1836513724437,17,031,063301,3,170310633013
18.0,27.0,0.0,0.0,0.0,0.0,0.0,57.0,147.0,176.0,334.0,246.0,119.0,1.6120509358952075,0.0,0.0,1125.6120509358952,17,031,063302,1,170310633021
19.0,20.0,0.0,0.0,42.0,16.0,0.0,62.0,63.0,81.0,229.0,207.0,205.0,0.42851986903543493,0.0,0.0,944.4285198690354,17,031,063302,2,170310633022
58.0,20.0,18.0,0.0,0.0,17.0,0.0,88.0,0.0,40.0,37.0,72.0,117.0,0.18365137244375782,0.0,0.0,467.18365137244376,17,031,063302,3,170310633023
135.0,16.0,97.0,68.0,0.0,108.0,14.0,75.0,34.0,93.0,97.0,64.0,0.0,0.22446278854237067,0.0,0.0,801.2244627885424,17,031,063302,4,170310633024
30.0,4.0,8.0,69.0,33.0,27.0,37.0,42.0,0.0,4.0,58.0,78.0,19.0,0.04081141609861285,0.0,0.0,409.0408114160986,17,031,063303,1,170310633031
20.0,0.0,9.0,20.0,9.0,8.0,19.0,0.0,13.0,95.0,49.0,162.0,97.0,0.11223139427118534,0.0,0.0,501.1122313942712,17,031,063303,2,170310633032
223.0,13.0,10.0,57.0,0.0,24.0,24.0,24.0,0.0,77.0,70.0,211.0,121.0,0.3877084529368221,0.0,0.0,854.3877084529369,17,031,063400,1,170310634001
57.0,25.0,0.0,27.0,50.0,27.0,0.0,147.0,0.0,122.0,43.0,252.0,55.0,0.45912843110939455,0.0,0.0,805.4591284311094,17,031,063400,2,170310634002
68.0,17.0,25.0,0.0,17.0,0.0,63.0,0.0,0.0,62.0,150.0,319.0,214.0,0.1734485184191046,0.0,0.0,935.1734485184191,17,031,070101,1,170310701011
61.0,22.0,98.0,22.0,92.0,20.0,74.0,65.0,51.0,47.0,88.0,259.0,49.0,1.0202854024653212,0.0,0.0,949.0202854024653,17,031,070101,2,170310701012
316.0,193.0,45.0,0.0,0.0,91.0,15.0,108.0,49.0,105.0,73.0,27.0,88.0,0.1530428103697982,0.0,0.0,1110.1530428103697,17,031,070101,3,170310701013
67.0,87.0,38.0,78.0,0.0,63.0,22.0,83.0,0.0,98.0,94.0,117.0,98.0,1.1733282128351195,0.0,0.0,846.1733282128351,17,031,070102,1,170310701021
86.0,14.0,0.0,0.0,34.0,0.0,16.0,84.0,0.0,62.0,14.0,60.0,86.0,0.5407512633066203,0.0,0.0,456.5407512633066,17,031,070102,2,170310701022
9.0,0.0,12.0,21.0,12.0,9.0,25.0,83.0,39.0,60.0,105.0,238.0,83.0,0.43872272306008814,0.0,0.0,696.4387227230601,17,031,070102,3,170310701023
91.0,61.0,0.0,23.0,94.0,9.0,28.0,45.0,31.0,58.0,139.0,178.0,23.0,0.09182568622187891,0.0,0.0,780.0918256862219,17,031,070103,1,170310701031
100.0,53.0,22.0,31.0,10.0,15.0,64.0,19.0,71.0,102.0,94.0,76.0,9.0,0.0,0.0,0.0,666.0,17,031,070103,2,170310701032
92.0,80.0,133.0,0.0,57.0,0.0,28.0,0.0,21.0,0.0,161.0,209.0,323.0,0.0,0.0,0.0,1104.0,17,031,070200,1,170310702001
0.0,98.0,0.0,0.0,0.0,30.0,0.0,54.0,84.0,0.0,112.0,96.0,116.0,2.1425993451771745,0.0,0.0,592.1425993451771,17,031,070200,2,170310702002
88.0,34.0,34.0,33.0,52.0,20.0,59.0,50.0,0.0,44.0,109.0,144.0,46.0,0.1734485184191046,0.0,0.0,713.1734485184191,17,031,070200,3,170310702003
279.0,0.0,0.0,0.0,76.0,28.0,51.0,68.0,26.0,70.0,225.0,163.0,281.0,1.9385422646841104,0.0,0.0,1268.9385422646842,17,031,070300,1,170310703001
194.0,25.0,27.0,0.0,0.0,43.0,35.0,0.0,33.0,137.0,77.0,117.0,75.0,1.1631253588104662,0.0,0.0,764.1631253588105,17,031,070300,2,170310703002
344.0,183.0,57.0,103.0,14.0,40.0,0.0,26.0,22.0,61.0,59.0,78.0,91.0,0.336694182813556,0.0,0.0,1078.3366941828135,17,031,070400,1,170310704001
93.0,0.0,17.0,0.0,15.0,88.0,0.0,0.0,0.0,64.0,113.0,15.0,102.0,0.7448083437996845,0.0,0.0,507.74480834379966,17,031,070400,2,170310704002
37.0,21.0,43.0,0.0,0.0,0.0,0.0,0.0,21.0,48.0,62.0,92.0,132.0,0.8264311759969102,0.0,0.0,456.8264311759969,17,031,070400,3,170310704003
0.0,12.0,0.0,0.0,0.0,120.0,0.0,97.0,15.0,56.0,112.0,54.0,64.0,0.1530428103697982,0.0,0.0,530.1530428103698,17,031,070500,1,170310705001
83.0,104.0,13.0,109.0,0.0,85.0,10.0,56.0,0.0,0.0,54.0,41.0,46.0,0.27547705866563676,0.0,0.0,601.2754770586656,17,031,070500,2,170310705002
81.0,0.0,17.0,0.0,0.0,0.0,35.0,0.0,30.0,17.0,20.0,40.0,20.0,0.5917655334298864,0.0,0.0,260.5917655334299,17,031,070500,3,170310705003
17.0,0.0,0.0,0.0,0.0,22.0,0.0,19.0,39.0,166.0,68.0,112.0,200.0,1.2243424829583855,0.0,0.0,644.2243424829584,17,031,070600,1,170310706001
40.0,15.0,0.0,0.0,18.0,15.0,56.0,11.0,22.0,0.0,112.0,271.0,90.0,0.9182568622187891,0.0,0.0,650.9182568622188,17,031,070600,2,170310706002
17.0,71.0,15.0,99.0,17.0,155.0,38.0,86.0,79.0,43.0,96.0,306.0,135.0,2.4180764038428113,0.0,0.0,1159.4180764038429,17,031,070700,1,170310707001
273.0,53.0,66.0,0.0,53.0,0.0,0.0,49.0,0.0,21.0,101.0,53.0,139.0,0.3877084529368221,0.0,0.0,808.3877084529369,17,031,070700,2,170310707002
122.0,0.0,79.0,0.0,0.0,28.0,0.0,0.0,0.0,22.0,0.0,71.0,31.0,0.5815626794052331,0.0,0.0,353.58156267940524,17,031,071000,1,170310710001
59.0,56.0,0.0,18.0,38.0,22.0,18.0,15.0,40.0,222.0,115.0,338.0,340.0,1.1325167967365066,0.0,0.0,1282.1325167967366,17,031,071000,2,170310710002
0.0,16.0,76.0,0.0,0.0,32.0,0.0,0.0,13.0,0.0,132.0,122.0,97.0,1.9079337026101508,0.0,0.0,489.90793370261014,17,031,071100,1,170310711001
144.0,14.0,0.0,89.0,0.0,26.0,84.0,0.0,69.0,110.0,118.0,108.0,163.0,0.43872272306008814,0.0,0.0,925.4387227230601,17,031,071100,2,170310711002
79.0,39.0,33.0,0.0,0.0,30.0,35.0,0.0,33.0,39.0,39.0,68.0,152.0,1.775296600289659,0.0,0.0,548.7752966002896,17,031,071200,1,170310712001
184.0,100.0,17.0,16.0,17.0,0.0,39.0,19.0,16.0,12.0,64.0,198.0,73.0,0.816228321972257,0.0,0.0,755.8162283219723,17,031,071200,2,170310712002
63.0,67.0,0.0,17.0,63.0,61.0,15.0,17.0,90.0,26.0,19.0,215.0,230.0,1.3875881473528369,0.0,0.0,884.3875881473529,17,031,071300,1,170310713001
111.0,52.0,34.0,121.0,34.0,160.0,107.0,53.0,0.0,127.0,137.0,257.0,208.0,0.2448684965916771,0.0,0.0,1401.2448684965916,17,031,071300,2,170310713002
74.0,61.0,55.0,16.0,18.0,37.0,0.0,32.0,0.0,26.0,141.0,20.0,40.0,0.46933128513404776,0.0,0.0,520.4693312851341,17,031,071400,1,170310714001
234.0,97.0,79.0,41.0,0.0,94.0,0.0,80.0,19.0,80.0,147.0,145.0,158.0,1.6120509358952075,0.0,0.0,1175.6120509358952,17,031,071400,2,170310714002
15.0,37.0,39.0,14.0,14.0,0.0,0.0,146.0,52.0,131.0,174.0,136.0,108.0,0.8264311759969102,0.0,0.0,866.826431175997,17,031,071400,3,170310714003
23.0,0.0,91.0,48.0,0.0,0.0,49.0,21.0,0.0,66.0,96.0,76.0,43.0,0.5713598253805799,0.0,0.0,513.5713598253806,17,031,071400,4,170310714004
0.0,19.0,0.0,19.0,18.0,18.0,18.0,16.0,0.0,18.0,138.0,129.0,77.0,0.47953413915870097,0.0,0.0,470.4795341391587,17,031,071500,1,170310715001
84.0,0.0,18.0,39.0,0.0,17.0,0.0,75.0,18.0,52.0,80.0,167.0,169.0,0.7448083437996845,0.0,0.0,719.7448083437997,17,031,071500,2,170310715002
84.0,19.0,62.0,88.0,0.0,81.0,67.0,19.0,60.0,139.0,118.0,121.0,262.0,0.9896768403913616,0.0,0.0,1120.9896768403914,17,031,071500,3,170310715003
33.0,54.0,24.0,0.0,0.0,0.0,33.0,60.0,0.0,56.0,128.0,210.0,191.0,0.47953413915870097,0.0,0.0,789.4795341391587,17,031,071500,4,170310715004
73.0,0.0,88.0,0.0,0.0,0.0,0.0,0.0,0.0,49.0,31.0,109.0,32.0,0.1734485184191046,0.0,0.0,382.1734485184191,17,031,071500,5,170310715005
22.0,26.0,0.0,56.0,0.0,18.0,0.0,0.0,66.0,114.0,86.0,143.0,66.0,0.22446278854237067,0.0,0.0,597.2244627885424,17,031,071500,6,170310715006
144.0,48.0,24.0,98.0,48.0,64.0,21.0,0.0,38.0,31.0,67.0,177.0,124.0,0.8978511541694827,0.0,0.0,884.8978511541695,17,031,071600,1,170310716001
0.0,0.0,49.0,41.0,0.0,59.0,0.0,0.0,9.0,41.0,105.0,93.0,88.0,0.3468970368382092,0.0,0.0,485.3468970368382,17,031,071700,1,170310717001
60.0,0.0,50.0,0.0,24.0,43.0,12.0,0.0,0.0,14.0,24.0,40.0,168.0,1.1733282128351195,0.0,0.0,436.17332821283514,17,031,071700,2,170310717002
142.0,96.0,0.0,19.0,24.0,99.0,89.0,0.0,29.0,0.0,58.0,125.0,234.0,2.2650335934730133,0.0,0.0,917.265033593473,17,031,071800,1,170310718001
0.0,22.0,0.0,0.0,0.0,22.0,0.0,20.0,0.0,31.0,156.0,51.0,0.0,0.6529826575778056,0.0,0.0,302.6529826575778,17,031,071800,2,170310718002
190.0,0.0,0.0,0.0,0.0,0.0,0.0,41.0,68.0,106.0,0.0,0.0,260.0,0.0,0.0,0.0,665.0,17,031,080100,1,170310801001
68.0,37.0,0.0,72.0,0.0,0.0,40.0,0.0,0.0,0.0,148.0,345.0,0.0,0.7958226139229506,0.0,0.0,710.795822613923,17,031,080100,2,170310801002
0.0,0.0,29.0,29.0,0.0,56.0,36.0,65.0,67.0,0.0,60.0,284.0,116.0,0.23466564256702388,0.0,0.0,742.234665642567,17,031,080100,3,170310801003
32.0,50.0,66.0,0.0,0.0,0.0,30.0,0.0,0.0,118.0,41.0,0.0,97.0,0.0,0.0,0.0,434.0,17,031,080100,4,170310801004
20.0,0.0,0.0,0.0,0.0,148.0,0.0,16.0,35.0,64.0,171.0,73.0,124.0,1.2243424829583855,0.0,0.0,652.2243424829584,17,031,080100,5,170310801005
53.0,0.0,0.0,27.0,55.0,0.0,24.0,0.0,31.0,205.0,52.0,135.0,142.0,0.0,0.0,0.0,724.0,17,031,080100,6,170310801006
0.0,0.0,0.0,27.0,0.0,0.0,0.0,40.0,0.0,0.0,59.0,134.0,61.0,0.0,0.0,0.0,321.0,17,031,080100,7,170310801007
64.0,77.0,64.0,20.0,84.0,97.0,41.0,53.0,70.0,100.0,238.0,138.0,298.0,0.18365137244375782,0.0,0.0,1344.1836513724438,17,031,080201,1,170310802011
29.0,11.0,0.0,14.0,18.0,49.0,65.0,85.0,0.0,157.0,200.0,308.0,84.0,0.8468368840462166,0.0,0.0,1020.8468368840462,17,031,080201,2,170310802012
0.0,0.0,15.0,21.0,0.0,0.0,13.0,19.0,42.0,0.0,19.0,39.0,18.0,0.3060856207395964,0.0,0.0,186.3060856207396,17,031,080201,3,170310802013
35.0,18.0,27.0,0.0,0.0,0.0,29.0,0.0,0.0,100.0,52.0,77.0,161.0,0.2448684965916771,0.0,0.0,499.24486849659166,17,031,080202,1,170310802021
46.0,60.0,90.0,39.0,0.0,0.0,0.0,0.0,53.0,102.0,118.0,154.0,132.0,0.1734485184191046,0.0,0.0,794.1734485184191,17,031,080202,2,170310802022
93.0,0.0,22.0,0.0,54.0,49.0,77.0,207.0,24.0,218.0,119.0,149.0,96.0,1.7548908922403526,0.0,0.0,1109.7548908922404,17,031,080202,3,170310802023
14.0,20.0,0.0,0.0,0.0,111.0,37.0,0.0,20.0,0.0,20.0,144.0,41.0,0.0,0.0,0.0,407.0,17,031,080300,1,170310803001
221.0,27.0,30.0,19.0,0.0,69.0,0.0,0.0,20.0,36.0,73.0,340.0,252.0,0.6325769495284992,0.0,0.0,1087.6325769495286,17,031,080300,2,170310803002
58.0,0.0,0.0,51.0,29.0,0.0,36.0,0.0,0.0,26.0,0.0,100.0,180.0,0.6427798035531523,0.0,0.0,480.64277980355314,17,031,080300,3,170310803003
148.0,0.0,0.0,23.0,0.0,0.0,23.0,23.0,0.0,0.0,113.0,180.0,225.0,0.5713598253805799,0.0,0.0,735.5713598253806,17,031,080300,4,170310803004
1463.0,85.0,134.0,0.0,127.0,69.0,0.0,0.0,44.0,60.0,97.0,139.0,37.0,0.9182568622187891,0.0,0.0,2255.9182568622186,17,031,080400,1,170310804001
495.0,27.0,0.0,94.0,0.0,0.0,0.0,41.0,0.0,0.0,0.0,0.0,0.0,0.0,0.0,0.0,657.0,17,031,080400,2,170310804002
0.0,0.0,0.0,0.0,64.0,0.0,0.0,0.0,0.0,80.0,0.0,0.0,0.0,1.5304281036979819,0.0,0.0,145.53042810369797,17,031,080400,3,170310804003
18.0,0.0,0.0,0.0,0.0,0.0,0.0,0.0,0.0,68.0,36.0,24.0,79.0,0.45912843110939455,0.0,0.0,225.4591284311094,17,031,081000,1,170310810001
99.0,30.0,0.0,0.0,0.0,0.0,76.0,48.0,17.0,46.0,65.0,414.0,243.0,0.0,0.0,0.0,1038.0,17,031,081000,2,170310810002
113.0,19.0,0.0,83.0,0.0,23.0,21.0,79.0,79.0,26.0,45.0,185.0,0.0,0.0,0.0,0.0,673.0,17,031,081000,3,170310810003
255.0,146.0,0.0,116.0,127.0,32.0,49.0,40.0,0.0,66.0,26.0,163.0,69.0,0.0,0.0,0.0,1089.0,17,031,081000,4,170310810004
319.0,163.0,162.0,107.0,0.0,0.0,108.0,0.0,0.0,75.0,91.0,129.0,105.0,0.5917655334298864,0.0,0.0,1259.59176553343,17,031,081000,5,170310810005
346.0,74.0,104.0,160.0,28.0,0.0,0.0,34.0,0.0,71.0,127.0,170.0,141.0,0.0,0.0,0.0,1255.0,17,031,081000,6,170310810006
20.0,23.0,17.0,89.0,27.0,17.0,22.0,0.0,0.0,22.0,238.0,74.0,60.0,1.6120509358952075,0.0,0.0,610.6120509358952,17,031,081100,1,170310811001
288.0,291.0,39.0,16.0,0.0,91.0,25.0,35.0,0.0,17.0,47.0,56.0,182.0,1.1835310668597727,0.0,0.0,1088.1835310668598,17,031,081100,2,170310811002
216.0,35.0,54.0,18.0,91.0,121.0,0.0,33.0,87.0,128.0,17.0,124.0,163.0,0.1530428103697982,0.0,0.0,1087.1530428103697,17,031,081100,3,170310811003
0.0,0.0,25.0,29.0,34.0,0.0,32.0,27.0,0.0,67.0,75.0,0.0,115.0,0.6631855116024589,0.0,0.0,404.6631855116025,17,031,081201,1,170310812011
111.0,29.0,61.0,0.0,0.0,99.0,26.0,83.0,33.0,226.0,169.0,94.0,85.0,0.2448684965916771,0.0,0.0,1016.2448684965917,17,031,081201,2,170310812012
58.0,213.0,113.0,48.0,58.0,21.0,83.0,0.0,0.0,170.0,285.0,137.0,157.0,0.9794739863667083,0.0,0.0,1343.9794739863667,17,031,081201,3,170310812013
24.0,0.0,0.0,13.0,0.0,43.0,0.0,0.0,0.0,52.0,52.0,27.0,0.0,0.0,0.0,0.0,211.0,17,031,081202,1,170310812021
0.0,0.0,14.0,36.0,30.0,10.0,89.0,30.0,10.0,11.0,109.0,176.0,29.0,0.3264913287889028,0.0,0.0,544.3264913287888,17,031,081202,2,170310812022
33.0,0.0,14.0,26.0,102.0,134.0,51.0,56.0,49.0,60.0,69.0,84.0,233.0,0.0,0.0,0.0,911.0,17,031,081202,3,170310812023
7.0,15.0,17.0,0.0,0.0,84.0,0.0,35.0,21.0,52.0,39.0,56.0,107.0,0.27547705866563676,0.0,0.0,433.2754770586656,17,031,081202,4,170310812024
65.0,20.0,0.0,29.0,65.0,43.0,78.0,16.0,0.0,24.0,33.0,75.0,86.0,0.8876483001448295,0.0,0.0,534.8876483001449,17,031,081300,1,170310813001
0.0,36.0,52.0,0.0,24.0,0.0,0.0,0.0,0.0,0.0,95.0,35.0,109.0,0.3162884747642496,0.0,0.0,351.31628847476424,17,031,081300,2,170310813002
0.0,0.0,0.0,0.0,0.0,54.0,20.0,25.0,25.0,50.0,57.0,70.0,56.0,1.3875881473528369,0.0,0.0,358.38758814735286,17,031,081300,3,170310813003
174.0,81.0,28.0,22.0,49.0,65.0,23.0,39.0,69.0,58.0,139.0,155.0,125.0,1.061096818563934,0.0,0.0,1028.061096818564,17,031,081300,4,170310813004
0.0,0.0,0.0,0.0,0.0,0.0,31.0,0.0,0.0,47.0,36.0,191.0,27.0,0.0,0.0,0.0,332.0,17,031,081300,5,170310813005
0.0,0.0,44.0,0.0,24.0,0.0,0.0,28.0,0.0,0.0,47.0,92.0,81.0,0.49993984720800744,0.0,0.0,316.499939847208,17,031,081300,6,170310813006
77.0,39.0,69.0,95.0,25.0,0.0,0.0,27.0,0.0,90.0,42.0,93.0,84.0,1.3977910013774901,0.0,0.0,642.3977910013775,17,031,081401,1,170310814011
285.0,63.0,84.0,103.0,22.0,19.0,12.0,16.0,19.0,95.0,22.0,84.0,179.0,2.2242221773744,0.0,0.0,1005.2242221773744,17,031,081401,2,170310814012
0.0,24.0,68.0,0.0,43.0,38.0,120.0,24.0,63.0,144.0,432.0,94.0,131.0,2.0813822210292554,0.0,0.0,1183.0813822210293,17,031,081402,1,170310814021
170.0,25.0,24.0,0.0,0.0,44.0,83.0,18.0,0.0,82.0,136.0,25.0,97.0,0.9896768403913616,0.0,0.0,704.9896768403913,17,031,081402,2,170310814022
72.0,0.0,0.0,0.0,152.0,0.0,0.0,16.0,78.0,26.0,0.0,109.0,26.0,0.5611569713559267,0.0,0.0,479.5611569713559,17,031,081402,3,170310814023
302.0,0.0,177.0,44.0,0.0,198.0,59.0,177.0,46.0,237.0,203.0,374.0,40.0,0.07141997817257249,0.0,0.0,1857.0714199781726,17,031,081403,1,170310814031
142.0,42.0,42.0,0.0,58.0,97.0,34.0,139.0,69.0,145.0,176.0,0.0,101.0,0.45912843110939455,0.0,0.0,1045.4591284311093,17,031,081403,2,170310814032
98.0,108.0,0.0,62.0,81.0,33.0,0.0,18.0,0.0,0.0,529.0,416.0,545.0,0.4081141609861285,0.0,0.0,1890.408114160986,17,031,081403,3,170310814033
18.0,53.0,0.0,0.0,0.0,64.0,0.0,34.0,61.0,115.0,288.0,188.0,109.0,0.7141997817257248,0.0,0.0,930.7141997817257,17,031,081500,1,170310815001
226.0,0.0,14.0,0.0,29.0,26.0,0.0,45.0,24.0,26.0,34.0,141.0,151.0,0.7754169058736442,0.0,0.0,716.7754169058736,17,031,081500,2,170310815002
193.0,48.0,129.0,22.0,99.0,0.0,0.0,0.0,46.0,67.0,73.0,151.0,135.0,1.4181967094267967,0.0,0.0,964.4181967094268,17,031,081500,3,170310815003
184.0,39.0,94.0,31.0,35.0,66.0,78.0,0.0,39.0,149.0,200.0,297.0,47.0,1.1631253588104662,0.0,0.0,1260.1631253588105,17,031,081600,1,170310816001
178.0,30.0,0.0,0.0,0.0,20.0,89.0,0.0,0.0,17.0,154.0,130.0,84.0,0.5917655334298864,0.0,0.0,702.5917655334299,17,031,081600,2,170310816002
26.0,18.0,0.0,110.0,0.0,0.0,0.0,0.0,0.0,80.0,86.0,169.0,200.0,0.2652742046409835,0.0,0.0,689.265274204641,17,031,081700,1,170310817001
95.0,37.0,97.0,146.0,0.0,103.0,133.0,155.0,0.0,277.0,183.0,242.0,270.0,2.356859279694892,0.0,0.0,1740.3568592796948,17,031,081700,2,170310817002
102.0,104.0,0.0,97.0,0.0,0.0,71.0,172.0,118.0,98.0,250.0,406.0,498.0,3.601607470702584,0.0,0.0,1919.6016074707027,17,031,081800,1,170310818001
194.0,0.0,0.0,59.0,38.0,94.0,93.0,0.0,102.0,219.0,153.0,609.0,351.0,0.6325769495284992,0.0,0.0,1912.6325769495286,17,031,081800,2,170310818002
187.0,0.0,32.0,0.0,0.0,0.0,26.0,0.0,12.0,0.0,208.0,239.0,131.0,1.1835310668597727,0.0,0.0,836.1835310668598,17,031,081800,3,170310818003
224.0,60.0,10.0,40.0,8.0,0.0,0.0,10.0,20.0,48.0,20.0,98.0,68.0,0.9794739863667083,0.0,0.0,606.9794739863667,17,031,081900,1,170310819001
0.0,31.0,0.0,45.0,0.0,50.0,101.0,21.0,33.0,94.0,101.0,239.0,89.0,0.5407512633066203,0.0,0.0,804.5407512633067,17,031,090100,1,170310901001
29.0,32.0,55.0,32.0,0.0,49.0,0.0,38.0,90.0,161.0,164.0,96.0,58.0,0.20405708049306426,0.0,0.0,804.204057080493,17,031,090100,2,170310901002
0.0,0.0,32.0,24.0,27.0,124.0,0.0,27.0,0.0,59.0,17.0,69.0,62.0,1.0100825484406681,0.0,0.0,442.01008254844066,17,031,090100,3,170310901003
40.0,27.0,19.0,23.0,0.0,16.0,0.0,16.0,50.0,0.0,44.0,53.0,80.0,0.46933128513404776,0.0,0.0,368.46933128513405,17,031,090100,4,170310901004
44.0,0.0,35.0,38.0,0.0,128.0,41.0,128.0,0.0,64.0,35.0,224.0,86.0,0.0,0.0,0.0,823.0,17,031,090200,1,170310902001
30.0,65.0,30.0,0.0,0.0,0.0,63.0,0.0,32.0,0.0,101.0,183.0,304.0,2.3670621337195454,0.0,0.0,810.3670621337195,17,031,090200,2,170310902002
26.0,0.0,47.0,96.0,161.0,88.0,84.0,49.0,47.0,108.0,217.0,323.0,215.0,0.8774454461201763,0.0,0.0,1461.8774454461202,17,031,090200,3,170310902003
32.0,49.0,27.0,53.0,0.0,148.0,154.0,27.0,0.0,141.0,258.0,348.0,111.0,0.9590682783174019,0.0,0.0,1348.9590682783173,17,031,090200,4,170310902004
0.0,0.0,32.0,0.0,0.0,26.0,61.0,0.0,0.0,26.0,0.0,0.0,61.0,0.0,0.0,0.0,206.0,17,031,090200,5,170310902005
35.0,17.0,12.0,149.0,22.0,25.0,22.0,66.0,35.0,93.0,55.0,284.0,185.0,0.7244026357503781,0.0,0.0,1000.7244026357504,17,031,090300,1,170310903001
31.0,77.0,144.0,0.0,27.0,31.0,58.0,0.0,0.0,54.0,115.0,94.0,63.0,0.9182568622187891,0.0,0.0,694.9182568622188,17,031,100100,1,170311001001
152.0,47.0,0.0,39.0,36.0,113.0,157.0,31.0,65.0,39.0,497.0,260.0,34.0,0.0,0.0,0.0,1470.0,17,031,100100,2,170311001002
31.0,0.0,31.0,98.0,0.0,35.0,0.0,66.0,120.0,104.0,33.0,140.0,46.0,0.9692711323420552,0.0,0.0,704.9692711323421,17,031,100100,3,170311001003
0.0,52.0,0.0,0.0,55.0,0.0,0.0,0.0,0.0,0.0,193.0,49.0,101.0,1.734485184191046,0.0,0.0,451.73448518419104,17,031,100100,4,170311001004
141.0,93.0,135.0,0.0,51.0,114.0,0.0,0.0,0.0,0.0,45.0,246.0,186.0,1.1631253588104662,0.0,0.0,1012.1631253588105,17,031,100100,5,170311001005
43.0,130.0,0.0,0.0,0.0,137.0,73.0,100.0,68.0,73.0,57.0,144.0,272.0,0.673388365627112,0.0,0.0,1097.673388365627,17,031,100200,1,170311002001
0.0,0.0,0.0,0.0,0.0,0.0,0.0,0.0,56.0,0.0,0.0,211.0,179.0,0.4081141609861285,0.0,0.0,446.40811416098614,17,031,100200,2,170311002002
0.0,44.0,0.0,50.0,50.0,0.0,154.0,68.0,0.0,0.0,234.0,142.0,50.0,2.9996390832480446,0.0,0.0,794.9996390832481,17,031,100200,3,170311002003
70.0,0.0,37.0,0.0,30.0,0.0,32.0,117.0,0.0,121.0,80.0,300.0,0.0,0.0,0.0,0.0,787.0,17,031,100200,4,170311002004
0.0,0.0,103.0,49.0,0.0,0.0,69.0,61.0,27.0,32.0,58.0,164.0,50.0,1.3161681691802645,0.0,0.0,614.3161681691803,17,031,100200,5,170311002005
34.0,48.0,0.0,54.0,0.0,0.0,0.0,0.0,0.0,34.0,34.0,421.0,215.0,0.9896768403913616,0.0,0.0,840.9896768403913,17,031,100200,6,170311002006
22.0,0.0,90.0,0.0,118.0,44.0,0.0,0.0,0.0,37.0,33.0,105.0,22.0,0.0,0.0,0.0,471.0,17,031,100200,7,170311002007
61.0,0.0,169.0,26.0,0.0,0.0,0.0,0.0,0.0,0.0,102.0,99.0,78.0,1.2855596071063047,0.0,0.0,536.2855596071063,17,031,100300,1,170311003001
35.0,0.0,0.0,30.0,40.0,0.0,35.0,33.0,0.0,249.0,176.0,49.0,95.0,0.673388365627112,0.0,0.0,742.6733883656271,17,031,100300,2,170311003002
57.0,0.0,0.0,0.0,96.0,0.0,0.0,53.0,0.0,0.0,89.0,114.0,160.0,0.0,0.0,0.0,569.0,17,031,100300,3,170311003003
224.0,38.0,38.0,41.0,36.0,0.0,0.0,0.0,0.0,24.0,0.0,401.0,72.0,0.867242592095523,0.0,0.0,874.8672425920955,17,031,100300,4,170311003004
0.0,0.0,36.0,34.0,38.0,65.0,82.0,0.0,43.0,34.0,68.0,97.0,230.0,0.0,0.0,0.0,727.0,17,031,100300,5,170311003005
214.0,64.0,214.0,109.0,67.0,45.0,150.0,19.0,36.0,12.0,108.0,54.0,0.0,0.2652742046409835,0.0,0.0,1092.265274204641,17,031,100300,6,170311003006
25.0,0.0,21.0,42.0,0.0,16.0,18.0,49.0,0.0,16.0,59.0,167.0,165.0,0.6427798035531523,0.0,0.0,578.6427798035531,17,031,100400,1,170311004001
130.0,0.0,0.0,41.0,28.0,46.0,0.0,0.0,23.0,193.0,125.0,80.0,18.0,0.5815626794052331,0.0,0.0,684.5815626794052,17,031,100400,2,170311004002
129.0,21.0,43.0,0.0,76.0,40.0,19.0,36.0,36.0,76.0,76.0,168.0,98.0,2.122193637127868,0.0,0.0,820.1221936371279,17,031,100400,3,170311004003
42.0,0.0,42.0,42.0,0.0,0.0,27.0,0.0,0.0,0.0,105.0,486.0,60.0,0.6427798035531523,0.0,0.0,804.6427798035531,17,031,100500,1,170311005001
0.0,50.0,0.0,0.0,101.0,0.0,50.0,0.0,0.0,0.0,79.0,9.0,123.0,0.0,0.0,0.0,412.0,17,031,100500,2,170311005002
0.0,0.0,37.0,0.0,0.0,28.0,41.0,114.0,11.0,69.0,78.0,48.0,28.0,0.0,0.0,0.0,454.0,17,031,100500,3,170311005003
0.0,39.0,37.0,62.0,0.0,0.0,74.0,0.0,71.0,62.0,91.0,178.0,198.0,0.42851986903543493,0.0,0.0,812.4285198690354,17,031,100500,4,170311005004
31.0,39.0,36.0,102.0,34.0,36.0,220.0,81.0,31.0,210.0,0.0,268.0,197.0,1.632456643944514,0.0,0.0,1286.6324566439446,17,031,100500,5,170311005005
0.0,98.0,126.0,72.0,49.0,28.0,38.0,93.0,0.0,88.0,67.0,111.0,106.0,1.734485184191046,0.0,0.0,877.734485184191,17,031,100600,1,170311006001
18.0,0.0,61.0,132.0,24.0,0.0,312.0,27.0,83.0,188.0,135.0,83.0,228.0,0.0,0.0,0.0,1291.0,17,031,100600,2,170311006002
0.0,0.0,99.0,15.0,0.0,18.0,24.0,65.0,18.0,120.0,74.0,173.0,83.0,2.1425993451771745,0.0,0.0,691.1425993451771,17,031,100600,3,170311006003
32.0,42.0,0.0,97.0,145.0,42.0,50.0,162.0,175.0,145.0,127.0,182.0,235.0,0.8366340300215634,0.0,0.0,1434.8366340300215,17,031,100600,4,170311006004
0.0,89.0,0.0,71.0,0.0,0.0,0.0,0.0,35.0,29.0,74.0,187.0,216.0,0.7550111978243377,0.0,0.0,701.7550111978244,17,031,100700,1,170311007001
33.0,18.0,0.0,22.0,61.0,24.0,0.0,45.0,0.0,144.0,54.0,61.0,83.0,0.2958827667149432,0.0,0.0,545.295882766715,17,031,100700,2,170311007002
93.0,28.0,36.0,33.0,114.0,18.0,20.0,0.0,46.0,36.0,46.0,177.0,232.0,0.5815626794052331,0.0,0.0,879.5815626794052,17,031,100700,3,170311007003
19.0,25.0,91.0,116.0,96.0,22.0,34.0,0.0,25.0,133.0,82.0,148.0,71.0,1.1325167967365066,0.0,0.0,863.1325167967365,17,031,100700,4,170311007004
33.0,78.0,56.0,0.0,65.0,24.0,38.0,0.0,38.0,139.0,101.0,240.0,54.0,0.1530428103697982,0.0,0.0,866.1530428103698,17,031,100700,5,170311007005
143.0,82.0,0.0,76.0,70.0,0.0,0.0,0.0,36.0,161.0,42.0,198.0,170.0,2.2650335934730133,0.0,0.0,980.265033593473,17,031,110100,1,170311101001
144.0,0.0,30.0,139.0,139.0,149.0,28.0,61.0,0.0,72.0,28.0,118.0,129.0,0.3060856207395964,0.0,0.0,1037.3060856207396,17,031,110100,2,170311101002
90.0,0.0,0.0,90.0,27.0,0.0,0.0,83.0,0.0,90.0,30.0,0.0,32.0,0.0,0.0,0.0,442.0,17,031,110100,3,170311101003
71.0,0.0,0.0,77.0,0.0,68.0,44.0,119.0,194.0,80.0,29.0,35.0,41.0,0.7856197598982974,0.0,0.0,758.7856197598983,17,031,110100,4,170311101004
0.0,0.0,40.0,35.0,0.0,102.0,37.0,29.0,0.0,90.0,64.0,262.0,163.0,1.4283995634514497,0.0,0.0,823.4283995634514,17,031,110100,5,170311101005
108.0,0.0,164.0,34.0,64.0,152.0,76.0,13.0,34.0,170.0,166.0,418.0,138.0,0.43872272306008814,0.0,0.0,1537.43872272306,17,031,110200,1,170311102001
46.0,195.0,167.0,52.0,33.0,99.0,41.0,0.0,44.0,121.0,85.0,220.0,90.0,0.9488654242927488,0.0,0.0,1193.9488654242928,17,031,110200,2,170311102002
60.0,0.0,21.0,0.0,0.0,21.0,72.0,55.0,0.0,57.0,19.0,110.0,52.0,0.5815626794052331,0.0,0.0,467.58156267940524,17,031,110300,1,170311103001
42.0,0.0,165.0,20.0,0.0,40.0,105.0,71.0,0.0,68.0,200.0,351.0,57.0,0.6631855116024589,0.0,0.0,1119.6631855116025,17,031,110300,2,170311103002
26.0,104.0,23.0,29.0,44.0,169.0,0.0,0.0,0.0,47.0,160.0,29.0,92.0,0.7244026357503781,0.0,0.0,723.7244026357504,17,031,110300,3,170311103003
23.0,126.0,115.0,76.0,0.0,26.0,0.0,35.0,26.0,50.0,64.0,59.0,135.0,3.8158674052203017,0.0,0.0,738.8158674052203,17,031,110300,4,170311103004
32.0,65.0,37.0,24.0,40.0,18.0,8.0,78.0,0.0,65.0,97.0,149.0,113.0,1.0202854024653212,0.0,0.0,727.0202854024653,17,031,110300,5,170311103005
41.0,70.0,122.0,107.0,60.0,78.0,0.0,122.0,0.0,70.0,274.0,401.0,169.0,1.4283995634514497,0.0,0.0,1515.4283995634514,17,031,110400,1,170311104001
0.0,65.0,89.0,55.0,107.0,212.0,138.0,44.0,55.0,89.0,165.0,212.0,157.0,0.7958226139229506,0.0,0.0,1388.7958226139228,17,031,110400,2,170311104002
51.0,86.0,122.0,114.0,18.0,41.0,0.0,36.0,0.0,22.0,94.0,45.0,168.0,0.0,0.0,0.0,797.0,17,031,110400,3,170311104003
37.0,26.0,0.0,0.0,18.0,50.0,132.0,98.0,5.0,18.0,45.0,219.0,148.0,0.37750559891216884,0.0,0.0,796.3775055989122,17,031,110501,1,170311105011
36.0,55.0,20.0,0.0,47.0,55.0,0.0,0.0,23.0,26.0,86.0,15.0,47.0,1.6834709140677802,0.0,0.0,411.68347091406775,17,031,110501,2,170311105012
0.0,406.0,28.0,91.0,0.0,173.0,138.0,103.0,0.0,85.0,378.0,431.0,116.0,0.8978511541694827,0.0,0.0,1949.8978511541695,17,031,110501,3,170311105013
26.0,0.0,49.0,0.0,0.0,20.0,0.0,51.0,0.0,0.0,104.0,35.0,102.0,0.0,0.0,0.0,387.0,17,031,110501,4,170311105014
0.0,74.0,22.0,0.0,20.0,0.0,13.0,27.0,58.0,38.0,15.0,0.0,40.0,1.1223139427118534,0.0,0.0,308.12231394271186,17,031,110501,5,170311105015
187.0,34.0,158.0,112.0,164.0,156.0,38.0,0.0,154.0,80.0,80.0,143.0,59.0,0.0,0.0,0.0,1365.0,17,031,110502,1,170311105021
155.0,103.0,0.0,152.0,179.0,94.0,67.0,27.0,210.0,161.0,311.0,341.0,198.0,1.5508338117472884,0.0,0.0,1999.5508338117472,17,031,110502,2,170311105022
78.0,0.0,21.0,21.0,117.0,0.0,0.0,117.0,0.0,126.0,33.0,135.0,205.0,2.305845009571626,0.0,0.0,855.3058450095716,17,031,120100,1,170311201001
0.0,25.0,44.0,0.0,25.0,25.0,0.0,44.0,28.0,109.0,33.0,28.0,75.0,0.2550713506163303,0.0,0.0,436.25507135061633,17,031,120100,2,170311201002
46.0,0.0,0.0,16.0,60.0,0.0,0.0,16.0,0.0,20.0,16.0,108.0,22.0,0.5101427012326606,0.0,0.0,304.51014270123267,17,031,120100,3,170311201003
75.0,43.0,0.0,29.0,18.0,0.0,18.0,78.0,43.0,121.0,89.0,100.0,51.0,1.0406911105146277,0.0,0.0,666.0406911105147,17,031,120100,4,170311201004
23.0,98.0,110.0,20.0,41.0,20.0,98.0,23.0,131.0,43.0,108.0,180.0,237.0,0.9692711323420552,0.0,0.0,1132.969271132342,17,031,120200,1,170311202001
0.0,16.0,25.0,0.0,0.0,38.0,0.0,19.0,0.0,55.0,25.0,22.0,77.0,2.0405708049306424,0.0,0.0,279.04057080493067,17,031,120200,2,170311202002
26.0,26.0,0.0,0.0,26.0,33.0,30.0,96.0,0.0,0.0,260.0,96.0,150.0,1.9079337026101508,0.0,0.0,744.9079337026102,17,031,120200,3,170311202003
61.0,0.0,76.0,19.0,88.0,56.0,0.0,19.0,103.0,37.0,106.0,125.0,118.0,0.1734485184191046,0.0,0.0,808.1734485184191,17,031,120200,4,170311202004
84.0,0.0,0.0,0.0,173.0,0.0,26.0,72.0,0.0,0.0,52.0,169.0,50.0,0.9590682783174019,0.0,0.0,626.9590682783174,17,031,120300,1,170311203001
0.0,52.0,0.0,0.0,0.0,88.0,224.0,0.0,0.0,24.0,277.0,221.0,279.0,0.530548409281967,0.0,0.0,1165.530548409282,17,031,120300,2,170311203002
47.0,34.0,0.0,0.0,47.0,50.0,0.0,44.0,79.0,0.0,181.0,66.0,308.0,1.6834709140677802,0.0,0.0,857.6834709140678,17,031,120300,3,170311203003
49.0,43.0,0.0,0.0,133.0,0.0,60.0,0.0,0.0,0.0,133.0,46.0,95.0,0.49993984720800744,0.0,0.0,559.499939847208,17,031,120300,4,170311203004
16.0,0.0,0.0,0.0,0.0,0.0,0.0,0.0,0.0,0.0,33.0,0.0,102.0,1.0100825484406681,0.0,0.0,152.01008254844066,17,031,120300,5,170311203005
0.0,0.0,46.0,49.0,0.0,0.0,0.0,95.0,0.0,0.0,60.0,43.0,37.0,0.6121712414791928,0.0,0.0,330.6121712414792,17,031,120300,6,170311203006
0.0,0.0,0.0,8.0,66.0,0.0,31.0,43.0,0.0,25.0,115.0,158.0,77.0,1.1121110886872,0.0,0.0,524.1121110886872,17,031,120400,1,170311204001
106.0,0.0,0.0,206.0,39.0,39.0,0.0,0.0,66.0,75.0,122.0,203.0,0.0,1.9589479727334167,0.0,0.0,857.9589479727334,17,031,120400,2,170311204002
169.0,53.0,28.0,119.0,0.0,169.0,78.0,0.0,25.0,97.0,175.0,169.0,135.0,1.816108016388272,0.0,0.0,1218.8161080163882,17,031,120400,3,170311204003
47.0,0.0,0.0,0.0,45.0,79.0,87.0,0.0,37.0,69.0,93.0,212.0,18.0,0.8366340300215634,0.0,0.0,687.8366340300215,17,031,130100,1,170311301001
375.0,328.0,442.0,222.0,141.0,144.0,0.0,27.0,109.0,37.0,115.0,27.0,43.0,0.0,0.0,0.0,2010.0,17,031,130100,2,170311301002
52.0,0.0,0.0,150.0,93.0,65.0,109.0,61.0,203.0,36.0,170.0,126.0,97.0,0.8264311759969102,0.0,0.0,1162.826431175997,17,031,130100,3,170311301003
133.0,52.0,102.0,81.0,23.0,28.0,73.0,34.0,13.0,154.0,99.0,345.0,55.0,1.1223139427118534,0.0,0.0,1193.1223139427118,17,031,130200,1,170311302001
173.0,0.0,18.0,21.0,65.0,0.0,52.0,40.0,0.0,0.0,65.0,21.0,77.0,0.0,0.0,0.0,532.0,17,031,130300,1,170311303001
27.0,0.0,27.0,36.0,0.0,61.0,107.0,0.0,15.0,79.0,143.0,168.0,128.0,1.0917053806378938,0.0,0.0,792.0917053806379,17,031,130300,2,170311303002
89.0,18.0,21.0,93.0,117.0,86.0,62.0,40.0,21.0,244.0,111.0,232.0,210.0,2.111990783103215,0.0,0.0,1346.1119907831032,17,031,130300,3,170311303003
196.0,58.0,152.0,184.0,0.0,41.0,0.0,70.0,334.0,249.0,114.0,310.0,79.0,0.5917655334298864,0.0,0.0,1787.59176553343,17,031,130300,4,170311303004
207.0,30.0,257.0,380.0,172.0,99.0,61.0,172.0,57.0,207.0,149.0,34.0,0.0,0.6223740955038459,0.0,0.0,1825.6223740955038,17,031,140100,1,170311401001
252.0,102.0,25.0,329.0,25.0,67.0,105.0,19.0,96.0,329.0,297.0,278.0,96.0,0.0,0.0,0.0,2020.0,17,031,140100,2,170311401002
99.0,52.0,26.0,131.0,61.0,70.0,40.0,143.0,61.0,119.0,210.0,84.0,116.0,0.9182568622187891,0.0,0.0,1212.9182568622189,17,031,140200,1,170311402001
456.0,60.0,37.0,84.0,93.0,25.0,81.0,25.0,39.0,21.0,121.0,163.0,84.0,0.07141997817257249,0.0,0.0,1289.0714199781726,17,031,140200,2,170311402002
158.0,0.0,0.0,55.0,239.0,73.0,81.0,239.0,33.0,273.0,284.0,276.0,33.0,0.14283995634514499,0.0,0.0,1744.1428399563451,17,031,140200,3,170311402003
101.0,144.0,68.0,0.0,104.0,0.0,0.0,52.0,0.0,75.0,55.0,121.0,104.0,0.45912843110939455,0.0,0.0,824.4591284311094,17,031,140301,1,170311403011
56.0,122.0,21.0,13.0,244.0,56.0,139.0,21.0,0.0,165.0,47.0,318.0,204.0,1.2447481910076919,0.0,0.0,1407.2447481910076,17,031,140301,2,170311403012
0.0,94.0,188.0,57.0,0.0,74.0,57.0,0.0,143.0,60.0,223.0,183.0,22.0,0.3468970368382092,0.0,0.0,1101.3468970368383,17,031,140302,1,170311403021
15.0,0.0,0.0,104.0,69.0,0.0,88.0,158.0,0.0,25.0,339.0,329.0,199.0,1.673268060043127,0.0,0.0,1327.673268060043,17,031,140302,2,170311403022
115.0,106.0,84.0,28.0,209.0,90.0,78.0,0.0,0.0,258.0,237.0,56.0,37.0,0.7958226139229506,0.0,0.0,1298.7958226139228,17,031,140302,3,170311403023
0.0,0.0,36.0,270.0,194.0,0.0,115.0,99.0,0.0,69.0,158.0,217.0,0.0,1.101908234662547,0.0,0.0,1159.1019082346625,17,031,140400,1,170311404001
0.0,35.0,51.0,114.0,55.0,67.0,102.0,87.0,55.0,0.0,146.0,95.0,170.0,1.203936774909079,0.0,0.0,978.203936774909,17,031,140400,2,170311404002
0.0,85.0,0.0,0.0,0.0,41.0,179.0,38.0,97.0,117.0,155.0,105.0,0.0,0.0,0.0,0.0,817.0,17,031,140400,3,170311404003
110.0,104.0,67.0,119.0,70.0,0.0,0.0,116.0,36.0,42.0,0.0,358.0,64.0,0.8060254679476038,0.0,0.0,1086.8060254679476,17,031,140400,4,170311404004
196.0,61.0,55.0,107.0,95.0,52.0,30.0,33.0,196.0,119.0,82.0,168.0,208.0,1.0917053806378938,0.0,0.0,1403.091705380638,17,031,140400,5,170311404005
0.0,24.0,0.0,24.0,178.0,110.0,101.0,0.0,0.0,89.0,169.0,234.0,49.0,0.7141997817257248,0.0,0.0,978.7141997817257,17,031,140500,1,170311405001
10.0,0.0,64.0,132.0,107.0,71.0,211.0,32.0,172.0,290.0,82.0,276.0,64.0,0.43872272306008814,0.0,0.0,1511.43872272306,17,031,140500,2,170311405002
81.0,32.0,191.0,58.0,77.0,68.0,0.0,16.0,64.0,126.0,119.0,87.0,119.0,0.8570397380708699,0.0,0.0,1038.8570397380709,17,031,140500,3,170311405003
245.0,357.0,122.0,234.0,115.0,24.0,77.0,175.0,189.0,350.0,210.0,203.0,294.0,2.5303077981139968,0.0,0.0,2597.530307798114,17,031,140601,1,170311406011
109.0,0.0,78.0,0.0,31.0,46.0,89.0,0.0,312.0,207.0,35.0,93.0,0.0,1.5100223956486754,0.0,0.0,1001.5100223956487,17,031,140602,1,170311406021
85.0,127.0,117.0,106.0,195.0,0.0,117.0,124.0,230.0,106.0,195.0,202.0,276.0,0.0,0.0,0.0,1880.0,17,031,140602,2,170311406022
143.0,101.0,0.0,194.0,0.0,18.0,122.0,21.0,236.0,175.0,0.0,114.0,39.0,0.0,0.0,0.0,1163.0,17,031,140602,3,170311406023
320.0,36.0,53.0,63.0,263.0,46.0,0.0,0.0,36.0,40.0,220.0,16.0,33.0,0.0,0.0,0.0,1126.0,17,031,140602,4,170311406024
152.0,0.0,88.0,10.0,82.0,56.0,44.0,12.0,64.0,56.0,93.0,126.0,235.0,0.9488654242927488,0.0,0.0,1018.9488654242928,17,031,140701,1,170311407011
26.0,29.0,87.0,55.0,14.0,94.0,96.0,154.0,0.0,99.0,249.0,174.0,0.0,0.2652742046409835,0.0,0.0,1077.265274204641,17,031,140701,2,170311407012
113.0,167.0,358.0,151.0,129.0,41.0,96.0,0.0,0.0,54.0,190.0,235.0,290.0,0.0,0.0,0.0,1824.0,17,031,140702,1,170311407021
67.0,248.0,95.0,124.0,31.0,50.0,19.0,19.0,59.0,194.0,197.0,45.0,208.0,0.6529826575778056,0.0,0.0,1356.6529826575777,17,031,140702,2,170311407022
96.0,192.0,0.0,130.0,0.0,87.0,102.0,0.0,21.0,111.0,214.0,236.0,77.0,1.101908234662547,0.0,0.0,1267.1019082346625,17,031,140702,3,170311407023
176.0,0.0,0.0,20.0,0.0,163.0,81.0,81.0,251.0,61.0,146.0,234.0,10.0,0.0,0.0,0.0,1223.0,17,031,140702,4,170311407024
0.0,111.0,276.0,27.0,0.0,32.0,0.0,43.0,35.0,135.0,32.0,170.0,140.0,0.43872272306008814,0.0,0.0,1001.4387227230601,17,031,140800,1,170311408001
0.0,117.0,29.0,56.0,20.0,98.0,0.0,0.0,0.0,0.0,0.0,52.0,146.0,0.0,0.0,0.0,518.0,17,031,140800,2,170311408002
122.0,44.0,0.0,135.0,0.0,33.0,0.0,0.0,0.0,33.0,199.0,142.0,66.0,0.6529826575778056,0.0,0.0,774.6529826575778,17,031,140800,3,170311408003
67.0,73.0,0.0,104.0,126.0,214.0,0.0,31.0,0.0,101.0,225.0,0.0,208.0,0.0,0.0,0.0,1149.0,17,031,140800,4,170311408004
37.0,0.0,33.0,123.0,101.0,163.0,0.0,98.0,0.0,312.0,463.0,525.0,262.0,1.7957023083389654,0.0,0.0,2118.795702308339,17,031,140800,5,170311408005
0.0,27.0,60.0,0.0,38.0,60.0,41.0,101.0,68.0,52.0,84.0,380.0,161.0,0.49993984720800744,0.0,0.0,1072.499939847208,17,031,150200,1,170311502001
94.0,50.0,139.0,186.0,41.0,44.0,0.0,0.0,0.0,153.0,192.0,284.0,348.0,0.5101427012326606,0.0,0.0,1531.5101427012326,17,031,150200,2,170311502002
197.0,32.0,122.0,153.0,27.0,257.0,0.0,0.0,120.0,102.0,231.0,41.0,115.0,1.7446880382156993,0.0,0.0,1398.7446880382156,17,031,150200,3,170311502003
170.0,165.0,0.0,73.0,73.0,66.0,0.0,109.0,37.0,125.0,85.0,274.0,184.0,0.5509541173312735,0.0,0.0,1361.5509541173312,17,031,150200,4,170311502004
246.0,39.0,41.0,0.0,212.0,78.0,246.0,75.0,0.0,157.0,408.0,73.0,136.0,0.0,0.0,0.0,1711.0,17,031,150200,5,170311502005
52.0,0.0,133.0,77.0,0.0,50.0,0.0,24.0,0.0,93.0,48.0,284.0,103.0,0.6325769495284992,0.0,0.0,864.6325769495285,17,031,150300,1,170311503001
145.0,85.0,0.0,165.0,0.0,0.0,0.0,32.0,120.0,95.0,326.0,138.0,82.0,0.3060856207395964,0.0,0.0,1188.3060856207396,17,031,150300,2,170311503002
95.0,0.0,0.0,98.0,0.0,51.0,0.0,54.0,0.0,161.0,197.0,208.0,0.0,1.3059653151556112,0.0,0.0,865.3059653151556,17,031,150300,3,170311503003
0.0,27.0,30.0,87.0,0.0,0.0,0.0,42.0,82.0,32.0,35.0,253.0,100.0,0.37750559891216884,0.0,0.0,688.3775055989122,17,031,150300,4,170311503004
79.0,24.0,0.0,0.0,33.0,0.0,0.0,91.0,42.0,69.0,185.0,0.0,200.0,0.0,0.0,0.0,723.0,17,031,150300,5,170311503005
141.0,56.0,23.0,0.0,77.0,0.0,0.0,0.0,30.0,103.0,191.0,342.0,73.0,0.0,0.0,0.0,1036.0,17,031,150300,6,170311503006
0.0,99.0,125.0,69.0,0.0,93.0,0.0,0.0,321.0,48.0,88.0,69.0,262.0,0.5917655334298864,0.0,0.0,1174.59176553343,17,031,150300,7,170311503007
133.0,24.0,191.0,19.0,70.0,0.0,21.0,43.0,21.0,125.0,289.0,270.0,215.0,0.21425993451771747,0.0,0.0,1421.2142599345177,17,031,150401,1,170311504011
261.0,28.0,111.0,212.0,40.0,0.0,17.0,0.0,117.0,71.0,63.0,226.0,189.0,0.816228321972257,0.0,0.0,1335.8162283219722,17,031,150401,2,170311504012
69.0,20.0,0.0,190.0,36.0,118.0,0.0,92.0,23.0,23.0,0.0,237.0,141.0,0.20405708049306426,0.0,0.0,949.204057080493,17,031,150401,3,170311504013
20.0,118.0,29.0,0.0,47.0,14.0,39.0,110.0,0.0,29.0,41.0,35.0,39.0,0.0,0.0,0.0,521.0,17,031,150401,4,170311504014
116.0,0.0,58.0,81.0,0.0,0.0,0.0,0.0,35.0,20.0,88.0,71.0,45.0,0.0,0.0,0.0,514.0,17,031,150402,1,170311504021
186.0,127.0,0.0,0.0,53.0,76.0,155.0,73.0,31.0,149.0,164.0,28.0,87.0,0.22446278854237067,0.0,0.0,1129.2244627885423,17,031,150402,2,170311504022
0.0,23.0,111.0,0.0,19.0,273.0,69.0,72.0,95.0,72.0,348.0,292.0,177.0,0.49993984720800744,0.0,0.0,1551.499939847208,17,031,150402,3,170311504023
80.0,75.0,113.0,67.0,51.0,38.0,15.0,157.0,93.0,155.0,165.0,46.0,75.0,1.1325167967365066,0.0,0.0,1131.1325167967366,17,031,150501,1,170311505011
0.0,19.0,38.0,19.0,62.0,77.0,50.0,0.0,0.0,36.0,253.0,178.0,84.0,0.7856197598982974,0.0,0.0,816.7856197598983,17,031,150501,2,170311505012
0.0,55.0,86.0,24.0,0.0,79.0,20.0,55.0,0.0,34.0,51.0,379.0,293.0,2.7445677326317144,0.0,0.0,1078.7445677326318,17,031,150501,3,170311505013
94.0,28.0,75.0,123.0,0.0,183.0,36.0,44.0,36.0,343.0,138.0,44.0,133.0,0.0,0.0,0.0,1277.0,17,031,150502,1,170311505021
118.0,23.0,79.0,20.0,128.0,0.0,151.0,43.0,143.0,123.0,97.0,0.0,192.0,0.0,0.0,0.0,1117.0,17,031,150502,2,170311505022
251.0,0.0,0.0,109.0,59.0,273.0,50.0,153.0,25.0,157.0,84.0,232.0,31.0,0.28567991269028997,0.0,0.0,1424.2856799126903,17,031,150502,3,170311505023
0.0,203.0,66.0,52.0,0.0,20.0,69.0,104.0,0.0,177.0,244.0,154.0,0.0,0.43872272306008814,0.0,0.0,1089.43872272306,17,031,150600,1,170311506001
63.0,21.0,18.0,0.0,30.0,27.0,0.0,24.0,81.0,66.0,166.0,166.0,21.0,0.0,0.0,0.0,683.0,17,031,150600,2,170311506002
19.0,0.0,25.0,48.0,16.0,51.0,54.0,125.0,25.0,28.0,93.0,41.0,196.0,0.9488654242927488,0.0,0.0,721.9488654242928,17,031,150600,3,170311506003
55.0,0.0,0.0,20.0,37.0,158.0,20.0,92.0,17.0,150.0,45.0,115.0,143.0,0.42851986903543493,0.0,0.0,852.4285198690354,17,031,150600,4,170311506004
0.0,42.0,22.0,101.0,16.0,126.0,0.0,16.0,42.0,67.0,81.0,301.0,50.0,0.22446278854237067,0.0,0.0,864.2244627885424,17,031,150700,1,170311507001
126.0,63.0,76.0,25.0,139.0,69.0,79.0,25.0,47.0,225.0,69.0,310.0,0.0,0.0,0.0,0.0,1253.0,17,031,150700,2,170311507002
0.0,0.0,23.0,0.0,100.0,80.0,30.0,50.0,36.0,127.0,103.0,117.0,90.0,0.7141997817257248,0.0,0.0,756.7141997817257,17,031,150700,3,170311507003
24.0,0.0,0.0,141.0,75.0,44.0,0.0,55.0,0.0,209.0,172.0,199.0,141.0,1.1835310668597727,0.0,0.0,1061.1835310668598,17,031,150700,4,170311507004
66.0,0.0,43.0,0.0,0.0,118.0,128.0,87.0,0.0,53.0,146.0,69.0,92.0,0.6019683874545395,0.0,0.0,802.6019683874546,17,031,150800,1,170311508001
52.0,0.0,152.0,56.0,129.0,122.0,0.0,0.0,26.0,92.0,69.0,168.0,102.0,0.2652742046409835,0.0,0.0,968.265274204641,17,031,150800,2,170311508002
30.0,109.0,51.0,0.0,125.0,97.0,97.0,79.0,61.0,48.0,76.0,176.0,51.0,1.0815025266132405,0.0,0.0,1001.0815025266132,17,031,150800,3,170311508003
0.0,71.0,0.0,27.0,0.0,156.0,163.0,44.0,0.0,71.0,491.0,508.0,0.0,0.0,0.0,0.0,1531.0,17,031,150800,4,170311508004
0.0,73.0,0.0,0.0,0.0,36.0,22.0,0.0,19.0,16.0,73.0,135.0,147.0,0.19385422646841105,0.0,0.0,521.1938542264684,17,031,150800,5,170311508005
262.0,100.0,100.0,31.0,125.0,206.0,12.0,125.0,131.0,231.0,97.0,215.0,75.0,0.9896768403913616,0.0,0.0,1710.9896768403914,17,031,151001,1,170311510011
125.0,10.0,76.0,125.0,43.0,0.0,10.0,54.0,35.0,10.0,78.0,59.0,0.0,0.0,0.0,0.0,625.0,17,031,151001,2,170311510012
100.0,120.0,28.0,0.0,94.0,125.0,125.0,25.0,40.0,143.0,240.0,48.0,25.0,0.0,0.0,0.0,1113.0,17,031,151002,1,170311510021
30.0,21.0,0.0,24.0,132.0,49.0,49.0,107.0,165.0,70.0,49.0,178.0,147.0,2.316047863596279,0.0,0.0,1023.3160478635963,17,031,151002,2,170311510022
89.0,150.0,98.0,98.0,190.0,24.0,128.0,156.0,79.0,264.0,138.0,141.0,153.0,0.0,0.0,0.0,1708.0,17,031,151002,3,170311510023
0.0,55.0,0.0,89.0,123.0,0.0,51.0,30.0,0.0,58.0,51.0,44.0,75.0,0.0,0.0,0.0,576.0,17,031,151002,4,170311510024
21.0,61.0,36.0,58.0,153.0,113.0,27.0,67.0,49.0,193.0,208.0,273.0,147.0,1.6834709140677802,0.0,0.0,1407.6834709140678,17,031,151100,1,170311511001
0.0,157.0,212.0,51.0,106.0,80.0,99.0,0.0,154.0,157.0,67.0,199.0,61.0,0.0,0.0,0.0,1343.0,17,031,151100,2,170311511002
135.0,21.0,27.0,217.0,55.0,64.0,49.0,12.0,39.0,64.0,49.0,52.0,82.0,0.42851986903543493,0.0,0.0,866.4285198690354,17,031,151100,3,170311511003
192.0,53.0,0.0,293.0,0.0,175.0,67.0,90.0,80.0,80.0,23.0,208.0,16.0,0.0,0.0,0.0,1277.0,17,031,151100,4,170311511004
56.0,47.0,59.0,31.0,56.0,81.0,150.0,21.0,34.0,138.0,219.0,160.0,0.0,0.8876483001448295,0.0,0.0,1052.8876483001447,17,031,151200,1,170311512001
59.0,27.0,230.0,31.0,24.0,27.0,136.0,41.0,122.0,188.0,164.0,157.0,195.0,0.0,0.0,0.0,1401.0,17,031,151200,2,170311512002
43.0,104.0,87.0,61.0,0.0,56.0,30.0,0.0,32.0,28.0,137.0,148.0,52.0,0.9284597162434424,0.0,0.0,778.9284597162434,17,031,151200,3,170311512003
122.0,34.0,56.0,82.0,48.0,53.0,107.0,0.0,253.0,148.0,170.0,204.0,173.0,0.46933128513404776,0.0,0.0,1450.469331285134,17,031,160100,1,170311601001
14.0,28.0,53.0,0.0,14.0,0.0,53.0,89.0,172.0,43.0,193.0,125.0,150.0,0.8774454461201763,0.0,0.0,934.8774454461202,17,031,160100,2,170311601002
22.0,75.0,50.0,0.0,101.0,46.0,68.0,22.0,50.0,79.0,33.0,15.0,15.0,0.2448684965916771,0.0,0.0,576.2448684965917,17,031,160200,1,170311602001
24.0,143.0,10.0,0.0,0.0,0.0,31.0,119.0,0.0,133.0,154.0,287.0,0.0,0.45912843110939455,0.0,0.0,901.4591284311094,17,031,160200,2,170311602002
45.0,96.0,24.0,52.0,0.0,26.0,0.0,65.0,17.0,0.0,21.0,17.0,0.0,0.19385422646841105,0.0,0.0,363.19385422646843,17,031,160200,3,170311602003
0.0,0.0,106.0,43.0,0.0,88.0,140.0,175.0,22.0,25.0,63.0,160.0,315.0,0.7550111978243377,0.0,0.0,1137.7550111978244,17,031,160200,4,170311602004
124.0,22.0,180.0,101.0,204.0,63.0,122.0,157.0,73.0,124.0,175.0,154.0,80.0,0.19385422646841105,0.0,0.0,1579.1938542264684,17,031,160300,1,170311603001
275.0,149.0,79.0,0.0,23.0,21.0,79.0,46.0,115.0,107.0,37.0,94.0,0.0,0.0,0.0,0.0,1025.0,17,031,160300,2,170311603002
51.0,78.0,27.0,59.0,59.0,0.0,56.0,59.0,92.0,24.0,132.0,162.0,173.0,0.0,0.0,0.0,972.0,17,031,160300,3,170311603003
396.0,351.0,287.0,52.0,161.0,79.0,208.0,174.0,58.0,158.0,192.0,21.0,124.0,1.5610366657719414,0.0,0.0,2262.561036665772,17,031,160400,1,170311604001
98.0,61.0,129.0,105.0,175.0,72.0,87.0,12.0,123.0,108.0,121.0,198.0,51.0,0.5203455552573139,0.0,0.0,1340.5203455552573,17,031,160400,2,170311604002
48.0,82.0,0.0,168.0,18.0,30.0,45.0,113.0,0.0,119.0,15.0,198.0,82.0,1.061096818563934,0.0,0.0,919.0610968185639,17,031,160400,3,170311604003
183.0,86.0,246.0,25.0,100.0,287.0,152.0,149.0,243.0,192.0,111.0,117.0,140.0,0.43872272306008814,0.0,0.0,2031.43872272306,17,031,160501,1,170311605011
66.0,0.0,66.0,317.0,100.0,146.0,204.0,112.0,121.0,83.0,296.0,288.0,146.0,0.37750559891216884,0.0,0.0,1945.3775055989122,17,031,160501,2,170311605012
125.0,28.0,0.0,0.0,0.0,0.0,78.0,46.0,157.0,104.0,0.0,86.0,186.0,0.0,0.0,0.0,810.0,17,031,160502,1,170311605021
115.0,61.0,72.0,115.0,242.0,79.0,54.0,101.0,144.0,97.0,72.0,590.0,152.0,1.3569795852788773,0.0,0.0,1895.3569795852789,17,031,160502,2,170311605022
90.0,100.0,0.0,100.0,90.0,0.0,0.0,171.0,87.0,324.0,110.0,265.0,116.0,0.22446278854237067,0.0,0.0,1453.2244627885423,17,031,160502,3,170311605023
220.0,0.0,0.0,144.0,140.0,22.0,57.0,64.0,22.0,201.0,73.0,179.0,57.0,1.632456643944514,0.0,0.0,1180.6324566439446,17,031,160601,1,170311606011
0.0,187.0,36.0,119.0,0.0,0.0,58.0,21.0,190.0,0.0,24.0,122.0,52.0,0.8060254679476038,0.0,0.0,809.8060254679476,17,031,160601,2,170311606012
89.0,47.0,75.0,72.0,19.0,56.0,154.0,0.0,42.0,280.0,154.0,294.0,16.0,0.5713598253805799,0.0,0.0,1298.5713598253806,17,031,160601,3,170311606013
94.0,36.0,16.0,67.0,307.0,16.0,38.0,210.0,26.0,12.0,166.0,108.0,91.0,0.4897369931833542,0.0,0.0,1187.4897369931834,17,031,160602,1,170311606021
0.0,48.0,124.0,0.0,72.0,196.0,45.0,57.0,0.0,127.0,118.0,142.0,69.0,0.336694182813556,0.0,0.0,998.3366941828135,17,031,160602,2,170311606022
121.0,85.0,19.0,140.0,104.0,68.0,65.0,94.0,155.0,189.0,184.0,165.0,87.0,0.0,0.0,0.0,1476.0,17,031,160602,3,170311606023
18.0,72.0,50.0,157.0,0.0,66.0,47.0,0.0,0.0,34.0,127.0,68.0,0.0,0.0,0.0,0.0,639.0,17,031,160700,1,170311607001
34.0,136.0,127.0,122.0,25.0,0.0,0.0,110.0,65.0,45.0,113.0,51.0,252.0,0.0,0.0,0.0,1080.0,17,031,160700,2,170311607002
104.0,0.0,0.0,79.0,50.0,0.0,155.0,0.0,104.0,45.0,237.0,124.0,124.0,2.4180764038428113,0.0,0.0,1024.4180764038429,17,031,160700,3,170311607003
0.0,0.0,95.0,85.0,0.0,168.0,168.0,52.0,52.0,33.0,116.0,138.0,92.0,1.5304281036979819,0.0,0.0,1000.530428103698,17,031,160700,4,170311607004
0.0,0.0,0.0,323.0,142.0,196.0,0.0,0.0,0.0,0.0,273.0,154.0,0.0,0.0,0.0,0.0,1088.0,17,031,160700,5,170311607005
62.0,2.0,14.0,86.0,175.0,0.0,81.0,19.0,113.0,132.0,0.0,159.0,120.0,0.0,0.0,0.0,963.0,17,031,160800,1,170311608001
65.0,0.0,19.0,59.0,36.0,28.0,107.0,0.0,19.0,119.0,136.0,255.0,269.0,1.4181967094267967,0.0,0.0,1113.4181967094269,17,031,160800,2,170311608002
0.0,0.0,34.0,0.0,26.0,114.0,80.0,202.0,49.0,45.0,53.0,305.0,80.0,0.7754169058736442,0.0,0.0,988.7754169058736,17,031,160800,3,170311608003
62.0,0.0,74.0,0.0,0.0,111.0,48.0,0.0,120.0,22.0,57.0,34.0,80.0,0.20405708049306426,0.0,0.0,608.204057080493,17,031,160800,4,170311608004
16.0,21.0,96.0,143.0,18.0,173.0,58.0,23.0,58.0,96.0,56.0,103.0,47.0,1.673268060043127,0.0,0.0,909.6732680600431,17,031,160800,5,170311608005
90.0,20.0,54.0,13.0,38.0,69.0,148.0,94.0,0.0,96.0,108.0,238.0,119.0,0.867242592095523,0.0,0.0,1087.8672425920956,17,031,160900,1,170311609001
22.0,40.0,11.0,29.0,99.0,140.0,0.0,13.0,68.0,34.0,36.0,34.0,29.0,0.6631855116024589,0.0,0.0,555.6631855116025,17,031,160900,2,170311609002
49.0,20.0,12.0,49.0,20.0,65.0,71.0,98.0,8.0,36.0,114.0,82.0,45.0,0.8366340300215634,0.0,0.0,669.8366340300215,17,031,161000,1,170311610001
61.0,0.0,54.0,18.0,79.0,6.0,102.0,70.0,34.0,31.0,77.0,113.0,56.0,0.3468970368382092,0.0,0.0,701.3468970368382,17,031,161000,2,170311610002
32.0,0.0,71.0,14.0,0.0,114.0,37.0,17.0,39.0,57.0,94.0,71.0,71.0,0.2958827667149432,0.0,0.0,617.295882766715,17,031,161100,1,170311611001
0.0,0.0,16.0,0.0,22.0,39.0,22.0,0.0,0.0,87.0,45.0,273.0,253.0,1.6018480818705543,0.0,0.0,758.6018480818706,17,031,161100,2,170311611002
34.0,0.0,113.0,78.0,107.0,234.0,55.0,14.0,60.0,40.0,87.0,133.0,58.0,0.14283995634514499,0.0,0.0,1013.1428399563451,17,031,161200,1,170311612001
89.0,54.0,92.0,118.0,89.0,83.0,64.0,48.0,28.0,243.0,169.0,182.0,76.0,1.2345453369830388,0.0,0.0,1336.234545336983,17,031,161200,2,170311612002
0.0,26.0,0.0,42.0,81.0,42.0,39.0,78.0,91.0,55.0,22.0,231.0,22.0,0.0,0.0,0.0,729.0,17,031,161300,1,170311613001
154.0,151.0,0.0,23.0,111.0,63.0,111.0,93.0,71.0,66.0,74.0,85.0,13.0,0.0,0.0,0.0,1015.0,17,031,161300,2,170311613002
55.0,24.0,42.0,104.0,73.0,132.0,128.0,21.0,0.0,0.0,24.0,39.0,0.0,0.6223740955038459,0.0,0.0,642.6223740955038,17,031,161300,3,170311613003
132.0,78.0,31.0,19.0,31.0,179.0,61.0,46.0,172.0,196.0,56.0,221.0,29.0,0.5713598253805799,0.0,0.0,1251.5713598253806,17,031,161300,4,170311613004
164.0,153.0,93.0,230.0,84.0,96.0,73.0,65.0,148.0,82.0,140.0,221.0,69.0,0.8570397380708699,0.0,0.0,1618.8570397380709,17,031,170100,1,170311701001
21.0,0.0,18.0,83.0,171.0,21.0,0.0,29.0,0.0,174.0,156.0,313.0,214.0,1.1835310668597727,0.0,0.0,1201.1835310668598,17,031,170200,1,170311702001
165.0,22.0,28.0,108.0,0.0,25.0,95.0,127.0,41.0,130.0,105.0,76.0,140.0,1.5610366657719414,0.0,0.0,1063.561036665772,17,031,170200,2,170311702002
0.0,0.0,69.0,90.0,73.0,0.0,20.0,104.0,111.0,73.0,373.0,90.0,181.0,2.6629449004344883,0.0,0.0,1186.6629449004345,17,031,170200,3,170311702003
76.0,0.0,17.0,17.0,61.0,48.0,17.0,0.0,104.0,91.0,147.0,104.0,22.0,0.0,0.0,0.0,704.0,17,031,170300,1,170311703001
60.0,0.0,21.0,0.0,128.0,0.0,0.0,68.0,27.0,19.0,32.0,180.0,81.0,0.9386625702680955,0.0,0.0,616.9386625702681,17,031,170300,2,170311703002
88.0,20.0,25.0,20.0,0.0,246.0,80.0,108.0,0.0,25.0,100.0,0.0,78.0,0.3570998908628624,0.0,0.0,790.3570998908629,17,031,170300,3,170311703003
25.0,0.0,0.0,136.0,19.0,131.0,27.0,0.0,0.0,44.0,69.0,181.0,273.0,1.4181967094267967,0.0,0.0,906.4181967094268,17,031,170300,4,170311703004
20.0,183.0,52.0,0.0,107.0,23.0,43.0,110.0,78.0,107.0,29.0,346.0,23.0,0.9794739863667083,0.0,0.0,1121.9794739863667,17,031,170300,5,170311703005
56.0,113.0,53.0,45.0,19.0,0.0,53.0,99.0,0.0,48.0,210.0,133.0,0.0,0.5713598253805799,0.0,0.0,829.5713598253806,17,031,170400,1,170311704001
223.0,22.0,124.0,0.0,16.0,16.0,22.0,70.0,42.0,90.0,82.0,147.0,104.0,1.6120509358952075,0.0,0.0,959.6120509358952,17,031,170400,2,170311704002
60.0,63.0,34.0,55.0,72.0,92.0,51.0,0.0,41.0,80.0,87.0,153.0,41.0,0.2448684965916771,0.0,0.0,829.2448684965917,17,031,170400,3,170311704003
0.0,34.0,67.0,25.0,55.0,34.0,13.0,16.0,13.0,32.0,86.0,188.0,34.0,0.7550111978243377,0.0,0.0,597.7550111978244,17,031,170400,4,170311704004
25.0,0.0,30.0,55.0,112.0,40.0,100.0,75.0,37.0,65.0,117.0,517.0,270.0,1.4794138335747158,0.0,0.0,1444.4794138335747,17,031,170500,1,170311705001
0.0,137.0,0.0,0.0,0.0,26.0,0.0,23.0,17.0,44.0,20.0,157.0,193.0,1.3977910013774901,0.0,0.0,618.3977910013775,17,031,170500,2,170311705002
35.0,30.0,22.0,0.0,20.0,51.0,38.0,119.0,0.0,73.0,461.0,175.0,234.0,0.0,0.0,0.0,1258.0,17,031,170500,3,170311705003
137.0,95.0,0.0,0.0,56.0,20.0,69.0,62.0,72.0,85.0,59.0,150.0,134.0,0.9488654242927488,0.0,0.0,939.9488654242928,17,031,170500,4,170311705004
17.0,79.0,41.0,47.0,50.0,17.0,56.0,65.0,26.0,71.0,50.0,177.0,112.0,0.5407512633066203,0.0,0.0,808.5407512633067,17,031,170600,1,170311706001
19.0,51.0,187.0,147.0,73.0,227.0,90.0,73.0,62.0,62.0,53.0,377.0,147.0,0.867242592095523,0.0,0.0,1568.8672425920956,17,031,170600,2,170311706002
91.0,21.0,122.0,59.0,21.0,141.0,25.0,0.0,15.0,31.0,97.0,138.0,18.0,1.2447481910076919,0.0,0.0,780.2447481910077,17,031,170700,1,170311707001
60.0,13.0,0.0,18.0,0.0,107.0,81.0,18.0,44.0,134.0,149.0,81.0,26.0,0.0,0.0,0.0,731.0,17,031,170700,2,170311707002
83.0,35.0,68.0,120.0,35.0,20.0,63.0,63.0,17.0,40.0,118.0,229.0,108.0,0.0,0.0,0.0,999.0,17,031,170700,3,170311707003
144.0,10.0,22.0,71.0,63.0,147.0,40.0,22.0,38.0,20.0,154.0,104.0,320.0,0.0,0.0,0.0,1155.0,17,031,170800,1,170311708001
80.0,0.0,157.0,125.0,0.0,77.0,0.0,0.0,80.0,57.0,145.0,180.0,114.0,0.22446278854237067,0.0,0.0,1015.2244627885424,17,031,170800,2,170311708002
63.0,57.0,38.0,79.0,170.0,49.0,52.0,52.0,30.0,170.0,239.0,173.0,63.0,0.3570998908628624,0.0,0.0,1235.3570998908629,17,031,170800,3,170311708003
189.0,126.0,49.0,79.0,32.0,30.0,32.0,98.0,35.0,54.0,328.0,216.0,271.0,0.6121712414791928,0.0,0.0,1539.6121712414792,17,031,170900,1,170311709001
111.0,0.0,81.0,107.0,0.0,0.0,156.0,0.0,45.0,372.0,153.0,307.0,261.0,2.6629449004344883,0.0,0.0,1595.6629449004345,17,031,171000,1,170311710001
63.0,0.0,66.0,0.0,45.0,247.0,0.0,69.0,0.0,178.0,148.0,164.0,143.0,0.0,0.0,0.0,1123.0,17,031,171000,2,170311710002
0.0,80.0,0.0,191.0,0.0,33.0,0.0,208.0,40.0,43.0,50.0,40.0,73.0,0.43872272306008814,0.0,0.0,758.4387227230601,17,031,171000,3,170311710003
0.0,178.0,134.0,0.0,0.0,79.0,20.0,0.0,46.0,32.0,164.0,249.0,152.0,0.3877084529368221,0.0,0.0,1054.3877084529367,17,031,171000,4,170311710004
43.0,0.0,217.0,43.0,0.0,0.0,62.0,97.0,116.0,0.0,51.0,244.0,201.0,0.2448684965916771,0.0,0.0,1074.2448684965916,17,031,171000,5,170311710005
0.0,27.0,39.0,129.0,75.0,84.0,160.0,229.0,0.0,0.0,147.0,211.0,141.0,0.0,0.0,0.0,1242.0,17,031,171000,6,170311710006
29.0,0.0,94.0,83.0,0.0,80.0,29.0,259.0,32.0,204.0,175.0,193.0,164.0,3.417956098258826,0.0,0.0,1345.4179560982589,17,031,171100,1,170311711001
18.0,130.0,54.0,69.0,45.0,118.0,60.0,0.0,54.0,63.0,245.0,154.0,172.0,0.7958226139229506,0.0,0.0,1182.7958226139228,17,031,171100,2,170311711002
0.0,0.0,50.0,0.0,31.0,0.0,0.0,122.0,46.0,250.0,259.0,56.0,256.0,0.7244026357503781,0.0,0.0,1070.7244026357503,17,031,171100,3,170311711003
0.0,0.0,0.0,135.0,177.0,27.0,23.0,177.0,0.0,50.0,34.0,227.0,131.0,1.1733282128351195,0.0,0.0,982.1733282128351,17,031,180100,1,170311801001
128.0,0.0,103.0,18.0,108.0,0.0,56.0,87.0,0.0,60.0,31.0,126.0,0.0,0.0,0.0,0.0,717.0,17,031,180100,2,170311801002
108.0,58.0,27.0,27.0,47.0,119.0,212.0,44.0,0.0,228.0,69.0,0.0,223.0,0.0,0.0,0.0,1162.0,17,031,180100,3,170311801003
133.0,17.0,27.0,0.0,136.0,68.0,30.0,0.0,0.0,93.0,0.0,88.0,131.0,0.9488654242927488,0.0,0.0,723.9488654242928,17,031,180100,4,170311801004
270.0,0.0,135.0,151.0,129.0,0.0,91.0,126.0,160.0,59.0,81.0,75.0,365.0,0.4081141609861285,0.0,0.0,1642.408114160986,17,031,180100,5,170311801005
152.0,237.0,342.0,389.0,257.0,193.0,311.0,74.0,77.0,115.0,98.0,267.0,108.0,0.44892557708474135,0.0,0.0,2620.4489255770845,17,031,190100,1,170311901001
127.0,83.0,92.0,195.0,141.0,88.0,0.0,44.0,0.0,156.0,273.0,146.0,68.0,0.0,0.0,0.0,1413.0,17,031,190200,1,170311902001
0.0,146.0,0.0,38.0,118.0,83.0,132.0,59.0,191.0,310.0,143.0,146.0,115.0,2.0915850750539087,0.0,0.0,1483.091585075054,17,031,190200,2,170311902002
0.0,0.0,270.0,117.0,35.0,252.0,24.0,32.0,64.0,338.0,138.0,60.0,81.0,0.28567991269028997,0.0,0.0,1411.2856799126903,17,031,190200,3,170311902003
141.0,0.0,97.0,129.0,0.0,0.0,64.0,161.0,29.0,102.0,41.0,0.0,82.0,1.101908234662547,0.0,0.0,847.1019082346626,17,031,190200,4,170311902004
23.0,161.0,134.0,0.0,23.0,56.0,113.0,86.0,0.0,122.0,137.0,101.0,23.0,0.3570998908628624,0.0,0.0,979.3570998908629,17,031,190300,1,170311903001
75.0,71.0,100.0,143.0,112.0,90.0,40.0,65.0,147.0,162.0,71.0,206.0,81.0,0.43872272306008814,0.0,0.0,1363.43872272306,17,031,190300,2,170311903002
101.0,91.0,66.0,129.0,75.0,15.0,69.0,75.0,0.0,230.0,161.0,240.0,15.0,0.2550713506163303,0.0,0.0,1267.2550713506164,17,031,190300,3,170311903003
92.0,59.0,62.0,0.0,141.0,236.0,164.0,0.0,0.0,134.0,32.0,128.0,144.0,0.3979113069614753,0.0,0.0,1192.3979113069615,17,031,190300,4,170311903004
40.0,21.0,21.0,40.0,219.0,62.0,76.0,0.0,0.0,193.0,263.0,391.0,150.0,0.0,0.0,0.0,1476.0,17,031,190401,1,170311904011
236.0,152.0,165.0,114.0,155.0,199.0,114.0,290.0,77.0,229.0,169.0,131.0,385.0,1.6528623519938204,0.0,0.0,2417.652862351994,17,031,190401,2,170311904012
239.0,100.0,171.0,242.0,62.0,210.0,210.0,41.0,0.0,29.0,210.0,183.0,103.0,0.5713598253805799,0.0,0.0,1800.5713598253806,17,031,190402,1,170311904021
63.0,150.0,154.0,221.0,247.0,395.0,73.0,264.0,194.0,93.0,83.0,174.0,304.0,2.009962242856683,0.0,0.0,2417.0099622428565,17,031,190402,2,170311904022
93.0,70.0,22.0,19.0,0.0,67.0,64.0,89.0,147.0,60.0,112.0,179.0,32.0,0.4897369931833542,0.0,0.0,954.4897369931833,17,031,190601,1,170311906011
132.0,136.0,59.0,0.0,136.0,0.0,94.0,0.0,29.0,89.0,115.0,55.0,107.0,1.0406911105146277,0.0,0.0,953.0406911105147,17,031,190601,2,170311906012
0.0,298.0,234.0,298.0,0.0,68.0,89.0,89.0,222.0,392.0,456.0,277.0,85.0,0.9998796944160149,0.0,0.0,2508.999879694416,17,031,190601,3,170311906013
0.0,120.0,220.0,91.0,0.0,29.0,253.0,0.0,116.0,162.0,216.0,332.0,83.0,0.336694182813556,0.0,0.0,1622.3366941828135,17,031,190602,1,170311906021
55.0,114.0,0.0,136.0,44.0,29.0,40.0,356.0,110.0,0.0,213.0,217.0,206.0,0.336694182813556,0.0,0.0,1520.3366941828135,17,031,190602,2,170311906022
27.0,0.0,212.0,78.0,194.0,27.0,119.0,143.0,153.0,64.0,181.0,188.0,129.0,0.0,0.0,0.0,1515.0,17,031,190602,3,170311906023
27.0,113.0,46.0,86.0,175.0,265.0,105.0,109.0,39.0,62.0,324.0,140.0,179.0,0.23466564256702388,0.0,0.0,1670.234665642567,17,031,190701,1,170311907011
0.0,126.0,49.0,179.0,206.0,79.0,26.0,83.0,53.0,73.0,126.0,183.0,23.0,0.23466564256702388,0.0,0.0,1206.234665642567,17,031,190701,2,170311907012
71.0,18.0,0.0,0.0,94.0,64.0,260.0,0.0,0.0,18.0,128.0,150.0,0.0,0.37750559891216884,0.0,0.0,803.3775055989122,17,031,190702,1,170311907021
0.0,86.0,202.0,140.0,260.0,202.0,153.0,115.0,0.0,120.0,579.0,82.0,260.0,0.5815626794052331,0.0,0.0,2199.581562679405,17,031,190702,2,170311907022
223.0,0.0,74.0,0.0,381.0,0.0,209.0,273.0,87.0,314.0,199.0,0.0,57.0,1.1631253588104662,0.0,0.0,1818.1631253588105,17,031,190702,3,170311907023
89.0,50.0,150.0,182.0,193.0,0.0,89.0,32.0,0.0,0.0,218.0,17.0,96.0,0.867242592095523,0.0,0.0,1116.8672425920956,17,031,190800,1,170311908001
31.0,0.0,0.0,37.0,69.0,51.0,89.0,62.0,37.0,79.0,117.0,0.0,144.0,0.3162884747642496,0.0,0.0,716.3162884747643,17,031,190800,2,170311908002
330.0,69.0,154.0,146.0,113.0,44.0,0.0,55.0,33.0,73.0,135.0,88.0,333.0,0.0,0.0,0.0,1573.0,17,031,190800,3,170311908003
213.0,36.0,29.0,159.0,89.0,156.0,166.0,33.0,46.0,446.0,143.0,129.0,29.0,0.13263710232049175,0.0,0.0,1674.1326371023206,17,031,190800,4,170311908004
114.0,155.0,0.0,214.0,196.0,0.0,44.0,0.0,159.0,99.0,155.0,262.0,62.0,0.0,0.0,0.0,1460.0,17,031,190800,5,170311908005
0.0,170.0,120.0,148.0,287.0,265.0,53.0,91.0,41.0,101.0,189.0,72.0,110.0,1.673268060043127,0.0,0.0,1648.673268060043,17,031,190900,1,170311909001
95.0,30.0,117.0,30.0,99.0,95.0,82.0,21.0,26.0,182.0,26.0,247.0,21.0,0.9284597162434424,0.0,0.0,1071.9284597162434,17,031,191000,1,170311910001
66.0,161.0,0.0,123.0,119.0,99.0,94.0,90.0,152.0,185.0,156.0,156.0,148.0,0.0,0.0,0.0,1549.0,17,031,191000,2,170311910002
0.0,0.0,0.0,154.0,28.0,0.0,0.0,70.0,163.0,130.0,247.0,331.0,0.0,0.0,0.0,0.0,1123.0,17,031,191100,1,170311911001
0.0,0.0,35.0,240.0,0.0,21.0,0.0,0.0,65.0,122.0,337.0,74.0,0.0,0.0,0.0,0.0,894.0,17,031,191100,2,170311911002
0.0,150.0,33.0,83.0,145.0,195.0,108.0,104.0,100.0,304.0,25.0,54.0,0.0,0.5509541173312735,0.0,0.0,1301.5509541173312,17,031,191100,3,170311911003
69.0,243.0,131.0,72.0,0.0,127.0,29.0,69.0,98.0,156.0,131.0,156.0,116.0,0.3264913287889028,0.0,0.0,1397.326491328789,17,031,191100,4,170311911004
0.0,314.0,91.0,240.0,206.0,124.0,198.0,231.0,0.0,356.0,149.0,298.0,0.0,0.0,0.0,0.0,2207.0,17,031,191100,5,170311911005
54.0,65.0,0.0,32.0,0.0,131.0,51.0,36.0,0.0,278.0,32.0,80.0,58.0,0.0,0.0,0.0,817.0,17,031,191100,6,170311911006
92.0,260.0,407.0,399.0,264.0,155.0,201.0,281.0,50.0,105.0,231.0,285.0,113.0,0.46933128513404776,0.0,0.0,2843.469331285134,17,031,191200,1,170311912001
54.0,111.0,64.0,61.0,18.0,90.0,36.0,115.0,54.0,154.0,223.0,32.0,0.0,0.43872272306008814,0.0,0.0,1012.4387227230601,17,031,191200,2,170311912002
39.0,0.0,402.0,131.0,157.0,289.0,302.0,100.0,113.0,486.0,43.0,398.0,459.0,0.43872272306008814,0.0,0.0,2919.43872272306,17,031,191301,1,170311913011
118.0,222.0,74.0,140.0,0.0,89.0,63.0,185.0,40.0,278.0,22.0,204.0,0.0,0.0,0.0,0.0,1435.0,17,031,191301,2,170311913012
189.0,323.0,39.0,0.0,43.0,134.0,106.0,43.0,130.0,82.0,90.0,142.0,35.0,0.0,0.0,0.0,1356.0,17,031,191301,3,170311913013
117.0,206.0,101.0,239.0,0.0,134.0,181.0,231.0,172.0,164.0,450.0,113.0,0.0,0.1632456643944514,0.0,0.0,2108.1632456643943,17,031,191302,1,170311913021
255.0,85.0,103.0,189.0,389.0,226.0,374.0,0.0,211.0,155.0,293.0,89.0,396.0,0.0,0.0,0.0,2765.0,17,031,191302,2,170311913022
0.0,143.0,55.0,0.0,180.0,62.0,0.0,0.0,95.0,25.0,103.0,114.0,80.0,0.0,0.0,0.0,857.0,17,031,200100,1,170312001001
112.0,127.0,29.0,89.0,52.0,108.0,29.0,78.0,123.0,164.0,190.0,29.0,130.0,1.2141396289337323,0.0,0.0,1261.2141396289337,17,031,200100,2,170312001002
185.0,151.0,303.0,43.0,6.0,155.0,310.0,107.0,0.0,151.0,107.0,340.0,168.0,1.0917053806378938,0.0,0.0,2027.091705380638,17,031,200100,3,170312001003
50.0,47.0,127.0,0.0,189.0,116.0,0.0,0.0,0.0,66.0,136.0,152.0,88.0,0.336694182813556,0.0,0.0,971.3366941828135,17,031,200200,1,170312002001
161.0,30.0,116.0,65.0,278.0,72.0,82.0,96.0,110.0,158.0,216.0,113.0,27.0,0.0,0.0,0.0,1524.0,17,031,200200,2,170312002002
121.0,55.0,0.0,171.0,0.0,96.0,31.0,167.0,0.0,31.0,108.0,99.0,0.0,0.0,0.0,0.0,879.0,17,031,200200,3,170312002003
81.0,228.0,187.0,23.0,0.0,112.0,187.0,30.0,47.0,64.0,177.0,214.0,112.0,0.0,0.0,0.0,1462.0,17,031,200200,4,170312002004
160.0,99.0,22.0,64.0,106.0,49.0,118.0,0.0,45.0,145.0,202.0,87.0,198.0,0.0,0.0,0.0,1295.0,17,031,200300,1,170312003001
98.0,116.0,18.0,47.0,131.0,109.0,47.0,146.0,36.0,0.0,186.0,87.0,0.0,0.0,0.0,0.0,1021.0,17,031,200300,2,170312003002
0.0,0.0,101.0,189.0,147.0,0.0,136.0,31.0,49.0,66.0,0.0,143.0,87.0,0.0,0.0,0.0,949.0,17,031,200401,1,170312004011
0.0,249.0,153.0,322.0,403.0,290.0,282.0,48.0,141.0,270.0,334.0,318.0,0.0,0.44892557708474135,0.0,0.0,2810.4489255770845,17,031,200401,2,170312004012
111.0,0.0,69.0,0.0,105.0,75.0,0.0,174.0,84.0,0.0,66.0,57.0,63.0,0.18365137244375782,0.0,0.0,804.1836513724437,17,031,200402,1,170312004021
72.0,109.0,178.0,0.0,56.0,291.0,29.0,0.0,59.0,95.0,102.0,139.0,0.0,1.346776731254224,0.0,0.0,1131.3467767312543,17,031,200402,2,170312004022
378.0,0.0,312.0,0.0,29.0,91.0,120.0,58.0,0.0,345.0,178.0,187.0,128.0,0.0,0.0,0.0,1826.0,17,031,200402,3,170312004023
150.0,77.0,87.0,70.0,60.0,52.0,50.0,27.0,22.0,97.0,75.0,283.0,67.0,0.530548409281967,0.0,0.0,1117.530548409282,17,031,210100,1,170312101001
126.0,25.0,14.0,20.0,71.0,48.0,97.0,143.0,60.0,45.0,66.0,183.0,48.0,1.2549510450323451,0.0,0.0,947.2549510450324,17,031,210100,2,170312101002
15.0,50.0,0.0,102.0,69.0,58.0,37.0,8.0,19.0,187.0,126.0,172.0,19.0,0.2652742046409835,0.0,0.0,862.265274204641,17,031,210100,3,170312101003
215.0,51.0,160.0,97.0,269.0,209.0,189.0,37.0,86.0,106.0,177.0,180.0,94.0,0.8978511541694827,0.0,0.0,1870.8978511541695,17,031,210400,1,170312104001
78.0,58.0,128.0,19.0,109.0,0.0,54.0,23.0,163.0,31.0,140.0,132.0,42.0,0.0,0.0,0.0,977.0,17,031,210400,2,170312104002
82.0,0.0,89.0,46.0,251.0,100.0,57.0,147.0,218.0,0.0,100.0,64.0,0.0,1.0202854024653212,0.0,0.0,1155.0202854024653,17,031,210501,1,170312105011
364.0,164.0,110.0,230.0,89.0,337.0,406.0,230.0,146.0,382.0,212.0,397.0,95.0,0.6631855116024589,0.0,0.0,3162.6631855116025,17,031,210501,2,170312105012
222.0,264.0,0.0,304.0,120.0,91.0,85.0,85.0,120.0,170.0,98.0,222.0,26.0,0.22446278854237067,0.0,0.0,1807.2244627885423,17,031,210502,1,170312105021
99.0,436.0,43.0,37.0,443.0,99.0,180.0,21.0,40.0,131.0,96.0,152.0,159.0,0.0,0.0,0.0,1936.0,17,031,210502,2,170312105022
0.0,0.0,57.0,132.0,93.0,0.0,182.0,103.0,96.0,175.0,114.0,0.0,93.0,0.0,0.0,0.0,1045.0,17,031,210502,3,170312105023
30.0,0.0,0.0,0.0,0.0,110.0,0.0,0.0,186.0,0.0,45.0,105.0,0.0,1.1223139427118534,0.0,0.0,477.12231394271186,17,031,210601,1,170312106011
104.0,20.0,165.0,87.0,0.0,23.0,52.0,34.0,154.0,101.0,116.0,64.0,0.0,0.0,0.0,0.0,920.0,17,031,210601,2,170312106012
89.0,0.0,23.0,140.0,53.0,128.0,169.0,20.0,62.0,193.0,253.0,163.0,56.0,0.0,0.0,0.0,1349.0,17,031,210601,3,170312106013
163.0,127.0,50.0,103.0,60.0,67.0,96.0,21.0,0.0,254.0,139.0,177.0,0.0,0.4081141609861285,0.0,0.0,1257.408114160986,17,031,210602,1,170312106021
106.0,0.0,31.0,106.0,229.0,0.0,0.0,0.0,116.0,62.0,78.0,163.0,53.0,0.5101427012326606,0.0,0.0,944.5101427012327,17,031,210602,2,170312106022
65.0,54.0,230.0,145.0,43.0,369.0,84.0,145.0,73.0,117.0,169.0,84.0,95.0,0.21425993451771747,0.0,0.0,1673.2142599345177,17,031,210602,3,170312106023
49.0,20.0,93.0,59.0,0.0,111.0,0.0,59.0,23.0,121.0,69.0,93.0,38.0,1.1325167967365066,0.0,0.0,736.1325167967365,17,031,210700,1,170312107001
141.0,0.0,153.0,0.0,225.0,16.0,18.0,150.0,74.0,115.0,104.0,64.0,106.0,0.6835912196517653,0.0,0.0,1166.6835912196518,17,031,210700,2,170312107002
85.0,201.0,141.0,43.0,108.0,147.0,20.0,72.0,77.0,61.0,139.0,219.0,77.0,1.9181365566348039,0.0,0.0,1391.9181365566349,17,031,210700,3,170312107003
0.0,48.0,87.0,53.0,76.0,28.0,36.0,189.0,53.0,79.0,144.0,22.0,8.0,0.5407512633066203,0.0,0.0,823.5407512633067,17,031,210800,1,170312108001
53.0,138.0,233.0,187.0,53.0,82.0,79.0,231.0,51.0,295.0,203.0,74.0,123.0,0.6019683874545395,0.0,0.0,1802.6019683874545,17,031,210900,1,170312109001
0.0,161.0,0.0,23.0,63.0,17.0,26.0,78.0,34.0,31.0,98.0,251.0,54.0,1.826310870412925,0.0,0.0,837.826310870413,17,031,210900,2,170312109002
77.0,15.0,54.0,61.0,43.0,27.0,24.0,72.0,79.0,70.0,197.0,124.0,202.0,0.9488654242927488,0.0,0.0,1045.9488654242928,17,031,220300,1,170312203001
11.0,111.0,17.0,37.0,25.0,0.0,17.0,0.0,5.0,103.0,31.0,206.0,152.0,0.816228321972257,0.0,0.0,715.8162283219723,17,031,220300,2,170312203002
0.0,17.0,17.0,22.0,22.0,12.0,68.0,71.0,73.0,38.0,150.0,237.0,114.0,1.4488052715007562,0.0,0.0,842.4488052715008,17,031,220400,1,170312204001
106.0,121.0,0.0,119.0,29.0,36.0,63.0,0.0,14.0,166.0,161.0,172.0,251.0,0.46933128513404776,0.0,0.0,1238.469331285134,17,031,220400,2,170312204002
75.0,38.0,19.0,15.0,41.0,0.0,86.0,36.0,110.0,97.0,60.0,127.0,36.0,0.673388365627112,0.0,0.0,740.6733883656271,17,031,220500,1,170312205001
34.0,17.0,30.0,75.0,15.0,19.0,0.0,92.0,15.0,51.0,131.0,131.0,47.0,0.7039969277010717,0.0,0.0,657.703996927701,17,031,220500,2,170312205002
44.0,30.0,42.0,32.0,93.0,0.0,14.0,51.0,74.0,51.0,145.0,119.0,112.0,0.3979113069614753,0.0,0.0,807.3979113069614,17,031,220500,3,170312205003
72.0,22.0,28.0,40.0,122.0,52.0,60.0,52.0,24.0,24.0,44.0,60.0,44.0,0.1632456643944514,0.0,0.0,644.1632456643945,17,031,220601,1,170312206011
21.0,78.0,0.0,0.0,45.0,0.0,33.0,114.0,9.0,123.0,126.0,154.0,87.0,0.5509541173312735,0.0,0.0,790.5509541173312,17,031,220601,2,170312206012
13.0,48.0,0.0,53.0,0.0,13.0,0.0,0.0,0.0,41.0,0.0,53.0,48.0,0.3877084529368221,0.0,0.0,269.3877084529368,17,031,220602,1,170312206021
0.0,0.0,24.0,56.0,24.0,72.0,0.0,0.0,0.0,0.0,0.0,0.0,220.0,1.1427196507611599,0.0,0.0,397.14271965076114,17,031,220602,2,170312206022
262.0,149.0,0.0,52.0,35.0,96.0,143.0,19.0,74.0,44.0,107.0,14.0,42.0,0.1734485184191046,0.0,0.0,1037.173448518419,17,031,220602,3,170312206023
218.0,213.0,67.0,0.0,27.0,227.0,20.0,166.0,29.0,114.0,256.0,121.0,231.0,0.0,0.0,0.0,1689.0,17,031,220602,4,170312206024
0.0,0.0,0.0,0.0,0.0,83.0,103.0,78.0,0.0,281.0,0.0,27.0,0.0,1.3059653151556112,0.0,0.0,573.3059653151556,17,031,220602,5,170312206025
140.0,0.0,42.0,28.0,0.0,0.0,42.0,70.0,44.0,216.0,50.0,281.0,0.0,0.0,0.0,0.0,913.0,17,031,220701,1,170312207011
52.0,0.0,123.0,92.0,0.0,64.0,46.0,0.0,207.0,0.0,40.0,160.0,182.0,0.43872272306008814,0.0,0.0,966.4387227230601,17,031,220701,2,170312207012
54.0,94.0,45.0,85.0,197.0,173.0,36.0,72.0,39.0,164.0,197.0,191.0,69.0,0.5203455552573139,0.0,0.0,1416.5203455552573,17,031,220701,3,170312207013
127.0,254.0,161.0,84.0,57.0,169.0,0.0,61.0,134.0,96.0,346.0,188.0,77.0,0.1530428103697982,0.0,0.0,1754.1530428103697,17,031,220702,1,170312207021
43.0,84.0,76.0,95.0,106.0,46.0,84.0,21.0,0.0,103.0,46.0,62.0,0.0,0.0,0.0,0.0,766.0,17,031,220702,2,170312207022
0.0,36.0,67.0,53.0,14.0,45.0,0.0,45.0,56.0,0.0,84.0,246.0,0.0,0.0,0.0,0.0,646.0,17,031,220702,3,170312207023
117.0,31.0,237.0,82.0,98.0,0.0,0.0,60.0,57.0,164.0,44.0,152.0,31.0,0.0,0.0,0.0,1073.0,17,031,220702,4,170312207024
289.0,165.0,153.0,123.0,0.0,0.0,126.0,44.0,23.0,44.0,0.0,41.0,14.0,0.2958827667149432,0.0,0.0,1022.295882766715,17,031,220901,1,170312209011
58.0,100.0,58.0,63.0,36.0,0.0,0.0,31.0,0.0,145.0,102.0,124.0,116.0,0.6121712414791928,0.0,0.0,833.6121712414792,17,031,220901,2,170312209012
95.0,0.0,103.0,86.0,138.0,0.0,185.0,216.0,203.0,0.0,56.0,146.0,0.0,0.7448083437996845,0.0,0.0,1228.7448083437996,17,031,220901,3,170312209013
82.0,116.0,193.0,34.0,82.0,145.0,54.0,25.0,0.0,136.0,165.0,208.0,14.0,0.22446278854237067,0.0,0.0,1254.2244627885423,17,031,220902,1,170312209021
115.0,140.0,119.0,83.0,126.0,50.0,83.0,166.0,169.0,50.0,216.0,184.0,108.0,0.18365137244375782,0.0,0.0,1609.1836513724438,17,031,220902,2,170312209022
44.0,111.0,0.0,40.0,125.0,193.0,23.0,118.0,128.0,138.0,196.0,0.0,264.0,0.6223740955038459,0.0,0.0,1380.6223740955038,17,031,221000,1,170312210001
197.0,102.0,187.0,215.0,204.0,56.0,77.0,102.0,105.0,56.0,187.0,49.0,144.0,0.0,0.0,0.0,1681.0,17,031,221000,2,170312210002
76.0,141.0,87.0,126.0,45.0,22.0,69.0,114.0,20.0,202.0,407.0,283.0,47.0,0.20405708049306426,0.0,0.0,1639.2040570804932,17,031,221100,1,170312211001
180.0,194.0,98.0,213.0,87.0,117.0,98.0,45.0,71.0,117.0,61.0,194.0,47.0,0.43872272306008814,0.0,0.0,1522.43872272306,17,031,221100,2,170312211002
62.0,104.0,20.0,215.0,0.0,160.0,59.0,0.0,0.0,128.0,198.0,142.0,0.0,0.0,0.0,0.0,1088.0,17,031,221100,3,170312211003
76.0,139.0,0.0,48.0,109.0,129.0,172.0,0.0,10.0,101.0,86.0,63.0,58.0,1.061096818563934,0.0,0.0,992.0610968185639,17,031,221200,1,170312212001
70.0,32.0,121.0,170.0,100.0,0.0,184.0,173.0,46.0,84.0,224.0,146.0,135.0,1.0712996725885873,0.0,0.0,1486.0712996725886,17,031,221200,2,170312212002
95.0,76.0,59.0,311.0,116.0,102.0,19.0,16.0,0.0,21.0,140.0,140.0,128.0,0.5509541173312735,0.0,0.0,1223.5509541173312,17,031,221300,1,170312213001
108.0,60.0,0.0,26.0,63.0,23.0,11.0,43.0,61.0,76.0,40.0,125.0,33.0,0.3060856207395964,0.0,0.0,669.3060856207396,17,031,221300,2,170312213002
22.0,0.0,0.0,81.0,0.0,0.0,0.0,64.0,0.0,47.0,151.0,19.0,137.0,0.19385422646841105,0.0,0.0,521.1938542264684,17,031,221300,3,170312213003
0.0,102.0,7.0,60.0,82.0,55.0,25.0,35.0,0.0,128.0,193.0,42.0,45.0,0.1530428103697982,0.0,0.0,774.1530428103698,17,031,221400,1,170312214001
148.0,0.0,22.0,0.0,18.0,30.0,0.0,0.0,18.0,0.0,119.0,156.0,84.0,0.45912843110939455,0.0,0.0,595.4591284311094,17,031,221400,2,170312214002
30.0,47.0,9.0,54.0,35.0,180.0,84.0,206.0,86.0,143.0,122.0,94.0,86.0,0.1632456643944514,0.0,0.0,1176.1632456643945,17,031,221400,3,170312214003
199.0,89.0,91.0,58.0,0.0,103.0,15.0,8.0,0.0,123.0,68.0,44.0,87.0,0.3060856207395964,0.0,0.0,885.3060856207396,17,031,221500,1,170312215001
205.0,65.0,61.0,93.0,106.0,184.0,139.0,80.0,46.0,192.0,78.0,163.0,44.0,0.44892557708474135,0.0,0.0,1456.4489255770848,17,031,221500,2,170312215002
154.0,27.0,31.0,95.0,15.0,0.0,0.0,83.0,35.0,124.0,120.0,144.0,39.0,1.2447481910076919,0.0,0.0,868.2447481910077,17,031,221600,1,170312216001
126.0,64.0,113.0,90.0,116.0,72.0,74.0,0.0,18.0,108.0,90.0,291.0,90.0,2.071179367004602,0.0,0.0,1254.0711793670046,17,031,221600,2,170312216002
0.0,0.0,9.0,50.0,18.0,30.0,0.0,20.0,0.0,25.0,41.0,140.0,80.0,0.8468368840462166,0.0,0.0,413.84683688404624,17,031,222200,1,170312222001
45.0,0.0,13.0,24.0,6.0,0.0,31.0,36.0,20.0,131.0,111.0,49.0,115.0,1.061096818563934,0.0,0.0,582.0610968185639,17,031,222200,2,170312222002
198.0,0.0,61.0,114.0,64.0,58.0,187.0,81.0,39.0,33.0,134.0,50.0,165.0,0.5101427012326606,0.0,0.0,1184.5101427012326,17,031,222500,1,170312225001
166.0,75.0,61.0,89.0,162.0,47.0,115.0,56.0,84.0,143.0,155.0,148.0,103.0,0.5917655334298864,0.0,0.0,1404.59176553343,17,031,222600,1,170312226001
124.0,96.0,27.0,27.0,12.0,31.0,0.0,164.0,9.0,266.0,105.0,86.0,31.0,0.6631855116024589,0.0,0.0,978.6631855116025,17,031,222700,1,170312227001
69.0,0.0,160.0,66.0,193.0,181.0,75.0,106.0,33.0,57.0,103.0,193.0,199.0,0.6427798035531523,0.0,0.0,1435.6427798035531,17,031,222700,2,170312227002
115.0,177.0,156.0,76.0,79.0,8.0,56.0,20.0,0.0,189.0,35.0,47.0,26.0,0.14283995634514499,0.0,0.0,984.1428399563451,17,031,222800,1,170312228001
113.0,78.0,78.0,72.0,15.0,28.0,50.0,37.0,56.0,147.0,113.0,47.0,12.0,0.12243424829583854,0.0,0.0,846.1224342482958,17,031,222900,1,170312229001
191.0,77.0,82.0,71.0,82.0,188.0,71.0,63.0,69.0,98.0,220.0,228.0,85.0,0.3468970368382092,0.0,0.0,1525.3468970368383,17,031,230100,1,170312301001
165.0,151.0,66.0,227.0,69.0,115.0,3.0,221.0,75.0,89.0,211.0,270.0,89.0,1.1427196507611599,0.0,0.0,1752.1427196507611,17,031,230200,1,170312302001
114.0,70.0,145.0,133.0,47.0,0.0,51.0,94.0,27.0,27.0,106.0,279.0,55.0,0.0,0.0,0.0,1148.0,17,031,230300,1,170312303001
226.0,40.0,68.0,101.0,32.0,0.0,129.0,68.0,40.0,52.0,197.0,274.0,145.0,0.7754169058736442,0.0,0.0,1372.7754169058737,17,031,230400,1,170312304001
116.0,42.0,58.0,108.0,34.0,89.0,19.0,23.0,108.0,15.0,174.0,232.0,143.0,0.0,0.0,0.0,1161.0,17,031,230400,2,170312304002
453.0,307.0,109.0,113.0,289.0,142.0,186.0,153.0,106.0,204.0,150.0,325.0,0.0,0.0,0.0,0.0,2537.0,17,031,230500,1,170312305001
156.0,55.0,61.0,185.0,153.0,42.0,107.0,65.0,0.0,45.0,94.0,52.0,61.0,0.22446278854237067,0.0,0.0,1076.2244627885423,17,031,230500,2,170312305002
0.0,138.0,56.0,0.0,56.0,155.0,73.0,99.0,0.0,0.0,142.0,0.0,0.0,0.0,0.0,0.0,719.0,17,031,230600,1,170312306001
249.0,74.0,35.0,132.0,39.0,187.0,109.0,241.0,0.0,187.0,124.0,58.0,0.0,0.46933128513404776,0.0,0.0,1435.469331285134,17,031,230600,2,170312306002
252.0,53.0,33.0,0.0,0.0,56.0,96.0,46.0,56.0,99.0,119.0,0.0,0.0,0.0,0.0,0.0,810.0,17,031,230600,3,170312306003
263.0,134.0,0.0,101.0,129.0,263.0,120.0,134.0,0.0,125.0,180.0,0.0,64.0,0.0,0.0,0.0,1513.0,17,031,230600,4,170312306004
278.0,215.0,0.0,55.0,52.0,34.0,59.0,59.0,10.0,0.0,160.0,240.0,0.0,0.0,0.0,0.0,1162.0,17,031,230600,5,170312306005
21.0,85.0,227.0,52.0,61.0,125.0,0.0,46.0,165.0,73.0,0.0,42.0,0.0,0.2448684965916771,0.0,0.0,897.2448684965917,17,031,230600,6,170312306006
0.0,75.0,98.0,36.0,131.0,378.0,52.0,42.0,82.0,78.0,95.0,217.0,52.0,0.0,0.0,0.0,1336.0,17,031,230700,1,170312307001
144.0,144.0,128.0,149.0,0.0,0.0,20.0,0.0,186.0,99.0,99.0,161.0,41.0,0.0,0.0,0.0,1171.0,17,031,230700,2,170312307002
105.0,28.0,181.0,191.0,127.0,98.0,73.0,60.0,169.0,133.0,28.0,223.0,0.0,0.0,0.0,0.0,1416.0,17,031,230700,3,170312307003
167.0,89.0,149.0,100.0,54.0,25.0,109.0,40.0,72.0,28.0,227.0,23.0,0.0,0.0,0.0,0.0,1083.0,17,031,230700,4,170312307004
35.0,10.0,42.0,98.0,28.0,74.0,77.0,127.0,0.0,52.0,310.0,148.0,63.0,0.21425993451771747,0.0,0.0,1064.2142599345177,17,031,230800,1,170312308001
391.0,134.0,157.0,86.0,20.0,0.0,160.0,68.0,25.0,27.0,314.0,226.0,25.0,0.1734485184191046,0.0,0.0,1633.173448518419,17,031,230900,1,170312309001
336.0,124.0,224.0,70.0,149.0,65.0,111.0,159.0,0.0,159.0,59.0,138.0,65.0,0.0,0.0,0.0,1659.0,17,031,230900,2,170312309002
118.0,124.0,79.0,30.0,155.0,133.0,215.0,91.0,48.0,106.0,194.0,79.0,164.0,0.36730274488751563,0.0,0.0,1536.3673027448874,17,031,230900,3,170312309003
184.0,24.0,49.0,184.0,31.0,74.0,24.0,102.0,56.0,116.0,81.0,70.0,81.0,0.46933128513404776,0.0,0.0,1076.469331285134,17,031,231100,1,170312311001
231.0,33.0,63.0,90.0,53.0,134.0,0.0,60.0,67.0,107.0,63.0,80.0,0.0,0.0,0.0,0.0,981.0,17,031,231200,1,170312312001
445.0,43.0,365.0,65.0,0.0,51.0,83.0,65.0,0.0,350.0,113.0,58.0,0.0,0.0,0.0,0.0,1638.0,17,031,231200,2,170312312002
72.0,116.0,87.0,41.0,36.0,0.0,0.0,24.0,0.0,0.0,33.0,0.0,38.0,0.0,0.0,0.0,447.0,17,031,231200,3,170312312003
135.0,274.0,33.0,165.0,161.0,75.0,0.0,41.0,127.0,184.0,33.0,52.0,90.0,0.0,0.0,0.0,1370.0,17,031,231200,4,170312312004
119.0,95.0,79.0,42.0,21.0,0.0,53.0,0.0,84.0,79.0,53.0,0.0,0.0,0.0,0.0,0.0,625.0,17,031,231200,5,170312312005
269.0,90.0,222.0,107.0,0.0,0.0,0.0,50.0,0.0,97.0,0.0,0.0,16.0,0.0,0.0,0.0,851.0,17,031,231500,1,170312315001
498.0,98.0,40.0,280.0,43.0,0.0,0.0,89.0,43.0,0.0,0.0,0.0,0.0,0.0,0.0,0.0,1091.0,17,031,231500,2,170312315002
145.0,38.0,41.0,0.0,0.0,0.0,0.0,0.0,0.0,75.0,77.0,85.0,0.0,0.0,0.0,0.0,461.0,17,031,231500,3,170312315003
224.0,87.0,0.0,0.0,168.0,206.0,0.0,0.0,87.0,75.0,0.0,34.0,0.0,0.0,0.0,0.0,881.0,17,031,231500,4,170312315004
426.0,246.0,91.0,50.0,209.0,146.0,62.0,121.0,0.0,0.0,188.0,0.0,0.0,0.0,0.0,0.0,1539.0,17,031,231500,5,170312315005
144.0,270.0,0.0,135.0,243.0,162.0,135.0,261.0,130.0,72.0,139.0,234.0,0.0,0.0,0.0,0.0,1925.0,17,031,231500,6,170312315006
140.0,129.0,34.0,91.0,41.0,0.0,0.0,30.0,0.0,14.0,101.0,180.0,218.0,1.050893964539281,0.0,0.0,979.0508939645392,17,031,240200,1,170312402001
27.0,25.0,68.0,47.0,36.0,27.0,0.0,27.0,30.0,111.0,58.0,176.0,103.0,1.0712996725885873,0.0,0.0,736.0712996725886,17,031,240300,1,170312403001
81.0,33.0,33.0,29.0,72.0,0.0,0.0,109.0,16.0,152.0,163.0,221.0,327.0,1.4590081255254095,0.0,0.0,1237.4590081255253,17,031,240500,1,170312405001
0.0,71.0,118.0,6.0,75.0,118.0,6.0,13.0,20.0,28.0,120.0,66.0,309.0,0.7039969277010717,0.0,0.0,950.703996927701,17,031,240600,1,170312406001
187.0,120.0,216.0,108.0,12.0,79.0,28.0,16.0,21.0,105.0,45.0,69.0,168.0,0.4081141609861285,0.0,0.0,1174.408114160986,17,031,240700,1,170312407001
195.0,57.0,93.0,0.0,96.0,44.0,0.0,67.0,12.0,109.0,89.0,125.0,70.0,0.1632456643944514,0.0,0.0,957.1632456643945,17,031,240800,1,170312408001
130.0,61.0,63.0,21.0,59.0,26.0,33.0,0.0,49.0,63.0,66.0,99.0,30.0,0.0,0.0,0.0,700.0,17,031,240800,2,170312408002
265.0,109.0,11.0,63.0,54.0,73.0,54.0,59.0,132.0,71.0,78.0,104.0,66.0,0.49993984720800744,0.0,0.0,1139.499939847208,17,031,240900,1,170312409001
71.0,96.0,85.0,24.0,27.0,115.0,11.0,30.0,46.0,85.0,104.0,49.0,22.0,0.49993984720800744,0.0,0.0,765.499939847208,17,031,241000,1,170312410001
198.0,64.0,0.0,122.0,0.0,12.0,122.0,64.0,48.0,27.0,85.0,61.0,15.0,0.27547705866563676,0.0,0.0,818.2754770586656,17,031,241000,2,170312410002
99.0,55.0,154.0,107.0,0.0,70.0,65.0,154.0,123.0,217.0,243.0,191.0,157.0,2.5303077981139968,0.0,0.0,1637.530307798114,17,031,241100,1,170312411001
106.0,41.0,98.0,135.0,78.0,0.0,39.0,345.0,88.0,153.0,179.0,382.0,208.0,0.7652140518489909,0.0,0.0,1852.765214051849,17,031,241100,2,170312411002
69.0,0.0,0.0,18.0,15.0,27.0,6.0,36.0,51.0,148.0,66.0,130.0,218.0,0.7754169058736442,0.0,0.0,784.7754169058736,17,031,241200,1,170312412001
174.0,0.0,71.0,76.0,6.0,13.0,0.0,34.0,8.0,50.0,65.0,95.0,67.0,0.5509541173312735,0.0,0.0,659.5509541173312,17,031,241200,2,170312412002
22.0,76.0,103.0,38.0,27.0,13.0,54.0,36.0,40.0,72.0,210.0,244.0,221.0,1.3977910013774901,0.0,0.0,1157.3977910013775,17,031,241300,1,170312413001
321.0,340.0,0.0,33.0,27.0,0.0,84.0,0.0,54.0,96.0,29.0,126.0,222.0,0.4897369931833542,0.0,0.0,1332.4897369931834,17,031,241400,1,170312414001
42.0,0.0,56.0,0.0,0.0,0.0,20.0,0.0,0.0,76.0,0.0,107.0,62.0,0.22446278854237067,0.0,0.0,363.2244627885424,17,031,241400,2,170312414002
28.0,0.0,0.0,0.0,0.0,18.0,0.0,95.0,0.0,204.0,26.0,28.0,188.0,0.2652742046409835,0.0,0.0,587.265274204641,17,031,241400,3,170312414003
110.0,0.0,0.0,49.0,0.0,0.0,0.0,44.0,137.0,112.0,66.0,231.0,156.0,2.7445677326317144,0.0,0.0,907.7445677326317,17,031,241400,4,170312414004
0.0,16.0,45.0,0.0,0.0,91.0,0.0,48.0,0.0,127.0,120.0,278.0,122.0,0.6121712414791928,0.0,0.0,847.6121712414792,17,031,241500,1,170312415001
0.0,16.0,0.0,113.0,0.0,16.0,0.0,84.0,0.0,55.0,144.0,59.0,24.0,0.14283995634514499,0.0,0.0,511.14283995634514,17,031,241500,2,170312415002
43.0,0.0,0.0,17.0,0.0,0.0,39.0,43.0,0.0,93.0,37.0,132.0,0.0,0.7244026357503781,0.0,0.0,404.7244026357504,17,031,241500,3,170312415003
33.0,13.0,0.0,55.0,57.0,17.0,137.0,84.0,33.0,147.0,116.0,141.0,118.0,0.816228321972257,0.0,0.0,951.8162283219723,17,031,241600,1,170312416001
123.0,50.0,70.0,72.0,53.0,119.0,112.0,59.0,123.0,229.0,265.0,298.0,119.0,0.9386625702680955,0.0,0.0,1692.9386625702682,17,031,241600,2,170312416002
111.0,0.0,0.0,0.0,53.0,136.0,38.0,107.0,47.0,173.0,72.0,241.0,235.0,0.0,0.0,0.0,1213.0,17,031,242000,1,170312420001
472.0,106.0,120.0,96.0,65.0,0.0,0.0,33.0,36.0,81.0,183.0,0.0,255.0,0.6631855116024589,0.0,0.0,1447.6631855116025,17,031,242000,2,170312420002
115.0,108.0,113.0,76.0,81.0,51.0,0.0,0.0,39.0,147.0,295.0,71.0,78.0,0.3162884747642496,0.0,0.0,1174.3162884747642,17,031,242000,3,170312420003
0.0,0.0,76.0,40.0,0.0,0.0,0.0,29.0,0.0,90.0,85.0,45.0,76.0,0.6121712414791928,0.0,0.0,441.6121712414792,17,031,242100,1,170312421001
0.0,31.0,16.0,16.0,106.0,31.0,35.0,0.0,0.0,118.0,33.0,349.0,158.0,1.101908234662547,0.0,0.0,894.1019082346626,17,031,242100,2,170312421002
32.0,49.0,0.0,0.0,10.0,12.0,56.0,134.0,0.0,16.0,121.0,194.0,81.0,1.5406309577226351,0.0,0.0,706.5406309577227,17,031,242100,3,170312421003
60.0,193.0,0.0,97.0,50.0,15.0,0.0,263.0,15.0,80.0,218.0,135.0,220.0,2.815987710804287,0.0,0.0,1348.8159877108044,17,031,242200,1,170312422001
45.0,45.0,15.0,45.0,31.0,0.0,19.0,115.0,67.0,141.0,169.0,372.0,89.0,1.826310870412925,0.0,0.0,1154.826310870413,17,031,242200,2,170312422002
12.0,0.0,22.0,74.0,42.0,82.0,0.0,120.0,44.0,14.0,386.0,234.0,112.0,0.7550111978243377,0.0,0.0,1142.7550111978244,17,031,242300,1,170312423001
101.0,25.0,0.0,16.0,70.0,74.0,29.0,70.0,50.0,249.0,249.0,174.0,172.0,0.7958226139229506,0.0,0.0,1279.7958226139228,17,031,242300,2,170312423002
21.0,75.0,48.0,0.0,60.0,18.0,48.0,14.0,90.0,46.0,138.0,168.0,63.0,1.4488052715007562,0.0,0.0,790.4488052715008,17,031,242400,1,170312424001
139.0,50.0,180.0,112.0,29.0,103.0,53.0,101.0,86.0,76.0,226.0,152.0,159.0,1.1223139427118534,0.0,0.0,1467.1223139427118,17,031,242400,2,170312424002
225.0,175.0,98.0,117.0,156.0,33.0,98.0,153.0,76.0,249.0,62.0,218.0,220.0,0.7346054897750313,0.0,0.0,1880.734605489775,17,031,242500,1,170312425001
61.0,18.0,167.0,59.0,172.0,144.0,64.0,121.0,59.0,134.0,299.0,157.0,198.0,0.4183170150107817,0.0,0.0,1653.4183170150109,17,031,242500,2,170312425002
182.0,35.0,71.0,227.0,185.0,80.0,0.0,0.0,89.0,0.0,182.0,71.0,164.0,0.0,0.0,0.0,1286.0,17,031,242600,1,170312426001
102.0,31.0,0.0,53.0,254.0,127.0,95.0,56.0,0.0,215.0,164.0,347.0,85.0,0.7448083437996845,0.0,0.0,1529.7448083437996,17,031,242600,2,170312426002
39.0,56.0,25.0,170.0,44.0,109.0,25.0,149.0,93.0,105.0,201.0,121.0,149.0,0.0,0.0,0.0,1286.0,17,031,242600,3,170312426003
101.0,0.0,0.0,118.0,44.0,92.0,120.0,0.0,112.0,151.0,129.0,193.0,0.0,1.96915082675807,0.0,0.0,1061.969150826758,17,031,242600,4,170312426004
258.0,341.0,137.0,158.0,80.0,28.0,11.0,146.0,42.0,54.0,99.0,63.0,28.0,0.8876483001448295,0.0,0.0,1445.8876483001447,17,031,242700,1,170312427001
70.0,127.0,103.0,113.0,84.0,59.0,0.0,25.0,63.0,40.0,233.0,108.0,134.0,1.203936774909079,0.0,0.0,1160.2039367749092,17,031,242800,1,170312428001
99.0,59.0,17.0,144.0,35.0,35.0,35.0,88.0,44.0,122.0,62.0,106.0,128.0,0.8060254679476038,0.0,0.0,974.8060254679476,17,031,242900,1,170312429001
28.0,8.0,32.0,119.0,26.0,0.0,44.0,28.0,0.0,0.0,60.0,69.0,81.0,0.28567991269028997,0.0,0.0,495.2856799126903,17,031,242900,2,170312429002
19.0,0.0,19.0,0.0,9.0,0.0,0.0,31.0,108.0,122.0,81.0,147.0,53.0,0.19385422646841105,0.0,0.0,589.1938542264684,17,031,243000,1,170312430001
12.0,0.0,162.0,180.0,0.0,80.0,42.0,85.0,17.0,155.0,230.0,202.0,135.0,1.4488052715007562,0.0,0.0,1301.4488052715008,17,031,243000,2,170312430002
54.0,118.0,45.0,63.0,0.0,263.0,39.0,18.0,24.0,69.0,330.0,324.0,363.0,0.1530428103697982,0.0,0.0,1710.1530428103697,17,031,243100,1,170312431001
0.0,0.0,23.0,114.0,13.0,26.0,0.0,53.0,5.0,21.0,10.0,13.0,13.0,0.8876483001448295,0.0,0.0,291.8876483001448,17,031,243100,2,170312431002
96.0,0.0,13.0,0.0,16.0,13.0,24.0,53.0,13.0,67.0,128.0,230.0,40.0,0.42851986903543493,0.0,0.0,693.4285198690354,17,031,243200,1,170312432001
28.0,18.0,40.0,16.0,9.0,0.0,26.0,0.0,56.0,61.0,125.0,151.0,68.0,1.1325167967365066,0.0,0.0,599.1325167967365,17,031,243200,2,170312432002
0.0,29.0,58.0,103.0,22.0,91.0,0.0,40.0,71.0,94.0,82.0,125.0,29.0,0.9590682783174019,0.0,0.0,744.9590682783174,17,031,243300,1,170312433001
70.0,15.0,50.0,58.0,27.0,19.0,128.0,79.0,52.0,120.0,144.0,122.0,183.0,1.826310870412925,0.0,0.0,1068.826310870413,17,031,243300,2,170312433002
91.0,34.0,113.0,260.0,27.0,103.0,39.0,27.0,140.0,22.0,93.0,228.0,17.0,0.7448083437996845,0.0,0.0,1194.7448083437996,17,031,243400,1,170312434001
41.0,0.0,9.0,16.0,0.0,70.0,0.0,0.0,0.0,34.0,36.0,63.0,10.0,0.46933128513404776,0.0,0.0,279.46933128513405,17,031,243400,2,170312434002
20.0,0.0,38.0,44.0,14.0,16.0,52.0,50.0,28.0,34.0,122.0,240.0,30.0,0.7141997817257248,0.0,0.0,688.7141997817257,17,031,243400,3,170312434003
181.0,64.0,103.0,69.0,47.0,0.0,101.0,17.0,0.0,38.0,187.0,168.0,88.0,0.6529826575778056,0.0,0.0,1063.6529826575777,17,031,243500,1,170312435001
26.0,0.0,0.0,17.0,47.0,36.0,61.0,14.0,49.0,209.0,75.0,262.0,337.0,2.0405708049306424,0.0,0.0,1135.0405708049307,17,031,243500,2,170312435002
117.0,219.0,142.0,129.0,64.0,207.0,154.0,89.0,64.0,202.0,174.0,69.0,73.0,0.28567991269028997,0.0,0.0,1703.2856799126903,17,031,250200,1,170312502001
144.0,56.0,144.0,109.0,102.0,0.0,17.0,35.0,59.0,197.0,70.0,140.0,38.0,0.42851986903543493,0.0,0.0,1111.4285198690354,17,031,250200,2,170312502002
184.0,98.0,161.0,190.0,190.0,187.0,187.0,111.0,0.0,131.0,32.0,259.0,62.0,0.0,0.0,0.0,1792.0,17,031,250300,1,170312503001
244.0,90.0,93.0,0.0,143.0,0.0,57.0,66.0,0.0,107.0,85.0,0.0,79.0,0.0,0.0,0.0,964.0,17,031,250300,2,170312503002
149.0,94.0,165.0,27.0,97.0,105.0,143.0,89.0,116.0,43.0,124.0,119.0,0.0,0.21425993451771747,0.0,0.0,1271.2142599345177,17,031,250300,3,170312503003
53.0,28.0,65.0,0.0,112.0,43.0,34.0,56.0,31.0,74.0,0.0,49.0,0.0,0.0,0.0,0.0,545.0,17,031,250300,4,170312503004
98.0,35.0,75.0,69.0,0.0,24.0,0.0,0.0,24.0,85.0,0.0,32.0,0.0,0.0,0.0,0.0,442.0,17,031,250400,1,170312504001
129.0,91.0,0.0,115.0,0.0,237.0,0.0,52.0,49.0,66.0,0.0,77.0,126.0,0.3877084529368221,0.0,0.0,942.3877084529369,17,031,250400,2,170312504002
218.0,0.0,0.0,111.0,310.0,185.0,229.0,107.0,111.0,0.0,292.0,181.0,0.0,0.0,0.0,0.0,1744.0,17,031,250400,3,170312504003
129.0,168.0,44.0,72.0,0.0,0.0,33.0,106.0,157.0,150.0,62.0,165.0,0.0,0.0,0.0,0.0,1086.0,17,031,250400,4,170312504004
186.0,106.0,259.0,0.0,36.0,243.0,96.0,46.0,0.0,166.0,93.0,123.0,0.0,1.0815025266132405,0.0,0.0,1355.0815025266133,17,031,250400,5,170312504005
0.0,96.0,41.0,58.0,246.0,44.0,44.0,0.0,0.0,96.0,140.0,336.0,356.0,0.37750559891216884,0.0,0.0,1457.3775055989122,17,031,250500,1,170312505001
195.0,0.0,0.0,0.0,69.0,0.0,27.0,47.0,0.0,36.0,75.0,273.0,225.0,1.4998195416240223,0.0,0.0,948.499819541624,17,031,250500,2,170312505002
0.0,0.0,55.0,133.0,39.0,0.0,0.0,42.0,29.0,71.0,156.0,53.0,26.0,0.9692711323420552,0.0,0.0,604.9692711323421,17,031,250500,3,170312505003
0.0,0.0,0.0,36.0,36.0,0.0,63.0,0.0,0.0,39.0,102.0,123.0,65.0,0.6937940736764184,0.0,0.0,464.69379407367643,17,031,250500,4,170312505004
0.0,0.0,0.0,83.0,0.0,0.0,40.0,38.0,0.0,95.0,145.0,0.0,0.0,0.7754169058736442,0.0,0.0,401.77541690587367,17,031,250500,5,170312505005
205.0,59.0,286.0,96.0,41.0,74.0,0.0,30.0,98.0,24.0,26.0,140.0,52.0,0.0,0.0,0.0,1131.0,17,031,250500,6,170312505006
163.0,200.0,0.0,90.0,0.0,0.0,198.0,67.0,0.0,90.0,122.0,150.0,85.0,0.6835912196517653,0.0,0.0,1165.6835912196518,17,031,250500,7,170312505007
45.0,78.0,137.0,108.0,0.0,134.0,49.0,0.0,55.0,127.0,131.0,19.0,62.0,0.5611569713559267,0.0,0.0,945.5611569713559,17,031,250600,1,170312506001
82.0,0.0,24.0,152.0,194.0,45.0,24.0,0.0,91.0,124.0,72.0,82.0,15.0,0.27547705866563676,0.0,0.0,905.2754770586656,17,031,250600,2,170312506002
20.0,102.0,30.0,177.0,75.0,27.0,34.0,0.0,51.0,75.0,0.0,177.0,164.0,0.9386625702680955,0.0,0.0,932.9386625702681,17,031,250600,3,170312506003
71.0,67.0,103.0,0.0,0.0,0.0,0.0,107.0,59.0,0.0,377.0,381.0,27.0,0.23466564256702388,0.0,0.0,1192.234665642567,17,031,250600,4,170312506004
204.0,102.0,67.0,67.0,169.0,0.0,113.0,0.0,0.0,198.0,70.0,81.0,0.0,0.0,0.0,0.0,1071.0,17,031,250700,1,170312507001
168.0,203.0,0.0,92.0,71.0,161.0,0.0,0.0,26.0,97.0,184.0,0.0,0.0,0.0,0.0,0.0,1002.0,17,031,250700,2,170312507002
0.0,115.0,66.0,63.0,66.0,112.0,60.0,0.0,27.0,36.0,79.0,170.0,30.0,0.0,0.0,0.0,824.0,17,031,250700,3,170312507003
220.0,170.0,285.0,58.0,102.0,73.0,135.0,64.0,0.0,70.0,102.0,38.0,52.0,0.0,0.0,0.0,1369.0,17,031,250700,4,170312507004
203.0,73.0,65.0,195.0,133.0,0.0,0.0,87.0,82.0,0.0,33.0,401.0,223.0,0.0,0.0,0.0,1495.0,17,031,250700,5,170312507005
164.0,87.0,36.0,57.0,110.0,188.0,70.0,97.0,40.0,0.0,144.0,94.0,0.0,0.6121712414791928,0.0,0.0,1087.6121712414792,17,031,250800,1,170312508001
181.0,103.0,64.0,11.0,36.0,133.0,276.0,0.0,61.0,86.0,86.0,142.0,25.0,0.3979113069614753,0.0,0.0,1204.3979113069615,17,031,250800,2,170312508002
168.0,42.0,263.0,38.0,196.0,38.0,14.0,70.0,126.0,49.0,168.0,66.0,0.0,0.0,0.0,0.0,1238.0,17,031,251000,1,170312510001
260.0,136.0,104.0,32.0,19.0,51.0,32.0,0.0,36.0,0.0,39.0,0.0,0.0,0.0,0.0,0.0,709.0,17,031,251100,1,170312511001
141.0,58.0,52.0,116.0,0.0,21.0,33.0,0.0,174.0,18.0,122.0,0.0,0.0,0.0,0.0,0.0,735.0,17,031,251100,2,170312511002
91.0,385.0,152.0,0.0,57.0,72.0,53.0,61.0,103.0,34.0,114.0,351.0,0.0,1.673268060043127,0.0,0.0,1474.673268060043,17,031,251100,3,170312511003
219.0,0.0,83.0,20.0,73.0,55.0,69.0,0.0,59.0,107.0,379.0,34.0,93.0,0.0,0.0,0.0,1191.0,17,031,251100,4,170312511004
96.0,137.0,0.0,0.0,70.0,0.0,67.0,93.0,0.0,67.0,17.0,32.0,64.0,0.3264913287889028,0.0,0.0,643.3264913287888,17,031,251200,1,170312512001
44.0,0.0,69.0,36.0,32.0,85.0,0.0,85.0,24.0,302.0,85.0,28.0,20.0,0.9998796944160149,0.0,0.0,810.999879694416,17,031,251200,2,170312512002
62.0,0.0,24.0,243.0,0.0,0.0,18.0,0.0,65.0,15.0,71.0,78.0,0.0,0.18365137244375782,0.0,0.0,576.1836513724437,17,031,251200,3,170312512003
233.0,210.0,186.0,93.0,130.0,210.0,23.0,182.0,56.0,60.0,186.0,88.0,317.0,0.7550111978243377,0.0,0.0,1974.7550111978244,17,031,251200,4,170312512004
166.0,0.0,54.0,98.0,131.0,87.0,51.0,46.0,0.0,38.0,24.0,76.0,38.0,0.0,0.0,0.0,809.0,17,031,251300,1,170312513001
300.0,0.0,54.0,115.0,124.0,108.0,3.0,76.0,64.0,0.0,35.0,0.0,25.0,0.0,0.0,0.0,904.0,17,031,251300,2,170312513002
51.0,32.0,146.0,245.0,95.0,0.0,0.0,51.0,43.0,131.0,87.0,29.0,69.0,0.36730274488751563,0.0,0.0,979.3673027448875,17,031,251300,3,170312513003
106.0,19.0,0.0,116.0,86.0,44.0,66.0,44.0,0.0,49.0,138.0,111.0,0.0,0.12243424829583854,0.0,0.0,779.1224342482958,17,031,251300,4,170312513004
87.0,119.0,166.0,17.0,110.0,52.0,93.0,90.0,29.0,70.0,32.0,55.0,201.0,0.0,0.0,0.0,1121.0,17,031,251300,5,170312513005
70.0,27.0,0.0,94.0,145.0,157.0,106.0,94.0,35.0,66.0,55.0,102.0,0.0,0.0,0.0,0.0,951.0,17,031,251400,1,170312514001
63.0,138.0,0.0,28.0,46.0,0.0,182.0,23.0,0.0,98.0,0.0,26.0,28.0,0.0,0.0,0.0,632.0,17,031,251400,2,170312514002
161.0,223.0,126.0,146.0,79.0,29.0,76.0,121.0,121.0,12.0,84.0,148.0,19.0,0.0,0.0,0.0,1345.0,17,031,251400,3,170312514003
255.0,218.0,46.0,206.0,182.0,49.0,17.0,0.0,56.0,29.0,36.0,73.0,0.0,1.2243424829583855,0.0,0.0,1168.2243424829585,17,031,251400,4,170312514004
53.0,138.0,81.0,0.0,0.0,119.0,129.0,0.0,44.0,28.0,107.0,18.0,0.0,0.7958226139229506,0.0,0.0,717.795822613923,17,031,251500,1,170312515001
158.0,86.0,86.0,0.0,81.0,0.0,0.0,0.0,134.0,76.0,72.0,38.0,81.0,0.0,0.0,0.0,812.0,17,031,251500,2,170312515002
192.0,200.0,43.0,114.0,48.0,107.0,39.0,0.0,39.0,0.0,97.0,0.0,0.0,0.0,0.0,0.0,879.0,17,031,251500,3,170312515003
377.0,58.0,76.0,72.0,72.0,31.0,124.0,231.0,0.0,69.0,48.0,48.0,114.0,0.0,0.0,0.0,1320.0,17,031,251500,4,170312515004
109.0,56.0,76.0,0.0,36.0,460.0,0.0,32.0,0.0,181.0,218.0,88.0,32.0,0.0,0.0,0.0,1288.0,17,031,251600,1,170312516001
186.0,0.0,110.0,33.0,0.0,47.0,70.0,49.0,0.0,139.0,40.0,51.0,23.0,0.0,0.0,0.0,748.0,17,031,251600,2,170312516002
280.0,449.0,0.0,72.0,200.0,62.0,0.0,110.0,0.0,162.0,103.0,86.0,0.0,0.5611569713559267,0.0,0.0,1524.561156971356,17,031,251600,3,170312516003
350.0,0.0,260.0,294.0,158.0,199.0,124.0,15.0,0.0,165.0,139.0,71.0,0.0,0.22446278854237067,0.0,0.0,1775.2244627885423,17,031,251700,1,170312517001
412.0,107.0,89.0,243.0,67.0,86.0,0.0,95.0,0.0,61.0,58.0,36.0,0.0,0.0,0.0,0.0,1254.0,17,031,251800,1,170312518001
235.0,91.0,58.0,62.0,78.0,0.0,0.0,143.0,49.0,55.0,22.0,147.0,29.0,0.0,0.0,0.0,969.0,17,031,251800,2,170312518002
239.0,165.0,60.0,0.0,0.0,57.0,30.0,0.0,0.0,60.0,33.0,125.0,118.0,0.0,0.0,0.0,887.0,17,031,251800,3,170312518003
109.0,28.0,84.0,0.0,0.0,0.0,0.0,0.0,0.0,75.0,28.0,28.0,0.0,0.0,0.0,0.0,352.0,17,031,251800,4,170312518004
283.0,90.0,283.0,90.0,97.0,0.0,67.0,53.0,128.0,215.0,20.0,168.0,0.0,0.0,0.0,0.0,1494.0,17,031,251800,5,170312518005
13.0,119.0,72.0,49.0,114.0,0.0,0.0,0.0,0.0,52.0,54.0,0.0,26.0,0.0,0.0,0.0,499.0,17,031,251900,1,170312519001
421.0,32.0,54.0,262.0,216.0,104.0,68.0,64.0,86.0,133.0,72.0,0.0,104.0,0.0,0.0,0.0,1616.0,17,031,251900,2,170312519002
159.0,100.0,115.0,118.0,171.0,0.0,174.0,0.0,0.0,0.0,68.0,0.0,82.0,0.0,0.0,0.0,987.0,17,031,251900,3,170312519003
950.0,294.0,350.0,197.0,256.0,0.0,62.0,152.0,0.0,58.0,225.0,0.0,0.0,0.5917655334298864,0.0,0.0,2544.5917655334297,17,031,251900,4,170312519004
166.0,96.0,29.0,47.0,145.0,0.0,58.0,31.0,0.0,90.0,0.0,66.0,0.0,0.0,0.0,0.0,728.0,17,031,252000,1,170312520001
446.0,221.0,331.0,331.0,28.0,106.0,78.0,137.0,132.0,126.0,233.0,53.0,39.0,0.8876483001448295,0.0,0.0,2261.887648300145,17,031,252000,2,170312520002
457.0,81.0,218.0,118.0,0.0,109.0,87.0,109.0,0.0,87.0,0.0,124.0,60.0,0.6427798035531523,0.0,0.0,1450.6427798035531,17,031,252000,3,170312520003
320.0,141.0,0.0,122.0,197.0,240.0,42.0,53.0,0.0,133.0,34.0,181.0,72.0,0.0,0.0,0.0,1535.0,17,031,252000,4,170312520004
187.0,214.0,264.0,110.0,79.0,147.0,178.0,73.0,0.0,273.0,58.0,49.0,46.0,0.06121712414791927,0.0,0.0,1678.061217124148,17,031,252101,1,170312521011
0.0,404.0,412.0,36.0,260.0,248.0,96.0,204.0,140.0,164.0,40.0,352.0,84.0,0.20405708049306426,0.0,0.0,2440.204057080493,17,031,252102,1,170312521021
83.0,74.0,156.0,37.0,102.0,149.0,83.0,4.0,60.0,30.0,46.0,125.0,181.0,0.0,0.0,0.0,1130.0,17,031,252102,2,170312521022
149.0,174.0,174.0,203.0,71.0,92.0,71.0,92.0,33.0,105.0,41.0,35.0,0.0,0.0,0.0,0.0,1240.0,17,031,252102,3,170312521023
437.0,140.0,49.0,37.0,0.0,98.0,37.0,113.0,0.0,17.0,0.0,76.0,0.0,0.0,0.0,0.0,1004.0,17,031,252102,4,170312521024
204.0,257.0,100.0,17.0,14.0,20.0,0.0,32.0,0.0,0.0,0.0,20.0,0.0,0.0,0.0,0.0,664.0,17,031,252201,1,170312522011
164.0,119.0,151.0,0.0,63.0,0.0,50.0,0.0,0.0,98.0,5.0,29.0,0.0,0.0,0.0,0.0,679.0,17,031,252201,2,170312522012
67.0,134.0,30.0,8.0,59.0,202.0,70.0,92.0,109.0,8.0,70.0,236.0,146.0,0.22446278854237067,0.0,0.0,1231.2244627885423,17,031,252201,3,170312522013
69.0,0.0,69.0,101.0,21.0,268.0,0.0,0.0,0.0,83.0,109.0,80.0,0.0,1.4488052715007562,0.0,0.0,801.4488052715008,17,031,252202,1,170312522021
615.0,68.0,85.0,118.0,28.0,53.0,89.0,0.0,0.0,0.0,50.0,0.0,0.0,0.0,0.0,0.0,1106.0,17,031,252202,2,170312522022
174.0,88.0,156.0,118.0,103.0,53.0,91.0,11.0,0.0,23.0,118.0,88.0,0.0,0.47953413915870097,0.0,0.0,1023.4795341391587,17,031,252202,3,170312522023
156.0,0.0,66.0,160.0,0.0,82.0,117.0,19.0,0.0,62.0,101.0,0.0,0.0,0.0,0.0,0.0,763.0,17,031,252202,4,170312522024
252.0,101.0,56.0,0.0,0.0,0.0,145.0,22.0,47.0,18.0,53.0,101.0,72.0,0.0,0.0,0.0,867.0,17,031,252202,5,170312522025
353.0,169.0,185.0,66.0,6.0,88.0,14.0,46.0,0.0,36.0,0.0,78.0,0.0,0.0,0.0,0.0,1041.0,17,031,260100,1,170312601001
336.0,102.0,89.0,153.0,57.0,28.0,188.0,12.0,0.0,128.0,16.0,140.0,0.0,0.0,0.0,0.0,1249.0,17,031,260200,1,170312602001
284.0,127.0,189.0,76.0,103.0,53.0,121.0,65.0,68.0,145.0,148.0,0.0,41.0,0.2652742046409835,0.0,0.0,1420.265274204641,17,031,260300,1,170312603001
275.0,133.0,193.0,157.0,204.0,212.0,15.0,39.0,35.0,82.0,137.0,59.0,0.0,0.0,0.0,0.0,1541.0,17,031,260400,1,170312604001
524.0,16.0,173.0,52.0,173.0,177.0,29.0,127.0,147.0,127.0,82.0,167.0,26.0,0.0,0.0,0.0,1820.0,17,031,260500,1,170312605001
190.0,175.0,193.0,29.0,0.0,10.0,0.0,65.0,0.0,153.0,43.0,193.0,0.0,0.0,0.0,0.0,1051.0,17,031,260600,1,170312606001
317.0,169.0,69.0,82.0,178.0,108.0,0.0,34.0,87.0,95.0,147.0,221.0,0.0,0.21425993451771747,0.0,0.0,1507.2142599345177,17,031,260600,2,170312606002
195.0,115.0,16.0,125.0,158.0,33.0,16.0,0.0,99.0,59.0,16.0,16.0,0.0,0.46933128513404776,0.0,0.0,848.4693312851341,17,031,260700,1,170312607001
320.0,19.0,119.0,212.0,77.0,34.0,0.0,100.0,38.0,46.0,73.0,204.0,0.0,0.0,0.0,0.0,1242.0,17,031,260700,2,170312607002
276.0,99.0,153.0,38.0,88.0,107.0,26.0,126.0,134.0,92.0,65.0,126.0,7.0,0.0,0.0,0.0,1337.0,17,031,260800,1,170312608001
218.0,136.0,112.0,115.0,45.0,130.0,63.0,0.0,0.0,60.0,136.0,42.0,0.0,0.3979113069614753,0.0,0.0,1057.3979113069615,17,031,260800,2,170312608002
315.0,35.0,84.0,0.0,73.0,49.0,0.0,45.0,21.0,0.0,136.0,112.0,0.0,0.0,0.0,0.0,870.0,17,031,260900,1,170312609001
320.0,76.0,0.0,52.0,23.0,0.0,71.0,57.0,43.0,23.0,62.0,33.0,95.0,0.14283995634514499,0.0,0.0,855.1428399563451,17,031,260900,2,170312609002
218.0,70.0,118.0,14.0,74.0,114.0,103.0,77.0,37.0,133.0,173.0,148.0,18.0,0.5611569713559267,0.0,0.0,1297.561156971356,17,031,261000,1,170312610001
293.0,107.0,75.0,79.0,79.0,83.0,31.0,75.0,0.0,55.0,170.0,31.0,35.0,0.6019683874545395,0.0,0.0,1113.6019683874545,17,031,261000,2,170312610002
522.0,323.0,187.0,187.0,156.0,73.0,28.0,59.0,0.0,187.0,71.0,85.0,0.0,0.0,0.0,0.0,1878.0,17,031,270500,1,170312705001
199.0,153.0,92.0,42.0,144.0,79.0,12.0,46.0,9.0,76.0,58.0,58.0,0.0,0.530548409281967,0.0,0.0,968.530548409282,17,031,271200,1,170312712001
315.0,211.0,75.0,68.0,68.0,28.0,78.0,61.0,57.0,10.0,111.0,0.0,0.0,0.0,0.0,0.0,1082.0,17,031,271300,1,170312713001
345.0,51.0,43.0,107.0,12.0,33.0,25.0,46.0,48.0,58.0,122.0,181.0,30.0,0.0,0.0,0.0,1101.0,17,031,271400,1,170312714001
276.0,223.0,115.0,77.0,136.0,15.0,52.0,111.0,0.0,31.0,108.0,55.0,55.0,0.2448684965916771,0.0,0.0,1254.2448684965916,17,031,271500,1,170312715001
93.0,254.0,151.0,0.0,178.0,107.0,31.0,53.0,178.0,26.0,13.0,35.0,0.0,0.0,0.0,0.0,1119.0,17,031,271800,1,170312718001
277.0,42.0,31.0,96.0,17.0,43.0,0.0,46.0,140.0,90.0,522.0,834.0,923.0,5.5503525894113475,0.0,0.0,3066.5503525894114,17,031,280100,1,170312801001
53.0,29.0,27.0,0.0,41.0,0.0,0.0,34.0,79.0,27.0,280.0,240.0,251.0,1.1733282128351195,0.0,0.0,1062.173328212835,17,031,280100,2,170312801002
530.0,100.0,55.0,29.0,18.0,71.0,47.0,47.0,13.0,95.0,79.0,98.0,37.0,0.23466564256702388,0.0,0.0,1219.234665642567,17,031,280400,1,170312804001
239.0,113.0,102.0,40.0,29.0,32.0,17.0,0.0,0.0,8.0,102.0,73.0,11.0,0.37750559891216884,0.0,0.0,766.3775055989122,17,031,280800,1,170312808001
214.0,137.0,25.0,129.0,0.0,10.0,0.0,7.0,0.0,7.0,33.0,165.0,18.0,0.0,0.0,0.0,745.0,17,031,280900,1,170312809001
32.0,23.0,18.0,0.0,0.0,21.0,0.0,20.0,0.0,44.0,17.0,106.0,261.0,2.214019323349747,0.0,0.0,544.2140193233497,17,031,281900,1,170312819001
276.0,42.0,0.0,0.0,0.0,21.0,0.0,120.0,0.0,166.0,399.0,308.0,64.0,0.530548409281967,0.0,0.0,1396.530548409282,17,031,281900,2,170312819002
354.0,43.0,43.0,20.0,0.0,0.0,131.0,18.0,86.0,126.0,268.0,323.0,280.0,1.4590081255254095,0.0,0.0,1693.4590081255253,17,031,281900,3,170312819003
108.0,0.0,180.0,46.0,82.0,36.0,115.0,0.0,64.0,154.0,194.0,226.0,50.0,0.8774454461201763,0.0,0.0,1255.8774454461202,17,031,282700,1,170312827001
158.0,11.0,43.0,86.0,22.0,0.0,13.0,0.0,72.0,93.0,179.0,161.0,77.0,0.47953413915870097,0.0,0.0,915.4795341391587,17,031,282700,2,170312827002
101.0,11.0,45.0,67.0,13.0,103.0,178.0,36.0,61.0,97.0,248.0,180.0,151.0,0.7550111978243377,0.0,0.0,1291.7550111978244,17,031,282800,1,170312828001
206.0,97.0,27.0,60.0,112.0,39.0,0.0,79.0,288.0,118.0,152.0,161.0,127.0,0.0,0.0,0.0,1466.0,17,031,283100,1,170312831001
336.0,12.0,22.0,118.0,64.0,68.0,12.0,16.0,74.0,29.0,64.0,70.0,72.0,0.336694182813556,0.0,0.0,957.3366941828135,17,031,283100,2,170312831002
251.0,88.0,22.0,129.0,83.0,70.0,0.0,49.0,31.0,102.0,74.0,220.0,70.0,1.3365738772295708,0.0,0.0,1190.3365738772295,17,031,283200,1,170312832001
63.0,97.0,0.0,31.0,43.0,35.0,0.0,11.0,13.0,13.0,23.0,26.0,36.0,0.42851986903543493,0.0,0.0,391.4285198690354,17,031,283800,1,170312838001
481.0,308.0,27.0,135.0,82.0,0.0,54.0,71.0,132.0,158.0,170.0,559.0,257.0,1.4998195416240223,0.0,0.0,2435.499819541624,17,031,283800,2,170312838002
432.0,49.0,80.0,0.0,0.0,13.0,0.0,134.0,0.0,0.0,40.0,40.0,0.0,0.0,0.0,0.0,788.0,17,031,290900,1,170312909001
195.0,111.0,115.0,96.0,65.0,0.0,0.0,43.0,0.0,24.0,217.0,52.0,0.0,0.0,0.0,0.0,918.0,17,031,290900,2,170312909002
186.0,56.0,267.0,37.0,61.0,0.0,0.0,80.0,18.0,0.0,0.0,0.0,0.0,0.4897369931833542,0.0,0.0,705.4897369931833,17,031,290900,3,170312909003
184.0,42.0,42.0,71.0,87.0,106.0,81.0,93.0,0.0,32.0,35.0,106.0,90.0,0.0,0.0,0.0,969.0,17,031,290900,4,170312909004
340.0,156.0,84.0,30.0,36.0,57.0,45.0,63.0,42.0,36.0,54.0,0.0,42.0,0.1530428103697982,0.0,0.0,985.1530428103698,17,031,291200,1,170312912001
311.0,20.0,162.0,118.0,50.0,122.0,0.0,159.0,94.0,57.0,118.0,54.0,84.0,0.0,0.0,0.0,1349.0,17,031,291200,2,170312912002
84.0,102.0,10.0,97.0,60.0,60.0,44.0,0.0,26.0,92.0,0.0,168.0,23.0,0.0,0.0,0.0,766.0,17,031,291600,1,170312916001
434.0,76.0,29.0,36.0,19.0,0.0,0.0,69.0,19.0,0.0,0.0,49.0,0.0,0.336694182813556,0.0,0.0,731.3366941828135,17,031,292200,1,170312922001
384.0,132.0,103.0,48.0,200.0,0.0,19.0,67.0,54.0,48.0,158.0,16.0,32.0,0.0,0.0,0.0,1261.0,17,031,292200,2,170312922002
137.0,76.0,0.0,51.0,64.0,86.0,35.0,76.0,16.0,73.0,32.0,35.0,96.0,0.0,0.0,0.0,777.0,17,031,292200,3,170312922003
477.0,77.0,236.0,97.0,0.0,32.0,20.0,73.0,0.0,40.0,0.0,81.0,73.0,0.12243424829583854,0.0,0.0,1206.1224342482958,17,031,292400,1,170312924001
101.0,106.0,29.0,55.0,114.0,140.0,39.0,53.0,53.0,63.0,50.0,39.0,0.0,0.3162884747642496,0.0,0.0,842.3162884747643,17,031,292400,2,170312924002
74.0,35.0,74.0,284.0,175.0,42.0,0.0,27.0,0.0,66.0,144.0,0.0,117.0,0.0,0.0,0.0,1038.0,17,031,292500,1,170312925001
30.0,361.0,292.0,209.0,0.0,114.0,121.0,0.0,114.0,281.0,87.0,182.0,34.0,0.0,0.0,0.0,1825.0,17,031,292500,2,170312925002
409.0,27.0,118.0,0.0,0.0,19.0,49.0,57.0,0.0,132.0,115.0,71.0,110.0,0.1632456643944514,0.0,0.0,1107.1632456643945,17,031,292500,3,170312925003
47.0,13.0,0.0,18.0,0.0,0.0,26.0,0.0,0.0,60.0,37.0,0.0,0.0,0.42851986903543493,0.0,0.0,201.42851986903543,17,031,292500,4,170312925004
95.0,41.0,45.0,22.0,114.0,205.0,72.0,0.0,0.0,45.0,87.0,19.0,0.0,0.45912843110939455,0.0,0.0,745.4591284311094,17,031,300500,1,170313005001
199.0,214.0,55.0,188.0,81.0,259.0,344.0,140.0,122.0,273.0,203.0,99.0,37.0,0.0,0.0,0.0,2214.0,17,031,300500,2,170313005002
118.0,103.0,44.0,115.0,70.0,77.0,129.0,33.0,59.0,155.0,259.0,107.0,14.0,0.8264311759969102,0.0,0.0,1283.826431175997,17,031,300600,1,170313006001
125.0,354.0,85.0,49.0,215.0,71.0,228.0,26.0,94.0,228.0,184.0,193.0,0.0,0.0,0.0,0.0,1852.0,17,031,300600,2,170313006002
199.0,491.0,252.0,153.0,192.0,64.0,96.0,0.0,178.0,142.0,106.0,245.0,24.0,1.2651538990569984,0.0,0.0,2143.265153899057,17,031,300700,1,170313007001
101.0,221.0,97.0,85.0,66.0,178.0,210.0,27.0,0.0,280.0,0.0,0.0,58.0,0.0,0.0,0.0,1323.0,17,031,300700,2,170313007002
277.0,40.0,77.0,0.0,114.0,32.0,195.0,77.0,0.0,0.0,93.0,77.0,0.0,0.7856197598982974,0.0,0.0,982.7856197598983,17,031,300700,3,170313007003
66.0,66.0,444.0,292.0,48.0,133.0,144.0,151.0,151.0,166.0,103.0,207.0,11.0,0.0,0.0,0.0,1982.0,17,031,300800,1,170313008001
215.0,92.0,614.0,215.0,307.0,109.0,144.0,39.0,74.0,364.0,166.0,122.0,136.0,0.8468368840462166,0.0,0.0,2597.8468368840463,17,031,300800,2,170313008002
170.0,276.0,152.0,213.0,102.0,0.0,223.0,0.0,145.0,67.0,0.0,71.0,42.0,0.0,0.0,0.0,1461.0,17,031,300900,1,170313009001
271.0,210.0,55.0,157.0,148.0,105.0,73.0,0.0,105.0,154.0,0.0,81.0,35.0,0.37750559891216884,0.0,0.0,1394.3775055989122,17,031,300900,2,170313009002
0.0,172.0,36.0,212.0,84.0,108.0,76.0,0.0,0.0,100.0,0.0,112.0,100.0,0.0,0.0,0.0,1000.0,17,031,300900,3,170313009003
160.0,69.0,62.0,118.0,250.0,31.0,107.0,31.0,121.0,90.0,118.0,100.0,0.0,0.45912843110939455,0.0,0.0,1257.4591284311093,17,031,301100,1,170313011001
343.0,201.0,169.0,100.0,311.0,0.0,0.0,137.0,0.0,146.0,196.0,128.0,91.0,0.45912843110939455,0.0,0.0,1822.4591284311093,17,031,301100,2,170313011002
140.0,110.0,146.0,122.0,26.0,41.0,0.0,92.0,26.0,107.0,152.0,62.0,80.0,0.0,0.0,0.0,1104.0,17,031,301200,1,170313012001
49.0,58.0,55.0,0.0,90.0,58.0,90.0,40.0,0.0,52.0,49.0,0.0,0.0,0.0,0.0,0.0,541.0,17,031,301200,2,170313012002
222.0,71.0,180.0,331.0,41.0,243.0,222.0,129.0,104.0,188.0,108.0,0.0,0.0,0.0,0.0,0.0,1839.0,17,031,301200,3,170313012003
324.0,208.0,543.0,153.0,318.0,106.0,0.0,136.0,277.0,78.0,47.0,0.0,99.0,1.2549510450323451,0.0,0.0,2290.254951045032,17,031,301600,1,170313016001
0.0,261.0,107.0,195.0,294.0,141.0,244.0,174.0,66.0,311.0,0.0,178.0,0.0,0.0,0.0,0.0,1971.0,17,031,301600,2,170313016002
64.0,25.0,237.0,105.0,93.0,54.0,51.0,0.0,253.0,0.0,32.0,0.0,0.0,0.0,0.0,0.0,914.0,17,031,301701,1,170313017011
0.0,250.0,0.0,42.0,263.0,221.0,76.0,80.0,318.0,310.0,38.0,0.0,229.0,0.0,0.0,0.0,1827.0,17,031,301701,2,170313017012
29.0,0.0,137.0,68.0,72.0,90.0,196.0,0.0,0.0,65.0,163.0,0.0,105.0,0.6223740955038459,0.0,0.0,925.6223740955038,17,031,301701,3,170313017013
127.0,69.0,147.0,46.0,119.0,69.0,127.0,0.0,0.0,34.0,100.0,147.0,69.0,0.0,0.0,0.0,1054.0,17,031,301702,1,170313017021
97.0,222.0,31.0,606.0,207.0,0.0,50.0,121.0,31.0,0.0,58.0,0.0,0.0,0.5509541173312735,0.0,0.0,1423.5509541173312,17,031,301702,2,170313017022
204.0,52.0,77.0,139.0,93.0,155.0,37.0,83.0,27.0,52.0,213.0,15.0,0.0,0.0,0.0,0.0,1147.0,17,031,301702,3,170313017023
41.0,55.0,167.0,33.0,0.0,261.0,276.0,33.0,67.0,134.0,74.0,0.0,52.0,0.0,0.0,0.0,1193.0,17,031,301801,1,170313018011
400.0,74.0,371.0,512.0,86.0,322.0,408.0,479.0,0.0,78.0,37.0,198.0,33.0,0.0,0.0,0.0,2998.0,17,031,301801,2,170313018012
60.0,0.0,148.0,19.0,0.0,148.0,68.0,152.0,0.0,49.0,87.0,38.0,45.0,0.0,0.0,0.0,814.0,17,031,301802,1,170313018021
76.0,236.0,0.0,80.0,36.0,40.0,83.0,91.0,0.0,134.0,0.0,298.0,0.0,0.0,0.0,0.0,1074.0,17,031,301802,2,170313018022
61.0,153.0,65.0,122.0,0.0,26.0,122.0,111.0,38.0,38.0,180.0,34.0,42.0,0.0,0.0,0.0,992.0,17,031,301802,3,170313018023
162.0,146.0,277.0,280.0,96.0,134.0,149.0,24.0,53.0,34.0,71.0,99.0,0.0,0.0,0.0,0.0,1525.0,17,031,301803,1,170313018031
159.0,0.0,256.0,70.0,57.0,363.0,465.0,252.0,0.0,482.0,97.0,53.0,0.0,0.0,0.0,0.0,2254.0,17,031,301803,2,170313018032
0.0,189.0,53.0,168.0,214.0,160.0,0.0,0.0,78.0,177.0,49.0,0.0,24.0,0.0,0.0,0.0,1112.0,17,031,301803,3,170313018033
51.0,64.0,107.0,10.0,71.0,30.0,0.0,12.0,0.0,53.0,107.0,87.0,100.0,1.152922504785813,0.0,0.0,693.1529225047858,17,031,310200,1,170313102001
22.0,38.0,22.0,6.0,36.0,50.0,0.0,36.0,92.0,72.0,128.0,48.0,58.0,0.10202854024653213,0.0,0.0,608.1020285402466,17,031,310200,2,170313102002
229.0,63.0,79.0,29.0,47.0,88.0,111.0,22.0,70.0,104.0,97.0,202.0,179.0,0.7141997817257248,0.0,0.0,1320.7141997817257,17,031,310300,1,170313103001
207.0,91.0,30.0,11.0,102.0,94.0,38.0,69.0,72.0,249.0,110.0,141.0,33.0,0.8468368840462166,0.0,0.0,1247.8468368840463,17,031,310400,1,170313104001
61.0,143.0,286.0,189.0,16.0,127.0,130.0,107.0,29.0,146.0,159.0,211.0,58.0,0.3264913287889028,0.0,0.0,1662.326491328789,17,031,310500,1,170313105001
492.0,182.0,210.0,172.0,223.0,156.0,0.0,0.0,0.0,172.0,64.0,131.0,122.0,0.0,0.0,0.0,1924.0,17,031,310600,1,170313106001
142.0,133.0,85.0,258.0,82.0,79.0,82.0,0.0,119.0,204.0,0.0,45.0,71.0,0.0,0.0,0.0,1300.0,17,031,310600,2,170313106002
88.0,0.0,191.0,264.0,35.0,138.0,97.0,205.0,41.0,88.0,261.0,194.0,0.0,0.0,0.0,0.0,1602.0,17,031,310600,3,170313106003
187.0,130.0,91.0,50.0,79.0,132.0,48.0,81.0,0.0,21.0,187.0,137.0,65.0,0.0,0.0,0.0,1208.0,17,031,310700,1,170313107001
120.0,104.0,73.0,86.0,64.0,206.0,144.0,80.0,24.0,92.0,227.0,64.0,21.0,0.0,0.0,0.0,1305.0,17,031,310800,1,170313108001
64.0,41.0,30.0,20.0,287.0,75.0,44.0,150.0,17.0,58.0,266.0,34.0,30.0,0.0,0.0,0.0,1116.0,17,031,310800,2,170313108002
152.0,62.0,305.0,74.0,162.0,93.0,271.0,171.0,234.0,377.0,134.0,121.0,87.0,0.3162884747642496,0.0,0.0,2243.3162884747644,17,031,310800,3,170313108003
193.0,186.0,39.0,117.0,246.0,57.0,41.0,70.0,227.0,0.0,170.0,89.0,26.0,0.47953413915870097,0.0,0.0,1461.4795341391587,17,031,310900,1,170313109001
139.0,198.0,0.0,223.0,77.0,165.0,0.0,66.0,132.0,102.0,264.0,205.0,33.0,0.0,0.0,0.0,1604.0,17,031,310900,2,170313109002
156.0,134.0,281.0,272.0,0.0,65.0,56.0,0.0,21.0,165.0,316.0,153.0,25.0,1.0202854024653212,0.0,0.0,1645.0202854024653,17,031,310900,3,170313109003
184.0,26.0,0.0,0.0,75.0,0.0,0.0,91.0,37.0,282.0,244.0,425.0,274.0,2.3670621337195454,0.0,0.0,1640.3670621337196,17,031,320100,1,170313201001
329.0,0.0,0.0,0.0,43.0,170.0,67.0,150.0,86.0,69.0,56.0,167.0,340.0,0.1632456643944514,0.0,0.0,1477.1632456643945,17,031,320100,2,170313201002
118.0,264.0,0.0,74.0,0.0,0.0,15.0,0.0,138.0,63.0,82.0,20.0,249.0,2.2650335934730133,0.0,0.0,1025.265033593473,17,031,320100,3,170313201003
282.0,0.0,0.0,57.0,109.0,93.0,26.0,242.0,0.0,233.0,87.0,538.0,762.0,3.448564660332786,0.0,0.0,2432.448564660333,17,031,320100,4,170313201004
65.0,23.0,13.0,6.0,16.0,21.0,21.0,8.0,28.0,23.0,30.0,85.0,60.0,0.3060856207395964,0.0,0.0,399.3060856207396,17,031,320400,1,170313204001
84.0,22.0,22.0,0.0,47.0,54.0,75.0,19.0,79.0,278.0,323.0,227.0,200.0,0.5713598253805799,0.0,0.0,1430.5713598253806,17,031,320600,1,170313206001
316.0,318.0,63.0,0.0,0.0,0.0,0.0,47.0,35.0,47.0,155.0,424.0,231.0,2.9588276671494316,0.0,0.0,1638.9588276671495,17,031,320600,2,170313206002
217.0,109.0,18.0,0.0,62.0,65.0,162.0,11.0,21.0,494.0,414.0,322.0,242.0,3.254710433864375,0.0,0.0,2140.2547104338646,17,031,330100,1,170313301001
148.0,0.0,158.0,26.0,159.0,0.0,66.0,470.0,275.0,440.0,684.0,704.0,517.0,1.9079337026101508,0.0,0.0,3648.90793370261,17,031,330100,2,170313301002
770.0,127.0,122.0,297.0,561.0,272.0,79.0,346.0,255.0,102.0,314.0,532.0,1086.0,1.6630652060184736,0.0,0.0,4864.6630652060185,17,031,330100,3,170313301003
70.0,144.0,294.0,62.0,188.0,35.0,115.0,127.0,53.0,134.0,268.0,409.0,325.0,0.3877084529368221,0.0,0.0,2224.3877084529367,17,031,330100,4,170313301004
314.0,153.0,54.0,123.0,16.0,50.0,0.0,25.0,16.0,0.0,0.0,7.0,16.0,0.3877084529368221,0.0,0.0,774.3877084529369,17,031,330200,1,170313302001
24.0,19.0,0.0,15.0,39.0,0.0,35.0,62.0,55.0,195.0,299.0,583.0,290.0,1.8569194324868847,0.0,0.0,1617.8569194324868,17,031,330200,2,170313302002
433.0,177.0,59.0,147.0,145.0,34.0,110.0,45.0,78.0,91.0,91.0,78.0,2.0,1.1223139427118534,0.0,0.0,1491.1223139427118,17,031,340300,1,170313403001
436.0,117.0,91.0,186.0,80.0,137.0,77.0,77.0,31.0,152.0,177.0,103.0,17.0,0.3162884747642496,0.0,0.0,1681.3162884747642,17,031,340400,1,170313404001
468.0,253.0,29.0,62.0,97.0,27.0,29.0,47.0,0.0,147.0,62.0,270.0,76.0,0.7141997817257248,0.0,0.0,1567.7141997817257,17,031,340500,1,170313405001
405.0,251.0,217.0,50.0,29.0,55.0,13.0,0.0,34.0,10.0,0.0,0.0,0.0,0.0,0.0,0.0,1064.0,17,031,340600,1,170313406001
164.0,52.0,8.0,57.0,24.0,48.0,27.0,70.0,96.0,70.0,45.0,33.0,34.0,0.0,0.0,0.0,728.0,17,031,350100,1,170313501001
201.0,19.0,78.0,35.0,22.0,43.0,23.0,63.0,101.0,245.0,236.0,111.0,46.0,0.0,0.0,0.0,1223.0,17,031,350100,2,170313501002
745.0,119.0,135.0,108.0,48.0,0.0,54.0,51.0,32.0,8.0,43.0,29.0,0.0,0.0,0.0,0.0,1372.0,17,031,350400,1,170313504001
80.0,0.0,123.0,0.0,150.0,0.0,45.0,83.0,32.0,58.0,125.0,77.0,83.0,0.816228321972257,0.0,0.0,856.8162283219723,17,031,351000,1,170313510001
47.0,32.0,0.0,0.0,20.0,114.0,74.0,154.0,69.0,101.0,55.0,54.0,94.0,0.0,0.0,0.0,814.0,17,031,351000,2,170313510002
333.0,167.0,85.0,196.0,69.0,52.0,101.0,34.0,70.0,243.0,496.0,232.0,29.0,0.0,0.0,0.0,2107.0,17,031,351000,3,170313510003
706.0,376.0,151.0,145.0,11.0,46.0,33.0,59.0,0.0,30.0,59.0,0.0,0.0,0.0,0.0,0.0,1616.0,17,031,351100,1,170313511001
808.0,174.0,62.0,60.0,8.0,24.0,76.0,56.0,36.0,30.0,26.0,34.0,60.0,0.12243424829583854,0.0,0.0,1454.1224342482958,17,031,351400,1,170313514001
38.0,44.0,36.0,75.0,18.0,46.0,10.0,33.0,20.0,10.0,0.0,0.0,28.0,0.18365137244375782,0.0,0.0,358.18365137244376,17,031,351500,2,170313515002
592.0,145.0,150.0,41.0,147.0,89.0,145.0,75.0,91.0,62.0,0.0,50.0,19.0,0.07141997817257249,0.0,0.0,1606.0714199781726,17,031,360200,1,170313602001
447.0,165.0,153.0,55.0,69.0,57.0,163.0,45.0,13.0,47.0,159.0,83.0,185.0,0.1734485184191046,0.0,0.0,1641.173448518419,17,031,380100,1,170313801001
50.0,0.0,0.0,0.0,0.0,60.0,0.0,0.0,0.0,39.0,12.0,0.0,21.0,0.0,0.0,0.0,182.0,17,031,380200,1,170313802001
413.0,278.0,154.0,195.0,14.0,80.0,70.0,16.0,77.0,11.0,62.0,49.0,32.0,0.18365137244375782,0.0,0.0,1451.1836513724438,17,031,380200,2,170313802002
243.0,37.0,57.0,20.0,122.0,34.0,17.0,68.0,0.0,17.0,37.0,20.0,88.0,0.0,0.0,0.0,760.0,17,031,380500,1,170313805001
89.0,208.0,110.0,61.0,49.0,53.0,11.0,74.0,0.0,80.0,36.0,141.0,47.0,0.0,0.0,0.0,959.0,17,031,380700,1,170313807001
130.0,0.0,86.0,0.0,16.0,37.0,0.0,54.0,0.0,14.0,94.0,128.0,44.0,0.0,0.0,0.0,603.0,17,031,381200,1,170313812001
235.0,192.0,5.0,66.0,35.0,15.0,70.0,182.0,41.0,125.0,129.0,82.0,43.0,0.0,0.0,0.0,1220.0,17,031,381200,2,170313812002
306.0,93.0,38.0,186.0,145.0,19.0,150.0,13.0,52.0,200.0,139.0,358.0,27.0,0.0,0.0,0.0,1726.0,17,031,381400,1,170313814001
40.0,10.0,13.0,10.0,64.0,24.0,0.0,0.0,0.0,0.0,32.0,32.0,21.0,0.0,0.0,0.0,246.0,17,031,381500,1,170313815001
136.0,41.0,53.0,83.0,39.0,67.0,113.0,0.0,13.0,55.0,0.0,76.0,11.0,0.3264913287889028,0.0,0.0,687.3264913287888,17,031,381800,1,170313818001
75.0,16.0,27.0,17.0,16.0,12.0,8.0,0.0,0.0,50.0,38.0,15.0,15.0,0.0,0.0,0.0,289.0,17,031,381800,2,170313818002
112.0,63.0,45.0,23.0,25.0,5.0,102.0,0.0,13.0,43.0,59.0,49.0,17.0,0.13263710232049175,0.0,0.0,556.1326371023205,17,031,381900,1,170313819001
171.0,14.0,12.0,98.0,24.0,0.0,39.0,4.0,24.0,63.0,24.0,112.0,88.0,0.0,0.0,0.0,673.0,17,031,381900,2,170313819002
176.0,0.0,49.0,69.0,33.0,67.0,108.0,85.0,49.0,72.0,80.0,194.0,173.0,0.44892557708474135,0.0,0.0,1155.4489255770848,17,031,390100,1,170313901001
136.0,87.0,99.0,0.0,87.0,50.0,37.0,50.0,0.0,44.0,127.0,28.0,121.0,0.22446278854237067,0.0,0.0,866.2244627885424,17,031,390200,1,170313902001
31.0,89.0,0.0,8.0,16.0,76.0,49.0,0.0,0.0,0.0,33.0,101.0,128.0,0.2448684965916771,0.0,0.0,531.2448684965917,17,031,390200,2,170313902002
458.0,61.0,96.0,155.0,36.0,86.0,34.0,0.0,69.0,0.0,0.0,0.0,0.0,0.13263710232049175,0.0,0.0,995.1326371023205,17,031,390300,1,170313903001
334.0,139.0,218.0,49.0,163.0,31.0,71.0,208.0,0.0,191.0,31.0,45.0,131.0,0.0,0.0,0.0,1611.0,17,031,390300,2,170313903002
131.0,139.0,50.0,43.0,98.0,205.0,98.0,113.0,0.0,37.0,0.0,45.0,41.0,0.11223139427118534,0.0,0.0,1000.1122313942711,17,031,390400,1,170313904001
455.0,196.0,77.0,113.0,86.0,126.0,35.0,19.0,37.0,10.0,44.0,0.0,25.0,0.0,0.0,0.0,1223.0,17,031,390400,2,170313904002
174.0,98.0,105.0,80.0,59.0,69.0,170.0,89.0,18.0,98.0,48.0,131.0,34.0,1.2855596071063047,0.0,0.0,1174.2855596071063,17,031,390500,1,170313905001
128.0,44.0,34.0,34.0,38.0,49.0,0.0,38.0,0.0,49.0,10.0,89.0,51.0,0.19385422646841105,0.0,0.0,564.1938542264684,17,031,390600,1,170313906001
119.0,0.0,19.0,14.0,40.0,33.0,23.0,43.0,11.0,174.0,93.0,136.0,69.0,1.2141396289337323,0.0,0.0,775.2141396289337,17,031,390600,2,170313906002
0.0,0.0,158.0,132.0,0.0,18.0,0.0,63.0,21.0,103.0,121.0,89.0,269.0,0.36730274488751563,0.0,0.0,974.3673027448875,17,031,390700,1,170313907001
92.0,99.0,102.0,102.0,72.0,90.0,137.0,0.0,92.0,89.0,211.0,235.0,36.0,0.0,0.0,0.0,1357.0,17,031,390700,2,170313907002
690.0,129.0,107.0,177.0,187.0,109.0,0.0,325.0,67.0,352.0,335.0,374.0,276.0,0.6835912196517653,0.0,0.0,3128.6835912196516,17,031,390700,3,170313907003
293.0,76.0,71.0,96.0,12.0,24.0,79.0,34.0,39.0,37.0,133.0,266.0,39.0,0.46933128513404776,0.0,0.0,1199.469331285134,17,031,400300,1,170314003001
252.0,95.0,220.0,150.0,37.0,57.0,65.0,0.0,0.0,15.0,70.0,92.0,0.0,0.20405708049306426,0.0,0.0,1053.2040570804932,17,031,400400,1,170314004001
142.0,26.0,13.0,8.0,39.0,43.0,0.0,43.0,32.0,19.0,105.0,67.0,0.0,0.10202854024653213,0.0,0.0,537.1020285402466,17,031,400400,2,170314004002
252.0,162.0,152.0,87.0,299.0,37.0,81.0,0.0,53.0,90.0,15.0,46.0,18.0,0.3162884747642496,0.0,0.0,1292.3162884747642,17,031,400500,1,170314005001
229.0,149.0,119.0,16.0,73.0,69.0,93.0,93.0,0.0,53.0,16.0,83.0,76.0,0.0,0.0,0.0,1069.0,17,031,400500,2,170314005002
488.0,26.0,101.0,50.0,41.0,48.0,87.0,19.0,21.0,50.0,48.0,0.0,0.0,0.0,0.0,0.0,979.0,17,031,400800,1,170314008001
742.0,264.0,192.0,113.0,55.0,40.0,75.0,0.0,122.0,110.0,122.0,14.0,0.0,0.0,0.0,0.0,1849.0,17,031,400800,2,170314008002
148.0,14.0,13.0,107.0,109.0,79.0,87.0,66.0,42.0,0.0,74.0,16.0,13.0,0.0,0.0,0.0,768.0,17,031,410100,1,170314101001
177.0,150.0,70.0,25.0,54.0,45.0,114.0,35.0,13.0,114.0,126.0,21.0,54.0,1.203936774909079,0.0,0.0,999.203936774909,17,031,410100,2,170314101002
305.0,152.0,39.0,41.0,30.0,47.0,10.0,54.0,52.0,50.0,48.0,27.0,70.0,0.12243424829583854,0.0,0.0,925.1224342482958,17,031,410200,1,170314102001
144.0,15.0,19.0,62.0,0.0,51.0,34.0,34.0,90.0,54.0,241.0,131.0,101.0,0.4183170150107817,0.0,0.0,976.4183170150108,17,031,410500,1,170314105001
341.0,78.0,74.0,43.0,105.0,107.0,59.0,100.0,54.0,17.0,72.0,157.0,41.0,0.37750559891216884,0.0,0.0,1248.3775055989122,17,031,410500,2,170314105002
197.0,197.0,20.0,34.0,16.0,83.0,95.0,0.0,148.0,250.0,38.0,57.0,93.0,0.18365137244375782,0.0,0.0,1228.1836513724438,17,031,410600,1,170314106001
126.0,92.0,44.0,132.0,0.0,24.0,18.0,64.0,20.0,78.0,40.0,26.0,20.0,0.816228321972257,0.0,0.0,684.8162283219723,17,031,410600,2,170314106002
356.0,42.0,102.0,109.0,45.0,173.0,111.0,67.0,16.0,215.0,366.0,128.0,32.0,0.8570397380708699,0.0,0.0,1762.8570397380709,17,031,410700,1,170314107001
259.0,51.0,91.0,159.0,163.0,20.0,95.0,0.0,0.0,40.0,91.0,69.0,95.0,0.0,0.0,0.0,1133.0,17,031,410800,1,170314108001
323.0,130.0,0.0,64.0,78.0,170.0,36.0,124.0,98.0,174.0,277.0,219.0,40.0,0.7550111978243377,0.0,0.0,1733.7550111978244,17,031,410800,2,170314108002
131.0,33.0,0.0,28.0,57.0,33.0,0.0,8.0,10.0,82.0,84.0,150.0,35.0,0.1530428103697982,0.0,0.0,651.1530428103698,17,031,410900,1,170314109001
102.0,49.0,0.0,46.0,60.0,30.0,15.0,33.0,0.0,76.0,18.0,8.0,34.0,0.0816228321972257,0.0,0.0,471.08162283219724,17,031,410900,2,170314109002
67.0,65.0,77.0,77.0,42.0,137.0,0.0,13.0,31.0,194.0,341.0,65.0,116.0,0.21425993451771747,0.0,0.0,1225.2142599345177,17,031,410900,3,170314109003
115.0,67.0,0.0,29.0,93.0,0.0,0.0,100.0,50.0,152.0,162.0,191.0,235.0,0.336694182813556,0.0,0.0,1194.3366941828135,17,031,411000,1,170314110001
0.0,0.0,0.0,47.0,64.0,0.0,15.0,0.0,29.0,84.0,49.0,35.0,37.0,0.5101427012326606,0.0,0.0,360.51014270123267,17,031,411000,2,170314110002
161.0,88.0,67.0,86.0,126.0,94.0,17.0,45.0,20.0,77.0,86.0,53.0,64.0,0.530548409281967,0.0,0.0,984.530548409282,17,031,411000,3,170314110003
102.0,32.0,50.0,26.0,76.0,0.0,54.0,74.0,22.0,38.0,94.0,62.0,126.0,0.2652742046409835,0.0,0.0,756.265274204641,17,031,411100,1,170314111001
114.0,0.0,21.0,21.0,21.0,10.0,0.0,0.0,0.0,44.0,44.0,36.0,74.0,1.7038766221170865,0.0,0.0,386.7038766221171,17,031,411100,2,170314111002
186.0,26.0,59.0,28.0,24.0,32.0,21.0,10.0,30.0,89.0,56.0,85.0,118.0,0.6631855116024589,0.0,0.0,764.6631855116025,17,031,411200,1,170314112001
50.0,0.0,57.0,10.0,0.0,12.0,0.0,0.0,0.0,10.0,32.0,55.0,22.0,0.12243424829583854,0.0,0.0,248.12243424829583,17,031,411200,2,170314112002
447.0,80.0,207.0,52.0,45.0,102.0,15.0,33.0,19.0,118.0,41.0,13.0,0.0,0.2958827667149432,0.0,0.0,1172.2958827667148,17,031,420100,1,170314201001
256.0,137.0,123.0,33.0,143.0,112.0,26.0,101.0,8.0,108.0,103.0,269.0,17.0,0.3979113069614753,0.0,0.0,1436.3979113069615,17,031,420200,1,170314202001
292.0,62.0,44.0,89.0,55.0,131.0,66.0,26.0,57.0,35.0,127.0,69.0,64.0,0.4081141609861285,0.0,0.0,1117.408114160986,17,031,420300,1,170314203001
352.0,138.0,226.0,38.0,4.0,18.0,16.0,62.0,10.0,20.0,118.0,98.0,14.0,0.4897369931833542,0.0,0.0,1114.4897369931834,17,031,420400,1,170314204001
234.0,197.0,40.0,83.0,55.0,40.0,0.0,32.0,87.0,48.0,83.0,89.0,0.0,0.0,0.0,0.0,988.0,17,031,420500,1,170314205001
237.0,108.0,81.0,79.0,150.0,0.0,66.0,93.0,0.0,69.0,135.0,54.0,0.0,0.0,0.0,0.0,1072.0,17,031,420500,2,170314205002
251.0,235.0,174.0,155.0,0.0,124.0,127.0,0.0,0.0,0.0,0.0,95.0,34.0,0.0,0.0,0.0,1195.0,17,031,420600,1,170314206001
281.0,77.0,149.0,57.0,99.0,102.0,0.0,9.0,12.0,0.0,39.0,29.0,0.0,0.0,0.0,0.0,854.0,17,031,420600,2,170314206002
90.0,0.0,162.0,85.0,46.0,82.0,0.0,54.0,0.0,20.0,0.0,38.0,0.0,0.18365137244375782,0.0,0.0,577.1836513724437,17,031,420700,1,170314207001
106.0,0.0,0.0,26.0,76.0,0.0,0.0,103.0,59.0,0.0,50.0,88.0,0.0,0.0,0.0,0.0,508.0,17,031,420700,2,170314207002
64.0,103.0,117.0,0.0,44.0,0.0,42.0,40.0,0.0,0.0,0.0,38.0,16.0,0.0,0.0,0.0,464.0,17,031,420700,3,170314207003
263.0,82.0,0.0,95.0,85.0,139.0,0.0,53.0,82.0,133.0,0.0,60.0,12.0,0.0,0.0,0.0,1004.0,17,031,420700,4,170314207004
83.0,21.0,0.0,94.0,45.0,0.0,17.0,41.0,0.0,89.0,17.0,0.0,30.0,0.0,0.0,0.0,437.0,17,031,420700,5,170314207005
311.0,64.0,37.0,113.0,43.0,119.0,90.0,34.0,43.0,55.0,93.0,37.0,66.0,0.20405708049306426,0.0,0.0,1105.2040570804932,17,031,420800,1,170314208001
226.0,181.0,157.0,132.0,0.0,15.0,96.0,54.0,39.0,30.0,63.0,75.0,0.0,0.18365137244375782,0.0,0.0,1068.1836513724438,17,031,420800,2,170314208002
153.0,139.0,32.0,32.0,92.0,128.0,39.0,42.0,49.0,0.0,21.0,42.0,174.0,0.0,0.0,0.0,943.0,17,031,421200,1,170314212001
136.0,82.0,142.0,64.0,0.0,114.0,66.0,54.0,10.0,0.0,10.0,23.0,8.0,0.3264913287889028,0.0,0.0,709.3264913287888,17,031,421200,2,170314212002
180.0,12.0,56.0,0.0,41.0,92.0,0.0,20.0,103.0,25.0,239.0,85.0,0.0,0.0,0.0,0.0,853.0,17,031,430101,1,170314301011
279.0,109.0,52.0,0.0,21.0,14.0,11.0,19.0,90.0,64.0,145.0,0.0,19.0,0.5509541173312735,0.0,0.0,823.5509541173312,17,031,430101,2,170314301012
199.0,56.0,48.0,0.0,186.0,0.0,0.0,0.0,64.0,0.0,194.0,0.0,61.0,0.0,0.0,0.0,808.0,17,031,430101,3,170314301013
184.0,97.0,111.0,187.0,144.0,177.0,0.0,47.0,0.0,92.0,127.0,101.0,40.0,0.42851986903543493,0.0,0.0,1307.4285198690354,17,031,430101,4,170314301014
224.0,43.0,223.0,47.0,83.0,100.0,128.0,275.0,60.0,60.0,166.0,143.0,71.0,0.0,0.0,0.0,1623.0,17,031,430102,1,170314301021
73.0,18.0,242.0,71.0,0.0,20.0,48.0,0.0,0.0,20.0,92.0,71.0,0.0,0.0,0.0,0.0,655.0,17,031,430102,2,170314301022
373.0,147.0,38.0,43.0,204.0,0.0,41.0,0.0,0.0,53.0,92.0,51.0,19.0,0.13263710232049175,0.0,0.0,1061.1326371023206,17,031,430102,3,170314301023
0.0,152.0,0.0,52.0,52.0,0.0,0.0,109.0,0.0,0.0,0.0,0.0,34.0,0.0,0.0,0.0,399.0,17,031,430200,1,170314302001
0.0,0.0,0.0,0.0,54.0,0.0,112.0,96.0,0.0,0.0,155.0,34.0,0.0,0.0,0.0,0.0,451.0,17,031,430200,2,170314302002
316.0,118.0,0.0,153.0,86.0,0.0,17.0,75.0,55.0,86.0,0.0,101.0,0.0,0.0,0.0,0.0,1007.0,17,031,430200,3,170314302003
219.0,230.0,59.0,116.0,0.0,108.0,0.0,0.0,0.0,143.0,0.0,140.0,40.0,0.0,0.0,0.0,1055.0,17,031,430200,4,170314302004
718.0,327.0,253.0,0.0,0.0,144.0,37.0,0.0,0.0,65.0,0.0,37.0,96.0,0.0,0.0,0.0,1677.0,17,031,430200,5,170314302005
233.0,118.0,31.0,80.0,80.0,69.0,48.0,31.0,48.0,178.0,31.0,123.0,72.0,0.37750559891216884,0.0,0.0,1142.3775055989122,17,031,430300,1,170314303001
151.0,118.0,35.0,28.0,49.0,0.0,53.0,64.0,11.0,35.0,24.0,0.0,26.0,0.0,0.0,0.0,594.0,17,031,430300,2,170314303002
174.0,107.0,0.0,64.0,15.0,0.0,0.0,0.0,0.0,79.0,0.0,33.0,0.0,0.0,0.0,0.0,472.0,17,031,430300,3,170314303003
178.0,50.0,9.0,69.0,16.0,0.0,77.0,0.0,50.0,81.0,48.0,60.0,0.0,0.0,0.0,0.0,638.0,17,031,430400,1,170314304001
122.0,19.0,100.0,0.0,71.0,0.0,52.0,0.0,0.0,0.0,0.0,0.0,19.0,0.0,0.0,0.0,383.0,17,031,430400,2,170314304002
252.0,89.0,23.0,106.0,74.0,0.0,0.0,65.0,26.0,53.0,184.0,23.0,0.0,0.0,0.0,0.0,895.0,17,031,430400,3,170314304003
338.0,0.0,161.0,121.0,0.0,0.0,0.0,77.0,0.0,0.0,192.0,74.0,0.0,1.0406911105146277,0.0,0.0,964.0406911105147,17,031,430400,4,170314304004
511.0,208.0,80.0,17.0,118.0,19.0,63.0,0.0,116.0,49.0,64.0,11.0,22.0,0.6019683874545395,0.0,0.0,1278.6019683874545,17,031,430500,1,170314305001
310.0,32.0,150.0,105.0,50.0,112.0,50.0,150.0,0.0,87.0,182.0,37.0,0.0,0.6121712414791928,0.0,0.0,1265.6121712414792,17,031,430500,2,170314305002
179.0,136.0,0.0,64.0,32.0,104.0,49.0,92.0,19.0,49.0,151.0,77.0,0.0,0.0,0.0,0.0,952.0,17,031,430500,3,170314305003
117.0,0.0,55.0,55.0,147.0,52.0,0.0,0.0,29.0,0.0,32.0,32.0,38.0,0.4183170150107817,0.0,0.0,557.4183170150108,17,031,430600,1,170314306001
252.0,10.0,142.0,66.0,38.0,51.0,0.0,38.0,12.0,114.0,112.0,84.0,10.0,0.23466564256702388,0.0,0.0,929.234665642567,17,031,430600,2,170314306002
264.0,116.0,66.0,85.0,98.0,196.0,99.0,14.0,0.0,175.0,155.0,133.0,16.0,0.5407512633066203,0.0,0.0,1417.5407512633067,17,031,430700,1,170314307001
200.0,169.0,15.0,15.0,51.0,47.0,47.0,0.0,0.0,74.0,19.0,80.0,15.0,0.1734485184191046,0.0,0.0,732.1734485184191,17,031,430700,2,170314307002
87.0,29.0,23.0,103.0,59.0,11.0,75.0,165.0,4.0,89.0,71.0,87.0,64.0,0.3468970368382092,0.0,0.0,867.3468970368382,17,031,430800,1,170314308001
117.0,65.0,47.0,88.0,73.0,132.0,10.0,41.0,30.0,8.0,4.0,30.0,6.0,0.6121712414791928,0.0,0.0,651.6121712414792,17,031,430800,2,170314308002
259.0,79.0,112.0,25.0,56.0,23.0,66.0,0.0,28.0,84.0,101.0,71.0,12.0,0.0,0.0,0.0,916.0,17,031,430900,1,170314309001
110.0,39.0,19.0,25.0,33.0,21.0,9.0,21.0,0.0,43.0,9.0,21.0,47.0,0.19385422646841105,0.0,0.0,397.19385422646843,17,031,430900,2,170314309002
72.0,94.0,0.0,50.0,116.0,66.0,91.0,50.0,91.0,161.0,325.0,597.0,107.0,0.6427798035531523,0.0,0.0,1820.6427798035531,17,031,431200,1,170314312001
155.0,115.0,55.0,52.0,92.0,30.0,271.0,12.0,92.0,82.0,105.0,258.0,0.0,0.22446278854237067,0.0,0.0,1319.2244627885423,17,031,431200,2,170314312002
43.0,58.0,0.0,75.0,10.0,20.0,0.0,68.0,0.0,25.0,0.0,18.0,0.0,0.0,0.0,0.0,317.0,17,031,431301,1,170314313011
250.0,199.0,75.0,202.0,42.0,78.0,101.0,202.0,36.0,75.0,67.0,207.0,36.0,0.0,0.0,0.0,1570.0,17,031,431301,2,170314313012
294.0,70.0,240.0,473.0,0.0,8.0,75.0,89.0,0.0,58.0,0.0,75.0,28.0,0.0,0.0,0.0,1410.0,17,031,431301,3,170314313013
237.0,164.0,110.0,96.0,235.0,39.0,68.0,32.0,21.0,0.0,0.0,86.0,0.0,0.0,0.0,0.0,1088.0,17,031,431302,1,170314313021
186.0,99.0,144.0,0.0,0.0,14.0,33.0,0.0,0.0,33.0,78.0,55.0,0.0,0.0,0.0,0.0,642.0,17,031,431302,2,170314313022
473.0,164.0,71.0,93.0,93.0,39.0,170.0,66.0,37.0,87.0,18.0,127.0,167.0,0.42851986903543493,0.0,0.0,1605.4285198690354,17,031,431302,3,170314313023
462.0,163.0,200.0,156.0,117.0,179.0,0.0,107.0,57.0,145.0,335.0,257.0,123.0,0.2652742046409835,0.0,0.0,2301.265274204641,17,031,431400,1,170314314001
200.0,106.0,83.0,69.0,0.0,177.0,133.0,21.0,23.0,40.0,73.0,0.0,48.0,0.0,0.0,0.0,973.0,17,031,431400,2,170314314002
587.0,70.0,295.0,152.0,33.0,0.0,178.0,42.0,27.0,76.0,78.0,0.0,107.0,0.18365137244375782,0.0,0.0,1645.1836513724438,17,031,431400,3,170314314003
0.0,34.0,0.0,54.0,0.0,64.0,31.0,0.0,52.0,147.0,0.0,0.0,0.0,0.0,0.0,0.0,382.0,17,031,431400,4,170314314004
240.0,47.0,115.0,120.0,77.0,97.0,20.0,0.0,115.0,233.0,90.0,83.0,38.0,0.0,0.0,0.0,1275.0,17,031,440101,1,170314401011
127.0,170.0,10.0,54.0,103.0,0.0,114.0,60.0,51.0,51.0,101.0,64.0,0.0,0.0,0.0,0.0,905.0,17,031,440101,2,170314401012
32.0,128.0,16.0,0.0,132.0,0.0,28.0,28.0,0.0,0.0,0.0,28.0,32.0,0.0,0.0,0.0,424.0,17,031,440101,3,170314401013
312.0,49.0,119.0,65.0,60.0,96.0,108.0,0.0,0.0,108.0,47.0,33.0,0.0,0.0,0.0,0.0,997.0,17,031,440101,4,170314401014
235.0,187.0,276.0,32.0,32.0,179.0,45.0,127.0,0.0,0.0,99.0,0.0,17.0,0.0,0.0,0.0,1229.0,17,031,440102,1,170314401021
85.0,136.0,41.0,0.0,0.0,78.0,136.0,20.0,16.0,78.0,62.0,18.0,0.0,0.0,0.0,0.0,670.0,17,031,440102,2,170314401022
74.0,82.0,31.0,18.0,27.0,0.0,0.0,100.0,0.0,64.0,31.0,14.0,0.0,0.6019683874545395,0.0,0.0,441.6019683874545,17,031,440102,3,170314401023
163.0,89.0,154.0,18.0,158.0,75.0,18.0,0.0,18.0,27.0,20.0,0.0,0.0,0.0,0.0,0.0,740.0,17,031,440102,4,170314401024
250.0,81.0,59.0,83.0,151.0,0.0,94.0,86.0,132.0,0.0,84.0,107.0,54.0,0.3877084529368221,0.0,0.0,1181.3877084529367,17,031,440201,1,170314402011
472.0,72.0,190.0,75.0,124.0,14.0,270.0,0.0,211.0,0.0,0.0,286.0,0.0,0.0,0.0,0.0,1714.0,17,031,440201,2,170314402012
184.0,0.0,0.0,131.0,0.0,0.0,0.0,0.0,111.0,99.0,257.0,0.0,0.0,0.0,0.0,0.0,782.0,17,031,440201,3,170314402013
146.0,66.0,109.0,34.0,235.0,27.0,94.0,220.0,0.0,188.0,81.0,243.0,52.0,0.0,0.0,0.0,1495.0,17,031,440201,4,170314402014
447.0,0.0,110.0,181.0,228.0,49.0,142.0,0.0,57.0,84.0,92.0,176.0,76.0,0.2652742046409835,0.0,0.0,1642.265274204641,17,031,440202,1,170314402021
235.0,186.0,95.0,81.0,75.0,24.0,50.0,30.0,58.0,30.0,35.0,0.0,73.0,0.0,0.0,0.0,972.0,17,031,440202,2,170314402022
127.0,0.0,0.0,0.0,0.0,15.0,0.0,49.0,0.0,99.0,171.0,133.0,43.0,0.27547705866563676,0.0,0.0,637.2754770586656,17,031,440202,3,170314402023
0.0,31.0,67.0,197.0,114.0,36.0,0.0,0.0,0.0,306.0,36.0,85.0,33.0,0.36730274488751563,0.0,0.0,905.3673027448875,17,031,440300,1,170314403001
0.0,82.0,104.0,106.0,31.0,26.0,51.0,64.0,75.0,175.0,228.0,190.0,210.0,1.4181967094267967,0.0,0.0,1343.4181967094269,17,031,440300,2,170314403002
114.0,38.0,50.0,73.0,0.0,36.0,34.0,0.0,0.0,0.0,25.0,54.0,0.0,0.20405708049306426,0.0,0.0,424.20405708049304,17,031,440300,3,170314403003
48.0,0.0,64.0,112.0,0.0,45.0,115.0,45.0,37.0,0.0,85.0,0.0,40.0,0.3264913287889028,0.0,0.0,591.3264913287888,17,031,440300,4,170314403004
168.0,68.0,0.0,0.0,25.0,48.0,0.0,19.0,41.0,144.0,0.0,77.0,36.0,0.0,0.0,0.0,626.0,17,031,440300,5,170314403005
150.0,74.0,67.0,10.0,30.0,43.0,0.0,53.0,12.0,45.0,55.0,45.0,30.0,0.3264913287889028,0.0,0.0,614.3264913287888,17,031,440600,1,170314406001
107.0,98.0,62.0,104.0,35.0,41.0,41.0,71.0,74.0,65.0,199.0,131.0,146.0,0.7244026357503781,0.0,0.0,1174.7244026357503,17,031,440600,2,170314406002
37.0,0.0,132.0,34.0,74.0,34.0,22.0,157.0,11.0,80.0,20.0,45.0,14.0,0.1734485184191046,0.0,0.0,660.1734485184191,17,031,440700,1,170314407001
133.0,14.0,14.0,19.0,36.0,31.0,42.0,36.0,0.0,99.0,78.0,131.0,33.0,0.8774454461201763,0.0,0.0,666.8774454461202,17,031,440700,2,170314407002
218.0,35.0,79.0,92.0,0.0,53.0,28.0,39.0,11.0,57.0,8.0,81.0,28.0,0.13263710232049175,0.0,0.0,729.1326371023205,17,031,440800,1,170314408001
336.0,138.0,84.0,29.0,21.0,73.0,5.0,86.0,105.0,78.0,37.0,29.0,0.0,0.0,0.0,0.0,1021.0,17,031,440800,2,170314408002
108.0,58.0,99.0,74.0,38.0,18.0,0.0,49.0,18.0,36.0,20.0,31.0,47.0,0.18365137244375782,0.0,0.0,596.1836513724437,17,031,440900,1,170314409001
183.0,21.0,0.0,75.0,21.0,51.0,59.0,37.0,0.0,51.0,132.0,143.0,24.0,0.0,0.0,0.0,797.0,17,031,440900,2,170314409002
67.0,111.0,123.0,0.0,26.0,29.0,85.0,49.0,47.0,108.0,105.0,79.0,120.0,0.0,0.0,0.0,949.0,17,031,440900,3,170314409003
280.0,88.0,79.0,45.0,57.0,125.0,106.0,103.0,164.0,0.0,70.0,79.0,122.0,2.0201650968813363,0.0,0.0,1320.0201650968813,17,031,450300,1,170314503001
101.0,15.0,36.0,49.0,38.0,0.0,20.0,33.0,0.0,63.0,117.0,97.0,18.0,0.0,0.0,0.0,587.0,17,031,450300,2,170314503002
30.0,0.0,86.0,86.0,45.0,83.0,109.0,17.0,17.0,0.0,0.0,148.0,103.0,0.6121712414791928,0.0,0.0,724.6121712414792,17,031,450300,3,170314503003
43.0,21.0,41.0,148.0,0.0,77.0,0.0,0.0,21.0,104.0,75.0,46.0,17.0,0.4897369931833542,0.0,0.0,593.4897369931833,17,031,450300,4,170314503004
130.0,146.0,61.0,20.0,20.0,98.0,48.0,148.0,84.0,18.0,11.0,77.0,18.0,0.0,0.0,0.0,879.0,17,031,460100,1,170314601001
140.0,108.0,45.0,31.0,154.0,91.0,0.0,0.0,56.0,59.0,115.0,101.0,129.0,0.0,0.0,0.0,1029.0,17,031,460100,2,170314601002
203.0,86.0,0.0,90.0,0.0,72.0,0.0,67.0,45.0,104.0,72.0,0.0,22.0,0.0,0.0,0.0,761.0,17,031,460100,3,170314601003
111.0,84.0,49.0,126.0,39.0,0.0,0.0,62.0,39.0,19.0,81.0,62.0,96.0,0.0,0.0,0.0,768.0,17,031,460100,4,170314601004
190.0,47.0,105.0,119.0,13.0,204.0,0.0,156.0,0.0,78.0,0.0,105.0,23.0,0.0,0.0,0.0,1040.0,17,031,460200,1,170314602001
410.0,158.0,79.0,94.0,195.0,28.0,85.0,44.0,63.0,129.0,69.0,0.0,15.0,0.44892557708474135,0.0,0.0,1369.4489255770848,17,031,460200,2,170314602002
86.0,25.0,57.0,188.0,98.0,165.0,82.0,0.0,133.0,70.0,153.0,82.0,0.0,0.2550713506163303,0.0,0.0,1139.2550713506164,17,031,460301,1,170314603011
40.0,81.0,125.0,19.0,38.0,0.0,14.0,16.0,19.0,0.0,228.0,53.0,21.0,0.0,0.0,0.0,654.0,17,031,460301,2,170314603012
143.0,0.0,99.0,119.0,51.0,0.0,23.0,171.0,0.0,0.0,0.0,92.0,0.0,0.5509541173312735,0.0,0.0,698.5509541173312,17,031,460301,3,170314603013
155.0,196.0,126.0,59.0,40.0,0.0,144.0,0.0,0.0,0.0,66.0,44.0,0.0,0.0,0.0,0.0,830.0,17,031,460302,1,170314603021
138.0,0.0,57.0,147.0,45.0,48.0,0.0,81.0,0.0,0.0,15.0,60.0,0.0,0.0,0.0,0.0,591.0,17,031,460302,2,170314603022
102.0,158.0,47.0,79.0,0.0,198.0,0.0,66.0,21.0,0.0,66.0,0.0,0.0,0.0,0.0,0.0,737.0,17,031,460302,3,170314603023
242.0,341.0,11.0,283.0,0.0,14.0,0.0,86.0,69.0,2.0,46.0,26.0,0.0,0.49993984720800744,0.0,0.0,1120.499939847208,17,031,460302,4,170314603024
132.0,66.0,56.0,78.0,0.0,56.0,66.0,70.0,0.0,16.0,108.0,82.0,16.0,0.12243424829583854,0.0,0.0,746.1224342482958,17,031,460400,1,170314604001
151.0,100.0,0.0,65.0,28.0,54.0,0.0,108.0,0.0,57.0,71.0,185.0,25.0,0.6631855116024589,0.0,0.0,844.6631855116025,17,031,460400,2,170314604002
57.0,0.0,46.0,25.0,71.0,44.0,0.0,13.0,41.0,64.0,18.0,78.0,71.0,0.0,0.0,0.0,528.0,17,031,460400,3,170314604003
127.0,0.0,0.0,31.0,82.0,35.0,63.0,31.0,70.0,22.0,92.0,159.0,25.0,0.0,0.0,0.0,737.0,17,031,460400,4,170314604004
0.0,72.0,0.0,27.0,0.0,45.0,0.0,48.0,78.0,16.0,16.0,0.0,16.0,0.0,0.0,0.0,318.0,17,031,460500,1,170314605001
23.0,59.0,23.0,0.0,65.0,31.0,29.0,23.0,17.0,29.0,19.0,74.0,0.0,0.0,0.0,0.0,392.0,17,031,460500,2,170314605002
97.0,0.0,154.0,208.0,35.0,0.0,8.0,200.0,37.0,127.0,62.0,0.0,43.0,0.27547705866563676,0.0,0.0,971.2754770586656,17,031,460500,3,170314605003
30.0,0.0,107.0,30.0,69.0,0.0,0.0,69.0,0.0,114.0,191.0,0.0,0.0,0.0,0.0,0.0,610.0,17,031,460500,4,170314605004
0.0,0.0,0.0,0.0,0.0,0.0,158.0,0.0,0.0,85.0,44.0,214.0,67.0,0.7448083437996845,0.0,0.0,568.7448083437997,17,031,460500,5,170314605005
67.0,0.0,99.0,67.0,0.0,32.0,0.0,119.0,19.0,32.0,17.0,56.0,149.0,0.0,0.0,0.0,657.0,17,031,460500,6,170314605006
93.0,91.0,105.0,18.0,101.0,162.0,111.0,93.0,125.0,30.0,64.0,60.0,0.0,0.0,0.0,0.0,1053.0,17,031,460500,7,170314605007
242.0,75.0,124.0,90.0,54.0,75.0,30.0,78.0,12.0,99.0,24.0,139.0,48.0,0.0,0.0,0.0,1090.0,17,031,460600,1,170314606001
546.0,286.0,88.0,135.0,161.0,0.0,113.0,66.0,0.0,80.0,44.0,0.0,0.0,0.0,0.0,0.0,1519.0,17,031,460700,1,170314607001
44.0,91.0,187.0,110.0,0.0,0.0,238.0,0.0,124.0,22.0,146.0,25.0,0.0,0.0,0.0,0.0,987.0,17,031,460700,2,170314607002
63.0,43.0,41.0,78.0,35.0,47.0,0.0,0.0,0.0,37.0,0.0,10.0,0.0,0.0,0.0,0.0,354.0,17,031,460700,3,170314607003
657.0,435.0,186.0,175.0,13.0,89.0,61.0,8.0,35.0,96.0,32.0,105.0,4.0,0.0,0.0,0.0,1896.0,17,031,461000,1,170314610001
30.0,75.0,271.0,18.0,21.0,132.0,0.0,0.0,0.0,323.0,33.0,63.0,90.0,0.0,0.0,0.0,1056.0,17,031,470100,1,170314701001
271.0,268.0,217.0,138.0,53.0,110.0,144.0,50.0,0.0,0.0,101.0,53.0,50.0,0.0,0.0,0.0,1455.0,17,031,470100,2,170314701002
30.0,10.0,63.0,50.0,37.0,102.0,54.0,17.0,0.0,39.0,137.0,122.0,67.0,0.7141997817257248,0.0,0.0,728.7141997817257,17,031,480100,1,170314801001
7.0,0.0,83.0,58.0,15.0,165.0,88.0,68.0,38.0,43.0,187.0,154.0,142.0,0.20405708049306426,0.0,0.0,1048.2040570804932,17,031,480100,2,170314801002
70.0,72.0,35.0,107.0,39.0,39.0,49.0,24.0,0.0,64.0,53.0,22.0,55.0,0.0,0.0,0.0,629.0,17,031,480200,1,170314802001
30.0,30.0,30.0,25.0,60.0,28.0,54.0,56.0,51.0,0.0,32.0,66.0,32.0,0.0,0.0,0.0,494.0,17,031,480200,2,170314802002
90.0,0.0,57.0,63.0,46.0,30.0,46.0,26.0,0.0,68.0,103.0,129.0,121.0,0.0,0.0,0.0,779.0,17,031,480300,1,170314803001
40.0,10.0,27.0,30.0,0.0,25.0,12.0,12.0,0.0,52.0,22.0,120.0,47.0,0.0,0.0,0.0,397.0,17,031,480300,2,170314803002
0.0,144.0,24.0,0.0,44.0,24.0,0.0,84.0,28.0,98.0,71.0,0.0,187.0,0.0,0.0,0.0,704.0,17,031,480400,1,170314804001
29.0,0.0,39.0,89.0,102.0,0.0,0.0,0.0,89.0,79.0,0.0,0.0,36.0,0.0,0.0,0.0,463.0,17,031,480400,2,170314804002
54.0,30.0,133.0,112.0,0.0,0.0,54.0,0.0,307.0,124.0,139.0,33.0,276.0,0.673388365627112,0.0,0.0,1262.673388365627,17,031,480400,3,170314804003
48.0,0.0,0.0,0.0,27.0,113.0,45.0,70.0,243.0,118.0,105.0,172.0,0.0,1.2651538990569984,0.0,0.0,942.265153899057,17,031,480400,4,170314804004
0.0,37.0,64.0,0.0,0.0,44.0,0.0,39.0,99.0,69.0,0.0,104.0,0.0,0.908054008194136,0.0,0.0,456.90805400819414,17,031,480400,5,170314804005
35.0,77.0,0.0,44.0,0.0,0.0,42.0,58.0,0.0,180.0,39.0,175.0,32.0,0.46933128513404776,0.0,0.0,682.4693312851341,17,031,480400,6,170314804006
0.0,0.0,0.0,36.0,0.0,0.0,34.0,0.0,63.0,36.0,0.0,502.0,78.0,0.6223740955038459,0.0,0.0,749.6223740955038,17,031,480400,7,170314804007
50.0,67.0,32.0,88.0,64.0,26.0,34.0,80.0,40.0,171.0,152.0,99.0,72.0,0.9794739863667083,0.0,0.0,975.9794739863667,17,031,480500,1,170314805001
64.0,72.0,0.0,74.0,38.0,77.0,23.0,46.0,46.0,69.0,110.0,103.0,23.0,0.0,0.0,0.0,745.0,17,031,480500,2,170314805002
221.0,34.0,126.0,37.0,72.0,0.0,79.0,0.0,0.0,88.0,0.0,259.0,31.0,0.28567991269028997,0.0,0.0,947.2856799126903,17,031,480500,3,170314805003
141.0,18.0,87.0,12.0,245.0,108.0,149.0,56.0,15.0,72.0,136.0,126.0,56.0,0.12243424829583854,0.0,0.0,1221.1224342482958,17,031,490300,1,170314903001
37.0,48.0,105.0,0.0,28.0,0.0,14.0,0.0,71.0,82.0,151.0,160.0,143.0,0.9896768403913616,0.0,0.0,839.9896768403913,17,031,490300,2,170314903002
112.0,72.0,64.0,26.0,16.0,13.0,16.0,13.0,80.0,149.0,82.0,141.0,69.0,0.9998796944160149,0.0,0.0,853.999879694416,17,031,490400,1,170314904001
60.0,0.0,16.0,46.0,0.0,0.0,91.0,44.0,57.0,149.0,69.0,132.0,30.0,0.13263710232049175,0.0,0.0,694.1326371023205,17,031,490500,1,170314905001
111.0,10.0,182.0,81.0,38.0,15.0,71.0,81.0,15.0,243.0,165.0,248.0,60.0,0.10202854024653213,0.0,0.0,1320.1020285402465,17,031,490500,2,170314905002
212.0,31.0,44.0,47.0,186.0,133.0,28.0,73.0,44.0,131.0,183.0,149.0,102.0,0.10202854024653213,0.0,0.0,1363.1020285402465,17,031,490600,1,170314906001
0.0,31.0,44.0,117.0,54.0,31.0,80.0,15.0,28.0,52.0,78.0,49.0,10.0,0.0,0.0,0.0,589.0,17,031,490700,1,170314907001
199.0,60.0,41.0,55.0,0.0,74.0,0.0,83.0,37.0,46.0,143.0,27.0,46.0,0.0,0.0,0.0,811.0,17,031,490700,2,170314907002
192.0,227.0,105.0,23.0,14.0,75.0,108.0,20.0,17.0,166.0,105.0,292.0,55.0,0.46933128513404776,0.0,0.0,1399.469331285134,17,031,490700,3,170314907003
47.0,36.0,45.0,47.0,77.0,66.0,45.0,30.0,90.0,19.0,64.0,70.0,21.0,0.6325769495284992,0.0,0.0,657.6325769495285,17,031,490800,1,170314908001
29.0,0.0,0.0,0.0,32.0,29.0,29.0,61.0,116.0,78.0,130.0,209.0,133.0,0.0,0.0,0.0,846.0,17,031,490800,2,170314908002
115.0,54.0,30.0,86.0,197.0,105.0,51.0,0.0,28.0,21.0,25.0,77.0,25.0,0.14283995634514499,0.0,0.0,814.1428399563451,17,031,490800,3,170314908003
25.0,97.0,25.0,0.0,69.0,0.0,55.0,122.0,0.0,58.0,89.0,55.0,0.0,0.22446278854237067,0.0,0.0,595.2244627885424,17,031,490800,4,170314908004
273.0,246.0,29.0,0.0,37.0,22.0,0.0,0.0,0.0,18.0,0.0,56.0,0.0,0.0,0.0,0.0,681.0,17,031,490800,5,170314908005
242.0,148.0,86.0,44.0,120.0,133.0,156.0,41.0,169.0,78.0,167.0,88.0,159.0,1.1631253588104662,0.0,0.0,1632.1631253588105,17,031,490901,1,170314909011
354.0,70.0,151.0,38.0,0.0,167.0,25.0,90.0,51.0,193.0,0.0,19.0,41.0,0.0,0.0,0.0,1199.0,17,031,490901,2,170314909012
303.0,125.0,19.0,46.0,19.0,106.0,37.0,49.0,135.0,76.0,172.0,49.0,0.0,0.0,0.0,0.0,1136.0,17,031,490901,3,170314909013
75.0,0.0,41.0,161.0,0.0,47.0,56.0,53.0,25.0,265.0,129.0,15.0,88.0,0.5407512633066203,0.0,0.0,955.5407512633067,17,031,490902,1,170314909021
199.0,255.0,161.0,101.0,111.0,136.0,32.0,331.0,0.0,172.0,273.0,212.0,25.0,0.0,0.0,0.0,2008.0,17,031,490902,2,170314909022
61.0,127.0,94.0,16.0,63.0,30.0,10.0,0.0,0.0,32.0,53.0,80.0,43.0,0.47953413915870097,0.0,0.0,609.4795341391587,17,031,490902,3,170314909023
20.0,0.0,52.0,154.0,43.0,0.0,139.0,125.0,0.0,154.0,104.0,247.0,0.0,0.49993984720800744,0.0,0.0,1038.499939847208,17,031,490902,4,170314909024
66.0,157.0,38.0,154.0,28.0,0.0,0.0,0.0,31.0,0.0,35.0,0.0,38.0,0.0,0.0,0.0,547.0,17,031,491000,1,170314910001
244.0,50.0,85.0,117.0,76.0,136.0,60.0,0.0,0.0,66.0,22.0,34.0,0.0,0.0,0.0,0.0,890.0,17,031,491000,2,170314910002
127.0,0.0,202.0,31.0,31.0,71.0,0.0,0.0,0.0,31.0,11.0,0.0,0.0,0.0,0.0,0.0,504.0,17,031,491000,3,170314910003
312.0,39.0,0.0,73.0,29.0,151.0,87.0,0.0,126.0,278.0,170.0,185.0,0.0,0.0,0.0,0.0,1450.0,17,031,491000,4,170314910004
580.0,149.0,110.0,180.0,224.0,202.0,57.0,0.0,132.0,105.0,162.0,48.0,30.0,0.0,0.0,0.0,1979.0,17,031,491000,5,170314910005
123.0,0.0,0.0,213.0,78.0,16.0,53.0,30.0,0.0,14.0,0.0,0.0,89.0,0.19385422646841105,0.0,0.0,616.1938542264684,17,031,491100,1,170314911001
18.0,0.0,104.0,0.0,32.0,0.0,111.0,36.0,43.0,133.0,154.0,97.0,126.0,0.0,0.0,0.0,854.0,17,031,491100,2,170314911002
48.0,101.0,0.0,65.0,0.0,0.0,40.0,0.0,89.0,142.0,85.0,73.0,215.0,0.0,0.0,0.0,858.0,17,031,491100,3,170314911003
35.0,35.0,70.0,22.0,45.0,55.0,75.0,52.0,97.0,67.0,107.0,25.0,22.0,0.0,0.0,0.0,707.0,17,031,491100,4,170314911004
63.0,82.0,39.0,21.0,0.0,0.0,71.0,82.0,116.0,145.0,182.0,129.0,148.0,0.2652742046409835,0.0,0.0,1078.265274204641,17,031,491100,5,170314911005
130.0,125.0,55.0,55.0,0.0,30.0,176.0,35.0,20.0,256.0,55.0,150.0,45.0,0.5611569713559267,0.0,0.0,1132.561156971356,17,031,491200,1,170314912001
49.0,82.0,0.0,52.0,55.0,2.0,87.0,8.0,32.0,20.0,32.0,108.0,96.0,0.0,0.0,0.0,623.0,17,031,491200,2,170314912002
49.0,0.0,17.0,328.0,5.0,0.0,14.0,0.0,72.0,17.0,98.0,75.0,26.0,0.530548409281967,0.0,0.0,701.530548409282,17,031,491200,3,170314912003
218.0,111.0,40.0,13.0,0.0,35.0,114.0,0.0,38.0,0.0,19.0,0.0,0.0,0.0,0.0,0.0,588.0,17,031,491300,1,170314913001
101.0,0.0,43.0,15.0,15.0,0.0,43.0,19.0,15.0,101.0,125.0,0.0,35.0,0.3162884747642496,0.0,0.0,512.3162884747643,17,031,491300,2,170314913002
61.0,49.0,88.0,88.0,32.0,26.0,0.0,0.0,38.0,11.0,0.0,52.0,14.0,0.9590682783174019,0.0,0.0,459.9590682783174,17,031,491300,3,170314913003
66.0,66.0,18.0,85.0,88.0,0.0,0.0,44.0,18.0,0.0,85.0,25.0,66.0,0.0,0.0,0.0,561.0,17,031,491300,4,170314913004
144.0,65.0,62.0,0.0,80.0,79.0,0.0,0.0,17.0,0.0,28.0,28.0,14.0,0.0,0.0,0.0,517.0,17,031,491400,1,170314914001
184.0,102.0,49.0,39.0,0.0,0.0,31.0,106.0,35.0,110.0,85.0,49.0,0.0,0.0,0.0,0.0,790.0,17,031,491400,2,170314914002
231.0,102.0,62.0,111.0,105.0,77.0,28.0,28.0,48.0,120.0,257.0,68.0,0.0,0.7550111978243377,0.0,0.0,1237.7550111978244,17,031,491400,3,170314914003
98.0,126.0,32.0,19.0,0.0,0.0,49.0,0.0,65.0,43.0,63.0,68.0,161.0,0.0,0.0,0.0,724.0,17,031,500100,1,170315001001
0.0,37.0,20.0,25.0,60.0,20.0,0.0,32.0,0.0,179.0,25.0,212.0,48.0,0.2550713506163303,0.0,0.0,658.2550713506163,17,031,500100,2,170315001002
0.0,89.0,43.0,29.0,182.0,13.0,19.0,23.0,0.0,21.0,120.0,39.0,37.0,0.2550713506163303,0.0,0.0,615.2550713506163,17,031,500100,3,170315001003
229.0,196.0,28.0,39.0,19.0,70.0,15.0,81.0,145.0,137.0,112.0,103.0,66.0,0.0,0.0,0.0,1240.0,17,031,500100,4,170315001004
308.0,276.0,62.0,92.0,73.0,62.0,46.0,94.0,0.0,116.0,121.0,132.0,46.0,0.0,0.0,0.0,1428.0,17,031,500200,1,170315002001
164.0,0.0,14.0,40.0,34.0,28.0,92.0,0.0,20.0,14.0,37.0,92.0,86.0,0.0,0.0,0.0,621.0,17,031,500200,2,170315002002
85.0,30.0,78.0,45.0,8.0,127.0,0.0,56.0,52.0,0.0,78.0,65.0,28.0,0.21425993451771747,0.0,0.0,652.2142599345177,17,031,500300,1,170315003001
136.0,155.0,18.0,20.0,57.0,24.0,10.0,31.0,35.0,99.0,84.0,130.0,45.0,0.20405708049306426,0.0,0.0,844.204057080493,17,031,500300,2,170315003002
225.0,78.0,82.0,46.0,225.0,179.0,207.0,0.0,0.0,78.0,114.0,68.0,179.0,0.3570998908628624,0.0,0.0,1481.3570998908629,17,031,510100,1,170315101001
194.0,243.0,145.0,194.0,343.0,68.0,64.0,174.0,0.0,132.0,136.0,90.0,58.0,1.152922504785813,0.0,0.0,1842.152922504786,17,031,510100,2,170315101002
27.0,33.0,0.0,46.0,0.0,16.0,49.0,66.0,82.0,30.0,93.0,107.0,0.0,0.8978511541694827,0.0,0.0,549.8978511541695,17,031,510200,1,170315102001
0.0,52.0,9.0,139.0,0.0,112.0,64.0,68.0,0.0,22.0,123.0,201.0,13.0,0.0,0.0,0.0,803.0,17,031,510200,2,170315102002
301.0,97.0,66.0,31.0,28.0,74.0,77.0,45.0,43.0,20.0,114.0,83.0,74.0,0.9284597162434424,0.0,0.0,1053.9284597162434,17,031,510200,3,170315102003
363.0,35.0,121.0,78.0,106.0,46.0,0.0,64.0,32.0,106.0,242.0,313.0,117.0,0.3264913287889028,0.0,0.0,1623.326491328789,17,031,510300,1,170315103001
115.0,32.0,108.0,19.0,128.0,131.0,82.0,171.0,0.0,39.0,157.0,69.0,108.0,0.0,0.0,0.0,1159.0,17,031,510300,2,170315103002
193.0,265.0,26.0,35.0,0.0,0.0,26.0,43.0,0.0,0.0,45.0,0.0,0.0,0.1632456643944514,0.0,0.0,633.1632456643945,17,031,510300,3,170315103003
312.0,0.0,259.0,367.0,77.0,52.0,114.0,194.0,253.0,296.0,364.0,95.0,27.0,0.06121712414791927,0.0,0.0,2410.061217124148,17,031,510300,4,170315103004
226.0,93.0,230.0,222.0,210.0,182.0,145.0,89.0,149.0,133.0,238.0,153.0,101.0,0.0,0.0,0.0,2171.0,17,031,520100,1,170315201001
54.0,88.0,75.0,30.0,0.0,85.0,88.0,0.0,0.0,0.0,68.0,78.0,0.0,0.3468970368382092,0.0,0.0,566.3468970368382,17,031,520200,1,170315202001
50.0,159.0,109.0,124.0,288.0,62.0,109.0,136.0,179.0,89.0,27.0,42.0,105.0,0.6325769495284992,0.0,0.0,1479.6325769495286,17,031,520200,2,170315202002
105.0,129.0,86.0,203.0,301.0,89.0,215.0,82.0,78.0,211.0,222.0,105.0,0.0,0.0,0.0,0.0,1826.0,17,031,520200,3,170315202003
74.0,182.0,194.0,165.0,33.0,115.0,120.0,53.0,28.0,409.0,86.0,111.0,140.0,0.0,0.0,0.0,1710.0,17,031,520300,1,170315203001
244.0,153.0,66.0,130.0,94.0,216.0,59.0,86.0,11.0,31.0,260.0,287.0,106.0,0.3570998908628624,0.0,0.0,1743.3570998908629,17,031,520300,2,170315203002
0.0,0.0,0.0,58.0,64.0,135.0,132.0,129.0,24.0,86.0,120.0,141.0,46.0,1.061096818563934,0.0,0.0,936.0610968185639,17,031,520300,3,170315203003
85.0,82.0,190.0,85.0,29.0,59.0,98.0,0.0,59.0,200.0,200.0,144.0,206.0,0.0,0.0,0.0,1437.0,17,031,520300,4,170315203004
60.0,33.0,0.0,53.0,50.0,90.0,33.0,123.0,150.0,0.0,3.0,197.0,30.0,0.0,0.0,0.0,822.0,17,031,520400,1,170315204001
0.0,0.0,25.0,81.0,81.0,72.0,69.0,81.0,59.0,113.0,236.0,110.0,141.0,0.3162884747642496,0.0,0.0,1068.3162884747642,17,031,520400,2,170315204002
120.0,23.0,55.0,26.0,155.0,55.0,14.0,0.0,61.0,87.0,67.0,120.0,205.0,0.0,0.0,0.0,988.0,17,031,520400,3,170315204003
131.0,28.0,94.0,75.0,28.0,25.0,0.0,166.0,0.0,12.0,43.0,87.0,0.0,0.0,0.0,0.0,689.0,17,031,520400,4,170315204004
97.0,16.0,32.0,70.0,21.0,24.0,0.0,13.0,0.0,59.0,43.0,54.0,0.0,0.7958226139229506,0.0,0.0,429.79582261392295,17,031,520500,1,170315205001
66.0,45.0,75.0,129.0,117.0,129.0,129.0,108.0,33.0,21.0,408.0,354.0,183.0,1.7140794761417397,0.0,0.0,1798.7140794761417,17,031,520500,2,170315205002
130.0,104.0,163.0,0.0,33.0,0.0,0.0,93.0,66.0,70.0,483.0,145.0,267.0,1.5100223956486754,0.0,0.0,1555.5100223956488,17,031,520500,3,170315205003
107.0,104.0,323.0,319.0,81.0,223.0,349.0,171.0,85.0,174.0,189.0,446.0,141.0,0.0,0.0,0.0,2712.0,17,031,520600,1,170315206001
246.0,101.0,101.0,398.0,29.0,141.0,13.0,23.0,82.0,6.0,125.0,65.0,0.0,0.2652742046409835,0.0,0.0,1330.265274204641,17,031,530100,1,170315301001
243.0,94.0,81.0,6.0,0.0,17.0,23.0,0.0,62.0,107.0,19.0,12.0,14.0,0.0,0.0,0.0,678.0,17,031,530100,2,170315301002
33.0,266.0,30.0,0.0,157.0,33.0,75.0,0.0,0.0,18.0,86.0,97.0,37.0,0.0,0.0,0.0,832.0,17,031,530200,1,170315302001
198.0,117.0,257.0,241.0,203.0,0.0,0.0,0.0,0.0,166.0,80.0,0.0,64.0,0.0,0.0,0.0,1326.0,17,031,530200,2,170315302002
193.0,50.0,58.0,53.0,22.0,39.0,0.0,0.0,0.0,89.0,0.0,0.0,0.0,0.44892557708474135,0.0,0.0,504.44892557708476,17,031,530200,3,170315302003
62.0,47.0,194.0,163.0,132.0,104.0,118.0,73.0,19.0,0.0,67.0,56.0,0.0,0.6325769495284992,0.0,0.0,1035.6325769495286,17,031,530200,4,170315302004
310.0,153.0,149.0,25.0,25.0,94.0,21.0,0.0,65.0,94.0,0.0,25.0,0.0,0.0,0.0,0.0,961.0,17,031,530200,5,170315302005
137.0,0.0,0.0,30.0,0.0,120.0,34.0,0.0,0.0,37.0,240.0,24.0,37.0,0.0,0.0,0.0,659.0,17,031,530300,1,170315303001
169.0,74.0,67.0,0.0,38.0,176.0,0.0,0.0,28.0,63.0,169.0,77.0,70.0,0.0,0.0,0.0,931.0,17,031,530300,2,170315303002
0.0,214.0,109.0,133.0,70.0,176.0,42.0,10.0,0.0,119.0,105.0,165.0,77.0,0.3570998908628624,0.0,0.0,1220.3570998908629,17,031,530300,3,170315303003
105.0,121.0,110.0,116.0,51.0,157.0,49.0,141.0,25.0,79.0,139.0,291.0,64.0,0.3877084529368221,0.0,0.0,1448.3877084529367,17,031,530300,4,170315303004
296.0,38.0,54.0,16.0,70.0,54.0,70.0,64.0,48.0,0.0,16.0,128.0,45.0,0.1632456643944514,0.0,0.0,899.1632456643945,17,031,530400,1,170315304001
60.0,0.0,55.0,39.0,0.0,60.0,13.0,78.0,13.0,78.0,107.0,335.0,89.0,0.7958226139229506,0.0,0.0,927.795822613923,17,031,530400,2,170315304002
355.0,26.0,110.0,99.0,282.0,164.0,194.0,0.0,42.0,210.0,0.0,38.0,49.0,0.0,0.0,0.0,1569.0,17,031,530501,1,170315305011
220.0,116.0,91.0,165.0,68.0,35.0,0.0,68.0,45.0,223.0,20.0,78.0,0.0,1.1121110886872,0.0,0.0,1130.1121110886872,17,031,530501,2,170315305012
68.0,28.0,0.0,66.0,18.0,68.0,0.0,0.0,104.0,66.0,56.0,82.0,23.0,0.21425993451771747,0.0,0.0,579.2142599345177,17,031,530501,3,170315305013
134.0,0.0,37.0,21.0,0.0,140.0,175.0,43.0,59.0,200.0,425.0,162.0,50.0,0.0,0.0,0.0,1446.0,17,031,530501,4,170315305014
139.0,38.0,162.0,85.0,159.0,34.0,108.0,60.0,41.0,159.0,162.0,219.0,85.0,0.09182568622187891,0.0,0.0,1451.091825686222,17,031,530502,1,170315305021
192.0,22.0,170.0,160.0,127.0,45.0,32.0,137.0,55.0,20.0,82.0,220.0,37.0,0.0,0.0,0.0,1299.0,17,031,530503,1,170315305031
197.0,93.0,237.0,0.0,0.0,136.0,30.0,233.0,70.0,130.0,253.0,210.0,86.0,0.6427798035531523,0.0,0.0,1675.6427798035531,17,031,530503,2,170315305032
332.0,43.0,192.0,102.0,46.0,46.0,121.0,31.0,0.0,307.0,338.0,279.0,161.0,0.18365137244375782,0.0,0.0,1998.1836513724438,17,031,530503,3,170315305033
330.0,98.0,266.0,44.0,0.0,121.0,0.0,56.0,108.0,17.0,66.0,34.0,135.0,0.0,0.0,0.0,1275.0,17,031,530600,1,170315306001
27.0,54.0,128.0,35.0,62.0,54.0,13.0,54.0,30.0,40.0,0.0,101.0,38.0,0.0,0.0,0.0,636.0,17,031,530600,2,170315306002
184.0,109.0,78.0,0.0,23.0,61.0,140.0,123.0,0.0,27.0,58.0,34.0,0.0,0.3468970368382092,0.0,0.0,837.3468970368382,17,031,530600,3,170315306003
528.0,345.0,189.0,0.0,117.0,26.0,0.0,0.0,48.0,84.0,0.0,195.0,0.0,0.0,0.0,0.0,1532.0,17,031,540101,1,170315401011
63.0,177.0,45.0,43.0,48.0,25.0,0.0,0.0,32.0,0.0,27.0,30.0,0.0,0.0,0.0,0.0,490.0,17,031,540101,2,170315401012
593.0,309.0,186.0,0.0,89.0,216.0,96.0,78.0,0.0,82.0,33.0,0.0,0.0,0.0,0.0,0.0,1682.0,17,031,540101,3,170315401013
82.0,19.0,0.0,0.0,59.0,0.0,0.0,0.0,0.0,0.0,0.0,0.0,0.0,0.0,0.0,0.0,160.0,17,031,540101,4,170315401014
308.0,197.0,26.0,19.0,38.0,0.0,0.0,0.0,0.0,51.0,0.0,0.0,26.0,0.0,0.0,0.0,665.0,17,031,540102,1,170315401021
494.0,252.0,71.0,388.0,210.0,117.0,156.0,106.0,0.0,0.0,149.0,71.0,0.0,0.0,0.0,0.0,2014.0,17,031,540102,2,170315401022
124.0,106.0,37.0,56.0,93.0,0.0,28.0,37.0,0.0,78.0,21.0,0.0,0.0,0.0,0.0,0.0,580.0,17,031,540102,3,170315401023
0.0,167.0,48.0,0.0,0.0,0.0,51.0,0.0,36.0,48.0,323.0,352.0,102.0,0.7244026357503781,0.0,0.0,1127.7244026357503,17,031,550100,1,170315501001
0.0,82.0,40.0,73.0,40.0,37.0,44.0,42.0,0.0,122.0,8.0,42.0,42.0,0.0,0.0,0.0,572.0,17,031,550100,2,170315501002
387.0,158.0,0.0,62.0,119.0,152.0,52.0,191.0,0.0,56.0,231.0,102.0,0.0,0.0,0.0,0.0,1510.0,17,031,550100,3,170315501003
0.0,33.0,83.0,137.0,282.0,40.0,0.0,0.0,29.0,119.0,45.0,49.0,54.0,0.0,0.0,0.0,871.0,17,031,550100,4,170315501004
26.0,0.0,0.0,0.0,37.0,0.0,73.0,0.0,0.0,33.0,0.0,42.0,171.0,0.2652742046409835,0.0,0.0,382.265274204641,17,031,550100,5,170315501005
491.0,0.0,52.0,0.0,46.0,144.0,43.0,184.0,179.0,43.0,83.0,132.0,31.0,1.5916452278459012,0.0,0.0,1429.591645227846,17,031,550100,6,170315501006
55.0,106.0,294.0,38.0,55.0,27.0,187.0,35.0,0.0,177.0,241.0,447.0,116.0,0.0,0.0,0.0,1778.0,17,031,550200,1,170315502001
71.0,0.0,52.0,63.0,18.0,0.0,14.0,42.0,0.0,23.0,54.0,86.0,174.0,0.10202854024653213,0.0,0.0,597.1020285402466,17,031,550200,2,170315502002
90.0,90.0,55.0,69.0,48.0,24.0,13.0,38.0,69.0,235.0,69.0,166.0,17.0,0.4897369931833542,0.0,0.0,983.4897369931833,17,031,560100,1,170315601001
17.0,41.0,0.0,0.0,22.0,0.0,0.0,0.0,0.0,0.0,12.0,14.0,7.0,0.19385422646841105,0.0,0.0,113.19385422646842,17,031,560200,1,170315602001
0.0,0.0,10.0,0.0,0.0,0.0,0.0,0.0,0.0,0.0,0.0,0.0,8.0,0.0,0.0,0.0,18.0,17,031,560200,2,170315602002
34.0,136.0,40.0,114.0,155.0,108.0,130.0,58.0,18.0,46.0,254.0,21.0,108.0,0.816228321972257,0.0,0.0,1222.8162283219722,17,031,560200,3,170315602003
14.0,130.0,49.0,28.0,91.0,102.0,165.0,84.0,67.0,190.0,225.0,363.0,70.0,0.45912843110939455,0.0,0.0,1578.4591284311093,17,031,560300,1,170315603001
41.0,13.0,126.0,75.0,20.0,150.0,17.0,78.0,0.0,256.0,133.0,205.0,82.0,0.6937940736764184,0.0,0.0,1196.6937940736764,17,031,560300,2,170315603002
70.0,21.0,21.0,84.0,73.0,199.0,126.0,70.0,35.0,122.0,238.0,164.0,126.0,0.0,0.0,0.0,1349.0,17,031,560400,1,170315604001
99.0,137.0,30.0,37.0,27.0,27.0,79.0,55.0,30.0,65.0,237.0,168.0,237.0,0.4183170150107817,0.0,0.0,1228.4183170150109,17,031,560700,1,170315607001
92.0,162.0,210.0,42.0,134.0,50.0,128.0,123.0,22.0,260.0,330.0,322.0,103.0,1.4794138335747158,0.0,0.0,1979.4794138335747,17,031,560700,2,170315607002
81.0,39.0,0.0,0.0,224.0,0.0,53.0,149.0,106.0,217.0,42.0,42.0,366.0,2.642539192385182,0.0,0.0,1321.6425391923851,17,031,560800,1,170315608001
73.0,90.0,105.0,159.0,90.0,141.0,21.0,51.0,0.0,96.0,92.0,107.0,88.0,0.0,0.0,0.0,1113.0,17,031,560800,2,170315608002
30.0,0.0,30.0,41.0,55.0,41.0,0.0,0.0,0.0,145.0,150.0,220.0,0.0,1.6222537899198608,0.0,0.0,713.6222537899199,17,031,560800,3,170315608003
28.0,59.0,30.0,0.0,69.0,97.0,35.0,0.0,0.0,28.0,43.0,218.0,113.0,0.0,0.0,0.0,720.0,17,031,560800,4,170315608004
0.0,0.0,0.0,33.0,165.0,104.0,30.0,41.0,0.0,33.0,178.0,30.0,178.0,2.407873549818158,0.0,0.0,794.4078735498182,17,031,560800,5,170315608005
72.0,27.0,27.0,84.0,30.0,141.0,54.0,24.0,0.0,156.0,75.0,189.0,135.0,1.4079938554021434,0.0,0.0,1015.4079938554022,17,031,560900,1,170315609001
0.0,0.0,15.0,25.0,0.0,38.0,20.0,20.0,0.0,145.0,58.0,63.0,17.0,0.0,0.0,0.0,401.0,17,031,560900,2,170315609002
38.0,0.0,34.0,38.0,86.0,0.0,36.0,34.0,18.0,75.0,0.0,214.0,93.0,0.0,0.0,0.0,666.0,17,031,560900,3,170315609003
0.0,26.0,108.0,0.0,91.0,0.0,85.0,0.0,0.0,82.0,200.0,167.0,200.0,0.9998796944160149,0.0,0.0,959.999879694416,17,031,560900,4,170315609004
0.0,0.0,86.0,56.0,0.0,0.0,86.0,26.0,0.0,56.0,62.0,182.0,99.0,0.5713598253805799,0.0,0.0,653.5713598253806,17,031,560900,5,170315609005
61.0,56.0,0.0,63.0,18.0,0.0,21.0,0.0,66.0,18.0,35.0,61.0,33.0,0.0,0.0,0.0,432.0,17,031,560900,6,170315609006
142.0,114.0,0.0,29.0,92.0,0.0,27.0,0.0,34.0,62.0,64.0,225.0,114.0,0.6529826575778056,0.0,0.0,903.6529826575778,17,031,561000,1,170315610001
0.0,0.0,81.0,0.0,0.0,0.0,0.0,0.0,11.0,0.0,98.0,0.0,118.0,0.8264311759969102,0.0,0.0,308.8264311759969,17,031,561000,2,170315610002
0.0,39.0,34.0,85.0,0.0,32.0,0.0,119.0,0.0,32.0,111.0,85.0,28.0,1.1121110886872,0.0,0.0,566.1121110886872,17,031,561000,3,170315610003
0.0,41.0,97.0,0.0,111.0,55.0,0.0,30.0,37.0,0.0,107.0,90.0,65.0,1.3773852933281836,0.0,0.0,634.3773852933282,17,031,561000,4,170315610004
0.0,78.0,0.0,0.0,45.0,94.0,0.0,0.0,124.0,43.0,18.0,124.0,272.0,0.45912843110939455,0.0,0.0,798.4591284311094,17,031,561000,5,170315610005
56.0,76.0,0.0,54.0,0.0,58.0,0.0,116.0,22.0,24.0,76.0,84.0,60.0,0.44892557708474135,0.0,0.0,626.4489255770848,17,031,561000,6,170315610006
0.0,0.0,22.0,65.0,78.0,68.0,29.0,75.0,29.0,127.0,22.0,124.0,78.0,0.0,0.0,0.0,717.0,17,031,561100,1,170315611001
24.0,38.0,147.0,62.0,0.0,21.0,0.0,24.0,19.0,16.0,128.0,109.0,169.0,0.9182568622187891,0.0,0.0,757.9182568622188,17,031,561100,2,170315611002
31.0,0.0,0.0,88.0,48.0,0.0,0.0,19.0,0.0,151.0,65.0,199.0,74.0,2.203816469325094,0.0,0.0,677.2038164693251,17,031,561100,3,170315611003
186.0,19.0,21.0,16.0,115.0,84.0,19.0,0.0,71.0,43.0,172.0,235.0,112.0,0.0,0.0,0.0,1093.0,17,031,561100,4,170315611004
0.0,0.0,68.0,47.0,113.0,17.0,50.0,0.0,0.0,77.0,20.0,47.0,149.0,1.3671824393035306,0.0,0.0,589.3671824393035,17,031,561100,5,170315611005
21.0,0.0,0.0,25.0,0.0,0.0,0.0,96.0,0.0,96.0,28.0,153.0,110.0,1.1631253588104662,0.0,0.0,530.1631253588105,17,031,561100,6,170315611006
97.0,3.0,93.0,66.0,24.0,146.0,107.0,45.0,76.0,55.0,187.0,201.0,93.0,0.45912843110939455,0.0,0.0,1193.4591284311093,17,031,570100,1,170315701001
156.0,101.0,49.0,68.0,238.0,101.0,179.0,26.0,124.0,150.0,192.0,241.0,65.0,1.1325167967365066,0.0,0.0,1691.1325167967366,17,031,570200,1,170315702001
0.0,73.0,295.0,28.0,0.0,115.0,147.0,135.0,0.0,258.0,246.0,123.0,106.0,0.9182568622187891,0.0,0.0,1526.9182568622189,17,031,570300,1,170315703001
0.0,24.0,93.0,79.0,148.0,128.0,148.0,100.0,31.0,55.0,141.0,65.0,31.0,0.27547705866563676,0.0,0.0,1043.2754770586657,17,031,570300,2,170315703002
86.0,158.0,54.0,219.0,205.0,72.0,313.0,82.0,0.0,187.0,25.0,180.0,115.0,1.1325167967365066,0.0,0.0,1697.1325167967366,17,031,570300,3,170315703003
260.0,0.0,0.0,139.0,158.0,0.0,86.0,143.0,143.0,199.0,196.0,67.0,173.0,0.7652140518489909,0.0,0.0,1564.765214051849,17,031,570300,4,170315703004
61.0,24.0,24.0,168.0,57.0,94.0,41.0,0.0,53.0,139.0,172.0,86.0,90.0,0.0,0.0,0.0,1009.0,17,031,570400,1,170315704001
0.0,0.0,0.0,101.0,26.0,266.0,44.0,95.0,77.0,44.0,95.0,26.0,56.0,0.020405708049306425,0.0,0.0,830.0204057080493,17,031,570400,2,170315704002
44.0,14.0,52.0,142.0,63.0,0.0,14.0,157.0,41.0,138.0,71.0,115.0,112.0,1.4488052715007562,0.0,0.0,964.4488052715008,17,031,570500,1,170315705001
45.0,95.0,82.0,131.0,62.0,150.0,282.0,52.0,32.0,131.0,101.0,124.0,52.0,0.19385422646841105,0.0,0.0,1339.1938542264684,17,031,570500,2,170315705002
39.0,192.0,243.0,141.0,101.0,43.0,39.0,261.0,32.0,98.0,98.0,196.0,87.0,0.18365137244375782,0.0,0.0,1570.1836513724438,17,031,580100,1,170315801001
47.0,239.0,143.0,191.0,0.0,143.0,61.0,51.0,44.0,0.0,34.0,249.0,109.0,0.6223740955038459,0.0,0.0,1311.6223740955038,17,031,580100,2,170315801002
102.0,60.0,130.0,93.0,55.0,265.0,55.0,41.0,88.0,181.0,223.0,162.0,106.0,0.4183170150107817,0.0,0.0,1561.4183170150109,17,031,580200,1,170315802001
262.0,20.0,296.0,0.0,269.0,210.0,110.0,48.0,182.0,48.0,20.0,127.0,75.0,0.0,0.0,0.0,1667.0,17,031,580200,2,170315802002
207.0,186.0,52.0,221.0,301.0,207.0,87.0,270.0,105.0,84.0,200.0,336.0,24.0,0.45912843110939455,0.0,0.0,2280.4591284311095,17,031,580300,1,170315803001
175.0,107.0,25.0,70.0,192.0,39.0,277.0,113.0,0.0,82.0,0.0,42.0,31.0,0.0,0.0,0.0,1153.0,17,031,580400,1,170315804001
78.0,280.0,63.0,271.0,160.0,9.0,48.0,96.0,78.0,147.0,27.0,0.0,0.0,0.0,0.0,0.0,1257.0,17,031,580400,2,170315804002
49.0,66.0,89.0,49.0,33.0,59.0,79.0,102.0,341.0,136.0,36.0,0.0,26.0,0.0,0.0,0.0,1065.0,17,031,580400,3,170315804003
0.0,0.0,43.0,33.0,51.0,119.0,61.0,0.0,25.0,0.0,104.0,0.0,2.0,0.0,0.0,0.0,438.0,17,031,580400,4,170315804004
29.0,25.0,29.0,143.0,198.0,55.0,36.0,249.0,176.0,113.0,205.0,0.0,143.0,0.0,0.0,0.0,1401.0,17,031,580501,1,170315805011
138.0,24.0,111.0,0.0,0.0,81.0,78.0,87.0,39.0,0.0,66.0,0.0,21.0,0.0,0.0,0.0,645.0,17,031,580501,2,170315805012
79.0,66.0,35.0,0.0,448.0,168.0,71.0,62.0,168.0,506.0,0.0,186.0,53.0,0.8060254679476038,0.0,0.0,1842.8060254679476,17,031,580501,3,170315805013
132.0,119.0,66.0,112.0,33.0,142.0,26.0,73.0,0.0,122.0,29.0,76.0,49.0,0.0,0.0,0.0,979.0,17,031,580501,4,170315805014
26.0,83.0,83.0,75.0,64.0,317.0,41.0,30.0,0.0,147.0,0.0,366.0,0.0,0.37750559891216884,0.0,0.0,1232.3775055989122,17,031,580502,1,170315805021
144.0,0.0,199.0,0.0,161.0,89.0,254.0,0.0,271.0,50.0,21.0,156.0,29.0,0.0,0.0,0.0,1374.0,17,031,580502,2,170315805022
130.0,155.0,130.0,208.0,183.0,109.0,88.0,56.0,120.0,74.0,162.0,134.0,300.0,2.295642155546973,0.0,0.0,1851.295642155547,17,031,580502,3,170315805023
28.0,90.0,0.0,82.0,98.0,103.0,82.0,160.0,37.0,103.0,86.0,32.0,0.0,0.49993984720800744,0.0,0.0,901.499939847208,17,031,580600,1,170315806001
0.0,62.0,0.0,62.0,196.0,79.0,165.0,0.0,0.0,244.0,289.0,151.0,0.0,0.0,0.0,0.0,1248.0,17,031,580600,2,170315806002
58.0,31.0,128.0,215.0,208.0,0.0,149.0,111.0,62.0,41.0,131.0,31.0,65.0,0.0,0.0,0.0,1230.0,17,031,580600,3,170315806003
267.0,169.0,0.0,151.0,463.0,40.0,294.0,410.0,0.0,138.0,236.0,40.0,40.0,0.816228321972257,0.0,0.0,2248.816228321972,17,031,580600,4,170315806004
74.0,49.0,0.0,57.0,117.0,35.0,0.0,0.0,135.0,0.0,128.0,39.0,0.0,0.7958226139229506,0.0,0.0,634.795822613923,17,031,580700,1,170315807001
400.0,77.0,310.0,36.0,511.0,208.0,376.0,494.0,147.0,229.0,621.0,335.0,114.0,0.0,0.0,0.0,3858.0,17,031,580700,2,170315807002
96.0,0.0,106.0,302.0,281.0,178.0,0.0,224.0,0.0,142.0,135.0,74.0,0.0,0.0,0.0,0.0,1538.0,17,031,580700,3,170315807003
203.0,161.0,135.0,277.0,219.0,32.0,0.0,200.0,145.0,103.0,138.0,16.0,0.0,0.2550713506163303,0.0,0.0,1629.2550713506164,17,031,580800,1,170315808001
47.0,86.0,65.0,106.0,109.0,139.0,65.0,14.0,264.0,196.0,273.0,115.0,148.0,1.4488052715007562,0.0,0.0,1628.4488052715008,17,031,590500,1,170315905001
106.0,25.0,25.0,255.0,178.0,149.0,110.0,81.0,68.0,55.0,132.0,281.0,100.0,0.0,0.0,0.0,1565.0,17,031,590600,1,170315906001
94.0,116.0,180.0,94.0,0.0,124.0,248.0,0.0,165.0,41.0,409.0,18.0,90.0,0.0,0.0,0.0,1579.0,17,031,590600,2,170315906002
22.0,96.0,44.0,55.0,49.0,44.0,24.0,0.0,0.0,96.0,63.0,245.0,0.0,0.22446278854237067,0.0,0.0,738.2244627885424,17,031,590600,3,170315906003
200.0,57.0,50.0,69.0,117.0,85.0,200.0,47.0,76.0,155.0,108.0,146.0,98.0,0.47953413915870097,0.0,0.0,1408.4795341391587,17,031,590700,1,170315907001
218.0,188.0,95.0,89.0,79.0,43.0,49.0,95.0,172.0,76.0,264.0,185.0,19.0,0.19385422646841105,0.0,0.0,1572.1938542264684,17,031,590700,2,170315907002
174.0,174.0,157.0,63.0,328.0,43.0,0.0,53.0,50.0,144.0,251.0,170.0,97.0,0.4081141609861285,0.0,0.0,1704.408114160986,17,031,600400,1,170316004001
19.0,49.0,0.0,27.0,21.0,161.0,106.0,87.0,0.0,125.0,0.0,398.0,40.0,0.0,0.0,0.0,1033.0,17,031,600400,2,170316004002
88.0,209.0,288.0,294.0,118.0,115.0,112.0,24.0,142.0,127.0,133.0,88.0,94.0,0.21425993451771747,0.0,0.0,1832.2142599345177,17,031,600400,3,170316004003
198.0,151.0,225.0,88.0,143.0,184.0,57.0,82.0,38.0,178.0,148.0,134.0,27.0,0.0,0.0,0.0,1653.0,17,031,600600,1,170316006001
33.0,0.0,108.0,74.0,76.0,171.0,9.0,78.0,31.0,40.0,72.0,47.0,0.0,0.11223139427118534,0.0,0.0,739.1122313942711,17,031,600600,2,170316006002
12.0,44.0,111.0,76.0,96.0,0.0,17.0,34.0,12.0,54.0,166.0,89.0,19.0,0.22446278854237067,0.0,0.0,730.2244627885424,17,031,600700,1,170316007001
321.0,77.0,211.0,85.0,8.0,173.0,112.0,72.0,13.0,74.0,99.0,123.0,17.0,0.0,0.0,0.0,1385.0,17,031,600700,2,170316007002
97.0,369.0,30.0,52.0,30.0,47.0,0.0,0.0,38.0,105.0,69.0,47.0,0.0,0.1632456643944514,0.0,0.0,884.1632456643945,17,031,600900,1,170316009001
82.0,80.0,15.0,0.0,91.0,47.0,26.0,95.0,45.0,47.0,84.0,71.0,119.0,0.0,0.0,0.0,802.0,17,031,600900,2,170316009002
14.0,69.0,18.0,0.0,61.0,0.0,93.0,0.0,55.0,73.0,169.0,28.0,0.0,0.4897369931833542,0.0,0.0,580.4897369931833,17,031,600900,3,170316009003
12.0,0.0,0.0,79.0,48.0,64.0,97.0,122.0,76.0,143.0,155.0,161.0,201.0,0.2448684965916771,0.0,0.0,1158.2448684965916,17,031,600900,4,170316009004
264.0,70.0,155.0,81.0,93.0,81.0,315.0,369.0,46.0,389.0,171.0,35.0,54.0,0.0,0.0,0.0,2123.0,17,031,610300,1,170316103001
241.0,295.0,254.0,154.0,59.0,168.0,195.0,45.0,0.0,127.0,291.0,232.0,0.0,0.0,0.0,0.0,2061.0,17,031,610300,2,170316103002
162.0,49.0,56.0,165.0,81.0,40.0,0.0,102.0,34.0,143.0,274.0,131.0,12.0,0.0,0.0,0.0,1249.0,17,031,610300,3,170316103003
199.0,207.0,335.0,296.0,285.0,85.0,121.0,71.0,49.0,139.0,24.0,53.0,0.0,0.2448684965916771,0.0,0.0,1864.2448684965916,17,031,610400,1,170316104001
33.0,49.0,61.0,46.0,105.0,52.0,89.0,135.0,98.0,61.0,166.0,228.0,284.0,0.46933128513404776,0.0,0.0,1407.469331285134,17,031,610800,1,170316108001
211.0,243.0,160.0,145.0,0.0,50.0,211.0,0.0,25.0,40.0,0.0,98.0,0.0,0.0,0.0,0.0,1183.0,17,031,611000,1,170316110001
0.0,79.0,109.0,93.0,169.0,139.0,26.0,43.0,0.0,29.0,0.0,0.0,29.0,0.0,0.0,0.0,716.0,17,031,611100,1,170316111001
180.0,0.0,120.0,216.0,0.0,36.0,60.0,0.0,48.0,24.0,0.0,0.0,0.0,0.0,0.0,0.0,684.0,17,031,611100,2,170316111002
101.0,41.0,277.0,311.0,60.0,116.0,0.0,161.0,0.0,112.0,37.0,30.0,0.0,0.0,0.0,0.0,1246.0,17,031,611100,3,170316111003
122.0,70.0,252.0,0.0,85.0,33.0,78.0,96.0,126.0,0.0,33.0,11.0,0.0,0.0,0.0,0.0,906.0,17,031,611200,1,170316112001
176.0,20.0,84.0,224.0,144.0,68.0,44.0,60.0,56.0,0.0,304.0,136.0,0.0,0.1632456643944514,0.0,0.0,1316.1632456643945,17,031,611200,2,170316112002
83.0,0.0,64.0,32.0,44.0,51.0,70.0,38.0,0.0,0.0,0.0,67.0,16.0,0.19385422646841105,0.0,0.0,465.19385422646843,17,031,611300,1,170316113001
190.0,41.0,45.0,173.0,82.0,0.0,20.0,78.0,28.0,103.0,252.0,41.0,124.0,0.0,0.0,0.0,1177.0,17,031,611300,2,170316113002
101.0,126.0,170.0,66.0,200.0,85.0,13.0,66.0,55.0,90.0,30.0,63.0,0.0,0.0,0.0,0.0,1065.0,17,031,611300,3,170316113003
69.0,96.0,122.0,172.0,119.0,345.0,314.0,0.0,65.0,57.0,26.0,134.0,53.0,0.0,0.0,0.0,1572.0,17,031,611400,1,170316114001
0.0,0.0,101.0,82.0,184.0,199.0,22.0,0.0,0.0,0.0,30.0,0.0,0.0,0.0,0.0,0.0,618.0,17,031,611400,2,170316114002
122.0,106.0,64.0,183.0,168.0,171.0,141.0,34.0,30.0,217.0,30.0,26.0,34.0,0.0,0.0,0.0,1326.0,17,031,611400,3,170316114003
46.0,27.0,281.0,0.0,69.0,119.0,115.0,82.0,78.0,313.0,50.0,0.0,0.0,0.0,0.0,0.0,1180.0,17,031,611500,1,170316115001
277.0,112.0,215.0,234.0,104.0,285.0,40.0,48.0,24.0,123.0,61.0,78.0,61.0,0.0,0.0,0.0,1662.0,17,031,611500,2,170316115002
0.0,54.0,43.0,120.0,127.0,54.0,0.0,18.0,0.0,80.0,21.0,47.0,0.0,0.0,0.0,0.0,564.0,17,031,611600,1,170316116001
64.0,60.0,64.0,163.0,25.0,129.0,64.0,8.0,30.0,99.0,142.0,90.0,0.0,0.0,0.0,0.0,938.0,17,031,611600,2,170316116002
0.0,48.0,92.0,31.0,57.0,0.0,213.0,0.0,0.0,0.0,37.0,28.0,0.0,0.0,0.0,0.0,506.0,17,031,611700,1,170316117001
0.0,23.0,0.0,7.0,36.0,21.0,24.0,9.0,0.0,0.0,0.0,26.0,0.0,0.0,0.0,0.0,146.0,17,031,611700,2,170316117002
155.0,67.0,54.0,113.0,104.0,0.0,0.0,0.0,79.0,50.0,50.0,0.0,0.0,0.0,0.0,0.0,672.0,17,031,611700,3,170316117003
150.0,352.0,186.0,324.0,312.0,67.0,118.0,0.0,27.0,134.0,130.0,83.0,0.0,0.0,0.0,0.0,1883.0,17,031,611800,1,170316118001
146.0,6.0,96.0,19.0,13.0,49.0,23.0,23.0,83.0,9.0,19.0,13.0,3.0,0.0,0.0,0.0,502.0,17,031,611800,2,170316118002
85.0,204.0,212.0,61.0,175.0,77.0,89.0,155.0,73.0,49.0,53.0,110.0,28.0,0.0,0.0,0.0,1371.0,17,031,611900,1,170316119001
335.0,0.0,63.0,71.0,110.0,35.0,0.0,15.0,19.0,35.0,0.0,39.0,31.0,0.0,0.0,0.0,753.0,17,031,611900,2,170316119002
321.0,0.0,34.0,79.0,45.0,0.0,15.0,30.0,7.0,45.0,0.0,0.0,64.0,0.0,0.0,0.0,640.0,17,031,612000,1,170316120001
190.0,42.0,51.0,6.0,105.0,147.0,12.0,63.0,0.0,120.0,63.0,48.0,0.0,0.5203455552573139,0.0,0.0,847.5203455552573,17,031,612000,2,170316120002
244.0,173.0,49.0,108.0,11.0,70.0,0.0,29.0,2.0,26.0,41.0,141.0,111.0,0.5611569713559267,0.0,0.0,1005.5611569713559,17,031,612100,1,170316121001
37.0,99.0,0.0,37.0,153.0,166.0,29.0,37.0,183.0,0.0,253.0,178.0,212.0,0.0,0.0,0.0,1384.0,17,031,620100,1,170316201001
70.0,28.0,0.0,0.0,0.0,407.0,123.0,226.0,206.0,24.0,135.0,234.0,218.0,0.5407512633066203,0.0,0.0,1671.5407512633067,17,031,620100,2,170316201002
103.0,0.0,42.0,360.0,0.0,157.0,176.0,61.0,119.0,207.0,153.0,42.0,30.0,0.9386625702680955,0.0,0.0,1450.9386625702682,17,031,620100,3,170316201003
21.0,10.0,0.0,43.0,61.0,50.0,43.0,86.0,118.0,93.0,0.0,190.0,78.0,0.5407512633066203,0.0,0.0,793.5407512633067,17,031,620200,1,170316202001
285.0,37.0,17.0,153.0,27.0,105.0,221.0,13.0,74.0,244.0,98.0,23.0,163.0,0.4081141609861285,0.0,0.0,1460.408114160986,17,031,620200,2,170316202002
85.0,0.0,0.0,85.0,0.0,148.0,66.0,66.0,29.0,88.0,162.0,74.0,48.0,0.2550713506163303,0.0,0.0,851.2550713506163,17,031,620300,1,170316203001
37.0,167.0,79.0,75.0,94.0,126.0,66.0,0.0,82.0,12.0,44.0,120.0,82.0,0.0,0.0,0.0,984.0,17,031,620300,2,170316203002
77.0,28.0,28.0,70.0,21.0,70.0,73.0,56.0,0.0,112.0,287.0,245.0,14.0,0.3877084529368221,0.0,0.0,1081.3877084529367,17,031,620300,3,170316203003
0.0,0.0,64.0,40.0,92.0,157.0,96.0,56.0,141.0,177.0,128.0,28.0,80.0,1.0202854024653212,0.0,0.0,1060.0202854024653,17,031,620300,4,170316203004
33.0,70.0,59.0,70.0,29.0,0.0,0.0,0.0,44.0,166.0,121.0,206.0,129.0,0.673388365627112,0.0,0.0,927.6733883656271,17,031,620300,5,170316203005
207.0,53.0,110.0,82.0,121.0,0.0,110.0,307.0,71.0,17.0,293.0,204.0,182.0,0.3979113069614753,0.0,0.0,1757.3979113069615,17,031,620300,6,170316203006
0.0,54.0,276.0,125.0,54.0,33.0,406.0,50.0,0.0,75.0,0.0,322.0,100.0,1.3161681691802645,0.0,0.0,1496.3161681691802,17,031,620400,1,170316204001
0.0,152.0,74.0,50.0,0.0,128.0,77.0,65.0,77.0,29.0,20.0,38.0,158.0,0.0,0.0,0.0,868.0,17,031,620400,2,170316204002
35.0,27.0,31.0,125.0,0.0,15.0,234.0,70.0,54.0,132.0,183.0,0.0,43.0,0.0,0.0,0.0,949.0,17,031,620400,3,170316204003
32.0,59.0,50.0,92.0,50.0,50.0,105.0,225.0,64.0,27.0,55.0,427.0,202.0,0.0,0.0,0.0,1438.0,17,031,620400,4,170316204004
36.0,146.0,139.0,95.0,139.0,62.0,14.0,62.0,43.0,80.0,175.0,69.0,69.0,0.0,0.0,0.0,1129.0,17,031,630100,1,170316301001
106.0,395.0,79.0,181.0,327.0,122.0,59.0,55.0,71.0,169.0,213.0,280.0,94.0,0.6019683874545395,0.0,0.0,2151.6019683874547,17,031,630200,1,170316302001
154.0,84.0,285.0,88.0,93.0,201.0,191.0,215.0,37.0,79.0,224.0,196.0,37.0,0.0,0.0,0.0,1884.0,17,031,630300,1,170316303001
345.0,55.0,166.0,179.0,98.0,213.0,209.0,209.0,546.0,491.0,473.0,153.0,175.0,0.5203455552573139,0.0,0.0,3312.5203455552573,17,031,630300,2,170316303002
0.0,234.0,199.0,243.0,168.0,0.0,0.0,0.0,70.0,26.0,296.0,429.0,0.0,0.9488654242927488,0.0,0.0,1665.9488654242928,17,031,630400,1,170316304001
258.0,40.0,0.0,182.0,160.0,226.0,26.0,102.0,0.0,164.0,115.0,240.0,66.0,0.0,0.0,0.0,1579.0,17,031,630400,2,170316304002
328.0,28.0,223.0,223.0,104.0,97.0,32.0,155.0,137.0,46.0,93.0,93.0,0.0,0.0,0.0,0.0,1559.0,17,031,630400,3,170316304003
133.0,89.0,251.0,85.0,219.0,511.0,190.0,32.0,69.0,69.0,101.0,89.0,0.0,0.0,0.0,0.0,1838.0,17,031,630400,4,170316304004
102.0,29.0,0.0,146.0,228.0,262.0,92.0,43.0,282.0,253.0,155.0,316.0,82.0,0.0,0.0,0.0,1990.0,17,031,630500,1,170316305001
204.0,198.0,96.0,0.0,0.0,0.0,354.0,327.0,0.0,37.0,332.0,69.0,134.0,1.1427196507611599,0.0,0.0,1752.1427196507611,17,031,630500,2,170316305002
51.0,25.0,373.0,62.0,314.0,87.0,204.0,36.0,197.0,0.0,0.0,69.0,0.0,0.0,0.0,0.0,1418.0,17,031,630500,3,170316305003
0.0,0.0,153.0,165.0,0.0,120.0,169.0,0.0,0.0,225.0,173.0,48.0,48.0,0.0,0.0,0.0,1101.0,17,031,630500,4,170316305004
110.0,67.0,110.0,110.0,305.0,381.0,67.0,89.0,80.0,38.0,258.0,228.0,72.0,0.7346054897750313,0.0,0.0,1915.734605489775,17,031,630800,1,170316308001
425.0,0.0,95.0,83.0,0.0,89.0,0.0,437.0,137.0,359.0,383.0,335.0,197.0,0.0,0.0,0.0,2540.0,17,031,630800,2,170316308002
130.0,190.0,138.0,172.0,115.0,56.0,67.0,0.0,67.0,97.0,22.0,295.0,0.0,0.7244026357503781,0.0,0.0,1349.7244026357503,17,031,630800,3,170316308003
151.0,140.0,64.0,166.0,0.0,155.0,132.0,197.0,34.0,128.0,87.0,30.0,166.0,0.0,0.0,0.0,1450.0,17,031,630800,4,170316308004
40.0,45.0,289.0,86.0,181.0,40.0,167.0,95.0,104.0,253.0,135.0,231.0,149.0,3.3669418281355603,0.0,0.0,1818.3669418281356,17,031,630900,1,170316309001
106.0,49.0,218.0,131.0,127.0,87.0,140.0,68.0,127.0,102.0,0.0,162.0,0.0,0.0,0.0,0.0,1317.0,17,031,630900,2,170316309002
0.0,32.0,176.0,180.0,64.0,143.0,162.0,46.0,97.0,0.0,501.0,46.0,199.0,0.0,0.0,0.0,1646.0,17,031,630900,3,170316309003
41.0,64.0,33.0,114.0,72.0,72.0,55.0,50.0,164.0,44.0,86.0,237.0,41.0,0.6223740955038459,0.0,0.0,1073.6223740955038,17,031,640100,1,170316401001
37.0,142.0,0.0,77.0,37.0,0.0,0.0,0.0,105.0,213.0,148.0,65.0,248.0,0.7244026357503781,0.0,0.0,1072.7244026357503,17,031,640300,1,170316403001
105.0,0.0,96.0,68.0,91.0,0.0,34.0,68.0,31.0,59.0,319.0,39.0,28.0,0.7244026357503781,0.0,0.0,938.7244026357504,17,031,640300,2,170316403002
32.0,0.0,67.0,0.0,67.0,0.0,0.0,0.0,35.0,0.0,126.0,64.0,105.0,0.9284597162434424,0.0,0.0,496.9284597162434,17,031,640300,3,170316403003
0.0,0.0,228.0,0.0,135.0,40.0,0.0,0.0,0.0,123.0,268.0,333.0,231.0,1.346776731254224,0.0,0.0,1359.3467767312543,17,031,640300,4,170316403004
42.0,62.0,36.0,200.0,0.0,0.0,78.0,0.0,0.0,137.0,111.0,370.0,141.0,0.0,0.0,0.0,1177.0,17,031,640300,5,170316403005
40.0,0.0,40.0,65.0,40.0,40.0,86.0,0.0,43.0,0.0,102.0,151.0,269.0,0.530548409281967,0.0,0.0,876.530548409282,17,031,640300,6,170316403006
36.0,22.0,90.0,96.0,22.0,79.0,45.0,34.0,28.0,127.0,272.0,295.0,150.0,1.7038766221170865,0.0,0.0,1297.7038766221171,17,031,640400,1,170316404001
67.0,24.0,64.0,89.0,70.0,49.0,73.0,24.0,64.0,165.0,107.0,666.0,399.0,0.5611569713559267,0.0,0.0,1861.561156971356,17,031,640400,2,170316404002
91.0,89.0,42.0,116.0,69.0,73.0,62.0,89.0,31.0,288.0,192.0,288.0,143.0,0.6325769495284992,0.0,0.0,1573.6325769495286,17,031,640500,1,170316405001
0.0,101.0,117.0,18.0,90.0,90.0,23.0,114.0,0.0,66.0,202.0,297.0,204.0,1.050893964539281,0.0,0.0,1323.0508939645392,17,031,640500,2,170316405002
26.0,78.0,127.0,249.0,82.0,91.0,0.0,101.0,0.0,164.0,0.0,252.0,0.0,0.6019683874545395,0.0,0.0,1170.6019683874545,17,031,640600,1,170316406001
121.0,62.0,85.0,23.0,93.0,139.0,44.0,56.0,15.0,80.0,178.0,160.0,20.0,0.6529826575778056,0.0,0.0,1076.6529826575777,17,031,640600,2,170316406002
108.0,140.0,296.0,172.0,91.0,44.0,56.0,41.0,160.0,103.0,239.0,187.0,177.0,0.8978511541694827,0.0,0.0,1814.8978511541695,17,031,640600,3,170316406003
0.0,0.0,0.0,0.0,32.0,107.0,39.0,29.0,35.0,0.0,191.0,22.0,243.0,0.0,0.0,0.0,698.0,17,031,640700,1,170316407001
46.0,0.0,122.0,0.0,20.0,0.0,17.0,26.0,84.0,17.0,84.0,110.0,61.0,0.7039969277010717,0.0,0.0,587.703996927701,17,031,640700,2,170316407002
39.0,36.0,115.0,60.0,57.0,78.0,21.0,0.0,27.0,166.0,96.0,42.0,78.0,0.36730274488751563,0.0,0.0,815.3673027448875,17,031,640700,3,170316407003
55.0,0.0,0.0,116.0,110.0,61.0,35.0,0.0,45.0,119.0,103.0,158.0,0.0,0.0,0.0,0.0,802.0,17,031,640700,4,170316407004
32.0,0.0,123.0,39.0,32.0,65.0,123.0,54.0,43.0,159.0,87.0,72.0,90.0,0.43872272306008814,0.0,0.0,919.4387227230601,17,031,640800,1,170316408001
30.0,33.0,0.0,40.0,0.0,50.0,20.0,50.0,73.0,160.0,103.0,56.0,56.0,0.13263710232049175,0.0,0.0,671.1326371023205,17,031,640800,2,170316408002
69.0,79.0,97.0,50.0,101.0,60.0,192.0,91.0,126.0,154.0,18.0,158.0,44.0,0.0,0.0,0.0,1239.0,17,031,650100,1,170316501001
0.0,36.0,160.0,0.0,27.0,0.0,73.0,169.0,55.0,133.0,156.0,142.0,59.0,1.3977910013774901,0.0,0.0,1011.3977910013775,17,031,650100,2,170316501002
29.0,22.0,0.0,266.0,22.0,88.0,159.0,144.0,44.0,25.0,55.0,122.0,188.0,0.0,0.0,0.0,1164.0,17,031,650100,3,170316501003
0.0,58.0,72.0,0.0,101.0,0.0,178.0,50.0,32.0,43.0,87.0,29.0,25.0,1.1121110886872,0.0,0.0,676.1121110886872,17,031,650100,4,170316501004
35.0,0.0,0.0,0.0,148.0,198.0,386.0,85.0,163.0,195.0,0.0,210.0,58.0,0.908054008194136,0.0,0.0,1478.908054008194,17,031,650200,1,170316502001
320.0,0.0,230.0,172.0,36.0,110.0,115.0,73.0,0.0,226.0,119.0,69.0,554.0,0.6223740955038459,0.0,0.0,2024.6223740955038,17,031,650200,2,170316502002
104.0,43.0,74.0,25.0,107.0,107.0,69.0,250.0,23.0,0.0,115.0,230.0,0.0,0.5713598253805799,0.0,0.0,1147.5713598253806,17,031,650200,3,170316502003
342.0,146.0,0.0,0.0,0.0,0.0,0.0,0.0,0.0,318.0,183.0,395.0,73.0,0.0,0.0,0.0,1457.0,17,031,650200,4,170316502004
0.0,0.0,0.0,0.0,0.0,0.0,0.0,104.0,104.0,0.0,0.0,136.0,131.0,0.5509541173312735,0.0,0.0,475.5509541173313,17,031,650200,5,170316502005
30.0,0.0,0.0,0.0,103.0,68.0,0.0,0.0,81.0,0.0,87.0,60.0,0.0,0.7754169058736442,0.0,0.0,429.77541690587367,17,031,650200,6,170316502006
19.0,28.0,54.0,228.0,19.0,95.0,82.0,89.0,38.0,114.0,0.0,228.0,0.0,1.0304882564899744,0.0,0.0,995.03048825649,17,031,650301,1,170316503011
122.0,0.0,59.0,59.0,37.0,323.0,44.0,66.0,78.0,308.0,130.0,264.0,186.0,1.1325167967365066,0.0,0.0,1677.1325167967366,17,031,650301,2,170316503012
0.0,56.0,71.0,0.0,86.0,37.0,0.0,285.0,0.0,0.0,218.0,244.0,233.0,0.2652742046409835,0.0,0.0,1230.265274204641,17,031,650301,3,170316503013
63.0,0.0,0.0,173.0,71.0,101.0,114.0,0.0,0.0,126.0,97.0,270.0,71.0,1.203936774909079,0.0,0.0,1087.2039367749092,17,031,650301,4,170316503014
49.0,0.0,151.0,0.0,84.0,84.0,102.0,151.0,38.0,176.0,228.0,285.0,239.0,0.0,0.0,0.0,1587.0,17,031,650302,1,170316503021
0.0,0.0,0.0,209.0,295.0,263.0,230.0,147.0,226.0,258.0,61.0,180.0,378.0,0.9182568622187891,0.0,0.0,2247.9182568622186,17,031,650302,2,170316503022
0.0,33.0,0.0,44.0,0.0,51.0,0.0,36.0,272.0,117.0,55.0,235.0,36.0,0.0,0.0,0.0,879.0,17,031,650400,1,170316504001
0.0,0.0,48.0,171.0,55.0,89.0,29.0,26.0,0.0,126.0,0.0,238.0,171.0,0.0,0.0,0.0,953.0,17,031,650400,2,170316504002
72.0,186.0,53.0,190.0,270.0,38.0,60.0,41.0,57.0,0.0,57.0,129.0,38.0,0.5815626794052331,0.0,0.0,1191.5815626794051,17,031,650400,3,170316504003
152.0,299.0,0.0,140.0,0.0,46.0,41.0,0.0,316.0,187.0,563.0,716.0,0.0,1.6120509358952075,0.0,0.0,2461.6120509358952,17,031,650400,4,170316504004
89.0,0.0,0.0,39.0,156.0,156.0,81.0,74.0,316.0,99.0,153.0,274.0,42.0,0.0,0.0,0.0,1479.0,17,031,650400,5,170316504005
0.0,84.0,52.0,36.0,164.0,44.0,0.0,16.0,0.0,0.0,188.0,429.0,76.0,0.0,0.0,0.0,1089.0,17,031,650500,1,170316505001
30.0,33.0,146.0,22.0,71.0,108.0,93.0,78.0,0.0,161.0,228.0,213.0,56.0,0.0,0.0,0.0,1239.0,17,031,650500,2,170316505002
200.0,145.0,75.0,98.0,66.0,75.0,175.0,72.0,66.0,84.0,296.0,189.0,75.0,1.0917053806378938,0.0,0.0,1617.091705380638,17,031,650500,3,170316505003
423.0,366.0,47.0,111.0,169.0,247.0,162.0,10.0,40.0,138.0,50.0,0.0,0.0,0.20405708049306426,0.0,0.0,1763.2040570804932,17,031,660301,1,170316603011
71.0,153.0,0.0,0.0,38.0,340.0,0.0,208.0,159.0,181.0,0.0,400.0,0.0,0.0,0.0,0.0,1550.0,17,031,660302,1,170316603021
163.0,163.0,206.0,53.0,49.0,0.0,124.0,256.0,302.0,0.0,74.0,145.0,0.0,0.908054008194136,0.0,0.0,1535.908054008194,17,031,660302,2,170316603022
114.0,153.0,38.0,187.0,103.0,0.0,34.0,53.0,0.0,111.0,183.0,57.0,0.0,0.0,0.0,0.0,1033.0,17,031,660302,3,170316603023
44.0,34.0,364.0,0.0,92.0,57.0,92.0,265.0,0.0,248.0,27.0,34.0,0.0,0.0,0.0,0.0,1257.0,17,031,660302,4,170316603024
79.0,0.0,57.0,119.0,221.0,181.0,167.0,128.0,79.0,137.0,79.0,92.0,22.0,1.8467165784622315,0.0,0.0,1362.8467165784623,17,031,660400,1,170316604001
371.0,118.0,236.0,152.0,64.0,0.0,141.0,182.0,131.0,121.0,216.0,118.0,0.0,0.0,0.0,0.0,1850.0,17,031,660400,2,170316604002
0.0,0.0,127.0,45.0,186.0,40.0,0.0,68.0,86.0,63.0,0.0,191.0,104.0,0.45912843110939455,0.0,0.0,910.4591284311094,17,031,660400,3,170316604003
72.0,117.0,113.0,113.0,81.0,185.0,149.0,27.0,0.0,27.0,262.0,344.0,0.0,0.3162884747642496,0.0,0.0,1490.3162884747642,17,031,660400,4,170316604004
457.0,52.0,198.0,30.0,86.0,0.0,101.0,0.0,56.0,236.0,116.0,240.0,30.0,0.0,0.0,0.0,1602.0,17,031,660500,1,170316605001
145.0,112.0,86.0,127.0,29.0,56.0,104.0,104.0,41.0,82.0,89.0,175.0,26.0,0.0,0.0,0.0,1176.0,17,031,660500,2,170316605002
153.0,89.0,0.0,47.0,58.0,100.0,37.0,47.0,37.0,100.0,460.0,153.0,0.0,0.0,0.0,0.0,1281.0,17,031,660500,3,170316605003
38.0,0.0,101.0,150.0,160.0,184.0,97.0,0.0,164.0,150.0,97.0,388.0,53.0,0.43872272306008814,0.0,0.0,1582.43872272306,17,031,660500,4,170316605004
273.0,40.0,103.0,110.0,180.0,25.0,151.0,92.0,103.0,44.0,0.0,25.0,0.0,0.0,0.0,0.0,1146.0,17,031,660600,1,170316606001
0.0,111.0,0.0,251.0,0.0,116.0,60.0,0.0,130.0,0.0,116.0,55.0,0.0,0.0,0.0,0.0,839.0,17,031,660600,2,170316606002
188.0,197.0,63.0,45.0,118.0,200.0,0.0,106.0,0.0,24.0,188.0,27.0,0.0,0.0,0.0,0.0,1156.0,17,031,660600,3,170316606003
277.0,58.0,288.0,235.0,166.0,17.0,86.0,93.0,0.0,34.0,38.0,76.0,58.0,0.2448684965916771,0.0,0.0,1426.2448684965916,17,031,660600,4,170316606004
230.0,21.0,177.0,143.0,0.0,331.0,74.0,113.0,18.0,74.0,79.0,233.0,0.0,0.0,0.0,0.0,1493.0,17,031,660600,5,170316606005
280.0,0.0,22.0,48.0,191.0,35.0,146.0,0.0,71.0,173.0,44.0,129.0,44.0,0.0,0.0,0.0,1183.0,17,031,660700,1,170316607001
346.0,65.0,202.0,37.0,17.0,85.0,65.0,65.0,0.0,137.0,137.0,78.0,82.0,0.0,0.0,0.0,1316.0,17,031,660700,2,170316607002
157.0,98.0,24.0,0.0,83.0,61.0,113.0,43.0,0.0,0.0,52.0,52.0,0.0,0.0,0.0,0.0,683.0,17,031,660800,1,170316608001
272.0,0.0,76.0,159.0,136.0,0.0,126.0,0.0,0.0,209.0,166.0,315.0,0.0,0.49993984720800744,0.0,0.0,1459.499939847208,17,031,660800,2,170316608002
175.0,321.0,167.0,68.0,25.0,120.0,154.0,0.0,0.0,141.0,120.0,218.0,0.0,0.0,0.0,0.0,1509.0,17,031,660800,3,170316608003
62.0,135.0,0.0,0.0,27.0,138.0,107.0,27.0,0.0,58.0,55.0,100.0,104.0,0.0,0.0,0.0,813.0,17,031,660800,4,170316608004
156.0,55.0,238.0,223.0,100.0,126.0,159.0,323.0,0.0,167.0,137.0,119.0,122.0,0.0,0.0,0.0,1925.0,17,031,660800,5,170316608005
413.0,168.0,264.0,205.0,59.0,95.0,102.0,92.0,0.0,135.0,112.0,72.0,0.0,0.0,0.0,0.0,1717.0,17,031,660900,1,170316609001
49.0,59.0,157.0,55.0,72.0,114.0,52.0,55.0,131.0,232.0,0.0,75.0,82.0,0.0,0.0,0.0,1133.0,17,031,660900,2,170316609002
268.0,53.0,132.0,132.0,88.0,70.0,50.0,61.0,135.0,47.0,44.0,94.0,88.0,0.0,0.0,0.0,1262.0,17,031,660900,3,170316609003
113.0,0.0,93.0,151.0,16.0,154.0,0.0,0.0,36.0,72.0,31.0,65.0,72.0,0.0,0.0,0.0,803.0,17,031,661000,1,170316610001
273.0,61.0,102.0,150.0,0.0,0.0,16.0,0.0,0.0,24.0,130.0,118.0,32.0,2.3262507176209324,0.0,0.0,908.326250717621,17,031,661000,2,170316610002
148.0,0.0,0.0,0.0,186.0,0.0,0.0,90.0,46.0,46.0,34.0,72.0,0.0,0.8264311759969102,0.0,0.0,622.826431175997,17,031,661000,3,170316610003
387.0,309.0,30.0,0.0,25.0,59.0,250.0,22.0,28.0,0.0,112.0,98.0,89.0,0.8264311759969102,0.0,0.0,1409.826431175997,17,031,661000,4,170316610004
389.0,123.0,270.0,0.0,44.0,205.0,126.0,0.0,0.0,136.0,0.0,84.0,44.0,0.21425993451771747,0.0,0.0,1421.2142599345177,17,031,661000,5,170316610005
0.0,51.0,145.0,223.0,158.0,150.0,51.0,107.0,34.0,80.0,153.0,99.0,13.0,0.21425993451771747,0.0,0.0,1264.2142599345177,17,031,661100,1,170316611001
0.0,120.0,0.0,0.0,0.0,90.0,26.0,56.0,0.0,180.0,60.0,77.0,217.0,0.0,0.0,0.0,826.0,17,031,661100,2,170316611002
31.0,0.0,27.0,0.0,69.0,77.0,54.0,77.0,100.0,23.0,131.0,135.0,139.0,1.2651538990569984,0.0,0.0,864.265153899057,17,031,661100,3,170316611003
178.0,0.0,157.0,0.0,52.0,49.0,238.0,52.0,80.0,276.0,14.0,126.0,0.0,0.0,0.0,0.0,1222.0,17,031,661100,4,170316611004
0.0,70.0,241.0,163.0,85.0,113.0,62.0,54.0,70.0,140.0,191.0,257.0,144.0,0.0,0.0,0.0,1590.0,17,031,661100,5,170316611005
32.0,62.0,131.0,80.0,62.0,98.0,40.0,47.0,91.0,18.0,0.0,18.0,76.0,0.0,0.0,0.0,755.0,17,031,670100,1,170316701001
287.0,0.0,32.0,45.0,69.0,24.0,41.0,98.0,0.0,86.0,0.0,45.0,98.0,0.12243424829583854,0.0,0.0,825.1224342482958,17,031,670100,2,170316701002
208.0,180.0,122.0,91.0,45.0,30.0,39.0,134.0,33.0,15.0,21.0,21.0,30.0,0.0,0.0,0.0,969.0,17,031,670200,1,170316702001
40.0,129.0,14.0,7.0,0.0,33.0,0.0,66.0,0.0,48.0,140.0,22.0,0.0,0.0,0.0,0.0,499.0,17,031,670300,1,170316703001
197.0,78.0,148.0,0.0,26.0,8.0,32.0,72.0,52.0,61.0,101.0,29.0,5.0,0.0,0.0,0.0,809.0,17,031,670300,2,170316703002
273.0,257.0,280.0,81.0,136.0,136.0,66.0,89.0,0.0,78.0,144.0,128.0,93.0,0.0,0.0,0.0,1761.0,17,031,670400,1,170316704001
124.0,68.0,74.0,121.0,193.0,156.0,34.0,12.0,21.0,84.0,53.0,93.0,0.0,0.0,0.0,0.0,1033.0,17,031,670500,1,170316705001
192.0,132.0,87.0,42.0,60.0,21.0,54.0,66.0,24.0,78.0,45.0,0.0,90.0,0.12243424829583854,0.0,0.0,891.1224342482958,17,031,670600,1,170316706001
148.0,72.0,15.0,91.0,99.0,53.0,110.0,0.0,0.0,41.0,87.0,0.0,0.0,0.0,0.0,0.0,716.0,17,031,670600,2,170316706002
166.0,19.0,155.0,0.0,89.0,0.0,62.0,0.0,58.0,112.0,85.0,65.0,0.0,0.19385422646841105,0.0,0.0,811.1938542264684,17,031,670700,1,170316707001
137.0,37.0,203.0,70.0,0.0,45.0,33.0,66.0,0.0,58.0,0.0,0.0,16.0,0.0,0.0,0.0,665.0,17,031,670700,2,170316707002
118.0,48.0,23.0,31.0,0.0,23.0,46.0,0.0,28.0,54.0,89.0,0.0,8.0,0.0,0.0,0.0,468.0,17,031,670800,1,170316708001
280.0,228.0,147.0,98.0,164.0,0.0,35.0,0.0,0.0,42.0,21.0,101.0,0.0,0.9590682783174019,0.0,0.0,1116.9590682783173,17,031,670800,2,170316708002
29.0,53.0,34.0,79.0,13.0,13.0,13.0,26.0,39.0,29.0,82.0,90.0,0.0,0.0,0.0,0.0,500.0,17,031,670900,1,170316709001
206.0,142.0,77.0,16.0,67.0,0.0,128.0,57.0,20.0,54.0,50.0,166.0,0.0,0.0,0.0,0.0,983.0,17,031,670900,2,170316709002
275.0,171.0,219.0,87.0,147.0,143.0,99.0,99.0,35.0,11.0,119.0,55.0,15.0,0.0,0.0,0.0,1475.0,17,031,671100,1,170316711001
111.0,57.0,32.0,28.0,118.0,25.0,68.0,0.0,0.0,0.0,17.0,0.0,14.0,0.0,0.0,0.0,470.0,17,031,671200,1,170316712001
206.0,50.0,38.0,50.0,67.0,11.0,14.0,5.0,0.0,70.0,59.0,0.0,0.0,0.0,0.0,0.0,570.0,17,031,671200,2,170316712002
89.0,0.0,149.0,141.0,115.0,108.0,82.0,18.0,104.0,134.0,18.0,108.0,179.0,0.0,0.0,0.0,1245.0,17,031,671300,1,170316713001
27.0,65.0,24.0,100.0,83.0,93.0,13.0,0.0,0.0,20.0,69.0,10.0,41.0,0.0,0.0,0.0,545.0,17,031,671300,2,170316713002
41.0,12.0,61.0,38.0,0.0,51.0,0.0,0.0,41.0,0.0,0.0,141.0,0.0,0.0,0.0,0.0,385.0,17,031,671300,3,170316713003
178.0,53.0,112.0,175.0,15.0,31.0,71.0,40.0,93.0,28.0,31.0,43.0,25.0,0.28567991269028997,0.0,0.0,895.2856799126903,17,031,671400,1,170316714001
108.0,74.0,52.0,145.0,138.0,74.0,115.0,0.0,33.0,0.0,41.0,0.0,26.0,0.8366340300215634,0.0,0.0,806.8366340300215,17,031,671400,2,170316714002
83.0,77.0,180.0,132.0,58.0,0.0,106.0,71.0,0.0,32.0,0.0,32.0,0.0,0.0,0.0,0.0,771.0,17,031,671500,1,170316715001
158.0,258.0,166.0,47.0,118.0,132.0,73.0,114.0,114.0,118.0,47.0,110.0,0.0,0.0,0.0,0.0,1455.0,17,031,671500,2,170316715002
151.0,145.0,201.0,128.0,46.0,0.0,33.0,29.0,36.0,19.0,39.0,151.0,19.0,0.0,0.0,0.0,997.0,17,031,671500,3,170316715003
145.0,130.0,173.0,220.0,136.0,0.0,46.0,105.0,0.0,0.0,55.0,15.0,40.0,0.0,0.0,0.0,1065.0,17,031,671600,1,170316716001
218.0,102.0,113.0,0.0,124.0,16.0,46.0,24.0,38.0,0.0,41.0,16.0,0.0,0.0,0.0,0.0,738.0,17,031,671600,2,170316716002
22.0,51.0,57.0,0.0,0.0,106.0,45.0,0.0,0.0,35.0,45.0,22.0,0.0,0.0,0.0,0.0,383.0,17,031,671600,3,170316716003
110.0,75.0,202.0,173.0,192.0,12.0,0.0,9.0,28.0,120.0,101.0,75.0,22.0,0.0,0.0,0.0,1119.0,17,031,671800,1,170316718001
204.0,14.0,133.0,26.0,11.0,70.0,85.0,100.0,104.0,70.0,245.0,145.0,0.0,0.6427798035531523,0.0,0.0,1207.6427798035531,17,031,671900,1,170316719001
38.0,53.0,102.0,102.0,34.0,126.0,116.0,116.0,48.0,204.0,384.0,238.0,112.0,1.0917053806378938,0.0,0.0,1674.091705380638,17,031,672000,1,170316720001
0.0,23.0,122.0,17.0,20.0,77.0,86.0,152.0,0.0,56.0,68.0,59.0,14.0,0.0,0.0,0.0,694.0,17,031,672000,2,170316720002
220.0,33.0,37.0,33.0,26.0,130.0,111.0,138.0,37.0,29.0,182.0,26.0,14.0,1.2855596071063047,0.0,0.0,1017.2855596071063,17,031,672000,3,170316720003
31.0,0.0,31.0,41.0,29.0,19.0,38.0,29.0,0.0,50.0,45.0,48.0,0.0,0.0,0.0,0.0,361.0,17,031,672000,4,170316720004
124.0,0.0,86.0,22.0,41.0,0.0,22.0,0.0,33.0,41.0,0.0,0.0,56.0,0.0,0.0,0.0,425.0,17,031,680500,1,170316805001
118.0,109.0,192.0,129.0,20.0,31.0,0.0,0.0,0.0,135.0,37.0,37.0,0.0,0.43872272306008814,0.0,0.0,808.4387227230601,17,031,680500,2,170316805002
187.0,58.0,0.0,91.0,0.0,129.0,0.0,75.0,0.0,54.0,16.0,0.0,29.0,0.20405708049306426,0.0,0.0,639.204057080493,17,031,680600,1,170316806001
422.0,15.0,130.0,71.0,149.0,12.0,12.0,15.0,0.0,77.0,15.0,0.0,0.0,0.06121712414791927,0.0,0.0,918.0612171241479,17,031,680600,2,170316806002
394.0,118.0,49.0,56.0,32.0,16.0,0.0,29.0,38.0,16.0,21.0,21.0,16.0,0.0,0.0,0.0,806.0,17,031,680900,1,170316809001
213.0,110.0,52.0,22.0,0.0,8.0,10.0,9.0,0.0,0.0,0.0,0.0,0.0,0.0,0.0,0.0,424.0,17,031,680900,2,170316809002
111.0,76.0,148.0,52.0,17.0,74.0,0.0,0.0,6.0,48.0,24.0,17.0,0.0,0.9590682783174019,0.0,0.0,573.9590682783174,17,031,680900,3,170316809003
274.0,134.0,77.0,294.0,127.0,288.0,40.0,0.0,150.0,20.0,26.0,0.0,0.0,0.0,0.0,0.0,1430.0,17,031,680900,4,170316809004
206.0,109.0,0.0,23.0,0.0,50.0,56.0,20.0,0.0,70.0,38.0,23.0,0.0,0.0,0.0,0.0,595.0,17,031,681000,1,170316810001
142.0,95.0,23.0,35.0,0.0,0.0,51.0,35.0,56.0,35.0,0.0,21.0,79.0,0.0,0.0,0.0,572.0,17,031,681000,2,170316810002
209.0,36.0,0.0,44.0,0.0,0.0,0.0,0.0,0.0,55.0,0.0,0.0,53.0,0.0,0.0,0.0,397.0,17,031,681000,3,170316810003
592.0,162.0,135.0,0.0,34.0,78.0,24.0,78.0,36.0,95.0,0.0,0.0,0.0,0.19385422646841105,0.0,0.0,1234.1938542264684,17,031,681000,4,170316810004
90.0,199.0,203.0,15.0,0.0,124.0,0.0,45.0,71.0,0.0,26.0,33.0,0.0,0.0,0.0,0.0,806.0,17,031,681100,1,170316811001
89.0,46.0,46.0,209.0,23.0,89.0,0.0,0.0,26.0,123.0,29.0,0.0,0.0,0.0,0.0,0.0,680.0,17,031,681100,2,170316811002
177.0,66.0,37.0,0.0,18.0,0.0,0.0,0.0,0.0,0.0,87.0,0.0,40.0,0.0,0.0,0.0,425.0,17,031,681100,3,170316811003
230.0,121.0,58.0,78.0,74.0,89.0,0.0,0.0,0.0,164.0,35.0,0.0,0.0,0.0,0.0,0.0,849.0,17,031,681100,4,170316811004
247.0,103.0,0.0,19.0,0.0,141.0,99.0,0.0,64.0,0.0,0.0,0.0,0.0,0.0,0.0,0.0,673.0,17,031,681100,5,170316811005
31.0,56.0,147.0,102.0,0.0,28.0,0.0,52.0,0.0,0.0,38.0,0.0,0.0,0.0,0.0,0.0,454.0,17,031,681200,1,170316812001
244.0,28.0,112.0,0.0,67.0,50.0,30.0,0.0,16.0,19.0,16.0,14.0,78.0,0.0,0.0,0.0,674.0,17,031,681200,2,170316812002
159.0,106.0,103.0,40.0,19.0,7.0,21.0,0.0,0.0,98.0,0.0,77.0,0.0,0.0,0.0,0.0,630.0,17,031,681200,3,170316812003
162.0,22.0,25.0,29.0,0.0,73.0,0.0,0.0,77.0,55.0,81.0,0.0,73.0,0.0,0.0,0.0,597.0,17,031,681200,4,170316812004
191.0,128.0,63.0,115.0,42.0,57.0,47.0,0.0,0.0,102.0,15.0,10.0,0.0,0.0,0.0,0.0,770.0,17,031,681300,1,170316813001
265.0,140.0,88.0,62.0,51.0,45.0,0.0,105.0,25.0,11.0,0.0,122.0,0.0,0.0,0.0,0.0,914.0,17,031,681300,2,170316813002
151.0,49.0,176.0,18.0,0.0,67.0,9.0,33.0,67.0,61.0,58.0,15.0,0.0,0.0,0.0,0.0,704.0,17,031,681300,3,170316813003
48.0,83.0,40.0,56.0,0.0,27.0,21.0,0.0,0.0,40.0,0.0,78.0,0.0,0.2448684965916771,0.0,0.0,393.24486849659166,17,031,681400,1,170316814001
170.0,51.0,106.0,64.0,128.0,0.0,109.0,54.0,0.0,103.0,28.0,0.0,0.0,0.3877084529368221,0.0,0.0,813.3877084529369,17,031,681400,2,170316814002
76.0,121.0,171.0,64.0,0.0,118.0,30.0,0.0,80.0,91.0,91.0,34.0,99.0,0.0,0.0,0.0,975.0,17,031,681400,3,170316814003
214.0,122.0,0.0,22.0,22.0,0.0,44.0,22.0,0.0,52.0,82.0,0.0,0.0,0.0,0.0,0.0,580.0,17,031,681400,4,170316814004
74.0,88.0,71.0,26.0,78.0,0.0,13.0,58.0,65.0,0.0,55.0,35.0,48.0,0.0,0.0,0.0,611.0,17,031,690300,1,170316903001
356.0,190.0,195.0,81.0,185.0,43.0,53.0,33.0,0.0,45.0,26.0,0.0,12.0,0.336694182813556,0.0,0.0,1219.3366941828135,17,031,690300,2,170316903002
124.0,91.0,190.0,66.0,91.0,118.0,0.0,0.0,0.0,0.0,102.0,0.0,0.0,0.0,0.0,0.0,782.0,17,031,690400,1,170316904001
113.0,21.0,202.0,75.0,70.0,0.0,0.0,0.0,97.0,86.0,72.0,51.0,83.0,0.0,0.0,0.0,870.0,17,031,690400,2,170316904002
222.0,26.0,89.0,150.0,45.0,54.0,17.0,41.0,17.0,43.0,111.0,50.0,0.0,0.0,0.0,0.0,865.0,17,031,690400,3,170316904003
208.0,86.0,57.0,166.0,60.0,16.0,121.0,32.0,25.0,35.0,0.0,0.0,60.0,0.3264913287889028,0.0,0.0,866.3264913287888,17,031,690400,4,170316904004
81.0,15.0,24.0,84.0,133.0,36.0,121.0,99.0,21.0,109.0,78.0,72.0,0.0,0.6121712414791928,0.0,0.0,873.6121712414792,17,031,690500,1,170316905001
272.0,89.0,81.0,157.0,0.0,78.0,107.0,0.0,0.0,44.0,102.0,15.0,0.0,0.0,0.0,0.0,945.0,17,031,690900,1,170316909001
42.0,0.0,0.0,158.0,0.0,87.0,28.0,0.0,70.0,0.0,31.0,67.0,28.0,0.0,0.0,0.0,511.0,17,031,690900,2,170316909002
109.0,0.0,383.0,75.0,0.0,67.0,75.0,64.0,0.0,26.0,48.0,72.0,0.0,0.0,0.0,0.0,919.0,17,031,690900,3,170316909003
170.0,0.0,25.0,90.0,72.0,90.0,0.0,37.0,70.0,75.0,215.0,97.0,0.0,0.2550713506163303,0.0,0.0,941.2550713506163,17,031,690900,4,170316909004
291.0,149.0,0.0,110.0,0.0,43.0,0.0,41.0,17.0,194.0,45.0,140.0,34.0,0.0,0.0,0.0,1064.0,17,031,690900,5,170316909005
109.0,71.0,22.0,14.0,52.0,49.0,17.0,0.0,29.0,131.0,161.0,57.0,116.0,0.0,0.0,0.0,828.0,17,031,691000,1,170316910001
127.0,149.0,31.0,0.0,0.0,51.0,0.0,51.0,0.0,108.0,86.0,114.0,54.0,0.7141997817257248,0.0,0.0,771.7141997817257,17,031,691000,2,170316910002
78.0,44.0,36.0,78.0,0.0,0.0,16.0,95.0,0.0,114.0,33.0,31.0,0.0,0.0,0.0,0.0,525.0,17,031,691000,3,170316910003
42.0,0.0,56.0,64.0,0.0,0.0,0.0,0.0,19.0,39.0,35.0,101.0,17.0,0.0,0.0,0.0,373.0,17,031,691000,4,170316910004
36.0,88.0,59.0,0.0,0.0,68.0,20.0,38.0,0.0,29.0,88.0,82.0,0.0,0.4183170150107817,0.0,0.0,508.41831701501076,17,031,691100,1,170316911001
52.0,327.0,0.0,0.0,59.0,73.0,27.0,31.0,66.0,0.0,0.0,31.0,0.0,0.0,0.0,0.0,666.0,17,031,691100,2,170316911002
345.0,207.0,27.0,114.0,60.0,0.0,0.0,0.0,51.0,0.0,63.0,39.0,0.0,0.0,0.0,0.0,906.0,17,031,691100,3,170316911003
388.0,0.0,92.0,0.0,119.0,68.0,46.0,32.0,62.0,68.0,0.0,65.0,21.0,0.0,0.0,0.0,961.0,17,031,691100,4,170316911004
404.0,107.0,78.0,136.0,157.0,0.0,110.0,35.0,103.0,0.0,110.0,0.0,0.0,0.0,0.0,0.0,1240.0,17,031,691200,1,170316912001
179.0,20.0,63.0,63.0,48.0,10.0,18.0,6.0,118.0,32.0,63.0,116.0,55.0,0.3264913287889028,0.0,0.0,791.3264913287888,17,031,691200,2,170316912002
70.0,102.0,93.0,99.0,32.0,0.0,0.0,0.0,0.0,150.0,41.0,250.0,0.0,0.0,0.0,0.0,837.0,17,031,691200,3,170316912003
272.0,117.0,52.0,77.0,24.0,21.0,99.0,0.0,71.0,161.0,161.0,93.0,124.0,0.0,0.0,0.0,1272.0,17,031,691300,1,170316913001
180.0,60.0,91.0,186.0,83.0,166.0,60.0,8.0,34.0,220.0,149.0,71.0,63.0,0.43872272306008814,0.0,0.0,1371.43872272306,17,031,691300,2,170316913002
48.0,61.0,63.0,13.0,56.0,29.0,0.0,0.0,0.0,30.0,32.0,0.0,0.0,0.2550713506163303,0.0,0.0,332.25507135061633,17,031,691400,1,170316914001
87.0,42.0,85.0,13.0,18.0,30.0,0.0,11.0,16.0,0.0,0.0,43.0,0.0,0.20405708049306426,0.0,0.0,345.20405708049304,17,031,691400,2,170316914002
17.0,66.0,17.0,89.0,23.0,0.0,84.0,0.0,12.0,51.0,43.0,64.0,43.0,0.0,0.0,0.0,509.0,17,031,691400,3,170316914003
120.0,77.0,69.0,79.0,122.0,0.0,72.0,14.0,86.0,91.0,26.0,16.0,43.0,0.0,0.0,0.0,815.0,17,031,691400,4,170316914004
86.0,39.0,39.0,71.0,29.0,32.0,69.0,12.0,0.0,66.0,27.0,56.0,54.0,0.0,0.0,0.0,580.0,17,031,691400,5,170316914005
168.0,62.0,17.0,26.0,20.0,85.0,0.0,0.0,69.0,15.0,0.0,0.0,6.0,0.0,0.0,0.0,468.0,17,031,691500,1,170316915001
95.0,68.0,297.0,215.0,37.0,106.0,0.0,0.0,30.0,17.0,3.0,20.0,0.0,0.13263710232049175,0.0,0.0,888.1326371023205,17,031,691500,2,170316915002
63.0,71.0,13.0,143.0,37.0,31.0,66.0,0.0,0.0,0.0,121.0,15.0,0.0,0.0,0.0,0.0,560.0,17,031,691500,3,170316915003
48.0,191.0,118.0,59.0,0.0,0.0,55.0,0.0,156.0,135.0,264.0,292.0,365.0,2.163005053226481,0.0,0.0,1685.1630050532265,17,031,700100,1,170317001001
99.0,0.0,123.0,149.0,0.0,362.0,23.0,33.0,0.0,163.0,39.0,156.0,66.0,0.0,0.0,0.0,1213.0,17,031,700100,2,170317001002
82.0,0.0,37.0,131.0,189.0,0.0,144.0,78.0,0.0,276.0,313.0,140.0,358.0,0.0,0.0,0.0,1748.0,17,031,700200,1,170317002001
162.0,0.0,169.0,166.0,259.0,148.0,186.0,38.0,117.0,41.0,269.0,89.0,24.0,0.0,0.0,0.0,1668.0,17,031,700200,2,170317002002
44.0,121.0,76.0,36.0,0.0,133.0,68.0,76.0,170.0,16.0,174.0,441.0,210.0,0.6529826575778056,0.0,0.0,1565.6529826575777,17,031,700200,3,170317002003
44.0,33.0,29.0,70.0,70.0,252.0,0.0,29.0,119.0,133.0,130.0,197.0,234.0,0.8264311759969102,0.0,0.0,1340.826431175997,17,031,700200,4,170317002004
0.0,34.0,0.0,174.0,123.0,41.0,82.0,112.0,47.0,92.0,338.0,492.0,92.0,0.9386625702680955,0.0,0.0,1627.9386625702682,17,031,700301,1,170317003011
40.0,96.0,76.0,116.0,116.0,68.0,40.0,76.0,0.0,132.0,141.0,443.0,439.0,1.9283394106594571,0.0,0.0,1784.9283394106594,17,031,700301,2,170317003012
100.0,179.0,122.0,173.0,106.0,152.0,106.0,192.0,30.0,106.0,259.0,338.0,0.0,0.0,0.0,0.0,1863.0,17,031,700301,3,170317003013
80.0,28.0,0.0,103.0,0.0,48.0,0.0,260.0,0.0,161.0,77.0,289.0,0.0,0.7141997817257248,0.0,0.0,1046.7141997817257,17,031,700302,1,170317003021
19.0,0.0,0.0,19.0,66.0,202.0,15.0,0.0,0.0,85.0,136.0,91.0,95.0,1.3161681691802645,0.0,0.0,729.3161681691803,17,031,700302,2,170317003022
0.0,27.0,193.0,43.0,39.0,66.0,0.0,197.0,47.0,0.0,464.0,315.0,82.0,0.27547705866563676,0.0,0.0,1473.2754770586657,17,031,700302,3,170317003023
70.0,60.0,141.0,26.0,101.0,20.0,47.0,20.0,40.0,192.0,235.0,252.0,374.0,1.3365738772295708,0.0,0.0,1579.3365738772295,17,031,700302,4,170317003024
0.0,25.0,60.0,60.0,190.0,101.0,158.0,0.0,152.0,142.0,209.0,212.0,171.0,1.061096818563934,0.0,0.0,1481.061096818564,17,031,700401,1,170317004011
118.0,30.0,50.0,44.0,71.0,88.0,44.0,33.0,254.0,172.0,84.0,549.0,54.0,1.0712996725885873,0.0,0.0,1592.0712996725886,17,031,700401,2,170317004012
110.0,0.0,0.0,110.0,44.0,114.0,81.0,107.0,0.0,132.0,125.0,512.0,166.0,0.7141997817257248,0.0,0.0,1501.7141997817257,17,031,700401,3,170317004013
33.0,80.0,80.0,0.0,0.0,0.0,44.0,0.0,0.0,58.0,47.0,139.0,191.0,1.0100825484406681,0.0,0.0,673.0100825484407,17,031,700401,4,170317004014
41.0,47.0,22.0,0.0,0.0,0.0,79.0,130.0,60.0,136.0,184.0,209.0,66.0,0.0,0.0,0.0,974.0,17,031,700402,1,170317004021
0.0,75.0,19.0,45.0,120.0,35.0,45.0,0.0,0.0,62.0,202.0,91.0,425.0,0.49993984720800744,0.0,0.0,1119.499939847208,17,031,700402,2,170317004022
65.0,23.0,50.0,47.0,0.0,41.0,74.0,128.0,0.0,200.0,149.0,313.0,182.0,1.0304882564899744,0.0,0.0,1273.03048825649,17,031,700402,3,170317004023
110.0,0.0,0.0,0.0,193.0,0.0,31.0,55.0,0.0,477.0,48.0,256.0,217.0,0.0,0.0,0.0,1387.0,17,031,700501,1,170317005011
0.0,0.0,0.0,42.0,0.0,0.0,56.0,45.0,42.0,84.0,283.0,0.0,35.0,3.744447427047729,0.0,0.0,590.7444474270477,17,031,700501,2,170317005012
0.0,108.0,0.0,207.0,0.0,0.0,0.0,94.0,0.0,193.0,343.0,400.0,221.0,2.8567991269028994,0.0,0.0,1568.8567991269028,17,031,700501,3,170317005013
236.0,0.0,120.0,0.0,183.0,99.0,104.0,0.0,27.0,46.0,62.0,373.0,178.0,1.5610366657719414,0.0,0.0,1429.561036665772,17,031,700501,4,170317005014
0.0,0.0,44.0,0.0,0.0,0.0,0.0,0.0,0.0,0.0,150.0,113.0,177.0,0.816228321972257,0.0,0.0,484.81622832197223,17,031,700501,5,170317005015
0.0,0.0,0.0,36.0,0.0,83.0,0.0,36.0,275.0,0.0,36.0,145.0,70.0,1.0304882564899744,0.0,0.0,682.03048825649,17,031,700501,6,170317005016
164.0,0.0,86.0,0.0,80.0,0.0,51.0,51.0,10.0,118.0,126.0,204.0,180.0,0.45912843110939455,0.0,0.0,1070.4591284311093,17,031,700502,1,170317005021
60.0,27.0,24.0,110.0,41.0,38.0,24.0,0.0,0.0,132.0,181.0,217.0,283.0,1.4590081255254095,0.0,0.0,1138.4590081255253,17,031,700502,2,170317005022
649.0,176.0,142.0,0.0,53.0,33.0,84.0,16.0,30.0,11.0,95.0,30.0,39.0,0.42851986903543493,0.0,0.0,1358.4285198690354,17,031,710100,1,170317101001
66.0,138.0,103.0,172.0,178.0,54.0,63.0,0.0,0.0,48.0,0.0,40.0,0.0,0.0,0.0,0.0,862.0,17,031,710200,1,170317102001
109.0,0.0,41.0,179.0,145.0,63.0,0.0,106.0,14.0,0.0,143.0,19.0,29.0,0.0,0.0,0.0,848.0,17,031,710200,2,170317102002
194.0,150.0,109.0,242.0,30.0,27.0,81.0,81.0,112.0,51.0,61.0,129.0,0.0,0.0,0.0,0.0,1267.0,17,031,710200,3,170317102003
27.0,82.0,47.0,0.0,441.0,0.0,27.0,27.0,0.0,181.0,39.0,0.0,51.0,0.0,0.0,0.0,922.0,17,031,710200,4,170317102004
540.0,245.0,250.0,307.0,96.0,39.0,41.0,41.0,23.0,60.0,0.0,96.0,120.0,0.0,0.0,0.0,1858.0,17,031,710200,5,170317102005
220.0,138.0,143.0,235.0,115.0,35.0,133.0,25.0,0.0,151.0,81.0,35.0,38.0,0.12243424829583854,0.0,0.0,1349.1224342482958,17,031,710300,1,170317103001
122.0,71.0,93.0,45.0,0.0,74.0,0.0,48.0,0.0,113.0,0.0,251.0,38.0,0.4897369931833542,0.0,0.0,855.4897369931833,17,031,710400,1,170317104001
253.0,56.0,22.0,135.0,0.0,0.0,0.0,36.0,0.0,0.0,128.0,27.0,24.0,0.0,0.0,0.0,681.0,17,031,710400,2,170317104002
29.0,23.0,154.0,70.0,0.0,32.0,113.0,0.0,0.0,283.0,23.0,35.0,23.0,0.0,0.0,0.0,785.0,17,031,710400,3,170317104003
154.0,0.0,0.0,0.0,17.0,0.0,51.0,0.0,60.0,120.0,102.0,0.0,0.0,0.0,0.0,0.0,504.0,17,031,710400,4,170317104004
258.0,52.0,0.0,72.0,49.0,194.0,54.0,0.0,64.0,139.0,44.0,139.0,0.0,0.3468970368382092,0.0,0.0,1065.3468970368383,17,031,710400,5,170317104005
21.0,0.0,97.0,0.0,198.0,0.0,0.0,8.0,0.0,171.0,81.0,198.0,0.0,0.0,0.0,0.0,774.0,17,031,710400,6,170317104006
186.0,104.0,168.0,116.0,52.0,17.0,0.0,89.0,74.0,0.0,52.0,54.0,0.0,0.0,0.0,0.0,912.0,17,031,710500,1,170317105001
129.0,226.0,62.0,197.0,89.0,129.0,178.0,37.0,124.0,64.0,108.0,78.0,0.0,0.0,0.0,0.0,1421.0,17,031,710500,2,170317105002
64.0,23.0,105.0,118.0,92.0,7.0,30.0,56.0,28.0,25.0,20.0,56.0,0.0,0.20405708049306426,0.0,0.0,624.204057080493,17,031,710500,3,170317105003
149.0,149.0,59.0,0.0,5.0,105.0,0.0,23.0,105.0,23.0,233.0,64.0,41.0,0.43872272306008814,0.0,0.0,956.4387227230601,17,031,710500,4,170317105004
307.0,66.0,99.0,141.0,60.0,0.0,0.0,81.0,0.0,45.0,168.0,48.0,0.0,0.0,0.0,0.0,1015.0,17,031,710600,1,170317106001
147.0,123.0,86.0,15.0,21.0,105.0,15.0,10.0,44.0,28.0,120.0,28.0,21.0,0.0,0.0,0.0,763.0,17,031,710600,2,170317106002
129.0,167.0,30.0,11.0,58.0,22.0,60.0,36.0,0.0,22.0,0.0,0.0,0.0,0.09182568622187891,0.0,0.0,535.0918256862219,17,031,710700,1,170317107001
94.0,41.0,65.0,79.0,28.0,0.0,10.0,18.0,0.0,139.0,0.0,0.0,0.0,0.5815626794052331,0.0,0.0,474.58156267940524,17,031,710700,2,170317107002
111.0,167.0,19.0,79.0,198.0,25.0,56.0,0.0,0.0,0.0,29.0,109.0,23.0,0.5101427012326606,0.0,0.0,816.5101427012327,17,031,710700,3,170317107003
31.0,56.0,115.0,0.0,12.0,9.0,0.0,0.0,15.0,96.0,53.0,78.0,99.0,0.6325769495284992,0.0,0.0,564.6325769495285,17,031,710700,4,170317107004
59.0,0.0,0.0,14.0,0.0,0.0,36.0,0.0,129.0,138.0,22.0,25.0,0.0,0.0,0.0,0.0,423.0,17,031,710800,1,170317108001
237.0,0.0,0.0,0.0,38.0,0.0,0.0,150.0,101.0,0.0,120.0,84.0,90.0,0.0,0.0,0.0,820.0,17,031,710800,2,170317108002
0.0,0.0,0.0,0.0,0.0,0.0,253.0,0.0,154.0,67.0,483.0,217.0,99.0,0.0,0.0,0.0,1273.0,17,031,710800,3,170317108003
169.0,70.0,75.0,197.0,68.0,0.0,149.0,32.0,0.0,0.0,35.0,40.0,0.0,1.0304882564899744,0.0,0.0,836.03048825649,17,031,710800,4,170317108004
69.0,23.0,76.0,151.0,80.0,72.0,37.0,23.0,0.0,0.0,0.0,40.0,0.0,0.0,0.0,0.0,571.0,17,031,710800,5,170317108005
31.0,0.0,28.0,75.0,0.0,23.0,0.0,57.0,0.0,91.0,167.0,151.0,47.0,0.0,0.0,0.0,670.0,17,031,710800,6,170317108006
271.0,95.0,71.0,154.0,98.0,14.0,47.0,35.0,11.0,8.0,47.0,0.0,20.0,0.0,0.0,0.0,871.0,17,031,710900,1,170317109001
513.0,121.0,155.0,146.0,12.0,31.0,96.0,83.0,34.0,31.0,55.0,27.0,62.0,0.6937940736764184,0.0,0.0,1366.6937940736764,17,031,710900,2,170317109002
84.0,102.0,181.0,46.0,52.0,73.0,108.0,99.0,46.0,128.0,140.0,67.0,43.0,0.0,0.0,0.0,1169.0,17,031,711000,1,170317110001
319.0,20.0,130.0,208.0,121.0,118.0,49.0,23.0,0.0,290.0,89.0,116.0,23.0,0.23466564256702388,0.0,0.0,1506.234665642567,17,031,711000,2,170317110002
95.0,42.0,118.0,97.0,137.0,116.0,0.0,18.0,39.0,0.0,0.0,13.0,0.0,0.0,0.0,0.0,675.0,17,031,711000,3,170317110003
225.0,111.0,124.0,149.0,111.0,31.0,101.0,79.0,50.0,143.0,139.0,98.0,117.0,0.0,0.0,0.0,1478.0,17,031,711100,1,170317111001
141.0,106.0,69.0,0.0,29.0,32.0,29.0,130.0,48.0,112.0,93.0,0.0,26.0,1.0815025266132405,0.0,0.0,816.0815025266132,17,031,711100,2,170317111002
25.0,110.0,12.0,85.0,68.0,47.0,168.0,25.0,10.0,20.0,25.0,63.0,35.0,0.0,0.0,0.0,693.0,17,031,711100,3,170317111003
258.0,136.0,255.0,48.0,19.0,106.0,48.0,95.0,68.0,171.0,106.0,35.0,38.0,0.4081141609861285,0.0,0.0,1383.408114160986,17,031,711200,1,170317112001
121.0,71.0,133.0,92.0,0.0,199.0,28.0,14.0,0.0,57.0,152.0,78.0,0.0,0.0,0.0,0.0,945.0,17,031,711200,2,170317112002
0.0,0.0,54.0,0.0,39.0,0.0,51.0,87.0,24.0,201.0,78.0,57.0,54.0,0.0,0.0,0.0,645.0,17,031,711200,3,170317112003
83.0,31.0,159.0,104.0,65.0,93.0,117.0,117.0,57.0,214.0,255.0,250.0,104.0,1.2753567530816516,0.0,0.0,1650.2753567530817,17,031,711200,4,170317112004
101.0,66.0,0.0,101.0,31.0,31.0,12.0,9.0,15.0,50.0,130.0,34.0,57.0,0.22446278854237067,0.0,0.0,637.2244627885424,17,031,711300,1,170317113001
146.0,102.0,23.0,11.0,32.0,0.0,23.0,52.0,73.0,119.0,87.0,119.0,23.0,0.1734485184191046,0.0,0.0,810.1734485184191,17,031,711300,2,170317113002
239.0,0.0,164.0,108.0,19.0,62.0,150.0,16.0,19.0,147.0,45.0,108.0,0.0,0.3264913287889028,0.0,0.0,1077.326491328789,17,031,711400,1,170317114001
112.0,22.0,50.0,33.0,30.0,50.0,39.0,16.0,72.0,154.0,19.0,42.0,0.0,0.0,0.0,0.0,639.0,17,031,711400,2,170317114002
140.0,28.0,30.0,46.0,86.0,24.0,20.0,20.0,0.0,0.0,40.0,14.0,8.0,0.0,0.0,0.0,456.0,17,031,711400,3,170317114003
108.0,99.0,121.0,58.0,36.0,88.0,127.0,83.0,108.0,44.0,36.0,108.0,0.0,0.19385422646841105,0.0,0.0,1016.1938542264684,17,031,711500,1,170317115001
66.0,227.0,217.0,122.0,56.0,13.0,13.0,112.0,26.0,92.0,151.0,188.0,26.0,0.7346054897750313,0.0,0.0,1309.734605489775,17,031,711500,2,170317115002
0.0,0.0,38.0,0.0,0.0,0.0,69.0,0.0,31.0,93.0,107.0,229.0,76.0,0.0,0.0,0.0,643.0,17,031,720100,1,170317201001
0.0,21.0,10.0,0.0,45.0,21.0,0.0,34.0,0.0,60.0,145.0,206.0,103.0,1.295762461130958,0.0,0.0,646.295762461131,17,031,720100,2,170317201002
0.0,22.0,111.0,0.0,11.0,22.0,36.0,0.0,47.0,25.0,66.0,212.0,11.0,1.2141396289337323,0.0,0.0,564.2141396289337,17,031,720100,3,170317201003
61.0,0.0,76.0,32.0,5.0,23.0,0.0,109.0,69.0,36.0,53.0,113.0,44.0,1.0712996725885873,0.0,0.0,622.0712996725886,17,031,720200,1,170317202001
123.0,33.0,0.0,90.0,27.0,84.0,84.0,27.0,93.0,75.0,24.0,192.0,135.0,0.7039969277010717,0.0,0.0,987.703996927701,17,031,720200,2,170317202002
39.0,0.0,0.0,111.0,126.0,45.0,256.0,190.0,90.0,69.0,193.0,157.0,380.0,1.0712996725885873,0.0,0.0,1657.0712996725886,17,031,720200,3,170317202003
0.0,0.0,0.0,0.0,42.0,16.0,0.0,48.0,16.0,52.0,19.0,58.0,22.0,0.6223740955038459,0.0,0.0,273.62237409550386,17,031,720300,1,170317203001
18.0,21.0,34.0,0.0,0.0,0.0,81.0,0.0,0.0,69.0,37.0,194.0,43.0,0.8876483001448295,0.0,0.0,497.8876483001448,17,031,720300,2,170317203002
0.0,0.0,34.0,71.0,0.0,0.0,0.0,39.0,0.0,0.0,56.0,210.0,298.0,1.4181967094267967,0.0,0.0,709.4181967094268,17,031,720300,3,170317203003
0.0,0.0,17.0,32.0,17.0,29.0,26.0,64.0,0.0,0.0,90.0,166.0,125.0,0.5611569713559267,0.0,0.0,566.5611569713559,17,031,720300,4,170317203004
26.0,10.0,0.0,15.0,0.0,15.0,0.0,13.0,13.0,0.0,121.0,134.0,190.0,0.7754169058736442,0.0,0.0,537.7754169058736,17,031,720400,1,170317204001
16.0,0.0,0.0,0.0,49.0,77.0,16.0,24.0,60.0,55.0,168.0,246.0,74.0,1.7446880382156993,0.0,0.0,786.7446880382157,17,031,720400,2,170317204002
28.0,5.0,10.0,0.0,0.0,21.0,34.0,0.0,0.0,65.0,76.0,128.0,89.0,0.13263710232049175,0.0,0.0,456.1326371023205,17,031,720500,1,170317205001
20.0,0.0,26.0,53.0,53.0,47.0,0.0,32.0,8.0,68.0,168.0,260.0,183.0,1.8365137244375782,0.0,0.0,919.8365137244376,17,031,720500,2,170317205002
73.0,0.0,42.0,17.0,48.0,0.0,28.0,0.0,0.0,59.0,28.0,76.0,93.0,1.1835310668597727,0.0,0.0,465.18353106685976,17,031,720600,1,170317206001
0.0,0.0,25.0,0.0,0.0,0.0,0.0,17.0,0.0,19.0,88.0,167.0,176.0,0.7448083437996845,0.0,0.0,492.74480834379966,17,031,720600,2,170317206002
20.0,111.0,18.0,82.0,0.0,123.0,109.0,66.0,16.0,210.0,131.0,202.0,92.0,0.530548409281967,0.0,0.0,1180.530548409282,17,031,720700,1,170317207001
103.0,0.0,60.0,0.0,0.0,0.0,60.0,114.0,85.0,132.0,96.0,272.0,100.0,2.734364878607061,0.0,0.0,1024.734364878607,17,031,720700,2,170317207002
46.0,0.0,46.0,0.0,0.0,23.0,48.0,0.0,0.0,109.0,69.0,55.0,74.0,0.20405708049306426,0.0,0.0,470.20405708049304,17,031,720700,3,170317207003
60.0,83.0,60.0,46.0,11.0,43.0,109.0,14.0,0.0,83.0,118.0,8.0,52.0,0.23466564256702388,0.0,0.0,687.234665642567,17,031,730100,1,170317301001
49.0,24.0,104.0,8.0,88.0,102.0,16.0,57.0,13.0,96.0,24.0,171.0,57.0,0.0,0.0,0.0,809.0,17,031,730100,2,170317301002
77.0,80.0,47.0,77.0,47.0,38.0,56.0,26.0,86.0,50.0,68.0,128.0,119.0,0.4183170150107817,0.0,0.0,899.4183170150108,17,031,730100,3,170317301003
34.0,145.0,92.0,121.0,48.0,177.0,0.0,0.0,0.0,133.0,17.0,87.0,19.0,0.14283995634514499,0.0,0.0,873.1428399563451,17,031,730201,1,170317302011
39.0,98.0,0.0,114.0,137.0,186.0,42.0,0.0,0.0,26.0,39.0,104.0,55.0,0.0,0.0,0.0,840.0,17,031,730201,2,170317302012
297.0,97.0,24.0,0.0,199.0,165.0,104.0,0.0,0.0,189.0,0.0,30.0,0.0,0.2652742046409835,0.0,0.0,1105.265274204641,17,031,730201,3,170317302013
34.0,69.0,340.0,375.0,170.0,255.0,151.0,196.0,114.0,119.0,47.0,0.0,156.0,0.0,0.0,0.0,2026.0,17,031,730201,4,170317302014
0.0,0.0,66.0,48.0,23.0,30.0,0.0,82.0,146.0,208.0,0.0,89.0,69.0,0.3570998908628624,0.0,0.0,761.3570998908629,17,031,730201,5,170317302015
61.0,85.0,174.0,99.0,82.0,54.0,157.0,0.0,85.0,34.0,54.0,229.0,27.0,0.0,0.0,0.0,1141.0,17,031,730202,1,170317302021
114.0,0.0,179.0,25.0,0.0,333.0,0.0,39.0,0.0,0.0,25.0,305.0,229.0,1.3875881473528369,0.0,0.0,1250.3875881473527,17,031,730202,2,170317302022
63.0,20.0,50.0,63.0,0.0,33.0,0.0,110.0,164.0,33.0,0.0,46.0,20.0,0.43872272306008814,0.0,0.0,602.4387227230601,17,031,730202,3,170317302023
75.0,150.0,67.0,10.0,72.0,39.0,62.0,70.0,10.0,57.0,135.0,104.0,33.0,0.7141997817257248,0.0,0.0,884.7141997817257,17,031,730300,1,170317303001
32.0,21.0,100.0,59.0,70.0,78.0,27.0,0.0,78.0,29.0,121.0,173.0,18.0,0.18365137244375782,0.0,0.0,806.1836513724437,17,031,730400,1,170317304001
89.0,62.0,29.0,26.0,68.0,56.0,95.0,17.0,140.0,184.0,199.0,122.0,140.0,1.3977910013774901,0.0,0.0,1228.3977910013775,17,031,730400,2,170317304002
105.0,21.0,0.0,0.0,30.0,18.0,30.0,0.0,45.0,39.0,117.0,78.0,93.0,0.36730274488751563,0.0,0.0,576.3673027448875,17,031,730400,3,170317304003
67.0,198.0,57.0,0.0,26.0,40.0,0.0,70.0,87.0,104.0,33.0,94.0,87.0,0.3060856207395964,0.0,0.0,863.3060856207396,17,031,730400,4,170317304004
32.0,29.0,35.0,110.0,0.0,44.0,125.0,74.0,149.0,101.0,128.0,92.0,92.0,0.44892557708474135,0.0,0.0,1011.4489255770848,17,031,730500,1,170317305001
177.0,0.0,0.0,0.0,42.0,3.0,144.0,0.0,0.0,69.0,189.0,213.0,0.0,0.3979113069614753,0.0,0.0,837.3979113069614,17,031,730500,2,170317305002
104.0,0.0,30.0,71.0,45.0,0.0,79.0,15.0,112.0,130.0,22.0,89.0,56.0,0.4081141609861285,0.0,0.0,753.4081141609861,17,031,730500,3,170317305003
106.0,80.0,85.0,31.0,182.0,83.0,109.0,93.0,28.0,52.0,171.0,304.0,143.0,0.7652140518489909,0.0,0.0,1467.765214051849,17,031,730500,4,170317305004
0.0,82.0,31.0,96.0,0.0,0.0,22.0,0.0,0.0,28.0,65.0,149.0,203.0,0.0,0.0,0.0,676.0,17,031,730600,1,170317306001
119.0,106.0,19.0,225.0,0.0,9.0,104.0,65.0,38.0,87.0,104.0,155.0,0.0,0.0,0.0,0.0,1031.0,17,031,730600,2,170317306002
32.0,131.0,78.0,209.0,121.0,50.0,63.0,91.0,50.0,93.0,134.0,164.0,86.0,0.5101427012326606,0.0,0.0,1302.5101427012326,17,031,730600,3,170317306003
59.0,143.0,0.0,129.0,16.0,46.0,13.0,166.0,0.0,0.0,166.0,179.0,99.0,0.8060254679476038,0.0,0.0,1016.8060254679476,17,031,730700,1,170317307001
89.0,146.0,35.0,197.0,102.0,19.0,95.0,15.0,9.0,242.0,22.0,92.0,47.0,0.2550713506163303,0.0,0.0,1110.2550713506164,17,031,730700,2,170317307002
0.0,0.0,24.0,19.0,0.0,27.0,0.0,0.0,37.0,0.0,24.0,112.0,39.0,0.37750559891216884,0.0,0.0,282.3775055989122,17,031,740100,1,170317401001
17.0,0.0,36.0,20.0,24.0,0.0,0.0,0.0,0.0,0.0,51.0,165.0,0.0,0.12243424829583854,0.0,0.0,313.12243424829586,17,031,740100,2,170317401002
24.0,33.0,24.0,24.0,75.0,15.0,0.0,0.0,0.0,63.0,33.0,148.0,224.0,0.45912843110939455,0.0,0.0,663.4591284311094,17,031,740100,3,170317401003
98.0,53.0,58.0,0.0,75.0,0.0,48.0,0.0,0.0,25.0,108.0,96.0,139.0,1.4181967094267967,0.0,0.0,701.4181967094268,17,031,740100,4,170317401004
0.0,0.0,0.0,0.0,50.0,0.0,106.0,0.0,0.0,39.0,407.0,55.0,136.0,2.4690906739660776,0.0,0.0,795.4690906739661,17,031,740200,1,170317402001
108.0,40.0,62.0,62.0,0.0,0.0,46.0,0.0,40.0,0.0,0.0,165.0,111.0,2.2344250313990535,0.0,0.0,636.234425031399,17,031,740200,2,170317402002
124.0,46.0,29.0,0.0,43.0,0.0,0.0,37.0,0.0,66.0,101.0,539.0,165.0,0.43872272306008814,0.0,0.0,1150.43872272306,17,031,740200,3,170317402003
0.0,64.0,47.0,0.0,37.0,155.0,0.0,0.0,87.0,81.0,162.0,131.0,490.0,5.101427012326607,0.0,0.0,1259.1014270123267,17,031,740200,4,170317402004
19.0,0.0,63.0,34.0,0.0,0.0,68.0,26.0,19.0,0.0,162.0,204.0,126.0,0.8876483001448295,0.0,0.0,721.8876483001449,17,031,740300,1,170317403001
0.0,22.0,0.0,19.0,0.0,22.0,118.0,0.0,22.0,121.0,115.0,214.0,284.0,0.8774454461201763,0.0,0.0,937.8774454461202,17,031,740300,2,170317403002
0.0,16.0,0.0,0.0,0.0,123.0,71.0,27.0,33.0,90.0,143.0,38.0,22.0,2.071179367004602,0.0,0.0,565.0711793670046,17,031,740300,3,170317403003
0.0,0.0,18.0,18.0,13.0,15.0,15.0,0.0,0.0,0.0,15.0,157.0,112.0,0.867242592095523,0.0,0.0,363.8672425920955,17,031,740300,4,170317403004
38.0,44.0,0.0,0.0,20.0,47.0,74.0,23.0,0.0,0.0,65.0,100.0,222.0,0.6019683874545395,0.0,0.0,633.6019683874546,17,031,740300,5,170317403005
0.0,36.0,25.0,0.0,0.0,0.0,0.0,27.0,0.0,33.0,58.0,80.0,208.0,0.8468368840462166,0.0,0.0,467.84683688404624,17,031,740400,1,170317404001
28.0,28.0,0.0,30.0,39.0,19.0,109.0,89.0,0.0,22.0,277.0,120.0,134.0,0.5713598253805799,0.0,0.0,895.5713598253806,17,031,740400,2,170317404002
115.0,25.0,53.0,25.0,33.0,53.0,43.0,182.0,100.0,215.0,290.0,292.0,413.0,1.0917053806378938,0.0,0.0,1840.091705380638,17,031,740400,3,170317404003
64.0,0.0,18.0,89.0,27.0,16.0,0.0,0.0,0.0,43.0,18.0,162.0,170.0,0.45912843110939455,0.0,0.0,607.4591284311094,17,031,740400,4,170317404004
90.0,82.0,0.0,49.0,23.0,70.0,52.0,0.0,23.0,17.0,73.0,190.0,128.0,0.20405708049306426,0.0,0.0,797.204057080493,17,031,750100,1,170317501001
84.0,55.0,84.0,72.0,26.0,29.0,31.0,20.0,14.0,60.0,84.0,266.0,78.0,0.0,0.0,0.0,903.0,17,031,750100,2,170317501002
189.0,183.0,91.0,0.0,0.0,37.0,0.0,50.0,41.0,88.0,0.0,154.0,0.0,0.1530428103697982,0.0,0.0,833.1530428103698,17,031,750100,3,170317501003
177.0,55.0,31.0,251.0,152.0,139.0,9.0,0.0,167.0,155.0,167.0,155.0,0.0,0.6325769495284992,0.0,0.0,1458.6325769495286,17,031,750100,4,170317501004
0.0,0.0,0.0,0.0,77.0,83.0,0.0,0.0,26.0,142.0,190.0,48.0,109.0,0.3264913287889028,0.0,0.0,675.3264913287888,17,031,750200,1,170317502001
88.0,24.0,58.0,98.0,22.0,24.0,24.0,0.0,0.0,0.0,24.0,78.0,142.0,0.0,0.0,0.0,582.0,17,031,750200,2,170317502002
52.0,0.0,24.0,0.0,0.0,0.0,0.0,0.0,0.0,131.0,0.0,158.0,27.0,0.27547705866563676,0.0,0.0,392.2754770586656,17,031,750200,3,170317502003
40.0,19.0,25.0,91.0,21.0,0.0,55.0,53.0,0.0,63.0,25.0,135.0,48.0,0.2550713506163303,0.0,0.0,575.2550713506163,17,031,750200,4,170317502004
0.0,14.0,11.0,0.0,14.0,0.0,23.0,0.0,23.0,74.0,14.0,145.0,133.0,1.0815025266132405,0.0,0.0,452.08150252661324,17,031,750300,1,170317503001
39.0,39.0,28.0,57.0,130.0,10.0,78.0,23.0,10.0,39.0,20.0,239.0,54.0,0.6631855116024589,0.0,0.0,766.6631855116025,17,031,750300,2,170317503002
0.0,0.0,74.0,40.0,0.0,0.0,43.0,18.0,123.0,86.0,24.0,148.0,126.0,0.4081141609861285,0.0,0.0,682.4081141609861,17,031,750300,3,170317503003
32.0,68.0,37.0,78.0,43.0,15.0,12.0,32.0,22.0,86.0,250.0,265.0,184.0,0.5917655334298864,0.0,0.0,1124.59176553343,17,031,750400,1,170317504001
0.0,69.0,0.0,0.0,81.0,0.0,63.0,55.0,0.0,0.0,116.0,336.0,40.0,0.0,0.0,0.0,760.0,17,031,750400,2,170317504002
0.0,14.0,0.0,0.0,0.0,19.0,22.0,22.0,51.0,31.0,110.0,195.0,45.0,1.0406911105146277,0.0,0.0,510.0406911105146,17,031,750400,3,170317504003
103.0,125.0,0.0,148.0,92.0,0.0,56.0,33.0,50.0,43.0,189.0,178.0,186.0,0.0,0.0,0.0,1203.0,17,031,750500,1,170317505001
0.0,0.0,0.0,0.0,0.0,0.0,178.0,0.0,40.0,117.0,0.0,77.0,292.0,2.397670695793505,0.0,0.0,706.3976706957935,17,031,750500,2,170317505002
350.0,35.0,153.0,121.0,124.0,89.0,60.0,248.0,143.0,188.0,60.0,178.0,373.0,0.0,0.0,0.0,2122.0,17,031,750500,3,170317505003
65.0,209.0,271.0,69.0,94.0,110.0,0.0,36.0,0.0,106.0,86.0,369.0,234.0,0.0,0.0,0.0,1649.0,17,031,750500,4,170317505004
117.0,52.0,58.0,0.0,0.0,127.0,0.0,55.0,0.0,45.0,219.0,166.0,156.0,0.867242592095523,0.0,0.0,995.8672425920955,17,031,750600,1,170317506001
0.0,110.0,29.0,48.0,139.0,0.0,0.0,149.0,0.0,0.0,281.0,93.0,0.0,1.0815025266132405,0.0,0.0,850.0815025266132,17,031,750600,2,170317506002
179.0,27.0,60.0,125.0,20.0,87.0,0.0,108.0,27.0,20.0,0.0,179.0,111.0,0.0,0.0,0.0,943.0,17,031,750600,3,170317506003
77.0,51.0,18.0,82.0,68.0,75.0,16.0,0.0,21.0,21.0,155.0,21.0,18.0,0.0,0.0,0.0,623.0,17,031,750600,4,170317506004
55.0,248.0,24.0,428.0,167.0,99.0,0.0,180.0,53.0,165.0,329.0,546.0,62.0,0.673388365627112,0.0,0.0,2356.673388365627,17,031,760801,1,170317608011
79.0,105.0,144.0,219.0,68.0,109.0,141.0,236.0,75.0,51.0,374.0,184.0,0.0,0.0,0.0,0.0,1785.0,17,031,760801,2,170317608012
114.0,190.0,242.0,89.0,131.0,242.0,146.0,0.0,133.0,217.0,198.0,392.0,41.0,1.1223139427118534,0.0,0.0,2136.122313942712,17,031,760802,1,170317608021
261.0,64.0,0.0,134.0,277.0,38.0,108.0,168.0,0.0,220.0,271.0,370.0,124.0,0.8366340300215634,0.0,0.0,2035.8366340300215,17,031,760803,1,170317608031
362.0,37.0,292.0,106.0,32.0,153.0,104.0,106.0,27.0,128.0,186.0,39.0,47.0,0.0,0.0,0.0,1619.0,17,031,760803,2,170317608032
205.0,127.0,223.0,93.0,131.0,71.0,22.0,13.0,33.0,238.0,191.0,113.0,180.0,1.1733282128351195,0.0,0.0,1641.173328212835,17,031,760803,3,170317608033
189.0,42.0,140.0,201.0,0.0,100.0,0.0,3.0,79.0,103.0,48.0,503.0,228.0,0.45912843110939455,0.0,0.0,1636.4591284311093,17,031,760803,4,170317608034
0.0,0.0,58.0,60.0,0.0,103.0,0.0,119.0,29.0,128.0,121.0,378.0,234.0,0.8468368840462166,0.0,0.0,1230.8468368840463,17,031,770201,1,170317702011
51.0,76.0,191.0,0.0,35.0,174.0,141.0,87.0,0.0,95.0,286.0,180.0,379.0,3.254710433864375,0.0,0.0,1698.2547104338644,17,031,770201,2,170317702012
252.0,0.0,247.0,148.0,142.0,94.0,122.0,110.0,114.0,145.0,180.0,137.0,82.0,0.4183170150107817,0.0,0.0,1773.4183170150109,17,031,770201,3,170317702013
63.0,34.0,52.0,107.0,36.0,57.0,202.0,76.0,165.0,173.0,134.0,423.0,163.0,0.8570397380708699,0.0,0.0,1685.8570397380709,17,031,770202,1,170317702021
122.0,40.0,99.0,134.0,65.0,223.0,79.0,14.0,97.0,79.0,198.0,111.0,109.0,0.7039969277010717,0.0,0.0,1370.7039969277012,17,031,770202,2,170317702022
139.0,184.0,39.0,0.0,0.0,52.0,0.0,299.0,0.0,0.0,31.0,120.0,383.0,0.9896768403913616,0.0,0.0,1247.9896768403914,17,031,770202,3,170317702023
35.0,0.0,0.0,0.0,0.0,0.0,35.0,0.0,136.0,0.0,224.0,88.0,65.0,0.5101427012326606,0.0,0.0,583.5101427012327,17,031,770300,1,170317703001
48.0,0.0,72.0,36.0,33.0,38.0,161.0,19.0,171.0,84.0,60.0,325.0,185.0,0.8060254679476038,0.0,0.0,1232.8060254679476,17,031,770300,2,170317703002
34.0,0.0,243.0,43.0,40.0,71.0,0.0,0.0,48.0,146.0,40.0,436.0,94.0,2.7139591705577546,0.0,0.0,1197.7139591705577,17,031,770300,3,170317703003
60.0,35.0,27.0,178.0,227.0,121.0,25.0,190.0,141.0,237.0,158.0,288.0,148.0,0.7550111978243377,0.0,0.0,1835.7550111978244,17,031,770300,4,170317703004
0.0,144.0,98.0,0.0,0.0,46.0,0.0,73.0,43.0,190.0,231.0,212.0,249.0,1.4998195416240223,0.0,0.0,1287.499819541624,17,031,770300,5,170317703005
58.0,104.0,19.0,218.0,0.0,71.0,55.0,74.0,58.0,211.0,195.0,228.0,182.0,1.1937339208844258,0.0,0.0,1474.1937339208844,17,031,770400,1,170317704001
45.0,21.0,129.0,207.0,24.0,86.0,145.0,0.0,64.0,81.0,126.0,237.0,148.0,0.9284597162434424,0.0,0.0,1313.9284597162434,17,031,770400,2,170317704002
113.0,102.0,0.0,61.0,104.0,108.0,63.0,102.0,77.0,179.0,104.0,274.0,106.0,0.3877084529368221,0.0,0.0,1393.3877084529367,17,031,770400,3,170317704003
126.0,288.0,268.0,149.0,322.0,53.0,42.0,138.0,207.0,821.0,349.0,391.0,234.0,0.0,0.0,0.0,3388.0,17,031,770500,1,170317705001
27.0,181.0,0.0,55.0,217.0,0.0,53.0,41.0,0.0,0.0,27.0,0.0,0.0,0.7346054897750313,0.0,0.0,601.734605489775,17,031,770500,2,170317705002
0.0,26.0,13.0,59.0,3.0,26.0,33.0,126.0,0.0,76.0,195.0,381.0,136.0,0.6019683874545395,0.0,0.0,1074.6019683874545,17,031,770601,1,170317706011
0.0,18.0,0.0,131.0,63.0,0.0,53.0,128.0,0.0,126.0,0.0,102.0,14.0,1.1121110886872,0.0,0.0,636.1121110886872,17,031,770601,2,170317706012
0.0,0.0,45.0,112.0,22.0,47.0,31.0,0.0,0.0,98.0,197.0,95.0,115.0,0.8876483001448295,0.0,0.0,762.8876483001449,17,031,770601,3,170317706013
37.0,153.0,201.0,94.0,126.0,118.0,72.0,0.0,107.0,207.0,355.0,5.0,53.0,0.7652140518489909,0.0,0.0,1528.765214051849,17,031,770602,1,170317706021
117.0,136.0,0.0,256.0,227.0,0.0,0.0,0.0,113.0,243.0,188.0,133.0,35.0,0.0,0.0,0.0,1448.0,17,031,770602,2,170317706022
0.0,80.0,0.0,0.0,49.0,33.0,27.0,0.0,0.0,113.0,446.0,209.0,175.0,1.152922504785813,0.0,0.0,1133.152922504786,17,031,770602,3,170317706023
79.0,22.0,45.0,99.0,9.0,106.0,79.0,72.0,36.0,92.0,79.0,83.0,31.0,0.0,0.0,0.0,832.0,17,031,770700,1,170317707001
72.0,78.0,217.0,55.0,130.0,37.0,84.0,43.0,120.0,70.0,194.0,235.0,103.0,1.0712996725885873,0.0,0.0,1439.0712996725886,17,031,770700,2,170317707002
26.0,100.0,245.0,330.0,46.0,31.0,0.0,100.0,129.0,53.0,423.0,198.0,0.0,0.7448083437996845,0.0,0.0,1681.7448083437996,17,031,770800,1,170317708001
171.0,77.0,177.0,189.0,273.0,242.0,227.0,87.0,488.0,438.0,450.0,413.0,189.0,2.0915850750539087,0.0,0.0,3423.091585075054,17,031,770800,2,170317708002
0.0,0.0,49.0,236.0,74.0,21.0,0.0,32.0,88.0,112.0,49.0,161.0,46.0,1.2141396289337323,0.0,0.0,869.2141396289337,17,031,770901,1,170317709011
107.0,0.0,132.0,34.0,28.0,126.0,97.0,88.0,0.0,53.0,66.0,119.0,166.0,0.9284597162434424,0.0,0.0,1016.9284597162434,17,031,770901,2,170317709012
129.0,49.0,132.0,17.0,22.0,0.0,0.0,0.0,66.0,46.0,49.0,149.0,267.0,0.2448684965916771,0.0,0.0,926.2448684965917,17,031,770901,3,170317709013
27.0,65.0,52.0,185.0,163.0,205.0,47.0,90.0,90.0,80.0,220.0,203.0,308.0,0.7856197598982974,0.0,0.0,1735.7856197598983,17,031,770901,4,170317709014
129.0,54.0,243.0,54.0,31.0,90.0,105.0,126.0,124.0,124.0,181.0,186.0,81.0,0.47953413915870097,0.0,0.0,1528.4795341391587,17,031,770902,1,170317709021
72.0,50.0,141.0,0.0,75.0,98.0,66.0,25.0,47.0,205.0,248.0,250.0,184.0,1.0202854024653212,0.0,0.0,1462.0202854024653,17,031,770902,2,170317709022
0.0,65.0,0.0,0.0,0.0,34.0,0.0,43.0,0.0,25.0,0.0,31.0,81.0,0.6325769495284992,0.0,0.0,279.6325769495285,17,031,800100,1,170318001001
24.0,0.0,0.0,0.0,15.0,21.0,0.0,21.0,12.0,55.0,0.0,46.0,145.0,1.3263710232049177,0.0,0.0,340.3263710232049,17,031,800100,2,170318001002
0.0,47.0,33.0,0.0,0.0,39.0,0.0,0.0,0.0,42.0,0.0,47.0,81.0,1.9997593888320297,0.0,0.0,290.99975938883205,17,031,800200,1,170318002001
72.0,0.0,0.0,33.0,121.0,0.0,33.0,0.0,144.0,0.0,33.0,165.0,0.0,0.0,0.0,0.0,601.0,17,031,800200,2,170318002002
39.0,0.0,0.0,0.0,0.0,0.0,42.0,0.0,0.0,0.0,0.0,72.0,0.0,0.3060856207395964,0.0,0.0,153.3060856207396,17,031,800200,3,170318002003
56.0,0.0,0.0,0.0,0.0,0.0,109.0,0.0,0.0,47.0,41.0,133.0,97.0,0.7754169058736442,0.0,0.0,483.77541690587367,17,031,800200,4,170318002004
0.0,0.0,0.0,0.0,0.0,38.0,0.0,90.0,0.0,41.0,35.0,131.0,252.0,0.46933128513404776,0.0,0.0,587.4693312851341,17,031,800200,5,170318002005
58.0,0.0,0.0,0.0,0.0,0.0,55.0,0.0,0.0,0.0,43.0,23.0,43.0,0.0,0.0,0.0,222.0,17,031,800200,6,170318002006
20.0,26.0,20.0,70.0,73.0,0.0,0.0,102.0,0.0,123.0,26.0,76.0,23.0,1.6426594979691673,0.0,0.0,560.6426594979691,17,031,800300,1,170318003001
0.0,17.0,17.0,0.0,17.0,0.0,38.0,0.0,0.0,0.0,33.0,25.0,69.0,0.8060254679476038,0.0,0.0,216.8060254679476,17,031,800300,2,170318003002
0.0,0.0,0.0,30.0,45.0,67.0,0.0,21.0,0.0,24.0,0.0,88.0,167.0,0.9590682783174019,0.0,0.0,442.9590682783174,17,031,800300,3,170318003003
0.0,0.0,0.0,0.0,0.0,0.0,21.0,0.0,0.0,0.0,48.0,87.0,72.0,0.21425993451771747,0.0,0.0,228.2142599345177,17,031,800400,1,170318004001
30.0,0.0,0.0,69.0,27.0,0.0,132.0,42.0,27.0,120.0,99.0,0.0,78.0,0.1530428103697982,0.0,0.0,624.1530428103698,17,031,800400,2,170318004002
49.0,0.0,14.0,17.0,0.0,43.0,0.0,0.0,0.0,0.0,43.0,58.0,32.0,0.49993984720800744,0.0,0.0,256.499939847208,17,031,800400,3,170318004003
48.0,16.0,61.0,10.0,24.0,45.0,16.0,42.0,0.0,10.0,16.0,0.0,138.0,0.8978511541694827,0.0,0.0,426.8978511541695,17,031,800500,1,170318005001
22.0,45.0,25.0,0.0,0.0,0.0,12.0,0.0,32.0,19.0,16.0,41.0,141.0,0.5203455552573139,0.0,0.0,353.52034555525734,17,031,800500,2,170318005002
0.0,0.0,26.0,0.0,0.0,0.0,0.0,0.0,0.0,23.0,53.0,0.0,197.0,0.20405708049306426,0.0,0.0,299.20405708049304,17,031,800500,3,170318005003
0.0,0.0,24.0,76.0,27.0,0.0,0.0,24.0,18.0,0.0,42.0,73.0,30.0,0.6529826575778056,0.0,0.0,314.6529826575778,17,031,800500,4,170318005004
62.0,0.0,0.0,0.0,29.0,0.0,0.0,62.0,0.0,84.0,0.0,29.0,36.0,0.0,0.0,0.0,302.0,17,031,800500,5,170318005005
17.0,0.0,0.0,0.0,0.0,0.0,0.0,44.0,10.0,41.0,41.0,183.0,155.0,0.4897369931833542,0.0,0.0,491.4897369931833,17,031,800600,1,170318006001
39.0,15.0,12.0,54.0,0.0,0.0,0.0,12.0,0.0,54.0,45.0,66.0,185.0,0.336694182813556,0.0,0.0,482.3366941828136,17,031,800600,2,170318006002
0.0,0.0,0.0,25.0,0.0,0.0,0.0,0.0,16.0,56.0,56.0,50.0,25.0,0.28567991269028997,0.0,0.0,228.28567991269028,17,031,800700,1,170318007001
0.0,0.0,25.0,0.0,64.0,0.0,32.0,28.0,28.0,67.0,122.0,77.0,276.0,1.734485184191046,0.0,0.0,720.734485184191,17,031,800700,2,170318007002
28.0,0.0,0.0,0.0,0.0,0.0,23.0,26.0,37.0,34.0,23.0,182.0,34.0,0.6121712414791928,0.0,0.0,387.6121712414792,17,031,800700,3,170318007003
0.0,0.0,0.0,0.0,0.0,33.0,0.0,56.0,47.0,98.0,160.0,98.0,70.0,1.203936774909079,0.0,0.0,563.203936774909,17,031,800700,4,170318007004
70.0,24.0,45.0,76.0,24.0,67.0,115.0,112.0,63.0,207.0,223.0,164.0,203.0,2.346656425670239,0.0,0.0,1395.3466564256703,17,031,800800,1,170318008001
13.0,13.0,0.0,60.0,0.0,77.0,101.0,13.0,0.0,23.0,135.0,27.0,135.0,1.5100223956486754,0.0,0.0,598.5100223956487,17,031,800900,1,170318009001
16.0,0.0,33.0,29.0,0.0,65.0,19.0,16.0,0.0,0.0,55.0,55.0,36.0,0.0,0.0,0.0,324.0,17,031,800900,2,170318009002
0.0,14.0,0.0,0.0,44.0,0.0,20.0,29.0,41.0,23.0,196.0,279.0,139.0,1.6936737680924332,0.0,0.0,786.6936737680925,17,031,800900,3,170318009003
15.0,36.0,57.0,150.0,33.0,69.0,66.0,0.0,0.0,147.0,0.0,162.0,51.0,2.111990783103215,0.0,0.0,788.1119907831032,17,031,800900,4,170318009004
0.0,35.0,0.0,0.0,0.0,20.0,25.0,55.0,0.0,100.0,45.0,75.0,82.0,0.0,0.0,0.0,437.0,17,031,801000,1,170318010001
115.0,28.0,0.0,46.0,26.0,40.0,0.0,75.0,0.0,49.0,118.0,121.0,141.0,0.4081141609861285,0.0,0.0,759.4081141609861,17,031,801000,2,170318010002
18.0,67.0,57.0,36.0,61.0,28.0,53.0,32.0,30.0,228.0,63.0,210.0,83.0,1.0406911105146277,0.0,0.0,967.0406911105147,17,031,801000,3,170318010003
72.0,23.0,0.0,26.0,60.0,26.0,0.0,37.0,0.0,26.0,0.0,170.0,161.0,2.356859279694892,0.0,0.0,603.3568592796948,17,031,801000,4,170318010004
26.0,0.0,0.0,0.0,0.0,0.0,0.0,26.0,0.0,65.0,62.0,111.0,19.0,0.2958827667149432,0.0,0.0,309.29588276671495,17,031,801100,1,170318011001
22.0,17.0,0.0,17.0,0.0,22.0,80.0,115.0,0.0,85.0,83.0,0.0,75.0,0.22446278854237067,0.0,0.0,516.2244627885424,17,031,801100,2,170318011002
0.0,0.0,0.0,45.0,19.0,68.0,25.0,39.0,0.0,54.0,102.0,62.0,173.0,1.5100223956486754,0.0,0.0,588.5100223956487,17,031,801100,3,170318011003
26.0,0.0,95.0,0.0,0.0,108.0,19.0,23.0,0.0,111.0,29.0,105.0,282.0,0.2958827667149432,0.0,0.0,798.295882766715,17,031,801100,4,170318011004
39.0,21.0,15.0,21.0,0.0,47.0,0.0,13.0,15.0,37.0,0.0,106.0,230.0,1.4283995634514497,0.0,0.0,545.4283995634514,17,031,801200,1,170318012001
119.0,0.0,0.0,0.0,0.0,0.0,0.0,0.0,0.0,0.0,19.0,22.0,0.0,0.3877084529368221,0.0,0.0,160.38770845293683,17,031,801200,2,170318012002
33.0,0.0,16.0,0.0,71.0,76.0,71.0,31.0,45.0,52.0,74.0,88.0,52.0,1.3569795852788773,0.0,0.0,610.3569795852789,17,031,801200,3,170318012003
56.0,0.0,21.0,0.0,0.0,21.0,61.0,26.0,21.0,18.0,24.0,120.0,101.0,0.2958827667149432,0.0,0.0,469.29588276671495,17,031,801300,1,170318013001
51.0,22.0,22.0,22.0,22.0,0.0,0.0,25.0,28.0,196.0,108.0,188.0,48.0,0.867242592095523,0.0,0.0,732.8672425920955,17,031,801300,2,170318013002
0.0,29.0,0.0,0.0,0.0,0.0,0.0,32.0,26.0,0.0,0.0,180.0,59.0,0.36730274488751563,0.0,0.0,326.3673027448875,17,031,801300,3,170318013003
53.0,71.0,48.0,0.0,0.0,20.0,0.0,51.0,61.0,23.0,102.0,221.0,43.0,0.336694182813556,0.0,0.0,693.3366941828135,17,031,801300,4,170318013004
0.0,27.0,53.0,100.0,0.0,0.0,30.0,36.0,27.0,61.0,122.0,153.0,145.0,1.2141396289337323,0.0,0.0,755.2141396289337,17,031,801400,1,170318014001
23.0,124.0,26.0,0.0,23.0,66.0,18.0,23.0,0.0,121.0,180.0,169.0,246.0,1.775296600289659,0.0,0.0,1020.7752966002896,17,031,801400,2,170318014002
99.0,59.0,21.0,121.0,161.0,166.0,78.0,83.0,0.0,49.0,197.0,235.0,104.0,1.2549510450323451,0.0,0.0,1374.2549510450324,17,031,801500,1,170318015001
0.0,0.0,76.0,0.0,0.0,56.0,223.0,33.0,0.0,83.0,76.0,93.0,187.0,2.214019323349747,0.0,0.0,829.2140193233497,17,031,801500,2,170318015002
149.0,25.0,71.0,125.0,205.0,71.0,25.0,28.0,0.0,89.0,25.0,185.0,190.0,0.5203455552573139,0.0,0.0,1188.5203455552573,17,031,801500,3,170318015003
0.0,82.0,92.0,18.0,109.0,75.0,28.0,156.0,2.0,85.0,170.0,187.0,272.0,2.4588878199414244,0.0,0.0,1278.4588878199415,17,031,801601,1,170318016011
22.0,0.0,44.0,132.0,27.0,44.0,0.0,88.0,27.0,121.0,191.0,296.0,249.0,0.8978511541694827,0.0,0.0,1241.8978511541695,17,031,801601,2,170318016012
0.0,0.0,0.0,50.0,25.0,36.0,25.0,0.0,47.0,103.0,263.0,148.0,229.0,0.0,0.0,0.0,926.0,17,031,801603,1,170318016031
246.0,109.0,99.0,175.0,260.0,220.0,346.0,66.0,37.0,225.0,241.0,127.0,225.0,0.6427798035531523,0.0,0.0,2376.6427798035534,17,031,801603,2,170318016032
35.0,66.0,61.0,61.0,30.0,33.0,89.0,70.0,0.0,96.0,33.0,153.0,224.0,0.28567991269028997,0.0,0.0,951.2856799126903,17,031,801605,1,170318016051
0.0,0.0,40.0,35.0,0.0,177.0,0.0,0.0,49.0,68.0,76.0,73.0,30.0,0.8876483001448295,0.0,0.0,548.8876483001449,17,031,801605,2,170318016052
33.0,28.0,136.0,0.0,55.0,92.0,112.0,35.0,68.0,0.0,57.0,209.0,88.0,1.96915082675807,0.0,0.0,914.9691508267581,17,031,801605,3,170318016053
0.0,31.0,54.0,0.0,34.0,0.0,0.0,0.0,0.0,0.0,66.0,24.0,100.0,1.5508338117472884,0.0,0.0,310.5508338117473,17,031,801605,4,170318016054
0.0,0.0,0.0,0.0,0.0,0.0,0.0,0.0,0.0,0.0,0.0,108.0,48.0,0.5203455552573139,0.0,0.0,156.5203455552573,17,031,801605,5,170318016055
0.0,51.0,64.0,0.0,0.0,0.0,0.0,0.0,0.0,0.0,35.0,64.0,32.0,0.7244026357503781,0.0,0.0,246.72440263575038,17,031,801606,1,170318016061
0.0,0.0,46.0,37.0,29.0,0.0,0.0,26.0,35.0,0.0,75.0,29.0,160.0,0.9488654242927488,0.0,0.0,437.94886542429276,17,031,801606,2,170318016062
0.0,0.0,87.0,68.0,37.0,0.0,0.0,43.0,0.0,28.0,0.0,203.0,184.0,2.1323964911525213,0.0,0.0,652.1323964911526,17,031,801606,3,170318016063
0.0,96.0,111.0,0.0,0.0,27.0,0.0,27.0,0.0,42.0,0.0,117.0,90.0,2.2650335934730133,0.0,0.0,512.265033593473,17,031,801606,4,170318016064
69.0,44.0,67.0,119.0,54.0,44.0,52.0,92.0,30.0,25.0,227.0,171.0,171.0,0.7039969277010717,0.0,0.0,1165.7039969277012,17,031,801606,5,170318016065
24.0,35.0,0.0,0.0,95.0,62.0,0.0,111.0,0.0,133.0,19.0,133.0,141.0,2.060976512979949,0.0,0.0,755.06097651298,17,031,801607,1,170318016071
64.0,40.0,0.0,64.0,153.0,21.0,18.0,21.0,78.0,121.0,64.0,236.0,190.0,1.6936737680924332,0.0,0.0,1071.6936737680924,17,031,801607,2,170318016072
44.0,88.0,65.0,185.0,0.0,10.0,104.0,180.0,161.0,99.0,146.0,242.0,203.0,3.132276185568536,0.0,0.0,1530.1322761855686,17,031,801607,3,170318016073
0.0,30.0,82.0,24.0,70.0,118.0,104.0,0.0,36.0,78.0,100.0,134.0,136.0,1.203936774909079,0.0,0.0,913.203936774909,17,031,801608,1,170318016081
102.0,0.0,48.0,146.0,135.0,0.0,22.0,91.0,22.0,46.0,115.0,63.0,193.0,0.336694182813556,0.0,0.0,983.3366941828135,17,031,801608,2,170318016082
90.0,0.0,48.0,0.0,48.0,0.0,0.0,0.0,0.0,38.0,55.0,97.0,0.0,0.3877084529368221,0.0,0.0,376.3877084529368,17,031,801608,3,170318016083
29.0,0.0,0.0,163.0,34.0,121.0,54.0,222.0,0.0,182.0,108.0,155.0,212.0,2.8670019809275527,0.0,0.0,1282.8670019809276,17,031,801608,4,170318016084
56.0,50.0,0.0,56.0,0.0,0.0,0.0,91.0,44.0,44.0,115.0,230.0,177.0,2.499699236040037,0.0,0.0,865.49969923604,17,031,801701,1,170318017011
0.0,0.0,0.0,29.0,0.0,22.0,114.0,32.0,26.0,26.0,0.0,241.0,101.0,2.5609163601879565,0.0,0.0,593.560916360188,17,031,801701,2,170318017012
24.0,28.0,35.0,0.0,28.0,0.0,0.0,31.0,0.0,0.0,63.0,95.0,137.0,1.6834709140677802,0.0,0.0,442.68347091406775,17,031,801702,1,170318017021
36.0,21.0,61.0,0.0,0.0,33.0,27.0,0.0,0.0,73.0,95.0,205.0,178.0,0.49993984720800744,0.0,0.0,729.499939847208,17,031,801702,2,170318017022
137.0,46.0,28.0,0.0,83.0,93.0,67.0,18.0,41.0,57.0,197.0,78.0,70.0,1.3977910013774901,0.0,0.0,916.3977910013775,17,031,801702,3,170318017023
44.0,0.0,0.0,44.0,23.0,0.0,0.0,0.0,0.0,21.0,105.0,0.0,65.0,1.0917053806378938,0.0,0.0,303.0917053806379,17,031,801702,4,170318017024
18.0,33.0,83.0,37.0,43.0,0.0,27.0,33.0,40.0,154.0,114.0,123.0,330.0,1.9181365566348039,0.0,0.0,1036.9181365566349,17,031,801800,1,170318018001
24.0,0.0,0.0,0.0,0.0,45.0,24.0,43.0,49.0,0.0,108.0,127.0,30.0,1.203936774909079,0.0,0.0,451.2039367749091,17,031,801800,2,170318018002
32.0,29.0,0.0,0.0,0.0,27.0,91.0,0.0,191.0,0.0,108.0,108.0,199.0,0.8264311759969102,0.0,0.0,785.826431175997,17,031,801800,3,170318018003
33.0,30.0,64.0,0.0,0.0,0.0,28.0,81.0,51.0,107.0,163.0,151.0,115.0,0.908054008194136,0.0,0.0,823.9080540081941,17,031,801800,4,170318018004
0.0,101.0,90.0,0.0,86.0,88.0,38.0,75.0,146.0,218.0,293.0,313.0,185.0,1.775296600289659,0.0,0.0,1634.7752966002897,17,031,801901,1,170318019011
41.0,51.0,107.0,68.0,58.0,78.0,21.0,39.0,117.0,85.0,80.0,253.0,139.0,0.7652140518489909,0.0,0.0,1137.765214051849,17,031,801901,2,170318019012
19.0,0.0,33.0,16.0,21.0,0.0,30.0,109.0,0.0,21.0,0.0,114.0,9.0,0.19385422646841105,0.0,0.0,372.19385422646843,17,031,801901,3,170318019013
0.0,18.0,0.0,0.0,25.0,22.0,0.0,31.0,22.0,34.0,72.0,28.0,113.0,1.7650937462650058,0.0,0.0,366.765093746265,17,031,801902,1,170318019021
21.0,0.0,0.0,21.0,63.0,21.0,0.0,0.0,0.0,112.0,45.0,49.0,190.0,0.9998796944160149,0.0,0.0,522.999879694416,17,031,801902,2,170318019022
0.0,48.0,15.0,120.0,33.0,23.0,17.0,17.0,38.0,43.0,118.0,30.0,51.0,0.20405708049306426,0.0,0.0,553.204057080493,17,031,801902,3,170318019023
29.0,0.0,58.0,29.0,241.0,58.0,35.0,26.0,117.0,196.0,137.0,470.0,408.0,2.4282792578674646,0.0,0.0,1806.4282792578674,17,031,802002,1,170318020021
0.0,32.0,87.0,32.0,81.0,61.0,165.0,29.0,29.0,65.0,334.0,383.0,165.0,1.9487451187087637,0.0,0.0,1464.9487451187088,17,031,802002,2,170318020022
30.0,55.0,101.0,43.0,86.0,222.0,74.0,89.0,129.0,166.0,58.0,389.0,457.0,1.4181967094267967,0.0,0.0,1900.4181967094269,17,031,802003,1,170318020031
39.0,0.0,31.0,0.0,28.0,68.0,36.0,55.0,39.0,120.0,186.0,131.0,36.0,0.0,0.0,0.0,769.0,17,031,802004,1,170318020041
141.0,0.0,547.0,83.0,0.0,215.0,122.0,0.0,212.0,0.0,0.0,35.0,0.0,0.3877084529368221,0.0,0.0,1355.3877084529367,17,031,802004,2,170318020042
150.0,37.0,80.0,171.0,0.0,0.0,117.0,72.0,72.0,150.0,109.0,206.0,187.0,1.4181967094267967,0.0,0.0,1352.4181967094269,17,031,802004,3,170318020043
199.0,20.0,34.0,0.0,132.0,111.0,18.0,111.0,60.0,155.0,185.0,171.0,69.0,0.0,0.0,0.0,1265.0,17,031,802004,4,170318020044
0.0,46.0,11.0,0.0,63.0,0.0,23.0,0.0,0.0,20.0,20.0,25.0,37.0,0.7346054897750313,0.0,0.0,245.73460548977502,17,031,802100,1,170318021001
26.0,71.0,0.0,0.0,0.0,0.0,0.0,56.0,29.0,26.0,127.0,47.0,59.0,0.14283995634514499,0.0,0.0,441.14283995634514,17,031,802100,2,170318021002
0.0,0.0,69.0,37.0,23.0,87.0,34.0,78.0,26.0,69.0,121.0,307.0,95.0,0.7652140518489909,0.0,0.0,946.765214051849,17,031,802100,3,170318021003
0.0,0.0,0.0,116.0,24.0,24.0,0.0,30.0,0.0,0.0,46.0,82.0,42.0,0.530548409281967,0.0,0.0,364.53054840928195,17,031,802200,1,170318022001
135.0,31.0,15.0,69.0,50.0,41.0,60.0,28.0,97.0,82.0,33.0,116.0,157.0,0.8570397380708699,0.0,0.0,914.8570397380709,17,031,802200,2,170318022002
37.0,65.0,35.0,15.0,35.0,153.0,20.0,80.0,20.0,82.0,95.0,170.0,97.0,1.8365137244375782,0.0,0.0,905.8365137244376,17,031,802200,3,170318022003
509.0,120.0,162.0,165.0,172.0,273.0,63.0,28.0,28.0,323.0,469.0,450.0,311.0,2.163005053226481,0.0,0.0,3075.1630050532267,17,031,802300,1,170318023001
0.0,65.0,301.0,96.0,47.0,125.0,70.0,86.0,23.0,146.0,191.0,170.0,86.0,0.7958226139229506,0.0,0.0,1406.7958226139228,17,031,802402,1,170318024021
0.0,75.0,31.0,34.0,73.0,43.0,58.0,0.0,43.0,109.0,126.0,190.0,43.0,1.6630652060184736,0.0,0.0,826.6630652060185,17,031,802402,2,170318024022
270.0,72.0,112.0,51.0,33.0,65.0,26.0,12.0,39.0,99.0,51.0,94.0,67.0,0.0,0.0,0.0,991.0,17,031,802402,3,170318024023
79.0,0.0,46.0,342.0,72.0,237.0,0.0,0.0,36.0,43.0,108.0,72.0,57.0,0.9488654242927488,0.0,0.0,1092.9488654242928,17,031,802402,4,170318024024
48.0,43.0,19.0,78.0,33.0,66.0,120.0,73.0,76.0,158.0,203.0,189.0,182.0,0.9386625702680955,0.0,0.0,1288.9386625702682,17,031,802403,1,170318024031
189.0,275.0,0.0,41.0,0.0,0.0,57.0,244.0,122.0,452.0,179.0,215.0,184.0,0.7346054897750313,0.0,0.0,1958.734605489775,17,031,802404,1,170318024041
262.0,63.0,34.0,80.0,281.0,142.0,105.0,173.0,61.0,470.0,203.0,115.0,213.0,0.0,0.0,0.0,2202.0,17,031,802404,2,170318024042
31.0,0.0,0.0,86.0,31.0,112.0,222.0,0.0,37.0,0.0,112.0,52.0,124.0,0.37750559891216884,0.0,0.0,807.3775055989122,17,031,802404,3,170318024043
198.0,319.0,72.0,83.0,83.0,155.0,65.0,108.0,0.0,193.0,112.0,227.0,45.0,0.3162884747642496,0.0,0.0,1660.3162884747642,17,031,802404,4,170318024044
0.0,67.0,0.0,0.0,0.0,0.0,28.0,28.0,81.0,76.0,149.0,183.0,155.0,1.1733282128351195,0.0,0.0,768.1733282128351,17,031,802503,1,170318025031
208.0,110.0,79.0,64.0,153.0,56.0,18.0,0.0,0.0,249.0,305.0,201.0,172.0,0.22446278854237067,0.0,0.0,1615.2244627885423,17,031,802503,2,170318025032
73.0,32.0,0.0,32.0,29.0,127.0,0.0,32.0,0.0,78.0,274.0,263.0,301.0,2.0201650968813363,0.0,0.0,1243.0201650968813,17,031,802503,3,170318025033
0.0,0.0,30.0,33.0,33.0,186.0,45.0,42.0,0.0,42.0,143.0,115.0,42.0,0.36730274488751563,0.0,0.0,711.3673027448875,17,031,802503,4,170318025034
26.0,66.0,49.0,128.0,69.0,33.0,72.0,89.0,224.0,102.0,207.0,102.0,234.0,1.2447481910076919,0.0,0.0,1402.2447481910076,17,031,802504,1,170318025041
0.0,27.0,27.0,61.0,0.0,58.0,0.0,52.0,0.0,214.0,183.0,367.0,183.0,0.0,0.0,0.0,1172.0,17,031,802504,2,170318025042
0.0,0.0,37.0,64.0,84.0,94.0,80.0,0.0,37.0,283.0,289.0,289.0,289.0,1.061096818563934,0.0,0.0,1547.061096818564,17,031,802504,3,170318025043
80.0,38.0,86.0,115.0,60.0,0.0,48.0,0.0,0.0,64.0,224.0,182.0,144.0,3.550593200579318,0.0,0.0,1044.5505932005792,17,031,802504,4,170318025044
148.0,216.0,40.0,49.0,271.0,265.0,182.0,129.0,37.0,293.0,475.0,519.0,98.0,0.37750559891216884,0.0,0.0,2722.377505598912,17,031,802505,1,170318025051
0.0,0.0,0.0,0.0,0.0,146.0,0.0,0.0,121.0,87.0,105.0,332.0,0.0,0.6325769495284992,0.0,0.0,791.6325769495285,17,031,802505,2,170318025052
190.0,182.0,66.0,137.0,250.0,147.0,208.0,221.0,132.0,322.0,324.0,493.0,271.0,1.346776731254224,0.0,0.0,2944.346776731254,17,031,802505,3,170318025053
0.0,36.0,115.0,48.0,155.0,66.0,106.0,48.0,12.0,231.0,161.0,261.0,79.0,0.3979113069614753,0.0,0.0,1318.3979113069615,17,031,802506,1,170318025061
259.0,0.0,0.0,41.0,156.0,80.0,0.0,57.0,144.0,87.0,68.0,129.0,57.0,0.2652742046409835,0.0,0.0,1078.265274204641,17,031,802506,2,170318025062
107.0,0.0,36.0,36.0,0.0,93.0,0.0,45.0,112.0,199.0,368.0,130.0,0.0,0.9284597162434424,0.0,0.0,1126.9284597162434,17,031,802605,1,170318026051
0.0,27.0,73.0,95.0,85.0,219.0,76.0,54.0,28.0,161.0,175.0,151.0,45.0,0.9284597162434424,0.0,0.0,1189.9284597162434,17,031,802605,2,170318026052
40.0,0.0,40.0,0.0,86.0,0.0,0.0,0.0,0.0,0.0,69.0,371.0,182.0,2.438482111892118,0.0,0.0,790.4384821118921,17,031,802605,3,170318026053
0.0,0.0,0.0,0.0,38.0,0.0,118.0,66.0,0.0,55.0,167.0,431.0,107.0,2.193613615300441,0.0,0.0,984.1936136153005,17,031,802605,4,170318026054
61.0,34.0,0.0,47.0,0.0,61.0,47.0,47.0,36.0,127.0,141.0,239.0,175.0,0.673388365627112,0.0,0.0,1015.6733883656271,17,031,802605,5,170318026055
14.0,0.0,31.0,14.0,45.0,33.0,42.0,107.0,172.0,33.0,192.0,175.0,155.0,0.28567991269028997,0.0,0.0,1013.2856799126903,17,031,802607,1,170318026071
50.0,62.0,40.0,83.0,81.0,83.0,88.0,95.0,22.0,327.0,262.0,147.0,182.0,0.9386625702680955,0.0,0.0,1522.9386625702682,17,031,802608,1,170318026081
96.0,114.0,56.0,249.0,107.0,114.0,81.0,30.0,158.0,198.0,354.0,300.0,224.0,2.4894963820153837,0.0,0.0,2083.489496382015,17,031,802608,2,170318026082
0.0,0.0,0.0,37.0,31.0,0.0,31.0,0.0,37.0,31.0,218.0,232.0,60.0,1.9283394106594571,0.0,0.0,678.9283394106594,17,031,802608,3,170318026083
21.0,29.0,52.0,50.0,73.0,70.0,80.0,77.0,0.0,47.0,201.0,131.0,148.0,0.0,0.0,0.0,979.0,17,031,802608,4,170318026084
171.0,0.0,111.0,68.0,117.0,0.0,0.0,136.0,51.0,368.0,324.0,343.0,98.0,1.3059653151556112,0.0,0.0,1788.3059653151556,17,031,802609,1,170318026091
117.0,0.0,0.0,139.0,117.0,0.0,0.0,0.0,0.0,0.0,158.0,275.0,0.0,0.0,0.0,0.0,806.0,17,031,802609,2,170318026092
49.0,111.0,76.0,70.0,89.0,57.0,105.0,31.0,93.0,84.0,252.0,281.0,103.0,0.0,0.0,0.0,1401.0,17,031,802609,3,170318026093
241.0,28.0,36.0,178.0,184.0,187.0,178.0,247.0,181.0,136.0,167.0,284.0,48.0,0.28567991269028997,0.0,0.0,2095.2856799126903,17,031,802609,4,170318026094
17.0,48.0,48.0,80.0,94.0,14.0,41.0,106.0,19.0,31.0,82.0,408.0,204.0,1.6528623519938204,0.0,0.0,1193.652862351994,17,031,802610,1,170318026101
75.0,0.0,0.0,90.0,363.0,56.0,184.0,84.0,131.0,394.0,622.0,81.0,140.0,0.0,0.0,0.0,2220.0,17,031,802701,1,170318027011
0.0,0.0,35.0,0.0,0.0,0.0,0.0,132.0,64.0,125.0,289.0,529.0,189.0,1.5304281036979819,0.0,0.0,1364.530428103698,17,031,802701,2,170318027012
0.0,47.0,0.0,36.0,16.0,33.0,0.0,36.0,0.0,0.0,38.0,227.0,191.0,0.5917655334298864,0.0,0.0,624.5917655334299,17,031,802701,3,170318027013
57.0,0.0,32.0,0.0,68.0,0.0,57.0,171.0,0.0,106.0,139.0,196.0,141.0,1.9181365566348039,0.0,0.0,968.9181365566347,17,031,802701,4,170318027014
94.0,116.0,118.0,87.0,131.0,24.0,61.0,102.0,76.0,148.0,109.0,260.0,87.0,1.0406911105146277,0.0,0.0,1414.0406911105147,17,031,802702,1,170318027021
60.0,123.0,0.0,0.0,22.0,0.0,129.0,88.0,0.0,68.0,79.0,566.0,283.0,1.3671824393035306,0.0,0.0,1419.3671824393036,17,031,802702,2,170318027022
41.0,31.0,0.0,0.0,28.0,28.0,0.0,34.0,0.0,28.0,91.0,116.0,151.0,1.4181967094267967,0.0,0.0,549.4181967094268,17,031,802702,3,170318027023
0.0,0.0,37.0,35.0,40.0,0.0,20.0,40.0,116.0,83.0,65.0,63.0,27.0,0.45912843110939455,0.0,0.0,526.4591284311094,17,031,802801,1,170318028011
106.0,0.0,21.0,228.0,0.0,0.0,66.0,103.0,69.0,27.0,121.0,42.0,197.0,2.101787929078562,0.0,0.0,982.1017879290786,17,031,802801,2,170318028012
0.0,29.0,20.0,0.0,0.0,20.0,0.0,0.0,0.0,62.0,235.0,68.0,41.0,0.2958827667149432,0.0,0.0,475.29588276671495,17,031,802801,3,170318028013
0.0,0.0,49.0,0.0,71.0,44.0,0.0,19.0,46.0,44.0,146.0,146.0,30.0,1.061096818563934,0.0,0.0,596.0610968185639,17,031,802801,4,170318028014
0.0,25.0,0.0,25.0,31.0,0.0,56.0,50.0,0.0,56.0,37.0,157.0,148.0,1.6936737680924332,0.0,0.0,586.6936737680925,17,031,802801,5,170318028015
0.0,34.0,0.0,0.0,0.0,147.0,0.0,326.0,0.0,72.0,135.0,75.0,401.0,1.1427196507611599,0.0,0.0,1191.1427196507611,17,031,802802,1,170318028021
117.0,0.0,0.0,42.0,0.0,0.0,0.0,130.0,135.0,115.0,72.0,245.0,227.0,0.5611569713559267,0.0,0.0,1083.561156971356,17,031,802802,2,170318028022
0.0,0.0,67.0,165.0,110.0,35.0,0.0,25.0,0.0,27.0,140.0,170.0,353.0,1.7140794761417397,0.0,0.0,1093.7140794761417,17,031,802802,3,170318028023
0.0,53.0,45.0,45.0,0.0,48.0,0.0,0.0,0.0,172.0,124.0,155.0,82.0,1.9895565348073765,0.0,0.0,725.9895565348073,17,031,802802,4,170318028024
0.0,0.0,0.0,153.0,101.0,133.0,160.0,41.0,32.0,46.0,39.0,49.0,143.0,1.0815025266132405,0.0,0.0,898.0815025266132,17,031,802802,5,170318028025
103.0,0.0,0.0,32.0,0.0,65.0,32.0,68.0,27.0,98.0,38.0,76.0,32.0,1.2753567530816516,0.0,0.0,572.2753567530816,17,031,802900,1,170318029001
35.0,100.0,0.0,32.0,25.0,30.0,98.0,0.0,0.0,27.0,65.0,312.0,98.0,1.2855596071063047,0.0,0.0,823.2855596071063,17,031,802900,2,170318029002
0.0,0.0,78.0,127.0,134.0,124.0,0.0,0.0,149.0,112.0,230.0,171.0,243.0,5.0606155962279935,0.0,0.0,1373.060615596228,17,031,802900,3,170318029003
38.0,0.0,0.0,0.0,74.0,0.0,0.0,0.0,76.0,29.0,207.0,145.0,150.0,0.9896768403913616,0.0,0.0,719.9896768403913,17,031,802900,4,170318029004
33.0,0.0,0.0,27.0,0.0,0.0,21.0,102.0,0.0,111.0,30.0,96.0,78.0,1.101908234662547,0.0,0.0,499.1019082346626,17,031,803005,1,170318030051
134.0,87.0,89.0,34.0,57.0,91.0,51.0,185.0,69.0,153.0,183.0,250.0,38.0,0.8264311759969102,0.0,0.0,1421.826431175997,17,031,803005,2,170318030052
55.0,0.0,20.0,98.0,45.0,20.0,0.0,110.0,114.0,139.0,28.0,57.0,200.0,0.0,0.0,0.0,886.0,17,031,803007,1,170318030071
98.0,0.0,33.0,0.0,0.0,0.0,56.0,0.0,0.0,123.0,73.0,120.0,0.0,3.468970368382092,0.0,0.0,506.4689703683821,17,031,803007,2,170318030072
30.0,213.0,177.0,0.0,52.0,85.0,0.0,0.0,63.0,90.0,127.0,180.0,459.0,1.6120509358952075,0.0,0.0,1477.6120509358952,17,031,803007,3,170318030073
68.0,28.0,41.0,20.0,23.0,73.0,0.0,225.0,20.0,175.0,115.0,167.0,251.0,0.6631855116024589,0.0,0.0,1206.6631855116025,17,031,803008,1,170318030081
0.0,0.0,0.0,44.0,25.0,25.0,0.0,41.0,22.0,119.0,19.0,145.0,97.0,1.3569795852788773,0.0,0.0,538.3569795852789,17,031,803008,2,170318030082
53.0,25.0,22.0,19.0,131.0,55.0,50.0,47.0,41.0,128.0,139.0,281.0,290.0,1.6222537899198608,0.0,0.0,1282.6222537899198,17,031,803008,3,170318030083
0.0,117.0,0.0,48.0,109.0,0.0,31.0,46.0,21.0,0.0,41.0,183.0,80.0,0.7958226139229506,0.0,0.0,676.795822613923,17,031,803010,1,170318030101
30.0,0.0,0.0,0.0,30.0,0.0,42.0,0.0,39.0,69.0,177.0,0.0,189.0,0.673388365627112,0.0,0.0,576.6733883656271,17,031,803010,2,170318030102
0.0,0.0,0.0,23.0,0.0,46.0,70.0,0.0,0.0,52.0,60.0,146.0,99.0,2.4690906739660776,0.0,0.0,498.4690906739661,17,031,803010,3,170318030103
99.0,16.0,19.0,0.0,57.0,0.0,35.0,40.0,21.0,119.0,228.0,230.0,287.0,1.9181365566348039,0.0,0.0,1152.9181365566349,17,031,803010,4,170318030104
0.0,14.0,37.0,107.0,102.0,70.0,117.0,248.0,105.0,189.0,259.0,397.0,205.0,0.37750559891216884,0.0,0.0,1850.3775055989122,17,031,803012,1,170318030121
160.0,99.0,215.0,150.0,219.0,32.0,190.0,215.0,127.0,54.0,198.0,188.0,52.0,1.1121110886872,0.0,0.0,1900.1121110886872,17,031,803013,1,170318030131
0.0,62.0,73.0,48.0,34.0,36.0,0.0,0.0,0.0,56.0,159.0,465.0,428.0,1.6222537899198608,0.0,0.0,1362.6222537899198,17,031,803013,2,170318030132
0.0,0.0,33.0,30.0,16.0,30.0,0.0,63.0,11.0,54.0,37.0,231.0,188.0,3.1934933097164557,0.0,0.0,696.1934933097165,17,031,803013,3,170318030133
22.0,35.0,151.0,24.0,27.0,77.0,0.0,145.0,57.0,244.0,277.0,305.0,220.0,0.7550111978243377,0.0,0.0,1584.7550111978244,17,031,803014,1,170318030141
124.0,97.0,188.0,20.0,0.0,115.0,35.0,120.0,16.0,115.0,107.0,140.0,155.0,1.152922504785813,0.0,0.0,1233.152922504786,17,031,803014,2,170318030142
19.0,25.0,16.0,48.0,59.0,25.0,33.0,0.0,48.0,186.0,148.0,233.0,273.0,1.7038766221170865,0.0,0.0,1114.7038766221171,17,031,803015,1,170318030151
50.0,240.0,77.0,231.0,80.0,66.0,180.0,41.0,0.0,254.0,96.0,0.0,137.0,1.3263710232049177,0.0,0.0,1453.326371023205,17,031,803015,2,170318030152
0.0,23.0,0.0,32.0,44.0,30.0,0.0,32.0,18.0,81.0,219.0,257.0,105.0,0.2550713506163303,0.0,0.0,841.2550713506163,17,031,803015,3,170318030153
59.0,64.0,78.0,37.0,80.0,40.0,80.0,51.0,56.0,177.0,379.0,470.0,182.0,1.775296600289659,0.0,0.0,1754.7752966002897,17,031,803016,1,170318030161
0.0,0.0,65.0,24.0,19.0,29.0,133.0,137.0,82.0,249.0,104.0,198.0,198.0,2.193613615300441,0.0,0.0,1240.1936136153004,17,031,803017,1,170318030171
19.0,0.0,54.0,117.0,0.0,78.0,0.0,0.0,47.0,332.0,172.0,446.0,81.0,2.877204834952206,0.0,0.0,1348.8772048349522,17,031,803017,2,170318030172
115.0,28.0,0.0,168.0,77.0,0.0,0.0,48.0,0.0,182.0,235.0,154.0,30.0,0.908054008194136,0.0,0.0,1037.908054008194,17,031,803017,3,170318030173
67.0,28.0,59.0,0.0,49.0,18.0,98.0,108.0,0.0,43.0,232.0,183.0,335.0,2.3670621337195454,0.0,0.0,1222.3670621337196,17,031,803100,1,170318031001
39.0,0.0,24.0,18.0,21.0,48.0,39.0,27.0,75.0,48.0,87.0,246.0,150.0,1.9589479727334167,0.0,0.0,823.9589479727334,17,031,803100,2,170318031002
57.0,27.0,0.0,43.0,30.0,71.0,90.0,0.0,106.0,101.0,153.0,284.0,128.0,0.9692711323420552,0.0,0.0,1090.969271132342,17,031,803200,1,170318032001
20.0,112.0,171.0,114.0,160.0,54.0,58.0,85.0,0.0,173.0,292.0,440.0,217.0,0.908054008194136,0.0,0.0,1896.908054008194,17,031,803200,2,170318032002
0.0,171.0,63.0,68.0,0.0,91.0,30.0,82.0,79.0,37.0,44.0,110.0,239.0,0.0,0.0,0.0,1014.0,17,031,803200,3,170318032003
29.0,0.0,61.0,156.0,0.0,83.0,147.0,204.0,67.0,180.0,215.0,519.0,185.0,1.9181365566348039,0.0,0.0,1847.9181365566349,17,031,803300,1,170318033001
250.0,175.0,103.0,23.0,58.0,56.0,116.0,25.0,0.0,75.0,16.0,202.0,197.0,1.6630652060184736,0.0,0.0,1297.6630652060185,17,031,803300,2,170318033002
14.0,76.0,107.0,0.0,141.0,96.0,35.0,0.0,94.0,82.0,173.0,157.0,196.0,0.2652742046409835,0.0,0.0,1171.265274204641,17,031,803300,3,170318033003
59.0,27.0,0.0,92.0,0.0,0.0,0.0,0.0,127.0,260.0,48.0,178.0,0.0,0.7958226139229506,0.0,0.0,791.795822613923,17,031,803400,1,170318034001
25.0,0.0,0.0,0.0,0.0,0.0,37.0,0.0,35.0,0.0,60.0,130.0,40.0,0.6631855116024589,0.0,0.0,327.6631855116025,17,031,803400,2,170318034002
0.0,0.0,0.0,139.0,0.0,0.0,0.0,76.0,0.0,0.0,76.0,0.0,45.0,1.8569194324868847,0.0,0.0,337.8569194324869,17,031,803400,3,170318034003
32.0,0.0,0.0,128.0,72.0,32.0,0.0,32.0,29.0,88.0,37.0,203.0,104.0,1.581442373821248,0.0,0.0,758.5814423738212,17,031,803400,4,170318034004
0.0,46.0,0.0,38.0,55.0,0.0,0.0,0.0,0.0,58.0,84.0,237.0,79.0,0.3877084529368221,0.0,0.0,597.3877084529369,17,031,803400,5,170318034005
0.0,0.0,0.0,31.0,39.0,29.0,102.0,36.0,39.0,53.0,29.0,254.0,225.0,1.724282330166393,0.0,0.0,838.7242823301664,17,031,803400,6,170318034006
59.0,0.0,119.0,34.0,0.0,0.0,63.0,0.0,0.0,31.0,93.0,78.0,29.0,0.0,0.0,0.0,506.0,17,031,803500,1,170318035001
0.0,0.0,42.0,0.0,0.0,0.0,0.0,0.0,0.0,0.0,107.0,174.0,134.0,2.4282792578674646,0.0,0.0,459.4282792578675,17,031,803500,2,170318035002
29.0,115.0,95.0,61.0,29.0,85.0,29.0,59.0,57.0,155.0,100.0,411.0,117.0,0.3162884747642496,0.0,0.0,1342.3162884747642,17,031,803500,3,170318035003
74.0,0.0,49.0,0.0,0.0,49.0,0.0,56.0,49.0,0.0,338.0,515.0,45.0,1.0712996725885873,0.0,0.0,1176.0712996725886,17,031,803500,4,170318035004
0.0,0.0,0.0,45.0,0.0,0.0,48.0,97.0,0.0,0.0,163.0,0.0,179.0,1.6630652060184736,0.0,0.0,533.6630652060185,17,031,803500,5,170318035005
0.0,37.0,0.0,140.0,174.0,34.0,182.0,39.0,26.0,47.0,185.0,286.0,201.0,1.4283995634514497,0.0,0.0,1352.4283995634514,17,031,803603,1,170318036031
0.0,0.0,27.0,0.0,33.0,0.0,0.0,41.0,0.0,204.0,44.0,157.0,179.0,0.0,0.0,0.0,685.0,17,031,803603,2,170318036032
31.0,45.0,0.0,36.0,0.0,0.0,76.0,45.0,34.0,73.0,116.0,303.0,380.0,2.54051065213865,0.0,0.0,1141.5405106521387,17,031,803603,3,170318036033
0.0,0.0,0.0,0.0,0.0,33.0,0.0,66.0,0.0,81.0,36.0,69.0,127.0,1.295762461130958,0.0,0.0,413.29576246113095,17,031,803603,4,170318036034
50.0,16.0,52.0,39.0,96.0,52.0,37.0,100.0,39.0,124.0,182.0,176.0,52.0,0.3979113069614753,0.0,0.0,1015.3979113069614,17,031,803604,1,170318036041
0.0,0.0,180.0,0.0,0.0,11.0,61.0,75.0,44.0,80.0,108.0,133.0,314.0,0.6223740955038459,0.0,0.0,1006.6223740955038,17,031,803604,2,170318036042
27.0,16.0,75.0,108.0,0.0,0.0,0.0,0.0,24.0,78.0,130.0,143.0,108.0,0.908054008194136,0.0,0.0,709.9080540081941,17,031,803604,3,170318036043
0.0,0.0,31.0,71.0,0.0,0.0,0.0,34.0,0.0,77.0,91.0,100.0,54.0,0.37750559891216884,0.0,0.0,458.3775055989122,17,031,803604,4,170318036044
0.0,42.0,31.0,0.0,0.0,42.0,85.0,0.0,105.0,0.0,187.0,153.0,136.0,1.295762461130958,0.0,0.0,782.295762461131,17,031,803605,1,170318036051
140.0,46.0,0.0,0.0,0.0,46.0,51.0,29.0,0.0,46.0,43.0,0.0,159.0,1.7957023083389654,0.0,0.0,561.795702308339,17,031,803605,2,170318036052
0.0,0.0,0.0,35.0,46.0,0.0,37.0,0.0,0.0,24.0,138.0,146.0,306.0,2.7037563165331013,0.0,0.0,734.7037563165331,17,031,803605,3,170318036053
304.0,194.0,46.0,154.0,0.0,104.0,101.0,70.0,249.0,135.0,819.0,511.0,486.0,0.0,0.0,0.0,3173.0,17,031,803605,4,170318036054
56.0,407.0,369.0,246.0,211.0,107.0,34.0,129.0,82.0,366.0,0.0,97.0,161.0,0.0,0.0,0.0,2265.0,17,031,803606,1,170318036061
159.0,0.0,249.0,163.0,387.0,0.0,232.0,73.0,168.0,418.0,120.0,176.0,137.0,0.0,0.0,0.0,2282.0,17,031,803606,2,170318036062
85.0,353.0,145.0,221.0,271.0,170.0,262.0,214.0,180.0,341.0,347.0,723.0,0.0,0.0,0.0,0.0,3312.0,17,031,803606,3,170318036063
0.0,56.0,233.0,65.0,0.0,82.0,130.0,20.0,74.0,236.0,165.0,133.0,0.0,0.0,0.0,0.0,1194.0,17,031,803606,4,170318036064
0.0,0.0,30.0,0.0,0.0,36.0,0.0,36.0,66.0,27.0,187.0,36.0,211.0,0.9488654242927488,0.0,0.0,629.9488654242928,17,031,803607,1,170318036071
26.0,0.0,0.0,29.0,0.0,26.0,32.0,74.0,0.0,53.0,17.0,137.0,269.0,1.4283995634514497,0.0,0.0,664.4283995634514,17,031,803607,2,170318036072
0.0,0.0,0.0,25.0,25.0,64.0,22.0,76.0,50.0,95.0,135.0,349.0,606.0,1.775296600289659,0.0,0.0,1448.7752966002897,17,031,803607,3,170318036073
29.0,0.0,0.0,0.0,27.0,0.0,51.0,0.0,0.0,133.0,97.0,252.0,122.0,1.3263710232049177,0.0,0.0,712.326371023205,17,031,803607,4,170318036074
40.0,56.0,0.0,53.0,59.0,43.0,78.0,62.0,124.0,96.0,112.0,127.0,187.0,1.5202252496733286,0.0,0.0,1038.5202252496733,17,031,803608,1,170318036081
117.0,102.0,81.0,152.0,43.0,141.0,47.0,121.0,195.0,229.0,559.0,291.0,298.0,0.5815626794052331,0.0,0.0,2376.581562679405,17,031,803608,2,170318036082
175.0,17.0,35.0,73.0,117.0,114.0,153.0,140.0,89.0,267.0,130.0,494.0,321.0,1.2447481910076919,0.0,0.0,2126.2447481910076,17,031,803608,3,170318036083
46.0,0.0,0.0,33.0,57.0,33.0,0.0,59.0,44.0,36.0,111.0,278.0,345.0,0.7652140518489909,0.0,0.0,1042.765214051849,17,031,803610,1,170318036101
0.0,0.0,0.0,0.0,0.0,26.0,68.0,20.0,107.0,77.0,279.0,147.0,64.0,0.37750559891216884,0.0,0.0,788.3775055989122,17,031,803610,2,170318036102
51.0,0.0,104.0,0.0,81.0,0.0,83.0,97.0,0.0,221.0,247.0,269.0,209.0,1.0815025266132405,0.0,0.0,1363.0815025266133,17,031,803610,3,170318036103
359.0,32.0,233.0,99.0,37.0,195.0,182.0,136.0,136.0,174.0,243.0,442.0,297.0,1.061096818563934,0.0,0.0,2566.061096818564,17,031,803610,4,170318036104
0.0,0.0,0.0,0.0,0.0,66.0,0.0,0.0,0.0,33.0,164.0,190.0,95.0,0.336694182813556,0.0,0.0,548.3366941828135,17,031,803611,1,170318036111
0.0,0.0,139.0,124.0,0.0,0.0,40.0,106.0,168.0,278.0,44.0,88.0,99.0,0.5917655334298864,0.0,0.0,1086.59176553343,17,031,803611,2,170318036112
92.0,0.0,52.0,236.0,132.0,0.0,205.0,0.0,135.0,82.0,187.0,224.0,150.0,0.3060856207395964,0.0,0.0,1495.3060856207396,17,031,803611,3,170318036113
0.0,0.0,24.0,0.0,30.0,0.0,24.0,49.0,57.0,94.0,75.0,100.0,53.0,0.5203455552573139,0.0,0.0,506.52034555525734,17,031,803611,4,170318036114
152.0,0.0,125.0,155.0,54.0,0.0,158.0,256.0,70.0,135.0,206.0,101.0,185.0,1.438602417476103,0.0,0.0,1598.4386024174762,17,031,803611,5,170318036115
58.0,0.0,198.0,187.0,300.0,231.0,124.0,139.0,110.0,216.0,473.0,172.0,0.0,0.673388365627112,0.0,0.0,2208.673388365627,17,031,803612,1,170318036121
67.0,14.0,14.0,20.0,18.0,43.0,90.0,166.0,129.0,160.0,109.0,201.0,189.0,0.5407512633066203,0.0,0.0,1220.5407512633067,17,031,803612,2,170318036122
78.0,8.0,0.0,84.0,70.0,8.0,15.0,94.0,43.0,94.0,145.0,96.0,120.0,0.336694182813556,0.0,0.0,855.3366941828135,17,031,803701,1,170318037011
109.0,63.0,123.0,61.0,104.0,70.0,20.0,22.0,61.0,66.0,88.0,109.0,120.0,1.4181967094267967,0.0,0.0,1017.4181967094268,17,031,803701,2,170318037012
0.0,34.0,0.0,27.0,23.0,0.0,0.0,0.0,57.0,94.0,139.0,55.0,0.0,0.9386625702680955,0.0,0.0,429.9386625702681,17,031,803702,1,170318037021
145.0,0.0,36.0,0.0,0.0,44.0,64.0,0.0,95.0,47.0,0.0,179.0,170.0,3.448564660332786,0.0,0.0,783.4485646603327,17,031,803702,2,170318037022
0.0,70.0,36.0,250.0,138.0,31.0,138.0,119.0,72.0,99.0,143.0,243.0,216.0,0.36730274488751563,0.0,0.0,1555.3673027448874,17,031,803702,3,170318037023
79.0,0.0,22.0,159.0,31.0,181.0,77.0,92.0,0.0,168.0,0.0,159.0,209.0,1.295762461130958,0.0,0.0,1178.295762461131,17,031,803702,4,170318037024
73.0,0.0,0.0,24.0,0.0,27.0,46.0,133.0,90.0,106.0,158.0,65.0,188.0,1.3875881473528369,0.0,0.0,911.3875881473529,17,031,803800,1,170318038001
0.0,0.0,0.0,0.0,24.0,51.0,0.0,0.0,58.0,31.0,93.0,186.0,217.0,0.27547705866563676,0.0,0.0,660.2754770586656,17,031,803800,2,170318038002
18.0,39.0,112.0,96.0,0.0,44.0,0.0,57.0,36.0,154.0,280.0,243.0,238.0,2.1834107612757876,0.0,0.0,1319.1834107612758,17,031,803800,3,170318038003
93.0,0.0,0.0,0.0,126.0,71.0,0.0,51.0,32.0,113.0,22.0,152.0,158.0,0.6529826575778056,0.0,0.0,818.6529826575778,17,031,803800,4,170318038004
70.0,53.0,161.0,92.0,152.0,204.0,67.0,35.0,82.0,109.0,307.0,240.0,36.0,1.1733282128351195,0.0,0.0,1609.173328212835,17,031,803901,1,170318039011
47.0,20.0,62.0,137.0,70.0,60.0,0.0,65.0,122.0,67.0,92.0,205.0,210.0,1.4488052715007562,0.0,0.0,1158.4488052715008,17,031,803901,2,170318039012
27.0,21.0,60.0,0.0,27.0,21.0,0.0,188.0,27.0,24.0,255.0,212.0,234.0,1.5100223956486754,0.0,0.0,1097.5100223956488,17,031,803902,1,170318039021
20.0,0.0,0.0,101.0,35.0,45.0,88.0,22.0,22.0,156.0,118.0,116.0,159.0,0.6937940736764184,0.0,0.0,882.6937940736764,17,031,803902,2,170318039022
26.0,33.0,70.0,83.0,0.0,52.0,101.0,20.0,0.0,70.0,177.0,323.0,83.0,0.3979113069614753,0.0,0.0,1038.3979113069615,17,031,803902,3,170318039023
66.0,0.0,109.0,43.0,35.0,102.0,35.0,40.0,158.0,224.0,221.0,237.0,239.0,1.8467165784622315,0.0,0.0,1510.8467165784623,17,031,804000,1,170318040001
76.0,66.0,41.0,153.0,49.0,74.0,123.0,251.0,219.0,244.0,244.0,479.0,316.0,1.101908234662547,0.0,0.0,2336.1019082346625,17,031,804000,2,170318040002
59.0,0.0,0.0,39.0,36.0,42.0,30.0,42.0,146.0,0.0,67.0,438.0,376.0,1.632456643944514,0.0,0.0,1276.6324566439446,17,031,804102,1,170318041021
0.0,0.0,0.0,0.0,68.0,68.0,33.0,63.0,0.0,73.0,185.0,96.0,162.0,1.346776731254224,0.0,0.0,749.3467767312542,17,031,804102,2,170318041022
111.0,40.0,38.0,0.0,101.0,43.0,93.0,162.0,27.0,264.0,124.0,35.0,269.0,2.4588878199414244,0.0,0.0,1309.4588878199415,17,031,804102,3,170318041023
0.0,0.0,29.0,0.0,90.0,23.0,0.0,32.0,58.0,151.0,122.0,372.0,250.0,1.0304882564899744,0.0,0.0,1128.03048825649,17,031,804104,1,170318041041
0.0,107.0,20.0,48.0,74.0,23.0,71.0,33.0,76.0,171.0,122.0,250.0,476.0,1.9283394106594571,0.0,0.0,1472.9283394106594,17,031,804104,2,170318041042
0.0,0.0,0.0,0.0,29.0,0.0,0.0,26.0,26.0,106.0,268.0,194.0,112.0,0.5101427012326606,0.0,0.0,761.5101427012327,17,031,804104,3,170318041043
0.0,24.0,0.0,0.0,0.0,0.0,66.0,0.0,21.0,66.0,57.0,176.0,413.0,2.5711192142126094,0.0,0.0,825.5711192142126,17,031,804105,1,170318041051
25.0,37.0,0.0,0.0,43.0,37.0,0.0,0.0,94.0,81.0,153.0,273.0,266.0,1.816108016388272,0.0,0.0,1010.8161080163883,17,031,804105,2,170318041052
38.0,27.0,0.0,0.0,0.0,25.0,0.0,0.0,33.0,69.0,47.0,102.0,58.0,1.8059051623636186,0.0,0.0,400.8059051623636,17,031,804105,3,170318041053
41.0,34.0,162.0,0.0,0.0,0.0,0.0,44.0,0.0,115.0,73.0,222.0,246.0,1.8365137244375782,0.0,0.0,938.8365137244376,17,031,804106,1,170318041061
49.0,0.0,33.0,27.0,57.0,68.0,77.0,74.0,349.0,0.0,327.0,341.0,275.0,0.7244026357503781,0.0,0.0,1677.7244026357503,17,031,804106,2,170318041062
66.0,49.0,49.0,109.0,0.0,0.0,0.0,0.0,80.0,0.0,150.0,199.0,115.0,0.5815626794052331,0.0,0.0,817.5815626794052,17,031,804106,3,170318041063
33.0,40.0,37.0,37.0,0.0,94.0,47.0,139.0,104.0,80.0,154.0,324.0,54.0,1.5406309577226351,0.0,0.0,1144.5406309577227,17,031,804106,4,170318041064
163.0,35.0,24.0,0.0,33.0,17.0,42.0,65.0,77.0,137.0,68.0,209.0,63.0,0.0,0.0,0.0,933.0,17,031,804108,1,170318041081
99.0,29.0,91.0,118.0,115.0,19.0,64.0,208.0,52.0,257.0,317.0,744.0,411.0,1.203936774909079,0.0,0.0,2525.203936774909,17,031,804108,2,170318041082
0.0,44.0,22.0,0.0,22.0,22.0,0.0,0.0,0.0,24.0,171.0,146.0,190.0,1.2855596071063047,0.0,0.0,642.2855596071063,17,031,804109,1,170318041091
126.0,210.0,18.0,70.0,56.0,45.0,89.0,18.0,0.0,170.0,35.0,299.0,106.0,0.908054008194136,0.0,0.0,1242.908054008194,17,031,804109,2,170318041092
80.0,48.0,150.0,45.0,26.0,0.0,0.0,32.0,48.0,112.0,101.0,198.0,268.0,1.2243424829583855,0.0,0.0,1109.2243424829585,17,031,804201,1,170318042011
55.0,47.0,143.0,0.0,164.0,0.0,281.0,0.0,0.0,79.0,0.0,170.0,170.0,1.7038766221170865,0.0,0.0,1110.7038766221171,17,031,804201,2,170318042012
124.0,0.0,85.0,0.0,0.0,0.0,39.0,45.0,52.0,0.0,104.0,183.0,284.0,1.1937339208844258,0.0,0.0,917.1937339208844,17,031,804201,3,170318042013
0.0,0.0,33.0,0.0,0.0,0.0,0.0,0.0,42.0,36.0,0.0,49.0,150.0,0.530548409281967,0.0,0.0,310.53054840928195,17,031,804201,4,170318042014
144.0,52.0,62.0,23.0,42.0,0.0,0.0,60.0,0.0,0.0,44.0,27.0,44.0,0.0,0.0,0.0,498.0,17,031,804202,1,170318042021
0.0,34.0,34.0,0.0,118.0,71.0,0.0,0.0,115.0,65.0,322.0,297.0,582.0,2.8670019809275527,0.0,0.0,1640.8670019809276,17,031,804202,2,170318042022
62.0,0.0,0.0,0.0,67.0,0.0,0.0,81.0,0.0,33.0,0.0,0.0,134.0,0.8774454461201763,0.0,0.0,377.8774454461202,17,031,804202,3,170318042023
0.0,0.0,0.0,40.0,86.0,89.0,40.0,77.0,0.0,287.0,71.0,509.0,312.0,6.519623721753403,0.0,0.0,1517.5196237217533,17,031,804202,4,170318042024
44.0,0.0,155.0,0.0,147.0,0.0,0.0,171.0,114.0,179.0,654.0,155.0,417.0,0.6223740955038459,0.0,0.0,2036.6223740955038,17,031,804305,1,170318043051
0.0,0.0,0.0,0.0,76.0,36.0,152.0,48.0,0.0,203.0,54.0,240.0,291.0,1.3569795852788773,0.0,0.0,1101.3569795852789,17,031,804305,2,170318043052
0.0,0.0,44.0,193.0,213.0,67.0,50.0,0.0,74.0,98.0,318.0,355.0,362.0,0.0,0.0,0.0,1774.0,17,031,804305,3,170318043053
0.0,0.0,89.0,103.0,64.0,100.0,139.0,259.0,164.0,133.0,443.0,315.0,343.0,1.5916452278459012,0.0,0.0,2153.5916452278457,17,031,804305,4,170318043054
0.0,16.0,233.0,37.0,44.0,74.0,169.0,57.0,128.0,322.0,311.0,325.0,274.0,2.346656425670239,0.0,0.0,1992.3466564256703,17,031,804306,1,170318043061
67.0,30.0,0.0,57.0,26.0,80.0,30.0,70.0,131.0,97.0,84.0,204.0,20.0,0.8876483001448295,0.0,0.0,896.8876483001449,17,031,804306,2,170318043062
53.0,0.0,0.0,119.0,97.0,0.0,110.0,323.0,35.0,0.0,633.0,274.0,22.0,1.346776731254224,0.0,0.0,1667.3467767312543,17,031,804306,3,170318043063
53.0,0.0,16.0,0.0,36.0,30.0,117.0,0.0,42.0,137.0,114.0,84.0,92.0,0.3979113069614753,0.0,0.0,721.3979113069614,17,031,804306,4,170318043064
0.0,79.0,108.0,27.0,0.0,0.0,104.0,0.0,73.0,156.0,207.0,455.0,226.0,1.0406911105146277,0.0,0.0,1436.0406911105147,17,031,804308,1,170318043081
0.0,70.0,160.0,36.0,0.0,160.0,81.0,129.0,25.0,273.0,425.0,245.0,335.0,2.356859279694892,0.0,0.0,1941.3568592796948,17,031,804308,2,170318043082
0.0,70.0,0.0,76.0,23.0,78.0,58.0,25.0,51.0,100.0,123.0,192.0,131.0,0.4897369931833542,0.0,0.0,927.4897369931833,17,031,804308,3,170318043083
21.0,18.0,83.0,34.0,18.0,170.0,124.0,136.0,248.0,210.0,313.0,223.0,145.0,0.49993984720800744,0.0,0.0,1743.499939847208,17,031,804309,1,170318043091
18.0,22.0,22.0,85.0,0.0,26.0,171.0,0.0,37.0,74.0,89.0,134.0,82.0,1.0202854024653212,0.0,0.0,761.0202854024653,17,031,804309,2,170318043092
211.0,32.0,0.0,34.0,60.0,134.0,57.0,0.0,23.0,317.0,317.0,461.0,106.0,1.5100223956486754,0.0,0.0,1753.5100223956488,17,031,804310,1,170318043101
51.0,154.0,0.0,157.0,110.0,260.0,95.0,73.0,0.0,154.0,223.0,550.0,796.0,0.0,0.0,0.0,2623.0,17,031,804310,2,170318043102
0.0,0.0,0.0,0.0,0.0,53.0,0.0,0.0,65.0,50.0,46.0,125.0,528.0,1.7854994543143121,0.0,0.0,868.7854994543143,17,031,804310,3,170318043103
60.0,38.0,0.0,0.0,0.0,0.0,117.0,104.0,44.0,133.0,79.0,497.0,139.0,3.101667623494577,0.0,0.0,1214.1016676234947,17,031,804310,4,170318043104
35.0,0.0,0.0,0.0,0.0,0.0,41.0,0.0,0.0,48.0,135.0,357.0,106.0,2.9486248131247783,0.0,0.0,724.9486248131248,17,031,804311,1,170318043111
273.0,250.0,84.0,125.0,114.0,331.0,236.0,98.0,280.0,141.0,838.0,1095.0,831.0,7.131794963232595,0.0,0.0,4703.131794963233,17,031,804311,2,170318043112
216.0,36.0,103.0,0.0,74.0,0.0,242.0,41.0,126.0,206.0,67.0,134.0,0.0,0.0,0.0,0.0,1245.0,17,031,804403,1,170318044031
47.0,47.0,21.0,185.0,161.0,71.0,69.0,30.0,0.0,28.0,57.0,28.0,128.0,0.42851986903543493,0.0,0.0,872.4285198690354,17,031,804403,2,170318044032
96.0,60.0,147.0,54.0,262.0,0.0,114.0,111.0,93.0,75.0,392.0,1120.0,332.0,5.387106925016896,0.0,0.0,2861.3871069250167,17,031,804403,3,170318044033
0.0,0.0,24.0,208.0,0.0,158.0,29.0,0.0,0.0,74.0,183.0,476.0,178.0,0.0,0.0,0.0,1330.0,17,031,804404,1,170318044041
0.0,0.0,0.0,101.0,0.0,26.0,127.0,35.0,0.0,118.0,246.0,114.0,88.0,1.4283995634514497,0.0,0.0,856.4283995634514,17,031,804404,2,170318044042
196.0,0.0,78.0,0.0,28.0,30.0,0.0,42.0,0.0,157.0,81.0,185.0,328.0,1.9181365566348039,0.0,0.0,1126.9181365566349,17,031,804404,3,170318044043
0.0,26.0,18.0,130.0,0.0,22.0,44.0,48.0,86.0,63.0,239.0,332.0,0.0,0.2958827667149432,0.0,0.0,1008.295882766715,17,031,804404,4,170318044044
33.0,0.0,150.0,259.0,62.0,71.0,96.0,0.0,171.0,636.0,188.0,305.0,259.0,1.5304281036979819,0.0,0.0,2231.530428103698,17,031,804405,1,170318044051
60.0,154.0,4.0,40.0,107.0,47.0,168.0,0.0,64.0,60.0,123.0,26.0,33.0,0.0,0.0,0.0,886.0,17,031,804405,2,170318044052
66.0,35.0,23.0,112.0,77.0,97.0,73.0,132.0,77.0,31.0,132.0,315.0,318.0,3.213899017765762,0.0,0.0,1491.2138990177657,17,031,804406,1,170318044061
85.0,0.0,0.0,0.0,52.0,77.0,56.0,211.0,446.0,515.0,430.0,369.0,142.0,1.4079938554021434,0.0,0.0,2384.4079938554023,17,031,804406,2,170318044062
59.0,175.0,46.0,103.0,141.0,141.0,10.0,42.0,86.0,137.0,88.0,154.0,67.0,0.23466564256702388,0.0,0.0,1249.234665642567,17,031,804406,3,170318044063
66.0,98.0,15.0,74.0,0.0,95.0,23.0,103.0,74.0,42.0,18.0,129.0,145.0,0.8570397380708699,0.0,0.0,882.8570397380709,17,031,804505,1,170318045051
0.0,49.0,0.0,0.0,49.0,49.0,31.0,58.0,72.0,214.0,165.0,432.0,69.0,0.2958827667149432,0.0,0.0,1188.2958827667148,17,031,804505,2,170318045052
21.0,39.0,0.0,128.0,48.0,90.0,60.0,100.0,31.0,35.0,235.0,260.0,96.0,0.0,0.0,0.0,1143.0,17,031,804505,3,170318045053
25.0,19.0,0.0,66.0,22.0,0.0,33.0,16.0,100.0,36.0,119.0,78.0,119.0,1.2141396289337323,0.0,0.0,634.2141396289337,17,031,804506,1,170318045061
52.0,21.0,23.0,52.0,0.0,23.0,0.0,15.0,26.0,0.0,142.0,195.0,205.0,2.5813220682372626,0.0,0.0,756.5813220682372,17,031,804506,2,170318045062
25.0,45.0,47.0,28.0,0.0,47.0,107.0,234.0,115.0,253.0,250.0,462.0,84.0,1.2651538990569984,0.0,0.0,1698.265153899057,17,031,804506,3,170318045063
48.0,63.0,0.0,214.0,0.0,0.0,0.0,132.0,471.0,130.0,509.0,418.0,555.0,3.009841937272698,0.0,0.0,2543.0098419372725,17,031,804507,1,170318045071
0.0,0.0,170.0,196.0,0.0,111.0,148.0,0.0,0.0,77.0,122.0,610.0,1150.0,10.151839754529947,0.0,0.0,2594.15183975453,17,031,804507,2,170318045072
221.0,148.0,54.0,117.0,114.0,33.0,54.0,62.0,59.0,301.0,91.0,720.0,366.0,5.5911640055099605,0.0,0.0,2345.59116400551,17,031,804507,3,170318045073
74.0,0.0,31.0,53.0,16.0,0.0,70.0,0.0,17.0,78.0,0.0,37.0,0.0,0.5407512633066203,0.0,0.0,376.5407512633066,17,031,804507,4,170318045074
145.0,244.0,177.0,269.0,158.0,19.0,15.0,31.0,79.0,177.0,221.0,383.0,164.0,0.673388365627112,0.0,0.0,2082.673388365627,17,031,804508,1,170318045081
44.0,0.0,0.0,0.0,110.0,0.0,0.0,129.0,258.0,144.0,163.0,494.0,239.0,0.0,0.0,0.0,1581.0,17,031,804509,1,170318045091
39.0,0.0,0.0,39.0,0.0,23.0,0.0,0.0,35.0,146.0,118.0,285.0,138.0,1.0815025266132405,0.0,0.0,824.0815025266132,17,031,804509,2,170318045092
0.0,0.0,41.0,34.0,0.0,90.0,157.0,0.0,0.0,122.0,132.0,164.0,87.0,0.45912843110939455,0.0,0.0,827.4591284311094,17,031,804509,3,170318045093
283.0,34.0,42.0,0.0,0.0,103.0,0.0,34.0,0.0,229.0,103.0,191.0,329.0,0.816228321972257,0.0,0.0,1348.8162283219722,17,031,804509,4,170318045094
62.0,138.0,0.0,0.0,45.0,111.0,0.0,72.0,0.0,72.0,176.0,322.0,253.0,0.0,0.0,0.0,1251.0,17,031,804510,1,170318045101
0.0,0.0,0.0,0.0,0.0,41.0,45.0,18.0,156.0,128.0,302.0,151.0,0.0,1.0202854024653212,0.0,0.0,842.0202854024653,17,031,804510,2,170318045102
260.0,282.0,220.0,35.0,52.0,158.0,211.0,436.0,105.0,432.0,132.0,295.0,83.0,0.0,0.0,0.0,2701.0,17,031,804510,3,170318045103
147.0,36.0,36.0,0.0,97.0,0.0,92.0,166.0,69.0,0.0,309.0,355.0,64.0,1.0815025266132405,0.0,0.0,1372.0815025266133,17,031,804510,4,170318045104
96.0,27.0,57.0,93.0,30.0,33.0,211.0,111.0,305.0,256.0,166.0,129.0,27.0,0.2448684965916771,0.0,0.0,1541.2448684965916,17,031,804511,1,170318045111
98.0,0.0,153.0,0.0,74.0,0.0,31.0,39.0,47.0,0.0,161.0,47.0,137.0,0.3979113069614753,0.0,0.0,787.3979113069614,17,031,804511,2,170318045112
104.0,109.0,26.0,239.0,121.0,98.0,176.0,121.0,37.0,494.0,303.0,69.0,260.0,0.0,0.0,0.0,2157.0,17,031,804603,1,170318046031
86.0,0.0,0.0,103.0,30.0,109.0,106.0,103.0,22.0,101.0,363.0,69.0,17.0,0.43872272306008814,0.0,0.0,1109.43872272306,17,031,804603,2,170318046032
129.0,0.0,0.0,186.0,87.0,129.0,0.0,229.0,44.0,77.0,330.0,280.0,198.0,0.2448684965916771,0.0,0.0,1689.2448684965916,17,031,804603,3,170318046033
0.0,0.0,71.0,0.0,0.0,37.0,52.0,0.0,0.0,0.0,139.0,78.0,125.0,0.37750559891216884,0.0,0.0,502.3775055989122,17,031,804606,1,170318046061
88.0,0.0,35.0,179.0,0.0,58.0,71.0,0.0,52.0,65.0,232.0,412.0,601.0,6.4992180137040965,0.0,0.0,1799.4992180137042,17,031,804606,2,170318046062
0.0,0.0,35.0,113.0,85.0,47.0,0.0,27.0,0.0,103.0,75.0,186.0,171.0,2.030367950905989,0.0,0.0,844.030367950906,17,031,804606,3,170318046063
152.0,38.0,0.0,0.0,0.0,38.0,61.0,208.0,90.0,196.0,291.0,337.0,319.0,0.3877084529368221,0.0,0.0,1730.3877084529367,17,031,804606,4,170318046064
0.0,0.0,49.0,37.0,34.0,0.0,0.0,52.0,49.0,139.0,229.0,375.0,269.0,2.3670621337195454,0.0,0.0,1235.3670621337196,17,031,804607,1,170318046071
0.0,0.0,0.0,0.0,78.0,0.0,0.0,93.0,39.0,89.0,175.0,386.0,440.0,6.315566641260339,0.0,0.0,1306.3155666412604,17,031,804607,2,170318046072
0.0,0.0,32.0,0.0,0.0,48.0,35.0,35.0,78.0,111.0,233.0,306.0,195.0,2.1834107612757876,0.0,0.0,1075.1834107612758,17,031,804607,3,170318046073
21.0,61.0,77.0,84.0,42.0,21.0,0.0,43.0,70.0,133.0,40.0,45.0,190.0,0.49993984720800744,0.0,0.0,827.499939847208,17,031,804607,4,170318046074
25.0,0.0,0.0,38.0,0.0,0.0,0.0,0.0,48.0,20.0,308.0,331.0,71.0,0.908054008194136,0.0,0.0,841.9080540081941,17,031,804608,1,170318046081
86.0,0.0,20.0,0.0,83.0,0.0,98.0,0.0,38.0,56.0,104.0,71.0,101.0,0.6019683874545395,0.0,0.0,657.6019683874546,17,031,804608,2,170318046082
16.0,79.0,56.0,60.0,27.0,27.0,22.0,83.0,66.0,257.0,297.0,166.0,178.0,0.27547705866563676,0.0,0.0,1334.2754770586657,17,031,804608,3,170318046083
41.0,0.0,38.0,0.0,0.0,0.0,38.0,0.0,0.0,83.0,98.0,540.0,641.0,2.54051065213865,0.0,0.0,1481.5405106521387,17,031,804609,1,170318046091
0.0,0.0,30.0,64.0,62.0,0.0,84.0,94.0,32.0,52.0,385.0,280.0,220.0,0.7550111978243377,0.0,0.0,1303.7550111978244,17,031,804609,2,170318046092
246.0,0.0,76.0,103.0,78.0,123.0,58.0,82.0,0.0,98.0,255.0,203.0,320.0,0.5917655334298864,0.0,0.0,1642.59176553343,17,031,804609,3,170318046093
122.0,13.0,15.0,115.0,28.0,35.0,106.0,53.0,82.0,179.0,128.0,306.0,215.0,1.5304281036979819,0.0,0.0,1398.530428103698,17,031,804610,1,170318046101
23.0,14.0,11.0,0.0,22.0,0.0,58.0,63.0,52.0,54.0,69.0,68.0,68.0,0.5815626794052331,0.0,0.0,502.58156267940524,17,031,804610,2,170318046102
0.0,20.0,59.0,88.0,153.0,0.0,72.0,132.0,49.0,137.0,132.0,418.0,148.0,1.1937339208844258,0.0,0.0,1409.1937339208844,17,031,804611,1,170318046111
96.0,0.0,0.0,17.0,109.0,86.0,13.0,90.0,37.0,152.0,258.0,441.0,158.0,1.2345453369830388,0.0,0.0,1458.234545336983,17,031,804611,2,170318046112
0.0,0.0,44.0,58.0,0.0,0.0,161.0,71.0,0.0,92.0,50.0,274.0,58.0,0.7754169058736442,0.0,0.0,808.7754169058736,17,031,804611,3,170318046113
36.0,36.0,0.0,0.0,48.0,318.0,0.0,0.0,17.0,0.0,170.0,238.0,147.0,0.3468970368382092,0.0,0.0,1010.3468970368382,17,031,804701,1,170318047011
167.0,60.0,74.0,121.0,121.0,103.0,156.0,46.0,167.0,39.0,89.0,71.0,124.0,0.0,0.0,0.0,1338.0,17,031,804701,2,170318047012
155.0,62.0,36.0,84.0,20.0,0.0,151.0,28.0,33.0,20.0,224.0,57.0,114.0,0.0,0.0,0.0,984.0,17,031,804701,3,170318047013
34.0,0.0,17.0,31.0,211.0,208.0,37.0,133.0,339.0,40.0,171.0,464.0,513.0,3.3057247039876407,0.0,0.0,2201.305724703988,17,031,804701,4,170318047014
42.0,0.0,0.0,0.0,57.0,0.0,27.0,0.0,45.0,45.0,72.0,185.0,200.0,0.45912843110939455,0.0,0.0,673.4591284311094,17,031,804705,1,170318047051
0.0,96.0,69.0,38.0,58.0,310.0,240.0,91.0,47.0,285.0,199.0,229.0,121.0,0.2448684965916771,0.0,0.0,1783.2448684965916,17,031,804705,2,170318047052
114.0,14.0,0.0,41.0,36.0,53.0,34.0,63.0,14.0,122.0,21.0,187.0,97.0,0.8876483001448295,0.0,0.0,796.8876483001449,17,031,804705,3,170318047053
27.0,13.0,51.0,123.0,99.0,30.0,0.0,27.0,37.0,78.0,75.0,260.0,267.0,1.5304281036979819,0.0,0.0,1088.530428103698,17,031,804706,1,170318047061
0.0,0.0,0.0,0.0,93.0,12.0,12.0,29.0,42.0,0.0,110.0,136.0,123.0,0.9488654242927488,0.0,0.0,557.9488654242928,17,031,804706,2,170318047062
25.0,0.0,0.0,116.0,139.0,37.0,45.0,59.0,287.0,273.0,267.0,239.0,71.0,0.0,0.0,0.0,1558.0,17,031,804709,1,170318047091
93.0,20.0,133.0,121.0,48.0,36.0,115.0,107.0,79.0,119.0,129.0,168.0,105.0,0.0,0.0,0.0,1273.0,17,031,804709,2,170318047092
56.0,12.0,68.0,95.0,19.0,59.0,56.0,75.0,0.0,54.0,0.0,59.0,29.0,0.12243424829583854,0.0,0.0,582.1224342482958,17,031,804709,3,170318047093
0.0,0.0,120.0,0.0,0.0,0.0,88.0,146.0,71.0,31.0,364.0,367.0,209.0,0.3162884747642496,0.0,0.0,1396.3162884747642,17,031,804709,4,170318047094
29.0,37.0,0.0,58.0,0.0,0.0,0.0,32.0,0.0,37.0,115.0,209.0,125.0,0.6223740955038459,0.0,0.0,642.6223740955038,17,031,804709,5,170318047095
59.0,0.0,80.0,0.0,0.0,23.0,23.0,0.0,56.0,143.0,134.0,324.0,134.0,0.5407512633066203,0.0,0.0,976.5407512633067,17,031,804710,1,170318047101
0.0,0.0,24.0,48.0,0.0,42.0,0.0,48.0,87.0,51.0,117.0,205.0,111.0,1.3773852933281836,0.0,0.0,734.3773852933282,17,031,804710,2,170318047102
108.0,20.0,43.0,18.0,43.0,59.0,18.0,79.0,43.0,172.0,154.0,113.0,87.0,1.4998195416240223,0.0,0.0,958.499819541624,17,031,804710,3,170318047103
0.0,0.0,21.0,24.0,79.0,0.0,0.0,24.0,134.0,45.0,107.0,143.0,42.0,0.9896768403913616,0.0,0.0,619.9896768403913,17,031,804710,4,170318047104
251.0,229.0,0.0,79.0,313.0,38.0,193.0,477.0,101.0,152.0,472.0,603.0,81.0,1.1325167967365066,0.0,0.0,2990.1325167967366,17,031,804711,1,170318047111
0.0,0.0,0.0,46.0,64.0,0.0,87.0,119.0,0.0,165.0,256.0,355.0,218.0,0.0,0.0,0.0,1310.0,17,031,804711,2,170318047112
159.0,35.0,54.0,70.0,67.0,89.0,113.0,46.0,189.0,411.0,411.0,327.0,219.0,3.8668816753435675,0.0,0.0,2193.8668816753434,17,031,804711,3,170318047113
0.0,0.0,0.0,0.0,0.0,39.0,39.0,169.0,0.0,39.0,24.0,78.0,69.0,2.071179367004602,0.0,0.0,459.0711793670046,17,031,804711,4,170318047114
41.0,0.0,0.0,0.0,119.0,0.0,136.0,140.0,92.0,109.0,379.0,540.0,82.0,1.8467165784622315,0.0,0.0,1639.8467165784623,17,031,804712,1,170318047121
0.0,25.0,28.0,0.0,31.0,42.0,19.0,0.0,33.0,99.0,110.0,155.0,53.0,1.0304882564899744,0.0,0.0,596.03048825649,17,031,804712,2,170318047122
0.0,114.0,34.0,18.0,0.0,24.0,0.0,55.0,49.0,111.0,173.0,223.0,409.0,3.346536120086254,0.0,0.0,1213.3465361200863,17,031,804712,3,170318047123
18.0,0.0,47.0,26.0,45.0,35.0,0.0,119.0,53.0,137.0,99.0,277.0,127.0,0.0,0.0,0.0,983.0,17,031,804713,1,170318047131
155.0,23.0,19.0,124.0,80.0,0.0,57.0,32.0,0.0,318.0,192.0,376.0,213.0,0.28567991269028997,0.0,0.0,1589.2856799126903,17,031,804713,2,170318047132
0.0,47.0,0.0,0.0,0.0,0.0,0.0,0.0,0.0,42.0,81.0,78.0,92.0,1.1121110886872,0.0,0.0,341.1121110886872,17,031,804713,3,170318047133
0.0,0.0,0.0,0.0,69.0,31.0,0.0,0.0,0.0,0.0,62.0,283.0,42.0,0.5917655334298864,0.0,0.0,487.5917655334299,17,031,804713,4,170318047134
0.0,24.0,0.0,30.0,52.0,24.0,14.0,58.0,20.0,74.0,143.0,66.0,86.0,1.3365738772295708,0.0,0.0,592.3365738772296,17,031,804714,1,170318047141
0.0,0.0,108.0,0.0,39.0,0.0,26.0,141.0,0.0,0.0,243.0,217.0,82.0,1.1325167967365066,0.0,0.0,857.1325167967365,17,031,804714,2,170318047142
0.0,0.0,66.0,0.0,0.0,25.0,127.0,0.0,73.0,95.0,0.0,162.0,419.0,0.7754169058736442,0.0,0.0,967.7754169058736,17,031,804714,3,170318047143
0.0,0.0,67.0,40.0,0.0,87.0,205.0,161.0,161.0,43.0,195.0,23.0,242.0,1.7446880382156993,0.0,0.0,1225.7446880382156,17,031,804715,1,170318047151
102.0,0.0,95.0,205.0,28.0,156.0,159.0,95.0,0.0,81.0,312.0,539.0,63.0,0.3162884747642496,0.0,0.0,1835.3162884747642,17,031,804715,2,170318047152
0.0,0.0,0.0,0.0,0.0,77.0,0.0,0.0,32.0,151.0,65.0,190.0,154.0,1.5100223956486754,0.0,0.0,670.5100223956487,17,031,804716,1,170318047161
0.0,0.0,49.0,84.0,217.0,35.0,49.0,28.0,0.0,245.0,255.0,325.0,196.0,4.927978493907502,0.0,0.0,1487.9279784939074,17,031,804716,2,170318047162
28.0,221.0,0.0,313.0,218.0,142.0,0.0,0.0,28.0,107.0,136.0,380.0,158.0,0.0,0.0,0.0,1731.0,17,031,804716,3,170318047163
0.0,0.0,36.0,0.0,69.0,0.0,0.0,109.0,26.0,29.0,158.0,195.0,152.0,1.1121110886872,0.0,0.0,775.1121110886872,17,031,804803,1,170318048031
81.0,40.0,23.0,16.0,0.0,50.0,40.0,69.0,97.0,90.0,126.0,305.0,121.0,0.7039969277010717,0.0,0.0,1058.7039969277012,17,031,804803,2,170318048032
272.0,0.0,168.0,56.0,0.0,69.0,160.0,320.0,98.0,347.0,192.0,218.0,488.0,4.734124267439091,0.0,0.0,2392.7341242674393,17,031,804803,3,170318048033
0.0,0.0,69.0,121.0,0.0,131.0,72.0,0.0,48.0,48.0,262.0,183.0,117.0,2.397670695793505,0.0,0.0,1053.3976706957935,17,031,804804,1,170318048041
77.0,159.0,0.0,37.0,0.0,0.0,126.0,124.0,339.0,112.0,372.0,432.0,386.0,1.2345453369830388,0.0,0.0,2165.234545336983,17,031,804804,2,170318048042
215.0,0.0,0.0,45.0,0.0,58.0,0.0,0.0,62.0,111.0,510.0,131.0,239.0,0.0,0.0,0.0,1371.0,17,031,804804,3,170318048043
169.0,0.0,85.0,0.0,30.0,0.0,123.0,99.0,46.0,63.0,398.0,200.0,88.0,1.5712395197965947,0.0,0.0,1302.5712395197966,17,031,804804,4,170318048044
0.0,55.0,119.0,0.0,45.0,0.0,0.0,293.0,85.0,91.0,266.0,211.0,241.0,1.3365738772295708,0.0,0.0,1407.3365738772295,17,031,804805,1,170318048051
0.0,0.0,0.0,47.0,0.0,30.0,30.0,0.0,195.0,72.0,33.0,295.0,0.0,0.0,0.0,0.0,702.0,17,031,804805,2,170318048052
0.0,0.0,134.0,0.0,0.0,159.0,0.0,171.0,0.0,37.0,90.0,424.0,121.0,0.7550111978243377,0.0,0.0,1136.7550111978244,17,031,804805,3,170318048053
184.0,44.0,101.0,46.0,0.0,93.0,27.0,134.0,225.0,209.0,258.0,401.0,536.0,3.499578930456052,0.0,0.0,2261.499578930456,17,031,804805,4,170318048054
0.0,0.0,18.0,0.0,72.0,90.0,0.0,0.0,0.0,0.0,72.0,231.0,194.0,0.3264913287889028,0.0,0.0,677.3264913287888,17,031,804806,1,170318048061
0.0,0.0,58.0,0.0,0.0,36.0,80.0,0.0,58.0,229.0,109.0,316.0,0.0,1.5916452278459012,0.0,0.0,887.5916452278459,17,031,804806,2,170318048062
250.0,83.0,89.0,154.0,71.0,0.0,80.0,241.0,61.0,157.0,191.0,237.0,117.0,1.632456643944514,0.0,0.0,1732.6324566439446,17,031,804806,3,170318048063
0.0,23.0,128.0,0.0,0.0,46.0,26.0,55.0,0.0,67.0,87.0,123.0,169.0,0.6223740955038459,0.0,0.0,724.6223740955038,17,031,804807,1,170318048071
116.0,0.0,113.0,0.0,0.0,29.0,23.0,26.0,23.0,43.0,168.0,226.0,66.0,0.8264311759969102,0.0,0.0,833.826431175997,17,031,804807,2,170318048072
0.0,51.0,75.0,157.0,70.0,16.0,40.0,165.0,97.0,360.0,325.0,325.0,21.0,1.0202854024653212,0.0,0.0,1703.0202854024653,17,031,804807,3,170318048073
22.0,0.0,57.0,0.0,0.0,108.0,0.0,25.0,64.0,172.0,182.0,329.0,86.0,0.7448083437996845,0.0,0.0,1045.7448083437996,17,031,804807,4,170318048074
43.0,26.0,70.0,6.0,0.0,80.0,16.0,40.0,33.0,36.0,57.0,218.0,84.0,0.23466564256702388,0.0,0.0,709.234665642567,17,031,804808,1,170318048081
42.0,0.0,0.0,28.0,31.0,56.0,76.0,45.0,31.0,28.0,149.0,195.0,56.0,0.8570397380708699,0.0,0.0,737.8570397380709,17,031,804808,2,170318048082
39.0,13.0,23.0,29.0,0.0,0.0,0.0,7.0,0.0,73.0,60.0,161.0,50.0,1.152922504785813,0.0,0.0,456.1529225047858,17,031,804808,3,170318048083
24.0,18.0,0.0,0.0,0.0,73.0,0.0,21.0,0.0,211.0,119.0,181.0,159.0,1.4692109795500625,0.0,0.0,807.4692109795501,17,031,804809,1,170318048091
0.0,17.0,40.0,0.0,63.0,83.0,0.0,57.0,46.0,63.0,164.0,352.0,118.0,1.5916452278459012,0.0,0.0,1004.5916452278459,17,031,804809,2,170318048092
16.0,0.0,33.0,0.0,0.0,16.0,41.0,0.0,30.0,111.0,75.0,267.0,200.0,1.2447481910076919,0.0,0.0,790.2447481910077,17,031,804809,3,170318048093
0.0,0.0,47.0,19.0,63.0,49.0,29.0,208.0,0.0,61.0,129.0,171.0,119.0,1.2141396289337323,0.0,0.0,896.2141396289337,17,031,804810,1,170318048101
0.0,0.0,0.0,37.0,0.0,44.0,0.0,41.0,79.0,41.0,37.0,224.0,322.0,1.9589479727334167,0.0,0.0,826.9589479727334,17,031,804810,2,170318048102
157.0,0.0,71.0,119.0,0.0,63.0,43.0,55.0,101.0,185.0,220.0,594.0,279.0,0.8264311759969102,0.0,0.0,1887.826431175997,17,031,804810,3,170318048103
101.0,78.0,145.0,194.0,139.0,159.0,84.0,113.0,220.0,66.0,313.0,324.0,121.0,0.20405708049306426,0.0,0.0,2057.204057080493,17,031,804810,4,170318048104
34.0,34.0,0.0,105.0,0.0,113.0,31.0,41.0,34.0,199.0,150.0,496.0,238.0,0.0,0.0,0.0,1475.0,17,031,804901,1,170318049011
0.0,0.0,38.0,28.0,0.0,46.0,0.0,43.0,46.0,33.0,110.0,0.0,128.0,1.2753567530816516,0.0,0.0,473.27535675308167,17,031,804901,2,170318049012
0.0,0.0,54.0,82.0,0.0,94.0,164.0,22.0,52.0,92.0,239.0,234.0,42.0,1.673268060043127,0.0,0.0,1076.673268060043,17,031,804901,3,170318049013
0.0,0.0,35.0,35.0,115.0,0.0,0.0,0.0,0.0,30.0,147.0,197.0,0.0,0.0,0.0,0.0,559.0,17,031,804901,4,170318049014
0.0,0.0,0.0,81.0,73.0,0.0,38.0,46.0,38.0,38.0,179.0,133.0,73.0,1.7140794761417397,0.0,0.0,700.7140794761417,17,031,804901,5,170318049015
0.0,37.0,25.0,0.0,0.0,0.0,0.0,0.0,40.0,35.0,42.0,67.0,0.0,0.3264913287889028,0.0,0.0,246.3264913287889,17,031,804901,6,170318049016
0.0,39.0,0.0,149.0,22.0,50.0,0.0,104.0,25.0,53.0,99.0,271.0,149.0,0.9182568622187891,0.0,0.0,961.9182568622188,17,031,804902,1,170318049021
115.0,0.0,31.0,49.0,0.0,28.0,0.0,93.0,0.0,102.0,93.0,243.0,274.0,1.8365137244375782,0.0,0.0,1029.8365137244375,17,031,804902,2,170318049022
0.0,46.0,43.0,0.0,53.0,0.0,39.0,96.0,56.0,142.0,92.0,76.0,109.0,2.6731477544591415,0.0,0.0,754.6731477544591,17,031,804902,3,170318049023
19.0,0.0,0.0,128.0,42.0,33.0,95.0,0.0,0.0,0.0,95.0,0.0,103.0,0.47953413915870097,0.0,0.0,515.4795341391587,17,031,804902,4,170318049024
33.0,0.0,0.0,0.0,72.0,0.0,0.0,44.0,41.0,50.0,122.0,266.0,244.0,0.3877084529368221,0.0,0.0,872.3877084529369,17,031,804902,5,170318049025
15.0,13.0,108.0,0.0,54.0,15.0,18.0,47.0,15.0,69.0,78.0,132.0,99.0,0.8876483001448295,0.0,0.0,663.8876483001449,17,031,805001,1,170318050011
77.0,22.0,22.0,88.0,19.0,19.0,0.0,19.0,52.0,38.0,135.0,118.0,113.0,0.44892557708474135,0.0,0.0,722.4489255770848,17,031,805001,2,170318050012
21.0,36.0,0.0,0.0,15.0,13.0,86.0,39.0,42.0,94.0,128.0,365.0,297.0,1.2549510450323451,0.0,0.0,1137.2549510450324,17,031,805001,3,170318050013
0.0,48.0,18.0,90.0,24.0,0.0,63.0,90.0,21.0,45.0,21.0,227.0,224.0,0.9488654242927488,0.0,0.0,871.9488654242928,17,031,805001,4,170318050014
79.0,0.0,82.0,0.0,71.0,159.0,25.0,122.0,0.0,247.0,293.0,216.0,142.0,1.96915082675807,0.0,0.0,1437.969150826758,17,031,805002,1,170318050021
176.0,103.0,83.0,65.0,235.0,36.0,72.0,100.0,36.0,257.0,351.0,93.0,76.0,0.0,0.0,0.0,1683.0,17,031,805002,2,170318050022
39.0,0.0,73.0,73.0,16.0,109.0,33.0,92.0,25.0,100.0,63.0,100.0,119.0,1.0917053806378938,0.0,0.0,843.0917053806379,17,031,805002,3,170318050023
0.0,54.0,0.0,0.0,0.0,295.0,0.0,63.0,0.0,130.0,177.0,147.0,143.0,0.0,0.0,0.0,1009.0,17,031,805002,4,170318050024
0.0,0.0,0.0,28.0,0.0,112.0,219.0,90.0,0.0,162.0,190.0,122.0,40.0,0.0,0.0,0.0,963.0,17,031,805002,5,170318050025
150.0,175.0,179.0,238.0,326.0,175.0,96.0,62.0,0.0,359.0,0.0,710.0,351.0,0.0,0.0,0.0,2821.0,17,031,805105,1,170318051051
71.0,0.0,76.0,65.0,0.0,26.0,28.0,28.0,26.0,176.0,289.0,167.0,218.0,0.0,0.0,0.0,1170.0,17,031,805105,2,170318051052
51.0,92.0,82.0,103.0,26.0,76.0,142.0,0.0,0.0,206.0,216.0,339.0,92.0,0.2448684965916771,0.0,0.0,1425.2448684965916,17,031,805105,3,170318051053
28.0,313.0,72.0,44.0,161.0,133.0,44.0,72.0,32.0,28.0,222.0,131.0,95.0,1.734485184191046,0.0,0.0,1376.734485184191,17,031,805105,4,170318051054
94.0,76.0,17.0,21.0,88.0,23.0,13.0,179.0,68.0,82.0,206.0,112.0,33.0,0.8774454461201763,0.0,0.0,1012.8774454461202,17,031,805106,1,170318051061
31.0,20.0,20.0,39.0,0.0,36.0,47.0,20.0,39.0,70.0,154.0,233.0,243.0,1.438602417476103,0.0,0.0,953.4386024174761,17,031,805106,2,170318051062
102.0,40.0,27.0,86.0,127.0,165.0,165.0,56.0,158.0,208.0,354.0,299.0,24.0,0.0,0.0,0.0,1811.0,17,031,805107,1,170318051071
0.0,158.0,95.0,90.0,115.0,70.0,27.0,85.0,175.0,62.0,138.0,140.0,120.0,0.867242592095523,0.0,0.0,1275.8672425920956,17,031,805107,2,170318051072
0.0,55.0,31.0,0.0,83.0,23.0,31.0,91.0,80.0,59.0,159.0,208.0,72.0,0.3162884747642496,0.0,0.0,892.3162884747643,17,031,805107,3,170318051073
124.0,78.0,0.0,78.0,187.0,260.0,89.0,231.0,153.0,37.0,410.0,424.0,0.0,0.0,0.0,0.0,2071.0,17,031,805107,4,170318051074
51.0,0.0,0.0,0.0,53.0,107.0,0.0,0.0,0.0,26.0,32.0,94.0,0.0,1.1937339208844258,0.0,0.0,364.1937339208844,17,031,805107,5,170318051075
41.0,182.0,106.0,419.0,144.0,488.0,268.0,374.0,430.0,113.0,185.0,96.0,161.0,1.9283394106594571,0.0,0.0,3008.9283394106596,17,031,805108,1,170318051081
30.0,33.0,0.0,56.0,56.0,35.0,138.0,122.0,133.0,186.0,378.0,353.0,153.0,0.9896768403913616,0.0,0.0,1673.9896768403914,17,031,805108,2,170318051082
0.0,0.0,0.0,73.0,33.0,0.0,70.0,137.0,30.0,0.0,165.0,140.0,0.0,1.346776731254224,0.0,0.0,649.3467767312542,17,031,805108,3,170318051083
0.0,27.0,25.0,0.0,48.0,25.0,0.0,53.0,170.0,0.0,265.0,92.0,138.0,0.2550713506163303,0.0,0.0,843.2550713506163,17,031,805108,4,170318051084
0.0,0.0,50.0,23.0,53.0,14.0,85.0,59.0,82.0,162.0,174.0,165.0,97.0,0.7754169058736442,0.0,0.0,964.7754169058736,17,031,805109,1,170318051091
20.0,29.0,152.0,26.0,52.0,23.0,41.0,29.0,0.0,105.0,146.0,401.0,322.0,0.7754169058736442,0.0,0.0,1346.7754169058737,17,031,805109,2,170318051092
204.0,15.0,90.0,43.0,18.0,83.0,63.0,79.0,20.0,38.0,147.0,147.0,68.0,0.43872272306008814,0.0,0.0,1015.4387227230601,17,031,805109,3,170318051093
86.0,45.0,49.0,75.0,242.0,90.0,19.0,49.0,172.0,124.0,290.0,389.0,223.0,0.8468368840462166,0.0,0.0,1853.8468368840463,17,031,805110,1,170318051101
17.0,109.0,36.0,73.0,45.0,0.0,29.0,44.0,45.0,132.0,17.0,51.0,17.0,0.5917655334298864,0.0,0.0,615.5917655334299,17,031,805110,2,170318051102
39.0,0.0,0.0,33.0,0.0,13.0,21.0,0.0,0.0,52.0,52.0,52.0,23.0,0.11223139427118534,0.0,0.0,285.1122313942712,17,031,805110,3,170318051103
18.0,0.0,20.0,20.0,0.0,57.0,15.0,23.0,18.0,72.0,18.0,195.0,39.0,0.3162884747642496,0.0,0.0,495.31628847476424,17,031,805110,4,170318051104
0.0,0.0,36.0,42.0,170.0,54.0,0.0,0.0,155.0,51.0,15.0,255.0,130.0,0.27547705866563676,0.0,0.0,908.2754770586656,17,031,805111,1,170318051111
28.0,0.0,0.0,0.0,0.0,17.0,0.0,0.0,42.0,145.0,63.0,254.0,123.0,0.8264311759969102,0.0,0.0,672.826431175997,17,031,805111,2,170318051112
107.0,133.0,65.0,96.0,311.0,65.0,89.0,99.0,91.0,374.0,377.0,382.0,70.0,2.5303077981139968,0.0,0.0,2261.530307798114,17,031,805111,3,170318051113
49.0,42.0,0.0,168.0,57.0,210.0,153.0,0.0,260.0,103.0,275.0,0.0,0.0,0.0,0.0,0.0,1317.0,17,031,805111,4,170318051114
172.0,0.0,26.0,99.0,114.0,0.0,140.0,41.0,0.0,0.0,109.0,0.0,106.0,0.2652742046409835,0.0,0.0,807.265274204641,17,031,805111,5,170318051115
0.0,18.0,0.0,45.0,32.0,0.0,38.0,32.0,0.0,155.0,22.0,444.0,54.0,0.0,0.0,0.0,840.0,17,031,805111,6,170318051116
74.0,122.0,194.0,180.0,54.0,80.0,78.0,61.0,104.0,76.0,126.0,231.0,89.0,0.816228321972257,0.0,0.0,1469.8162283219722,17,031,805112,1,170318051121
49.0,12.0,12.0,41.0,116.0,88.0,85.0,95.0,12.0,124.0,106.0,202.0,178.0,0.7039969277010717,0.0,0.0,1120.7039969277012,17,031,805112,2,170318051122
24.0,0.0,0.0,0.0,57.0,0.0,27.0,24.0,75.0,69.0,112.0,103.0,169.0,0.42851986903543493,0.0,0.0,660.4285198690354,17,031,805201,1,170318052011
0.0,23.0,0.0,23.0,26.0,46.0,26.0,0.0,23.0,93.0,83.0,135.0,151.0,0.3979113069614753,0.0,0.0,629.3979113069614,17,031,805201,2,170318052012
0.0,25.0,57.0,151.0,0.0,45.0,20.0,42.0,65.0,173.0,55.0,110.0,63.0,2.3364535716455856,0.0,0.0,808.3364535716456,17,031,805201,3,170318052013
26.0,0.0,0.0,0.0,39.0,23.0,23.0,0.0,0.0,112.0,82.0,165.0,46.0,0.336694182813556,0.0,0.0,516.3366941828135,17,031,805202,1,170318052021
0.0,19.0,0.0,24.0,0.0,16.0,40.0,21.0,21.0,21.0,21.0,117.0,21.0,1.101908234662547,0.0,0.0,322.1019082346626,17,031,805202,2,170318052022
25.0,73.0,0.0,48.0,71.0,25.0,93.0,25.0,51.0,73.0,190.0,224.0,269.0,1.2651538990569984,0.0,0.0,1168.265153899057,17,031,805202,3,170318052023
125.0,18.0,20.0,22.0,77.0,25.0,79.0,18.0,20.0,113.0,125.0,166.0,68.0,1.0406911105146277,0.0,0.0,877.0406911105147,17,031,805202,4,170318052024
32.0,0.0,26.0,58.0,0.0,149.0,0.0,0.0,26.0,23.0,76.0,111.0,214.0,0.8978511541694827,0.0,0.0,715.8978511541695,17,031,805301,1,170318053011
53.0,28.0,50.0,103.0,58.0,84.0,95.0,50.0,30.0,72.0,333.0,347.0,176.0,0.7346054897750313,0.0,0.0,1479.734605489775,17,031,805301,2,170318053012
272.0,0.0,20.0,20.0,41.0,67.0,118.0,41.0,25.0,20.0,0.0,18.0,23.0,0.0,0.0,0.0,665.0,17,031,805301,3,170318053013
29.0,29.0,32.0,37.0,0.0,23.0,66.0,32.0,43.0,17.0,69.0,104.0,218.0,1.6018480818705543,0.0,0.0,700.6018480818706,17,031,805302,1,170318053021
26.0,15.0,100.0,47.0,42.0,106.0,21.0,79.0,18.0,87.0,164.0,108.0,143.0,0.8060254679476038,0.0,0.0,956.8060254679476,17,031,805302,2,170318053022
36.0,0.0,27.0,90.0,0.0,105.0,93.0,108.0,36.0,33.0,183.0,228.0,63.0,1.6222537899198608,0.0,0.0,1003.6222537899199,17,031,805302,3,170318053023
113.0,0.0,23.0,100.0,63.0,110.0,76.0,50.0,42.0,58.0,142.0,258.0,190.0,0.3468970368382092,0.0,0.0,1225.3468970368383,17,031,805401,1,170318054011
19.0,49.0,21.0,46.0,46.0,46.0,142.0,189.0,41.0,35.0,150.0,189.0,104.0,1.4794138335747158,0.0,0.0,1078.4794138335747,17,031,805401,2,170318054012
42.0,28.0,19.0,0.0,25.0,53.0,31.0,101.0,121.0,50.0,31.0,152.0,112.0,1.2345453369830388,0.0,0.0,766.234545336983,17,031,805401,3,170318054013
60.0,0.0,58.0,56.0,73.0,120.0,56.0,42.0,29.0,67.0,49.0,123.0,116.0,0.0,0.0,0.0,849.0,17,031,805402,1,170318054021
31.0,0.0,0.0,46.0,60.0,0.0,120.0,0.0,36.0,60.0,31.0,281.0,60.0,1.4590081255254095,0.0,0.0,726.4590081255254,17,031,805402,2,170318054022
34.0,69.0,0.0,0.0,0.0,29.0,82.0,34.0,26.0,0.0,0.0,71.0,242.0,1.050893964539281,0.0,0.0,588.0508939645392,17,031,805402,3,170318054023
114.0,135.0,108.0,38.0,0.0,73.0,94.0,158.0,105.0,194.0,167.0,52.0,320.0,0.2652742046409835,0.0,0.0,1558.265274204641,17,031,805402,4,170318054024
0.0,63.0,0.0,0.0,23.0,32.0,0.0,32.0,0.0,213.0,47.0,75.0,0.0,0.23466564256702388,0.0,0.0,485.23466564256705,17,031,805402,5,170318054025
0.0,19.0,202.0,39.0,0.0,96.0,0.0,0.0,34.0,71.0,74.0,83.0,108.0,1.0304882564899744,0.0,0.0,727.03048825649,17,031,805501,1,170318055011
16.0,24.0,40.0,135.0,105.0,0.0,56.0,86.0,73.0,159.0,195.0,195.0,338.0,0.9386625702680955,0.0,0.0,1422.9386625702682,17,031,805501,2,170318055012
40.0,14.0,33.0,16.0,0.0,0.0,0.0,19.0,54.0,35.0,78.0,116.0,178.0,0.673388365627112,0.0,0.0,583.6733883656271,17,031,805501,3,170318055013
0.0,17.0,0.0,116.0,43.0,0.0,0.0,122.0,69.0,40.0,49.0,122.0,130.0,0.14283995634514499,0.0,0.0,708.1428399563451,17,031,805502,1,170318055021
0.0,0.0,0.0,0.0,0.0,0.0,0.0,62.0,0.0,27.0,44.0,86.0,165.0,0.27547705866563676,0.0,0.0,384.2754770586656,17,031,805502,2,170318055022
0.0,0.0,19.0,91.0,41.0,72.0,0.0,22.0,19.0,63.0,66.0,172.0,141.0,0.816228321972257,0.0,0.0,706.8162283219723,17,031,805502,3,170318055023
35.0,17.0,74.0,41.0,0.0,72.0,48.0,0.0,61.0,17.0,68.0,83.0,105.0,0.4897369931833542,0.0,0.0,621.4897369931833,17,031,805502,4,170318055024
0.0,62.0,27.0,24.0,31.0,24.0,41.0,72.0,0.0,0.0,127.0,51.0,144.0,0.2448684965916771,0.0,0.0,603.2448684965917,17,031,805600,1,170318056001
23.0,0.0,18.0,81.0,15.0,23.0,44.0,28.0,15.0,41.0,70.0,157.0,73.0,0.2652742046409835,0.0,0.0,588.265274204641,17,031,805600,2,170318056002
63.0,0.0,0.0,0.0,22.0,31.0,0.0,40.0,25.0,110.0,116.0,160.0,220.0,0.6019683874545395,0.0,0.0,787.6019683874546,17,031,805600,3,170318056003
0.0,71.0,0.0,0.0,55.0,0.0,29.0,0.0,39.0,0.0,111.0,107.0,202.0,0.3264913287889028,0.0,0.0,614.3264913287888,17,031,805600,4,170318056004
0.0,0.0,81.0,0.0,58.0,29.0,0.0,0.0,0.0,29.0,69.0,127.0,104.0,2.214019323349747,0.0,0.0,499.21401932334976,17,031,805701,1,170318057011
0.0,0.0,0.0,0.0,39.0,0.0,0.0,0.0,23.0,0.0,23.0,112.0,44.0,0.8468368840462166,0.0,0.0,241.8468368840462,17,031,805701,2,170318057012
80.0,0.0,120.0,0.0,0.0,0.0,0.0,145.0,40.0,0.0,120.0,157.0,179.0,0.530548409281967,0.0,0.0,841.530548409282,17,031,805701,3,170318057013
62.0,44.0,15.0,15.0,95.0,17.0,70.0,54.0,66.0,117.0,202.0,335.0,23.0,0.336694182813556,0.0,0.0,1115.3366941828135,17,031,805701,4,170318057014
51.0,0.0,25.0,31.0,0.0,0.0,19.0,0.0,19.0,65.0,25.0,139.0,281.0,0.3979113069614753,0.0,0.0,655.3979113069614,17,031,805701,5,170318057015
0.0,33.0,22.0,53.0,0.0,28.0,25.0,0.0,14.0,50.0,143.0,239.0,70.0,0.7448083437996845,0.0,0.0,677.7448083437997,17,031,805702,1,170318057021
11.0,30.0,39.0,30.0,25.0,60.0,25.0,39.0,18.0,28.0,28.0,109.0,25.0,1.5916452278459012,0.0,0.0,468.5916452278459,17,031,805702,2,170318057022
18.0,21.0,0.0,50.0,53.0,37.0,0.0,0.0,29.0,39.0,23.0,87.0,138.0,0.7039969277010717,0.0,0.0,495.7039969277011,17,031,805801,1,170318058011
0.0,0.0,55.0,20.0,0.0,23.0,62.0,0.0,18.0,44.0,112.0,96.0,70.0,0.0,0.0,0.0,500.0,17,031,805801,2,170318058012
11.0,37.0,35.0,25.0,14.0,42.0,12.0,85.0,18.0,103.0,77.0,55.0,83.0,0.0,0.0,0.0,597.0,17,031,805801,3,170318058013
0.0,17.0,37.0,15.0,13.0,0.0,61.0,113.0,0.0,59.0,129.0,188.0,56.0,0.530548409281967,0.0,0.0,688.530548409282,17,031,805802,1,170318058021
0.0,0.0,0.0,26.0,29.0,29.0,0.0,0.0,17.0,14.0,78.0,137.0,160.0,0.6529826575778056,0.0,0.0,490.6529826575778,17,031,805802,2,170318058022
0.0,22.0,116.0,0.0,31.0,0.0,0.0,14.0,0.0,68.0,68.0,179.0,153.0,2.2344250313990535,0.0,0.0,653.234425031399,17,031,805802,3,170318058023
0.0,70.0,0.0,97.0,72.0,37.0,80.0,0.0,0.0,0.0,248.0,165.0,82.0,1.7650937462650058,0.0,0.0,852.765093746265,17,031,805802,4,170318058024
14.0,20.0,29.0,50.0,0.0,23.0,0.0,41.0,149.0,17.0,92.0,128.0,62.0,0.6937940736764184,0.0,0.0,625.6937940736764,17,031,805802,5,170318058025
41.0,22.0,22.0,69.0,83.0,22.0,39.0,71.0,27.0,71.0,125.0,271.0,160.0,1.5610366657719414,0.0,0.0,1024.561036665772,17,031,805901,1,170318059011
86.0,53.0,96.0,86.0,35.0,80.0,150.0,49.0,18.0,127.0,177.0,133.0,300.0,0.20405708049306426,0.0,0.0,1390.2040570804932,17,031,805901,2,170318059012
0.0,46.0,46.0,0.0,17.0,30.0,81.0,20.0,23.0,38.0,140.0,143.0,40.0,0.7039969277010717,0.0,0.0,624.703996927701,17,031,805901,3,170318059013
29.0,0.0,32.0,79.0,141.0,38.0,147.0,0.0,0.0,82.0,171.0,159.0,82.0,0.0,0.0,0.0,960.0,17,031,805902,1,170318059021
97.0,0.0,45.0,27.0,0.0,0.0,0.0,99.0,0.0,86.0,143.0,307.0,51.0,0.43872272306008814,0.0,0.0,855.4387227230601,17,031,805902,2,170318059022
0.0,0.0,0.0,0.0,0.0,76.0,0.0,55.0,0.0,21.0,142.0,99.0,113.0,0.3979113069614753,0.0,0.0,506.3979113069615,17,031,805902,3,170318059023
0.0,0.0,60.0,0.0,142.0,64.0,0.0,217.0,49.0,107.0,0.0,292.0,239.0,1.0917053806378938,0.0,0.0,1171.091705380638,17,031,805902,4,170318059024
0.0,0.0,0.0,0.0,0.0,0.0,0.0,0.0,0.0,0.0,42.0,133.0,52.0,0.3060856207395964,0.0,0.0,227.3060856207396,17,031,805902,5,170318059025
0.0,25.0,35.0,42.0,50.0,195.0,0.0,17.0,0.0,0.0,82.0,238.0,256.0,0.9386625702680955,0.0,0.0,940.9386625702681,17,031,805902,6,170318059026
113.0,0.0,0.0,0.0,33.0,0.0,64.0,0.0,10.0,165.0,0.0,238.0,126.0,0.816228321972257,0.0,0.0,749.8162283219723,17,031,806001,1,170318060011
240.0,62.0,225.0,240.0,0.0,0.0,163.0,365.0,105.0,120.0,378.0,285.0,90.0,0.3264913287889028,0.0,0.0,2273.326491328789,17,031,806001,2,170318060012
132.0,220.0,102.0,190.0,0.0,46.0,99.0,132.0,102.0,269.0,563.0,71.0,125.0,0.0,0.0,0.0,2051.0,17,031,806001,3,170318060013
52.0,0.0,0.0,116.0,93.0,0.0,48.0,172.0,71.0,86.0,150.0,60.0,0.0,0.0,0.0,0.0,848.0,17,031,806001,4,170318060014
0.0,147.0,163.0,51.0,118.0,92.0,0.0,0.0,0.0,128.0,0.0,182.0,0.0,0.0,0.0,0.0,881.0,17,031,806002,1,170318060021
103.0,0.0,174.0,108.0,149.0,121.0,270.0,240.0,194.0,230.0,212.0,268.0,202.0,0.37750559891216884,0.0,0.0,2271.377505598912,17,031,806002,2,170318060022
0.0,101.0,42.0,0.0,143.0,0.0,105.0,98.0,0.0,45.0,379.0,361.0,0.0,0.49993984720800744,0.0,0.0,1274.499939847208,17,031,806002,3,170318060023
38.0,71.0,0.0,94.0,38.0,158.0,35.0,0.0,58.0,112.0,261.0,76.0,0.0,1.061096818563934,0.0,0.0,942.0610968185639,17,031,806002,4,170318060024
0.0,224.0,35.0,66.0,28.0,114.0,0.0,107.0,0.0,97.0,334.0,260.0,0.0,0.7039969277010717,0.0,0.0,1265.7039969277012,17,031,806002,5,170318060025
165.0,41.0,238.0,93.0,27.0,133.0,35.0,77.0,79.0,75.0,133.0,113.0,79.0,0.37750559891216884,0.0,0.0,1288.3775055989122,17,031,806003,1,170318060031
52.0,0.0,0.0,142.0,46.0,0.0,175.0,225.0,56.0,718.0,0.0,76.0,185.0,0.0,0.0,0.0,1675.0,17,031,806003,2,170318060032
0.0,0.0,0.0,35.0,67.0,87.0,51.0,41.0,0.0,0.0,25.0,387.0,129.0,1.050893964539281,0.0,0.0,823.0508939645392,17,031,806003,3,170318060033
0.0,0.0,0.0,73.0,0.0,77.0,0.0,0.0,0.0,142.0,112.0,112.0,0.0,2.8057848567796335,0.0,0.0,518.8057848567796,17,031,806003,4,170318060034
0.0,0.0,0.0,190.0,143.0,71.0,74.0,32.0,0.0,64.0,342.0,401.0,66.0,0.0,0.0,0.0,1383.0,17,031,806003,5,170318060035
195.0,174.0,36.0,77.0,102.0,102.0,31.0,0.0,97.0,0.0,197.0,165.0,24.0,0.0,0.0,0.0,1200.0,17,031,806003,6,170318060036
97.0,65.0,90.0,160.0,177.0,234.0,120.0,82.0,71.0,29.0,141.0,103.0,0.0,0.7448083437996845,0.0,0.0,1369.7448083437996,17,031,806004,1,170318060041
122.0,40.0,191.0,171.0,144.0,447.0,51.0,155.0,485.0,90.0,196.0,242.0,150.0,0.5203455552573139,0.0,0.0,2484.5203455552573,17,031,806004,2,170318060042
0.0,0.0,178.0,140.0,159.0,214.0,121.0,121.0,30.0,143.0,286.0,211.0,96.0,0.8060254679476038,0.0,0.0,1699.8060254679476,17,031,806004,3,170318060043
0.0,47.0,0.0,238.0,0.0,174.0,80.0,0.0,0.0,201.0,211.0,84.0,67.0,0.0,0.0,0.0,1102.0,17,031,806004,4,170318060044
66.0,48.0,38.0,17.0,66.0,110.0,123.0,105.0,28.0,156.0,282.0,218.0,305.0,1.8059051623636186,0.0,0.0,1563.8059051623636,17,031,806102,1,170318061021
0.0,0.0,24.0,24.0,92.0,27.0,58.0,107.0,0.0,107.0,67.0,166.0,110.0,0.9386625702680955,0.0,0.0,782.9386625702681,17,031,806102,2,170318061022
42.0,45.0,21.0,88.0,58.0,24.0,0.0,24.0,29.0,34.0,85.0,213.0,64.0,1.3569795852788773,0.0,0.0,728.3569795852789,17,031,806102,3,170318061023
11.0,77.0,60.0,0.0,227.0,23.0,109.0,0.0,126.0,74.0,106.0,296.0,97.0,1.5202252496733286,0.0,0.0,1207.5202252496733,17,031,806103,1,170318061031
117.0,48.0,25.0,17.0,37.0,8.0,71.0,0.0,14.0,34.0,177.0,228.0,31.0,0.5815626794052331,0.0,0.0,807.5815626794052,17,031,806103,2,170318061032
52.0,0.0,47.0,0.0,94.0,0.0,16.0,125.0,8.0,0.0,86.0,336.0,264.0,0.8774454461201763,0.0,0.0,1028.8774454461202,17,031,806103,3,170318061033
27.0,27.0,97.0,82.0,21.0,0.0,0.0,0.0,0.0,208.0,186.0,61.0,165.0,1.5202252496733286,0.0,0.0,875.5202252496733,17,031,806103,4,170318061034
154.0,122.0,0.0,77.0,117.0,218.0,212.0,226.0,172.0,101.0,252.0,103.0,117.0,0.0,0.0,0.0,1871.0,17,031,806104,1,170318061041
174.0,94.0,55.0,0.0,58.0,183.0,0.0,0.0,0.0,0.0,106.0,319.0,79.0,0.0,0.0,0.0,1068.0,17,031,806104,2,170318061042
209.0,225.0,87.0,176.0,119.0,89.0,51.0,95.0,68.0,171.0,198.0,136.0,65.0,0.7448083437996845,0.0,0.0,1689.7448083437996,17,031,806104,3,170318061043
0.0,97.0,38.0,63.0,172.0,106.0,440.0,29.0,161.0,270.0,255.0,466.0,615.0,1.1427196507611599,0.0,0.0,2713.142719650761,17,031,806201,1,170318062011
50.0,126.0,111.0,69.0,37.0,67.0,92.0,38.0,103.0,94.0,265.0,341.0,0.0,0.6835912196517653,0.0,0.0,1393.6835912196518,17,031,806201,2,170318062012
145.0,52.0,0.0,0.0,41.0,0.0,48.0,30.0,0.0,20.0,22.0,62.0,75.0,0.0,0.0,0.0,495.0,17,031,806202,1,170318062021
150.0,0.0,334.0,0.0,32.0,24.0,142.0,56.0,89.0,0.0,176.0,472.0,129.0,1.0304882564899744,0.0,0.0,1605.03048825649,17,031,806202,2,170318062022
82.0,76.0,131.0,95.0,51.0,84.0,50.0,45.0,136.0,140.0,319.0,333.0,103.0,1.6936737680924332,0.0,0.0,1646.6936737680924,17,031,806202,3,170318062023
19.0,52.0,94.0,0.0,52.0,0.0,94.0,94.0,26.0,169.0,113.0,58.0,81.0,0.6223740955038459,0.0,0.0,852.6223740955038,17,031,806300,1,170318063001
23.0,0.0,0.0,26.0,59.0,160.0,74.0,26.0,77.0,0.0,80.0,29.0,157.0,1.1835310668597727,0.0,0.0,712.1835310668598,17,031,806300,2,170318063002
0.0,27.0,0.0,22.0,0.0,50.0,72.0,25.0,52.0,0.0,47.0,116.0,102.0,0.19385422646841105,0.0,0.0,513.1938542264684,17,031,806300,3,170318063003
0.0,19.0,0.0,24.0,38.0,0.0,38.0,21.0,21.0,89.0,19.0,94.0,79.0,1.1325167967365066,0.0,0.0,443.1325167967365,17,031,806300,4,170318063004
38.0,0.0,0.0,19.0,21.0,38.0,58.0,19.0,17.0,17.0,101.0,151.0,127.0,0.5917655334298864,0.0,0.0,606.5917655334299,17,031,806300,5,170318063005
0.0,0.0,0.0,53.0,0.0,31.0,28.0,28.0,0.0,38.0,148.0,169.0,60.0,0.3570998908628624,0.0,0.0,555.3570998908629,17,031,806300,6,170318063006
14.0,14.0,98.0,14.0,115.0,16.0,91.0,113.0,0.0,91.0,101.0,151.0,81.0,0.8570397380708699,0.0,0.0,899.8570397380709,17,031,806400,1,170318064001
28.0,21.0,45.0,45.0,0.0,98.0,0.0,21.0,171.0,203.0,56.0,157.0,45.0,2.4690906739660776,0.0,0.0,892.4690906739661,17,031,806400,2,170318064002
13.0,48.0,79.0,34.0,13.0,34.0,37.0,172.0,44.0,99.0,230.0,116.0,0.0,0.4897369931833542,0.0,0.0,919.4897369931833,17,031,806501,1,170318065011
91.0,84.0,105.0,6.0,162.0,16.0,105.0,67.0,169.0,132.0,101.0,159.0,54.0,0.3060856207395964,0.0,0.0,1251.3060856207396,17,031,806501,2,170318065012
95.0,0.0,20.0,0.0,0.0,43.0,98.0,75.0,17.0,54.0,161.0,182.0,40.0,0.14283995634514499,0.0,0.0,785.1428399563451,17,031,806502,1,170318065021
26.0,0.0,0.0,46.0,0.0,33.0,0.0,0.0,23.0,114.0,62.0,169.0,15.0,0.07141997817257249,0.0,0.0,488.07141997817257,17,031,806502,2,170318065022
23.0,18.0,44.0,23.0,97.0,76.0,216.0,0.0,50.0,50.0,13.0,190.0,76.0,0.21425993451771747,0.0,0.0,876.2142599345177,17,031,806502,3,170318065023
57.0,34.0,75.0,92.0,150.0,351.0,61.0,98.0,23.0,57.0,317.0,296.0,115.0,1.5304281036979819,0.0,0.0,1727.530428103698,17,031,806502,4,170318065024
44.0,95.0,56.0,29.0,0.0,178.0,0.0,53.0,59.0,83.0,222.0,478.0,190.0,1.6018480818705543,0.0,0.0,1488.6018480818705,17,031,806600,1,170318066001
20.0,71.0,89.0,61.0,43.0,51.0,105.0,41.0,43.0,287.0,215.0,241.0,110.0,0.6529826575778056,0.0,0.0,1377.6529826575777,17,031,806600,2,170318066002
46.0,23.0,20.0,49.0,92.0,23.0,28.0,67.0,69.0,139.0,185.0,178.0,188.0,1.3875881473528369,0.0,0.0,1108.3875881473527,17,031,806700,1,170318067001
26.0,0.0,0.0,29.0,56.0,0.0,0.0,29.0,23.0,0.0,68.0,118.0,112.0,0.0,0.0,0.0,461.0,17,031,806700,2,170318067002
23.0,0.0,98.0,20.0,20.0,26.0,0.0,54.0,0.0,39.0,158.0,236.0,83.0,0.7346054897750313,0.0,0.0,757.734605489775,17,031,806700,3,170318067003
0.0,18.0,18.0,0.0,27.0,0.0,20.0,0.0,0.0,18.0,34.0,99.0,43.0,0.0,0.0,0.0,277.0,17,031,806700,4,170318067004
191.0,65.0,71.0,0.0,37.0,102.0,0.0,8.0,13.0,50.0,39.0,124.0,13.0,0.0,0.0,0.0,713.0,17,031,806801,1,170318068011
0.0,46.0,87.0,35.0,151.0,20.0,33.0,17.0,99.0,140.0,79.0,133.0,12.0,0.23466564256702388,0.0,0.0,852.234665642567,17,031,806801,2,170318068012
0.0,0.0,0.0,27.0,21.0,21.0,0.0,81.0,0.0,62.0,250.0,89.0,100.0,1.8569194324868847,0.0,0.0,652.8569194324868,17,031,806801,3,170318068013
41.0,19.0,19.0,13.0,0.0,0.0,16.0,97.0,16.0,39.0,0.0,64.0,39.0,0.9386625702680955,0.0,0.0,363.9386625702681,17,031,806801,4,170318068014
0.0,0.0,33.0,0.0,64.0,0.0,33.0,0.0,24.0,0.0,39.0,168.0,0.0,0.3979113069614753,0.0,0.0,361.3979113069615,17,031,806802,1,170318068021
83.0,46.0,20.0,0.0,52.0,54.0,91.0,177.0,41.0,99.0,127.0,208.0,120.0,0.0,0.0,0.0,1118.0,17,031,806802,2,170318068022
31.0,0.0,0.0,0.0,100.0,14.0,37.0,0.0,34.0,62.0,37.0,185.0,48.0,0.867242592095523,0.0,0.0,548.8672425920955,17,031,806802,3,170318068023
0.0,0.0,76.0,0.0,28.0,31.0,33.0,0.0,0.0,31.0,146.0,172.0,81.0,0.0,0.0,0.0,598.0,17,031,806900,1,170318069001
336.0,115.0,84.0,107.0,101.0,21.0,161.0,0.0,97.0,193.0,332.0,115.0,38.0,0.4897369931833542,0.0,0.0,1700.4897369931834,17,031,806900,2,170318069002
101.0,0.0,0.0,118.0,17.0,192.0,53.0,80.0,0.0,88.0,296.0,624.0,149.0,1.5202252496733286,0.0,0.0,1719.5202252496733,17,031,806900,3,170318069003
82.0,208.0,290.0,158.0,372.0,205.0,377.0,0.0,199.0,90.0,240.0,354.0,131.0,0.43872272306008814,0.0,0.0,2706.43872272306,17,031,807000,1,170318070001
82.0,141.0,32.0,0.0,9.0,25.0,98.0,0.0,50.0,0.0,77.0,148.0,295.0,0.6019683874545395,0.0,0.0,957.6019683874546,17,031,807000,2,170318070002
55.0,0.0,37.0,0.0,0.0,0.0,207.0,0.0,0.0,159.0,0.0,129.0,185.0,0.7856197598982974,0.0,0.0,772.7856197598983,17,031,807000,3,170318070003
135.0,202.0,0.0,34.0,34.0,0.0,123.0,0.0,0.0,41.0,0.0,50.0,120.0,0.0,0.0,0.0,739.0,17,031,807000,4,170318070004
67.0,20.0,0.0,0.0,20.0,13.0,0.0,0.0,20.0,52.0,18.0,26.0,122.0,0.6631855116024589,0.0,0.0,358.6631855116025,17,031,807100,1,170318071001
44.0,16.0,0.0,27.0,22.0,82.0,77.0,22.0,113.0,49.0,46.0,226.0,215.0,1.152922504785813,0.0,0.0,940.1529225047858,17,031,807100,2,170318071002
26.0,0.0,0.0,49.0,83.0,0.0,0.0,0.0,19.0,6.0,29.0,332.0,172.0,3.1424790395931894,0.0,0.0,719.1424790395932,17,031,807100,3,170318071003
13.0,23.0,23.0,0.0,60.0,0.0,13.0,33.0,40.0,0.0,30.0,107.0,73.0,0.8570397380708699,0.0,0.0,415.85703973807085,17,031,807200,1,170318072001
46.0,130.0,102.0,0.0,251.0,0.0,155.0,43.0,62.0,74.0,319.0,201.0,186.0,0.43872272306008814,0.0,0.0,1569.43872272306,17,031,807200,2,170318072002
0.0,24.0,0.0,65.0,180.0,27.0,30.0,19.0,0.0,16.0,13.0,237.0,76.0,0.9998796944160149,0.0,0.0,687.999879694416,17,031,807200,3,170318072003
54.0,66.0,51.0,0.0,0.0,19.0,111.0,19.0,0.0,57.0,54.0,312.0,105.0,0.22446278854237067,0.0,0.0,848.2244627885424,17,031,807200,4,170318072004
0.0,0.0,0.0,17.0,29.0,86.0,71.0,0.0,23.0,47.0,47.0,38.0,62.0,1.6018480818705543,0.0,0.0,421.60184808187057,17,031,807200,5,170318072005
498.0,58.0,166.0,68.0,141.0,141.0,184.0,45.0,129.0,192.0,182.0,192.0,101.0,0.0,0.0,0.0,2097.0,17,031,807300,1,170318073001
110.0,93.0,33.0,63.0,129.0,65.0,57.0,63.0,82.0,0.0,29.0,345.0,216.0,0.2958827667149432,0.0,0.0,1285.2958827667148,17,031,807300,2,170318073002
120.0,142.0,28.0,38.0,0.0,0.0,28.0,0.0,127.0,69.0,125.0,207.0,175.0,1.050893964539281,0.0,0.0,1060.0508939645392,17,031,807300,3,170318073003
81.0,0.0,34.0,42.0,31.0,42.0,223.0,0.0,0.0,0.0,0.0,168.0,68.0,0.3468970368382092,0.0,0.0,689.3468970368382,17,031,807300,4,170318073004
68.0,0.0,0.0,288.0,0.0,0.0,64.0,0.0,64.0,0.0,146.0,123.0,302.0,1.346776731254224,0.0,0.0,1056.3467767312543,17,031,807300,5,170318073005
37.0,28.0,46.0,0.0,28.0,31.0,0.0,37.0,0.0,0.0,137.0,137.0,131.0,0.37750559891216884,0.0,0.0,612.3775055989122,17,031,807400,1,170318074001
57.0,0.0,136.0,0.0,31.0,31.0,31.0,68.0,0.0,173.0,133.0,76.0,339.0,0.8060254679476038,0.0,0.0,1075.8060254679476,17,031,807400,2,170318074002
138.0,150.0,209.0,221.0,320.0,27.0,181.0,113.0,117.0,203.0,240.0,468.0,166.0,0.0,0.0,0.0,2553.0,17,031,807400,3,170318074003
83.0,162.0,49.0,41.0,0.0,54.0,0.0,0.0,0.0,345.0,91.0,0.0,99.0,0.336694182813556,0.0,0.0,924.3366941828135,17,031,807400,4,170318074004
34.0,41.0,41.0,48.0,0.0,0.0,30.0,41.0,253.0,0.0,157.0,174.0,85.0,0.0,0.0,0.0,904.0,17,031,807400,5,170318074005
89.0,36.0,29.0,0.0,46.0,29.0,95.0,0.0,0.0,145.0,26.0,158.0,347.0,0.673388365627112,0.0,0.0,1000.6733883656271,17,031,807500,1,170318075001
117.0,0.0,19.0,0.0,34.0,34.0,44.0,129.0,28.0,25.0,79.0,221.0,63.0,0.0,0.0,0.0,793.0,17,031,807500,2,170318075002
22.0,0.0,0.0,71.0,0.0,34.0,34.0,0.0,179.0,68.0,131.0,153.0,151.0,0.4897369931833542,0.0,0.0,843.4897369931833,17,031,807500,3,170318075003
0.0,94.0,126.0,91.0,39.0,0.0,143.0,0.0,42.0,143.0,234.0,68.0,107.0,0.530548409281967,0.0,0.0,1087.530548409282,17,031,807600,1,170318076001
0.0,90.0,149.0,41.0,41.0,34.0,41.0,0.0,0.0,69.0,219.0,114.0,170.0,1.3059653151556112,0.0,0.0,969.3059653151556,17,031,807600,2,170318076002
0.0,51.0,37.0,0.0,0.0,153.0,133.0,0.0,41.0,78.0,71.0,229.0,68.0,0.0,0.0,0.0,861.0,17,031,807600,3,170318076003
41.0,0.0,99.0,141.0,82.0,0.0,55.0,68.0,0.0,89.0,295.0,237.0,0.0,0.0,0.0,0.0,1107.0,17,031,807600,4,170318076004
113.0,0.0,139.0,53.0,28.0,34.0,150.0,28.0,36.0,0.0,343.0,42.0,36.0,2.2242221773744,0.0,0.0,1004.2242221773744,17,031,807600,5,170318076005
207.0,178.0,134.0,140.0,213.0,96.0,297.0,29.0,116.0,172.0,40.0,210.0,338.0,0.2958827667149432,0.0,0.0,2170.295882766715,17,031,807700,1,170318077001
80.0,88.0,33.0,47.0,350.0,30.0,0.0,172.0,0.0,52.0,158.0,186.0,119.0,0.27547705866563676,0.0,0.0,1315.2754770586657,17,031,807700,2,170318077002
30.0,0.0,27.0,0.0,91.0,0.0,0.0,63.0,0.0,231.0,0.0,157.0,81.0,0.5407512633066203,0.0,0.0,680.5407512633067,17,031,807700,3,170318077003
175.0,239.0,90.0,0.0,0.0,0.0,0.0,31.0,31.0,226.0,103.0,143.0,106.0,0.2652742046409835,0.0,0.0,1144.265274204641,17,031,807700,4,170318077004
16.0,70.0,10.0,83.0,33.0,0.0,36.0,13.0,40.0,43.0,197.0,284.0,93.0,0.6835912196517653,0.0,0.0,918.6835912196518,17,031,807800,1,170318078001
0.0,43.0,15.0,0.0,84.0,40.0,118.0,65.0,28.0,124.0,146.0,202.0,224.0,1.2345453369830388,0.0,0.0,1090.234545336983,17,031,807800,2,170318078002
56.0,28.0,49.0,0.0,24.0,87.0,0.0,0.0,65.0,99.0,118.0,243.0,212.0,1.0406911105146277,0.0,0.0,982.0406911105147,17,031,807900,1,170318079001
94.0,22.0,0.0,0.0,0.0,57.0,22.0,25.0,48.0,94.0,233.0,105.0,293.0,1.9997593888320297,0.0,0.0,994.999759388832,17,031,807900,2,170318079002
17.0,0.0,0.0,0.0,23.0,26.0,23.0,0.0,0.0,20.0,77.0,142.0,80.0,1.6630652060184736,0.0,0.0,409.6630652060185,17,031,807900,3,170318079003
0.0,0.0,77.0,40.0,63.0,57.0,28.0,25.0,40.0,46.0,40.0,169.0,69.0,2.111990783103215,0.0,0.0,656.1119907831032,17,031,808001,1,170318080011
26.0,0.0,88.0,58.0,22.0,78.0,0.0,26.0,9.0,97.0,22.0,182.0,81.0,1.7957023083389654,0.0,0.0,690.795702308339,17,031,808001,2,170318080012
0.0,52.0,29.0,16.0,91.0,143.0,32.0,0.0,26.0,42.0,185.0,221.0,253.0,2.152802199201828,0.0,0.0,1092.152802199202,17,031,808001,3,170318080013
50.0,0.0,63.0,69.0,0.0,0.0,88.0,0.0,22.0,208.0,180.0,139.0,25.0,1.6120509358952075,0.0,0.0,845.6120509358952,17,031,808002,1,170318080021
19.0,64.0,0.0,91.0,44.0,22.0,158.0,44.0,64.0,22.0,128.0,59.0,143.0,1.203936774909079,0.0,0.0,859.203936774909,17,031,808002,2,170318080022
0.0,50.0,27.0,0.0,81.0,0.0,0.0,0.0,0.0,172.0,223.0,304.0,138.0,1.2345453369830388,0.0,0.0,996.234545336983,17,031,808002,3,170318080023
40.0,21.0,27.0,0.0,0.0,0.0,45.0,18.0,0.0,0.0,140.0,70.0,18.0,0.21425993451771747,0.0,0.0,379.2142599345177,17,031,808002,4,170318080024
0.0,84.0,28.0,55.0,92.0,170.0,0.0,12.0,185.0,123.0,67.0,14.0,138.0,1.3569795852788773,0.0,0.0,969.3569795852789,17,031,808100,1,170318081001
233.0,132.0,115.0,123.0,81.0,128.0,101.0,73.0,24.0,174.0,130.0,176.0,122.0,0.6121712414791928,0.0,0.0,1612.6121712414792,17,031,808100,2,170318081002
42.0,42.0,203.0,21.0,50.0,37.0,64.0,125.0,131.0,96.0,318.0,367.0,278.0,2.6221334843358757,0.0,0.0,1776.6221334843358,17,031,808200,1,170318082001
39.0,64.0,70.0,230.0,33.0,104.0,0.0,122.0,49.0,85.0,104.0,193.0,147.0,2.754770586656367,0.0,0.0,1242.7547705866564,17,031,808200,2,170318082002
158.0,82.0,96.0,87.0,41.0,193.0,52.0,90.0,32.0,123.0,193.0,298.0,128.0,0.6223740955038459,0.0,0.0,1573.6223740955038,17,031,808200,3,170318082003
53.0,29.0,0.0,173.0,57.0,0.0,256.0,27.0,29.0,112.0,27.0,142.0,33.0,0.3877084529368221,0.0,0.0,938.3877084529369,17,031,808301,1,170318083011
94.0,33.0,89.0,263.0,35.0,33.0,35.0,71.0,99.0,107.0,314.0,599.0,409.0,3.0200447912973507,0.0,0.0,2184.0200447912976,17,031,808301,2,170318083012
30.0,30.0,107.0,0.0,94.0,38.0,40.0,0.0,25.0,38.0,112.0,25.0,66.0,1.2141396289337323,0.0,0.0,606.2141396289337,17,031,808301,3,170318083013
32.0,0.0,39.0,0.0,34.0,64.0,24.0,34.0,34.0,145.0,172.0,138.0,172.0,0.3468970368382092,0.0,0.0,888.3468970368382,17,031,808301,4,170318083014
0.0,24.0,56.0,35.0,35.0,0.0,105.0,31.0,31.0,287.0,31.0,178.0,87.0,1.9589479727334167,0.0,0.0,901.9589479727334,17,031,808302,1,170318083021
173.0,54.0,56.0,207.0,42.0,36.0,148.0,42.0,38.0,63.0,315.0,301.0,202.0,1.438602417476103,0.0,0.0,1678.4386024174762,17,031,808302,2,170318083022
24.0,68.0,0.0,40.0,29.0,0.0,43.0,0.0,21.0,40.0,29.0,95.0,144.0,0.0,0.0,0.0,533.0,17,031,808302,3,170318083023
64.0,50.0,20.0,153.0,0.0,20.0,91.0,44.0,0.0,112.0,138.0,362.0,141.0,2.5201049440893435,0.0,0.0,1197.5201049440893,17,031,808400,1,170318084001
28.0,28.0,208.0,28.0,25.0,0.0,86.0,0.0,53.0,82.0,61.0,57.0,129.0,2.0813822210292554,0.0,0.0,787.0813822210292,17,031,808400,2,170318084002
113.0,40.0,98.0,17.0,20.0,20.0,95.0,0.0,75.0,107.0,197.0,197.0,145.0,1.1835310668597727,0.0,0.0,1125.1835310668598,17,031,808400,3,170318084003
37.0,0.0,30.0,34.0,92.0,137.0,24.0,79.0,20.0,151.0,144.0,299.0,72.0,1.152922504785813,0.0,0.0,1120.152922504786,17,031,808500,1,170318085001
0.0,52.0,0.0,40.0,0.0,40.0,43.0,49.0,0.0,29.0,0.0,49.0,139.0,0.37750559891216884,0.0,0.0,441.3775055989122,17,031,808500,2,170318085002
34.0,48.0,54.0,0.0,0.0,0.0,0.0,57.0,48.0,54.0,0.0,206.0,123.0,1.8365137244375782,0.0,0.0,625.8365137244376,17,031,808500,3,170318085003
32.0,32.0,50.0,0.0,0.0,20.0,26.0,26.0,95.0,44.0,106.0,142.0,163.0,0.7550111978243377,0.0,0.0,736.7550111978244,17,031,808500,4,170318085004
0.0,0.0,0.0,75.0,12.0,22.0,0.0,0.0,69.0,18.0,47.0,116.0,88.0,1.4181967094267967,0.0,0.0,448.4181967094268,17,031,808600,1,170318086001
31.0,0.0,87.0,42.0,23.0,13.0,18.0,5.0,37.0,34.0,87.0,166.0,21.0,0.18365137244375782,0.0,0.0,564.1836513724437,17,031,808600,2,170318086002
180.0,36.0,0.0,45.0,43.0,40.0,30.0,8.0,8.0,70.0,51.0,98.0,38.0,0.27547705866563676,0.0,0.0,647.2754770586656,17,031,808702,1,170318087021
16.0,8.0,0.0,0.0,0.0,0.0,0.0,12.0,0.0,0.0,10.0,18.0,38.0,0.0,0.0,0.0,102.0,17,031,808702,2,170318087022
61.0,0.0,0.0,133.0,32.0,0.0,23.0,98.0,65.0,86.0,119.0,220.0,117.0,2.1732079072511343,0.0,0.0,956.1732079072511,17,031,808800,1,170318088001
121.0,42.0,0.0,74.0,0.0,0.0,0.0,38.0,85.0,164.0,20.0,20.0,171.0,1.5100223956486754,0.0,0.0,736.5100223956487,17,031,808800,2,170318088002
123.0,35.0,33.0,17.0,134.0,73.0,64.0,26.0,62.0,17.0,118.0,78.0,47.0,1.2753567530816516,0.0,0.0,828.2753567530816,17,031,808900,1,170318089001
17.0,39.0,0.0,51.0,0.0,82.0,35.0,0.0,0.0,48.0,17.0,77.0,62.0,0.5203455552573139,0.0,0.0,428.52034555525734,17,031,808900,2,170318089002
60.0,0.0,84.0,0.0,38.0,65.0,19.0,0.0,45.0,67.0,140.0,183.0,196.0,1.5712395197965947,0.0,0.0,898.5712395197966,17,031,808900,3,170318089003
0.0,0.0,0.0,0.0,0.0,0.0,0.0,24.0,0.0,0.0,46.0,32.0,115.0,0.8060254679476038,0.0,0.0,217.8060254679476,17,031,809000,1,170318090001
0.0,0.0,69.0,0.0,12.0,0.0,0.0,0.0,0.0,0.0,57.0,78.0,93.0,0.18365137244375782,0.0,0.0,309.18365137244376,17,031,809000,2,170318090002
0.0,39.0,63.0,22.0,52.0,0.0,17.0,55.0,107.0,46.0,112.0,182.0,138.0,0.5101427012326606,0.0,0.0,833.5101427012327,17,031,809000,3,170318090003
0.0,0.0,0.0,0.0,0.0,22.0,0.0,50.0,0.0,28.0,81.0,134.0,154.0,0.6529826575778056,0.0,0.0,469.6529826575778,17,031,809000,4,170318090004
18.0,28.0,44.0,16.0,24.0,0.0,0.0,106.0,28.0,79.0,138.0,108.0,77.0,1.5100223956486754,0.0,0.0,667.5100223956487,17,031,809100,1,170318091001
0.0,54.0,42.0,5.0,0.0,0.0,0.0,0.0,57.0,0.0,114.0,45.0,39.0,1.101908234662547,0.0,0.0,357.1019082346626,17,031,809100,2,170318091002
44.0,0.0,35.0,12.0,90.0,100.0,21.0,90.0,73.0,88.0,102.0,65.0,44.0,0.1632456643944514,0.0,0.0,764.1632456643945,17,031,809100,3,170318091003
202.0,97.0,0.0,83.0,59.0,24.0,0.0,90.0,111.0,202.0,34.0,136.0,94.0,0.7039969277010717,0.0,0.0,1132.7039969277012,17,031,809200,1,170318092001
0.0,130.0,66.0,61.0,72.0,2.0,17.0,19.0,112.0,101.0,57.0,106.0,41.0,0.5815626794052331,0.0,0.0,784.5815626794052,17,031,809200,2,170318092002
0.0,174.0,25.0,123.0,76.0,55.0,38.0,106.0,55.0,119.0,85.0,302.0,25.0,0.5203455552573139,0.0,0.0,1183.5203455552573,17,031,809200,3,170318092003
80.0,164.0,28.0,0.0,36.0,88.0,0.0,12.0,192.0,60.0,200.0,336.0,108.0,0.8978511541694827,0.0,0.0,1304.8978511541695,17,031,809200,4,170318092004
293.0,99.0,61.0,0.0,21.0,0.0,56.0,0.0,33.0,0.0,82.0,0.0,26.0,0.4081141609861285,0.0,0.0,671.4081141609861,17,031,809300,1,170318093001
570.0,147.0,141.0,28.0,69.0,0.0,129.0,56.0,38.0,61.0,100.0,144.0,0.0,2.601727776286569,0.0,0.0,1485.6017277762867,17,031,809300,2,170318093002
677.0,130.0,127.0,40.0,103.0,79.0,38.0,0.0,65.0,0.0,0.0,125.0,33.0,0.336694182813556,0.0,0.0,1417.3366941828135,17,031,809300,3,170318093003
102.0,17.0,20.0,62.0,41.0,19.0,19.0,44.0,20.0,46.0,22.0,43.0,117.0,0.1530428103697982,0.0,0.0,572.1530428103698,17,031,809400,1,170318094001
262.0,108.0,90.0,23.0,68.0,63.0,0.0,103.0,95.0,40.0,83.0,128.0,118.0,0.9794739863667083,0.0,0.0,1181.9794739863667,17,031,809400,2,170318094002
151.0,17.0,46.0,45.0,77.0,22.0,41.0,57.0,61.0,0.0,94.0,48.0,122.0,1.1631253588104662,0.0,0.0,782.1631253588105,17,031,809400,3,170318094003
534.0,83.0,0.0,91.0,43.0,141.0,37.0,48.0,0.0,123.0,0.0,74.0,0.0,0.19385422646841105,0.0,0.0,1174.1938542264684,17,031,809400,4,170318094004
219.0,16.0,66.0,0.0,45.0,37.0,18.0,20.0,35.0,71.0,87.0,163.0,83.0,1.2141396289337323,0.0,0.0,861.2141396289337,17,031,809500,1,170318095001
138.0,22.0,125.0,91.0,79.0,125.0,167.0,47.0,14.0,61.0,169.0,117.0,76.0,0.0,0.0,0.0,1231.0,17,031,809500,2,170318095002
41.0,17.0,0.0,35.0,0.0,0.0,0.0,94.0,83.0,76.0,72.0,0.0,91.0,1.0917053806378938,0.0,0.0,510.0917053806379,17,031,809500,3,170318095003
0.0,26.0,0.0,0.0,14.0,20.0,23.0,0.0,23.0,28.0,0.0,98.0,156.0,0.28567991269028997,0.0,0.0,388.2856799126903,17,031,809600,1,170318096001
108.0,0.0,74.0,30.0,81.0,180.0,238.0,132.0,40.0,40.0,241.0,85.0,0.0,0.3060856207395964,0.0,0.0,1249.3060856207396,17,031,809600,2,170318096002
0.0,65.0,0.0,73.0,43.0,0.0,46.0,21.0,68.0,73.0,182.0,106.0,62.0,0.46933128513404776,0.0,0.0,739.4693312851341,17,031,809600,3,170318096003
44.0,0.0,66.0,0.0,53.0,58.0,0.0,100.0,41.0,25.0,172.0,75.0,133.0,1.3365738772295708,0.0,0.0,768.3365738772296,17,031,809700,1,170318097001
0.0,105.0,30.0,71.0,78.0,115.0,0.0,64.0,78.0,119.0,330.0,337.0,231.0,2.397670695793505,0.0,0.0,1560.3976706957935,17,031,809700,2,170318097002
0.0,24.0,27.0,21.0,18.0,0.0,42.0,24.0,45.0,54.0,88.0,45.0,48.0,1.3263710232049177,0.0,0.0,437.3263710232049,17,031,809700,3,170318097003
36.0,26.0,16.0,32.0,50.0,0.0,16.0,48.0,48.0,34.0,32.0,56.0,136.0,0.9182568622187891,0.0,0.0,530.9182568622188,17,031,809800,1,170318098001
202.0,80.0,101.0,69.0,103.0,31.0,106.0,98.0,54.0,80.0,64.0,150.0,116.0,0.7039969277010717,0.0,0.0,1254.7039969277012,17,031,809800,2,170318098002
183.0,45.0,39.0,21.0,19.0,35.0,48.0,39.0,59.0,151.0,269.0,508.0,293.0,2.1834107612757876,0.0,0.0,1711.1834107612758,17,031,809900,1,170318099001
200.0,27.0,179.0,21.0,133.0,0.0,38.0,47.0,124.0,112.0,197.0,389.0,112.0,0.9896768403913616,0.0,0.0,1579.9896768403914,17,031,810000,1,170318100001
144.0,29.0,58.0,37.0,0.0,133.0,39.0,0.0,140.0,71.0,73.0,183.0,234.0,1.1631253588104662,0.0,0.0,1142.1631253588105,17,031,810000,2,170318100002
0.0,79.0,17.0,116.0,0.0,47.0,89.0,58.0,161.0,126.0,42.0,251.0,56.0,0.2958827667149432,0.0,0.0,1042.2958827667148,17,031,810000,3,170318100003
0.0,89.0,51.0,0.0,30.0,0.0,0.0,0.0,30.0,32.0,54.0,152.0,115.0,0.14283995634514499,0.0,0.0,553.1428399563451,17,031,810100,1,170318101001
70.0,52.0,17.0,81.0,17.0,124.0,133.0,56.0,81.0,155.0,0.0,41.0,127.0,0.2652742046409835,0.0,0.0,954.265274204641,17,031,810100,2,170318101002
59.0,0.0,102.0,108.0,0.0,35.0,75.0,18.0,0.0,113.0,164.0,0.0,18.0,0.4081141609861285,0.0,0.0,692.4081141609861,17,031,810100,3,170318101003
0.0,0.0,47.0,0.0,0.0,18.0,0.0,0.0,13.0,76.0,0.0,0.0,158.0,0.47953413915870097,0.0,0.0,312.4795341391587,17,031,810100,4,170318101004
12.0,27.0,57.0,25.0,86.0,120.0,0.0,67.0,120.0,8.0,175.0,222.0,137.0,1.1427196507611599,0.0,0.0,1057.1427196507611,17,031,810100,5,170318101005
0.0,0.0,120.0,129.0,174.0,56.0,73.0,40.0,0.0,35.0,33.0,118.0,167.0,0.0,0.0,0.0,945.0,17,031,810200,1,170318102001
44.0,69.0,0.0,38.0,24.0,30.0,0.0,229.0,38.0,0.0,107.0,248.0,57.0,0.13263710232049175,0.0,0.0,884.1326371023205,17,031,810200,2,170318102002
35.0,148.0,29.0,0.0,41.0,222.0,74.0,145.0,0.0,0.0,32.0,133.0,29.0,2.111990783103215,0.0,0.0,890.1119907831032,17,031,810200,3,170318102003
60.0,94.0,136.0,90.0,0.0,56.0,27.0,75.0,94.0,174.0,195.0,186.0,81.0,0.530548409281967,0.0,0.0,1268.530548409282,17,031,810200,4,170318102004
106.0,0.0,0.0,0.0,0.0,0.0,30.0,0.0,23.0,33.0,0.0,75.0,167.0,0.7856197598982974,0.0,0.0,434.7856197598983,17,031,810200,5,170318102005
0.0,0.0,69.0,98.0,0.0,0.0,23.0,101.0,29.0,66.0,57.0,248.0,32.0,0.8366340300215634,0.0,0.0,723.8366340300215,17,031,810200,6,170318102006
32.0,0.0,76.0,0.0,0.0,0.0,0.0,70.0,22.0,147.0,25.0,192.0,128.0,1.203936774909079,0.0,0.0,693.203936774909,17,031,810301,1,170318103011
0.0,74.0,38.0,143.0,0.0,0.0,0.0,85.0,0.0,126.0,96.0,82.0,126.0,0.7550111978243377,0.0,0.0,770.7550111978244,17,031,810301,2,170318103012
25.0,17.0,51.0,0.0,0.0,102.0,35.0,102.0,22.0,73.0,163.0,104.0,68.0,0.5203455552573139,0.0,0.0,762.5203455552573,17,031,810301,3,170318103013
0.0,28.0,0.0,65.0,59.0,23.0,68.0,39.0,0.0,114.0,146.0,54.0,47.0,0.3468970368382092,0.0,0.0,643.3468970368382,17,031,810301,4,170318103014
23.0,0.0,0.0,0.0,66.0,211.0,71.0,105.0,50.0,73.0,150.0,116.0,76.0,0.8060254679476038,0.0,0.0,941.8060254679476,17,031,810302,1,170318103021
34.0,21.0,81.0,71.0,126.0,60.0,39.0,28.0,0.0,49.0,155.0,63.0,131.0,0.6631855116024589,0.0,0.0,858.6631855116025,17,031,810302,2,170318103022
0.0,0.0,0.0,18.0,32.0,0.0,21.0,24.0,42.0,93.0,24.0,104.0,112.0,1.3365738772295708,0.0,0.0,471.33657387722957,17,031,810302,3,170318103023
0.0,82.0,0.0,0.0,0.0,92.0,27.0,0.0,24.0,27.0,24.0,97.0,154.0,0.7346054897750313,0.0,0.0,527.734605489775,17,031,810400,1,170318104001
0.0,0.0,0.0,89.0,19.0,0.0,91.0,0.0,0.0,26.0,108.0,135.0,229.0,0.6121712414791928,0.0,0.0,697.6121712414792,17,031,810400,2,170318104002
111.0,100.0,58.0,135.0,100.0,106.0,161.0,106.0,121.0,294.0,315.0,201.0,323.0,0.7550111978243377,0.0,0.0,2131.7550111978244,17,031,810400,3,170318104003
122.0,0.0,21.0,19.0,24.0,50.0,40.0,26.0,0.0,74.0,19.0,271.0,84.0,0.0,0.0,0.0,750.0,17,031,810400,4,170318104004
54.0,43.0,64.0,56.0,21.0,74.0,56.0,70.0,0.0,43.0,19.0,105.0,105.0,0.530548409281967,0.0,0.0,710.530548409282,17,031,810501,1,170318105011
0.0,42.0,78.0,53.0,78.0,31.0,59.0,25.0,0.0,22.0,141.0,64.0,98.0,0.7141997817257248,0.0,0.0,691.7141997817257,17,031,810501,2,170318105012
36.0,0.0,20.0,91.0,0.0,73.0,26.0,0.0,94.0,70.0,117.0,125.0,23.0,0.44892557708474135,0.0,0.0,675.4489255770848,17,031,810501,3,170318105013
0.0,107.0,113.0,31.0,34.0,34.0,78.0,0.0,28.0,0.0,236.0,241.0,136.0,0.44892557708474135,0.0,0.0,1038.4489255770848,17,031,810501,4,170318105014
0.0,164.0,109.0,66.0,0.0,82.0,54.0,54.0,57.0,0.0,194.0,164.0,261.0,0.9590682783174019,0.0,0.0,1205.9590682783173,17,031,810501,5,170318105015
41.0,0.0,120.0,0.0,60.0,49.0,0.0,153.0,47.0,24.0,37.0,18.0,95.0,0.0,0.0,0.0,644.0,17,031,810502,1,170318105021
69.0,0.0,56.0,22.0,25.0,0.0,28.0,0.0,22.0,72.0,255.0,226.0,85.0,0.3162884747642496,0.0,0.0,860.3162884747643,17,031,810502,2,170318105022
109.0,180.0,133.0,18.0,117.0,131.0,46.0,107.0,147.0,138.0,107.0,205.0,0.0,0.5917655334298864,0.0,0.0,1438.59176553343,17,031,810502,3,170318105023
141.0,31.0,143.0,31.0,0.0,28.0,84.0,28.0,45.0,25.0,53.0,157.0,42.0,0.5101427012326606,0.0,0.0,808.5101427012327,17,031,810502,4,170318105024
0.0,0.0,46.0,0.0,46.0,49.0,15.0,0.0,56.0,100.0,103.0,188.0,129.0,0.5713598253805799,0.0,0.0,732.5713598253806,17,031,810502,5,170318105025
47.0,71.0,185.0,45.0,137.0,140.0,21.0,63.0,34.0,124.0,119.0,132.0,235.0,1.050893964539281,0.0,0.0,1354.0508939645392,17,031,810600,1,170318106001
116.0,264.0,0.0,86.0,38.0,0.0,47.0,308.0,88.0,269.0,177.0,158.0,94.0,0.8774454461201763,0.0,0.0,1645.8774454461202,17,031,810600,2,170318106002
148.0,83.0,50.0,65.0,0.0,114.0,141.0,115.0,70.0,228.0,152.0,94.0,43.0,0.0,0.0,0.0,1303.0,17,031,810600,3,170318106003
46.0,125.0,119.0,125.0,0.0,102.0,140.0,0.0,134.0,96.0,227.0,113.0,242.0,0.0,0.0,0.0,1469.0,17,031,810701,1,170318107011
39.0,64.0,96.0,113.0,165.0,135.0,133.0,32.0,0.0,93.0,96.0,88.0,158.0,0.3264913287889028,0.0,0.0,1212.326491328789,17,031,810701,2,170318107012
60.0,94.0,125.0,94.0,41.0,73.0,94.0,57.0,52.0,96.0,157.0,170.0,15.0,0.0,0.0,0.0,1128.0,17,031,810701,3,170318107013
84.0,76.0,198.0,49.0,54.0,44.0,17.0,0.0,114.0,39.0,84.0,143.0,34.0,1.0304882564899744,0.0,0.0,937.03048825649,17,031,810701,4,170318107014
17.0,94.0,104.0,96.0,61.0,84.0,17.0,73.0,226.0,170.0,132.0,160.0,211.0,0.28567991269028997,0.0,0.0,1445.2856799126903,17,031,810702,1,170318107021
18.0,73.0,33.0,84.0,59.0,16.0,75.0,59.0,0.0,0.0,54.0,51.0,28.0,0.336694182813556,0.0,0.0,550.3366941828135,17,031,810702,2,170318107022
149.0,234.0,65.0,47.0,143.0,60.0,19.0,39.0,101.0,84.0,214.0,71.0,82.0,1.0815025266132405,0.0,0.0,1309.0815025266133,17,031,810702,3,170318107023
48.0,60.0,96.0,0.0,0.0,24.0,132.0,18.0,0.0,15.0,54.0,253.0,72.0,0.6427798035531523,0.0,0.0,772.6427798035531,17,031,810800,1,170318108001
90.0,79.0,183.0,135.0,121.0,96.0,116.0,73.0,45.0,124.0,31.0,144.0,316.0,1.6120509358952075,0.0,0.0,1554.6120509358952,17,031,810800,2,170318108002
55.0,0.0,35.0,27.0,39.0,297.0,31.0,0.0,35.0,23.0,297.0,186.0,320.0,1.6528623519938204,0.0,0.0,1346.652862351994,17,031,810800,3,170318108003
24.0,0.0,124.0,48.0,18.0,0.0,21.0,66.0,21.0,27.0,227.0,257.0,118.0,0.3979113069614753,0.0,0.0,951.3979113069614,17,031,810800,4,170318108004
63.0,178.0,0.0,92.0,100.0,75.0,95.0,0.0,51.0,261.0,561.0,112.0,95.0,0.1734485184191046,0.0,0.0,1683.173448518419,17,031,810900,1,170318109001
94.0,112.0,0.0,51.0,160.0,68.0,379.0,66.0,114.0,81.0,155.0,178.0,237.0,0.0,0.0,0.0,1695.0,17,031,810900,2,170318109002
0.0,0.0,0.0,39.0,0.0,167.0,0.0,54.0,0.0,133.0,0.0,138.0,41.0,1.0304882564899744,0.0,0.0,573.03048825649,17,031,810900,3,170318109003
33.0,0.0,128.0,0.0,86.0,0.0,0.0,141.0,90.0,0.0,79.0,79.0,64.0,0.0,0.0,0.0,700.0,17,031,810900,4,170318109004
81.0,0.0,35.0,0.0,51.0,0.0,68.0,249.0,106.0,74.0,178.0,90.0,145.0,0.4897369931833542,0.0,0.0,1077.4897369931834,17,031,810900,5,170318109005
19.0,133.0,0.0,19.0,0.0,0.0,22.0,22.0,44.0,49.0,121.0,114.0,47.0,0.49993984720800744,0.0,0.0,590.499939847208,17,031,811000,1,170318110001
26.0,0.0,0.0,84.0,52.0,26.0,0.0,0.0,20.0,49.0,136.0,52.0,232.0,0.49993984720800744,0.0,0.0,677.499939847208,17,031,811000,2,170318110002
127.0,0.0,26.0,0.0,26.0,0.0,18.0,0.0,0.0,20.0,20.0,265.0,101.0,0.10202854024653213,0.0,0.0,603.1020285402466,17,031,811000,3,170318110003
55.0,57.0,38.0,0.0,38.0,65.0,0.0,16.0,76.0,19.0,101.0,186.0,93.0,0.4081141609861285,0.0,0.0,744.4081141609861,17,031,811000,4,170318110004
21.0,0.0,21.0,95.0,0.0,58.0,0.0,0.0,87.0,65.0,85.0,161.0,95.0,0.4183170150107817,0.0,0.0,688.4183170150108,17,031,811000,5,170318110005
0.0,27.0,0.0,0.0,79.0,0.0,0.0,37.0,72.0,34.0,0.0,67.0,0.0,0.0,0.0,0.0,316.0,17,031,811100,1,170318111001
47.0,135.0,258.0,38.0,92.0,57.0,88.0,0.0,65.0,92.0,360.0,108.0,114.0,0.3877084529368221,0.0,0.0,1454.3877084529367,17,031,811100,2,170318111002
0.0,45.0,0.0,0.0,0.0,0.0,48.0,42.0,0.0,27.0,187.0,374.0,132.0,1.877325140536191,0.0,0.0,856.8773251405362,17,031,811100,3,170318111003
166.0,106.0,69.0,81.0,357.0,96.0,18.0,0.0,0.0,84.0,0.0,33.0,115.0,0.0,0.0,0.0,1125.0,17,031,811100,4,170318111004
287.0,88.0,245.0,183.0,276.0,0.0,107.0,257.0,173.0,141.0,29.0,119.0,62.0,0.22446278854237067,0.0,0.0,1967.2244627885423,17,031,811100,5,170318111005
24.0,59.0,68.0,0.0,28.0,28.0,28.0,0.0,62.0,159.0,187.0,190.0,24.0,0.3162884747642496,0.0,0.0,857.3162884747643,17,031,811200,1,170318112001
162.0,49.0,52.0,46.0,128.0,72.0,34.0,133.0,84.0,244.0,148.0,226.0,203.0,0.0,0.0,0.0,1581.0,17,031,811200,2,170318112002
38.0,24.0,0.0,31.0,0.0,0.0,137.0,56.0,31.0,52.0,45.0,478.0,0.0,0.3570998908628624,0.0,0.0,892.3570998908629,17,031,811200,3,170318112003
65.0,92.0,22.0,20.0,105.0,22.0,97.0,55.0,125.0,112.0,45.0,20.0,147.0,0.22446278854237067,0.0,0.0,927.2244627885424,17,031,811200,4,170318112004
22.0,86.0,0.0,78.0,86.0,48.0,0.0,0.0,101.0,0.0,172.0,293.0,0.0,0.0,0.0,0.0,886.0,17,031,811200,5,170318112005
97.0,170.0,28.0,166.0,28.0,0.0,44.0,132.0,0.0,53.0,185.0,135.0,166.0,1.4079938554021434,0.0,0.0,1205.407993855402,17,031,811301,1,170318113011
36.0,29.0,0.0,36.0,26.0,99.0,36.0,85.0,79.0,0.0,62.0,211.0,85.0,0.36730274488751563,0.0,0.0,784.3673027448875,17,031,811301,2,170318113012
0.0,36.0,36.0,24.0,84.0,44.0,48.0,80.0,160.0,180.0,184.0,164.0,220.0,0.0,0.0,0.0,1260.0,17,031,811301,3,170318113013
0.0,26.0,82.0,26.0,37.0,109.0,176.0,154.0,30.0,45.0,127.0,357.0,150.0,0.0,0.0,0.0,1319.0,17,031,811301,4,170318113014
40.0,56.0,59.0,135.0,0.0,53.0,0.0,72.0,21.0,144.0,40.0,75.0,270.0,0.8570397380708699,0.0,0.0,965.8570397380709,17,031,811302,1,170318113021
148.0,145.0,264.0,187.0,339.0,142.0,151.0,184.0,203.0,41.0,271.0,232.0,93.0,0.22446278854237067,0.0,0.0,2400.2244627885425,17,031,811302,2,170318113022
0.0,0.0,0.0,0.0,32.0,32.0,0.0,54.0,32.0,232.0,127.0,160.0,61.0,0.7346054897750313,0.0,0.0,730.734605489775,17,031,811401,1,170318114011
0.0,0.0,35.0,35.0,39.0,171.0,0.0,0.0,25.0,32.0,93.0,125.0,250.0,1.0202854024653212,0.0,0.0,806.0202854024653,17,031,811401,2,170318114012
31.0,0.0,0.0,50.0,66.0,29.0,101.0,63.0,0.0,228.0,87.0,106.0,63.0,0.21425993451771747,0.0,0.0,824.2142599345177,17,031,811401,3,170318114013
0.0,33.0,96.0,0.0,173.0,86.0,0.0,63.0,277.0,156.0,0.0,230.0,130.0,0.336694182813556,0.0,0.0,1244.3366941828135,17,031,811401,4,170318114014
120.0,36.0,36.0,63.0,47.0,93.0,61.0,22.0,111.0,0.0,158.0,106.0,54.0,0.9692711323420552,0.0,0.0,907.9692711323421,17,031,811401,5,170318114015
75.0,32.0,32.0,80.0,20.0,137.0,65.0,222.0,115.0,115.0,117.0,120.0,135.0,0.3060856207395964,0.0,0.0,1265.3060856207396,17,031,811402,1,170318114021
102.0,35.0,121.0,0.0,41.0,32.0,67.0,166.0,35.0,131.0,243.0,131.0,176.0,1.4998195416240223,0.0,0.0,1281.499819541624,17,031,811402,2,170318114022
33.0,98.0,28.0,196.0,173.0,53.0,28.0,28.0,25.0,112.0,154.0,229.0,156.0,0.9692711323420552,0.0,0.0,1313.969271132342,17,031,811402,3,170318114023
0.0,52.0,20.0,144.0,26.0,88.0,102.0,49.0,35.0,261.0,414.0,255.0,196.0,0.9896768403913616,0.0,0.0,1642.9896768403914,17,031,811500,1,170318115001
0.0,131.0,65.0,65.0,22.0,88.0,0.0,118.0,101.0,26.0,282.0,314.0,141.0,1.5304281036979819,0.0,0.0,1354.530428103698,17,031,811500,2,170318115002
0.0,17.0,0.0,32.0,20.0,26.0,154.0,47.0,29.0,101.0,101.0,226.0,110.0,0.14283995634514499,0.0,0.0,863.1428399563451,17,031,811500,3,170318115003
21.0,63.0,213.0,0.0,42.0,81.0,45.0,27.0,36.0,111.0,189.0,508.0,117.0,0.0,0.0,0.0,1453.0,17,031,811500,4,170318115004
152.0,0.0,306.0,59.0,106.0,0.0,31.0,172.0,186.0,59.0,102.0,118.0,74.0,0.7346054897750313,0.0,0.0,1365.734605489775,17,031,811600,1,170318116001
0.0,37.0,96.0,293.0,165.0,80.0,48.0,264.0,0.0,154.0,37.0,88.0,40.0,0.0,0.0,0.0,1302.0,17,031,811600,2,170318116002
42.0,0.0,0.0,0.0,215.0,190.0,187.0,51.0,151.0,160.0,333.0,266.0,145.0,0.36730274488751563,0.0,0.0,1740.3673027448874,17,031,811600,3,170318116003
70.0,57.0,125.0,31.0,121.0,161.0,87.0,117.0,29.0,29.0,164.0,108.0,55.0,0.27547705866563676,0.0,0.0,1154.2754770586657,17,031,811600,4,170318116004
99.0,175.0,137.0,206.0,86.0,144.0,96.0,55.0,278.0,247.0,185.0,619.0,202.0,2.346656425670239,0.0,0.0,2531.34665642567,17,031,811701,1,170318117011
234.0,83.0,163.0,25.0,0.0,0.0,48.0,208.0,28.0,89.0,73.0,0.0,83.0,0.0,0.0,0.0,1034.0,17,031,811701,2,170318117012
49.0,84.0,72.0,198.0,72.0,56.0,56.0,58.0,49.0,117.0,46.0,102.0,0.0,0.0,0.0,0.0,959.0,17,031,811702,1,170318117021
69.0,135.0,36.0,90.0,0.0,99.0,45.0,156.0,21.0,186.0,186.0,141.0,87.0,1.7140794761417397,0.0,0.0,1252.7140794761417,17,031,811702,2,170318117022
78.0,26.0,88.0,49.0,16.0,65.0,210.0,131.0,82.0,0.0,588.0,217.0,338.0,1.3059653151556112,0.0,0.0,1889.3059653151556,17,031,811702,3,170318117023
0.0,30.0,71.0,0.0,0.0,0.0,37.0,75.0,71.0,41.0,229.0,343.0,33.0,0.49993984720800744,0.0,0.0,930.499939847208,17,031,811800,1,170318118001
29.0,44.0,95.0,58.0,66.0,29.0,0.0,33.0,172.0,143.0,84.0,326.0,359.0,2.3874678417688515,0.0,0.0,1440.3874678417687,17,031,811800,2,170318118002
0.0,53.0,44.0,47.0,83.0,98.0,0.0,80.0,32.0,86.0,243.0,136.0,59.0,0.2652742046409835,0.0,0.0,961.265274204641,17,031,811800,3,170318118003
52.0,0.0,52.0,0.0,88.0,95.0,137.0,0.0,21.0,74.0,84.0,388.0,137.0,1.7548908922403526,0.0,0.0,1129.7548908922404,17,031,811800,4,170318118004
17.0,0.0,145.0,0.0,0.0,39.0,0.0,0.0,0.0,51.0,202.0,150.0,19.0,0.9794739863667083,0.0,0.0,623.9794739863667,17,031,811900,1,170318119001
22.0,44.0,0.0,0.0,24.0,30.0,19.0,99.0,0.0,22.0,82.0,30.0,38.0,0.816228321972257,0.0,0.0,410.81622832197223,17,031,811900,2,170318119002
0.0,0.0,48.0,28.0,79.0,0.0,39.0,0.0,59.0,54.0,0.0,25.0,79.0,0.9284597162434424,0.0,0.0,411.9284597162434,17,031,811900,3,170318119003
157.0,26.0,71.0,59.0,23.0,86.0,53.0,229.0,26.0,0.0,86.0,163.0,50.0,0.020405708049306425,0.0,0.0,1029.0204057080493,17,031,811900,4,170318119004
0.0,31.0,0.0,36.0,0.0,27.0,24.0,0.0,0.0,34.0,61.0,120.0,0.0,0.8978511541694827,0.0,0.0,333.8978511541695,17,031,812000,1,170318120001
28.0,28.0,54.0,0.0,0.0,60.0,60.0,0.0,28.0,46.0,32.0,112.0,0.0,0.28567991269028997,0.0,0.0,448.2856799126903,17,031,812000,2,170318120002
0.0,51.0,0.0,65.0,62.0,32.0,0.0,0.0,88.0,97.0,118.0,86.0,83.0,0.3468970368382092,0.0,0.0,682.3468970368382,17,031,812000,3,170318120003
0.0,0.0,0.0,0.0,34.0,0.0,147.0,0.0,0.0,130.0,190.0,57.0,52.0,0.673388365627112,0.0,0.0,610.6733883656271,17,031,812000,4,170318120004
0.0,46.0,0.0,0.0,0.0,0.0,32.0,35.0,0.0,70.0,78.0,0.0,211.0,1.346776731254224,0.0,0.0,473.34677673125424,17,031,812000,5,170318120005
36.0,0.0,0.0,0.0,0.0,31.0,0.0,67.0,0.0,59.0,0.0,149.0,112.0,1.1121110886872,0.0,0.0,455.1121110886872,17,031,812000,6,170318120006
29.0,0.0,177.0,0.0,102.0,13.0,0.0,107.0,37.0,142.0,107.0,123.0,75.0,0.9590682783174019,0.0,0.0,912.9590682783174,17,031,812100,1,170318121001
50.0,0.0,0.0,0.0,0.0,0.0,0.0,0.0,25.0,45.0,192.0,120.0,45.0,1.2243424829583855,0.0,0.0,478.2243424829584,17,031,812100,2,170318121002
134.0,32.0,0.0,35.0,23.0,32.0,0.0,29.0,0.0,216.0,58.0,0.0,70.0,0.7448083437996845,0.0,0.0,629.7448083437997,17,031,812100,3,170318121003
0.0,0.0,0.0,31.0,0.0,0.0,14.0,51.0,0.0,22.0,68.0,129.0,166.0,0.6427798035531523,0.0,0.0,481.64277980355314,17,031,812100,4,170318121004
0.0,43.0,0.0,0.0,19.0,0.0,0.0,60.0,58.0,0.0,145.0,55.0,46.0,0.1734485184191046,0.0,0.0,426.1734485184191,17,031,812100,5,170318121005
0.0,0.0,0.0,0.0,0.0,24.0,0.0,0.0,0.0,28.0,89.0,149.0,0.0,0.7550111978243377,0.0,0.0,290.75501119782433,17,031,812200,1,170318122001
0.0,0.0,0.0,0.0,0.0,0.0,25.0,0.0,0.0,66.0,31.0,22.0,66.0,0.8978511541694827,0.0,0.0,210.89785115416947,17,031,812200,2,170318122002
15.0,24.0,24.0,0.0,36.0,0.0,137.0,27.0,45.0,24.0,88.0,48.0,76.0,0.530548409281967,0.0,0.0,544.530548409282,17,031,812200,3,170318122003
0.0,22.0,20.0,0.0,0.0,0.0,0.0,0.0,22.0,43.0,75.0,80.0,40.0,0.8774454461201763,0.0,0.0,302.8774454461202,17,031,812200,4,170318122004
18.0,40.0,23.0,69.0,0.0,0.0,0.0,23.0,20.0,43.0,117.0,89.0,23.0,0.2652742046409835,0.0,0.0,465.265274204641,17,031,812301,1,170318123011
75.0,23.0,49.0,27.0,0.0,58.0,137.0,170.0,274.0,69.0,190.0,172.0,167.0,1.3161681691802645,0.0,0.0,1412.3161681691802,17,031,812301,2,170318123012
85.0,0.0,83.0,32.0,0.0,0.0,22.0,98.0,60.0,30.0,179.0,204.0,230.0,0.2652742046409835,0.0,0.0,1023.265274204641,17,031,812301,3,170318123013
22.0,0.0,24.0,0.0,0.0,44.0,0.0,0.0,0.0,16.0,13.0,154.0,148.0,0.4183170150107817,0.0,0.0,421.41831701501076,17,031,812302,1,170318123021
134.0,36.0,0.0,0.0,53.0,0.0,148.0,44.0,30.0,19.0,61.0,67.0,33.0,1.5406309577226351,0.0,0.0,626.5406309577227,17,031,812302,2,170318123022
0.0,0.0,0.0,0.0,19.0,42.0,33.0,0.0,33.0,0.0,103.0,201.0,207.0,1.0815025266132405,0.0,0.0,639.0815025266132,17,031,812302,3,170318123023
0.0,37.0,0.0,0.0,0.0,0.0,0.0,0.0,47.0,0.0,0.0,53.0,116.0,2.25483073944836,0.0,0.0,255.25483073944835,17,031,812400,1,170318124001
0.0,0.0,23.0,44.0,42.0,25.0,25.0,7.0,0.0,65.0,109.0,133.0,93.0,0.23466564256702388,0.0,0.0,566.234665642567,17,031,812400,2,170318124002
0.0,0.0,0.0,0.0,29.0,0.0,0.0,0.0,0.0,0.0,0.0,191.0,89.0,0.9692711323420552,0.0,0.0,309.96927113234204,17,031,812400,3,170318124003
98.0,64.0,80.0,121.0,44.0,0.0,18.0,0.0,12.0,36.0,240.0,124.0,46.0,0.49993984720800744,0.0,0.0,883.499939847208,17,031,812500,1,170318125001
86.0,55.0,77.0,17.0,11.0,19.0,104.0,0.0,37.0,106.0,17.0,88.0,64.0,0.0,0.0,0.0,681.0,17,031,812500,2,170318125002
159.0,248.0,47.0,0.0,33.0,23.0,13.0,15.0,0.0,25.0,51.0,51.0,113.0,0.7039969277010717,0.0,0.0,778.703996927701,17,031,812500,3,170318125003
67.0,49.0,18.0,26.0,31.0,18.0,70.0,0.0,0.0,70.0,46.0,101.0,67.0,0.0,0.0,0.0,563.0,17,031,812500,4,170318125004
36.0,0.0,40.0,29.0,47.0,39.0,12.0,0.0,0.0,51.0,12.0,150.0,9.0,0.3264913287889028,0.0,0.0,425.3264913287889,17,031,812600,1,170318126001
124.0,71.0,36.0,0.0,0.0,0.0,23.0,36.0,126.0,108.0,75.0,57.0,110.0,0.6529826575778056,0.0,0.0,766.6529826575778,17,031,812600,2,170318126002
21.0,152.0,15.0,34.0,11.0,152.0,19.0,127.0,30.0,125.0,129.0,135.0,84.0,0.3264913287889028,0.0,0.0,1034.326491328789,17,031,812600,3,170318126003
0.0,0.0,64.0,31.0,43.0,0.0,0.0,45.0,0.0,146.0,57.0,81.0,55.0,0.5101427012326606,0.0,0.0,522.5101427012327,17,031,812600,4,170318126004
16.0,16.0,18.0,14.0,33.0,0.0,18.0,84.0,63.0,18.0,249.0,52.0,27.0,1.0712996725885873,0.0,0.0,609.0712996725886,17,031,812700,1,170318127001
0.0,0.0,69.0,22.0,0.0,51.0,0.0,17.0,0.0,53.0,109.0,132.0,170.0,0.336694182813556,0.0,0.0,623.3366941828135,17,031,812700,2,170318127002
110.0,131.0,58.0,24.0,113.0,46.0,94.0,12.0,14.0,112.0,78.0,197.0,87.0,0.4897369931833542,0.0,0.0,1076.4897369931834,17,031,812700,3,170318127003
268.0,181.0,97.0,24.0,189.0,93.0,124.0,92.0,82.0,25.0,142.0,63.0,281.0,0.12243424829583854,0.0,0.0,1661.1224342482958,17,031,812801,1,170318128011
74.0,60.0,92.0,52.0,13.0,50.0,0.0,14.0,0.0,167.0,89.0,73.0,30.0,0.0,0.0,0.0,714.0,17,031,812801,2,170318128012
52.0,24.0,0.0,0.0,18.0,18.0,35.0,72.0,0.0,48.0,16.0,102.0,65.0,0.22446278854237067,0.0,0.0,450.2244627885424,17,031,812802,1,170318128021
49.0,80.0,0.0,44.0,93.0,71.0,26.0,0.0,0.0,42.0,78.0,60.0,138.0,0.3570998908628624,0.0,0.0,681.3570998908629,17,031,812802,2,170318128022
65.0,202.0,42.0,17.0,138.0,14.0,46.0,16.0,21.0,71.0,58.0,160.0,62.0,0.4897369931833542,0.0,0.0,912.4897369931833,17,031,812802,3,170318128023
0.0,48.0,16.0,0.0,36.0,0.0,0.0,53.0,33.0,65.0,42.0,90.0,59.0,0.19385422646841105,0.0,0.0,442.19385422646843,17,031,812900,1,170318129001
106.0,0.0,125.0,0.0,0.0,0.0,0.0,55.0,0.0,25.0,117.0,345.0,145.0,0.9590682783174019,0.0,0.0,918.9590682783174,17,031,812900,2,170318129002
61.0,24.0,0.0,67.0,0.0,0.0,100.0,24.0,27.0,0.0,174.0,140.0,119.0,1.8977308485854976,0.0,0.0,737.8977308485855,17,031,812900,3,170318129003
32.0,37.0,116.0,100.0,55.0,55.0,102.0,107.0,37.0,118.0,114.0,121.0,132.0,0.7754169058736442,0.0,0.0,1126.7754169058737,17,031,812900,4,170318129004
0.0,0.0,33.0,48.0,0.0,0.0,12.0,24.0,0.0,27.0,73.0,143.0,94.0,0.5509541173312735,0.0,0.0,454.5509541173313,17,031,813000,1,170318130001
119.0,22.0,0.0,39.0,74.0,0.0,17.0,0.0,39.0,81.0,71.0,101.0,86.0,0.7244026357503781,0.0,0.0,649.7244026357504,17,031,813000,2,170318130002
27.0,16.0,24.0,0.0,0.0,0.0,27.0,0.0,0.0,29.0,94.0,62.0,51.0,0.2958827667149432,0.0,0.0,330.29588276671495,17,031,813000,3,170318130003
34.0,68.0,34.0,19.0,0.0,90.0,22.0,34.0,42.0,0.0,65.0,164.0,85.0,0.28567991269028997,0.0,0.0,657.2856799126903,17,031,813000,4,170318130004
0.0,0.0,0.0,0.0,0.0,0.0,0.0,0.0,22.0,17.0,63.0,22.0,124.0,0.43872272306008814,0.0,0.0,248.4387227230601,17,031,813000,5,170318130005
93.0,19.0,63.0,0.0,183.0,21.0,0.0,69.0,54.0,189.0,17.0,93.0,30.0,0.2652742046409835,0.0,0.0,831.265274204641,17,031,813100,1,170318131001
141.0,0.0,42.0,0.0,19.0,0.0,0.0,0.0,22.0,36.0,70.0,189.0,96.0,0.7141997817257248,0.0,0.0,615.7141997817257,17,031,813100,2,170318131002
0.0,0.0,0.0,0.0,0.0,147.0,0.0,27.0,71.0,41.0,68.0,119.0,307.0,0.6937940736764184,0.0,0.0,780.6937940736764,17,031,813100,3,170318131003
58.0,0.0,0.0,33.0,44.0,0.0,112.0,22.0,117.0,19.0,95.0,39.0,140.0,1.1937339208844258,0.0,0.0,680.1937339208844,17,031,813100,4,170318131004
75.0,0.0,21.0,0.0,0.0,18.0,32.0,0.0,0.0,13.0,99.0,313.0,243.0,0.5917655334298864,0.0,0.0,814.5917655334299,17,031,813100,5,170318131005
20.0,73.0,41.0,0.0,16.0,0.0,0.0,0.0,0.0,112.0,84.0,114.0,20.0,0.45912843110939455,0.0,0.0,480.4591284311094,17,031,813200,1,170318132001
0.0,0.0,0.0,23.0,41.0,23.0,0.0,0.0,0.0,126.0,52.0,108.0,89.0,0.8876483001448295,0.0,0.0,462.8876483001448,17,031,813200,2,170318132002
0.0,0.0,0.0,0.0,0.0,0.0,80.0,101.0,0.0,126.0,129.0,132.0,221.0,1.2243424829583855,0.0,0.0,790.2243424829584,17,031,813200,3,170318132003
0.0,0.0,53.0,49.0,34.0,0.0,180.0,31.0,49.0,0.0,43.0,68.0,146.0,0.2448684965916771,0.0,0.0,653.2448684965917,17,031,813200,4,170318132004
0.0,0.0,0.0,26.0,52.0,52.0,0.0,29.0,98.0,0.0,23.0,133.0,200.0,0.673388365627112,0.0,0.0,613.6733883656271,17,031,813200,5,170318132005
71.0,20.0,92.0,314.0,222.0,171.0,75.0,155.0,100.0,146.0,331.0,134.0,0.0,1.1937339208844258,0.0,0.0,1832.1937339208844,17,031,813301,1,170318133011
58.0,156.0,65.0,0.0,101.0,211.0,0.0,16.0,13.0,0.0,74.0,0.0,0.0,0.0,0.0,0.0,694.0,17,031,813301,2,170318133012
91.0,0.0,30.0,71.0,125.0,149.0,0.0,13.0,0.0,44.0,119.0,0.0,88.0,0.0,0.0,0.0,730.0,17,031,813301,3,170318133013
176.0,64.0,137.0,0.0,0.0,366.0,0.0,94.0,237.0,245.0,271.0,56.0,0.0,1.2243424829583855,0.0,0.0,1647.2243424829585,17,031,813302,1,170318133021
301.0,59.0,11.0,152.0,122.0,63.0,267.0,111.0,256.0,44.0,111.0,219.0,63.0,1.2447481910076919,0.0,0.0,1780.2447481910076,17,031,813302,2,170318133022
198.0,187.0,41.0,30.0,112.0,30.0,157.0,60.0,78.0,198.0,116.0,393.0,67.0,0.0,0.0,0.0,1667.0,17,031,813400,1,170318134001
106.0,73.0,25.0,169.0,80.0,95.0,114.0,92.0,44.0,0.0,77.0,80.0,0.0,0.0,0.0,0.0,955.0,17,031,813400,2,170318134002
0.0,0.0,0.0,167.0,0.0,104.0,63.0,0.0,63.0,122.0,181.0,45.0,0.0,0.0,0.0,0.0,745.0,17,031,813400,3,170318134003
360.0,0.0,117.0,91.0,138.0,199.0,247.0,43.0,130.0,130.0,26.0,321.0,30.0,0.3979113069614753,0.0,0.0,1832.3979113069615,17,031,813400,4,170318134004
0.0,0.0,86.0,0.0,0.0,165.0,27.0,35.0,0.0,176.0,239.0,184.0,0.0,0.0,0.0,0.0,912.0,17,031,813400,5,170318134005
0.0,0.0,244.0,139.0,105.0,43.0,259.0,96.0,100.0,163.0,225.0,163.0,0.0,0.0,0.0,0.0,1537.0,17,031,813400,6,170318134006
129.0,0.0,111.0,50.0,0.0,107.0,129.0,104.0,0.0,122.0,201.0,39.0,78.0,1.0917053806378938,0.0,0.0,1071.091705380638,17,031,813500,1,170318135001
73.0,142.0,174.0,87.0,174.0,82.0,202.0,110.0,55.0,0.0,229.0,124.0,32.0,0.4183170150107817,0.0,0.0,1484.4183170150109,17,031,813500,2,170318135002
0.0,18.0,13.0,16.0,0.0,41.0,81.0,0.0,0.0,69.0,18.0,48.0,71.0,0.6835912196517653,0.0,0.0,375.68359121965176,17,031,813500,3,170318135003
90.0,0.0,248.0,0.0,248.0,0.0,0.0,0.0,105.0,501.0,239.0,439.0,516.0,0.0,0.0,0.0,2386.0,17,031,813500,4,170318135004
0.0,190.0,0.0,99.0,122.0,240.0,36.0,381.0,0.0,181.0,190.0,172.0,90.0,3.0506533533713105,0.0,0.0,1704.0506533533712,17,031,813500,5,170318135005
135.0,98.0,166.0,24.0,0.0,52.0,0.0,64.0,92.0,104.0,172.0,27.0,36.0,0.18365137244375782,0.0,0.0,970.1836513724437,17,031,813600,1,170318136001
148.0,30.0,0.0,65.0,296.0,178.0,139.0,117.0,0.0,300.0,100.0,178.0,148.0,0.0,0.0,0.0,1699.0,17,031,813600,2,170318136002
189.0,106.0,0.0,0.0,271.0,267.0,198.0,147.0,179.0,230.0,373.0,244.0,152.0,0.7958226139229506,0.0,0.0,2356.795822613923,17,031,813600,3,170318136003
115.0,184.0,0.0,66.0,184.0,321.0,108.0,184.0,164.0,90.0,631.0,59.0,0.0,0.0,0.0,0.0,2106.0,17,031,813701,1,170318137011
62.0,99.0,55.0,125.0,110.0,166.0,0.0,47.0,169.0,195.0,188.0,73.0,59.0,0.0,0.0,0.0,1348.0,17,031,813701,2,170318137012
75.0,0.0,0.0,0.0,234.0,75.0,115.0,0.0,0.0,71.0,314.0,39.0,27.0,0.0,0.0,0.0,950.0,17,031,813702,1,170318137021
0.0,0.0,135.0,0.0,73.0,69.0,69.0,0.0,100.0,77.0,3.0,77.0,0.0,0.0,0.0,0.0,603.0,17,031,813702,2,170318137022
0.0,244.0,64.0,133.0,91.0,343.0,45.0,0.0,0.0,3.0,22.0,110.0,99.0,0.6223740955038459,0.0,0.0,1154.6223740955038,17,031,813702,3,170318137023
0.0,80.0,40.0,76.0,76.0,0.0,72.0,80.0,60.0,173.0,294.0,169.0,32.0,1.1427196507611599,0.0,0.0,1153.1427196507611,17,031,813702,4,170318137024
51.0,41.0,0.0,215.0,0.0,51.0,103.0,0.0,0.0,38.0,144.0,12.0,0.0,0.09182568622187891,0.0,0.0,655.0918256862219,17,031,813801,1,170318138011
194.0,12.0,21.0,0.0,0.0,186.0,168.0,60.0,90.0,134.0,138.0,99.0,95.0,0.5713598253805799,0.0,0.0,1197.5713598253806,17,031,813801,2,170318138012
31.0,0.0,211.0,39.0,97.0,50.0,23.0,86.0,152.0,132.0,183.0,31.0,148.0,0.0,0.0,0.0,1183.0,17,031,813801,3,170318138013
328.0,0.0,89.0,57.0,0.0,0.0,135.0,0.0,71.0,107.0,124.0,21.0,32.0,0.0,0.0,0.0,964.0,17,031,813802,1,170318138021
87.0,127.0,0.0,111.0,107.0,67.0,0.0,51.0,19.0,71.0,123.0,199.0,91.0,0.9284597162434424,0.0,0.0,1053.9284597162434,17,031,813802,2,170318138022
0.0,51.0,283.0,0.0,18.0,0.0,136.0,0.0,155.0,132.0,56.0,325.0,155.0,0.37750559891216884,0.0,0.0,1311.3775055989122,17,031,813802,3,170318138023
193.0,88.0,65.0,0.0,124.0,249.0,190.0,216.0,0.0,22.0,167.0,196.0,85.0,0.0,0.0,0.0,1595.0,17,031,813802,4,170318138024
81.0,86.0,134.0,130.0,149.0,197.0,120.0,202.0,212.0,168.0,284.0,168.0,77.0,0.0,0.0,0.0,2008.0,17,031,813900,1,170318139001
0.0,0.0,101.0,118.0,33.0,118.0,122.0,106.0,67.0,212.0,271.0,199.0,114.0,0.0,0.0,0.0,1461.0,17,031,813900,2,170318139002
100.0,0.0,134.0,48.0,201.0,127.0,0.0,153.0,0.0,86.0,115.0,0.0,71.0,0.6019683874545395,0.0,0.0,1035.6019683874545,17,031,813900,3,170318139003
27.0,76.0,0.0,174.0,27.0,0.0,52.0,0.0,0.0,80.0,132.0,87.0,0.0,0.0,0.0,0.0,655.0,17,031,813900,4,170318139004
0.0,78.0,0.0,168.0,53.0,265.0,32.0,64.0,132.0,0.0,154.0,57.0,0.0,0.0,0.0,0.0,1003.0,17,031,813900,5,170318139005
0.0,218.0,15.0,71.0,43.0,112.0,96.0,0.0,102.0,31.0,21.0,249.0,28.0,0.7244026357503781,0.0,0.0,986.7244026357504,17,031,814000,1,170318140001
59.0,0.0,25.0,34.0,89.0,158.0,72.0,243.0,34.0,312.0,72.0,171.0,0.0,0.0,0.0,0.0,1269.0,17,031,814000,2,170318140002
33.0,33.0,202.0,122.0,66.0,75.0,37.0,0.0,56.0,330.0,80.0,212.0,141.0,0.816228321972257,0.0,0.0,1387.8162283219722,17,031,814000,3,170318140003
17.0,0.0,54.0,47.0,54.0,0.0,30.0,176.0,0.0,6.0,95.0,272.0,190.0,0.44892557708474135,0.0,0.0,941.4489255770848,17,031,814000,4,170318140004
70.0,61.0,197.0,459.0,56.0,166.0,394.0,183.0,0.0,315.0,30.0,411.0,0.0,1.6528623519938204,0.0,0.0,2343.652862351994,17,031,814100,1,170318141001
111.0,35.0,67.0,129.0,144.0,44.0,41.0,0.0,0.0,47.0,214.0,55.0,58.0,0.0,0.0,0.0,945.0,17,031,814100,2,170318141002
79.0,64.0,111.0,64.0,0.0,102.0,0.0,23.0,147.0,0.0,126.0,73.0,0.0,0.0,0.0,0.0,789.0,17,031,814100,3,170318141003
101.0,115.0,147.0,0.0,226.0,133.0,170.0,64.0,263.0,115.0,526.0,27.0,0.0,1.1223139427118534,0.0,0.0,1888.1223139427118,17,031,814200,1,170318142001
41.0,0.0,0.0,0.0,49.0,34.0,78.0,17.0,56.0,19.0,0.0,88.0,0.0,0.0,0.0,0.0,382.0,17,031,814200,2,170318142002
49.0,111.0,31.0,202.0,59.0,59.0,155.0,59.0,93.0,0.0,74.0,217.0,68.0,0.0,0.0,0.0,1177.0,17,031,814200,3,170318142003
198.0,76.0,156.0,74.0,174.0,76.0,0.0,0.0,41.0,82.0,23.0,142.0,38.0,0.0,0.0,0.0,1080.0,17,031,814200,4,170318142004
0.0,49.0,98.0,101.0,173.0,59.0,55.0,0.0,0.0,157.0,147.0,0.0,82.0,0.45912843110939455,0.0,0.0,921.4591284311094,17,031,814200,5,170318142005
73.0,0.0,232.0,68.0,0.0,293.0,0.0,0.0,112.0,73.0,0.0,51.0,0.0,0.5203455552573139,0.0,0.0,902.5203455552573,17,031,814200,6,170318142006
149.0,52.0,159.0,360.0,235.0,149.0,34.0,24.0,31.0,222.0,350.0,27.0,24.0,0.0,0.0,0.0,1816.0,17,031,814300,1,170318143001
178.0,324.0,231.0,170.0,194.0,101.0,69.0,182.0,190.0,158.0,239.0,324.0,93.0,0.9896768403913616,0.0,0.0,2453.9896768403914,17,031,814300,2,170318143002
0.0,239.0,0.0,88.0,0.0,189.0,0.0,0.0,0.0,131.0,196.0,243.0,42.0,1.1325167967365066,0.0,0.0,1129.1325167967366,17,031,814400,1,170318144001
0.0,0.0,91.0,152.0,0.0,224.0,0.0,342.0,117.0,49.0,152.0,228.0,190.0,0.0,0.0,0.0,1545.0,17,031,814400,2,170318144002
88.0,0.0,40.0,0.0,80.0,320.0,92.0,0.0,0.0,0.0,32.0,878.0,108.0,0.0,0.0,0.0,1638.0,17,031,814400,3,170318144003
0.0,35.0,0.0,0.0,71.0,110.0,0.0,126.0,0.0,134.0,341.0,22.0,30.0,0.0,0.0,0.0,869.0,17,031,814400,4,170318144004
49.0,0.0,80.0,374.0,179.0,187.0,84.0,168.0,133.0,42.0,0.0,347.0,30.0,0.0,0.0,0.0,1673.0,17,031,814400,5,170318144005
0.0,116.0,0.0,0.0,0.0,43.0,0.0,0.0,0.0,137.0,72.0,174.0,0.0,0.0,0.0,0.0,542.0,17,031,814400,6,170318144006
21.0,72.0,91.0,87.0,185.0,127.0,65.0,0.0,0.0,98.0,291.0,374.0,152.0,0.36730274488751563,0.0,0.0,1563.3673027448874,17,031,814500,1,170318145001
43.0,0.0,132.0,109.0,73.0,265.0,0.0,23.0,0.0,36.0,278.0,169.0,149.0,0.0,0.0,0.0,1277.0,17,031,814500,2,170318145002
107.0,218.0,47.0,28.0,31.0,221.0,152.0,0.0,25.0,107.0,228.0,231.0,142.0,0.0,0.0,0.0,1537.0,17,031,814500,3,170318145003
63.0,91.0,16.0,124.0,44.0,0.0,47.0,110.0,24.0,110.0,188.0,180.0,22.0,0.0,0.0,0.0,1019.0,17,031,814600,1,170318146001
87.0,0.0,43.0,33.0,77.0,0.0,111.0,33.0,60.0,30.0,30.0,188.0,104.0,1.7854994543143121,0.0,0.0,797.7854994543143,17,031,814600,2,170318146002
0.0,0.0,106.0,140.0,19.0,0.0,34.0,137.0,57.0,163.0,95.0,232.0,0.0,0.3060856207395964,0.0,0.0,983.3060856207396,17,031,814600,3,170318146003
23.0,143.0,0.0,0.0,129.0,27.0,123.0,0.0,27.0,266.0,153.0,164.0,58.0,0.0,0.0,0.0,1113.0,17,031,814600,4,170318146004
0.0,0.0,32.0,152.0,36.0,61.0,36.0,144.0,28.0,47.0,57.0,228.0,0.0,0.3264913287889028,0.0,0.0,821.3264913287888,17,031,814600,5,170318146005
36.0,0.0,20.0,32.0,0.0,132.0,104.0,84.0,0.0,157.0,24.0,302.0,217.0,0.6529826575778056,0.0,0.0,1108.6529826575777,17,031,814700,1,170318147001
61.0,82.0,8.0,0.0,56.0,39.0,109.0,104.0,91.0,196.0,148.0,178.0,209.0,0.530548409281967,0.0,0.0,1281.530548409282,17,031,814700,2,170318147002
70.0,0.0,0.0,0.0,0.0,66.0,30.0,0.0,74.0,119.0,127.0,163.0,418.0,0.9896768403913616,0.0,0.0,1067.9896768403914,17,031,814700,3,170318147003
96.0,86.0,0.0,21.0,102.0,43.0,74.0,0.0,130.0,155.0,136.0,241.0,21.0,0.7244026357503781,0.0,0.0,1105.7244026357503,17,031,814700,4,170318147004
198.0,59.0,119.0,32.0,89.0,157.0,106.0,87.0,8.0,81.0,89.0,92.0,65.0,0.0,0.0,0.0,1182.0,17,031,814700,5,170318147005
213.0,0.0,62.0,163.0,28.0,46.0,75.0,28.0,109.0,33.0,309.0,275.0,161.0,1.877325140536191,0.0,0.0,1503.8773251405362,17,031,814800,1,170318148001
0.0,90.0,132.0,180.0,32.0,164.0,54.0,0.0,258.0,103.0,158.0,119.0,229.0,1.673268060043127,0.0,0.0,1520.673268060043,17,031,814800,2,170318148002
29.0,0.0,33.0,0.0,62.0,0.0,82.0,0.0,0.0,42.0,138.0,148.0,49.0,0.36730274488751563,0.0,0.0,583.3673027448875,17,031,814800,3,170318148003
0.0,95.0,114.0,56.0,112.0,0.0,0.0,0.0,0.0,201.0,50.0,134.0,131.0,0.0,0.0,0.0,893.0,17,031,814800,4,170318148004
0.0,26.0,0.0,0.0,0.0,87.0,0.0,0.0,36.0,40.0,211.0,164.0,214.0,0.0,0.0,0.0,778.0,17,031,814800,5,170318148005
131.0,0.0,0.0,106.0,78.0,0.0,53.0,32.0,0.0,180.0,110.0,226.0,0.0,0.6223740955038459,0.0,0.0,916.6223740955038,17,031,814900,1,170318149001
42.0,40.0,96.0,154.0,0.0,218.0,0.0,133.0,74.0,106.0,141.0,291.0,40.0,0.0,0.0,0.0,1335.0,17,031,814900,2,170318149002
358.0,71.0,182.0,191.0,422.0,101.0,87.0,138.0,78.0,113.0,113.0,261.0,0.0,0.3468970368382092,0.0,0.0,2115.346897036838,17,031,814900,3,170318149003
47.0,47.0,98.0,0.0,263.0,108.0,174.0,76.0,0.0,311.0,384.0,187.0,200.0,0.867242592095523,0.0,0.0,1895.8672425920956,17,031,814900,4,170318149004
62.0,133.0,93.0,0.0,0.0,0.0,14.0,50.0,118.0,25.0,135.0,56.0,45.0,0.0,0.0,0.0,731.0,17,031,815000,1,170318150001
23.0,0.0,99.0,112.0,76.0,99.0,215.0,0.0,229.0,106.0,53.0,156.0,39.0,1.1427196507611599,0.0,0.0,1208.1427196507611,17,031,815000,2,170318150002
157.0,88.0,234.0,42.0,153.0,65.0,49.0,142.0,172.0,234.0,130.0,84.0,288.0,2.693553462508448,0.0,0.0,1840.6935534625084,17,031,815000,3,170318150003
0.0,34.0,59.0,140.0,0.0,29.0,34.0,216.0,38.0,157.0,335.0,85.0,85.0,0.7346054897750313,0.0,0.0,1212.734605489775,17,031,815100,1,170318151001
33.0,23.0,173.0,0.0,66.0,129.0,19.0,93.0,23.0,113.0,79.0,99.0,36.0,1.1835310668597727,0.0,0.0,887.1835310668598,17,031,815100,2,170318151002
102.0,39.0,84.0,258.0,102.0,66.0,111.0,204.0,75.0,93.0,276.0,150.0,60.0,0.0,0.0,0.0,1620.0,17,031,815100,3,170318151003
0.0,118.0,128.0,0.0,164.0,118.0,29.0,134.0,0.0,19.0,174.0,200.0,256.0,0.42851986903543493,0.0,0.0,1340.4285198690354,17,031,815200,1,170318152001
54.0,131.0,0.0,139.0,95.0,51.0,0.0,54.0,0.0,256.0,490.0,40.0,241.0,0.0,0.0,0.0,1551.0,17,031,815200,2,170318152002
23.0,21.0,54.0,0.0,49.0,135.0,0.0,83.0,0.0,42.0,64.0,337.0,145.0,0.0,0.0,0.0,953.0,17,031,815200,3,170318152003
68.0,20.0,71.0,27.0,0.0,96.0,27.0,73.0,0.0,43.0,66.0,83.0,25.0,0.20405708049306426,0.0,0.0,599.204057080493,17,031,815200,4,170318152004
86.0,273.0,250.0,0.0,138.0,158.0,34.0,72.0,40.0,178.0,109.0,115.0,106.0,1.050893964539281,0.0,0.0,1560.0508939645392,17,031,815200,5,170318152005
77.0,43.0,0.0,0.0,38.0,24.0,53.0,0.0,43.0,33.0,356.0,265.0,57.0,3.0914647694699235,0.0,0.0,992.0914647694699,17,031,815300,1,170318153001
22.0,57.0,0.0,0.0,22.0,55.0,22.0,101.0,0.0,88.0,107.0,165.0,46.0,1.877325140536191,0.0,0.0,686.8773251405362,17,031,815300,2,170318153002
44.0,64.0,98.0,18.0,7.0,49.0,44.0,44.0,25.0,41.0,0.0,69.0,0.0,0.7652140518489909,0.0,0.0,503.765214051849,17,031,815300,3,170318153003
56.0,95.0,28.0,13.0,0.0,76.0,0.0,0.0,26.0,126.0,170.0,161.0,0.0,0.5509541173312735,0.0,0.0,751.5509541173312,17,031,815300,4,170318153004
0.0,0.0,0.0,43.0,153.0,0.0,43.0,0.0,0.0,64.0,35.0,351.0,148.0,0.0,0.0,0.0,837.0,17,031,815400,1,170318154001
97.0,0.0,30.0,136.0,100.0,63.0,0.0,0.0,0.0,82.0,66.0,69.0,203.0,2.4180764038428113,0.0,0.0,848.4180764038429,17,031,815400,2,170318154002
119.0,57.0,39.0,275.0,94.0,42.0,0.0,173.0,34.0,81.0,448.0,257.0,168.0,0.8570397380708699,0.0,0.0,1787.8570397380709,17,031,815400,3,170318154003
29.0,0.0,181.0,217.0,66.0,39.0,71.0,123.0,12.0,39.0,165.0,41.0,79.0,0.20405708049306426,0.0,0.0,1062.2040570804932,17,031,815400,4,170318154004
0.0,0.0,83.0,92.0,75.0,75.0,0.0,0.0,0.0,320.0,66.0,393.0,115.0,1.0304882564899744,0.0,0.0,1220.03048825649,17,031,815500,1,170318155001
0.0,175.0,32.0,37.0,0.0,0.0,29.0,150.0,0.0,187.0,116.0,96.0,0.0,0.0,0.0,0.0,822.0,17,031,815500,2,170318155002
147.0,178.0,194.0,0.0,54.0,0.0,0.0,132.0,35.0,124.0,248.0,46.0,233.0,0.0,0.0,0.0,1391.0,17,031,815500,3,170318155003
152.0,47.0,0.0,0.0,0.0,168.0,0.0,58.0,0.0,137.0,58.0,450.0,66.0,0.5509541173312735,0.0,0.0,1136.5509541173312,17,031,815500,4,170318155004
0.0,29.0,140.0,81.0,110.0,0.0,39.0,146.0,0.0,0.0,71.0,198.0,267.0,0.5917655334298864,0.0,0.0,1081.59176553343,17,031,815500,5,170318155005
118.0,0.0,39.0,0.0,33.0,66.0,109.0,0.0,0.0,66.0,196.0,99.0,60.0,0.0,0.0,0.0,786.0,17,031,815500,6,170318155006
35.0,0.0,41.0,178.0,0.0,106.0,35.0,0.0,0.0,89.0,139.0,29.0,112.0,0.0,0.0,0.0,764.0,17,031,815500,7,170318155007
26.0,0.0,0.0,26.0,47.0,42.0,0.0,29.0,0.0,270.0,42.0,325.0,15.0,0.0,0.0,0.0,822.0,17,031,815600,1,170318156001
40.0,0.0,83.0,51.0,59.0,53.0,193.0,72.0,123.0,0.0,123.0,153.0,142.0,0.0,0.0,0.0,1092.0,17,031,815600,2,170318156002
0.0,25.0,124.0,99.0,124.0,59.0,31.0,184.0,96.0,150.0,96.0,79.0,213.0,0.0,0.0,0.0,1280.0,17,031,815600,3,170318156003
199.0,0.0,112.0,75.0,25.0,0.0,0.0,0.0,0.0,0.0,37.0,213.0,49.0,0.23466564256702388,0.0,0.0,710.234665642567,17,031,815600,4,170318156004
48.0,165.0,52.0,52.0,24.0,79.0,26.0,0.0,39.0,0.0,74.0,169.0,59.0,0.28567991269028997,0.0,0.0,787.2856799126903,17,031,815600,5,170318156005
21.0,69.0,53.0,0.0,37.0,131.0,0.0,18.0,24.0,91.0,45.0,77.0,120.0,1.7140794761417397,0.0,0.0,687.7140794761417,17,031,815701,1,170318157011
0.0,0.0,0.0,0.0,26.0,26.0,0.0,83.0,0.0,53.0,86.0,77.0,80.0,2.1834107612757876,0.0,0.0,433.1834107612758,17,031,815701,2,170318157012
0.0,0.0,21.0,0.0,21.0,23.0,0.0,0.0,0.0,47.0,95.0,143.0,74.0,0.7754169058736442,0.0,0.0,424.77541690587367,17,031,815701,3,170318157013
20.0,18.0,20.0,0.0,85.0,129.0,0.0,31.0,0.0,44.0,85.0,183.0,46.0,0.6529826575778056,0.0,0.0,661.6529826575778,17,031,815701,4,170318157014
0.0,45.0,0.0,0.0,0.0,97.0,0.0,0.0,0.0,0.0,42.0,0.0,33.0,0.3979113069614753,0.0,0.0,217.39791130696148,17,031,815702,1,170318157021
85.0,39.0,31.0,37.0,0.0,34.0,0.0,0.0,39.0,151.0,71.0,77.0,74.0,1.5406309577226351,0.0,0.0,639.5406309577227,17,031,815702,2,170318157022
0.0,45.0,43.0,45.0,40.0,37.0,45.0,45.0,0.0,117.0,37.0,160.0,338.0,1.2855596071063047,0.0,0.0,953.2855596071063,17,031,815702,3,170318157023
0.0,26.0,26.0,0.0,0.0,68.0,102.0,55.0,24.0,0.0,129.0,51.0,47.0,0.0,0.0,0.0,528.0,17,031,815702,4,170318157024
120.0,43.0,0.0,122.0,73.0,38.0,98.0,0.0,0.0,188.0,68.0,122.0,152.0,1.96915082675807,0.0,0.0,1025.969150826758,17,031,815702,5,170318157025
47.0,74.0,62.0,16.0,121.0,78.0,45.0,28.0,14.0,109.0,112.0,174.0,258.0,0.6325769495284992,0.0,0.0,1138.6325769495286,17,031,815800,1,170318158001
54.0,205.0,54.0,30.0,107.0,79.0,48.0,105.0,83.0,32.0,79.0,107.0,117.0,0.7856197598982974,0.0,0.0,1100.7856197598983,17,031,815900,1,170318159001
54.0,20.0,74.0,170.0,192.0,64.0,94.0,56.0,89.0,61.0,151.0,146.0,109.0,0.23466564256702388,0.0,0.0,1280.234665642567,17,031,815900,2,170318159002
103.0,80.0,112.0,207.0,98.0,33.0,20.0,257.0,120.0,190.0,315.0,118.0,113.0,0.21425993451771747,0.0,0.0,1766.2142599345177,17,031,815900,3,170318159003
74.0,133.0,0.0,69.0,66.0,116.0,0.0,116.0,46.0,219.0,180.0,79.0,41.0,0.49993984720800744,0.0,0.0,1139.499939847208,17,031,816000,1,170318160001
14.0,68.0,88.0,33.0,7.0,79.0,64.0,62.0,38.0,152.0,248.0,84.0,58.0,0.2958827667149432,0.0,0.0,995.295882766715,17,031,816000,2,170318160002
0.0,21.0,60.0,14.0,27.0,214.0,0.0,34.0,18.0,152.0,91.0,80.0,38.0,0.7958226139229506,0.0,0.0,749.795822613923,17,031,816000,3,170318160003
75.0,0.0,0.0,75.0,0.0,0.0,32.0,61.0,54.0,27.0,120.0,30.0,0.0,0.21425993451771747,0.0,0.0,474.2142599345177,17,031,816100,1,170318161001
0.0,156.0,72.0,94.0,0.0,189.0,97.0,0.0,0.0,45.0,116.0,191.0,32.0,1.2345453369830388,0.0,0.0,993.234545336983,17,031,816100,2,170318161002
48.0,35.0,0.0,0.0,145.0,84.0,117.0,96.0,56.0,257.0,0.0,191.0,22.0,0.0,0.0,0.0,1051.0,17,031,816100,3,170318161003
73.0,0.0,57.0,27.0,0.0,29.0,78.0,0.0,0.0,186.0,0.0,95.0,165.0,0.20405708049306426,0.0,0.0,710.204057080493,17,031,816100,4,170318161004
0.0,116.0,35.0,0.0,0.0,0.0,69.0,71.0,138.0,116.0,152.0,214.0,199.0,0.816228321972257,0.0,0.0,1110.8162283219722,17,031,816100,5,170318161005
76.0,136.0,84.0,14.0,33.0,37.0,70.0,26.0,24.0,89.0,0.0,283.0,22.0,0.7550111978243377,0.0,0.0,894.7550111978244,17,031,816100,6,170318161006
241.0,221.0,193.0,171.0,93.0,27.0,102.0,48.0,44.0,55.0,94.0,126.0,55.0,0.22446278854237067,0.0,0.0,1470.2244627885423,17,031,816200,1,170318162001
0.0,0.0,45.0,0.0,65.0,0.0,22.0,0.0,0.0,25.0,198.0,96.0,53.0,0.6631855116024589,0.0,0.0,504.6631855116025,17,031,816200,2,170318162002
73.0,19.0,73.0,42.0,53.0,61.0,50.0,47.0,44.0,118.0,162.0,123.0,241.0,0.8570397380708699,0.0,0.0,1106.8570397380709,17,031,816200,3,170318162003
32.0,0.0,100.0,25.0,74.0,29.0,103.0,25.0,81.0,155.0,113.0,171.0,90.0,0.0,0.0,0.0,998.0,17,031,816300,1,170318163001
82.0,0.0,53.0,111.0,0.0,53.0,210.0,103.0,61.0,263.0,234.0,341.0,160.0,0.0,0.0,0.0,1671.0,17,031,816300,2,170318163002
82.0,95.0,120.0,0.0,66.0,0.0,22.0,0.0,184.0,92.0,260.0,340.0,101.0,0.0,0.0,0.0,1362.0,17,031,816300,3,170318163003
0.0,0.0,39.0,84.0,136.0,45.0,0.0,120.0,42.0,78.0,61.0,133.0,182.0,0.7244026357503781,0.0,0.0,920.7244026357504,17,031,816300,4,170318163004
0.0,117.0,136.0,51.0,40.0,290.0,0.0,33.0,0.0,22.0,95.0,117.0,169.0,0.7856197598982974,0.0,0.0,1070.7856197598983,17,031,816401,1,170318164011
0.0,27.0,176.0,108.0,51.0,0.0,47.0,88.0,91.0,51.0,132.0,30.0,0.0,0.6223740955038459,0.0,0.0,801.6223740955038,17,031,816401,2,170318164012
24.0,82.0,48.0,0.0,75.0,227.0,92.0,27.0,61.0,175.0,206.0,110.0,168.0,0.0,0.0,0.0,1295.0,17,031,816401,3,170318164013
0.0,0.0,0.0,358.0,41.0,420.0,0.0,140.0,155.0,36.0,0.0,285.0,134.0,0.0,0.0,0.0,1569.0,17,031,816401,4,170318164014
175.0,123.0,0.0,133.0,42.0,16.0,211.0,97.0,143.0,282.0,13.0,94.0,65.0,0.22446278854237067,0.0,0.0,1394.2244627885423,17,031,816402,1,170318164021
19.0,76.0,67.0,86.0,24.0,235.0,0.0,206.0,0.0,317.0,19.0,293.0,86.0,0.0,0.0,0.0,1428.0,17,031,816402,2,170318164022
0.0,82.0,62.0,0.0,0.0,0.0,27.0,148.0,0.0,164.0,46.0,62.0,129.0,0.5101427012326606,0.0,0.0,720.5101427012327,17,031,816402,3,170318164023
0.0,0.0,25.0,97.0,0.0,55.0,229.0,34.0,0.0,25.0,0.0,110.0,17.0,0.0,0.0,0.0,592.0,17,031,816402,4,170318164024
0.0,27.0,58.0,36.0,126.0,126.0,90.0,0.0,130.0,135.0,319.0,85.0,58.0,2.2446278854237067,0.0,0.0,1192.2446278854236,17,031,816500,1,170318165001
55.0,156.0,166.0,121.0,173.0,315.0,93.0,100.0,229.0,215.0,322.0,52.0,156.0,0.0,0.0,0.0,2153.0,17,031,816500,2,170318165002
63.0,73.0,68.0,68.0,75.0,66.0,44.0,75.0,90.0,31.0,107.0,26.0,0.0,0.0,0.0,0.0,786.0,17,031,816500,3,170318165003
23.0,0.0,74.0,144.0,58.0,175.0,124.0,0.0,230.0,66.0,78.0,128.0,109.0,0.42851986903543493,0.0,0.0,1209.4285198690354,17,031,816600,1,170318166001
65.0,112.0,77.0,27.0,208.0,81.0,147.0,38.0,251.0,0.0,108.0,92.0,54.0,0.7448083437996845,0.0,0.0,1260.7448083437996,17,031,816600,2,170318166002
201.0,114.0,251.0,290.0,233.0,93.0,75.0,175.0,0.0,179.0,247.0,35.0,136.0,1.203936774909079,0.0,0.0,2030.2039367749092,17,031,816600,3,170318166003
15.0,15.0,19.0,19.0,23.0,27.0,39.0,67.0,63.0,130.0,221.0,102.0,102.0,0.3162884747642496,0.0,0.0,842.3162884747643,17,031,816700,1,170318167001
221.0,39.0,161.0,154.0,90.0,82.0,142.0,39.0,59.0,233.0,177.0,272.0,98.0,0.6019683874545395,0.0,0.0,1767.6019683874545,17,031,816700,2,170318167002
111.0,0.0,153.0,133.0,72.0,104.0,19.0,136.0,34.0,177.0,126.0,121.0,140.0,0.46933128513404776,0.0,0.0,1326.469331285134,17,031,816800,1,170318168001
92.0,0.0,47.0,100.0,29.0,100.0,76.0,87.0,151.0,135.0,312.0,320.0,161.0,0.8060254679476038,0.0,0.0,1610.8060254679476,17,031,816800,2,170318168002
55.0,0.0,29.0,26.0,71.0,0.0,0.0,104.0,35.0,45.0,179.0,322.0,185.0,0.0,0.0,0.0,1051.0,17,031,816800,3,170318168003
0.0,23.0,46.0,0.0,41.0,61.0,70.0,0.0,0.0,117.0,105.0,131.0,67.0,0.8366340300215634,0.0,0.0,661.8366340300215,17,031,816800,4,170318168004
41.0,105.0,0.0,180.0,67.0,30.0,33.0,67.0,105.0,22.0,86.0,316.0,173.0,0.0,0.0,0.0,1225.0,17,031,816900,1,170318169001
0.0,96.0,0.0,99.0,233.0,56.0,26.0,0.0,69.0,206.0,156.0,116.0,186.0,2.071179367004602,0.0,0.0,1245.0711793670046,17,031,816900,2,170318169002
36.0,26.0,36.0,23.0,120.0,0.0,63.0,208.0,0.0,87.0,87.0,104.0,157.0,1.1937339208844258,0.0,0.0,948.1937339208844,17,031,816900,3,170318169003
0.0,208.0,54.0,65.0,69.0,113.0,36.0,237.0,94.0,153.0,156.0,631.0,73.0,1.489616687599369,0.0,0.0,1890.4896166875994,17,031,816900,4,170318169004
165.0,72.0,66.0,0.0,54.0,63.0,0.0,0.0,33.0,0.0,135.0,63.0,0.0,0.0,0.0,0.0,651.0,17,031,817000,1,170318170001
0.0,15.0,41.0,102.0,0.0,13.0,79.0,75.0,0.0,19.0,63.0,17.0,35.0,0.0,0.0,0.0,459.0,17,031,817000,2,170318170002
15.0,0.0,37.0,18.0,25.0,15.0,31.0,37.0,18.0,206.0,0.0,118.0,137.0,0.7958226139229506,0.0,0.0,657.795822613923,17,031,817000,3,170318170003
51.0,0.0,120.0,48.0,31.0,203.0,37.0,55.0,24.0,55.0,338.0,334.0,289.0,0.5917655334298864,0.0,0.0,1585.59176553343,17,031,817000,4,170318170004
12.0,85.0,30.0,125.0,33.0,131.0,128.0,70.0,51.0,85.0,292.0,94.0,146.0,0.9896768403913616,0.0,0.0,1282.9896768403914,17,031,817000,5,170318170005
76.0,34.0,49.0,147.0,28.0,197.0,152.0,0.0,0.0,23.0,0.0,97.0,71.0,0.8570397380708699,0.0,0.0,874.8570397380709,17,031,817101,1,170318171011
52.0,47.0,161.0,45.0,0.0,99.0,75.0,0.0,132.0,61.0,59.0,125.0,82.0,0.0,0.0,0.0,938.0,17,031,817101,2,170318171012
185.0,121.0,78.0,152.0,142.0,160.0,71.0,25.0,22.0,25.0,160.0,149.0,88.0,0.0,0.0,0.0,1378.0,17,031,817101,3,170318171013
140.0,65.0,0.0,30.0,0.0,61.0,48.0,164.0,24.0,243.0,61.0,212.0,68.0,1.8875279945608443,0.0,0.0,1117.8875279945607,17,031,817101,4,170318171014
0.0,129.0,20.0,118.0,0.0,0.0,17.0,129.0,0.0,125.0,233.0,38.0,20.0,1.3161681691802645,0.0,0.0,830.3161681691803,17,031,817102,1,170318171021
0.0,0.0,130.0,0.0,0.0,0.0,148.0,105.0,94.0,141.0,137.0,188.0,0.0,0.3264913287889028,0.0,0.0,943.3264913287888,17,031,817102,2,170318171022
0.0,23.0,107.0,20.0,77.0,20.0,333.0,119.0,0.0,163.0,196.0,253.0,101.0,0.6937940736764184,0.0,0.0,1412.6937940736764,17,031,817102,3,170318171023
255.0,176.0,168.0,360.0,52.0,60.0,48.0,82.0,71.0,127.0,266.0,191.0,123.0,1.4079938554021434,0.0,0.0,1980.407993855402,17,031,817200,1,170318172001
47.0,81.0,30.0,95.0,146.0,0.0,119.0,51.0,0.0,163.0,85.0,201.0,20.0,0.5509541173312735,0.0,0.0,1038.5509541173312,17,031,817200,2,170318172002
125.0,33.0,33.0,90.0,57.0,62.0,85.0,0.0,14.0,72.0,25.0,57.0,37.0,0.7652140518489909,0.0,0.0,690.765214051849,17,031,817200,3,170318172003
104.0,0.0,61.0,35.0,26.0,0.0,66.0,0.0,75.0,0.0,7.0,21.0,14.0,0.0,0.0,0.0,409.0,17,031,817200,4,170318172004
349.0,182.0,83.0,205.0,237.0,41.0,199.0,125.0,160.0,362.0,237.0,67.0,93.0,0.1632456643944514,0.0,0.0,2340.1632456643943,17,031,817300,1,170318173001
56.0,175.0,21.0,90.0,65.0,56.0,71.0,0.0,0.0,165.0,75.0,159.0,0.0,0.5101427012326606,0.0,0.0,933.5101427012327,17,031,817400,1,170318174001
27.0,18.0,73.0,39.0,58.0,27.0,0.0,0.0,89.0,110.0,125.0,205.0,236.0,0.36730274488751563,0.0,0.0,1007.3673027448875,17,031,817400,2,170318174002
80.0,35.0,31.0,106.0,35.0,75.0,182.0,249.0,213.0,0.0,431.0,400.0,178.0,0.5815626794052331,0.0,0.0,2015.5815626794051,17,031,817400,3,170318174003
118.0,95.0,79.0,15.0,41.0,98.0,41.0,20.0,0.0,31.0,0.0,66.0,47.0,0.0,0.0,0.0,651.0,17,031,817500,1,170318175001
106.0,141.0,99.0,0.0,0.0,0.0,66.0,0.0,21.0,92.0,169.0,0.0,84.0,0.28567991269028997,0.0,0.0,778.2856799126903,17,031,817500,2,170318175002
172.0,166.0,94.0,133.0,74.0,71.0,88.0,61.0,0.0,61.0,78.0,104.0,42.0,2.060976512979949,0.0,0.0,1146.06097651298,17,031,817500,3,170318175003
214.0,66.0,57.0,147.0,69.0,0.0,0.0,0.0,0.0,154.0,102.0,132.0,45.0,0.0,0.0,0.0,986.0,17,031,817500,4,170318175004
185.0,72.0,155.0,129.0,43.0,0.0,39.0,79.0,102.0,66.0,268.0,86.0,33.0,0.6325769495284992,0.0,0.0,1257.6325769495286,17,031,817600,1,170318176001
105.0,79.0,140.0,152.0,167.0,0.0,26.0,0.0,67.0,205.0,178.0,0.0,49.0,0.020405708049306425,0.0,0.0,1168.0204057080493,17,031,817600,2,170318176002
89.0,21.0,0.0,150.0,36.0,159.0,116.0,89.0,0.0,42.0,49.0,205.0,168.0,0.3060856207395964,0.0,0.0,1124.3060856207396,17,031,817600,3,170318176003
20.0,61.0,23.0,0.0,67.0,79.0,70.0,38.0,79.0,99.0,0.0,161.0,49.0,1.5508338117472884,0.0,0.0,747.5508338117473,17,031,817700,1,170318177001
121.0,79.0,208.0,79.0,48.0,156.0,20.0,0.0,69.0,142.0,114.0,65.0,291.0,0.7039969277010717,0.0,0.0,1392.7039969277012,17,031,817700,2,170318177002
0.0,153.0,69.0,106.0,53.0,59.0,0.0,69.0,169.0,204.0,279.0,75.0,131.0,0.6019683874545395,0.0,0.0,1367.6019683874545,17,031,817700,3,170318177003
28.0,42.0,24.0,39.0,95.0,0.0,99.0,145.0,0.0,195.0,237.0,184.0,0.0,0.0,0.0,0.0,1088.0,17,031,817700,4,170318177004
81.0,41.0,194.0,355.0,33.0,119.0,123.0,127.0,0.0,43.0,0.0,206.0,45.0,0.0,0.0,0.0,1367.0,17,031,817900,1,170318179001
60.0,57.0,0.0,48.0,0.0,0.0,185.0,0.0,111.0,160.0,0.0,160.0,188.0,2.0405708049306424,0.0,0.0,971.0405708049307,17,031,817900,2,170318179002
0.0,76.0,110.0,42.0,0.0,0.0,42.0,0.0,31.0,274.0,123.0,396.0,0.0,0.0,0.0,0.0,1094.0,17,031,817900,3,170318179003
184.0,52.0,64.0,0.0,24.0,0.0,39.0,0.0,0.0,27.0,144.0,136.0,52.0,0.9896768403913616,0.0,0.0,722.9896768403913,17,031,817900,4,170318179004
0.0,50.0,39.0,0.0,71.0,41.0,43.0,48.0,48.0,126.0,165.0,0.0,29.0,0.0,0.0,0.0,660.0,17,031,817900,5,170318179005
201.0,66.0,114.0,135.0,0.0,33.0,72.0,57.0,24.0,138.0,345.0,369.0,99.0,0.3060856207395964,0.0,0.0,1653.3060856207396,17,031,818000,1,170318180001
90.0,19.0,121.0,99.0,52.0,22.0,46.0,0.0,114.0,96.0,187.0,57.0,59.0,0.7141997817257248,0.0,0.0,962.7141997817257,17,031,818000,2,170318180002
26.0,45.0,143.0,29.0,151.0,0.0,101.0,55.0,23.0,159.0,239.0,252.0,154.0,0.6427798035531523,0.0,0.0,1377.6427798035531,17,031,818000,3,170318180003
0.0,16.0,104.0,109.0,21.0,35.0,0.0,35.0,0.0,71.0,210.0,276.0,167.0,0.6631855116024589,0.0,0.0,1044.6631855116025,17,031,818100,1,170318181001
0.0,47.0,79.0,79.0,147.0,15.0,0.0,15.0,95.0,205.0,52.0,219.0,55.0,1.0712996725885873,0.0,0.0,1009.0712996725886,17,031,818100,2,170318181002
0.0,0.0,107.0,58.0,0.0,30.0,15.0,80.0,21.0,154.0,209.0,86.0,363.0,1.2243424829583855,0.0,0.0,1124.2243424829585,17,031,818200,1,170318182001
0.0,94.0,43.0,0.0,20.0,0.0,87.0,0.0,35.0,0.0,174.0,243.0,2.0,0.0,0.0,0.0,698.0,17,031,818200,2,170318182002
20.0,0.0,0.0,37.0,14.0,0.0,67.0,16.0,32.0,0.0,28.0,90.0,94.0,0.1632456643944514,0.0,0.0,398.1632456643944,17,031,818200,3,170318182003
125.0,168.0,73.0,146.0,66.0,37.0,66.0,116.0,42.0,246.0,180.0,142.0,253.0,0.6019683874545395,0.0,0.0,1660.6019683874545,17,031,818200,4,170318182004
224.0,16.0,0.0,19.0,0.0,132.0,160.0,75.0,75.0,213.0,205.0,56.0,134.0,0.6223740955038459,0.0,0.0,1309.6223740955038,17,031,818300,1,170318183001
23.0,0.0,0.0,226.0,0.0,170.0,20.0,0.0,0.0,438.0,102.0,396.0,52.0,0.530548409281967,0.0,0.0,1427.530548409282,17,031,818300,2,170318183002
0.0,157.0,135.0,178.0,53.0,131.0,185.0,34.0,25.0,144.0,232.0,342.0,270.0,1.050893964539281,0.0,0.0,1887.0508939645392,17,031,818300,3,170318183003
203.0,13.0,0.0,91.0,0.0,34.0,72.0,64.0,101.0,104.0,61.0,155.0,50.0,0.2958827667149432,0.0,0.0,948.295882766715,17,031,818300,4,170318183004
0.0,0.0,108.0,0.0,98.0,87.0,161.0,26.0,0.0,129.0,60.0,108.0,209.0,0.3162884747642496,0.0,0.0,986.3162884747643,17,031,818401,1,170318184011
116.0,0.0,0.0,17.0,22.0,0.0,82.0,0.0,38.0,51.0,17.0,17.0,20.0,0.5713598253805799,0.0,0.0,380.57135982538057,17,031,818401,2,170318184012
0.0,0.0,0.0,0.0,102.0,35.0,56.0,0.0,46.0,123.0,43.0,295.0,84.0,0.3060856207395964,0.0,0.0,784.3060856207396,17,031,818401,3,170318184013
71.0,38.0,17.0,22.0,22.0,38.0,17.0,22.0,0.0,40.0,175.0,163.0,117.0,0.0,0.0,0.0,742.0,17,031,818401,4,170318184014
0.0,38.0,52.0,0.0,24.0,24.0,24.0,91.0,60.0,95.0,187.0,211.0,95.0,0.0,0.0,0.0,901.0,17,031,818402,1,170318184021
0.0,46.0,63.0,0.0,124.0,36.0,56.0,87.0,0.0,97.0,43.0,126.0,78.0,0.6223740955038459,0.0,0.0,756.6223740955038,17,031,818402,2,170318184022
35.0,13.0,15.0,84.0,94.0,15.0,31.0,17.0,80.0,208.0,112.0,297.0,88.0,0.336694182813556,0.0,0.0,1089.3366941828135,17,031,818402,3,170318184023
30.0,0.0,28.0,119.0,30.0,94.0,30.0,63.0,33.0,165.0,38.0,160.0,288.0,1.346776731254224,0.0,0.0,1079.3467767312543,17,031,818500,1,170318185001
57.0,53.0,194.0,0.0,130.0,0.0,27.0,51.0,104.0,53.0,132.0,152.0,245.0,0.27547705866563676,0.0,0.0,1198.2754770586657,17,031,818500,2,170318185002
58.0,88.0,56.0,84.0,106.0,90.0,58.0,74.0,0.0,146.0,100.0,86.0,243.0,3.417956098258826,0.0,0.0,1192.4179560982589,17,031,818500,3,170318185003
0.0,0.0,33.0,35.0,0.0,30.0,0.0,68.0,112.0,77.0,143.0,159.0,0.0,1.0917053806378938,0.0,0.0,658.0917053806379,17,031,818500,4,170318185004
97.0,90.0,34.0,59.0,81.0,0.0,36.0,61.0,20.0,120.0,0.0,165.0,208.0,1.3161681691802645,0.0,0.0,972.3161681691803,17,031,818600,1,170318186001
0.0,19.0,131.0,34.0,55.0,94.0,221.0,92.0,0.0,133.0,240.0,415.0,279.0,1.4283995634514497,0.0,0.0,1714.4283995634514,17,031,818600,2,170318186002
201.0,46.0,0.0,162.0,110.0,85.0,126.0,38.0,82.0,72.0,38.0,59.0,61.0,0.336694182813556,0.0,0.0,1080.3366941828135,17,031,818600,3,170318186003
0.0,0.0,0.0,40.0,0.0,20.0,0.0,0.0,0.0,61.0,75.0,93.0,186.0,1.3059653151556112,0.0,0.0,476.3059653151556,17,031,818700,1,170318187001
19.0,0.0,22.0,29.0,0.0,24.0,14.0,88.0,125.0,9.0,0.0,66.0,143.0,0.5203455552573139,0.0,0.0,539.5203455552573,17,031,818700,2,170318187002
0.0,56.0,84.0,40.0,76.0,17.0,30.0,0.0,51.0,76.0,112.0,102.0,248.0,0.7244026357503781,0.0,0.0,892.7244026357504,17,031,818700,3,170318187003
63.0,50.0,68.0,0.0,0.0,18.0,0.0,47.0,66.0,98.0,95.0,143.0,56.0,0.5509541173312735,0.0,0.0,704.5509541173312,17,031,818700,4,170318187004
0.0,134.0,85.0,0.0,0.0,131.0,0.0,0.0,82.0,39.0,70.0,274.0,82.0,0.336694182813556,0.0,0.0,897.3366941828135,17,031,818800,1,170318188001
39.0,0.0,18.0,0.0,0.0,57.0,0.0,27.0,0.0,89.0,108.0,197.0,62.0,0.3468970368382092,0.0,0.0,597.3468970368382,17,031,818800,2,170318188002
93.0,109.0,0.0,0.0,64.0,70.0,0.0,0.0,0.0,78.0,0.0,225.0,126.0,0.6325769495284992,0.0,0.0,765.6325769495285,17,031,818800,3,170318188003
0.0,32.0,141.0,0.0,29.0,32.0,0.0,0.0,0.0,49.0,99.0,213.0,57.0,0.908054008194136,0.0,0.0,652.9080540081941,17,031,818800,4,170318188004
30.0,121.0,98.0,32.0,0.0,32.0,63.0,73.0,0.0,220.0,80.0,134.0,232.0,1.0304882564899744,0.0,0.0,1116.03048825649,17,031,818800,5,170318188005
0.0,0.0,21.0,34.0,0.0,42.0,0.0,71.0,0.0,224.0,39.0,221.0,256.0,0.0,0.0,0.0,908.0,17,031,818800,6,170318188006
140.0,0.0,169.0,0.0,149.0,83.0,0.0,195.0,100.0,86.0,180.0,318.0,114.0,1.1325167967365066,0.0,0.0,1535.1325167967366,17,031,818900,1,170318189001
184.0,80.0,33.0,74.0,137.0,55.0,50.0,127.0,127.0,137.0,231.0,265.0,118.0,0.6223740955038459,0.0,0.0,1618.6223740955038,17,031,818900,2,170318189002
0.0,16.0,39.0,16.0,30.0,76.0,20.0,65.0,39.0,102.0,144.0,142.0,153.0,0.37750559891216884,0.0,0.0,842.3775055989122,17,031,818900,3,170318189003
28.0,0.0,0.0,0.0,0.0,40.0,25.0,0.0,20.0,0.0,51.0,118.0,158.0,0.1734485184191046,0.0,0.0,440.1734485184191,17,031,819000,1,170318190001
29.0,0.0,39.0,0.0,0.0,0.0,26.0,0.0,26.0,43.0,29.0,203.0,186.0,2.815987710804287,0.0,0.0,583.8159877108043,17,031,819000,2,170318190002
0.0,0.0,46.0,52.0,0.0,29.0,33.0,0.0,92.0,0.0,26.0,132.0,211.0,1.438602417476103,0.0,0.0,622.4386024174761,17,031,819000,3,170318190003
18.0,99.0,91.0,108.0,16.0,0.0,56.0,39.0,72.0,95.0,37.0,46.0,78.0,0.7244026357503781,0.0,0.0,755.7244026357504,17,031,819000,4,170318190004
135.0,69.0,46.0,46.0,66.0,46.0,0.0,26.0,101.0,28.0,72.0,300.0,234.0,0.908054008194136,0.0,0.0,1169.908054008194,17,031,819100,1,170318191001
24.0,36.0,0.0,17.0,61.0,49.0,78.0,51.0,36.0,22.0,78.0,279.0,98.0,0.0,0.0,0.0,829.0,17,031,819100,2,170318191002
172.0,94.0,21.0,16.0,62.0,102.0,0.0,105.0,64.0,205.0,116.0,137.0,16.0,0.18365137244375782,0.0,0.0,1110.1836513724438,17,031,819100,3,170318191003
17.0,63.0,129.0,78.0,51.0,76.0,14.0,132.0,12.0,34.0,153.0,157.0,68.0,0.10202854024653213,0.0,0.0,984.1020285402466,17,031,819100,4,170318191004
0.0,41.0,108.0,0.0,86.0,0.0,30.0,128.0,0.0,44.0,164.0,92.0,0.0,0.22446278854237067,0.0,0.0,693.2244627885424,17,031,819200,1,170318192001
44.0,80.0,83.0,0.0,95.0,311.0,0.0,0.0,29.0,362.0,151.0,213.0,130.0,0.0,0.0,0.0,1498.0,17,031,819200,2,170318192002
165.0,188.0,156.0,188.0,263.0,172.0,0.0,133.0,234.0,237.0,169.0,312.0,198.0,0.3570998908628624,0.0,0.0,2415.357099890863,17,031,819200,3,170318192003
44.0,36.0,0.0,166.0,119.0,91.0,74.0,38.0,41.0,94.0,218.0,321.0,74.0,1.4692109795500625,0.0,0.0,1317.46921097955,17,031,819200,4,170318192004
0.0,21.0,0.0,0.0,0.0,0.0,28.0,0.0,28.0,50.0,90.0,169.0,126.0,1.867122286511538,0.0,0.0,513.8671222865115,17,031,819300,1,170318193001
46.0,29.0,52.0,34.0,0.0,69.0,55.0,66.0,26.0,200.0,165.0,355.0,104.0,1.5100223956486754,0.0,0.0,1202.5100223956488,17,031,819300,2,170318193002
27.0,42.0,0.0,115.0,33.0,15.0,76.0,0.0,36.0,24.0,51.0,54.0,42.0,0.5509541173312735,0.0,0.0,515.5509541173312,17,031,819300,3,170318193003
139.0,0.0,44.0,0.0,82.0,50.0,0.0,37.0,0.0,69.0,34.0,549.0,18.0,0.0,0.0,0.0,1022.0,17,031,819400,1,170318194001
0.0,194.0,37.0,134.0,97.0,0.0,104.0,94.0,104.0,0.0,99.0,184.0,62.0,0.8876483001448295,0.0,0.0,1109.8876483001447,17,031,819400,2,170318194002
33.0,0.0,30.0,0.0,30.0,0.0,0.0,53.0,36.0,42.0,64.0,0.0,143.0,1.2243424829583855,0.0,0.0,432.2243424829584,17,031,819400,3,170318194003
0.0,48.0,54.0,0.0,0.0,207.0,0.0,0.0,0.0,111.0,45.0,111.0,180.0,3.030247645322004,0.0,0.0,759.030247645322,17,031,819400,4,170318194004
0.0,0.0,0.0,82.0,59.0,34.0,43.0,77.0,0.0,0.0,93.0,109.0,109.0,0.20405708049306426,0.0,0.0,606.204057080493,17,031,819400,5,170318194005
28.0,0.0,30.0,52.0,16.0,0.0,14.0,14.0,38.0,68.0,42.0,40.0,104.0,0.5509541173312735,0.0,0.0,446.5509541173313,17,031,819500,1,170318195001
78.0,19.0,38.0,27.0,0.0,26.0,0.0,13.0,46.0,64.0,48.0,45.0,34.0,0.3162884747642496,0.0,0.0,438.31628847476424,17,031,819500,2,170318195002
45.0,47.0,30.0,32.0,30.0,15.0,0.0,34.0,38.0,43.0,170.0,220.0,88.0,0.19385422646841105,0.0,0.0,792.1938542264684,17,031,819500,3,170318195003
46.0,214.0,48.0,84.0,94.0,0.0,0.0,0.0,0.0,59.0,32.0,205.0,92.0,0.27547705866563676,0.0,0.0,874.2754770586656,17,031,819500,4,170318195004
0.0,27.0,0.0,0.0,0.0,0.0,0.0,44.0,0.0,32.0,37.0,54.0,47.0,0.14283995634514499,0.0,0.0,241.14283995634514,17,031,819600,1,170318196001
0.0,29.0,0.0,0.0,0.0,0.0,22.0,0.0,0.0,0.0,98.0,52.0,163.0,0.530548409281967,0.0,0.0,364.53054840928195,17,031,819600,2,170318196002
16.0,0.0,16.0,47.0,0.0,36.0,22.0,39.0,16.0,22.0,154.0,134.0,233.0,0.3979113069614753,0.0,0.0,735.3979113069614,17,031,819600,3,170318196003
0.0,0.0,0.0,16.0,0.0,0.0,0.0,0.0,33.0,54.0,155.0,172.0,91.0,1.581442373821248,0.0,0.0,522.5814423738212,17,031,819600,4,170318196004
62.0,0.0,0.0,29.0,83.0,29.0,0.0,0.0,0.0,54.0,25.0,175.0,200.0,1.0406911105146277,0.0,0.0,658.0406911105147,17,031,819700,1,170318197001
80.0,15.0,49.0,0.0,46.0,0.0,52.0,0.0,46.0,114.0,232.0,133.0,124.0,1.3875881473528369,0.0,0.0,892.3875881473529,17,031,819700,2,170318197002
0.0,0.0,0.0,26.0,56.0,0.0,46.0,0.0,46.0,26.0,43.0,240.0,96.0,1.0202854024653212,0.0,0.0,580.0202854024653,17,031,819700,3,170318197003
0.0,19.0,0.0,16.0,0.0,14.0,0.0,0.0,47.0,125.0,58.0,0.0,42.0,1.3059653151556112,0.0,0.0,322.3059653151556,17,031,819700,4,170318197004
0.0,0.0,0.0,0.0,0.0,0.0,0.0,31.0,0.0,63.0,28.0,192.0,75.0,0.7958226139229506,0.0,0.0,389.79582261392295,17,031,819801,1,170318198011
32.0,0.0,0.0,21.0,0.0,0.0,0.0,51.0,57.0,21.0,0.0,27.0,131.0,1.4692109795500625,0.0,0.0,341.46921097955004,17,031,819801,2,170318198012
35.0,29.0,26.0,0.0,123.0,0.0,29.0,74.0,29.0,55.0,169.0,188.0,165.0,0.7244026357503781,0.0,0.0,922.7244026357504,17,031,819801,3,170318198013
0.0,0.0,24.0,27.0,0.0,0.0,27.0,0.0,0.0,21.0,30.0,91.0,0.0,0.7141997817257248,0.0,0.0,220.7141997817257,17,031,819801,4,170318198014
0.0,0.0,30.0,0.0,27.0,0.0,0.0,0.0,0.0,33.0,64.0,128.0,118.0,1.1325167967365066,0.0,0.0,401.1325167967365,17,031,819801,5,170318198015
0.0,0.0,0.0,20.0,14.0,23.0,46.0,14.0,38.0,0.0,67.0,172.0,210.0,1.816108016388272,0.0,0.0,605.8161080163883,17,031,819802,1,170318198021
28.0,0.0,0.0,25.0,0.0,11.0,14.0,8.0,25.0,44.0,112.0,249.0,120.0,2.2854393015223198,0.0,0.0,638.2854393015223,17,031,819802,2,170318198022
0.0,0.0,0.0,0.0,28.0,0.0,22.0,0.0,42.0,78.0,72.0,61.0,30.0,0.908054008194136,0.0,0.0,333.90805400819414,17,031,819900,1,170318199001
99.0,0.0,0.0,28.0,0.0,25.0,0.0,45.0,0.0,19.0,168.0,105.0,139.0,0.9590682783174019,0.0,0.0,628.9590682783174,17,031,819900,2,170318199002
0.0,29.0,0.0,29.0,33.0,0.0,0.0,0.0,0.0,152.0,33.0,74.0,33.0,2.203816469325094,0.0,0.0,385.2038164693251,17,031,819900,3,170318199003
13.0,0.0,23.0,78.0,13.0,16.0,0.0,0.0,13.0,59.0,105.0,105.0,59.0,0.6019683874545395,0.0,0.0,484.6019683874545,17,031,820000,1,170318200001
0.0,0.0,0.0,16.0,0.0,0.0,0.0,32.0,0.0,12.0,29.0,106.0,45.0,0.5917655334298864,0.0,0.0,240.59176553342988,17,031,820000,2,170318200002
0.0,24.0,77.0,98.0,89.0,130.0,106.0,21.0,19.0,50.0,24.0,67.0,38.0,0.4081141609861285,0.0,0.0,743.4081141609861,17,031,820101,1,170318201011
0.0,0.0,0.0,76.0,38.0,0.0,84.0,98.0,32.0,71.0,109.0,0.0,120.0,0.3570998908628624,0.0,0.0,628.3570998908629,17,031,820101,2,170318201012
0.0,0.0,0.0,93.0,39.0,36.0,39.0,39.0,42.0,0.0,78.0,242.0,0.0,0.336694182813556,0.0,0.0,608.3366941828135,17,031,820101,3,170318201013
30.0,0.0,0.0,0.0,30.0,22.0,0.0,28.0,62.0,24.0,28.0,0.0,0.0,0.7958226139229506,0.0,0.0,224.79582261392295,17,031,820101,4,170318201014
0.0,0.0,0.0,0.0,36.0,0.0,0.0,0.0,0.0,49.0,34.0,125.0,46.0,1.295762461130958,0.0,0.0,291.29576246113095,17,031,820101,5,170318201015
85.0,78.0,0.0,165.0,106.0,26.0,148.0,76.0,0.0,292.0,115.0,306.0,74.0,0.5101427012326606,0.0,0.0,1471.5101427012326,17,031,820101,6,170318201016
0.0,0.0,38.0,34.0,0.0,0.0,160.0,84.0,32.0,36.0,32.0,160.0,164.0,0.5815626794052331,0.0,0.0,740.5815626794052,17,031,820101,7,170318201017
34.0,70.0,26.0,17.0,0.0,17.0,53.0,0.0,19.0,0.0,51.0,145.0,165.0,0.1734485184191046,0.0,0.0,597.1734485184191,17,031,820103,1,170318201031
44.0,100.0,0.0,53.0,15.0,87.0,96.0,44.0,0.0,69.0,8.0,87.0,44.0,0.0,0.0,0.0,647.0,17,031,820103,2,170318201032
23.0,81.0,27.0,88.0,20.0,166.0,71.0,16.0,196.0,210.0,233.0,237.0,30.0,0.5101427012326606,0.0,0.0,1398.5101427012326,17,031,820103,3,170318201033
15.0,17.0,8.0,130.0,0.0,70.0,0.0,35.0,0.0,55.0,26.0,46.0,79.0,0.5815626794052331,0.0,0.0,481.58156267940524,17,031,820103,4,170318201034
122.0,224.0,18.0,56.0,77.0,96.0,88.0,0.0,93.0,125.0,168.0,122.0,0.0,0.2958827667149432,0.0,0.0,1189.2958827667148,17,031,820104,1,170318201041
0.0,19.0,22.0,19.0,0.0,39.0,41.0,51.0,39.0,0.0,198.0,129.0,122.0,0.1734485184191046,0.0,0.0,679.1734485184191,17,031,820104,2,170318201042
0.0,0.0,47.0,60.0,19.0,0.0,24.0,0.0,19.0,155.0,152.0,185.0,58.0,0.44892557708474135,0.0,0.0,719.4489255770848,17,031,820104,3,170318201043
18.0,0.0,78.0,26.0,14.0,16.0,158.0,90.0,85.0,109.0,28.0,123.0,196.0,0.4081141609861285,0.0,0.0,941.4081141609861,17,031,820104,4,170318201044
123.0,96.0,58.0,33.0,313.0,98.0,31.0,75.0,127.0,25.0,217.0,144.0,190.0,1.5508338117472884,0.0,0.0,1531.5508338117472,17,031,820201,1,170318202011
90.0,90.0,157.0,122.0,54.0,0.0,28.0,124.0,0.0,26.0,216.0,336.0,225.0,0.5713598253805799,0.0,0.0,1468.5713598253806,17,031,820201,2,170318202012
52.0,0.0,0.0,43.0,43.0,0.0,0.0,43.0,0.0,127.0,43.0,150.0,26.0,0.49993984720800744,0.0,0.0,527.499939847208,17,031,820201,3,170318202013
84.0,32.0,0.0,0.0,55.0,91.0,101.0,88.0,71.0,45.0,355.0,658.0,290.0,3.9178959454668334,0.0,0.0,1873.9178959454669,17,031,820201,4,170318202014
154.0,55.0,72.0,79.0,79.0,147.0,137.0,127.0,130.0,395.0,223.0,175.0,202.0,0.908054008194136,0.0,0.0,1975.908054008194,17,031,820202,1,170318202021
16.0,27.0,36.0,82.0,80.0,29.0,23.0,0.0,110.0,163.0,126.0,11.0,204.0,0.0,0.0,0.0,907.0,17,031,820202,2,170318202022
63.0,50.0,50.0,43.0,43.0,16.0,0.0,0.0,10.0,10.0,25.0,61.0,27.0,0.12243424829583854,0.0,0.0,398.12243424829586,17,031,820202,3,170318202023
198.0,34.0,31.0,115.0,157.0,181.0,69.0,0.0,160.0,87.0,251.0,205.0,76.0,0.3162884747642496,0.0,0.0,1564.3162884747642,17,031,820300,1,170318203001
46.0,103.0,143.0,100.0,36.0,83.0,0.0,106.0,40.0,180.0,100.0,210.0,60.0,0.2652742046409835,0.0,0.0,1207.265274204641,17,031,820300,2,170318203002
0.0,34.0,78.0,0.0,85.0,98.0,0.0,0.0,0.0,235.0,235.0,218.0,95.0,0.0,0.0,0.0,1078.0,17,031,820300,3,170318203003
26.0,23.0,100.0,73.0,96.0,173.0,80.0,56.0,16.0,86.0,220.0,190.0,50.0,0.23466564256702388,0.0,0.0,1189.234665642567,17,031,820300,4,170318203004
76.0,60.0,0.0,80.0,26.0,243.0,220.0,0.0,198.0,87.0,102.0,26.0,232.0,0.0,0.0,0.0,1350.0,17,031,820400,1,170318204001
30.0,69.0,0.0,266.0,92.0,189.0,73.0,173.0,0.0,312.0,262.0,142.0,123.0,1.489616687599369,0.0,0.0,1732.4896166875994,17,031,820400,2,170318204002
204.0,140.0,113.0,197.0,208.0,106.0,227.0,170.0,253.0,223.0,303.0,344.0,185.0,0.2652742046409835,0.0,0.0,2673.265274204641,17,031,820400,3,170318204003
18.0,23.0,67.0,0.0,18.0,165.0,23.0,69.0,20.0,69.0,100.0,85.0,43.0,0.18365137244375782,0.0,0.0,700.1836513724437,17,031,820501,1,170318205011
88.0,0.0,91.0,0.0,34.0,69.0,101.0,0.0,0.0,107.0,120.0,217.0,160.0,0.7856197598982974,0.0,0.0,987.7856197598983,17,031,820501,2,170318205012
0.0,31.0,203.0,0.0,44.0,100.0,44.0,85.0,0.0,68.0,205.0,124.0,29.0,0.7652140518489909,0.0,0.0,933.765214051849,17,031,820501,3,170318205013
0.0,39.0,0.0,79.0,298.0,140.0,0.0,111.0,28.0,205.0,208.0,133.0,75.0,0.0,0.0,0.0,1316.0,17,031,820501,4,170318205014
0.0,37.0,143.0,0.0,0.0,40.0,24.0,52.0,143.0,345.0,195.0,186.0,192.0,1.6120509358952075,0.0,0.0,1358.6120509358952,17,031,820501,5,170318205015
108.0,27.0,231.0,27.0,69.0,122.0,0.0,0.0,33.0,295.0,320.0,189.0,106.0,0.0,0.0,0.0,1527.0,17,031,820502,1,170318205021
0.0,0.0,67.0,70.0,24.0,56.0,36.0,18.0,108.0,49.0,246.0,108.0,0.0,1.2141396289337323,0.0,0.0,783.2141396289337,17,031,820502,2,170318205022
69.0,0.0,37.0,7.0,75.0,159.0,89.0,0.0,0.0,127.0,55.0,153.0,65.0,0.0,0.0,0.0,836.0,17,031,820502,3,170318205023
32.0,151.0,29.0,29.0,131.0,58.0,40.0,183.0,17.0,90.0,128.0,52.0,0.0,1.3059653151556112,0.0,0.0,941.3059653151556,17,031,820502,4,170318205024
0.0,53.0,180.0,90.0,134.0,30.0,140.0,0.0,30.0,56.0,36.0,284.0,0.0,0.6121712414791928,0.0,0.0,1033.6121712414792,17,031,820603,1,170318206031
84.0,42.0,191.0,58.0,19.0,285.0,243.0,110.0,97.0,191.0,132.0,430.0,106.0,0.0,0.0,0.0,1988.0,17,031,820603,2,170318206032
16.0,83.0,102.0,0.0,48.0,48.0,131.0,44.0,73.0,134.0,170.0,478.0,337.0,1.9283394106594571,0.0,0.0,1665.9283394106594,17,031,820603,3,170318206033
337.0,304.0,243.0,562.0,165.0,117.0,27.0,141.0,84.0,267.0,611.0,183.0,18.0,0.21425993451771747,0.0,0.0,3059.214259934518,17,031,820604,1,170318206041
37.0,37.0,33.0,89.0,108.0,0.0,15.0,52.0,0.0,80.0,126.0,148.0,33.0,0.21425993451771747,0.0,0.0,758.2142599345177,17,031,820604,2,170318206042
157.0,77.0,0.0,0.0,106.0,149.0,32.0,109.0,26.0,88.0,66.0,307.0,88.0,0.0,0.0,0.0,1205.0,17,031,820605,1,170318206051
114.0,0.0,184.0,44.0,150.0,50.0,80.0,164.0,30.0,217.0,0.0,237.0,30.0,0.0,0.0,0.0,1300.0,17,031,820605,2,170318206052
182.0,0.0,22.0,98.0,67.0,11.0,70.0,268.0,89.0,294.0,210.0,86.0,33.0,0.7652140518489909,0.0,0.0,1430.765214051849,17,031,820605,3,170318206053
20.0,38.0,28.0,46.0,18.0,44.0,0.0,182.0,32.0,269.0,273.0,245.0,162.0,1.489616687599369,0.0,0.0,1358.4896166875994,17,031,820606,1,170318206061
158.0,153.0,8.0,172.0,182.0,78.0,94.0,26.0,34.0,158.0,532.0,201.0,150.0,0.8978511541694827,0.0,0.0,1946.8978511541695,17,031,820606,2,170318206062
214.0,0.0,44.0,122.0,51.0,34.0,64.0,255.0,108.0,289.0,132.0,30.0,136.0,0.6529826575778056,0.0,0.0,1479.6529826575777,17,031,820700,1,170318207001
0.0,0.0,42.0,0.0,37.0,197.0,13.0,0.0,19.0,206.0,117.0,119.0,144.0,0.0,0.0,0.0,894.0,17,031,820700,2,170318207002
423.0,0.0,162.0,35.0,0.0,0.0,240.0,105.0,0.0,153.0,348.0,75.0,245.0,0.3570998908628624,0.0,0.0,1786.3570998908629,17,031,820700,3,170318207003
66.0,34.0,189.0,50.0,125.0,365.0,93.0,173.0,90.0,288.0,162.0,56.0,288.0,1.632456643944514,0.0,0.0,1980.6324566439446,17,031,820700,4,170318207004
21.0,0.0,25.0,198.0,101.0,54.0,109.0,25.0,25.0,131.0,329.0,516.0,173.0,2.3670621337195454,0.0,0.0,1709.3670621337196,17,031,820800,1,170318208001
11.0,0.0,111.0,26.0,0.0,29.0,52.0,78.0,48.0,160.0,279.0,395.0,208.0,0.336694182813556,0.0,0.0,1397.3366941828135,17,031,820800,2,170318208002
12.0,47.0,5.0,68.0,27.0,42.0,65.0,27.0,17.0,47.0,50.0,176.0,32.0,1.0712996725885873,0.0,0.0,616.0712996725886,17,031,820800,3,170318208003
74.0,42.0,208.0,213.0,168.0,88.0,40.0,237.0,37.0,224.0,491.0,178.0,32.0,1.3263710232049177,0.0,0.0,2033.326371023205,17,031,820901,1,170318209011
53.0,110.0,47.0,151.0,83.0,107.0,0.0,0.0,77.0,101.0,23.0,175.0,86.0,0.0,0.0,0.0,1013.0,17,031,820901,2,170318209012
52.0,0.0,26.0,37.0,128.0,26.0,34.0,68.0,332.0,275.0,105.0,56.0,15.0,0.0,0.0,0.0,1154.0,17,031,820901,3,170318209013
0.0,54.0,21.0,18.0,124.0,27.0,145.0,33.0,133.0,24.0,152.0,63.0,224.0,0.0,0.0,0.0,1018.0,17,031,820901,4,170318209014
0.0,48.0,0.0,24.0,70.0,97.0,0.0,146.0,33.0,104.0,143.0,119.0,85.0,0.0,0.0,0.0,869.0,17,031,820902,1,170318209021
71.0,150.0,53.0,64.0,111.0,0.0,96.0,0.0,165.0,28.0,53.0,384.0,111.0,0.908054008194136,0.0,0.0,1286.908054008194,17,031,820902,2,170318209022
54.0,170.0,29.0,137.0,0.0,76.0,0.0,18.0,29.0,181.0,145.0,185.0,137.0,0.0,0.0,0.0,1161.0,17,031,820902,3,170318209023
35.0,81.0,24.0,106.0,24.0,134.0,63.0,53.0,99.0,134.0,42.0,241.0,71.0,0.21425993451771747,0.0,0.0,1107.2142599345177,17,031,820902,4,170318209024
0.0,78.0,23.0,71.0,85.0,74.0,20.0,0.0,61.0,183.0,244.0,295.0,115.0,0.5203455552573139,0.0,0.0,1249.5203455552573,17,031,821001,1,170318210011
97.0,0.0,127.0,34.0,12.0,38.0,51.0,25.0,76.0,93.0,127.0,306.0,102.0,0.7754169058736442,0.0,0.0,1088.7754169058737,17,031,821001,2,170318210012
193.0,35.0,80.0,146.0,0.0,47.0,95.0,131.0,38.0,14.0,232.0,193.0,56.0,0.0,0.0,0.0,1260.0,17,031,821001,3,170318210013
58.0,43.0,52.0,49.0,81.0,40.0,75.0,20.0,37.0,11.0,108.0,329.0,99.0,0.23466564256702388,0.0,0.0,1002.234665642567,17,031,821001,4,170318210014
66.0,83.0,125.0,107.0,132.0,0.0,59.0,24.0,52.0,45.0,128.0,132.0,20.0,0.816228321972257,0.0,0.0,973.8162283219723,17,031,821002,1,170318210021
0.0,122.0,118.0,0.0,66.0,55.0,59.0,0.0,153.0,27.0,59.0,240.0,51.0,0.673388365627112,0.0,0.0,950.6733883656271,17,031,821002,2,170318210022
29.0,34.0,0.0,54.0,22.0,32.0,32.0,75.0,25.0,48.0,144.0,45.0,103.0,0.0,0.0,0.0,643.0,17,031,821002,3,170318210023
45.0,68.0,0.0,26.0,75.0,49.0,0.0,22.0,26.0,114.0,186.0,88.0,264.0,0.530548409281967,0.0,0.0,963.530548409282,17,031,821002,4,170318210024
0.0,70.0,278.0,26.0,63.0,80.0,23.0,110.0,0.0,204.0,127.0,376.0,144.0,1.061096818563934,0.0,0.0,1502.061096818564,17,031,821002,5,170318210025
13.0,0.0,0.0,33.0,184.0,77.0,117.0,0.0,67.0,0.0,147.0,278.0,208.0,0.0,0.0,0.0,1124.0,17,031,821101,1,170318211011
0.0,22.0,57.0,0.0,27.0,46.0,0.0,24.0,0.0,104.0,110.0,151.0,154.0,0.13263710232049175,0.0,0.0,695.1326371023205,17,031,821101,2,170318211012
48.0,0.0,0.0,0.0,38.0,86.0,0.0,131.0,86.0,54.0,0.0,147.0,147.0,0.19385422646841105,0.0,0.0,737.1938542264684,17,031,821101,3,170318211013
144.0,34.0,0.0,0.0,72.0,89.0,0.0,155.0,48.0,17.0,231.0,269.0,365.0,1.5406309577226351,0.0,0.0,1425.5406309577227,17,031,821101,4,170318211014
176.0,53.0,0.0,137.0,39.0,110.0,35.0,0.0,39.0,92.0,92.0,207.0,145.0,0.5815626794052331,0.0,0.0,1125.5815626794051,17,031,821102,1,170318211021
21.0,29.0,48.0,0.0,86.0,135.0,248.0,135.0,51.0,56.0,159.0,29.0,153.0,0.4897369931833542,0.0,0.0,1150.4897369931834,17,031,821102,2,170318211022
32.0,32.0,28.0,75.0,136.0,43.0,32.0,28.0,0.0,0.0,219.0,273.0,25.0,1.3569795852788773,0.0,0.0,924.3569795852789,17,031,821102,3,170318211023
71.0,51.0,0.0,79.0,0.0,0.0,0.0,0.0,19.0,45.0,59.0,136.0,31.0,0.42851986903543493,0.0,0.0,491.4285198690354,17,031,821102,4,170318211024
97.0,188.0,42.0,115.0,42.0,106.0,0.0,0.0,33.0,179.0,91.0,136.0,57.0,0.0,0.0,0.0,1086.0,17,031,821200,1,170318212001
148.0,103.0,253.0,94.0,110.0,98.0,190.0,30.0,124.0,112.0,0.0,30.0,28.0,0.0,0.0,0.0,1320.0,17,031,821200,2,170318212002
87.0,447.0,147.0,136.0,144.0,95.0,92.0,226.0,0.0,174.0,98.0,155.0,283.0,1.2243424829583855,0.0,0.0,2085.2243424829585,17,031,821200,3,170318212003
147.0,47.0,85.0,47.0,177.0,29.0,0.0,41.0,94.0,327.0,61.0,289.0,97.0,0.0,0.0,0.0,1441.0,17,031,821200,4,170318212004
170.0,0.0,0.0,20.0,139.0,88.0,68.0,15.0,0.0,54.0,0.0,79.0,0.0,0.0,0.0,0.0,633.0,17,031,821300,1,170318213001
116.0,287.0,277.0,259.0,129.0,51.0,202.0,191.0,72.0,256.0,295.0,287.0,101.0,0.36730274488751563,0.0,0.0,2523.3673027448876,17,031,821300,2,170318213002
107.0,31.0,62.0,21.0,0.0,0.0,58.0,50.0,9.0,72.0,113.0,15.0,0.0,0.0,0.0,0.0,538.0,17,031,821300,3,170318213003
173.0,114.0,79.0,145.0,55.0,38.0,93.0,65.0,0.0,229.0,319.0,253.0,58.0,0.3162884747642496,0.0,0.0,1621.3162884747642,17,031,821300,4,170318213004
184.0,0.0,42.0,40.0,58.0,20.0,69.0,20.0,22.0,69.0,81.0,135.0,56.0,0.0,0.0,0.0,796.0,17,031,821401,1,170318214011
0.0,35.0,47.0,0.0,80.0,33.0,21.0,0.0,0.0,0.0,122.0,47.0,49.0,0.0,0.0,0.0,434.0,17,031,821401,2,170318214012
0.0,30.0,47.0,56.0,39.0,124.0,0.0,32.0,23.0,86.0,54.0,164.0,35.0,0.0,0.0,0.0,690.0,17,031,821401,3,170318214013
84.0,0.0,84.0,57.0,279.0,81.0,306.0,33.0,132.0,39.0,78.0,111.0,36.0,0.0,0.0,0.0,1320.0,17,031,821401,4,170318214014
113.0,0.0,91.0,48.0,113.0,17.0,111.0,225.0,30.0,288.0,129.0,73.0,80.0,0.9488654242927488,0.0,0.0,1318.9488654242928,17,031,821402,1,170318214021
22.0,0.0,76.0,68.0,0.0,275.0,0.0,31.0,190.0,335.0,178.0,230.0,130.0,0.22446278854237067,0.0,0.0,1535.2244627885423,17,031,821402,2,170318214022
94.0,0.0,22.0,27.0,27.0,27.0,0.0,0.0,86.0,80.0,86.0,53.0,53.0,0.4183170150107817,0.0,0.0,555.4183170150108,17,031,821402,3,170318214023
224.0,121.0,202.0,189.0,115.0,166.0,54.0,112.0,134.0,141.0,234.0,231.0,64.0,0.0,0.0,0.0,1987.0,17,031,821500,1,170318215001
65.0,0.0,0.0,71.0,0.0,26.0,0.0,0.0,0.0,0.0,334.0,393.0,250.0,0.0,0.0,0.0,1139.0,17,031,821600,1,170318216001
106.0,27.0,29.0,21.0,57.0,0.0,57.0,0.0,0.0,76.0,114.0,87.0,108.0,0.5509541173312735,0.0,0.0,682.5509541173312,17,031,821600,2,170318216002
54.0,49.0,49.0,0.0,23.0,0.0,54.0,49.0,18.0,79.0,25.0,0.0,105.0,0.5509541173312735,0.0,0.0,505.5509541173313,17,031,821600,3,170318216003
127.0,73.0,119.0,21.0,78.0,0.0,0.0,0.0,27.0,140.0,138.0,176.0,124.0,1.9283394106594571,0.0,0.0,1024.9283394106594,17,031,821600,4,170318216004
54.0,40.0,54.0,13.0,20.0,0.0,20.0,0.0,20.0,20.0,58.0,110.0,0.0,0.0,0.0,0.0,409.0,17,031,821600,5,170318216005
152.0,49.0,0.0,0.0,0.0,0.0,0.0,0.0,0.0,14.0,14.0,127.0,81.0,0.7244026357503781,0.0,0.0,437.7244026357504,17,031,821700,1,170318217001
181.0,133.0,50.0,0.0,98.0,0.0,98.0,136.0,53.0,157.0,95.0,181.0,160.0,0.2958827667149432,0.0,0.0,1342.2958827667148,17,031,821700,2,170318217002
0.0,42.0,110.0,22.0,0.0,56.0,14.0,0.0,36.0,88.0,124.0,230.0,156.0,1.1835310668597727,0.0,0.0,879.1835310668598,17,031,821700,3,170318217003
0.0,0.0,0.0,108.0,0.0,0.0,0.0,25.0,70.0,31.0,185.0,98.0,95.0,1.295762461130958,0.0,0.0,613.295762461131,17,031,821700,4,170318217004
39.0,39.0,17.0,183.0,61.0,15.0,13.0,11.0,47.0,9.0,111.0,45.0,25.0,0.1530428103697982,0.0,0.0,615.1530428103698,17,031,821700,5,170318217005
133.0,0.0,27.0,0.0,0.0,38.0,27.0,0.0,131.0,49.0,27.0,169.0,101.0,0.6937940736764184,0.0,0.0,702.6937940736764,17,031,821800,1,170318218001
0.0,0.0,66.0,71.0,0.0,0.0,84.0,185.0,25.0,17.0,69.0,159.0,77.0,0.20405708049306426,0.0,0.0,753.204057080493,17,031,821800,2,170318218002
0.0,0.0,38.0,0.0,0.0,0.0,0.0,0.0,0.0,87.0,77.0,136.0,66.0,0.3877084529368221,0.0,0.0,404.3877084529368,17,031,821800,3,170318218003
52.0,121.0,82.0,19.0,47.0,30.0,23.0,49.0,21.0,110.0,104.0,56.0,171.0,0.3264913287889028,0.0,0.0,885.3264913287888,17,031,821800,4,170318218004
36.0,0.0,0.0,0.0,32.0,0.0,0.0,25.0,32.0,129.0,61.0,353.0,0.0,2.754770586656367,0.0,0.0,670.7547705866564,17,031,821800,5,170318218005
0.0,0.0,30.0,0.0,33.0,96.0,22.0,0.0,74.0,38.0,0.0,154.0,60.0,2.5609163601879565,0.0,0.0,509.56091636018795,17,031,821800,6,170318218006
0.0,32.0,49.0,41.0,267.0,155.0,20.0,26.0,38.0,73.0,138.0,67.0,202.0,0.20405708049306426,0.0,0.0,1108.2040570804932,17,031,821900,1,170318219001
27.0,37.0,29.0,24.0,0.0,45.0,70.0,27.0,0.0,51.0,180.0,172.0,94.0,0.6835912196517653,0.0,0.0,756.6835912196518,17,031,821900,2,170318219002
34.0,17.0,75.0,24.0,111.0,51.0,0.0,131.0,24.0,102.0,150.0,245.0,204.0,0.6631855116024589,0.0,0.0,1168.6631855116025,17,031,821900,3,170318219003
17.0,29.0,54.0,27.0,104.0,22.0,19.0,47.0,52.0,0.0,14.0,57.0,39.0,0.47953413915870097,0.0,0.0,481.4795341391587,17,031,821900,4,170318219004
41.0,129.0,56.0,0.0,22.0,63.0,24.0,95.0,22.0,98.0,105.0,58.0,169.0,0.3979113069614753,0.0,0.0,882.3979113069614,17,031,821900,5,170318219005
0.0,116.0,32.0,69.0,0.0,111.0,0.0,29.0,46.0,61.0,66.0,345.0,29.0,0.0,0.0,0.0,904.0,17,031,822000,1,170318220001
0.0,0.0,95.0,0.0,50.0,91.0,60.0,21.0,0.0,58.0,95.0,17.0,15.0,0.0,0.0,0.0,502.0,17,031,822000,2,170318220002
129.0,101.0,107.0,38.0,58.0,74.0,41.0,21.0,14.0,131.0,58.0,245.0,27.0,0.6631855116024589,0.0,0.0,1044.6631855116025,17,031,822000,3,170318220003
99.0,43.0,41.0,116.0,50.0,26.0,45.0,0.0,53.0,45.0,142.0,65.0,43.0,0.0,0.0,0.0,768.0,17,031,822000,4,170318220004
30.0,0.0,57.0,54.0,0.0,0.0,24.0,161.0,88.0,127.0,179.0,228.0,85.0,0.0,0.0,0.0,1033.0,17,031,822000,5,170318220005
71.0,0.0,44.0,134.0,153.0,95.0,52.0,129.0,21.0,166.0,116.0,87.0,68.0,1.152922504785813,0.0,0.0,1137.152922504786,17,031,822101,1,170318221011
52.0,78.0,0.0,0.0,66.0,104.0,0.0,43.0,0.0,212.0,101.0,311.0,107.0,0.2652742046409835,0.0,0.0,1074.265274204641,17,031,822101,2,170318221012
47.0,100.0,0.0,95.0,18.0,31.0,0.0,38.0,54.0,25.0,20.0,278.0,54.0,0.0,0.0,0.0,760.0,17,031,822101,3,170318221013
0.0,0.0,0.0,0.0,42.0,24.0,57.0,60.0,21.0,24.0,319.0,249.0,82.0,1.1427196507611599,0.0,0.0,879.1427196507611,17,031,822101,4,170318221014
50.0,0.0,46.0,86.0,220.0,83.0,0.0,46.0,30.0,0.0,0.0,357.0,207.0,0.816228321972257,0.0,0.0,1125.8162283219722,17,031,822102,1,170318221021
33.0,147.0,99.0,26.0,165.0,81.0,41.0,136.0,149.0,105.0,55.0,165.0,59.0,1.5712395197965947,0.0,0.0,1262.5712395197966,17,031,822102,2,170318221022
35.0,40.0,61.0,76.0,0.0,96.0,53.0,91.0,0.0,38.0,73.0,362.0,181.0,0.0,0.0,0.0,1106.0,17,031,822102,3,170318221023
32.0,0.0,44.0,44.0,29.0,219.0,143.0,0.0,0.0,0.0,56.0,31.0,0.0,0.0,0.0,0.0,598.0,17,031,822102,4,170318221024
0.0,138.0,0.0,161.0,118.0,131.0,23.0,88.0,131.0,174.0,269.0,437.0,361.0,1.1733282128351195,0.0,0.0,2032.173328212835,17,031,822200,1,170318222001
24.0,0.0,0.0,27.0,0.0,84.0,24.0,96.0,21.0,48.0,132.0,289.0,141.0,0.0,0.0,0.0,886.0,17,031,822200,2,170318222002
0.0,29.0,24.0,56.0,11.0,56.0,0.0,33.0,0.0,49.0,134.0,35.0,33.0,0.3877084529368221,0.0,0.0,460.3877084529368,17,031,822200,3,170318222003
60.0,22.0,116.0,0.0,75.0,0.0,0.0,82.0,0.0,169.0,169.0,71.0,199.0,0.8060254679476038,0.0,0.0,963.8060254679476,17,031,822301,1,170318223011
0.0,37.0,18.0,40.0,129.0,0.0,78.0,32.0,48.0,78.0,175.0,37.0,64.0,0.27547705866563676,0.0,0.0,736.2754770586656,17,031,822301,2,170318223012
20.0,0.0,0.0,20.0,17.0,17.0,53.0,29.0,0.0,199.0,235.0,53.0,98.0,0.0,0.0,0.0,741.0,17,031,822301,3,170318223013
99.0,0.0,43.0,62.0,92.0,33.0,0.0,52.0,0.0,129.0,278.0,281.0,182.0,1.7140794761417397,0.0,0.0,1252.7140794761417,17,031,822301,4,170318223014
55.0,145.0,127.0,40.0,69.0,43.0,49.0,23.0,43.0,23.0,174.0,124.0,104.0,0.8570397380708699,0.0,0.0,1019.8570397380709,17,031,822302,1,170318223021
35.0,71.0,47.0,61.0,0.0,0.0,97.0,52.0,21.0,59.0,71.0,125.0,26.0,0.7448083437996845,0.0,0.0,665.7448083437997,17,031,822302,2,170318223022
87.0,0.0,0.0,58.0,149.0,26.0,22.0,126.0,87.0,26.0,185.0,201.0,149.0,0.3264913287889028,0.0,0.0,1116.326491328789,17,031,822302,3,170318223023
178.0,0.0,0.0,0.0,23.0,71.0,20.0,0.0,44.0,59.0,148.0,249.0,71.0,0.0,0.0,0.0,863.0,17,031,822302,4,170318223024
42.0,48.0,113.0,30.0,94.0,27.0,0.0,18.0,128.0,168.0,91.0,85.0,131.0,2.7751762947056737,0.0,0.0,977.7751762947057,17,031,822400,1,170318224001
193.0,246.0,362.0,80.0,271.0,70.0,42.0,66.0,0.0,119.0,119.0,102.0,214.0,1.2141396289337323,0.0,0.0,1885.2141396289337,17,031,822400,2,170318224002
474.0,84.0,341.0,159.0,256.0,39.0,175.0,133.0,0.0,286.0,201.0,87.0,139.0,1.2243424829583855,0.0,0.0,2375.2243424829585,17,031,822400,3,170318224003
33.0,0.0,25.0,0.0,0.0,0.0,0.0,0.0,62.0,214.0,23.0,31.0,41.0,1.0304882564899744,0.0,0.0,430.03048825649,17,031,822400,4,170318224004
0.0,0.0,80.0,0.0,0.0,34.0,0.0,129.0,25.0,132.0,203.0,0.0,100.0,2.0405708049306424,0.0,0.0,705.0405708049307,17,031,822500,1,170318225001
20.0,18.0,57.0,18.0,0.0,15.0,0.0,0.0,20.0,200.0,46.0,208.0,44.0,0.4183170150107817,0.0,0.0,646.4183170150108,17,031,822500,2,170318225002
21.0,31.0,21.0,43.0,59.0,0.0,140.0,21.0,18.0,169.0,165.0,234.0,25.0,0.4081141609861285,0.0,0.0,947.4081141609861,17,031,822500,3,170318225003
56.0,18.0,49.0,20.0,87.0,22.0,51.0,90.0,13.0,119.0,159.0,184.0,189.0,0.7039969277010717,0.0,0.0,1057.7039969277012,17,031,822500,4,170318225004
72.0,0.0,21.0,172.0,99.0,127.0,106.0,27.0,27.0,145.0,203.0,148.0,263.0,1.9997593888320297,0.0,0.0,1411.999759388832,17,031,822601,1,170318226011
26.0,68.0,31.0,184.0,114.0,94.0,123.0,58.0,94.0,167.0,250.0,126.0,187.0,1.3875881473528369,0.0,0.0,1523.3875881473527,17,031,822601,2,170318226012
0.0,18.0,103.0,138.0,0.0,37.0,0.0,0.0,25.0,51.0,68.0,117.0,108.0,0.0,0.0,0.0,665.0,17,031,822601,3,170318226013
0.0,33.0,80.0,39.0,72.0,0.0,0.0,39.0,33.0,36.0,133.0,156.0,253.0,2.6119306303112224,0.0,0.0,876.6119306303112,17,031,822602,1,170318226021
39.0,66.0,172.0,41.0,53.0,128.0,83.0,178.0,0.0,159.0,440.0,566.0,145.0,3.754650281072382,0.0,0.0,2073.7546502810724,17,031,822602,2,170318226022
234.0,244.0,456.0,0.0,99.0,224.0,175.0,257.0,150.0,375.0,189.0,259.0,75.0,0.9692711323420552,0.0,0.0,2737.969271132342,17,031,822602,3,170318226023
143.0,142.0,208.0,116.0,39.0,178.0,17.0,42.0,20.0,107.0,195.0,121.0,0.0,0.21425993451771747,0.0,0.0,1328.2142599345177,17,031,822701,1,170318227011
105.0,0.0,17.0,0.0,56.0,0.0,28.0,139.0,0.0,48.0,31.0,235.0,90.0,1.9079337026101508,0.0,0.0,750.9079337026102,17,031,822701,2,170318227012
0.0,0.0,0.0,0.0,194.0,0.0,60.0,0.0,34.0,55.0,0.0,46.0,153.0,0.6427798035531523,0.0,0.0,542.6427798035531,17,031,822701,3,170318227013
76.0,97.0,32.0,111.0,0.0,38.0,258.0,160.0,70.0,73.0,0.0,97.0,70.0,0.21425993451771747,0.0,0.0,1082.2142599345177,17,031,822701,4,170318227014
203.0,80.0,116.0,114.0,253.0,78.0,46.0,176.0,36.0,10.0,168.0,154.0,180.0,0.5713598253805799,0.0,0.0,1614.5713598253806,17,031,822702,1,170318227021
36.0,90.0,26.0,51.0,0.0,0.0,9.0,34.0,0.0,44.0,68.0,208.0,22.0,0.8978511541694827,0.0,0.0,588.8978511541695,17,031,822702,2,170318227022
18.0,81.0,124.0,35.0,24.0,16.0,7.0,87.0,13.0,22.0,46.0,37.0,16.0,0.1632456643944514,0.0,0.0,526.1632456643945,17,031,822702,3,170318227023
52.0,70.0,72.0,96.0,109.0,123.0,210.0,193.0,153.0,133.0,262.0,206.0,74.0,1.5406309577226351,0.0,0.0,1754.5406309577227,17,031,822801,1,170318228011
36.0,33.0,36.0,104.0,24.0,33.0,27.0,52.0,166.0,129.0,147.0,123.0,206.0,1.8467165784622315,0.0,0.0,1117.8467165784623,17,031,822801,2,170318228012
37.0,59.0,39.0,128.0,39.0,71.0,111.0,17.0,125.0,222.0,93.0,293.0,101.0,1.050893964539281,0.0,0.0,1336.0508939645392,17,031,822802,1,170318228021
27.0,27.0,74.0,85.0,0.0,46.0,22.0,46.0,19.0,93.0,49.0,173.0,140.0,0.0,0.0,0.0,801.0,17,031,822802,2,170318228022
27.0,27.0,0.0,0.0,95.0,21.0,0.0,98.0,136.0,70.0,43.0,152.0,171.0,0.8570397380708699,0.0,0.0,840.8570397380709,17,031,822802,3,170318228023
140.0,29.0,186.0,104.0,78.0,81.0,19.0,134.0,68.0,170.0,323.0,379.0,134.0,0.6325769495284992,0.0,0.0,1845.6325769495286,17,031,822900,1,170318229001
152.0,143.0,96.0,33.0,0.0,106.0,68.0,70.0,89.0,197.0,119.0,110.0,36.0,0.0,0.0,0.0,1219.0,17,031,823001,1,170318230011
69.0,0.0,138.0,0.0,98.0,155.0,148.0,69.0,88.0,69.0,86.0,76.0,0.0,0.0,0.0,0.0,996.0,17,031,823001,2,170318230012
0.0,67.0,35.0,32.0,81.0,27.0,0.0,27.0,37.0,232.0,45.0,286.0,229.0,0.0,0.0,0.0,1098.0,17,031,823001,3,170318230013
75.0,166.0,43.0,47.0,0.0,40.0,229.0,0.0,56.0,18.0,81.0,138.0,91.0,1.2753567530816516,0.0,0.0,985.2753567530816,17,031,823001,4,170318230014
165.0,70.0,147.0,59.0,39.0,46.0,109.0,0.0,25.0,107.0,0.0,97.0,148.0,1.0202854024653212,0.0,0.0,1013.0202854024653,17,031,823001,5,170318230015
42.0,47.0,42.0,37.0,0.0,0.0,33.0,0.0,243.0,193.0,224.0,224.0,99.0,0.0,0.0,0.0,1184.0,17,031,823002,1,170318230021
165.0,0.0,0.0,0.0,91.0,0.0,0.0,103.0,0.0,100.0,185.0,224.0,0.0,0.0,0.0,0.0,868.0,17,031,823002,2,170318230022
94.0,99.0,35.0,351.0,99.0,53.0,43.0,346.0,385.0,91.0,234.0,0.0,219.0,0.0,0.0,0.0,2049.0,17,031,823002,3,170318230023
0.0,0.0,97.0,67.0,85.0,117.0,0.0,0.0,235.0,97.0,164.0,249.0,311.0,0.9590682783174019,0.0,0.0,1422.9590682783173,17,031,823002,4,170318230024
136.0,0.0,125.0,24.0,0.0,0.0,51.0,128.0,106.0,49.0,40.0,73.0,57.0,0.6121712414791928,0.0,0.0,789.6121712414792,17,031,823101,1,170318231011
81.0,18.0,40.0,42.0,36.0,27.0,65.0,18.0,103.0,65.0,132.0,135.0,60.0,0.3877084529368221,0.0,0.0,822.3877084529369,17,031,823101,2,170318231012
0.0,27.0,84.0,73.0,24.0,16.0,21.0,57.0,0.0,21.0,46.0,87.0,43.0,0.6325769495284992,0.0,0.0,499.6325769495285,17,031,823101,3,170318231013
30.0,0.0,58.0,181.0,67.0,24.0,92.0,61.0,0.0,27.0,0.0,150.0,61.0,0.27547705866563676,0.0,0.0,751.2754770586656,17,031,823101,4,170318231014
0.0,0.0,22.0,51.0,31.0,167.0,0.0,0.0,159.0,45.0,76.0,278.0,215.0,0.5713598253805799,0.0,0.0,1044.5713598253806,17,031,823101,5,170318231015
86.0,161.0,193.0,229.0,33.0,112.0,180.0,65.0,60.0,112.0,281.0,234.0,117.0,0.816228321972257,0.0,0.0,1863.8162283219722,17,031,823102,1,170318231021
25.0,76.0,211.0,48.0,73.0,70.0,41.0,22.0,115.0,211.0,179.0,201.0,179.0,0.5509541173312735,0.0,0.0,1451.5509541173312,17,031,823102,2,170318231022
46.0,24.0,120.0,104.0,27.0,189.0,161.0,68.0,54.0,167.0,210.0,356.0,326.0,1.1733282128351195,0.0,0.0,1853.173328212835,17,031,823200,1,170318232001
40.0,125.0,51.0,266.0,122.0,62.0,144.0,24.0,138.0,184.0,304.0,361.0,198.0,2.9894362292233914,0.0,0.0,2021.9894362292234,17,031,823200,2,170318232002
245.0,61.0,164.0,0.0,33.0,36.0,53.0,19.0,41.0,167.0,192.0,385.0,228.0,1.9895565348073765,0.0,0.0,1625.9895565348074,17,031,823302,1,170318233021
0.0,41.0,50.0,226.0,0.0,95.0,184.0,175.0,172.0,455.0,274.0,527.0,298.0,1.5712395197965947,0.0,0.0,2498.5712395197966,17,031,823302,2,170318233022
56.0,60.0,182.0,263.0,209.0,207.0,32.0,64.0,64.0,124.0,76.0,152.0,52.0,1.673268060043127,0.0,0.0,1542.673268060043,17,031,823302,3,170318233023
145.0,0.0,24.0,77.0,24.0,133.0,0.0,58.0,62.0,40.0,223.0,43.0,0.0,0.43872272306008814,0.0,0.0,829.4387227230601,17,031,823303,1,170318233031
193.0,0.0,0.0,77.0,56.0,240.0,0.0,20.0,32.0,62.0,53.0,181.0,166.0,1.0202854024653212,0.0,0.0,1081.0202854024653,17,031,823303,2,170318233032
79.0,0.0,19.0,146.0,21.0,51.0,105.0,0.0,0.0,71.0,15.0,12.0,97.0,0.21425993451771747,0.0,0.0,616.2142599345177,17,031,823303,3,170318233033
0.0,35.0,0.0,82.0,31.0,130.0,59.0,0.0,75.0,47.0,181.0,189.0,122.0,0.47953413915870097,0.0,0.0,951.4795341391587,17,031,823303,4,170318233034
105.0,59.0,37.0,131.0,42.0,22.0,0.0,25.0,0.0,39.0,133.0,108.0,48.0,0.4897369931833542,0.0,0.0,749.4897369931833,17,031,823303,5,170318233035
33.0,59.0,77.0,82.0,77.0,0.0,53.0,28.0,12.0,118.0,53.0,28.0,0.0,0.3570998908628624,0.0,0.0,620.3570998908629,17,031,823304,1,170318233041
27.0,0.0,22.0,20.0,25.0,40.0,55.0,7.0,55.0,115.0,77.0,168.0,67.0,0.3060856207395964,0.0,0.0,678.3060856207396,17,031,823304,2,170318233042
68.0,65.0,69.0,85.0,38.0,49.0,29.0,44.0,79.0,52.0,7.0,27.0,0.0,0.0,0.0,0.0,612.0,17,031,823304,3,170318233043
35.0,79.0,71.0,41.0,126.0,41.0,169.0,328.0,35.0,82.0,200.0,98.0,120.0,0.0,0.0,0.0,1425.0,17,031,823304,4,170318233044
0.0,0.0,47.0,147.0,323.0,0.0,132.0,0.0,0.0,298.0,22.0,114.0,95.0,0.5611569713559267,0.0,0.0,1178.561156971356,17,031,823304,5,170318233045
97.0,0.0,144.0,50.0,50.0,169.0,0.0,83.0,43.0,64.0,191.0,140.0,61.0,0.7346054897750313,0.0,0.0,1092.734605489775,17,031,823304,6,170318233046
243.0,0.0,27.0,0.0,101.0,0.0,0.0,50.0,0.0,16.0,476.0,175.0,121.0,0.0,0.0,0.0,1209.0,17,031,823400,1,170318234001
94.0,110.0,149.0,26.0,120.0,146.0,100.0,52.0,143.0,117.0,45.0,71.0,55.0,0.19385422646841105,0.0,0.0,1228.1938542264684,17,031,823400,2,170318234002
0.0,0.0,126.0,264.0,122.0,40.0,0.0,25.0,18.0,0.0,85.0,56.0,0.0,0.3162884747642496,0.0,0.0,736.3162884747643,17,031,823400,3,170318234003
85.0,111.0,39.0,199.0,82.0,125.0,19.0,31.0,94.0,225.0,125.0,136.0,196.0,0.867242592095523,0.0,0.0,1467.8672425920956,17,031,823400,4,170318234004
64.0,29.0,157.0,64.0,0.0,26.0,88.0,53.0,21.0,256.0,200.0,165.0,82.0,0.7550111978243377,0.0,0.0,1205.7550111978244,17,031,823500,1,170318235001
97.0,159.0,57.0,61.0,148.0,137.0,108.0,57.0,220.0,57.0,155.0,191.0,32.0,0.0,0.0,0.0,1479.0,17,031,823500,2,170318235002
19.0,103.0,0.0,36.0,76.0,29.0,236.0,176.0,0.0,86.0,179.0,243.0,126.0,0.7448083437996845,0.0,0.0,1309.7448083437996,17,031,823500,3,170318235003
48.0,50.0,0.0,0.0,0.0,11.0,59.0,0.0,0.0,82.0,82.0,43.0,80.0,0.27547705866563676,0.0,0.0,455.2754770586656,17,031,823500,4,170318235004
86.0,0.0,141.0,167.0,0.0,137.0,110.0,174.0,18.0,88.0,58.0,204.0,103.0,0.43872272306008814,0.0,0.0,1286.43872272306,17,031,823602,1,170318236021
0.0,54.0,0.0,143.0,37.0,48.0,0.0,0.0,29.0,210.0,313.0,124.0,37.0,1.5100223956486754,0.0,0.0,996.5100223956487,17,031,823602,2,170318236022
0.0,104.0,170.0,117.0,26.0,113.0,0.0,77.0,53.0,270.0,264.0,408.0,111.0,1.061096818563934,0.0,0.0,1714.061096818564,17,031,823602,3,170318236023
0.0,71.0,0.0,44.0,125.0,80.0,103.0,0.0,53.0,62.0,125.0,215.0,62.0,1.3875881473528369,0.0,0.0,941.3875881473529,17,031,823602,4,170318236024
191.0,86.0,221.0,82.0,93.0,198.0,71.0,45.0,22.0,56.0,131.0,63.0,18.0,0.1530428103697982,0.0,0.0,1277.1530428103697,17,031,823603,1,170318236031
195.0,0.0,19.0,43.0,43.0,15.0,39.0,211.0,19.0,164.0,97.0,78.0,23.0,0.5101427012326606,0.0,0.0,946.5101427012327,17,031,823603,2,170318236032
19.0,50.0,0.0,0.0,42.0,61.0,22.0,22.0,47.0,47.0,53.0,140.0,39.0,0.0,0.0,0.0,542.0,17,031,823604,1,170318236041
0.0,0.0,25.0,22.0,100.0,108.0,25.0,105.0,28.0,82.0,60.0,180.0,174.0,0.0,0.0,0.0,909.0,17,031,823604,2,170318236042
77.0,39.0,77.0,0.0,0.0,57.0,52.0,24.0,82.0,174.0,159.0,306.0,151.0,2.1323964911525213,0.0,0.0,1200.1323964911526,17,031,823604,3,170318236043
25.0,44.0,0.0,25.0,22.0,55.0,47.0,0.0,0.0,194.0,216.0,139.0,294.0,2.5201049440893435,0.0,0.0,1063.5201049440893,17,031,823605,1,170318236051
0.0,19.0,90.0,61.0,57.0,133.0,0.0,90.0,59.0,78.0,45.0,161.0,123.0,1.2855596071063047,0.0,0.0,917.2855596071063,17,031,823605,2,170318236052
136.0,85.0,38.0,125.0,14.0,20.0,18.0,0.0,26.0,101.0,125.0,142.0,58.0,0.0,0.0,0.0,888.0,17,031,823605,3,170318236053
30.0,108.0,83.0,28.0,104.0,228.0,216.0,132.0,0.0,334.0,104.0,0.0,208.0,0.22446278854237067,0.0,0.0,1575.2244627885423,17,031,823702,1,170318237021
257.0,0.0,78.0,131.0,30.0,103.0,64.0,237.0,145.0,308.0,196.0,478.0,148.0,0.7652140518489909,0.0,0.0,2175.765214051849,17,031,823702,2,170318237022
40.0,42.0,173.0,195.0,77.0,92.0,115.0,120.0,95.0,65.0,198.0,75.0,208.0,0.7652140518489909,0.0,0.0,1495.765214051849,17,031,823702,3,170318237023
41.0,0.0,160.0,118.0,44.0,0.0,44.0,0.0,0.0,83.0,204.0,80.0,156.0,0.5815626794052331,0.0,0.0,930.5815626794052,17,031,823702,4,170318237024
207.0,325.0,0.0,141.0,0.0,118.0,99.0,66.0,0.0,217.0,226.0,330.0,0.0,0.0,0.0,0.0,1729.0,17,031,823703,1,170318237031
0.0,35.0,52.0,49.0,30.0,162.0,22.0,104.0,0.0,162.0,275.0,288.0,222.0,0.0,0.0,0.0,1401.0,17,031,823703,2,170318237032
0.0,78.0,161.0,201.0,71.0,101.0,45.0,63.0,154.0,346.0,651.0,151.0,222.0,0.0,0.0,0.0,2244.0,17,031,823703,3,170318237033
283.0,153.0,151.0,153.0,40.0,210.0,83.0,81.0,99.0,116.0,140.0,272.0,16.0,0.0,0.0,0.0,1797.0,17,031,823703,4,170318237034
0.0,24.0,24.0,0.0,59.0,75.0,18.0,35.0,40.0,45.0,113.0,143.0,156.0,0.2958827667149432,0.0,0.0,732.295882766715,17,031,823704,1,170318237041
0.0,95.0,0.0,29.0,184.0,0.0,0.0,148.0,122.0,108.0,155.0,330.0,346.0,0.9386625702680955,0.0,0.0,1517.9386625702682,17,031,823704,2,170318237042
91.0,0.0,29.0,0.0,0.0,133.0,65.0,29.0,58.0,113.0,191.0,143.0,136.0,0.9896768403913616,0.0,0.0,988.9896768403913,17,031,823704,3,170318237043
149.0,143.0,23.0,26.0,0.0,339.0,0.0,23.0,125.0,187.0,266.0,134.0,131.0,0.7448083437996845,0.0,0.0,1546.7448083437996,17,031,823705,1,170318237051
0.0,101.0,0.0,0.0,0.0,0.0,21.0,0.0,174.0,104.0,33.0,116.0,162.0,0.7141997817257248,0.0,0.0,711.7141997817257,17,031,823705,2,170318237052
125.0,148.0,25.0,0.0,64.0,72.0,61.0,39.0,0.0,47.0,39.0,100.0,0.0,0.0,0.0,0.0,720.0,17,031,823705,3,170318237053
48.0,67.0,108.0,72.0,70.0,213.0,54.0,121.0,56.0,116.0,148.0,86.0,191.0,0.0,0.0,0.0,1350.0,17,031,823705,4,170318237054
131.0,117.0,30.0,0.0,33.0,0.0,86.0,0.0,148.0,134.0,50.0,131.0,299.0,2.9996390832480446,0.0,0.0,1161.999639083248,17,031,823801,1,170318238011
209.0,30.0,190.0,328.0,149.0,120.0,90.0,30.0,26.0,140.0,201.0,71.0,259.0,0.6631855116024589,0.0,0.0,1843.6631855116025,17,031,823801,2,170318238012
30.0,0.0,34.0,0.0,47.0,30.0,0.0,23.0,156.0,30.0,132.0,119.0,80.0,0.0,0.0,0.0,681.0,17,031,823801,3,170318238013
140.0,176.0,54.0,48.0,33.0,42.0,112.0,265.0,48.0,170.0,216.0,436.0,274.0,0.36730274488751563,0.0,0.0,2014.3673027448874,17,031,823803,1,170318238031
0.0,0.0,140.0,75.0,0.0,37.0,46.0,153.0,62.0,112.0,0.0,100.0,128.0,0.8264311759969102,0.0,0.0,853.826431175997,17,031,823803,2,170318238032
33.0,97.0,261.0,64.0,71.0,28.0,111.0,33.0,117.0,492.0,108.0,255.0,186.0,0.7652140518489909,0.0,0.0,1856.765214051849,17,031,823803,3,170318238033
0.0,0.0,49.0,0.0,96.0,0.0,0.0,121.0,167.0,139.0,111.0,223.0,124.0,0.7550111978243377,0.0,0.0,1030.7550111978244,17,031,823803,4,170318238034
61.0,50.0,0.0,132.0,61.0,23.0,52.0,16.0,23.0,98.0,89.0,163.0,151.0,0.4081141609861285,0.0,0.0,919.4081141609861,17,031,823805,1,170318238051
0.0,0.0,53.0,28.0,64.0,0.0,35.0,41.0,37.0,174.0,143.0,110.0,68.0,0.0,0.0,0.0,753.0,17,031,823805,2,170318238052
40.0,48.0,59.0,159.0,20.0,78.0,42.0,66.0,31.0,130.0,122.0,119.0,87.0,0.2652742046409835,0.0,0.0,1001.265274204641,17,031,823805,3,170318238053
95.0,0.0,104.0,0.0,41.0,0.0,17.0,56.0,83.0,238.0,29.0,381.0,125.0,0.0,0.0,0.0,1169.0,17,031,823806,1,170318238061
40.0,0.0,54.0,56.0,81.0,15.0,0.0,76.0,89.0,52.0,142.0,64.0,44.0,0.11223139427118534,0.0,0.0,713.1122313942711,17,031,823806,2,170318238062
56.0,0.0,15.0,39.0,15.0,13.0,34.0,66.0,25.0,184.0,213.0,34.0,11.0,0.13263710232049175,0.0,0.0,705.1326371023205,17,031,823806,3,170318238063
138.0,84.0,0.0,120.0,34.0,46.0,0.0,32.0,78.0,94.0,124.0,60.0,104.0,0.0,0.0,0.0,914.0,17,031,823806,4,170318238064
0.0,22.0,22.0,30.0,84.0,61.0,109.0,170.0,84.0,70.0,240.0,316.0,361.0,1.877325140536191,0.0,0.0,1570.8773251405362,17,031,823901,1,170318239011
26.0,28.0,35.0,47.0,51.0,67.0,129.0,98.0,0.0,148.0,146.0,273.0,92.0,0.3060856207395964,0.0,0.0,1140.3060856207396,17,031,823901,2,170318239012
57.0,0.0,39.0,47.0,18.0,16.0,99.0,41.0,0.0,76.0,103.0,57.0,93.0,0.7958226139229506,0.0,0.0,646.795822613923,17,031,823903,1,170318239031
16.0,0.0,26.0,0.0,0.0,0.0,53.0,0.0,29.0,29.0,222.0,129.0,26.0,1.0815025266132405,0.0,0.0,531.0815025266132,17,031,823903,2,170318239032
0.0,0.0,0.0,0.0,27.0,0.0,68.0,55.0,25.0,83.0,40.0,65.0,327.0,1.5406309577226351,0.0,0.0,691.5406309577227,17,031,823903,3,170318239033
0.0,17.0,0.0,0.0,20.0,0.0,108.0,0.0,28.0,188.0,217.0,45.0,65.0,0.9590682783174019,0.0,0.0,688.9590682783174,17,031,823903,4,170318239034
0.0,0.0,0.0,0.0,24.0,21.0,35.0,0.0,0.0,16.0,117.0,79.0,204.0,0.9692711323420552,0.0,0.0,496.96927113234204,17,031,823904,1,170318239041
0.0,0.0,50.0,0.0,0.0,33.0,57.0,0.0,30.0,0.0,118.0,101.0,125.0,2.1323964911525213,0.0,0.0,516.1323964911526,17,031,823904,2,170318239042
0.0,22.0,0.0,50.0,0.0,36.0,16.0,42.0,0.0,31.0,56.0,0.0,212.0,0.0,0.0,0.0,465.0,17,031,823904,3,170318239043
34.0,0.0,133.0,123.0,136.0,164.0,95.0,112.0,131.0,179.0,228.0,127.0,99.0,1.203936774909079,0.0,0.0,1562.2039367749092,17,031,823904,4,170318239044
0.0,96.0,0.0,0.0,413.0,145.0,79.0,25.0,85.0,136.0,464.0,524.0,356.0,4.652501435241865,0.0,0.0,2327.652501435242,17,031,824003,1,170318240031
0.0,35.0,0.0,35.0,0.0,22.0,105.0,0.0,26.0,93.0,171.0,293.0,101.0,1.6630652060184736,0.0,0.0,882.6630652060185,17,031,824003,2,170318240032
46.0,0.0,0.0,49.0,56.0,0.0,0.0,0.0,0.0,0.0,0.0,616.0,253.0,1.6222537899198608,0.0,0.0,1021.6222537899199,17,031,824003,3,170318240033
271.0,171.0,44.0,36.0,60.0,63.0,36.0,34.0,52.0,171.0,63.0,52.0,168.0,4.305604398403656,0.0,0.0,1225.3056043984036,17,031,824004,1,170318240041
33.0,0.0,163.0,208.0,154.0,0.0,0.0,0.0,0.0,39.0,549.0,36.0,147.0,1.0406911105146277,0.0,0.0,1330.0406911105147,17,031,824004,2,170318240042
145.0,0.0,67.0,129.0,300.0,0.0,44.0,0.0,26.0,0.0,35.0,0.0,107.0,0.0,0.0,0.0,853.0,17,031,824004,3,170318240043
64.0,0.0,28.0,59.0,89.0,67.0,44.0,143.0,39.0,205.0,109.0,252.0,185.0,1.5406309577226351,0.0,0.0,1285.5406309577227,17,031,824005,1,170318240051
32.0,91.0,29.0,50.0,0.0,71.0,59.0,0.0,0.0,207.0,201.0,444.0,165.0,3.1934933097164557,0.0,0.0,1352.1934933097164,17,031,824005,2,170318240052
33.0,36.0,77.0,0.0,33.0,0.0,94.0,147.0,0.0,0.0,100.0,500.0,107.0,3.0506533533713105,0.0,0.0,1130.0506533533712,17,031,824005,3,170318240053
84.0,0.0,159.0,0.0,0.0,55.0,61.0,45.0,19.0,100.0,159.0,221.0,152.0,2.5507135061633033,0.0,0.0,1057.5507135061632,17,031,824006,1,170318240061
0.0,25.0,0.0,0.0,41.0,12.0,69.0,0.0,69.0,448.0,183.0,281.0,429.0,2.9588276671494316,0.0,0.0,1559.9588276671495,17,031,824006,2,170318240062
148.0,117.0,114.0,0.0,0.0,91.0,0.0,44.0,67.0,88.0,352.0,360.0,287.0,2.316047863596279,0.0,0.0,1670.3160478635962,17,031,824105,1,170318241051
146.0,34.0,109.0,96.0,0.0,64.0,0.0,154.0,0.0,320.0,256.0,654.0,667.0,2.9894362292233914,0.0,0.0,2502.9894362292234,17,031,824105,2,170318241052
0.0,31.0,0.0,12.0,0.0,0.0,73.0,26.0,36.0,26.0,0.0,164.0,316.0,0.3162884747642496,0.0,0.0,684.3162884747643,17,031,824105,3,170318241053
0.0,0.0,0.0,0.0,248.0,64.0,0.0,26.0,40.0,0.0,138.0,357.0,272.0,2.1425993451771745,0.0,0.0,1147.1425993451771,17,031,824106,1,170318241061
32.0,150.0,164.0,129.0,112.0,64.0,61.0,34.0,118.0,347.0,384.0,260.0,298.0,2.683350608483795,0.0,0.0,2155.6833506084836,17,031,824106,2,170318241062
0.0,0.0,31.0,98.0,82.0,26.0,234.0,164.0,111.0,101.0,247.0,545.0,372.0,2.5201049440893435,0.0,0.0,2013.5201049440893,17,031,824106,3,170318241063
29.0,0.0,42.0,42.0,39.0,34.0,23.0,36.0,0.0,0.0,34.0,205.0,58.0,0.21425993451771747,0.0,0.0,542.2142599345177,17,031,824107,1,170318241071
0.0,0.0,0.0,0.0,0.0,27.0,39.0,33.0,0.0,42.0,286.0,226.0,259.0,1.7854994543143121,0.0,0.0,913.7854994543143,17,031,824107,2,170318241072
29.0,174.0,201.0,205.0,42.0,176.0,135.0,61.0,31.0,110.0,126.0,291.0,305.0,1.1223139427118534,0.0,0.0,1887.1223139427118,17,031,824107,3,170318241073
132.0,106.0,0.0,148.0,20.0,148.0,31.0,70.0,72.0,202.0,93.0,436.0,301.0,0.867242592095523,0.0,0.0,1759.8672425920956,17,031,824107,4,170318241074
227.0,49.0,442.0,95.0,101.0,46.0,253.0,178.0,121.0,64.0,479.0,243.0,139.0,2.5813220682372626,0.0,0.0,2439.581322068237,17,031,824108,1,170318241081
23.0,43.0,0.0,107.0,67.0,97.0,80.0,53.0,278.0,201.0,90.0,546.0,385.0,3.2751161419136814,0.0,0.0,1973.2751161419137,17,031,824108,2,170318241082
45.0,0.0,0.0,176.0,0.0,107.0,75.0,127.0,0.0,137.0,39.0,395.0,228.0,4.366821522551575,0.0,0.0,1333.3668215225516,17,031,824108,3,170318241083
55.0,98.0,0.0,0.0,0.0,0.0,59.0,95.0,0.0,52.0,203.0,227.0,171.0,0.0,0.0,0.0,960.0,17,031,824113,1,170318241131
154.0,0.0,50.0,144.0,0.0,0.0,43.0,77.0,46.0,154.0,83.0,261.0,150.0,1.5304281036979819,0.0,0.0,1163.530428103698,17,031,824113,2,170318241132
47.0,0.0,161.0,47.0,91.0,104.0,158.0,274.0,176.0,0.0,322.0,518.0,423.0,5.091224158301953,0.0,0.0,2326.091224158302,17,031,824113,3,170318241133
51.0,0.0,45.0,20.0,129.0,20.0,60.0,143.0,215.0,312.0,123.0,433.0,292.0,3.601607470702584,0.0,0.0,1846.6016074707027,17,031,824114,1,170318241141
0.0,22.0,11.0,142.0,34.0,28.0,17.0,150.0,68.0,96.0,204.0,215.0,181.0,0.3979113069614753,0.0,0.0,1168.3979113069615,17,031,824114,2,170318241142
0.0,43.0,52.0,27.0,55.0,103.0,0.0,16.0,66.0,46.0,312.0,239.0,220.0,1.050893964539281,0.0,0.0,1180.0508939645392,17,031,824115,1,170318241151
20.0,20.0,103.0,114.0,135.0,202.0,62.0,57.0,112.0,112.0,218.0,232.0,216.0,2.2242221773744,0.0,0.0,1605.2242221773745,17,031,824115,2,170318241152
42.0,0.0,19.0,45.0,0.0,31.0,67.0,90.0,265.0,84.0,0.0,191.0,203.0,0.9488654242927488,0.0,0.0,1037.9488654242928,17,031,824116,1,170318241161
36.0,20.0,29.0,0.0,41.0,20.0,43.0,0.0,0.0,98.0,77.0,34.0,45.0,0.530548409281967,0.0,0.0,443.53054840928195,17,031,824116,2,170318241162
107.0,0.0,119.0,71.0,110.0,184.0,265.0,137.0,190.0,62.0,95.0,643.0,0.0,0.2652742046409835,0.0,0.0,1983.265274204641,17,031,824116,3,170318241163
15.0,32.0,122.0,28.0,30.0,44.0,61.0,190.0,55.0,78.0,51.0,38.0,147.0,0.46933128513404776,0.0,0.0,891.4693312851341,17,031,824116,4,170318241164
0.0,0.0,35.0,35.0,0.0,41.0,0.0,0.0,44.0,118.0,341.0,332.0,469.0,0.3877084529368221,0.0,0.0,1415.3877084529367,17,031,824117,1,170318241171
41.0,67.0,0.0,0.0,0.0,45.0,48.0,0.0,0.0,131.0,703.0,661.0,721.0,2.7139591705577546,0.0,0.0,2419.7139591705577,17,031,824117,2,170318241172
0.0,102.0,0.0,82.0,79.0,36.0,76.0,110.0,65.0,36.0,193.0,366.0,372.0,1.7650937462650058,0.0,0.0,1518.765093746265,17,031,824117,3,170318241173
39.0,50.0,26.0,0.0,30.0,37.0,0.0,143.0,22.0,218.0,163.0,114.0,112.0,0.3979113069614753,0.0,0.0,954.3979113069614,17,031,824117,4,170318241174
0.0,0.0,0.0,0.0,0.0,100.0,0.0,85.0,15.0,201.0,100.0,182.0,345.0,3.3975503902095197,0.0,0.0,1031.3975503902095,17,031,824119,1,170318241191
186.0,94.0,114.0,140.0,38.0,114.0,40.0,109.0,0.0,645.0,283.0,617.0,502.0,0.6937940736764184,0.0,0.0,2882.6937940736766,17,031,824119,2,170318241192
0.0,170.0,42.0,30.0,82.0,82.0,42.0,97.0,115.0,167.0,134.0,173.0,417.0,0.5203455552573139,0.0,0.0,1551.5203455552573,17,031,824120,1,170318241201
40.0,80.0,37.0,43.0,123.0,0.0,43.0,46.0,37.0,40.0,293.0,241.0,328.0,1.2549510450323451,0.0,0.0,1352.2549510450324,17,031,824120,2,170318241202
0.0,0.0,29.0,142.0,148.0,167.0,117.0,165.0,27.0,73.0,280.0,163.0,117.0,0.0,0.0,0.0,1428.0,17,031,824120,3,170318241203
146.0,37.0,199.0,32.0,204.0,37.0,192.0,73.0,116.0,108.0,250.0,303.0,204.0,1.2855596071063047,0.0,0.0,1902.2855596071063,17,031,824120,4,170318241204
34.0,31.0,9.0,25.0,31.0,31.0,60.0,0.0,28.0,158.0,306.0,344.0,205.0,1.2549510450323451,0.0,0.0,1263.2549510450324,17,031,824121,1,170318241211
43.0,48.0,0.0,0.0,21.0,45.0,45.0,190.0,24.0,144.0,269.0,313.0,325.0,0.908054008194136,0.0,0.0,1467.908054008194,17,031,824121,2,170318241212
61.0,31.0,0.0,49.0,27.0,93.0,77.0,40.0,95.0,113.0,238.0,236.0,342.0,0.8978511541694827,0.0,0.0,1402.8978511541695,17,031,824122,1,170318241221
0.0,32.0,0.0,161.0,249.0,185.0,123.0,35.0,0.0,288.0,238.0,443.0,399.0,2.6629449004344883,0.0,0.0,2155.6629449004345,17,031,824122,2,170318241222
125.0,0.0,42.0,0.0,0.0,57.0,0.0,51.0,0.0,45.0,137.0,427.0,204.0,2.5201049440893435,0.0,0.0,1090.5201049440893,17,031,824122,3,170318241223
31.0,0.0,37.0,0.0,146.0,0.0,0.0,0.0,46.0,77.0,227.0,220.0,233.0,1.101908234662547,0.0,0.0,1018.1019082346626,17,031,824123,1,170318241231
68.0,36.0,0.0,39.0,219.0,262.0,32.0,167.0,141.0,242.0,232.0,465.0,160.0,0.9998796944160149,0.0,0.0,2063.999879694416,17,031,824123,2,170318241232
52.0,37.0,0.0,40.0,69.0,96.0,189.0,34.0,66.0,264.0,267.0,395.0,116.0,2.3670621337195454,0.0,0.0,1627.3670621337196,17,031,824123,3,170318241233
121.0,47.0,205.0,29.0,81.0,0.0,95.0,0.0,0.0,55.0,203.0,192.0,89.0,0.5917655334298864,0.0,0.0,1117.59176553343,17,031,824123,4,170318241234
0.0,0.0,0.0,31.0,78.0,0.0,0.0,0.0,40.0,0.0,112.0,317.0,497.0,0.3468970368382092,0.0,0.0,1075.3468970368383,17,031,824123,5,170318241235
134.0,168.0,137.0,58.0,162.0,3.0,0.0,30.0,24.0,21.0,119.0,61.0,0.0,2.1834107612757876,0.0,0.0,919.1834107612758,17,031,824300,1,170318243001
362.0,344.0,234.0,39.0,68.0,26.0,70.0,46.0,170.0,57.0,35.0,207.0,0.0,0.0,0.0,0.0,1658.0,17,031,824300,2,170318243002
224.0,245.0,152.0,274.0,111.0,0.0,0.0,24.0,27.0,90.0,70.0,149.0,27.0,0.0,0.0,0.0,1393.0,17,031,824300,3,170318243003
219.0,301.0,198.0,152.0,121.0,64.0,40.0,52.0,71.0,112.0,131.0,391.0,43.0,0.5509541173312735,0.0,0.0,1895.5509541173312,17,031,824400,1,170318244001
0.0,0.0,99.0,43.0,0.0,25.0,12.0,22.0,0.0,118.0,91.0,145.0,14.0,0.2550713506163303,0.0,0.0,569.2550713506163,17,031,824503,1,170318245031
225.0,0.0,114.0,0.0,85.0,90.0,85.0,38.0,103.0,204.0,204.0,204.0,117.0,2.203816469325094,0.0,0.0,1471.2038164693251,17,031,824503,2,170318245032
31.0,0.0,71.0,0.0,0.0,97.0,0.0,62.0,0.0,157.0,126.0,250.0,124.0,0.43872272306008814,0.0,0.0,918.4387227230601,17,031,824503,3,170318245033
0.0,0.0,97.0,97.0,0.0,0.0,87.0,47.0,0.0,144.0,210.0,81.0,210.0,2.3670621337195454,0.0,0.0,975.3670621337195,17,031,824503,4,170318245034
76.0,28.0,15.0,72.0,49.0,22.0,99.0,40.0,103.0,45.0,343.0,76.0,89.0,0.7550111978243377,0.0,0.0,1057.7550111978244,17,031,824503,5,170318245035
118.0,227.0,76.0,129.0,261.0,47.0,227.0,279.0,39.0,462.0,285.0,630.0,290.0,1.826310870412925,0.0,0.0,3071.8263108704127,17,031,824505,1,170318245051
123.0,0.0,0.0,71.0,0.0,0.0,0.0,78.0,0.0,160.0,42.0,213.0,281.0,1.4181967094267967,0.0,0.0,969.4181967094268,17,031,824505,2,170318245052
29.0,0.0,0.0,45.0,198.0,221.0,0.0,68.0,0.0,169.0,123.0,672.0,191.0,3.509781784480705,0.0,0.0,1719.5097817844808,17,031,824505,3,170318245053
0.0,41.0,0.0,46.0,44.0,0.0,0.0,0.0,0.0,174.0,0.0,156.0,46.0,0.0,0.0,0.0,507.0,17,031,824506,1,170318245061
0.0,0.0,0.0,32.0,0.0,0.0,0.0,243.0,54.0,233.0,86.0,144.0,73.0,1.101908234662547,0.0,0.0,866.1019082346626,17,031,824506,2,170318245062
36.0,0.0,123.0,140.0,23.0,100.0,27.0,85.0,48.0,132.0,102.0,306.0,342.0,0.7141997817257248,0.0,0.0,1464.7141997817257,17,031,824506,3,170318245063
55.0,34.0,146.0,76.0,49.0,269.0,30.0,64.0,19.0,79.0,146.0,254.0,317.0,1.3161681691802645,0.0,0.0,1539.3161681691802,17,031,824506,4,170318245064
38.0,48.0,0.0,32.0,0.0,0.0,0.0,25.0,171.0,32.0,362.0,447.0,648.0,5.744206815879759,0.0,0.0,1808.7442068158798,17,031,824506,5,170318245065
179.0,261.0,210.0,79.0,87.0,97.0,74.0,111.0,66.0,159.0,144.0,117.0,107.0,1.9079337026101508,0.0,0.0,1692.90793370261,17,031,824507,1,170318245071
84.0,0.0,58.0,0.0,32.0,178.0,91.0,0.0,165.0,94.0,182.0,445.0,364.0,5.101427012326607,0.0,0.0,1698.1014270123267,17,031,824507,2,170318245072
0.0,0.0,9.0,107.0,0.0,39.0,0.0,18.0,0.0,30.0,302.0,257.0,27.0,2.0201650968813363,0.0,0.0,791.0201650968813,17,031,824601,1,170318246011
45.0,0.0,24.0,24.0,24.0,0.0,86.0,48.0,26.0,123.0,177.0,137.0,34.0,0.6529826575778056,0.0,0.0,748.6529826575778,17,031,824601,2,170318246012
0.0,27.0,33.0,0.0,0.0,30.0,30.0,27.0,30.0,67.0,214.0,189.0,195.0,0.6529826575778056,0.0,0.0,842.6529826575778,17,031,824601,3,170318246013
148.0,0.0,112.0,22.0,207.0,0.0,103.0,131.0,42.0,140.0,162.0,355.0,251.0,0.8774454461201763,0.0,0.0,1673.8774454461202,17,031,824601,4,170318246014
0.0,40.0,0.0,0.0,97.0,37.0,108.0,40.0,197.0,34.0,0.0,205.0,174.0,3.499578930456052,0.0,0.0,935.4995789304561,17,031,824602,1,170318246021
255.0,43.0,0.0,74.0,121.0,133.0,71.0,0.0,124.0,174.0,102.0,205.0,189.0,0.9488654242927488,0.0,0.0,1491.9488654242928,17,031,824602,2,170318246022
142.0,0.0,58.0,109.0,84.0,70.0,0.0,32.0,28.0,533.0,386.0,159.0,133.0,0.8978511541694827,0.0,0.0,1734.8978511541695,17,031,824602,3,170318246023
0.0,0.0,70.0,50.0,0.0,55.0,0.0,0.0,42.0,120.0,30.0,185.0,150.0,0.0,0.0,0.0,702.0,17,031,824602,4,170318246024
54.0,83.0,37.0,26.0,74.0,0.0,0.0,0.0,0.0,181.0,76.0,43.0,96.0,0.3979113069614753,0.0,0.0,670.3979113069614,17,031,824602,5,170318246025
51.0,0.0,62.0,51.0,90.0,186.0,157.0,129.0,41.0,137.0,134.0,523.0,137.0,0.0,0.0,0.0,1698.0,17,031,824701,1,170318247011
0.0,0.0,0.0,0.0,136.0,28.0,22.0,102.0,139.0,45.0,88.0,185.0,233.0,1.101908234662547,0.0,0.0,979.1019082346626,17,031,824701,2,170318247012
215.0,19.0,19.0,160.0,0.0,0.0,121.0,0.0,126.0,27.0,184.0,82.0,0.0,0.22446278854237067,0.0,0.0,953.2244627885424,17,031,824701,3,170318247013
152.0,29.0,61.0,51.0,27.0,22.0,118.0,110.0,19.0,54.0,157.0,132.0,152.0,0.0,0.0,0.0,1084.0,17,031,824702,1,170318247021
144.0,144.0,67.0,102.0,38.0,131.0,35.0,67.0,240.0,73.0,186.0,619.0,0.0,0.7141997817257248,0.0,0.0,1846.7141997817257,17,031,824702,2,170318247022
31.0,94.0,146.0,28.0,45.0,143.0,189.0,183.0,60.0,154.0,321.0,576.0,327.0,0.9284597162434424,0.0,0.0,2297.9284597162437,17,031,824702,3,170318247023
121.0,57.0,276.0,228.0,0.0,322.0,124.0,63.0,0.0,249.0,310.0,194.0,45.0,0.673388365627112,0.0,0.0,1989.673388365627,17,031,824800,1,170318248001
252.0,102.0,44.0,165.0,280.0,0.0,0.0,73.0,44.0,730.0,229.0,66.0,118.0,0.5815626794052331,0.0,0.0,2103.581562679405,17,031,824800,2,170318248002
420.0,0.0,133.0,290.0,52.0,0.0,505.0,64.0,0.0,270.0,109.0,0.0,0.0,0.6529826575778056,0.0,0.0,1843.6529826575777,17,031,824800,3,170318248003
153.0,0.0,89.0,0.0,176.0,202.0,190.0,190.0,80.0,80.0,46.0,242.0,34.0,0.0,0.0,0.0,1482.0,17,031,824800,4,170318248004
110.0,97.0,142.0,22.0,50.0,56.0,120.0,79.0,25.0,63.0,230.0,151.0,151.0,0.0,0.0,0.0,1296.0,17,031,824900,1,170318249001
469.0,119.0,43.0,43.0,198.0,132.0,0.0,33.0,102.0,45.0,186.0,153.0,181.0,0.7244026357503781,0.0,0.0,1704.7244026357503,17,031,824900,2,170318249002
268.0,67.0,188.0,147.0,48.0,82.0,31.0,31.0,181.0,77.0,94.0,365.0,249.0,1.0100825484406681,0.0,0.0,1829.0100825484408,17,031,825000,1,170318250001
173.0,58.0,100.0,0.0,71.0,0.0,13.0,45.0,18.0,51.0,156.0,62.0,45.0,0.0,0.0,0.0,792.0,17,031,825000,2,170318250002
28.0,0.0,28.0,0.0,101.0,171.0,168.0,34.0,22.0,143.0,216.0,422.0,279.0,0.5101427012326606,0.0,0.0,1612.5101427012326,17,031,825000,3,170318250003
99.0,22.0,24.0,59.0,0.0,12.0,24.0,0.0,34.0,54.0,59.0,82.0,97.0,0.19385422646841105,0.0,0.0,566.1938542264684,17,031,825200,1,170318252001
0.0,48.0,54.0,32.0,0.0,16.0,87.0,106.0,51.0,113.0,51.0,167.0,306.0,1.0202854024653212,0.0,0.0,1032.0202854024653,17,031,825200,2,170318252002
35.0,0.0,40.0,131.0,40.0,0.0,37.0,40.0,153.0,189.0,335.0,224.0,189.0,0.42851986903543493,0.0,0.0,1413.4285198690354,17,031,825302,1,170318253021
0.0,142.0,125.0,34.0,0.0,123.0,41.0,241.0,98.0,238.0,49.0,157.0,147.0,1.4794138335747158,0.0,0.0,1396.4794138335747,17,031,825302,2,170318253022
43.0,112.0,46.0,0.0,40.0,118.0,213.0,89.0,46.0,144.0,283.0,257.0,309.0,2.969030521174085,0.0,0.0,1702.969030521174,17,031,825302,3,170318253023
272.0,61.0,144.0,66.0,58.0,32.0,272.0,154.0,53.0,66.0,202.0,277.0,26.0,0.5101427012326606,0.0,0.0,1683.5101427012326,17,031,825303,1,170318253031
24.0,0.0,0.0,39.0,27.0,0.0,24.0,0.0,57.0,36.0,96.0,337.0,75.0,0.3979113069614753,0.0,0.0,715.3979113069614,17,031,825303,2,170318253032
30.0,0.0,24.0,44.0,32.0,0.0,90.0,0.0,0.0,12.0,32.0,216.0,44.0,0.0,0.0,0.0,524.0,17,031,825303,3,170318253033
27.0,70.0,0.0,0.0,0.0,19.0,25.0,17.0,125.0,0.0,153.0,215.0,23.0,0.0,0.0,0.0,674.0,17,031,825303,4,170318253034
0.0,125.0,115.0,0.0,36.0,53.0,59.0,66.0,0.0,155.0,298.0,225.0,170.0,1.673268060043127,0.0,0.0,1303.673268060043,17,031,825304,1,170318253041
67.0,45.0,0.0,0.0,133.0,118.0,22.0,110.0,45.0,110.0,396.0,353.0,328.0,3.0812619154452703,0.0,0.0,1730.0812619154453,17,031,825304,2,170318253042
35.0,0.0,132.0,107.0,0.0,35.0,0.0,0.0,49.0,35.0,343.0,162.0,266.0,3.7240417189984227,0.0,0.0,1167.7240417189985,17,031,825400,1,170318254001
38.0,56.0,123.0,196.0,22.0,29.0,38.0,152.0,77.0,435.0,275.0,389.0,120.0,0.22446278854237067,0.0,0.0,1950.2244627885423,17,031,825400,2,170318254002
82.0,101.0,30.0,72.0,0.0,86.0,96.0,32.0,61.0,162.0,119.0,253.0,124.0,1.3161681691802645,0.0,0.0,1219.3161681691802,17,031,825400,3,170318254003
63.0,80.0,115.0,74.0,37.0,39.0,55.0,88.0,16.0,57.0,49.0,0.0,16.0,0.2652742046409835,0.0,0.0,689.265274204641,17,031,825501,1,170318255011
21.0,287.0,161.0,124.0,39.0,150.0,203.0,31.0,190.0,340.0,158.0,459.0,132.0,0.6937940736764184,0.0,0.0,2295.6937940736766,17,031,825501,2,170318255012
156.0,114.0,195.0,93.0,171.0,129.0,123.0,216.0,0.0,24.0,394.0,511.0,21.0,2.724162024582408,0.0,0.0,2149.7241620245823,17,031,825501,3,170318255013
0.0,71.0,0.0,0.0,0.0,56.0,0.0,0.0,0.0,71.0,51.0,113.0,0.0,0.0,0.0,0.0,362.0,17,031,825503,1,170318255031
226.0,63.0,111.0,0.0,231.0,66.0,0.0,0.0,0.0,193.0,0.0,73.0,0.0,0.0,0.0,0.0,963.0,17,031,825503,2,170318255032
200.0,0.0,51.0,0.0,46.0,40.0,0.0,34.0,121.0,178.0,95.0,155.0,27.0,1.4692109795500625,0.0,0.0,948.4692109795501,17,031,825503,3,170318255033
148.0,233.0,97.0,133.0,0.0,136.0,236.0,0.0,130.0,133.0,417.0,343.0,239.0,0.6631855116024589,0.0,0.0,2245.6631855116025,17,031,825503,4,170318255034
0.0,0.0,0.0,0.0,285.0,47.0,112.0,101.0,0.0,184.0,427.0,184.0,32.0,4.203575858157124,0.0,0.0,1376.2035758581571,17,031,825503,5,170318255035
217.0,32.0,42.0,17.0,42.0,185.0,0.0,146.0,139.0,260.0,374.0,57.0,357.0,0.28567991269028997,0.0,0.0,1868.2856799126903,17,031,825504,1,170318255041
136.0,75.0,0.0,101.0,160.0,72.0,75.0,168.0,34.0,107.0,112.0,246.0,123.0,0.0,0.0,0.0,1409.0,17,031,825504,2,170318255042
191.0,0.0,220.0,117.0,0.0,82.0,54.0,31.0,0.0,254.0,91.0,165.0,88.0,0.6937940736764184,0.0,0.0,1293.6937940736764,17,031,825505,1,170318255051
0.0,46.0,36.0,43.0,0.0,0.0,0.0,252.0,129.0,108.0,180.0,72.0,144.0,2.4894963820153837,0.0,0.0,1012.4894963820154,17,031,825505,2,170318255052
0.0,0.0,25.0,25.0,32.0,36.0,0.0,75.0,62.0,101.0,301.0,98.0,20.0,0.20405708049306426,0.0,0.0,775.204057080493,17,031,825505,3,170318255053
193.0,0.0,90.0,92.0,188.0,24.0,73.0,147.0,19.0,81.0,360.0,147.0,13.0,0.3060856207395964,0.0,0.0,1427.3060856207396,17,031,825505,4,170318255054
254.0,89.0,79.0,25.0,147.0,58.0,81.0,35.0,0.0,224.0,63.0,15.0,40.0,0.0,0.0,0.0,1110.0,17,031,825600,1,170318256001
287.0,191.0,169.0,73.0,177.0,112.0,321.0,126.0,22.0,180.0,222.0,228.0,39.0,0.45912843110939455,0.0,0.0,2147.4591284311095,17,031,825600,2,170318256002
200.0,126.0,29.0,147.0,23.0,38.0,85.0,35.0,29.0,85.0,354.0,109.0,64.0,1.050893964539281,0.0,0.0,1325.0508939645392,17,031,825600,3,170318256003
178.0,0.0,53.0,79.0,75.0,30.0,0.0,22.0,0.0,41.0,90.0,41.0,159.0,0.0,0.0,0.0,768.0,17,031,825600,4,170318256004
156.0,87.0,46.0,92.0,0.0,20.0,37.0,87.0,78.0,75.0,110.0,116.0,29.0,0.0,0.0,0.0,933.0,17,031,825700,1,170318257001
229.0,159.0,162.0,129.0,183.0,140.0,21.0,126.0,40.0,180.0,145.0,113.0,151.0,0.0,0.0,0.0,1778.0,17,031,825700,2,170318257002
177.0,43.0,63.0,57.0,0.0,137.0,14.0,25.0,77.0,100.0,68.0,172.0,54.0,0.6427798035531523,0.0,0.0,987.6427798035531,17,031,825700,3,170318257003
159.0,94.0,195.0,85.0,19.0,21.0,14.0,0.0,0.0,0.0,116.0,16.0,17.0,0.0,0.0,0.0,736.0,17,031,825801,1,170318258011
171.0,109.0,26.0,94.0,44.0,162.0,59.0,209.0,97.0,203.0,238.0,300.0,0.0,0.23466564256702388,0.0,0.0,1712.234665642567,17,031,825801,2,170318258012
343.0,90.0,59.0,98.0,116.0,0.0,82.0,23.0,98.0,25.0,41.0,113.0,74.0,0.0,0.0,0.0,1162.0,17,031,825801,3,170318258013
195.0,0.0,215.0,135.0,0.0,85.0,204.0,256.0,33.0,190.0,154.0,140.0,179.0,0.44892557708474135,0.0,0.0,1786.4489255770848,17,031,825802,1,170318258021
66.0,59.0,73.0,106.0,46.0,51.0,208.0,84.0,28.0,202.0,102.0,122.0,0.0,0.0,0.0,0.0,1147.0,17,031,825802,2,170318258022
104.0,0.0,119.0,62.0,244.0,50.0,238.0,256.0,50.0,50.0,163.0,125.0,68.0,2.152802199201828,0.0,0.0,1531.152802199202,17,031,825802,3,170318258023
84.0,327.0,106.0,46.0,12.0,74.0,159.0,0.0,23.0,151.0,27.0,101.0,36.0,0.19385422646841105,0.0,0.0,1146.1938542264684,17,031,825803,1,170318258031
0.0,0.0,34.0,0.0,0.0,0.0,0.0,22.0,0.0,86.0,128.0,88.0,51.0,0.0,0.0,0.0,409.0,17,031,825803,2,170318258032
119.0,48.0,24.0,55.0,174.0,0.0,0.0,11.0,83.0,0.0,139.0,223.0,61.0,0.2652742046409835,0.0,0.0,937.265274204641,17,031,825803,3,170318258033
255.0,0.0,0.0,0.0,0.0,70.0,0.0,0.0,47.0,0.0,180.0,34.0,193.0,1.3875881473528369,0.0,0.0,780.3875881473529,17,031,825803,4,170318258034
187.0,259.0,161.0,35.0,294.0,145.0,51.0,102.0,0.0,93.0,147.0,0.0,0.0,0.0,0.0,0.0,1474.0,17,031,825803,5,170318258035
214.0,125.0,136.0,99.0,159.0,247.0,70.0,151.0,66.0,0.0,192.0,40.0,22.0,0.0,0.0,0.0,1521.0,17,031,825900,1,170318259001
136.0,42.0,56.0,0.0,115.0,0.0,21.0,63.0,0.0,207.0,134.0,37.0,94.0,0.0,0.0,0.0,905.0,17,031,825900,2,170318259002
113.0,0.0,38.0,104.0,29.0,107.0,143.0,0.0,113.0,137.0,62.0,35.0,0.0,1.4283995634514497,0.0,0.0,882.4283995634514,17,031,825900,3,170318259003
245.0,92.0,220.0,80.0,16.0,44.0,0.0,41.0,72.0,61.0,94.0,161.0,25.0,0.0,0.0,0.0,1151.0,17,031,826000,1,170318260001
121.0,0.0,125.0,138.0,59.0,88.0,82.0,29.0,131.0,154.0,23.0,75.0,0.0,0.0,0.0,0.0,1025.0,17,031,826000,2,170318260002
133.0,50.0,90.0,54.0,155.0,21.0,94.0,224.0,32.0,65.0,94.0,47.0,28.0,0.0,0.0,0.0,1087.0,17,031,826000,3,170318260003
75.0,36.0,43.0,0.0,7.0,87.0,43.0,0.0,0.0,0.0,130.0,99.0,55.0,0.0,0.0,0.0,575.0,17,031,826100,1,170318261001
0.0,0.0,0.0,0.0,34.0,0.0,78.0,31.0,0.0,393.0,302.0,99.0,0.0,0.43872272306008814,0.0,0.0,937.4387227230601,17,031,826100,2,170318261002
0.0,75.0,141.0,40.0,0.0,220.0,0.0,25.0,0.0,123.0,121.0,184.0,182.0,0.7448083437996845,0.0,0.0,1111.7448083437996,17,031,826100,3,170318261003
0.0,0.0,121.0,125.0,0.0,48.0,144.0,64.0,0.0,134.0,0.0,134.0,96.0,0.0,0.0,0.0,866.0,17,031,826100,4,170318261004
40.0,48.0,0.0,0.0,210.0,114.0,0.0,196.0,37.0,222.0,77.0,0.0,0.0,0.0,0.0,0.0,944.0,17,031,826100,5,170318261005
0.0,244.0,540.0,60.0,38.0,64.0,0.0,72.0,175.0,158.0,360.0,68.0,137.0,4.326010106452962,0.0,0.0,1920.326010106453,17,031,826100,6,170318261006
81.0,74.0,46.0,0.0,0.0,51.0,17.0,0.0,0.0,0.0,166.0,110.0,0.0,0.46933128513404776,0.0,0.0,545.4693312851341,17,031,826201,1,170318262011
0.0,49.0,5.0,73.0,0.0,41.0,39.0,83.0,41.0,54.0,156.0,138.0,18.0,0.0,0.0,0.0,697.0,17,031,826201,2,170318262012
83.0,67.0,54.0,44.0,23.0,49.0,3.0,54.0,0.0,31.0,23.0,0.0,95.0,0.0,0.0,0.0,526.0,17,031,826201,3,170318262013
236.0,300.0,177.0,57.0,193.0,137.0,82.0,14.0,53.0,113.0,131.0,50.0,76.0,0.45912843110939455,0.0,0.0,1619.4591284311093,17,031,826201,4,170318262014
81.0,37.0,37.0,65.0,0.0,0.0,174.0,30.0,160.0,41.0,177.0,200.0,55.0,0.0,0.0,0.0,1057.0,17,031,826202,1,170318262021
120.0,46.0,24.0,34.0,37.0,40.0,0.0,0.0,130.0,213.0,263.0,207.0,0.0,0.0,0.0,0.0,1114.0,17,031,826202,2,170318262022
0.0,0.0,162.0,98.0,0.0,169.0,54.0,88.0,166.0,220.0,125.0,640.0,33.0,0.6529826575778056,0.0,0.0,1755.6529826575777,17,031,826202,3,170318262023
41.0,41.0,83.0,0.0,0.0,38.0,38.0,0.0,33.0,58.0,113.0,0.0,33.0,0.3060856207395964,0.0,0.0,478.3060856207396,17,031,826202,4,170318262024
392.0,182.0,0.0,120.0,0.0,277.0,33.0,84.0,42.0,112.0,170.0,0.0,0.0,0.0,0.0,0.0,1412.0,17,031,826202,5,170318262025
85.0,124.0,0.0,39.0,0.0,0.0,73.0,28.0,79.0,116.0,130.0,479.0,144.0,0.22446278854237067,0.0,0.0,1297.2244627885423,17,031,826301,1,170318263011
37.0,0.0,72.0,66.0,63.0,66.0,66.0,160.0,214.0,113.0,97.0,138.0,78.0,1.6936737680924332,0.0,0.0,1171.6936737680924,17,031,826301,2,170318263012
304.0,0.0,28.0,31.0,98.0,31.0,67.0,62.0,0.0,31.0,256.0,239.0,98.0,0.3979113069614753,0.0,0.0,1245.3979113069615,17,031,826301,3,170318263013
27.0,80.0,22.0,25.0,0.0,103.0,25.0,25.0,17.0,93.0,153.0,133.0,0.0,0.0,0.0,0.0,703.0,17,031,826303,1,170318263031
0.0,0.0,0.0,97.0,119.0,18.0,63.0,0.0,37.0,108.0,44.0,93.0,74.0,0.336694182813556,0.0,0.0,653.3366941828135,17,031,826303,2,170318263032
0.0,20.0,20.0,87.0,0.0,0.0,0.0,155.0,79.0,187.0,175.0,79.0,49.0,0.20405708049306426,0.0,0.0,851.204057080493,17,031,826303,3,170318263033
218.0,55.0,30.0,92.0,178.0,80.0,277.0,92.0,24.0,89.0,61.0,246.0,129.0,1.2855596071063047,0.0,0.0,1572.2855596071063,17,031,826303,4,170318263034
176.0,41.0,80.0,38.0,0.0,18.0,20.0,0.0,38.0,22.0,52.0,82.0,59.0,0.1632456643944514,0.0,0.0,626.1632456643945,17,031,826304,1,170318263041
63.0,185.0,0.0,0.0,0.0,155.0,0.0,24.0,221.0,166.0,152.0,85.0,0.0,0.27547705866563676,0.0,0.0,1051.2754770586657,17,031,826304,2,170318263042
147.0,198.0,51.0,124.0,83.0,176.0,73.0,9.0,26.0,22.0,78.0,191.0,0.0,1.1733282128351195,0.0,0.0,1179.173328212835,17,031,826304,3,170318263043
96.0,134.0,155.0,0.0,14.0,17.0,120.0,231.0,32.0,225.0,134.0,213.0,79.0,1.1631253588104662,0.0,0.0,1451.1631253588105,17,031,826401,1,170318264011
358.0,0.0,144.0,197.0,243.0,52.0,148.0,49.0,69.0,286.0,138.0,371.0,200.0,0.19385422646841105,0.0,0.0,2255.1938542264684,17,031,826401,2,170318264012
65.0,0.0,53.0,80.0,0.0,0.0,122.0,0.0,65.0,68.0,126.0,117.0,24.0,0.3979113069614753,0.0,0.0,720.3979113069614,17,031,826402,1,170318264021
40.0,40.0,140.0,0.0,52.0,65.0,57.0,67.0,42.0,102.0,115.0,60.0,52.0,0.0,0.0,0.0,832.0,17,031,826402,2,170318264022
73.0,33.0,76.0,63.0,43.0,112.0,49.0,76.0,83.0,116.0,215.0,33.0,112.0,1.1835310668597727,0.0,0.0,1085.1835310668598,17,031,826402,3,170318264023
130.0,147.0,0.0,85.0,0.0,17.0,51.0,0.0,0.0,219.0,58.0,205.0,236.0,0.3468970368382092,0.0,0.0,1148.3468970368383,17,031,826402,4,170318264024
17.0,75.0,0.0,0.0,101.0,107.0,128.0,17.0,20.0,136.0,52.0,133.0,0.0,0.6529826575778056,0.0,0.0,786.6529826575778,17,031,826402,5,170318264025
594.0,0.0,60.0,171.0,125.0,268.0,25.0,60.0,146.0,189.0,315.0,232.0,125.0,0.0,0.0,0.0,2310.0,17,031,826500,1,170318265001
38.0,0.0,0.0,0.0,30.0,46.0,0.0,27.0,0.0,30.0,42.0,254.0,23.0,0.0,0.0,0.0,490.0,17,031,826500,2,170318265002
170.0,170.0,288.0,0.0,0.0,85.0,49.0,92.0,138.0,234.0,181.0,78.0,178.0,0.8264311759969102,0.0,0.0,1663.826431175997,17,031,826500,3,170318265003
172.0,135.0,260.0,26.0,143.0,37.0,58.0,231.0,85.0,135.0,74.0,236.0,42.0,0.42851986903543493,0.0,0.0,1634.4285198690354,17,031,826500,4,170318265004
565.0,0.0,32.0,0.0,82.0,0.0,36.0,82.0,72.0,29.0,98.0,190.0,62.0,1.6018480818705543,0.0,0.0,1249.6018480818705,17,031,826600,1,170318266001
23.0,135.0,210.0,0.0,29.0,0.0,0.0,0.0,0.0,87.0,71.0,215.0,143.0,0.0,0.0,0.0,913.0,17,031,826600,2,170318266002
194.0,97.0,211.0,229.0,32.0,0.0,55.0,185.0,26.0,244.0,376.0,226.0,0.0,0.0,0.0,0.0,1875.0,17,031,826600,3,170318266003
244.0,53.0,63.0,20.0,22.0,0.0,28.0,45.0,0.0,91.0,66.0,132.0,0.0,0.0,0.0,0.0,764.0,17,031,826600,4,170318266004
129.0,64.0,0.0,0.0,66.0,49.0,51.0,80.0,22.0,133.0,176.0,75.0,24.0,0.0,0.0,0.0,869.0,17,031,826600,5,170318266005
371.0,192.0,48.0,0.0,149.0,40.0,141.0,83.0,0.0,181.0,115.0,146.0,0.0,1.1733282128351195,0.0,0.0,1467.173328212835,17,031,826700,1,170318267001
563.0,93.0,0.0,125.0,46.0,106.0,19.0,38.0,0.0,258.0,131.0,125.0,91.0,0.0,0.0,0.0,1595.0,17,031,826700,2,170318267002
29.0,0.0,49.0,40.0,131.0,129.0,0.0,0.0,49.0,97.0,133.0,127.0,40.0,0.0,0.0,0.0,824.0,17,031,826700,3,170318267003
98.0,29.0,29.0,0.0,122.0,254.0,29.0,53.0,0.0,143.0,29.0,149.0,233.0,0.0,0.0,0.0,1168.0,17,031,826700,4,170318267004
192.0,38.0,0.0,24.0,126.0,88.0,151.0,22.0,77.0,247.0,52.0,0.0,27.0,0.0,0.0,0.0,1044.0,17,031,826800,1,170318268001
488.0,181.0,151.0,103.0,111.0,74.0,262.0,25.0,273.0,595.0,92.0,29.0,0.0,0.0,0.0,0.0,2384.0,17,031,826800,2,170318268002
18.0,112.0,47.0,137.0,85.0,64.0,72.0,0.0,0.0,18.0,99.0,89.0,0.0,0.0,0.0,0.0,741.0,17,031,826800,3,170318268003
0.0,0.0,0.0,129.0,38.0,0.0,53.0,72.0,82.0,66.0,44.0,0.0,0.0,0.0,0.0,0.0,484.0,17,031,826800,4,170318268004
536.0,87.0,157.0,194.0,28.0,83.0,13.0,87.0,0.0,37.0,192.0,83.0,70.0,0.0,0.0,0.0,1567.0,17,031,826901,1,170318269011
200.0,14.0,0.0,0.0,67.0,94.0,31.0,38.0,0.0,181.0,0.0,0.0,4.0,0.0,0.0,0.0,629.0,17,031,826902,1,170318269021
196.0,36.0,18.0,20.0,33.0,25.0,73.0,14.0,14.0,0.0,0.0,12.0,0.0,0.0,0.0,0.0,441.0,17,031,826902,2,170318269022
383.0,208.0,54.0,180.0,68.0,171.0,40.0,22.0,0.0,91.0,220.0,48.0,60.0,0.0,0.0,0.0,1545.0,17,031,827000,1,170318270001
244.0,73.0,109.0,15.0,161.0,0.0,0.0,0.0,0.0,237.0,30.0,27.0,125.0,0.0,0.0,0.0,1021.0,17,031,827000,2,170318270002
293.0,0.0,200.0,161.0,47.0,0.0,29.0,121.0,71.0,36.0,102.0,0.0,0.0,0.47953413915870097,0.0,0.0,1060.4795341391587,17,031,827000,3,170318270003
208.0,13.0,40.0,0.0,69.0,53.0,0.0,0.0,11.0,42.0,58.0,11.0,0.0,0.0,0.0,0.0,505.0,17,031,827100,1,170318271001
143.0,82.0,143.0,31.0,148.0,68.0,0.0,0.0,74.0,51.0,122.0,45.0,0.0,0.28567991269028997,0.0,0.0,907.2856799126903,17,031,827100,2,170318271002
200.0,113.0,56.0,84.0,223.0,59.0,0.0,50.0,14.0,67.0,220.0,39.0,11.0,0.0,0.0,0.0,1136.0,17,031,827100,3,170318271003
200.0,81.0,152.0,116.0,22.0,137.0,96.0,45.0,93.0,33.0,147.0,205.0,0.0,1.061096818563934,0.0,0.0,1328.061096818564,17,031,827200,1,170318272001
174.0,31.0,80.0,60.0,23.0,67.0,36.0,20.0,52.0,44.0,112.0,54.0,33.0,0.0,0.0,0.0,786.0,17,031,827200,2,170318272002
91.0,203.0,45.0,74.0,37.0,97.0,25.0,34.0,11.0,85.0,74.0,117.0,102.0,0.0,0.0,0.0,995.0,17,031,827200,3,170318272003
192.0,116.0,136.0,56.0,0.0,46.0,13.0,43.0,192.0,46.0,0.0,53.0,0.0,0.7754169058736442,0.0,0.0,893.7754169058736,17,031,827200,4,170318272004
46.0,26.0,32.0,28.0,35.0,0.0,10.0,0.0,0.0,25.0,0.0,0.0,0.0,0.1632456643944514,0.0,0.0,202.16324566439445,17,031,827300,1,170318273001
1048.0,21.0,0.0,101.0,29.0,127.0,0.0,189.0,0.0,0.0,138.0,0.0,160.0,0.0,0.0,0.0,1813.0,17,031,827300,2,170318273002
146.0,43.0,102.0,159.0,87.0,18.0,59.0,34.0,37.0,112.0,65.0,146.0,46.0,0.7958226139229506,0.0,0.0,1054.7958226139228,17,031,827300,3,170318273003
375.0,71.0,28.0,0.0,0.0,0.0,0.0,0.0,0.0,0.0,0.0,36.0,0.0,0.0,0.0,0.0,510.0,17,031,827400,1,170318274001
297.0,51.0,92.0,95.0,78.0,64.0,167.0,126.0,0.0,34.0,0.0,441.0,58.0,0.0,0.0,0.0,1503.0,17,031,827400,2,170318274002
199.0,69.0,25.0,0.0,0.0,81.0,0.0,0.0,25.0,38.0,156.0,0.0,76.0,0.0,0.0,0.0,669.0,17,031,827400,3,170318274003
459.0,162.0,198.0,49.0,72.0,85.0,51.0,33.0,87.0,0.0,0.0,134.0,149.0,0.9182568622187891,0.0,0.0,1479.9182568622189,17,031,827400,4,170318274004
214.0,145.0,79.0,82.0,44.0,173.0,33.0,115.0,0.0,71.0,195.0,60.0,77.0,0.0,0.0,0.0,1288.0,17,031,827500,1,170318275001
1058.0,101.0,56.0,236.0,107.0,0.0,32.0,0.0,47.0,454.0,367.0,158.0,50.0,0.2958827667149432,0.0,0.0,2666.295882766715,17,031,827500,2,170318275002
223.0,192.0,0.0,189.0,290.0,73.0,39.0,79.0,58.0,55.0,33.0,55.0,30.0,0.0,0.0,0.0,1316.0,17,031,827500,3,170318275003
196.0,30.0,75.0,224.0,0.0,0.0,117.0,0.0,44.0,106.0,0.0,112.0,0.0,0.0,0.0,0.0,904.0,17,031,827600,1,170318276001
479.0,223.0,35.0,98.0,14.0,306.0,26.0,143.0,68.0,217.0,95.0,357.0,71.0,0.0,0.0,0.0,2132.0,17,031,827600,2,170318276002
56.0,108.0,16.0,138.0,23.0,0.0,14.0,0.0,47.0,23.0,30.0,0.0,28.0,0.0,0.0,0.0,483.0,17,031,827600,3,170318276003
293.0,28.0,60.0,60.0,95.0,80.0,241.0,126.0,77.0,198.0,135.0,112.0,14.0,0.37750559891216884,0.0,0.0,1519.3775055989122,17,031,827700,1,170318277001
270.0,166.0,117.0,0.0,90.0,38.0,52.0,83.0,76.0,20.0,100.0,145.0,58.0,0.10202854024653213,0.0,0.0,1215.1020285402465,17,031,827700,2,170318277002
0.0,30.0,67.0,69.0,29.0,29.0,56.0,50.0,0.0,0.0,10.0,16.0,67.0,0.0,0.0,0.0,423.0,17,031,827801,1,170318278011
0.0,27.0,25.0,48.0,0.0,20.0,22.0,165.0,48.0,73.0,175.0,167.0,33.0,0.1530428103697982,0.0,0.0,803.1530428103698,17,031,827801,2,170318278012
88.0,44.0,70.0,0.0,0.0,56.0,0.0,44.0,53.0,129.0,132.0,162.0,109.0,0.23466564256702388,0.0,0.0,887.234665642567,17,031,827801,3,170318278013
245.0,30.0,135.0,21.0,39.0,0.0,178.0,61.0,18.0,254.0,325.0,138.0,405.0,1.1835310668597727,0.0,0.0,1850.1835310668598,17,031,827801,4,170318278014
0.0,69.0,151.0,20.0,20.0,89.0,79.0,58.0,41.0,127.0,355.0,362.0,189.0,0.8366340300215634,0.0,0.0,1560.8366340300215,17,031,827802,1,170318278021
113.0,20.0,14.0,72.0,29.0,23.0,58.0,81.0,0.0,232.0,226.0,333.0,272.0,2.152802199201828,0.0,0.0,1475.152802199202,17,031,827802,2,170318278022
0.0,55.0,77.0,96.0,49.0,229.0,143.0,0.0,22.0,85.0,212.0,102.0,165.0,0.8978511541694827,0.0,0.0,1235.8978511541695,17,031,827804,1,170318278041
60.0,20.0,44.0,17.0,40.0,103.0,20.0,0.0,0.0,73.0,85.0,20.0,67.0,0.20405708049306426,0.0,0.0,549.204057080493,17,031,827804,2,170318278042
22.0,29.0,22.0,26.0,0.0,26.0,39.0,29.0,0.0,26.0,114.0,327.0,26.0,1.1631253588104662,0.0,0.0,687.1631253588105,17,031,827804,3,170318278043
0.0,66.0,95.0,0.0,39.0,39.0,19.0,23.0,0.0,178.0,274.0,205.0,158.0,0.9386625702680955,0.0,0.0,1096.9386625702682,17,031,827805,1,170318278051
0.0,78.0,0.0,111.0,0.0,0.0,33.0,96.0,0.0,93.0,187.0,422.0,87.0,1.4079938554021434,0.0,0.0,1108.407993855402,17,031,827805,2,170318278052
42.0,22.0,0.0,0.0,0.0,88.0,0.0,0.0,51.0,59.0,75.0,37.0,84.0,0.0,0.0,0.0,458.0,17,031,827805,3,170318278053
72.0,42.0,30.0,37.0,7.0,0.0,17.0,25.0,30.0,2.0,87.0,125.0,62.0,0.47953413915870097,0.0,0.0,536.4795341391587,17,031,827901,1,170318279011
27.0,22.0,75.0,8.0,8.0,0.0,30.0,30.0,33.0,125.0,166.0,336.0,211.0,3.65262174082585,0.0,0.0,1074.652621740826,17,031,827901,2,170318279012
0.0,0.0,0.0,0.0,0.0,112.0,26.0,23.0,0.0,42.0,297.0,184.0,75.0,0.0,0.0,0.0,759.0,17,031,827902,1,170318279021
31.0,68.0,166.0,61.0,21.0,132.0,132.0,29.0,117.0,189.0,40.0,29.0,68.0,0.12243424829583854,0.0,0.0,1083.1224342482958,17,031,827902,2,170318279022
86.0,32.0,25.0,64.0,70.0,108.0,0.0,19.0,0.0,38.0,112.0,304.0,19.0,0.0,0.0,0.0,877.0,17,031,827902,3,170318279023
176.0,45.0,0.0,22.0,49.0,80.0,0.0,17.0,70.0,65.0,124.0,40.0,22.0,0.0,0.0,0.0,710.0,17,031,827902,4,170318279024
0.0,26.0,31.0,26.0,23.0,90.0,87.0,23.0,23.0,140.0,74.0,68.0,180.0,1.3773852933281836,0.0,0.0,792.3773852933282,17,031,827902,5,170318279025
28.0,14.0,69.0,152.0,57.0,74.0,121.0,109.0,71.0,43.0,150.0,200.0,31.0,0.3877084529368221,0.0,0.0,1119.3877084529367,17,031,828000,1,170318280001
20.0,35.0,41.0,26.0,148.0,148.0,148.0,32.0,23.0,20.0,88.0,118.0,50.0,0.0,0.0,0.0,897.0,17,031,828000,2,170318280002
390.0,18.0,68.0,89.0,145.0,18.0,47.0,44.0,47.0,206.0,61.0,28.0,96.0,0.6427798035531523,0.0,0.0,1257.6427798035531,17,031,828000,3,170318280003
21.0,63.0,47.0,0.0,110.0,92.0,89.0,23.0,281.0,157.0,131.0,252.0,173.0,0.0,0.0,0.0,1439.0,17,031,828000,4,170318280004
46.0,186.0,0.0,28.0,36.0,0.0,0.0,54.0,77.0,129.0,150.0,0.0,54.0,0.6019683874545395,0.0,0.0,760.6019683874546,17,031,828100,1,170318281001
124.0,37.0,169.0,149.0,129.0,179.0,72.0,0.0,29.0,226.0,231.0,298.0,79.0,0.49993984720800744,0.0,0.0,1722.499939847208,17,031,828100,2,170318281002
112.0,38.0,28.0,0.0,36.0,52.0,122.0,18.0,32.0,0.0,0.0,64.0,0.0,0.0,0.0,0.0,502.0,17,031,828100,3,170318281003
0.0,35.0,71.0,0.0,135.0,0.0,19.0,26.0,33.0,71.0,39.0,84.0,224.0,1.6018480818705543,0.0,0.0,738.6018480818706,17,031,828100,4,170318281004
41.0,0.0,29.0,51.0,41.0,0.0,39.0,36.0,0.0,39.0,27.0,113.0,179.0,0.27547705866563676,0.0,0.0,595.2754770586656,17,031,828100,5,170318281005
101.0,170.0,0.0,196.0,103.0,106.0,146.0,215.0,111.0,127.0,236.0,172.0,170.0,2.601727776286569,0.0,0.0,1855.6017277762867,17,031,828201,1,170318282011
93.0,0.0,51.0,44.0,27.0,0.0,110.0,54.0,0.0,29.0,204.0,71.0,98.0,0.5203455552573139,0.0,0.0,781.5203455552573,17,031,828201,2,170318282012
33.0,30.0,33.0,18.0,70.0,33.0,42.0,30.0,144.0,95.0,79.0,156.0,233.0,0.0,0.0,0.0,996.0,17,031,828201,3,170318282013
0.0,12.0,35.0,0.0,68.0,81.0,83.0,53.0,22.0,73.0,101.0,223.0,139.0,0.1530428103697982,0.0,0.0,890.1530428103698,17,031,828202,1,170318282021
123.0,0.0,108.0,49.0,41.0,51.0,49.0,46.0,23.0,54.0,23.0,126.0,105.0,0.5509541173312735,0.0,0.0,798.5509541173312,17,031,828202,2,170318282022
135.0,179.0,164.0,144.0,18.0,29.0,0.0,193.0,21.0,100.0,23.0,0.0,16.0,0.0,0.0,0.0,1022.0,17,031,828202,3,170318282023
97.0,128.0,22.0,30.0,0.0,108.0,25.0,30.0,0.0,237.0,66.0,284.0,412.0,0.0,0.0,0.0,1439.0,17,031,828202,4,170318282024
128.0,97.0,174.0,154.0,105.0,197.0,33.0,113.0,102.0,203.0,172.0,359.0,179.0,1.2753567530816516,0.0,0.0,2017.2753567530817,17,031,828300,1,170318283001
191.0,44.0,74.0,44.0,189.0,104.0,93.0,119.0,117.0,123.0,78.0,151.0,110.0,0.3877084529368221,0.0,0.0,1437.3877084529367,17,031,828300,2,170318283002
82.0,0.0,36.0,19.0,102.0,39.0,53.0,56.0,36.0,95.0,31.0,104.0,51.0,0.07141997817257249,0.0,0.0,704.0714199781726,17,031,828401,1,170318284011
44.0,0.0,54.0,0.0,0.0,23.0,51.0,57.0,81.0,112.0,153.0,278.0,54.0,2.111990783103215,0.0,0.0,909.1119907831032,17,031,828401,2,170318284012
0.0,0.0,64.0,48.0,43.0,0.0,0.0,45.0,18.0,40.0,70.0,86.0,54.0,0.6529826575778056,0.0,0.0,468.6529826575778,17,031,828401,3,170318284013
64.0,0.0,34.0,0.0,74.0,49.0,32.0,54.0,19.0,82.0,74.0,191.0,0.0,0.7550111978243377,0.0,0.0,673.7550111978244,17,031,828401,4,170318284014
136.0,74.0,121.0,66.0,52.0,45.0,52.0,109.0,121.0,90.0,186.0,109.0,93.0,0.3570998908628624,0.0,0.0,1254.3570998908629,17,031,828402,1,170318284021
21.0,99.0,173.0,151.0,127.0,104.0,21.0,16.0,151.0,82.0,163.0,201.0,71.0,0.816228321972257,0.0,0.0,1380.8162283219722,17,031,828402,2,170318284022
108.0,34.0,34.0,43.0,90.0,121.0,23.0,88.0,0.0,77.0,63.0,10.0,18.0,0.9896768403913616,0.0,0.0,709.9896768403913,17,031,828402,3,170318284023
30.0,33.0,71.0,123.0,22.0,99.0,74.0,88.0,165.0,63.0,156.0,288.0,85.0,0.0,0.0,0.0,1297.0,17,031,828503,1,170318285031
162.0,0.0,50.0,0.0,202.0,128.0,50.0,0.0,40.0,125.0,226.0,334.0,125.0,0.0,0.0,0.0,1442.0,17,031,828503,2,170318285032
18.0,45.0,106.0,127.0,18.0,31.0,61.0,2.0,0.0,65.0,54.0,13.0,18.0,0.0,0.0,0.0,558.0,17,031,828503,3,170318285033
136.0,28.0,0.0,36.0,0.0,16.0,112.0,28.0,88.0,304.0,48.0,232.0,80.0,2.7751762947056737,0.0,0.0,1110.7751762947057,17,031,828503,4,170318285034
461.0,39.0,90.0,141.0,155.0,155.0,152.0,50.0,116.0,76.0,172.0,113.0,124.0,0.22446278854237067,0.0,0.0,1844.2244627885423,17,031,828504,1,170318285041
98.0,42.0,94.0,35.0,80.0,63.0,14.0,122.0,0.0,241.0,80.0,182.0,259.0,0.0,0.0,0.0,1310.0,17,031,828504,2,170318285042
163.0,0.0,0.0,52.0,127.0,52.0,39.0,66.0,48.0,66.0,458.0,79.0,92.0,0.0,0.0,0.0,1242.0,17,031,828504,3,170318285043
211.0,70.0,25.0,208.0,204.0,160.0,108.0,67.0,0.0,0.0,64.0,96.0,35.0,0.0,0.0,0.0,1248.0,17,031,828504,4,170318285044
82.0,42.0,156.0,42.0,226.0,100.0,0.0,0.0,0.0,0.0,73.0,125.0,76.0,0.0,0.0,0.0,922.0,17,031,828505,1,170318285051
61.0,67.0,82.0,90.0,0.0,53.0,0.0,0.0,35.0,175.0,28.0,98.0,30.0,0.4183170150107817,0.0,0.0,719.4183170150108,17,031,828505,2,170318285052
26.0,0.0,0.0,0.0,84.0,5.0,50.0,0.0,73.0,66.0,97.0,221.0,113.0,0.2958827667149432,0.0,0.0,735.295882766715,17,031,828505,3,170318285053
31.0,111.0,38.0,50.0,98.0,0.0,47.0,0.0,57.0,47.0,143.0,228.0,178.0,1.101908234662547,0.0,0.0,1029.1019082346625,17,031,828505,4,170318285054
259.0,38.0,38.0,35.0,55.0,262.0,77.0,174.0,58.0,87.0,366.0,103.0,541.0,0.8264311759969102,0.0,0.0,2093.8264311759967,17,031,828505,5,170318285055
360.0,0.0,129.0,196.0,35.0,332.0,70.0,266.0,126.0,70.0,80.0,710.0,136.0,7.856197598982973,0.0,0.0,2517.856197598983,17,031,828506,1,170318285061
35.0,35.0,70.0,0.0,216.0,81.0,37.0,37.0,33.0,72.0,68.0,125.0,179.0,0.19385422646841105,0.0,0.0,988.1938542264684,17,031,828506,2,170318285062
163.0,38.0,59.0,29.0,0.0,38.0,34.0,131.0,0.0,258.0,40.0,111.0,195.0,0.36730274488751563,0.0,0.0,1096.3673027448874,17,031,828506,3,170318285063
0.0,238.0,44.0,206.0,56.0,93.0,0.0,52.0,153.0,0.0,133.0,324.0,0.0,0.6937940736764184,0.0,0.0,1299.6937940736764,17,031,828506,4,170318285064
0.0,162.0,93.0,0.0,207.0,102.0,147.0,0.0,0.0,33.0,0.0,90.0,0.0,0.0,0.0,0.0,834.0,17,031,828506,5,170318285065
184.0,81.0,142.0,315.0,0.0,52.0,34.0,215.0,184.0,55.0,49.0,0.0,0.0,0.0,0.0,0.0,1311.0,17,031,828506,6,170318285066
0.0,0.0,78.0,0.0,23.0,16.0,34.0,23.0,34.0,44.0,76.0,97.0,109.0,0.3979113069614753,0.0,0.0,534.3979113069614,17,031,828601,1,170318286011
0.0,16.0,39.0,0.0,56.0,19.0,19.0,19.0,16.0,44.0,168.0,263.0,131.0,1.1427196507611599,0.0,0.0,791.1427196507611,17,031,828601,2,170318286012
30.0,15.0,0.0,85.0,65.0,145.0,0.0,0.0,0.0,0.0,0.0,140.0,92.0,0.816228321972257,0.0,0.0,572.8162283219723,17,031,828601,3,170318286013
43.0,60.0,51.0,69.0,25.0,92.0,0.0,66.0,25.0,34.0,161.0,501.0,74.0,2.407873549818158,0.0,0.0,1203.407873549818,17,031,828601,4,170318286014
179.0,51.0,0.0,33.0,24.0,79.0,27.0,0.0,27.0,97.0,280.0,298.0,234.0,4.6014871651185985,0.0,0.0,1333.6014871651187,17,031,828602,1,170318286021
161.0,29.0,50.0,71.0,146.0,104.0,0.0,128.0,80.0,272.0,206.0,430.0,242.0,2.25483073944836,0.0,0.0,1921.2548307394484,17,031,828602,2,170318286022
39.0,0.0,0.0,53.0,0.0,0.0,0.0,64.0,45.0,53.0,78.0,81.0,64.0,1.4079938554021434,0.0,0.0,478.40799385540214,17,031,828701,1,170318287011
209.0,51.0,30.0,124.0,0.0,0.0,49.0,39.0,37.0,108.0,166.0,103.0,51.0,0.0,0.0,0.0,967.0,17,031,828701,2,170318287012
27.0,49.0,0.0,0.0,22.0,96.0,0.0,225.0,22.0,137.0,115.0,93.0,46.0,0.0,0.0,0.0,832.0,17,031,828701,3,170318287013
92.0,29.0,112.0,0.0,27.0,0.0,0.0,99.0,32.0,68.0,25.0,46.0,92.0,0.0,0.0,0.0,622.0,17,031,828701,4,170318287014
71.0,66.0,75.0,80.0,40.0,101.0,45.0,42.0,73.0,229.0,208.0,123.0,21.0,0.28567991269028997,0.0,0.0,1174.2856799126903,17,031,828702,1,170318287021
276.0,0.0,189.0,0.0,54.0,25.0,44.0,144.0,77.0,218.0,478.0,285.0,0.0,1.3671824393035306,0.0,0.0,1791.3671824393036,17,031,828702,2,170318287022
107.0,84.0,121.0,135.0,155.0,113.0,84.0,16.0,28.0,178.0,333.0,266.0,45.0,0.5407512633066203,0.0,0.0,1665.5407512633067,17,031,828702,3,170318287023
0.0,0.0,24.0,0.0,24.0,0.0,0.0,18.0,30.0,190.0,77.0,104.0,86.0,1.5712395197965947,0.0,0.0,554.5712395197966,17,031,828801,1,170318288011
63.0,15.0,13.0,0.0,15.0,22.0,50.0,0.0,0.0,0.0,50.0,70.0,38.0,0.8366340300215634,0.0,0.0,336.83663403002157,17,031,828801,2,170318288012
41.0,63.0,41.0,0.0,149.0,44.0,0.0,3.0,100.0,171.0,93.0,522.0,380.0,1.3263710232049177,0.0,0.0,1608.326371023205,17,031,828801,3,170318288013
0.0,0.0,0.0,53.0,68.0,80.0,31.0,29.0,22.0,0.0,178.0,142.0,22.0,0.0,0.0,0.0,625.0,17,031,828801,4,170318288014
0.0,24.0,68.0,126.0,0.0,49.0,0.0,66.0,31.0,54.0,89.0,112.0,20.0,0.0,0.0,0.0,639.0,17,031,828801,5,170318288015
126.0,69.0,0.0,22.0,37.0,0.0,31.0,37.0,0.0,34.0,113.0,189.0,240.0,1.1223139427118534,0.0,0.0,899.1223139427118,17,031,828802,1,170318288021
151.0,114.0,55.0,26.0,85.0,0.0,31.0,21.0,0.0,151.0,337.0,106.0,146.0,0.3162884747642496,0.0,0.0,1223.3162884747642,17,031,828802,2,170318288022
0.0,0.0,46.0,24.0,107.0,22.0,126.0,71.0,0.0,44.0,146.0,220.0,171.0,0.8978511541694827,0.0,0.0,977.8978511541695,17,031,828802,3,170318288023
333.0,130.0,94.0,55.0,183.0,88.0,169.0,33.0,239.0,189.0,105.0,19.0,41.0,0.6427798035531523,0.0,0.0,1678.6427798035531,17,031,828900,1,170318289001
132.0,0.0,20.0,102.0,17.0,51.0,66.0,51.0,25.0,20.0,48.0,51.0,0.0,0.22446278854237067,0.0,0.0,583.2244627885424,17,031,828900,2,170318289002
365.0,106.0,53.0,43.0,0.0,27.0,48.0,22.0,106.0,27.0,78.0,60.0,17.0,0.0,0.0,0.0,952.0,17,031,828900,3,170318289003
318.0,21.0,75.0,175.0,82.0,32.0,0.0,0.0,0.0,0.0,0.0,182.0,17.0,0.3264913287889028,0.0,0.0,902.3264913287888,17,031,829000,1,170318290001
138.0,48.0,25.0,33.0,43.0,41.0,87.0,15.0,0.0,0.0,23.0,12.0,0.0,0.1734485184191046,0.0,0.0,465.1734485184191,17,031,829000,2,170318290002
431.0,52.0,140.0,304.0,143.0,85.0,29.0,251.0,26.0,94.0,255.0,156.0,166.0,0.0,0.0,0.0,2132.0,17,031,829100,1,170318291001
447.0,122.0,33.0,252.0,105.0,80.0,0.0,155.0,16.0,58.0,113.0,119.0,0.0,0.27547705866563676,0.0,0.0,1500.2754770586657,17,031,829100,2,170318291002
26.0,0.0,103.0,0.0,92.0,26.0,0.0,32.0,83.0,216.0,29.0,448.0,255.0,0.20405708049306426,0.0,0.0,1310.2040570804932,17,031,829200,1,170318292001
22.0,24.0,68.0,85.0,60.0,0.0,143.0,22.0,101.0,266.0,137.0,44.0,294.0,0.0,0.0,0.0,1266.0,17,031,829200,2,170318292002
492.0,33.0,225.0,30.0,135.0,51.0,30.0,0.0,48.0,297.0,144.0,150.0,87.0,0.0,0.0,0.0,1722.0,17,031,829200,3,170318292003
296.0,0.0,0.0,68.0,0.0,0.0,214.0,90.0,434.0,31.0,45.0,18.0,0.0,0.0,0.0,0.0,1196.0,17,031,829200,4,170318292004
79.0,61.0,46.0,48.0,53.0,0.0,0.0,59.0,23.0,123.0,264.0,400.0,146.0,0.2550713506163303,0.0,0.0,1302.2550713506164,17,031,829301,1,170318293011
226.0,47.0,26.0,109.0,0.0,172.0,77.0,63.0,95.0,305.0,425.0,436.0,95.0,0.9998796944160149,0.0,0.0,2076.999879694416,17,031,829301,2,170318293012
315.0,20.0,19.0,64.0,24.0,70.0,38.0,0.0,89.0,0.0,0.0,20.0,0.0,0.0,0.0,0.0,659.0,17,031,829302,1,170318293021
151.0,41.0,73.0,289.0,156.0,41.0,50.0,0.0,96.0,151.0,156.0,151.0,110.0,0.7958226139229506,0.0,0.0,1465.7958226139228,17,031,829302,2,170318293022
214.0,158.0,25.0,28.0,44.0,139.0,88.0,53.0,53.0,167.0,205.0,69.0,192.0,0.3162884747642496,0.0,0.0,1435.3162884747642,17,031,829302,3,170318293023
343.0,121.0,90.0,232.0,33.0,104.0,30.0,43.0,0.0,185.0,208.0,107.0,20.0,0.20405708049306426,0.0,0.0,1516.2040570804932,17,031,829401,1,170318294011
34.0,92.0,46.0,168.0,0.0,156.0,58.0,46.0,50.0,82.0,180.0,86.0,32.0,0.12243424829583854,0.0,0.0,1030.1224342482958,17,031,829402,1,170318294021
127.0,13.0,54.0,184.0,117.0,52.0,59.0,106.0,54.0,104.0,317.0,306.0,31.0,0.3162884747642496,0.0,0.0,1524.3162884747642,17,031,829402,2,170318294022
141.0,107.0,66.0,105.0,62.0,90.0,0.0,16.0,0.0,40.0,57.0,0.0,0.0,0.336694182813556,0.0,0.0,684.3366941828135,17,031,829402,3,170318294023
406.0,185.0,92.0,144.0,236.0,99.0,214.0,76.0,22.0,323.0,214.0,425.0,48.0,0.6121712414791928,0.0,0.0,2484.6121712414792,17,031,829500,1,170318295001
115.0,0.0,53.0,16.0,53.0,115.0,19.0,14.0,0.0,67.0,79.0,38.0,24.0,0.0,0.0,0.0,593.0,17,031,829500,2,170318295002
27.0,133.0,69.0,103.0,154.0,0.0,67.0,16.0,0.0,186.0,27.0,19.0,19.0,0.0,0.0,0.0,820.0,17,031,829500,3,170318295003
146.0,70.0,113.0,55.0,83.0,58.0,30.0,70.0,101.0,58.0,96.0,222.0,108.0,0.0,0.0,0.0,1210.0,17,031,829600,1,170318296001
139.0,23.0,28.0,19.0,21.0,19.0,26.0,26.0,93.0,43.0,47.0,0.0,0.0,0.0,0.0,0.0,484.0,17,031,829600,2,170318296002
74.0,52.0,27.0,19.0,168.0,96.0,0.0,49.0,52.0,121.0,110.0,224.0,88.0,0.0,0.0,0.0,1080.0,17,031,829600,3,170318296003
320.0,93.0,45.0,174.0,73.0,17.0,90.0,80.0,93.0,38.0,93.0,0.0,24.0,0.1734485184191046,0.0,0.0,1140.173448518419,17,031,829700,1,170318297001
318.0,155.0,88.0,119.0,77.0,121.0,22.0,33.0,113.0,27.0,16.0,72.0,0.0,0.36730274488751563,0.0,0.0,1161.3673027448874,17,031,829700,2,170318297002
305.0,71.0,156.0,39.0,59.0,89.0,44.0,119.0,69.0,42.0,24.0,161.0,262.0,1.1121110886872,0.0,0.0,1441.1121110886872,17,031,829700,3,170318297003
76.0,57.0,44.0,60.0,95.0,57.0,62.0,37.0,359.0,83.0,273.0,208.0,329.0,0.7550111978243377,0.0,0.0,1740.7550111978244,17,031,829800,1,170318298001
0.0,0.0,0.0,0.0,0.0,27.0,0.0,0.0,33.0,52.0,63.0,83.0,230.0,0.19385422646841105,0.0,0.0,488.19385422646843,17,031,829800,2,170318298002
0.0,50.0,0.0,0.0,0.0,0.0,0.0,47.0,50.0,92.0,119.0,122.0,92.0,0.0,0.0,0.0,572.0,17,031,829800,3,170318298003
32.0,0.0,0.0,0.0,0.0,0.0,0.0,0.0,0.0,44.0,53.0,35.0,265.0,2.060976512979949,0.0,0.0,431.06097651297995,17,031,829800,4,170318298004
224.0,0.0,0.0,70.0,44.0,26.0,0.0,44.0,0.0,135.0,208.0,36.0,292.0,1.6222537899198608,0.0,0.0,1080.6222537899198,17,031,829800,5,170318298005
398.0,73.0,0.0,0.0,60.0,134.0,227.0,176.0,57.0,70.0,455.0,80.0,468.0,2.3874678417688515,0.0,0.0,2200.3874678417687,17,031,829901,1,170318299011
0.0,0.0,17.0,27.0,37.0,31.0,0.0,0.0,27.0,0.0,0.0,122.0,0.0,0.530548409281967,0.0,0.0,261.53054840928195,17,031,829901,2,170318299012
0.0,0.0,0.0,0.0,69.0,132.0,195.0,0.0,0.0,235.0,596.0,246.0,132.0,1.0100825484406681,0.0,0.0,1606.0100825484408,17,031,829901,3,170318299013
199.0,31.0,298.0,363.0,174.0,256.0,63.0,77.0,170.0,449.0,701.0,415.0,592.0,2.111990783103215,0.0,0.0,3790.111990783103,17,031,829901,4,170318299014
48.0,0.0,40.0,28.0,0.0,0.0,86.0,34.0,0.0,37.0,206.0,60.0,100.0,0.6937940736764184,0.0,0.0,639.6937940736764,17,031,829902,1,170318299021
121.0,35.0,0.0,74.0,0.0,41.0,0.0,95.0,0.0,71.0,234.0,234.0,490.0,3.0506533533713105,0.0,0.0,1398.0506533533712,17,031,829902,2,170318299022
0.0,93.0,138.0,0.0,48.0,96.0,42.0,36.0,48.0,444.0,330.0,498.0,201.0,1.2855596071063047,0.0,0.0,1975.2855596071063,17,031,829902,3,170318299023
97.0,17.0,17.0,51.0,22.0,57.0,0.0,102.0,148.0,30.0,169.0,144.0,0.0,0.2448684965916771,0.0,0.0,854.2448684965917,17,031,829902,4,170318299024
124.0,95.0,283.0,136.0,271.0,165.0,169.0,75.0,132.0,167.0,167.0,291.0,146.0,0.3060856207395964,0.0,0.0,2221.3060856207394,17,031,830001,1,170318300011
29.0,37.0,88.0,0.0,0.0,0.0,93.0,32.0,0.0,301.0,267.0,611.0,168.0,0.0,0.0,0.0,1626.0,17,031,830003,1,170318300031
0.0,34.0,117.0,77.0,172.0,0.0,223.0,51.0,0.0,177.0,120.0,490.0,344.0,0.9590682783174019,0.0,0.0,1805.9590682783173,17,031,830003,2,170318300032
403.0,95.0,147.0,41.0,0.0,123.0,588.0,92.0,44.0,160.0,400.0,352.0,437.0,5.927858188323516,0.0,0.0,2887.9278581883236,17,031,830003,3,170318300033
119.0,85.0,92.0,162.0,292.0,71.0,0.0,34.0,43.0,0.0,68.0,156.0,0.0,0.37750559891216884,0.0,0.0,1122.3775055989122,17,031,830004,1,170318300041
0.0,0.0,47.0,47.0,233.0,0.0,266.0,0.0,53.0,0.0,88.0,127.0,210.0,0.4183170150107817,0.0,0.0,1071.4183170150109,17,031,830004,2,170318300042
171.0,0.0,424.0,255.0,0.0,0.0,194.0,116.0,55.0,246.0,103.0,622.0,696.0,8.560194526684045,0.0,0.0,2890.560194526684,17,031,830004,3,170318300043
20.0,32.0,97.0,44.0,99.0,22.0,81.0,50.0,36.0,152.0,269.0,403.0,42.0,1.632456643944514,0.0,0.0,1348.6324566439446,17,031,830005,1,170318300051
96.0,0.0,138.0,52.0,27.0,16.0,24.0,60.0,93.0,171.0,55.0,317.0,278.0,0.9794739863667083,0.0,0.0,1327.9794739863667,17,031,830005,2,170318300052
200.0,73.0,100.0,39.0,64.0,0.0,37.0,126.0,102.0,202.0,122.0,141.0,49.0,0.1530428103697982,0.0,0.0,1255.1530428103697,17,031,830006,1,170318300061
71.0,45.0,21.0,26.0,0.0,53.0,42.0,58.0,21.0,244.0,85.0,117.0,69.0,0.2652742046409835,0.0,0.0,852.265274204641,17,031,830006,2,170318300062
49.0,90.0,215.0,74.0,87.0,0.0,109.0,56.0,31.0,81.0,140.0,277.0,31.0,0.12243424829583854,0.0,0.0,1240.1224342482958,17,031,830007,1,170318300071
143.0,39.0,148.0,52.0,171.0,17.0,19.0,215.0,114.0,131.0,161.0,252.0,96.0,0.49993984720800744,0.0,0.0,1558.499939847208,17,031,830007,2,170318300072
115.0,53.0,0.0,94.0,78.0,83.0,113.0,62.0,0.0,50.0,168.0,237.0,154.0,0.5815626794052331,0.0,0.0,1207.5815626794051,17,031,830007,3,170318300073
171.0,0.0,120.0,0.0,38.0,60.0,25.0,57.0,333.0,104.0,426.0,429.0,171.0,2.203816469325094,0.0,0.0,1936.2038164693251,17,031,830008,1,170318300081
0.0,0.0,27.0,0.0,0.0,0.0,0.0,0.0,0.0,78.0,267.0,114.0,119.0,0.0,0.0,0.0,605.0,17,031,830008,2,170318300082
81.0,81.0,0.0,138.0,0.0,0.0,64.0,39.0,28.0,172.0,146.0,394.0,19.0,2.846596272878246,0.0,0.0,1164.8465962728783,17,031,830008,3,170318300083
200.0,18.0,53.0,144.0,0.0,153.0,150.0,122.0,166.0,97.0,241.0,436.0,200.0,1.4692109795500625,0.0,0.0,1981.46921097955,17,031,830100,1,170318301001
0.0,91.0,21.0,21.0,48.0,106.0,69.0,0.0,0.0,97.0,63.0,161.0,155.0,1.2651538990569984,0.0,0.0,833.265153899057,17,031,830100,2,170318301002
229.0,112.0,36.0,112.0,258.0,38.0,117.0,114.0,335.0,0.0,42.0,110.0,0.0,0.42851986903543493,0.0,0.0,1503.4285198690354,17,031,830201,1,170318302011
107.0,165.0,39.0,83.0,37.0,191.0,46.0,27.0,214.0,230.0,594.0,440.0,265.0,1.5916452278459012,0.0,0.0,2439.5916452278457,17,031,830201,2,170318302012
24.0,149.0,54.0,0.0,86.0,199.0,106.0,0.0,0.0,156.0,102.0,149.0,170.0,0.9692711323420552,0.0,0.0,1195.969271132342,17,031,830201,3,170318302013
30.0,199.0,23.0,23.0,25.0,0.0,23.0,99.0,0.0,138.0,207.0,250.0,294.0,2.815987710804287,0.0,0.0,1313.8159877108044,17,031,830202,1,170318302021
31.0,0.0,0.0,193.0,0.0,28.0,0.0,28.0,25.0,85.0,199.0,614.0,76.0,1.1631253588104662,0.0,0.0,1280.1631253588105,17,031,830202,2,170318302022
305.0,113.0,80.0,80.0,125.0,0.0,90.0,71.0,0.0,40.0,338.0,348.0,49.0,0.0,0.0,0.0,1639.0,17,031,830300,1,170318303001
350.0,92.0,202.0,110.0,0.0,28.0,0.0,0.0,20.0,20.0,104.0,0.0,127.0,0.0,0.0,0.0,1053.0,17,031,830300,2,170318303002
63.0,181.0,49.0,195.0,78.0,32.0,100.0,96.0,0.0,88.0,170.0,43.0,0.0,0.3979113069614753,0.0,0.0,1095.3979113069615,17,031,830300,3,170318303003
258.0,152.0,78.0,10.0,0.0,28.0,0.0,126.0,0.0,74.0,23.0,67.0,0.0,0.46933128513404776,0.0,0.0,816.4693312851341,17,031,830300,4,170318303004
151.0,101.0,0.0,26.0,20.0,98.0,0.0,0.0,23.0,20.0,17.0,172.0,140.0,0.0,0.0,0.0,768.0,17,031,830400,1,170318304001
107.0,0.0,0.0,28.0,41.0,59.0,72.0,37.0,0.0,120.0,43.0,21.0,0.0,0.0,0.0,0.0,528.0,17,031,830400,2,170318304002
158.0,120.0,147.0,38.0,68.0,46.0,84.0,161.0,128.0,374.0,259.0,294.0,73.0,1.050893964539281,0.0,0.0,1951.0508939645392,17,031,830400,3,170318304003
77.0,68.0,23.0,0.0,95.0,29.0,32.0,26.0,0.0,175.0,77.0,198.0,0.0,0.20405708049306426,0.0,0.0,800.204057080493,17,031,830400,4,170318304004
0.0,90.0,163.0,47.0,0.0,73.0,111.0,206.0,275.0,202.0,133.0,55.0,0.0,0.0,0.0,0.0,1355.0,17,031,830500,1,170318305001
55.0,22.0,186.0,123.0,78.0,134.0,100.0,96.0,108.0,171.0,350.0,242.0,14.0,0.0,0.0,0.0,1679.0,17,031,830500,2,170318305002
47.0,169.0,0.0,158.0,173.0,195.0,0.0,59.0,51.0,62.0,129.0,110.0,36.0,0.0,0.0,0.0,1189.0,17,031,830500,3,170318305003
46.0,126.0,49.0,0.0,33.0,0.0,22.0,8.0,88.0,135.0,52.0,132.0,143.0,0.11223139427118534,0.0,0.0,834.1122313942711,17,031,830600,1,170318306001
185.0,129.0,124.0,49.0,164.0,190.0,112.0,44.0,157.0,237.0,103.0,103.0,155.0,0.3570998908628624,0.0,0.0,1752.3570998908629,17,031,830600,2,170318306002
41.0,73.0,77.0,114.0,0.0,62.0,92.0,84.0,38.0,47.0,140.0,123.0,17.0,0.3060856207395964,0.0,0.0,908.3060856207396,17,031,830600,3,170318306003
0.0,3.0,67.0,123.0,107.0,103.0,31.0,99.0,115.0,51.0,0.0,162.0,67.0,0.9284597162434424,0.0,0.0,928.9284597162434,17,031,830600,4,170318306004
42.0,64.0,0.0,0.0,99.0,48.0,68.0,53.0,53.0,32.0,35.0,35.0,21.0,0.0,0.0,0.0,550.0,17,031,830700,1,170318307001
21.0,17.0,0.0,0.0,21.0,0.0,19.0,0.0,35.0,0.0,182.0,124.0,21.0,0.0,0.0,0.0,440.0,17,031,830700,2,170318307002
313.0,103.0,62.0,0.0,94.0,16.0,65.0,43.0,60.0,50.0,24.0,97.0,0.0,0.5509541173312735,0.0,0.0,927.5509541173312,17,031,830700,3,170318307003
315.0,30.0,31.0,56.0,74.0,69.0,7.0,0.0,54.0,15.0,37.0,44.0,14.0,0.1530428103697982,0.0,0.0,746.1530428103698,17,031,830700,4,170318307004
48.0,0.0,19.0,0.0,0.0,19.0,81.0,87.0,19.0,54.0,109.0,107.0,40.0,0.5917655334298864,0.0,0.0,583.5917655334299,17,031,830800,1,170318308001
88.0,0.0,3.0,12.0,0.0,46.0,50.0,19.0,12.0,24.0,95.0,53.0,114.0,0.0,0.0,0.0,516.0,17,031,830800,2,170318308002
75.0,68.0,45.0,13.0,68.0,39.0,29.0,65.0,22.0,134.0,164.0,227.0,0.0,0.6019683874545395,0.0,0.0,949.6019683874546,17,031,830800,3,170318308003
18.0,20.0,0.0,0.0,26.0,71.0,0.0,38.0,0.0,108.0,126.0,24.0,104.0,1.101908234662547,0.0,0.0,536.1019082346626,17,031,830900,1,170318309001
0.0,35.0,58.0,64.0,0.0,15.0,0.0,38.0,42.0,17.0,129.0,69.0,179.0,0.5917655334298864,0.0,0.0,646.5917655334299,17,031,830900,2,170318309002
0.0,37.0,28.0,37.0,74.0,25.0,19.0,19.0,0.0,54.0,176.0,173.0,74.0,0.7754169058736442,0.0,0.0,716.7754169058736,17,031,830900,3,170318309003
0.0,10.0,0.0,16.0,0.0,40.0,0.0,30.0,0.0,0.0,56.0,125.0,8.0,0.9692711323420552,0.0,0.0,285.96927113234204,17,031,831000,1,170318310001
0.0,29.0,0.0,54.0,103.0,16.0,42.0,0.0,29.0,73.0,168.0,40.0,120.0,1.5712395197965947,0.0,0.0,675.5712395197966,17,031,831000,2,170318310002
8.0,33.0,156.0,19.0,67.0,14.0,109.0,72.0,196.0,11.0,89.0,207.0,30.0,0.7652140518489909,0.0,0.0,1011.765214051849,17,031,831100,1,170318311001
198.0,0.0,139.0,0.0,44.0,290.0,78.0,0.0,39.0,39.0,108.0,161.0,186.0,0.0,0.0,0.0,1282.0,17,031,831100,2,170318311002
131.0,51.0,0.0,317.0,118.0,121.0,78.0,83.0,104.0,115.0,494.0,72.0,40.0,1.4488052715007562,0.0,0.0,1725.4488052715008,17,031,831100,3,170318311003
324.0,57.0,0.0,234.0,186.0,115.0,99.0,215.0,231.0,465.0,545.0,89.0,218.0,1.0100825484406681,0.0,0.0,2779.0100825484406,17,031,831100,4,170318311004
35.0,0.0,83.0,140.0,39.0,127.0,48.0,65.0,0.0,43.0,35.0,140.0,0.0,0.0,0.0,0.0,755.0,17,031,831200,1,170318312001
96.0,126.0,0.0,402.0,197.0,197.0,175.0,67.0,85.0,26.0,376.0,179.0,0.0,2.0507736589552956,0.0,0.0,1928.0507736589552,17,031,831200,2,170318312002
350.0,28.0,282.0,243.0,171.0,125.0,100.0,68.0,39.0,182.0,264.0,0.0,64.0,0.3264913287889028,0.0,0.0,1916.326491328789,17,031,831200,3,170318312003
69.0,62.0,6.0,26.0,227.0,105.0,279.0,177.0,19.0,151.0,82.0,0.0,0.0,0.0,0.0,0.0,1203.0,17,031,831300,1,170318313001
91.0,79.0,64.0,0.0,0.0,62.0,39.0,14.0,37.0,7.0,52.0,32.0,0.0,0.0,0.0,0.0,477.0,17,031,831400,1,170318314001
311.0,37.0,291.0,178.0,52.0,205.0,95.0,92.0,82.0,95.0,256.0,153.0,110.0,0.45912843110939455,0.0,0.0,1957.4591284311093,17,031,831400,2,170318314002
99.0,149.0,115.0,102.0,0.0,115.0,71.0,138.0,66.0,618.0,231.0,206.0,165.0,0.336694182813556,0.0,0.0,2075.3366941828135,17,031,831500,1,170318315001
205.0,42.0,0.0,0.0,16.0,42.0,63.0,42.0,50.0,21.0,138.0,281.0,189.0,2.4792935279907304,0.0,0.0,1091.4792935279906,17,031,831500,2,170318315002
186.0,145.0,0.0,0.0,68.0,68.0,77.0,204.0,104.0,277.0,295.0,277.0,0.0,0.5101427012326606,0.0,0.0,1701.5101427012326,17,031,831600,1,170318316001
102.0,25.0,0.0,74.0,0.0,148.0,94.0,122.0,91.0,96.0,0.0,165.0,74.0,0.0,0.0,0.0,991.0,17,031,831600,2,170318316002
26.0,18.0,104.0,56.0,104.0,71.0,0.0,0.0,0.0,156.0,0.0,146.0,0.0,0.23466564256702388,0.0,0.0,681.234665642567,17,031,831600,3,170318316003
165.0,192.0,72.0,40.0,222.0,57.0,28.0,0.0,0.0,44.0,38.0,67.0,0.0,0.6631855116024589,0.0,0.0,925.6631855116025,17,031,831600,4,170318316004
24.0,171.0,108.0,0.0,90.0,0.0,174.0,155.0,46.0,180.0,0.0,248.0,108.0,0.0,0.0,0.0,1304.0,17,031,831600,5,170318316005
73.0,0.0,0.0,0.0,124.0,153.0,139.0,0.0,87.0,97.0,76.0,200.0,29.0,0.0,0.0,0.0,978.0,17,031,831600,6,170318316006
289.0,39.0,109.0,198.0,54.0,67.0,146.0,103.0,67.0,128.0,280.0,167.0,301.0,0.7141997817257248,0.0,0.0,1948.7141997817257,17,031,831700,1,170318317001
0.0,0.0,0.0,0.0,0.0,0.0,71.0,78.0,0.0,217.0,19.0,76.0,93.0,0.43872272306008814,0.0,0.0,554.4387227230601,17,031,831800,1,170318318001
0.0,0.0,84.0,30.0,126.0,87.0,111.0,0.0,69.0,24.0,0.0,311.0,0.0,1.0406911105146277,0.0,0.0,843.0406911105147,17,031,831800,2,170318318002
247.0,125.0,74.0,47.0,0.0,95.0,0.0,0.0,0.0,23.0,122.0,259.0,223.0,0.3877084529368221,0.0,0.0,1215.3877084529367,17,031,831800,3,170318318003
99.0,0.0,185.0,79.0,22.0,148.0,28.0,76.0,114.0,0.0,22.0,151.0,62.0,0.0,0.0,0.0,986.0,17,031,831800,4,170318318004
11.0,0.0,0.0,55.0,0.0,30.0,52.0,33.0,0.0,157.0,328.0,322.0,237.0,0.0,0.0,0.0,1225.0,17,031,831800,5,170318318005
0.0,0.0,25.0,23.0,0.0,23.0,50.0,151.0,41.0,25.0,41.0,273.0,186.0,2.316047863596279,0.0,0.0,840.3160478635963,17,031,831900,1,170318319001
50.0,48.0,28.0,76.0,9.0,0.0,79.0,52.0,72.0,38.0,106.0,121.0,85.0,0.3060856207395964,0.0,0.0,764.3060856207396,17,031,831900,2,170318319002
64.0,85.0,20.0,133.0,94.0,39.0,75.0,92.0,112.0,46.0,124.0,255.0,181.0,1.9181365566348039,0.0,0.0,1321.9181365566349,17,031,832000,1,170318320001
166.0,142.0,199.0,128.0,41.0,45.0,21.0,9.0,14.0,115.0,95.0,193.0,233.0,0.7346054897750313,0.0,0.0,1401.734605489775,17,031,832100,1,170318321001
16.0,0.0,14.0,14.0,25.0,20.0,45.0,64.0,8.0,25.0,43.0,108.0,27.0,0.7244026357503781,0.0,0.0,409.7244026357504,17,031,832100,2,170318321002
108.0,0.0,25.0,21.0,12.0,12.0,54.0,28.0,37.0,68.0,126.0,126.0,55.0,0.2550713506163303,0.0,0.0,672.2550713506163,17,031,832100,3,170318321003
66.0,19.0,0.0,62.0,72.0,17.0,13.0,19.0,81.0,23.0,107.0,105.0,58.0,0.2958827667149432,0.0,0.0,642.295882766715,17,031,832200,1,170318322001
78.0,118.0,36.0,50.0,36.0,18.0,0.0,52.0,96.0,40.0,243.0,138.0,50.0,0.8570397380708699,0.0,0.0,955.8570397380709,17,031,832200,2,170318322002
17.0,17.0,0.0,21.0,0.0,0.0,12.0,0.0,26.0,58.0,53.0,97.0,65.0,1.6834709140677802,0.0,0.0,367.68347091406775,17,031,832200,3,170318322003
49.0,82.0,35.0,69.0,47.0,116.0,11.0,17.0,31.0,71.0,150.0,318.0,309.0,1.4998195416240223,0.0,0.0,1306.499819541624,17,031,832300,1,170318323001
57.0,63.0,120.0,20.0,129.0,192.0,28.0,34.0,80.0,137.0,71.0,200.0,189.0,1.2549510450323451,0.0,0.0,1321.2549510450324,17,031,832400,1,170318324001
36.0,0.0,27.0,175.0,52.0,0.0,25.0,50.0,0.0,183.0,58.0,105.0,88.0,0.5917655334298864,0.0,0.0,799.5917655334299,17,031,832400,2,170318324002
427.0,137.0,54.0,13.0,100.0,15.0,0.0,8.0,80.0,104.0,26.0,50.0,143.0,0.21425993451771747,0.0,0.0,1157.2142599345177,17,031,832500,1,170318325001
143.0,65.0,42.0,22.0,0.0,80.0,45.0,12.0,0.0,82.0,175.0,165.0,75.0,1.1223139427118534,0.0,0.0,907.1223139427118,17,031,832500,2,170318325002
17.0,0.0,0.0,0.0,0.0,0.0,24.0,0.0,0.0,0.0,50.0,68.0,99.0,0.7856197598982974,0.0,0.0,258.7856197598983,17,031,832600,1,170318326001
42.0,0.0,0.0,19.0,38.0,0.0,14.0,59.0,14.0,17.0,87.0,104.0,47.0,0.7550111978243377,0.0,0.0,441.75501119782433,17,031,832600,2,170318326002
19.0,54.0,21.0,61.0,30.0,17.0,71.0,43.0,113.0,132.0,143.0,191.0,298.0,1.1733282128351195,0.0,0.0,1194.173328212835,17,031,832600,3,170318326003
362.0,176.0,22.0,39.0,107.0,68.0,53.0,36.0,66.0,46.0,80.0,124.0,24.0,0.6937940736764184,0.0,0.0,1203.6937940736764,17,031,832900,1,170318329001
80.0,0.0,30.0,27.0,32.0,90.0,32.0,42.0,10.0,32.0,30.0,10.0,37.0,0.5101427012326606,0.0,0.0,452.51014270123267,17,031,832900,2,170318329002
61.0,12.0,0.0,0.0,0.0,0.0,45.0,93.0,0.0,14.0,252.0,233.0,40.0,2.25483073944836,0.0,0.0,752.2548307394484,17,031,833000,1,170318330001
170.0,79.0,25.0,27.0,0.0,17.0,0.0,13.0,13.0,0.0,69.0,124.0,172.0,0.3264913287889028,0.0,0.0,709.3264913287888,17,031,833000,2,170318330002
133.0,0.0,24.0,0.0,224.0,17.0,74.0,53.0,0.0,160.0,170.0,380.0,288.0,3.030247645322004,0.0,0.0,1526.030247645322,17,031,833100,1,170318331001
316.0,27.0,97.0,17.0,27.0,0.0,0.0,0.0,0.0,0.0,81.0,85.0,175.0,2.3874678417688515,0.0,0.0,827.3874678417689,17,031,833100,2,170318331002
414.0,113.0,49.0,63.0,0.0,21.0,0.0,15.0,24.0,126.0,204.0,250.0,201.0,2.6221334843358757,0.0,0.0,1482.6221334843358,17,031,833100,3,170318331003
371.0,39.0,228.0,86.0,276.0,11.0,55.0,8.0,80.0,167.0,83.0,345.0,186.0,1.5610366657719414,0.0,0.0,1936.561036665772,17,031,833300,1,170318333001
249.0,32.0,142.0,71.0,174.0,156.0,46.0,17.0,53.0,71.0,0.0,99.0,0.0,0.1734485184191046,0.0,0.0,1110.173448518419,17,031,833900,1,170318339001
163.0,157.0,253.0,46.0,0.0,0.0,15.0,83.0,21.0,37.0,105.0,0.0,55.0,0.0,0.0,0.0,935.0,17,031,833900,2,170318339002
301.0,255.0,118.0,95.0,150.0,426.0,314.0,114.0,183.0,209.0,177.0,78.0,203.0,0.0,0.0,0.0,2623.0,17,031,834000,1,170318340001
85.0,57.0,60.0,92.0,42.0,39.0,0.0,0.0,49.0,149.0,28.0,32.0,53.0,0.3264913287889028,0.0,0.0,686.3264913287888,17,031,834000,2,170318340002
138.0,24.0,72.0,24.0,18.0,63.0,57.0,130.0,46.0,0.0,91.0,46.0,149.0,0.0,0.0,0.0,858.0,17,031,834200,1,170318342001
243.0,109.0,107.0,17.0,0.0,18.0,71.0,9.0,20.0,71.0,68.0,11.0,7.0,0.0,0.0,0.0,751.0,17,031,834200,2,170318342002
372.0,105.0,45.0,186.0,0.0,89.0,0.0,93.0,0.0,0.0,122.0,157.0,14.0,0.1632456643944514,0.0,0.0,1183.1632456643945,17,031,834200,3,170318342003
290.0,141.0,273.0,134.0,44.0,0.0,13.0,0.0,0.0,231.0,131.0,0.0,44.0,0.0,0.0,0.0,1301.0,17,031,834200,4,170318342004
31.0,184.0,0.0,0.0,0.0,73.0,127.0,0.0,48.0,0.0,0.0,147.0,73.0,2.397670695793505,0.0,0.0,685.3976706957935,17,031,834300,1,170318343001
344.0,66.0,102.0,99.0,168.0,119.0,0.0,73.0,91.0,107.0,170.0,33.0,38.0,0.1734485184191046,0.0,0.0,1410.173448518419,17,031,834300,2,170318343002
97.0,43.0,0.0,32.0,0.0,0.0,0.0,30.0,30.0,50.0,46.0,76.0,0.0,0.0,0.0,0.0,404.0,17,031,834300,3,170318343003
0.0,34.0,0.0,80.0,0.0,41.0,0.0,190.0,95.0,29.0,0.0,170.0,68.0,0.0,0.0,0.0,707.0,17,031,834300,4,170318343004
129.0,38.0,45.0,127.0,0.0,33.0,104.0,40.0,0.0,119.0,63.0,297.0,254.0,0.0,0.0,0.0,1249.0,17,031,834300,5,170318343005
44.0,0.0,274.0,69.0,0.0,107.0,56.0,91.0,198.0,88.0,100.0,201.0,144.0,0.3468970368382092,0.0,0.0,1372.3468970368383,17,031,834300,6,170318343006
212.0,173.0,79.0,0.0,77.0,100.0,67.0,0.0,50.0,15.0,0.0,23.0,42.0,0.0,0.0,0.0,838.0,17,031,834400,1,170318344001
146.0,127.0,27.0,132.0,140.0,0.0,97.0,51.0,32.0,124.0,243.0,176.0,252.0,1.2345453369830388,0.0,0.0,1548.234545336983,17,031,834400,2,170318344002
148.0,0.0,98.0,156.0,228.0,26.0,95.0,63.0,23.0,114.0,167.0,138.0,61.0,0.18365137244375782,0.0,0.0,1317.1836513724438,17,031,834400,3,170318344003
456.0,100.0,94.0,103.0,59.0,85.0,66.0,148.0,25.0,81.0,88.0,170.0,69.0,0.0,0.0,0.0,1544.0,17,031,834500,1,170318345001
0.0,0.0,49.0,0.0,38.0,0.0,0.0,0.0,0.0,0.0,0.0,0.0,0.0,0.0,0.0,0.0,87.0,17,031,834600,1,170318346001
125.0,102.0,111.0,13.0,13.0,15.0,0.0,32.0,0.0,17.0,32.0,0.0,11.0,0.0,0.0,0.0,471.0,17,031,834600,2,170318346002
134.0,228.0,134.0,58.0,0.0,105.0,0.0,0.0,0.0,0.0,146.0,99.0,0.0,0.0,0.0,0.0,904.0,17,031,834600,3,170318346003
488.0,58.0,27.0,89.0,82.0,264.0,106.0,116.0,68.0,58.0,27.0,86.0,30.0,0.0,0.0,0.0,1499.0,17,031,834600,4,170318346004
95.0,137.0,0.0,34.0,19.0,41.0,57.0,49.0,19.0,30.0,0.0,0.0,0.0,0.0,0.0,0.0,481.0,17,031,834700,1,170318347001
284.0,0.0,45.0,28.0,59.0,0.0,25.0,56.0,14.0,0.0,59.0,68.0,14.0,0.0,0.0,0.0,652.0,17,031,834700,2,170318347002
142.0,123.0,107.0,107.0,97.0,0.0,50.0,44.0,66.0,0.0,104.0,34.0,0.0,0.0,0.0,0.0,874.0,17,031,834700,3,170318347003
114.0,30.0,25.0,70.0,0.0,11.0,0.0,0.0,56.0,53.0,36.0,0.0,0.0,0.0,0.0,0.0,395.0,17,031,834800,1,170318348001
181.0,59.0,52.0,78.0,54.0,18.0,16.0,59.0,24.0,7.0,11.0,0.0,0.0,0.0,0.0,0.0,559.0,17,031,834800,2,170318348002
344.0,0.0,75.0,0.0,67.0,37.0,0.0,0.0,0.0,37.0,193.0,100.0,0.0,0.0,0.0,0.0,853.0,17,031,834800,3,170318348003
196.0,118.0,28.0,41.0,20.0,90.0,65.0,49.0,0.0,82.0,0.0,86.0,36.0,0.0,0.0,0.0,811.0,17,031,834900,1,170318349001
384.0,317.0,149.0,158.0,92.0,25.0,73.0,25.0,0.0,18.0,124.0,48.0,0.0,0.0,0.0,0.0,1413.0,17,031,834900,2,170318349002
98.0,20.0,134.0,134.0,29.0,5.0,50.0,26.0,101.0,68.0,23.0,68.0,35.0,0.14283995634514499,0.0,0.0,791.1428399563451,17,031,835000,1,170318350001
277.0,71.0,52.0,120.0,297.0,55.0,0.0,130.0,0.0,52.0,32.0,0.0,0.0,0.0,0.0,0.0,1086.0,17,031,835000,2,170318350002
180.0,53.0,190.0,60.0,196.0,139.0,57.0,60.0,0.0,155.0,126.0,50.0,38.0,0.0,0.0,0.0,1304.0,17,031,835000,3,170318350003
411.0,222.0,281.0,55.0,29.0,118.0,40.0,0.0,0.0,96.0,222.0,89.0,0.0,0.0,0.0,0.0,1563.0,17,031,835000,4,170318350004
178.0,62.0,99.0,37.0,178.0,0.0,0.0,95.0,53.0,70.0,0.0,132.0,62.0,0.0,0.0,0.0,966.0,17,031,835000,5,170318350005
125.0,40.0,147.0,114.0,121.0,59.0,0.0,88.0,143.0,107.0,195.0,99.0,29.0,0.22446278854237067,0.0,0.0,1267.2244627885423,17,031,835100,1,170318351001
44.0,79.0,0.0,111.0,270.0,111.0,137.0,0.0,35.0,0.0,230.0,0.0,88.0,0.0,0.0,0.0,1105.0,17,031,835100,2,170318351002
73.0,65.0,195.0,78.0,95.0,82.0,221.0,0.0,139.0,269.0,0.0,265.0,0.0,0.3060856207395964,0.0,0.0,1482.3060856207396,17,031,835100,3,170318351003
157.0,0.0,45.0,40.0,153.0,72.0,211.0,130.0,54.0,365.0,99.0,248.0,0.0,0.0,0.0,0.0,1574.0,17,031,835100,4,170318351004
59.0,68.0,255.0,102.0,139.0,152.0,71.0,46.0,77.0,174.0,335.0,68.0,139.0,0.6631855116024589,0.0,0.0,1685.6631855116025,17,031,835200,1,170318352001
335.0,102.0,59.0,17.0,48.0,15.0,4.0,21.0,12.0,26.0,0.0,10.0,25.0,0.0,0.0,0.0,674.0,17,031,835500,1,170318355001
198.0,72.0,72.0,8.0,108.0,19.0,106.0,69.0,44.0,13.0,41.0,92.0,50.0,0.0,0.0,0.0,892.0,17,031,835500,2,170318355002
116.0,77.0,167.0,5.0,11.0,0.0,0.0,14.0,0.0,53.0,0.0,50.0,50.0,0.0,0.0,0.0,543.0,17,031,835600,1,170318356001
110.0,40.0,26.0,36.0,14.0,40.0,0.0,21.0,0.0,21.0,31.0,24.0,12.0,0.0,0.0,0.0,375.0,17,031,835600,2,170318356002
248.0,0.0,0.0,0.0,0.0,0.0,0.0,0.0,0.0,0.0,0.0,0.0,0.0,0.0,0.0,0.0,248.0,17,031,835700,1,170318357001
296.0,103.0,28.0,77.0,33.0,38.0,72.0,14.0,38.0,149.0,142.0,67.0,209.0,0.7550111978243377,0.0,0.0,1266.7550111978244,17,031,835800,1,170318358001
523.0,219.0,159.0,89.0,39.0,32.0,32.0,0.0,56.0,45.0,41.0,43.0,100.0,0.1734485184191046,0.0,0.0,1378.173448518419,17,031,835900,1,170318359001
184.0,141.0,70.0,30.0,12.0,30.0,0.0,15.0,52.0,135.0,126.0,55.0,126.0,0.0,0.0,0.0,976.0,17,031,835900,2,170318359002
296.0,112.0,108.0,83.0,40.0,180.0,11.0,18.0,33.0,49.0,58.0,0.0,29.0,0.0,0.0,0.0,1017.0,17,031,835900,3,170318359003
236.0,55.0,30.0,16.0,27.0,30.0,16.0,55.0,0.0,192.0,55.0,104.0,0.0,0.0,0.0,0.0,816.0,17,031,836000,1,170318360001
13.0,11.0,0.0,0.0,13.0,11.0,27.0,0.0,13.0,36.0,86.0,342.0,13.0,0.27547705866563676,0.0,0.0,565.2754770586656,17,031,836000,2,170318360002
115.0,78.0,75.0,138.0,28.0,0.0,89.0,17.0,187.0,115.0,106.0,0.0,14.0,0.37750559891216884,0.0,0.0,962.3775055989122,17,031,836000,3,170318360003
243.0,54.0,66.0,12.0,84.0,57.0,99.0,42.0,27.0,75.0,72.0,45.0,18.0,0.0,0.0,0.0,894.0,17,031,836100,1,170318361001
193.0,64.0,128.0,44.0,34.0,0.0,0.0,0.0,17.0,124.0,133.0,0.0,0.0,0.0,0.0,0.0,737.0,17,031,836100,3,170318361003
7.0,7.0,0.0,7.0,0.0,9.0,22.0,0.0,0.0,7.0,39.0,29.0,82.0,0.0,0.0,0.0,209.0,17,031,836200,1,170318362001
76.0,0.0,39.0,34.0,34.0,36.0,0.0,31.0,39.0,79.0,181.0,144.0,0.0,0.0,0.0,0.0,693.0,17,031,836300,1,170318363001
75.0,6.0,28.0,66.0,50.0,44.0,12.0,24.0,10.0,50.0,95.0,113.0,54.0,0.9284597162434424,0.0,0.0,627.9284597162434,17,031,836300,2,170318363002
242.0,119.0,107.0,13.0,18.0,39.0,0.0,18.0,36.0,0.0,97.0,14.0,11.0,0.0,0.0,0.0,714.0,17,031,836400,1,170318364001
498.0,111.0,34.0,0.0,0.0,48.0,94.0,204.0,0.0,55.0,104.0,24.0,29.0,0.0,0.0,0.0,1201.0,17,031,836400,2,170318364002
50.0,184.0,59.0,33.0,27.0,0.0,29.0,16.0,6.0,78.0,55.0,50.0,101.0,0.9692711323420552,0.0,0.0,688.9692711323421,17,031,836400,3,170318364003
184.0,220.0,113.0,187.0,146.0,80.0,104.0,11.0,38.0,8.0,60.0,5.0,0.0,0.0816228321972257,0.0,0.0,1156.0816228321971,17,031,836500,1,170318365001
88.0,15.0,0.0,43.0,33.0,0.0,10.0,55.0,25.0,50.0,99.0,17.0,38.0,0.0,0.0,0.0,473.0,17,031,836500,2,170318365002
49.0,112.0,0.0,0.0,102.0,0.0,372.0,0.0,0.0,132.0,257.0,155.0,62.0,0.0,0.0,0.0,1241.0,17,031,836600,1,170318366001
310.0,82.0,32.0,144.0,0.0,0.0,38.0,14.0,20.0,44.0,128.0,66.0,174.0,0.42851986903543493,0.0,0.0,1052.4285198690354,17,031,836600,2,170318366002
367.0,79.0,261.0,52.0,79.0,95.0,33.0,13.0,66.0,109.0,62.0,148.0,52.0,0.0,0.0,0.0,1416.0,17,031,836700,1,170318367001
249.0,51.0,88.0,123.0,95.0,143.0,71.0,10.0,20.0,102.0,37.0,78.0,99.0,0.0,0.0,0.0,1166.0,17,031,836700,2,170318367002
99.0,24.0,69.0,8.0,0.0,0.0,66.0,130.0,0.0,52.0,27.0,83.0,0.0,0.0,0.0,0.0,558.0,17,031,836800,1,170318368001
916.0,170.0,186.0,115.0,11.0,77.0,91.0,28.0,17.0,19.0,15.0,0.0,22.0,0.0,0.0,0.0,1667.0,17,031,836800,2,170318368002
193.0,50.0,16.0,73.0,81.0,0.0,0.0,0.0,56.0,67.0,162.0,95.0,42.0,0.0,0.0,0.0,835.0,17,031,836900,1,170318369001
88.0,88.0,34.0,53.0,42.0,0.0,38.0,103.0,0.0,115.0,38.0,19.0,23.0,0.6631855116024589,0.0,0.0,641.6631855116025,17,031,836900,2,170318369002
502.0,99.0,64.0,40.0,61.0,59.0,69.0,88.0,11.0,83.0,42.0,21.0,66.0,0.0,0.0,0.0,1205.0,17,031,837000,1,170318370001
285.0,90.0,34.0,55.0,114.0,66.0,0.0,20.0,20.0,80.0,184.0,135.0,87.0,0.0,0.0,0.0,1170.0,17,031,837000,2,170318370002
151.0,110.0,5.0,52.0,39.0,9.0,7.0,22.0,0.0,0.0,43.0,57.0,0.0,0.0,0.0,0.0,495.0,17,031,837100,1,170318371001
232.0,316.0,76.0,57.0,60.0,38.0,151.0,60.0,0.0,12.0,55.0,144.0,84.0,0.4897369931833542,0.0,0.0,1285.4897369931834,17,031,837100,2,170318371002
228.0,108.0,96.0,31.0,179.0,48.0,0.0,42.0,0.0,17.0,96.0,85.0,17.0,0.0,0.0,0.0,947.0,17,031,837300,1,170318373001
137.0,46.0,172.0,32.0,0.0,87.0,0.0,32.0,0.0,29.0,79.0,140.0,93.0,0.14283995634514499,0.0,0.0,847.1428399563451,17,031,837300,2,170318373002
295.0,68.0,13.0,31.0,42.0,26.0,0.0,134.0,0.0,102.0,0.0,176.0,26.0,0.18365137244375782,0.0,0.0,913.1836513724437,17,031,837400,1,170318374001
92.0,153.0,22.0,73.0,99.0,35.0,51.0,0.0,76.0,57.0,0.0,128.0,0.0,0.0,0.0,0.0,786.0,17,031,837400,2,170318374002
257.0,0.0,254.0,16.0,91.0,47.0,24.0,85.0,0.0,85.0,216.0,337.0,152.0,1.1223139427118534,0.0,0.0,1565.1223139427118,17,031,837800,1,170318378001
117.0,82.0,137.0,65.0,108.0,125.0,42.0,88.0,54.0,94.0,200.0,42.0,102.0,0.2550713506163303,0.0,0.0,1256.2550713506164,17,031,837800,2,170318378002
46.0,0.0,0.0,8.0,89.0,0.0,0.0,35.0,15.0,78.0,80.0,122.0,198.0,0.8774454461201763,0.0,0.0,671.8774454461202,17,031,838000,1,170318380001
1048.0,309.0,54.0,27.0,66.0,20.0,87.0,82.0,0.0,34.0,20.0,89.0,68.0,0.18365137244375782,0.0,0.0,1904.1836513724438,17,031,838000,2,170318380002
336.0,135.0,99.0,50.0,28.0,5.0,28.0,0.0,22.0,65.0,73.0,67.0,62.0,0.530548409281967,0.0,0.0,970.530548409282,17,031,838100,1,170318381001
76.0,17.0,17.0,9.0,64.0,30.0,9.0,13.0,10.0,22.0,11.0,10.0,0.0,0.0,0.0,0.0,288.0,17,031,838100,2,170318381002
135.0,0.0,0.0,0.0,0.0,0.0,14.0,0.0,0.0,47.0,12.0,94.0,38.0,0.2448684965916771,0.0,0.0,340.24486849659166,17,031,838100,3,170318381003
142.0,16.0,80.0,30.0,0.0,30.0,28.0,16.0,57.0,64.0,88.0,64.0,47.0,0.673388365627112,0.0,0.0,662.6733883656271,17,031,838200,1,170318382001
30.0,53.0,11.0,16.0,0.0,0.0,0.0,0.0,19.0,19.0,14.0,0.0,0.0,0.0,0.0,0.0,162.0,17,031,838200,2,170318382002
252.0,57.0,72.0,22.0,30.0,25.0,15.0,22.0,20.0,35.0,47.0,127.0,32.0,0.42851986903543493,0.0,0.0,756.4285198690354,17,031,838300,1,170318383001
13.0,39.0,16.0,39.0,14.0,102.0,13.0,0.0,20.0,65.0,43.0,39.0,24.0,0.07141997817257249,0.0,0.0,427.07141997817257,17,031,838300,2,170318383002
189.0,116.0,137.0,22.0,0.0,15.0,0.0,5.0,45.0,47.0,0.0,0.0,0.0,0.0,0.0,0.0,576.0,17,031,838600,1,170318386001
262.0,73.0,17.0,0.0,103.0,0.0,0.0,0.0,17.0,0.0,0.0,155.0,0.0,0.0,0.0,0.0,627.0,17,031,838600,2,170318386002
814.0,217.0,260.0,133.0,0.0,101.0,231.0,32.0,97.0,0.0,347.0,0.0,0.0,0.0,0.0,0.0,2232.0,17,031,838700,1,170318387001
108.0,148.0,118.0,81.0,84.0,98.0,27.0,0.0,27.0,37.0,50.0,70.0,0.0,0.0,0.0,0.0,848.0,17,031,838700,2,170318387002
343.0,114.0,0.0,127.0,52.0,0.0,71.0,22.0,0.0,71.0,219.0,0.0,42.0,0.0,0.0,0.0,1061.0,17,031,838700,3,170318387003
214.0,0.0,113.0,107.0,0.0,0.0,32.0,0.0,0.0,48.0,117.0,71.0,0.0,0.0,0.0,0.0,702.0,17,031,838700,4,170318387004
82.0,147.0,0.0,8.0,95.0,0.0,0.0,0.0,0.0,78.0,138.0,104.0,134.0,0.0,0.0,0.0,786.0,17,031,838800,1,170318388001
724.0,162.0,363.0,122.0,180.0,84.0,96.0,165.0,46.0,209.0,40.0,209.0,17.0,0.0,0.0,0.0,2417.0,17,031,838800,2,170318388002
105.0,258.0,0.0,40.0,130.0,140.0,48.0,0.0,116.0,108.0,237.0,424.0,143.0,1.4283995634514497,0.0,0.0,1750.4283995634514,17,031,839000,1,170318390001
163.0,245.0,0.0,0.0,151.0,92.0,8.0,0.0,191.0,86.0,174.0,701.0,275.0,2.693553462508448,0.0,0.0,2088.6935534625086,17,031,839000,2,170318390002
288.0,31.0,17.0,108.0,0.0,41.0,0.0,106.0,27.0,36.0,113.0,77.0,106.0,0.5815626794052331,0.0,0.0,950.5815626794052,17,031,839000,3,170318390003
0.0,0.0,0.0,0.0,0.0,59.0,33.0,0.0,14.0,0.0,138.0,99.0,184.0,1.5916452278459012,0.0,0.0,528.5916452278459,17,031,839000,4,170318390004
365.0,32.0,60.0,42.0,73.0,0.0,55.0,78.0,44.0,134.0,441.0,336.0,170.0,1.050893964539281,0.0,0.0,1831.0508939645392,17,031,839100,1,170318391001
123.0,84.0,78.0,24.0,49.0,17.0,26.0,49.0,0.0,78.0,48.0,308.0,95.0,1.2855596071063047,0.0,0.0,980.2855596071063,17,031,839100,2,170318391002
13.0,23.0,0.0,23.0,57.0,0.0,0.0,41.0,0.0,0.0,70.0,0.0,13.0,0.0,0.0,0.0,240.0,17,031,839200,1,170318392001
247.0,33.0,16.0,118.0,12.0,34.0,130.0,42.0,24.0,93.0,171.0,220.0,18.0,0.4897369931833542,0.0,0.0,1158.4897369931834,17,031,839200,2,170318392002
183.0,64.0,0.0,56.0,61.0,14.0,0.0,59.0,0.0,21.0,101.0,91.0,17.0,0.0,0.0,0.0,667.0,17,031,839200,3,170318392003
288.0,193.0,111.0,68.0,15.0,38.0,0.0,40.0,0.0,8.0,160.0,88.0,50.0,0.336694182813556,0.0,0.0,1059.3366941828135,17,031,839500,1,170318395001
205.0,65.0,55.0,78.0,29.0,37.0,40.0,7.0,0.0,60.0,29.0,73.0,14.0,0.23466564256702388,0.0,0.0,692.234665642567,17,031,839600,1,170318396001
105.0,81.0,137.0,105.0,14.0,41.0,12.0,14.0,9.0,12.0,56.0,71.0,76.0,0.09182568622187891,0.0,0.0,733.0918256862219,17,031,839600,2,170318396002
133.0,20.0,41.0,112.0,65.0,140.0,99.0,54.0,0.0,93.0,0.0,161.0,96.0,1.1631253588104662,0.0,0.0,1015.1631253588105,17,031,839700,1,170318397001
70.0,138.0,60.0,67.0,101.0,250.0,109.0,0.0,91.0,133.0,125.0,284.0,0.0,0.6631855116024589,0.0,0.0,1428.6631855116025,17,031,839700,2,170318397002
264.0,137.0,28.0,137.0,91.0,287.0,111.0,77.0,37.0,103.0,189.0,284.0,94.0,0.22446278854237067,0.0,0.0,1839.2244627885423,17,031,839700,3,170318397003
18.0,0.0,96.0,68.0,54.0,26.0,0.0,20.0,48.0,94.0,62.0,52.0,72.0,0.0816228321972257,0.0,0.0,610.0816228321972,17,031,839800,1,170318398001
49.0,79.0,101.0,20.0,128.0,85.0,51.0,67.0,13.0,101.0,74.0,128.0,99.0,0.2448684965916771,0.0,0.0,995.2448684965917,17,031,839800,2,170318398002
121.0,41.0,35.0,0.0,13.0,69.0,27.0,19.0,60.0,16.0,38.0,149.0,102.0,0.49993984720800744,0.0,0.0,690.499939847208,17,031,839800,3,170318398003
91.0,61.0,54.0,0.0,79.0,0.0,0.0,0.0,15.0,45.0,79.0,134.0,29.0,0.13263710232049175,0.0,0.0,587.1326371023205,17,031,839900,1,170318399001
150.0,71.0,0.0,33.0,13.0,44.0,0.0,20.0,118.0,6.0,136.0,192.0,51.0,1.5304281036979819,0.0,0.0,835.530428103698,17,031,839900,2,170318399002
88.0,42.0,31.0,82.0,8.0,0.0,22.0,57.0,62.0,15.0,28.0,44.0,55.0,0.336694182813556,0.0,0.0,534.3366941828135,17,031,839900,3,170318399003
15.0,75.0,0.0,0.0,20.0,20.0,70.0,70.0,0.0,75.0,93.0,106.0,40.0,0.5917655334298864,0.0,0.0,584.5917655334299,17,031,839900,4,170318399004
225.0,0.0,12.0,19.0,41.0,0.0,26.0,19.0,19.0,100.0,14.0,93.0,93.0,0.19385422646841105,0.0,0.0,661.1938542264684,17,031,839900,5,170318399005
102.0,167.0,115.0,182.0,90.0,42.0,67.0,52.0,240.0,162.0,125.0,207.0,72.0,1.3977910013774901,0.0,0.0,1624.3977910013775,17,031,840000,1,170318400001
20.0,31.0,0.0,0.0,0.0,0.0,111.0,20.0,22.0,14.0,28.0,88.0,134.0,0.5203455552573139,0.0,0.0,468.52034555525734,17,031,840000,2,170318400002
100.0,0.0,106.0,57.0,20.0,20.0,163.0,17.0,0.0,68.0,103.0,14.0,25.0,0.0,0.0,0.0,693.0,17,031,840100,1,170318401001
189.0,111.0,96.0,283.0,98.0,126.0,131.0,88.0,40.0,40.0,187.0,166.0,0.0,0.12243424829583854,0.0,0.0,1555.1224342482958,17,031,840100,2,170318401002
345.0,127.0,117.0,197.0,120.0,190.0,53.0,90.0,150.0,174.0,348.0,311.0,90.0,1.4692109795500625,0.0,0.0,2313.46921097955,17,031,840200,1,170318402001
47.0,36.0,33.0,31.0,59.0,101.0,0.0,33.0,0.0,87.0,14.0,36.0,39.0,0.3162884747642496,0.0,0.0,516.3162884747643,17,031,840300,1,170318403001
119.0,0.0,33.0,7.0,63.0,48.0,93.0,29.0,37.0,149.0,167.0,160.0,33.0,0.908054008194136,0.0,0.0,938.9080540081941,17,031,840300,2,170318403002
243.0,108.0,130.0,187.0,48.0,201.0,228.0,187.0,82.0,426.0,254.0,179.0,18.0,0.9488654242927488,0.0,0.0,2291.9488654242928,17,031,840300,3,170318403003
290.0,19.0,340.0,40.0,124.0,67.0,0.0,0.0,19.0,100.0,24.0,134.0,45.0,0.4897369931833542,0.0,0.0,1202.4897369931834,17,031,840400,1,170318404001
234.0,122.0,184.0,62.0,75.0,150.0,122.0,62.0,200.0,78.0,253.0,190.0,65.0,0.6631855116024589,0.0,0.0,1797.6631855116025,17,031,840400,2,170318404002
62.0,0.0,91.0,22.0,0.0,82.0,0.0,51.0,25.0,0.0,31.0,31.0,51.0,0.0,0.0,0.0,446.0,17,031,840700,1,170318407001
104.0,92.0,189.0,149.0,282.0,76.0,205.0,68.0,96.0,197.0,76.0,68.0,0.0,0.0,0.0,0.0,1602.0,17,031,840700,2,170318407002
276.0,148.0,85.0,463.0,111.0,203.0,59.0,148.0,190.0,42.0,23.0,0.0,111.0,0.19385422646841105,0.0,0.0,1859.1938542264684,17,031,840700,3,170318407003
132.0,91.0,216.0,297.0,220.0,355.0,150.0,91.0,40.0,110.0,33.0,179.0,44.0,0.0,0.0,0.0,1958.0,17,031,840800,1,170318408001
158.0,158.0,162.0,114.0,106.0,118.0,178.0,31.0,126.0,71.0,154.0,71.0,0.0,0.0,0.0,0.0,1447.0,17,031,840800,2,170318408002
79.0,67.0,59.0,26.0,139.0,39.0,13.0,6.0,0.0,42.0,27.0,38.0,84.0,0.21425993451771747,0.0,0.0,619.2142599345177,17,031,841000,1,170318410001
265.0,195.0,86.0,284.0,150.0,39.0,122.0,44.0,27.0,83.0,131.0,147.0,125.0,1.4181967094267967,0.0,0.0,1699.4181967094269,17,031,841100,1,170318411001
622.0,381.0,117.0,46.0,132.0,160.0,135.0,67.0,0.0,107.0,468.0,43.0,0.0,1.1223139427118534,0.0,0.0,2279.122313942712,17,031,841100,2,170318411002
204.0,79.0,274.0,236.0,76.0,0.0,47.0,105.0,95.0,95.0,146.0,63.0,274.0,1.5202252496733286,0.0,0.0,1695.5202252496733,17,031,841100,3,170318411003
582.0,227.0,91.0,0.0,107.0,265.0,0.0,33.0,0.0,31.0,35.0,0.0,0.0,0.0,0.0,0.0,1371.0,17,031,841100,4,170318411004
195.0,97.0,57.0,50.0,343.0,97.0,249.0,104.0,57.0,90.0,57.0,166.0,0.0,0.0,0.0,0.0,1562.0,17,031,841200,1,170318412001
86.0,0.0,93.0,155.0,217.0,287.0,24.0,27.0,141.0,387.0,155.0,186.0,58.0,0.7346054897750313,0.0,0.0,1816.734605489775,17,031,841200,2,170318412002
325.0,124.0,216.0,226.0,248.0,306.0,181.0,76.0,76.0,162.0,124.0,41.0,41.0,0.0,0.0,0.0,2146.0,17,031,841200,3,170318412003
0.0,22.0,0.0,202.0,58.0,91.0,147.0,85.0,58.0,55.0,49.0,248.0,0.0,0.8978511541694827,0.0,0.0,1015.8978511541695,17,031,841300,1,170318413001
148.0,55.0,302.0,214.0,106.0,58.0,63.0,47.0,37.0,50.0,174.0,26.0,18.0,0.7550111978243377,0.0,0.0,1298.7550111978244,17,031,841300,2,170318413002
147.0,121.0,129.0,48.0,26.0,69.0,43.0,24.0,91.0,45.0,83.0,88.0,21.0,0.0,0.0,0.0,935.0,17,031,841300,3,170318413003
127.0,55.0,22.0,144.0,0.0,45.0,72.0,22.0,0.0,114.0,0.0,29.0,62.0,0.0,0.0,0.0,692.0,17,031,841300,4,170318413004
180.0,43.0,86.0,28.0,10.0,21.0,133.0,0.0,0.0,25.0,140.0,36.0,0.0,0.14283995634514499,0.0,0.0,702.1428399563451,17,031,841400,1,170318414001
130.0,0.0,24.0,55.0,102.0,0.0,0.0,24.0,0.0,15.0,87.0,99.0,0.0,0.18365137244375782,0.0,0.0,536.1836513724437,17,031,841400,2,170318414002
468.0,223.0,36.0,104.0,176.0,68.0,14.0,36.0,64.0,0.0,54.0,79.0,50.0,0.18365137244375782,0.0,0.0,1372.1836513724438,17,031,841500,1,170318415001
204.0,335.0,94.0,94.0,106.0,91.0,36.0,24.0,33.0,82.0,36.0,27.0,0.0,0.0,0.0,0.0,1162.0,17,031,841500,2,170318415002
339.0,20.0,50.0,162.0,6.0,13.0,0.0,30.0,47.0,10.0,16.0,27.0,91.0,0.0,0.0,0.0,811.0,17,031,841600,1,170318416001
332.0,364.0,168.0,87.0,133.0,27.0,83.0,78.0,48.0,76.0,115.0,50.0,20.0,0.09182568622187891,0.0,0.0,1581.091825686222,17,031,841700,1,170318417001
91.0,94.0,58.0,30.0,27.0,82.0,0.0,0.0,30.0,85.0,0.0,33.0,70.0,0.0,0.0,0.0,600.0,17,031,841800,1,170318418001
345.0,191.0,162.0,81.0,89.0,210.0,75.0,14.0,160.0,64.0,362.0,64.0,98.0,0.0,0.0,0.0,1915.0,17,031,841800,2,170318418002
84.0,9.0,0.0,17.0,0.0,0.0,8.0,8.0,0.0,114.0,149.0,177.0,285.0,0.4081141609861285,0.0,0.0,851.4081141609861,17,031,841900,1,170318419001
114.0,58.0,32.0,23.0,51.0,16.0,60.0,53.0,51.0,121.0,217.0,166.0,285.0,1.0202854024653212,0.0,0.0,1248.0202854024653,17,031,841900,2,170318419002
58.0,22.0,33.0,24.0,0.0,0.0,45.0,0.0,63.0,20.0,65.0,112.0,83.0,0.18365137244375782,0.0,0.0,525.1836513724437,17,031,842000,1,170318420001
17.0,0.0,0.0,8.0,0.0,0.0,0.0,8.0,0.0,4.0,10.0,0.0,25.0,0.12243424829583854,0.0,0.0,72.12243424829583,17,031,842000,2,170318420002
329.0,0.0,294.0,92.0,51.0,153.0,0.0,0.0,0.0,278.0,96.0,272.0,41.0,0.0,0.0,0.0,1606.0,17,031,842100,1,170318421001
214.0,97.0,130.0,126.0,133.0,78.0,38.0,0.0,0.0,0.0,107.0,149.0,59.0,0.3570998908628624,0.0,0.0,1131.3570998908629,17,031,842100,2,170318421002
164.0,0.0,0.0,0.0,89.0,149.0,0.0,0.0,0.0,0.0,125.0,51.0,0.0,0.0,0.0,0.0,578.0,17,031,842100,3,170318421003
222.0,256.0,229.0,18.0,196.0,128.0,0.0,0.0,0.0,116.0,0.0,94.0,79.0,0.45912843110939455,0.0,0.0,1338.4591284311093,17,031,842100,4,170318421004
146.0,0.0,0.0,50.0,119.0,0.0,142.0,0.0,100.0,65.0,92.0,127.0,57.0,0.0,0.0,0.0,898.0,17,031,842100,5,170318421005
205.0,52.0,59.0,0.0,261.0,0.0,55.0,0.0,0.0,0.0,63.0,44.0,52.0,0.0,0.0,0.0,791.0,17,031,842100,6,170318421006
378.0,113.0,49.0,37.0,41.0,86.0,51.0,24.0,29.0,35.0,198.0,356.0,165.0,2.3364535716455856,0.0,0.0,1564.3364535716455,17,031,842200,1,170318422001
159.0,38.0,66.0,48.0,102.0,17.0,17.0,10.0,61.0,78.0,55.0,87.0,247.0,1.5202252496733286,0.0,0.0,986.5202252496733,17,031,842300,1,170318423001
66.0,12.0,55.0,0.0,49.0,23.0,38.0,10.0,128.0,124.0,77.0,160.0,158.0,1.2855596071063047,0.0,0.0,901.2855596071063,17,031,842300,2,170318423002
17.0,80.0,147.0,57.0,60.0,78.0,82.0,22.0,22.0,17.0,332.0,82.0,17.0,0.0,0.0,0.0,1013.0,17,031,842400,1,170318424001
127.0,200.0,68.0,138.0,83.0,176.0,59.0,24.0,74.0,35.0,132.0,235.0,90.0,0.2448684965916771,0.0,0.0,1441.2448684965916,17,031,842400,2,170318424002
217.0,63.0,0.0,82.0,75.0,0.0,142.0,0.0,0.0,37.0,146.0,37.0,0.0,0.0,0.0,0.0,799.0,17,031,842400,3,170318424003
1119.0,260.0,310.0,90.0,222.0,93.0,43.0,32.0,29.0,0.0,96.0,43.0,29.0,0.0,0.0,0.0,2366.0,17,031,842500,1,170318425001
121.0,44.0,102.0,0.0,25.0,44.0,163.0,60.0,134.0,96.0,163.0,240.0,64.0,0.0,0.0,0.0,1256.0,17,031,842600,1,170318426001
128.0,0.0,47.0,81.0,175.0,23.0,0.0,43.0,0.0,60.0,37.0,114.0,0.0,0.6835912196517653,0.0,0.0,708.6835912196518,17,031,842600,2,170318426002
74.0,26.0,59.0,126.0,0.0,0.0,0.0,111.0,22.0,107.0,182.0,312.0,74.0,0.0,0.0,0.0,1093.0,17,031,842600,3,170318426003
253.0,152.0,79.0,32.0,32.0,0.0,0.0,43.0,28.0,83.0,148.0,195.0,137.0,1.2855596071063047,0.0,0.0,1183.2855596071063,17,031,842600,4,170318426004
150.0,48.0,26.0,182.0,123.0,118.0,78.0,0.0,0.0,0.0,118.0,0.0,21.0,0.0,0.0,0.0,864.0,17,031,842800,1,170318428001
61.0,367.0,54.0,0.0,174.0,96.0,34.0,30.0,139.0,108.0,119.0,112.0,0.0,0.0,0.0,0.0,1294.0,17,031,842800,2,170318428002
52.0,74.0,267.0,52.0,55.0,33.0,37.0,55.0,0.0,212.0,100.0,59.0,145.0,0.0,0.0,0.0,1141.0,17,031,842800,3,170318428003
261.0,0.0,22.0,210.0,0.0,39.0,96.0,34.0,0.0,0.0,62.0,516.0,119.0,0.6937940736764184,0.0,0.0,1359.6937940736764,17,031,842800,4,170318428004
68.0,118.0,354.0,25.0,243.0,204.0,57.0,100.0,110.0,214.0,300.0,57.0,96.0,0.28567991269028997,0.0,0.0,1946.2856799126903,17,031,842800,5,170318428005
0.0,0.0,0.0,151.0,118.0,33.0,354.0,33.0,0.0,0.0,147.0,0.0,0.0,0.0,0.0,0.0,836.0,17,031,842800,6,170318428006
146.0,28.0,66.0,0.0,8.0,0.0,16.0,30.0,3.0,5.0,40.0,30.0,7.0,0.030608562073959636,0.0,0.0,379.03060856207395,17,031,842900,1,170318429001
355.0,71.0,313.0,228.0,69.0,102.0,0.0,0.0,0.0,106.0,6.0,0.0,0.0,0.0,0.0,0.0,1250.0,17,031,842900,3,170318429003
63.0,92.0,25.0,0.0,7.0,0.0,3.0,16.0,0.0,57.0,0.0,38.0,0.0,0.0,0.0,0.0,301.0,17,031,842900,4,170318429004
497.0,190.0,211.0,116.0,122.0,208.0,143.0,8.0,53.0,14.0,14.0,47.0,71.0,0.0,0.0,0.0,1694.0,17,031,843000,1,170318430001
316.0,140.0,147.0,108.0,92.0,172.0,28.0,150.0,67.0,48.0,76.0,83.0,0.0,0.0,0.0,0.0,1427.0,17,031,843000,2,170318430002
291.0,186.0,81.0,145.0,31.0,186.0,159.0,81.0,50.0,54.0,177.0,27.0,54.0,0.0,0.0,0.0,1522.0,17,031,843100,1,170318431001
15.0,57.0,26.0,31.0,41.0,49.0,31.0,15.0,0.0,52.0,15.0,73.0,89.0,0.6631855116024589,0.0,0.0,494.6631855116025,17,031,843100,2,170318431002
53.0,0.0,170.0,94.0,277.0,192.0,63.0,0.0,182.0,15.0,151.0,85.0,97.0,0.7346054897750313,0.0,0.0,1379.734605489775,17,031,843200,1,170318432001
65.0,62.0,89.0,159.0,155.0,34.0,0.0,162.0,178.0,128.0,100.0,15.0,31.0,0.23466564256702388,0.0,0.0,1178.234665642567,17,031,843200,2,170318432002
172.0,147.0,120.0,65.0,0.0,151.0,72.0,103.0,116.0,134.0,161.0,61.0,0.0,0.0,0.0,0.0,1302.0,17,031,843300,1,170318433001
93.0,96.0,146.0,239.0,79.0,126.0,53.0,0.0,33.0,89.0,169.0,149.0,116.0,0.0,0.0,0.0,1388.0,17,031,843400,1,170318434001
87.0,179.0,47.0,169.0,20.0,37.0,81.0,87.0,74.0,16.0,87.0,77.0,16.0,0.0,0.0,0.0,977.0,17,031,843500,1,170318435001
310.0,78.0,135.0,0.0,78.0,56.0,89.0,18.0,40.0,0.0,153.0,78.0,0.0,0.2448684965916771,0.0,0.0,1035.2448684965916,17,031,843600,1,170318436001
204.0,227.0,155.0,145.0,72.0,166.0,0.0,47.0,39.0,79.0,49.0,129.0,51.0,0.0,0.0,0.0,1363.0,17,031,843600,2,170318436002
152.0,65.0,28.0,31.0,0.0,55.0,0.0,23.0,55.0,31.0,84.0,157.0,94.0,0.0,0.0,0.0,775.0,17,031,843700,1,170318437001
29.0,18.0,52.0,20.0,38.0,52.0,25.0,73.0,38.0,25.0,206.0,52.0,153.0,0.816228321972257,0.0,0.0,781.8162283219723,17,031,843700,2,170318437002
137.0,0.0,44.0,0.0,137.0,89.0,51.0,54.0,0.0,99.0,99.0,108.0,32.0,0.22446278854237067,0.0,0.0,850.2244627885424,17,031,843800,1,170318438001
87.0,110.0,68.0,160.0,114.0,15.0,160.0,53.0,11.0,7.0,45.0,99.0,45.0,0.0,0.0,0.0,974.0,17,031,843800,2,170318438002
167.0,99.0,110.0,79.0,0.0,16.0,25.0,69.0,0.0,11.0,23.0,0.0,14.0,0.12243424829583854,0.0,0.0,613.1224342482958,17,031,843900,1,170318439001
84.0,25.0,0.0,15.0,38.0,0.0,7.0,21.0,0.0,32.0,0.0,28.0,81.0,0.0,0.0,0.0,331.0,17,031,843900,2,170318439002
252.0,14.0,99.0,96.0,134.0,74.0,0.0,14.0,13.0,73.0,69.0,68.0,33.0,0.0,0.0,0.0,939.0,17,031,843900,3,170318439003
260.0,23.0,81.0,152.0,0.0,0.0,86.0,68.0,0.0,0.0,23.0,107.0,13.0,0.9386625702680955,0.0,0.0,813.9386625702681,17,031,843900,4,170318439004
53.0,44.0,5.0,0.0,0.0,20.0,87.0,16.0,59.0,115.0,79.0,42.0,0.0,0.0,0.0,0.0,520.0,17,031,843900,5,170318439005
31.0,20.0,48.0,0.0,142.0,55.0,125.0,104.0,104.0,142.0,240.0,483.0,285.0,0.4183170150107817,0.0,0.0,1779.4183170150109,17,043,840000,1,170438400001
110.0,24.0,82.0,0.0,62.0,34.0,0.0,251.0,37.0,17.0,131.0,189.0,72.0,0.0,0.0,0.0,1009.0,17,043,840000,2,170438400002
21.0,77.0,92.0,0.0,98.0,24.0,61.0,83.0,27.0,52.0,231.0,182.0,43.0,1.6936737680924332,0.0,0.0,992.6936737680925,17,043,840101,1,170438401011
139.0,24.0,0.0,99.0,109.0,30.0,54.0,178.0,21.0,109.0,166.0,206.0,172.0,0.5203455552573139,0.0,0.0,1307.5203455552573,17,043,840101,2,170438401012
65.0,34.0,34.0,65.0,38.0,54.0,38.0,34.0,38.0,193.0,351.0,474.0,65.0,0.0,0.0,0.0,1483.0,17,043,840101,3,170438401013
44.0,0.0,123.0,188.0,67.0,44.0,0.0,28.0,112.0,19.0,210.0,311.0,126.0,1.203936774909079,0.0,0.0,1273.2039367749092,17,043,840101,4,170438401014
70.0,64.0,79.0,94.0,73.0,88.0,94.0,70.0,12.0,82.0,180.0,284.0,140.0,1.5916452278459012,0.0,0.0,1331.591645227846,17,043,840102,1,170438401021
0.0,114.0,53.0,39.0,30.0,122.0,170.0,108.0,25.0,159.0,401.0,281.0,69.0,0.8468368840462166,0.0,0.0,1571.8468368840463,17,043,840102,2,170438401022
45.0,45.0,108.0,55.0,48.0,84.0,154.0,99.0,101.0,188.0,50.0,101.0,62.0,0.2448684965916771,0.0,0.0,1140.2448684965916,17,043,840102,3,170438401023
0.0,63.0,112.0,138.0,100.0,63.0,61.0,57.0,0.0,66.0,181.0,319.0,200.0,0.2958827667149432,0.0,0.0,1360.2958827667148,17,043,840103,1,170438401031
0.0,0.0,72.0,160.0,53.0,106.0,0.0,172.0,0.0,84.0,241.0,150.0,188.0,1.0202854024653212,0.0,0.0,1227.0202854024653,17,043,840103,2,170438401032
0.0,0.0,0.0,45.0,0.0,0.0,119.0,0.0,31.0,208.0,199.0,293.0,111.0,0.9590682783174019,0.0,0.0,1006.9590682783174,17,043,840103,3,170438401033
41.0,43.0,113.0,0.0,52.0,91.0,41.0,104.0,148.0,84.0,84.0,330.0,100.0,0.27547705866563676,0.0,0.0,1231.2754770586657,17,043,840103,4,170438401034
112.0,96.0,99.0,0.0,135.0,76.0,27.0,33.0,58.0,27.0,213.0,207.0,40.0,0.45912843110939455,0.0,0.0,1123.4591284311093,17,043,840104,1,170438401041
0.0,0.0,0.0,152.0,0.0,234.0,49.0,0.0,73.0,0.0,110.0,263.0,39.0,0.0,0.0,0.0,920.0,17,043,840104,2,170438401042
102.0,0.0,197.0,40.0,128.0,0.0,20.0,0.0,227.0,40.0,64.0,92.0,0.0,0.5713598253805799,0.0,0.0,910.5713598253806,17,043,840104,3,170438401043
103.0,108.0,0.0,146.0,174.0,310.0,244.0,381.0,70.0,0.0,61.0,0.0,0.0,0.0,0.0,0.0,1597.0,17,043,840104,4,170438401044
120.0,47.0,36.0,0.0,258.0,69.0,149.0,50.0,0.0,40.0,0.0,247.0,47.0,0.0,0.0,0.0,1063.0,17,043,840104,5,170438401045
46.0,109.0,0.0,0.0,0.0,0.0,46.0,49.0,21.0,62.0,161.0,540.0,171.0,0.7448083437996845,0.0,0.0,1205.7448083437996,17,043,840201,1,170438402011
0.0,0.0,0.0,234.0,29.0,43.0,0.0,73.0,80.0,73.0,216.0,303.0,232.0,2.407873549818158,0.0,0.0,1285.407873549818,17,043,840201,2,170438402012
67.0,42.0,42.0,0.0,198.0,107.0,0.0,0.0,0.0,318.0,270.0,225.0,139.0,0.7039969277010717,0.0,0.0,1408.7039969277012,17,043,840201,3,170438402013
0.0,0.0,92.0,79.0,36.0,0.0,29.0,33.0,39.0,95.0,95.0,290.0,369.0,1.8467165784622315,0.0,0.0,1158.8467165784623,17,043,840202,1,170438402021
0.0,67.0,0.0,47.0,28.0,28.0,0.0,25.0,0.0,107.0,166.0,56.0,149.0,1.4590081255254095,0.0,0.0,674.4590081255254,17,043,840202,2,170438402022
121.0,37.0,0.0,24.0,24.0,28.0,24.0,0.0,65.0,21.0,112.0,59.0,31.0,2.060976512979949,0.0,0.0,548.06097651298,17,043,840202,3,170438402023
25.0,0.0,0.0,25.0,59.0,0.0,62.0,187.0,25.0,21.0,140.0,463.0,187.0,2.101787929078562,0.0,0.0,1196.1017879290785,17,043,840202,4,170438402024
76.0,0.0,36.0,0.0,0.0,82.0,0.0,0.0,24.0,91.0,139.0,76.0,145.0,2.193613615300441,0.0,0.0,671.1936136153005,17,043,840303,1,170438403031
65.0,158.0,101.0,24.0,65.0,0.0,141.0,103.0,0.0,136.0,114.0,458.0,229.0,0.0,0.0,0.0,1594.0,17,043,840303,2,170438403032
189.0,123.0,240.0,204.0,0.0,114.0,60.0,267.0,0.0,114.0,30.0,105.0,30.0,0.0,0.0,0.0,1476.0,17,043,840303,3,170438403033
0.0,97.0,187.0,92.0,126.0,57.0,97.0,106.0,132.0,103.0,270.0,244.0,135.0,1.5202252496733286,0.0,0.0,1647.5202252496733,17,043,840304,1,170438403041
0.0,76.0,0.0,23.0,126.0,23.0,26.0,73.0,38.0,97.0,41.0,52.0,191.0,0.6835912196517653,0.0,0.0,766.6835912196518,17,043,840304,2,170438403042
20.0,0.0,64.0,0.0,51.0,23.0,25.0,20.0,0.0,113.0,62.0,186.0,25.0,0.336694182813556,0.0,0.0,589.3366941828135,17,043,840304,3,170438403043
24.0,63.0,65.0,67.0,18.0,55.0,45.0,69.0,41.0,84.0,131.0,137.0,133.0,0.9590682783174019,0.0,0.0,932.9590682783174,17,043,840600,1,170438406001
28.0,0.0,51.0,54.0,20.0,23.0,0.0,51.0,17.0,48.0,106.0,126.0,305.0,2.4894963820153837,0.0,0.0,831.4894963820154,17,043,840600,2,170438406002
0.0,145.0,0.0,84.0,76.0,19.0,24.0,43.0,84.0,169.0,49.0,84.0,468.0,2.1425993451771745,0.0,0.0,1247.1425993451771,17,043,840600,3,170438406003
172.0,127.0,31.0,66.0,68.0,0.0,86.0,115.0,125.0,83.0,179.0,287.0,118.0,0.7244026357503781,0.0,0.0,1457.7244026357503,17,043,840703,1,170438407031
106.0,29.0,0.0,79.0,206.0,111.0,98.0,251.0,10.0,63.0,225.0,583.0,257.0,0.9386625702680955,0.0,0.0,2018.9386625702682,17,043,840703,2,170438407032
0.0,66.0,28.0,25.0,72.0,17.0,77.0,40.0,51.0,86.0,126.0,181.0,37.0,0.4081141609861285,0.0,0.0,806.4081141609861,17,043,840704,1,170438407041
114.0,82.0,180.0,125.0,154.0,28.0,223.0,340.0,148.0,48.0,137.0,283.0,217.0,0.0,0.0,0.0,2079.0,17,043,840704,2,170438407042
0.0,0.0,0.0,88.0,97.0,250.0,21.0,113.0,21.0,70.0,342.0,342.0,229.0,0.8978511541694827,0.0,0.0,1573.8978511541695,17,043,840705,1,170438407051
10.0,19.0,43.0,29.0,68.0,65.0,38.0,38.0,217.0,125.0,43.0,157.0,174.0,0.0,0.0,0.0,1026.0,17,043,840705,2,170438407052
0.0,40.0,80.0,70.0,64.0,89.0,0.0,36.0,73.0,86.0,67.0,289.0,301.0,1.0917053806378938,0.0,0.0,1196.091705380638,17,043,840706,1,170438407061
60.0,0.0,60.0,67.0,75.0,0.0,0.0,30.0,0.0,213.0,472.0,165.0,311.0,0.7652140518489909,0.0,0.0,1453.765214051849,17,043,840706,2,170438407062
50.0,20.0,97.0,23.0,140.0,100.0,36.0,33.0,63.0,50.0,184.0,264.0,56.0,0.5101427012326606,0.0,0.0,1116.5101427012326,17,043,840801,2,170438408012
307.0,100.0,60.0,0.0,42.0,95.0,37.0,27.0,85.0,20.0,35.0,168.0,57.0,0.816228321972257,0.0,0.0,1033.8162283219722,17,043,840801,3,170438408013
0.0,111.0,0.0,61.0,190.0,50.0,68.0,0.0,0.0,216.0,61.0,165.0,136.0,0.21425993451771747,0.0,0.0,1058.2142599345177,17,043,840802,1,170438408021
61.0,41.0,92.0,0.0,24.0,0.0,141.0,0.0,0.0,0.0,97.0,156.0,95.0,0.5713598253805799,0.0,0.0,707.5713598253806,17,043,840802,2,170438408022
43.0,26.0,62.0,57.0,115.0,79.0,16.0,79.0,57.0,69.0,192.0,120.0,24.0,1.6630652060184736,0.0,0.0,940.6630652060185,17,043,840802,3,170438408023
200.0,0.0,0.0,0.0,53.0,0.0,0.0,16.0,25.0,73.0,107.0,363.0,39.0,0.0,0.0,0.0,876.0,17,043,840802,4,170438408024
0.0,0.0,0.0,0.0,0.0,98.0,125.0,66.0,31.0,86.0,435.0,156.0,321.0,0.7550111978243377,0.0,0.0,1318.7550111978244,17,043,840802,5,170438408025
151.0,80.0,90.0,104.0,36.0,161.0,56.0,165.0,39.0,322.0,139.0,283.0,68.0,0.2448684965916771,0.0,0.0,1694.2448684965916,17,043,840901,1,170438409011
30.0,20.0,57.0,20.0,0.0,60.0,122.0,65.0,95.0,37.0,217.0,180.0,282.0,0.816228321972257,0.0,0.0,1185.8162283219722,17,043,840901,2,170438409012
51.0,75.0,130.0,281.0,341.0,29.0,111.0,203.0,78.0,140.0,271.0,121.0,230.0,0.37750559891216884,0.0,0.0,2061.377505598912,17,043,840904,1,170438409041
21.0,126.0,53.0,21.0,82.0,301.0,48.0,157.0,204.0,75.0,386.0,170.0,80.0,0.7652140518489909,0.0,0.0,1724.765214051849,17,043,840904,2,170438409042
41.0,85.0,176.0,88.0,96.0,0.0,299.0,41.0,220.0,214.0,22.0,151.0,46.0,0.0,0.0,0.0,1479.0,17,043,840906,1,170438409061
30.0,21.0,117.0,63.0,54.0,165.0,123.0,45.0,33.0,123.0,301.0,252.0,111.0,0.7039969277010717,0.0,0.0,1438.7039969277012,17,043,840906,2,170438409062
49.0,156.0,31.0,127.0,54.0,118.0,104.0,177.0,93.0,129.0,469.0,295.0,186.0,0.8264311759969102,0.0,0.0,1988.826431175997,17,043,840907,1,170438409071
254.0,24.0,415.0,38.0,74.0,60.0,0.0,110.0,72.0,74.0,199.0,315.0,41.0,1.7140794761417397,0.0,0.0,1677.7140794761417,17,043,840907,2,170438409072
26.0,0.0,265.0,0.0,80.0,0.0,20.0,26.0,0.0,26.0,292.0,80.0,235.0,1.6018480818705543,0.0,0.0,1051.6018480818705,17,043,840908,1,170438409081
0.0,0.0,0.0,0.0,104.0,0.0,159.0,115.0,70.0,178.0,167.0,550.0,81.0,3.224101871790415,0.0,0.0,1427.2241018717905,17,043,840908,2,170438409082
198.0,15.0,0.0,73.0,134.0,60.0,184.0,89.0,50.0,63.0,84.0,195.0,81.0,0.0,0.0,0.0,1226.0,17,043,840908,3,170438409083
0.0,0.0,23.0,0.0,129.0,31.0,133.0,101.0,47.0,86.0,243.0,109.0,180.0,3.356738974110907,0.0,0.0,1085.3567389741108,17,043,840910,1,170438409101
0.0,36.0,20.0,0.0,110.0,211.0,77.0,16.0,80.0,321.0,194.0,371.0,83.0,0.0,0.0,0.0,1519.0,17,043,840910,2,170438409102
0.0,0.0,0.0,0.0,0.0,17.0,178.0,0.0,58.0,175.0,192.0,227.0,99.0,1.295762461130958,0.0,0.0,947.295762461131,17,043,840910,3,170438409103
32.0,0.0,136.0,44.0,124.0,207.0,100.0,32.0,121.0,0.0,159.0,94.0,8.0,0.0,0.0,0.0,1057.0,17,043,840910,4,170438409104
40.0,50.0,0.0,44.0,16.0,44.0,40.0,74.0,20.0,98.0,37.0,166.0,84.0,1.581442373821248,0.0,0.0,714.5814423738212,17,043,840911,1,170438409111
66.0,52.0,111.0,125.0,122.0,73.0,0.0,111.0,150.0,265.0,101.0,321.0,268.0,1.7038766221170865,0.0,0.0,1766.7038766221171,17,043,840911,2,170438409112
21.0,0.0,23.0,65.0,19.0,82.0,28.0,84.0,54.0,175.0,214.0,353.0,39.0,0.7244026357503781,0.0,0.0,1157.7244026357503,17,043,841002,1,170438410021
92.0,0.0,139.0,0.0,0.0,53.0,32.0,89.0,29.0,80.0,53.0,130.0,142.0,1.5100223956486754,0.0,0.0,840.5100223956487,17,043,841002,2,170438410022
21.0,16.0,147.0,24.0,88.0,18.0,134.0,56.0,147.0,77.0,281.0,171.0,96.0,2.3772649877441987,0.0,0.0,1278.3772649877442,17,043,841003,1,170438410031
71.0,63.0,43.0,34.0,0.0,38.0,16.0,129.0,79.0,77.0,233.0,141.0,260.0,0.6223740955038459,0.0,0.0,1184.6223740955038,17,043,841003,2,170438410032
44.0,0.0,204.0,75.0,0.0,91.0,65.0,103.0,204.0,185.0,136.0,357.0,96.0,0.5917655334298864,0.0,0.0,1560.59176553343,17,043,841004,1,170438410041
63.0,74.0,71.0,21.0,21.0,66.0,39.0,82.0,201.0,230.0,174.0,222.0,159.0,2.4588878199414244,0.0,0.0,1425.4588878199415,17,043,841004,2,170438410042
12.0,0.0,25.0,20.0,0.0,59.0,23.0,67.0,0.0,294.0,10.0,110.0,368.0,0.46933128513404776,0.0,0.0,988.4693312851341,17,043,841102,1,170438411021
34.0,0.0,174.0,13.0,0.0,0.0,64.0,91.0,0.0,314.0,99.0,266.0,32.0,0.0,0.0,0.0,1087.0,17,043,841102,2,170438411022
43.0,24.0,24.0,40.0,0.0,43.0,37.0,164.0,37.0,96.0,133.0,401.0,323.0,0.3468970368382092,0.0,0.0,1365.3468970368383,17,043,841102,3,170438411023
0.0,49.0,0.0,27.0,24.0,59.0,47.0,29.0,70.0,329.0,240.0,340.0,208.0,1.5712395197965947,0.0,0.0,1423.5712395197966,17,043,841102,4,170438411024
30.0,128.0,124.0,84.0,0.0,158.0,30.0,33.0,50.0,175.0,181.0,485.0,353.0,0.5101427012326606,0.0,0.0,1831.5101427012326,17,043,841103,1,170438411031
60.0,0.0,17.0,25.0,50.0,72.0,25.0,25.0,62.0,47.0,220.0,52.0,183.0,0.530548409281967,0.0,0.0,838.530548409282,17,043,841103,2,170438411032
0.0,24.0,0.0,0.0,19.0,71.0,32.0,71.0,24.0,46.0,104.0,153.0,87.0,1.724282330166393,0.0,0.0,632.7242823301664,17,043,841103,3,170438411033
0.0,45.0,32.0,24.0,0.0,108.0,29.0,51.0,29.0,0.0,137.0,194.0,54.0,0.27547705866563676,0.0,0.0,703.2754770586656,17,043,841104,1,170438411041
0.0,0.0,0.0,35.0,32.0,0.0,64.0,0.0,35.0,84.0,97.0,356.0,103.0,0.5917655334298864,0.0,0.0,806.5917655334299,17,043,841104,2,170438411042
33.0,0.0,28.0,89.0,0.0,0.0,0.0,0.0,30.0,100.0,61.0,218.0,193.0,0.9386625702680955,0.0,0.0,752.9386625702681,17,043,841104,3,170438411043
0.0,0.0,28.0,97.0,114.0,22.0,0.0,25.0,48.0,211.0,257.0,214.0,154.0,0.45912843110939455,0.0,0.0,1170.4591284311093,17,043,841104,4,170438411044
0.0,0.0,147.0,0.0,100.0,57.0,0.0,64.0,36.0,324.0,75.0,507.0,39.0,0.2550713506163303,0.0,0.0,1349.2550713506164,17,043,841108,1,170438411081
170.0,0.0,0.0,0.0,37.0,129.0,103.0,140.0,0.0,137.0,103.0,215.0,155.0,0.6019683874545395,0.0,0.0,1189.6019683874545,17,043,841108,2,170438411082
43.0,0.0,67.0,16.0,0.0,67.0,100.0,13.0,20.0,110.0,107.0,438.0,194.0,1.877325140536191,0.0,0.0,1176.8773251405362,17,043,841108,3,170438411083
0.0,0.0,25.0,0.0,0.0,47.0,35.0,47.0,41.0,86.0,130.0,76.0,373.0,0.6427798035531523,0.0,0.0,860.6427798035531,17,043,841109,1,170438411091
76.0,81.0,181.0,43.0,35.0,141.0,322.0,33.0,21.0,212.0,150.0,293.0,217.0,0.530548409281967,0.0,0.0,1805.530548409282,17,043,841109,2,170438411092
46.0,0.0,70.0,0.0,49.0,156.0,33.0,61.0,30.0,24.0,334.0,135.0,89.0,0.6835912196517653,0.0,0.0,1027.6835912196518,17,043,841109,3,170438411093
25.0,25.0,72.0,102.0,41.0,29.0,56.0,0.0,59.0,143.0,59.0,396.0,82.0,0.0,0.0,0.0,1089.0,17,043,841110,1,170438411101
114.0,52.0,26.0,0.0,74.0,0.0,152.0,43.0,50.0,152.0,112.0,193.0,164.0,0.8468368840462166,0.0,0.0,1132.8468368840463,17,043,841110,2,170438411102
0.0,0.0,0.0,37.0,102.0,0.0,0.0,0.0,151.0,0.0,127.0,170.0,151.0,1.5100223956486754,0.0,0.0,739.5100223956487,17,043,841110,3,170438411103
41.0,32.0,76.0,102.0,9.0,44.0,90.0,88.0,102.0,167.0,109.0,177.0,219.0,2.8976105430015124,0.0,0.0,1258.8976105430015,17,043,841111,1,170438411111
49.0,115.0,195.0,149.0,96.0,36.0,111.0,71.0,65.0,113.0,238.0,264.0,55.0,0.1530428103697982,0.0,0.0,1557.1530428103697,17,043,841111,2,170438411112
55.0,0.0,0.0,0.0,32.0,0.0,87.0,107.0,67.0,55.0,242.0,432.0,147.0,1.7548908922403526,0.0,0.0,1225.7548908922404,17,043,841112,1,170438411121
21.0,21.0,0.0,82.0,54.0,118.0,0.0,0.0,76.0,88.0,39.0,216.0,198.0,1.1427196507611599,0.0,0.0,914.1427196507611,17,043,841112,2,170438411122
0.0,0.0,51.0,30.0,87.0,0.0,51.0,42.0,0.0,165.0,60.0,18.0,261.0,1.9895565348073765,0.0,0.0,766.9895565348073,17,043,841113,1,170438411131
189.0,201.0,88.0,131.0,15.0,82.0,55.0,321.0,272.0,201.0,146.0,379.0,125.0,0.5917655334298864,0.0,0.0,2205.5917655334297,17,043,841113,2,170438411132
0.0,0.0,48.0,23.0,52.0,41.0,45.0,94.0,79.0,61.0,92.0,249.0,48.0,0.1632456643944514,0.0,0.0,832.1632456643945,17,043,841114,1,170438411141
17.0,37.0,0.0,0.0,0.0,44.0,20.0,17.0,98.0,115.0,149.0,180.0,163.0,2.4894963820153837,0.0,0.0,842.4894963820154,17,043,841114,2,170438411142
0.0,23.0,21.0,54.0,38.0,63.0,17.0,17.0,37.0,200.0,267.0,302.0,139.0,1.2753567530816516,0.0,0.0,1179.2753567530817,17,043,841114,3,170438411143
0.0,0.0,41.0,0.0,96.0,0.0,0.0,24.0,34.0,0.0,61.0,258.0,51.0,1.2243424829583855,0.0,0.0,566.2243424829584,17,043,841204,1,170438412041
73.0,103.0,103.0,38.0,99.0,159.0,168.0,38.0,30.0,172.0,25.0,94.0,150.0,2.7649734406810205,0.0,0.0,1254.764973440681,17,043,841204,2,170438412042
51.0,18.0,33.0,0.0,54.0,72.0,60.0,33.0,15.0,0.0,343.0,103.0,76.0,0.867242592095523,0.0,0.0,858.8672425920955,17,043,841204,3,170438412043
71.0,0.0,19.0,91.0,35.0,0.0,19.0,48.0,26.0,215.0,378.0,492.0,172.0,1.724282330166393,0.0,0.0,1567.7242823301665,17,043,841204,4,170438412044
32.0,0.0,61.0,0.0,67.0,59.0,44.0,156.0,88.0,138.0,126.0,177.0,23.0,0.6019683874545395,0.0,0.0,971.6019683874546,17,043,841204,5,170438412045
39.0,29.0,0.0,0.0,195.0,152.0,122.0,56.0,122.0,254.0,52.0,291.0,268.0,3.030247645322004,0.0,0.0,1583.030247645322,17,043,841205,1,170438412051
39.0,0.0,25.0,28.0,39.0,33.0,56.0,56.0,50.0,107.0,297.0,263.0,333.0,1.438602417476103,0.0,0.0,1327.4386024174762,17,043,841205,2,170438412052
76.0,0.0,0.0,0.0,36.0,52.0,48.0,0.0,33.0,58.0,67.0,198.0,260.0,2.5813220682372626,0.0,0.0,830.5813220682372,17,043,841205,3,170438412053
0.0,0.0,44.0,34.0,0.0,0.0,55.0,37.0,0.0,0.0,103.0,354.0,423.0,4.030127339738019,0.0,0.0,1054.030127339738,17,043,841206,1,170438412061
37.0,26.0,60.0,0.0,30.0,0.0,77.0,87.0,30.0,131.0,232.0,219.0,414.0,0.0,0.0,0.0,1343.0,17,043,841206,2,170438412062
80.0,158.0,75.0,226.0,85.0,191.0,151.0,143.0,75.0,103.0,93.0,219.0,302.0,1.6426594979691673,0.0,0.0,1902.6426594979691,17,043,841206,3,170438412063
79.0,0.0,0.0,23.0,51.0,27.0,138.0,146.0,0.0,23.0,380.0,704.0,166.0,0.8876483001448295,0.0,0.0,1737.8876483001447,17,043,841207,1,170438412071
0.0,44.0,0.0,35.0,79.0,22.0,9.0,121.0,60.0,162.0,252.0,252.0,92.0,0.22446278854237067,0.0,0.0,1128.2244627885423,17,043,841207,2,170438412072
105.0,45.0,127.0,0.0,64.0,73.0,54.0,79.0,101.0,291.0,278.0,576.0,168.0,1.3875881473528369,0.0,0.0,1962.3875881473527,17,043,841208,1,170438412081
34.0,258.0,90.0,38.0,0.0,133.0,38.0,64.0,55.0,124.0,107.0,352.0,141.0,0.43872272306008814,0.0,0.0,1434.43872272306,17,043,841208,2,170438412082
0.0,0.0,21.0,92.0,43.0,106.0,0.0,127.0,48.0,68.0,285.0,149.0,81.0,0.5203455552573139,0.0,0.0,1020.5203455552573,17,043,841208,3,170438412083
0.0,19.0,0.0,28.0,84.0,33.0,19.0,89.0,117.0,109.0,140.0,305.0,473.0,1.3671824393035306,0.0,0.0,1417.3671824393036,17,043,841209,1,170438412091
19.0,52.0,246.0,102.0,36.0,72.0,0.0,55.0,0.0,52.0,22.0,545.0,246.0,2.1732079072511343,0.0,0.0,1449.173207907251,17,043,841209,2,170438412092
124.0,0.0,26.0,0.0,0.0,24.0,0.0,71.0,139.0,44.0,139.0,66.0,53.0,0.2652742046409835,0.0,0.0,686.265274204641,17,043,841210,1,170438412101
43.0,62.0,105.0,77.0,92.0,230.0,79.0,51.0,189.0,230.0,333.0,292.0,81.0,1.6834709140677802,0.0,0.0,1865.6834709140678,17,043,841210,2,170438412102
20.0,109.0,0.0,49.0,0.0,245.0,153.0,96.0,28.0,44.0,67.0,117.0,127.0,0.8978511541694827,0.0,0.0,1055.8978511541695,17,043,841210,3,170438412103
0.0,0.0,0.0,46.0,0.0,0.0,0.0,0.0,0.0,130.0,77.0,375.0,346.0,1.0815025266132405,0.0,0.0,975.0815025266132,17,043,841307,1,170438413071
22.0,35.0,75.0,29.0,173.0,65.0,62.0,91.0,45.0,199.0,137.0,251.0,264.0,1.5304281036979819,0.0,0.0,1449.530428103698,17,043,841307,2,170438413072
0.0,0.0,0.0,0.0,51.0,0.0,0.0,24.0,0.0,42.0,75.0,240.0,123.0,3.3057247039876407,0.0,0.0,558.3057247039876,17,043,841307,3,170438413073
0.0,0.0,0.0,0.0,14.0,40.0,17.0,54.0,11.0,66.0,220.0,298.0,642.0,1.489616687599369,0.0,0.0,1363.4896166875994,17,043,841307,4,170438413074
21.0,24.0,16.0,0.0,0.0,24.0,13.0,49.0,24.0,62.0,49.0,237.0,122.0,0.8264311759969102,0.0,0.0,641.826431175997,17,043,841308,1,170438413081
0.0,32.0,55.0,29.0,32.0,0.0,159.0,0.0,45.0,159.0,0.0,211.0,380.0,2.7445677326317144,0.0,0.0,1104.7445677326318,17,043,841308,2,170438413082
34.0,0.0,0.0,0.0,0.0,0.0,0.0,0.0,34.0,42.0,138.0,334.0,330.0,4.927978493907502,0.0,0.0,916.9279784939075,17,043,841308,3,170438413083
42.0,0.0,0.0,0.0,28.0,35.0,63.0,221.0,59.0,130.0,193.0,432.0,418.0,6.4992180137040965,0.0,0.0,1627.4992180137042,17,043,841310,1,170438413101
35.0,0.0,0.0,0.0,506.0,324.0,207.0,74.0,0.0,57.0,253.0,221.0,96.0,0.0,0.0,0.0,1773.0,17,043,841312,1,170438413121
40.0,0.0,0.0,141.0,80.0,120.0,0.0,0.0,0.0,204.0,218.0,403.0,164.0,2.356859279694892,0.0,0.0,1372.3568592796948,17,043,841312,2,170438413122
106.0,0.0,151.0,96.0,79.0,104.0,0.0,153.0,128.0,198.0,218.0,352.0,421.0,1.5406309577226351,0.0,0.0,2007.5406309577227,17,043,841313,1,170438413131
0.0,0.0,0.0,0.0,40.0,0.0,52.0,34.0,0.0,0.0,190.0,592.0,89.0,1.96915082675807,0.0,0.0,998.9691508267581,17,043,841314,1,170438413141
0.0,0.0,0.0,43.0,31.0,37.0,0.0,162.0,89.0,142.0,0.0,188.0,84.0,1.8569194324868847,0.0,0.0,777.8569194324868,17,043,841314,2,170438413142
0.0,0.0,21.0,61.0,106.0,0.0,2.0,0.0,40.0,0.0,202.0,115.0,184.0,0.0,0.0,0.0,731.0,17,043,841314,3,170438413143
52.0,0.0,0.0,0.0,0.0,0.0,80.0,208.0,0.0,0.0,316.0,163.0,201.0,2.938421959100125,0.0,0.0,1022.9384219591001,17,043,841314,4,170438413144
0.0,0.0,0.0,0.0,84.0,0.0,0.0,0.0,96.0,118.0,96.0,280.0,87.0,0.5713598253805799,0.0,0.0,761.5713598253806,17,043,841314,5,170438413145
0.0,0.0,23.0,14.0,198.0,26.0,14.0,279.0,35.0,154.0,115.0,335.0,270.0,0.7244026357503781,0.0,0.0,1463.7244026357503,17,043,841315,1,170438413151
103.0,80.0,115.0,0.0,103.0,26.0,106.0,95.0,62.0,172.0,95.0,314.0,71.0,0.2652742046409835,0.0,0.0,1342.265274204641,17,043,841315,2,170438413152
0.0,53.0,24.0,56.0,34.0,53.0,0.0,37.0,65.0,0.0,171.0,109.0,168.0,1.9385422646841104,0.0,0.0,771.9385422646841,17,043,841316,1,170438413161
0.0,0.0,26.0,41.0,32.0,64.0,97.0,118.0,0.0,118.0,236.0,466.0,247.0,0.867242592095523,0.0,0.0,1445.8672425920956,17,043,841316,2,170438413162
68.0,14.0,17.0,62.0,92.0,74.0,107.0,196.0,17.0,71.0,59.0,122.0,131.0,1.96915082675807,0.0,0.0,1031.969150826758,17,043,841318,1,170438413181
32.0,16.0,42.0,0.0,0.0,29.0,22.0,106.0,22.0,55.0,139.0,489.0,165.0,1.2549510450323451,0.0,0.0,1118.2549510450324,17,043,841318,2,170438413182
0.0,67.0,84.0,0.0,33.0,309.0,141.0,43.0,0.0,50.0,184.0,453.0,114.0,1.295762461130958,0.0,0.0,1479.295762461131,17,043,841320,1,170438413201
80.0,224.0,9.0,19.0,70.0,32.0,0.0,89.0,176.0,67.0,102.0,115.0,86.0,0.6121712414791928,0.0,0.0,1069.6121712414792,17,043,841320,2,170438413202
29.0,49.0,26.0,16.0,16.0,29.0,72.0,36.0,16.0,75.0,131.0,619.0,491.0,5.417715487090856,0.0,0.0,1610.4177154870908,17,043,841321,1,170438413211
28.0,0.0,42.0,0.0,31.0,45.0,84.0,70.0,80.0,35.0,168.0,408.0,214.0,0.6019683874545395,0.0,0.0,1205.6019683874545,17,043,841322,1,170438413221
0.0,26.0,0.0,0.0,81.0,0.0,0.0,71.0,91.0,0.0,156.0,196.0,457.0,0.45912843110939455,0.0,0.0,1078.4591284311093,17,043,841322,2,170438413222
0.0,59.0,31.0,0.0,24.0,20.0,34.0,146.0,122.0,0.0,307.0,411.0,279.0,1.489616687599369,0.0,0.0,1434.4896166875994,17,043,841322,3,170438413223
0.0,39.0,64.0,27.0,0.0,115.0,0.0,0.0,94.0,0.0,317.0,353.0,201.0,2.918016251050819,0.0,0.0,1212.9180162510509,17,043,841323,1,170438413231
0.0,0.0,26.0,58.0,48.0,179.0,67.0,37.0,8.0,32.0,351.0,206.0,64.0,0.5713598253805799,0.0,0.0,1076.5713598253806,17,043,841323,2,170438413232
35.0,22.0,22.0,0.0,0.0,22.0,45.0,29.0,61.0,41.0,25.0,206.0,303.0,2.397670695793505,0.0,0.0,813.3976706957935,17,043,841324,1,170438413241
0.0,0.0,21.0,34.0,0.0,34.0,40.0,59.0,0.0,59.0,128.0,383.0,238.0,0.8264311759969102,0.0,0.0,996.826431175997,17,043,841324,2,170438413242
24.0,0.0,39.0,0.0,156.0,0.0,0.0,0.0,0.0,0.0,0.0,507.0,102.0,0.9386625702680955,0.0,0.0,828.9386625702681,17,043,841325,1,170438413251
0.0,0.0,63.0,31.0,0.0,0.0,0.0,25.0,0.0,56.0,293.0,214.0,281.0,2.122193637127868,0.0,0.0,965.1221936371279,17,043,841325,2,170438413252
42.0,37.0,0.0,44.0,0.0,86.0,84.0,72.0,0.0,56.0,170.0,241.0,322.0,0.6427798035531523,0.0,0.0,1154.6427798035531,17,043,841325,3,170438413253
38.0,0.0,81.0,0.0,0.0,0.0,68.0,71.0,35.0,139.0,239.0,502.0,103.0,1.4181967094267967,0.0,0.0,1277.4181967094269,17,043,841325,4,170438413254
0.0,0.0,0.0,0.0,29.0,29.0,0.0,64.0,29.0,0.0,158.0,180.0,206.0,2.5303077981139968,0.0,0.0,697.530307798114,17,043,841326,1,170438413261
107.0,0.0,23.0,41.0,99.0,0.0,26.0,23.0,26.0,73.0,167.0,80.0,156.0,1.8365137244375782,0.0,0.0,822.8365137244376,17,043,841326,2,170438413262
23.0,0.0,0.0,0.0,0.0,0.0,61.0,0.0,0.0,46.0,87.0,239.0,216.0,1.3671824393035306,0.0,0.0,673.3671824393035,17,043,841327,1,170438413271
39.0,0.0,0.0,82.0,0.0,0.0,36.0,0.0,36.0,33.0,132.0,181.0,297.0,2.25483073944836,0.0,0.0,838.2548307394484,17,043,841327,2,170438413272
0.0,0.0,49.0,19.0,99.0,73.0,0.0,0.0,33.0,53.0,66.0,146.0,391.0,1.3875881473528369,0.0,0.0,930.3875881473529,17,043,841327,3,170438413273
0.0,0.0,0.0,217.0,0.0,0.0,230.0,102.0,102.0,337.0,581.0,555.0,186.0,1.0406911105146277,0.0,0.0,2311.0406911105147,17,043,841401,1,170438414011
72.0,51.0,0.0,25.0,25.0,84.0,0.0,0.0,86.0,37.0,246.0,86.0,96.0,0.0,0.0,0.0,808.0,17,043,841401,2,170438414012
34.0,0.0,0.0,24.0,0.0,39.0,0.0,0.0,125.0,39.0,140.0,222.0,121.0,1.7038766221170865,0.0,0.0,745.703876622117,17,043,841401,3,170438414013
0.0,0.0,0.0,54.0,0.0,47.0,0.0,108.0,0.0,85.0,146.0,51.0,119.0,1.6222537899198608,0.0,0.0,611.6222537899199,17,043,841401,4,170438414014
0.0,0.0,17.0,48.0,0.0,0.0,58.0,55.0,103.0,101.0,111.0,134.0,149.0,0.6937940736764184,0.0,0.0,776.6937940736764,17,043,841403,1,170438414031
49.0,21.0,24.0,163.0,0.0,0.0,19.0,0.0,0.0,103.0,81.0,76.0,62.0,1.8365137244375782,0.0,0.0,599.8365137244376,17,043,841403,2,170438414032
59.0,59.0,62.0,20.0,47.0,50.0,20.0,44.0,26.0,146.0,116.0,319.0,173.0,2.193613615300441,0.0,0.0,1143.1936136153004,17,043,841403,3,170438414033
31.0,37.0,0.0,0.0,0.0,0.0,44.0,18.0,25.0,44.0,82.0,88.0,322.0,2.7649734406810205,0.0,0.0,693.764973440681,17,043,841404,1,170438414041
144.0,47.0,28.0,168.0,156.0,52.0,66.0,16.0,0.0,194.0,189.0,251.0,92.0,0.49993984720800744,0.0,0.0,1403.499939847208,17,043,841404,2,170438414042
60.0,0.0,56.0,0.0,120.0,0.0,78.0,0.0,0.0,86.0,86.0,165.0,285.0,0.8366340300215634,0.0,0.0,936.8366340300215,17,043,841501,1,170438415011
245.0,33.0,0.0,36.0,0.0,642.0,58.0,124.0,0.0,179.0,84.0,106.0,91.0,0.0,0.0,0.0,1598.0,17,043,841501,2,170438415012
0.0,0.0,103.0,83.0,157.0,54.0,49.0,34.0,216.0,44.0,235.0,505.0,230.0,1.295762461130958,0.0,0.0,1711.295762461131,17,043,841501,3,170438415013
0.0,28.0,0.0,61.0,39.0,30.0,30.0,0.0,67.0,0.0,399.0,390.0,157.0,1.7140794761417397,0.0,0.0,1202.7140794761417,17,043,841501,4,170438415014
99.0,62.0,37.0,24.0,99.0,137.0,162.0,124.0,20.0,253.0,291.0,312.0,24.0,0.6325769495284992,0.0,0.0,1644.6325769495286,17,043,841503,1,170438415031
17.0,69.0,0.0,43.0,69.0,239.0,95.0,26.0,73.0,134.0,426.0,469.0,361.0,0.21425993451771747,0.0,0.0,2021.2142599345177,17,043,841503,2,170438415032
29.0,66.0,16.0,49.0,137.0,141.0,70.0,83.0,0.0,299.0,62.0,237.0,174.0,1.3059653151556112,0.0,0.0,1364.3059653151556,17,043,841504,1,170438415041
138.0,66.0,84.0,30.0,74.0,125.0,12.0,53.0,7.0,133.0,168.0,220.0,94.0,1.0100825484406681,0.0,0.0,1205.0100825484408,17,043,841504,2,170438415042
0.0,0.0,43.0,32.0,0.0,0.0,24.0,29.0,21.0,35.0,200.0,59.0,170.0,1.9589479727334167,0.0,0.0,614.9589479727334,17,043,841603,1,170438416031
0.0,73.0,0.0,223.0,31.0,86.0,370.0,0.0,76.0,28.0,149.0,181.0,105.0,0.3162884747642496,0.0,0.0,1322.3162884747642,17,043,841603,2,170438416032
98.0,71.0,71.0,58.0,96.0,31.0,54.0,35.0,79.0,142.0,84.0,218.0,191.0,0.5509541173312735,0.0,0.0,1228.5509541173312,17,043,841603,3,170438416033
89.0,0.0,0.0,36.0,46.0,0.0,197.0,175.0,95.0,231.0,308.0,468.0,249.0,1.3773852933281836,0.0,0.0,1895.3773852933282,17,043,841604,1,170438416041
120.0,0.0,145.0,9.0,0.0,189.0,127.0,130.0,83.0,207.0,310.0,331.0,161.0,0.8774454461201763,0.0,0.0,1812.8774454461202,17,043,841604,2,170438416042
108.0,31.0,22.0,42.0,26.0,49.0,22.0,45.0,0.0,89.0,94.0,98.0,159.0,0.336694182813556,0.0,0.0,785.3366941828135,17,043,841605,1,170438416051
261.0,0.0,75.0,79.0,368.0,316.0,0.0,178.0,39.0,166.0,0.0,142.0,43.0,1.0406911105146277,0.0,0.0,1668.0406911105147,17,043,841605,2,170438416052
0.0,45.0,0.0,0.0,0.0,30.0,0.0,0.0,12.0,168.0,120.0,258.0,177.0,1.0712996725885873,0.0,0.0,811.0712996725886,17,043,841605,3,170438416053
0.0,53.0,35.0,11.0,60.0,102.0,44.0,0.0,26.0,169.0,120.0,171.0,194.0,0.37750559891216884,0.0,0.0,985.3775055989122,17,043,841606,1,170438416061
0.0,0.0,0.0,0.0,0.0,0.0,0.0,0.0,0.0,100.0,87.0,228.0,209.0,1.2753567530816516,0.0,0.0,625.2753567530816,17,043,841606,2,170438416062
41.0,0.0,0.0,35.0,19.0,22.0,35.0,60.0,60.0,188.0,118.0,379.0,315.0,1.295762461130958,0.0,0.0,1273.295762461131,17,043,841607,1,170438416071
62.0,0.0,24.0,40.0,24.0,21.0,56.0,251.0,145.0,275.0,229.0,313.0,78.0,0.4081141609861285,0.0,0.0,1518.408114160986,17,043,841607,2,170438416072
0.0,21.0,0.0,153.0,60.0,0.0,99.0,0.0,51.0,123.0,153.0,282.0,418.0,0.6427798035531523,0.0,0.0,1360.6427798035531,17,043,841607,3,170438416073
31.0,153.0,96.0,172.0,25.0,0.0,58.0,113.0,42.0,94.0,249.0,273.0,266.0,1.2855596071063047,0.0,0.0,1573.2855596071063,17,043,841703,1,170438417031
376.0,116.0,100.0,114.0,82.0,118.0,141.0,210.0,103.0,69.0,336.0,26.0,40.0,0.0,0.0,0.0,1831.0,17,043,841703,2,170438417032
0.0,314.0,67.0,163.0,91.0,216.0,84.0,79.0,26.0,129.0,170.0,180.0,31.0,0.3162884747642496,0.0,0.0,1550.3162884747642,17,043,841703,3,170438417033
150.0,145.0,200.0,204.0,202.0,47.0,110.0,169.0,34.0,166.0,189.0,166.0,0.0,0.8570397380708699,0.0,0.0,1782.8570397380709,17,043,841703,4,170438417034
0.0,0.0,17.0,0.0,31.0,95.0,0.0,0.0,43.0,0.0,89.0,171.0,113.0,2.0405708049306424,0.0,0.0,561.0405708049307,17,043,841704,1,170438417041
226.0,0.0,29.0,179.0,235.0,0.0,79.0,0.0,0.0,23.0,129.0,94.0,311.0,1.8875279945608443,0.0,0.0,1306.8875279945607,17,043,841704,2,170438417042
0.0,0.0,27.0,0.0,0.0,27.0,0.0,0.0,0.0,62.0,52.0,167.0,251.0,0.816228321972257,0.0,0.0,586.8162283219723,17,043,841704,3,170438417043
0.0,0.0,0.0,0.0,0.0,55.0,0.0,0.0,80.0,0.0,179.0,95.0,117.0,1.3773852933281836,0.0,0.0,527.3773852933282,17,043,841705,1,170438417051
212.0,183.0,0.0,124.0,209.0,157.0,85.0,155.0,157.0,422.0,533.0,492.0,160.0,1.2651538990569984,0.0,0.0,2890.265153899057,17,043,841705,2,170438417052
0.0,54.0,0.0,0.0,36.0,0.0,186.0,0.0,51.0,131.0,237.0,150.0,311.0,0.5509541173312735,0.0,0.0,1156.5509541173312,17,043,841705,3,170438417053
35.0,40.0,28.0,51.0,145.0,173.0,104.0,86.0,22.0,418.0,318.0,374.0,214.0,0.5203455552573139,0.0,0.0,2008.5203455552573,17,043,841706,1,170438417061
124.0,22.0,65.0,133.0,238.0,56.0,142.0,326.0,130.0,210.0,136.0,136.0,0.0,0.6631855116024589,0.0,0.0,1718.6631855116025,17,043,841706,2,170438417062
31.0,0.0,0.0,68.0,18.0,89.0,15.0,47.0,42.0,81.0,97.0,118.0,305.0,0.21425993451771747,0.0,0.0,911.2142599345177,17,043,841801,1,170438418011
25.0,76.0,0.0,19.0,33.0,0.0,67.0,22.0,22.0,59.0,178.0,401.0,328.0,2.163005053226481,0.0,0.0,1232.1630050532265,17,043,841801,2,170438418012
25.0,95.0,79.0,63.0,73.0,41.0,104.0,89.0,0.0,114.0,308.0,130.0,206.0,1.1937339208844258,0.0,0.0,1328.1937339208844,17,043,841801,3,170438418013
0.0,0.0,0.0,122.0,28.0,103.0,53.0,25.0,25.0,182.0,110.0,239.0,387.0,3.2445075798397216,0.0,0.0,1277.2445075798398,17,043,841802,1,170438418021
33.0,0.0,60.0,0.0,69.0,55.0,74.0,99.0,30.0,102.0,113.0,216.0,124.0,1.6630652060184736,0.0,0.0,976.6630652060185,17,043,841802,2,170438418022
0.0,0.0,0.0,31.0,0.0,63.0,76.0,0.0,0.0,114.0,174.0,196.0,253.0,2.4894963820153837,0.0,0.0,909.4894963820154,17,043,841802,3,170438418023
0.0,0.0,46.0,0.0,20.0,20.0,33.0,0.0,46.0,103.0,63.0,86.0,96.0,1.0202854024653212,0.0,0.0,514.0202854024653,17,043,841901,1,170438419011
17.0,0.0,29.0,0.0,0.0,32.0,0.0,14.0,23.0,0.0,148.0,91.0,177.0,0.6325769495284992,0.0,0.0,531.6325769495285,17,043,841901,2,170438419012
64.0,32.0,56.0,29.0,27.0,49.0,64.0,0.0,39.0,96.0,140.0,88.0,91.0,0.8978511541694827,0.0,0.0,775.8978511541695,17,043,841902,1,170438419021
39.0,0.0,30.0,0.0,36.0,0.0,36.0,18.0,12.0,21.0,12.0,33.0,45.0,0.7346054897750313,0.0,0.0,282.73460548977505,17,043,841902,2,170438419022
0.0,0.0,19.0,0.0,0.0,71.0,32.0,16.0,16.0,61.0,19.0,48.0,16.0,0.4897369931833542,0.0,0.0,298.4897369931833,17,043,841902,3,170438419023
31.0,0.0,58.0,23.0,0.0,0.0,69.0,0.0,0.0,43.0,55.0,84.0,130.0,1.1835310668597727,0.0,0.0,494.18353106685976,17,043,842000,1,170438420001
52.0,17.0,0.0,0.0,29.0,26.0,0.0,0.0,29.0,47.0,88.0,220.0,229.0,1.438602417476103,0.0,0.0,738.4386024174761,17,043,842000,2,170438420002
14.0,0.0,53.0,0.0,0.0,29.0,62.0,0.0,32.0,76.0,35.0,174.0,195.0,0.8060254679476038,0.0,0.0,670.8060254679476,17,043,842000,3,170438420003
0.0,0.0,31.0,34.0,0.0,0.0,0.0,47.0,0.0,69.0,28.0,63.0,397.0,3.0404504993466572,0.0,0.0,672.0404504993467,17,043,842100,1,170438421001
52.0,0.0,81.0,0.0,87.0,31.0,23.0,42.0,0.0,29.0,76.0,459.0,26.0,0.908054008194136,0.0,0.0,906.9080540081941,17,043,842100,2,170438421002
252.0,0.0,187.0,95.0,32.0,153.0,47.0,129.0,30.0,151.0,86.0,211.0,88.0,0.8570397380708699,0.0,0.0,1461.8570397380709,17,043,842100,3,170438421003
63.0,59.0,0.0,0.0,0.0,0.0,0.0,0.0,0.0,137.0,109.0,88.0,105.0,3.009841937272698,0.0,0.0,564.0098419372727,17,043,842100,4,170438421004
265.0,197.0,90.0,95.0,73.0,88.0,16.0,31.0,18.0,86.0,86.0,95.0,31.0,0.7244026357503781,0.0,0.0,1171.7244026357503,17,043,842200,1,170438422001
37.0,31.0,51.0,0.0,0.0,96.0,44.0,0.0,0.0,0.0,89.0,37.0,179.0,0.9794739863667083,0.0,0.0,564.9794739863667,17,043,842200,2,170438422002
38.0,20.0,69.0,76.0,48.0,23.0,133.0,25.0,145.0,128.0,281.0,10.0,74.0,0.4081141609861285,0.0,0.0,1070.408114160986,17,043,842200,3,170438422003
34.0,0.0,44.0,22.0,25.0,31.0,69.0,0.0,25.0,12.0,41.0,94.0,75.0,0.47953413915870097,0.0,0.0,472.4795341391587,17,043,842300,1,170438423001
0.0,0.0,0.0,32.0,68.0,39.0,0.0,35.0,0.0,0.0,0.0,140.0,320.0,2.693553462508448,0.0,0.0,636.6935534625085,17,043,842300,2,170438423002
21.0,29.0,55.0,42.0,71.0,23.0,31.0,0.0,39.0,0.0,53.0,210.0,95.0,1.734485184191046,0.0,0.0,670.734485184191,17,043,842300,3,170438423003
126.0,145.0,57.0,57.0,79.0,52.0,46.0,63.0,110.0,99.0,85.0,129.0,85.0,0.8366340300215634,0.0,0.0,1133.8366340300215,17,043,842400,1,170438424001
18.0,21.0,18.0,42.0,0.0,100.0,63.0,63.0,0.0,60.0,95.0,133.0,154.0,0.49993984720800744,0.0,0.0,767.499939847208,17,043,842400,2,170438424002
86.0,0.0,148.0,32.0,220.0,300.0,115.0,21.0,72.0,148.0,228.0,86.0,83.0,0.9182568622187891,0.0,0.0,1539.9182568622189,17,043,842400,3,170438424003
0.0,0.0,0.0,0.0,55.0,39.0,82.0,32.0,108.0,180.0,52.0,101.0,52.0,1.0304882564899744,0.0,0.0,702.03048825649,17,043,842400,4,170438424004
19.0,226.0,68.0,49.0,17.0,46.0,61.0,120.0,98.0,71.0,275.0,115.0,246.0,0.44892557708474135,0.0,0.0,1411.4489255770848,17,043,842500,1,170438425001
0.0,0.0,0.0,0.0,0.0,23.0,0.0,26.0,60.0,29.0,66.0,188.0,133.0,2.0405708049306424,0.0,0.0,527.0405708049307,17,043,842500,2,170438425002
24.0,0.0,36.0,98.0,0.0,60.0,19.0,40.0,0.0,81.0,153.0,324.0,124.0,1.5916452278459012,0.0,0.0,960.5916452278459,17,043,842601,1,170438426011
24.0,0.0,0.0,0.0,27.0,31.0,17.0,0.0,0.0,83.0,111.0,38.0,20.0,0.4897369931833542,0.0,0.0,351.4897369931833,17,043,842601,2,170438426012
0.0,0.0,0.0,18.0,0.0,30.0,0.0,37.0,49.0,58.0,86.0,24.0,108.0,3.3363332660616005,0.0,0.0,413.3363332660616,17,043,842601,3,170438426013
0.0,0.0,0.0,24.0,0.0,0.0,0.0,0.0,0.0,24.0,85.0,179.0,164.0,0.867242592095523,0.0,0.0,476.8672425920955,17,043,842602,1,170438426021
0.0,0.0,26.0,29.0,52.0,0.0,29.0,0.0,0.0,26.0,107.0,101.0,166.0,0.45912843110939455,0.0,0.0,536.4591284311094,17,043,842602,2,170438426022
51.0,0.0,34.0,8.0,0.0,0.0,0.0,0.0,17.0,94.0,60.0,197.0,220.0,1.632456643944514,0.0,0.0,682.6324566439445,17,043,842602,3,170438426023
27.0,0.0,29.0,0.0,29.0,0.0,0.0,18.0,18.0,0.0,124.0,260.0,108.0,0.2958827667149432,0.0,0.0,613.295882766715,17,043,842603,1,170438426031
0.0,0.0,18.0,0.0,33.0,0.0,27.0,66.0,0.0,60.0,211.0,268.0,335.0,1.5712395197965947,0.0,0.0,1019.5712395197966,17,043,842603,2,170438426032
80.0,31.0,0.0,57.0,59.0,55.0,29.0,5.0,0.0,0.0,73.0,160.0,109.0,0.12243424829583854,0.0,0.0,658.1224342482958,17,043,842603,3,170438426033
93.0,145.0,55.0,65.0,23.0,0.0,15.0,0.0,0.0,31.0,29.0,31.0,49.0,0.3979113069614753,0.0,0.0,536.3979113069614,17,043,842604,1,170438426041
116.0,0.0,82.0,62.0,0.0,51.0,91.0,71.0,136.0,206.0,127.0,188.0,168.0,0.7958226139229506,0.0,0.0,1298.7958226139228,17,043,842604,2,170438426042
17.0,39.0,0.0,34.0,73.0,120.0,44.0,19.0,88.0,39.0,22.0,115.0,174.0,1.2549510450323451,0.0,0.0,785.2549510450324,17,043,842604,3,170438426043
91.0,27.0,0.0,104.0,27.0,39.0,14.0,0.0,0.0,68.0,156.0,41.0,27.0,0.19385422646841105,0.0,0.0,594.1938542264684,17,043,842604,4,170438426044
45.0,16.0,19.0,43.0,62.0,36.0,43.0,24.0,72.0,233.0,110.0,322.0,147.0,1.4488052715007562,0.0,0.0,1173.4488052715008,17,043,842605,1,170438426051
23.0,0.0,0.0,26.0,20.0,32.0,26.0,23.0,0.0,26.0,132.0,165.0,103.0,0.867242592095523,0.0,0.0,576.8672425920955,17,043,842605,2,170438426052
0.0,0.0,43.0,15.0,22.0,109.0,52.0,127.0,0.0,116.0,168.0,104.0,159.0,1.6018480818705543,0.0,0.0,916.6018480818706,17,043,842605,3,170438426053
171.0,0.0,44.0,14.0,36.0,36.0,79.0,29.0,59.0,282.0,147.0,188.0,49.0,1.0917053806378938,0.0,0.0,1135.091705380638,17,043,842702,1,170438427021
25.0,0.0,42.0,44.0,105.0,14.0,35.0,75.0,21.0,206.0,131.0,84.0,84.0,0.42851986903543493,0.0,0.0,866.4285198690354,17,043,842702,2,170438427022
138.0,58.0,33.0,138.0,0.0,123.0,76.0,13.0,62.0,194.0,324.0,331.0,154.0,0.8366340300215634,0.0,0.0,1644.8366340300215,17,043,842702,3,170438427023
52.0,37.0,17.0,26.0,26.0,0.0,0.0,73.0,43.0,87.0,242.0,365.0,102.0,2.4690906739660776,0.0,0.0,1072.469090673966,17,043,842703,1,170438427031
0.0,32.0,0.0,0.0,8.0,0.0,0.0,26.0,14.0,109.0,67.0,159.0,144.0,0.867242592095523,0.0,0.0,559.8672425920955,17,043,842703,2,170438427032
34.0,36.0,39.0,0.0,112.0,17.0,80.0,66.0,46.0,71.0,245.0,193.0,156.0,0.816228321972257,0.0,0.0,1095.8162283219722,17,043,842703,3,170438427033
64.0,32.0,62.0,44.0,100.0,59.0,136.0,115.0,145.0,136.0,132.0,190.0,115.0,0.7856197598982974,0.0,0.0,1330.7856197598983,17,043,842704,1,170438427041
0.0,0.0,52.0,34.0,41.0,26.0,0.0,36.0,0.0,172.0,110.0,125.0,251.0,0.3162884747642496,0.0,0.0,847.3162884747643,17,043,842704,2,170438427042
0.0,0.0,49.0,0.0,98.0,65.0,0.0,0.0,0.0,117.0,140.0,0.0,28.0,0.7346054897750313,0.0,0.0,497.73460548977505,17,043,842704,3,170438427043
109.0,199.0,44.0,16.0,0.0,159.0,0.0,77.0,239.0,140.0,23.0,289.0,98.0,0.6631855116024589,0.0,0.0,1393.6631855116025,17,043,842704,4,170438427044
0.0,0.0,0.0,76.0,67.0,52.0,23.0,0.0,0.0,0.0,199.0,231.0,225.0,1.489616687599369,0.0,0.0,874.4896166875993,17,043,842706,1,170438427061
66.0,0.0,51.0,33.0,25.0,20.0,0.0,35.0,25.0,38.0,154.0,128.0,79.0,0.8366340300215634,0.0,0.0,654.8366340300215,17,043,842706,2,170438427062
22.0,0.0,0.0,153.0,97.0,20.0,215.0,102.0,17.0,138.0,323.0,125.0,133.0,1.0202854024653212,0.0,0.0,1346.0202854024653,17,043,842706,3,170438427063
13.0,0.0,20.0,50.0,0.0,0.0,40.0,46.0,0.0,73.0,100.0,240.0,153.0,0.9794739863667083,0.0,0.0,735.9794739863667,17,043,842708,1,170438427081
77.0,0.0,0.0,0.0,0.0,48.0,141.0,0.0,26.0,42.0,61.0,58.0,194.0,1.489616687599369,0.0,0.0,648.4896166875993,17,043,842708,2,170438427082
86.0,22.0,0.0,139.0,22.0,15.0,0.0,25.0,0.0,187.0,157.0,45.0,68.0,0.4081141609861285,0.0,0.0,766.4081141609861,17,043,842709,1,170438427091
31.0,0.0,0.0,0.0,27.0,18.0,0.0,133.0,117.0,31.0,124.0,381.0,195.0,1.2243424829583855,0.0,0.0,1058.2243424829585,17,043,842709,2,170438427092
0.0,50.0,0.0,0.0,0.0,0.0,0.0,35.0,26.0,127.0,157.0,261.0,216.0,0.9692711323420552,0.0,0.0,872.9692711323421,17,043,842709,3,170438427093
22.0,0.0,0.0,81.0,39.0,41.0,22.0,0.0,0.0,22.0,27.0,255.0,135.0,0.8468368840462166,0.0,0.0,644.8468368840462,17,043,842710,1,170438427101
29.0,101.0,44.0,119.0,56.0,0.0,17.0,80.0,83.0,113.0,59.0,29.0,80.0,0.4183170150107817,0.0,0.0,810.4183170150108,17,043,842710,2,170438427102
225.0,38.0,41.0,94.0,152.0,64.0,81.0,41.0,36.0,169.0,72.0,121.0,104.0,0.8264311759969102,0.0,0.0,1238.826431175997,17,043,842710,3,170438427103
0.0,26.0,0.0,29.0,0.0,0.0,0.0,0.0,0.0,76.0,208.0,338.0,173.0,1.4998195416240223,0.0,0.0,851.499819541624,17,043,842711,1,170438427111
0.0,0.0,0.0,67.0,0.0,18.0,0.0,56.0,70.0,45.0,237.0,113.0,108.0,1.5100223956486754,0.0,0.0,715.5100223956487,17,043,842711,2,170438427112
119.0,18.0,0.0,0.0,0.0,18.0,0.0,0.0,53.0,71.0,0.0,219.0,113.0,2.101787929078562,0.0,0.0,613.1017879290786,17,043,842800,1,170438428001
24.0,24.0,21.0,21.0,48.0,45.0,0.0,48.0,70.0,27.0,55.0,128.0,52.0,0.8366340300215634,0.0,0.0,563.8366340300215,17,043,842800,2,170438428002
19.0,16.0,77.0,80.0,55.0,97.0,97.0,22.0,0.0,38.0,175.0,222.0,102.0,1.867122286511538,0.0,0.0,1001.8671222865115,17,043,842800,3,170438428003
18.0,0.0,0.0,0.0,0.0,0.0,34.0,0.0,0.0,79.0,104.0,107.0,85.0,0.5407512633066203,0.0,0.0,427.5407512633066,17,043,842800,4,170438428004
68.0,20.0,0.0,0.0,71.0,122.0,117.0,58.0,28.0,40.0,96.0,226.0,224.0,0.6223740955038459,0.0,0.0,1070.6223740955038,17,043,842900,1,170438429001
67.0,95.0,136.0,69.0,69.0,116.0,129.0,105.0,25.0,49.0,46.0,172.0,399.0,2.785379148730327,0.0,0.0,1479.7853791487303,17,043,842900,2,170438429002
63.0,17.0,109.0,63.0,20.0,0.0,0.0,43.0,0.0,25.0,91.0,0.0,53.0,0.43872272306008814,0.0,0.0,484.4387227230601,17,043,842900,3,170438429003
0.0,129.0,0.0,0.0,23.0,0.0,40.0,0.0,23.0,150.0,0.0,197.0,173.0,0.3060856207395964,0.0,0.0,735.3060856207396,17,043,843000,1,170438430001
66.0,62.0,59.0,138.0,76.0,0.0,107.0,43.0,64.0,54.0,265.0,239.0,100.0,1.581442373821248,0.0,0.0,1274.5814423738213,17,043,843000,2,170438430002
55.0,0.0,21.0,31.0,0.0,26.0,55.0,55.0,21.0,26.0,118.0,166.0,382.0,0.530548409281967,0.0,0.0,956.530548409282,17,043,843000,3,170438430003
151.0,24.0,63.0,126.0,55.0,101.0,123.0,38.0,27.0,198.0,93.0,200.0,107.0,0.3570998908628624,0.0,0.0,1306.3570998908629,17,043,843100,1,170438431001
0.0,88.0,31.0,0.0,0.0,0.0,91.0,118.0,36.0,105.0,157.0,162.0,206.0,0.0,0.0,0.0,994.0,17,043,843100,2,170438431002
64.0,0.0,75.0,153.0,80.0,19.0,0.0,69.0,22.0,86.0,114.0,265.0,139.0,1.877325140536191,0.0,0.0,1087.8773251405362,17,043,843100,3,170438431003
22.0,56.0,0.0,0.0,22.0,82.0,47.0,148.0,85.0,0.0,170.0,274.0,60.0,0.22446278854237067,0.0,0.0,966.2244627885424,17,043,843200,1,170438432001
143.0,18.0,48.0,40.0,72.0,59.0,151.0,0.0,48.0,94.0,126.0,145.0,16.0,0.7141997817257248,0.0,0.0,960.7141997817257,17,043,843200,2,170438432002
86.0,118.0,19.0,241.0,162.0,105.0,19.0,39.0,59.0,49.0,186.0,132.0,169.0,0.2958827667149432,0.0,0.0,1384.2958827667148,17,043,843200,3,170438432003
31.0,0.0,87.0,0.0,37.0,122.0,0.0,62.0,100.0,87.0,157.0,270.0,288.0,0.6631855116024589,0.0,0.0,1241.6631855116025,17,043,843200,4,170438432004
20.0,0.0,175.0,78.0,17.0,75.0,64.0,29.0,20.0,61.0,61.0,478.0,105.0,0.9182568622187891,0.0,0.0,1183.9182568622189,17,043,843301,1,170438433011
112.0,0.0,0.0,93.0,32.0,135.0,28.0,22.0,0.0,119.0,148.0,463.0,189.0,0.7141997817257248,0.0,0.0,1341.7141997817257,17,043,843301,2,170438433012
64.0,26.0,34.0,49.0,26.0,0.0,49.0,110.0,148.0,270.0,110.0,339.0,133.0,0.0,0.0,0.0,1358.0,17,043,843301,3,170438433013
0.0,0.0,24.0,94.0,43.0,32.0,105.0,24.0,86.0,86.0,108.0,577.0,240.0,2.4792935279907304,0.0,0.0,1421.4792935279906,17,043,843302,1,170438433021
0.0,35.0,29.0,26.0,0.0,0.0,49.0,49.0,46.0,102.0,178.0,272.0,169.0,2.4792935279907304,0.0,0.0,957.4792935279908,17,043,843302,2,170438433022
0.0,0.0,28.0,65.0,70.0,104.0,0.0,62.0,0.0,113.0,101.0,181.0,127.0,0.6325769495284992,0.0,0.0,851.6325769495285,17,043,843400,1,170438434001
18.0,0.0,18.0,54.0,25.0,54.0,18.0,0.0,202.0,49.0,189.0,147.0,155.0,0.7039969277010717,0.0,0.0,929.703996927701,17,043,843400,2,170438434002
83.0,0.0,46.0,72.0,0.0,78.0,70.0,0.0,18.0,130.0,104.0,166.0,114.0,0.336694182813556,0.0,0.0,881.3366941828135,17,043,843400,3,170438434003
51.0,92.0,130.0,28.0,33.0,208.0,79.0,136.0,125.0,272.0,118.0,221.0,162.0,1.673268060043127,0.0,0.0,1656.673268060043,17,043,843500,1,170438435001
39.0,0.0,73.0,0.0,92.0,70.0,34.0,73.0,21.0,305.0,131.0,287.0,146.0,2.2344250313990535,0.0,0.0,1273.234425031399,17,043,843500,2,170438435002
35.0,102.0,0.0,0.0,115.0,71.0,184.0,85.0,0.0,82.0,267.0,336.0,115.0,0.9794739863667083,0.0,0.0,1392.9794739863667,17,043,843500,3,170438435003
134.0,0.0,88.0,56.0,18.0,83.0,88.0,69.0,88.0,121.0,110.0,266.0,67.0,1.061096818563934,0.0,0.0,1189.061096818564,17,043,843601,1,170438436011
35.0,23.0,0.0,23.0,23.0,56.0,38.0,0.0,147.0,32.0,0.0,76.0,97.0,1.1121110886872,0.0,0.0,551.1121110886872,17,043,843601,2,170438436012
177.0,0.0,0.0,0.0,54.0,45.0,67.0,64.0,51.0,70.0,112.0,450.0,51.0,1.9997593888320297,0.0,0.0,1142.999759388832,17,043,843601,3,170438436013
187.0,0.0,16.0,22.0,58.0,33.0,30.0,61.0,0.0,170.0,207.0,277.0,299.0,1.2753567530816516,0.0,0.0,1361.2753567530817,17,043,843602,1,170438436021
0.0,28.0,64.0,0.0,17.0,71.0,66.0,30.0,105.0,120.0,61.0,334.0,208.0,1.152922504785813,0.0,0.0,1105.152922504786,17,043,843602,2,170438436022
0.0,15.0,28.0,37.0,0.0,25.0,0.0,21.0,81.0,69.0,135.0,310.0,135.0,2.1425993451771745,0.0,0.0,858.1425993451771,17,043,843700,1,170438437001
96.0,0.0,0.0,15.0,39.0,57.0,0.0,63.0,48.0,45.0,301.0,433.0,294.0,0.8264311759969102,0.0,0.0,1391.826431175997,17,043,843700,2,170438437002
45.0,0.0,12.0,88.0,106.0,94.0,0.0,76.0,0.0,112.0,167.0,121.0,355.0,2.448684965916771,0.0,0.0,1178.4486849659168,17,043,843700,3,170438437003
77.0,0.0,24.0,82.0,33.0,48.0,43.0,65.0,150.0,179.0,251.0,297.0,142.0,2.8567991269028994,0.0,0.0,1393.8567991269028,17,043,843800,1,170438438001
55.0,0.0,0.0,25.0,20.0,50.0,22.0,30.0,53.0,185.0,403.0,134.0,114.0,1.2651538990569984,0.0,0.0,1092.265153899057,17,043,843800,2,170438438002
0.0,0.0,15.0,75.0,54.0,146.0,52.0,28.0,60.0,60.0,104.0,86.0,120.0,1.061096818563934,0.0,0.0,801.0610968185639,17,043,843900,1,170438439001
0.0,0.0,0.0,0.0,50.0,81.0,50.0,0.0,72.0,0.0,141.0,188.0,31.0,1.3365738772295708,0.0,0.0,614.3365738772296,17,043,843900,2,170438439002
0.0,0.0,45.0,0.0,25.0,84.0,0.0,103.0,93.0,55.0,93.0,178.0,486.0,1.2141396289337323,0.0,0.0,1163.2141396289337,17,043,843900,3,170438439003
0.0,0.0,27.0,236.0,0.0,69.0,0.0,30.0,0.0,0.0,233.0,118.0,357.0,0.9794739863667083,0.0,0.0,1070.9794739863667,17,043,844001,1,170438440011
26.0,78.0,119.0,0.0,49.0,143.0,0.0,29.0,0.0,58.0,75.0,99.0,262.0,2.82619056482894,0.0,0.0,940.826190564829,17,043,844001,2,170438440012
0.0,0.0,0.0,44.0,0.0,0.0,0.0,0.0,71.0,0.0,124.0,127.0,225.0,0.2652742046409835,0.0,0.0,591.265274204641,17,043,844002,1,170438440021
0.0,0.0,70.0,38.0,64.0,67.0,32.0,67.0,0.0,159.0,115.0,224.0,135.0,0.6223740955038459,0.0,0.0,971.6223740955038,17,043,844002,2,170438440022
34.0,11.0,0.0,0.0,0.0,0.0,22.0,79.0,94.0,0.0,68.0,120.0,196.0,2.4588878199414244,0.0,0.0,626.4588878199414,17,043,844002,3,170438440023
0.0,0.0,42.0,76.0,0.0,0.0,45.0,148.0,0.0,191.0,36.0,212.0,139.0,1.5508338117472884,0.0,0.0,890.5508338117473,17,043,844100,1,170438441001
0.0,0.0,0.0,141.0,80.0,40.0,0.0,46.0,33.0,160.0,132.0,187.0,135.0,1.0917053806378938,0.0,0.0,955.0917053806379,17,043,844100,2,170438441002
97.0,0.0,35.0,0.0,0.0,94.0,26.0,0.0,47.0,32.0,109.0,174.0,53.0,1.8059051623636186,0.0,0.0,668.8059051623636,17,043,844100,3,170438441003
21.0,0.0,0.0,0.0,109.0,0.0,26.0,0.0,0.0,0.0,226.0,146.0,15.0,1.775296600289659,0.0,0.0,544.7752966002896,17,043,844201,1,170438442011
141.0,0.0,54.0,77.0,98.0,25.0,118.0,107.0,50.0,227.0,175.0,180.0,175.0,0.0,0.0,0.0,1427.0,17,043,844201,2,170438442012
38.0,112.0,142.0,50.0,62.0,80.0,38.0,100.0,0.0,95.0,207.0,463.0,276.0,1.7854994543143121,0.0,0.0,1664.7854994543143,17,043,844201,3,170438442013
0.0,0.0,60.0,0.0,34.0,0.0,74.0,72.0,0.0,112.0,302.0,397.0,144.0,0.37750559891216884,0.0,0.0,1195.3775055989122,17,043,844201,4,170438442014
45.0,42.0,96.0,34.0,64.0,42.0,8.0,90.0,64.0,96.0,88.0,221.0,136.0,1.877325140536191,0.0,0.0,1027.8773251405362,17,043,844202,1,170438442021
48.0,0.0,52.0,33.0,52.0,45.0,45.0,15.0,12.0,88.0,79.0,70.0,257.0,1.4590081255254095,0.0,0.0,797.4590081255254,17,043,844202,2,170438442022
0.0,47.0,31.0,0.0,136.0,0.0,0.0,31.0,0.0,57.0,63.0,99.0,0.0,0.9896768403913616,0.0,0.0,464.9896768403914,17,043,844301,1,170438443011
19.0,35.0,0.0,101.0,39.0,81.0,21.0,102.0,136.0,515.0,127.0,192.0,163.0,0.19385422646841105,0.0,0.0,1531.1938542264684,17,043,844301,2,170438443012
29.0,34.0,0.0,92.0,0.0,0.0,0.0,0.0,27.0,107.0,34.0,336.0,109.0,1.6222537899198608,0.0,0.0,769.6222537899199,17,043,844301,3,170438443013
69.0,109.0,20.0,146.0,83.0,245.0,133.0,149.0,74.0,69.0,168.0,194.0,71.0,1.0100825484406681,0.0,0.0,1531.0100825484408,17,043,844301,4,170438443014
117.0,21.0,23.0,0.0,0.0,0.0,50.0,0.0,21.0,301.0,145.0,308.0,107.0,1.0712996725885873,0.0,0.0,1094.0712996725886,17,043,844304,1,170438443041
41.0,0.0,91.0,64.0,73.0,0.0,0.0,50.0,67.0,0.0,194.0,150.0,94.0,1.346776731254224,0.0,0.0,825.3467767312542,17,043,844304,2,170438443042
42.0,58.0,0.0,72.0,90.0,72.0,48.0,84.0,72.0,146.0,106.0,182.0,180.0,0.18365137244375782,0.0,0.0,1152.1836513724438,17,043,844304,3,170438443043
22.0,44.0,96.0,0.0,190.0,170.0,38.0,168.0,29.0,174.0,20.0,29.0,29.0,1.1835310668597727,0.0,0.0,1010.1835310668598,17,043,844305,1,170438443051
41.0,15.0,53.0,25.0,0.0,95.0,0.0,89.0,61.0,117.0,107.0,210.0,200.0,2.1834107612757876,0.0,0.0,1015.1834107612758,17,043,844305,2,170438443052
33.0,123.0,24.0,30.0,80.0,51.0,35.0,0.0,14.0,126.0,118.0,174.0,65.0,1.5304281036979819,0.0,0.0,874.530428103698,17,043,844305,3,170438443053
23.0,65.0,32.0,44.0,142.0,26.0,38.0,32.0,47.0,130.0,210.0,95.0,0.0,0.8774454461201763,0.0,0.0,884.8774454461202,17,043,844306,1,170438443061
98.0,124.0,58.0,94.0,62.0,91.0,65.0,310.0,0.0,75.0,389.0,209.0,120.0,0.0,0.0,0.0,1695.0,17,043,844306,2,170438443062
44.0,40.0,58.0,53.0,57.0,82.0,34.0,0.0,42.0,174.0,226.0,160.0,93.0,0.14283995634514499,0.0,0.0,1063.1428399563451,17,043,844306,3,170438443063
83.0,16.0,60.0,41.0,16.0,199.0,0.0,0.0,0.0,167.0,122.0,141.0,129.0,0.6121712414791928,0.0,0.0,974.6121712414792,17,043,844307,1,170438443071
0.0,0.0,13.0,27.0,39.0,34.0,0.0,29.0,23.0,27.0,64.0,0.0,48.0,0.18365137244375782,0.0,0.0,304.18365137244376,17,043,844307,2,170438443072
165.0,58.0,0.0,114.0,10.0,78.0,99.0,66.0,162.0,63.0,218.0,269.0,124.0,1.2141396289337323,0.0,0.0,1427.2141396289337,17,043,844307,3,170438443073
0.0,0.0,26.0,72.0,0.0,26.0,52.0,22.0,29.0,0.0,118.0,124.0,180.0,2.1323964911525213,0.0,0.0,651.1323964911526,17,043,844401,1,170438444011
44.0,51.0,12.0,40.0,30.0,12.0,17.0,64.0,17.0,96.0,71.0,78.0,80.0,0.6529826575778056,0.0,0.0,612.6529826575778,17,043,844401,2,170438444012
15.0,19.0,15.0,19.0,17.0,17.0,98.0,43.0,66.0,12.0,53.0,187.0,32.0,0.23466564256702388,0.0,0.0,593.234665642567,17,043,844401,3,170438444013
24.0,19.0,0.0,0.0,0.0,78.0,0.0,19.0,0.0,0.0,13.0,84.0,13.0,0.6937940736764184,0.0,0.0,250.69379407367643,17,043,844402,1,170438444021
153.0,112.0,44.0,52.0,0.0,0.0,9.0,0.0,16.0,13.0,13.0,61.0,78.0,0.530548409281967,0.0,0.0,551.530548409282,17,043,844402,2,170438444022
71.0,17.0,71.0,21.0,0.0,23.0,117.0,21.0,17.0,86.0,468.0,177.0,141.0,0.6835912196517653,0.0,0.0,1230.6835912196518,17,043,844402,3,170438444023
52.0,0.0,0.0,20.0,0.0,0.0,32.0,35.0,0.0,0.0,110.0,154.0,32.0,1.5712395197965947,0.0,0.0,436.5712395197966,17,043,844402,4,170438444024
2.0,0.0,25.0,58.0,25.0,63.0,8.0,41.0,13.0,150.0,127.0,172.0,72.0,0.816228321972257,0.0,0.0,756.8162283219723,17,043,844501,1,170438445011
0.0,84.0,67.0,53.0,36.0,19.0,98.0,25.0,154.0,81.0,237.0,277.0,173.0,1.5712395197965947,0.0,0.0,1305.5712395197966,17,043,844501,2,170438445012
73.0,28.0,78.0,43.0,19.0,41.0,10.0,47.0,21.0,104.0,188.0,208.0,197.0,0.530548409281967,0.0,0.0,1057.530548409282,17,043,844501,3,170438445013
56.0,0.0,47.0,75.0,52.0,16.0,35.0,0.0,0.0,45.0,71.0,68.0,274.0,1.9283394106594571,0.0,0.0,740.9283394106594,17,043,844502,1,170438445021
141.0,157.0,193.0,79.0,175.0,39.0,9.0,0.0,0.0,0.0,0.0,22.0,0.0,0.09182568622187891,0.0,0.0,815.0918256862219,17,043,844502,2,170438445022
0.0,0.0,0.0,0.0,0.0,0.0,0.0,0.0,22.0,71.0,0.0,159.0,49.0,0.9488654242927488,0.0,0.0,301.94886542429276,17,043,844502,3,170438445023
6.0,28.0,34.0,51.0,20.0,42.0,67.0,75.0,48.0,69.0,150.0,112.0,195.0,0.42851986903543493,0.0,0.0,897.4285198690354,17,043,844601,1,170438446011
59.0,59.0,42.0,68.0,0.0,23.0,28.0,146.0,54.0,132.0,120.0,111.0,63.0,1.295762461130958,0.0,0.0,906.295762461131,17,043,844601,2,170438446012
0.0,53.0,40.0,103.0,40.0,60.0,26.0,21.0,0.0,41.0,48.0,103.0,66.0,0.0,0.0,0.0,601.0,17,043,844601,3,170438446013
22.0,0.0,91.0,44.0,119.0,36.0,30.0,0.0,94.0,50.0,80.0,258.0,55.0,0.11223139427118534,0.0,0.0,879.1122313942711,17,043,844602,1,170438446021
15.0,44.0,0.0,0.0,0.0,0.0,0.0,36.0,31.0,2.0,99.0,291.0,97.0,0.6121712414791928,0.0,0.0,615.6121712414792,17,043,844602,2,170438446022
112.0,0.0,60.0,94.0,24.0,80.0,109.0,25.0,82.0,89.0,80.0,158.0,97.0,0.47953413915870097,0.0,0.0,1010.4795341391587,17,043,844602,3,170438446023
0.0,98.0,0.0,0.0,39.0,58.0,0.0,42.0,0.0,111.0,138.0,162.0,114.0,0.2958827667149432,0.0,0.0,762.295882766715,17,043,844701,1,170438447011
88.0,39.0,0.0,57.0,41.0,0.0,0.0,0.0,39.0,46.0,325.0,96.0,20.0,0.9794739863667083,0.0,0.0,751.9794739863667,17,043,844701,2,170438447012
16.0,37.0,87.0,133.0,81.0,18.0,116.0,52.0,0.0,72.0,87.0,114.0,54.0,0.7754169058736442,0.0,0.0,867.7754169058736,17,043,844701,3,170438447013
18.0,21.0,55.0,0.0,29.0,47.0,0.0,183.0,111.0,26.0,164.0,186.0,159.0,0.2652742046409835,0.0,0.0,999.265274204641,17,043,844701,4,170438447014
13.0,0.0,0.0,0.0,23.0,23.0,0.0,50.0,20.0,73.0,76.0,100.0,143.0,0.5713598253805799,0.0,0.0,521.5713598253806,17,043,844702,1,170438447021
27.0,39.0,0.0,0.0,45.0,15.0,0.0,48.0,24.0,66.0,0.0,54.0,208.0,1.5406309577226351,0.0,0.0,527.5406309577227,17,043,844702,2,170438447022
33.0,0.0,0.0,77.0,0.0,0.0,0.0,0.0,0.0,49.0,132.0,132.0,0.0,0.21425993451771747,0.0,0.0,423.2142599345177,17,043,844702,3,170438447023
85.0,130.0,51.0,59.0,40.0,25.0,44.0,17.0,34.0,139.0,126.0,104.0,130.0,0.21425993451771747,0.0,0.0,984.2142599345177,17,043,844702,4,170438447024
124.0,29.0,0.0,29.0,0.0,139.0,0.0,26.0,0.0,59.0,195.0,133.0,180.0,0.2958827667149432,0.0,0.0,914.295882766715,17,043,844801,1,170438448011
148.0,47.0,29.0,0.0,26.0,0.0,50.0,29.0,47.0,47.0,187.0,314.0,172.0,1.1121110886872,0.0,0.0,1097.1121110886872,17,043,844801,2,170438448012
29.0,23.0,0.0,39.0,0.0,139.0,0.0,50.0,0.0,50.0,208.0,81.0,89.0,1.203936774909079,0.0,0.0,709.203936774909,17,043,844801,3,170438448013
0.0,27.0,50.0,20.0,0.0,0.0,142.0,37.0,23.0,108.0,193.0,145.0,128.0,0.0,0.0,0.0,873.0,17,043,844802,1,170438448021
29.0,45.0,89.0,154.0,70.0,112.0,98.0,47.0,229.0,40.0,127.0,232.0,109.0,0.5101427012326606,0.0,0.0,1381.5101427012326,17,043,844802,2,170438448022
29.0,161.0,64.0,68.0,0.0,13.0,111.0,64.0,54.0,181.0,144.0,142.0,198.0,0.37750559891216884,0.0,0.0,1229.3775055989122,17,043,844901,1,170438449011
0.0,120.0,53.0,30.0,0.0,13.0,53.0,0.0,77.0,73.0,322.0,127.0,383.0,1.7140794761417397,0.0,0.0,1252.7140794761417,17,043,844901,2,170438449012
150.0,83.0,58.0,19.0,21.0,86.0,0.0,19.0,19.0,77.0,47.0,30.0,77.0,0.5611569713559267,0.0,0.0,686.5611569713559,17,043,844902,1,170438449021
0.0,0.0,0.0,0.0,0.0,52.0,37.0,29.0,14.0,0.0,157.0,288.0,194.0,0.4081141609861285,0.0,0.0,771.4081141609861,17,043,844902,2,170438449022
293.0,21.0,76.0,0.0,0.0,82.0,0.0,137.0,24.0,60.0,87.0,150.0,82.0,0.6937940736764184,0.0,0.0,1012.6937940736764,17,043,844902,3,170438449023
132.0,0.0,0.0,67.0,0.0,124.0,264.0,0.0,0.0,129.0,271.0,145.0,18.0,0.5509541173312735,0.0,0.0,1150.5509541173312,17,043,845000,1,170438450001
0.0,0.0,32.0,0.0,35.0,37.0,0.0,0.0,120.0,65.0,222.0,55.0,107.0,0.6631855116024589,0.0,0.0,673.6631855116025,17,043,845000,2,170438450002
37.0,115.0,101.0,0.0,143.0,86.0,0.0,32.0,68.0,54.0,282.0,122.0,115.0,0.0,0.0,0.0,1155.0,17,043,845000,3,170438450003
83.0,0.0,41.0,242.0,99.0,52.0,0.0,36.0,0.0,83.0,99.0,276.0,133.0,1.8365137244375782,0.0,0.0,1145.8365137244375,17,043,845000,4,170438450004
45.0,249.0,0.0,45.0,186.0,0.0,0.0,0.0,0.0,102.0,147.0,177.0,45.0,1.6222537899198608,0.0,0.0,997.6222537899199,17,043,845100,1,170438451001
0.0,0.0,0.0,52.0,159.0,0.0,0.0,0.0,0.0,237.0,94.0,117.0,293.0,2.356859279694892,0.0,0.0,954.3568592796948,17,043,845100,2,170438451002
0.0,39.0,39.0,45.0,0.0,0.0,0.0,0.0,0.0,0.0,63.0,189.0,0.0,1.3773852933281836,0.0,0.0,376.3773852933282,17,043,845100,3,170438451003
37.0,40.0,195.0,0.0,34.0,45.0,40.0,0.0,0.0,40.0,69.0,96.0,302.0,0.0,0.0,0.0,898.0,17,043,845100,4,170438451004
0.0,0.0,0.0,37.0,0.0,0.0,93.0,24.0,62.0,87.0,53.0,46.0,74.0,1.4590081255254095,0.0,0.0,477.45900812552543,17,043,845200,1,170438452001
32.0,0.0,32.0,36.0,0.0,0.0,28.0,61.0,43.0,79.0,28.0,97.0,162.0,1.3569795852788773,0.0,0.0,599.3569795852789,17,043,845200,2,170438452002
25.0,32.0,0.0,50.0,0.0,32.0,0.0,0.0,0.0,82.0,122.0,251.0,143.0,1.0202854024653212,0.0,0.0,738.0202854024653,17,043,845200,3,170438452003
0.0,0.0,43.0,0.0,0.0,13.0,0.0,76.0,0.0,66.0,126.0,209.0,96.0,0.673388365627112,0.0,0.0,629.6733883656271,17,043,845300,1,170438453001
48.0,58.0,19.0,39.0,123.0,22.0,0.0,0.0,16.0,0.0,68.0,107.0,42.0,0.2958827667149432,0.0,0.0,542.295882766715,17,043,845300,2,170438453002
78.0,78.0,0.0,0.0,0.0,29.0,40.0,35.0,73.0,78.0,46.0,272.0,32.0,0.2958827667149432,0.0,0.0,761.295882766715,17,043,845401,1,170438454011
71.0,23.0,36.0,23.0,0.0,62.0,0.0,62.0,0.0,0.0,114.0,69.0,18.0,0.18365137244375782,0.0,0.0,478.18365137244376,17,043,845401,2,170438454012
81.0,172.0,43.0,0.0,0.0,84.0,0.0,0.0,32.0,20.0,17.0,29.0,0.0,0.8876483001448295,0.0,0.0,478.8876483001448,17,043,845401,3,170438454013
0.0,0.0,0.0,0.0,106.0,47.0,0.0,0.0,0.0,23.0,59.0,174.0,127.0,1.0202854024653212,0.0,0.0,537.0202854024653,17,043,845402,1,170438454021
165.0,0.0,162.0,39.0,45.0,0.0,22.0,105.0,0.0,0.0,131.0,267.0,253.0,1.7140794761417397,0.0,0.0,1190.7140794761417,17,043,845402,2,170438454022
0.0,50.0,0.0,38.0,0.0,47.0,0.0,0.0,0.0,155.0,133.0,97.0,125.0,1.8977308485854976,0.0,0.0,646.8977308485855,17,043,845502,1,170438455021
0.0,122.0,26.0,57.0,71.0,57.0,173.0,134.0,197.0,289.0,536.0,230.0,69.0,1.2243424829583855,0.0,0.0,1962.2243424829585,17,043,845502,2,170438455022
22.0,128.0,24.0,112.0,131.0,96.0,207.0,122.0,179.0,171.0,214.0,185.0,217.0,0.2550713506163303,0.0,0.0,1808.2550713506164,17,043,845502,3,170438455023
36.0,0.0,47.0,0.0,0.0,68.0,0.0,0.0,20.0,75.0,290.0,0.0,86.0,0.44892557708474135,0.0,0.0,622.4489255770848,17,043,845505,1,170438455051
127.0,22.0,77.0,16.0,140.0,22.0,85.0,154.0,2.0,98.0,179.0,152.0,18.0,0.6325769495284992,0.0,0.0,1092.6325769495286,17,043,845505,2,170438455052
18.0,41.0,75.0,65.0,0.0,36.0,67.0,20.0,88.0,46.0,195.0,234.0,250.0,2.448684965916771,0.0,0.0,1137.4486849659168,17,043,845505,3,170438455053
245.0,148.0,227.0,125.0,156.0,195.0,261.0,65.0,33.0,307.0,422.0,138.0,112.0,0.2652742046409835,0.0,0.0,2434.265274204641,17,043,845506,1,170438455061
35.0,38.0,56.0,67.0,56.0,44.0,147.0,49.0,0.0,100.0,170.0,302.0,105.0,0.13263710232049175,0.0,0.0,1169.1326371023206,17,043,845506,2,170438455062
24.0,38.0,51.0,0.0,22.0,180.0,139.0,27.0,20.0,22.0,99.0,285.0,198.0,1.8977308485854976,0.0,0.0,1106.8977308485855,17,043,845507,1,170438455071
0.0,0.0,27.0,0.0,33.0,0.0,208.0,91.0,22.0,111.0,105.0,219.0,519.0,2.7445677326317144,0.0,0.0,1337.7445677326318,17,043,845507,2,170438455072
125.0,47.0,123.0,89.0,51.0,24.0,22.0,98.0,38.0,109.0,134.0,239.0,179.0,1.1835310668597727,0.0,0.0,1279.1835310668598,17,043,845508,1,170438455081
67.0,74.0,65.0,48.0,197.0,102.0,0.0,129.0,83.0,127.0,260.0,223.0,197.0,1.4692109795500625,0.0,0.0,1573.46921097955,17,043,845508,2,170438455082
0.0,0.0,21.0,0.0,0.0,30.0,0.0,0.0,0.0,87.0,245.0,196.0,327.0,1.877325140536191,0.0,0.0,907.8773251405362,17,043,845509,1,170438455091
21.0,14.0,24.0,29.0,258.0,193.0,26.0,19.0,62.0,137.0,128.0,169.0,48.0,2.438482111892118,0.0,0.0,1130.4384821118922,17,043,845509,2,170438455092
62.0,92.0,30.0,67.0,0.0,30.0,87.0,60.0,35.0,20.0,80.0,70.0,115.0,2.214019323349747,0.0,0.0,750.2140193233497,17,043,845510,1,170438455101
55.0,24.0,57.0,94.0,57.0,158.0,110.0,121.0,92.0,140.0,418.0,396.0,169.0,0.44892557708474135,0.0,0.0,1891.4489255770848,17,043,845510,2,170438455102
41.0,73.0,32.0,196.0,105.0,405.0,144.0,96.0,36.0,254.0,151.0,141.0,89.0,1.7038766221170865,0.0,0.0,1764.7038766221171,17,043,845601,1,170438456011
0.0,22.0,27.0,0.0,11.0,25.0,19.0,19.0,80.0,161.0,58.0,256.0,167.0,1.2447481910076919,0.0,0.0,846.2447481910077,17,043,845601,2,170438456012
28.0,0.0,40.0,23.0,0.0,0.0,0.0,14.0,20.0,52.0,104.0,170.0,161.0,0.908054008194136,0.0,0.0,612.9080540081941,17,043,845601,3,170438456013
82.0,50.0,27.0,70.0,89.0,13.0,18.0,0.0,80.0,54.0,206.0,240.0,206.0,0.7448083437996845,0.0,0.0,1135.7448083437996,17,043,845602,1,170438456021
153.0,72.0,123.0,32.0,34.0,72.0,0.0,30.0,27.0,95.0,130.0,153.0,144.0,1.6630652060184736,0.0,0.0,1066.6630652060185,17,043,845602,2,170438456022
107.0,62.0,39.0,316.0,53.0,87.0,62.0,104.0,25.0,0.0,67.0,183.0,206.0,1.152922504785813,0.0,0.0,1312.152922504786,17,043,845602,3,170438456023
76.0,23.0,61.0,19.0,40.0,26.0,57.0,73.0,73.0,135.0,249.0,280.0,228.0,1.8365137244375782,0.0,0.0,1341.8365137244375,17,043,845701,1,170438457011
50.0,0.0,17.0,25.0,45.0,65.0,20.0,25.0,30.0,22.0,107.0,200.0,70.0,0.3060856207395964,0.0,0.0,676.3060856207396,17,043,845701,2,170438457012
43.0,0.0,29.0,0.0,0.0,29.0,0.0,0.0,43.0,72.0,145.0,87.0,176.0,1.6528623519938204,0.0,0.0,625.6528623519938,17,043,845701,3,170438457013
37.0,0.0,58.0,0.0,34.0,0.0,0.0,0.0,21.0,58.0,99.0,86.0,155.0,0.3468970368382092,0.0,0.0,548.3468970368382,17,043,845702,1,170438457021
0.0,0.0,19.0,85.0,89.0,49.0,75.0,0.0,23.0,79.0,95.0,118.0,283.0,2.25483073944836,0.0,0.0,917.2548307394484,17,043,845702,2,170438457022
38.0,41.0,41.0,0.0,43.0,23.0,15.0,0.0,51.0,108.0,108.0,157.0,139.0,1.101908234662547,0.0,0.0,765.1019082346626,17,043,845702,3,170438457023
0.0,0.0,0.0,48.0,20.0,20.0,20.0,0.0,8.0,20.0,71.0,48.0,303.0,0.5815626794052331,0.0,0.0,558.5815626794052,17,043,845702,4,170438457024
0.0,0.0,21.0,33.0,21.0,0.0,0.0,27.0,70.0,18.0,64.0,138.0,163.0,0.9998796944160149,0.0,0.0,555.999879694416,17,043,845703,1,170438457031
0.0,21.0,0.0,0.0,24.0,21.0,27.0,36.0,60.0,39.0,72.0,228.0,183.0,1.101908234662547,0.0,0.0,712.1019082346626,17,043,845703,2,170438457032
21.0,0.0,0.0,0.0,21.0,0.0,0.0,0.0,40.0,37.0,68.0,90.0,326.0,0.3468970368382092,0.0,0.0,603.3468970368382,17,043,845703,3,170438457033
163.0,123.0,100.0,70.0,87.0,205.0,98.0,85.0,39.0,96.0,119.0,72.0,22.0,0.9998796944160149,0.0,0.0,1279.999879694416,17,043,845703,4,170438457034
112.0,65.0,0.0,92.0,40.0,45.0,85.0,37.0,0.0,110.0,50.0,335.0,272.0,0.7141997817257248,0.0,0.0,1243.7141997817257,17,043,845704,1,170438457041
0.0,33.0,44.0,26.0,0.0,26.0,0.0,216.0,40.0,33.0,185.0,176.0,225.0,2.7037563165331013,0.0,0.0,1006.7037563165331,17,043,845704,2,170438457042
65.0,0.0,0.0,98.0,0.0,0.0,111.0,0.0,28.0,130.0,158.0,319.0,275.0,4.264792982305043,0.0,0.0,1188.2647929823052,17,043,845704,3,170438457043
128.0,0.0,28.0,0.0,35.0,86.0,57.0,22.0,57.0,147.0,102.0,202.0,356.0,1.9589479727334167,0.0,0.0,1221.9589479727333,17,043,845802,1,170438458021
98.0,0.0,0.0,22.0,0.0,45.0,58.0,56.0,62.0,16.0,39.0,148.0,56.0,1.7038766221170865,0.0,0.0,601.703876622117,17,043,845802,2,170438458022
47.0,13.0,58.0,60.0,15.0,15.0,58.0,36.0,34.0,163.0,117.0,243.0,64.0,0.3060856207395964,0.0,0.0,923.3060856207396,17,043,845802,3,170438458023
159.0,0.0,0.0,69.0,92.0,78.0,0.0,108.0,0.0,72.0,178.0,502.0,136.0,2.754770586656367,0.0,0.0,1396.7547705866564,17,043,845803,1,170438458031
88.0,59.0,0.0,76.0,182.0,123.0,356.0,59.0,61.0,309.0,103.0,852.0,67.0,0.0,0.0,0.0,2335.0,17,043,845803,2,170438458032
0.0,0.0,192.0,33.0,0.0,104.0,333.0,0.0,0.0,155.0,67.0,16.0,59.0,2.101787929078562,0.0,0.0,961.1017879290786,17,043,845803,3,170438458033
67.0,21.0,16.0,18.0,54.0,0.0,37.0,0.0,24.0,27.0,81.0,321.0,205.0,1.1223139427118534,0.0,0.0,872.1223139427118,17,043,845805,1,170438458051
0.0,0.0,21.0,21.0,0.0,0.0,18.0,98.0,0.0,157.0,0.0,147.0,113.0,0.1530428103697982,0.0,0.0,575.1530428103698,17,043,845805,2,170438458052
30.0,54.0,86.0,46.0,152.0,160.0,74.0,34.0,100.0,239.0,92.0,287.0,138.0,0.6121712414791928,0.0,0.0,1492.6121712414792,17,043,845805,3,170438458053
147.0,277.0,0.0,0.0,31.0,0.0,40.0,168.0,0.0,38.0,0.0,150.0,232.0,0.336694182813556,0.0,0.0,1083.3366941828135,17,043,845807,1,170438458071
0.0,0.0,41.0,0.0,32.0,44.0,73.0,0.0,44.0,144.0,41.0,364.0,147.0,1.7957023083389654,0.0,0.0,931.795702308339,17,043,845807,2,170438458072
70.0,0.0,81.0,0.0,0.0,34.0,31.0,0.0,0.0,81.0,154.0,206.0,52.0,0.27547705866563676,0.0,0.0,709.2754770586656,17,043,845807,3,170438458073
18.0,29.0,54.0,63.0,42.0,107.0,37.0,139.0,21.0,135.0,343.0,116.0,149.0,0.5713598253805799,0.0,0.0,1253.5713598253806,17,043,845807,4,170438458074
47.0,39.0,82.0,0.0,47.0,0.0,0.0,0.0,64.0,32.0,82.0,9.0,62.0,2.25483073944836,0.0,0.0,466.2548307394484,17,043,845807,5,170438458075
0.0,0.0,61.0,0.0,0.0,15.0,0.0,0.0,0.0,58.0,126.0,181.0,249.0,2.356859279694892,0.0,0.0,692.3568592796948,17,043,845808,1,170438458081
72.0,0.0,0.0,0.0,0.0,23.0,62.0,95.0,65.0,115.0,128.0,256.0,368.0,3.3873475361848664,0.0,0.0,1187.387347536185,17,043,845808,2,170438458082
42.0,23.0,0.0,76.0,0.0,42.0,26.0,42.0,55.0,76.0,105.0,163.0,137.0,0.8570397380708699,0.0,0.0,787.8570397380709,17,043,845809,1,170438458091
0.0,26.0,0.0,18.0,53.0,0.0,91.0,0.0,24.0,72.0,155.0,107.0,163.0,1.2549510450323451,0.0,0.0,710.2549510450324,17,043,845809,2,170438458092
0.0,0.0,0.0,34.0,0.0,31.0,46.0,127.0,164.0,187.0,173.0,410.0,54.0,1.4692109795500625,0.0,0.0,1227.46921097955,17,043,845809,3,170438458093
22.0,75.0,22.0,70.0,39.0,44.0,19.0,25.0,0.0,151.0,73.0,281.0,210.0,1.2243424829583855,0.0,0.0,1032.2243424829585,17,043,845810,1,170438458101
83.0,29.0,42.0,114.0,130.0,0.0,67.0,60.0,24.0,31.0,225.0,263.0,103.0,0.3877084529368221,0.0,0.0,1171.3877084529367,17,043,845810,2,170438458102
17.0,19.0,46.0,81.0,66.0,48.0,44.0,207.0,125.0,167.0,90.0,282.0,70.0,0.3979113069614753,0.0,0.0,1262.3979113069615,17,043,845810,3,170438458103
111.0,94.0,25.0,45.0,205.0,65.0,94.0,28.0,54.0,94.0,145.0,339.0,85.0,0.6325769495284992,0.0,0.0,1384.6325769495286,17,043,845811,1,170438458111
96.0,69.0,22.0,58.0,127.0,284.0,103.0,141.0,206.0,172.0,98.0,306.0,201.0,0.3877084529368221,0.0,0.0,1883.3877084529367,17,043,845811,2,170438458112
91.0,63.0,0.0,52.0,0.0,0.0,13.0,41.0,0.0,30.0,135.0,66.0,160.0,0.5611569713559267,0.0,0.0,651.5611569713559,17,043,845901,1,170438459011
44.0,0.0,0.0,27.0,19.0,0.0,105.0,22.0,69.0,8.0,124.0,72.0,116.0,2.203816469325094,0.0,0.0,608.2038164693251,17,043,845901,2,170438459012
115.0,0.0,36.0,22.0,49.0,39.0,0.0,85.0,105.0,93.0,188.0,66.0,53.0,1.867122286511538,0.0,0.0,852.8671222865115,17,043,845902,1,170438459021
0.0,47.0,84.0,71.0,34.0,47.0,31.0,68.0,49.0,89.0,142.0,444.0,278.0,0.9590682783174019,0.0,0.0,1384.9590682783173,17,043,845902,2,170438459022
0.0,18.0,92.0,69.0,152.0,49.0,41.0,25.0,0.0,18.0,103.0,258.0,368.0,1.050893964539281,0.0,0.0,1194.0508939645392,17,043,846002,1,170438460021
140.0,147.0,92.0,46.0,46.0,15.0,56.0,61.0,82.0,68.0,155.0,88.0,76.0,1.1631253588104662,0.0,0.0,1073.1631253588105,17,043,846002,2,170438460022
0.0,34.0,209.0,69.0,0.0,0.0,0.0,0.0,76.0,316.0,180.0,335.0,197.0,0.9998796944160149,0.0,0.0,1416.999879694416,17,043,846002,3,170438460023
24.0,0.0,21.0,24.0,24.0,21.0,98.0,101.0,10.0,92.0,30.0,106.0,128.0,0.43872272306008814,0.0,0.0,679.4387227230601,17,043,846003,1,170438460031
47.0,0.0,19.0,75.0,0.0,0.0,0.0,0.0,27.0,158.0,55.0,94.0,291.0,1.724282330166393,0.0,0.0,767.7242823301664,17,043,846003,2,170438460032
39.0,0.0,0.0,0.0,320.0,29.0,39.0,37.0,53.0,87.0,95.0,135.0,15.0,1.050893964539281,0.0,0.0,850.0508939645392,17,043,846003,3,170438460033
14.0,16.0,49.0,59.0,19.0,16.0,97.0,14.0,0.0,107.0,134.0,89.0,21.0,0.3877084529368221,0.0,0.0,635.3877084529369,17,043,846003,4,170438460034
0.0,0.0,23.0,0.0,20.0,0.0,23.0,32.0,82.0,103.0,215.0,59.0,88.0,0.867242592095523,0.0,0.0,645.8672425920955,17,043,846004,1,170438460041
146.0,213.0,80.0,83.0,142.0,34.0,76.0,130.0,97.0,83.0,48.0,81.0,36.0,0.8876483001448295,0.0,0.0,1249.8876483001447,17,043,846004,2,170438460042
61.0,0.0,33.0,0.0,0.0,0.0,0.0,0.0,27.0,55.0,67.0,179.0,111.0,0.7244026357503781,0.0,0.0,533.7244026357504,17,043,846004,3,170438460043
77.0,18.0,0.0,0.0,25.0,28.0,69.0,40.0,38.0,84.0,43.0,0.0,13.0,0.10202854024653213,0.0,0.0,435.1020285402465,17,043,846102,1,170438461021
162.0,33.0,143.0,67.0,61.0,67.0,85.0,128.0,70.0,110.0,94.0,104.0,116.0,1.5916452278459012,0.0,0.0,1241.591645227846,17,043,846102,2,170438461022
19.0,71.0,0.0,97.0,181.0,66.0,181.0,231.0,126.0,174.0,253.0,179.0,176.0,0.21425993451771747,0.0,0.0,1754.2142599345177,17,043,846102,3,170438461023
0.0,29.0,21.0,0.0,45.0,0.0,71.0,18.0,138.0,21.0,106.0,202.0,186.0,2.4894963820153837,0.0,0.0,839.4894963820154,17,043,846103,1,170438461031
55.0,24.0,0.0,0.0,33.0,0.0,50.0,0.0,110.0,24.0,0.0,115.0,130.0,0.4081141609861285,0.0,0.0,541.4081141609861,17,043,846103,2,170438461032
17.0,0.0,0.0,15.0,74.0,123.0,22.0,145.0,50.0,17.0,83.0,74.0,99.0,1.8365137244375782,0.0,0.0,720.8365137244376,17,043,846103,3,170438461033
172.0,118.0,0.0,75.0,56.0,0.0,77.0,0.0,44.0,99.0,28.0,106.0,96.0,1.0100825484406681,0.0,0.0,872.0100825484407,17,043,846103,4,170438461034
0.0,6.0,28.0,0.0,25.0,0.0,56.0,0.0,28.0,50.0,125.0,212.0,275.0,1.4590081255254095,0.0,0.0,806.4590081255254,17,043,846104,1,170438461041
46.0,49.0,194.0,64.0,176.0,132.0,24.0,92.0,30.0,188.0,166.0,401.0,457.0,3.0812619154452703,0.0,0.0,2022.0812619154453,17,043,846104,2,170438461042
0.0,0.0,51.0,57.0,0.0,21.0,19.0,19.0,51.0,29.0,89.0,108.0,350.0,2.601727776286569,0.0,0.0,796.6017277762866,17,043,846105,1,170438461051
64.0,28.0,16.0,30.0,50.0,25.0,0.0,0.0,42.0,75.0,142.0,78.0,92.0,1.96915082675807,0.0,0.0,643.9691508267581,17,043,846105,2,170438461052
0.0,0.0,0.0,22.0,0.0,0.0,9.0,0.0,24.0,71.0,79.0,0.0,66.0,0.7550111978243377,0.0,0.0,271.75501119782433,17,043,846105,3,170438461053
0.0,19.0,0.0,158.0,0.0,19.0,0.0,189.0,30.0,125.0,155.0,444.0,311.0,2.1834107612757876,0.0,0.0,1452.1834107612758,17,043,846106,1,170438461061
0.0,34.0,23.0,0.0,0.0,37.0,43.0,20.0,109.0,120.0,25.0,198.0,129.0,2.3772649877441987,0.0,0.0,740.3772649877442,17,043,846106,2,170438461062
17.0,0.0,62.0,0.0,0.0,0.0,48.0,141.0,76.0,0.0,138.0,224.0,214.0,1.826310870412925,0.0,0.0,921.826310870413,17,043,846201,1,170438462011
0.0,0.0,0.0,101.0,0.0,0.0,0.0,0.0,0.0,83.0,155.0,126.0,430.0,1.3977910013774901,0.0,0.0,896.3977910013775,17,043,846201,2,170438462012
78.0,17.0,51.0,69.0,147.0,33.0,134.0,44.0,22.0,82.0,42.0,87.0,78.0,0.13263710232049175,0.0,0.0,884.1326371023205,17,043,846201,3,170438462013
51.0,0.0,64.0,56.0,0.0,51.0,59.0,80.0,33.0,88.0,67.0,181.0,178.0,2.5609163601879565,0.0,0.0,910.560916360188,17,043,846201,4,170438462014
76.0,80.0,38.0,36.0,0.0,0.0,249.0,94.0,56.0,293.0,126.0,391.0,168.0,1.3875881473528369,0.0,0.0,1608.3875881473527,17,043,846202,1,170438462021
0.0,0.0,0.0,0.0,0.0,76.0,0.0,32.0,0.0,93.0,155.0,184.0,342.0,1.2549510450323451,0.0,0.0,883.2549510450324,17,043,846202,2,170438462022
0.0,28.0,0.0,0.0,42.0,0.0,0.0,57.0,133.0,35.0,33.0,31.0,42.0,0.0,0.0,0.0,401.0,17,043,846202,3,170438462023
39.0,0.0,0.0,0.0,0.0,0.0,0.0,45.0,81.0,36.0,0.0,102.0,229.0,4.183170150107817,0.0,0.0,536.1831701501078,17,043,846202,4,170438462024
49.0,0.0,0.0,49.0,42.0,19.0,49.0,22.0,29.0,65.0,0.0,163.0,235.0,2.193613615300441,0.0,0.0,724.1936136153005,17,043,846203,1,170438462031
0.0,0.0,48.0,0.0,53.0,0.0,42.0,22.0,42.0,48.0,59.0,285.0,223.0,1.438602417476103,0.0,0.0,823.4386024174761,17,043,846203,2,170438462032
85.0,17.0,13.0,0.0,15.0,0.0,17.0,85.0,35.0,57.0,94.0,184.0,138.0,0.28567991269028997,0.0,0.0,740.2856799126903,17,043,846203,3,170438462033
42.0,0.0,0.0,0.0,42.0,29.0,0.0,39.0,0.0,26.0,78.0,55.0,191.0,0.7550111978243377,0.0,0.0,502.75501119782433,17,043,846205,1,170438462051
66.0,49.0,0.0,0.0,0.0,29.0,46.0,23.0,0.0,198.0,128.0,105.0,168.0,1.7140794761417397,0.0,0.0,813.7140794761417,17,043,846205,2,170438462052
0.0,0.0,0.0,24.0,27.0,37.0,27.0,27.0,0.0,31.0,0.0,118.0,155.0,0.7550111978243377,0.0,0.0,446.75501119782433,17,043,846205,3,170438462053
53.0,25.0,66.0,25.0,38.0,35.0,45.0,0.0,66.0,17.0,96.0,122.0,99.0,1.6834709140677802,0.0,0.0,688.6834709140678,17,043,846206,1,170438462061
53.0,76.0,0.0,82.0,47.0,0.0,159.0,11.0,32.0,35.0,212.0,306.0,85.0,3.3057247039876407,0.0,0.0,1101.3057247039876,17,043,846206,2,170438462062
0.0,0.0,0.0,27.0,21.0,30.0,0.0,0.0,0.0,27.0,76.0,97.0,153.0,2.305845009571626,0.0,0.0,433.3058450095716,17,043,846206,3,170438462063
37.0,0.0,90.0,60.0,37.0,85.0,143.0,0.0,95.0,151.0,194.0,171.0,103.0,2.9996390832480446,0.0,0.0,1168.999639083248,17,043,846207,1,170438462071
29.0,0.0,0.0,98.0,0.0,0.0,78.0,0.0,22.0,29.0,95.0,262.0,121.0,2.071179367004602,0.0,0.0,736.0711793670046,17,043,846207,2,170438462072
0.0,0.0,0.0,24.0,45.0,45.0,33.0,0.0,45.0,42.0,45.0,401.0,127.0,1.3875881473528369,0.0,0.0,808.3875881473529,17,043,846207,3,170438462073
0.0,0.0,0.0,0.0,0.0,0.0,0.0,0.0,48.0,27.0,0.0,152.0,117.0,1.3773852933281836,0.0,0.0,345.3773852933282,17,043,846207,4,170438462074
0.0,93.0,0.0,0.0,19.0,93.0,27.0,0.0,13.0,69.0,44.0,325.0,195.0,2.3364535716455856,0.0,0.0,880.3364535716456,17,043,846208,1,170438462081
70.0,0.0,0.0,0.0,28.0,0.0,25.0,0.0,0.0,50.0,117.0,156.0,229.0,0.908054008194136,0.0,0.0,675.9080540081941,17,043,846208,2,170438462082
60.0,0.0,0.0,20.0,0.0,0.0,54.0,86.0,86.0,124.0,92.0,317.0,187.0,0.908054008194136,0.0,0.0,1026.908054008194,17,043,846209,1,170438462091
165.0,26.0,0.0,21.0,0.0,114.0,40.0,104.0,18.0,0.0,0.0,170.0,392.0,0.5407512633066203,0.0,0.0,1050.5407512633067,17,043,846209,2,170438462092
95.0,52.0,0.0,52.0,98.0,46.0,0.0,0.0,0.0,135.0,40.0,0.0,55.0,0.5917655334298864,0.0,0.0,573.5917655334299,17,043,846304,1,170438463041
0.0,30.0,87.0,0.0,151.0,0.0,74.0,66.0,30.0,222.0,128.0,330.0,171.0,0.8570397380708699,0.0,0.0,1289.8570397380709,17,043,846304,2,170438463042
0.0,0.0,0.0,0.0,0.0,45.0,0.0,45.0,0.0,55.0,94.0,189.0,202.0,1.0304882564899744,0.0,0.0,631.03048825649,17,043,846304,3,170438463043
47.0,0.0,0.0,44.0,0.0,0.0,0.0,0.0,0.0,0.0,79.0,123.0,0.0,1.0202854024653212,0.0,0.0,294.02028540246533,17,043,846304,4,170438463044
0.0,0.0,0.0,0.0,51.0,0.0,0.0,51.0,0.0,121.0,82.0,47.0,296.0,1.6222537899198608,0.0,0.0,649.6222537899199,17,043,846304,5,170438463045
0.0,0.0,0.0,128.0,40.0,0.0,55.0,58.0,43.0,224.0,160.0,148.0,270.0,0.8264311759969102,0.0,0.0,1126.826431175997,17,043,846305,1,170438463051
0.0,37.0,120.0,0.0,115.0,99.0,115.0,0.0,26.0,192.0,227.0,289.0,259.0,1.775296600289659,0.0,0.0,1480.7752966002897,17,043,846305,2,170438463052
89.0,104.0,17.0,30.0,80.0,58.0,111.0,161.0,43.0,30.0,113.0,191.0,93.0,0.9284597162434424,0.0,0.0,1120.9284597162434,17,043,846305,3,170438463053
0.0,0.0,0.0,157.0,0.0,0.0,162.0,35.0,25.0,80.0,105.0,80.0,215.0,0.530548409281967,0.0,0.0,859.530548409282,17,043,846305,4,170438463054
111.0,18.0,56.0,33.0,23.0,52.0,54.0,75.0,33.0,213.0,68.0,194.0,125.0,0.37750559891216884,0.0,0.0,1055.3775055989122,17,043,846307,1,170438463071
60.0,0.0,65.0,30.0,122.0,38.0,76.0,40.0,46.0,144.0,207.0,414.0,98.0,2.3670621337195454,0.0,0.0,1342.3670621337196,17,043,846307,2,170438463072
49.0,63.0,108.0,22.0,84.0,108.0,20.0,86.0,186.0,75.0,291.0,92.0,96.0,0.0,0.0,0.0,1280.0,17,043,846307,3,170438463073
20.0,0.0,44.0,0.0,74.0,127.0,148.0,285.0,23.0,145.0,412.0,638.0,225.0,0.44892557708474135,0.0,0.0,2141.4489255770845,17,043,846308,1,170438463081
0.0,0.0,0.0,0.0,65.0,19.0,0.0,19.0,101.0,176.0,164.0,125.0,45.0,1.5712395197965947,0.0,0.0,715.5712395197966,17,043,846308,2,170438463082
237.0,88.0,115.0,45.0,120.0,288.0,163.0,124.0,297.0,357.0,240.0,499.0,134.0,0.43872272306008814,0.0,0.0,2707.43872272306,17,043,846310,1,170438463101
0.0,0.0,54.0,0.0,0.0,200.0,0.0,44.0,44.0,92.0,257.0,257.0,257.0,6.356378057358952,0.0,0.0,1211.356378057359,17,043,846310,2,170438463102
0.0,0.0,69.0,112.0,0.0,40.0,50.0,0.0,0.0,131.0,171.0,69.0,94.0,1.6630652060184736,0.0,0.0,737.6630652060185,17,043,846311,1,170438463111
37.0,37.0,0.0,0.0,43.0,0.0,0.0,122.0,131.0,248.0,186.0,172.0,248.0,1.3059653151556112,0.0,0.0,1225.3059653151556,17,043,846311,2,170438463112
25.0,0.0,87.0,102.0,42.0,90.0,57.0,0.0,107.0,240.0,135.0,180.0,92.0,3.0404504993466572,0.0,0.0,1160.0404504993467,17,043,846311,3,170438463113
40.0,0.0,0.0,0.0,0.0,0.0,0.0,0.0,68.0,0.0,161.0,106.0,182.0,2.295642155546973,0.0,0.0,559.295642155547,17,043,846311,4,170438463114
152.0,68.0,23.0,21.0,148.0,196.0,84.0,96.0,0.0,221.0,284.0,241.0,87.0,0.5611569713559267,0.0,0.0,1621.561156971356,17,043,846312,1,170438463121
86.0,54.0,49.0,19.0,60.0,19.0,166.0,110.0,0.0,177.0,67.0,267.0,161.0,0.0,0.0,0.0,1235.0,17,043,846312,2,170438463122
63.0,76.0,0.0,45.0,84.0,0.0,85.0,101.0,36.0,82.0,93.0,215.0,70.0,0.9692711323420552,0.0,0.0,950.9692711323421,17,043,846312,3,170438463123
89.0,0.0,24.0,108.0,125.0,0.0,138.0,108.0,44.0,256.0,69.0,527.0,162.0,1.346776731254224,0.0,0.0,1651.3467767312543,17,043,846313,1,170438463131
0.0,0.0,0.0,71.0,0.0,0.0,0.0,0.0,0.0,0.0,95.0,109.0,30.0,0.7652140518489909,0.0,0.0,305.765214051849,17,043,846313,2,170438463132
45.0,0.0,0.0,64.0,0.0,57.0,0.0,0.0,136.0,0.0,31.0,258.0,181.0,1.1427196507611599,0.0,0.0,773.1427196507611,17,043,846313,3,170438463133
38.0,142.0,25.0,25.0,55.0,111.0,22.0,30.0,60.0,86.0,152.0,332.0,424.0,2.5303077981139968,0.0,0.0,1504.530307798114,17,043,846314,1,170438463141
37.0,0.0,0.0,0.0,0.0,0.0,45.0,109.0,26.0,93.0,186.0,101.0,141.0,2.6629449004344883,0.0,0.0,740.6629449004345,17,043,846314,2,170438463142
0.0,0.0,0.0,0.0,0.0,20.0,77.0,86.0,37.0,34.0,48.0,258.0,261.0,2.1323964911525213,0.0,0.0,823.1323964911526,17,043,846315,1,170438463151
0.0,0.0,0.0,0.0,25.0,71.0,120.0,0.0,0.0,74.0,0.0,110.0,192.0,0.7039969277010717,0.0,0.0,592.703996927701,17,043,846315,2,170438463152
0.0,0.0,0.0,31.0,0.0,0.0,31.0,73.0,73.0,186.0,211.0,476.0,363.0,2.785379148730327,0.0,0.0,1446.7853791487303,17,043,846315,3,170438463153
113.0,142.0,227.0,31.0,43.0,41.0,0.0,133.0,55.0,0.0,106.0,275.0,96.0,0.4897369931833542,0.0,0.0,1262.4897369931834,17,043,846404,1,170438464041
140.0,83.0,140.0,192.0,0.0,39.0,63.0,151.0,41.0,170.0,48.0,236.0,63.0,0.6223740955038459,0.0,0.0,1366.6223740955038,17,043,846404,2,170438464042
0.0,0.0,69.0,40.0,158.0,75.0,60.0,0.0,0.0,18.0,115.0,146.0,66.0,0.6121712414791928,0.0,0.0,747.6121712414792,17,043,846404,3,170438464043
28.0,0.0,33.0,195.0,14.0,188.0,117.0,96.0,62.0,67.0,197.0,151.0,161.0,0.2448684965916771,0.0,0.0,1309.2448684965916,17,043,846404,4,170438464044
0.0,23.0,29.0,26.0,0.0,73.0,79.0,0.0,0.0,41.0,230.0,194.0,292.0,1.0202854024653212,0.0,0.0,988.0202854024653,17,043,846405,1,170438464051
45.0,63.0,120.0,165.0,68.0,71.0,45.0,26.0,90.0,244.0,82.0,130.0,139.0,1.295762461130958,0.0,0.0,1289.295762461131,17,043,846405,2,170438464052
44.0,0.0,0.0,0.0,41.0,0.0,0.0,51.0,0.0,93.0,151.0,369.0,483.0,2.4894963820153837,0.0,0.0,1234.4894963820154,17,043,846408,1,170438464081
24.0,0.0,0.0,0.0,0.0,24.0,52.0,0.0,0.0,24.0,31.0,331.0,415.0,2.3364535716455856,0.0,0.0,903.3364535716456,17,043,846408,2,170438464082
0.0,0.0,40.0,17.0,20.0,57.0,43.0,95.0,262.0,216.0,182.0,182.0,265.0,1.5610366657719414,0.0,0.0,1380.561036665772,17,043,846409,1,170438464091
0.0,17.0,0.0,0.0,35.0,53.0,156.0,14.0,17.0,32.0,53.0,26.0,361.0,2.111990783103215,0.0,0.0,766.1119907831032,17,043,846409,2,170438464092
0.0,74.0,0.0,0.0,0.0,302.0,0.0,54.0,285.0,104.0,332.0,672.0,183.0,3.6118103247272373,0.0,0.0,2009.6118103247272,17,043,846410,1,170438464101
70.0,98.0,36.0,77.0,34.0,77.0,143.0,107.0,129.0,161.0,661.0,440.0,91.0,1.203936774909079,0.0,0.0,2125.203936774909,17,043,846410,2,170438464102
82.0,51.0,39.0,41.0,164.0,129.0,76.0,123.0,117.0,177.0,399.0,395.0,407.0,1.7854994543143121,0.0,0.0,2201.7854994543145,17,043,846411,1,170438464111
75.0,0.0,0.0,0.0,69.0,39.0,0.0,89.0,27.0,82.0,114.0,98.0,154.0,0.7652140518489909,0.0,0.0,747.765214051849,17,043,846411,2,170438464112
35.0,0.0,18.0,0.0,0.0,0.0,0.0,62.0,21.0,151.0,183.0,405.0,226.0,1.4794138335747158,0.0,0.0,1102.4794138335747,17,043,846412,1,170438464121
103.0,0.0,53.0,16.0,35.0,24.0,0.0,67.0,35.0,24.0,135.0,92.0,203.0,0.7754169058736442,0.0,0.0,787.7754169058736,17,043,846412,2,170438464122
185.0,0.0,0.0,0.0,23.0,32.0,54.0,104.0,154.0,119.0,207.0,342.0,137.0,0.9284597162434424,0.0,0.0,1357.9284597162434,17,043,846412,3,170438464123
64.0,27.0,53.0,101.0,166.0,14.0,83.0,53.0,155.0,270.0,109.0,236.0,183.0,0.5815626794052331,0.0,0.0,1514.5815626794051,17,043,846413,1,170438464131
92.0,0.0,39.0,0.0,19.0,0.0,30.0,0.0,72.0,123.0,95.0,414.0,142.0,2.4792935279907304,0.0,0.0,1028.4792935279906,17,043,846413,2,170438464132
136.0,0.0,31.0,60.0,47.0,0.0,31.0,103.0,18.0,74.0,55.0,107.0,157.0,0.2448684965916771,0.0,0.0,819.2448684965917,17,043,846504,1,170438465041
57.0,86.0,133.0,16.0,59.0,0.0,20.0,103.0,53.0,100.0,0.0,179.0,129.0,0.9794739863667083,0.0,0.0,935.9794739863667,17,043,846504,2,170438465042
0.0,0.0,0.0,0.0,198.0,114.0,162.0,9.0,0.0,0.0,132.0,27.0,114.0,1.5610366657719414,0.0,0.0,757.5610366657719,17,043,846504,3,170438465043
42.0,32.0,171.0,0.0,42.0,259.0,239.0,187.0,197.0,103.0,97.0,123.0,184.0,0.3570998908628624,0.0,0.0,1676.3570998908629,17,043,846504,4,170438465044
102.0,0.0,0.0,73.0,20.0,216.0,185.0,102.0,53.0,120.0,189.0,622.0,363.0,1.3569795852788773,0.0,0.0,2046.3569795852789,17,043,846507,1,170438465071
0.0,149.0,118.0,21.0,15.0,79.0,45.0,118.0,129.0,0.0,54.0,116.0,136.0,0.28567991269028997,0.0,0.0,980.2856799126903,17,043,846509,1,170438465091
42.0,16.0,45.0,33.0,152.0,104.0,209.0,40.0,73.0,99.0,142.0,218.0,140.0,0.0,0.0,0.0,1313.0,17,043,846509,2,170438465092
40.0,20.0,34.0,103.0,28.0,0.0,120.0,22.0,43.0,111.0,31.0,289.0,740.0,3.540390346554665,0.0,0.0,1584.5403903465547,17,043,846509,3,170438465093
159.0,0.0,27.0,32.0,70.0,118.0,20.0,111.0,17.0,0.0,374.0,217.0,194.0,0.4897369931833542,0.0,0.0,1339.4897369931834,17,043,846510,1,170438465101
15.0,0.0,0.0,37.0,0.0,44.0,0.0,135.0,164.0,142.0,179.0,264.0,182.0,0.7652140518489909,0.0,0.0,1162.765214051849,17,043,846510,2,170438465102
47.0,61.0,0.0,188.0,0.0,0.0,165.0,129.0,79.0,256.0,253.0,365.0,129.0,0.47953413915870097,0.0,0.0,1672.4795341391587,17,043,846511,1,170438465111
0.0,0.0,149.0,0.0,0.0,94.0,237.0,71.0,0.0,133.0,218.0,32.0,374.0,0.3264913287889028,0.0,0.0,1308.326491328789,17,043,846511,2,170438465112
54.0,0.0,39.0,0.0,101.0,0.0,129.0,54.0,86.0,162.0,353.0,166.0,566.0,0.0,0.0,0.0,1710.0,17,043,846511,3,170438465113
0.0,0.0,0.0,82.0,49.0,0.0,57.0,0.0,331.0,186.0,157.0,149.0,82.0,0.37750559891216884,0.0,0.0,1093.3775055989122,17,043,846511,4,170438465114
0.0,28.0,15.0,60.0,54.0,0.0,60.0,19.0,0.0,0.0,47.0,270.0,124.0,0.908054008194136,0.0,0.0,677.9080540081941,17,043,846513,1,170438465131
21.0,51.0,0.0,0.0,15.0,0.0,21.0,0.0,0.0,21.0,30.0,51.0,266.0,0.4897369931833542,0.0,0.0,476.4897369931833,17,043,846513,2,170438465132
0.0,0.0,0.0,0.0,0.0,0.0,36.0,0.0,0.0,225.0,127.0,458.0,229.0,4.009721631688713,0.0,0.0,1079.0097216316888,17,043,846514,1,170438465141
32.0,0.0,0.0,43.0,0.0,58.0,21.0,0.0,0.0,130.0,36.0,250.0,566.0,3.6220131787518905,0.0,0.0,1139.6220131787518,17,043,846514,2,170438465142
258.0,66.0,50.0,0.0,0.0,58.0,0.0,143.0,353.0,305.0,127.0,172.0,21.0,0.42851986903543493,0.0,0.0,1553.4285198690354,17,043,846515,1,170438465151
29.0,0.0,39.0,0.0,0.0,0.0,0.0,19.0,26.0,46.0,222.0,137.0,196.0,0.7652140518489909,0.0,0.0,714.765214051849,17,043,846515,2,170438465152
36.0,19.0,26.0,0.0,144.0,138.0,0.0,128.0,0.0,190.0,332.0,49.0,174.0,0.0,0.0,0.0,1236.0,17,043,846515,3,170438465153
26.0,0.0,0.0,0.0,0.0,0.0,0.0,0.0,0.0,162.0,132.0,308.0,395.0,3.2853189959383347,0.0,0.0,1026.2853189959383,17,043,846515,4,170438465154
0.0,0.0,0.0,0.0,0.0,0.0,0.0,0.0,0.0,63.0,0.0,296.0,138.0,2.7037563165331013,0.0,0.0,499.7037563165331,17,043,846517,1,170438465171
31.0,0.0,71.0,68.0,0.0,83.0,0.0,36.0,241.0,452.0,496.0,366.0,31.0,0.7244026357503781,0.0,0.0,1875.7244026357503,17,043,846517,2,170438465172
0.0,0.0,0.0,94.0,0.0,56.0,41.0,0.0,34.0,85.0,246.0,455.0,461.0,4.958587055981461,0.0,0.0,1476.9585870559815,17,043,846517,3,170438465173
0.0,0.0,0.0,0.0,0.0,0.0,0.0,0.0,0.0,21.0,18.0,93.0,159.0,1.9385422646841104,0.0,0.0,292.9385422646841,17,043,846518,1,170438465181
0.0,0.0,0.0,0.0,0.0,0.0,40.0,0.0,0.0,77.0,146.0,261.0,146.0,2.5303077981139968,0.0,0.0,672.530307798114,17,043,846518,2,170438465182
0.0,29.0,0.0,11.0,0.0,0.0,47.0,0.0,17.0,32.0,188.0,312.0,221.0,0.44892557708474135,0.0,0.0,857.4489255770848,17,043,846518,3,170438465183
26.0,0.0,18.0,161.0,0.0,112.0,18.0,34.0,0.0,40.0,13.0,75.0,234.0,1.775296600289659,0.0,0.0,732.7752966002896,17,043,846519,1,170438465191
86.0,0.0,162.0,120.0,61.0,0.0,19.0,22.0,44.0,125.0,137.0,450.0,324.0,0.8570397380708699,0.0,0.0,1550.8570397380709,17,043,846519,2,170438465192
0.0,0.0,0.0,0.0,0.0,0.0,0.0,0.0,0.0,0.0,40.0,166.0,123.0,2.448684965916771,0.0,0.0,331.44868496591675,17,043,846521,1,170438465211
28.0,0.0,28.0,0.0,0.0,30.0,28.0,118.0,0.0,61.0,131.0,20.0,159.0,0.6631855116024589,0.0,0.0,603.6631855116025,17,043,846521,2,170438465212
45.0,0.0,0.0,0.0,0.0,0.0,65.0,0.0,0.0,0.0,176.0,0.0,166.0,2.3874678417688515,0.0,0.0,454.38746784176885,17,043,846521,3,170438465213
0.0,0.0,93.0,35.0,98.0,128.0,79.0,0.0,134.0,158.0,167.0,457.0,186.0,1.8365137244375782,0.0,0.0,1536.8365137244375,17,043,846521,4,170438465214
86.0,44.0,49.0,18.0,83.0,60.0,20.0,62.0,44.0,128.0,293.0,264.0,238.0,1.3569795852788773,0.0,0.0,1390.3569795852789,17,043,846522,1,170438465221
0.0,0.0,60.0,19.0,40.0,0.0,43.0,0.0,0.0,204.0,147.0,180.0,305.0,1.9181365566348039,0.0,0.0,999.9181365566347,17,043,846522,2,170438465222
18.0,0.0,39.0,0.0,21.0,15.0,81.0,0.0,84.0,30.0,105.0,108.0,276.0,1.4998195416240223,0.0,0.0,778.499819541624,17,043,846523,1,170438465231
21.0,45.0,45.0,0.0,15.0,36.0,90.0,21.0,15.0,51.0,103.0,218.0,209.0,1.9997593888320297,0.0,0.0,870.999759388832,17,043,846523,2,170438465232
31.0,21.0,180.0,48.0,0.0,31.0,151.0,109.0,39.0,73.0,80.0,217.0,56.0,0.816228321972257,0.0,0.0,1036.8162283219722,17,043,846524,1,170438465241
0.0,0.0,0.0,0.0,0.0,65.0,0.0,32.0,0.0,24.0,90.0,71.0,219.0,0.9998796944160149,0.0,0.0,501.999879694416,17,043,846524,2,170438465242
0.0,34.0,40.0,18.0,43.0,37.0,184.0,24.0,0.0,0.0,59.0,365.0,436.0,1.9385422646841104,0.0,0.0,1241.9385422646842,17,043,846524,3,170438465243
197.0,0.0,143.0,0.0,104.0,0.0,143.0,0.0,0.0,213.0,116.0,166.0,46.0,0.5917655334298864,0.0,0.0,1128.59176553343,17,043,846603,1,170438466031
20.0,0.0,162.0,0.0,88.0,152.0,145.0,138.0,149.0,77.0,91.0,315.0,20.0,0.37750559891216884,0.0,0.0,1357.3775055989122,17,043,846603,2,170438466032
0.0,75.0,168.0,165.0,366.0,280.0,132.0,165.0,387.0,93.0,0.0,0.0,28.0,0.0,0.0,0.0,1859.0,17,043,846603,3,170438466033
79.0,22.0,0.0,203.0,28.0,198.0,25.0,36.0,82.0,144.0,311.0,147.0,152.0,0.22446278854237067,0.0,0.0,1427.2244627885423,17,043,846604,1,170438466041
0.0,30.0,66.0,27.0,75.0,75.0,0.0,63.0,0.0,54.0,114.0,183.0,195.0,0.5203455552573139,0.0,0.0,882.5203455552573,17,043,846604,2,170438466042
157.0,0.0,30.0,49.0,38.0,59.0,47.0,85.0,33.0,26.0,168.0,149.0,95.0,0.5815626794052331,0.0,0.0,936.5815626794052,17,043,846604,3,170438466043
258.0,41.0,132.0,393.0,117.0,58.0,67.0,88.0,123.0,64.0,361.0,364.0,94.0,1.101908234662547,0.0,0.0,2161.1019082346625,17,043,846701,1,170438467011
20.0,0.0,35.0,25.0,0.0,22.0,66.0,86.0,25.0,104.0,68.0,68.0,25.0,0.2550713506163303,0.0,0.0,544.2550713506163,17,043,846701,2,170438467012
71.0,64.0,35.0,53.0,0.0,167.0,28.0,74.0,32.0,46.0,242.0,367.0,42.0,0.0,0.0,0.0,1221.0,17,043,846701,3,170438467013
0.0,24.0,56.0,0.0,10.0,7.0,204.0,81.0,81.0,45.0,81.0,243.0,254.0,0.9692711323420552,0.0,0.0,1086.969271132342,17,043,846702,1,170438467021
26.0,0.0,43.0,0.0,153.0,19.0,163.0,76.0,23.0,263.0,193.0,146.0,93.0,0.2652742046409835,0.0,0.0,1198.265274204641,17,043,846702,2,170438467022
126.0,0.0,18.0,270.0,36.0,0.0,219.0,43.0,54.0,133.0,39.0,176.0,46.0,1.061096818563934,0.0,0.0,1161.061096818564,17,043,846702,3,170438467023
109.0,0.0,332.0,297.0,70.0,0.0,245.0,162.0,350.0,367.0,0.0,56.0,696.0,0.0,0.0,0.0,2684.0,17,089,850101,1,170898501011
71.0,139.0,0.0,0.0,249.0,36.0,159.0,352.0,51.0,258.0,443.0,917.0,431.0,4.142358734009204,0.0,0.0,3110.142358734009,17,089,850101,2,170898501012
0.0,128.0,23.0,0.0,0.0,0.0,92.0,230.0,281.0,140.0,290.0,642.0,1016.0,6.305363787235685,0.0,0.0,2848.305363787236,17,089,850103,1,170898501031
46.0,0.0,0.0,52.0,34.0,49.0,170.0,54.0,17.0,78.0,234.0,343.0,248.0,0.9692711323420552,0.0,0.0,1325.969271132342,17,089,850103,2,170898501032
272.0,87.0,0.0,0.0,61.0,45.0,0.0,0.0,58.0,110.0,255.0,132.0,398.0,2.111990783103215,0.0,0.0,1420.1119907831032,17,089,850105,1,170898501051
96.0,43.0,127.0,24.0,0.0,31.0,40.0,65.0,301.0,111.0,441.0,824.0,758.0,4.876964223784236,0.0,0.0,2865.8769642237844,17,089,850105,2,170898501052
0.0,0.0,220.0,0.0,0.0,0.0,510.0,88.0,0.0,150.0,146.0,225.0,118.0,1.2753567530816516,0.0,0.0,1458.2753567530817,17,089,850106,1,170898501061
0.0,55.0,250.0,110.0,0.0,0.0,161.0,0.0,139.0,0.0,148.0,356.0,139.0,0.0,0.0,0.0,1358.0,17,089,850106,2,170898501062
31.0,0.0,46.0,68.0,0.0,37.0,62.0,0.0,40.0,156.0,124.0,221.0,390.0,2.9894362292233914,0.0,0.0,1177.9894362292234,17,089,850106,3,170898501063
224.0,0.0,0.0,0.0,46.0,27.0,80.0,132.0,113.0,83.0,292.0,271.0,271.0,2.448684965916771,0.0,0.0,1541.4486849659168,17,089,850106,4,170898501064
218.0,135.0,52.0,91.0,117.0,275.0,26.0,148.0,292.0,270.0,471.0,144.0,388.0,1.2447481910076919,0.0,0.0,2628.2447481910076,17,089,850201,1,170898502011
0.0,120.0,25.0,0.0,104.0,0.0,58.0,125.0,54.0,112.0,312.0,354.0,0.0,1.101908234662547,0.0,0.0,1265.1019082346625,17,089,850201,2,170898502012
0.0,0.0,30.0,30.0,156.0,0.0,70.0,197.0,16.0,76.0,116.0,123.0,120.0,0.36730274488751563,0.0,0.0,934.3673027448875,17,089,850202,1,170898502021
149.0,23.0,232.0,484.0,96.0,149.0,59.0,129.0,229.0,385.0,295.0,308.0,33.0,1.4488052715007562,0.0,0.0,2572.4488052715005,17,089,850202,2,170898502022
132.0,250.0,110.0,418.0,162.0,193.0,193.0,114.0,88.0,264.0,378.0,391.0,48.0,0.0,0.0,0.0,2741.0,17,089,850202,3,170898502023
1129.0,241.0,0.0,0.0,206.0,0.0,0.0,0.0,45.0,0.0,0.0,0.0,42.0,0.0,0.0,0.0,1663.0,17,089,850301,1,170898503011
0.0,133.0,41.0,64.0,34.0,216.0,106.0,0.0,376.0,706.0,106.0,152.0,68.0,0.0,0.0,0.0,2002.0,17,089,850301,2,170898503012
0.0,0.0,0.0,62.0,40.0,76.0,40.0,36.0,76.0,124.0,91.0,230.0,120.0,0.5509541173312735,0.0,0.0,895.5509541173312,17,089,850301,3,170898503013
64.0,0.0,0.0,124.0,213.0,132.0,439.0,161.0,221.0,149.0,354.0,576.0,68.0,0.0,0.0,0.0,2501.0,17,089,850301,4,170898503014
55.0,43.0,251.0,509.0,281.0,316.0,43.0,222.0,26.0,290.0,55.0,310.0,55.0,0.9182568622187891,0.0,0.0,2456.9182568622186,17,089,850302,1,170898503021
49.0,51.0,54.0,56.0,147.0,36.0,46.0,121.0,77.0,194.0,321.0,398.0,246.0,0.6325769495284992,0.0,0.0,1796.6325769495286,17,089,850302,2,170898503022
20.0,17.0,57.0,0.0,24.0,131.0,22.0,40.0,0.0,53.0,258.0,133.0,140.0,0.9692711323420552,0.0,0.0,895.9692711323421,17,089,850400,1,170898504001
19.0,26.0,99.0,195.0,115.0,54.0,60.0,32.0,13.0,199.0,43.0,30.0,158.0,0.6631855116024589,0.0,0.0,1043.6631855116025,17,089,850400,2,170898504002
20.0,23.0,43.0,25.0,25.0,89.0,32.0,16.0,11.0,133.0,64.0,190.0,98.0,0.530548409281967,0.0,0.0,769.530548409282,17,089,850500,1,170898505001
23.0,68.0,125.0,0.0,16.0,73.0,11.0,63.0,23.0,80.0,54.0,187.0,111.0,0.7958226139229506,0.0,0.0,834.795822613923,17,089,850500,2,170898505002
0.0,0.0,0.0,0.0,44.0,0.0,0.0,49.0,36.0,93.0,83.0,150.0,51.0,0.6019683874545395,0.0,0.0,506.6019683874545,17,089,850500,3,170898505003
27.0,82.0,20.0,25.0,43.0,86.0,0.0,84.0,38.0,139.0,209.0,98.0,95.0,0.6427798035531523,0.0,0.0,946.6427798035531,17,089,850500,4,170898505004
60.0,63.0,131.0,90.0,68.0,202.0,128.0,134.0,49.0,235.0,405.0,353.0,337.0,2.734364878607061,0.0,0.0,2257.7343648786073,17,089,850600,1,170898506001
132.0,0.0,15.0,40.0,0.0,40.0,12.0,27.0,185.0,67.0,86.0,506.0,451.0,3.3975503902095197,0.0,0.0,1564.3975503902095,17,089,850600,2,170898506002
0.0,0.0,73.0,0.0,29.0,0.0,0.0,157.0,76.0,142.0,201.0,565.0,366.0,0.9692711323420552,0.0,0.0,1609.969271132342,17,089,850600,3,170898506003
0.0,0.0,0.0,0.0,112.0,0.0,0.0,0.0,0.0,0.0,159.0,638.0,309.0,2.6731477544591415,0.0,0.0,1220.6731477544593,17,089,850701,1,170898507011
152.0,59.0,0.0,178.0,0.0,168.0,119.0,178.0,69.0,321.0,2168.0,2651.0,2287.0,17.04896907519552,0.0,0.0,8367.048969075195,17,089,850701,2,170898507012
0.0,54.0,0.0,58.0,0.0,0.0,62.0,0.0,50.0,215.0,152.0,666.0,846.0,5.917655334298863,0.0,0.0,2108.917655334299,17,089,850701,3,170898507013
0.0,0.0,0.0,118.0,0.0,0.0,57.0,96.0,165.0,104.0,71.0,352.0,118.0,0.46933128513404776,0.0,0.0,1081.469331285134,17,089,850701,4,170898507014
81.0,24.0,382.0,233.0,404.0,601.0,418.0,480.0,149.0,863.0,1139.0,1003.0,806.0,5.9686696044221295,0.0,0.0,6588.968669604422,17,089,850702,1,170898507021
0.0,0.0,36.0,146.0,118.0,109.0,344.0,0.0,85.0,176.0,189.0,402.0,350.0,1.581442373821248,0.0,0.0,1956.5814423738213,17,089,850702,2,170898507022
79.0,0.0,86.0,29.0,0.0,0.0,180.0,0.0,71.0,0.0,471.0,313.0,172.0,0.0,0.0,0.0,1401.0,17,089,850702,3,170898507023
82.0,257.0,0.0,0.0,184.0,0.0,69.0,22.0,0.0,139.0,219.0,124.0,648.0,2.0405708049306424,0.0,0.0,1746.0405708049307,17,089,850702,4,170898507024
64.0,42.0,19.0,56.0,53.0,67.0,98.0,36.0,53.0,118.0,135.0,253.0,188.0,1.6018480818705543,0.0,0.0,1183.6018480818705,17,089,850703,1,170898507031
17.0,23.0,17.0,5.0,49.0,5.0,0.0,54.0,11.0,20.0,104.0,95.0,78.0,0.28567991269028997,0.0,0.0,478.2856799126903,17,089,850703,2,170898507032
0.0,0.0,96.0,29.0,155.0,0.0,0.0,34.0,0.0,116.0,59.0,0.0,0.0,0.0,0.0,0.0,489.0,17,089,850800,1,170898508001
0.0,195.0,0.0,54.0,160.0,0.0,124.0,0.0,25.0,153.0,0.0,252.0,160.0,1.203936774909079,0.0,0.0,1124.2039367749092,17,089,850800,2,170898508002
0.0,112.0,0.0,0.0,43.0,237.0,21.0,68.0,0.0,37.0,125.0,175.0,197.0,0.0,0.0,0.0,1015.0,17,089,850800,3,170898508003
0.0,55.0,0.0,0.0,72.0,0.0,210.0,0.0,113.0,37.0,345.0,0.0,148.0,0.0,0.0,0.0,980.0,17,089,850800,4,170898508004
72.0,0.0,0.0,69.0,134.0,145.0,65.0,192.0,326.0,57.0,0.0,230.0,145.0,1.9181365566348039,0.0,0.0,1436.9181365566349,17,089,850800,5,170898508005
0.0,38.0,0.0,0.0,38.0,0.0,182.0,52.0,72.0,47.0,49.0,22.0,44.0,2.203816469325094,0.0,0.0,546.2038164693251,17,089,850800,6,170898508006
45.0,39.0,70.0,52.0,253.0,39.0,195.0,229.0,140.0,134.0,293.0,302.0,180.0,1.8977308485854976,0.0,0.0,1972.8977308485855,17,089,851000,1,170898510001
275.0,69.0,0.0,561.0,22.0,194.0,33.0,0.0,133.0,311.0,339.0,475.0,25.0,0.7039969277010717,0.0,0.0,2437.703996927701,17,089,851000,2,170898510002
59.0,118.0,206.0,26.0,26.0,118.0,28.0,121.0,26.0,55.0,134.0,35.0,99.0,0.0,0.0,0.0,1051.0,17,089,851000,3,170898510003
47.0,0.0,0.0,15.0,0.0,0.0,0.0,0.0,0.0,22.0,60.0,57.0,30.0,0.0,0.0,0.0,231.0,17,089,851101,1,170898511011
0.0,0.0,0.0,89.0,51.0,132.0,123.0,46.0,66.0,37.0,48.0,259.0,57.0,0.0,0.0,0.0,908.0,17,089,851101,2,170898511012
64.0,17.0,50.0,112.0,194.0,112.0,85.0,0.0,194.0,91.0,79.0,345.0,53.0,0.0,0.0,0.0,1396.0,17,089,851101,3,170898511013
0.0,0.0,0.0,26.0,0.0,84.0,0.0,0.0,60.0,45.0,119.0,84.0,74.0,0.1530428103697982,0.0,0.0,492.1530428103698,17,089,851101,4,170898511014
71.0,0.0,0.0,153.0,26.0,50.0,79.0,0.0,44.0,11.0,97.0,145.0,272.0,0.20405708049306426,0.0,0.0,948.204057080493,17,089,851101,5,170898511015
129.0,58.0,70.0,55.0,191.0,0.0,0.0,102.0,49.0,44.0,20.0,0.0,73.0,1.2855596071063047,0.0,0.0,792.2855596071063,17,089,851102,1,170898511021
297.0,0.0,35.0,122.0,70.0,201.0,46.0,0.0,0.0,58.0,35.0,186.0,96.0,1.2753567530816516,0.0,0.0,1147.2753567530817,17,089,851102,2,170898511022
24.0,36.0,39.0,0.0,36.0,54.0,0.0,42.0,69.0,103.0,322.0,313.0,121.0,1.2345453369830388,0.0,0.0,1160.234545336983,17,089,851102,3,170898511023
61.0,72.0,87.0,61.0,145.0,0.0,0.0,0.0,80.0,149.0,58.0,32.0,58.0,0.2550713506163303,0.0,0.0,803.2550713506163,17,089,851301,1,170898513011
315.0,76.0,145.0,92.0,105.0,149.0,238.0,153.0,105.0,129.0,290.0,202.0,242.0,1.6834709140677802,0.0,0.0,2242.6834709140676,17,089,851301,2,170898513012
60.0,54.0,57.0,75.0,75.0,72.0,21.0,90.0,36.0,39.0,60.0,87.0,81.0,0.8264311759969102,0.0,0.0,807.826431175997,17,089,851301,3,170898513013
22.0,0.0,48.0,156.0,0.0,66.0,93.0,107.0,93.0,96.0,26.0,115.0,171.0,0.37750559891216884,0.0,0.0,993.3775055989122,17,089,851302,1,170898513021
28.0,21.0,17.0,24.0,21.0,38.0,52.0,38.0,98.0,105.0,56.0,74.0,17.0,0.0,0.0,0.0,589.0,17,089,851302,2,170898513022
38.0,70.0,0.0,70.0,63.0,0.0,126.0,136.0,105.0,70.0,105.0,63.0,35.0,0.0,0.0,0.0,881.0,17,089,851302,3,170898513023
53.0,0.0,16.0,152.0,119.0,0.0,0.0,79.0,16.0,0.0,116.0,59.0,0.0,0.0,0.0,0.0,610.0,17,089,851302,4,170898513024
67.0,27.0,35.0,0.0,0.0,194.0,166.0,209.0,0.0,43.0,352.0,67.0,27.0,0.0,0.0,0.0,1187.0,17,089,851400,1,170898514001
30.0,61.0,0.0,61.0,126.0,72.0,22.0,88.0,172.0,49.0,260.0,241.0,130.0,0.7754169058736442,0.0,0.0,1312.7754169058737,17,089,851400,2,170898514002
23.0,27.0,117.0,102.0,0.0,98.0,19.0,180.0,129.0,286.0,82.0,90.0,78.0,0.5917655334298864,0.0,0.0,1231.59176553343,17,089,851400,3,170898514003
0.0,96.0,56.0,0.0,0.0,121.0,0.0,28.0,92.0,117.0,67.0,42.0,0.0,0.0,0.0,0.0,619.0,17,089,851400,4,170898514004
67.0,59.0,0.0,0.0,63.0,72.0,67.0,38.0,148.0,0.0,80.0,50.0,122.0,0.0,0.0,0.0,766.0,17,089,851400,5,170898514005
206.0,63.0,37.0,45.0,93.0,0.0,131.0,90.0,52.0,71.0,131.0,258.0,0.0,0.7244026357503781,0.0,0.0,1177.7244026357503,17,089,851400,6,170898514006
60.0,100.0,48.0,203.0,60.0,43.0,143.0,28.0,0.0,117.0,114.0,111.0,37.0,0.0,0.0,0.0,1064.0,17,089,851500,1,170898515001
470.0,344.0,148.0,128.0,211.0,39.0,0.0,23.0,0.0,91.0,154.0,115.0,228.0,0.0,0.0,0.0,1951.0,17,089,851600,1,170898516001
45.0,0.0,77.0,0.0,166.0,0.0,0.0,0.0,154.0,34.0,43.0,206.0,68.0,0.6121712414791928,0.0,0.0,793.6121712414792,17,089,851600,2,170898516002
446.0,0.0,146.0,167.0,0.0,171.0,0.0,62.0,0.0,0.0,83.0,212.0,52.0,0.0,0.0,0.0,1339.0,17,089,851600,3,170898516003
51.0,57.0,0.0,0.0,0.0,51.0,156.0,0.0,0.0,220.0,73.0,147.0,102.0,0.816228321972257,0.0,0.0,857.8162283219723,17,089,851600,4,170898516004
0.0,0.0,75.0,0.0,63.0,51.0,79.0,150.0,0.0,31.0,0.0,553.0,130.0,0.0,0.0,0.0,1132.0,17,089,851600,5,170898516005
0.0,156.0,54.0,0.0,34.0,0.0,98.0,78.0,30.0,242.0,491.0,385.0,692.0,4.172967296083164,0.0,0.0,2264.1729672960832,17,089,851801,1,170898518011
28.0,0.0,54.0,80.0,0.0,36.0,0.0,135.0,52.0,101.0,291.0,166.0,176.0,0.36730274488751563,0.0,0.0,1119.3673027448874,17,089,851801,2,170898518012
30.0,33.0,0.0,0.0,33.0,0.0,67.0,33.0,0.0,0.0,255.0,391.0,135.0,1.2855596071063047,0.0,0.0,978.2855596071063,17,089,851801,3,170898518013
164.0,27.0,29.0,137.0,213.0,56.0,0.0,29.0,59.0,97.0,310.0,291.0,459.0,1.734485184191046,0.0,0.0,1872.734485184191,17,089,851801,4,170898518014
247.0,0.0,141.0,188.0,528.0,227.0,105.0,42.0,128.0,89.0,49.0,0.0,112.0,0.0,0.0,0.0,1856.0,17,089,851904,1,170898519041
0.0,95.0,40.0,251.0,540.0,44.0,0.0,217.0,176.0,78.0,115.0,23.0,166.0,0.6937940736764184,0.0,0.0,1745.6937940736764,17,089,851904,2,170898519042
36.0,31.0,33.0,89.0,0.0,154.0,50.0,31.0,137.0,174.0,147.0,87.0,329.0,0.9590682783174019,0.0,0.0,1298.9590682783173,17,089,851904,3,170898519043
27.0,93.0,0.0,0.0,0.0,24.0,147.0,0.0,0.0,63.0,192.0,222.0,393.0,3.734244573023076,0.0,0.0,1164.734244573023,17,089,851904,4,170898519044
520.0,0.0,0.0,56.0,182.0,77.0,254.0,95.0,284.0,406.0,1121.0,1746.0,888.0,14.120749970120047,0.0,0.0,5643.12074997012,17,089,851905,1,170898519051
0.0,470.0,0.0,0.0,209.0,0.0,149.0,58.0,126.0,108.0,247.0,414.0,419.0,6.682869386147854,0.0,0.0,2206.682869386148,17,089,851905,2,170898519052
0.0,49.0,0.0,0.0,18.0,38.0,0.0,42.0,27.0,0.0,83.0,176.0,38.0,0.336694182813556,0.0,0.0,471.3366941828136,17,089,851907,1,170898519071
0.0,188.0,76.0,0.0,79.0,31.0,54.0,74.0,353.0,296.0,538.0,521.0,262.0,2.6731477544591415,0.0,0.0,2474.673147754459,17,089,851907,2,170898519072
92.0,31.0,28.0,28.0,0.0,138.0,0.0,169.0,152.0,311.0,810.0,297.0,647.0,2.846596272878246,0.0,0.0,2705.8465962728783,17,089,851907,3,170898519073
15.0,19.0,68.0,181.0,141.0,30.0,19.0,26.0,37.0,114.0,165.0,92.0,307.0,0.4183170150107817,0.0,0.0,1214.4183170150109,17,089,851908,1,170898519081
132.0,179.0,210.0,113.0,62.0,81.0,0.0,74.0,0.0,202.0,269.0,378.0,218.0,1.7854994543143121,0.0,0.0,1919.7854994543143,17,089,851908,2,170898519082
0.0,29.0,62.0,0.0,0.0,38.0,26.0,26.0,38.0,199.0,482.0,232.0,253.0,1.2447481910076919,0.0,0.0,1386.2447481910076,17,089,851908,3,170898519083
0.0,25.0,25.0,37.0,0.0,22.0,163.0,0.0,55.0,42.0,131.0,40.0,22.0,1.4079938554021434,0.0,0.0,563.4079938554022,17,089,851909,1,170898519091
0.0,0.0,58.0,0.0,98.0,0.0,21.0,47.0,0.0,226.0,91.0,156.0,127.0,0.5509541173312735,0.0,0.0,824.5509541173312,17,089,851909,2,170898519092
0.0,102.0,7.0,75.0,60.0,146.0,39.0,204.0,62.0,293.0,364.0,471.0,251.0,4.162764442058511,0.0,0.0,2078.1627644420587,17,089,851909,3,170898519093
40.0,35.0,0.0,35.0,80.0,135.0,75.0,235.0,0.0,105.0,546.0,691.0,280.0,1.8365137244375782,0.0,0.0,2258.8365137244377,17,089,851910,1,170898519101
75.0,64.0,16.0,18.0,24.0,26.0,105.0,0.0,26.0,26.0,105.0,168.0,58.0,0.8264311759969102,0.0,0.0,711.826431175997,17,089,851910,2,170898519102
173.0,25.0,93.0,25.0,83.0,272.0,112.0,163.0,118.0,83.0,125.0,102.0,0.0,1.1427196507611599,0.0,0.0,1375.1427196507611,17,089,851910,3,170898519103
0.0,69.0,26.0,64.0,86.0,23.0,31.0,0.0,0.0,131.0,28.0,207.0,88.0,0.336694182813556,0.0,0.0,753.3366941828135,17,089,852001,1,170898520011
0.0,0.0,0.0,17.0,40.0,66.0,17.0,17.0,15.0,10.0,25.0,109.0,84.0,0.8060254679476038,0.0,0.0,400.8060254679476,17,089,852001,2,170898520012
40.0,80.0,27.0,47.0,25.0,0.0,42.0,45.0,25.0,232.0,175.0,227.0,140.0,0.9386625702680955,0.0,0.0,1105.9386625702682,17,089,852001,3,170898520013
0.0,0.0,27.0,95.0,0.0,0.0,32.0,65.0,0.0,21.0,136.0,119.0,179.0,0.4897369931833542,0.0,0.0,674.4897369931833,17,089,852001,4,170898520014
45.0,31.0,91.0,48.0,0.0,42.0,237.0,0.0,245.0,54.0,245.0,474.0,280.0,1.0406911105146277,0.0,0.0,1793.0406911105147,17,089,852002,1,170898520021
27.0,0.0,0.0,52.0,0.0,91.0,94.0,25.0,125.0,66.0,75.0,236.0,133.0,1.6120509358952075,0.0,0.0,925.6120509358952,17,089,852002,2,170898520022
0.0,0.0,0.0,177.0,0.0,68.0,0.0,224.0,38.0,201.0,74.0,254.0,278.0,1.0815025266132405,0.0,0.0,1315.0815025266133,17,089,852002,3,170898520023
0.0,0.0,0.0,0.0,0.0,97.0,252.0,0.0,0.0,340.0,647.0,260.0,277.0,1.581442373821248,0.0,0.0,1874.5814423738213,17,089,852002,4,170898520024
137.0,36.0,70.0,84.0,31.0,62.0,0.0,38.0,38.0,33.0,77.0,188.0,242.0,1.9181365566348039,0.0,0.0,1037.9181365566349,17,089,852003,1,170898520031
70.0,36.0,67.0,160.0,65.0,38.0,67.0,33.0,0.0,106.0,253.0,205.0,406.0,3.0200447912973507,0.0,0.0,1509.0200447912973,17,089,852003,2,170898520032
36.0,11.0,0.0,39.0,175.0,73.0,0.0,0.0,0.0,240.0,116.0,124.0,215.0,3.9178959454668334,0.0,0.0,1032.9178959454669,17,089,852003,3,170898520033
0.0,0.0,107.0,0.0,0.0,68.0,0.0,0.0,0.0,76.0,78.0,331.0,44.0,0.44892557708474135,0.0,0.0,704.4489255770848,17,089,852101,1,170898521011
0.0,0.0,157.0,112.0,0.0,61.0,54.0,164.0,184.0,153.0,61.0,636.0,718.0,8.95810583364552,0.0,0.0,2308.9581058336457,17,089,852101,2,170898521012
0.0,40.0,0.0,0.0,0.0,0.0,30.0,0.0,172.0,0.0,58.0,24.0,58.0,0.22446278854237067,0.0,0.0,382.2244627885424,17,089,852102,1,170898521021
0.0,27.0,0.0,0.0,0.0,0.0,0.0,155.0,0.0,0.0,245.0,0.0,236.0,2.060976512979949,0.0,0.0,665.06097651298,17,089,852102,2,170898521022
0.0,0.0,0.0,104.0,0.0,0.0,226.0,144.0,52.0,118.0,209.0,767.0,580.0,4.315807252428309,0.0,0.0,2204.3158072524284,17,089,852102,3,170898521023
0.0,52.0,49.0,0.0,0.0,49.0,42.0,49.0,27.0,116.0,200.0,178.0,243.0,1.6630652060184736,0.0,0.0,1006.6630652060185,17,089,852102,4,170898521024
0.0,0.0,0.0,0.0,88.0,0.0,0.0,0.0,0.0,84.0,106.0,132.0,176.0,2.060976512979949,0.0,0.0,588.06097651298,17,089,852102,5,170898521025
0.0,33.0,0.0,96.0,87.0,127.0,21.0,118.0,226.0,59.0,70.0,450.0,247.0,0.908054008194136,0.0,0.0,1534.908054008194,17,089,852201,1,170898522011
0.0,0.0,29.0,72.0,25.0,48.0,0.0,0.0,35.0,31.0,60.0,206.0,72.0,0.673388365627112,0.0,0.0,578.6733883656271,17,089,852201,2,170898522012
28.0,81.0,28.0,0.0,0.0,26.0,20.0,31.0,57.0,52.0,70.0,180.0,170.0,0.051014270123266064,0.0,0.0,743.0510142701232,17,089,852201,3,170898522013
0.0,25.0,102.0,22.0,0.0,16.0,0.0,0.0,5.0,72.0,161.0,166.0,467.0,0.9896768403913616,0.0,0.0,1036.9896768403914,17,089,852201,4,170898522014
0.0,45.0,196.0,92.0,212.0,137.0,166.0,434.0,188.0,241.0,275.0,421.0,98.0,2.591524922261916,0.0,0.0,2507.591524922262,17,089,852202,1,170898522021
241.0,0.0,36.0,0.0,159.0,39.0,71.0,88.0,164.0,261.0,170.0,159.0,99.0,0.5407512633066203,0.0,0.0,1487.5407512633067,17,089,852202,2,170898522022
40.0,192.0,40.0,50.0,96.0,37.0,131.0,154.0,116.0,131.0,326.0,290.0,245.0,2.111990783103215,0.0,0.0,1850.1119907831032,17,089,852202,3,170898522023
12.0,22.0,16.0,0.0,44.0,58.0,134.0,16.0,76.0,0.0,58.0,102.0,32.0,0.0,0.0,0.0,570.0,17,089,852300,1,170898523001
72.0,108.0,105.0,28.0,34.0,112.0,0.0,63.0,9.0,185.0,74.0,131.0,84.0,0.5203455552573139,0.0,0.0,1005.5203455552573,17,089,852300,2,170898523002
37.0,89.0,37.0,40.0,0.0,0.0,200.0,27.0,61.0,67.0,95.0,383.0,593.0,1.3773852933281836,0.0,0.0,1630.3773852933282,17,089,852401,1,170898524011
78.0,0.0,6.0,0.0,6.0,0.0,0.0,42.0,0.0,260.0,107.0,352.0,241.0,4.254590128280389,0.0,0.0,1096.2545901282804,17,089,852401,2,170898524012
116.0,0.0,84.0,34.0,0.0,28.0,109.0,0.0,169.0,59.0,6.0,147.0,37.0,0.5713598253805799,0.0,0.0,789.5713598253806,17,089,852401,3,170898524013
5.0,0.0,63.0,54.0,0.0,175.0,22.0,143.0,57.0,11.0,200.0,195.0,269.0,1.7548908922403526,0.0,0.0,1195.7548908922404,17,089,852401,4,170898524014
78.0,90.0,0.0,0.0,105.0,0.0,0.0,50.0,101.0,23.0,337.0,517.0,352.0,5.836032502101638,0.0,0.0,1658.8360325021017,17,089,852402,1,170898524021
0.0,0.0,104.0,0.0,36.0,43.0,0.0,61.0,0.0,9.0,157.0,363.0,314.0,0.8774454461201763,0.0,0.0,1087.8774454461202,17,089,852402,2,170898524022
298.0,33.0,115.0,48.0,161.0,107.0,110.0,133.0,30.0,280.0,105.0,393.0,377.0,1.9385422646841104,0.0,0.0,2191.938542264684,17,089,852402,3,170898524023
0.0,56.0,134.0,59.0,146.0,14.0,36.0,50.0,53.0,64.0,337.0,401.0,123.0,0.3060856207395964,0.0,0.0,1473.3060856207396,17,089,852403,1,170898524031
21.0,35.0,102.0,19.0,35.0,26.0,45.0,16.0,16.0,92.0,78.0,42.0,69.0,0.19385422646841105,0.0,0.0,596.1938542264684,17,089,852403,2,170898524032
8.0,13.0,11.0,52.0,25.0,8.0,52.0,69.0,52.0,225.0,233.0,94.0,297.0,1.5304281036979819,0.0,0.0,1140.530428103698,17,089,852403,3,170898524033
8.0,0.0,38.0,0.0,0.0,0.0,14.0,11.0,20.0,67.0,20.0,79.0,64.0,0.5917655334298864,0.0,0.0,321.5917655334299,17,089,852403,4,170898524034
43.0,21.0,75.0,0.0,48.0,106.0,46.0,31.0,48.0,128.0,116.0,123.0,167.0,0.6631855116024589,0.0,0.0,952.6631855116025,17,089,852403,5,170898524035
62.0,33.0,0.0,40.0,0.0,43.0,0.0,31.0,0.0,238.0,77.0,139.0,248.0,0.7856197598982974,0.0,0.0,911.7856197598983,17,089,852500,1,170898525001
73.0,42.0,0.0,0.0,0.0,0.0,0.0,0.0,0.0,0.0,107.0,82.0,0.0,0.9488654242927488,0.0,0.0,304.94886542429276,17,089,852500,2,170898525002
35.0,48.0,78.0,40.0,84.0,130.0,24.0,56.0,89.0,143.0,86.0,289.0,0.0,1.0712996725885873,0.0,0.0,1103.0712996725886,17,089,852500,3,170898525003
0.0,43.0,65.0,0.0,40.0,225.0,0.0,87.0,130.0,76.0,43.0,106.0,320.0,1.775296600289659,0.0,0.0,1136.7752966002897,17,089,852500,4,170898525004
38.0,41.0,82.0,82.0,38.0,214.0,43.0,139.0,77.0,67.0,43.0,245.0,67.0,0.8366340300215634,0.0,0.0,1176.8366340300215,17,089,852500,5,170898525005
129.0,120.0,97.0,80.0,0.0,66.0,0.0,32.0,43.0,346.0,127.0,161.0,108.0,0.3264913287889028,0.0,0.0,1309.326491328789,17,089,852601,1,170898526011
98.0,160.0,69.0,214.0,139.0,46.0,15.0,176.0,113.0,178.0,33.0,297.0,489.0,2.030367950905989,0.0,0.0,2029.0303679509059,17,089,852601,2,170898526012
0.0,37.0,42.0,0.0,54.0,0.0,0.0,90.0,0.0,11.0,144.0,260.0,56.0,3.3771446821602136,0.0,0.0,697.3771446821602,17,089,852601,3,170898526013
33.0,0.0,30.0,124.0,0.0,0.0,107.0,0.0,0.0,73.0,0.0,323.0,117.0,0.22446278854237067,0.0,0.0,807.2244627885424,17,089,852601,4,170898526014
28.0,0.0,30.0,0.0,0.0,28.0,0.0,0.0,0.0,86.0,193.0,89.0,43.0,0.4897369931833542,0.0,0.0,497.4897369931833,17,089,852601,5,170898526015
20.0,101.0,78.0,58.0,173.0,87.0,22.0,58.0,22.0,184.0,159.0,177.0,258.0,0.36730274488751563,0.0,0.0,1397.3673027448874,17,089,852606,1,170898526061
16.0,0.0,0.0,42.0,0.0,0.0,35.0,39.0,0.0,65.0,104.0,201.0,227.0,1.9487451187087637,0.0,0.0,730.9487451187088,17,089,852606,2,170898526062
30.0,48.0,42.0,0.0,0.0,180.0,0.0,39.0,0.0,0.0,42.0,0.0,269.0,0.21425993451771747,0.0,0.0,650.2142599345177,17,089,852700,1,170898527001
94.0,32.0,100.0,0.0,0.0,0.0,44.0,44.0,0.0,29.0,44.0,180.0,204.0,0.0,0.0,0.0,771.0,17,089,852700,2,170898527002
95.0,0.0,85.0,27.0,25.0,33.0,35.0,107.0,62.0,58.0,64.0,111.0,196.0,0.46933128513404776,0.0,0.0,898.4693312851341,17,089,852700,3,170898527003
0.0,37.0,35.0,118.0,94.0,29.0,0.0,74.0,65.0,228.0,100.0,137.0,108.0,0.47953413915870097,0.0,0.0,1025.4795341391587,17,089,852700,4,170898527004
28.0,0.0,33.0,0.0,0.0,0.0,0.0,0.0,33.0,33.0,35.0,224.0,102.0,0.3162884747642496,0.0,0.0,488.31628847476424,17,089,852700,5,170898527005
134.0,0.0,39.0,39.0,75.0,95.0,112.0,81.0,42.0,165.0,380.0,361.0,271.0,3.795461697170995,0.0,0.0,1797.795461697171,17,089,852700,6,170898527006
60.0,218.0,158.0,0.0,33.0,109.0,88.0,0.0,0.0,45.0,91.0,565.0,580.0,4.458647208773454,0.0,0.0,1951.4586472087735,17,089,852803,1,170898528031
300.0,212.0,192.0,58.0,72.0,70.0,58.0,18.0,0.0,49.0,203.0,169.0,146.0,1.816108016388272,0.0,0.0,1548.8161080163882,17,089,852803,2,170898528032
0.0,0.0,0.0,0.0,0.0,63.0,33.0,0.0,0.0,116.0,225.0,338.0,368.0,3.5812017626532775,0.0,0.0,1146.5812017626533,17,089,852805,1,170898528051
67.0,0.0,67.0,56.0,56.0,115.0,41.0,0.0,56.0,17.0,153.0,203.0,35.0,0.2652742046409835,0.0,0.0,866.265274204641,17,089,852805,2,170898528052
0.0,0.0,25.0,119.0,0.0,45.0,38.0,99.0,17.0,236.0,297.0,332.0,200.0,1.1631253588104662,0.0,0.0,1409.1631253588105,17,089,852805,3,170898528053
62.0,0.0,34.0,84.0,0.0,53.0,106.0,124.0,53.0,224.0,390.0,396.0,149.0,3.560796054603971,0.0,0.0,1678.560796054604,17,089,852806,1,170898528061
47.0,0.0,0.0,0.0,0.0,0.0,0.0,35.0,0.0,43.0,0.0,110.0,102.0,0.3979113069614753,0.0,0.0,337.3979113069615,17,089,852806,2,170898528062
0.0,56.0,0.0,28.0,233.0,0.0,0.0,41.0,63.0,110.0,145.0,619.0,265.0,1.9283394106594571,0.0,0.0,1561.9283394106594,17,089,852806,3,170898528063
51.0,57.0,32.0,0.0,70.0,80.0,0.0,35.0,57.0,124.0,272.0,288.0,403.0,2.54051065213865,0.0,0.0,1471.5405106521387,17,089,852807,1,170898528071
67.0,45.0,0.0,193.0,0.0,38.0,38.0,0.0,0.0,174.0,342.0,613.0,348.0,1.5406309577226351,0.0,0.0,1859.5406309577227,17,089,852808,1,170898528081
45.0,0.0,0.0,0.0,0.0,0.0,35.0,102.0,190.0,0.0,56.0,451.0,81.0,1.724282330166393,0.0,0.0,961.7242823301664,17,089,852808,2,170898528082
0.0,72.0,26.0,0.0,39.0,0.0,70.0,33.0,41.0,65.0,135.0,228.0,200.0,1.2447481910076919,0.0,0.0,910.2447481910077,17,089,852808,3,170898528083
99.0,145.0,127.0,0.0,0.0,36.0,108.0,68.0,158.0,40.0,177.0,88.0,27.0,2.152802199201828,0.0,0.0,1075.152802199202,17,089,852808,4,170898528084
0.0,46.0,31.0,43.0,0.0,40.0,123.0,48.0,207.0,169.0,190.0,244.0,550.0,1.9589479727334167,0.0,0.0,1692.9589479727333,17,089,852903,1,170898529031
311.0,186.0,120.0,35.0,221.0,261.0,384.0,363.0,243.0,309.0,585.0,620.0,259.0,0.4081141609861285,0.0,0.0,3897.4081141609863,17,089,852903,2,170898529032
329.0,37.0,175.0,41.0,366.0,93.0,261.0,160.0,52.0,329.0,201.0,239.0,93.0,1.2141396289337323,0.0,0.0,2377.214139628934,17,089,852904,1,170898529041
385.0,132.0,58.0,55.0,25.0,171.0,155.0,19.0,0.0,0.0,77.0,106.0,12.0,0.9182568622187891,0.0,0.0,1195.9182568622189,17,089,852905,1,170898529051
76.0,224.0,93.0,197.0,148.0,179.0,79.0,107.0,121.0,349.0,249.0,363.0,76.0,0.3877084529368221,0.0,0.0,2261.3877084529367,17,089,852905,2,170898529052
216.0,91.0,66.0,201.0,0.0,33.0,22.0,49.0,68.0,83.0,52.0,39.0,20.0,0.47953413915870097,0.0,0.0,940.4795341391587,17,089,852905,3,170898529053
0.0,145.0,113.0,199.0,260.0,118.0,332.0,34.0,0.0,78.0,68.0,164.0,95.0,0.36730274488751563,0.0,0.0,1606.3673027448874,17,089,852906,1,170898529061
35.0,33.0,0.0,45.0,40.0,0.0,40.0,0.0,114.0,196.0,40.0,140.0,114.0,1.0406911105146277,0.0,0.0,798.0406911105147,17,089,852906,2,170898529062
179.0,176.0,76.0,44.0,35.0,0.0,102.0,0.0,121.0,112.0,348.0,288.0,473.0,1.826310870412925,0.0,0.0,1955.826310870413,17,089,852906,3,170898529063
86.0,538.0,139.0,110.0,110.0,602.0,188.0,45.0,220.0,107.0,225.0,446.0,153.0,0.8468368840462166,0.0,0.0,2969.8468368840463,17,089,852907,1,170898529071
221.0,120.0,169.0,83.0,0.0,154.0,0.0,0.0,0.0,101.0,27.0,64.0,0.0,0.5611569713559267,0.0,0.0,939.5611569713559,17,089,852907,2,170898529072
121.0,0.0,0.0,164.0,62.0,164.0,357.0,131.0,0.0,72.0,275.0,0.0,0.0,0.1632456643944514,0.0,0.0,1346.1632456643945,17,089,852907,3,170898529073
57.0,46.0,49.0,27.0,0.0,169.0,106.0,137.0,90.0,383.0,487.0,515.0,279.0,2.0405708049306424,0.0,0.0,2347.0405708049307,17,089,853001,1,170898530011
28.0,0.0,25.0,88.0,0.0,65.0,145.0,0.0,57.0,188.0,283.0,243.0,117.0,1.632456643944514,0.0,0.0,1240.6324566439446,17,089,853004,1,170898530041
0.0,51.0,0.0,42.0,33.0,16.0,31.0,20.0,0.0,20.0,85.0,59.0,42.0,0.12243424829583854,0.0,0.0,399.12243424829586,17,089,853004,2,170898530042
14.0,36.0,73.0,34.0,49.0,142.0,45.0,85.0,36.0,60.0,0.0,100.0,24.0,0.13263710232049175,0.0,0.0,698.1326371023205,17,089,853004,3,170898530043
137.0,133.0,143.0,124.0,114.0,0.0,76.0,102.0,25.0,159.0,213.0,724.0,213.0,2.724162024582408,0.0,0.0,2165.7241620245823,17,089,853005,1,170898530051
194.0,324.0,290.0,273.0,96.0,38.0,348.0,36.0,218.0,237.0,249.0,204.0,33.0,0.0,0.0,0.0,2540.0,17,089,853005,2,170898530052
0.0,0.0,56.0,0.0,0.0,0.0,0.0,237.0,0.0,65.0,53.0,203.0,0.0,0.0,0.0,0.0,614.0,17,089,853005,3,170898530053
65.0,0.0,0.0,0.0,34.0,0.0,147.0,37.0,18.0,90.0,266.0,291.0,103.0,2.193613615300441,0.0,0.0,1053.1936136153004,17,089,853006,1,170898530061
78.0,168.0,181.0,0.0,97.0,123.0,44.0,0.0,68.0,21.0,26.0,110.0,39.0,0.1530428103697982,0.0,0.0,955.1530428103698,17,089,853006,2,170898530062
140.0,0.0,119.0,0.0,42.0,18.0,0.0,0.0,84.0,151.0,87.0,148.0,151.0,0.2652742046409835,0.0,0.0,940.265274204641,17,089,853006,3,170898530063
75.0,68.0,28.0,54.0,30.0,0.0,144.0,99.0,61.0,191.0,109.0,177.0,45.0,0.49993984720800744,0.0,0.0,1081.499939847208,17,089,853007,1,170898530071
215.0,97.0,160.0,299.0,147.0,46.0,109.0,240.0,223.0,227.0,185.0,308.0,278.0,2.969030521174085,0.0,0.0,2536.969030521174,17,089,853007,2,170898530072
141.0,0.0,61.0,192.0,275.0,261.0,90.0,105.0,25.0,0.0,170.0,32.0,0.0,2.071179367004602,0.0,0.0,1354.0711793670046,17,089,853007,3,170898530073
0.0,24.0,67.0,0.0,134.0,53.0,0.0,0.0,141.0,106.0,307.0,230.0,56.0,0.0,0.0,0.0,1118.0,17,089,853008,1,170898530081
59.0,20.0,261.0,368.0,163.0,97.0,243.0,205.0,194.0,309.0,595.0,605.0,431.0,0.530548409281967,0.0,0.0,3550.530548409282,17,089,853008,2,170898530082
44.0,0.0,19.0,41.0,69.0,184.0,133.0,178.0,89.0,92.0,187.0,318.0,47.0,0.0,0.0,0.0,1401.0,17,089,853100,1,170898531001
51.0,19.0,155.0,116.0,87.0,84.0,0.0,110.0,178.0,142.0,220.0,174.0,74.0,0.1632456643944514,0.0,0.0,1410.1632456643945,17,089,853100,2,170898531002
162.0,110.0,122.0,154.0,112.0,102.0,66.0,0.0,34.0,32.0,38.0,102.0,70.0,0.28567991269028997,0.0,0.0,1104.2856799126903,17,089,853200,1,170898532001
96.0,211.0,66.0,198.0,158.0,325.0,79.0,198.0,44.0,224.0,488.0,299.0,140.0,1.7446880382156993,0.0,0.0,2527.744688038216,17,089,853200,2,170898532002
190.0,0.0,186.0,190.0,107.0,168.0,150.0,150.0,86.0,333.0,470.0,416.0,82.0,0.3979113069614753,0.0,0.0,2528.3979113069613,17,089,853200,3,170898532003
35.0,62.0,109.0,196.0,56.0,145.0,29.0,29.0,0.0,285.0,56.0,8.0,175.0,0.6937940736764184,0.0,0.0,1185.6937940736764,17,089,853300,1,170898533001
0.0,47.0,0.0,38.0,173.0,69.0,43.0,38.0,0.0,121.0,51.0,0.0,181.0,0.3877084529368221,0.0,0.0,761.3877084529369,17,089,853300,2,170898533002
62.0,0.0,164.0,97.0,182.0,396.0,485.0,129.0,0.0,289.0,364.0,458.0,120.0,0.0,0.0,0.0,2746.0,17,089,853300,3,170898533003
0.0,102.0,42.0,105.0,28.0,0.0,91.0,91.0,98.0,112.0,147.0,0.0,0.0,0.0,0.0,0.0,816.0,17,089,853400,1,170898534001
0.0,117.0,0.0,0.0,221.0,339.0,130.0,43.0,156.0,356.0,261.0,252.0,139.0,0.8366340300215634,0.0,0.0,2014.8366340300215,17,089,853400,2,170898534002
0.0,229.0,234.0,391.0,0.0,0.0,108.0,220.0,310.0,121.0,459.0,513.0,103.0,0.5917655334298864,0.0,0.0,2688.5917655334297,17,089,853400,3,170898534003
126.0,0.0,273.0,0.0,172.0,168.0,383.0,0.0,0.0,84.0,189.0,0.0,29.0,1.3671824393035306,0.0,0.0,1425.3671824393036,17,089,853400,4,170898534004
121.0,0.0,190.0,111.0,0.0,0.0,68.0,95.0,0.0,0.0,111.0,68.0,413.0,0.8570397380708699,0.0,0.0,1177.8570397380709,17,089,853400,5,170898534005
57.0,0.0,169.0,74.0,91.0,23.0,67.0,0.0,0.0,81.0,0.0,294.0,0.0,0.0,0.0,0.0,856.0,17,089,853400,6,170898534006
99.0,34.0,106.0,0.0,30.0,148.0,38.0,15.0,0.0,148.0,110.0,68.0,0.0,0.5815626794052331,0.0,0.0,796.5815626794052,17,089,853500,1,170898535001
0.0,0.0,222.0,130.0,124.0,178.0,0.0,102.0,0.0,216.0,43.0,460.0,227.0,0.0,0.0,0.0,1702.0,17,089,853500,2,170898535002
0.0,98.0,322.0,188.0,322.0,141.0,220.0,208.0,43.0,353.0,349.0,334.0,0.0,0.8366340300215634,0.0,0.0,2578.8366340300217,17,089,853500,3,170898535003
131.0,103.0,67.0,111.0,199.0,199.0,0.0,39.0,87.0,207.0,115.0,0.0,0.0,0.0,0.0,0.0,1258.0,17,089,853500,4,170898535004
306.0,0.0,0.0,0.0,15.0,51.0,187.0,187.0,31.0,338.0,421.0,210.0,0.0,0.3570998908628624,0.0,0.0,1746.3570998908629,17,089,853600,1,170898536001
357.0,35.0,57.0,51.0,293.0,51.0,57.0,0.0,83.0,161.0,209.0,470.0,0.0,0.0,0.0,0.0,1824.0,17,089,853600,2,170898536002
206.0,449.0,289.0,73.0,165.0,41.0,270.0,454.0,179.0,275.0,0.0,312.0,0.0,0.8876483001448295,0.0,0.0,2713.887648300145,17,089,853600,3,170898536003
100.0,0.0,259.0,234.0,405.0,142.0,62.0,100.0,158.0,217.0,125.0,33.0,334.0,1.1427196507611599,0.0,0.0,2170.142719650761,17,089,853600,4,170898536004
0.0,63.0,117.0,0.0,75.0,30.0,27.0,75.0,0.0,180.0,36.0,117.0,75.0,0.673388365627112,0.0,0.0,795.6733883656271,17,089,853900,1,170898539001
89.0,79.0,0.0,0.0,79.0,0.0,61.0,0.0,64.0,0.0,196.0,230.0,0.0,1.2753567530816516,0.0,0.0,799.2753567530816,17,089,853900,2,170898539002
0.0,55.0,37.0,215.0,52.0,93.0,69.0,43.0,58.0,93.0,142.0,244.0,125.0,1.061096818563934,0.0,0.0,1227.061096818564,17,089,853900,3,170898539003
0.0,0.0,0.0,0.0,0.0,0.0,0.0,0.0,27.0,145.0,260.0,112.0,63.0,0.0,0.0,0.0,607.0,17,089,853900,4,170898539004
0.0,94.0,24.0,0.0,121.0,77.0,85.0,52.0,27.0,166.0,91.0,321.0,216.0,0.6427798035531523,0.0,0.0,1274.6427798035531,17,089,853900,5,170898539005
96.0,88.0,66.0,109.0,85.0,104.0,0.0,40.0,61.0,152.0,128.0,507.0,165.0,3.9178959454668334,0.0,0.0,1604.9178959454669,17,089,854001,1,170898540011
55.0,91.0,70.0,0.0,97.0,30.0,0.0,15.0,97.0,0.0,177.0,474.0,79.0,2.122193637127868,0.0,0.0,1187.1221936371278,17,089,854001,2,170898540012
22.0,0.0,32.0,32.0,107.0,55.0,27.0,27.0,25.0,32.0,52.0,50.0,0.0,0.0,0.0,0.0,461.0,17,089,854001,3,170898540013
0.0,0.0,266.0,0.0,0.0,150.0,0.0,0.0,0.0,62.0,0.0,85.0,14.0,0.7754169058736442,0.0,0.0,577.7754169058736,17,089,854002,1,170898540021
0.0,198.0,31.0,67.0,14.0,0.0,41.0,0.0,0.0,44.0,127.0,11.0,0.0,0.0,0.0,0.0,533.0,17,089,854002,2,170898540022
0.0,163.0,99.0,102.0,42.0,71.0,71.0,102.0,42.0,28.0,173.0,176.0,336.0,0.6427798035531523,0.0,0.0,1405.6427798035531,17,089,854002,3,170898540023
81.0,0.0,81.0,114.0,28.0,73.0,73.0,0.0,127.0,96.0,265.0,22.0,204.0,0.0,0.0,0.0,1164.0,17,089,854002,4,170898540024
82.0,46.0,91.0,0.0,27.0,0.0,33.0,74.0,66.0,107.0,91.0,88.0,88.0,0.6427798035531523,0.0,0.0,793.6427798035531,17,089,854002,5,170898540025
0.0,146.0,76.0,0.0,83.0,0.0,76.0,242.0,185.0,102.0,99.0,83.0,0.0,0.9386625702680955,0.0,0.0,1092.9386625702682,17,089,854100,1,170898541001
90.0,74.0,24.0,28.0,45.0,202.0,0.0,28.0,148.0,239.0,33.0,293.0,70.0,0.7958226139229506,0.0,0.0,1274.7958226139228,17,089,854100,2,170898541002
0.0,36.0,32.0,23.0,36.0,0.0,133.0,101.0,64.0,133.0,82.0,271.0,129.0,0.0,0.0,0.0,1040.0,17,089,854100,3,170898541003
73.0,0.0,89.0,32.0,32.0,280.0,170.0,142.0,32.0,297.0,0.0,36.0,113.0,0.0,0.0,0.0,1296.0,17,089,854100,4,170898541004
384.0,36.0,119.0,94.0,159.0,148.0,47.0,127.0,210.0,39.0,32.0,0.0,18.0,0.0,0.0,0.0,1413.0,17,089,854200,1,170898542001
141.0,0.0,157.0,36.0,92.0,117.0,121.0,109.0,28.0,161.0,290.0,173.0,56.0,0.0,0.0,0.0,1481.0,17,089,854200,2,170898542002
0.0,32.0,0.0,106.0,217.0,110.0,131.0,61.0,86.0,188.0,61.0,303.0,287.0,0.0,0.0,0.0,1582.0,17,089,854200,3,170898542003
0.0,118.0,0.0,28.0,118.0,28.0,0.0,57.0,0.0,115.0,266.0,205.0,93.0,2.2344250313990535,0.0,0.0,1030.234425031399,17,089,854200,4,170898542004
0.0,29.0,29.0,0.0,111.0,78.0,22.0,39.0,108.0,321.0,26.0,141.0,0.0,0.36730274488751563,0.0,0.0,904.3673027448875,17,089,854301,1,170898543011
29.0,110.0,0.0,0.0,107.0,84.0,107.0,70.0,92.0,0.0,162.0,147.0,73.0,0.0,0.0,0.0,981.0,17,089,854301,2,170898543012
58.0,0.0,372.0,0.0,152.0,130.0,0.0,125.0,85.0,134.0,399.0,206.0,107.0,0.2652742046409835,0.0,0.0,1768.265274204641,17,089,854301,3,170898543013
210.0,84.0,286.0,244.0,311.0,315.0,151.0,332.0,370.0,383.0,181.0,147.0,122.0,0.2958827667149432,0.0,0.0,3136.295882766715,17,089,854301,4,170898543014
0.0,0.0,131.0,80.0,338.0,291.0,42.0,135.0,0.0,54.0,109.0,359.0,181.0,0.3877084529368221,0.0,0.0,1720.3877084529367,17,089,854302,1,170898543021
31.0,63.0,44.0,275.0,104.0,110.0,145.0,101.0,38.0,72.0,123.0,231.0,60.0,0.0,0.0,0.0,1397.0,17,089,854302,2,170898543022
0.0,0.0,32.0,157.0,296.0,97.0,259.0,180.0,55.0,435.0,212.0,384.0,134.0,0.5101427012326606,0.0,0.0,2241.510142701233,17,089,854302,3,170898543023
0.0,0.0,0.0,221.0,0.0,0.0,185.0,176.0,0.0,108.0,63.0,0.0,0.0,0.0,0.0,0.0,753.0,17,089,854400,1,170898544001
121.0,90.0,0.0,130.0,252.0,81.0,275.0,0.0,374.0,63.0,270.0,225.0,0.0,3.3057247039876407,0.0,0.0,1884.3057247039876,17,089,854400,2,170898544002
154.0,0.0,84.0,0.0,276.0,353.0,0.0,0.0,0.0,441.0,309.0,84.0,0.0,0.0,0.0,0.0,1701.0,17,089,854400,3,170898544003
154.0,0.0,291.0,506.0,168.0,218.0,500.0,416.0,238.0,753.0,957.0,1134.0,608.0,5.070818450252647,0.0,0.0,5948.070818450253,17,089,854400,4,170898544004
140.0,0.0,271.0,183.0,55.0,181.0,0.0,131.0,0.0,179.0,76.0,177.0,133.0,1.3161681691802645,0.0,0.0,1527.3161681691802,17,089,854400,5,170898544005
499.0,208.0,109.0,95.0,43.0,0.0,36.0,0.0,148.0,0.0,244.0,0.0,0.0,0.0,0.0,0.0,1382.0,17,089,854400,6,170898544006
62.0,0.0,72.0,275.0,0.0,0.0,0.0,59.0,0.0,89.0,305.0,140.0,310.0,1.2651538990569984,0.0,0.0,1313.265153899057,17,089,854501,1,170898545011
0.0,0.0,74.0,0.0,0.0,180.0,63.0,0.0,67.0,98.0,405.0,698.0,494.0,4.6422985812172115,0.0,0.0,2083.6422985812173,17,089,854501,2,170898545012
0.0,0.0,46.0,133.0,74.0,105.0,58.0,124.0,179.0,99.0,0.0,688.0,632.0,3.4383618063081327,0.0,0.0,2141.438361806308,17,089,854501,3,170898545013
177.0,0.0,167.0,191.0,37.0,44.0,51.0,75.0,0.0,218.0,174.0,1039.0,824.0,8.754048753152457,0.0,0.0,3005.7540487531523,17,089,854501,4,170898545014
0.0,48.0,96.0,75.0,0.0,0.0,0.0,0.0,70.0,240.0,87.0,206.0,109.0,0.7652140518489909,0.0,0.0,931.765214051849,17,089,854503,1,170898545031
0.0,0.0,113.0,29.0,35.0,67.0,0.0,105.0,32.0,118.0,172.0,359.0,251.0,1.734485184191046,0.0,0.0,1282.734485184191,17,089,854503,2,170898545032
0.0,0.0,133.0,0.0,0.0,36.0,50.0,0.0,0.0,191.0,238.0,289.0,532.0,2.4690906739660776,0.0,0.0,1471.469090673966,17,089,854503,3,170898545033
138.0,0.0,0.0,101.0,49.0,180.0,55.0,151.0,0.0,398.0,901.0,1592.0,1026.0,9.662102761346592,0.0,0.0,4600.662102761346,17,089,854503,4,170898545034
0.0,0.0,0.0,0.0,47.0,0.0,29.0,0.0,0.0,47.0,50.0,310.0,370.0,4.846355661710276,0.0,0.0,857.8463556617103,17,089,854504,1,170898545041
156.0,76.0,0.0,34.0,111.0,113.0,159.0,82.0,198.0,381.0,341.0,710.0,718.0,9.0499315198674,0.0,0.0,3088.049931519867,17,089,854504,2,170898545042
42.0,128.0,155.0,93.0,112.0,62.0,271.0,0.0,194.0,31.0,302.0,162.0,0.0,0.6325769495284992,0.0,0.0,1552.6325769495286,17,089,854600,1,170898546001
110.0,56.0,141.0,40.0,121.0,135.0,155.0,47.0,20.0,171.0,51.0,92.0,119.0,0.7346054897750313,0.0,0.0,1258.734605489775,17,089,854600,2,170898546002
0.0,17.0,33.0,77.0,66.0,46.0,7.0,12.0,15.0,195.0,53.0,56.0,17.0,0.8060254679476038,0.0,0.0,594.8060254679476,17,089,854600,3,170898546003
132.0,26.0,26.0,22.0,106.0,119.0,57.0,13.0,0.0,70.0,0.0,62.0,150.0,0.0,0.0,0.0,783.0,17,089,854700,1,170898547001
156.0,43.0,110.0,0.0,85.0,40.0,45.0,25.0,18.0,0.0,70.0,36.0,0.0,0.0,0.0,0.0,628.0,17,089,854700,2,170898547002
61.0,71.0,125.0,23.0,122.0,13.0,39.0,0.0,31.0,13.0,151.0,90.0,63.0,0.0,0.0,0.0,802.0,17,089,854700,3,170898547003
87.0,109.0,42.0,0.0,0.0,0.0,36.0,0.0,0.0,157.0,177.0,157.0,295.0,3.662824594850503,0.0,0.0,1063.6628245948505,17,089,854800,1,170898548001
26.0,42.0,0.0,0.0,0.0,39.0,0.0,0.0,111.0,329.0,151.0,588.0,532.0,2.3772649877441987,0.0,0.0,1820.3772649877442,17,089,854800,2,170898548002
56.0,41.0,0.0,0.0,56.0,104.0,89.0,65.0,23.0,0.0,300.0,393.0,217.0,2.030367950905989,0.0,0.0,1346.0303679509059,17,089,854800,3,170898548003
50.0,0.0,22.0,22.0,0.0,5.0,48.0,63.0,152.0,93.0,172.0,220.0,119.0,1.1325167967365066,0.0,0.0,967.1325167967365,17,089,854900,2,170898549002
357.0,145.0,291.0,50.0,63.0,18.0,45.0,15.0,36.0,182.0,209.0,451.0,230.0,0.22446278854237067,0.0,0.0,2092.2244627885425,17,089,854900,3,170898549003
0.0,0.0,0.0,40.0,47.0,102.0,125.0,183.0,125.0,132.0,425.0,207.0,251.0,0.5815626794052331,0.0,0.0,1637.5815626794051,17,089,854900,4,170898549004
279.0,133.0,223.0,359.0,62.0,359.0,297.0,545.0,189.0,1345.0,2303.0,2690.0,2244.0,22.45648170826172,0.0,0.0,11050.456481708261,17,093,890101,1,170938901011
0.0,0.0,0.0,0.0,0.0,0.0,0.0,0.0,118.0,95.0,363.0,191.0,225.0,1.7140794761417397,0.0,0.0,993.7140794761417,17,093,890101,2,170938901012
0.0,0.0,114.0,0.0,0.0,235.0,0.0,0.0,0.0,0.0,0.0,54.0,69.0,0.0,0.0,0.0,472.0,17,093,890102,1,170938901021
0.0,0.0,81.0,84.0,0.0,46.0,0.0,168.0,0.0,0.0,149.0,151.0,189.0,0.6835912196517653,0.0,0.0,868.6835912196518,17,093,890102,2,170938901022
52.0,0.0,0.0,0.0,0.0,45.0,132.0,64.0,0.0,234.0,699.0,381.0,604.0,6.47881230565479,0.0,0.0,2217.4788123056546,17,093,890102,3,170938901023
0.0,0.0,0.0,108.0,0.0,0.0,43.0,0.0,0.0,0.0,377.0,143.0,82.0,0.8366340300215634,0.0,0.0,753.8366340300215,17,093,890102,4,170938901024
199.0,0.0,0.0,0.0,0.0,113.0,131.0,62.0,0.0,98.0,0.0,363.0,83.0,0.8468368840462166,0.0,0.0,1049.8468368840463,17,093,890102,5,170938901025
0.0,0.0,123.0,180.0,0.0,50.0,0.0,91.0,120.0,107.0,139.0,1331.0,757.0,4.458647208773454,0.0,0.0,2902.4586472087735,17,093,890102,6,170938901026
84.0,46.0,51.0,40.0,156.0,25.0,64.0,107.0,209.0,192.0,399.0,263.0,299.0,1.4283995634514497,0.0,0.0,1936.4283995634514,17,093,890201,1,170938902011
40.0,0.0,180.0,27.0,105.0,34.0,75.0,126.0,180.0,115.0,150.0,204.0,190.0,0.6223740955038459,0.0,0.0,1426.6223740955038,17,093,890201,2,170938902012
44.0,19.0,29.0,0.0,0.0,161.0,0.0,0.0,17.0,39.0,166.0,112.0,47.0,0.530548409281967,0.0,0.0,634.530548409282,17,093,890201,3,170938902013
0.0,0.0,12.0,0.0,47.0,0.0,79.0,28.0,79.0,47.0,262.0,132.0,41.0,1.5406309577226351,0.0,0.0,728.5406309577227,17,093,890202,1,170938902021
0.0,16.0,60.0,32.0,0.0,54.0,79.0,137.0,32.0,68.0,200.0,254.0,68.0,0.6631855116024589,0.0,0.0,1000.6631855116025,17,093,890202,2,170938902022
49.0,61.0,46.0,114.0,71.0,15.0,0.0,21.0,55.0,55.0,179.0,219.0,105.0,0.37750559891216884,0.0,0.0,990.3775055989122,17,093,890202,3,170938902023
73.0,0.0,27.0,45.0,42.0,67.0,158.0,125.0,51.0,259.0,256.0,1070.0,292.0,2.2344250313990535,0.0,0.0,2467.234425031399,17,093,890301,1,170938903011
298.0,0.0,34.0,31.0,0.0,189.0,239.0,211.0,202.0,292.0,217.0,534.0,429.0,1.9283394106594571,0.0,0.0,2677.9283394106596,17,093,890301,2,170938903012
0.0,0.0,0.0,191.0,111.0,83.0,111.0,30.0,40.0,33.0,253.0,506.0,284.0,0.6835912196517653,0.0,0.0,1642.6835912196518,17,093,890302,1,170938903021
0.0,0.0,0.0,0.0,37.0,0.0,0.0,87.0,0.0,34.0,84.0,266.0,370.0,1.5304281036979819,0.0,0.0,879.530428103698,17,093,890302,2,170938903022
93.0,140.0,189.0,16.0,79.0,0.0,65.0,81.0,30.0,63.0,100.0,308.0,133.0,0.8774454461201763,0.0,0.0,1297.8774454461202,17,093,890302,3,170938903023
0.0,0.0,26.0,0.0,0.0,0.0,38.0,0.0,101.0,211.0,116.0,238.0,244.0,2.6731477544591415,0.0,0.0,976.6731477544591,17,093,890302,4,170938903024
476.0,189.0,86.0,153.0,782.0,426.0,329.0,303.0,815.0,1002.0,2860.0,4189.0,2317.0,14.365618466711723,0.0,0.0,13941.365618466712,17,093,890400,1,170938904001
51.0,85.0,0.0,230.0,93.0,144.0,99.0,51.0,164.0,411.0,497.0,602.0,1936.0,9.84575413379035,0.0,0.0,4372.84575413379,17,093,890400,2,170938904002
217.0,0.0,27.0,339.0,0.0,39.0,30.0,129.0,293.0,274.0,115.0,425.0,235.0,0.0,0.0,0.0,2123.0,17,093,890400,3,170938904003
0.0,0.0,0.0,0.0,0.0,80.0,0.0,397.0,0.0,126.0,121.0,121.0,264.0,0.816228321972257,0.0,0.0,1109.8162283219722,17,093,890400,4,170938904004
0.0,57.0,0.0,0.0,68.0,86.0,80.0,0.0,0.0,0.0,249.0,327.0,111.0,0.0,0.0,0.0,978.0,17,093,890500,1,170938905001
0.0,68.0,0.0,68.0,0.0,102.0,0.0,94.0,0.0,48.0,0.0,0.0,0.0,0.0,0.0,0.0,380.0,17,093,890500,2,170938905002
0.0,0.0,0.0,99.0,202.0,91.0,0.0,0.0,0.0,190.0,313.0,119.0,0.0,0.0,0.0,0.0,1014.0,17,093,890500,3,170938905003
93.0,0.0,0.0,132.0,77.0,0.0,148.0,128.0,0.0,29.0,203.0,533.0,313.0,1.775296600289659,0.0,0.0,1657.7752966002897,17,093,890500,4,170938905004
477.0,81.0,92.0,77.0,201.0,88.0,0.0,74.0,261.0,860.0,0.0,0.0,166.0,0.0,0.0,0.0,2377.0,17,093,890500,5,170938905005
38.0,551.0,0.0,109.0,212.0,61.0,448.0,522.0,292.0,651.0,651.0,876.0,1005.0,4.6014871651185985,0.0,0.0,5420.601487165119,17,093,890500,6,170938905006
21.0,318.0,97.0,24.0,105.0,70.0,64.0,32.0,110.0,602.0,126.0,715.0,510.0,2.4792935279907304,0.0,0.0,2796.4792935279906,17,093,890600,1,170938906001
0.0,38.0,154.0,60.0,118.0,35.0,147.0,28.0,86.0,166.0,147.0,735.0,930.0,3.9280987994914867,0.0,0.0,2647.9280987994916,17,093,890600,2,170938906002
78.0,12.0,30.0,37.0,15.0,27.0,27.0,108.0,75.0,63.0,146.0,166.0,265.0,1.2855596071063047,0.0,0.0,1050.2855596071063,17,093,890600,3,170938906003
0.0,0.0,41.0,83.0,122.0,119.0,0.0,158.0,32.0,71.0,194.0,44.0,0.0,0.0,0.0,0.0,864.0,17,093,890600,4,170938906004
0.0,0.0,154.0,0.0,48.0,99.0,44.0,51.0,41.0,560.0,86.0,151.0,182.0,1.3977910013774901,0.0,0.0,1417.3977910013775,17,093,890700,1,170938907001
285.0,186.0,28.0,105.0,496.0,418.0,161.0,468.0,306.0,429.0,1376.0,1622.0,2200.0,10.335491126973704,0.0,0.0,8090.3354911269735,17,093,890700,2,170938907002
35.0,8.0,23.0,20.0,47.0,32.0,17.0,26.0,38.0,14.0,179.0,205.0,155.0,0.8366340300215634,0.0,0.0,799.8366340300215,17,093,890700,3,170938907003
10.0,36.0,23.0,60.0,26.0,23.0,26.0,20.0,36.0,146.0,102.0,167.0,70.0,1.0100825484406681,0.0,0.0,746.0100825484407,17,093,890700,4,170938907004
42.0,30.0,21.0,39.0,45.0,15.0,18.0,55.0,52.0,30.0,134.0,180.0,61.0,0.12243424829583854,0.0,0.0,722.1224342482958,17,093,890700,5,170938907005
125.0,594.0,53.0,217.0,0.0,123.0,211.0,99.0,75.0,155.0,624.0,616.0,144.0,2.316047863596279,0.0,0.0,3038.3160478635964,17,097,860101,1,170978601011
60.0,53.0,0.0,247.0,0.0,67.0,0.0,152.0,230.0,403.0,258.0,1369.0,573.0,3.9689102155900997,0.0,0.0,3415.9689102155903,17,097,860101,2,170978601012
111.0,124.0,0.0,226.0,0.0,0.0,58.0,0.0,7.0,0.0,45.0,327.0,292.0,0.3570998908628624,0.0,0.0,1190.3570998908629,17,097,860101,3,170978601013
63.0,0.0,0.0,40.0,22.0,17.0,0.0,88.0,55.0,40.0,80.0,161.0,73.0,0.37750559891216884,0.0,0.0,639.3775055989122,17,097,860103,1,170978601031
67.0,0.0,26.0,18.0,0.0,0.0,49.0,15.0,0.0,80.0,41.0,153.0,80.0,0.23466564256702388,0.0,0.0,529.234665642567,17,097,860103,2,170978601032
0.0,52.0,0.0,65.0,120.0,65.0,16.0,84.0,27.0,98.0,191.0,178.0,298.0,3.795461697170995,0.0,0.0,1197.795461697171,17,097,860103,3,170978601033
227.0,17.0,130.0,104.0,43.0,220.0,94.0,46.0,38.0,168.0,217.0,238.0,355.0,1.2243424829583855,0.0,0.0,1898.2243424829585,17,097,860104,1,170978601041
18.0,45.0,99.0,21.0,43.0,129.0,0.0,0.0,0.0,321.0,259.0,153.0,91.0,0.3570998908628624,0.0,0.0,1179.3570998908629,17,097,860104,2,170978601042
48.0,37.0,0.0,53.0,144.0,107.0,0.0,18.0,0.0,27.0,23.0,116.0,0.0,0.9488654242927488,0.0,0.0,573.9488654242928,17,097,860200,1,170978602001
120.0,99.0,0.0,90.0,0.0,172.0,26.0,67.0,172.0,96.0,61.0,128.0,55.0,0.0,0.0,0.0,1086.0,17,097,860200,2,170978602002
0.0,21.0,124.0,0.0,27.0,129.0,70.0,64.0,24.0,207.0,318.0,180.0,191.0,1.1835310668597727,0.0,0.0,1356.1835310668598,17,097,860200,3,170978602003
219.0,10.0,17.0,51.0,0.0,27.0,17.0,27.0,0.0,106.0,157.0,318.0,48.0,1.2549510450323451,0.0,0.0,998.2549510450324,17,097,860301,1,170978603011
310.0,206.0,0.0,0.0,50.0,16.0,111.0,37.0,0.0,202.0,50.0,37.0,138.0,0.0,0.0,0.0,1157.0,17,097,860301,2,170978603012
44.0,19.0,70.0,35.0,0.0,64.0,115.0,25.0,35.0,0.0,128.0,12.0,156.0,0.0,0.0,0.0,703.0,17,097,860301,3,170978603013
103.0,0.0,0.0,57.0,68.0,34.0,28.0,25.0,34.0,86.0,86.0,146.0,60.0,0.0,0.0,0.0,727.0,17,097,860302,1,170978603021
61.0,119.0,213.0,32.0,94.0,123.0,133.0,184.0,79.0,195.0,104.0,47.0,76.0,1.438602417476103,0.0,0.0,1461.4386024174762,17,097,860302,2,170978603022
0.0,0.0,0.0,169.0,12.0,59.0,0.0,18.0,100.0,115.0,175.0,59.0,6.0,0.5713598253805799,0.0,0.0,713.5713598253806,17,097,860302,3,170978603023
144.0,36.0,191.0,105.0,182.0,44.0,38.0,191.0,69.0,313.0,315.0,288.0,387.0,2.4792935279907304,0.0,0.0,2305.4792935279906,17,097,860400,1,170978604001
336.0,0.0,15.0,0.0,231.0,39.0,0.0,44.0,0.0,373.0,0.0,149.0,60.0,0.0,0.0,0.0,1247.0,17,097,860400,2,170978604002
36.0,0.0,13.0,0.0,0.0,73.0,0.0,42.0,0.0,139.0,241.0,489.0,73.0,1.6834709140677802,0.0,0.0,1107.6834709140678,17,097,860400,3,170978604003
119.0,135.0,31.0,58.0,0.0,159.0,0.0,141.0,94.0,42.0,40.0,74.0,20.0,0.0,0.0,0.0,913.0,17,097,860500,1,170978605001
225.0,120.0,20.0,26.0,41.0,193.0,0.0,0.0,44.0,206.0,117.0,115.0,52.0,0.6937940736764184,0.0,0.0,1159.6937940736764,17,097,860500,2,170978605002
113.0,61.0,0.0,34.0,30.0,39.0,0.0,39.0,0.0,0.0,65.0,287.0,0.0,0.6631855116024589,0.0,0.0,668.6631855116025,17,097,860500,3,170978605003
19.0,0.0,22.0,19.0,98.0,81.0,0.0,93.0,0.0,71.0,96.0,24.0,37.0,0.0,0.0,0.0,560.0,17,097,860500,4,170978605004
241.0,33.0,62.0,237.0,0.0,33.0,187.0,0.0,0.0,158.0,33.0,58.0,0.0,0.0,0.0,0.0,1042.0,17,097,860500,5,170978605005
23.0,42.0,71.0,79.0,95.0,106.0,159.0,42.0,37.0,119.0,345.0,417.0,82.0,0.7550111978243377,0.0,0.0,1617.7550111978244,17,097,860600,1,170978606001
0.0,0.0,0.0,0.0,0.0,0.0,0.0,0.0,28.0,80.0,185.0,326.0,286.0,1.0406911105146277,0.0,0.0,906.0406911105147,17,097,860600,2,170978606002
250.0,77.0,290.0,61.0,79.0,0.0,37.0,30.0,0.0,70.0,37.0,46.0,26.0,0.0,0.0,0.0,1003.0,17,097,860600,3,170978606003
44.0,0.0,51.0,0.0,217.0,289.0,0.0,241.0,338.0,0.0,113.0,886.0,279.0,0.9488654242927488,0.0,0.0,2458.9488654242928,17,097,860600,4,170978606004
12.0,44.0,29.0,19.0,7.0,73.0,46.0,102.0,68.0,78.0,102.0,115.0,14.0,0.5713598253805799,0.0,0.0,709.5713598253806,17,097,860805,1,170978608051
55.0,15.0,0.0,8.0,4.0,40.0,83.0,21.0,45.0,34.0,88.0,111.0,96.0,0.12243424829583854,0.0,0.0,600.1224342482958,17,097,860805,2,170978608052
121.0,185.0,245.0,111.0,85.0,133.0,66.0,69.0,88.0,307.0,171.0,435.0,214.0,2.152802199201828,0.0,0.0,2232.1528021992017,17,097,860806,1,170978608061
0.0,106.0,25.0,0.0,93.0,43.0,90.0,134.0,53.0,262.0,334.0,225.0,400.0,5.713598253805799,0.0,0.0,1770.7135982538057,17,097,860806,2,170978608062
72.0,145.0,106.0,171.0,110.0,61.0,116.0,100.0,80.0,244.0,82.0,368.0,212.0,1.3059653151556112,0.0,0.0,1868.3059653151556,17,097,860807,1,170978608071
107.0,7.0,168.0,74.0,0.0,112.0,46.0,56.0,66.0,35.0,217.0,263.0,66.0,0.43872272306008814,0.0,0.0,1217.43872272306,17,097,860807,2,170978608072
110.0,15.0,73.0,8.0,149.0,62.0,80.0,75.0,8.0,171.0,180.0,375.0,305.0,0.45912843110939455,0.0,0.0,1611.4591284311093,17,097,860808,1,170978608081
38.0,50.0,41.0,0.0,15.0,0.0,31.0,34.0,13.0,63.0,175.0,123.0,47.0,0.43872272306008814,0.0,0.0,630.4387227230601,17,097,860808,2,170978608082
71.0,27.0,27.0,0.0,24.0,110.0,90.0,11.0,22.0,85.0,77.0,247.0,134.0,0.8366340300215634,0.0,0.0,925.8366340300215,17,097,860809,1,170978608091
29.0,24.0,24.0,133.0,37.0,12.0,37.0,0.0,24.0,42.0,245.0,476.0,91.0,1.6936737680924332,0.0,0.0,1175.6936737680924,17,097,860809,2,170978608092
785.0,0.0,99.0,120.0,33.0,42.0,169.0,132.0,196.0,96.0,175.0,733.0,440.0,5.234064114647098,0.0,0.0,3025.234064114647,17,097,860810,1,170978608101
68.0,55.0,0.0,183.0,35.0,0.0,219.0,27.0,0.0,57.0,226.0,186.0,221.0,0.3570998908628624,0.0,0.0,1277.3570998908629,17,097,860810,2,170978608102
134.0,0.0,41.0,35.0,175.0,109.0,0.0,0.0,71.0,200.0,241.0,175.0,128.0,1.061096818563934,0.0,0.0,1310.061096818564,17,097,860810,3,170978608103
79.0,64.0,51.0,0.0,102.0,20.0,166.0,0.0,0.0,102.0,51.0,225.0,74.0,1.4794138335747158,0.0,0.0,935.4794138335748,17,097,860811,1,170978608111
53.0,29.0,122.0,23.0,47.0,50.0,113.0,101.0,38.0,247.0,125.0,452.0,587.0,3.4893760764313986,0.0,0.0,1990.4893760764314,17,097,860811,2,170978608112
127.0,248.0,155.0,57.0,64.0,118.0,206.0,67.0,95.0,174.0,164.0,410.0,118.0,0.3979113069614753,0.0,0.0,2003.3979113069615,17,097,860903,1,170978609031
132.0,296.0,149.0,102.0,16.0,113.0,128.0,71.0,27.0,39.0,60.0,50.0,0.0,0.7652140518489909,0.0,0.0,1183.765214051849,17,097,860903,2,170978609032
280.0,64.0,37.0,118.0,0.0,210.0,51.0,0.0,145.0,183.0,186.0,240.0,75.0,0.8264311759969102,0.0,0.0,1589.826431175997,17,097,860903,3,170978609033
0.0,0.0,0.0,65.0,57.0,70.0,35.0,177.0,20.0,155.0,92.0,142.0,0.0,0.3570998908628624,0.0,0.0,813.3570998908629,17,097,860903,4,170978609034
151.0,0.0,80.0,0.0,0.0,51.0,151.0,28.0,61.0,217.0,224.0,313.0,106.0,1.050893964539281,0.0,0.0,1383.0508939645392,17,097,860904,1,170978609041
131.0,155.0,28.0,89.0,128.0,263.0,149.0,165.0,57.0,294.0,707.0,644.0,270.0,3.1118704775192296,0.0,0.0,3083.111870477519,17,097,860904,2,170978609042
47.0,199.0,73.0,118.0,36.0,97.0,42.0,202.0,168.0,218.0,249.0,213.0,126.0,2.815987710804287,0.0,0.0,1790.8159877108044,17,097,860905,1,170978609051
0.0,38.0,64.0,0.0,90.0,249.0,55.0,70.0,76.0,105.0,137.0,99.0,55.0,0.5611569713559267,0.0,0.0,1038.561156971356,17,097,860905,2,170978609052
96.0,0.0,40.0,96.0,119.0,204.0,0.0,32.0,43.0,35.0,219.0,181.0,271.0,0.5611569713559267,0.0,0.0,1336.561156971356,17,097,860905,3,170978609053
26.0,68.0,0.0,0.0,33.0,0.0,0.0,68.0,95.0,106.0,134.0,28.0,35.0,0.5101427012326606,0.0,0.0,593.5101427012327,17,097,860905,4,170978609054
186.0,192.0,104.0,136.0,229.0,136.0,241.0,273.0,194.0,724.0,1248.0,1684.0,2013.0,8.243906051919796,0.0,0.0,7368.24390605192,17,097,860906,1,170978609061
0.0,0.0,44.0,99.0,70.0,44.0,28.0,48.0,22.0,227.0,295.0,321.0,532.0,2.316047863596279,0.0,0.0,1732.3160478635962,17,097,861007,1,170978610071
0.0,0.0,0.0,111.0,45.0,0.0,95.0,0.0,55.0,22.0,206.0,186.0,272.0,1.4692109795500625,0.0,0.0,993.4692109795501,17,097,861007,2,170978610072
54.0,0.0,0.0,70.0,27.0,54.0,27.0,21.0,143.0,100.0,235.0,279.0,176.0,1.0406911105146277,0.0,0.0,1187.0406911105147,17,097,861008,1,170978610081
77.0,0.0,0.0,0.0,61.0,0.0,25.0,15.0,0.0,56.0,178.0,239.0,139.0,1.152922504785813,0.0,0.0,791.1529225047858,17,097,861008,2,170978610082
0.0,0.0,24.0,83.0,38.0,74.0,0.0,55.0,124.0,113.0,168.0,240.0,224.0,2.25483073944836,0.0,0.0,1145.2548307394484,17,097,861008,3,170978610083
0.0,0.0,33.0,30.0,30.0,33.0,0.0,82.0,76.0,119.0,132.0,285.0,119.0,0.42851986903543493,0.0,0.0,939.4285198690354,17,097,861008,4,170978610084
37.0,84.0,0.0,21.0,212.0,25.0,21.0,71.0,97.0,109.0,231.0,294.0,347.0,4.917775639882849,0.0,0.0,1553.9177756398828,17,097,861009,1,170978610091
17.0,66.0,17.0,150.0,0.0,115.0,154.0,34.0,285.0,68.0,268.0,386.0,280.0,1.4283995634514497,0.0,0.0,1841.4283995634514,17,097,861009,2,170978610092
17.0,39.0,19.0,66.0,0.0,52.0,37.0,0.0,19.0,29.0,94.0,89.0,210.0,0.3979113069614753,0.0,0.0,671.3979113069614,17,097,861010,1,170978610101
135.0,22.0,72.0,42.0,67.0,60.0,40.0,45.0,22.0,65.0,217.0,267.0,20.0,0.12243424829583854,0.0,0.0,1074.1224342482958,17,097,861010,2,170978610102
14.0,21.0,25.0,94.0,47.0,76.0,126.0,86.0,123.0,202.0,485.0,629.0,600.0,6.203335246989154,0.0,0.0,2534.2033352469894,17,097,861010,3,170978610103
0.0,0.0,122.0,0.0,0.0,0.0,42.0,0.0,38.0,185.0,49.0,1232.0,287.0,3.887287383392874,0.0,0.0,1958.887287383393,17,097,861011,1,170978610111
0.0,43.0,40.0,0.0,40.0,116.0,0.0,143.0,153.0,86.0,647.0,330.0,437.0,3.0914647694699235,0.0,0.0,2038.09146476947,17,097,861011,2,170978610112
0.0,0.0,0.0,43.0,92.0,0.0,0.0,0.0,117.0,483.0,375.0,212.0,215.0,5.213658406597792,0.0,0.0,1542.2136584065977,17,097,861011,3,170978610113
99.0,169.0,41.0,141.0,278.0,41.0,53.0,83.0,18.0,250.0,243.0,345.0,315.0,1.061096818563934,0.0,0.0,2077.061096818564,17,097,861012,1,170978610121
143.0,41.0,82.0,43.0,73.0,117.0,87.0,187.0,23.0,161.0,202.0,167.0,249.0,2.683350608483795,0.0,0.0,1577.6833506084838,17,097,861012,2,170978610122
0.0,0.0,0.0,69.0,0.0,0.0,33.0,22.0,0.0,38.0,27.0,133.0,205.0,0.47953413915870097,0.0,0.0,527.4795341391587,17,097,861012,3,170978610123
55.0,113.0,47.0,89.0,120.0,128.0,163.0,76.0,102.0,215.0,575.0,433.0,397.0,1.734485184191046,0.0,0.0,2514.7344851841913,17,097,861013,1,170978610131
27.0,41.0,49.0,41.0,60.0,0.0,22.0,0.0,88.0,68.0,390.0,283.0,93.0,0.867242592095523,0.0,0.0,1162.8672425920956,17,097,861014,1,170978610141
24.0,34.0,183.0,31.0,24.0,0.0,0.0,20.0,0.0,0.0,536.0,761.0,249.0,2.815987710804287,0.0,0.0,1864.8159877108044,17,097,861014,2,170978610142
28.0,0.0,0.0,58.0,51.0,0.0,140.0,86.0,22.0,326.0,188.0,249.0,119.0,0.5203455552573139,0.0,0.0,1267.5203455552573,17,097,861105,1,170978611051
141.0,0.0,93.0,112.0,47.0,25.0,222.0,112.0,115.0,95.0,327.0,451.0,389.0,1.581442373821248,0.0,0.0,2130.581442373821,17,097,861105,2,170978611052
27.0,0.0,12.0,52.0,15.0,0.0,18.0,70.0,36.0,125.0,300.0,230.0,466.0,1.6528623519938204,0.0,0.0,1352.652862351994,17,097,861106,1,170978611061
0.0,0.0,0.0,0.0,57.0,44.0,50.0,47.0,47.0,0.0,57.0,566.0,416.0,4.54027004097068,0.0,0.0,1288.5402700409707,17,097,861106,2,170978611062
36.0,0.0,241.0,0.0,41.0,117.0,56.0,136.0,68.0,307.0,380.0,639.0,473.0,3.734244573023076,0.0,0.0,2497.7342445730233,17,097,861106,3,170978611063
34.0,0.0,0.0,68.0,0.0,85.0,42.0,34.0,0.0,147.0,170.0,173.0,249.0,0.0816228321972257,0.0,0.0,1002.0816228321972,17,097,861107,1,170978611071
0.0,30.0,24.0,0.0,88.0,0.0,0.0,82.0,127.0,57.0,282.0,285.0,392.0,1.9793536807827232,0.0,0.0,1368.9793536807827,17,097,861107,2,170978611072
103.0,0.0,61.0,0.0,0.0,0.0,0.0,50.0,0.0,46.0,80.0,292.0,192.0,3.0200447912973507,0.0,0.0,827.0200447912973,17,097,861108,1,170978611081
222.0,177.0,150.0,51.0,0.0,96.0,294.0,15.0,81.0,54.0,204.0,130.0,229.0,0.9386625702680955,0.0,0.0,1703.9386625702682,17,097,861108,2,170978611082
0.0,0.0,0.0,82.0,0.0,0.0,109.0,0.0,147.0,184.0,235.0,225.0,283.0,2.3364535716455856,0.0,0.0,1267.3364535716455,17,097,861108,3,170978611083
0.0,0.0,200.0,243.0,104.0,0.0,347.0,343.0,227.0,297.0,88.0,308.0,339.0,2.356859279694892,0.0,0.0,2498.356859279695,17,097,861201,1,170978612011
0.0,0.0,26.0,33.0,0.0,0.0,33.0,0.0,0.0,0.0,317.0,273.0,193.0,2.3772649877441987,0.0,0.0,877.3772649877442,17,097,861201,2,170978612012
299.0,234.0,0.0,20.0,32.0,0.0,16.0,0.0,16.0,121.0,117.0,131.0,41.0,0.0,0.0,0.0,1027.0,17,097,861201,3,170978612013
187.0,84.0,106.0,44.0,84.0,44.0,124.0,128.0,179.0,469.0,168.0,183.0,124.0,1.5304281036979819,0.0,0.0,1925.530428103698,17,097,861201,4,170978612014
69.0,20.0,300.0,7.0,151.0,159.0,105.0,56.0,59.0,17.0,249.0,323.0,254.0,1.7038766221170865,0.0,0.0,1770.7038766221171,17,097,861202,1,170978612021
133.0,155.0,107.0,0.0,73.0,349.0,77.0,38.0,34.0,185.0,163.0,474.0,198.0,1.1427196507611599,0.0,0.0,1987.1427196507611,17,097,861202,2,170978612022
202.0,76.0,153.0,359.0,54.0,57.0,119.0,142.0,51.0,228.0,188.0,153.0,230.0,2.030367950905989,0.0,0.0,2014.0303679509059,17,097,861301,1,170978613011
258.0,150.0,48.0,113.0,176.0,154.0,263.0,106.0,121.0,191.0,263.0,278.0,171.0,0.3162884747642496,0.0,0.0,2292.3162884747644,17,097,861301,2,170978613012
0.0,0.0,134.0,127.0,0.0,262.0,51.0,174.0,119.0,480.0,222.0,349.0,134.0,0.6019683874545395,0.0,0.0,2052.6019683874547,17,097,861303,1,170978613031
246.0,80.0,217.0,305.0,242.0,294.0,0.0,253.0,29.0,209.0,250.0,452.0,217.0,0.336694182813556,0.0,0.0,2794.3366941828135,17,097,861303,2,170978613032
41.0,41.0,0.0,110.0,22.0,213.0,121.0,175.0,0.0,262.0,118.0,152.0,64.0,0.5815626794052331,0.0,0.0,1319.5815626794051,17,097,861304,1,170978613041
76.0,169.0,110.0,204.0,58.0,162.0,107.0,145.0,69.0,186.0,394.0,145.0,55.0,0.0,0.0,0.0,1880.0,17,097,861304,2,170978613042
56.0,42.0,95.0,56.0,53.0,0.0,329.0,159.0,208.0,418.0,343.0,341.0,201.0,1.2141396289337323,0.0,0.0,2302.214139628934,17,097,861402,1,170978614021
347.0,45.0,190.0,253.0,214.0,184.0,344.0,600.0,425.0,531.0,573.0,827.0,513.0,5.325889800868977,0.0,0.0,5051.325889800869,17,097,861402,2,170978614022
37.0,52.0,100.0,141.0,0.0,70.0,74.0,126.0,67.0,152.0,100.0,44.0,26.0,0.8366340300215634,0.0,0.0,989.8366340300215,17,097,861403,1,170978614031
66.0,23.0,143.0,58.0,27.0,217.0,116.0,35.0,15.0,112.0,136.0,591.0,175.0,0.1530428103697982,0.0,0.0,1714.1530428103697,17,097,861403,2,170978614032
60.0,0.0,53.0,26.0,41.0,128.0,83.0,49.0,178.0,269.0,481.0,246.0,106.0,0.45912843110939455,0.0,0.0,1720.4591284311093,17,097,861404,1,170978614041
21.0,117.0,21.0,42.0,138.0,21.0,71.0,42.0,24.0,39.0,124.0,17.0,21.0,0.0,0.0,0.0,698.0,17,097,861404,2,170978614042
302.0,26.0,167.0,154.0,92.0,157.0,256.0,49.0,236.0,342.0,526.0,319.0,302.0,2.0405708049306424,0.0,0.0,2930.0405708049307,17,097,861404,3,170978614043
98.0,45.0,188.0,274.0,164.0,94.0,69.0,397.0,373.0,0.0,311.0,463.0,65.0,0.7448083437996845,0.0,0.0,2541.7448083438,17,097,861504,1,170978615041
39.0,0.0,93.0,28.0,57.0,68.0,258.0,57.0,154.0,93.0,122.0,129.0,0.0,0.3979113069614753,0.0,0.0,1098.3979113069615,17,097,861504,2,170978615042
23.0,30.0,48.0,153.0,21.0,23.0,81.0,25.0,120.0,198.0,234.0,181.0,212.0,1.2243424829583855,0.0,0.0,1350.2243424829585,17,097,861504,3,170978615043
0.0,0.0,0.0,44.0,115.0,93.0,0.0,51.0,160.0,44.0,475.0,295.0,552.0,2.25483073944836,0.0,0.0,1831.2548307394484,17,097,861504,4,170978615044
47.0,0.0,50.0,63.0,63.0,120.0,63.0,76.0,31.0,126.0,174.0,421.0,253.0,2.030367950905989,0.0,0.0,1489.0303679509059,17,097,861505,1,170978615051
0.0,0.0,0.0,20.0,0.0,0.0,0.0,26.0,58.0,61.0,177.0,346.0,113.0,0.5917655334298864,0.0,0.0,801.5917655334299,17,097,861505,2,170978615052
416.0,0.0,172.0,30.0,0.0,33.0,33.0,0.0,61.0,150.0,83.0,69.0,197.0,0.0,0.0,0.0,1244.0,17,097,861506,1,170978615061
71.0,0.0,40.0,30.0,66.0,30.0,66.0,145.0,222.0,268.0,268.0,463.0,481.0,3.6220131787518905,0.0,0.0,2153.622013178752,17,097,861506,2,170978615062
0.0,0.0,0.0,178.0,104.0,0.0,21.0,145.0,90.0,43.0,144.0,75.0,0.0,0.3979113069614753,0.0,0.0,800.3979113069614,17,097,861506,3,170978615063
27.0,73.0,0.0,95.0,33.0,144.0,27.0,24.0,70.0,46.0,270.0,337.0,187.0,2.4690906739660776,0.0,0.0,1335.469090673966,17,097,861507,1,170978615071
30.0,25.0,71.0,135.0,0.0,76.0,20.0,96.0,33.0,51.0,71.0,193.0,257.0,0.5407512633066203,0.0,0.0,1058.5407512633067,17,097,861507,2,170978615072
283.0,77.0,74.0,154.0,191.0,126.0,138.0,149.0,168.0,219.0,107.0,339.0,208.0,2.122193637127868,0.0,0.0,2235.122193637128,17,097,861508,1,170978615081
0.0,0.0,0.0,179.0,116.0,91.0,48.0,2.0,38.0,96.0,128.0,222.0,75.0,0.6121712414791928,0.0,0.0,995.6121712414792,17,097,861508,2,170978615082
29.0,0.0,0.0,0.0,0.0,26.0,0.0,20.0,62.0,38.0,116.0,128.0,194.0,1.5508338117472884,0.0,0.0,614.5508338117473,17,097,861509,1,170978615091
152.0,210.0,116.0,62.0,65.0,256.0,358.0,55.0,176.0,261.0,193.0,256.0,140.0,0.8570397380708699,0.0,0.0,2300.857039738071,17,097,861509,2,170978615092
30.0,0.0,40.0,30.0,27.0,20.0,54.0,0.0,0.0,119.0,20.0,143.0,136.0,1.4590081255254095,0.0,0.0,620.4590081255254,17,097,861510,1,170978615101
27.0,19.0,84.0,54.0,46.0,0.0,106.0,19.0,13.0,35.0,89.0,171.0,312.0,0.8570397380708699,0.0,0.0,975.8570397380709,17,097,861510,2,170978615102
181.0,86.0,102.0,247.0,94.0,60.0,165.0,60.0,155.0,120.0,344.0,260.0,128.0,1.1223139427118534,0.0,0.0,2003.1223139427118,17,097,861510,3,170978615103
64.0,42.0,0.0,158.0,116.0,42.0,66.0,64.0,0.0,245.0,436.0,324.0,327.0,0.6529826575778056,0.0,0.0,1884.6529826575777,17,097,861603,1,170978616031
38.0,87.0,87.0,60.0,0.0,38.0,43.0,21.0,85.0,196.0,153.0,461.0,524.0,3.346536120086254,0.0,0.0,1796.3465361200863,17,097,861603,2,170978616032
0.0,79.0,0.0,54.0,28.0,43.0,27.0,77.0,30.0,0.0,64.0,59.0,118.0,0.8060254679476038,0.0,0.0,579.8060254679476,17,097,861603,3,170978616033
156.0,73.0,0.0,25.0,0.0,67.0,57.0,0.0,54.0,307.0,320.0,358.0,214.0,3.2955218499629875,0.0,0.0,1634.295521849963,17,097,861604,1,170978616041
0.0,0.0,0.0,0.0,151.0,0.0,66.0,121.0,33.0,214.0,177.0,107.0,357.0,1.1631253588104662,0.0,0.0,1227.1631253588105,17,097,861604,2,170978616042
42.0,0.0,16.0,0.0,16.0,64.0,16.0,42.0,31.0,73.0,50.0,183.0,174.0,2.3262507176209324,0.0,0.0,709.326250717621,17,097,861604,3,170978616043
0.0,109.0,18.0,207.0,109.0,164.0,48.0,48.0,54.0,88.0,338.0,301.0,179.0,1.3671824393035306,0.0,0.0,1664.3671824393036,17,097,861607,1,170978616071
0.0,45.0,57.0,213.0,47.0,95.0,87.0,40.0,75.0,160.0,256.0,190.0,160.0,0.45912843110939455,0.0,0.0,1425.4591284311093,17,097,861607,2,170978616072
0.0,0.0,0.0,79.0,30.0,0.0,27.0,35.0,19.0,244.0,198.0,112.0,170.0,0.8060254679476038,0.0,0.0,914.8060254679476,17,097,861607,3,170978616073
78.0,23.0,0.0,107.0,26.0,52.0,23.0,23.0,54.0,130.0,240.0,368.0,347.0,3.0608562073959638,0.0,0.0,1474.060856207396,17,097,861608,1,170978616081
94.0,128.0,121.0,69.0,18.0,72.0,13.0,51.0,24.0,20.0,157.0,171.0,132.0,0.0,0.0,0.0,1070.0,17,097,861608,2,170978616082
78.0,223.0,41.0,312.0,20.0,80.0,117.0,0.0,44.0,400.0,205.0,527.0,145.0,2.1732079072511343,0.0,0.0,2194.1732079072513,17,097,861609,1,170978616091
59.0,0.0,0.0,26.0,26.0,105.0,56.0,46.0,52.0,0.0,201.0,283.0,257.0,1.3059653151556112,0.0,0.0,1112.3059653151556,17,097,861609,2,170978616092
0.0,0.0,27.0,57.0,0.0,0.0,0.0,30.0,0.0,143.0,118.0,146.0,225.0,4.47905291682276,0.0,0.0,750.4790529168228,17,097,861610,1,170978616101
38.0,20.0,0.0,0.0,45.0,48.0,48.0,83.0,20.0,25.0,312.0,228.0,231.0,2.7139591705577546,0.0,0.0,1100.7139591705577,17,097,861610,2,170978616102
0.0,0.0,8.0,20.0,20.0,0.0,41.0,0.0,8.0,92.0,151.0,222.0,133.0,2.3262507176209324,0.0,0.0,697.326250717621,17,097,861611,1,170978616111
30.0,0.0,0.0,0.0,54.0,0.0,0.0,24.0,0.0,17.0,99.0,171.0,308.0,2.938421959100125,0.0,0.0,705.9384219591001,17,097,861611,2,170978616112
0.0,0.0,0.0,0.0,30.0,0.0,0.0,0.0,0.0,0.0,57.0,63.0,171.0,0.19385422646841105,0.0,0.0,321.19385422646843,17,097,861611,3,170978616113
29.0,0.0,35.0,0.0,0.0,96.0,52.0,81.0,219.0,87.0,221.0,303.0,204.0,1.6936737680924332,0.0,0.0,1328.6936737680924,17,097,861701,1,170978617011
31.0,0.0,113.0,35.0,12.0,29.0,0.0,16.0,8.0,10.0,35.0,117.0,8.0,0.1632456643944514,0.0,0.0,414.1632456643944,17,097,861701,2,170978617012
86.0,44.0,21.0,39.0,197.0,25.0,21.0,16.0,68.0,37.0,51.0,211.0,0.0,0.14283995634514499,0.0,0.0,816.1428399563451,17,097,861702,1,170978617021
0.0,84.0,126.0,129.0,63.0,36.0,0.0,151.0,184.0,368.0,190.0,715.0,196.0,1.1631253588104662,0.0,0.0,2243.1631253588102,17,097,861702,2,170978617022
0.0,48.0,32.0,24.0,26.0,29.0,40.0,0.0,123.0,40.0,43.0,67.0,13.0,0.0,0.0,0.0,485.0,17,097,861702,3,170978617023
63.0,0.0,219.0,232.0,69.0,168.0,57.0,228.0,171.0,209.0,251.0,254.0,368.0,1.581442373821248,0.0,0.0,2290.581442373821,17,097,861803,1,170978618031
152.0,287.0,149.0,225.0,319.0,398.0,93.0,257.0,0.0,342.0,246.0,433.0,149.0,1.6120509358952075,0.0,0.0,3051.6120509358952,17,097,861803,2,170978618032
75.0,52.0,40.0,48.0,138.0,100.0,0.0,25.0,16.0,0.0,0.0,16.0,45.0,0.0,0.0,0.0,555.0,17,097,861803,3,170978618033
104.0,304.0,21.0,46.0,129.0,67.0,194.0,314.0,64.0,203.0,206.0,147.0,33.0,0.6223740955038459,0.0,0.0,1832.6223740955038,17,097,861804,1,170978618041
148.0,184.0,56.0,36.0,145.0,52.0,135.0,49.0,0.0,23.0,128.0,224.0,62.0,0.8060254679476038,0.0,0.0,1242.8060254679476,17,097,861804,2,170978618042
0.0,0.0,69.0,0.0,0.0,225.0,33.0,27.0,162.0,78.0,294.0,375.0,42.0,0.5203455552573139,0.0,0.0,1305.5203455552573,17,097,861901,1,170978619011
0.0,40.0,0.0,24.0,68.0,38.0,60.0,0.0,0.0,111.0,114.0,267.0,101.0,1.3059653151556112,0.0,0.0,824.3059653151556,17,097,861901,2,170978619012
0.0,131.0,0.0,0.0,36.0,116.0,36.0,98.0,58.0,83.0,255.0,324.0,310.0,2.642539192385182,0.0,0.0,1449.6425391923851,17,097,861901,3,170978619013
0.0,107.0,94.0,75.0,94.0,333.0,277.0,154.0,444.0,34.0,428.0,258.0,299.0,0.0,0.0,0.0,2597.0,17,097,861902,1,170978619021
25.0,0.0,70.0,0.0,0.0,0.0,0.0,0.0,86.0,53.0,68.0,222.0,0.0,1.2855596071063047,0.0,0.0,525.2855596071063,17,097,861902,2,170978619022
112.0,47.0,217.0,104.0,201.0,54.0,340.0,112.0,164.0,403.0,65.0,69.0,0.0,0.47953413915870097,0.0,0.0,1888.4795341391587,17,097,861902,3,170978619023
353.0,51.0,121.0,56.0,67.0,49.0,0.0,12.0,0.0,38.0,0.0,0.0,0.0,0.0,0.0,0.0,747.0,17,097,861902,4,170978619024
178.0,0.0,110.0,84.0,20.0,80.0,94.0,33.0,0.0,0.0,26.0,302.0,0.0,0.336694182813556,0.0,0.0,927.3366941828135,17,097,862000,1,170978620001
188.0,80.0,22.0,125.0,0.0,40.0,57.0,48.0,108.0,111.0,171.0,80.0,77.0,0.867242592095523,0.0,0.0,1107.8672425920956,17,097,862000,2,170978620002
23.0,94.0,0.0,74.0,166.0,101.0,125.0,91.0,64.0,396.0,152.0,250.0,101.0,0.6223740955038459,0.0,0.0,1637.6223740955038,17,097,862000,3,170978620003
0.0,50.0,75.0,264.0,200.0,75.0,57.0,171.0,75.0,110.0,250.0,257.0,28.0,0.0,0.0,0.0,1612.0,17,097,862000,4,170978620004
84.0,39.0,76.0,169.0,92.0,0.0,66.0,15.0,0.0,103.0,166.0,143.0,42.0,0.1530428103697982,0.0,0.0,995.1530428103698,17,097,862100,1,170978621001
110.0,164.0,22.0,175.0,48.0,149.0,99.0,56.0,127.0,113.0,141.0,67.0,0.0,0.336694182813556,0.0,0.0,1271.3366941828135,17,097,862100,2,170978621002
139.0,21.0,0.0,27.0,148.0,0.0,27.0,58.0,55.0,139.0,27.0,83.0,31.0,0.27547705866563676,0.0,0.0,755.2754770586656,17,097,862100,3,170978621003
21.0,64.0,95.0,181.0,107.0,159.0,141.0,159.0,98.0,125.0,303.0,104.0,125.0,0.0,0.0,0.0,1682.0,17,097,862100,4,170978621004
244.0,0.0,186.0,12.0,24.0,80.0,86.0,27.0,77.0,266.0,155.0,176.0,71.0,0.908054008194136,0.0,0.0,1404.908054008194,17,097,862200,1,170978622001
336.0,258.0,178.0,125.0,20.0,109.0,70.0,0.0,25.0,162.0,16.0,98.0,34.0,1.632456643944514,0.0,0.0,1432.6324566439446,17,097,862200,2,170978622002
172.0,200.0,0.0,0.0,184.0,44.0,32.0,24.0,0.0,36.0,76.0,80.0,0.0,0.0,0.0,0.0,848.0,17,097,862300,1,170978623001
241.0,116.0,139.0,60.0,139.0,37.0,0.0,0.0,60.0,105.0,162.0,33.0,37.0,0.5713598253805799,0.0,0.0,1129.5713598253806,17,097,862300,2,170978623002
198.0,107.0,122.0,93.0,75.0,0.0,200.0,101.0,13.0,99.0,86.0,0.0,0.0,0.0,0.0,0.0,1094.0,17,097,862300,3,170978623003
32.0,75.0,229.0,143.0,57.0,104.0,0.0,150.0,82.0,107.0,312.0,0.0,111.0,0.0,0.0,0.0,1402.0,17,097,862401,1,170978624011
436.0,267.0,270.0,205.0,66.0,113.0,113.0,60.0,0.0,120.0,168.0,180.0,0.0,0.0,0.0,0.0,1998.0,17,097,862401,2,170978624012
296.0,49.0,78.0,19.0,52.0,46.0,167.0,23.0,55.0,55.0,0.0,75.0,52.0,0.0,0.0,0.0,967.0,17,097,862402,1,170978624021
64.0,0.0,77.0,150.0,133.0,239.0,158.0,40.0,24.0,105.0,158.0,0.0,20.0,0.1632456643944514,0.0,0.0,1168.1632456643945,17,097,862402,2,170978624022
77.0,77.0,159.0,85.0,40.0,44.0,73.0,0.0,32.0,102.0,106.0,163.0,143.0,0.0,0.0,0.0,1101.0,17,097,862402,3,170978624023
156.0,89.0,85.0,0.0,149.0,115.0,179.0,70.0,186.0,302.0,257.0,119.0,115.0,0.44892557708474135,0.0,0.0,1822.4489255770848,17,097,862501,1,170978625011
0.0,47.0,104.0,33.0,10.0,222.0,53.0,121.0,111.0,138.0,219.0,310.0,107.0,0.7550111978243377,0.0,0.0,1475.7550111978244,17,097,862501,2,170978625012
18.0,0.0,45.0,99.0,72.0,240.0,135.0,0.0,0.0,181.0,58.0,40.0,90.0,0.5509541173312735,0.0,0.0,978.5509541173312,17,097,862502,1,170978625021
18.0,0.0,106.0,18.0,125.0,64.0,87.0,121.0,178.0,75.0,117.0,197.0,90.0,0.0,0.0,0.0,1196.0,17,097,862502,2,170978625022
40.0,0.0,0.0,40.0,133.0,58.0,130.0,0.0,0.0,0.0,46.0,43.0,142.0,0.0,0.0,0.0,632.0,17,097,862603,1,170978626031
324.0,75.0,245.0,172.0,93.0,435.0,356.0,402.0,35.0,43.0,417.0,37.0,46.0,0.0,0.0,0.0,2680.0,17,097,862603,2,170978626032
60.0,0.0,0.0,60.0,0.0,0.0,0.0,0.0,52.0,156.0,558.0,442.0,104.0,0.0,0.0,0.0,1432.0,17,097,862603,3,170978626033
0.0,0.0,160.0,228.0,0.0,104.0,0.0,0.0,64.0,332.0,300.0,128.0,244.0,0.6937940736764184,0.0,0.0,1560.6937940736764,17,097,862603,4,170978626034
0.0,47.0,0.0,0.0,105.0,176.0,0.0,0.0,54.0,193.0,359.0,359.0,0.0,0.0,0.0,0.0,1293.0,17,097,862603,5,170978626035
120.0,215.0,272.0,168.0,53.0,0.0,60.0,33.0,241.0,386.0,174.0,97.0,90.0,0.6121712414791928,0.0,0.0,1909.6121712414792,17,097,862604,1,170978626041
28.0,118.0,0.0,186.0,42.0,0.0,42.0,42.0,22.0,362.0,96.0,87.0,36.0,0.19385422646841105,0.0,0.0,1061.1938542264684,17,097,862604,2,170978626042
67.0,26.0,37.0,0.0,105.0,251.0,172.0,139.0,71.0,116.0,52.0,71.0,124.0,1.4488052715007562,0.0,0.0,1232.4488052715008,17,097,862604,3,170978626043
1105.0,114.0,138.0,0.0,27.0,90.0,0.0,0.0,0.0,48.0,99.0,99.0,0.0,0.0,0.0,0.0,1720.0,17,097,862605,1,170978626051
117.0,0.0,117.0,83.0,154.0,28.0,20.0,129.0,74.0,212.0,152.0,100.0,54.0,0.3162884747642496,0.0,0.0,1240.3162884747642,17,097,862605,2,170978626052
79.0,207.0,154.0,292.0,52.0,150.0,54.0,103.0,32.0,99.0,101.0,14.0,64.0,0.18365137244375782,0.0,0.0,1401.1836513724438,17,097,862605,3,170978626053
49.0,126.0,11.0,46.0,57.0,0.0,0.0,0.0,0.0,30.0,55.0,49.0,0.0,0.0,0.0,0.0,423.0,17,097,862700,1,170978627001
198.0,187.0,11.0,433.0,62.0,150.0,80.0,139.0,0.0,22.0,245.0,47.0,0.0,0.0,0.0,0.0,1574.0,17,097,862700,2,170978627002
60.0,0.0,60.0,170.0,102.0,207.0,34.0,86.0,15.0,79.0,0.0,90.0,0.0,0.0,0.0,0.0,903.0,17,097,862700,3,170978627003
23.0,0.0,29.0,50.0,59.0,95.0,101.0,0.0,0.0,119.0,14.0,65.0,11.0,0.0,0.0,0.0,566.0,17,097,862700,4,170978627004
423.0,130.0,151.0,116.0,106.0,113.0,89.0,51.0,123.0,333.0,161.0,113.0,206.0,0.37750559891216884,0.0,0.0,2115.377505598912,17,097,862800,1,170978628001
134.0,158.0,131.0,60.0,161.0,111.0,165.0,67.0,121.0,40.0,168.0,64.0,97.0,0.8570397380708699,0.0,0.0,1477.8570397380709,17,097,862901,1,170978629011
246.0,63.0,85.0,171.0,115.0,63.0,111.0,63.0,156.0,0.0,108.0,70.0,59.0,0.336694182813556,0.0,0.0,1310.3366941828135,17,097,862901,2,170978629012
126.0,19.0,47.0,73.0,98.0,59.0,0.0,0.0,76.0,64.0,53.0,0.0,0.0,0.19385422646841105,0.0,0.0,615.1938542264684,17,097,862901,3,170978629013
282.0,166.0,134.0,99.0,161.0,72.0,37.0,13.0,29.0,83.0,29.0,45.0,64.0,0.2958827667149432,0.0,0.0,1214.2958827667148,17,097,862902,1,170978629021
97.0,165.0,0.0,143.0,68.0,13.0,113.0,52.0,191.0,149.0,188.0,29.0,35.0,0.22446278854237067,0.0,0.0,1243.2244627885423,17,097,862902,2,170978629022
0.0,0.0,0.0,0.0,0.0,0.0,0.0,0.0,10.0,0.0,0.0,7.0,0.0,0.0,0.0,0.0,17.0,17,097,863003,1,170978630031
48.0,0.0,93.0,33.0,18.0,41.0,52.0,221.0,63.0,288.0,288.0,251.0,442.0,0.0,0.0,0.0,1838.0,17,097,863004,1,170978630041
284.0,28.0,16.0,14.0,19.0,16.0,181.0,21.0,47.0,52.0,38.0,181.0,0.0,2.163005053226481,0.0,0.0,899.1630050532265,17,097,863004,2,170978630042
0.0,0.0,0.0,86.0,63.0,0.0,20.0,54.0,176.0,161.0,130.0,92.0,89.0,0.0,0.0,0.0,871.0,17,097,863004,3,170978630043
28.0,163.0,0.0,56.0,138.0,110.0,14.0,21.0,0.0,24.0,78.0,28.0,78.0,0.0,0.0,0.0,738.0,17,097,863100,1,170978631001
213.0,241.0,105.0,161.0,127.0,263.0,179.0,235.0,117.0,210.0,111.0,105.0,27.0,0.5611569713559267,0.0,0.0,2094.561156971356,17,097,863100,2,170978631002
127.0,90.0,186.0,49.0,59.0,108.0,40.0,74.0,12.0,80.0,71.0,111.0,40.0,0.0,0.0,0.0,1047.0,17,097,863201,1,170978632011
114.0,149.0,14.0,31.0,54.0,68.0,66.0,22.0,11.0,8.0,25.0,203.0,100.0,0.0,0.0,0.0,865.0,17,097,863201,2,170978632012
0.0,7.0,158.0,99.0,29.0,150.0,139.0,169.0,29.0,106.0,331.0,132.0,161.0,0.5917655334298864,0.0,0.0,1510.59176553343,17,097,863201,3,170978632013
75.0,0.0,27.0,124.0,48.0,36.0,45.0,60.0,21.0,24.0,172.0,151.0,139.0,1.295762461130958,0.0,0.0,923.295762461131,17,097,863202,1,170978632021
14.0,16.0,37.0,0.0,23.0,0.0,0.0,39.0,39.0,100.0,46.0,124.0,93.0,0.7346054897750313,0.0,0.0,531.734605489775,17,097,863202,2,170978632022
0.0,133.0,33.0,19.0,50.0,0.0,0.0,44.0,41.0,100.0,25.0,175.0,155.0,1.724282330166393,0.0,0.0,776.7242823301664,17,097,863202,3,170978632023
175.0,24.0,0.0,0.0,177.0,22.0,0.0,32.0,0.0,0.0,88.0,222.0,79.0,0.19385422646841105,0.0,0.0,819.1938542264684,17,097,863202,4,170978632024
95.0,59.0,16.0,33.0,0.0,0.0,36.0,14.0,0.0,59.0,47.0,129.0,33.0,0.6835912196517653,0.0,0.0,521.6835912196518,17,097,863300,1,170978633001
54.0,0.0,21.0,0.0,0.0,0.0,0.0,0.0,0.0,13.0,0.0,63.0,57.0,0.3060856207395964,0.0,0.0,208.3060856207396,17,097,863300,2,170978633002
11.0,19.0,0.0,0.0,58.0,44.0,25.0,13.0,0.0,36.0,64.0,41.0,139.0,0.7652140518489909,0.0,0.0,450.765214051849,17,097,863300,3,170978633003
24.0,0.0,0.0,0.0,49.0,17.0,46.0,0.0,0.0,0.0,12.0,81.0,56.0,0.22446278854237067,0.0,0.0,285.2244627885424,17,097,863400,1,170978634001
129.0,0.0,0.0,0.0,90.0,0.0,0.0,73.0,0.0,59.0,31.0,222.0,101.0,2.071179367004602,0.0,0.0,707.0711793670046,17,097,863400,2,170978634002
82.0,0.0,0.0,32.0,29.0,0.0,0.0,0.0,0.0,208.0,76.0,58.0,102.0,0.6529826575778056,0.0,0.0,587.6529826575778,17,097,863400,3,170978634003
39.0,29.0,70.0,17.0,31.0,74.0,23.0,87.0,68.0,62.0,68.0,76.0,157.0,0.5101427012326606,0.0,0.0,801.5101427012327,17,097,863500,1,170978635001
35.0,35.0,29.0,0.0,0.0,0.0,0.0,0.0,0.0,0.0,0.0,151.0,127.0,1.1427196507611599,0.0,0.0,378.14271965076114,17,097,863500,2,170978635002
47.0,0.0,51.0,66.0,18.0,0.0,18.0,18.0,0.0,82.0,146.0,129.0,219.0,1.826310870412925,0.0,0.0,795.826310870413,17,097,863500,3,170978635003
13.0,13.0,0.0,13.0,0.0,13.0,0.0,0.0,0.0,82.0,130.0,113.0,250.0,2.407873549818158,0.0,0.0,629.4078735498182,17,097,863601,1,170978636011
18.0,18.0,0.0,26.0,0.0,26.0,62.0,0.0,44.0,39.0,67.0,158.0,72.0,0.44892557708474135,0.0,0.0,530.4489255770848,17,097,863601,2,170978636012
22.0,0.0,16.0,38.0,99.0,46.0,0.0,107.0,22.0,22.0,148.0,156.0,162.0,1.3161681691802645,0.0,0.0,839.3161681691803,17,097,863603,1,170978636031
0.0,0.0,0.0,0.0,0.0,0.0,0.0,0.0,0.0,0.0,74.0,116.0,17.0,2.887407688976859,0.0,0.0,209.88740768897685,17,097,863603,2,170978636032
31.0,26.0,21.0,39.0,18.0,44.0,55.0,34.0,58.0,36.0,113.0,187.0,50.0,1.9079337026101508,0.0,0.0,713.9079337026102,17,097,863604,1,170978636041
29.0,0.0,0.0,53.0,0.0,77.0,32.0,0.0,114.0,98.0,210.0,58.0,122.0,1.061096818563934,0.0,0.0,794.0610968185639,17,097,863604,2,170978636042
75.0,0.0,75.0,19.0,27.0,0.0,128.0,0.0,69.0,25.0,172.0,117.0,253.0,0.816228321972257,0.0,0.0,960.8162283219723,17,097,863701,1,170978637011
31.0,31.0,0.0,0.0,14.0,21.0,60.0,17.0,38.0,34.0,106.0,264.0,72.0,1.3875881473528369,0.0,0.0,689.3875881473529,17,097,863701,2,170978637012
191.0,106.0,0.0,14.0,65.0,57.0,44.0,28.0,67.0,38.0,46.0,310.0,81.0,0.6835912196517653,0.0,0.0,1047.6835912196518,17,097,863701,3,170978637013
19.0,36.0,0.0,144.0,43.0,73.0,77.0,39.0,126.0,383.0,178.0,257.0,86.0,0.8060254679476038,0.0,0.0,1461.8060254679476,17,097,863702,1,170978637021
16.0,26.0,0.0,13.0,39.0,0.0,46.0,29.0,29.0,33.0,72.0,211.0,115.0,1.581442373821248,0.0,0.0,630.5814423738212,17,097,863702,2,170978637022
107.0,44.0,104.0,36.0,57.0,62.0,57.0,29.0,21.0,151.0,199.0,184.0,177.0,0.8060254679476038,0.0,0.0,1228.8060254679476,17,097,863801,1,170978638011
0.0,0.0,16.0,21.0,51.0,97.0,0.0,24.0,89.0,187.0,190.0,359.0,282.0,1.7140794761417397,0.0,0.0,1317.7140794761417,17,097,863801,2,170978638012
122.0,33.0,59.0,137.0,137.0,90.0,71.0,27.0,59.0,92.0,413.0,181.0,225.0,2.877204834952206,0.0,0.0,1648.8772048349522,17,097,863902,1,170978639021
0.0,0.0,0.0,24.0,0.0,0.0,0.0,165.0,27.0,120.0,59.0,231.0,181.0,0.0,0.0,0.0,807.0,17,097,863902,2,170978639022
0.0,35.0,73.0,29.0,0.0,44.0,70.0,0.0,365.0,118.0,188.0,109.0,115.0,1.1733282128351195,0.0,0.0,1147.173328212835,17,097,863902,3,170978639023
0.0,49.0,90.0,45.0,66.0,117.0,119.0,136.0,124.0,40.0,158.0,110.0,37.0,0.27547705866563676,0.0,0.0,1091.2754770586657,17,097,863902,4,170978639024
20.0,0.0,0.0,22.0,0.0,20.0,140.0,0.0,0.0,212.0,70.0,92.0,50.0,1.1937339208844258,0.0,0.0,627.1937339208844,17,097,863903,1,170978639031
27.0,0.0,0.0,47.0,117.0,19.0,72.0,47.0,30.0,47.0,131.0,159.0,78.0,1.3875881473528369,0.0,0.0,775.3875881473529,17,097,863903,2,170978639032
66.0,19.0,22.0,22.0,0.0,115.0,19.0,66.0,19.0,102.0,164.0,51.0,68.0,0.3979113069614753,0.0,0.0,733.3979113069614,17,097,863903,3,170978639033
0.0,0.0,0.0,0.0,0.0,0.0,32.0,0.0,0.0,0.0,64.0,85.0,424.0,1.050893964539281,0.0,0.0,606.0508939645392,17,097,863903,4,170978639034
27.0,0.0,68.0,0.0,17.0,20.0,0.0,68.0,0.0,34.0,102.0,343.0,445.0,5.978872458446783,0.0,0.0,1129.9788724584469,17,097,863904,1,170978639041
21.0,0.0,18.0,21.0,144.0,0.0,0.0,21.0,18.0,69.0,123.0,147.0,160.0,2.0201650968813363,0.0,0.0,744.0201650968813,17,097,863904,2,170978639042
0.0,0.0,39.0,0.0,93.0,54.0,54.0,0.0,108.0,181.0,66.0,377.0,120.0,1.9997593888320297,0.0,0.0,1093.999759388832,17,097,864001,1,170978640011
0.0,0.0,135.0,191.0,122.0,92.0,129.0,251.0,0.0,350.0,311.0,347.0,155.0,1.6120509358952075,0.0,0.0,2084.6120509358952,17,097,864001,2,170978640012
95.0,38.0,193.0,84.0,32.0,29.0,144.0,160.0,155.0,54.0,190.0,133.0,144.0,2.969030521174085,0.0,0.0,1453.969030521174,17,097,864001,3,170978640013
85.0,70.0,0.0,110.0,0.0,39.0,144.0,0.0,24.0,233.0,193.0,85.0,15.0,0.18365137244375782,0.0,0.0,998.1836513724437,17,097,864002,1,170978640021
99.0,75.0,115.0,138.0,49.0,115.0,62.0,33.0,36.0,168.0,244.0,425.0,151.0,0.0,0.0,0.0,1710.0,17,097,864002,2,170978640022
29.0,24.0,176.0,151.0,51.0,0.0,119.0,149.0,216.0,113.0,94.0,178.0,108.0,1.4590081255254095,0.0,0.0,1409.4590081255253,17,097,864002,3,170978640023
63.0,265.0,92.0,36.0,0.0,73.0,19.0,179.0,112.0,109.0,182.0,302.0,92.0,1.5202252496733286,0.0,0.0,1525.5202252496733,17,097,864002,4,170978640024
191.0,89.0,118.0,141.0,239.0,164.0,89.0,218.0,372.0,118.0,374.0,303.0,135.0,2.2650335934730133,0.0,0.0,2553.265033593473,17,097,864101,1,170978641011
0.0,0.0,116.0,281.0,0.0,380.0,202.0,82.0,37.0,397.0,483.0,1512.0,668.0,7.519503416169417,0.0,0.0,4165.51950341617,17,097,864101,2,170978641012
0.0,0.0,51.0,0.0,0.0,67.0,59.0,0.0,32.0,99.0,207.0,35.0,97.0,1.2345453369830388,0.0,0.0,648.234545336983,17,097,864101,3,170978641013
0.0,93.0,93.0,33.0,44.0,145.0,157.0,0.0,28.0,347.0,315.0,582.0,331.0,4.703515705365131,0.0,0.0,2172.703515705365,17,097,864105,1,170978641051
0.0,0.0,41.0,0.0,0.0,0.0,83.0,164.0,61.0,38.0,209.0,329.0,293.0,3.846475967294261,0.0,0.0,1221.8464759672943,17,097,864105,2,170978641052
28.0,0.0,0.0,50.0,66.0,56.0,0.0,53.0,0.0,28.0,78.0,179.0,157.0,0.7346054897750313,0.0,0.0,695.734605489775,17,097,864106,1,170978641061
24.0,0.0,0.0,39.0,24.0,49.0,19.0,0.0,56.0,0.0,58.0,93.0,58.0,0.9182568622187891,0.0,0.0,420.9182568622188,17,097,864106,2,170978641062
62.0,0.0,39.0,23.0,62.0,33.0,75.0,207.0,26.0,102.0,214.0,270.0,148.0,1.8467165784622315,0.0,0.0,1262.8467165784623,17,097,864106,3,170978641063
29.0,0.0,48.0,0.0,0.0,24.0,0.0,24.0,48.0,50.0,168.0,74.0,165.0,0.5407512633066203,0.0,0.0,630.5407512633067,17,097,864106,4,170978641064
0.0,17.0,51.0,79.0,161.0,102.0,28.0,74.0,23.0,335.0,207.0,209.0,358.0,2.346656425670239,0.0,0.0,1646.3466564256703,17,097,864107,1,170978641071
170.0,0.0,119.0,142.0,23.0,17.0,0.0,248.0,20.0,132.0,231.0,272.0,102.0,3.0812619154452703,0.0,0.0,1479.0812619154453,17,097,864107,2,170978641072
0.0,0.0,48.0,63.0,173.0,33.0,200.0,21.0,45.0,155.0,331.0,489.0,398.0,3.346536120086254,0.0,0.0,1959.3465361200863,17,097,864108,1,170978641081
21.0,99.0,111.0,48.0,102.0,51.0,108.0,93.0,15.0,135.0,147.0,255.0,207.0,2.203816469325094,0.0,0.0,1394.2038164693251,17,097,864108,2,170978641082
25.0,0.0,54.0,108.0,22.0,0.0,159.0,86.0,82.0,63.0,63.0,92.0,22.0,2.601727776286569,0.0,0.0,778.6017277762866,17,097,864108,3,170978641083
83.0,135.0,25.0,46.0,66.0,57.0,195.0,0.0,23.0,126.0,296.0,288.0,178.0,0.908054008194136,0.0,0.0,1518.908054008194,17,097,864203,1,170978642031
86.0,45.0,68.0,22.0,54.0,22.0,132.0,111.0,117.0,235.0,361.0,522.0,318.0,2.0201650968813363,0.0,0.0,2095.0201650968816,17,097,864203,2,170978642032
38.0,0.0,116.0,239.0,185.0,20.0,180.0,0.0,170.0,126.0,113.0,322.0,36.0,0.6223740955038459,0.0,0.0,1545.6223740955038,17,097,864204,1,170978642041
271.0,83.0,26.0,122.0,26.0,44.0,8.0,29.0,23.0,92.0,119.0,226.0,107.0,1.2753567530816516,0.0,0.0,1177.2753567530817,17,097,864204,2,170978642042
44.0,0.0,39.0,0.0,22.0,22.0,19.0,53.0,0.0,106.0,131.0,186.0,159.0,1.9895565348073765,0.0,0.0,782.9895565348073,17,097,864204,3,170978642043
261.0,33.0,45.0,90.0,102.0,186.0,183.0,60.0,147.0,180.0,705.0,831.0,870.0,5.87684391820025,0.0,0.0,3698.8768439182004,17,097,864205,1,170978642051
113.0,29.0,0.0,50.0,29.0,155.0,71.0,109.0,23.0,107.0,178.0,275.0,182.0,0.6427798035531523,0.0,0.0,1321.6427798035531,17,097,864205,2,170978642052
177.0,30.0,80.0,0.0,99.0,0.0,94.0,44.0,144.0,177.0,268.0,360.0,213.0,1.775296600289659,0.0,0.0,1687.7752966002897,17,097,864205,3,170978642053
169.0,63.0,103.0,17.0,361.0,111.0,154.0,164.0,73.0,204.0,290.0,308.0,351.0,0.8978511541694827,0.0,0.0,2368.8978511541695,17,097,864206,1,170978642061
0.0,90.0,125.0,74.0,33.0,17.0,125.0,48.0,19.0,114.0,96.0,176.0,50.0,0.13263710232049175,0.0,0.0,967.1326371023205,17,097,864206,2,170978642062
9.0,0.0,0.0,6.0,0.0,48.0,18.0,30.0,54.0,45.0,94.0,158.0,173.0,0.9284597162434424,0.0,0.0,635.9284597162434,17,097,864303,1,170978643031
21.0,0.0,34.0,26.0,8.0,0.0,93.0,0.0,0.0,139.0,83.0,192.0,142.0,0.5917655334298864,0.0,0.0,738.5917655334299,17,097,864303,2,170978643032
109.0,0.0,30.0,0.0,0.0,0.0,0.0,24.0,67.0,173.0,164.0,280.0,48.0,2.4894963820153837,0.0,0.0,897.4894963820154,17,097,864303,3,170978643033
15.0,43.0,47.0,84.0,100.0,20.0,61.0,127.0,175.0,68.0,232.0,191.0,262.0,1.6222537899198608,0.0,0.0,1426.6222537899198,17,097,864305,1,170978643051
57.0,80.0,87.0,57.0,76.0,50.0,63.0,43.0,69.0,127.0,102.0,222.0,155.0,0.9692711323420552,0.0,0.0,1188.969271132342,17,097,864305,2,170978643052
33.0,48.0,15.0,15.0,21.0,27.0,24.0,15.0,0.0,15.0,94.0,125.0,122.0,1.5508338117472884,0.0,0.0,555.5508338117473,17,097,864306,1,170978643061
28.0,0.0,0.0,0.0,31.0,26.0,63.0,8.0,0.0,49.0,40.0,26.0,115.0,1.877325140536191,0.0,0.0,387.8773251405362,17,097,864306,2,170978643062
61.0,133.0,95.0,9.0,47.0,80.0,59.0,0.0,95.0,99.0,78.0,276.0,52.0,1.4488052715007562,0.0,0.0,1085.4488052715008,17,097,864307,1,170978643071
0.0,24.0,21.0,86.0,0.0,18.0,24.0,24.0,45.0,64.0,135.0,167.0,180.0,1.0406911105146277,0.0,0.0,789.0406911105147,17,097,864308,1,170978643081
45.0,22.0,53.0,25.0,25.0,39.0,56.0,48.0,0.0,200.0,59.0,121.0,76.0,0.28567991269028997,0.0,0.0,769.2856799126903,17,097,864308,2,170978643082
16.0,38.0,114.0,24.0,117.0,19.0,16.0,30.0,0.0,35.0,120.0,259.0,65.0,0.8876483001448295,0.0,0.0,853.8876483001449,17,097,864308,3,170978643083
48.0,0.0,266.0,0.0,39.0,45.0,0.0,0.0,48.0,211.0,48.0,45.0,459.0,2.9894362292233914,0.0,0.0,1211.9894362292234,17,097,864402,1,170978644021
37.0,42.0,0.0,45.0,82.0,177.0,0.0,45.0,91.0,220.0,223.0,163.0,108.0,3.4383618063081327,0.0,0.0,1236.4383618063082,17,097,864402,2,170978644022
0.0,0.0,44.0,50.0,0.0,41.0,47.0,0.0,248.0,44.0,23.0,145.0,275.0,1.9283394106594571,0.0,0.0,918.9283394106594,17,097,864402,3,170978644023
18.0,0.0,0.0,0.0,36.0,0.0,81.0,0.0,42.0,0.0,120.0,172.0,63.0,0.2448684965916771,0.0,0.0,532.2448684965917,17,097,864403,1,170978644031
115.0,0.0,36.0,15.0,57.0,0.0,0.0,48.0,0.0,64.0,21.0,247.0,234.0,1.9895565348073765,0.0,0.0,838.9895565348073,17,097,864403,2,170978644032
12.0,0.0,45.0,0.0,48.0,27.0,0.0,0.0,0.0,66.0,66.0,72.0,144.0,0.21425993451771747,0.0,0.0,480.2142599345177,17,097,864403,3,170978644033
34.0,0.0,0.0,23.0,30.0,81.0,64.0,0.0,0.0,146.0,54.0,251.0,595.0,2.5303077981139968,0.0,0.0,1280.530307798114,17,097,864407,1,170978644071
60.0,0.0,40.0,29.0,14.0,0.0,0.0,43.0,75.0,139.0,81.0,400.0,127.0,4.672907143291171,0.0,0.0,1012.6729071432911,17,097,864407,2,170978644072
23.0,0.0,0.0,0.0,46.0,48.0,0.0,106.0,40.0,92.0,339.0,138.0,282.0,1.9589479727334167,0.0,0.0,1115.9589479727333,17,097,864408,1,170978644081
98.0,54.0,49.0,52.0,124.0,75.0,0.0,43.0,49.0,156.0,262.0,277.0,511.0,0.6121712414791928,0.0,0.0,1750.6121712414792,17,097,864408,2,170978644082
39.0,26.0,62.0,179.0,44.0,0.0,75.0,150.0,59.0,88.0,176.0,101.0,221.0,0.9284597162434424,0.0,0.0,1220.9284597162434,17,097,864408,3,170978644083
0.0,0.0,0.0,28.0,32.0,22.0,32.0,61.0,0.0,0.0,96.0,215.0,283.0,1.5100223956486754,0.0,0.0,770.5100223956487,17,097,864409,1,170978644091
126.0,89.0,99.0,102.0,94.0,124.0,64.0,87.0,19.0,191.0,221.0,261.0,184.0,1.2651538990569984,0.0,0.0,1662.265153899057,17,097,864409,2,170978644092
0.0,29.0,0.0,32.0,0.0,146.0,0.0,0.0,0.0,68.0,58.0,149.0,179.0,1.3569795852788773,0.0,0.0,662.3569795852789,17,097,864409,3,170978644093
0.0,0.0,105.0,36.0,24.0,0.0,0.0,0.0,84.0,75.0,57.0,270.0,370.0,3.3771446821602136,0.0,0.0,1024.3771446821602,17,097,864410,1,170978644101
98.0,0.0,0.0,88.0,0.0,49.0,0.0,0.0,52.0,62.0,0.0,362.0,353.0,2.4588878199414244,0.0,0.0,1066.4588878199415,17,097,864410,2,170978644102
0.0,0.0,0.0,0.0,0.0,0.0,20.0,17.0,17.0,17.0,28.0,14.0,17.0,1.3161681691802645,0.0,0.0,131.31616816918026,17,097,864410,3,170978644103
33.0,0.0,0.0,0.0,18.0,0.0,75.0,36.0,33.0,15.0,0.0,266.0,190.0,0.0,0.0,0.0,666.0,17,097,864411,1,170978644111
0.0,0.0,50.0,0.0,0.0,31.0,38.0,0.0,0.0,98.0,9.0,346.0,228.0,2.591524922261916,0.0,0.0,802.5915249222619,17,097,864411,2,170978644112
29.0,11.0,0.0,14.0,11.0,26.0,0.0,0.0,0.0,71.0,62.0,119.0,80.0,4.203575858157124,0.0,0.0,427.20357585815714,17,097,864411,3,170978644113
14.0,0.0,56.0,77.0,0.0,0.0,26.0,29.0,68.0,44.0,101.0,250.0,309.0,1.724282330166393,0.0,0.0,975.7242823301664,17,097,864412,1,170978644121
18.0,0.0,40.0,24.0,27.0,115.0,34.0,52.0,96.0,105.0,183.0,366.0,279.0,2.407873549818158,0.0,0.0,1341.407873549818,17,097,864412,2,170978644122
0.0,0.0,0.0,0.0,42.0,0.0,0.0,0.0,0.0,0.0,0.0,260.0,224.0,1.1121110886872,0.0,0.0,527.1121110886872,17,097,864505,1,170978645051
41.0,38.0,41.0,47.0,104.0,0.0,116.0,0.0,92.0,169.0,140.0,441.0,80.0,2.152802199201828,0.0,0.0,1311.152802199202,17,097,864505,2,170978645052
165.0,30.0,86.0,72.0,62.0,88.0,34.0,117.0,32.0,199.0,62.0,535.0,408.0,0.673388365627112,0.0,0.0,1890.673388365627,17,097,864505,3,170978645053
77.0,0.0,37.0,0.0,28.0,77.0,0.0,0.0,93.0,186.0,142.0,244.0,128.0,1.101908234662547,0.0,0.0,1013.1019082346626,17,097,864505,4,170978645054
0.0,14.0,42.0,94.0,73.0,108.0,73.0,66.0,14.0,193.0,224.0,403.0,179.0,1.9181365566348039,0.0,0.0,1484.9181365566349,17,097,864510,1,170978645101
25.0,0.0,103.0,238.0,74.0,132.0,132.0,51.0,111.0,281.0,304.0,456.0,361.0,1.9589479727334167,0.0,0.0,2269.9589479727333,17,097,864510,2,170978645102
0.0,0.0,0.0,0.0,0.0,0.0,152.0,0.0,0.0,0.0,0.0,0.0,162.0,0.6325769495284992,0.0,0.0,314.6325769495285,17,097,864511,1,170978645111
97.0,197.0,89.0,194.0,205.0,28.0,381.0,134.0,0.0,107.0,234.0,165.0,223.0,1.3059653151556112,0.0,0.0,2055.3059653151554,17,097,864511,2,170978645112
3.0,0.0,3.0,7.0,0.0,3.0,43.0,153.0,7.0,76.0,0.0,87.0,65.0,1.1121110886872,0.0,0.0,448.1121110886872,17,097,864511,3,170978645113
0.0,37.0,0.0,18.0,31.0,53.0,3.0,0.0,6.0,12.0,123.0,328.0,218.0,2.4792935279907304,0.0,0.0,831.4792935279908,17,097,864511,4,170978645114
101.0,23.0,0.0,105.0,0.0,52.0,23.0,0.0,55.0,36.0,19.0,177.0,236.0,1.4079938554021434,0.0,0.0,828.4079938554022,17,097,864512,1,170978645121
88.0,43.0,22.0,0.0,71.0,223.0,22.0,143.0,20.0,28.0,134.0,238.0,152.0,1.6630652060184736,0.0,0.0,1185.6630652060185,17,097,864512,2,170978645122
0.0,0.0,30.0,0.0,46.0,92.0,0.0,0.0,0.0,0.0,0.0,98.0,199.0,1.5304281036979819,0.0,0.0,466.530428103698,17,097,864513,1,170978645131
21.0,54.0,30.0,76.0,30.0,0.0,32.0,21.0,0.0,24.0,95.0,219.0,178.0,1.8977308485854976,0.0,0.0,781.8977308485855,17,097,864513,2,170978645132
0.0,0.0,0.0,0.0,0.0,0.0,30.0,40.0,0.0,77.0,86.0,188.0,157.0,1.3161681691802645,0.0,0.0,579.3161681691803,17,097,864513,3,170978645133
0.0,0.0,0.0,0.0,0.0,32.0,0.0,29.0,65.0,58.0,97.0,120.0,273.0,1.7854994543143121,0.0,0.0,675.7854994543143,17,097,864513,4,170978645134
54.0,19.0,0.0,8.0,19.0,84.0,180.0,46.0,0.0,65.0,292.0,363.0,259.0,3.448564660332786,0.0,0.0,1392.4485646603327,17,097,864514,1,170978645141
0.0,0.0,18.0,45.0,0.0,0.0,0.0,12.0,15.0,94.0,70.0,155.0,100.0,2.356859279694892,0.0,0.0,511.3568592796949,17,097,864515,1,170978645151
0.0,29.0,0.0,39.0,29.0,0.0,0.0,15.0,15.0,0.0,124.0,221.0,168.0,1.7446880382156993,0.0,0.0,641.7446880382157,17,097,864515,2,170978645152
30.0,0.0,0.0,44.0,19.0,0.0,0.0,94.0,55.0,0.0,0.0,119.0,248.0,1.1325167967365066,0.0,0.0,610.1325167967365,17,097,864516,1,170978645161
0.0,0.0,0.0,41.0,38.0,0.0,43.0,114.0,84.0,17.0,137.0,117.0,199.0,1.0712996725885873,0.0,0.0,791.0712996725886,17,097,864516,2,170978645162
76.0,20.0,29.0,92.0,72.0,65.0,13.0,29.0,36.0,191.0,229.0,157.0,238.0,1.1937339208844258,0.0,0.0,1248.1937339208844,17,097,864516,3,170978645163
0.0,0.0,30.0,0.0,43.0,0.0,70.0,84.0,0.0,73.0,225.0,87.0,171.0,2.979233375198738,0.0,0.0,785.9792333751988,17,097,864517,1,170978645171
107.0,21.0,0.0,24.0,0.0,39.0,0.0,21.0,0.0,85.0,52.0,102.0,297.0,0.6223740955038459,0.0,0.0,748.6223740955038,17,097,864517,2,170978645172
35.0,11.0,19.0,16.0,0.0,76.0,19.0,21.0,16.0,164.0,229.0,83.0,107.0,1.5100223956486754,0.0,0.0,797.5100223956487,17,097,864518,1,170978645181
37.0,31.0,40.0,0.0,0.0,40.0,66.0,129.0,20.0,86.0,132.0,249.0,344.0,1.867122286511538,0.0,0.0,1175.8671222865116,17,097,864518,2,170978645182
0.0,0.0,0.0,0.0,35.0,29.0,0.0,87.0,51.0,32.0,29.0,97.0,132.0,1.0815025266132405,0.0,0.0,493.08150252661324,17,097,864518,3,170978645183
0.0,0.0,0.0,0.0,83.0,0.0,0.0,0.0,36.0,93.0,70.0,383.0,195.0,0.8468368840462166,0.0,0.0,860.8468368840462,17,097,864518,4,170978645184
96.0,54.0,36.0,0.0,36.0,82.0,0.0,61.0,146.0,235.0,77.0,352.0,210.0,3.4281589522834794,0.0,0.0,1388.4281589522834,17,097,864519,1,170978645191
67.0,50.0,0.0,81.0,19.0,19.0,87.0,87.0,56.0,126.0,177.0,320.0,233.0,3.8668816753435675,0.0,0.0,1325.8668816753436,17,097,864519,2,170978645192
52.0,0.0,33.0,0.0,0.0,64.0,37.0,37.0,0.0,111.0,290.0,225.0,173.0,2.3262507176209324,0.0,0.0,1024.326250717621,17,097,864520,1,170978645201
57.0,0.0,0.0,25.0,0.0,31.0,22.0,104.0,50.0,47.0,117.0,44.0,124.0,1.3263710232049177,0.0,0.0,622.326371023205,17,097,864520,2,170978645202
0.0,0.0,63.0,28.0,0.0,22.0,54.0,0.0,57.0,97.0,157.0,186.0,255.0,1.7548908922403526,0.0,0.0,920.7548908922404,17,097,864520,3,170978645203
26.0,53.0,102.0,91.0,105.0,161.0,98.0,85.0,91.0,268.0,134.0,377.0,46.0,0.7244026357503781,0.0,0.0,1637.7244026357503,17,097,864521,1,170978645211
26.0,0.0,0.0,0.0,46.0,14.0,17.0,69.0,58.0,72.0,84.0,179.0,171.0,1.1223139427118534,0.0,0.0,737.1223139427118,17,097,864522,1,170978645221
30.0,19.0,0.0,0.0,8.0,0.0,0.0,0.0,22.0,68.0,52.0,8.0,239.0,0.7856197598982974,0.0,0.0,446.7856197598983,17,097,864522,2,170978645222
33.0,27.0,0.0,24.0,0.0,75.0,27.0,45.0,24.0,93.0,121.0,15.0,236.0,0.4897369931833542,0.0,0.0,720.4897369931833,17,097,864522,3,170978645223
19.0,0.0,22.0,0.0,0.0,0.0,0.0,0.0,32.0,28.0,22.0,122.0,109.0,1.2447481910076919,0.0,0.0,355.2447481910077,17,097,864601,1,170978646011
19.0,19.0,74.0,42.0,19.0,28.0,25.0,0.0,25.0,71.0,51.0,296.0,142.0,1.96915082675807,0.0,0.0,812.9691508267581,17,097,864601,2,170978646012
0.0,31.0,57.0,54.0,0.0,0.0,0.0,73.0,25.0,57.0,92.0,133.0,149.0,0.9386625702680955,0.0,0.0,671.9386625702681,17,097,864602,1,170978646021
0.0,24.0,139.0,91.0,26.0,0.0,0.0,0.0,21.0,75.0,53.0,125.0,109.0,0.4897369931833542,0.0,0.0,663.4897369931833,17,097,864602,2,170978646022
0.0,0.0,0.0,0.0,26.0,26.0,26.0,19.0,0.0,32.0,58.0,0.0,42.0,0.7550111978243377,0.0,0.0,229.75501119782433,17,097,864700,1,170978647001
0.0,23.0,0.0,0.0,0.0,0.0,0.0,18.0,23.0,0.0,23.0,117.0,47.0,1.5916452278459012,0.0,0.0,252.5916452278459,17,097,864700,2,170978647002
0.0,7.0,43.0,64.0,0.0,0.0,19.0,36.0,91.0,16.0,24.0,103.0,153.0,0.6325769495284992,0.0,0.0,556.6325769495285,17,097,864700,3,170978647003
63.0,8.0,11.0,40.0,14.0,29.0,37.0,46.0,20.0,58.0,55.0,63.0,58.0,0.8264311759969102,0.0,0.0,502.8264311759969,17,097,864801,1,170978648011
0.0,0.0,0.0,0.0,0.0,0.0,0.0,70.0,35.0,35.0,78.0,317.0,152.0,1.2753567530816516,0.0,0.0,688.2753567530816,17,097,864801,2,170978648012
0.0,22.0,25.0,0.0,48.0,25.0,60.0,28.0,25.0,97.0,86.0,94.0,97.0,1.2855596071063047,0.0,0.0,608.2855596071063,17,097,864801,3,170978648013
0.0,0.0,0.0,25.0,0.0,0.0,50.0,0.0,34.0,60.0,104.0,152.0,129.0,0.867242592095523,0.0,0.0,554.8672425920955,17,097,864801,4,170978648014
37.0,32.0,0.0,32.0,43.0,11.0,84.0,0.0,14.0,93.0,204.0,122.0,175.0,2.642539192385182,0.0,0.0,849.6425391923851,17,097,864802,1,170978648021
44.0,71.0,0.0,0.0,88.0,29.0,0.0,74.0,47.0,109.0,76.0,281.0,245.0,1.2651538990569984,0.0,0.0,1065.265153899057,17,097,864901,1,170978649011
0.0,25.0,25.0,48.0,65.0,22.0,86.0,63.0,0.0,40.0,78.0,187.0,63.0,1.3875881473528369,0.0,0.0,703.3875881473529,17,097,864901,2,170978649012
0.0,26.0,103.0,23.0,26.0,50.0,23.0,0.0,0.0,82.0,139.0,210.0,266.0,1.5916452278459012,0.0,0.0,949.5916452278459,17,097,864903,1,170978649031
0.0,0.0,0.0,22.0,20.0,0.0,0.0,25.0,0.0,57.0,22.0,77.0,111.0,1.6936737680924332,0.0,0.0,335.6936737680924,17,097,864903,2,170978649032
37.0,21.0,44.0,0.0,42.0,47.0,0.0,105.0,70.0,39.0,86.0,58.0,148.0,0.9998796944160149,0.0,0.0,697.999879694416,17,097,864903,3,170978649033
13.0,125.0,72.0,91.0,29.0,88.0,22.0,125.0,116.0,150.0,164.0,373.0,223.0,1.9487451187087637,0.0,0.0,1592.9487451187088,17,097,864904,1,170978649041
29.0,0.0,0.0,0.0,10.0,40.0,0.0,54.0,0.0,54.0,156.0,129.0,145.0,0.3570998908628624,0.0,0.0,617.3570998908629,17,097,865000,1,170978650001
32.0,94.0,52.0,117.0,32.0,0.0,32.0,0.0,35.0,71.0,189.0,127.0,251.0,0.0,0.0,0.0,1032.0,17,097,865200,1,170978652001
185.0,0.0,0.0,47.0,0.0,109.0,342.0,59.0,25.0,216.0,100.0,109.0,0.0,0.2550713506163303,0.0,0.0,1192.2550713506164,17,097,865200,2,170978652002
122.0,41.0,66.0,0.0,147.0,0.0,22.0,90.0,0.0,83.0,98.0,382.0,29.0,1.7650937462650058,0.0,0.0,1081.765093746265,17,097,865200,3,170978652003
150.0,0.0,101.0,132.0,63.0,92.0,312.0,18.0,18.0,290.0,159.0,114.0,90.0,1.050893964539281,0.0,0.0,1540.0508939645392,17,097,865200,4,170978652004
29.0,29.0,26.0,26.0,40.0,40.0,64.0,0.0,21.0,88.0,53.0,109.0,318.0,1.1121110886872,0.0,0.0,844.1121110886872,17,097,865300,1,170978653001
0.0,20.0,20.0,0.0,0.0,0.0,20.0,0.0,0.0,25.0,79.0,45.0,48.0,1.061096818563934,0.0,0.0,258.06109681856395,17,097,865300,2,170978653002
22.0,0.0,0.0,82.0,25.0,0.0,28.0,0.0,0.0,0.0,0.0,20.0,200.0,0.8978511541694827,0.0,0.0,377.8978511541695,17,097,865300,3,170978653003
48.0,0.0,0.0,140.0,82.0,31.0,68.0,45.0,45.0,42.0,62.0,140.0,180.0,0.4897369931833542,0.0,0.0,883.4897369931833,17,097,865400,1,170978654001
88.0,90.0,15.0,15.0,0.0,17.0,92.0,61.0,10.0,32.0,109.0,58.0,70.0,0.3060856207395964,0.0,0.0,657.3060856207396,17,097,865400,2,170978654002
17.0,72.0,52.0,184.0,81.0,48.0,68.0,33.0,74.0,74.0,288.0,387.0,213.0,1.1835310668597727,0.0,0.0,1592.1835310668598,17,097,865400,3,170978654003
21.0,47.0,29.0,13.0,13.0,13.0,52.0,50.0,0.0,39.0,129.0,142.0,100.0,1.203936774909079,0.0,0.0,649.203936774909,17,097,865501,1,170978655011
41.0,41.0,30.0,24.0,0.0,30.0,0.0,66.0,0.0,24.0,69.0,138.0,216.0,0.9794739863667083,0.0,0.0,679.9794739863667,17,097,865501,2,170978655012
67.0,8.0,84.0,69.0,27.0,110.0,27.0,103.0,23.0,55.0,36.0,103.0,89.0,0.7754169058736442,0.0,0.0,801.7754169058736,17,097,865502,1,170978655021
0.0,12.0,15.0,9.0,0.0,12.0,9.0,69.0,81.0,15.0,141.0,75.0,132.0,0.6121712414791928,0.0,0.0,570.6121712414792,17,097,865502,2,170978655022
0.0,0.0,0.0,0.0,0.0,0.0,0.0,20.0,0.0,67.0,32.0,0.0,0.0,1.6630652060184736,0.0,0.0,120.66306520601847,17,097,865600,1,170978656001
0.0,0.0,0.0,21.0,0.0,0.0,21.0,0.0,46.0,0.0,18.0,0.0,21.0,0.18365137244375782,0.0,0.0,127.18365137244376,17,097,865600,2,170978656002
52.0,24.0,24.0,0.0,0.0,57.0,0.0,93.0,0.0,0.0,24.0,40.0,43.0,0.8774454461201763,0.0,0.0,357.8774454461202,17,097,865600,3,170978656003
23.0,0.0,0.0,112.0,28.0,26.0,0.0,0.0,26.0,69.0,54.0,37.0,34.0,1.4079938554021434,0.0,0.0,410.40799385540214,17,097,865600,4,170978656004
35.0,67.0,37.0,147.0,0.0,44.0,0.0,67.0,32.0,28.0,107.0,194.0,91.0,0.37750559891216884,0.0,0.0,849.3775055989122,17,097,865700,1,170978657001
55.0,0.0,0.0,0.0,48.0,149.0,0.0,45.0,45.0,139.0,185.0,45.0,35.0,2.918016251050819,0.0,0.0,748.9180162510509,17,097,865700,2,170978657002
55.0,35.0,32.0,180.0,110.0,105.0,0.0,112.0,77.0,120.0,87.0,175.0,302.0,0.9182568622187891,0.0,0.0,1390.9182568622189,17,097,865700,3,170978657003
87.0,16.0,20.0,0.0,43.0,18.0,0.0,11.0,38.0,80.0,100.0,160.0,130.0,0.1632456643944514,0.0,0.0,703.1632456643945,17,097,865801,1,170978658011
27.0,70.0,90.0,0.0,0.0,47.0,0.0,105.0,20.0,87.0,0.0,351.0,429.0,1.0406911105146277,0.0,0.0,1227.0406911105147,17,097,865801,2,170978658012
0.0,0.0,0.0,0.0,0.0,0.0,87.0,25.0,43.0,57.0,16.0,20.0,20.0,0.43872272306008814,0.0,0.0,268.4387227230601,17,097,865801,3,170978658013
0.0,0.0,0.0,0.0,40.0,40.0,0.0,0.0,0.0,37.0,0.0,40.0,20.0,0.2958827667149432,0.0,0.0,177.29588276671495,17,097,865802,1,170978658021
21.0,24.0,27.0,30.0,0.0,87.0,111.0,54.0,32.0,54.0,98.0,98.0,81.0,1.4181967094267967,0.0,0.0,718.4181967094268,17,097,865802,2,170978658022
89.0,54.0,133.0,31.0,19.0,146.0,22.0,311.0,69.0,518.0,537.0,804.0,521.0,2.4588878199414244,0.0,0.0,3256.4588878199415,17,097,866000,1,170978660001
15.0,26.0,57.0,31.0,23.0,91.0,0.0,0.0,49.0,67.0,75.0,44.0,88.0,1.6426594979691673,0.0,0.0,567.6426594979691,17,097,866000,2,170978660002
0.0,31.0,0.0,0.0,76.0,0.0,0.0,73.0,38.0,38.0,160.0,114.0,52.0,1.489616687599369,0.0,0.0,583.4896166875993,17,097,866000,3,170978660003
112.0,206.0,170.0,244.0,138.0,376.0,144.0,0.0,235.0,132.0,154.0,112.0,0.0,0.22446278854237067,0.0,0.0,2023.2244627885423,17,097,866100,1,170978661001
117.0,0.0,149.0,213.0,185.0,0.0,92.0,124.0,64.0,17.0,145.0,181.0,28.0,0.28567991269028997,0.0,0.0,1315.2856799126903,17,097,866100,2,170978661002
115.0,147.0,91.0,98.0,74.0,262.0,26.0,26.0,60.0,142.0,216.0,175.0,339.0,0.8264311759969102,0.0,0.0,1771.826431175997,17,097,866200,1,170978662001
0.0,0.0,0.0,0.0,0.0,0.0,0.0,0.0,47.0,0.0,41.0,62.0,20.0,0.908054008194136,0.0,0.0,170.90805400819414,17,097,866200,2,170978662002
13.0,8.0,32.0,13.0,59.0,40.0,21.0,21.0,35.0,48.0,48.0,102.0,86.0,0.8468368840462166,0.0,0.0,526.8468368840462,17,097,866200,3,170978662003
83.0,103.0,101.0,83.0,146.0,230.0,83.0,131.0,214.0,237.0,212.0,390.0,232.0,1.4283995634514497,0.0,0.0,2246.4283995634514,17,111,870101,1,171118701011
96.0,24.0,59.0,86.0,119.0,148.0,42.0,52.0,47.0,200.0,89.0,223.0,238.0,1.7957023083389654,0.0,0.0,1424.795702308339,17,111,870101,2,171118701012
19.0,9.0,22.0,0.0,137.0,4.0,0.0,90.0,34.0,144.0,61.0,154.0,134.0,1.2447481910076919,0.0,0.0,809.2447481910077,17,111,870101,3,171118701013
92.0,7.0,112.0,100.0,62.0,77.0,50.0,40.0,60.0,100.0,102.0,140.0,102.0,0.4081141609861285,0.0,0.0,1044.408114160986,17,111,870101,4,171118701014
0.0,54.0,44.0,98.0,36.0,52.0,210.0,72.0,0.0,80.0,322.0,83.0,301.0,0.2652742046409835,0.0,0.0,1352.265274204641,17,111,870102,1,171118701021
0.0,64.0,48.0,141.0,93.0,0.0,57.0,54.0,128.0,0.0,325.0,132.0,637.0,3.9689102155900997,0.0,0.0,1682.96891021559,17,111,870102,2,171118701022
27.0,107.0,61.0,55.0,30.0,70.0,58.0,89.0,0.0,92.0,267.0,557.0,215.0,1.9385422646841104,0.0,0.0,1629.9385422646842,17,111,870102,3,171118701023
227.0,50.0,26.0,0.0,71.0,148.0,145.0,94.0,156.0,660.0,361.0,284.0,331.0,0.6631855116024589,0.0,0.0,2553.6631855116025,17,111,870200,1,171118702001
44.0,25.0,6.0,51.0,44.0,11.0,95.0,18.0,0.0,81.0,183.0,187.0,81.0,0.5611569713559267,0.0,0.0,826.5611569713559,17,111,870200,2,171118702002
0.0,32.0,6.0,204.0,0.0,332.0,73.0,0.0,76.0,160.0,41.0,425.0,156.0,1.101908234662547,0.0,0.0,1506.1019082346625,17,111,870200,3,171118702003
31.0,0.0,0.0,34.0,57.0,49.0,60.0,65.0,0.0,142.0,128.0,128.0,0.0,0.0,0.0,0.0,694.0,17,111,870200,4,171118702004
16.0,148.0,125.0,78.0,440.0,197.0,144.0,49.0,101.0,213.0,92.0,292.0,286.0,0.49993984720800744,0.0,0.0,2181.499939847208,17,111,870301,1,171118703011
0.0,0.0,0.0,0.0,149.0,59.0,13.0,35.0,32.0,81.0,10.0,127.0,73.0,0.19385422646841105,0.0,0.0,579.1938542264684,17,111,870301,2,171118703012
252.0,49.0,28.0,101.0,332.0,101.0,31.0,45.0,147.0,52.0,423.0,84.0,52.0,0.673388365627112,0.0,0.0,1697.673388365627,17,111,870301,3,171118703013
267.0,0.0,89.0,106.0,0.0,207.0,182.0,118.0,93.0,161.0,436.0,207.0,38.0,0.0,0.0,0.0,1904.0,17,111,870302,1,171118703021
51.0,59.0,128.0,38.0,192.0,55.0,0.0,0.0,47.0,0.0,85.0,342.0,38.0,0.6937940736764184,0.0,0.0,1035.6937940736764,17,111,870302,2,171118703022
105.0,57.0,36.0,30.0,333.0,84.0,60.0,39.0,0.0,120.0,33.0,0.0,81.0,0.0,0.0,0.0,978.0,17,111,870302,3,171118703023
133.0,208.0,112.0,114.0,193.0,75.0,86.0,185.0,107.0,292.0,88.0,1004.0,292.0,1.8875279945608443,0.0,0.0,2890.887527994561,17,111,870401,1,171118704011
47.0,14.0,212.0,5.0,29.0,65.0,80.0,122.0,83.0,113.0,337.0,304.0,463.0,1.2753567530816516,0.0,0.0,1875.2753567530817,17,111,870401,2,171118704012
0.0,3.0,43.0,33.0,0.0,72.0,43.0,158.0,205.0,0.0,244.0,645.0,364.0,4.4484443547488,0.0,0.0,1814.4484443547487,17,111,870401,3,171118704013
383.0,172.0,182.0,218.0,106.0,246.0,241.0,48.0,0.0,406.0,342.0,624.0,264.0,0.673388365627112,0.0,0.0,3232.673388365627,17,111,870402,1,171118704021
0.0,40.0,128.0,25.0,117.0,0.0,65.0,54.0,91.0,464.0,267.0,475.0,87.0,1.867122286511538,0.0,0.0,1814.8671222865116,17,111,870402,2,171118704022
0.0,0.0,5.0,131.0,0.0,38.0,59.0,0.0,62.0,0.0,277.0,256.0,497.0,3.5199846385053584,0.0,0.0,1328.5199846385053,17,111,870500,1,171118705001
178.0,0.0,35.0,0.0,131.0,134.0,46.0,0.0,0.0,65.0,298.0,210.0,169.0,0.0,0.0,0.0,1266.0,17,111,870500,2,171118705002
63.0,42.0,63.0,106.0,77.0,0.0,90.0,39.0,29.0,53.0,101.0,236.0,236.0,1.7038766221170865,0.0,0.0,1136.7038766221171,17,111,870500,3,171118705003
0.0,0.0,43.0,229.0,68.0,0.0,0.0,51.0,0.0,170.0,135.0,206.0,30.0,0.3570998908628624,0.0,0.0,932.3570998908629,17,111,870500,4,171118705004
35.0,92.0,38.0,114.0,210.0,40.0,24.0,46.0,54.0,84.0,46.0,316.0,163.0,0.0,0.0,0.0,1262.0,17,111,870500,5,171118705005
69.0,0.0,22.0,0.0,34.0,57.0,0.0,0.0,0.0,30.0,98.0,32.0,63.0,0.0,0.0,0.0,405.0,17,111,870500,6,171118705006
0.0,0.0,0.0,27.0,100.0,87.0,31.0,0.0,29.0,0.0,60.0,108.0,40.0,0.0,0.0,0.0,482.0,17,111,870500,7,171118705007
69.0,74.0,172.0,303.0,119.0,268.0,111.0,122.0,135.0,183.0,273.0,465.0,252.0,0.8876483001448295,0.0,0.0,2546.887648300145,17,111,870603,1,171118706031
20.0,102.0,67.0,0.0,96.0,43.0,93.0,55.0,52.0,163.0,429.0,470.0,274.0,0.0,0.0,0.0,1864.0,17,111,870603,2,171118706032
159.0,0.0,0.0,102.0,42.0,0.0,159.0,147.0,42.0,147.0,198.0,227.0,474.0,0.9182568622187891,0.0,0.0,1697.9182568622189,17,111,870604,1,171118706041
111.0,113.0,276.0,74.0,97.0,0.0,40.0,111.0,111.0,354.0,172.0,399.0,217.0,0.47953413915870097,0.0,0.0,2075.4795341391587,17,111,870604,2,171118706042
63.0,81.0,94.0,92.0,40.0,234.0,0.0,29.0,38.0,238.0,63.0,195.0,180.0,0.9182568622187891,0.0,0.0,1347.9182568622189,17,111,870604,3,171118706043
125.0,166.0,103.0,141.0,98.0,120.0,218.0,117.0,120.0,188.0,343.0,687.0,215.0,0.9182568622187891,0.0,0.0,2641.9182568622186,17,111,870605,1,171118706051
135.0,39.0,149.0,310.0,152.0,250.0,160.0,335.0,73.0,222.0,516.0,831.0,174.0,0.36730274488751563,0.0,0.0,3346.3673027448876,17,111,870605,2,171118706052
64.0,62.0,79.0,75.0,100.0,120.0,100.0,95.0,29.0,83.0,102.0,25.0,40.0,0.7652140518489909,0.0,0.0,974.765214051849,17,111,870606,1,171118706061
142.0,258.0,263.0,269.0,191.0,31.0,52.0,37.0,23.0,107.0,197.0,414.0,84.0,1.4181967094267967,0.0,0.0,2069.418196709427,17,111,870606,2,171118706062
0.0,41.0,46.0,170.0,0.0,0.0,49.0,72.0,15.0,80.0,248.0,225.0,119.0,1.2855596071063047,0.0,0.0,1066.2855596071063,17,111,870606,3,171118706063
65.0,0.0,71.0,74.0,40.0,25.0,0.0,80.0,34.0,145.0,168.0,134.0,140.0,1.0202854024653212,0.0,0.0,977.0202854024653,17,111,870702,1,171118707021
75.0,73.0,29.0,65.0,0.0,0.0,157.0,0.0,0.0,265.0,203.0,433.0,249.0,2.152802199201828,0.0,0.0,1551.152802199202,17,111,870702,2,171118707022
0.0,0.0,235.0,28.0,36.0,0.0,160.0,26.0,182.0,19.0,62.0,132.0,168.0,0.3162884747642496,0.0,0.0,1048.3162884747642,17,111,870702,3,171118707023
166.0,0.0,128.0,29.0,23.0,102.0,128.0,131.0,140.0,321.0,271.0,735.0,265.0,0.2958827667149432,0.0,0.0,2439.295882766715,17,111,870702,4,171118707024
54.0,23.0,21.0,0.0,0.0,13.0,0.0,28.0,15.0,45.0,17.0,190.0,34.0,0.4183170150107817,0.0,0.0,440.41831701501076,17,111,870703,1,171118707031
0.0,40.0,163.0,106.0,62.0,94.0,47.0,97.0,56.0,254.0,332.0,401.0,307.0,5.183049844523832,0.0,0.0,1964.1830498445238,17,111,870703,2,171118707032
49.0,9.0,45.0,42.0,26.0,52.0,78.0,157.0,95.0,82.0,144.0,318.0,200.0,2.8363934188535933,0.0,0.0,1299.8363934188535,17,111,870703,3,171118707033
0.0,0.0,0.0,35.0,43.0,12.0,30.0,106.0,0.0,108.0,37.0,252.0,37.0,0.6631855116024589,0.0,0.0,660.6631855116025,17,111,870704,1,171118707041
0.0,0.0,21.0,36.0,71.0,60.0,66.0,21.0,55.0,132.0,44.0,100.0,134.0,0.9692711323420552,0.0,0.0,740.9692711323421,17,111,870704,2,171118707042
0.0,130.0,194.0,0.0,26.0,87.0,8.0,61.0,0.0,270.0,145.0,247.0,110.0,0.20405708049306426,0.0,0.0,1278.2040570804932,17,111,870704,3,171118707043
29.0,14.0,14.0,58.0,0.0,0.0,17.0,0.0,0.0,63.0,111.0,204.0,29.0,0.43872272306008814,0.0,0.0,539.4387227230601,17,111,870704,4,171118707044
18.0,0.0,15.0,0.0,0.0,53.0,116.0,53.0,6.0,180.0,300.0,158.0,230.0,1.8977308485854976,0.0,0.0,1130.8977308485855,17,111,870803,1,171118708031
0.0,0.0,0.0,0.0,0.0,81.0,0.0,50.0,39.0,137.0,98.0,257.0,0.0,2.6527420464098355,0.0,0.0,664.6527420464098,17,111,870803,2,171118708032
0.0,44.0,0.0,0.0,0.0,0.0,0.0,36.0,36.0,141.0,116.0,174.0,152.0,2.7037563165331013,0.0,0.0,701.7037563165331,17,111,870803,3,171118708033
76.0,103.0,177.0,154.0,0.0,198.0,60.0,85.0,256.0,106.0,242.0,355.0,251.0,1.5712395197965947,0.0,0.0,2064.5712395197966,17,111,870803,4,171118708034
120.0,79.0,47.0,70.0,24.0,88.0,120.0,40.0,81.0,70.0,306.0,108.0,170.0,1.2651538990569984,0.0,0.0,1324.265153899057,17,111,870807,1,171118708071
154.0,27.0,33.0,187.0,330.0,163.0,0.0,99.0,333.0,230.0,293.0,581.0,460.0,4.295401544379002,0.0,0.0,2894.295401544379,17,111,870807,2,171118708072
0.0,37.0,21.0,91.0,96.0,94.0,37.0,61.0,69.0,126.0,107.0,295.0,266.0,2.683350608483795,0.0,0.0,1302.6833506084838,17,111,870808,1,171118708081
20.0,0.0,86.0,110.0,34.0,28.0,44.0,117.0,86.0,115.0,110.0,254.0,138.0,1.2549510450323451,0.0,0.0,1143.2549510450324,17,111,870808,2,171118708082
156.0,120.0,0.0,137.0,92.0,86.0,36.0,254.0,125.0,506.0,319.0,985.0,604.0,2.163005053226481,0.0,0.0,3422.1630050532267,17,111,870809,1,171118708091
313.0,227.0,129.0,134.0,63.0,41.0,100.0,26.0,88.0,196.0,134.0,232.0,441.0,1.816108016388272,0.0,0.0,2125.816108016388,17,111,870809,2,171118708092
32.0,0.0,21.0,57.0,0.0,0.0,0.0,97.0,21.0,70.0,87.0,204.0,78.0,0.46933128513404776,0.0,0.0,667.4693312851341,17,111,870810,1,171118708101
198.0,0.0,60.0,34.0,31.0,80.0,83.0,97.0,0.0,34.0,160.0,258.0,378.0,1.3671824393035306,0.0,0.0,1414.3671824393036,17,111,870810,2,171118708102
10.0,23.0,71.0,86.0,110.0,23.0,13.0,23.0,44.0,78.0,228.0,320.0,168.0,0.9386625702680955,0.0,0.0,1197.9386625702682,17,111,870810,3,171118708103
5.0,0.0,26.0,52.0,100.0,245.0,84.0,129.0,81.0,396.0,124.0,277.0,205.0,1.3977910013774901,0.0,0.0,1725.3977910013775,17,111,870811,1,171118708111
20.0,51.0,28.0,128.0,38.0,43.0,61.0,64.0,30.0,95.0,128.0,131.0,215.0,0.23466564256702388,0.0,0.0,1032.234665642567,17,111,870811,2,171118708112
50.0,88.0,154.0,32.0,48.0,0.0,109.0,29.0,64.0,64.0,248.0,293.0,82.0,0.0,0.0,0.0,1261.0,17,111,870811,3,171118708113
27.0,0.0,0.0,72.0,65.0,92.0,0.0,128.0,27.0,87.0,77.0,233.0,150.0,0.1734485184191046,0.0,0.0,958.1734485184191,17,111,870812,1,171118708121
78.0,21.0,0.0,0.0,21.0,24.0,100.0,18.0,140.0,65.0,81.0,186.0,143.0,0.9386625702680955,0.0,0.0,877.9386625702681,17,111,870812,2,171118708122
45.0,7.0,84.0,7.0,74.0,0.0,21.0,42.0,31.0,79.0,148.0,127.0,143.0,0.7550111978243377,0.0,0.0,808.7550111978244,17,111,870812,3,171118708123
36.0,0.0,23.0,113.0,0.0,0.0,30.0,49.0,90.0,451.0,154.0,307.0,190.0,0.9692711323420552,0.0,0.0,1443.969271132342,17,111,870812,4,171118708124
74.0,56.0,0.0,125.0,38.0,35.0,0.0,119.0,38.0,80.0,116.0,157.0,333.0,1.8467165784622315,0.0,0.0,1172.8467165784623,17,111,870902,1,171118709021
8.0,46.0,212.0,88.0,57.0,193.0,11.0,157.0,30.0,240.0,306.0,852.0,259.0,0.49993984720800744,0.0,0.0,2459.499939847208,17,111,870902,2,171118709022
344.0,166.0,62.0,103.0,147.0,122.0,33.0,55.0,62.0,118.0,682.0,200.0,375.0,1.3977910013774901,0.0,0.0,2470.3977910013773,17,111,870902,3,171118709023
52.0,147.0,79.0,104.0,0.0,68.0,95.0,90.0,229.0,99.0,93.0,220.0,52.0,0.22446278854237067,0.0,0.0,1328.2244627885423,17,111,870903,1,171118709031
86.0,0.0,32.0,32.0,70.0,19.0,0.0,83.0,88.0,27.0,64.0,62.0,47.0,0.0,0.0,0.0,610.0,17,111,870903,2,171118709032
36.0,21.0,21.0,21.0,86.0,110.0,134.0,130.0,31.0,0.0,134.0,40.0,120.0,0.19385422646841105,0.0,0.0,884.1938542264684,17,111,870903,3,171118709033
101.0,0.0,23.0,18.0,16.0,0.0,37.0,61.0,0.0,37.0,119.0,72.0,61.0,0.0,0.0,0.0,545.0,17,111,870904,1,171118709041
41.0,79.0,67.0,131.0,79.0,90.0,82.0,113.0,87.0,157.0,270.0,131.0,294.0,2.499699236040037,0.0,0.0,1623.49969923604,17,111,870904,2,171118709042
169.0,0.0,18.0,258.0,86.0,88.0,59.0,99.0,32.0,69.0,258.0,293.0,174.0,0.4897369931833542,0.0,0.0,1603.4897369931834,17,111,870904,3,171118709043
185.0,69.0,86.0,197.0,130.0,45.0,127.0,89.0,248.0,375.0,236.0,209.0,214.0,0.45912843110939455,0.0,0.0,2210.4591284311095,17,111,870905,1,171118709051
256.0,112.0,94.0,136.0,23.0,183.0,144.0,217.0,241.0,196.0,337.0,251.0,358.0,2.346656425670239,0.0,0.0,2550.34665642567,17,111,870905,2,171118709052
18.0,48.0,0.0,21.0,18.0,0.0,72.0,75.0,0.0,48.0,105.0,67.0,210.0,1.0406911105146277,0.0,0.0,683.0406911105147,17,111,871003,1,171118710031
13.0,16.0,71.0,0.0,0.0,20.0,43.0,120.0,36.0,64.0,136.0,117.0,90.0,0.13263710232049175,0.0,0.0,726.1326371023205,17,111,871003,2,171118710032
111.0,21.0,71.0,188.0,98.0,288.0,58.0,55.0,18.0,243.0,262.0,445.0,103.0,1.1325167967365066,0.0,0.0,1962.1325167967366,17,111,871003,3,171118710033
167.0,104.0,0.0,164.0,176.0,278.0,0.0,22.0,237.0,432.0,492.0,597.0,211.0,1.152922504785813,0.0,0.0,2881.1529225047857,17,111,871004,1,171118710041
214.0,176.0,81.0,70.0,108.0,35.0,87.0,0.0,144.0,272.0,141.0,282.0,274.0,0.6019683874545395,0.0,0.0,1884.6019683874545,17,111,871004,2,171118710042
0.0,0.0,28.0,84.0,0.0,92.0,122.0,257.0,0.0,106.0,59.0,63.0,77.0,0.14283995634514499,0.0,0.0,888.1428399563451,17,111,871004,3,171118710043
239.0,0.0,87.0,699.0,162.0,219.0,212.0,0.0,490.0,872.0,517.0,2139.0,1865.0,17.069374783244825,0.0,0.0,7518.069374783245,17,111,871104,1,171118711041
0.0,84.0,46.0,0.0,0.0,0.0,0.0,71.0,0.0,131.0,212.0,278.0,328.0,0.5407512633066203,0.0,0.0,1150.5407512633067,17,111,871104,2,171118711042
0.0,0.0,0.0,0.0,101.0,0.0,70.0,0.0,0.0,0.0,195.0,167.0,101.0,1.7038766221170865,0.0,0.0,635.703876622117,17,111,871104,3,171118711043
0.0,0.0,264.0,0.0,0.0,82.0,0.0,73.0,48.0,315.0,528.0,423.0,613.0,4.519864332921373,0.0,0.0,2350.5198643329213,17,111,871104,4,171118711044
24.0,21.0,0.0,66.0,0.0,21.0,33.0,109.0,96.0,254.0,248.0,293.0,527.0,4.6014871651185985,0.0,0.0,1696.6014871651187,17,111,871105,1,171118711051
0.0,29.0,0.0,74.0,0.0,0.0,42.0,61.0,0.0,176.0,136.0,229.0,192.0,0.7856197598982974,0.0,0.0,939.7856197598983,17,111,871105,2,171118711052
22.0,33.0,0.0,158.0,25.0,27.0,0.0,97.0,0.0,30.0,155.0,125.0,72.0,0.3877084529368221,0.0,0.0,744.3877084529369,17,111,871105,3,171118711053
0.0,71.0,0.0,0.0,61.0,248.0,44.0,187.0,44.0,409.0,733.0,982.0,838.0,7.754169058736442,0.0,0.0,3624.7541690587364,17,111,871106,1,171118711061
0.0,0.0,157.0,116.0,0.0,0.0,0.0,0.0,54.0,233.0,106.0,150.0,318.0,1.4283995634514497,0.0,0.0,1135.4283995634514,17,111,871106,2,171118711062
79.0,76.0,115.0,0.0,0.0,121.0,35.0,0.0,145.0,29.0,204.0,148.0,127.0,0.0,0.0,0.0,1079.0,17,111,871106,3,171118711063
0.0,0.0,0.0,95.0,0.0,25.0,0.0,25.0,270.0,66.0,109.0,334.0,354.0,2.9588276671494316,0.0,0.0,1280.9588276671495,17,111,871107,1,171118711071
36.0,0.0,0.0,26.0,33.0,76.0,0.0,56.0,129.0,211.0,324.0,278.0,453.0,3.3363332660616005,0.0,0.0,1625.3363332660615,17,111,871107,2,171118711072
28.0,0.0,94.0,50.0,0.0,37.0,69.0,47.0,59.0,349.0,189.0,604.0,715.0,2.2752364474976665,0.0,0.0,2243.2752364474977,17,111,871108,1,171118711081
41.0,0.0,0.0,0.0,198.0,0.0,0.0,0.0,48.0,0.0,125.0,414.0,219.0,1.8365137244375782,0.0,0.0,1046.8365137244375,17,111,871108,2,171118711082
0.0,0.0,0.0,0.0,0.0,0.0,56.0,60.0,135.0,92.0,423.0,879.0,501.0,3.2955218499629875,0.0,0.0,2149.295521849963,17,111,871109,1,171118711091
17.0,0.0,0.0,0.0,13.0,27.0,0.0,45.0,0.0,163.0,256.0,503.0,423.0,3.4281589522834794,0.0,0.0,1450.4281589522834,17,111,871109,2,171118711092
0.0,0.0,0.0,0.0,98.0,205.0,0.0,83.0,0.0,57.0,184.0,182.0,92.0,0.5509541173312735,0.0,0.0,901.5509541173312,17,111,871201,1,171118712011
0.0,62.0,97.0,64.0,74.0,109.0,251.0,94.0,37.0,186.0,293.0,351.0,219.0,0.8060254679476038,0.0,0.0,1837.8060254679476,17,111,871201,2,171118712012
0.0,18.0,0.0,22.0,0.0,26.0,0.0,0.0,27.0,48.0,154.0,73.0,0.0,0.0,0.0,0.0,368.0,17,111,871201,3,171118712013
0.0,0.0,76.0,33.0,15.0,36.0,0.0,0.0,85.0,33.0,442.0,868.0,356.0,4.22398156620643,0.0,0.0,1948.2239815662065,17,111,871201,4,171118712014
0.0,32.0,0.0,0.0,87.0,109.0,32.0,59.0,189.0,0.0,191.0,104.0,380.0,0.6835912196517653,0.0,0.0,1183.6835912196518,17,111,871202,1,171118712021
81.0,178.0,75.0,204.0,200.0,43.0,125.0,147.0,50.0,251.0,43.0,442.0,241.0,1.0815025266132405,0.0,0.0,2081.0815025266133,17,111,871202,2,171118712022
64.0,41.0,0.0,0.0,32.0,35.0,0.0,57.0,80.0,90.0,164.0,312.0,312.0,0.0,0.0,0.0,1187.0,17,111,871202,3,171118712023
0.0,0.0,31.0,34.0,0.0,28.0,55.0,0.0,0.0,257.0,47.0,249.0,107.0,0.0,0.0,0.0,808.0,17,111,871202,4,171118712024
125.0,43.0,136.0,52.0,37.0,113.0,270.0,93.0,90.0,189.0,308.0,235.0,369.0,1.152922504785813,0.0,0.0,2061.1529225047857,17,111,871205,1,171118712051
0.0,0.0,0.0,84.0,0.0,99.0,65.0,41.0,181.0,130.0,193.0,280.0,324.0,0.8060254679476038,0.0,0.0,1397.8060254679476,17,111,871205,2,171118712052
0.0,0.0,0.0,22.0,17.0,70.0,55.0,17.0,27.0,133.0,135.0,148.0,50.0,1.0406911105146277,0.0,0.0,675.0406911105147,17,111,871205,3,171118712053
0.0,0.0,47.0,0.0,0.0,0.0,0.0,0.0,0.0,202.0,29.0,95.0,106.0,2.4690906739660776,0.0,0.0,481.4690906739661,17,111,871206,1,171118712061
0.0,0.0,99.0,52.0,27.0,162.0,99.0,44.0,168.0,168.0,300.0,458.0,574.0,2.5609163601879565,0.0,0.0,2153.560916360188,17,111,871206,2,171118712062
0.0,0.0,93.0,0.0,0.0,0.0,0.0,0.0,0.0,111.0,51.0,300.0,267.0,1.5610366657719414,0.0,0.0,823.5610366657719,17,111,871206,3,171118712063
27.0,38.0,126.0,19.0,0.0,30.0,88.0,134.0,24.0,126.0,448.0,374.0,211.0,1.2345453369830388,0.0,0.0,1646.234545336983,17,111,871207,1,171118712071
0.0,62.0,78.0,49.0,65.0,88.0,0.0,39.0,57.0,49.0,164.0,104.0,200.0,0.20405708049306426,0.0,0.0,955.204057080493,17,111,871207,2,171118712072
0.0,0.0,27.0,37.0,0.0,0.0,30.0,0.0,95.0,115.0,109.0,187.0,303.0,1.2141396289337323,0.0,0.0,904.2141396289337,17,111,871207,3,171118712073
153.0,0.0,0.0,72.0,67.0,88.0,45.0,40.0,29.0,88.0,212.0,516.0,481.0,2.2752364474976665,0.0,0.0,1793.2752364474977,17,111,871208,1,171118712081
0.0,0.0,0.0,0.0,0.0,83.0,25.0,0.0,0.0,36.0,361.0,324.0,288.0,1.3569795852788773,0.0,0.0,1118.3569795852789,17,111,871208,2,171118712082
54.0,6.0,125.0,182.0,174.0,60.0,178.0,129.0,75.0,312.0,448.0,420.0,93.0,1.6936737680924332,0.0,0.0,2257.6936737680926,17,111,871209,1,171118712091
0.0,113.0,0.0,68.0,0.0,0.0,0.0,18.0,40.0,61.0,34.0,181.0,45.0,0.0,0.0,0.0,560.0,17,111,871209,2,171118712092
0.0,0.0,0.0,0.0,34.0,119.0,0.0,71.0,19.0,144.0,164.0,133.0,201.0,1.2141396289337323,0.0,0.0,886.2141396289337,17,111,871301,1,171118713011
0.0,17.0,36.0,56.0,36.0,41.0,0.0,0.0,73.0,15.0,19.0,119.0,73.0,1.1427196507611599,0.0,0.0,486.14271965076114,17,111,871301,2,171118713012
65.0,165.0,114.0,43.0,72.0,0.0,36.0,63.0,17.0,123.0,174.0,410.0,34.0,0.0,0.0,0.0,1316.0,17,111,871301,3,171118713013
0.0,26.0,23.0,0.0,69.0,170.0,0.0,0.0,0.0,153.0,106.0,92.0,242.0,2.060976512979949,0.0,0.0,883.06097651298,17,111,871301,4,171118713014
45.0,21.0,42.0,185.0,0.0,66.0,53.0,76.0,66.0,156.0,286.0,397.0,418.0,1.4590081255254095,0.0,0.0,1812.4590081255253,17,111,871304,1,171118713041
0.0,0.0,0.0,52.0,0.0,54.0,54.0,34.0,0.0,24.0,52.0,217.0,14.0,0.3877084529368221,0.0,0.0,501.3877084529368,17,111,871304,2,171118713042
102.0,126.0,13.0,0.0,51.0,13.0,0.0,0.0,0.0,51.0,99.0,229.0,771.0,3.315927558012294,0.0,0.0,1458.3159275580124,17,111,871305,1,171118713051
0.0,51.0,42.0,5.0,176.0,8.0,48.0,25.0,0.0,76.0,182.0,45.0,91.0,2.5813220682372626,0.0,0.0,751.5813220682372,17,111,871305,2,171118713052
94.0,44.0,0.0,49.0,68.0,0.0,123.0,39.0,39.0,254.0,167.0,138.0,125.0,0.0,0.0,0.0,1140.0,17,111,871305,3,171118713053
105.0,0.0,40.0,0.0,51.0,0.0,167.0,40.0,0.0,112.0,129.0,235.0,641.0,6.152320976865887,0.0,0.0,1526.152320976866,17,111,871306,1,171118713061
0.0,0.0,0.0,0.0,0.0,0.0,0.0,45.0,38.0,111.0,225.0,381.0,412.0,1.7650937462650058,0.0,0.0,1213.765093746265,17,111,871306,2,171118713062
46.0,0.0,40.0,62.0,0.0,155.0,34.0,83.0,0.0,99.0,124.0,354.0,432.0,2.1834107612757876,0.0,0.0,1431.1834107612758,17,111,871306,3,171118713063
55.0,39.0,0.0,128.0,119.0,75.0,86.0,128.0,82.0,44.0,392.0,144.0,0.0,0.0,0.0,0.0,1292.0,17,111,871306,4,171118713064
47.0,0.0,0.0,0.0,0.0,91.0,56.0,18.0,28.0,120.0,120.0,221.0,309.0,1.4181967094267967,0.0,0.0,1011.4181967094268,17,111,871307,1,171118713071
0.0,0.0,56.0,24.0,17.0,0.0,19.0,17.0,0.0,36.0,65.0,117.0,56.0,0.0,0.0,0.0,407.0,17,111,871307,2,171118713072
22.0,109.0,118.0,231.0,144.0,250.0,44.0,99.0,96.0,131.0,179.0,301.0,340.0,1.0712996725885873,0.0,0.0,2065.071299672589,17,111,871307,3,171118713073
0.0,0.0,35.0,0.0,138.0,0.0,0.0,0.0,66.0,154.0,154.0,107.0,204.0,2.928219105075472,0.0,0.0,860.9282191050755,17,111,871310,1,171118713101
82.0,0.0,0.0,27.0,39.0,0.0,27.0,33.0,0.0,30.0,70.0,225.0,79.0,0.867242592095523,0.0,0.0,612.8672425920955,17,111,871310,2,171118713102
0.0,0.0,22.0,22.0,93.0,0.0,0.0,73.0,0.0,98.0,69.0,22.0,24.0,0.49993984720800744,0.0,0.0,423.499939847208,17,111,871310,3,171118713103
29.0,0.0,0.0,0.0,23.0,59.0,119.0,53.0,119.0,44.0,128.0,460.0,301.0,1.6120509358952075,0.0,0.0,1336.6120509358952,17,111,871310,4,171118713104
0.0,0.0,102.0,0.0,62.0,0.0,138.0,143.0,73.0,325.0,170.0,471.0,504.0,2.122193637127868,0.0,0.0,1990.1221936371278,17,111,871311,1,171118713111
49.0,0.0,0.0,170.0,57.0,81.0,13.0,49.0,0.0,118.0,181.0,194.0,23.0,0.13263710232049175,0.0,0.0,935.1326371023205,17,111,871311,2,171118713112
28.0,0.0,0.0,0.0,0.0,0.0,28.0,84.0,0.0,115.0,95.0,188.0,287.0,0.9488654242927488,0.0,0.0,825.9488654242928,17,111,871311,3,171118713113
144.0,35.0,122.0,0.0,38.0,0.0,80.0,128.0,99.0,154.0,74.0,405.0,141.0,1.7038766221170865,0.0,0.0,1421.7038766221171,17,111,871402,1,171118714021
0.0,0.0,45.0,0.0,18.0,0.0,34.0,165.0,0.0,0.0,43.0,40.0,70.0,0.0,0.0,0.0,415.0,17,111,871402,2,171118714022
75.0,43.0,0.0,131.0,0.0,81.0,0.0,26.0,169.0,70.0,242.0,172.0,262.0,1.5100223956486754,0.0,0.0,1272.5100223956488,17,111,871402,3,171118714023
31.0,0.0,0.0,0.0,58.0,0.0,41.0,97.0,0.0,73.0,134.0,0.0,31.0,0.3162884747642496,0.0,0.0,465.31628847476424,17,111,871402,4,171118714024
83.0,0.0,35.0,32.0,32.0,0.0,32.0,78.0,56.0,113.0,175.0,0.0,191.0,2.5303077981139968,0.0,0.0,829.530307798114,17,111,871402,5,171118714025
51.0,161.0,89.0,61.0,84.0,158.0,48.0,56.0,135.0,148.0,243.0,381.0,207.0,2.2446278854237067,0.0,0.0,1824.2446278854236,17,111,871404,1,171118714041
0.0,56.0,35.0,26.0,23.0,110.0,35.0,119.0,92.0,224.0,173.0,275.0,379.0,3.346536120086254,0.0,0.0,1550.3465361200863,17,111,871404,2,171118714042
72.0,141.0,108.0,87.0,105.0,54.0,57.0,174.0,0.0,123.0,141.0,511.0,499.0,2.203816469325094,0.0,0.0,2074.203816469325,17,111,871500,1,171118715001
30.0,15.0,12.0,18.0,48.0,39.0,12.0,3.0,6.0,75.0,45.0,151.0,84.0,0.06121712414791927,0.0,0.0,538.0612171241479,17,111,871500,2,171118715002
113.0,241.0,143.0,166.0,201.0,438.0,282.0,154.0,398.0,428.0,729.0,808.0,276.0,4.4484443547488,0.0,0.0,4381.448444354749,17,111,871500,3,171118715003
39.0,0.0,0.0,0.0,140.0,0.0,159.0,0.0,45.0,69.0,98.0,202.0,292.0,4.091344463885938,0.0,0.0,1048.091344463886,17,111,871500,4,171118715004
52.0,75.0,36.0,0.0,0.0,41.0,39.0,179.0,0.0,223.0,46.0,197.0,124.0,0.49993984720800744,0.0,0.0,1012.499939847208,17,111,871500,5,171118715005
0.0,0.0,25.0,0.0,11.0,89.0,34.0,0.0,23.0,0.0,51.0,164.0,100.0,0.0,0.0,0.0,497.0,17,111,871600,1,171118716001
45.0,0.0,74.0,5.0,14.0,5.0,40.0,102.0,14.0,14.0,74.0,117.0,200.0,1.0406911105146277,0.0,0.0,705.0406911105147,17,111,871600,2,171118716002
0.0,0.0,54.0,129.0,0.0,9.0,0.0,30.0,51.0,39.0,90.0,114.0,27.0,0.9488654242927488,0.0,0.0,543.9488654242928,17,111,871600,3,171118716003
61.0,0.0,4.0,25.0,56.0,28.0,30.0,51.0,18.0,73.0,134.0,146.0,231.0,0.3570998908628624,0.0,0.0,857.3570998908629,17,111,871600,4,171118716004
23.0,23.0,23.0,15.0,0.0,0.0,42.0,0.0,26.0,79.0,118.0,102.0,121.0,1.101908234662547,0.0,0.0,573.1019082346626,17,111,871600,5,171118716005
34.0,38.0,0.0,0.0,65.0,127.0,19.0,154.0,0.0,181.0,250.0,976.0,308.0,1.9283394106594571,0.0,0.0,2153.9283394106596,17,197,880105,1,171978801051
0.0,230.0,0.0,37.0,17.0,144.0,110.0,161.0,251.0,99.0,137.0,309.0,302.0,2.448684965916771,0.0,0.0,1799.4486849659168,17,197,880105,2,171978801052
33.0,0.0,25.0,85.0,0.0,0.0,0.0,107.0,66.0,111.0,263.0,259.0,281.0,0.7550111978243377,0.0,0.0,1230.7550111978244,17,197,880105,3,171978801053
0.0,0.0,0.0,0.0,0.0,0.0,0.0,31.0,24.0,231.0,228.0,498.0,396.0,1.4590081255254095,0.0,0.0,1409.4590081255253,17,197,880105,4,171978801054
97.0,108.0,0.0,0.0,92.0,50.0,189.0,78.0,41.0,161.0,142.0,203.0,66.0,0.7652140518489909,0.0,0.0,1227.765214051849,17,197,880106,1,171978801061
32.0,0.0,0.0,32.0,52.0,0.0,22.0,97.0,22.0,16.0,140.0,306.0,342.0,1.2243424829583855,0.0,0.0,1062.2243424829585,17,197,880106,2,171978801062
144.0,72.0,119.0,93.0,97.0,32.0,166.0,0.0,231.0,166.0,245.0,241.0,335.0,0.6529826575778056,0.0,0.0,1941.6529826575777,17,197,880106,3,171978801063
78.0,0.0,135.0,0.0,71.0,48.0,105.0,123.0,116.0,378.0,378.0,330.0,78.0,0.0,0.0,0.0,1840.0,17,197,880107,1,171978801071
0.0,0.0,27.0,0.0,194.0,23.0,30.0,184.0,61.0,277.0,123.0,61.0,208.0,1.3161681691802645,0.0,0.0,1189.3161681691802,17,197,880107,2,171978801072
42.0,0.0,136.0,28.0,0.0,0.0,19.0,127.0,0.0,187.0,107.0,221.0,85.0,0.8060254679476038,0.0,0.0,952.8060254679476,17,197,880107,3,171978801073
0.0,22.0,29.0,19.0,0.0,0.0,32.0,42.0,55.0,120.0,55.0,266.0,123.0,0.3570998908628624,0.0,0.0,763.3570998908629,17,197,880107,4,171978801074
46.0,76.0,53.0,0.0,79.0,23.0,26.0,0.0,16.0,49.0,69.0,199.0,89.0,1.1121110886872,0.0,0.0,726.1121110886872,17,197,880109,1,171978801091
29.0,0.0,0.0,0.0,0.0,224.0,37.0,29.0,0.0,63.0,112.0,400.0,127.0,0.7244026357503781,0.0,0.0,1021.7244026357504,17,197,880109,2,171978801092
0.0,0.0,0.0,0.0,0.0,0.0,0.0,0.0,81.0,232.0,44.0,169.0,177.0,1.6120509358952075,0.0,0.0,704.6120509358952,17,197,880109,3,171978801093
221.0,0.0,0.0,75.0,116.0,97.0,18.0,164.0,91.0,161.0,290.0,240.0,183.0,0.2550713506163303,0.0,0.0,1656.2550713506164,17,197,880109,4,171978801094
80.0,30.0,42.0,0.0,0.0,0.0,45.0,17.0,20.0,47.0,45.0,82.0,47.0,0.1530428103697982,0.0,0.0,455.1530428103698,17,197,880109,5,171978801095
0.0,97.0,37.0,0.0,79.0,31.0,164.0,79.0,91.0,41.0,271.0,249.0,145.0,1.2549510450323451,0.0,0.0,1285.2549510450324,17,197,880111,1,171978801111
0.0,0.0,0.0,84.0,0.0,110.0,104.0,36.0,23.0,120.0,20.0,211.0,178.0,0.0,0.0,0.0,886.0,17,197,880111,2,171978801112
36.0,0.0,0.0,23.0,49.0,79.0,53.0,136.0,23.0,69.0,293.0,49.0,126.0,0.0,0.0,0.0,936.0,17,197,880111,3,171978801113
0.0,0.0,134.0,88.0,14.0,42.0,0.0,106.0,102.0,213.0,99.0,152.0,173.0,1.0100825484406681,0.0,0.0,1124.0100825484408,17,197,880112,1,171978801121
0.0,0.0,0.0,0.0,47.0,0.0,84.0,36.0,0.0,20.0,104.0,315.0,151.0,1.2651538990569984,0.0,0.0,758.265153899057,17,197,880112,2,171978801122
0.0,113.0,197.0,179.0,65.0,65.0,21.0,62.0,128.0,62.0,303.0,190.0,128.0,0.0,0.0,0.0,1513.0,17,197,880113,1,171978801131
0.0,98.0,125.0,0.0,66.0,31.0,43.0,11.0,0.0,82.0,180.0,125.0,227.0,1.3977910013774901,0.0,0.0,989.3977910013775,17,197,880113,2,171978801132
109.0,0.0,48.0,41.0,0.0,54.0,30.0,24.0,13.0,17.0,226.0,92.0,0.0,0.27547705866563676,0.0,0.0,654.2754770586656,17,197,880113,3,171978801133
57.0,198.0,254.0,177.0,231.0,339.0,157.0,20.0,83.0,150.0,0.0,113.0,55.0,0.46933128513404776,0.0,0.0,1834.469331285134,17,197,880114,1,171978801141
0.0,0.0,0.0,0.0,0.0,0.0,0.0,48.0,19.0,35.0,115.0,279.0,54.0,0.4897369931833542,0.0,0.0,550.4897369931833,17,197,880114,2,171978801142
11.0,84.0,110.0,116.0,101.0,226.0,269.0,252.0,0.0,26.0,443.0,258.0,66.0,0.4081141609861285,0.0,0.0,1962.408114160986,17,197,880115,1,171978801151
247.0,0.0,0.0,0.0,36.0,0.0,0.0,40.0,44.0,0.0,99.0,250.0,166.0,1.5712395197965947,0.0,0.0,883.5712395197966,17,197,880115,2,171978801152
0.0,0.0,44.0,0.0,41.0,17.0,32.0,89.0,47.0,50.0,198.0,484.0,243.0,1.3875881473528369,0.0,0.0,1246.3875881473527,17,197,880116,1,171978801161
87.0,27.0,47.0,15.0,22.0,0.0,25.0,247.0,32.0,195.0,62.0,182.0,140.0,1.3977910013774901,0.0,0.0,1082.3977910013775,17,197,880116,2,171978801162
69.0,28.0,46.0,138.0,99.0,35.0,87.0,64.0,25.0,20.0,46.0,107.0,64.0,0.0,0.0,0.0,828.0,17,197,880117,1,171978801171
21.0,0.0,60.0,39.0,21.0,0.0,28.0,89.0,67.0,49.0,107.0,271.0,146.0,0.9386625702680955,0.0,0.0,898.9386625702681,17,197,880117,2,171978801172
237.0,309.0,387.0,162.0,210.0,99.0,38.0,94.0,0.0,106.0,70.0,0.0,16.0,0.0,0.0,0.0,1728.0,17,197,880117,3,171978801173
0.0,0.0,0.0,0.0,0.0,0.0,0.0,0.0,0.0,19.0,80.0,176.0,134.0,1.6018480818705543,0.0,0.0,410.60184808187057,17,197,880118,1,171978801181
0.0,0.0,33.0,0.0,0.0,0.0,0.0,19.0,0.0,0.0,0.0,175.0,175.0,1.1427196507611599,0.0,0.0,403.14271965076114,17,197,880118,2,171978801182
28.0,0.0,34.0,0.0,0.0,31.0,25.0,0.0,31.0,0.0,213.0,216.0,155.0,0.28567991269028997,0.0,0.0,733.2856799126903,17,197,880118,3,171978801183
0.0,0.0,0.0,0.0,0.0,0.0,0.0,0.0,0.0,79.0,67.0,263.0,283.0,2.5201049440893435,0.0,0.0,694.5201049440893,17,197,880118,4,171978801184
141.0,18.0,27.0,27.0,57.0,69.0,135.0,90.0,105.0,90.0,162.0,162.0,423.0,1.5916452278459012,0.0,0.0,1507.591645227846,17,197,880119,1,171978801191
11.0,0.0,41.0,0.0,29.0,23.0,0.0,0.0,44.0,0.0,35.0,199.0,76.0,0.6529826575778056,0.0,0.0,458.6529826575778,17,197,880119,2,171978801192
0.0,0.0,0.0,0.0,0.0,0.0,22.0,0.0,41.0,22.0,0.0,245.0,22.0,2.5711192142126094,0.0,0.0,354.5711192142126,17,197,880119,3,171978801193
26.0,0.0,62.0,62.0,199.0,0.0,137.0,228.0,75.0,35.0,457.0,683.0,840.0,4.336212960477615,0.0,0.0,2808.3362129604775,17,197,880120,1,171978801201
44.0,0.0,0.0,112.0,126.0,34.0,54.0,102.0,194.0,150.0,352.0,550.0,646.0,5.162644136474525,0.0,0.0,2369.1626441364747,17,197,880120,2,171978801202
0.0,0.0,0.0,0.0,0.0,0.0,40.0,0.0,29.0,0.0,50.0,564.0,247.0,1.1835310668597727,0.0,0.0,931.1835310668598,17,197,880120,3,171978801203
0.0,0.0,0.0,0.0,0.0,63.0,60.0,28.0,0.0,0.0,209.0,89.0,213.0,0.9386625702680955,0.0,0.0,662.9386625702681,17,197,880121,1,171978801211
0.0,0.0,152.0,0.0,0.0,0.0,104.0,144.0,0.0,0.0,581.0,280.0,200.0,2.734364878607061,0.0,0.0,1463.734364878607,17,197,880121,2,171978801212
62.0,0.0,0.0,0.0,117.0,55.0,0.0,0.0,34.0,145.0,131.0,787.0,1009.0,4.387227230600882,0.0,0.0,2344.3872272306007,17,197,880121,3,171978801213
0.0,0.0,0.0,0.0,125.0,0.0,0.0,101.0,0.0,152.0,169.0,442.0,358.0,6.856317904566959,0.0,0.0,1353.856317904567,17,197,880121,4,171978801214
61.0,28.0,82.0,0.0,0.0,0.0,49.0,175.0,0.0,25.0,61.0,69.0,100.0,0.0,0.0,0.0,650.0,17,197,880202,1,171978802021
0.0,56.0,0.0,34.0,0.0,0.0,63.0,211.0,185.0,103.0,163.0,560.0,126.0,1.0917053806378938,0.0,0.0,1502.091705380638,17,197,880202,2,171978802022
28.0,102.0,178.0,0.0,198.0,68.0,147.0,39.0,22.0,127.0,170.0,471.0,170.0,1.3569795852788773,0.0,0.0,1721.3569795852789,17,197,880202,3,171978802023
73.0,57.0,134.0,196.0,0.0,53.0,146.0,84.0,350.0,358.0,130.0,107.0,80.0,0.46933128513404776,0.0,0.0,1768.469331285134,17,197,880203,1,171978802031
0.0,39.0,24.0,52.0,156.0,159.0,137.0,0.0,39.0,260.0,250.0,180.0,186.0,0.9896768403913616,0.0,0.0,1482.9896768403914,17,197,880203,2,171978802032
0.0,0.0,14.0,14.0,88.0,26.0,16.0,0.0,57.0,98.0,94.0,24.0,0.0,0.0,0.0,0.0,431.0,17,197,880203,3,171978802033
58.0,0.0,43.0,78.0,0.0,0.0,78.0,50.0,0.0,50.0,0.0,144.0,238.0,0.0,0.0,0.0,739.0,17,197,880204,1,171978802041
117.0,0.0,0.0,114.0,0.0,60.0,225.0,168.0,111.0,561.0,366.0,882.0,534.0,4.22398156620643,0.0,0.0,3142.2239815662065,17,197,880204,2,171978802042
105.0,0.0,38.0,139.0,154.0,0.0,140.0,63.0,31.0,91.0,29.0,29.0,22.0,0.19385422646841105,0.0,0.0,841.1938542264684,17,197,880204,3,171978802043
37.0,23.0,74.0,21.0,23.0,47.0,34.0,23.0,0.0,0.0,127.0,114.0,202.0,2.5711192142126094,0.0,0.0,727.5711192142126,17,197,880303,1,171978803031
52.0,0.0,22.0,39.0,0.0,55.0,0.0,0.0,0.0,130.0,55.0,269.0,247.0,1.4181967094267967,0.0,0.0,870.4181967094268,17,197,880303,2,171978803032
0.0,0.0,37.0,0.0,0.0,48.0,0.0,37.0,29.0,74.0,89.0,283.0,171.0,2.203816469325094,0.0,0.0,770.2038164693251,17,197,880303,3,171978803033
0.0,0.0,0.0,0.0,0.0,0.0,0.0,0.0,0.0,70.0,126.0,148.0,171.0,0.7550111978243377,0.0,0.0,515.7550111978244,17,197,880304,1,171978803041
87.0,0.0,0.0,0.0,0.0,0.0,33.0,0.0,0.0,0.0,165.0,64.0,87.0,2.305845009571626,0.0,0.0,438.3058450095716,17,197,880304,2,171978803042
0.0,0.0,0.0,164.0,0.0,47.0,0.0,0.0,17.0,41.0,23.0,167.0,131.0,1.7957023083389654,0.0,0.0,591.795702308339,17,197,880304,3,171978803043
0.0,65.0,31.0,0.0,0.0,0.0,0.0,0.0,0.0,25.0,34.0,134.0,278.0,2.295642155546973,0.0,0.0,569.295642155547,17,197,880304,4,171978803044
51.0,0.0,0.0,0.0,0.0,10.0,0.0,0.0,0.0,44.0,27.0,113.0,72.0,2.0915850750539087,0.0,0.0,319.0915850750539,17,197,880305,1,171978803051
28.0,0.0,17.0,0.0,0.0,0.0,0.0,31.0,60.0,0.0,169.0,148.0,112.0,1.3263710232049177,0.0,0.0,566.326371023205,17,197,880305,2,171978803052
44.0,0.0,6.0,0.0,3.0,22.0,0.0,0.0,0.0,31.0,138.0,15.0,22.0,1.1223139427118534,0.0,0.0,282.12231394271186,17,197,880305,3,171978803053
0.0,0.0,0.0,0.0,0.0,0.0,0.0,26.0,11.0,41.0,115.0,104.0,273.0,2.969030521174085,0.0,0.0,572.9690305211741,17,197,880305,4,171978803054
223.0,0.0,0.0,0.0,44.0,174.0,55.0,66.0,0.0,81.0,96.0,193.0,271.0,1.5100223956486754,0.0,0.0,1204.5100223956488,17,197,880306,1,171978803061
0.0,0.0,0.0,0.0,89.0,0.0,0.0,69.0,42.0,42.0,178.0,339.0,389.0,2.754770586656367,0.0,0.0,1150.7547705866564,17,197,880306,2,171978803062
33.0,0.0,162.0,51.0,151.0,99.0,55.0,0.0,55.0,118.0,170.0,299.0,292.0,6.672666532123201,0.0,0.0,1491.6726665321232,17,197,880306,3,171978803063
47.0,0.0,47.0,0.0,0.0,153.0,0.0,0.0,0.0,0.0,63.0,60.0,494.0,1.4590081255254095,0.0,0.0,865.4590081255254,17,197,880307,1,171978803071
193.0,121.0,100.0,40.0,0.0,35.0,16.0,26.0,66.0,35.0,454.0,258.0,248.0,0.7039969277010717,0.0,0.0,1592.7039969277012,17,197,880307,2,171978803072
138.0,0.0,76.0,76.0,0.0,0.0,0.0,193.0,58.0,230.0,76.0,70.0,119.0,0.5611569713559267,0.0,0.0,1036.561156971356,17,197,880307,3,171978803073
0.0,38.0,0.0,0.0,138.0,0.0,0.0,264.0,0.0,0.0,170.0,199.0,457.0,2.397670695793505,0.0,0.0,1268.3976706957935,17,197,880308,1,171978803081
134.0,0.0,0.0,79.0,107.0,0.0,124.0,44.0,138.0,197.0,0.0,792.0,768.0,8.080660387525345,0.0,0.0,2391.0806603875253,17,197,880308,2,171978803082
0.0,0.0,0.0,0.0,0.0,0.0,0.0,0.0,0.0,0.0,75.0,46.0,122.0,1.4590081255254095,0.0,0.0,244.4590081255254,17,197,880308,3,171978803083
0.0,0.0,0.0,0.0,0.0,0.0,0.0,0.0,0.0,0.0,103.0,182.0,67.0,1.1733282128351195,0.0,0.0,353.17332821283514,17,197,880309,1,171978803091
20.0,0.0,0.0,20.0,32.0,23.0,26.0,0.0,0.0,104.0,84.0,104.0,139.0,1.2447481910076919,0.0,0.0,553.2447481910077,17,197,880309,2,171978803092
0.0,0.0,0.0,0.0,40.0,0.0,0.0,0.0,44.0,0.0,0.0,0.0,349.0,3.1424790395931894,0.0,0.0,436.1424790395932,17,197,880309,3,171978803093
0.0,0.0,0.0,0.0,0.0,0.0,0.0,0.0,0.0,0.0,0.0,111.0,154.0,2.193613615300441,0.0,0.0,267.1936136153004,17,197,880309,4,171978803094
184.0,42.0,168.0,214.0,145.0,59.0,151.0,178.0,627.0,917.0,663.0,1920.0,1382.0,21.579036262141546,0.0,0.0,6671.579036262142,17,197,880310,1,171978803101
147.0,0.0,0.0,56.0,42.0,35.0,0.0,0.0,0.0,70.0,756.0,362.0,598.0,9.192771476212544,0.0,0.0,2075.1927714762123,17,197,880312,1,171978803121
30.0,0.0,0.0,0.0,97.0,48.0,27.0,42.0,30.0,198.0,36.0,167.0,64.0,3.071059061420617,0.0,0.0,742.0710590614207,17,197,880312,2,171978803122
65.0,0.0,0.0,42.0,0.0,45.0,91.0,32.0,147.0,59.0,328.0,833.0,685.0,6.98895500688745,0.0,0.0,2333.9889550068874,17,197,880313,1,171978803131
131.0,0.0,0.0,78.0,234.0,280.0,42.0,213.0,205.0,418.0,1157.0,685.0,887.0,11.43739936163625,0.0,0.0,4341.437399361636,17,197,880313,2,171978803132
29.0,0.0,0.0,0.0,26.0,68.0,22.0,0.0,35.0,133.0,130.0,162.0,256.0,0.6223740955038459,0.0,0.0,861.6223740955038,17,197,880314,1,171978803141
0.0,0.0,31.0,0.0,0.0,63.0,82.0,185.0,15.0,0.0,189.0,612.0,774.0,13.702432955109265,0.0,0.0,1964.7024329551093,17,197,880314,2,171978803142
489.0,0.0,93.0,82.0,48.0,82.0,157.0,205.0,437.0,1383.0,598.0,766.0,669.0,8.509180256560779,0.0,0.0,5017.509180256561,17,197,880404,1,171978804041
0.0,32.0,106.0,37.0,29.0,0.0,74.0,19.0,128.0,89.0,277.0,198.0,181.0,0.5815626794052331,0.0,0.0,1170.5815626794051,17,197,880404,2,171978804042
114.0,0.0,105.0,108.0,0.0,0.0,64.0,0.0,0.0,97.0,358.0,123.0,320.0,0.6529826575778056,0.0,0.0,1289.6529826575777,17,197,880404,3,171978804043
54.0,0.0,0.0,0.0,0.0,21.0,0.0,42.0,51.0,0.0,186.0,153.0,189.0,2.754770586656367,0.0,0.0,698.7547705866564,17,197,880404,4,171978804044
37.0,0.0,94.0,0.0,0.0,41.0,45.0,206.0,75.0,0.0,97.0,334.0,594.0,1.6018480818705543,0.0,0.0,1524.6018480818705,17,197,880408,1,171978804081
235.0,0.0,0.0,144.0,45.0,21.0,48.0,69.0,123.0,78.0,114.0,413.0,501.0,0.1530428103697982,0.0,0.0,1791.1530428103697,17,197,880408,2,171978804082
97.0,0.0,115.0,42.0,30.0,91.0,121.0,85.0,0.0,161.0,231.0,243.0,48.0,0.8366340300215634,0.0,0.0,1264.8366340300215,17,197,880408,3,171978804083
0.0,0.0,0.0,221.0,182.0,0.0,245.0,0.0,245.0,412.0,93.0,373.0,501.0,11.702673566277236,0.0,0.0,2283.702673566277,17,197,880410,1,171978804101
81.0,62.0,0.0,48.0,0.0,111.0,88.0,436.0,44.0,321.0,1047.0,1187.0,821.0,4.264792982305043,0.0,0.0,4250.264792982305,17,197,880410,2,171978804102
23.0,0.0,0.0,125.0,32.0,0.0,0.0,0.0,0.0,38.0,92.0,154.0,202.0,0.44892557708474135,0.0,0.0,666.4489255770848,17,197,880411,1,171978804111
0.0,0.0,26.0,20.0,35.0,44.0,47.0,0.0,56.0,106.0,186.0,254.0,328.0,3.101667623494577,0.0,0.0,1105.1016676234947,17,197,880411,2,171978804112
0.0,0.0,0.0,0.0,0.0,0.0,0.0,23.0,0.0,63.0,109.0,20.0,89.0,0.0,0.0,0.0,304.0,17,197,880411,3,171978804113
0.0,24.0,0.0,24.0,0.0,0.0,0.0,27.0,130.0,155.0,24.0,319.0,279.0,0.6427798035531523,0.0,0.0,982.6427798035531,17,197,880412,1,171978804121
0.0,48.0,0.0,67.0,29.0,0.0,10.0,89.0,0.0,13.0,341.0,254.0,46.0,0.2448684965916771,0.0,0.0,897.2448684965917,17,197,880412,2,171978804122
0.0,68.0,27.0,0.0,0.0,23.0,41.0,54.0,0.0,335.0,123.0,489.0,410.0,1.7446880382156993,0.0,0.0,1571.7446880382156,17,197,880412,3,171978804123
20.0,0.0,0.0,24.0,13.0,0.0,82.0,0.0,103.0,82.0,199.0,381.0,313.0,0.908054008194136,0.0,0.0,1217.908054008194,17,197,880414,1,171978804141
55.0,0.0,49.0,19.0,44.0,210.0,0.0,0.0,77.0,77.0,182.0,130.0,66.0,0.3877084529368221,0.0,0.0,909.3877084529369,17,197,880414,2,171978804142
24.0,81.0,18.0,69.0,213.0,48.0,165.0,39.0,60.0,81.0,213.0,204.0,144.0,2.0201650968813363,0.0,0.0,1361.0201650968813,17,197,880414,3,171978804143
33.0,37.0,67.0,246.0,273.0,70.0,0.0,300.0,358.0,645.0,1115.0,1253.0,746.0,3.162884747642496,0.0,0.0,5146.162884747642,17,197,880415,1,171978804151
97.0,27.0,0.0,57.0,33.0,0.0,88.0,69.0,0.0,0.0,161.0,361.0,191.0,0.6121712414791928,0.0,0.0,1084.6121712414792,17,197,880415,2,171978804152
19.0,0.0,0.0,11.0,45.0,107.0,0.0,22.0,53.0,311.0,251.0,195.0,48.0,0.5101427012326606,0.0,0.0,1062.5101427012326,17,197,880416,1,171978804161
0.0,0.0,110.0,110.0,0.0,220.0,0.0,23.0,20.0,304.0,145.0,551.0,52.0,2.009962242856683,0.0,0.0,1537.0099622428568,17,197,880416,2,171978804162
23.0,36.0,59.0,0.0,0.0,23.0,12.0,64.0,85.0,51.0,178.0,157.0,80.0,0.336694182813556,0.0,0.0,768.3366941828135,17,197,880417,1,171978804171
61.0,0.0,22.0,19.0,36.0,16.0,0.0,0.0,86.0,195.0,220.0,309.0,212.0,0.1632456643944514,0.0,0.0,1176.1632456643945,17,197,880417,2,171978804172
0.0,0.0,0.0,0.0,0.0,0.0,55.0,0.0,0.0,114.0,104.0,192.0,107.0,1.1325167967365066,0.0,0.0,573.1325167967365,17,197,880418,1,171978804181
0.0,0.0,0.0,34.0,60.0,0.0,0.0,0.0,117.0,511.0,53.0,272.0,466.0,2.122193637127868,0.0,0.0,1515.1221936371278,17,197,880418,2,171978804182
27.0,0.0,0.0,0.0,0.0,0.0,61.0,34.0,89.0,77.0,69.0,135.0,228.0,1.6936737680924332,0.0,0.0,721.6936737680925,17,197,880418,3,171978804183
141.0,39.0,57.0,87.0,0.0,45.0,198.0,0.0,0.0,348.0,198.0,351.0,285.0,0.9488654242927488,0.0,0.0,1749.9488654242928,17,197,880419,1,171978804191
0.0,0.0,0.0,116.0,146.0,0.0,176.0,67.0,304.0,763.0,601.0,2037.0,755.0,4.9483842019568085,0.0,0.0,4969.948384201957,17,197,880419,2,171978804192
153.0,0.0,0.0,0.0,80.0,76.0,205.0,0.0,64.0,48.0,789.0,1346.0,455.0,2.499699236040037,0.0,0.0,3218.49969923604,17,197,880420,1,171978804201
108.0,0.0,272.0,82.0,234.0,41.0,0.0,179.0,305.0,410.0,1286.0,1350.0,734.0,11.794499252499113,0.0,0.0,5012.794499252499,17,197,880420,2,171978804202
0.0,0.0,256.0,0.0,15.0,38.0,0.0,99.0,103.0,0.0,111.0,662.0,551.0,5.7033953997811455,0.0,0.0,1840.7033953997811,17,197,880421,1,171978804211
0.0,62.0,84.0,24.0,0.0,24.0,0.0,31.0,59.0,56.0,271.0,455.0,118.0,1.4283995634514497,0.0,0.0,1185.4283995634514,17,197,880421,2,171978804212
8.0,0.0,26.0,106.0,0.0,0.0,53.0,29.0,79.0,88.0,79.0,112.0,38.0,0.4183170150107817,0.0,0.0,618.4183170150108,17,197,880421,3,171978804213
0.0,0.0,0.0,25.0,40.0,201.0,66.0,0.0,100.0,53.0,211.0,258.0,343.0,0.5713598253805799,0.0,0.0,1297.5713598253806,17,197,880502,1,171978805021
77.0,0.0,118.0,85.0,82.0,57.0,46.0,33.0,0.0,101.0,239.0,27.0,27.0,0.7856197598982974,0.0,0.0,892.7856197598983,17,197,880502,2,171978805022
184.0,18.0,21.0,24.0,0.0,15.0,21.0,0.0,24.0,74.0,115.0,421.0,143.0,0.0,0.0,0.0,1060.0,17,197,880502,3,171978805023
0.0,0.0,50.0,28.0,25.0,41.0,0.0,28.0,22.0,82.0,262.0,170.0,224.0,0.0,0.0,0.0,932.0,17,197,880502,4,171978805024
0.0,29.0,60.0,154.0,113.0,29.0,49.0,23.0,288.0,248.0,117.0,517.0,98.0,0.11223139427118534,0.0,0.0,1725.1122313942712,17,197,880503,1,171978805031
0.0,26.0,0.0,30.0,0.0,0.0,0.0,53.0,0.0,314.0,11.0,117.0,151.0,2.815987710804287,0.0,0.0,704.8159877108043,17,197,880503,2,171978805032
45.0,70.0,135.0,40.0,39.0,49.0,98.0,126.0,23.0,173.0,92.0,95.0,23.0,0.49993984720800744,0.0,0.0,1008.499939847208,17,197,880503,3,171978805033
0.0,0.0,0.0,140.0,47.0,0.0,42.0,0.0,81.0,0.0,196.0,162.0,103.0,0.28567991269028997,0.0,0.0,771.2856799126903,17,197,880505,1,171978805051
0.0,0.0,0.0,0.0,407.0,184.0,215.0,38.0,0.0,389.0,1005.0,1369.0,729.0,1.7650937462650058,0.0,0.0,4337.765093746265,17,197,880505,2,171978805052
0.0,0.0,0.0,0.0,0.0,0.0,0.0,0.0,189.0,64.0,226.0,138.0,157.0,1.3671824393035306,0.0,0.0,775.3671824393035,17,197,880505,3,171978805053
0.0,37.0,51.0,0.0,58.0,65.0,48.0,34.0,65.0,300.0,151.0,189.0,34.0,0.8060254679476038,0.0,0.0,1032.8060254679476,17,197,880505,4,171978805054
598.0,0.0,92.0,73.0,0.0,208.0,281.0,393.0,92.0,802.0,648.0,1289.0,934.0,2.9894362292233914,0.0,0.0,5412.989436229223,17,197,880507,1,171978805071
100.0,149.0,72.0,67.0,0.0,351.0,67.0,72.0,32.0,142.0,165.0,144.0,74.0,0.3979113069614753,0.0,0.0,1435.3979113069615,17,197,880507,2,171978805072
0.0,36.0,203.0,30.0,41.0,117.0,139.0,66.0,66.0,178.0,97.0,259.0,242.0,2.846596272878246,0.0,0.0,1476.8465962728783,17,197,880601,1,171978806011
0.0,0.0,0.0,26.0,0.0,82.0,64.0,66.0,73.0,93.0,57.0,341.0,95.0,1.7140794761417397,0.0,0.0,898.7140794761417,17,197,880601,2,171978806012
45.0,0.0,13.0,61.0,0.0,135.0,0.0,91.0,48.0,65.0,76.0,203.0,0.0,0.6019683874545395,0.0,0.0,737.6019683874546,17,197,880602,1,171978806021
22.0,49.0,110.0,71.0,76.0,17.0,103.0,0.0,17.0,108.0,120.0,408.0,73.0,1.346776731254224,0.0,0.0,1175.3467767312543,17,197,880602,2,171978806022
135.0,0.0,154.0,126.0,0.0,26.0,0.0,0.0,14.0,71.0,114.0,69.0,149.0,1.6936737680924332,0.0,0.0,859.6936737680925,17,197,880602,3,171978806023
195.0,21.0,66.0,138.0,95.0,19.0,204.0,154.0,61.0,147.0,473.0,357.0,309.0,2.9078133970261657,0.0,0.0,2241.907813397026,17,197,880701,1,171978807011
110.0,50.0,207.0,24.0,67.0,187.0,0.0,50.0,45.0,214.0,91.0,359.0,279.0,0.9488654242927488,0.0,0.0,1683.9488654242928,17,197,880701,2,171978807012
73.0,102.0,49.0,144.0,60.0,118.0,89.0,21.0,15.0,52.0,294.0,102.0,0.0,0.0,0.0,0.0,1119.0,17,197,880702,1,171978807021
0.0,0.0,7.0,10.0,21.0,24.0,96.0,14.0,7.0,199.0,167.0,99.0,0.0,0.46933128513404776,0.0,0.0,644.4693312851341,17,197,880702,2,171978807022
65.0,125.0,14.0,105.0,71.0,0.0,60.0,68.0,102.0,0.0,97.0,77.0,80.0,0.0,0.0,0.0,864.0,17,197,880702,3,171978807023
258.0,221.0,242.0,219.0,468.0,295.0,212.0,217.0,395.0,281.0,515.0,711.0,242.0,2.7955820027549803,0.0,0.0,4278.795582002755,17,197,880901,1,171978809011
30.0,0.0,173.0,0.0,27.0,25.0,186.0,70.0,0.0,80.0,335.0,325.0,226.0,1.6426594979691673,0.0,0.0,1478.6426594979691,17,197,880901,2,171978809012
276.0,103.0,183.0,142.0,113.0,136.0,175.0,26.0,98.0,76.0,39.0,65.0,0.0,0.5203455552573139,0.0,0.0,1432.5203455552573,17,197,880903,1,171978809031
80.0,107.0,0.0,0.0,220.0,25.0,90.0,62.0,17.0,228.0,65.0,140.0,35.0,0.20405708049306426,0.0,0.0,1069.2040570804932,17,197,880903,2,171978809032
18.0,63.0,34.0,21.0,44.0,15.0,39.0,158.0,36.0,137.0,142.0,163.0,192.0,1.4181967094267967,0.0,0.0,1063.4181967094269,17,197,880905,1,171978809051
0.0,30.0,140.0,28.0,15.0,0.0,76.0,107.0,51.0,209.0,268.0,215.0,46.0,0.0,0.0,0.0,1185.0,17,197,880905,2,171978809052
0.0,0.0,71.0,101.0,112.0,54.0,19.0,27.0,0.0,73.0,161.0,63.0,169.0,1.1427196507611599,0.0,0.0,851.1427196507611,17,197,881001,1,171978810011
46.0,0.0,26.0,23.0,17.0,0.0,0.0,185.0,0.0,174.0,255.0,220.0,330.0,1.4998195416240223,0.0,0.0,1277.499819541624,17,197,881001,2,171978810012
0.0,0.0,74.0,0.0,0.0,30.0,30.0,33.0,0.0,0.0,101.0,227.0,389.0,0.44892557708474135,0.0,0.0,884.4489255770848,17,197,881001,3,171978810013
51.0,0.0,0.0,0.0,31.0,28.0,33.0,111.0,25.0,77.0,176.0,160.0,103.0,1.2345453369830388,0.0,0.0,796.234545336983,17,197,881001,4,171978810014
0.0,0.0,0.0,30.0,0.0,54.0,0.0,0.0,44.0,98.0,204.0,231.0,149.0,1.2447481910076919,0.0,0.0,811.2447481910077,17,197,881002,1,171978810021
77.0,0.0,25.0,0.0,0.0,0.0,61.0,79.0,64.0,115.0,41.0,102.0,213.0,0.6529826575778056,0.0,0.0,777.6529826575778,17,197,881002,2,171978810022
32.0,0.0,0.0,32.0,0.0,97.0,43.0,0.0,0.0,54.0,83.0,347.0,322.0,2.397670695793505,0.0,0.0,1012.3976706957935,17,197,881002,3,171978810023
49.0,212.0,154.0,73.0,70.0,31.0,34.0,0.0,0.0,70.0,131.0,306.0,149.0,1.6528623519938204,0.0,0.0,1280.652862351994,17,197,881002,4,171978810024
0.0,19.0,13.0,39.0,0.0,47.0,22.0,39.0,22.0,78.0,30.0,287.0,167.0,1.816108016388272,0.0,0.0,764.8161080163883,17,197,881005,1,171978810051
0.0,19.0,61.0,0.0,0.0,66.0,64.0,41.0,27.0,36.0,239.0,64.0,195.0,1.4181967094267967,0.0,0.0,813.4181967094268,17,197,881005,2,171978810052
0.0,22.0,17.0,0.0,0.0,42.0,0.0,28.0,74.0,45.0,37.0,102.0,211.0,0.42851986903543493,0.0,0.0,578.4285198690354,17,197,881005,3,171978810053
36.0,12.0,0.0,18.0,113.0,46.0,42.0,79.0,42.0,49.0,171.0,316.0,101.0,1.0917053806378938,0.0,0.0,1026.091705380638,17,197,881006,1,171978810061
0.0,12.0,35.0,19.0,54.0,29.0,22.0,19.0,6.0,103.0,167.0,348.0,174.0,1.5406309577226351,0.0,0.0,989.5406309577227,17,197,881006,2,171978810062
23.0,0.0,0.0,37.0,0.0,64.0,105.0,47.0,119.0,0.0,333.0,724.0,401.0,2.4894963820153837,0.0,0.0,1855.4894963820154,17,197,881007,1,171978810071
104.0,0.0,0.0,50.0,164.0,35.0,101.0,98.0,89.0,89.0,502.0,230.0,529.0,4.356618668526922,0.0,0.0,1995.3566186685268,17,197,881007,2,171978810072
55.0,55.0,48.0,270.0,121.0,48.0,0.0,0.0,45.0,201.0,197.0,482.0,947.0,1.7957023083389654,0.0,0.0,2470.795702308339,17,197,881009,1,171978810091
0.0,0.0,39.0,84.0,0.0,0.0,168.0,42.0,44.0,567.0,916.0,578.0,696.0,1.5712395197965947,0.0,0.0,3135.5712395197966,17,197,881009,2,171978810092
70.0,0.0,85.0,58.0,170.0,105.0,220.0,326.0,126.0,285.0,358.0,520.0,529.0,2.2752364474976665,0.0,0.0,2854.2752364474977,17,197,881010,1,171978810101
38.0,0.0,0.0,116.0,13.0,75.0,25.0,30.0,38.0,136.0,311.0,227.0,63.0,1.8059051623636186,0.0,0.0,1073.8059051623636,17,197,881011,1,171978810111
97.0,24.0,132.0,64.0,0.0,78.0,32.0,40.0,40.0,59.0,99.0,221.0,283.0,1.4590081255254095,0.0,0.0,1170.4590081255253,17,197,881011,2,171978810112
0.0,0.0,15.0,12.0,0.0,0.0,91.0,12.0,0.0,85.0,140.0,214.0,107.0,0.9896768403913616,0.0,0.0,676.9896768403913,17,197,881012,1,171978810121
0.0,18.0,0.0,0.0,10.0,0.0,0.0,0.0,18.0,25.0,79.0,98.0,159.0,3.1424790395931894,0.0,0.0,410.1424790395932,17,197,881012,2,171978810122
0.0,26.0,52.0,14.0,35.0,11.0,46.0,32.0,0.0,55.0,76.0,225.0,143.0,1.96915082675807,0.0,0.0,716.9691508267581,17,197,881012,3,171978810123
159.0,58.0,0.0,70.0,138.0,0.0,0.0,42.0,119.0,199.0,184.0,325.0,104.0,0.9692711323420552,0.0,0.0,1398.969271132342,17,197,881105,1,171978811051
23.0,0.0,0.0,32.0,38.0,0.0,44.0,95.0,38.0,0.0,157.0,204.0,133.0,3.632216032776544,0.0,0.0,767.6322160327766,17,197,881105,2,171978811052
0.0,0.0,49.0,0.0,0.0,0.0,84.0,0.0,63.0,260.0,38.0,214.0,309.0,3.4791732224067453,0.0,0.0,1020.4791732224068,17,197,881105,3,171978811053
56.0,103.0,18.0,103.0,0.0,95.0,101.0,18.0,28.0,106.0,157.0,375.0,176.0,1.2651538990569984,0.0,0.0,1337.265153899057,17,197,881107,1,171978811071
62.0,0.0,47.0,130.0,27.0,0.0,85.0,47.0,57.0,95.0,122.0,260.0,217.0,0.9896768403913616,0.0,0.0,1149.9896768403914,17,197,881107,2,171978811072
117.0,46.0,55.0,77.0,173.0,123.0,98.0,0.0,123.0,228.0,506.0,877.0,642.0,4.060735901811978,0.0,0.0,3069.0607359018118,17,197,881108,1,171978811081
0.0,0.0,0.0,34.0,154.0,0.0,133.0,55.0,98.0,32.0,200.0,122.0,154.0,3.5914046166779308,0.0,0.0,985.5914046166779,17,197,881108,2,171978811082
15.0,0.0,33.0,21.0,33.0,0.0,71.0,46.0,0.0,67.0,95.0,506.0,120.0,1.9181365566348039,0.0,0.0,1008.9181365566347,17,197,881109,1,171978811091
0.0,43.0,0.0,29.0,0.0,0.0,27.0,129.0,62.0,98.0,152.0,102.0,0.0,0.13263710232049175,0.0,0.0,642.1326371023205,17,197,881109,2,171978811092
0.0,65.0,0.0,0.0,0.0,88.0,168.0,0.0,0.0,80.0,403.0,192.0,933.0,2.305845009571626,0.0,0.0,1931.3058450095716,17,197,881109,3,171978811093
41.0,25.0,10.0,56.0,30.0,49.0,23.0,38.0,47.0,125.0,125.0,118.0,32.0,0.3877084529368221,0.0,0.0,719.3877084529369,17,197,881111,1,171978811111
0.0,73.0,47.0,0.0,17.0,0.0,0.0,20.0,0.0,0.0,17.0,164.0,294.0,1.1325167967365066,0.0,0.0,633.1325167967365,17,197,881111,2,171978811112
0.0,43.0,0.0,0.0,17.0,60.0,37.0,0.0,121.0,17.0,367.0,205.0,109.0,0.3162884747642496,0.0,0.0,976.3162884747643,17,197,881111,3,171978811113
24.0,21.0,0.0,0.0,64.0,27.0,85.0,0.0,27.0,141.0,116.0,396.0,402.0,2.2854393015223198,0.0,0.0,1305.2854393015223,17,197,881112,1,171978811121
36.0,49.0,104.0,154.0,194.0,0.0,144.0,43.0,126.0,67.0,474.0,652.0,505.0,3.417956098258826,0.0,0.0,2551.417956098259,17,197,881112,2,171978811122
0.0,0.0,53.0,0.0,0.0,33.0,0.0,0.0,29.0,193.0,106.0,236.0,143.0,0.49993984720800744,0.0,0.0,793.499939847208,17,197,881113,1,171978811131
0.0,0.0,0.0,0.0,0.0,0.0,98.0,26.0,69.0,83.0,28.0,98.0,147.0,0.7346054897750313,0.0,0.0,549.734605489775,17,197,881113,2,171978811132
30.0,181.0,53.0,26.0,0.0,26.0,40.0,26.0,0.0,43.0,137.0,473.0,211.0,0.6835912196517653,0.0,0.0,1246.6835912196518,17,197,881113,3,171978811133
72.0,0.0,69.0,94.0,265.0,69.0,98.0,0.0,109.0,54.0,174.0,127.0,214.0,2.111990783103215,0.0,0.0,1347.1119907831032,17,197,881115,1,171978811151
0.0,0.0,0.0,24.0,0.0,0.0,0.0,76.0,103.0,30.0,125.0,308.0,98.0,1.8059051623636186,0.0,0.0,765.8059051623636,17,197,881115,2,171978811152
47.0,0.0,55.0,0.0,0.0,0.0,0.0,102.0,0.0,102.0,55.0,218.0,382.0,0.7856197598982974,0.0,0.0,961.7856197598983,17,197,881115,3,171978811153
0.0,142.0,23.0,19.0,0.0,89.0,72.0,69.0,82.0,125.0,145.0,261.0,400.0,2.4894963820153837,0.0,0.0,1429.4894963820154,17,197,881116,1,171978811161
0.0,0.0,0.0,0.0,106.0,103.0,0.0,87.0,19.0,219.0,45.0,206.0,348.0,3.948504507540793,0.0,0.0,1136.9485045075407,17,197,881116,2,171978811162
570.0,65.0,97.0,97.0,97.0,149.0,123.0,74.0,0.0,29.0,78.0,48.0,195.0,0.09182568622187891,0.0,0.0,1622.091825686222,17,197,881200,1,171978812001
84.0,74.0,102.0,0.0,102.0,45.0,38.0,17.0,0.0,120.0,105.0,183.0,0.0,0.0,0.0,0.0,870.0,17,197,881200,2,171978812002
0.0,60.0,103.0,110.0,78.0,96.0,75.0,75.0,0.0,82.0,118.0,304.0,196.0,0.21425993451771747,0.0,0.0,1297.2142599345177,17,197,881200,3,171978812003
216.0,51.0,97.0,80.0,158.0,20.0,103.0,80.0,20.0,23.0,89.0,138.0,72.0,0.28567991269028997,0.0,0.0,1147.2856799126903,17,197,881200,4,171978812004
118.0,36.0,73.0,85.0,203.0,69.0,0.0,28.0,77.0,146.0,56.0,142.0,146.0,0.0,0.0,0.0,1179.0,17,197,881301,1,171978813011
61.0,94.0,214.0,251.0,206.0,280.0,177.0,53.0,49.0,0.0,251.0,98.0,24.0,0.0,0.0,0.0,1758.0,17,197,881301,2,171978813012
19.0,100.0,123.0,73.0,0.0,157.0,100.0,26.0,77.0,38.0,107.0,38.0,115.0,0.0,0.0,0.0,973.0,17,197,881302,1,171978813021
70.0,28.0,73.0,189.0,105.0,0.0,0.0,41.0,32.0,138.0,54.0,0.0,60.0,0.0,0.0,0.0,790.0,17,197,881302,2,171978813022
0.0,0.0,69.0,144.0,119.0,29.0,149.0,64.0,109.0,62.0,92.0,37.0,0.0,0.0,0.0,0.0,874.0,17,197,881401,1,171978814011
42.0,0.0,0.0,40.0,29.0,0.0,78.0,69.0,19.0,61.0,154.0,55.0,0.0,0.0,0.0,0.0,547.0,17,197,881401,2,171978814012
57.0,0.0,57.0,28.0,0.0,215.0,235.0,209.0,6.0,167.0,215.0,177.0,0.0,0.816228321972257,0.0,0.0,1366.8162283219722,17,197,881401,3,171978814013
47.0,15.0,28.0,41.0,75.0,102.0,49.0,70.0,0.0,170.0,96.0,259.0,83.0,0.3979113069614753,0.0,0.0,1035.3979113069615,17,197,881402,1,171978814021
47.0,0.0,77.0,107.0,17.0,86.0,23.0,44.0,50.0,23.0,161.0,110.0,41.0,0.3570998908628624,0.0,0.0,786.3570998908629,17,197,881402,2,171978814022
13.0,78.0,85.0,0.0,0.0,203.0,47.0,0.0,20.0,15.0,58.0,239.0,35.0,0.6835912196517653,0.0,0.0,793.6835912196518,17,197,881402,3,171978814023
62.0,0.0,53.0,40.0,18.0,128.0,100.0,12.0,159.0,147.0,156.0,234.0,112.0,0.5713598253805799,0.0,0.0,1221.5713598253806,17,197,881500,1,171978815001
18.0,23.0,12.0,49.0,0.0,23.0,0.0,77.0,80.0,64.0,274.0,129.0,119.0,1.734485184191046,0.0,0.0,869.734485184191,17,197,881500,2,171978815002
60.0,33.0,96.0,12.0,16.0,16.0,43.0,21.0,106.0,0.0,53.0,147.0,101.0,0.9590682783174019,0.0,0.0,704.9590682783174,17,197,881500,3,171978815003
0.0,0.0,28.0,11.0,75.0,11.0,9.0,0.0,25.0,44.0,59.0,129.0,37.0,1.101908234662547,0.0,0.0,429.1019082346626,17,197,881601,1,171978816011
42.0,90.0,45.0,18.0,108.0,108.0,56.0,9.0,15.0,90.0,105.0,204.0,108.0,0.5203455552573139,0.0,0.0,998.5203455552573,17,197,881601,2,171978816012
33.0,21.0,0.0,0.0,105.0,24.0,51.0,120.0,27.0,54.0,220.0,289.0,259.0,0.0,0.0,0.0,1203.0,17,197,881603,1,171978816031
73.0,175.0,167.0,198.0,210.0,38.0,150.0,131.0,187.0,239.0,216.0,59.0,15.0,0.0,0.0,0.0,1858.0,17,197,881603,2,171978816032
39.0,0.0,0.0,0.0,0.0,42.0,13.0,42.0,0.0,180.0,150.0,528.0,104.0,0.9692711323420552,0.0,0.0,1098.969271132342,17,197,881604,1,171978816041
129.0,65.0,78.0,60.0,270.0,80.0,150.0,114.0,31.0,118.0,163.0,189.0,11.0,0.4183170150107817,0.0,0.0,1458.4183170150109,17,197,881604,2,171978816042
23.0,49.0,12.0,44.0,0.0,27.0,53.0,14.0,12.0,97.0,51.0,55.0,64.0,0.1632456643944514,0.0,0.0,501.1632456643944,17,197,881700,1,171978817001
61.0,43.0,15.0,36.0,87.0,23.0,77.0,20.0,49.0,59.0,190.0,206.0,79.0,1.2345453369830388,0.0,0.0,946.234545336983,17,197,881700,2,171978817002
63.0,0.0,0.0,17.0,91.0,56.0,61.0,0.0,0.0,53.0,173.0,308.0,84.0,1.0406911105146277,0.0,0.0,907.0406911105147,17,197,881700,3,171978817003
0.0,95.0,22.0,190.0,219.0,0.0,26.0,111.0,131.0,82.0,141.0,216.0,108.0,0.0,0.0,0.0,1341.0,17,197,881800,1,171978818001
43.0,0.0,83.0,45.0,31.0,80.0,22.0,40.0,0.0,218.0,109.0,57.0,0.0,0.0,0.0,0.0,728.0,17,197,881800,2,171978818002
21.0,72.0,0.0,0.0,66.0,156.0,75.0,102.0,0.0,0.0,93.0,21.0,0.0,0.0,0.0,0.0,606.0,17,197,881800,3,171978818003
25.0,21.0,86.0,141.0,28.0,0.0,141.0,83.0,0.0,181.0,97.0,238.0,57.0,0.6631855116024589,0.0,0.0,1098.6631855116025,17,197,881800,4,171978818004
32.0,25.0,116.0,288.0,0.0,135.0,43.0,29.0,113.0,54.0,233.0,237.0,0.0,0.0,0.0,0.0,1305.0,17,197,881900,1,171978819001
140.0,48.0,36.0,103.0,0.0,57.0,11.0,66.0,20.0,29.0,20.0,64.0,0.0,0.0,0.0,0.0,594.0,17,197,881900,2,171978819002
428.0,13.0,23.0,18.0,12.0,30.0,12.0,0.0,10.0,0.0,0.0,0.0,0.0,0.0,0.0,0.0,546.0,17,197,881900,3,171978819003
243.0,70.0,202.0,137.0,14.0,164.0,70.0,0.0,128.0,0.0,111.0,52.0,0.0,0.0,0.0,0.0,1191.0,17,197,881900,4,171978819004
108.0,29.0,208.0,171.0,29.0,48.0,167.0,14.0,67.0,37.0,149.0,89.0,0.0,0.0,0.0,0.0,1116.0,17,197,882000,1,171978820001
91.0,0.0,142.0,17.0,204.0,20.0,47.0,71.0,17.0,57.0,44.0,47.0,0.0,0.5509541173312735,0.0,0.0,757.5509541173312,17,197,882000,2,171978820002
330.0,149.0,66.0,52.0,36.0,22.0,40.0,6.0,0.0,40.0,19.0,0.0,27.0,0.0,0.0,0.0,787.0,17,197,882000,3,171978820003
30.0,15.0,142.0,221.0,0.0,94.0,41.0,33.0,67.0,82.0,225.0,124.0,135.0,0.0,0.0,0.0,1209.0,17,197,882100,1,171978821001
222.0,163.0,159.0,167.0,58.0,62.0,37.0,41.0,87.0,108.0,71.0,196.0,0.0,0.5101427012326606,0.0,0.0,1371.5101427012326,17,197,882100,2,171978821002
31.0,107.0,0.0,70.0,5.0,0.0,99.0,59.0,62.0,22.0,0.0,31.0,0.0,0.0,0.0,0.0,486.0,17,197,882200,1,171978822001
71.0,86.0,0.0,80.0,0.0,19.0,0.0,19.0,97.0,73.0,91.0,123.0,23.0,0.0,0.0,0.0,682.0,17,197,882200,2,171978822002
40.0,73.0,215.0,390.0,65.0,171.0,105.0,324.0,91.0,116.0,178.0,332.0,138.0,0.9284597162434424,0.0,0.0,2238.9284597162437,17,197,882200,3,171978822003
147.0,65.0,182.0,28.0,135.0,103.0,40.0,94.0,31.0,0.0,113.0,128.0,0.0,0.0,0.0,0.0,1066.0,17,197,882200,4,171978822004
76.0,31.0,108.0,95.0,165.0,73.0,19.0,146.0,162.0,76.0,181.0,365.0,139.0,0.44892557708474135,0.0,0.0,1636.4489255770848,17,197,882300,1,171978823001
41.0,41.0,67.0,86.0,78.0,242.0,167.0,26.0,46.0,109.0,240.0,148.0,88.0,0.7141997817257248,0.0,0.0,1379.7141997817257,17,197,882300,2,171978823002
108.0,97.0,138.0,29.0,92.0,211.0,48.0,0.0,0.0,138.0,92.0,181.0,0.0,0.0,0.0,0.0,1134.0,17,197,882300,3,171978823003
161.0,16.0,125.0,121.0,129.0,48.0,254.0,234.0,181.0,52.0,121.0,137.0,64.0,0.4897369931833542,0.0,0.0,1643.4897369931834,17,197,882400,1,171978824001
40.0,178.0,0.0,90.0,97.0,0.0,57.0,67.0,0.0,43.0,283.0,141.0,0.0,0.6529826575778056,0.0,0.0,996.6529826575778,17,197,882400,2,171978824002
70.0,13.0,70.0,230.0,26.0,53.0,73.0,20.0,33.0,10.0,56.0,103.0,43.0,0.2652742046409835,0.0,0.0,800.265274204641,17,197,882400,3,171978824003
392.0,292.0,135.0,64.0,112.0,97.0,44.0,14.0,0.0,38.0,26.0,32.0,59.0,0.0,0.0,0.0,1305.0,17,197,882500,1,171978825001
87.0,43.0,97.0,75.0,9.0,15.0,125.0,0.0,157.0,72.0,72.0,182.0,0.0,0.6019683874545395,0.0,0.0,934.6019683874546,17,197,882500,2,171978825002
86.0,0.0,86.0,33.0,15.0,24.0,43.0,46.0,86.0,71.0,111.0,284.0,111.0,0.0,0.0,0.0,996.0,17,197,882601,1,171978826011
0.0,0.0,32.0,62.0,14.0,0.0,0.0,116.0,23.0,17.0,379.0,68.0,146.0,0.908054008194136,0.0,0.0,857.9080540081941,17,197,882601,2,171978826012
0.0,83.0,76.0,51.0,29.0,65.0,32.0,69.0,178.0,113.0,87.0,215.0,167.0,0.2958827667149432,0.0,0.0,1165.2958827667148,17,197,882601,3,171978826013
22.0,164.0,333.0,246.0,13.0,118.0,0.0,141.0,0.0,13.0,73.0,155.0,22.0,1.1121110886872,0.0,0.0,1301.1121110886872,17,197,882602,1,171978826021
37.0,51.0,271.0,51.0,196.0,271.0,51.0,196.0,110.0,271.0,106.0,137.0,51.0,0.3060856207395964,0.0,0.0,1799.3060856207396,17,197,882602,2,171978826022
0.0,9.0,42.0,11.0,11.0,0.0,23.0,0.0,0.0,159.0,44.0,88.0,9.0,1.0712996725885873,0.0,0.0,397.07129967258857,17,197,882701,1,171978827011
41.0,62.0,17.0,116.0,32.0,26.0,59.0,101.0,77.0,92.0,403.0,466.0,209.0,0.6019683874545395,0.0,0.0,1701.6019683874545,17,197,882701,2,171978827012
45.0,79.0,74.0,0.0,0.0,103.0,50.0,95.0,0.0,140.0,34.0,79.0,47.0,0.07141997817257249,0.0,0.0,746.0714199781726,17,197,882702,1,171978827021
0.0,0.0,78.0,152.0,0.0,290.0,0.0,31.0,356.0,0.0,70.0,180.0,0.0,0.0,0.0,0.0,1157.0,17,197,882702,2,171978827022
0.0,60.0,184.0,0.0,111.0,36.0,4.0,26.0,131.0,106.0,41.0,63.0,213.0,0.0,0.0,0.0,975.0,17,197,882702,3,171978827023
190.0,52.0,102.0,61.0,124.0,38.0,163.0,31.0,54.0,81.0,161.0,204.0,45.0,0.3162884747642496,0.0,0.0,1306.3162884747642,17,197,882801,1,171978828011
123.0,29.0,0.0,27.0,237.0,42.0,107.0,18.0,39.0,42.0,189.0,98.0,77.0,0.23466564256702388,0.0,0.0,1028.234665642567,17,197,882801,2,171978828012
56.0,18.0,96.0,71.0,53.0,40.0,28.0,78.0,0.0,218.0,349.0,21.0,112.0,0.12243424829583854,0.0,0.0,1140.1224342482958,17,197,882802,1,171978828021
0.0,0.0,105.0,124.0,173.0,0.0,0.0,0.0,151.0,487.0,37.0,79.0,0.0,0.3468970368382092,0.0,0.0,1156.3468970368383,17,197,882802,2,171978828022
100.0,55.0,144.0,100.0,6.0,60.0,0.0,29.0,39.0,60.0,42.0,14.0,0.0,0.0,0.0,0.0,649.0,17,197,882802,3,171978828023
50.0,21.0,32.0,74.0,98.0,58.0,56.0,82.0,0.0,168.0,154.0,168.0,42.0,0.45912843110939455,0.0,0.0,1003.4591284311094,17,197,882900,1,171978829001
87.0,56.0,85.0,56.0,24.0,75.0,36.0,61.0,82.0,107.0,248.0,139.0,148.0,0.36730274488751563,0.0,0.0,1204.3673027448874,17,197,882900,2,171978829002
98.0,15.0,113.0,27.0,98.0,18.0,104.0,41.0,20.0,72.0,109.0,82.0,82.0,0.06121712414791927,0.0,0.0,879.0612171241479,17,197,883000,1,171978830001
0.0,33.0,66.0,0.0,0.0,0.0,33.0,38.0,0.0,166.0,91.0,91.0,36.0,1.1223139427118534,0.0,0.0,555.1223139427118,17,197,883000,2,171978830002
164.0,155.0,167.0,57.0,80.0,20.0,0.0,109.0,0.0,218.0,270.0,146.0,51.0,0.5509541173312735,0.0,0.0,1437.5509541173312,17,197,883000,3,171978830003
127.0,187.0,148.0,41.0,83.0,142.0,98.0,68.0,77.0,148.0,294.0,338.0,92.0,0.0816228321972257,0.0,0.0,1843.0816228321971,17,197,883100,1,171978831001
17.0,0.0,63.0,69.0,113.0,55.0,55.0,43.0,43.0,69.0,142.0,176.0,104.0,0.9998796944160149,0.0,0.0,949.999879694416,17,197,883100,2,171978831002
147.0,30.0,63.0,79.0,60.0,38.0,60.0,112.0,65.0,205.0,84.0,93.0,120.0,0.0,0.0,0.0,1156.0,17,197,883100,3,171978831003
125.0,0.0,44.0,18.0,49.0,214.0,60.0,75.0,0.0,88.0,172.0,148.0,292.0,1.8875279945608443,0.0,0.0,1286.8875279945607,17,197,883206,1,171978832061
102.0,40.0,12.0,0.0,106.0,106.0,125.0,87.0,76.0,189.0,193.0,204.0,108.0,0.46933128513404776,0.0,0.0,1348.469331285134,17,197,883206,2,171978832062
26.0,123.0,0.0,23.0,138.0,23.0,20.0,132.0,76.0,233.0,118.0,132.0,138.0,0.0,0.0,0.0,1182.0,17,197,883206,3,171978832063
101.0,88.0,94.0,103.0,24.0,38.0,42.0,32.0,60.0,292.0,12.0,234.0,145.0,0.42851986903543493,0.0,0.0,1265.4285198690354,17,197,883208,1,171978832081
103.0,95.0,47.0,60.0,42.0,90.0,25.0,201.0,98.0,199.0,254.0,249.0,83.0,0.6427798035531523,0.0,0.0,1546.6427798035531,17,197,883208,2,171978832082
0.0,86.0,0.0,0.0,0.0,43.0,0.0,0.0,33.0,38.0,260.0,202.0,149.0,0.7346054897750313,0.0,0.0,811.734605489775,17,197,883209,1,171978832091
0.0,17.0,129.0,77.0,19.0,103.0,24.0,0.0,19.0,68.0,105.0,46.0,79.0,0.6223740955038459,0.0,0.0,686.6223740955038,17,197,883209,2,171978832092
0.0,0.0,29.0,0.0,29.0,29.0,175.0,23.0,33.0,165.0,36.0,95.0,218.0,1.6120509358952075,0.0,0.0,833.6120509358952,17,197,883209,3,171978832093
152.0,79.0,66.0,88.0,34.0,68.0,54.0,54.0,9.0,47.0,43.0,86.0,57.0,0.5815626794052331,0.0,0.0,837.5815626794052,17,197,883210,1,171978832101
0.0,34.0,86.0,39.0,88.0,95.0,47.0,0.0,39.0,327.0,15.0,210.0,58.0,0.43872272306008814,0.0,0.0,1038.43872272306,17,197,883210,2,171978832102
0.0,0.0,0.0,89.0,0.0,62.0,95.0,435.0,0.0,95.0,534.0,481.0,306.0,2.214019323349747,0.0,0.0,2099.21401932335,17,197,883211,1,171978832111
36.0,44.0,33.0,89.0,66.0,47.0,181.0,39.0,0.0,100.0,192.0,463.0,206.0,2.5609163601879565,0.0,0.0,1498.560916360188,17,197,883211,2,171978832112
0.0,38.0,45.0,35.0,116.0,0.0,123.0,38.0,64.0,233.0,152.0,249.0,401.0,1.2549510450323451,0.0,0.0,1495.2549510450324,17,197,883211,3,171978832113
264.0,0.0,317.0,132.0,72.0,66.0,218.0,72.0,26.0,155.0,665.0,1122.0,916.0,8.641817358881271,0.0,0.0,4033.6418173588813,17,197,883212,1,171978832121
94.0,0.0,41.0,130.0,0.0,0.0,29.0,74.0,71.0,216.0,139.0,381.0,133.0,4.6422985812172115,0.0,0.0,1312.6422985812171,17,197,883213,1,171978832131
0.0,0.0,0.0,0.0,0.0,0.0,38.0,0.0,41.0,121.0,41.0,141.0,193.0,2.25483073944836,0.0,0.0,577.2548307394484,17,197,883213,2,171978832132
111.0,250.0,60.0,36.0,31.0,148.0,9.0,60.0,36.0,92.0,199.0,308.0,252.0,2.4792935279907304,0.0,0.0,1594.4792935279906,17,197,883213,3,171978832133
25.0,81.0,234.0,175.0,145.0,35.0,68.0,216.0,58.0,99.0,410.0,481.0,221.0,1.4488052715007562,0.0,0.0,2249.4488052715005,17,197,883214,1,171978832141
78.0,132.0,235.0,187.0,139.0,167.0,153.0,422.0,351.0,818.0,859.0,1851.0,2247.0,14.569675547204788,0.0,0.0,7653.5696755472045,17,197,883215,1,171978832151
43.0,0.0,0.0,0.0,21.0,37.0,0.0,0.0,0.0,90.0,34.0,197.0,234.0,1.1427196507611599,0.0,0.0,657.1427196507611,17,197,883216,1,171978832161
0.0,0.0,0.0,35.0,30.0,120.0,35.0,0.0,35.0,32.0,166.0,199.0,158.0,0.49993984720800744,0.0,0.0,810.499939847208,17,197,883216,2,171978832162
0.0,0.0,0.0,26.0,39.0,117.0,55.0,0.0,45.0,19.0,65.0,266.0,107.0,0.8570397380708699,0.0,0.0,739.8570397380709,17,197,883216,3,171978832163
0.0,0.0,0.0,26.0,0.0,26.0,38.0,0.0,53.0,23.0,166.0,231.0,240.0,1.5100223956486754,0.0,0.0,804.5100223956487,17,197,883303,1,171978833031
0.0,31.0,0.0,22.0,25.0,25.0,47.0,69.0,110.0,154.0,183.0,635.0,480.0,3.6730274488751564,0.0,0.0,1784.6730274488752,17,197,883303,2,171978833032
80.0,58.0,58.0,99.0,33.0,0.0,41.0,96.0,96.0,88.0,318.0,296.0,221.0,0.7856197598982974,0.0,0.0,1484.7856197598983,17,197,883304,1,171978833041
0.0,20.0,0.0,20.0,0.0,0.0,73.0,10.0,13.0,243.0,193.0,273.0,143.0,2.009962242856683,0.0,0.0,990.0099622428567,17,197,883305,1,171978833051
0.0,0.0,0.0,19.0,16.0,64.0,33.0,39.0,44.0,70.0,19.0,306.0,306.0,1.8875279945608443,0.0,0.0,917.8875279945609,17,197,883305,2,171978833052
29.0,25.0,25.0,29.0,105.0,149.0,69.0,25.0,40.0,94.0,182.0,524.0,687.0,3.448564660332786,0.0,0.0,1986.4485646603327,17,197,883306,1,171978833061
0.0,0.0,0.0,55.0,32.0,65.0,62.0,107.0,0.0,13.0,117.0,327.0,114.0,0.5611569713559267,0.0,0.0,892.5611569713559,17,197,883306,2,171978833062
0.0,145.0,84.0,159.0,164.0,132.0,84.0,23.0,84.0,159.0,259.0,288.0,357.0,1.6426594979691673,0.0,0.0,1939.6426594979691,17,197,883307,1,171978833071
0.0,45.0,0.0,22.0,184.0,0.0,96.0,71.0,193.0,0.0,298.0,383.0,215.0,0.9182568622187891,0.0,0.0,1507.9182568622189,17,197,883307,2,171978833072
101.0,31.0,18.0,0.0,109.0,0.0,0.0,36.0,46.0,124.0,148.0,124.0,41.0,0.0,0.0,0.0,778.0,17,197,883401,1,171978834011
0.0,53.0,120.0,48.0,55.0,20.0,18.0,25.0,13.0,48.0,201.0,257.0,104.0,0.6325769495284992,0.0,0.0,962.6325769495285,17,197,883401,2,171978834012
14.0,140.0,142.0,53.0,91.0,12.0,26.0,33.0,38.0,225.0,0.0,0.0,26.0,0.8570397380708699,0.0,0.0,800.8570397380709,17,197,883401,3,171978834013
51.0,86.0,44.0,31.0,24.0,15.0,44.0,55.0,118.0,64.0,102.0,31.0,131.0,0.7244026357503781,0.0,0.0,796.7244026357504,17,197,883401,4,171978834014
16.0,88.0,0.0,6.0,6.0,90.0,16.0,107.0,56.0,35.0,126.0,94.0,31.0,0.12243424829583854,0.0,0.0,671.1224342482958,17,197,883402,1,171978834021
97.0,37.0,60.0,66.0,48.0,112.0,34.0,46.0,109.0,244.0,253.0,149.0,92.0,1.0815025266132405,0.0,0.0,1348.0815025266133,17,197,883402,2,171978834022
47.0,0.0,39.0,170.0,37.0,71.0,130.0,37.0,0.0,114.0,103.0,460.0,385.0,2.2752364474976665,0.0,0.0,1595.2752364474977,17,197,883504,1,171978835041
0.0,0.0,0.0,42.0,51.0,0.0,0.0,0.0,36.0,99.0,71.0,178.0,25.0,0.45912843110939455,0.0,0.0,502.4591284311094,17,197,883504,2,171978835042
19.0,25.0,59.0,168.0,61.0,67.0,110.0,0.0,118.0,186.0,77.0,164.0,162.0,1.346776731254224,0.0,0.0,1217.3467767312543,17,197,883504,3,171978835043
0.0,0.0,0.0,0.0,0.0,188.0,22.0,0.0,41.0,0.0,56.0,169.0,402.0,3.4893760764313986,0.0,0.0,881.4893760764314,17,197,883505,1,171978835051
372.0,50.0,56.0,106.0,37.0,0.0,78.0,90.0,0.0,37.0,75.0,197.0,184.0,2.8363934188535933,0.0,0.0,1284.8363934188535,17,197,883505,2,171978835052
0.0,0.0,26.0,0.0,0.0,24.0,0.0,30.0,22.0,30.0,70.0,139.0,0.0,0.0,0.0,0.0,341.0,17,197,883505,3,171978835053
0.0,0.0,0.0,45.0,62.0,112.0,45.0,70.0,0.0,0.0,108.0,612.0,279.0,2.0405708049306424,0.0,0.0,1335.0405708049307,17,197,883505,4,171978835054
0.0,0.0,0.0,0.0,50.0,79.0,34.0,0.0,161.0,50.0,281.0,233.0,316.0,0.8366340300215634,0.0,0.0,1204.8366340300215,17,197,883505,5,171978835055
18.0,0.0,39.0,0.0,57.0,115.0,21.0,24.0,54.0,146.0,109.0,362.0,359.0,1.6120509358952075,0.0,0.0,1305.6120509358952,17,197,883507,1,171978835071
0.0,0.0,36.0,202.0,26.0,49.0,39.0,29.0,46.0,116.0,79.0,222.0,657.0,1.5508338117472884,0.0,0.0,1502.5508338117472,17,197,883507,2,171978835072
0.0,165.0,39.0,134.0,0.0,76.0,0.0,97.0,86.0,199.0,86.0,170.0,297.0,1.6834709140677802,0.0,0.0,1350.6834709140678,17,197,883509,1,171978835091
20.0,25.0,70.0,87.0,85.0,147.0,70.0,60.0,210.0,295.0,255.0,357.0,267.0,0.4081141609861285,0.0,0.0,1948.408114160986,17,197,883509,2,171978835092
0.0,85.0,72.0,151.0,78.0,34.0,198.0,31.0,0.0,103.0,229.0,226.0,207.0,6.325769495284992,0.0,0.0,1420.325769495285,17,197,883510,1,171978835101
33.0,0.0,0.0,0.0,19.0,49.0,0.0,23.0,146.0,434.0,262.0,720.0,534.0,4.366821522551575,0.0,0.0,2224.3668215225516,17,197,883510,2,171978835102
112.0,0.0,77.0,17.0,44.0,22.0,194.0,47.0,14.0,14.0,356.0,174.0,109.0,0.9590682783174019,0.0,0.0,1180.9590682783173,17,197,883511,1,171978835111
0.0,0.0,66.0,72.0,0.0,75.0,33.0,0.0,0.0,215.0,148.0,530.0,218.0,0.9182568622187891,0.0,0.0,1357.9182568622189,17,197,883511,2,171978835112
0.0,0.0,56.0,0.0,0.0,49.0,49.0,45.0,130.0,102.0,77.0,295.0,242.0,1.2549510450323451,0.0,0.0,1046.2549510450324,17,197,883511,3,171978835113
0.0,0.0,79.0,0.0,0.0,33.0,27.0,107.0,0.0,82.0,245.0,432.0,205.0,2.969030521174085,0.0,0.0,1212.969030521174,17,197,883513,1,171978835131
0.0,154.0,312.0,67.0,0.0,0.0,124.0,47.0,164.0,53.0,70.0,413.0,221.0,1.877325140536191,0.0,0.0,1626.8773251405362,17,197,883513,2,171978835132
0.0,17.0,0.0,27.0,0.0,30.0,37.0,126.0,201.0,75.0,119.0,283.0,239.0,2.163005053226481,0.0,0.0,1156.1630050532265,17,197,883513,3,171978835133
87.0,55.0,69.0,226.0,285.0,0.0,0.0,0.0,76.0,250.0,243.0,577.0,243.0,3.4791732224067453,0.0,0.0,2114.4791732224066,17,197,883514,1,171978835141
43.0,31.0,0.0,141.0,104.0,72.0,69.0,34.0,0.0,300.0,410.0,511.0,673.0,7.274634919577741,0.0,0.0,2395.2746349195777,17,197,883514,2,171978835142
0.0,20.0,38.0,27.0,0.0,27.0,73.0,0.0,73.0,38.0,31.0,351.0,372.0,1.9487451187087637,0.0,0.0,1051.9487451187088,17,197,883515,1,171978835151
0.0,16.0,21.0,32.0,0.0,37.0,78.0,34.0,0.0,180.0,220.0,260.0,29.0,1.3977910013774901,0.0,0.0,908.3977910013775,17,197,883515,2,171978835152
0.0,0.0,22.0,0.0,16.0,22.0,22.0,0.0,0.0,64.0,78.0,156.0,75.0,0.908054008194136,0.0,0.0,455.90805400819414,17,197,883515,3,171978835153
162.0,10.0,126.0,267.0,43.0,64.0,0.0,0.0,180.0,379.0,321.0,613.0,685.0,6.733883656271121,0.0,0.0,2856.7338836562712,17,197,883516,1,171978835161
0.0,0.0,56.0,0.0,0.0,0.0,21.0,0.0,39.0,21.0,204.0,85.0,63.0,0.6223740955038459,0.0,0.0,489.62237409550386,17,197,883516,2,171978835162
0.0,0.0,0.0,0.0,119.0,0.0,0.0,16.0,0.0,92.0,132.0,566.0,142.0,2.0915850750539087,0.0,0.0,1069.091585075054,17,197,883517,1,171978835171
39.0,0.0,61.0,17.0,32.0,67.0,32.0,19.0,63.0,115.0,235.0,268.0,309.0,1.0202854024653212,0.0,0.0,1258.0202854024653,17,197,883517,2,171978835172
28.0,43.0,17.0,106.0,137.0,215.0,40.0,83.0,149.0,212.0,200.0,358.0,246.0,4.764732829513051,0.0,0.0,1838.7647328295132,17,197,883519,1,171978835191
23.0,0.0,39.0,18.0,100.0,53.0,18.0,0.0,0.0,26.0,389.0,98.0,74.0,3.264913287889028,0.0,0.0,841.264913287889,17,197,883519,2,171978835192
0.0,0.0,94.0,29.0,0.0,172.0,19.0,0.0,0.0,61.0,169.0,107.0,260.0,0.8978511541694827,0.0,0.0,911.8978511541695,17,197,883519,3,171978835193
0.0,0.0,53.0,0.0,0.0,106.0,0.0,95.0,148.0,34.0,276.0,255.0,29.0,1.673268060043127,0.0,0.0,997.6732680600431,17,197,883521,1,171978835211
0.0,0.0,26.0,0.0,52.0,26.0,0.0,22.0,0.0,0.0,93.0,164.0,231.0,1.101908234662547,0.0,0.0,615.1019082346626,17,197,883521,2,171978835212
0.0,38.0,0.0,67.0,18.0,0.0,0.0,49.0,41.0,0.0,108.0,173.0,88.0,2.448684965916771,0.0,0.0,584.4486849659168,17,197,883521,3,171978835213
0.0,0.0,0.0,0.0,0.0,27.0,34.0,0.0,68.0,0.0,187.0,173.0,392.0,0.0,0.0,0.0,881.0,17,197,883522,1,171978835221
107.0,0.0,0.0,56.0,0.0,19.0,0.0,0.0,26.0,75.0,58.0,87.0,119.0,0.19385422646841105,0.0,0.0,547.1938542264684,17,197,883522,2,171978835222
43.0,0.0,0.0,0.0,0.0,0.0,61.0,20.0,64.0,87.0,212.0,157.0,212.0,2.632336338360529,0.0,0.0,858.6323363383606,17,197,883522,3,171978835223
29.0,0.0,58.0,151.0,62.0,0.0,25.0,85.0,34.0,31.0,234.0,116.0,95.0,1.203936774909079,0.0,0.0,921.203936774909,17,197,883602,1,171978836021
0.0,0.0,0.0,44.0,35.0,0.0,0.0,0.0,0.0,182.0,182.0,137.0,134.0,3.6832303028998097,0.0,0.0,717.6832303028998,17,197,883602,2,171978836022
0.0,68.0,0.0,0.0,189.0,0.0,66.0,132.0,215.0,60.0,542.0,252.0,25.0,0.9284597162434424,0.0,0.0,1549.9284597162434,17,197,883602,3,171978836023
0.0,0.0,0.0,46.0,103.0,43.0,43.0,0.0,0.0,75.0,147.0,184.0,12.0,2.193613615300441,0.0,0.0,655.1936136153005,17,197,883602,4,171978836024
66.0,0.0,120.0,0.0,254.0,98.0,57.0,0.0,22.0,79.0,318.0,203.0,152.0,0.4183170150107817,0.0,0.0,1369.4183170150109,17,197,883603,1,171978836031
166.0,41.0,104.0,62.0,215.0,50.0,79.0,55.0,21.0,50.0,152.0,394.0,19.0,1.5304281036979819,0.0,0.0,1409.530428103698,17,197,883603,2,171978836032
108.0,30.0,6.0,48.0,72.0,105.0,30.0,42.0,243.0,144.0,177.0,204.0,156.0,0.5203455552573139,0.0,0.0,1365.5203455552573,17,197,883605,1,171978836051
456.0,173.0,178.0,271.0,57.0,20.0,0.0,85.0,215.0,130.0,77.0,133.0,110.0,0.3060856207395964,0.0,0.0,1905.3060856207396,17,197,883605,2,171978836052
0.0,97.0,47.0,43.0,0.0,53.0,135.0,0.0,226.0,113.0,339.0,367.0,420.0,2.7139591705577546,0.0,0.0,1842.7139591705577,17,197,883606,1,171978836061
215.0,59.0,17.0,29.0,106.0,0.0,91.0,197.0,20.0,238.0,179.0,123.0,206.0,0.7141997817257248,0.0,0.0,1480.7141997817257,17,197,883606,2,171978836062
159.0,140.0,58.0,45.0,18.0,42.0,66.0,63.0,53.0,228.0,47.0,119.0,42.0,0.13263710232049175,0.0,0.0,1080.1326371023206,17,197,883700,1,171978837001
88.0,40.0,86.0,92.0,110.0,79.0,11.0,34.0,11.0,0.0,82.0,80.0,0.0,0.0,0.0,0.0,713.0,17,197,883700,2,171978837002
156.0,51.0,24.0,78.0,0.0,60.0,54.0,60.0,3.0,51.0,129.0,186.0,54.0,0.0,0.0,0.0,906.0,17,197,883700,3,171978837003
144.0,180.0,136.0,91.0,14.0,161.0,89.0,146.0,82.0,200.0,35.0,30.0,0.0,0.0,0.0,0.0,1308.0,17,197,883803,1,171978838031
21.0,0.0,19.0,57.0,208.0,0.0,0.0,163.0,122.0,340.0,290.0,117.0,24.0,1.4692109795500625,0.0,0.0,1362.46921097955,17,197,883803,2,171978838032
24.0,144.0,138.0,75.0,0.0,31.0,155.0,82.0,0.0,0.0,69.0,282.0,175.0,0.0,0.0,0.0,1175.0,17,197,883804,1,171978838041
124.0,21.0,48.0,67.0,10.0,43.0,32.0,153.0,27.0,321.0,189.0,318.0,56.0,0.4081141609861285,0.0,0.0,1409.408114160986,17,197,883804,2,171978838042
105.0,22.0,0.0,54.0,0.0,102.0,14.0,37.0,57.0,57.0,140.0,105.0,248.0,0.0,0.0,0.0,941.0,17,197,883806,1,171978838061
21.0,49.0,89.0,0.0,0.0,32.0,96.0,0.0,16.0,28.0,162.0,42.0,86.0,0.5713598253805799,0.0,0.0,621.5713598253806,17,197,883806,2,171978838062
54.0,0.0,0.0,22.0,271.0,89.0,38.0,70.0,105.0,111.0,22.0,373.0,296.0,1.6834709140677802,0.0,0.0,1452.6834709140678,17,197,883806,3,171978838063
27.0,60.0,121.0,72.0,74.0,53.0,118.0,41.0,109.0,230.0,207.0,358.0,274.0,0.5917655334298864,0.0,0.0,1744.59176553343,17,197,883808,1,171978838081
79.0,104.0,32.0,39.0,124.0,115.0,199.0,45.0,73.0,77.0,225.0,0.0,46.0,0.0,0.0,0.0,1158.0,17,197,883809,1,171978838091
0.0,67.0,91.0,144.0,69.0,45.0,136.0,77.0,42.0,128.0,37.0,402.0,150.0,0.7039969277010717,0.0,0.0,1388.7039969277012,17,197,883809,2,171978838092
84.0,0.0,0.0,0.0,0.0,33.0,0.0,57.0,0.0,24.0,108.0,508.0,138.0,1.8059051623636186,0.0,0.0,953.8059051623636,17,197,883810,1,171978838101
0.0,0.0,121.0,168.0,24.0,49.0,52.0,54.0,106.0,19.0,99.0,305.0,99.0,0.22446278854237067,0.0,0.0,1096.2244627885423,17,197,883810,2,171978838102
34.0,68.0,0.0,79.0,63.0,37.0,23.0,0.0,71.0,124.0,34.0,159.0,84.0,0.5407512633066203,0.0,0.0,776.5407512633067,17,197,883810,3,171978838103
175.0,18.0,53.0,35.0,28.0,156.0,18.0,21.0,107.0,32.0,70.0,222.0,77.0,1.0712996725885873,0.0,0.0,1013.0712996725886,17,197,883811,1,171978838111
92.0,81.0,38.0,74.0,33.0,20.0,120.0,66.0,286.0,99.0,261.0,378.0,158.0,0.28567991269028997,0.0,0.0,1706.2856799126903,17,197,883811,2,171978838112
28.0,0.0,87.0,224.0,115.0,81.0,115.0,202.0,39.0,337.0,429.0,705.0,424.0,0.8570397380708699,0.0,0.0,2786.857039738071,17,197,883902,1,171978839021
49.0,171.0,0.0,68.0,38.0,65.0,0.0,38.0,0.0,87.0,177.0,278.0,237.0,1.3875881473528369,0.0,0.0,1209.3875881473527,17,197,883902,2,171978839022
0.0,143.0,75.0,59.0,22.0,72.0,0.0,24.0,26.0,103.0,88.0,190.0,24.0,0.0,0.0,0.0,826.0,17,197,883902,3,171978839023
45.0,42.0,0.0,0.0,0.0,0.0,0.0,115.0,85.0,39.0,45.0,27.0,152.0,0.3979113069614753,0.0,0.0,550.3979113069614,17,197,883902,4,171978839024
47.0,17.0,17.0,20.0,101.0,74.0,23.0,98.0,35.0,221.0,439.0,397.0,203.0,1.0304882564899744,0.0,0.0,1693.03048825649,17,197,883903,1,171978839031
27.0,21.0,0.0,149.0,59.0,0.0,0.0,71.0,108.0,258.0,205.0,363.0,500.0,1.489616687599369,0.0,0.0,1762.4896166875994,17,197,883904,1,171978839041
94.0,0.0,53.0,53.0,16.0,0.0,60.0,48.0,80.0,140.0,120.0,138.0,122.0,0.0,0.0,0.0,924.0,17,197,883904,2,171978839042
0.0,41.0,49.0,137.0,36.0,0.0,69.0,38.0,25.0,142.0,41.0,445.0,23.0,1.3161681691802645,0.0,0.0,1047.3161681691802,17,197,883904,3,171978839043
61.0,156.0,138.0,192.0,77.0,133.0,0.0,12.0,0.0,190.0,267.0,498.0,213.0,0.8366340300215634,0.0,0.0,1937.8366340300215,17,197,884003,1,171978840031
18.0,50.0,56.0,13.0,29.0,84.0,0.0,43.0,43.0,72.0,0.0,157.0,107.0,0.27547705866563676,0.0,0.0,672.2754770586656,17,197,884003,2,171978840032
0.0,50.0,23.0,29.0,0.0,177.0,103.0,42.0,55.0,164.0,76.0,246.0,151.0,0.9998796944160149,0.0,0.0,1116.999879694416,17,197,884003,3,171978840033
129.0,0.0,11.0,69.0,144.0,67.0,9.0,11.0,45.0,52.0,107.0,120.0,48.0,1.9181365566348039,0.0,0.0,813.9181365566347,17,197,884004,1,171978840041
24.0,117.0,49.0,86.0,154.0,95.0,71.0,120.0,86.0,154.0,219.0,281.0,207.0,0.6835912196517653,0.0,0.0,1663.6835912196518,17,197,884004,2,171978840042
30.0,35.0,111.0,96.0,71.0,25.0,30.0,53.0,7.0,187.0,134.0,284.0,124.0,0.8468368840462166,0.0,0.0,1187.8468368840463,17,197,884005,1,171978840051
72.0,37.0,0.0,0.0,11.0,31.0,31.0,0.0,0.0,49.0,40.0,274.0,112.0,1.2651538990569984,0.0,0.0,658.265153899057,17,197,884006,1,171978840061
0.0,44.0,99.0,163.0,10.0,34.0,55.0,149.0,42.0,78.0,97.0,186.0,107.0,0.8774454461201763,0.0,0.0,1064.8774454461202,17,197,884006,2,171978840062
141.0,206.0,57.0,127.0,51.0,148.0,155.0,169.0,266.0,406.0,454.0,389.0,148.0,1.4590081255254095,0.0,0.0,2718.4590081255255,17,197,884101,1,171978841011
107.0,23.0,134.0,164.0,0.0,281.0,127.0,0.0,204.0,254.0,338.0,566.0,479.0,1.3977910013774901,0.0,0.0,2678.3977910013773,17,197,884103,1,171978841031
12.0,0.0,0.0,0.0,0.0,0.0,0.0,0.0,0.0,0.0,12.0,33.0,0.0,0.0,0.0,0.0,57.0,17,197,980100,1,171979801001
