B19001_002E,B19001_003E,B19001_004E,B19001_005E,B19001_006E,B19001_007E,B19001_008E,B19001_009E,B19001_010E,B19001_011E,B19001_012E,B19001_013E,B19001_014E,B19001_015E,B19001_016E,B19001_017E,B19001_001E,state,county,tract,block group,GEOID
137.0,52.0,39.0,67.0,4.0,4.0,3.0,0.0,1.0,21.0,10.0,3.0,31.0,104.1938542264684,0.0,0.0,476.19385422646843,17,031,010100,1,170310101001
371.0,186.0,94.0,262.0,13.0,58.0,30.0,54.0,38.0,3.0,62.0,4.0,138.0,63.0,0.0,0.0,1376.0,17,031,010100,2,170310101002
97.0,77.0,53.0,78.0,161.0,366.0,19.0,56.0,32.0,82.0,277.0,296.0,326.0,103.51014270123267,0.0,0.0,2023.5101427012328,17,031,010100,3,170310101003
94.0,166.0,234.0,106.0,28.0,5.0,75.0,99.0,65.0,0.0,183.0,92.0,129.0,93.08150252661324,0.0,0.0,1369.0815025266133,17,031,010201,1,170310102011
360.0,342.0,178.0,523.0,195.0,283.0,367.0,282.0,154.0,445.0,438.0,353.0,171.0,90.08162283219723,0.0,0.0,4181.081622832197,17,031,010201,2,170310102012
102.0,46.0,45.0,57.0,2.0,1.0,0.0,43.0,0.0,45.0,68.0,141.0,42.0,114.0,0.0,0.0,706.0,17,031,010201,3,170310102013
176.0,179.0,116.0,124.0,67.0,4.0,3.0,11.0,1.0,7.0,103.0,142.0,100.0,100.48973699318336,0.0,0.0,1133.4897369931834,17,031,010202,1,170310102021
41.0,106.0,128.0,89.0,36.0,6.0,84.0,23.0,22.0,52.0,6.0,188.0,96.0,94.0,0.0,0.0,971.0,17,031,010202,2,170310102022
0.0,1.0,0.0,1.0,13.0,6.0,157.0,8.0,6.0,313.0,96.0,110.0,47.0,85.35709989086286,0.0,0.0,843.3570998908629,17,031,010300,1,170310103001
355.0,0.0,76.0,107.0,0.0,0.0,344.0,8.0,82.0,73.0,168.0,84.0,94.0,112.24474819100769,0.0,0.0,1503.2447481910076,17,031,010300,2,170310103002
117.0,156.0,195.0,124.0,27.0,34.0,3.0,74.0,0.0,31.0,58.0,67.0,14.0,89.21425993451771,0.0,0.0,989.2142599345177,17,031,010300,3,170310103003
168.0,57.0,81.0,20.0,3.0,88.0,110.0,76.0,111.0,3.0,142.0,283.0,86.0,87.92833941065946,0.0,0.0,1315.9283394106594,17,031,010300,4,170310103004
66.0,22.0,130.0,135.0,182.0,7.0,171.0,96.0,96.0,0.0,70.0,158.0,119.0,89.64277980355315,0.0,0.0,1341.6427798035531,17,031,010400,1,170310104001
75.0,4.0,49.0,65.0,4.0,26.0,63.0,3.0,41.0,176.0,112.0,103.0,33.0,107.0,0.0,0.0,861.0,17,031,010400,2,170310104002
154.0,63.0,7.0,81.0,46.0,9.0,56.0,2.0,15.0,45.0,5.0,99.0,57.0,81.22446278854237,0.0,0.0,720.2244627885424,17,031,010400,3,170310104003
102.0,142.0,26.0,119.0,58.0,5.0,78.0,18.0,47.0,14.0,87.0,69.0,23.0,100.62237409550384,0.0,0.0,888.6223740955038,17,031,010501,1,170310105011
226.0,150.0,31.0,151.0,87.0,17.0,140.0,112.0,9.0,127.0,237.0,132.0,60.0,103.0,0.0,0.0,1582.0,17,031,010501,2,170310105012
319.0,95.0,78.0,97.0,36.0,40.0,37.0,12.0,41.0,37.0,13.0,25.0,68.0,98.52034555525731,0.0,0.0,996.5203455552573,17,031,010501,3,170310105013
159.0,92.0,103.0,71.0,89.0,41.0,1.0,52.0,38.0,212.0,10.0,27.0,111.0,83.9386625702681,0.0,0.0,1089.9386625702682,17,031,010502,1,170310105021
476.0,50.0,219.0,167.0,108.0,201.0,161.0,184.0,122.0,62.0,172.0,62.0,63.0,76.42839956345145,0.0,0.0,2123.4283995634514,17,031,010502,2,170310105022
458.0,224.0,77.0,60.0,10.0,9.0,13.0,90.0,2.0,47.0,83.0,32.0,106.0,88.20393677490908,0.0,0.0,1299.2039367749092,17,031,010503,1,170310105031
80.0,0.0,28.0,64.0,30.0,22.0,9.0,39.0,3.0,65.0,8.0,140.0,12.0,94.0,0.0,0.0,594.0,17,031,010503,2,170310105032
233.0,40.0,212.0,150.0,344.0,172.0,72.0,160.0,95.0,294.0,149.0,193.0,238.0,96.89785115416949,0.0,0.0,2448.8978511541695,17,031,010600,1,170310106001
1.0,5.0,6.0,47.0,17.0,0.0,7.0,0.0,7.0,0.0,226.0,27.0,55.0,91.44892557708474,0.0,0.0,489.44892557708476,17,031,010600,2,170310106002
93.0,69.0,54.0,6.0,238.0,16.0,23.0,8.0,49.0,156.0,241.0,94.0,18.0,77.90805400819414,0.0,0.0,1142.908054008194,17,031,010600,3,170310106003
58.0,112.0,159.0,166.0,91.0,85.0,124.0,73.0,46.0,76.0,74.0,119.0,72.0,93.38770845293682,0.0,0.0,1348.3877084529367,17,031,010600,4,170310106004
1.0,82.0,214.0,174.0,106.0,139.0,75.0,28.0,36.0,277.0,150.0,314.0,6.0,91.98955653480738,0.0,0.0,1693.9895565348074,17,031,010701,1,170310107011
96.0,81.0,7.0,32.0,100.0,133.0,16.0,66.0,31.0,261.0,332.0,205.0,87.0,86.40799385540214,0.0,0.0,1533.407993855402,17,031,010701,2,170310107012
157.0,43.0,3.0,209.0,11.0,30.0,198.0,0.0,76.0,17.0,83.0,167.0,126.0,119.030367950906,0.0,0.0,1239.0303679509059,17,031,010702,1,170310107021
171.0,0.0,373.0,122.0,8.0,140.0,1.0,0.0,3.0,49.0,71.0,164.0,89.0,88.27535675308165,0.0,0.0,1279.2753567530817,17,031,010702,2,170310107022
100.0,1.0,154.0,2.0,82.0,13.0,72.0,37.0,66.0,98.0,111.0,121.0,64.0,92.7856197598983,0.0,0.0,1013.7856197598983,17,031,010702,3,170310107023
235.0,131.0,218.0,12.0,4.0,1.0,41.0,140.0,5.0,104.0,11.0,55.0,20.0,93.0,0.0,0.0,1070.0,17,031,010702,4,170310107024
364.0,15.0,32.0,2.0,14.0,57.0,174.0,71.0,104.0,434.0,148.0,472.0,145.0,103.28555960710631,0.0,0.0,2135.2855596071063,17,031,020100,1,170310201001
99.0,133.0,234.0,19.0,1.0,105.0,99.0,86.0,16.0,69.0,104.0,133.0,59.0,96.1530428103698,0.0,0.0,1253.1530428103697,17,031,020100,2,170310201002
4.0,38.0,4.0,148.0,3.0,50.0,9.0,0.0,7.0,6.0,46.0,255.0,140.0,102.60184808187056,0.0,0.0,812.6018480818706,17,031,020200,1,170310202001
127.0,1.0,84.0,1.0,41.0,80.0,1.0,3.0,0.0,161.0,125.0,205.0,14.0,93.52022524967333,0.0,0.0,936.5202252496733,17,031,020200,2,170310202002
86.0,83.0,59.0,130.0,39.0,0.0,47.0,3.0,108.0,2.0,0.0,184.0,446.0,104.30596531515562,0.0,0.0,1291.3059653151556,17,031,020200,3,170310202003
130.0,29.0,81.0,107.0,1.0,36.0,4.0,6.0,50.0,210.0,233.0,267.0,292.0,112.77541690587364,0.0,0.0,1558.7754169058737,17,031,020200,4,170310202004
325.0,78.0,60.0,1.0,30.0,22.0,29.0,106.0,195.0,73.0,144.0,131.0,145.0,80.61217124147919,0.0,0.0,1419.6121712414792,17,031,020301,1,170310203011
140.0,13.0,5.0,4.0,12.0,149.0,57.0,97.0,115.0,68.0,157.0,154.0,182.0,83.17344851841911,0.0,0.0,1236.173448518419,17,031,020301,2,170310203012
1.0,31.0,11.0,76.0,72.0,154.0,85.0,109.0,288.0,120.0,122.0,405.0,115.0,113.29588276671494,0.0,0.0,1702.2958827667148,17,031,020301,3,170310203013
5.0,29.0,95.0,0.0,18.0,119.0,47.0,108.0,22.0,72.0,6.0,79.0,155.0,77.22446278854237,0.0,0.0,832.2244627885424,17,031,020302,1,170310203021
44.0,8.0,25.0,14.0,1.0,18.0,0.0,10.0,202.0,1.0,64.0,51.0,344.0,93.51014270123267,0.0,0.0,875.5101427012327,17,031,020302,2,170310203022
54.0,28.0,299.0,140.0,26.0,52.0,4.0,177.0,39.0,186.0,238.0,194.0,283.0,95.96927113234206,0.0,0.0,1815.969271132342,17,031,020302,3,170310203023
24.0,20.0,17.0,11.0,9.0,8.0,61.0,32.0,6.0,3.0,56.0,112.0,136.0,91.20405708049307,0.0,0.0,586.204057080493,17,031,020400,1,170310204001
7.0,79.0,22.0,148.0,22.0,28.0,43.0,27.0,65.0,24.0,75.0,270.0,269.0,86.53042810369799,0.0,0.0,1165.530428103698,17,031,020400,2,170310204002
153.0,110.0,0.0,66.0,213.0,149.0,103.0,56.0,138.0,132.0,72.0,196.0,109.0,109.28543930152232,0.0,0.0,1606.2854393015223,17,031,020400,3,170310204003
252.0,248.0,49.0,467.0,19.0,32.0,237.0,179.0,8.0,303.0,171.0,176.0,142.0,90.4795341391587,0.0,0.0,2373.4795341391587,17,031,020500,1,170310205001
0.0,3.0,1.0,36.0,30.0,18.0,7.0,211.0,80.0,23.0,18.0,69.0,15.0,84.0,0.0,0.0,595.0,17,031,020500,2,170310205002
422.0,84.0,71.0,2.0,68.0,168.0,161.0,45.0,31.0,0.0,48.0,40.0,47.0,86.0,0.0,0.0,1273.0,17,031,020500,3,170310205003
222.0,2.0,27.0,66.0,55.0,73.0,131.0,157.0,127.0,69.0,75.0,77.0,55.0,96.79582261392295,0.0,0.0,1232.7958226139228,17,031,020500,4,170310205004
66.0,28.0,91.0,1.0,18.0,367.0,154.0,233.0,3.0,143.0,76.0,177.0,200.0,103.21401932334975,0.0,0.0,1660.2140193233497,17,031,020601,1,170310206011
441.0,141.0,201.0,42.0,127.0,202.0,288.0,15.0,3.0,407.0,494.0,309.0,22.0,79.35697958527888,0.0,0.0,2771.356979585279,17,031,020601,2,170310206012
106.0,44.0,3.0,6.0,47.0,154.0,83.0,5.0,139.0,61.0,152.0,59.0,120.0,108.42839956345145,0.0,0.0,1087.4283995634514,17,031,020601,3,170310206013
80.0,30.0,34.0,47.0,25.0,20.0,49.0,24.0,86.0,144.0,139.0,150.0,35.0,94.0,0.0,0.0,957.0,17,031,020602,1,170310206021
25.0,36.0,179.0,71.0,2.0,83.0,5.0,28.0,301.0,7.0,41.0,120.0,39.0,99.0,0.0,0.0,1036.0,17,031,020602,2,170310206022
5.0,142.0,141.0,14.0,3.0,55.0,42.0,36.0,131.0,0.0,14.0,27.0,65.0,103.37750559891217,0.0,0.0,778.3775055989122,17,031,020602,3,170310206023
41.0,0.0,100.0,175.0,111.0,15.0,6.0,86.0,57.0,117.0,182.0,4.0,58.0,121.14283995634514,0.0,0.0,1073.1428399563451,17,031,020602,4,170310206024
28.0,6.0,5.0,1.0,2.0,41.0,19.0,22.0,45.0,2.0,105.0,163.0,46.0,88.1121110886872,0.0,0.0,573.1121110886872,17,031,020701,1,170310207011
59.0,1.0,0.0,16.0,124.0,18.0,1.0,3.0,0.0,46.0,256.0,207.0,24.0,88.35709989086286,0.0,0.0,843.3570998908629,17,031,020701,2,170310207012
277.0,0.0,47.0,36.0,95.0,64.0,42.0,36.0,158.0,184.0,269.0,500.0,447.0,92.89785115416949,0.0,0.0,2247.8978511541695,17,031,020702,1,170310207021
204.0,272.0,368.0,215.0,3.0,139.0,40.0,474.0,72.0,245.0,600.0,63.0,128.0,88.0,0.0,0.0,2911.0,17,031,020702,2,170310207022
216.0,146.0,75.0,7.0,12.0,73.0,130.0,174.0,7.0,208.0,62.0,322.0,176.0,110.0,0.0,0.0,1718.0,17,031,020702,3,170310207023
28.0,41.0,41.0,85.0,117.0,0.0,46.0,2.0,0.0,28.0,3.0,159.0,124.0,110.05089396453928,0.0,0.0,784.0508939645392,17,031,020702,4,170310207024
2.0,5.0,249.0,0.0,38.0,128.0,33.0,19.0,0.0,235.0,152.0,258.0,136.0,99.765214051849,0.0,0.0,1354.765214051849,17,031,020801,1,170310208011
70.0,2.0,9.0,7.0,3.0,0.0,2.0,2.0,49.0,26.0,2.0,117.0,212.0,82.98955653480738,0.0,0.0,583.9895565348073,17,031,020801,2,170310208012
1.0,2.0,54.0,17.0,128.0,31.0,6.0,49.0,9.0,188.0,99.0,54.0,37.0,93.0,0.0,0.0,768.0,17,031,020801,3,170310208013
43.0,16.0,104.0,232.0,12.0,9.0,290.0,10.0,81.0,26.0,117.0,120.0,90.0,93.3264913287889,0.0,0.0,1243.326491328789,17,031,020801,4,170310208014
32.0,181.0,3.0,1.0,4.0,1.0,3.0,2.0,2.0,7.0,575.0,116.0,20.0,73.53042810369799,0.0,0.0,1020.530428103698,17,031,020802,1,170310208021
365.0,16.0,111.0,80.0,53.0,152.0,51.0,137.0,101.0,460.0,0.0,260.0,407.0,108.0,0.0,0.0,2301.0,17,031,020802,2,170310208022
142.0,133.0,134.0,14.0,134.0,9.0,150.0,40.0,3.0,172.0,331.0,388.0,267.0,99.55083381174728,0.0,0.0,2016.5508338117472,17,031,020802,3,170310208023
172.0,69.0,432.0,217.0,84.0,26.0,125.0,84.0,1.0,185.0,92.0,154.0,8.0,78.42851986903543,0.0,0.0,1727.4285198690354,17,031,020802,4,170310208024
149.0,54.0,199.0,102.0,113.0,214.0,231.0,125.0,259.0,220.0,177.0,60.0,73.0,117.36730274488752,0.0,0.0,2093.3673027448876,17,031,020901,1,170310209011
0.0,0.0,23.0,32.0,163.0,84.0,26.0,45.0,1.0,29.0,60.0,64.0,33.0,86.0,0.0,0.0,646.0,17,031,020901,2,170310209012
132.0,28.0,326.0,76.0,270.0,110.0,144.0,230.0,132.0,135.0,51.0,99.0,152.0,89.0,0.0,0.0,1974.0,17,031,020901,3,170310209013
75.0,143.0,304.0,111.0,34.0,168.0,53.0,152.0,66.0,155.0,176.0,146.0,38.0,86.0,0.0,0.0,1707.0,17,031,020902,1,170310209021
136.0,99.0,72.0,200.0,3.0,85.0,286.0,76.0,33.0,165.0,112.0,313.0,89.0,84.16312535881048,0.0,0.0,1753.1631253588105,17,031,020902,2,170310209022
253.0,31.0,3.0,34.0,171.0,48.0,110.0,10.0,1.0,0.0,85.0,7.0,96.0,105.0,0.0,0.0,954.0,17,031,030101,1,170310301011
20.0,57.0,2.0,1.0,31.0,3.0,18.0,25.0,5.0,6.0,39.0,20.0,12.0,103.0,0.0,0.0,342.0,17,031,030101,2,170310301012
284.0,147.0,51.0,32.0,74.0,8.0,30.0,61.0,126.0,121.0,9.0,67.0,23.0,104.0,0.0,0.0,1137.0,17,031,030101,3,170310301013
1.0,2.0,6.0,5.0,35.0,33.0,88.0,5.0,0.0,78.0,284.0,277.0,84.0,90.55095411733127,0.0,0.0,988.5509541173312,17,031,030101,4,170310301014
45.0,26.0,3.0,4.0,71.0,133.0,35.0,28.0,27.0,35.0,143.0,162.0,79.0,113.37750559891217,0.0,0.0,904.3775055989122,17,031,030102,1,170310301021
197.0,2.0,86.0,92.0,75.0,6.0,55.0,75.0,1.0,37.0,3.0,40.0,43.0,102.0,0.0,0.0,814.0,17,031,030102,2,170310301022
184.0,1.0,16.0,95.0,29.0,33.0,4.0,50.0,0.0,115.0,171.0,206.0,78.0,87.0,0.0,0.0,1069.0,17,031,030102,3,170310301023
14.0,69.0,15.0,64.0,0.0,25.0,0.0,2.0,32.0,117.0,2.0,33.0,30.0,89.0,0.0,0.0,492.0,17,031,030103,1,170310301031
141.0,179.0,53.0,52.0,0.0,149.0,112.0,30.0,2.0,27.0,40.0,119.0,143.0,84.98967684039135,0.0,0.0,1131.9896768403914,17,031,030103,2,170310301032
164.0,64.0,2.0,2.0,79.0,0.0,341.0,135.0,6.0,86.0,163.0,78.0,37.0,101.62237409550384,0.0,0.0,1258.6223740955038,17,031,030104,1,170310301041
120.0,239.0,40.0,3.0,2.0,0.0,74.0,18.0,2.0,56.0,2.0,21.0,33.0,99.0,0.0,0.0,709.0,17,031,030104,2,170310301042
60.0,4.0,154.0,33.0,191.0,80.0,2.0,76.0,38.0,67.0,97.0,164.0,67.0,90.91825686221878,0.0,0.0,1123.9182568622189,17,031,030200,1,170310302001
8.0,0.0,0.0,5.0,141.0,62.0,6.0,87.0,29.0,80.0,38.0,153.0,81.0,98.0,0.0,0.0,788.0,17,031,030200,2,170310302002
1.0,0.0,2.0,2.0,0.0,17.0,58.0,151.0,9.0,5.0,2.0,29.0,111.0,101.22446278854237,0.0,0.0,488.2244627885424,17,031,030200,3,170310302003
12.0,135.0,218.0,58.0,3.0,0.0,143.0,56.0,1.0,306.0,88.0,313.0,124.0,90.96915082675807,0.0,0.0,1547.969150826758,17,031,030200,4,170310302004
82.0,93.0,152.0,186.0,98.0,61.0,83.0,4.0,53.0,67.0,151.0,101.0,40.0,85.42851986903543,0.0,0.0,1256.4285198690354,17,031,030300,1,170310303001
212.0,192.0,71.0,72.0,8.0,72.0,30.0,160.0,52.0,46.0,170.0,183.0,91.0,92.72440263575038,0.0,0.0,1451.7244026357503,17,031,030300,2,170310303002
351.0,66.0,163.0,36.0,75.0,39.0,34.0,50.0,2.0,132.0,62.0,135.0,65.0,102.70399692770107,0.0,0.0,1312.7039969277012,17,031,030400,1,170310304001
1.0,5.0,17.0,58.0,64.0,70.0,68.0,55.0,51.0,79.0,40.0,160.0,56.0,98.54075126330662,0.0,0.0,822.5407512633067,17,031,030400,2,170310304002
7.0,67.0,98.0,46.0,1.0,91.0,38.0,4.0,4.0,80.0,179.0,191.0,209.0,98.16300505322648,0.0,0.0,1113.1630050532265,17,031,030500,1,170310305001
19.0,61.0,196.0,71.0,56.0,46.0,84.0,9.0,62.0,197.0,85.0,326.0,119.0,82.8060254679476,0.0,0.0,1413.8060254679476,17,031,030500,2,170310305002
134.0,178.0,2.0,1.0,10.0,6.0,40.0,46.0,81.0,127.0,145.0,77.0,123.0,91.24474819100769,0.0,0.0,1061.2447481910076,17,031,030500,3,170310305003
3.0,59.0,16.0,6.0,49.0,30.0,10.0,134.0,40.0,220.0,39.0,229.0,257.0,100.56115697135593,0.0,0.0,1192.561156971356,17,031,030500,4,170310305004
173.0,53.0,102.0,13.0,5.0,40.0,103.0,5.0,0.0,37.0,15.0,14.0,10.0,100.0,0.0,0.0,670.0,17,031,030601,1,170310306011
155.0,124.0,81.0,73.0,36.0,1.0,56.0,161.0,0.0,1.0,14.0,1.0,63.0,92.84683688404621,0.0,0.0,858.8468368840462,17,031,030601,2,170310306012
149.0,84.0,59.0,104.0,74.0,103.0,205.0,34.0,10.0,103.0,42.0,216.0,142.0,94.38770845293682,0.0,0.0,1419.3877084529367,17,031,030601,3,170310306013
189.0,13.0,60.0,58.0,88.0,159.0,57.0,66.0,29.0,32.0,4.0,18.0,73.0,99.0,0.0,0.0,945.0,17,031,030603,1,170310306031
226.0,62.0,99.0,18.0,73.0,65.0,18.0,94.0,4.0,46.0,40.0,17.0,19.0,106.29588276671494,0.0,0.0,887.295882766715,17,031,030603,2,170310306032
172.0,45.0,48.0,5.0,8.0,0.0,58.0,94.0,2.0,97.0,196.0,77.0,14.0,97.35697958527888,0.0,0.0,913.3569795852789,17,031,030604,1,170310306041
59.0,5.0,35.0,57.0,136.0,53.0,101.0,32.0,14.0,88.0,57.0,126.0,133.0,105.8264311759969,0.0,0.0,1001.826431175997,17,031,030604,2,170310306042
168.0,98.0,32.0,107.0,31.0,17.0,1.0,1.0,3.0,3.0,3.0,41.0,36.0,87.61217124147919,0.0,0.0,628.6121712414792,17,031,030604,3,170310306043
99.0,194.0,140.0,69.0,121.0,64.0,4.0,15.0,48.0,58.0,96.0,320.0,159.0,133.08162283219724,0.0,0.0,1520.0816228321971,17,031,030701,1,170310307011
64.0,50.0,0.0,13.0,57.0,24.0,2.0,10.0,53.0,8.0,101.0,87.0,89.0,87.64277980355315,0.0,0.0,645.6427798035531,17,031,030702,1,170310307021
6.0,51.0,1.0,3.0,1.0,137.0,0.0,55.0,36.0,116.0,27.0,11.0,53.0,107.09182568622188,0.0,0.0,604.0918256862219,17,031,030702,2,170310307022
134.0,28.0,61.0,1.0,14.0,2.0,17.0,2.0,1.0,51.0,45.0,71.0,35.0,81.0,0.0,0.0,543.0,17,031,030703,1,170310307031
150.0,21.0,103.0,39.0,19.0,0.0,0.0,4.0,1.0,38.0,0.0,25.0,11.0,94.0,0.0,0.0,505.0,17,031,030703,2,170310307032
55.0,91.0,43.0,38.0,27.0,47.0,27.0,152.0,97.0,54.0,221.0,108.0,84.0,110.22446278854237,0.0,0.0,1154.2244627885423,17,031,030703,3,170310307033
198.0,142.0,23.0,76.0,58.0,276.0,84.0,121.0,50.0,166.0,271.0,210.0,184.0,97.61217124147919,0.0,0.0,1956.6121712414792,17,031,030706,1,170310307061
170.0,46.0,125.0,9.0,203.0,55.0,69.0,4.0,7.0,79.0,96.0,59.0,64.0,101.88764830014483,0.0,0.0,1087.8876483001447,17,031,030706,2,170310307062
125.0,16.0,38.0,1.0,0.0,3.0,18.0,153.0,167.0,12.0,88.0,210.0,166.0,93.0,0.0,0.0,1090.0,17,031,030800,1,170310308001
0.0,11.0,1.0,1.0,10.0,26.0,91.0,26.0,19.0,14.0,46.0,121.0,109.0,85.7446880382157,0.0,0.0,560.7446880382157,17,031,030800,2,170310308002
126.0,2.0,14.0,40.0,38.0,20.0,1.0,3.0,1.0,16.0,198.0,63.0,36.0,106.21425993451771,0.0,0.0,664.2142599345177,17,031,030800,3,170310308003
16.0,38.0,0.0,170.0,47.0,27.0,1.0,6.0,3.0,222.0,127.0,19.0,108.0,87.66318551160245,0.0,0.0,871.6631855116025,17,031,030800,4,170310308004
2.0,9.0,5.0,1.0,3.0,2.0,15.0,2.0,39.0,5.0,78.0,32.0,57.0,96.48973699318336,0.0,0.0,346.4897369931833,17,031,030900,1,170310309001
0.0,3.0,17.0,60.0,65.0,32.0,7.0,31.0,2.0,87.0,45.0,233.0,55.0,109.38770845293682,0.0,0.0,746.3877084529369,17,031,030900,2,170310309002
0.0,1.0,2.0,11.0,1.0,4.0,29.0,19.0,26.0,1.0,109.0,382.0,145.0,115.59176553342988,0.0,0.0,845.5917655334299,17,031,030900,3,170310309003
8.0,2.0,2.0,10.0,1.0,5.0,2.0,56.0,34.0,83.0,177.0,168.0,17.0,78.41831701501079,0.0,0.0,643.4183170150108,17,031,030900,4,170310309004
73.0,4.0,103.0,25.0,82.0,15.0,21.0,50.0,1.0,7.0,44.0,194.0,170.0,97.53054840928196,0.0,0.0,886.530548409282,17,031,031000,1,170310310001
0.0,0.0,101.0,41.0,26.0,49.0,36.0,14.0,20.0,134.0,166.0,97.0,57.0,78.70399692770107,0.0,0.0,819.703996927701,17,031,031000,2,170310310002
71.0,60.0,2.0,10.0,11.0,54.0,6.0,74.0,60.0,137.0,133.0,230.0,108.0,93.44892557708474,0.0,0.0,1049.4489255770848,17,031,031000,3,170310310003
30.0,64.0,53.0,3.0,23.0,18.0,75.0,79.0,129.0,31.0,271.0,258.0,323.0,87.19373392088443,0.0,0.0,1444.1937339208844,17,031,031100,1,170310311001
177.0,87.0,6.0,2.0,102.0,0.0,47.0,5.0,76.0,42.0,20.0,1.0,7.0,93.0,0.0,0.0,665.0,17,031,031100,2,170310311002
5.0,39.0,110.0,81.0,37.0,8.0,126.0,15.0,20.0,24.0,41.0,193.0,177.0,80.83651372443758,0.0,0.0,956.8365137244376,17,031,031100,3,170310311003
248.0,197.0,165.0,16.0,0.0,0.0,20.0,8.0,24.0,3.0,49.0,171.0,45.0,71.60196838745455,0.0,0.0,1017.6019683874546,17,031,031200,1,170310312001
292.0,60.0,9.0,61.0,4.0,0.0,48.0,0.0,33.0,96.0,45.0,56.0,25.0,94.0,0.0,0.0,823.0,17,031,031200,2,170310312002
673.0,53.0,120.0,15.0,2.0,10.0,0.0,0.0,0.0,11.0,3.0,47.0,26.0,104.16324566439445,0.0,0.0,1064.1632456643945,17,031,031200,3,170310312003
370.0,174.0,21.0,76.0,38.0,74.0,61.0,8.0,1.0,137.0,9.0,86.0,73.0,81.23466564256702,0.0,0.0,1209.234665642567,17,031,031200,4,170310312004
82.0,47.0,6.0,168.0,64.0,96.0,16.0,14.0,8.0,227.0,14.0,97.0,41.0,88.0,0.0,0.0,968.0,17,031,031300,1,170310313001
41.0,0.0,15.0,90.0,32.0,44.0,20.0,51.0,149.0,136.0,203.0,167.0,91.0,92.48973699318336,0.0,0.0,1131.4897369931834,17,031,031300,2,170310313002
219.0,5.0,5.0,5.0,3.0,134.0,80.0,2.0,2.0,3.0,0.0,17.0,118.0,90.0,0.0,0.0,683.0,17,031,031300,3,170310313003
769.0,187.0,101.0,124.0,137.0,111.0,129.0,11.0,2.0,80.0,138.0,6.0,25.0,100.61217124147919,0.0,0.0,1920.6121712414792,17,031,031300,4,170310313004
160.0,103.0,260.0,45.0,74.0,92.0,36.0,78.0,9.0,38.0,77.0,494.0,154.0,80.0,0.0,0.0,1700.0,17,031,031300,5,170310313005
1.0,3.0,123.0,75.0,19.0,28.0,16.0,32.0,64.0,215.0,51.0,132.0,336.0,86.57123951979659,0.0,0.0,1181.5712395197966,17,031,031400,1,170310314001
30.0,7.0,21.0,0.0,3.0,2.0,17.0,24.0,18.0,100.0,83.0,193.0,66.0,91.4795341391587,0.0,0.0,655.4795341391587,17,031,031400,2,170310314002
34.0,0.0,11.0,54.0,7.0,19.0,55.0,6.0,54.0,83.0,50.0,194.0,93.0,104.0,0.0,0.0,764.0,17,031,031400,3,170310314003
2.0,77.0,41.0,33.0,2.0,27.0,0.0,17.0,86.0,249.0,63.0,60.0,187.0,90.25507135061633,0.0,0.0,934.2550713506163,17,031,031400,5,170310314005
51.0,8.0,1.0,13.0,7.0,71.0,7.0,15.0,16.0,28.0,48.0,18.0,81.0,84.9590682783174,0.0,0.0,448.9590682783174,17,031,031400,6,170310314006
99.0,138.0,54.0,3.0,93.0,12.0,13.0,3.0,5.0,16.0,2.0,17.0,101.0,88.0,0.0,0.0,644.0,17,031,031501,1,170310315011
163.0,86.0,162.0,106.0,6.0,55.0,39.0,12.0,0.0,0.0,20.0,269.0,209.0,83.0,0.0,0.0,1210.0,17,031,031501,2,170310315012
286.0,33.0,23.0,11.0,9.0,13.0,6.0,78.0,46.0,61.0,0.0,83.0,27.0,84.0,0.0,0.0,760.0,17,031,031501,3,170310315013
192.0,13.0,179.0,70.0,82.0,152.0,54.0,42.0,31.0,88.0,141.0,201.0,69.0,95.69379407367641,0.0,0.0,1409.6937940736764,17,031,031502,1,170310315021
322.0,78.0,172.0,4.0,23.0,12.0,13.0,0.0,43.0,42.0,56.0,108.0,26.0,107.24486849659168,0.0,0.0,1006.2448684965916,17,031,031502,2,170310315022
429.0,177.0,234.0,188.0,74.0,21.0,14.0,59.0,21.0,34.0,51.0,96.0,126.0,89.0,0.0,0.0,1613.0,17,031,031502,3,170310315023
271.0,131.0,121.0,89.0,73.0,92.0,100.0,108.0,2.0,30.0,264.0,278.0,194.0,108.55095411733127,0.0,0.0,1861.5509541173312,17,031,031700,1,170310317001
393.0,181.0,34.0,102.0,8.0,12.0,37.0,75.0,0.0,55.0,110.0,136.0,181.0,117.7038766221171,0.0,0.0,1441.7038766221171,17,031,031700,2,170310317002
253.0,97.0,40.0,117.0,185.0,68.0,15.0,104.0,5.0,23.0,86.0,151.0,106.0,99.16324566439445,0.0,0.0,1349.1632456643945,17,031,031700,3,170310317003
104.0,10.0,1.0,1.0,30.0,2.0,0.0,41.0,36.0,76.0,144.0,135.0,121.0,78.45912843110939,0.0,0.0,779.4591284311094,17,031,031700,4,170310317004
185.0,73.0,106.0,156.0,26.0,14.0,32.0,69.0,89.0,64.0,93.0,183.0,114.0,100.55095411733127,0.0,0.0,1304.5509541173312,17,031,031800,1,170310318001
104.0,64.0,59.0,27.0,16.0,0.0,92.0,71.0,2.0,44.0,71.0,207.0,107.0,110.48973699318336,0.0,0.0,974.4897369931833,17,031,031900,1,170310319001
58.0,2.0,9.0,62.0,61.0,5.0,8.0,1.0,1.0,37.0,160.0,226.0,113.0,84.56115697135593,0.0,0.0,827.5611569713559,17,031,031900,2,170310319002
149.0,134.0,4.0,5.0,23.0,3.0,8.0,0.0,4.0,174.0,234.0,280.0,232.0,92.71419978172572,0.0,0.0,1342.7141997817257,17,031,032100,1,170310321001
479.0,126.0,28.0,3.0,17.0,26.0,79.0,45.0,1.0,191.0,113.0,72.0,34.0,98.0,0.0,0.0,1312.0,17,031,032100,2,170310321002
197.0,285.0,0.0,114.0,3.0,120.0,10.0,77.0,9.0,18.0,1.0,154.0,188.0,100.94886542429275,0.0,0.0,1276.9488654242928,17,031,032100,3,170310321003
22.0,70.0,106.0,125.0,1.0,85.0,34.0,118.0,1.0,105.0,23.0,206.0,57.0,92.0,0.0,0.0,1045.0,17,031,032100,4,170310321004
3.0,129.0,67.0,42.0,34.0,12.0,1.0,140.0,5.0,38.0,18.0,57.0,64.0,101.99987969441602,0.0,0.0,711.999879694416,17,031,032100,5,170310321005
50.0,1.0,62.0,32.0,93.0,72.0,2.0,2.0,4.0,42.0,98.0,164.0,21.0,103.13263710232049,0.0,0.0,746.1326371023205,17,031,040100,1,170310401001
38.0,1.0,160.0,72.0,22.0,74.0,91.0,114.0,42.0,141.0,97.0,275.0,166.0,93.46933128513405,0.0,0.0,1386.469331285134,17,031,040100,2,170310401002
68.0,49.0,1.0,96.0,1.0,22.0,4.0,14.0,11.0,62.0,155.0,53.0,127.0,95.29588276671494,0.0,0.0,758.295882766715,17,031,040100,3,170310401003
220.0,4.0,9.0,1.0,84.0,24.0,52.0,20.0,1.0,4.0,88.0,19.0,103.0,90.35709989086286,0.0,0.0,719.3570998908629,17,031,040201,1,170310402011
119.0,31.0,102.0,249.0,5.0,42.0,103.0,2.0,1.0,201.0,133.0,150.0,107.0,86.8264311759969,0.0,0.0,1331.826431175997,17,031,040201,2,170310402012
36.0,2.0,15.0,129.0,2.0,23.0,17.0,42.0,69.0,162.0,178.0,48.0,204.0,112.33669418281356,0.0,0.0,1039.3366941828135,17,031,040201,3,170310402013
21.0,27.0,89.0,97.0,106.0,72.0,242.0,37.0,259.0,31.0,292.0,310.0,89.0,85.20393677490908,0.0,0.0,1757.2039367749092,17,031,040201,4,170310402014
2.0,183.0,4.0,16.0,0.0,100.0,52.0,3.0,0.0,90.0,32.0,129.0,47.0,110.0712996725886,0.0,0.0,768.0712996725886,17,031,040202,1,170310402021
430.0,235.0,204.0,113.0,322.0,0.0,17.0,282.0,46.0,58.0,280.0,220.0,82.0,89.7038766221171,0.0,0.0,2378.703876622117,17,031,040202,2,170310402022
222.0,39.0,237.0,29.0,86.0,6.0,24.0,27.0,31.0,24.0,21.0,150.0,60.0,104.55095411733127,0.0,0.0,1060.5509541173312,17,031,040202,3,170310402023
415.0,60.0,94.0,3.0,21.0,47.0,115.0,23.0,29.0,59.0,199.0,134.0,123.0,83.0,0.0,0.0,1405.0,17,031,040202,4,170310402024
31.0,56.0,9.0,14.0,6.0,94.0,6.0,73.0,16.0,10.0,1.0,114.0,104.0,101.765214051849,0.0,0.0,635.765214051849,17,031,040300,1,170310403001
81.0,76.0,3.0,76.0,32.0,5.0,1.0,5.0,1.0,10.0,96.0,98.0,126.0,90.29588276671494,0.0,0.0,700.295882766715,17,031,040300,2,170310403002
32.0,0.0,9.0,10.0,3.0,1.0,9.0,54.0,11.0,34.0,10.0,97.0,79.0,109.12231394271186,0.0,0.0,458.12231394271186,17,031,040300,3,170310403003
4.0,41.0,1.0,0.0,37.0,52.0,8.0,105.0,2.0,2.0,81.0,61.0,76.0,97.0,0.0,0.0,567.0,17,031,040401,1,170310404011
6.0,5.0,8.0,5.0,27.0,18.0,22.0,7.0,3.0,9.0,49.0,0.0,123.0,77.28567991269028,0.0,0.0,359.2856799126903,17,031,040401,2,170310404012
7.0,32.0,1.0,60.0,81.0,58.0,35.0,4.0,65.0,3.0,33.0,42.0,82.0,110.0,0.0,0.0,613.0,17,031,040401,3,170310404013
1.0,4.0,1.0,3.0,0.0,45.0,2.0,25.0,131.0,16.0,224.0,200.0,106.0,75.42851986903543,0.0,0.0,833.4285198690354,17,031,040401,4,170310404014
1.0,3.0,10.0,2.0,5.0,4.0,94.0,60.0,77.0,11.0,75.0,32.0,10.0,78.59176553342988,0.0,0.0,462.5917655334299,17,031,040402,1,170310404021
0.0,7.0,1.0,5.0,10.0,0.0,19.0,27.0,68.0,39.0,295.0,249.0,39.0,83.42851986903543,0.0,0.0,842.4285198690354,17,031,040402,2,170310404022
43.0,13.0,42.0,94.0,3.0,65.0,131.0,9.0,16.0,1.0,161.0,82.0,124.0,93.54075126330662,0.0,0.0,877.5407512633067,17,031,040402,3,170310404023
4.0,3.0,57.0,1.0,1.0,5.0,18.0,17.0,3.0,180.0,33.0,1.0,36.0,91.42851986903543,0.0,0.0,450.4285198690354,17,031,040402,4,170310404024
66.0,0.0,86.0,58.0,0.0,75.0,86.0,56.0,85.0,63.0,62.0,272.0,169.0,80.30596531515562,0.0,0.0,1158.3059653151556,17,031,040402,5,170310404025
2.0,63.0,89.0,103.0,2.0,1.0,4.0,3.0,35.0,7.0,77.0,103.0,25.0,108.62237409550384,0.0,0.0,622.6223740955038,17,031,040600,1,170310406001
19.0,18.0,30.0,3.0,25.0,2.0,43.0,87.0,23.0,69.0,65.0,109.0,65.0,90.17344851841911,0.0,0.0,648.1734485184191,17,031,040600,2,170310406002
26.0,6.0,9.0,4.0,5.0,3.0,80.0,25.0,0.0,39.0,168.0,195.0,135.0,103.19373392088443,0.0,0.0,798.1937339208844,17,031,040600,3,170310406003
13.0,41.0,1.0,63.0,43.0,3.0,39.0,28.0,58.0,47.0,37.0,174.0,116.0,95.765214051849,0.0,0.0,758.765214051849,17,031,040700,1,170310407001
18.0,3.0,40.0,7.0,62.0,7.0,5.0,19.0,50.0,34.0,45.0,99.0,136.0,103.72440263575038,0.0,0.0,628.7244026357504,17,031,040700,2,170310407002
2.0,3.0,0.0,67.0,24.0,3.0,4.0,12.0,2.0,154.0,162.0,89.0,62.0,98.70399692770107,0.0,0.0,682.703996927701,17,031,040700,3,170310407003
52.0,4.0,38.0,14.0,47.0,2.0,5.0,2.0,0.0,98.0,32.0,89.0,106.0,97.87744544612018,0.0,0.0,586.8774454461202,17,031,040700,4,170310407004
7.0,7.0,29.0,0.0,0.0,29.0,30.0,31.0,3.0,165.0,139.0,170.0,128.0,109.34689703683821,0.0,0.0,847.3468970368382,17,031,040800,1,170310408001
4.0,2.0,15.0,2.0,20.0,1.0,2.0,2.0,8.0,66.0,40.0,110.0,110.0,101.45912843110939,0.0,0.0,483.45912843110943,17,031,040800,2,170310408002
18.0,36.0,52.0,39.0,24.0,1.0,155.0,34.0,13.0,163.0,112.0,227.0,95.0,92.18353106685977,0.0,0.0,1061.1835310668598,17,031,040900,1,170310409001
1.0,3.0,10.0,2.0,44.0,10.0,4.0,119.0,15.0,6.0,42.0,94.0,29.0,82.06109681856393,0.0,0.0,461.06109681856395,17,031,040900,2,170310409002
10.0,2.0,6.0,11.0,85.0,19.0,16.0,1.0,41.0,10.0,156.0,183.0,129.0,86.0,0.0,0.0,755.0,17,031,050100,1,170310501001
33.0,18.0,56.0,54.0,84.0,2.0,10.0,39.0,10.0,84.0,209.0,217.0,214.0,89.22434248295838,0.0,0.0,1119.2243424829585,17,031,050100,2,170310501002
59.0,8.0,3.0,81.0,5.0,2.0,183.0,2.0,3.0,23.0,78.0,229.0,29.0,80.86724259209552,0.0,0.0,785.8672425920955,17,031,050200,1,170310502001
70.0,4.0,7.0,46.0,99.0,22.0,32.0,84.0,104.0,53.0,534.0,284.0,193.0,104.90805400819414,0.0,0.0,1636.908054008194,17,031,050200,2,170310502002
146.0,0.0,115.0,222.0,64.0,50.0,29.0,55.0,85.0,106.0,4.0,166.0,146.0,109.62237409550384,0.0,0.0,1297.6223740955038,17,031,050200,3,170310502003
42.0,4.0,0.0,5.0,67.0,11.0,42.0,10.0,3.0,4.0,59.0,129.0,231.0,109.3264913287889,0.0,0.0,716.3264913287888,17,031,050300,1,170310503001
20.0,16.0,3.0,2.0,4.0,55.0,4.0,89.0,23.0,43.0,3.0,76.0,142.0,98.49993984720801,0.0,0.0,578.499939847208,17,031,050300,2,170310503002
2.0,0.0,9.0,3.0,1.0,15.0,3.0,52.0,11.0,122.0,46.0,148.0,148.0,102.24486849659168,0.0,0.0,662.2448684965917,17,031,050300,3,170310503003
0.0,2.0,0.0,1.0,3.0,110.0,3.0,8.0,4.0,19.0,126.0,54.0,19.0,99.68335060848379,0.0,0.0,448.6833506084838,17,031,050500,1,170310505001
3.0,0.0,3.0,12.0,13.0,27.0,4.0,30.0,94.0,60.0,161.0,456.0,192.0,103.20381646932509,0.0,0.0,1158.2038164693251,17,031,050500,2,170310505002
65.0,0.0,20.0,2.0,0.0,2.0,5.0,1.0,0.0,32.0,53.0,41.0,152.0,95.23466564256702,0.0,0.0,468.23466564256705,17,031,050500,3,170310505003
0.0,3.0,0.0,6.0,121.0,3.0,25.0,2.0,2.0,47.0,129.0,92.0,128.0,100.45912843110939,0.0,0.0,658.4591284311094,17,031,050500,4,170310505004
0.0,2.0,4.0,31.0,3.0,22.0,4.0,163.0,35.0,95.0,56.0,463.0,4.0,75.05089396453928,0.0,0.0,957.0508939645392,17,031,050500,5,170310505005
97.0,2.0,2.0,35.0,2.0,53.0,57.0,13.0,9.0,157.0,74.0,143.0,136.0,83.4386024174761,0.0,0.0,863.4386024174761,17,031,050600,1,170310506001
73.0,3.0,3.0,90.0,7.0,14.0,15.0,47.0,7.0,84.0,49.0,192.0,240.0,110.97947398636671,0.0,0.0,934.9794739863667,17,031,050600,2,170310506002
1.0,1.0,4.0,10.0,3.0,30.0,30.0,85.0,8.0,111.0,152.0,165.0,183.0,100.62213348433588,0.0,0.0,883.6221334843359,17,031,050700,1,170310507001
2.0,28.0,2.0,0.0,7.0,10.0,11.0,11.0,86.0,35.0,124.0,198.0,191.0,82.4386024174761,0.0,0.0,787.4386024174761,17,031,050800,1,170310508001
37.0,4.0,26.0,32.0,11.0,50.0,3.0,77.0,1.0,157.0,197.0,178.0,296.0,105.33669418281356,0.0,0.0,1174.3366941828135,17,031,050900,1,170310509001
58.0,1.0,0.0,68.0,29.0,16.0,47.0,16.0,70.0,91.0,126.0,202.0,194.0,83.48973699318336,0.0,0.0,1001.4897369931833,17,031,051000,1,170310510001
52.0,41.0,59.0,0.0,16.0,19.0,47.0,1.0,54.0,77.0,138.0,196.0,108.0,103.91825686221878,0.0,0.0,911.9182568622188,17,031,051100,1,170310511001
5.0,0.0,8.0,1.0,2.0,4.0,18.0,17.0,3.0,54.0,74.0,150.0,90.0,81.56115697135593,0.0,0.0,507.5611569713559,17,031,051200,1,170310512001
27.0,1.0,0.0,3.0,3.0,0.0,0.0,3.0,0.0,87.0,0.0,144.0,148.0,78.765214051849,0.0,0.0,494.765214051849,17,031,051200,2,170310512002
7.0,2.0,28.0,26.0,1.0,112.0,16.0,65.0,29.0,1.0,74.0,57.0,217.0,96.16324566439445,0.0,0.0,731.1632456643945,17,031,051300,1,170310513001
2.0,0.0,11.0,14.0,5.0,4.0,2.0,12.0,41.0,59.0,60.0,132.0,303.0,96.7856197598983,0.0,0.0,741.7856197598983,17,031,051300,2,170310513002
2.0,77.0,54.0,44.0,2.0,0.0,93.0,100.0,27.0,25.0,103.0,138.0,205.0,99.81610801638827,0.0,0.0,969.8161080163883,17,031,051400,1,170310514001
17.0,1.0,37.0,6.0,2.0,25.0,9.0,17.0,31.0,93.0,33.0,66.0,76.0,83.29588276671494,0.0,0.0,496.29588276671495,17,031,051400,2,170310514002
6.0,67.0,4.0,1.0,1.0,1.0,50.0,12.0,7.0,99.0,3.0,63.0,83.0,92.4387227230601,0.0,0.0,489.4387227230601,17,031,060100,1,170310601001
1.0,0.0,0.0,5.0,37.0,8.0,8.0,5.0,4.0,3.0,178.0,122.0,101.0,84.44892557708474,0.0,0.0,556.4489255770848,17,031,060100,2,170310601002
40.0,30.0,3.0,13.0,1.0,17.0,2.0,34.0,10.0,40.0,79.0,49.0,62.0,87.0,0.0,0.0,467.0,17,031,060100,3,170310601003
36.0,25.0,45.0,3.0,26.0,14.0,18.0,56.0,0.0,44.0,126.0,220.0,49.0,91.59176553342988,0.0,0.0,753.5917655334299,17,031,060200,1,170310602001
57.0,38.0,49.0,68.0,81.0,2.0,64.0,10.0,54.0,38.0,99.0,156.0,86.0,85.1530428103698,0.0,0.0,887.1530428103698,17,031,060200,2,170310602002
3.0,0.0,1.0,3.0,0.0,38.0,23.0,7.0,0.0,161.0,51.0,126.0,440.0,111.26503359347302,0.0,0.0,964.265033593473,17,031,060300,1,170310603001
4.0,6.0,99.0,36.0,28.0,74.0,12.0,2.0,3.0,26.0,54.0,371.0,164.0,90.89785115416949,0.0,0.0,969.8978511541695,17,031,060300,2,170310603002
156.0,19.0,6.0,5.0,5.0,91.0,22.0,15.0,82.0,77.0,192.0,303.0,231.0,80.61217124147919,0.0,0.0,1284.6121712414792,17,031,060400,1,170310604001
36.0,1.0,12.0,7.0,17.0,0.0,4.0,28.0,46.0,0.0,144.0,61.0,143.0,94.52034555525731,0.0,0.0,593.5203455552573,17,031,060400,2,170310604002
2.0,1.0,3.0,6.0,8.0,26.0,1.0,1.0,0.0,10.0,83.0,119.0,68.0,79.73448518419104,0.0,0.0,407.73448518419104,17,031,060400,3,170310604003
238.0,126.0,72.0,29.0,11.0,7.0,48.0,58.0,1.0,29.0,61.0,83.0,92.0,75.26527420464097,0.0,0.0,930.265274204641,17,031,060500,1,170310605001
53.0,3.0,3.0,65.0,20.0,42.0,151.0,71.0,19.0,52.0,137.0,188.0,387.0,103.38758814735283,0.0,0.0,1294.3875881473527,17,031,060800,1,170310608001
94.0,107.0,74.0,72.0,2.0,56.0,69.0,148.0,342.0,203.0,479.0,453.0,328.0,110.14259934517717,0.0,0.0,2537.142599345177,17,031,060800,3,170310608003
0.0,4.0,28.0,38.0,31.0,27.0,76.0,0.0,36.0,64.0,116.0,108.0,122.0,105.1938542264684,0.0,0.0,755.1938542264684,17,031,060900,1,170310609001
53.0,111.0,98.0,42.0,2.0,1.0,59.0,49.0,151.0,105.0,74.0,275.0,204.0,90.33657387722957,0.0,0.0,1314.3365738772295,17,031,060900,3,170310609003
215.0,98.0,121.0,56.0,52.0,59.0,36.0,305.0,139.0,355.0,519.0,495.0,407.0,101.87732514053619,0.0,0.0,2958.8773251405364,17,031,060900,4,170310609004
127.0,31.0,2.0,139.0,140.0,70.0,38.0,6.0,15.0,47.0,3.0,5.0,18.0,106.0,0.0,0.0,747.0,17,031,060900,5,170310609005
94.0,7.0,8.0,54.0,30.0,0.0,129.0,93.0,32.0,83.0,60.0,248.0,245.0,93.72440263575038,0.0,0.0,1176.7244026357503,17,031,061000,1,170310610001
28.0,14.0,20.0,48.0,58.0,17.0,21.0,28.0,32.0,43.0,84.0,199.0,218.0,96.64277980355315,0.0,0.0,906.6427798035531,17,031,061100,1,170310611001
201.0,2.0,1.0,76.0,39.0,2.0,55.0,39.0,32.0,168.0,41.0,320.0,325.0,95.64265949796916,0.0,0.0,1396.6426594979691,17,031,061200,1,170310612001
70.0,2.0,14.0,29.0,41.0,4.0,8.0,119.0,15.0,211.0,177.0,176.0,236.0,74.25483073944835,0.0,0.0,1176.2548307394484,17,031,061500,1,170310615001
72.0,103.0,6.0,72.0,20.0,12.0,27.0,55.0,56.0,58.0,108.0,122.0,101.0,81.56115697135593,0.0,0.0,893.5611569713559,17,031,061800,1,170310618001
22.0,0.0,3.0,23.0,1.0,7.0,8.0,3.0,6.0,124.0,77.0,112.0,69.0,89.51014270123267,0.0,0.0,544.5101427012327,17,031,061901,1,170310619011
70.0,1.0,1.0,4.0,8.0,0.0,80.0,73.0,125.0,33.0,79.0,203.0,146.0,84.8060254679476,0.0,0.0,907.8060254679476,17,031,061901,2,170310619012
65.0,13.0,2.0,3.0,71.0,0.0,72.0,80.0,0.0,13.0,36.0,61.0,83.0,79.0,0.0,0.0,578.0,17,031,061901,3,170310619013
228.0,35.0,119.0,20.0,133.0,171.0,44.0,65.0,118.0,14.0,14.0,1.0,38.0,81.27547705866564,0.0,0.0,1081.2754770586657,17,031,061901,4,170310619014
48.0,74.0,27.0,45.0,15.0,23.0,118.0,28.0,1.0,70.0,69.0,0.0,70.0,116.21425993451771,0.0,0.0,704.2142599345177,17,031,061902,1,170310619021
160.0,36.0,156.0,91.0,134.0,15.0,76.0,68.0,81.0,108.0,131.0,14.0,3.0,102.20393677490908,0.0,0.0,1175.2039367749092,17,031,061902,2,170310619022
97.0,6.0,5.0,1.0,157.0,36.0,28.0,28.0,59.0,134.0,118.0,96.0,178.0,90.45912843110939,0.0,0.0,1033.4591284311093,17,031,061902,3,170310619023
44.0,17.0,1.0,19.0,35.0,98.0,59.0,69.0,100.0,87.0,211.0,196.0,358.0,81.9590682783174,0.0,0.0,1375.9590682783173,17,031,062000,1,170310620001
3.0,49.0,1.0,10.0,25.0,43.0,4.0,32.0,22.0,72.0,126.0,211.0,62.0,99.70399692770107,0.0,0.0,759.703996927701,17,031,062000,2,170310620002
36.0,0.0,5.0,11.0,1.0,13.0,0.0,7.0,7.0,16.0,18.0,90.0,97.0,89.40811416098613,0.0,0.0,390.40811416098614,17,031,062100,1,170310621001
77.0,23.0,5.0,61.0,15.0,3.0,7.0,9.0,1.0,47.0,217.0,30.0,183.0,112.40799385540214,0.0,0.0,790.4079938554022,17,031,062100,2,170310621002
113.0,55.0,3.0,12.0,41.0,3.0,37.0,20.0,0.0,80.0,58.0,127.0,189.0,88.5916452278459,0.0,0.0,826.5916452278459,17,031,062100,3,170310621003
127.0,1.0,2.0,1.0,1.0,12.0,0.0,116.0,21.0,40.0,88.0,299.0,321.0,104.87732514053619,0.0,0.0,1133.8773251405362,17,031,062200,1,170310622001
19.0,2.0,19.0,2.0,1.0,2.0,1.0,45.0,11.0,57.0,46.0,171.0,222.0,96.12231394271186,0.0,0.0,694.1223139427118,17,031,062200,2,170310622002
3.0,129.0,7.0,79.0,2.0,3.0,35.0,22.0,4.0,64.0,56.0,108.0,381.0,90.8264311759969,0.0,0.0,983.826431175997,17,031,062300,1,170310623001
1.0,47.0,82.0,1.0,1.0,27.0,4.0,8.0,7.0,62.0,150.0,166.0,142.0,107.96915082675807,0.0,0.0,805.9691508267581,17,031,062400,1,170310624001
15.0,22.0,3.0,16.0,0.0,14.0,6.0,24.0,92.0,59.0,45.0,165.0,289.0,111.67338836562712,0.0,0.0,861.6733883656271,17,031,062500,1,170310625001
13.0,55.0,13.0,70.0,16.0,0.0,45.0,30.0,41.0,228.0,224.0,328.0,195.0,101.87744544612018,0.0,0.0,1359.8774454461202,17,031,062600,1,170310626001
0.0,0.0,2.0,2.0,4.0,23.0,2.0,1.0,0.0,67.0,59.0,89.0,160.0,108.18365137244376,0.0,0.0,517.1836513724438,17,031,062700,1,170310627001
3.0,0.0,1.0,18.0,42.0,3.0,7.0,12.0,0.0,7.0,129.0,175.0,89.0,85.18365137244376,0.0,0.0,571.1836513724437,17,031,062700,2,170310627002
130.0,66.0,52.0,4.0,0.0,30.0,9.0,7.0,3.0,29.0,21.0,98.0,165.0,114.8264311759969,0.0,0.0,728.826431175997,17,031,062700,3,170310627003
112.0,5.0,11.0,9.0,8.0,5.0,53.0,75.0,1.0,11.0,1.0,70.0,177.0,85.40811416098613,0.0,0.0,623.4081141609861,17,031,062800,1,170310628001
56.0,1.0,8.0,3.0,4.0,2.0,2.0,45.0,2.0,71.0,131.0,170.0,32.0,75.99987969441602,0.0,0.0,602.999879694416,17,031,062800,2,170310628002
13.0,13.0,66.0,52.0,25.0,3.0,1.0,7.0,26.0,42.0,39.0,228.0,181.0,98.92821910507547,0.0,0.0,794.9282191050755,17,031,062800,3,170310628003
14.0,6.0,3.0,44.0,5.0,7.0,2.0,34.0,0.0,14.0,0.0,203.0,174.0,100.23442503139906,0.0,0.0,606.234425031399,17,031,062900,1,170310629001
4.0,12.0,69.0,0.0,41.0,57.0,5.0,2.0,2.0,107.0,56.0,117.0,198.0,88.26527420464097,0.0,0.0,758.265274204641,17,031,062900,2,170310629002
81.0,1.0,2.0,11.0,4.0,59.0,1.0,7.0,39.0,159.0,193.0,127.0,158.0,96.37738529332819,0.0,0.0,938.3773852933282,17,031,062900,3,170310629003
72.0,35.0,61.0,9.0,35.0,17.0,89.0,4.0,44.0,50.0,113.0,196.0,97.0,90.25495104503234,0.0,0.0,912.2549510450324,17,031,063000,1,170310630001
63.0,0.0,26.0,52.0,15.0,2.0,22.0,59.0,36.0,11.0,18.0,146.0,183.0,90.08150252661324,0.0,0.0,723.0815025266132,17,031,063000,2,170310630002
90.0,6.0,0.0,4.0,4.0,1.0,4.0,2.0,31.0,51.0,37.0,55.0,134.0,90.31628847476425,0.0,0.0,509.3162884747642,17,031,063000,3,170310630003
67.0,4.0,8.0,1.0,4.0,14.0,64.0,15.0,1.0,78.0,193.0,240.0,132.0,94.14271965076117,0.0,0.0,915.1427196507611,17,031,063100,1,170310631001
177.0,10.0,61.0,2.0,4.0,47.0,16.0,0.0,5.0,54.0,40.0,48.0,80.0,99.67338836562712,0.0,0.0,643.6733883656271,17,031,063100,2,170310631002
71.0,32.0,1.0,2.0,206.0,13.0,7.0,30.0,105.0,51.0,164.0,63.0,78.0,102.25507135061633,0.0,0.0,925.2550713506163,17,031,063200,1,170310632001
0.0,6.0,6.0,29.0,1.0,69.0,11.0,5.0,23.0,186.0,2.0,10.0,111.0,101.06109681856393,0.0,0.0,560.061096818564,17,031,063200,2,170310632002
4.0,14.0,29.0,4.0,33.0,5.0,55.0,91.0,85.0,93.0,39.0,231.0,9.0,76.01020285402466,0.0,0.0,768.0102028540247,17,031,063200,3,170310632003
180.0,8.0,0.0,2.0,68.0,3.0,35.0,74.0,1.0,46.0,44.0,77.0,183.0,126.42851986903543,0.0,0.0,847.4285198690354,17,031,063200,4,170310632004
60.0,25.0,22.0,2.0,93.0,2.0,6.0,1.0,15.0,95.0,100.0,57.0,74.0,99.0,0.0,0.0,651.0,17,031,063200,5,170310632005
223.0,143.0,1.0,22.0,2.0,44.0,239.0,40.0,107.0,62.0,132.0,104.0,257.0,89.5916452278459,0.0,0.0,1465.591645227846,17,031,063200,6,170310632006
56.0,128.0,33.0,27.0,67.0,3.0,109.0,58.0,5.0,38.0,112.0,101.0,124.0,96.18353106685977,0.0,0.0,957.1835310668598,17,031,063301,1,170310633011
73.0,1.0,1.0,54.0,7.0,1.0,3.0,43.0,19.0,161.0,124.0,52.0,14.0,91.12243424829583,0.0,0.0,644.1224342482958,17,031,063301,2,170310633012
235.0,15.0,0.0,81.0,0.0,3.0,14.0,50.0,4.0,44.0,67.0,87.0,21.0,85.18365137244376,0.0,0.0,706.1836513724437,17,031,063301,3,170310633013
2.0,6.0,1.0,0.0,5.0,4.0,1.0,55.0,130.0,166.0,310.0,235.0,128.0,105.61205093589521,0.0,0.0,1148.6120509358952,17,031,063302,1,170310633021
1.0,0.0,0.0,4.0,30.0,7.0,0.0,62.0,56.0,69.0,214.0,213.0,223.0,123.42851986903543,0.0,0.0,1002.4285198690354,17,031,063302,2,170310633022
34.0,7.0,0.0,7.0,2.0,7.0,0.0,79.0,1.0,38.0,32.0,74.0,131.0,111.18365137244376,0.0,0.0,523.1836513724438,17,031,063302,3,170310633023
110.0,0.0,73.0,50.0,1.0,99.0,11.0,71.0,16.0,70.0,101.0,65.0,12.0,84.22446278854237,0.0,0.0,763.2244627885424,17,031,063302,4,170310633024
8.0,4.0,5.0,49.0,24.0,7.0,24.0,37.0,8.0,4.0,42.0,81.0,44.0,105.04081141609862,0.0,0.0,442.0408114160986,17,031,063303,1,170310633031
7.0,4.0,0.0,8.0,5.0,6.0,0.0,2.0,3.0,82.0,37.0,158.0,107.0,79.11223139427119,0.0,0.0,498.1122313942712,17,031,063303,2,170310633032
195.0,2.0,1.0,49.0,4.0,6.0,26.0,7.0,7.0,67.0,59.0,215.0,134.0,100.38770845293682,0.0,0.0,872.3877084529369,17,031,063400,1,170310634001
39.0,15.0,2.0,12.0,40.0,8.0,0.0,140.0,3.0,116.0,27.0,254.0,73.0,84.45912843110939,0.0,0.0,813.4591284311094,17,031,063400,2,170310634002
45.0,3.0,9.0,9.0,3.0,2.0,59.0,5.0,5.0,56.0,127.0,311.0,237.0,90.17344851841911,0.0,0.0,961.1734485184191,17,031,070101,1,170310701011
40.0,1.0,78.0,10.0,77.0,18.0,63.0,60.0,41.0,39.0,74.0,254.0,68.0,84.02028540246532,0.0,0.0,907.0202854024653,17,031,070101,2,170310701012
302.0,170.0,29.0,8.0,0.0,78.0,7.0,100.0,44.0,96.0,57.0,21.0,98.0,96.1530428103698,0.0,0.0,1106.1530428103697,17,031,070101,3,170310701013
61.0,77.0,12.0,66.0,2.0,47.0,9.0,73.0,3.0,90.0,76.0,111.0,111.0,93.17332821283512,0.0,0.0,831.1733282128351,17,031,070102,1,170310701021
71.0,8.0,2.0,5.0,14.0,4.0,2.0,76.0,4.0,49.0,0.0,64.0,97.0,79.54075126330662,0.0,0.0,475.5407512633066,17,031,070102,2,170310701022
5.0,3.0,1.0,3.0,4.0,1.0,15.0,74.0,28.0,48.0,100.0,236.0,94.0,103.4387227230601,0.0,0.0,715.4387227230601,17,031,070102,3,170310701023
79.0,52.0,1.0,9.0,93.0,1.0,14.0,42.0,16.0,54.0,123.0,176.0,40.0,89.09182568622188,0.0,0.0,789.0918256862219,17,031,070103,1,170310701031
76.0,51.0,7.0,13.0,4.0,4.0,56.0,14.0,58.0,93.0,69.0,68.0,30.0,85.0,0.0,0.0,628.0,17,031,070103,2,170310701032
70.0,59.0,111.0,0.0,36.0,3.0,17.0,6.0,10.0,2.0,142.0,199.0,331.0,74.0,0.0,0.0,1060.0,17,031,070200,1,170310702001
0.0,80.0,4.0,3.0,1.0,25.0,3.0,43.0,72.0,7.0,96.0,91.0,133.0,86.14259934517717,0.0,0.0,644.1425993451771,17,031,070200,2,170310702002
70.0,23.0,18.0,24.0,28.0,0.0,57.0,40.0,1.0,32.0,106.0,139.0,57.0,108.17344851841911,0.0,0.0,703.1734485184191,17,031,070200,3,170310702003
260.0,0.0,4.0,3.0,51.0,20.0,45.0,54.0,9.0,59.0,207.0,173.0,288.0,96.93854226468412,0.0,0.0,1269.9385422646842,17,031,070300,1,170310703001
171.0,14.0,3.0,1.0,3.0,38.0,32.0,2.0,11.0,125.0,62.0,111.0,86.0,100.16312535881048,0.0,0.0,759.1631253588105,17,031,070300,2,170310703002
323.0,165.0,36.0,90.0,1.0,35.0,5.0,15.0,12.0,47.0,45.0,75.0,110.0,126.33669418281356,0.0,0.0,1085.3366941828135,17,031,070400,1,170310704001
71.0,3.0,1.0,5.0,4.0,80.0,0.0,5.0,2.0,58.0,103.0,10.0,115.0,109.74480834379969,0.0,0.0,566.7448083437996,17,031,070400,2,170310704002
20.0,1.0,13.0,0.0,5.0,4.0,3.0,7.0,8.0,33.0,66.0,87.0,155.0,86.8264311759969,0.0,0.0,488.8264311759969,17,031,070400,3,170310704003
3.0,2.0,4.0,2.0,3.0,106.0,1.0,86.0,10.0,47.0,102.0,56.0,89.0,91.1530428103698,0.0,0.0,602.1530428103698,17,031,070500,1,170310705001
67.0,82.0,5.0,95.0,2.0,74.0,1.0,52.0,0.0,0.0,33.0,26.0,64.0,79.27547705866564,0.0,0.0,580.2754770586656,17,031,070500,2,170310705002
64.0,1.0,2.0,1.0,2.0,2.0,27.0,1.0,17.0,14.0,0.0,32.0,34.0,85.59176553342988,0.0,0.0,282.5917655334299,17,031,070500,3,170310705003
2.0,2.0,0.0,0.0,3.0,10.0,5.0,10.0,24.0,162.0,58.0,114.0,225.0,96.22434248295838,0.0,0.0,711.2243424829584,17,031,070600,1,170310706001
25.0,1.0,6.0,3.0,0.0,6.0,49.0,6.0,18.0,2.0,102.0,262.0,105.0,94.91825686221878,0.0,0.0,679.9182568622188,17,031,070600,2,170310706002
1.0,51.0,0.0,95.0,4.0,138.0,25.0,71.0,68.0,33.0,85.0,306.0,146.0,100.4180764038428,0.0,0.0,1123.4180764038429,17,031,070700,1,170310707001
250.0,31.0,47.0,2.0,44.0,3.0,7.0,33.0,2.0,10.0,97.0,50.0,138.0,100.38770845293682,0.0,0.0,814.3877084529369,17,031,070700,2,170310707002
100.0,2.0,56.0,0.0,1.0,12.0,0.0,1.0,4.0,10.0,0.0,74.0,43.0,100.58156267940524,0.0,0.0,403.58156267940524,17,031,071000,1,170310710001
36.0,30.0,0.0,10.0,19.0,14.0,6.0,3.0,29.0,215.0,100.0,337.0,354.0,101.13251679673651,0.0,0.0,1254.1325167967366,17,031,071000,2,170310710002
2.0,8.0,68.0,3.0,3.0,16.0,2.0,1.0,1.0,0.0,122.0,117.0,111.0,90.90793370261015,0.0,0.0,544.9079337026101,17,031,071100,1,170310711001
123.0,7.0,3.0,81.0,2.0,22.0,78.0,5.0,47.0,105.0,112.0,104.0,176.0,108.4387227230601,0.0,0.0,973.4387227230601,17,031,071100,2,170310711002
52.0,20.0,6.0,1.0,0.0,28.0,32.0,0.0,18.0,28.0,28.0,60.0,157.0,96.77529660028966,0.0,0.0,526.7752966002896,17,031,071200,1,170310712001
155.0,83.0,0.0,5.0,1.0,5.0,35.0,11.0,4.0,9.0,52.0,202.0,87.0,100.81622832197226,0.0,0.0,749.8162283219723,17,031,071200,2,170310712002
47.0,43.0,0.0,9.0,49.0,52.0,13.0,10.0,92.0,9.0,8.0,213.0,235.0,97.38758814735283,0.0,0.0,877.3875881473529,17,031,071300,1,170310713001
92.0,34.0,9.0,112.0,21.0,150.0,94.0,45.0,1.0,115.0,130.0,257.0,217.0,107.24486849659168,0.0,0.0,1384.2448684965916,17,031,071300,2,170310713002
53.0,44.0,43.0,19.0,10.0,20.0,3.0,20.0,0.0,15.0,129.0,20.0,58.0,102.46933128513405,0.0,0.0,536.4693312851341,17,031,071400,1,170310714001
211.0,83.0,53.0,30.0,0.0,84.0,3.0,78.0,8.0,77.0,138.0,142.0,169.0,85.61205093589521,0.0,0.0,1161.6120509358952,17,031,071400,2,170310714002
1.0,19.0,23.0,0.0,0.0,3.0,0.0,139.0,41.0,132.0,157.0,130.0,121.0,85.8264311759969,0.0,0.0,851.826431175997,17,031,071400,3,170310714003
3.0,1.0,87.0,34.0,1.0,1.0,37.0,20.0,6.0,61.0,77.0,67.0,58.0,88.57135982538058,0.0,0.0,541.5713598253806,17,031,071400,4,170310714004
0.0,7.0,0.0,11.0,2.0,12.0,1.0,7.0,1.0,14.0,131.0,125.0,92.0,106.4795341391587,0.0,0.0,509.47953413915866,17,031,071500,1,170310715001
63.0,1.0,0.0,29.0,0.0,6.0,1.0,64.0,4.0,25.0,61.0,159.0,192.0,89.74480834379969,0.0,0.0,694.7448083437997,17,031,071500,2,170310715002
72.0,1.0,44.0,79.0,2.0,74.0,47.0,15.0,50.0,135.0,100.0,114.0,274.0,97.98967684039135,0.0,0.0,1104.9896768403914,17,031,071500,3,170310715003
22.0,45.0,16.0,0.0,1.0,0.0,23.0,52.0,5.0,50.0,115.0,210.0,206.0,91.4795341391587,0.0,0.0,836.4795341391587,17,031,071500,4,170310715004
51.0,1.0,64.0,1.0,5.0,1.0,1.0,0.0,1.0,30.0,17.0,103.0,44.0,95.17344851841911,0.0,0.0,414.1734485184191,17,031,071500,5,170310715005
6.0,10.0,10.0,33.0,3.0,0.0,9.0,0.0,60.0,101.0,68.0,138.0,75.0,86.22446278854237,0.0,0.0,599.2244627885424,17,031,071500,6,170310715006
119.0,26.0,10.0,90.0,25.0,58.0,8.0,2.0,27.0,24.0,50.0,174.0,136.0,103.89785115416949,0.0,0.0,852.8978511541695,17,031,071600,1,170310716001
0.0,4.0,39.0,30.0,1.0,46.0,0.0,5.0,3.0,40.0,95.0,90.0,107.0,82.34689703683821,0.0,0.0,542.3468970368382,17,031,071700,1,170310717001
36.0,2.0,32.0,1.0,16.0,23.0,1.0,0.0,0.0,1.0,16.0,37.0,178.0,83.17332821283512,0.0,0.0,426.17332821283514,17,031,071700,2,170310717002
124.0,74.0,8.0,0.0,8.0,83.0,84.0,4.0,20.0,5.0,48.0,128.0,240.0,92.26503359347302,0.0,0.0,918.265033593473,17,031,071800,1,170310718001
0.0,1.0,2.0,5.0,1.0,1.0,5.0,12.0,0.0,19.0,135.0,33.0,11.0,101.65298265757781,0.0,0.0,326.6529826575778,17,031,071800,2,170310718002
177.0,2.0,1.0,0.0,0.0,2.0,0.0,32.0,63.0,96.0,3.0,0.0,269.0,86.0,0.0,0.0,731.0,17,031,080100,1,170310801001
47.0,25.0,1.0,59.0,0.0,1.0,42.0,2.0,3.0,1.0,133.0,339.0,25.0,93.79582261392295,0.0,0.0,771.795822613923,17,031,080100,2,170310801002
2.0,3.0,1.0,22.0,4.0,46.0,26.0,50.0,53.0,7.0,41.0,286.0,118.0,90.23466564256702,0.0,0.0,749.234665642567,17,031,080100,3,170310801003
11.0,36.0,38.0,0.0,2.0,0.0,21.0,3.0,1.0,119.0,31.0,2.0,111.0,82.0,0.0,0.0,457.0,17,031,080100,4,170310801004
4.0,1.0,0.0,1.0,7.0,140.0,1.0,12.0,17.0,47.0,146.0,65.0,127.0,90.22434248295838,0.0,0.0,658.2243424829584,17,031,080100,5,170310801005
36.0,2.0,3.0,20.0,41.0,0.0,16.0,1.0,21.0,198.0,24.0,133.0,148.0,104.0,0.0,0.0,747.0,17,031,080100,6,170310801006
5.0,2.0,7.0,20.0,0.0,2.0,2.0,32.0,0.0,4.0,45.0,133.0,77.0,99.0,0.0,0.0,428.0,17,031,080100,7,170310801007
34.0,65.0,45.0,6.0,76.0,86.0,35.0,38.0,59.0,92.0,224.0,138.0,304.0,93.18365137244376,0.0,0.0,1295.1836513724438,17,031,080201,1,170310802011
3.0,2.0,0.0,9.0,1.0,32.0,51.0,89.0,4.0,135.0,189.0,300.0,107.0,109.84683688404621,0.0,0.0,1031.8468368840463,17,031,080201,2,170310802012
1.0,0.0,3.0,10.0,1.0,4.0,6.0,10.0,23.0,7.0,6.0,38.0,29.0,73.3060856207396,0.0,0.0,211.3060856207396,17,031,080201,3,170310802013
20.0,3.0,12.0,2.0,6.0,1.0,32.0,5.0,10.0,93.0,31.0,72.0,180.0,86.24486849659168,0.0,0.0,553.2448684965916,17,031,080202,1,170310802021
30.0,47.0,79.0,22.0,1.0,11.0,0.0,4.0,43.0,95.0,123.0,147.0,153.0,84.17344851841911,0.0,0.0,839.1734485184191,17,031,080202,2,170310802022
82.0,1.0,1.0,0.0,36.0,32.0,73.0,199.0,10.0,205.0,111.0,152.0,106.0,97.75489089224035,0.0,0.0,1105.7548908922404,17,031,080202,3,170310802023
1.0,1.0,3.0,2.0,5.0,98.0,41.0,2.0,3.0,7.0,6.0,135.0,64.0,114.0,0.0,0.0,482.0,17,031,080300,1,170310803001
211.0,20.0,17.0,10.0,9.0,49.0,0.0,2.0,12.0,26.0,55.0,342.0,262.0,86.6325769495285,0.0,0.0,1101.6325769495286,17,031,080300,2,170310803002
55.0,0.0,1.0,44.0,14.0,4.0,29.0,3.0,4.0,16.0,0.0,105.0,192.0,103.64277980355315,0.0,0.0,570.6427798035531,17,031,080300,3,170310803003
130.0,3.0,2.0,12.0,1.0,3.0,5.0,17.0,0.0,4.0,96.0,181.0,248.0,80.57135982538058,0.0,0.0,782.5713598253806,17,031,080300,4,170310803004
1439.0,67.0,118.0,0.0,115.0,57.0,4.0,2.0,34.0,47.0,87.0,135.0,46.0,101.91825686221878,0.0,0.0,2252.9182568622186,17,031,080400,1,170310804001
481.0,9.0,6.0,81.0,4.0,2.0,2.0,28.0,0.0,9.0,8.0,4.0,5.0,101.0,0.0,0.0,740.0,17,031,080400,2,170310804002
0.0,2.0,9.0,2.0,45.0,0.0,2.0,1.0,5.0,78.0,2.0,5.0,9.0,74.53042810369799,0.0,0.0,234.53042810369797,17,031,080400,3,170310804003
11.0,0.0,2.0,10.0,7.0,3.0,6.0,2.0,0.0,64.0,24.0,22.0,95.0,107.45912843110939,0.0,0.0,353.45912843110943,17,031,081000,1,170310810001
82.0,13.0,5.0,1.0,4.0,4.0,61.0,34.0,4.0,37.0,49.0,408.0,254.0,79.0,0.0,0.0,1035.0,17,031,081000,2,170310810002
92.0,9.0,1.0,67.0,3.0,14.0,9.0,72.0,61.0,9.0,34.0,183.0,14.0,81.0,0.0,0.0,649.0,17,031,081000,3,170310810003
237.0,121.0,2.0,99.0,98.0,19.0,38.0,31.0,1.0,56.0,11.0,163.0,95.0,98.0,0.0,0.0,1069.0,17,031,081000,4,170310810004
303.0,136.0,157.0,89.0,1.0,1.0,95.0,3.0,0.0,63.0,79.0,123.0,127.0,89.59176553342988,0.0,0.0,1266.59176553343,17,031,081000,5,170310810005
329.0,66.0,79.0,147.0,14.0,0.0,4.0,25.0,4.0,67.0,116.0,168.0,163.0,87.0,0.0,0.0,1269.0,17,031,081000,6,170310810006
10.0,2.0,2.0,78.0,18.0,1.0,11.0,0.0,1.0,5.0,225.0,76.0,72.0,82.61205093589521,0.0,0.0,583.6120509358952,17,031,081100,1,170310811001
268.0,278.0,23.0,10.0,6.0,79.0,10.0,32.0,1.0,7.0,33.0,57.0,198.0,93.18353106685977,0.0,0.0,1095.1835310668598,17,031,081100,2,170310811002
206.0,21.0,28.0,14.0,84.0,106.0,3.0,23.0,74.0,113.0,3.0,126.0,175.0,81.1530428103698,0.0,0.0,1057.1530428103697,17,031,081100,3,170310811003
1.0,7.0,3.0,9.0,18.0,2.0,24.0,23.0,2.0,56.0,51.0,5.0,125.0,94.66318551160245,0.0,0.0,420.6631855116025,17,031,081201,1,170310812011
91.0,18.0,39.0,1.0,2.0,87.0,9.0,75.0,17.0,219.0,157.0,84.0,97.0,88.24486849659168,0.0,0.0,984.2448684965917,17,031,081201,2,170310812012
39.0,203.0,86.0,41.0,42.0,13.0,76.0,2.0,0.0,166.0,266.0,130.0,159.0,88.97947398636671,0.0,0.0,1311.9794739863667,17,031,081201,3,170310812013
10.0,2.0,1.0,4.0,3.0,25.0,0.0,0.0,0.0,38.0,36.0,24.0,9.0,93.0,0.0,0.0,245.0,17,031,081202,1,170310812021
2.0,1.0,4.0,27.0,18.0,2.0,74.0,27.0,1.0,0.0,93.0,163.0,47.0,107.3264913287889,0.0,0.0,566.3264913287888,17,031,081202,2,170310812022
2.0,0.0,4.0,14.0,98.0,115.0,44.0,50.0,38.0,58.0,66.0,77.0,242.0,94.0,0.0,0.0,902.0,17,031,081202,3,170310812023
2.0,4.0,0.0,8.0,3.0,72.0,0.0,24.0,10.0,35.0,22.0,52.0,127.0,82.27547705866564,0.0,0.0,441.2754770586656,17,031,081202,4,170310812024
51.0,0.0,4.0,18.0,50.0,33.0,64.0,7.0,1.0,12.0,18.0,69.0,107.0,101.88764830014483,0.0,0.0,535.8876483001449,17,031,081300,1,170310813001
0.0,18.0,33.0,1.0,11.0,3.0,2.0,1.0,0.0,1.0,73.0,36.0,128.0,104.31628847476425,0.0,0.0,411.31628847476424,17,031,081300,2,170310813002
2.0,3.0,2.0,2.0,4.0,31.0,13.0,11.0,12.0,39.0,42.0,69.0,72.0,87.38758814735283,0.0,0.0,389.38758814735286,17,031,081300,3,170310813003
155.0,68.0,15.0,1.0,41.0,54.0,10.0,36.0,55.0,52.0,118.0,156.0,143.0,100.06109681856393,0.0,0.0,1004.061096818564,17,031,081300,4,170310813004
1.0,5.0,0.0,2.0,3.0,3.0,27.0,4.0,6.0,36.0,26.0,183.0,39.0,97.0,0.0,0.0,432.0,17,031,081300,5,170310813005
4.0,2.0,18.0,0.0,10.0,4.0,4.0,14.0,3.0,0.0,35.0,87.0,84.0,87.49993984720801,0.0,0.0,352.499939847208,17,031,081300,6,170310813006
61.0,14.0,52.0,73.0,4.0,4.0,1.0,26.0,3.0,82.0,21.0,77.0,102.0,95.3977910013775,0.0,0.0,615.3977910013775,17,031,081401,1,170310814011
272.0,43.0,66.0,98.0,14.0,0.0,3.0,7.0,0.0,97.0,13.0,86.0,189.0,86.2242221773744,0.0,0.0,974.2242221773744,17,031,081401,2,170310814012
1.0,9.0,46.0,1.0,32.0,24.0,104.0,19.0,51.0,135.0,423.0,91.0,141.0,98.08138222102926,0.0,0.0,1175.0813822210293,17,031,081402,1,170310814021
145.0,4.0,7.0,2.0,0.0,28.0,71.0,5.0,2.0,68.0,130.0,24.0,105.0,89.98967684039135,0.0,0.0,680.9896768403913,17,031,081402,2,170310814022
50.0,3.0,0.0,3.0,135.0,6.0,0.0,5.0,64.0,19.0,4.0,107.0,33.0,102.56115697135593,0.0,0.0,531.5611569713559,17,031,081402,3,170310814023
290.0,6.0,160.0,30.0,0.0,194.0,44.0,172.0,34.0,226.0,185.0,367.0,57.0,94.07141997817257,0.0,0.0,1859.0714199781726,17,031,081403,1,170310814031
126.0,23.0,24.0,0.0,44.0,85.0,22.0,130.0,56.0,134.0,167.0,2.0,110.0,108.45912843110939,0.0,0.0,1031.4591284311093,17,031,081403,2,170310814032
79.0,95.0,6.0,49.0,66.0,27.0,0.0,10.0,5.0,8.0,523.0,411.0,556.0,85.40811416098613,0.0,0.0,1920.408114160986,17,031,081403,3,170310814033
0.0,34.0,0.0,2.0,2.0,51.0,3.0,28.0,47.0,108.0,288.0,181.0,130.0,104.71419978172572,0.0,0.0,978.7141997817257,17,031,081500,1,170310815001
206.0,4.0,8.0,1.0,7.0,17.0,5.0,34.0,24.0,26.0,24.0,141.0,169.0,120.77541690587364,0.0,0.0,786.7754169058736,17,031,081500,2,170310815002
169.0,25.0,122.0,7.0,85.0,2.0,6.0,3.0,38.0,55.0,55.0,153.0,148.0,92.4181967094268,0.0,0.0,960.4181967094268,17,031,081500,3,170310815003
174.0,19.0,73.0,15.0,19.0,52.0,59.0,1.0,26.0,136.0,186.0,289.0,64.0,110.16312535881048,0.0,0.0,1223.1631253588105,17,031,081600,1,170310816001
163.0,7.0,0.0,0.0,0.0,5.0,80.0,1.0,5.0,2.0,153.0,127.0,108.0,87.59176553342988,0.0,0.0,738.5917655334299,17,031,081600,2,170310816002
20.0,2.0,0.0,97.0,2.0,0.0,0.0,0.0,9.0,71.0,74.0,162.0,214.0,91.26527420464097,0.0,0.0,742.265274204641,17,031,081700,1,170310817001
73.0,11.0,89.0,131.0,6.0,90.0,123.0,138.0,0.0,270.0,165.0,246.0,281.0,92.35685927969489,0.0,0.0,1715.3568592796948,17,031,081700,2,170310817002
86.0,84.0,2.0,87.0,0.0,4.0,65.0,160.0,102.0,83.0,244.0,404.0,506.0,99.60160747070259,0.0,0.0,1926.6016074707027,17,031,081800,1,170310818001
187.0,1.0,4.0,46.0,26.0,75.0,78.0,1.0,102.0,216.0,140.0,603.0,364.0,108.6325769495285,0.0,0.0,1951.6325769495286,17,031,081800,2,170310818002
165.0,0.0,17.0,6.0,2.0,0.0,13.0,1.0,4.0,4.0,209.0,238.0,152.0,102.18353106685977,0.0,0.0,913.1835310668598,17,031,081800,3,170310818003
203.0,37.0,3.0,29.0,3.0,1.0,3.0,2.0,12.0,36.0,0.0,84.0,87.0,88.97947398636671,0.0,0.0,588.9794739863667,17,031,081900,1,170310819001
2.0,17.0,2.0,35.0,2.0,39.0,91.0,10.0,23.0,92.0,87.0,242.0,102.0,95.54075126330662,0.0,0.0,839.5407512633067,17,031,090100,1,170310901001
7.0,9.0,41.0,30.0,2.0,46.0,5.0,31.0,78.0,152.0,155.0,91.0,72.0,93.20405708049307,0.0,0.0,812.204057080493,17,031,090100,2,170310901002
4.0,1.0,10.0,8.0,14.0,119.0,0.0,25.0,6.0,52.0,12.0,62.0,79.0,71.01008254844066,0.0,0.0,463.01008254844066,17,031,090100,3,170310901003
16.0,21.0,2.0,8.0,1.0,16.0,2.0,14.0,39.0,0.0,27.0,51.0,87.0,73.46933128513405,0.0,0.0,357.46933128513405,17,031,090100,4,170310901004
31.0,1.0,14.0,26.0,2.0,111.0,36.0,121.0,4.0,57.0,31.0,222.0,95.0,108.0,0.0,0.0,859.0,17,031,090200,1,170310902001
9.0,50.0,8.0,5.0,0.0,3.0,48.0,4.0,21.0,0.0,89.0,171.0,328.0,75.36706213371954,0.0,0.0,811.3670621337195,17,031,090200,2,170310902002
8.0,6.0,24.0,83.0,153.0,85.0,81.0,39.0,35.0,101.0,205.0,313.0,230.0,87.87744544612018,0.0,0.0,1450.8774454461202,17,031,090200,3,170310902003
24.0,35.0,13.0,43.0,0.0,137.0,149.0,12.0,3.0,125.0,238.0,341.0,115.0,81.9590682783174,0.0,0.0,1316.9590682783173,17,031,090200,4,170310902004
0.0,0.0,5.0,2.0,1.0,11.0,55.0,8.0,2.0,18.0,3.0,5.0,79.0,99.0,0.0,0.0,288.0,17,031,090200,5,170310902005
25.0,2.0,0.0,128.0,4.0,11.0,5.0,64.0,27.0,73.0,35.0,286.0,190.0,99.72440263575038,0.0,0.0,949.7244026357504,17,031,090300,1,170310903001
12.0,60.0,124.0,5.0,16.0,17.0,53.0,2.0,2.0,44.0,107.0,94.0,77.0,111.91825686221878,0.0,0.0,724.9182568622188,17,031,100100,1,170311001001
134.0,21.0,3.0,23.0,26.0,109.0,145.0,21.0,60.0,23.0,496.0,252.0,48.0,102.0,0.0,0.0,1463.0,17,031,100100,2,170311001002
5.0,9.0,14.0,92.0,2.0,29.0,1.0,63.0,108.0,94.0,29.0,143.0,48.0,94.96927113234206,0.0,0.0,731.9692711323421,17,031,100100,3,170311001003
5.0,38.0,8.0,1.0,47.0,6.0,5.0,0.0,7.0,2.0,187.0,48.0,115.0,88.73448518419104,0.0,0.0,557.734485184191,17,031,100100,4,170311001004
115.0,73.0,128.0,7.0,40.0,101.0,4.0,2.0,3.0,1.0,35.0,245.0,200.0,87.16312535881048,0.0,0.0,1041.1631253588105,17,031,100100,5,170311001005
26.0,98.0,1.0,2.0,3.0,132.0,58.0,87.0,63.0,64.0,41.0,145.0,283.0,91.67338836562712,0.0,0.0,1094.673388365627,17,031,100200,1,170311002001
5.0,2.0,0.0,1.0,3.0,5.0,1.0,0.0,41.0,0.0,1.0,207.0,185.0,90.40811416098613,0.0,0.0,541.4081141609861,17,031,100200,2,170311002002
4.0,29.0,0.0,51.0,38.0,1.0,148.0,55.0,4.0,5.0,225.0,137.0,60.0,94.99963908324804,0.0,0.0,851.9996390832481,17,031,100200,3,170311002003
48.0,0.0,25.0,3.0,11.0,7.0,23.0,111.0,2.0,108.0,69.0,292.0,21.0,85.0,0.0,0.0,805.0,17,031,100200,4,170311002004
2.0,0.0,85.0,38.0,3.0,0.0,52.0,48.0,16.0,20.0,43.0,162.0,72.0,86.31616816918026,0.0,0.0,627.3161681691803,17,031,100200,5,170311002005
26.0,25.0,5.0,38.0,0.0,0.0,0.0,1.0,2.0,29.0,19.0,415.0,224.0,88.98967684039135,0.0,0.0,872.9896768403913,17,031,100200,6,170311002006
0.0,2.0,79.0,5.0,107.0,27.0,5.0,4.0,3.0,25.0,27.0,104.0,37.0,122.0,0.0,0.0,547.0,17,031,100200,7,170311002007
53.0,1.0,150.0,21.0,1.0,1.0,0.0,1.0,1.0,0.0,86.0,98.0,92.0,83.28555960710631,0.0,0.0,588.2855596071063,17,031,100300,1,170311003001
13.0,0.0,0.0,28.0,25.0,9.0,22.0,36.0,0.0,238.0,160.0,51.0,107.0,95.67338836562712,0.0,0.0,784.6733883656271,17,031,100300,2,170311003002
43.0,3.0,1.0,3.0,84.0,9.0,4.0,43.0,5.0,0.0,84.0,109.0,177.0,105.0,0.0,0.0,670.0,17,031,100300,3,170311003003
216.0,14.0,24.0,33.0,23.0,3.0,1.0,5.0,6.0,5.0,0.0,396.0,81.0,79.86724259209552,0.0,0.0,886.8672425920955,17,031,100300,4,170311003004
2.0,4.0,16.0,23.0,26.0,51.0,70.0,3.0,32.0,24.0,50.0,97.0,241.0,100.0,0.0,0.0,739.0,17,031,100300,5,170311003005
192.0,47.0,192.0,93.0,47.0,31.0,131.0,1.0,21.0,0.0,95.0,41.0,19.0,106.26527420464097,0.0,0.0,1016.265274204641,17,031,100300,6,170311003006
13.0,7.0,0.0,26.0,3.0,8.0,2.0,25.0,2.0,5.0,45.0,171.0,172.0,105.64277980355315,0.0,0.0,584.6427798035531,17,031,100400,1,170311004001
108.0,4.0,0.0,29.0,19.0,30.0,2.0,4.0,6.0,187.0,112.0,75.0,21.0,94.58156267940524,0.0,0.0,691.5815626794052,17,031,100400,2,170311004002
110.0,7.0,17.0,1.0,57.0,13.0,10.0,21.0,18.0,70.0,62.0,166.0,105.0,90.12219363712786,0.0,0.0,747.1221936371279,17,031,100400,3,170311004003
22.0,1.0,36.0,19.0,0.0,2.0,12.0,0.0,2.0,3.0,92.0,480.0,74.0,102.64277980355315,0.0,0.0,845.6427798035531,17,031,100500,1,170311005001
10.0,31.0,0.0,3.0,89.0,0.0,38.0,0.0,6.0,2.0,62.0,1.0,144.0,85.0,0.0,0.0,471.0,17,031,100500,2,170311005002
2.0,0.0,17.0,1.0,0.0,20.0,27.0,107.0,4.0,65.0,57.0,50.0,50.0,111.0,0.0,0.0,511.0,17,031,100500,3,170311005003
2.0,18.0,20.0,60.0,1.0,1.0,68.0,3.0,61.0,51.0,84.0,173.0,210.0,85.42851986903543,0.0,0.0,837.4285198690354,17,031,100500,4,170311005004
18.0,17.0,20.0,90.0,28.0,29.0,208.0,74.0,20.0,196.0,3.0,265.0,215.0,96.63245664394452,0.0,0.0,1279.6324566439446,17,031,100500,5,170311005005
3.0,85.0,96.0,51.0,40.0,6.0,31.0,88.0,1.0,76.0,61.0,111.0,117.0,85.73448518419104,0.0,0.0,851.734485184191,17,031,100600,1,170311006001
4.0,3.0,48.0,127.0,0.0,1.0,295.0,14.0,70.0,172.0,130.0,67.0,233.0,116.0,0.0,0.0,1280.0,17,031,100600,2,170311006002
4.0,0.0,84.0,3.0,0.0,0.0,14.0,52.0,15.0,106.0,62.0,175.0,99.0,94.14259934517717,0.0,0.0,708.1425993451771,17,031,100600,3,170311006003
8.0,26.0,1.0,77.0,138.0,22.0,42.0,160.0,159.0,139.0,114.0,188.0,247.0,95.83663403002157,0.0,0.0,1416.8366340300215,17,031,100600,4,170311006004
2.0,75.0,3.0,54.0,1.0,3.0,5.0,4.0,30.0,20.0,64.0,178.0,233.0,75.75501119782433,0.0,0.0,747.7550111978244,17,031,100700,1,170311007001
6.0,5.0,4.0,16.0,43.0,1.0,0.0,46.0,1.0,120.0,47.0,52.0,93.0,82.29588276671494,0.0,0.0,516.295882766715,17,031,100700,2,170311007002
81.0,18.0,13.0,23.0,100.0,6.0,9.0,1.0,28.0,27.0,28.0,175.0,242.0,101.58156267940524,0.0,0.0,852.5815626794052,17,031,100700,3,170311007003
1.0,12.0,89.0,105.0,75.0,7.0,23.0,0.0,9.0,120.0,69.0,141.0,86.0,100.13251679673651,0.0,0.0,837.1325167967365,17,031,100700,4,170311007004
7.0,62.0,38.0,5.0,55.0,16.0,28.0,3.0,30.0,134.0,87.0,239.0,74.0,109.1530428103698,0.0,0.0,887.1530428103698,17,031,100700,5,170311007005
127.0,58.0,2.0,70.0,62.0,2.0,2.0,0.0,21.0,151.0,29.0,187.0,186.0,105.26503359347302,0.0,0.0,1002.265033593473,17,031,110100,1,170311101001
123.0,3.0,10.0,120.0,131.0,143.0,18.0,51.0,5.0,58.0,16.0,113.0,139.0,91.3060856207396,0.0,0.0,1021.3060856207396,17,031,110100,2,170311101002
75.0,0.0,0.0,81.0,7.0,7.0,6.0,75.0,6.0,76.0,10.0,7.0,56.0,88.0,0.0,0.0,494.0,17,031,110100,3,170311101003
50.0,5.0,2.0,60.0,4.0,48.0,32.0,113.0,187.0,62.0,18.0,31.0,53.0,80.7856197598983,0.0,0.0,745.7856197598983,17,031,110100,4,170311101004
7.0,2.0,28.0,21.0,7.0,96.0,27.0,18.0,2.0,69.0,48.0,250.0,173.0,101.42839956345145,0.0,0.0,849.4283995634514,17,031,110100,5,170311101005
77.0,0.0,154.0,17.0,53.0,145.0,59.0,13.0,18.0,158.0,155.0,419.0,151.0,81.4387227230601,0.0,0.0,1500.43872272306,17,031,110200,1,170311102001
23.0,179.0,158.0,41.0,10.0,90.0,29.0,1.0,24.0,110.0,81.0,214.0,95.0,84.94886542429275,0.0,0.0,1139.9488654242928,17,031,110200,2,170311102002
55.0,1.0,1.0,2.0,1.0,2.0,63.0,52.0,0.0,55.0,7.0,102.0,68.0,81.58156267940524,0.0,0.0,490.58156267940524,17,031,110300,1,170311103001
22.0,1.0,158.0,11.0,0.0,27.0,85.0,57.0,5.0,53.0,197.0,350.0,66.0,94.66318551160245,0.0,0.0,1126.6631855116025,17,031,110300,2,170311103002
5.0,83.0,6.0,32.0,21.0,148.0,3.0,0.0,2.0,34.0,131.0,17.0,102.0,90.72440263575038,0.0,0.0,674.7244026357504,17,031,110300,3,170311103003
10.0,108.0,91.0,60.0,3.0,9.0,2.0,27.0,18.0,30.0,52.0,60.0,151.0,106.8158674052203,0.0,0.0,727.8158674052203,17,031,110300,4,170311103004
11.0,41.0,20.0,9.0,28.0,7.0,2.0,75.0,4.0,53.0,88.0,152.0,123.0,80.02028540246532,0.0,0.0,693.0202854024653,17,031,110300,5,170311103005
22.0,59.0,103.0,92.0,40.0,65.0,4.0,113.0,1.0,69.0,267.0,401.0,181.0,100.42839956345145,0.0,0.0,1517.4283995634514,17,031,110400,1,170311104001
4.0,53.0,71.0,42.0,93.0,207.0,125.0,39.0,51.0,71.0,152.0,205.0,163.0,81.79582261392295,0.0,0.0,1357.7958226139228,17,031,110400,2,170311104002
35.0,71.0,102.0,97.0,3.0,47.0,4.0,25.0,7.0,17.0,68.0,41.0,173.0,101.0,0.0,0.0,791.0,17,031,110400,3,170311104003
21.0,11.0,3.0,5.0,3.0,46.0,113.0,95.0,5.0,6.0,23.0,215.0,156.0,96.37750559891217,0.0,0.0,798.3775055989122,17,031,110501,1,170311105011
16.0,38.0,9.0,1.0,35.0,40.0,3.0,4.0,7.0,25.0,72.0,11.0,61.0,94.68347091406778,0.0,0.0,416.68347091406775,17,031,110501,2,170311105012
10.0,390.0,14.0,65.0,4.0,185.0,126.0,97.0,0.0,69.0,365.0,425.0,125.0,114.89785115416949,0.0,0.0,1989.8978511541695,17,031,110501,3,170311105013
1.0,5.0,25.0,0.0,1.0,7.0,0.0,51.0,1.0,0.0,82.0,33.0,104.0,98.0,0.0,0.0,408.0,17,031,110501,4,170311105014
6.0,63.0,11.0,2.0,1.0,4.0,3.0,19.0,42.0,33.0,3.0,3.0,54.0,93.12231394271186,0.0,0.0,337.12231394271186,17,031,110501,5,170311105015
167.0,11.0,126.0,90.0,153.0,139.0,19.0,8.0,148.0,72.0,71.0,138.0,67.0,85.0,0.0,0.0,1294.0,17,031,110502,1,170311105021
130.0,72.0,5.0,142.0,161.0,83.0,50.0,18.0,203.0,147.0,300.0,330.0,219.0,106.55083381174728,0.0,0.0,1966.5508338117472,17,031,110502,2,170311105022
64.0,1.0,4.0,3.0,104.0,3.0,3.0,107.0,4.0,115.0,31.0,123.0,215.0,94.30584500957163,0.0,0.0,871.3058450095716,17,031,120100,1,170311201001
1.0,4.0,28.0,0.0,17.0,11.0,2.0,33.0,13.0,96.0,21.0,21.0,88.0,97.25507135061633,0.0,0.0,432.25507135061633,17,031,120100,2,170311201002
24.0,1.0,4.0,4.0,52.0,0.0,0.0,10.0,6.0,13.0,5.0,96.0,35.0,98.51014270123267,0.0,0.0,348.51014270123267,17,031,120100,3,170311201003
69.0,27.0,3.0,20.0,1.0,2.0,0.0,62.0,28.0,111.0,62.0,104.0,62.0,96.04069111051463,0.0,0.0,647.0406911105147,17,031,120100,4,170311201004
16.0,83.0,95.0,20.0,24.0,13.0,92.0,15.0,125.0,33.0,85.0,181.0,257.0,86.96927113234206,0.0,0.0,1125.969271132342,17,031,120200,1,170311202001
2.0,16.0,13.0,3.0,0.0,35.0,0.0,14.0,5.0,44.0,11.0,12.0,91.0,90.04057080493064,0.0,0.0,336.04057080493067,17,031,120200,2,170311202002
10.0,12.0,0.0,4.0,14.0,17.0,14.0,90.0,0.0,1.0,248.0,91.0,160.0,109.90793370261015,0.0,0.0,770.9079337026102,17,031,120200,3,170311202003
39.0,2.0,60.0,4.0,77.0,48.0,7.0,15.0,94.0,28.0,84.0,125.0,135.0,95.17344851841911,0.0,0.0,813.1734485184191,17,031,120200,4,170311202004
58.0,1.0,4.0,5.0,156.0,1.0,14.0,64.0,0.0,1.0,32.0,165.0,64.0,120.9590682783174,0.0,0.0,685.9590682783174,17,031,120300,1,170311203001
0.0,40.0,2.0,5.0,1.0,74.0,210.0,1.0,1.0,15.0,262.0,211.0,291.0,113.53054840928196,0.0,0.0,1226.530548409282,17,031,120300,2,170311203002
32.0,18.0,4.0,4.0,31.0,46.0,4.0,37.0,60.0,2.0,169.0,62.0,313.0,88.68347091406778,0.0,0.0,870.6834709140678,17,031,120300,3,170311203003
34.0,28.0,0.0,3.0,114.0,3.0,42.0,5.0,1.0,0.0,116.0,40.0,130.0,96.49993984720801,0.0,0.0,612.499939847208,17,031,120300,4,170311203004
9.0,1.0,2.0,4.0,5.0,1.0,6.0,0.0,4.0,2.0,18.0,3.0,118.0,102.01008254844066,0.0,0.0,275.01008254844066,17,031,120300,5,170311203005
2.0,7.0,29.0,35.0,0.0,0.0,1.0,73.0,1.0,3.0,48.0,31.0,40.0,89.61217124147919,0.0,0.0,359.6121712414792,17,031,120300,6,170311203006
6.0,1.0,3.0,3.0,51.0,0.0,12.0,43.0,1.0,10.0,107.0,144.0,93.0,93.1121110886872,0.0,0.0,567.1121110886872,17,031,120400,1,170311204001
86.0,3.0,3.0,195.0,17.0,24.0,9.0,6.0,55.0,68.0,107.0,193.0,11.0,91.95894797273341,0.0,0.0,868.9589479727334,17,031,120400,2,170311204002
146.0,33.0,15.0,105.0,4.0,148.0,71.0,1.0,12.0,91.0,163.0,163.0,144.0,107.81610801638827,0.0,0.0,1203.8161080163882,17,031,120400,3,170311204003
34.0,4.0,1.0,5.0,27.0,63.0,72.0,1.0,26.0,63.0,70.0,209.0,22.0,96.83663403002157,0.0,0.0,693.8366340300215,17,031,130100,1,170311301001
352.0,318.0,431.0,210.0,116.0,137.0,1.0,21.0,96.0,35.0,107.0,25.0,52.0,102.0,0.0,0.0,2003.0,17,031,130100,2,170311301002
40.0,3.0,0.0,139.0,88.0,50.0,98.0,56.0,196.0,29.0,149.0,122.0,110.0,97.8264311759969,0.0,0.0,1177.826431175997,17,031,130100,3,170311301003
109.0,30.0,78.0,67.0,19.0,21.0,61.0,23.0,0.0,136.0,80.0,331.0,71.0,95.12231394271186,0.0,0.0,1121.1223139427118,17,031,130200,1,170311302001
153.0,1.0,3.0,12.0,60.0,0.0,33.0,32.0,1.0,1.0,57.0,17.0,84.0,105.0,0.0,0.0,559.0,17,031,130300,1,170311303001
2.0,7.0,11.0,28.0,2.0,49.0,101.0,1.0,2.0,68.0,136.0,169.0,138.0,106.09170538063789,0.0,0.0,820.0917053806379,17,031,130300,2,170311303002
75.0,2.0,8.0,81.0,97.0,76.0,59.0,21.0,8.0,220.0,99.0,226.0,224.0,94.11199078310321,0.0,0.0,1290.1119907831032,17,031,130300,3,170311303003
177.0,34.0,138.0,175.0,5.0,20.0,5.0,56.0,318.0,250.0,103.0,314.0,92.0,102.59176553342988,0.0,0.0,1789.59176553343,17,031,130300,4,170311303004
200.0,12.0,238.0,365.0,147.0,80.0,46.0,160.0,42.0,188.0,130.0,29.0,19.0,85.62237409550384,0.0,0.0,1741.6223740955038,17,031,140100,1,170311401001
233.0,83.0,2.0,316.0,4.0,54.0,93.0,9.0,86.0,322.0,285.0,276.0,109.0,117.0,0.0,0.0,1989.0,17,031,140100,2,170311401002
84.0,35.0,11.0,113.0,45.0,63.0,34.0,142.0,42.0,100.0,206.0,70.0,134.0,75.91825686221878,0.0,0.0,1154.9182568622189,17,031,140200,1,170311402001
428.0,45.0,15.0,69.0,74.0,23.0,65.0,15.0,32.0,11.0,109.0,165.0,95.0,101.07141997817257,0.0,0.0,1247.0714199781726,17,031,140200,2,170311402002
144.0,0.0,9.0,37.0,227.0,56.0,69.0,229.0,15.0,260.0,278.0,276.0,37.0,90.14283995634514,0.0,0.0,1727.1428399563451,17,031,140200,3,170311402003
85.0,124.0,51.0,4.0,94.0,0.0,3.0,47.0,1.0,66.0,49.0,116.0,109.0,94.45912843110939,0.0,0.0,843.4591284311094,17,031,140301,1,170311403011
48.0,106.0,11.0,4.0,231.0,40.0,124.0,4.0,1.0,152.0,29.0,314.0,218.0,93.24474819100769,0.0,0.0,1375.2447481910076,17,031,140301,2,170311403012
6.0,77.0,173.0,43.0,2.0,54.0,39.0,1.0,135.0,51.0,202.0,174.0,38.0,104.34689703683821,0.0,0.0,1099.3468970368383,17,031,140302,1,170311403021
2.0,6.0,1.0,90.0,56.0,2.0,74.0,152.0,2.0,19.0,325.0,327.0,217.0,97.67326806004313,0.0,0.0,1370.673268060043,17,031,140302,2,170311403022
90.0,89.0,47.0,16.0,195.0,74.0,67.0,4.0,3.0,250.0,220.0,47.0,49.0,105.79582261392295,0.0,0.0,1256.7958226139228,17,031,140302,3,170311403023
0.0,0.0,14.0,268.0,176.0,0.0,95.0,93.0,0.0,54.0,133.0,214.0,12.0,97.10190823466255,0.0,0.0,1156.1019082346625,17,031,140400,1,170311404001
0.0,21.0,37.0,103.0,40.0,64.0,88.0,89.0,43.0,0.0,135.0,85.0,183.0,88.20393677490908,0.0,0.0,976.203936774909,17,031,140400,2,170311404002
7.0,70.0,2.0,2.0,0.0,27.0,171.0,22.0,91.0,108.0,152.0,104.0,13.0,86.0,0.0,0.0,855.0,17,031,140400,3,170311404003
100.0,81.0,54.0,120.0,59.0,1.0,6.0,104.0,11.0,29.0,5.0,352.0,77.0,113.8060254679476,0.0,0.0,1112.8060254679476,17,031,140400,4,170311404004
175.0,45.0,39.0,100.0,87.0,43.0,23.0,23.0,182.0,103.0,69.0,159.0,206.0,100.09170538063789,0.0,0.0,1354.091705380638,17,031,140400,5,170311404005
6.0,3.0,0.0,10.0,164.0,99.0,96.0,1.0,0.0,72.0,146.0,232.0,53.0,93.71419978172572,0.0,0.0,975.7141997817257,17,031,140500,1,170311405001
6.0,7.0,43.0,121.0,95.0,62.0,202.0,20.0,160.0,281.0,80.0,267.0,84.0,99.4387227230601,0.0,0.0,1527.43872272306,17,031,140500,2,170311405002
67.0,8.0,167.0,46.0,69.0,54.0,3.0,3.0,52.0,121.0,107.0,88.0,125.0,91.85703973807087,0.0,0.0,1001.8570397380709,17,031,140500,3,170311405003
230.0,346.0,116.0,223.0,112.0,17.0,68.0,157.0,174.0,331.0,198.0,206.0,307.0,99.530307798114,0.0,0.0,2584.530307798114,17,031,140601,1,170311406011
92.0,0.0,56.0,2.0,12.0,38.0,80.0,1.0,295.0,203.0,21.0,80.0,19.0,74.51002239564868,0.0,0.0,973.5100223956487,17,031,140602,1,170311406021
58.0,115.0,102.0,93.0,180.0,0.0,102.0,117.0,216.0,89.0,179.0,201.0,290.0,97.0,0.0,0.0,1839.0,17,031,140602,2,170311406022
121.0,81.0,3.0,184.0,0.0,15.0,109.0,15.0,218.0,173.0,6.0,106.0,46.0,107.0,0.0,0.0,1184.0,17,031,140602,3,170311406023
292.0,18.0,47.0,50.0,238.0,29.0,7.0,3.0,32.0,28.0,201.0,16.0,54.0,91.0,0.0,0.0,1106.0,17,031,140602,4,170311406024
139.0,1.0,69.0,4.0,69.0,50.0,30.0,2.0,60.0,44.0,89.0,126.0,249.0,88.94886542429275,0.0,0.0,1020.9488654242928,17,031,140701,1,170311407011
8.0,20.0,67.0,51.0,1.0,84.0,74.0,147.0,1.0,94.0,230.0,174.0,20.0,91.26527420464097,0.0,0.0,1062.265274204641,17,031,140701,2,170311407012
98.0,141.0,340.0,138.0,114.0,27.0,85.0,2.0,3.0,50.0,179.0,221.0,299.0,110.0,0.0,0.0,1807.0,17,031,140702,1,170311407021
57.0,231.0,81.0,107.0,16.0,35.0,2.0,10.0,58.0,178.0,194.0,43.0,221.0,105.65298265757781,0.0,0.0,1338.6529826575777,17,031,140702,2,170311407022
82.0,173.0,1.0,119.0,2.0,82.0,92.0,0.0,11.0,90.0,211.0,232.0,96.0,104.10190823466255,0.0,0.0,1295.1019082346625,17,031,140702,3,170311407023
161.0,2.0,2.0,13.0,0.0,140.0,70.0,72.0,233.0,52.0,143.0,227.0,34.0,106.0,0.0,0.0,1255.0,17,031,140702,4,170311407024
8.0,92.0,264.0,19.0,0.0,24.0,3.0,29.0,16.0,118.0,16.0,178.0,159.0,103.4387227230601,0.0,0.0,1029.43872272306,17,031,140800,1,170311408001
3.0,96.0,21.0,42.0,0.0,84.0,5.0,3.0,7.0,4.0,0.0,50.0,165.0,104.0,0.0,0.0,584.0,17,031,140800,2,170311408002
95.0,31.0,3.0,126.0,6.0,19.0,2.0,1.0,1.0,22.0,184.0,133.0,89.0,109.65298265757781,0.0,0.0,821.6529826575778,17,031,140800,3,170311408003
49.0,60.0,0.0,91.0,118.0,197.0,7.0,24.0,4.0,95.0,217.0,3.0,225.0,86.0,0.0,0.0,1176.0,17,031,140800,4,170311408004
19.0,0.0,14.0,108.0,86.0,150.0,1.0,91.0,2.0,307.0,458.0,518.0,272.0,115.79570230833897,0.0,0.0,2141.795702308339,17,031,140800,5,170311408005
6.0,13.0,54.0,1.0,28.0,47.0,28.0,87.0,67.0,46.0,67.0,376.0,172.0,99.49993984720801,0.0,0.0,1091.499939847208,17,031,150200,1,170311502001
80.0,38.0,119.0,170.0,24.0,34.0,0.0,0.0,0.0,139.0,175.0,278.0,357.0,91.51014270123267,0.0,0.0,1505.5101427012326,17,031,150200,2,170311502002
177.0,9.0,108.0,138.0,11.0,247.0,1.0,0.0,110.0,92.0,211.0,35.0,125.0,94.7446880382157,0.0,0.0,1358.7446880382156,17,031,150200,3,170311502003
159.0,152.0,9.0,67.0,50.0,49.0,0.0,95.0,26.0,118.0,67.0,268.0,196.0,83.55095411733127,0.0,0.0,1339.5509541173312,17,031,150200,4,170311502004
232.0,20.0,24.0,0.0,195.0,66.0,242.0,72.0,0.0,143.0,385.0,63.0,135.0,104.0,0.0,0.0,1681.0,17,031,150200,5,170311502005
32.0,2.0,110.0,72.0,6.0,44.0,1.0,6.0,0.0,81.0,37.0,280.0,114.0,88.6325769495285,0.0,0.0,873.6325769495285,17,031,150300,1,170311503001
124.0,73.0,2.0,157.0,4.0,5.0,2.0,31.0,109.0,81.0,316.0,138.0,108.0,94.3060856207396,0.0,0.0,1244.3060856207396,17,031,150300,2,170311503002
68.0,4.0,0.0,85.0,1.0,40.0,0.0,40.0,2.0,147.0,191.0,208.0,11.0,96.30596531515562,0.0,0.0,893.3059653151556,17,031,150300,3,170311503003
2.0,0.0,19.0,79.0,8.0,1.0,2.0,39.0,69.0,16.0,13.0,248.0,119.0,86.37750559891217,0.0,0.0,701.3775055989122,17,031,150300,4,170311503004
49.0,0.0,6.0,0.0,26.0,3.0,1.0,69.0,28.0,60.0,163.0,2.0,205.0,94.0,0.0,0.0,706.0,17,031,150300,5,170311503005
130.0,38.0,0.0,1.0,65.0,2.0,1.0,3.0,21.0,98.0,181.0,337.0,84.0,97.0,0.0,0.0,1058.0,17,031,150300,6,170311503006
4.0,89.0,112.0,70.0,1.0,76.0,0.0,2.0,308.0,40.0,72.0,62.0,284.0,82.59176553342988,0.0,0.0,1202.59176553343,17,031,150300,7,170311503007
110.0,7.0,173.0,15.0,47.0,2.0,12.0,42.0,6.0,115.0,279.0,264.0,227.0,79.21425993451771,0.0,0.0,1378.2142599345177,17,031,150401,1,170311504011
240.0,13.0,97.0,206.0,12.0,0.0,1.0,2.0,105.0,64.0,52.0,224.0,195.0,77.81622832197226,0.0,0.0,1288.8162283219722,17,031,150401,2,170311504012
46.0,1.0,3.0,174.0,27.0,106.0,3.0,80.0,9.0,10.0,0.0,230.0,151.0,118.20405708049307,0.0,0.0,958.204057080493,17,031,150401,3,170311504013
0.0,89.0,8.0,3.0,25.0,1.0,32.0,101.0,0.0,22.0,36.0,25.0,45.0,94.0,0.0,0.0,481.0,17,031,150401,4,170311504014
96.0,2.0,44.0,66.0,1.0,5.0,2.0,1.0,22.0,20.0,80.0,67.0,58.0,110.0,0.0,0.0,574.0,17,031,150402,1,170311504021
171.0,113.0,1.0,2.0,44.0,67.0,140.0,68.0,26.0,134.0,153.0,21.0,96.0,87.22446278854237,0.0,0.0,1123.2244627885423,17,031,150402,2,170311504022
3.0,7.0,94.0,2.0,0.0,258.0,49.0,61.0,81.0,55.0,334.0,293.0,189.0,94.49993984720801,0.0,0.0,1520.499939847208,17,031,150402,3,170311504023
54.0,52.0,93.0,46.0,25.0,19.0,4.0,149.0,92.0,150.0,140.0,34.0,80.0,107.13251679673651,0.0,0.0,1045.1325167967366,17,031,150501,1,170311505011
5.0,2.0,9.0,9.0,48.0,63.0,41.0,0.0,5.0,24.0,236.0,172.0,97.0,72.7856197598983,0.0,0.0,783.7856197598983,17,031,150501,2,170311505012
3.0,31.0,67.0,12.0,7.0,63.0,17.0,47.0,0.0,18.0,31.0,379.0,308.0,94.74456773263171,0.0,0.0,1077.7445677326318,17,031,150501,3,170311505013
83.0,6.0,51.0,109.0,0.0,164.0,23.0,33.0,33.0,333.0,118.0,44.0,150.0,91.0,0.0,0.0,1238.0,17,031,150502,1,170311505021
103.0,4.0,71.0,10.0,123.0,0.0,151.0,38.0,128.0,110.0,86.0,2.0,203.0,74.0,0.0,0.0,1103.0,17,031,150502,2,170311505022
235.0,2.0,2.0,95.0,48.0,263.0,39.0,145.0,12.0,156.0,72.0,232.0,52.0,87.28567991269028,0.0,0.0,1440.2856799126903,17,031,150502,3,170311505023
3.0,181.0,44.0,41.0,1.0,3.0,49.0,100.0,0.0,163.0,227.0,159.0,11.0,107.4387227230601,0.0,0.0,1089.43872272306,17,031,150600,1,170311506001
43.0,2.0,2.0,0.0,6.0,9.0,0.0,16.0,73.0,50.0,136.0,166.0,33.0,94.0,0.0,0.0,630.0,17,031,150600,2,170311506002
4.0,5.0,2.0,36.0,0.0,40.0,35.0,123.0,7.0,12.0,85.0,47.0,208.0,77.94886542429275,0.0,0.0,681.9488654242928,17,031,150600,3,170311506003
39.0,5.0,1.0,5.0,30.0,146.0,12.0,84.0,10.0,145.0,36.0,107.0,154.0,93.42851986903543,0.0,0.0,867.4285198690354,17,031,150600,4,170311506004
3.0,27.0,5.0,83.0,5.0,116.0,0.0,10.0,28.0,56.0,72.0,296.0,69.0,94.22446278854237,0.0,0.0,864.2244627885424,17,031,150700,1,170311507001
103.0,53.0,64.0,15.0,120.0,52.0,69.0,20.0,41.0,217.0,53.0,304.0,6.0,84.0,0.0,0.0,1201.0,17,031,150700,2,170311507002
1.0,6.0,0.0,2.0,85.0,72.0,20.0,35.0,29.0,113.0,94.0,106.0,108.0,96.71419978172572,0.0,0.0,767.7141997817257,17,031,150700,3,170311507003
10.0,1.0,2.0,131.0,57.0,46.0,2.0,47.0,0.0,199.0,159.0,195.0,150.0,97.18353106685977,0.0,0.0,1096.1835310668598,17,031,150700,4,170311507004
51.0,1.0,29.0,4.0,3.0,108.0,116.0,83.0,0.0,42.0,139.0,70.0,103.0,99.60196838745455,0.0,0.0,848.6019683874546,17,031,150800,1,170311508001
19.0,6.0,138.0,43.0,106.0,110.0,3.0,2.0,15.0,79.0,50.0,156.0,122.0,91.26527420464097,0.0,0.0,940.265274204641,17,031,150800,2,170311508002
17.0,93.0,18.0,0.0,111.0,79.0,83.0,76.0,52.0,38.0,59.0,162.0,67.0,102.08150252661324,0.0,0.0,957.0815025266132,17,031,150800,3,170311508003
2.0,62.0,1.0,19.0,6.0,144.0,152.0,44.0,4.0,47.0,478.0,499.0,6.0,84.0,0.0,0.0,1548.0,17,031,150800,4,170311508004
0.0,45.0,5.0,3.0,1.0,25.0,13.0,0.0,12.0,7.0,58.0,134.0,163.0,81.1938542264684,0.0,0.0,547.1938542264684,17,031,150800,5,170311508005
247.0,93.0,89.0,19.0,104.0,196.0,4.0,118.0,115.0,215.0,88.0,213.0,91.0,86.98967684039135,0.0,0.0,1678.9896768403914,17,031,151001,1,170311510011
107.0,0.0,61.0,119.0,33.0,4.0,0.0,53.0,21.0,9.0,60.0,58.0,12.0,87.0,0.0,0.0,624.0,17,031,151001,2,170311510012
74.0,103.0,14.0,2.0,80.0,105.0,119.0,20.0,27.0,136.0,235.0,49.0,37.0,102.0,0.0,0.0,1103.0,17,031,151002,1,170311510021
13.0,8.0,1.0,14.0,118.0,34.0,35.0,95.0,147.0,61.0,38.0,178.0,159.0,95.31604786359628,0.0,0.0,996.3160478635963,17,031,151002,2,170311510022
74.0,141.0,81.0,80.0,181.0,12.0,115.0,141.0,63.0,261.0,112.0,135.0,162.0,102.0,0.0,0.0,1660.0,17,031,151002,3,170311510023
3.0,33.0,3.0,80.0,94.0,5.0,37.0,14.0,1.0,38.0,28.0,44.0,83.0,99.0,0.0,0.0,562.0,17,031,151002,4,170311510024
2.0,49.0,22.0,51.0,145.0,96.0,2.0,59.0,32.0,181.0,201.0,269.0,163.0,95.68347091406778,0.0,0.0,1367.6834709140678,17,031,151100,1,170311511001
0.0,141.0,201.0,35.0,90.0,76.0,93.0,4.0,139.0,139.0,58.0,189.0,70.0,102.0,0.0,0.0,1337.0,17,031,151100,2,170311511002
119.0,11.0,17.0,203.0,37.0,60.0,27.0,5.0,28.0,52.0,37.0,53.0,90.0,96.42851986903543,0.0,0.0,835.4285198690354,17,031,151100,3,170311511003
181.0,30.0,3.0,283.0,0.0,166.0,59.0,87.0,74.0,51.0,0.0,199.0,37.0,103.0,0.0,0.0,1273.0,17,031,151100,4,170311511004
35.0,40.0,50.0,17.0,38.0,63.0,141.0,13.0,29.0,130.0,205.0,153.0,9.0,82.88764830014483,0.0,0.0,1005.8876483001447,17,031,151200,1,170311512001
33.0,6.0,214.0,17.0,17.0,27.0,119.0,30.0,107.0,182.0,155.0,155.0,203.0,97.0,0.0,0.0,1362.0,17,031,151200,2,170311512002
35.0,92.0,61.0,53.0,6.0,32.0,16.0,1.0,23.0,23.0,118.0,146.0,72.0,78.92845971624344,0.0,0.0,756.9284597162434,17,031,151200,3,170311512003
97.0,17.0,46.0,65.0,29.0,50.0,95.0,6.0,236.0,140.0,159.0,204.0,179.0,105.46933128513405,0.0,0.0,1428.469331285134,17,031,160100,1,170311601001
1.0,15.0,29.0,0.0,2.0,1.0,45.0,82.0,165.0,36.0,183.0,119.0,163.0,95.87744544612018,0.0,0.0,936.8774454461202,17,031,160100,2,170311601002
12.0,53.0,32.0,1.0,88.0,26.0,59.0,18.0,35.0,66.0,17.0,10.0,28.0,86.24486849659168,0.0,0.0,531.2448684965917,17,031,160200,1,170311602001
1.0,133.0,0.0,2.0,4.0,8.0,16.0,112.0,2.0,126.0,149.0,290.0,13.0,93.45912843110939,0.0,0.0,949.4591284311094,17,031,160200,2,170311602002
37.0,79.0,7.0,39.0,4.0,16.0,3.0,47.0,3.0,5.0,13.0,5.0,17.0,106.1938542264684,0.0,0.0,381.19385422646843,17,031,160200,3,170311602003
7.0,0.0,96.0,30.0,6.0,85.0,129.0,162.0,13.0,17.0,51.0,155.0,323.0,82.75501119782433,0.0,0.0,1156.7550111978244,17,031,160200,4,170311602004
98.0,5.0,167.0,85.0,184.0,53.0,110.0,144.0,62.0,116.0,159.0,152.0,95.0,94.1938542264684,0.0,0.0,1524.1938542264684,17,031,160300,1,170311603001
250.0,133.0,58.0,0.0,5.0,16.0,61.0,31.0,95.0,98.0,13.0,98.0,10.0,92.0,0.0,0.0,960.0,17,031,160300,2,170311603002
37.0,58.0,2.0,52.0,39.0,2.0,50.0,55.0,81.0,17.0,115.0,158.0,177.0,101.0,0.0,0.0,944.0,17,031,160300,3,170311603003
377.0,331.0,274.0,46.0,145.0,58.0,200.0,163.0,56.0,155.0,178.0,22.0,140.0,94.56103666577194,0.0,0.0,2239.561036665772,17,031,160400,1,170311604001
69.0,45.0,106.0,88.0,153.0,58.0,79.0,7.0,112.0,91.0,110.0,198.0,55.0,90.52034555525731,0.0,0.0,1261.5203455552573,17,031,160400,2,170311604002
27.0,59.0,2.0,150.0,5.0,9.0,32.0,104.0,0.0,121.0,1.0,197.0,92.0,92.06109681856393,0.0,0.0,891.0610968185639,17,031,160400,3,170311604003
162.0,62.0,235.0,11.0,82.0,277.0,142.0,131.0,229.0,176.0,102.0,124.0,146.0,89.4387227230601,0.0,0.0,1968.43872272306,17,031,160501,1,170311605011
58.0,4.0,48.0,303.0,90.0,138.0,192.0,100.0,117.0,77.0,282.0,282.0,152.0,84.37750559891217,0.0,0.0,1927.3775055989122,17,031,160501,2,170311605012
111.0,13.0,1.0,2.0,9.0,0.0,66.0,42.0,148.0,88.0,0.0,82.0,202.0,93.0,0.0,0.0,857.0,17,031,160502,1,170311605021
91.0,50.0,46.0,109.0,226.0,62.0,34.0,92.0,142.0,86.0,59.0,578.0,164.0,94.35697958527888,0.0,0.0,1833.3569795852789,17,031,160502,2,170311605022
71.0,87.0,6.0,94.0,77.0,3.0,2.0,162.0,79.0,307.0,102.0,267.0,122.0,97.22446278854237,0.0,0.0,1476.2244627885423,17,031,160502,3,170311605023
211.0,5.0,5.0,134.0,123.0,6.0,39.0,52.0,4.0,204.0,63.0,180.0,72.0,94.63245664394452,0.0,0.0,1192.6324566439446,17,031,160601,1,170311606011
2.0,166.0,28.0,97.0,5.0,3.0,52.0,8.0,190.0,3.0,7.0,120.0,66.0,79.8060254679476,0.0,0.0,826.8060254679476,17,031,160601,2,170311606012
74.0,24.0,50.0,68.0,7.0,45.0,152.0,4.0,42.0,270.0,153.0,288.0,22.0,91.57135982538058,0.0,0.0,1290.5713598253806,17,031,160601,3,170311606013
80.0,7.0,7.0,46.0,307.0,4.0,27.0,206.0,24.0,1.0,149.0,107.0,110.0,88.48973699318336,0.0,0.0,1163.4897369931834,17,031,160602,1,170311606021
4.0,15.0,103.0,3.0,52.0,190.0,41.0,59.0,1.0,122.0,101.0,130.0,85.0,91.33669418281356,0.0,0.0,997.3366941828135,17,031,160602,2,170311606022
101.0,70.0,1.0,123.0,82.0,50.0,63.0,82.0,141.0,179.0,170.0,165.0,104.0,100.0,0.0,0.0,1431.0,17,031,160602,3,170311606023
7.0,61.0,38.0,153.0,0.0,55.0,33.0,3.0,2.0,33.0,117.0,64.0,22.0,86.0,0.0,0.0,674.0,17,031,160700,1,170311607001
14.0,110.0,111.0,116.0,13.0,2.0,8.0,108.0,51.0,32.0,100.0,53.0,252.0,95.0,0.0,0.0,1065.0,17,031,160700,2,170311607002
94.0,0.0,5.0,75.0,30.0,1.0,146.0,4.0,92.0,35.0,221.0,126.0,136.0,87.4180764038428,0.0,0.0,1052.4180764038429,17,031,160700,3,170311607003
1.0,1.0,80.0,77.0,3.0,155.0,161.0,42.0,51.0,24.0,102.0,134.0,104.0,103.53042810369799,0.0,0.0,1038.530428103698,17,031,160700,4,170311607004
0.0,9.0,5.0,318.0,123.0,183.0,3.0,0.0,4.0,5.0,265.0,139.0,21.0,95.0,0.0,0.0,1170.0,17,031,160700,5,170311607005
47.0,0.0,1.0,76.0,167.0,3.0,72.0,15.0,101.0,118.0,2.0,157.0,126.0,89.0,0.0,0.0,974.0,17,031,160800,1,170311608001
53.0,0.0,1.0,45.0,20.0,21.0,104.0,1.0,11.0,100.0,125.0,248.0,279.0,84.4181967094268,0.0,0.0,1092.4181967094269,17,031,160800,2,170311608002
1.0,0.0,19.0,0.0,19.0,93.0,68.0,197.0,37.0,29.0,23.0,296.0,93.0,90.77541690587364,0.0,0.0,965.7754169058736,17,031,160800,3,170311608003
42.0,0.0,54.0,4.0,3.0,97.0,42.0,4.0,125.0,17.0,46.0,35.0,89.0,91.20405708049307,0.0,0.0,649.204057080493,17,031,160800,4,170311608004
3.0,9.0,90.0,133.0,11.0,168.0,49.0,20.0,51.0,92.0,46.0,97.0,60.0,72.67326806004313,0.0,0.0,901.6732680600431,17,031,160800,5,170311608005
69.0,5.0,31.0,4.0,22.0,60.0,133.0,81.0,1.0,84.0,99.0,230.0,131.0,110.86724259209552,0.0,0.0,1060.8672425920956,17,031,160900,1,170311609001
1.0,17.0,2.0,25.0,87.0,132.0,2.0,0.0,64.0,26.0,18.0,25.0,46.0,92.66318551160245,0.0,0.0,537.6631855116025,17,031,160900,2,170311609002
44.0,16.0,1.0,41.0,7.0,55.0,68.0,86.0,6.0,27.0,101.0,76.0,48.0,92.83663403002157,0.0,0.0,668.8366340300215,17,031,161000,1,170311610001
52.0,6.0,38.0,1.0,54.0,4.0,93.0,66.0,13.0,22.0,64.0,99.0,79.0,102.34689703683821,0.0,0.0,693.3468970368382,17,031,161000,2,170311610002
11.0,1.0,54.0,3.0,4.0,102.0,23.0,10.0,28.0,46.0,88.0,74.0,92.0,90.29588276671494,0.0,0.0,626.295882766715,17,031,161100,1,170311611001
1.0,3.0,0.0,4.0,11.0,28.0,19.0,1.0,2.0,71.0,31.0,272.0,267.0,110.60184808187056,0.0,0.0,820.6018480818706,17,031,161100,2,170311611002
16.0,3.0,92.0,64.0,89.0,222.0,51.0,7.0,47.0,35.0,76.0,132.0,65.0,91.14283995634514,0.0,0.0,990.1428399563451,17,031,161200,1,170311612001
65.0,30.0,77.0,102.0,73.0,60.0,49.0,31.0,24.0,234.0,160.0,168.0,86.0,106.23454533698305,0.0,0.0,1265.234545336983,17,031,161200,2,170311612002
4.0,2.0,2.0,37.0,68.0,26.0,25.0,66.0,77.0,48.0,11.0,223.0,31.0,102.0,0.0,0.0,722.0,17,031,161300,1,170311613001
136.0,125.0,2.0,4.0,100.0,45.0,96.0,82.0,58.0,48.0,61.0,87.0,22.0,76.0,0.0,0.0,942.0,17,031,161300,2,170311613002
39.0,7.0,19.0,87.0,61.0,112.0,116.0,5.0,1.0,4.0,12.0,31.0,16.0,80.62237409550384,0.0,0.0,590.6223740955038,17,031,161300,3,170311613003
120.0,68.0,6.0,12.0,17.0,166.0,61.0,36.0,159.0,190.0,38.0,220.0,43.0,97.57135982538058,0.0,0.0,1233.5713598253806,17,031,161300,4,170311613004
138.0,130.0,73.0,217.0,61.0,81.0,50.0,54.0,132.0,70.0,127.0,225.0,82.0,99.85703973807087,0.0,0.0,1539.8570397380709,17,031,170100,1,170311701001
11.0,2.0,4.0,70.0,161.0,1.0,1.0,19.0,5.0,160.0,151.0,306.0,237.0,93.18353106685977,0.0,0.0,1221.1835310668598,17,031,170200,1,170311702001
149.0,2.0,11.0,91.0,2.0,17.0,87.0,121.0,28.0,120.0,89.0,72.0,144.0,102.56103666577194,0.0,0.0,1035.561036665772,17,031,170200,2,170311702002
6.0,0.0,48.0,80.0,58.0,0.0,10.0,93.0,97.0,56.0,363.0,80.0,190.0,115.6629449004345,0.0,0.0,1196.6629449004345,17,031,170200,3,170311702003
63.0,1.0,1.0,6.0,39.0,32.0,9.0,0.0,92.0,72.0,130.0,96.0,39.0,85.0,0.0,0.0,665.0,17,031,170300,1,170311703001
43.0,3.0,8.0,5.0,129.0,3.0,5.0,50.0,7.0,2.0,13.0,184.0,100.0,107.9386625702681,0.0,0.0,659.9386625702681,17,031,170300,2,170311703002
68.0,12.0,0.0,11.0,0.0,241.0,58.0,103.0,1.0,4.0,79.0,9.0,96.0,104.35709989086286,0.0,0.0,786.3570998908629,17,031,170300,3,170311703003
15.0,1.0,0.0,128.0,4.0,115.0,8.0,2.0,0.0,30.0,55.0,171.0,290.0,115.4181967094268,0.0,0.0,934.4181967094268,17,031,170300,4,170311703004
11.0,170.0,37.0,5.0,90.0,10.0,29.0,108.0,64.0,93.0,20.0,330.0,38.0,88.97947398636671,0.0,0.0,1093.9794739863667,17,031,170300,5,170311703005
30.0,90.0,31.0,40.0,14.0,0.0,22.0,83.0,0.0,43.0,201.0,129.0,6.0,113.57135982538058,0.0,0.0,802.5713598253806,17,031,170400,1,170311704001
206.0,8.0,110.0,1.0,8.0,4.0,16.0,69.0,43.0,83.0,63.0,141.0,119.0,97.61205093589521,0.0,0.0,968.6120509358952,17,031,170400,2,170311704002
42.0,48.0,16.0,52.0,62.0,86.0,40.0,1.0,35.0,55.0,80.0,147.0,51.0,98.24486849659168,0.0,0.0,813.2448684965917,17,031,170400,3,170311704003
4.0,11.0,58.0,7.0,40.0,19.0,5.0,15.0,2.0,28.0,65.0,181.0,52.0,103.75501119782433,0.0,0.0,590.7550111978244,17,031,170400,4,170311704004
5.0,3.0,18.0,40.0,103.0,25.0,92.0,63.0,26.0,56.0,112.0,517.0,282.0,110.47941383357471,0.0,0.0,1452.4794138335747,17,031,170500,1,170311705001
5.0,124.0,1.0,1.0,4.0,21.0,0.0,18.0,5.0,40.0,2.0,153.0,199.0,104.3977910013775,0.0,0.0,677.3977910013775,17,031,170500,2,170311705002
14.0,23.0,0.0,0.0,11.0,40.0,21.0,110.0,0.0,60.0,439.0,169.0,247.0,94.0,0.0,0.0,1228.0,17,031,170500,3,170311705003
118.0,74.0,8.0,0.0,40.0,15.0,61.0,49.0,56.0,75.0,39.0,141.0,154.0,84.94886542429275,0.0,0.0,914.9488654242928,17,031,170500,4,170311705004
0.0,51.0,32.0,23.0,32.0,12.0,46.0,56.0,8.0,70.0,41.0,176.0,126.0,77.54075126330662,0.0,0.0,750.5407512633067,17,031,170600,1,170311706001
1.0,29.0,166.0,139.0,69.0,213.0,72.0,64.0,53.0,50.0,40.0,375.0,160.0,102.86724259209552,0.0,0.0,1533.8672425920956,17,031,170600,2,170311706002
64.0,2.0,112.0,51.0,6.0,135.0,14.0,4.0,11.0,28.0,82.0,133.0,49.0,76.24474819100769,0.0,0.0,767.2447481910077,17,031,170700,1,170311707001
45.0,0.0,3.0,10.0,0.0,88.0,78.0,4.0,37.0,125.0,135.0,79.0,44.0,89.0,0.0,0.0,737.0,17,031,170700,2,170311707002
67.0,23.0,57.0,120.0,19.0,15.0,43.0,55.0,7.0,23.0,110.0,225.0,122.0,105.0,0.0,0.0,991.0,17,031,170700,3,170311707003
125.0,1.0,3.0,57.0,51.0,141.0,33.0,18.0,25.0,18.0,136.0,100.0,336.0,85.0,0.0,0.0,1129.0,17,031,170800,1,170311708001
59.0,7.0,144.0,123.0,3.0,72.0,0.0,4.0,72.0,43.0,131.0,169.0,120.0,91.22446278854237,0.0,0.0,1038.2244627885425,17,031,170800,2,170311708002
41.0,44.0,13.0,71.0,146.0,38.0,49.0,41.0,18.0,158.0,223.0,171.0,77.0,84.35709989086286,0.0,0.0,1174.3570998908629,17,031,170800,3,170311708003
184.0,101.0,33.0,68.0,10.0,14.0,13.0,84.0,21.0,45.0,317.0,210.0,287.0,97.61217124147919,0.0,0.0,1484.6121712414792,17,031,170900,1,170311709001
98.0,3.0,67.0,96.0,3.0,4.0,141.0,3.0,37.0,359.0,137.0,304.0,275.0,101.6629449004345,0.0,0.0,1628.6629449004345,17,031,171000,1,170311710001
45.0,0.0,54.0,8.0,33.0,240.0,0.0,61.0,7.0,165.0,136.0,165.0,151.0,113.0,0.0,0.0,1178.0,17,031,171000,2,170311710002
0.0,52.0,5.0,185.0,3.0,19.0,8.0,202.0,32.0,41.0,43.0,32.0,82.0,84.4387227230601,0.0,0.0,788.4387227230601,17,031,171000,3,170311710003
0.0,157.0,120.0,3.0,3.0,65.0,4.0,1.0,24.0,21.0,151.0,244.0,167.0,94.38770845293682,0.0,0.0,1054.3877084529367,17,031,171000,4,170311710004
20.0,2.0,199.0,27.0,1.0,1.0,46.0,88.0,101.0,9.0,45.0,240.0,220.0,88.24486849659168,0.0,0.0,1087.2448684965916,17,031,171000,5,170311710005
2.0,12.0,27.0,112.0,59.0,68.0,149.0,207.0,0.0,2.0,126.0,211.0,147.0,83.0,0.0,0.0,1205.0,17,031,171000,6,170311710006
13.0,3.0,77.0,64.0,5.0,73.0,18.0,251.0,23.0,190.0,167.0,194.0,171.0,106.41795609825883,0.0,0.0,1355.4179560982589,17,031,171100,1,170311711001
0.0,112.0,32.0,63.0,40.0,99.0,46.0,1.0,46.0,59.0,234.0,153.0,177.0,108.79582261392295,0.0,0.0,1170.7958226139228,17,031,171100,2,170311711002
6.0,2.0,20.0,0.0,25.0,5.0,2.0,116.0,35.0,249.0,244.0,54.0,274.0,70.72440263575038,0.0,0.0,1102.7244026357503,17,031,171100,3,170311711003
1.0,2.0,2.0,123.0,165.0,27.0,12.0,161.0,1.0,37.0,8.0,227.0,143.0,87.17332821283512,0.0,0.0,996.1733282128353,17,031,180100,1,170311801001
104.0,4.0,73.0,2.0,95.0,0.0,42.0,79.0,3.0,47.0,13.0,121.0,9.0,89.0,0.0,0.0,681.0,17,031,180100,2,170311801002
102.0,39.0,14.0,16.0,37.0,109.0,196.0,26.0,1.0,213.0,50.0,10.0,240.0,115.0,0.0,0.0,1168.0,17,031,180100,3,170311801003
111.0,7.0,12.0,0.0,116.0,65.0,16.0,2.0,0.0,81.0,0.0,85.0,141.0,85.94886542429275,0.0,0.0,721.9488654242928,17,031,180100,4,170311801004
256.0,0.0,121.0,146.0,106.0,0.0,74.0,119.0,140.0,51.0,71.0,76.0,380.0,102.40811416098613,0.0,0.0,1642.408114160986,17,031,180100,5,170311801005
131.0,225.0,326.0,373.0,233.0,186.0,304.0,59.0,66.0,106.0,78.0,264.0,125.0,75.44892557708474,0.0,0.0,2551.4489255770845,17,031,190100,1,170311901001
112.0,59.0,73.0,176.0,135.0,75.0,5.0,31.0,3.0,149.0,254.0,141.0,84.0,87.0,0.0,0.0,1384.0,17,031,190200,1,170311902001
0.0,123.0,1.0,22.0,95.0,73.0,120.0,50.0,181.0,309.0,120.0,148.0,127.0,102.0915850750539,0.0,0.0,1471.091585075054,17,031,190200,2,170311902002
0.0,2.0,253.0,100.0,25.0,248.0,13.0,16.0,54.0,323.0,118.0,54.0,95.0,96.28567991269028,0.0,0.0,1397.2856799126903,17,031,190200,3,170311902003
111.0,5.0,72.0,119.0,12.0,1.0,53.0,146.0,13.0,87.0,26.0,2.0,88.0,101.10190823466255,0.0,0.0,836.1019082346626,17,031,190200,4,170311902004
3.0,149.0,121.0,6.0,12.0,54.0,106.0,81.0,2.0,116.0,130.0,105.0,36.0,99.35709989086286,0.0,0.0,1020.3570998908629,17,031,190300,1,170311903001
48.0,49.0,77.0,129.0,101.0,72.0,16.0,44.0,140.0,149.0,61.0,200.0,98.0,106.4387227230601,0.0,0.0,1290.43872272306,17,031,190300,2,170311903002
87.0,74.0,37.0,114.0,58.0,2.0,56.0,69.0,3.0,219.0,144.0,239.0,28.0,100.25507135061633,0.0,0.0,1230.2550713506164,17,031,190300,3,170311903003
76.0,40.0,53.0,0.0,136.0,225.0,147.0,1.0,0.0,129.0,13.0,124.0,154.0,100.39791130696148,0.0,0.0,1198.3979113069615,17,031,190300,4,170311903004
13.0,6.0,0.0,34.0,204.0,47.0,52.0,0.0,3.0,175.0,257.0,391.0,159.0,114.0,0.0,0.0,1455.0,17,031,190401,1,170311904011
219.0,149.0,141.0,100.0,136.0,184.0,101.0,281.0,76.0,220.0,154.0,127.0,391.0,100.65286235199382,0.0,0.0,2379.652862351994,17,031,190401,2,170311904012
227.0,83.0,153.0,228.0,38.0,194.0,207.0,35.0,2.0,9.0,191.0,183.0,121.0,91.57135982538058,0.0,0.0,1762.5713598253806,17,031,190402,1,170311904021
42.0,138.0,130.0,204.0,231.0,375.0,74.0,258.0,180.0,86.0,70.0,173.0,306.0,67.00996224285669,0.0,0.0,2334.0099622428565,17,031,190402,2,170311904022
83.0,60.0,18.0,4.0,0.0,50.0,63.0,78.0,133.0,54.0,111.0,175.0,54.0,80.48973699318336,0.0,0.0,963.4897369931833,17,031,190601,1,170311906011
108.0,122.0,31.0,1.0,115.0,4.0,92.0,0.0,27.0,82.0,99.0,58.0,118.0,88.04069111051463,0.0,0.0,945.0406911105147,17,031,190601,2,170311906012
7.0,275.0,214.0,288.0,9.0,62.0,76.0,75.0,204.0,376.0,448.0,265.0,89.0,91.99987969441602,0.0,0.0,2479.999879694416,17,031,190601,3,170311906013
0.0,96.0,196.0,75.0,2.0,23.0,245.0,0.0,102.0,159.0,201.0,332.0,100.0,113.33669418281356,0.0,0.0,1644.3366941828135,17,031,190602,1,170311906021
34.0,105.0,3.0,128.0,24.0,14.0,20.0,347.0,103.0,6.0,198.0,214.0,213.0,87.33669418281356,0.0,0.0,1496.3366941828135,17,031,190602,2,170311906022
13.0,0.0,192.0,59.0,172.0,21.0,102.0,133.0,133.0,58.0,165.0,192.0,142.0,98.0,0.0,0.0,1480.0,17,031,190602,3,170311906023
10.0,89.0,17.0,69.0,163.0,253.0,93.0,98.0,24.0,51.0,319.0,131.0,186.0,97.23466564256702,0.0,0.0,1600.234665642567,17,031,190701,1,170311907011
2.0,96.0,42.0,167.0,192.0,68.0,7.0,68.0,37.0,60.0,100.0,169.0,22.0,102.23466564256702,0.0,0.0,1132.234665642567,17,031,190701,2,170311907012
41.0,5.0,4.0,0.0,79.0,42.0,254.0,2.0,4.0,8.0,126.0,141.0,7.0,118.37750559891217,0.0,0.0,831.3775055989122,17,031,190702,1,170311907021
4.0,71.0,190.0,121.0,244.0,190.0,143.0,103.0,3.0,114.0,559.0,78.0,275.0,94.58156267940524,0.0,0.0,2189.581562679405,17,031,190702,2,170311907022
206.0,3.0,41.0,1.0,370.0,5.0,185.0,260.0,76.0,298.0,181.0,0.0,80.0,108.16312535881048,0.0,0.0,1814.1631253588105,17,031,190702,3,170311907023
70.0,30.0,125.0,160.0,170.0,0.0,74.0,25.0,1.0,0.0,211.0,5.0,110.0,89.86724259209552,0.0,0.0,1070.8672425920956,17,031,190800,1,170311908001
15.0,0.0,0.0,23.0,49.0,39.0,80.0,55.0,29.0,72.0,92.0,10.0,156.0,96.31628847476425,0.0,0.0,716.3162884747643,17,031,190800,2,170311908002
314.0,41.0,138.0,141.0,100.0,32.0,2.0,46.0,24.0,56.0,122.0,83.0,348.0,109.0,0.0,0.0,1556.0,17,031,190800,3,170311908003
203.0,26.0,6.0,149.0,71.0,144.0,147.0,24.0,39.0,433.0,133.0,124.0,46.0,95.13263710232049,0.0,0.0,1640.1326371023206,17,031,190800,4,170311908004
95.0,134.0,6.0,214.0,184.0,0.0,31.0,8.0,155.0,86.0,142.0,261.0,73.0,85.0,0.0,0.0,1474.0,17,031,190800,5,170311908005
0.0,151.0,99.0,136.0,274.0,252.0,37.0,77.0,32.0,89.0,171.0,70.0,124.0,106.67326806004313,0.0,0.0,1618.673268060043,17,031,190900,1,170311909001
78.0,14.0,105.0,25.0,85.0,81.0,65.0,12.0,13.0,169.0,16.0,241.0,35.0,109.92845971624344,0.0,0.0,1048.9284597162434,17,031,191000,1,170311910001
57.0,136.0,1.0,115.0,108.0,85.0,84.0,80.0,127.0,183.0,150.0,156.0,150.0,81.0,0.0,0.0,1513.0,17,031,191000,2,170311910002
3.0,5.0,3.0,139.0,11.0,3.0,1.0,60.0,155.0,129.0,230.0,327.0,12.0,85.0,0.0,0.0,1163.0,17,031,191100,1,170311911001
1.0,2.0,16.0,227.0,0.0,10.0,3.0,4.0,48.0,119.0,313.0,63.0,13.0,87.0,0.0,0.0,906.0,17,031,191100,2,170311911002
2.0,132.0,9.0,73.0,146.0,187.0,84.0,87.0,92.0,304.0,5.0,54.0,7.0,72.55095411733127,0.0,0.0,1254.5509541173312,17,031,191100,3,170311911003
46.0,227.0,106.0,57.0,0.0,111.0,10.0,56.0,94.0,146.0,117.0,147.0,129.0,94.3264913287889,0.0,0.0,1340.326491328789,17,031,191100,4,170311911004
0.0,301.0,69.0,233.0,199.0,114.0,183.0,224.0,0.0,340.0,141.0,294.0,10.0,84.0,0.0,0.0,2192.0,17,031,191100,5,170311911005
36.0,47.0,2.0,28.0,7.0,121.0,31.0,29.0,3.0,266.0,21.0,72.0,74.0,82.0,0.0,0.0,819.0,17,031,191100,6,170311911006
76.0,250.0,388.0,391.0,261.0,148.0,186.0,263.0,38.0,96.0,207.0,271.0,112.0,83.46933128513405,0.0,0.0,2770.469331285134,17,031,191200,1,170311912001
35.0,86.0,49.0,42.0,1.0,79.0,26.0,105.0,39.0,146.0,202.0,24.0,10.0,80.4387227230601,0.0,0.0,924.4387227230601,17,031,191200,2,170311912002
24.0,0.0,380.0,119.0,137.0,279.0,292.0,93.0,103.0,468.0,30.0,403.0,472.0,91.4387227230601,0.0,0.0,2891.43872272306,17,031,191301,1,170311913011
104.0,209.0,54.0,129.0,1.0,77.0,55.0,185.0,35.0,268.0,6.0,203.0,16.0,88.0,0.0,0.0,1430.0,17,031,191301,2,170311913012
166.0,303.0,17.0,6.0,32.0,122.0,97.0,31.0,110.0,78.0,67.0,135.0,46.0,81.0,0.0,0.0,1291.0,17,031,191301,3,170311913013
101.0,201.0,83.0,231.0,2.0,123.0,177.0,226.0,153.0,153.0,439.0,108.0,11.0,95.16324566439445,0.0,0.0,2103.1632456643943,17,031,191302,1,170311913021
241.0,73.0,94.0,171.0,373.0,208.0,362.0,0.0,200.0,140.0,287.0,80.0,417.0,71.0,0.0,0.0,2717.0,17,031,191302,2,170311913022
2.0,133.0,47.0,0.0,163.0,47.0,1.0,1.0,83.0,15.0,81.0,112.0,90.0,85.0,0.0,0.0,860.0,17,031,200100,1,170312001001
88.0,116.0,7.0,77.0,34.0,90.0,26.0,77.0,110.0,155.0,171.0,29.0,133.0,97.21413962893374,0.0,0.0,1210.2141396289337,17,031,200100,2,170312001002
164.0,129.0,271.0,34.0,0.0,147.0,300.0,99.0,0.0,129.0,91.0,337.0,180.0,82.09170538063789,0.0,0.0,1963.091705380638,17,031,200100,3,170312001003
30.0,37.0,106.0,0.0,178.0,100.0,2.0,4.0,3.0,57.0,121.0,147.0,107.0,82.33669418281356,0.0,0.0,974.3366941828135,17,031,200200,1,170312002001
134.0,15.0,105.0,43.0,266.0,60.0,74.0,83.0,99.0,149.0,205.0,103.0,26.0,106.0,0.0,0.0,1468.0,17,031,200200,2,170312002002
97.0,29.0,0.0,151.0,3.0,89.0,23.0,157.0,4.0,21.0,92.0,103.0,15.0,94.0,0.0,0.0,878.0,17,031,200200,3,170312002003
50.0,210.0,165.0,11.0,6.0,103.0,178.0,23.0,25.0,63.0,165.0,212.0,119.0,83.0,0.0,0.0,1413.0,17,031,200200,4,170312002004
144.0,78.0,5.0,44.0,93.0,47.0,102.0,0.0,27.0,145.0,194.0,75.0,222.0,93.0,0.0,0.0,1269.0,17,031,200300,1,170312003001
82.0,90.0,2.0,39.0,116.0,100.0,32.0,140.0,29.0,1.0,176.0,81.0,6.0,100.0,0.0,0.0,994.0,17,031,200300,2,170312003002
3.0,1.0,79.0,175.0,133.0,7.0,129.0,21.0,39.0,46.0,0.0,141.0,92.0,83.0,0.0,0.0,949.0,17,031,200401,1,170312004011
0.0,227.0,134.0,307.0,387.0,291.0,271.0,38.0,131.0,257.0,316.0,314.0,11.0,89.44892557708474,0.0,0.0,2773.4489255770845,17,031,200401,2,170312004012
91.0,0.0,52.0,5.0,94.0,59.0,2.0,166.0,76.0,5.0,45.0,51.0,83.0,117.18365137244376,0.0,0.0,846.1836513724437,17,031,200402,1,170312004021
54.0,100.0,168.0,8.0,41.0,282.0,31.0,0.0,54.0,97.0,95.0,138.0,14.0,74.34677673125422,0.0,0.0,1156.3467767312543,17,031,200402,2,170312004022
351.0,4.0,289.0,0.0,12.0,76.0,115.0,39.0,1.0,340.0,168.0,182.0,140.0,89.0,0.0,0.0,1806.0,17,031,200402,3,170312004023
139.0,59.0,71.0,58.0,48.0,45.0,43.0,11.0,14.0,89.0,67.0,276.0,84.0,91.53054840928196,0.0,0.0,1095.530548409282,17,031,210100,1,170312101001
104.0,2.0,5.0,4.0,51.0,48.0,90.0,131.0,56.0,38.0,61.0,174.0,62.0,93.25495104503234,0.0,0.0,919.2549510450324,17,031,210100,2,170312101002
2.0,36.0,0.0,89.0,53.0,49.0,15.0,1.0,0.0,183.0,115.0,170.0,26.0,91.26527420464097,0.0,0.0,830.265274204641,17,031,210100,3,170312101003
213.0,31.0,146.0,78.0,259.0,196.0,172.0,29.0,86.0,91.0,162.0,173.0,115.0,98.89785115416949,0.0,0.0,1849.8978511541695,17,031,210400,1,170312104001
54.0,39.0,103.0,6.0,89.0,0.0,42.0,10.0,151.0,14.0,123.0,129.0,48.0,114.0,0.0,0.0,922.0,17,031,210400,2,170312104002
57.0,1.0,70.0,29.0,236.0,92.0,53.0,133.0,208.0,5.0,91.0,64.0,19.0,82.02028540246532,0.0,0.0,1140.0202854024653,17,031,210501,1,170312105011
345.0,141.0,91.0,219.0,75.0,317.0,395.0,219.0,136.0,373.0,200.0,398.0,100.0,99.66318551160245,0.0,0.0,3108.6631855116025,17,031,210501,2,170312105012
210.0,245.0,6.0,288.0,106.0,74.0,69.0,75.0,106.0,164.0,87.0,220.0,46.0,101.22446278854237,0.0,0.0,1797.2244627885423,17,031,210502,1,170312105021
89.0,414.0,25.0,42.0,428.0,79.0,170.0,4.0,33.0,117.0,79.0,148.0,168.0,88.0,0.0,0.0,1884.0,17,031,210502,2,170312105022
2.0,0.0,33.0,122.0,75.0,1.0,168.0,95.0,81.0,163.0,101.0,5.0,97.0,99.0,0.0,0.0,1042.0,17,031,210502,3,170312105023
18.0,3.0,4.0,5.0,5.0,98.0,0.0,2.0,175.0,1.0,36.0,99.0,13.0,85.12231394271186,0.0,0.0,544.1223139427118,17,031,210601,1,170312106011
89.0,0.0,149.0,82.0,3.0,10.0,32.0,33.0,142.0,90.0,105.0,62.0,2.0,98.0,0.0,0.0,897.0,17,031,210601,2,170312106012
69.0,5.0,6.0,128.0,51.0,121.0,151.0,13.0,56.0,189.0,239.0,155.0,63.0,91.0,0.0,0.0,1337.0,17,031,210601,3,170312106013
151.0,108.0,37.0,96.0,46.0,50.0,95.0,11.0,0.0,245.0,127.0,171.0,10.0,95.40811416098613,0.0,0.0,1242.408114160986,17,031,210602,1,170312106021
86.0,2.0,7.0,95.0,218.0,5.0,8.0,1.0,103.0,57.0,60.0,163.0,69.0,73.51014270123267,0.0,0.0,947.5101427012327,17,031,210602,2,170312106022
52.0,35.0,215.0,127.0,34.0,360.0,61.0,138.0,66.0,108.0,159.0,85.0,110.0,93.21425993451771,0.0,0.0,1643.2142599345177,17,031,210602,3,170312106023
29.0,0.0,71.0,42.0,1.0,101.0,9.0,47.0,18.0,107.0,46.0,89.0,43.0,118.13251679673651,0.0,0.0,721.1325167967365,17,031,210700,1,170312107001
122.0,2.0,134.0,3.0,213.0,5.0,17.0,136.0,58.0,110.0,88.0,60.0,120.0,97.68359121965176,0.0,0.0,1165.6835912196518,17,031,210700,2,170312107002
67.0,190.0,130.0,35.0,98.0,141.0,13.0,59.0,71.0,45.0,117.0,207.0,86.0,98.9181365566348,0.0,0.0,1357.9181365566349,17,031,210700,3,170312107003
0.0,34.0,69.0,39.0,56.0,21.0,33.0,181.0,43.0,74.0,122.0,8.0,24.0,127.54075126330662,0.0,0.0,831.5407512633067,17,031,210800,1,170312108001
30.0,125.0,211.0,173.0,46.0,73.0,70.0,220.0,46.0,289.0,186.0,82.0,133.0,82.60196838745455,0.0,0.0,1766.6019683874545,17,031,210900,1,170312109001
3.0,146.0,2.0,14.0,53.0,3.0,15.0,67.0,28.0,11.0,85.0,252.0,68.0,97.82631087041293,0.0,0.0,844.826310870413,17,031,210900,2,170312109002
56.0,1.0,39.0,47.0,30.0,18.0,7.0,60.0,56.0,61.0,187.0,116.0,212.0,89.94886542429275,0.0,0.0,979.9488654242928,17,031,220300,1,170312203001
2.0,92.0,2.0,24.0,13.0,3.0,6.0,0.0,3.0,85.0,6.0,198.0,167.0,87.81622832197226,0.0,0.0,688.8162283219723,17,031,220300,2,170312203002
3.0,1.0,4.0,6.0,17.0,1.0,64.0,63.0,58.0,21.0,137.0,236.0,128.0,86.44880527150076,0.0,0.0,825.4488052715008,17,031,220400,1,170312204001
99.0,90.0,2.0,110.0,7.0,31.0,53.0,2.0,3.0,152.0,150.0,162.0,271.0,83.46933128513405,0.0,0.0,1215.469331285134,17,031,220400,2,170312204002
52.0,19.0,2.0,14.0,29.0,0.0,76.0,20.0,96.0,92.0,48.0,121.0,39.0,80.67338836562712,0.0,0.0,688.6733883656271,17,031,220500,1,170312205001
21.0,2.0,15.0,59.0,0.0,5.0,4.0,83.0,10.0,40.0,125.0,126.0,61.0,88.70399692770107,0.0,0.0,639.703996927701,17,031,220500,2,170312205002
24.0,2.0,29.0,15.0,76.0,3.0,12.0,36.0,61.0,47.0,120.0,104.0,122.0,91.39791130696148,0.0,0.0,742.3979113069614,17,031,220500,3,170312205003
55.0,1.0,20.0,34.0,109.0,44.0,45.0,51.0,16.0,20.0,30.0,56.0,55.0,110.16324566439445,0.0,0.0,646.1632456643945,17,031,220601,1,170312206011
4.0,52.0,1.0,9.0,41.0,2.0,12.0,104.0,5.0,119.0,112.0,152.0,95.0,111.55095411733127,0.0,0.0,819.5509541173312,17,031,220601,2,170312206012
2.0,33.0,3.0,44.0,2.0,2.0,5.0,4.0,1.0,32.0,3.0,58.0,64.0,108.38770845293682,0.0,0.0,361.3877084529368,17,031,220602,1,170312206021
2.0,1.0,8.0,43.0,5.0,58.0,3.0,0.0,0.0,8.0,7.0,4.0,223.0,79.14271965076117,0.0,0.0,441.14271965076114,17,031,220602,2,170312206022
239.0,127.0,7.0,37.0,29.0,81.0,127.0,20.0,64.0,41.0,96.0,6.0,52.0,96.17344851841911,0.0,0.0,1022.173448518419,17,031,220602,3,170312206023
198.0,192.0,48.0,0.0,7.0,214.0,3.0,157.0,17.0,113.0,246.0,125.0,245.0,88.0,0.0,0.0,1653.0,17,031,220602,4,170312206024
1.0,2.0,0.0,0.0,3.0,67.0,94.0,72.0,1.0,273.0,3.0,20.0,5.0,84.30596531515562,0.0,0.0,625.3059653151556,17,031,220602,5,170312206025
125.0,4.0,28.0,15.0,1.0,1.0,32.0,55.0,34.0,197.0,19.0,279.0,17.0,95.0,0.0,0.0,902.0,17,031,220701,1,170312207011
33.0,7.0,101.0,82.0,1.0,54.0,43.0,0.0,205.0,1.0,12.0,152.0,201.0,103.4387227230601,0.0,0.0,995.4387227230601,17,031,220701,2,170312207012
32.0,87.0,27.0,70.0,174.0,155.0,24.0,69.0,23.0,155.0,183.0,186.0,74.0,89.52034555525731,0.0,0.0,1348.5203455552573,17,031,220701,3,170312207013
109.0,233.0,142.0,74.0,46.0,158.0,1.0,59.0,123.0,82.0,334.0,178.0,97.0,108.1530428103698,0.0,0.0,1744.1530428103697,17,031,220702,1,170312207021
35.0,75.0,63.0,87.0,101.0,34.0,74.0,6.0,1.0,88.0,38.0,54.0,11.0,91.0,0.0,0.0,758.0,17,031,220702,2,170312207022
5.0,16.0,43.0,46.0,0.0,29.0,1.0,42.0,39.0,3.0,66.0,241.0,3.0,85.0,0.0,0.0,619.0,17,031,220702,3,170312207023
105.0,12.0,221.0,73.0,97.0,7.0,4.0,50.0,48.0,150.0,38.0,150.0,36.0,80.0,0.0,0.0,1071.0,17,031,220702,4,170312207024
264.0,147.0,144.0,117.0,4.0,3.0,121.0,39.0,6.0,29.0,5.0,40.0,31.0,77.29588276671494,0.0,0.0,1027.2958827667148,17,031,220901,1,170312209011
48.0,82.0,37.0,45.0,21.0,5.0,7.0,16.0,7.0,131.0,88.0,119.0,130.0,93.61217124147919,0.0,0.0,829.6121712414792,17,031,220901,2,170312209012
69.0,3.0,85.0,71.0,118.0,2.0,179.0,207.0,204.0,2.0,47.0,145.0,25.0,79.74480834379969,0.0,0.0,1236.7448083437996,17,031,220901,3,170312209013
60.0,102.0,169.0,22.0,68.0,132.0,48.0,10.0,2.0,133.0,144.0,204.0,22.0,93.22446278854237,0.0,0.0,1209.2244627885423,17,031,220902,1,170312209021
100.0,118.0,104.0,78.0,119.0,28.0,69.0,159.0,147.0,47.0,205.0,184.0,116.0,97.18365137244376,0.0,0.0,1571.1836513724438,17,031,220902,2,170312209022
22.0,86.0,2.0,33.0,111.0,186.0,11.0,111.0,124.0,120.0,195.0,0.0,273.0,91.62237409550384,0.0,0.0,1365.6223740955038,17,031,221000,1,170312210001
181.0,86.0,171.0,207.0,185.0,50.0,70.0,90.0,88.0,47.0,176.0,46.0,163.0,88.0,0.0,0.0,1648.0,17,031,221000,2,170312210002
55.0,130.0,79.0,122.0,32.0,21.0,66.0,106.0,6.0,196.0,384.0,285.0,57.0,95.20405708049307,0.0,0.0,1634.2040570804932,17,031,221100,1,170312211001
167.0,171.0,79.0,191.0,78.0,107.0,85.0,31.0,56.0,99.0,52.0,191.0,67.0,93.4387227230601,0.0,0.0,1467.43872272306,17,031,221100,2,170312211002
39.0,86.0,0.0,205.0,2.0,151.0,59.0,1.0,3.0,103.0,189.0,128.0,12.0,104.0,0.0,0.0,1082.0,17,031,221100,3,170312211003
53.0,119.0,0.0,45.0,97.0,129.0,163.0,0.0,6.0,91.0,75.0,51.0,73.0,104.06109681856393,0.0,0.0,1006.0610968185639,17,031,221200,1,170312212001
46.0,12.0,111.0,164.0,83.0,1.0,175.0,167.0,36.0,79.0,217.0,128.0,159.0,105.0712996725886,0.0,0.0,1483.0712996725886,17,031,221200,2,170312212002
71.0,55.0,32.0,300.0,105.0,88.0,11.0,7.0,2.0,7.0,131.0,134.0,140.0,92.55095411733127,0.0,0.0,1175.5509541173312,17,031,221300,1,170312213001
84.0,44.0,2.0,16.0,46.0,16.0,4.0,29.0,49.0,77.0,28.0,121.0,49.0,81.3060856207396,0.0,0.0,646.3060856207396,17,031,221300,2,170312213002
4.0,0.0,1.0,76.0,2.0,4.0,2.0,59.0,0.0,34.0,133.0,11.0,160.0,89.1938542264684,0.0,0.0,575.1938542264684,17,031,221300,3,170312213003
6.0,79.0,0.0,52.0,68.0,54.0,10.0,24.0,3.0,119.0,178.0,37.0,58.0,113.1530428103698,0.0,0.0,801.1530428103698,17,031,221400,1,170312214001
141.0,2.0,8.0,3.0,3.0,19.0,1.0,0.0,3.0,1.0,101.0,158.0,88.0,97.45912843110939,0.0,0.0,625.4591284311094,17,031,221400,2,170312214002
23.0,22.0,1.0,45.0,26.0,162.0,69.0,200.0,73.0,135.0,112.0,84.0,109.0,78.16324566439445,0.0,0.0,1139.1632456643945,17,031,221400,3,170312214003
171.0,75.0,74.0,53.0,4.0,92.0,7.0,0.0,4.0,111.0,47.0,36.0,92.0,110.3060856207396,0.0,0.0,876.3060856207396,17,031,221500,1,170312215001
184.0,53.0,42.0,81.0,93.0,171.0,135.0,75.0,40.0,175.0,59.0,161.0,61.0,95.44892557708474,0.0,0.0,1425.4489255770848,17,031,221500,2,170312215002
147.0,5.0,15.0,74.0,4.0,4.0,3.0,77.0,23.0,104.0,105.0,141.0,46.0,99.24474819100769,0.0,0.0,847.2447481910077,17,031,221600,1,170312216001
121.0,41.0,92.0,70.0,100.0,55.0,66.0,2.0,3.0,96.0,72.0,279.0,93.0,94.0711793670046,0.0,0.0,1184.0711793670046,17,031,221600,2,170312216002
1.0,7.0,5.0,29.0,5.0,17.0,1.0,11.0,5.0,19.0,27.0,127.0,81.0,86.84683688404621,0.0,0.0,421.84683688404624,17,031,222200,1,170312222001
24.0,5.0,3.0,9.0,1.0,8.0,24.0,26.0,4.0,123.0,105.0,41.0,123.0,100.06109681856393,0.0,0.0,596.0610968185639,17,031,222200,2,170312222002
184.0,0.0,47.0,101.0,44.0,48.0,184.0,70.0,34.0,28.0,129.0,56.0,177.0,95.51014270123267,0.0,0.0,1197.5101427012326,17,031,222500,1,170312225001
142.0,59.0,45.0,73.0,141.0,29.0,105.0,48.0,74.0,132.0,147.0,145.0,113.0,60.59176553342988,0.0,0.0,1313.59176553343,17,031,222600,1,170312226001
100.0,70.0,9.0,15.0,7.0,31.0,2.0,147.0,1.0,248.0,92.0,84.0,51.0,96.66318551160245,0.0,0.0,953.6631855116025,17,031,222700,1,170312227001
49.0,3.0,144.0,59.0,173.0,162.0,68.0,97.0,21.0,46.0,81.0,190.0,207.0,83.64277980355315,0.0,0.0,1383.6427798035531,17,031,222700,2,170312227002
100.0,156.0,141.0,60.0,58.0,0.0,49.0,12.0,4.0,172.0,21.0,39.0,39.0,93.14283995634514,0.0,0.0,944.1428399563451,17,031,222800,1,170312228001
94.0,61.0,62.0,63.0,12.0,10.0,35.0,35.0,42.0,135.0,98.0,42.0,25.0,79.12243424829583,0.0,0.0,793.1224342482958,17,031,222900,1,170312229001
176.0,61.0,68.0,60.0,70.0,177.0,53.0,66.0,59.0,91.0,211.0,228.0,103.0,103.34689703683821,0.0,0.0,1526.3468970368383,17,031,230100,1,170312301001
142.0,122.0,46.0,217.0,50.0,104.0,2.0,215.0,63.0,77.0,198.0,268.0,99.0,87.14271965076117,0.0,0.0,1690.1427196507611,17,031,230200,1,170312302001
96.0,58.0,113.0,125.0,31.0,1.0,40.0,86.0,37.0,25.0,102.0,275.0,58.0,106.0,0.0,0.0,1153.0,17,031,230300,1,170312303001
204.0,30.0,51.0,90.0,16.0,2.0,114.0,51.0,30.0,33.0,185.0,273.0,164.0,103.77541690587364,0.0,0.0,1346.7754169058737,17,031,230400,1,170312304001
91.0,26.0,41.0,99.0,16.0,77.0,6.0,5.0,106.0,2.0,159.0,229.0,153.0,84.0,0.0,0.0,1094.0,17,031,230400,2,170312304002
434.0,288.0,80.0,102.0,277.0,132.0,172.0,140.0,101.0,189.0,133.0,321.0,11.0,87.0,0.0,0.0,2467.0,17,031,230500,1,170312305001
139.0,40.0,50.0,167.0,143.0,31.0,98.0,55.0,1.0,31.0,80.0,51.0,70.0,100.22446278854237,0.0,0.0,1056.2244627885423,17,031,230500,2,170312305002
2.0,119.0,45.0,1.0,43.0,158.0,70.0,89.0,0.0,5.0,126.0,1.0,13.0,93.0,0.0,0.0,765.0,17,031,230600,1,170312306001
237.0,57.0,13.0,121.0,25.0,173.0,90.0,242.0,2.0,174.0,108.0,55.0,18.0,95.46933128513405,0.0,0.0,1410.469331285134,17,031,230600,2,170312306002
235.0,30.0,14.0,1.0,4.0,36.0,89.0,36.0,34.0,91.0,106.0,1.0,23.0,99.0,0.0,0.0,799.0,17,031,230600,3,170312306003
252.0,124.0,0.0,87.0,105.0,256.0,110.0,128.0,7.0,116.0,171.0,3.0,82.0,72.0,0.0,0.0,1513.0,17,031,230600,4,170312306004
258.0,201.0,1.0,41.0,21.0,21.0,44.0,46.0,0.0,1.0,146.0,232.0,9.0,79.0,0.0,0.0,1100.0,17,031,230600,5,170312306005
3.0,77.0,202.0,36.0,50.0,124.0,2.0,45.0,148.0,60.0,7.0,34.0,9.0,90.24486849659168,0.0,0.0,887.2448684965917,17,031,230600,6,170312306006
4.0,59.0,85.0,25.0,119.0,359.0,32.0,35.0,72.0,74.0,71.0,223.0,61.0,82.0,0.0,0.0,1301.0,17,031,230700,1,170312307001
116.0,126.0,116.0,140.0,0.0,3.0,2.0,0.0,173.0,87.0,86.0,156.0,61.0,90.0,0.0,0.0,1156.0,17,031,230700,2,170312307002
93.0,13.0,164.0,185.0,114.0,84.0,54.0,50.0,157.0,121.0,20.0,216.0,12.0,94.0,0.0,0.0,1377.0,17,031,230700,3,170312307003
139.0,72.0,133.0,83.0,34.0,13.0,99.0,24.0,60.0,20.0,216.0,14.0,15.0,80.0,0.0,0.0,1002.0,17,031,230700,4,170312307004
12.0,0.0,10.0,81.0,8.0,63.0,64.0,119.0,5.0,42.0,306.0,145.0,76.0,100.21425993451771,0.0,0.0,1031.2142599345177,17,031,230800,1,170312308001
379.0,113.0,137.0,70.0,1.0,3.0,147.0,61.0,12.0,12.0,302.0,225.0,46.0,89.17344851841911,0.0,0.0,1597.173448518419,17,031,230900,1,170312309001
309.0,106.0,192.0,58.0,135.0,54.0,95.0,154.0,0.0,156.0,46.0,134.0,81.0,97.0,0.0,0.0,1617.0,17,031,230900,2,170312309002
103.0,119.0,59.0,18.0,130.0,123.0,211.0,81.0,27.0,93.0,184.0,78.0,178.0,92.36730274488752,0.0,0.0,1496.3673027448874,17,031,230900,3,170312309003
157.0,16.0,17.0,178.0,22.0,57.0,12.0,95.0,47.0,101.0,76.0,68.0,95.0,92.46933128513405,0.0,0.0,1033.469331285134,17,031,231100,1,170312311001
206.0,23.0,54.0,78.0,38.0,116.0,0.0,51.0,57.0,100.0,56.0,77.0,13.0,82.0,0.0,0.0,951.0,17,031,231200,1,170312312001
421.0,30.0,351.0,57.0,4.0,44.0,82.0,54.0,3.0,349.0,97.0,47.0,15.0,104.0,0.0,0.0,1658.0,17,031,231200,2,170312312002
60.0,98.0,66.0,38.0,22.0,0.0,5.0,7.0,3.0,6.0,24.0,4.0,49.0,80.0,0.0,0.0,462.0,17,031,231200,3,170312312003
117.0,258.0,7.0,150.0,143.0,68.0,1.0,27.0,99.0,169.0,17.0,44.0,105.0,98.0,0.0,0.0,1303.0,17,031,231200,4,170312312004
94.0,79.0,66.0,29.0,4.0,1.0,43.0,0.0,71.0,74.0,46.0,1.0,14.0,94.0,0.0,0.0,616.0,17,031,231200,5,170312312005
244.0,82.0,203.0,107.0,8.0,14.0,2.0,46.0,3.0,87.0,1.0,2.0,21.0,99.0,0.0,0.0,919.0,17,031,231500,1,170312315001
471.0,72.0,21.0,270.0,36.0,4.0,7.0,73.0,37.0,3.0,2.0,1.0,9.0,112.0,0.0,0.0,1118.0,17,031,231500,2,170312315002
130.0,13.0,22.0,6.0,2.0,2.0,4.0,5.0,2.0,62.0,60.0,88.0,9.0,99.0,0.0,0.0,504.0,17,031,231500,3,170312315003
198.0,68.0,0.0,7.0,151.0,203.0,2.0,3.0,79.0,65.0,0.0,38.0,5.0,95.0,0.0,0.0,914.0,17,031,231500,4,170312315004
414.0,225.0,64.0,49.0,198.0,138.0,47.0,113.0,1.0,2.0,175.0,3.0,17.0,92.0,0.0,0.0,1538.0,17,031,231500,5,170312315005
128.0,261.0,1.0,126.0,223.0,143.0,119.0,253.0,117.0,62.0,131.0,234.0,10.0,116.0,0.0,0.0,1924.0,17,031,231500,6,170312315006
122.0,115.0,20.0,75.0,27.0,1.0,6.0,28.0,7.0,6.0,91.0,176.0,231.0,108.05089396453928,0.0,0.0,1013.0508939645392,17,031,240200,1,170312402001
10.0,2.0,44.0,28.0,11.0,19.0,0.0,8.0,19.0,118.0,46.0,166.0,112.0,82.0712996725886,0.0,0.0,665.0712996725886,17,031,240300,1,170312403001
49.0,4.0,17.0,20.0,46.0,6.0,0.0,98.0,3.0,142.0,149.0,211.0,339.0,90.4590081255254,0.0,0.0,1174.4590081255253,17,031,240500,1,170312405001
1.0,58.0,105.0,9.0,50.0,100.0,0.0,4.0,3.0,16.0,113.0,71.0,325.0,102.70399692770107,0.0,0.0,957.703996927701,17,031,240600,1,170312406001
161.0,109.0,194.0,88.0,1.0,60.0,12.0,13.0,9.0,89.0,26.0,68.0,180.0,106.40811416098613,0.0,0.0,1116.408114160986,17,031,240700,1,170312407001
174.0,45.0,77.0,4.0,86.0,36.0,2.0,61.0,3.0,104.0,77.0,123.0,85.0,70.16324566439445,0.0,0.0,947.1632456643945,17,031,240800,1,170312408001
113.0,43.0,50.0,11.0,54.0,10.0,24.0,0.0,35.0,59.0,47.0,95.0,53.0,88.0,0.0,0.0,682.0,17,031,240800,2,170312408002
251.0,88.0,2.0,50.0,48.0,56.0,46.0,49.0,113.0,62.0,61.0,98.0,83.0,85.49993984720801,0.0,0.0,1092.499939847208,17,031,240900,1,170312409001
45.0,82.0,71.0,4.0,10.0,105.0,2.0,21.0,32.0,70.0,90.0,43.0,37.0,98.49993984720801,0.0,0.0,710.499939847208,17,031,241000,1,170312410001
177.0,54.0,2.0,102.0,1.0,3.0,115.0,58.0,35.0,4.0,74.0,58.0,24.0,100.27547705866564,0.0,0.0,807.2754770586656,17,031,241000,2,170312410002
88.0,48.0,137.0,94.0,0.0,60.0,54.0,139.0,112.0,211.0,224.0,169.0,172.0,77.530307798114,0.0,0.0,1585.530307798114,17,031,241100,1,170312411001
88.0,26.0,71.0,122.0,65.0,3.0,30.0,324.0,72.0,149.0,163.0,375.0,221.0,100.765214051849,0.0,0.0,1809.765214051849,17,031,241100,2,170312411002
43.0,2.0,3.0,13.0,4.0,16.0,0.0,30.0,44.0,133.0,52.0,121.0,228.0,95.77541690587364,0.0,0.0,784.7754169058736,17,031,241200,1,170312412001
162.0,0.0,52.0,58.0,6.0,10.0,0.0,22.0,0.0,34.0,53.0,72.0,79.0,113.55095411733127,0.0,0.0,661.5509541173312,17,031,241200,2,170312412002
5.0,51.0,87.0,36.0,19.0,10.0,47.0,37.0,30.0,56.0,198.0,237.0,234.0,111.3977910013775,0.0,0.0,1158.3977910013775,17,031,241300,1,170312413001
307.0,314.0,7.0,25.0,16.0,5.0,62.0,1.0,49.0,82.0,16.0,129.0,235.0,89.48973699318336,0.0,0.0,1337.4897369931834,17,031,241400,1,170312414001
18.0,9.0,43.0,1.0,5.0,3.0,8.0,0.0,5.0,53.0,7.0,100.0,77.0,93.22446278854237,0.0,0.0,422.2244627885424,17,031,241400,2,170312414002
7.0,2.0,9.0,1.0,3.0,5.0,2.0,89.0,1.0,193.0,13.0,15.0,195.0,96.26527420464097,0.0,0.0,631.265274204641,17,031,241400,3,170312414003
100.0,1.0,4.0,34.0,1.0,1.0,11.0,29.0,119.0,98.0,50.0,237.0,169.0,90.74456773263171,0.0,0.0,944.7445677326317,17,031,241400,4,170312414004
4.0,0.0,24.0,3.0,2.0,80.0,1.0,41.0,4.0,121.0,108.0,281.0,130.0,104.61217124147919,0.0,0.0,903.6121712414792,17,031,241500,1,170312415001
0.0,5.0,1.0,104.0,0.0,3.0,6.0,82.0,6.0,40.0,131.0,60.0,31.0,91.14283995634514,0.0,0.0,560.1428399563451,17,031,241500,2,170312415002
19.0,4.0,2.0,3.0,4.0,2.0,29.0,30.0,5.0,89.0,26.0,132.0,16.0,124.72440263575038,0.0,0.0,485.7244026357504,17,031,241500,3,170312415003
16.0,1.0,1.0,39.0,44.0,7.0,125.0,76.0,17.0,136.0,97.0,139.0,132.0,100.81622832197226,0.0,0.0,930.8162283219723,17,031,241600,1,170312416001
106.0,28.0,62.0,66.0,40.0,114.0,102.0,51.0,113.0,215.0,246.0,278.0,134.0,99.9386625702681,0.0,0.0,1654.9386625702682,17,031,241600,2,170312416002
100.0,1.0,2.0,2.0,26.0,121.0,38.0,96.0,38.0,170.0,54.0,242.0,253.0,83.0,0.0,0.0,1226.0,17,031,242000,1,170312420001
456.0,90.0,90.0,79.0,58.0,5.0,0.0,24.0,17.0,74.0,167.0,1.0,278.0,94.66318551160245,0.0,0.0,1433.6631855116025,17,031,242000,2,170312420002
92.0,89.0,94.0,67.0,63.0,36.0,2.0,2.0,29.0,131.0,286.0,68.0,92.0,68.31628847476425,0.0,0.0,1119.3162884747642,17,031,242000,3,170312420003
2.0,0.0,66.0,35.0,3.0,2.0,1.0,13.0,4.0,82.0,72.0,41.0,88.0,83.61217124147919,0.0,0.0,492.6121712414792,17,031,242100,1,170312421001
8.0,15.0,4.0,2.0,86.0,22.0,15.0,2.0,6.0,107.0,25.0,343.0,160.0,95.10190823466255,0.0,0.0,890.1019082346626,17,031,242100,2,170312421002
13.0,42.0,2.0,3.0,1.0,2.0,36.0,133.0,0.0,4.0,103.0,196.0,89.0,109.54063095772264,0.0,0.0,733.5406309577227,17,031,242100,3,170312421003
24.0,172.0,2.0,86.0,27.0,3.0,3.0,259.0,3.0,69.0,213.0,124.0,233.0,115.81598771080428,0.0,0.0,1333.8159877108044,17,031,242200,1,170312422001
33.0,39.0,0.0,26.0,7.0,0.0,3.0,104.0,60.0,134.0,156.0,373.0,105.0,99.82631087041293,0.0,0.0,1139.826310870413,17,031,242200,2,170312422002
2.0,4.0,4.0,64.0,19.0,74.0,0.0,109.0,19.0,2.0,369.0,229.0,120.0,102.75501119782433,0.0,0.0,1117.7550111978244,17,031,242300,1,170312423001
90.0,7.0,7.0,14.0,51.0,61.0,17.0,62.0,33.0,234.0,226.0,168.0,178.0,100.79582261392295,0.0,0.0,1248.7958226139228,17,031,242300,2,170312423002
10.0,48.0,25.0,0.0,42.0,5.0,39.0,10.0,76.0,40.0,120.0,157.0,81.0,83.44880527150076,0.0,0.0,736.4488052715008,17,031,242400,1,170312424001
109.0,35.0,162.0,105.0,8.0,82.0,46.0,104.0,78.0,61.0,208.0,154.0,165.0,100.12231394271186,0.0,0.0,1417.1223139427118,17,031,242400,2,170312424002
202.0,154.0,83.0,102.0,143.0,26.0,95.0,141.0,64.0,241.0,53.0,216.0,243.0,112.73460548977503,0.0,0.0,1875.734605489775,17,031,242500,1,170312425001
54.0,7.0,152.0,35.0,155.0,136.0,50.0,113.0,52.0,121.0,269.0,147.0,219.0,101.41831701501079,0.0,0.0,1611.4183170150109,17,031,242500,2,170312425002
164.0,23.0,43.0,211.0,171.0,62.0,1.0,9.0,82.0,2.0,170.0,62.0,170.0,93.0,0.0,0.0,1263.0,17,031,242600,1,170312426001
86.0,23.0,1.0,37.0,243.0,113.0,81.0,43.0,2.0,196.0,150.0,334.0,100.0,103.74480834379969,0.0,0.0,1512.7448083437996,17,031,242600,2,170312426002
17.0,29.0,10.0,169.0,34.0,100.0,23.0,143.0,79.0,98.0,181.0,128.0,154.0,99.0,0.0,0.0,1264.0,17,031,242600,3,170312426003
87.0,1.0,8.0,109.0,34.0,79.0,122.0,0.0,107.0,147.0,121.0,185.0,20.0,76.96915082675807,0.0,0.0,1096.969150826758,17,031,242600,4,170312426004
239.0,324.0,115.0,144.0,62.0,11.0,2.0,128.0,28.0,53.0,80.0,53.0,41.0,96.88764830014483,0.0,0.0,1376.8876483001447,17,031,242700,1,170312427001
57.0,99.0,89.0,102.0,69.0,57.0,0.0,20.0,53.0,34.0,219.0,106.0,144.0,100.20393677490908,0.0,0.0,1149.2039367749092,17,031,242800,1,170312428001
82.0,44.0,0.0,131.0,17.0,21.0,25.0,80.0,20.0,110.0,50.0,105.0,133.0,65.8060254679476,0.0,0.0,883.8060254679476,17,031,242900,1,170312429001
12.0,5.0,20.0,99.0,7.0,0.0,38.0,20.0,0.0,0.0,50.0,56.0,93.0,86.28567991269028,0.0,0.0,486.2856799126903,17,031,242900,2,170312429002
3.0,0.0,4.0,0.0,5.0,6.0,8.0,19.0,102.0,109.0,68.0,151.0,64.0,61.1938542264684,0.0,0.0,600.1938542264684,17,031,243000,1,170312430001
3.0,2.0,139.0,172.0,0.0,70.0,34.0,90.0,11.0,137.0,215.0,201.0,147.0,100.44880527150076,0.0,0.0,1321.4488052715008,17,031,243000,2,170312430002
42.0,100.0,32.0,51.0,2.0,255.0,29.0,20.0,15.0,54.0,316.0,319.0,388.0,88.1530428103698,0.0,0.0,1711.1530428103697,17,031,243100,1,170312431001
0.0,7.0,6.0,104.0,5.0,5.0,3.0,47.0,0.0,16.0,3.0,15.0,25.0,101.88764830014483,0.0,0.0,337.8876483001448,17,031,243100,2,170312431002
81.0,1.0,2.0,4.0,11.0,2.0,18.0,39.0,3.0,42.0,121.0,225.0,45.0,96.42851986903543,0.0,0.0,690.4285198690354,17,031,243200,1,170312432001
10.0,0.0,14.0,7.0,0.0,3.0,23.0,0.0,49.0,41.0,114.0,143.0,76.0,78.13251679673651,0.0,0.0,558.1325167967365,17,031,243200,2,170312432002
4.0,14.0,43.0,92.0,7.0,80.0,0.0,33.0,57.0,82.0,71.0,119.0,45.0,106.9590682783174,0.0,0.0,753.9590682783174,17,031,243300,1,170312433001
48.0,7.0,32.0,42.0,12.0,7.0,117.0,74.0,43.0,112.0,126.0,117.0,195.0,83.82631087041293,0.0,0.0,1015.826310870413,17,031,243300,2,170312433002
69.0,9.0,101.0,243.0,18.0,92.0,32.0,12.0,128.0,6.0,76.0,230.0,30.0,97.74480834379969,0.0,0.0,1143.7448083437996,17,031,243400,1,170312434001
26.0,2.0,3.0,18.0,7.0,58.0,3.0,1.0,1.0,35.0,20.0,58.0,23.0,105.46933128513405,0.0,0.0,360.46933128513405,17,031,243400,2,170312434002
0.0,5.0,21.0,37.0,1.0,6.0,48.0,42.0,26.0,20.0,108.0,239.0,35.0,95.71419978172572,0.0,0.0,683.7141997817257,17,031,243400,3,170312434003
164.0,46.0,96.0,66.0,33.0,4.0,86.0,1.0,2.0,25.0,183.0,165.0,97.0,118.65298265757781,0.0,0.0,1086.6529826575777,17,031,243500,1,170312435001
13.0,2.0,0.0,7.0,21.0,30.0,62.0,3.0,38.0,198.0,63.0,252.0,349.0,83.04057080493064,0.0,0.0,1121.0405708049307,17,031,243500,2,170312435002
88.0,209.0,128.0,117.0,54.0,199.0,141.0,82.0,52.0,182.0,165.0,59.0,88.0,99.28567991269028,0.0,0.0,1663.2856799126903,17,031,250200,1,170312502001
125.0,31.0,133.0,100.0,74.0,8.0,2.0,31.0,60.0,180.0,64.0,131.0,53.0,110.42851986903543,0.0,0.0,1102.4285198690354,17,031,250200,2,170312502002
164.0,83.0,133.0,182.0,163.0,178.0,180.0,102.0,5.0,122.0,24.0,246.0,76.0,96.0,0.0,0.0,1754.0,17,031,250300,1,170312503001
232.0,75.0,69.0,7.0,126.0,1.0,49.0,59.0,3.0,103.0,69.0,1.0,87.0,71.0,0.0,0.0,952.0,17,031,250300,2,170312503002
138.0,65.0,155.0,17.0,90.0,84.0,133.0,81.0,93.0,30.0,111.0,117.0,9.0,104.21425993451771,0.0,0.0,1227.2142599345177,17,031,250300,3,170312503003
34.0,4.0,47.0,0.0,101.0,40.0,30.0,43.0,20.0,51.0,5.0,44.0,19.0,79.0,0.0,0.0,517.0,17,031,250300,4,170312503004
83.0,27.0,59.0,56.0,4.0,12.0,2.0,0.0,16.0,77.0,8.0,33.0,2.0,96.0,0.0,0.0,475.0,17,031,250400,1,170312504001
110.0,64.0,9.0,108.0,1.0,222.0,3.0,49.0,41.0,63.0,3.0,72.0,142.0,96.38770845293682,0.0,0.0,983.3877084529369,17,031,250400,2,170312504002
205.0,1.0,9.0,96.0,291.0,169.0,226.0,110.0,102.0,0.0,270.0,170.0,17.0,89.0,0.0,0.0,1755.0,17,031,250400,3,170312504003
108.0,146.0,24.0,69.0,0.0,5.0,12.0,100.0,140.0,138.0,52.0,168.0,15.0,97.0,0.0,0.0,1074.0,17,031,250400,4,170312504004
162.0,86.0,251.0,1.0,21.0,231.0,87.0,48.0,5.0,158.0,71.0,113.0,15.0,96.08150252661324,0.0,0.0,1345.0815025266133,17,031,250400,5,170312504005
0.0,73.0,18.0,44.0,233.0,30.0,36.0,3.0,0.0,77.0,125.0,338.0,371.0,73.37750559891217,0.0,0.0,1421.3775055989122,17,031,250500,1,170312505001
175.0,1.0,2.0,6.0,53.0,1.0,13.0,39.0,1.0,28.0,53.0,277.0,235.0,87.49981954162402,0.0,0.0,971.499819541624,17,031,250500,2,170312505002
1.0,4.0,34.0,113.0,31.0,2.0,2.0,28.0,31.0,62.0,143.0,48.0,29.0,82.96927113234206,0.0,0.0,610.9692711323421,17,031,250500,3,170312505003
1.0,4.0,5.0,17.0,24.0,8.0,56.0,0.0,0.0,32.0,89.0,111.0,77.0,96.69379407367641,0.0,0.0,520.6937940736764,17,031,250500,4,170312505004
1.0,0.0,0.0,79.0,1.0,6.0,27.0,32.0,6.0,72.0,128.0,6.0,16.0,106.77541690587364,0.0,0.0,480.77541690587367,17,031,250500,5,170312505005
182.0,44.0,270.0,80.0,32.0,56.0,0.0,17.0,88.0,13.0,18.0,140.0,64.0,96.0,0.0,0.0,1100.0,17,031,250500,6,170312505006
149.0,165.0,0.0,77.0,1.0,3.0,182.0,53.0,2.0,79.0,106.0,145.0,107.0,87.68359121965176,0.0,0.0,1156.6835912196518,17,031,250500,7,170312505007
27.0,55.0,128.0,98.0,7.0,116.0,43.0,4.0,46.0,116.0,108.0,11.0,83.0,101.56115697135593,0.0,0.0,943.5611569713559,17,031,250600,1,170312506001
69.0,4.0,8.0,149.0,179.0,23.0,15.0,0.0,80.0,121.0,65.0,75.0,26.0,87.27547705866564,0.0,0.0,901.2754770586656,17,031,250600,2,170312506002
3.0,86.0,18.0,176.0,71.0,15.0,22.0,1.0,29.0,61.0,4.0,170.0,177.0,92.9386625702681,0.0,0.0,925.9386625702681,17,031,250600,3,170312506003
43.0,55.0,81.0,1.0,2.0,2.0,2.0,93.0,47.0,6.0,356.0,369.0,41.0,101.23466564256702,0.0,0.0,1199.234665642567,17,031,250600,4,170312506004
183.0,86.0,53.0,45.0,151.0,2.0,101.0,0.0,2.0,186.0,57.0,78.0,13.0,74.0,0.0,0.0,1031.0,17,031,250700,1,170312507001
155.0,184.0,0.0,79.0,58.0,149.0,2.0,2.0,20.0,87.0,173.0,2.0,11.0,83.0,0.0,0.0,1005.0,17,031,250700,2,170312507002
0.0,89.0,46.0,43.0,51.0,102.0,54.0,2.0,24.0,29.0,64.0,169.0,44.0,90.0,0.0,0.0,807.0,17,031,250700,3,170312507003
210.0,147.0,273.0,49.0,80.0,72.0,127.0,55.0,3.0,52.0,88.0,22.0,69.0,105.0,0.0,0.0,1352.0,17,031,250700,4,170312507004
188.0,53.0,54.0,185.0,119.0,4.0,0.0,71.0,75.0,4.0,23.0,395.0,241.0,92.0,0.0,0.0,1504.0,17,031,250700,5,170312507005
139.0,67.0,17.0,55.0,96.0,177.0,55.0,98.0,22.0,3.0,128.0,91.0,20.0,85.61217124147919,0.0,0.0,1053.6121712414792,17,031,250800,1,170312508001
163.0,85.0,46.0,4.0,21.0,120.0,258.0,1.0,48.0,72.0,66.0,134.0,40.0,86.39791130696148,0.0,0.0,1144.3979113069615,17,031,250800,2,170312508002
142.0,26.0,245.0,31.0,183.0,16.0,3.0,62.0,116.0,33.0,161.0,58.0,26.0,92.0,0.0,0.0,1194.0,17,031,251000,1,170312510001
238.0,119.0,85.0,23.0,12.0,39.0,28.0,4.0,25.0,5.0,29.0,5.0,11.0,95.0,0.0,0.0,718.0,17,031,251100,1,170312511001
125.0,41.0,40.0,119.0,4.0,13.0,25.0,1.0,160.0,11.0,109.0,1.0,7.0,88.0,0.0,0.0,744.0,17,031,251100,2,170312511002
73.0,367.0,131.0,0.0,39.0,62.0,42.0,46.0,95.0,23.0,107.0,352.0,6.0,102.67326806004313,0.0,0.0,1445.673268060043,17,031,251100,3,170312511003
197.0,1.0,58.0,4.0,52.0,44.0,62.0,0.0,53.0,98.0,373.0,24.0,111.0,83.0,0.0,0.0,1160.0,17,031,251100,4,170312511004
77.0,119.0,5.0,0.0,55.0,5.0,54.0,87.0,2.0,65.0,10.0,26.0,81.0,73.3264913287889,0.0,0.0,659.3264913287888,17,031,251200,1,170312512001
30.0,0.0,48.0,39.0,17.0,84.0,2.0,85.0,15.0,299.0,60.0,19.0,31.0,86.99987969441602,0.0,0.0,815.999879694416,17,031,251200,2,170312512002
45.0,0.0,17.0,221.0,4.0,0.0,9.0,3.0,58.0,2.0,69.0,74.0,4.0,99.18365137244376,0.0,0.0,605.1836513724437,17,031,251200,3,170312512003
211.0,206.0,165.0,78.0,114.0,188.0,6.0,175.0,47.0,60.0,176.0,88.0,331.0,87.75501119782433,0.0,0.0,1932.7550111978244,17,031,251200,4,170312512004
150.0,2.0,32.0,88.0,118.0,87.0,38.0,31.0,1.0,23.0,17.0,73.0,45.0,84.0,0.0,0.0,789.0,17,031,251300,1,170312513001
289.0,6.0,46.0,103.0,101.0,106.0,1.0,65.0,43.0,1.0,14.0,0.0,38.0,103.0,0.0,0.0,916.0,17,031,251300,2,170312513002
31.0,22.0,120.0,229.0,73.0,1.0,3.0,35.0,32.0,114.0,73.0,37.0,91.0,96.36730274488752,0.0,0.0,957.3673027448875,17,031,251300,3,170312513003
97.0,3.0,1.0,108.0,73.0,28.0,52.0,35.0,6.0,41.0,129.0,112.0,14.0,83.12243424829583,0.0,0.0,782.1224342482958,17,031,251300,4,170312513004
68.0,104.0,150.0,4.0,94.0,53.0,89.0,77.0,21.0,67.0,28.0,51.0,221.0,98.0,0.0,0.0,1125.0,17,031,251300,5,170312513005
55.0,1.0,2.0,69.0,127.0,151.0,97.0,85.0,20.0,60.0,44.0,95.0,15.0,100.0,0.0,0.0,921.0,17,031,251400,1,170312514001
50.0,119.0,0.0,14.0,32.0,0.0,170.0,15.0,3.0,85.0,2.0,27.0,38.0,112.0,0.0,0.0,667.0,17,031,251400,2,170312514002
144.0,200.0,115.0,130.0,66.0,22.0,72.0,106.0,109.0,3.0,77.0,144.0,38.0,82.0,0.0,0.0,1308.0,17,031,251400,3,170312514003
238.0,190.0,26.0,194.0,166.0,38.0,10.0,0.0,53.0,28.0,25.0,61.0,15.0,112.22434248295838,0.0,0.0,1156.2243424829585,17,031,251400,4,170312514004
33.0,121.0,75.0,0.0,2.0,110.0,126.0,1.0,30.0,16.0,95.0,15.0,13.0,110.79582261392295,0.0,0.0,747.795822613923,17,031,251500,1,170312515001
139.0,58.0,77.0,1.0,77.0,1.0,0.0,1.0,113.0,64.0,55.0,37.0,97.0,90.0,0.0,0.0,810.0,17,031,251500,2,170312515002
173.0,182.0,26.0,102.0,31.0,92.0,24.0,1.0,28.0,6.0,80.0,1.0,12.0,101.0,0.0,0.0,859.0,17,031,251500,3,170312515003
349.0,39.0,58.0,61.0,61.0,25.0,118.0,217.0,2.0,62.0,36.0,50.0,117.0,81.0,0.0,0.0,1276.0,17,031,251500,4,170312515004
96.0,37.0,60.0,2.0,16.0,455.0,0.0,25.0,1.0,174.0,207.0,84.0,45.0,103.0,0.0,0.0,1305.0,17,031,251600,1,170312516001
170.0,0.0,86.0,26.0,3.0,40.0,55.0,41.0,7.0,125.0,35.0,43.0,41.0,102.0,0.0,0.0,774.0,17,031,251600,2,170312516002
262.0,437.0,2.0,71.0,182.0,46.0,2.0,102.0,1.0,160.0,90.0,84.0,12.0,79.56115697135593,0.0,0.0,1530.561156971356,17,031,251600,3,170312516003
336.0,0.0,251.0,284.0,139.0,195.0,112.0,9.0,4.0,151.0,123.0,68.0,17.0,94.22446278854237,0.0,0.0,1783.2244627885423,17,031,251700,1,170312517001
389.0,89.0,71.0,231.0,55.0,72.0,6.0,94.0,6.0,59.0,46.0,22.0,8.0,106.0,0.0,0.0,1254.0,17,031,251800,1,170312518001
208.0,69.0,32.0,51.0,65.0,2.0,5.0,131.0,45.0,40.0,3.0,144.0,36.0,94.0,0.0,0.0,925.0,17,031,251800,2,170312518002
218.0,147.0,35.0,3.0,4.0,50.0,17.0,1.0,0.0,54.0,17.0,124.0,124.0,73.0,0.0,0.0,867.0,17,031,251800,3,170312518003
94.0,15.0,73.0,3.0,0.0,0.0,0.0,0.0,2.0,61.0,14.0,26.0,19.0,96.0,0.0,0.0,403.0,17,031,251800,4,170312518004
266.0,71.0,265.0,73.0,84.0,6.0,60.0,48.0,113.0,199.0,2.0,170.0,9.0,91.0,0.0,0.0,1457.0,17,031,251800,5,170312518005
0.0,89.0,55.0,45.0,95.0,2.0,2.0,4.0,1.0,46.0,37.0,3.0,40.0,70.0,0.0,0.0,489.0,17,031,251900,1,170312519001
400.0,19.0,36.0,247.0,204.0,94.0,50.0,54.0,76.0,120.0,59.0,0.0,113.0,89.0,0.0,0.0,1561.0,17,031,251900,2,170312519002
139.0,91.0,102.0,103.0,157.0,2.0,163.0,1.0,6.0,2.0,56.0,10.0,91.0,95.0,0.0,0.0,1018.0,17,031,251900,3,170312519003
929.0,265.0,336.0,183.0,243.0,2.0,52.0,149.0,2.0,43.0,212.0,0.0,21.0,78.59176553342988,0.0,0.0,2515.5917655334297,17,031,251900,4,170312519004
144.0,79.0,22.0,35.0,128.0,0.0,47.0,19.0,0.0,83.0,3.0,62.0,7.0,94.0,0.0,0.0,723.0,17,031,252000,1,170312520001
431.0,210.0,313.0,321.0,8.0,102.0,70.0,122.0,121.0,111.0,224.0,46.0,49.0,90.88764830014483,0.0,0.0,2218.887648300145,17,031,252000,2,170312520002
442.0,68.0,185.0,108.0,6.0,104.0,71.0,103.0,0.0,85.0,2.0,126.0,78.0,104.64277980355315,0.0,0.0,1482.6427798035531,17,031,252000,3,170312520003
299.0,122.0,2.0,115.0,180.0,223.0,30.0,43.0,1.0,125.0,20.0,179.0,86.0,112.0,0.0,0.0,1537.0,17,031,252000,4,170312520004
169.0,195.0,259.0,94.0,71.0,134.0,170.0,68.0,4.0,248.0,48.0,56.0,56.0,92.06121712414792,0.0,0.0,1664.061217124148,17,031,252101,1,170312521011
3.0,380.0,392.0,25.0,246.0,239.0,92.0,200.0,136.0,146.0,39.0,345.0,93.0,98.20405708049307,0.0,0.0,2434.204057080493,17,031,252102,1,170312521021
72.0,48.0,148.0,27.0,85.0,141.0,65.0,1.0,55.0,23.0,35.0,122.0,192.0,97.0,0.0,0.0,1111.0,17,031,252102,2,170312521022
133.0,150.0,156.0,197.0,63.0,85.0,67.0,79.0,30.0,101.0,30.0,31.0,12.0,101.0,0.0,0.0,1235.0,17,031,252102,3,170312521023
421.0,126.0,25.0,25.0,4.0,84.0,21.0,108.0,1.0,4.0,0.0,66.0,16.0,96.0,0.0,0.0,997.0,17,031,252102,4,170312521024
187.0,244.0,80.0,15.0,4.0,3.0,1.0,27.0,0.0,3.0,2.0,18.0,28.0,97.0,0.0,0.0,709.0,17,031,252201,1,170312522011
134.0,105.0,136.0,6.0,50.0,3.0,32.0,2.0,2.0,94.0,0.0,30.0,12.0,98.0,0.0,0.0,704.0,17,031,252201,2,170312522012
58.0,118.0,5.0,1.0,38.0,188.0,66.0,96.0,100.0,2.0,55.0,230.0,159.0,100.22446278854237,0.0,0.0,1216.2244627885423,17,031,252201,3,170312522013
50.0,3.0,49.0,87.0,9.0,252.0,1.0,1.0,1.0,69.0,101.0,77.0,12.0,87.44880527150076,0.0,0.0,799.4488052715008,17,031,252202,1,170312522021
604.0,41.0,64.0,117.0,9.0,43.0,79.0,5.0,1.0,11.0,24.0,6.0,20.0,108.0,0.0,0.0,1132.0,17,031,252202,2,170312522022
159.0,74.0,135.0,100.0,83.0,33.0,86.0,4.0,1.0,13.0,100.0,86.0,27.0,108.4795341391587,0.0,0.0,1009.4795341391587,17,031,252202,3,170312522023
136.0,5.0,47.0,148.0,2.0,76.0,105.0,6.0,0.0,55.0,80.0,2.0,19.0,108.0,0.0,0.0,789.0,17,031,252202,4,170312522024
237.0,92.0,38.0,1.0,7.0,3.0,134.0,10.0,36.0,13.0,34.0,95.0,98.0,107.0,0.0,0.0,905.0,17,031,252202,5,170312522025
329.0,150.0,171.0,65.0,7.0,83.0,2.0,36.0,0.0,23.0,3.0,77.0,9.0,99.0,0.0,0.0,1054.0,17,031,260100,1,170312601001
311.0,84.0,68.0,144.0,43.0,17.0,178.0,16.0,3.0,117.0,7.0,138.0,15.0,106.0,0.0,0.0,1247.0,17,031,260200,1,170312602001
257.0,108.0,177.0,61.0,89.0,26.0,108.0,45.0,42.0,135.0,141.0,0.0,56.0,104.26527420464097,0.0,0.0,1349.265274204641,17,031,260300,1,170312603001
258.0,118.0,176.0,153.0,187.0,201.0,1.0,26.0,25.0,72.0,130.0,53.0,19.0,98.0,0.0,0.0,1517.0,17,031,260400,1,170312604001
506.0,2.0,159.0,37.0,150.0,166.0,13.0,119.0,127.0,128.0,66.0,162.0,41.0,94.0,0.0,0.0,1770.0,17,031,260500,1,170312605001
172.0,163.0,164.0,16.0,3.0,1.0,6.0,47.0,9.0,135.0,30.0,191.0,19.0,105.0,0.0,0.0,1061.0,17,031,260600,1,170312606001
299.0,148.0,51.0,78.0,156.0,93.0,1.0,23.0,74.0,81.0,139.0,217.0,8.0,97.21425993451771,0.0,0.0,1465.2142599345177,17,031,260600,2,170312606002
177.0,104.0,1.0,120.0,144.0,16.0,1.0,2.0,90.0,41.0,8.0,18.0,13.0,103.46933128513405,0.0,0.0,838.4693312851341,17,031,260700,1,170312607001
304.0,0.0,108.0,193.0,69.0,19.0,0.0,89.0,23.0,33.0,67.0,204.0,15.0,87.0,0.0,0.0,1211.0,17,031,260700,2,170312607002
255.0,84.0,131.0,30.0,65.0,98.0,15.0,118.0,122.0,78.0,44.0,126.0,20.0,94.0,0.0,0.0,1280.0,17,031,260800,1,170312608001
198.0,118.0,92.0,111.0,33.0,115.0,49.0,3.0,0.0,47.0,123.0,36.0,18.0,115.39791130696148,0.0,0.0,1058.3979113069615,17,031,260800,2,170312608002
292.0,9.0,56.0,3.0,49.0,36.0,2.0,29.0,7.0,0.0,130.0,105.0,22.0,97.0,0.0,0.0,837.0,17,031,260900,1,170312609001
301.0,59.0,5.0,48.0,3.0,0.0,56.0,44.0,32.0,16.0,47.0,27.0,113.0,99.14283995634514,0.0,0.0,850.1428399563451,17,031,260900,2,170312609002
190.0,58.0,107.0,4.0,63.0,100.0,92.0,68.0,18.0,119.0,158.0,144.0,27.0,85.56115697135593,0.0,0.0,1233.561156971356,17,031,261000,1,170312610001
264.0,82.0,65.0,69.0,58.0,75.0,24.0,64.0,1.0,53.0,162.0,27.0,49.0,100.60196838745455,0.0,0.0,1093.6019683874545,17,031,261000,2,170312610002
501.0,298.0,166.0,172.0,134.0,70.0,25.0,46.0,0.0,175.0,44.0,85.0,13.0,100.0,0.0,0.0,1829.0,17,031,270500,1,170312705001
183.0,129.0,71.0,38.0,124.0,64.0,5.0,31.0,7.0,61.0,54.0,53.0,14.0,88.53054840928196,0.0,0.0,922.530548409282,17,031,271200,1,170312712001
299.0,188.0,55.0,58.0,42.0,20.0,71.0,51.0,41.0,0.0,99.0,1.0,15.0,100.0,0.0,0.0,1040.0,17,031,271300,1,170312713001
332.0,31.0,28.0,103.0,0.0,27.0,19.0,36.0,36.0,43.0,116.0,180.0,54.0,103.0,0.0,0.0,1108.0,17,031,271400,1,170312714001
255.0,202.0,94.0,62.0,110.0,2.0,43.0,107.0,1.0,26.0,85.0,44.0,65.0,103.24486849659168,0.0,0.0,1199.2448684965916,17,031,271500,1,170312715001
93.0,234.0,135.0,6.0,163.0,99.0,16.0,43.0,168.0,17.0,3.0,36.0,20.0,101.0,0.0,0.0,1134.0,17,031,271800,1,170312718001
250.0,34.0,11.0,81.0,1.0,30.0,1.0,30.0,126.0,81.0,508.0,834.0,940.0,85.55035258941135,0.0,0.0,3012.5503525894114,17,031,280100,1,170312801001
36.0,20.0,5.0,1.0,26.0,3.0,5.0,20.0,61.0,12.0,254.0,236.0,259.0,97.17332821283512,0.0,0.0,1035.173328212835,17,031,280100,2,170312801002
511.0,83.0,29.0,21.0,11.0,62.0,32.0,29.0,5.0,87.0,64.0,93.0,52.0,85.23466564256702,0.0,0.0,1164.234665642567,17,031,280400,1,170312804001
216.0,97.0,89.0,29.0,14.0,22.0,15.0,0.0,7.0,3.0,88.0,67.0,21.0,70.37750559891217,0.0,0.0,738.3775055989122,17,031,280800,1,170312808001
189.0,130.0,2.0,103.0,1.0,10.0,1.0,8.0,1.0,1.0,14.0,166.0,25.0,102.0,0.0,0.0,753.0,17,031,280900,1,170312809001
16.0,2.0,2.0,2.0,5.0,2.0,0.0,12.0,0.0,42.0,5.0,87.0,263.0,112.21401932334975,0.0,0.0,550.2140193233497,17,031,281900,1,170312819001
259.0,18.0,5.0,1.0,1.0,8.0,0.0,114.0,9.0,162.0,377.0,310.0,70.0,92.53054840928196,0.0,0.0,1426.530548409282,17,031,281900,2,170312819002
338.0,27.0,18.0,12.0,1.0,3.0,123.0,2.0,64.0,119.0,255.0,323.0,289.0,100.4590081255254,0.0,0.0,1674.4590081255253,17,031,281900,3,170312819003
81.0,7.0,169.0,39.0,77.0,19.0,100.0,2.0,46.0,148.0,179.0,219.0,69.0,96.87744544612018,0.0,0.0,1251.8774454461202,17,031,282700,1,170312827001
138.0,4.0,21.0,78.0,5.0,0.0,1.0,1.0,56.0,87.0,164.0,159.0,84.0,88.4795341391587,0.0,0.0,886.4795341391587,17,031,282700,2,170312827002
90.0,4.0,30.0,54.0,8.0,99.0,168.0,32.0,42.0,96.0,246.0,172.0,166.0,100.75501119782433,0.0,0.0,1307.7550111978244,17,031,282800,1,170312828001
189.0,87.0,20.0,51.0,99.0,29.0,0.0,81.0,274.0,113.0,140.0,157.0,141.0,106.0,0.0,0.0,1487.0,17,031,283100,1,170312831001
319.0,2.0,0.0,107.0,56.0,56.0,2.0,5.0,58.0,21.0,47.0,58.0,81.0,101.33669418281356,0.0,0.0,913.3366941828135,17,031,283100,2,170312831002
232.0,63.0,8.0,113.0,58.0,57.0,1.0,36.0,19.0,83.0,63.0,222.0,85.0,100.33657387722957,0.0,0.0,1140.3365738772295,17,031,283200,1,170312832001
52.0,89.0,7.0,11.0,25.0,18.0,2.0,6.0,10.0,4.0,8.0,25.0,51.0,120.42851986903543,0.0,0.0,428.4285198690354,17,031,283800,1,170312838001
459.0,291.0,12.0,125.0,78.0,5.0,45.0,62.0,128.0,148.0,156.0,547.0,276.0,99.49981954162402,0.0,0.0,2431.499819541624,17,031,283800,2,170312838002
415.0,37.0,55.0,1.0,2.0,3.0,0.0,117.0,0.0,2.0,24.0,36.0,13.0,83.0,0.0,0.0,788.0,17,031,290900,1,170312909001
178.0,92.0,93.0,85.0,49.0,3.0,2.0,33.0,1.0,21.0,202.0,45.0,15.0,83.0,0.0,0.0,902.0,17,031,290900,2,170312909002
169.0,32.0,260.0,21.0,41.0,2.0,7.0,74.0,7.0,3.0,0.0,6.0,13.0,68.48973699318336,0.0,0.0,703.4897369931833,17,031,290900,3,170312909003
163.0,24.0,26.0,63.0,77.0,87.0,75.0,89.0,6.0,18.0,29.0,109.0,111.0,84.0,0.0,0.0,961.0,17,031,290900,4,170312909004
317.0,132.0,60.0,27.0,22.0,44.0,34.0,48.0,36.0,27.0,39.0,4.0,56.0,108.1530428103698,0.0,0.0,954.1530428103698,17,031,291200,1,170312912001
278.0,4.0,141.0,108.0,34.0,107.0,0.0,148.0,75.0,44.0,98.0,49.0,89.0,96.0,0.0,0.0,1271.0,17,031,291200,2,170312912002
54.0,82.0,4.0,86.0,57.0,47.0,35.0,1.0,16.0,81.0,2.0,156.0,32.0,106.0,0.0,0.0,759.0,17,031,291600,1,170312916001
416.0,56.0,11.0,27.0,5.0,0.0,2.0,56.0,8.0,7.0,3.0,43.0,16.0,94.33669418281356,0.0,0.0,744.3366941828135,17,031,292200,1,170312922001
362.0,117.0,88.0,42.0,176.0,5.0,3.0,59.0,35.0,38.0,158.0,12.0,46.0,97.0,0.0,0.0,1238.0,17,031,292200,2,170312922002
130.0,59.0,1.0,36.0,47.0,75.0,26.0,64.0,3.0,63.0,16.0,38.0,114.0,94.0,0.0,0.0,766.0,17,031,292200,3,170312922003
456.0,56.0,216.0,87.0,3.0,19.0,3.0,65.0,3.0,27.0,1.0,72.0,87.0,88.12243424829583,0.0,0.0,1183.1224342482958,17,031,292400,1,170312924001
74.0,85.0,9.0,43.0,104.0,124.0,31.0,51.0,36.0,60.0,29.0,35.0,6.0,103.31628847476425,0.0,0.0,790.3162884747643,17,031,292400,2,170312924002
62.0,23.0,54.0,277.0,160.0,39.0,3.0,25.0,2.0,62.0,135.0,0.0,131.0,99.0,0.0,0.0,1072.0,17,031,292500,1,170312925001
15.0,336.0,275.0,197.0,0.0,100.0,108.0,8.0,105.0,274.0,80.0,180.0,47.0,96.0,0.0,0.0,1821.0,17,031,292500,2,170312925002
381.0,21.0,101.0,2.0,7.0,9.0,39.0,50.0,0.0,120.0,101.0,70.0,130.0,104.16324566439445,0.0,0.0,1135.1632456643945,17,031,292500,3,170312925003
18.0,0.0,2.0,7.0,5.0,2.0,13.0,4.0,1.0,51.0,23.0,2.0,20.0,111.42851986903543,0.0,0.0,259.4285198690354,17,031,292500,4,170312925004
82.0,19.0,29.0,9.0,92.0,199.0,49.0,0.0,1.0,39.0,78.0,18.0,15.0,82.45912843110939,0.0,0.0,712.4591284311094,17,031,300500,1,170313005001
193.0,194.0,35.0,171.0,59.0,255.0,328.0,130.0,104.0,260.0,190.0,95.0,54.0,100.0,0.0,0.0,2168.0,17,031,300500,2,170313005002
99.0,95.0,25.0,92.0,56.0,66.0,123.0,19.0,53.0,142.0,249.0,105.0,20.0,104.8264311759969,0.0,0.0,1248.826431175997,17,031,300600,1,170313006001
94.0,340.0,68.0,43.0,202.0,59.0,221.0,23.0,82.0,225.0,177.0,189.0,12.0,96.0,0.0,0.0,1831.0,17,031,300600,2,170313006002
176.0,472.0,225.0,146.0,175.0,56.0,85.0,3.0,161.0,130.0,96.0,239.0,30.0,108.265153899057,0.0,0.0,2102.265153899057,17,031,300700,1,170313007001
82.0,204.0,80.0,71.0,63.0,170.0,200.0,14.0,1.0,264.0,6.0,0.0,74.0,92.0,0.0,0.0,1321.0,17,031,300700,2,170313007002
257.0,22.0,67.0,0.0,100.0,22.0,177.0,72.0,0.0,2.0,78.0,73.0,14.0,84.7856197598983,0.0,0.0,968.7856197598983,17,031,300700,3,170313007003
57.0,42.0,439.0,280.0,23.0,119.0,126.0,138.0,135.0,156.0,84.0,203.0,31.0,89.0,0.0,0.0,1922.0,17,031,300800,1,170313008001
182.0,73.0,580.0,205.0,297.0,102.0,136.0,20.0,67.0,355.0,145.0,109.0,151.0,86.84683688404621,0.0,0.0,2508.8468368840463,17,031,300800,2,170313008002
138.0,256.0,141.0,205.0,78.0,4.0,209.0,5.0,134.0,59.0,2.0,70.0,56.0,107.0,0.0,0.0,1464.0,17,031,300900,1,170313009001
256.0,198.0,42.0,142.0,139.0,94.0,59.0,3.0,87.0,144.0,3.0,77.0,43.0,102.37750559891217,0.0,0.0,1389.3775055989122,17,031,300900,2,170313009002
1.0,154.0,23.0,208.0,69.0,93.0,64.0,1.0,7.0,78.0,1.0,109.0,111.0,101.0,0.0,0.0,1020.0,17,031,300900,3,170313009003
145.0,53.0,42.0,107.0,234.0,30.0,109.0,15.0,105.0,77.0,107.0,103.0,0.0,102.45912843110939,0.0,0.0,1229.4591284311093,17,031,301100,1,170313011001
332.0,189.0,146.0,84.0,305.0,7.0,3.0,127.0,0.0,143.0,173.0,130.0,95.0,96.45912843110939,0.0,0.0,1830.4591284311093,17,031,301100,2,170313011002
119.0,96.0,139.0,105.0,0.0,31.0,0.0,73.0,18.0,94.0,137.0,60.0,83.0,104.0,0.0,0.0,1059.0,17,031,301200,1,170313012001
34.0,38.0,41.0,0.0,75.0,46.0,65.0,25.0,3.0,44.0,38.0,7.0,13.0,93.0,0.0,0.0,522.0,17,031,301200,2,170313012002
201.0,51.0,174.0,313.0,30.0,235.0,218.0,119.0,92.0,173.0,85.0,0.0,13.0,104.0,0.0,0.0,1808.0,17,031,301200,3,170313012003
306.0,190.0,529.0,143.0,301.0,104.0,1.0,131.0,254.0,65.0,24.0,2.0,124.0,91.25495104503234,0.0,0.0,2265.254951045032,17,031,301600,1,170313016001
0.0,253.0,83.0,181.0,287.0,128.0,240.0,165.0,49.0,297.0,2.0,176.0,8.0,113.0,0.0,0.0,1982.0,17,031,301600,2,170313016002
43.0,2.0,218.0,94.0,73.0,44.0,35.0,0.0,239.0,0.0,13.0,0.0,15.0,87.0,0.0,0.0,863.0,17,031,301701,1,170313017011
4.0,231.0,5.0,31.0,235.0,202.0,70.0,68.0,293.0,302.0,23.0,4.0,240.0,96.0,0.0,0.0,1804.0,17,031,301701,2,170313017012
9.0,2.0,125.0,59.0,55.0,84.0,191.0,4.0,5.0,58.0,140.0,5.0,116.0,95.62237409550384,0.0,0.0,948.6223740955038,17,031,301701,3,170313017013
119.0,44.0,128.0,36.0,110.0,59.0,113.0,0.0,1.0,33.0,90.0,140.0,80.0,112.0,0.0,0.0,1065.0,17,031,301702,1,170313017021
77.0,204.0,19.0,598.0,193.0,4.0,41.0,113.0,13.0,2.0,44.0,3.0,19.0,105.55095411733127,0.0,0.0,1435.5509541173312,17,031,301702,2,170313017022
190.0,34.0,53.0,132.0,76.0,135.0,30.0,73.0,16.0,41.0,203.0,9.0,13.0,102.0,0.0,0.0,1107.0,17,031,301702,3,170313017023
18.0,35.0,143.0,24.0,2.0,237.0,268.0,16.0,51.0,117.0,56.0,1.0,68.0,90.0,0.0,0.0,1126.0,17,031,301801,1,170313018011
386.0,56.0,355.0,502.0,67.0,310.0,393.0,474.0,2.0,63.0,28.0,202.0,45.0,86.0,0.0,0.0,2969.0,17,031,301801,2,170313018012
41.0,2.0,126.0,12.0,1.0,130.0,59.0,143.0,7.0,45.0,73.0,31.0,48.0,91.0,0.0,0.0,809.0,17,031,301802,1,170313018021
50.0,216.0,4.0,72.0,15.0,26.0,75.0,80.0,6.0,128.0,5.0,295.0,28.0,107.0,0.0,0.0,1107.0,17,031,301802,2,170313018022
33.0,130.0,46.0,112.0,3.0,11.0,109.0,106.0,31.0,30.0,172.0,30.0,54.0,89.0,0.0,0.0,956.0,17,031,301802,3,170313018023
150.0,125.0,258.0,272.0,98.0,127.0,136.0,21.0,31.0,26.0,61.0,97.0,11.0,91.0,0.0,0.0,1504.0,17,031,301803,1,170313018031
150.0,0.0,243.0,56.0,40.0,347.0,446.0,243.0,2.0,467.0,77.0,47.0,6.0,104.0,0.0,0.0,2228.0,17,031,301803,2,170313018032
4.0,162.0,47.0,158.0,199.0,152.0,2.0,1.0,61.0,154.0,39.0,0.0,40.0,104.0,0.0,0.0,1123.0,17,031,301803,3,170313018033
40.0,35.0,87.0,1.0,54.0,24.0,0.0,4.0,0.0,40.0,98.0,88.0,123.0,89.1529225047858,0.0,0.0,683.1529225047858,17,031,310200,1,170313102001
5.0,26.0,2.0,0.0,16.0,42.0,0.0,31.0,82.0,62.0,120.0,52.0,70.0,93.10202854024654,0.0,0.0,601.1020285402466,17,031,310200,2,170313102002
211.0,44.0,69.0,28.0,35.0,81.0,98.0,16.0,61.0,87.0,73.0,193.0,186.0,93.71419978172572,0.0,0.0,1275.7141997817257,17,031,310300,1,170313103001
182.0,71.0,15.0,3.0,82.0,79.0,28.0,47.0,66.0,231.0,97.0,135.0,38.0,109.84683688404621,0.0,0.0,1183.8468368840463,17,031,310400,1,170313104001
47.0,118.0,268.0,165.0,3.0,104.0,120.0,97.0,23.0,133.0,136.0,210.0,61.0,92.3264913287889,0.0,0.0,1577.326491328789,17,031,310500,1,170313105001
469.0,170.0,198.0,159.0,213.0,156.0,1.0,6.0,4.0,169.0,49.0,124.0,129.0,110.0,0.0,0.0,1957.0,17,031,310600,1,170313106001
126.0,113.0,63.0,246.0,75.0,75.0,72.0,0.0,113.0,203.0,3.0,39.0,74.0,113.0,0.0,0.0,1315.0,17,031,310600,2,170313106002
73.0,0.0,176.0,248.0,23.0,136.0,91.0,193.0,24.0,83.0,237.0,190.0,14.0,86.0,0.0,0.0,1574.0,17,031,310600,3,170313106003
166.0,116.0,73.0,35.0,64.0,114.0,44.0,79.0,4.0,10.0,170.0,135.0,86.0,111.0,0.0,0.0,1207.0,17,031,310700,1,170313107001
104.0,93.0,59.0,68.0,57.0,198.0,132.0,64.0,13.0,94.0,221.0,62.0,24.0,95.0,0.0,0.0,1284.0,17,031,310800,1,170313108001
50.0,28.0,5.0,1.0,276.0,69.0,45.0,137.0,0.0,43.0,250.0,32.0,43.0,104.0,0.0,0.0,1083.0,17,031,310800,2,170313108002
129.0,34.0,283.0,63.0,144.0,86.0,256.0,164.0,221.0,362.0,138.0,124.0,104.0,98.31628847476425,0.0,0.0,2206.3162884747644,17,031,310800,3,170313108003
174.0,173.0,23.0,108.0,229.0,45.0,26.0,50.0,212.0,0.0,157.0,96.0,27.0,105.4795341391587,0.0,0.0,1425.4795341391587,17,031,310900,1,170313109001
118.0,182.0,2.0,208.0,63.0,154.0,2.0,50.0,122.0,93.0,252.0,193.0,42.0,83.0,0.0,0.0,1564.0,17,031,310900,2,170313109002
135.0,110.0,263.0,262.0,6.0,52.0,38.0,2.0,9.0,150.0,302.0,160.0,43.0,84.02028540246532,0.0,0.0,1616.0202854024653,17,031,310900,3,170313109003
158.0,6.0,3.0,1.0,57.0,0.0,0.0,83.0,15.0,269.0,242.0,416.0,280.0,86.36706213371954,0.0,0.0,1616.3670621337196,17,031,320100,1,170313201001
310.0,1.0,0.0,0.0,36.0,162.0,46.0,134.0,74.0,53.0,53.0,168.0,353.0,87.16324566439445,0.0,0.0,1477.1632456643945,17,031,320100,2,170313201002
94.0,247.0,1.0,66.0,6.0,0.0,4.0,6.0,124.0,57.0,77.0,11.0,258.0,96.26503359347302,0.0,0.0,1047.265033593473,17,031,320100,3,170313201003
268.0,0.0,6.0,41.0,91.0,82.0,12.0,231.0,2.0,234.0,75.0,528.0,764.0,88.44856466033278,0.0,0.0,2422.448564660333,17,031,320100,4,170313201004
47.0,8.0,0.0,1.0,3.0,10.0,4.0,0.0,23.0,12.0,21.0,90.0,75.0,72.3060856207396,0.0,0.0,366.3060856207396,17,031,320400,1,170313204001
62.0,0.0,10.0,1.0,23.0,37.0,58.0,6.0,70.0,266.0,310.0,223.0,213.0,105.57135982538058,0.0,0.0,1384.5713598253806,17,031,320600,1,170313206001
290.0,295.0,48.0,7.0,5.0,4.0,7.0,35.0,12.0,37.0,140.0,425.0,251.0,96.95882766714944,0.0,0.0,1652.9588276671495,17,031,320600,2,170313206002
202.0,95.0,2.0,0.0,51.0,57.0,149.0,0.0,11.0,476.0,398.0,326.0,256.0,106.25471043386437,0.0,0.0,2129.2547104338646,17,031,330100,1,170313301001
129.0,4.0,151.0,12.0,133.0,1.0,54.0,464.0,268.0,432.0,673.0,697.0,541.0,86.90793370261015,0.0,0.0,3645.90793370261,17,031,330100,2,170313301002
741.0,106.0,104.0,282.0,544.0,264.0,66.0,333.0,258.0,93.0,303.0,528.0,1100.0,94.66306520601847,0.0,0.0,4816.6630652060185,17,031,330100,3,170313301003
40.0,126.0,281.0,51.0,174.0,21.0,101.0,122.0,37.0,122.0,256.0,404.0,331.0,87.38770845293682,0.0,0.0,2153.3877084529367,17,031,330100,4,170313301004
287.0,139.0,36.0,114.0,3.0,36.0,0.0,16.0,1.0,1.0,1.0,2.0,29.0,83.38770845293682,0.0,0.0,748.3877084529369,17,031,330200,1,170313302001
7.0,2.0,1.0,0.0,30.0,3.0,25.0,55.0,47.0,185.0,285.0,586.0,297.0,103.85691943248688,0.0,0.0,1626.8569194324868,17,031,330200,2,170313302002
411.0,155.0,46.0,136.0,121.0,25.0,106.0,35.0,56.0,79.0,65.0,73.0,21.0,95.12231394271186,0.0,0.0,1424.1223139427118,17,031,340300,1,170313403001
424.0,96.0,75.0,171.0,60.0,120.0,71.0,67.0,22.0,146.0,159.0,95.0,34.0,83.31628847476425,0.0,0.0,1623.3162884747642,17,031,340400,1,170313404001
452.0,234.0,21.0,44.0,82.0,23.0,28.0,29.0,2.0,137.0,47.0,270.0,84.0,91.71419978172572,0.0,0.0,1544.7141997817257,17,031,340500,1,170313405001
382.0,236.0,198.0,36.0,10.0,41.0,0.0,0.0,22.0,5.0,6.0,1.0,10.0,89.0,0.0,0.0,1036.0,17,031,340600,1,170313406001
152.0,44.0,1.0,50.0,11.0,46.0,11.0,68.0,86.0,60.0,30.0,29.0,43.0,90.0,0.0,0.0,721.0,17,031,350100,1,170313501001
179.0,5.0,70.0,26.0,3.0,32.0,6.0,43.0,85.0,234.0,224.0,109.0,67.0,75.0,0.0,0.0,1158.0,17,031,350100,2,170313501002
722.0,101.0,111.0,92.0,42.0,2.0,38.0,44.0,28.0,5.0,42.0,25.0,13.0,79.0,0.0,0.0,1344.0,17,031,350400,1,170313504001
65.0,0.0,111.0,9.0,138.0,0.0,41.0,71.0,27.0,43.0,111.0,73.0,105.0,85.81622832197226,0.0,0.0,879.8162283219723,17,031,351000,1,170313510001
23.0,19.0,1.0,3.0,3.0,104.0,64.0,141.0,57.0,94.0,40.0,40.0,98.0,93.0,0.0,0.0,780.0,17,031,351000,2,170313510002
317.0,144.0,74.0,193.0,52.0,46.0,88.0,24.0,61.0,231.0,479.0,233.0,45.0,85.0,0.0,0.0,2072.0,17,031,351000,3,170313510003
699.0,357.0,131.0,139.0,4.0,32.0,26.0,54.0,4.0,20.0,53.0,2.0,17.0,109.0,0.0,0.0,1647.0,17,031,351100,1,170313511001
780.0,167.0,37.0,45.0,2.0,14.0,66.0,47.0,30.0,24.0,5.0,28.0,78.0,91.12243424829583,0.0,0.0,1414.1224342482958,17,031,351400,1,170313514001
28.0,29.0,18.0,64.0,7.0,31.0,8.0,30.0,10.0,1.0,2.0,5.0,38.0,103.18365137244376,0.0,0.0,374.18365137244376,17,031,351500,2,170313515002
567.0,126.0,131.0,36.0,138.0,82.0,132.0,56.0,77.0,54.0,0.0,46.0,26.0,94.07141997817257,0.0,0.0,1565.0714199781726,17,031,360200,1,170313602001
435.0,145.0,137.0,53.0,44.0,43.0,160.0,32.0,5.0,35.0,150.0,77.0,190.0,76.17344851841911,0.0,0.0,1582.173448518419,17,031,380100,1,170313801001
30.0,3.0,7.0,0.0,2.0,52.0,1.0,7.0,0.0,26.0,2.0,8.0,43.0,106.0,0.0,0.0,287.0,17,031,380200,1,170313802001
392.0,267.0,138.0,183.0,0.0,64.0,49.0,8.0,70.0,0.0,58.0,44.0,55.0,92.18365137244376,0.0,0.0,1420.1836513724438,17,031,380200,2,170313802002
226.0,14.0,45.0,13.0,109.0,13.0,5.0,66.0,3.0,16.0,20.0,23.0,104.0,90.0,0.0,0.0,747.0,17,031,380500,1,170313805001
71.0,186.0,87.0,49.0,38.0,32.0,3.0,68.0,0.0,76.0,21.0,129.0,63.0,79.0,0.0,0.0,902.0,17,031,380700,1,170313807001
108.0,3.0,68.0,2.0,1.0,26.0,0.0,49.0,1.0,4.0,85.0,120.0,49.0,82.0,0.0,0.0,598.0,17,031,381200,1,170313812001
218.0,172.0,1.0,56.0,27.0,1.0,61.0,170.0,31.0,126.0,110.0,82.0,43.0,82.0,0.0,0.0,1180.0,17,031,381200,2,170313812002
286.0,65.0,24.0,173.0,134.0,10.0,138.0,0.0,47.0,187.0,124.0,351.0,40.0,108.0,0.0,0.0,1687.0,17,031,381400,1,170313814001
24.0,3.0,1.0,2.0,44.0,10.0,4.0,0.0,0.0,0.0,22.0,26.0,32.0,81.0,0.0,0.0,249.0,17,031,381500,1,170313815001
114.0,29.0,31.0,67.0,20.0,53.0,111.0,4.0,0.0,41.0,1.0,71.0,19.0,77.3264913287889,0.0,0.0,638.3264913287888,17,031,381800,1,170313818001
61.0,2.0,3.0,11.0,5.0,8.0,0.0,0.0,2.0,50.0,27.0,10.0,30.0,99.0,0.0,0.0,308.0,17,031,381800,2,170313818002
89.0,53.0,35.0,17.0,1.0,5.0,83.0,0.0,9.0,32.0,47.0,39.0,24.0,96.13263710232049,0.0,0.0,530.1326371023205,17,031,381900,1,170313819001
159.0,4.0,0.0,87.0,11.0,2.0,18.0,3.0,16.0,56.0,7.0,114.0,96.0,89.0,0.0,0.0,662.0,17,031,381900,2,170313819002
160.0,2.0,34.0,53.0,18.0,58.0,94.0,78.0,43.0,71.0,73.0,186.0,181.0,84.44892557708474,0.0,0.0,1135.4489255770848,17,031,390100,1,170313901001
121.0,69.0,80.0,3.0,73.0,38.0,24.0,43.0,2.0,37.0,117.0,30.0,130.0,92.22446278854237,0.0,0.0,859.2244627885424,17,031,390200,1,170313902001
7.0,78.0,5.0,2.0,2.0,65.0,33.0,5.0,4.0,2.0,24.0,97.0,142.0,96.24486849659168,0.0,0.0,562.2448684965917,17,031,390200,2,170313902002
432.0,47.0,70.0,146.0,22.0,77.0,21.0,0.0,49.0,1.0,0.0,8.0,15.0,105.13263710232049,0.0,0.0,993.1326371023205,17,031,390300,1,170313903001
317.0,115.0,203.0,47.0,147.0,15.0,66.0,198.0,1.0,186.0,16.0,43.0,150.0,76.0,0.0,0.0,1580.0,17,031,390300,2,170313903002
111.0,116.0,46.0,40.0,93.0,185.0,91.0,102.0,6.0,29.0,2.0,49.0,49.0,77.11223139427119,0.0,0.0,996.1122313942711,17,031,390400,1,170313904001
433.0,179.0,67.0,111.0,64.0,107.0,20.0,13.0,17.0,5.0,36.0,6.0,35.0,88.0,0.0,0.0,1181.0,17,031,390400,2,170313904002
150.0,76.0,77.0,75.0,44.0,54.0,155.0,76.0,9.0,76.0,34.0,123.0,51.0,96.28555960710631,0.0,0.0,1096.2855596071063,17,031,390500,1,170313905001
118.0,34.0,21.0,29.0,15.0,36.0,5.0,33.0,3.0,38.0,0.0,93.0,63.0,79.1938542264684,0.0,0.0,567.1938542264684,17,031,390600,1,170313906001
95.0,1.0,0.0,3.0,32.0,20.0,17.0,32.0,2.0,176.0,89.0,135.0,79.0,86.21413962893374,0.0,0.0,767.2141396289337,17,031,390600,2,170313906002
0.0,2.0,140.0,128.0,4.0,2.0,1.0,49.0,12.0,98.0,114.0,85.0,277.0,90.36730274488752,0.0,0.0,1002.3673027448875,17,031,390700,1,170313907001
82.0,82.0,82.0,88.0,64.0,80.0,130.0,0.0,86.0,74.0,197.0,233.0,59.0,91.0,0.0,0.0,1348.0,17,031,390700,2,170313907002
672.0,110.0,91.0,157.0,174.0,103.0,4.0,322.0,59.0,346.0,327.0,366.0,287.0,73.68359121965176,0.0,0.0,3091.6835912196516,17,031,390700,3,170313907003
271.0,68.0,55.0,89.0,0.0,18.0,73.0,31.0,29.0,16.0,120.0,259.0,49.0,84.46933128513405,0.0,0.0,1162.469331285134,17,031,400300,1,170314003001
250.0,80.0,200.0,146.0,13.0,31.0,54.0,1.0,1.0,11.0,56.0,92.0,17.0,109.20405708049307,0.0,0.0,1061.2040570804932,17,031,400400,1,170314004001
123.0,10.0,3.0,2.0,27.0,37.0,3.0,33.0,14.0,3.0,99.0,61.0,12.0,90.10202854024654,0.0,0.0,517.1020285402466,17,031,400400,2,170314004002
229.0,153.0,138.0,76.0,282.0,20.0,69.0,4.0,30.0,78.0,4.0,45.0,27.0,88.31628847476425,0.0,0.0,1243.3162884747642,17,031,400500,1,170314005001
208.0,125.0,101.0,9.0,47.0,52.0,81.0,81.0,0.0,38.0,8.0,85.0,98.0,80.0,0.0,0.0,1013.0,17,031,400500,2,170314005002
462.0,6.0,77.0,40.0,28.0,43.0,74.0,7.0,15.0,32.0,36.0,0.0,11.0,68.0,0.0,0.0,899.0,17,031,400800,1,170314008001
720.0,242.0,172.0,101.0,45.0,40.0,63.0,3.0,111.0,108.0,112.0,12.0,21.0,90.0,0.0,0.0,1840.0,17,031,400800,2,170314008002
134.0,5.0,0.0,98.0,94.0,64.0,78.0,53.0,31.0,1.0,57.0,6.0,28.0,96.0,0.0,0.0,745.0,17,031,410100,1,170314101001
152.0,140.0,40.0,17.0,38.0,27.0,102.0,16.0,4.0,104.0,115.0,5.0,70.0,111.20393677490908,0.0,0.0,941.203936774909,17,031,410100,2,170314101002
288.0,136.0,25.0,29.0,15.0,39.0,5.0,51.0,48.0,32.0,38.0,26.0,76.0,82.12243424829583,0.0,0.0,890.1224342482958,17,031,410200,1,170314102001
125.0,1.0,1.0,46.0,1.0,32.0,20.0,16.0,74.0,46.0,228.0,123.0,108.0,82.41831701501079,0.0,0.0,903.4183170150108,17,031,410500,1,170314105001
321.0,59.0,58.0,20.0,94.0,92.0,56.0,77.0,46.0,12.0,54.0,156.0,51.0,79.37750559891217,0.0,0.0,1175.3775055989122,17,031,410500,2,170314105002
180.0,182.0,7.0,18.0,1.0,71.0,78.0,5.0,139.0,239.0,26.0,51.0,115.0,99.18365137244376,0.0,0.0,1211.1836513724438,17,031,410600,1,170314106001
89.0,69.0,36.0,118.0,1.0,15.0,0.0,58.0,14.0,62.0,24.0,16.0,35.0,106.81622832197226,0.0,0.0,643.8162283219723,17,031,410600,2,170314106002
347.0,11.0,83.0,99.0,29.0,169.0,101.0,54.0,2.0,209.0,346.0,131.0,50.0,82.85703973807087,0.0,0.0,1713.8570397380709,17,031,410700,1,170314107001
236.0,22.0,80.0,147.0,148.0,6.0,77.0,0.0,0.0,33.0,74.0,63.0,99.0,99.0,0.0,0.0,1084.0,17,031,410800,1,170314108001
311.0,110.0,4.0,57.0,64.0,158.0,21.0,108.0,89.0,161.0,266.0,211.0,63.0,91.75501119782433,0.0,0.0,1714.7550111978244,17,031,410800,2,170314108002
122.0,19.0,2.0,15.0,42.0,22.0,2.0,3.0,7.0,69.0,63.0,148.0,50.0,82.1530428103698,0.0,0.0,646.1530428103698,17,031,410900,1,170314109001
81.0,26.0,4.0,38.0,44.0,10.0,6.0,31.0,0.0,74.0,3.0,7.0,52.0,88.08162283219723,0.0,0.0,464.08162283219724,17,031,410900,2,170314109002
51.0,60.0,62.0,65.0,27.0,128.0,3.0,1.0,20.0,194.0,333.0,66.0,133.0,96.21425993451771,0.0,0.0,1239.2142599345177,17,031,410900,3,170314109003
90.0,56.0,8.0,30.0,79.0,0.0,4.0,96.0,45.0,140.0,144.0,192.0,246.0,86.33669418281356,0.0,0.0,1216.3366941828135,17,031,411000,1,170314110001
2.0,2.0,2.0,39.0,45.0,1.0,2.0,10.0,19.0,75.0,34.0,23.0,59.0,99.51014270123267,0.0,0.0,412.51014270123267,17,031,411000,2,170314110002
141.0,76.0,51.0,75.0,114.0,88.0,5.0,36.0,1.0,65.0,76.0,51.0,74.0,91.53054840928196,0.0,0.0,944.530548409282,17,031,411000,3,170314110003
86.0,10.0,27.0,15.0,56.0,3.0,38.0,65.0,8.0,31.0,83.0,60.0,149.0,113.26527420464097,0.0,0.0,744.265274204641,17,031,411100,1,170314111001
84.0,0.0,2.0,5.0,0.0,0.0,6.0,8.0,5.0,36.0,33.0,40.0,95.0,87.7038766221171,0.0,0.0,401.7038766221171,17,031,411100,2,170314111002
163.0,7.0,54.0,13.0,6.0,12.0,11.0,18.0,17.0,72.0,37.0,74.0,121.0,90.66318551160245,0.0,0.0,695.6631855116025,17,031,411200,1,170314112001
30.0,3.0,44.0,1.0,3.0,0.0,2.0,2.0,3.0,1.0,22.0,49.0,39.0,111.12243424829583,0.0,0.0,310.1224342482958,17,031,411200,2,170314112002
428.0,61.0,191.0,46.0,33.0,83.0,8.0,22.0,8.0,110.0,28.0,18.0,10.0,66.29588276671494,0.0,0.0,1112.2958827667148,17,031,420100,1,170314201001
225.0,125.0,102.0,17.0,127.0,103.0,17.0,85.0,6.0,96.0,95.0,269.0,25.0,101.39791130696148,0.0,0.0,1393.3979113069615,17,031,420200,1,170314202001
265.0,50.0,19.0,87.0,40.0,126.0,53.0,13.0,58.0,21.0,117.0,69.0,69.0,105.40811416098613,0.0,0.0,1092.408114160986,17,031,420300,1,170314203001
329.0,133.0,205.0,27.0,0.0,7.0,5.0,53.0,0.0,15.0,101.0,101.0,17.0,91.48973699318336,0.0,0.0,1084.4897369931834,17,031,420400,1,170314204001
213.0,174.0,14.0,64.0,38.0,31.0,2.0,28.0,80.0,44.0,71.0,79.0,4.0,95.0,0.0,0.0,937.0,17,031,420500,1,170314205001
221.0,93.0,64.0,58.0,132.0,6.0,44.0,83.0,1.0,58.0,116.0,54.0,12.0,81.0,0.0,0.0,1023.0,17,031,420500,2,170314205002
225.0,204.0,162.0,147.0,3.0,121.0,119.0,3.0,7.0,1.0,2.0,96.0,45.0,96.0,0.0,0.0,1231.0,17,031,420600,1,170314206001
257.0,68.0,136.0,48.0,82.0,86.0,1.0,6.0,4.0,1.0,28.0,21.0,15.0,95.0,0.0,0.0,848.0,17,031,420600,2,170314206002
67.0,0.0,147.0,64.0,36.0,70.0,4.0,43.0,9.0,10.0,6.0,26.0,10.0,97.18365137244376,0.0,0.0,589.1836513724437,17,031,420700,1,170314207001
91.0,0.0,2.0,9.0,58.0,0.0,1.0,86.0,53.0,0.0,40.0,86.0,17.0,86.0,0.0,0.0,529.0,17,031,420700,2,170314207002
57.0,75.0,96.0,2.0,33.0,6.0,30.0,33.0,1.0,7.0,3.0,31.0,24.0,87.0,0.0,0.0,485.0,17,031,420700,3,170314207003
245.0,72.0,0.0,79.0,68.0,132.0,0.0,43.0,76.0,125.0,7.0,58.0,23.0,79.0,0.0,0.0,1007.0,17,031,420700,4,170314207004
82.0,3.0,1.0,83.0,23.0,5.0,0.0,30.0,10.0,74.0,1.0,4.0,45.0,90.0,0.0,0.0,451.0,17,031,420700,5,170314207005
290.0,40.0,12.0,110.0,24.0,105.0,70.0,29.0,30.0,43.0,74.0,30.0,72.0,103.20405708049307,0.0,0.0,1032.2040570804932,17,031,420800,1,170314208001
206.0,161.0,141.0,114.0,2.0,8.0,93.0,49.0,29.0,18.0,49.0,72.0,18.0,90.18365137244376,0.0,0.0,1050.1836513724438,17,031,420800,2,170314208002
134.0,124.0,16.0,13.0,72.0,111.0,26.0,37.0,35.0,2.0,1.0,35.0,191.0,110.0,0.0,0.0,907.0,17,031,421200,1,170314212001
121.0,67.0,114.0,57.0,9.0,104.0,55.0,50.0,4.0,3.0,1.0,15.0,22.0,96.3264913287889,0.0,0.0,718.3264913287888,17,031,421200,2,170314212002
154.0,4.0,45.0,2.0,26.0,86.0,2.0,10.0,96.0,9.0,222.0,73.0,19.0,99.0,0.0,0.0,847.0,17,031,430101,1,170314301011
254.0,92.0,34.0,2.0,0.0,10.0,8.0,11.0,77.0,53.0,136.0,3.0,30.0,93.55095411733127,0.0,0.0,803.5509541173312,17,031,430101,2,170314301012
180.0,30.0,24.0,0.0,176.0,3.0,6.0,1.0,55.0,0.0,187.0,9.0,76.0,80.0,0.0,0.0,827.0,17,031,430101,3,170314301013
173.0,82.0,92.0,165.0,134.0,171.0,1.0,25.0,1.0,83.0,118.0,89.0,63.0,99.42851986903543,0.0,0.0,1296.4285198690354,17,031,430101,4,170314301014
209.0,11.0,210.0,47.0,75.0,85.0,109.0,262.0,50.0,49.0,148.0,132.0,88.0,90.0,0.0,0.0,1565.0,17,031,430102,1,170314301021
60.0,9.0,228.0,64.0,2.0,8.0,34.0,0.0,3.0,12.0,78.0,72.0,12.0,100.0,0.0,0.0,682.0,17,031,430102,2,170314301022
359.0,124.0,15.0,34.0,192.0,5.0,29.0,5.0,3.0,40.0,74.0,49.0,28.0,92.13263710232049,0.0,0.0,1049.1326371023206,17,031,430102,3,170314301023
0.0,135.0,4.0,52.0,36.0,1.0,0.0,107.0,0.0,3.0,1.0,1.0,54.0,96.0,0.0,0.0,490.0,17,031,430200,1,170314302001
1.0,0.0,2.0,0.0,37.0,0.0,97.0,86.0,4.0,2.0,147.0,31.0,6.0,100.0,0.0,0.0,513.0,17,031,430200,2,170314302002
299.0,107.0,7.0,132.0,80.0,1.0,8.0,67.0,42.0,68.0,0.0,101.0,9.0,107.0,0.0,0.0,1028.0,17,031,430200,3,170314302003
209.0,220.0,44.0,111.0,0.0,92.0,0.0,5.0,6.0,129.0,2.0,136.0,53.0,116.0,0.0,0.0,1123.0,17,031,430200,4,170314302004
693.0,313.0,236.0,4.0,0.0,128.0,29.0,2.0,4.0,55.0,1.0,27.0,118.0,88.0,0.0,0.0,1698.0,17,031,430200,5,170314302005
206.0,97.0,12.0,59.0,77.0,50.0,41.0,18.0,38.0,166.0,11.0,117.0,93.0,85.37750559891217,0.0,0.0,1070.3775055989122,17,031,430300,1,170314303001
139.0,104.0,24.0,9.0,37.0,1.0,47.0,44.0,0.0,23.0,14.0,6.0,39.0,103.0,0.0,0.0,590.0,17,031,430300,2,170314303002
156.0,92.0,3.0,52.0,0.0,0.0,3.0,1.0,0.0,75.0,1.0,24.0,3.0,85.0,0.0,0.0,495.0,17,031,430300,3,170314303003
166.0,26.0,3.0,58.0,0.0,6.0,65.0,1.0,38.0,73.0,25.0,55.0,8.0,96.0,0.0,0.0,620.0,17,031,430400,1,170314304001
108.0,6.0,82.0,5.0,48.0,8.0,41.0,1.0,7.0,1.0,0.0,7.0,33.0,91.0,0.0,0.0,438.0,17,031,430400,2,170314304002
228.0,71.0,3.0,96.0,47.0,3.0,1.0,64.0,22.0,34.0,165.0,27.0,18.0,106.0,0.0,0.0,885.0,17,031,430400,3,170314304003
322.0,0.0,150.0,109.0,0.0,3.0,3.0,70.0,1.0,6.0,185.0,70.0,22.0,107.04069111051463,0.0,0.0,1048.0406911105147,17,031,430400,4,170314304004
488.0,192.0,71.0,0.0,106.0,15.0,48.0,0.0,111.0,42.0,53.0,7.0,31.0,106.60196838745455,0.0,0.0,1270.6019683874545,17,031,430500,1,170314305001
296.0,7.0,141.0,92.0,40.0,90.0,41.0,147.0,1.0,73.0,167.0,41.0,20.0,94.61217124147919,0.0,0.0,1250.6121712414792,17,031,430500,2,170314305002
161.0,116.0,6.0,54.0,21.0,93.0,27.0,74.0,5.0,37.0,136.0,75.0,21.0,98.0,0.0,0.0,924.0,17,031,430500,3,170314305003
97.0,4.0,40.0,41.0,127.0,46.0,2.0,4.0,21.0,1.0,13.0,33.0,47.0,90.41831701501079,0.0,0.0,566.4183170150108,17,031,430600,1,170314306001
238.0,0.0,120.0,60.0,29.0,44.0,5.0,29.0,3.0,109.0,91.0,75.0,17.0,95.23466564256702,0.0,0.0,915.234665642567,17,031,430600,2,170314306002
246.0,96.0,52.0,75.0,80.0,191.0,84.0,11.0,1.0,158.0,142.0,126.0,26.0,101.54075126330662,0.0,0.0,1389.5407512633067,17,031,430700,1,170314307001
182.0,160.0,2.0,3.0,34.0,42.0,31.0,3.0,3.0,64.0,7.0,74.0,31.0,93.17344851841911,0.0,0.0,729.1734485184191,17,031,430700,2,170314307002
71.0,21.0,5.0,87.0,48.0,3.0,53.0,160.0,7.0,79.0,54.0,75.0,83.0,80.34689703683821,0.0,0.0,826.3468970368382,17,031,430800,1,170314308001
98.0,49.0,23.0,73.0,60.0,123.0,0.0,22.0,15.0,2.0,2.0,28.0,8.0,106.61217124147919,0.0,0.0,609.6121712414792,17,031,430800,2,170314308002
233.0,71.0,92.0,29.0,48.0,12.0,55.0,5.0,15.0,78.0,82.0,67.0,21.0,93.0,0.0,0.0,901.0,17,031,430900,1,170314309001
89.0,20.0,9.0,21.0,29.0,8.0,0.0,13.0,1.0,28.0,3.0,15.0,56.0,96.1938542264684,0.0,0.0,388.19385422646843,17,031,430900,2,170314309002
52.0,76.0,0.0,54.0,101.0,51.0,80.0,37.0,72.0,152.0,311.0,593.0,118.0,89.64277980355315,0.0,0.0,1786.6427798035531,17,031,431200,1,170314312001
139.0,100.0,37.0,43.0,83.0,23.0,266.0,0.0,88.0,72.0,89.0,262.0,18.0,97.22446278854237,0.0,0.0,1317.2244627885423,17,031,431200,2,170314312002
25.0,49.0,6.0,62.0,0.0,2.0,5.0,52.0,0.0,16.0,2.0,10.0,6.0,99.0,0.0,0.0,334.0,17,031,431301,1,170314313011
225.0,181.0,56.0,194.0,24.0,64.0,87.0,194.0,21.0,66.0,54.0,201.0,43.0,91.0,0.0,0.0,1501.0,17,031,431301,2,170314313012
268.0,59.0,222.0,451.0,6.0,0.0,71.0,77.0,1.0,44.0,8.0,68.0,42.0,85.0,0.0,0.0,1402.0,17,031,431301,3,170314313013
221.0,141.0,88.0,78.0,222.0,38.0,65.0,24.0,10.0,2.0,2.0,81.0,20.0,93.0,0.0,0.0,1085.0,17,031,431302,1,170314313021
173.0,86.0,125.0,6.0,4.0,3.0,25.0,7.0,1.0,29.0,61.0,49.0,9.0,94.0,0.0,0.0,672.0,17,031,431302,2,170314313022
459.0,149.0,56.0,78.0,79.0,28.0,163.0,59.0,27.0,75.0,7.0,125.0,180.0,93.42851986903543,0.0,0.0,1578.4285198690354,17,031,431302,3,170314313023
438.0,145.0,182.0,140.0,105.0,183.0,1.0,108.0,57.0,144.0,321.0,255.0,143.0,120.26527420464097,0.0,0.0,2342.265274204641,17,031,431400,1,170314314001
183.0,90.0,59.0,54.0,0.0,164.0,128.0,22.0,14.0,35.0,58.0,4.0,53.0,86.0,0.0,0.0,950.0,17,031,431400,2,170314314002
568.0,47.0,286.0,138.0,11.0,3.0,161.0,35.0,25.0,57.0,67.0,3.0,118.0,106.18365137244376,0.0,0.0,1625.1836513724438,17,031,431400,3,170314314003
9.0,21.0,7.0,42.0,2.0,54.0,22.0,1.0,31.0,141.0,1.0,1.0,13.0,88.0,0.0,0.0,433.0,17,031,431400,4,170314314004
216.0,31.0,93.0,111.0,63.0,80.0,8.0,7.0,106.0,221.0,78.0,76.0,37.0,92.0,0.0,0.0,1219.0,17,031,440101,1,170314401011
114.0,148.0,0.0,52.0,93.0,7.0,105.0,62.0,46.0,43.0,83.0,58.0,19.0,96.0,0.0,0.0,926.0,17,031,440101,2,170314401012
11.0,113.0,2.0,5.0,116.0,1.0,11.0,23.0,6.0,1.0,2.0,18.0,48.0,101.0,0.0,0.0,458.0,17,031,440101,3,170314401013
296.0,37.0,102.0,52.0,49.0,84.0,88.0,1.0,4.0,94.0,37.0,31.0,5.0,88.0,0.0,0.0,968.0,17,031,440101,4,170314401014
218.0,175.0,260.0,27.0,19.0,171.0,35.0,121.0,4.0,0.0,82.0,3.0,32.0,115.0,0.0,0.0,1262.0,17,031,440102,1,170314401021
65.0,120.0,28.0,4.0,2.0,61.0,124.0,8.0,1.0,68.0,49.0,15.0,12.0,105.0,0.0,0.0,662.0,17,031,440102,2,170314401022
61.0,67.0,0.0,2.0,9.0,7.0,2.0,92.0,1.0,56.0,16.0,14.0,17.0,111.60196838745455,0.0,0.0,455.6019683874545,17,031,440102,3,170314401023
139.0,72.0,141.0,5.0,141.0,50.0,7.0,1.0,9.0,17.0,16.0,2.0,15.0,102.0,0.0,0.0,717.0,17,031,440102,4,170314401024
235.0,66.0,36.0,69.0,139.0,3.0,81.0,74.0,114.0,4.0,70.0,97.0,65.0,116.38770845293682,0.0,0.0,1169.3877084529367,17,031,440201,1,170314402011
453.0,52.0,180.0,66.0,109.0,0.0,246.0,7.0,199.0,4.0,0.0,287.0,19.0,89.0,0.0,0.0,1711.0,17,031,440201,2,170314402012
164.0,2.0,5.0,123.0,1.0,2.0,0.0,4.0,101.0,89.0,237.0,0.0,6.0,94.0,0.0,0.0,828.0,17,031,440201,3,170314402013
129.0,53.0,93.0,18.0,222.0,18.0,75.0,205.0,0.0,174.0,63.0,238.0,61.0,74.0,0.0,0.0,1423.0,17,031,440201,4,170314402014
430.0,4.0,88.0,176.0,212.0,38.0,131.0,1.0,55.0,59.0,74.0,182.0,102.0,97.26527420464097,0.0,0.0,1649.265274204641,17,031,440202,1,170314402021
220.0,172.0,74.0,70.0,61.0,16.0,39.0,18.0,50.0,12.0,19.0,2.0,88.0,128.0,0.0,0.0,969.0,17,031,440202,2,170314402022
109.0,0.0,3.0,5.0,2.0,7.0,3.0,46.0,5.0,84.0,159.0,125.0,52.0,106.27547705866564,0.0,0.0,706.2754770586656,17,031,440202,3,170314402023
1.0,18.0,53.0,182.0,105.0,26.0,1.0,0.0,4.0,290.0,30.0,82.0,44.0,89.36730274488752,0.0,0.0,925.3673027448875,17,031,440300,1,170314403001
2.0,60.0,92.0,90.0,16.0,13.0,49.0,57.0,71.0,159.0,220.0,185.0,212.0,98.4181967094268,0.0,0.0,1324.4181967094269,17,031,440300,2,170314403002
98.0,15.0,36.0,71.0,3.0,26.0,18.0,2.0,1.0,0.0,14.0,48.0,17.0,96.20405708049307,0.0,0.0,445.20405708049304,17,031,440300,3,170314403003
28.0,0.0,50.0,99.0,2.0,39.0,110.0,40.0,27.0,2.0,76.0,8.0,42.0,81.3264913287889,0.0,0.0,604.3264913287888,17,031,440300,4,170314403004
148.0,47.0,4.0,3.0,6.0,33.0,2.0,8.0,33.0,137.0,4.0,75.0,47.0,81.0,0.0,0.0,628.0,17,031,440300,5,170314403005
141.0,55.0,48.0,2.0,16.0,35.0,0.0,44.0,1.0,35.0,41.0,42.0,44.0,110.3264913287889,0.0,0.0,614.3264913287888,17,031,440600,1,170314406001
80.0,75.0,38.0,93.0,22.0,38.0,27.0,61.0,57.0,55.0,188.0,118.0,147.0,103.72440263575038,0.0,0.0,1102.7244026357503,17,031,440600,2,170314406002
13.0,4.0,117.0,31.0,49.0,21.0,16.0,152.0,3.0,63.0,0.0,34.0,22.0,104.17344851841911,0.0,0.0,629.1734485184191,17,031,440700,1,170314407001
109.0,2.0,6.0,9.0,20.0,19.0,29.0,17.0,5.0,92.0,59.0,128.0,46.0,97.87744544612018,0.0,0.0,638.8774454461202,17,031,440700,2,170314407002
198.0,23.0,61.0,86.0,2.0,36.0,17.0,31.0,6.0,50.0,2.0,87.0,34.0,94.13263710232049,0.0,0.0,727.1326371023205,17,031,440800,1,170314408001
314.0,124.0,76.0,12.0,1.0,62.0,1.0,79.0,107.0,62.0,22.0,19.0,19.0,79.0,0.0,0.0,977.0,17,031,440800,2,170314408002
86.0,40.0,69.0,60.0,16.0,3.0,6.0,42.0,13.0,20.0,9.0,27.0,65.0,87.18365137244376,0.0,0.0,543.1836513724437,17,031,440900,1,170314409001
163.0,9.0,5.0,69.0,2.0,38.0,48.0,33.0,5.0,36.0,109.0,140.0,30.0,84.0,0.0,0.0,771.0,17,031,440900,2,170314409002
43.0,82.0,109.0,0.0,16.0,27.0,82.0,35.0,33.0,91.0,107.0,77.0,141.0,105.0,0.0,0.0,948.0,17,031,440900,3,170314409003
257.0,71.0,59.0,21.0,46.0,108.0,93.0,93.0,152.0,7.0,66.0,69.0,126.0,103.02016509688133,0.0,0.0,1271.0201650968813,17,031,450300,1,170314503001
85.0,3.0,19.0,43.0,17.0,0.0,12.0,30.0,3.0,64.0,98.0,86.0,25.0,105.0,0.0,0.0,590.0,17,031,450300,2,170314503002
0.0,0.0,61.0,72.0,39.0,77.0,99.0,3.0,12.0,1.0,5.0,146.0,116.0,87.61217124147919,0.0,0.0,718.6121712414792,17,031,450300,3,170314503003
26.0,7.0,31.0,132.0,1.0,66.0,3.0,7.0,9.0,94.0,64.0,43.0,38.0,85.48973699318336,0.0,0.0,606.4897369931833,17,031,450300,4,170314503004
109.0,128.0,39.0,0.0,2.0,92.0,38.0,138.0,70.0,1.0,5.0,75.0,30.0,87.0,0.0,0.0,814.0,17,031,460100,1,170314601001
129.0,88.0,34.0,13.0,129.0,78.0,5.0,0.0,53.0,43.0,93.0,94.0,143.0,112.0,0.0,0.0,1014.0,17,031,460100,2,170314601002
184.0,64.0,0.0,75.0,8.0,61.0,3.0,63.0,41.0,94.0,55.0,4.0,33.0,85.0,0.0,0.0,770.0,17,031,460100,3,170314601003
94.0,70.0,29.0,116.0,31.0,2.0,11.0,50.0,21.0,0.0,65.0,58.0,106.0,96.0,0.0,0.0,749.0,17,031,460100,4,170314601004
167.0,39.0,82.0,99.0,0.0,190.0,2.0,150.0,2.0,73.0,0.0,112.0,41.0,95.0,0.0,0.0,1052.0,17,031,460200,1,170314602001
391.0,133.0,68.0,83.0,181.0,6.0,77.0,36.0,45.0,116.0,58.0,4.0,21.0,93.44892557708474,0.0,0.0,1312.4489255770848,17,031,460200,2,170314602002
68.0,0.0,28.0,170.0,92.0,158.0,57.0,3.0,126.0,50.0,149.0,81.0,10.0,99.25507135061633,0.0,0.0,1091.2550713506164,17,031,460301,1,170314603011
23.0,71.0,112.0,14.0,23.0,0.0,0.0,4.0,5.0,3.0,205.0,52.0,37.0,95.0,0.0,0.0,644.0,17,031,460301,2,170314603012
120.0,2.0,90.0,107.0,37.0,5.0,17.0,165.0,5.0,0.0,0.0,84.0,8.0,99.55095411733127,0.0,0.0,739.5509541173312,17,031,460301,3,170314603013
135.0,189.0,102.0,51.0,27.0,1.0,123.0,5.0,4.0,0.0,58.0,44.0,11.0,98.0,0.0,0.0,848.0,17,031,460302,1,170314603021
118.0,1.0,34.0,140.0,30.0,36.0,0.0,70.0,2.0,1.0,5.0,59.0,18.0,109.0,0.0,0.0,623.0,17,031,460302,2,170314603022
87.0,135.0,22.0,76.0,5.0,186.0,8.0,47.0,11.0,5.0,64.0,0.0,6.0,84.0,0.0,0.0,736.0,17,031,460302,3,170314603023
231.0,323.0,0.0,270.0,1.0,2.0,0.0,81.0,49.0,1.0,35.0,29.0,10.0,81.49993984720801,0.0,0.0,1113.499939847208,17,031,460302,4,170314603024
121.0,46.0,34.0,76.0,1.0,48.0,50.0,58.0,0.0,3.0,92.0,81.0,21.0,127.12243424829583,0.0,0.0,758.1224342482958,17,031,460400,1,170314604001
126.0,86.0,9.0,53.0,24.0,46.0,1.0,92.0,2.0,44.0,53.0,174.0,42.0,95.66318551160245,0.0,0.0,847.6631855116025,17,031,460400,2,170314604002
29.0,0.0,23.0,19.0,53.0,30.0,6.0,9.0,30.0,59.0,3.0,72.0,80.0,92.0,0.0,0.0,505.0,17,031,460400,3,170314604003
109.0,2.0,7.0,16.0,71.0,21.0,51.0,32.0,53.0,8.0,71.0,151.0,37.0,78.0,0.0,0.0,707.0,17,031,460400,4,170314604004
1.0,57.0,1.0,16.0,0.0,35.0,4.0,39.0,66.0,0.0,3.0,2.0,24.0,113.0,0.0,0.0,361.0,17,031,460500,1,170314605001
2.0,31.0,4.0,7.0,48.0,15.0,15.0,18.0,8.0,16.0,9.0,76.0,12.0,97.0,0.0,0.0,358.0,17,031,460500,2,170314605002
85.0,1.0,141.0,197.0,22.0,0.0,0.0,186.0,25.0,118.0,47.0,3.0,57.0,94.27547705866564,0.0,0.0,976.2754770586656,17,031,460500,3,170314605003
16.0,4.0,87.0,23.0,62.0,2.0,5.0,56.0,4.0,108.0,184.0,0.0,22.0,98.0,0.0,0.0,671.0,17,031,460500,4,170314605004
1.0,2.0,1.0,2.0,1.0,1.0,152.0,4.0,0.0,67.0,38.0,213.0,77.0,72.74480834379969,0.0,0.0,631.7448083437997,17,031,460500,5,170314605005
54.0,2.0,98.0,56.0,3.0,25.0,3.0,111.0,1.0,14.0,0.0,50.0,167.0,85.0,0.0,0.0,669.0,17,031,460500,6,170314605006
82.0,73.0,96.0,11.0,80.0,152.0,100.0,90.0,119.0,26.0,49.0,57.0,5.0,97.0,0.0,0.0,1037.0,17,031,460500,7,170314605007
231.0,59.0,102.0,79.0,33.0,59.0,17.0,65.0,0.0,92.0,7.0,134.0,66.0,75.0,0.0,0.0,1019.0,17,031,460600,1,170314606001
525.0,274.0,73.0,110.0,147.0,3.0,104.0,46.0,1.0,73.0,29.0,0.0,8.0,97.0,0.0,0.0,1490.0,17,031,460700,1,170314607001
26.0,66.0,163.0,96.0,0.0,4.0,230.0,3.0,119.0,15.0,131.0,22.0,7.0,113.0,0.0,0.0,995.0,17,031,460700,2,170314607002
50.0,28.0,19.0,58.0,17.0,30.0,0.0,0.0,1.0,24.0,5.0,4.0,29.0,105.0,0.0,0.0,370.0,17,031,460700,3,170314607003
641.0,414.0,172.0,162.0,6.0,71.0,45.0,2.0,9.0,86.0,24.0,101.0,19.0,74.0,0.0,0.0,1826.0,17,031,461000,1,170314610001
15.0,57.0,253.0,12.0,0.0,118.0,1.0,5.0,0.0,312.0,24.0,62.0,101.0,80.0,0.0,0.0,1040.0,17,031,470100,1,170314701001
251.0,254.0,190.0,129.0,38.0,95.0,136.0,43.0,3.0,4.0,88.0,42.0,54.0,83.0,0.0,0.0,1410.0,17,031,470100,2,170314701002
15.0,5.0,45.0,44.0,42.0,96.0,35.0,5.0,1.0,33.0,128.0,116.0,88.0,113.71419978172572,0.0,0.0,766.7141997817257,17,031,480100,1,170314801001
5.0,3.0,71.0,40.0,9.0,151.0,79.0,55.0,35.0,30.0,172.0,146.0,159.0,101.20405708049307,0.0,0.0,1056.2040570804932,17,031,480100,2,170314801002
62.0,50.0,31.0,98.0,19.0,20.0,41.0,12.0,0.0,64.0,41.0,21.0,67.0,102.0,0.0,0.0,628.0,17,031,480200,1,170314802001
17.0,11.0,22.0,17.0,45.0,24.0,43.0,50.0,41.0,0.0,21.0,59.0,42.0,108.0,0.0,0.0,500.0,17,031,480200,2,170314802002
70.0,0.0,42.0,48.0,31.0,22.0,37.0,15.0,0.0,60.0,85.0,123.0,139.0,75.0,0.0,0.0,747.0,17,031,480300,1,170314803001
15.0,1.0,7.0,22.0,4.0,14.0,3.0,7.0,0.0,42.0,1.0,124.0,57.0,106.0,0.0,0.0,403.0,17,031,480300,2,170314803002
1.0,121.0,5.0,3.0,29.0,17.0,1.0,78.0,22.0,79.0,60.0,1.0,205.0,90.0,0.0,0.0,712.0,17,031,480400,1,170314804001
7.0,1.0,27.0,83.0,87.0,4.0,1.0,1.0,77.0,69.0,0.0,6.0,53.0,92.0,0.0,0.0,508.0,17,031,480400,2,170314804002
28.0,5.0,109.0,112.0,1.0,1.0,33.0,2.0,296.0,109.0,122.0,20.0,291.0,98.67338836562712,0.0,0.0,1227.673388365627,17,031,480400,3,170314804003
40.0,7.0,4.0,0.0,3.0,102.0,34.0,59.0,236.0,110.0,93.0,163.0,14.0,81.265153899057,0.0,0.0,946.265153899057,17,031,480400,4,170314804004
4.0,11.0,40.0,3.0,1.0,29.0,0.0,30.0,92.0,53.0,0.0,103.0,0.0,114.90805400819414,0.0,0.0,480.90805400819414,17,031,480400,5,170314804005
22.0,62.0,8.0,37.0,2.0,6.0,31.0,50.0,3.0,182.0,30.0,173.0,56.0,71.46933128513405,0.0,0.0,733.4693312851341,17,031,480400,6,170314804006
0.0,0.0,1.0,38.0,2.0,5.0,32.0,5.0,52.0,22.0,0.0,501.0,80.0,87.62237409550384,0.0,0.0,825.6223740955038,17,031,480400,7,170314804007
41.0,48.0,6.0,75.0,45.0,23.0,25.0,63.0,30.0,155.0,140.0,92.0,93.0,97.97947398636671,0.0,0.0,933.9794739863667,17,031,480500,1,170314805001
39.0,56.0,4.0,63.0,21.0,62.0,14.0,33.0,29.0,62.0,88.0,96.0,38.0,92.0,0.0,0.0,697.0,17,031,480500,2,170314805002
207.0,6.0,103.0,31.0,59.0,6.0,67.0,2.0,0.0,82.0,0.0,260.0,49.0,82.28567991269028,0.0,0.0,954.2856799126903,17,031,480500,3,170314805003
121.0,0.0,64.0,6.0,215.0,99.0,129.0,45.0,9.0,64.0,129.0,123.0,62.0,98.12243424829583,0.0,0.0,1164.1224342482958,17,031,490300,1,170314903001
18.0,38.0,88.0,5.0,15.0,0.0,4.0,2.0,63.0,66.0,124.0,161.0,161.0,90.98967684039135,0.0,0.0,835.9896768403913,17,031,490300,2,170314903002
100.0,58.0,42.0,21.0,6.0,0.0,10.0,8.0,65.0,142.0,57.0,147.0,74.0,84.99987969441602,0.0,0.0,814.999879694416,17,031,490400,1,170314904001
37.0,6.0,2.0,32.0,0.0,2.0,87.0,36.0,57.0,136.0,53.0,123.0,33.0,113.13263710232049,0.0,0.0,717.1326371023205,17,031,490500,1,170314905001
95.0,2.0,155.0,81.0,25.0,2.0,62.0,68.0,1.0,231.0,148.0,243.0,80.0,96.10202854024654,0.0,0.0,1289.1020285402465,17,031,490500,2,170314905002
186.0,19.0,27.0,36.0,180.0,119.0,13.0,76.0,38.0,115.0,166.0,140.0,108.0,98.10202854024654,0.0,0.0,1321.1020285402465,17,031,490600,1,170314906001
6.0,11.0,31.0,102.0,37.0,15.0,71.0,12.0,16.0,38.0,66.0,42.0,27.0,104.0,0.0,0.0,578.0,17,031,490700,1,170314907001
183.0,39.0,15.0,46.0,1.0,63.0,4.0,73.0,24.0,47.0,128.0,14.0,58.0,95.0,0.0,0.0,790.0,17,031,490700,2,170314907002
176.0,214.0,88.0,4.0,0.0,66.0,86.0,13.0,7.0,151.0,88.0,288.0,66.0,109.46933128513405,0.0,0.0,1356.469331285134,17,031,490700,3,170314907003
35.0,10.0,32.0,23.0,53.0,50.0,31.0,13.0,73.0,8.0,54.0,73.0,43.0,100.6325769495285,0.0,0.0,598.6325769495285,17,031,490800,1,170314908001
14.0,7.0,5.0,6.0,15.0,18.0,25.0,56.0,115.0,65.0,114.0,211.0,138.0,108.0,0.0,0.0,897.0,17,031,490800,2,170314908002
100.0,42.0,17.0,80.0,187.0,91.0,35.0,0.0,16.0,12.0,3.0,76.0,42.0,103.14283995634514,0.0,0.0,804.1428399563451,17,031,490800,3,170314908003
9.0,78.0,0.0,6.0,62.0,3.0,53.0,108.0,4.0,53.0,79.0,57.0,15.0,83.22446278854237,0.0,0.0,610.2244627885424,17,031,490800,4,170314908004
251.0,225.0,12.0,3.0,18.0,17.0,1.0,3.0,1.0,5.0,0.0,49.0,6.0,85.0,0.0,0.0,676.0,17,031,490800,5,170314908005
223.0,130.0,69.0,43.0,102.0,121.0,145.0,32.0,158.0,71.0,152.0,88.0,169.0,93.16312535881048,0.0,0.0,1596.1631253588105,17,031,490901,1,170314909011
336.0,48.0,114.0,34.0,6.0,155.0,14.0,80.0,38.0,182.0,5.0,19.0,59.0,102.0,0.0,0.0,1192.0,17,031,490901,2,170314909012
287.0,112.0,1.0,39.0,4.0,96.0,26.0,43.0,117.0,59.0,159.0,39.0,7.0,101.0,0.0,0.0,1090.0,17,031,490901,3,170314909013
67.0,0.0,25.0,157.0,0.0,27.0,52.0,44.0,9.0,256.0,112.0,4.0,99.0,108.54075126330662,0.0,0.0,960.5407512633067,17,031,490902,1,170314909021
173.0,233.0,140.0,96.0,100.0,119.0,22.0,332.0,3.0,165.0,259.0,205.0,35.0,103.0,0.0,0.0,1985.0,17,031,490902,2,170314909022
52.0,114.0,68.0,6.0,44.0,20.0,4.0,3.0,3.0,25.0,41.0,77.0,56.0,80.4795341391587,0.0,0.0,593.4795341391587,17,031,490902,3,170314909023
1.0,0.0,28.0,137.0,39.0,4.0,129.0,121.0,0.0,148.0,93.0,247.0,11.0,94.49993984720801,0.0,0.0,1052.499939847208,17,031,490902,4,170314909024
47.0,144.0,27.0,147.0,17.0,5.0,0.0,3.0,20.0,0.0,15.0,8.0,52.0,102.0,0.0,0.0,587.0,17,031,491000,1,170314910001
227.0,34.0,66.0,103.0,62.0,118.0,51.0,2.0,6.0,58.0,8.0,26.0,20.0,84.0,0.0,0.0,865.0,17,031,491000,2,170314910002
108.0,1.0,184.0,20.0,14.0,57.0,12.0,0.0,7.0,16.0,0.0,2.0,18.0,69.0,0.0,0.0,508.0,17,031,491000,3,170314910003
304.0,23.0,0.0,70.0,14.0,142.0,74.0,0.0,113.0,271.0,160.0,181.0,9.0,96.0,0.0,0.0,1457.0,17,031,491000,4,170314910004
559.0,135.0,91.0,171.0,212.0,197.0,42.0,0.0,116.0,96.0,148.0,45.0,48.0,110.0,0.0,0.0,1970.0,17,031,491000,5,170314910005
109.0,0.0,2.0,199.0,72.0,9.0,42.0,25.0,1.0,5.0,3.0,3.0,105.0,102.1938542264684,0.0,0.0,677.1938542264684,17,031,491100,1,170314911001
8.0,1.0,89.0,0.0,22.0,1.0,91.0,23.0,34.0,123.0,140.0,91.0,138.0,111.0,0.0,0.0,872.0,17,031,491100,2,170314911002
32.0,80.0,4.0,50.0,2.0,2.0,27.0,1.0,81.0,134.0,68.0,68.0,237.0,94.0,0.0,0.0,880.0,17,031,491100,3,170314911003
7.0,9.0,48.0,10.0,24.0,42.0,63.0,48.0,76.0,51.0,96.0,22.0,32.0,104.0,0.0,0.0,632.0,17,031,491100,4,170314911004
46.0,58.0,15.0,11.0,1.0,2.0,59.0,74.0,102.0,132.0,157.0,124.0,164.0,83.26527420464097,0.0,0.0,1028.265274204641,17,031,491100,5,170314911005
110.0,110.0,36.0,46.0,1.0,15.0,160.0,30.0,5.0,243.0,47.0,145.0,51.0,113.56115697135593,0.0,0.0,1112.561156971356,17,031,491200,1,170314912001
18.0,51.0,2.0,46.0,46.0,2.0,76.0,0.0,23.0,12.0,18.0,98.0,105.0,102.0,0.0,0.0,599.0,17,031,491200,2,170314912002
25.0,3.0,6.0,320.0,0.0,1.0,4.0,0.0,61.0,1.0,86.0,70.0,42.0,92.53054840928196,0.0,0.0,711.530548409282,17,031,491200,3,170314912003
200.0,90.0,25.0,1.0,0.0,15.0,89.0,2.0,29.0,8.0,10.0,1.0,16.0,84.0,0.0,0.0,570.0,17,031,491300,1,170314913001
94.0,0.0,22.0,8.0,5.0,0.0,29.0,12.0,0.0,96.0,105.0,2.0,48.0,104.31628847476425,0.0,0.0,525.3162884747643,17,031,491300,2,170314913002
52.0,35.0,78.0,72.0,6.0,14.0,4.0,7.0,25.0,1.0,1.0,37.0,26.0,102.9590682783174,0.0,0.0,460.9590682783174,17,031,491300,3,170314913003
42.0,49.0,0.0,89.0,75.0,3.0,2.0,35.0,11.0,5.0,78.0,30.0,68.0,99.0,0.0,0.0,586.0,17,031,491300,4,170314913004
119.0,42.0,52.0,2.0,61.0,58.0,4.0,0.0,7.0,6.0,18.0,16.0,24.0,87.0,0.0,0.0,496.0,17,031,491400,1,170314914001
168.0,87.0,33.0,18.0,4.0,7.0,25.0,94.0,30.0,101.0,76.0,50.0,17.0,86.0,0.0,0.0,796.0,17,031,491400,2,170314914002
212.0,85.0,43.0,102.0,100.0,71.0,18.0,21.0,33.0,113.0,246.0,67.0,17.0,89.75501119782433,0.0,0.0,1217.7550111978244,17,031,491400,3,170314914003
82.0,119.0,19.0,11.0,0.0,3.0,37.0,0.0,58.0,36.0,54.0,64.0,174.0,106.0,0.0,0.0,763.0,17,031,500100,1,170315001001
1.0,13.0,3.0,16.0,49.0,9.0,9.0,20.0,4.0,179.0,17.0,210.0,71.0,106.25507135061633,0.0,0.0,707.2550713506163,17,031,500100,2,170315001002
2.0,58.0,34.0,15.0,166.0,0.0,11.0,23.0,5.0,12.0,113.0,39.0,49.0,89.25507135061633,0.0,0.0,616.2550713506163,17,031,500100,3,170315001003
212.0,184.0,5.0,22.0,2.0,57.0,1.0,73.0,131.0,125.0,98.0,99.0,87.0,104.0,0.0,0.0,1200.0,17,031,500100,4,170315001004
290.0,250.0,60.0,83.0,63.0,46.0,31.0,86.0,0.0,111.0,103.0,126.0,61.0,87.0,0.0,0.0,1397.0,17,031,500200,1,170315002001
151.0,0.0,2.0,22.0,18.0,8.0,78.0,7.0,5.0,15.0,28.0,89.0,93.0,85.0,0.0,0.0,601.0,17,031,500200,2,170315002002
66.0,12.0,57.0,38.0,2.0,116.0,5.0,51.0,43.0,0.0,65.0,49.0,49.0,100.21425993451771,0.0,0.0,653.2142599345177,17,031,500300,1,170315003001
109.0,142.0,3.0,19.0,42.0,19.0,2.0,18.0,25.0,83.0,69.0,129.0,59.0,95.20405708049307,0.0,0.0,814.204057080493,17,031,500300,2,170315003002
212.0,66.0,55.0,31.0,212.0,174.0,192.0,3.0,2.0,72.0,103.0,70.0,191.0,84.35709989086286,0.0,0.0,1467.3570998908629,17,031,510100,1,170315101001
176.0,230.0,120.0,187.0,334.0,54.0,56.0,167.0,1.0,122.0,125.0,83.0,74.0,103.1529225047858,0.0,0.0,1832.152922504786,17,031,510100,2,170315101002
10.0,22.0,3.0,34.0,4.0,4.0,40.0,57.0,70.0,12.0,78.0,109.0,21.0,97.89785115416949,0.0,0.0,561.8978511541695,17,031,510200,1,170315102001
1.0,37.0,6.0,132.0,1.0,107.0,53.0,55.0,10.0,12.0,96.0,199.0,29.0,106.0,0.0,0.0,844.0,17,031,510200,2,170315102002
290.0,75.0,53.0,22.0,8.0,59.0,70.0,32.0,25.0,5.0,101.0,75.0,89.0,86.92845971624344,0.0,0.0,990.9284597162434,17,031,510200,3,170315102003
339.0,7.0,101.0,65.0,94.0,29.0,6.0,57.0,22.0,98.0,228.0,302.0,131.0,91.3264913287889,0.0,0.0,1570.326491328789,17,031,510300,1,170315103001
95.0,12.0,89.0,9.0,117.0,115.0,69.0,158.0,4.0,27.0,152.0,65.0,127.0,95.0,0.0,0.0,1134.0,17,031,510300,2,170315103002
165.0,247.0,4.0,18.0,2.0,4.0,6.0,38.0,1.0,0.0,29.0,2.0,19.0,80.16324566439445,0.0,0.0,615.1632456643945,17,031,510300,3,170315103003
288.0,2.0,244.0,358.0,60.0,38.0,105.0,182.0,248.0,284.0,345.0,89.0,38.0,98.06121712414792,0.0,0.0,2379.061217124148,17,031,510300,4,170315103004
207.0,72.0,216.0,210.0,201.0,166.0,134.0,76.0,139.0,130.0,230.0,149.0,113.0,100.0,0.0,0.0,2143.0,17,031,520100,1,170315201001
31.0,69.0,57.0,17.0,2.0,73.0,83.0,0.0,0.0,4.0,61.0,78.0,23.0,120.34689703683821,0.0,0.0,618.3468970368382,17,031,520200,1,170315202001
30.0,148.0,93.0,113.0,273.0,55.0,95.0,133.0,173.0,75.0,14.0,47.0,108.0,88.6325769495285,0.0,0.0,1445.6325769495286,17,031,520200,2,170315202002
82.0,117.0,68.0,185.0,296.0,89.0,198.0,63.0,63.0,205.0,223.0,99.0,16.0,105.0,0.0,0.0,1809.0,17,031,520200,3,170315202003
58.0,164.0,177.0,148.0,17.0,102.0,114.0,40.0,15.0,399.0,77.0,102.0,148.0,84.0,0.0,0.0,1645.0,17,031,520300,1,170315203001
220.0,138.0,40.0,118.0,77.0,206.0,56.0,74.0,3.0,21.0,252.0,281.0,114.0,92.35709989086286,0.0,0.0,1692.3570998908629,17,031,520300,2,170315203002
0.0,5.0,2.0,47.0,59.0,121.0,116.0,119.0,14.0,77.0,100.0,134.0,60.0,101.06109681856393,0.0,0.0,955.0610968185639,17,031,520300,3,170315203003
74.0,57.0,172.0,68.0,11.0,40.0,90.0,1.0,49.0,201.0,183.0,143.0,213.0,94.0,0.0,0.0,1396.0,17,031,520300,4,170315203004
38.0,13.0,2.0,43.0,32.0,73.0,26.0,102.0,131.0,4.0,1.0,189.0,45.0,99.0,0.0,0.0,798.0,17,031,520400,1,170315204001
4.0,1.0,12.0,71.0,65.0,75.0,56.0,79.0,48.0,103.0,225.0,112.0,162.0,101.31628847476425,0.0,0.0,1114.3162884747642,17,031,520400,2,170315204002
97.0,0.0,41.0,29.0,145.0,39.0,15.0,9.0,41.0,70.0,49.0,104.0,215.0,102.0,0.0,0.0,956.0,17,031,520400,3,170315204003
119.0,18.0,86.0,68.0,19.0,7.0,0.0,150.0,1.0,1.0,20.0,85.0,13.0,88.0,0.0,0.0,675.0,17,031,520400,4,170315204004
83.0,4.0,26.0,60.0,4.0,7.0,8.0,6.0,5.0,45.0,22.0,56.0,10.0,106.79582261392295,0.0,0.0,442.79582261392295,17,031,520500,1,170315205001
44.0,22.0,49.0,130.0,102.0,120.0,126.0,93.0,21.0,4.0,389.0,344.0,199.0,100.71407947614173,0.0,0.0,1743.7140794761417,17,031,520500,2,170315205002
95.0,81.0,140.0,3.0,21.0,2.0,0.0,90.0,47.0,54.0,469.0,143.0,283.0,78.51002239564868,0.0,0.0,1506.5100223956488,17,031,520500,3,170315205003
82.0,89.0,300.0,309.0,63.0,210.0,341.0,156.0,75.0,159.0,172.0,437.0,144.0,86.0,0.0,0.0,2623.0,17,031,520600,1,170315206001
230.0,88.0,82.0,378.0,11.0,125.0,6.0,24.0,73.0,1.0,113.0,62.0,13.0,84.26527420464097,0.0,0.0,1290.265274204641,17,031,530100,1,170315301001
232.0,73.0,62.0,0.0,5.0,7.0,14.0,7.0,48.0,89.0,13.0,5.0,22.0,87.0,0.0,0.0,664.0,17,031,530100,2,170315301002
21.0,242.0,3.0,2.0,140.0,22.0,70.0,0.0,3.0,11.0,79.0,93.0,60.0,99.0,0.0,0.0,845.0,17,031,530200,1,170315302001
182.0,106.0,250.0,235.0,185.0,8.0,0.0,2.0,2.0,151.0,58.0,3.0,71.0,96.0,0.0,0.0,1349.0,17,031,530200,2,170315302002
177.0,39.0,40.0,48.0,3.0,29.0,0.0,3.0,3.0,67.0,1.0,0.0,16.0,87.44892557708474,0.0,0.0,513.4489255770848,17,031,530200,3,170315302003
39.0,24.0,181.0,151.0,114.0,96.0,106.0,64.0,2.0,2.0,58.0,48.0,17.0,105.6325769495285,0.0,0.0,1007.6325769495286,17,031,530200,4,170315302004
279.0,132.0,119.0,13.0,12.0,79.0,12.0,4.0,56.0,88.0,2.0,31.0,9.0,98.0,0.0,0.0,934.0,17,031,530200,5,170315302005
123.0,1.0,5.0,20.0,0.0,115.0,19.0,7.0,3.0,20.0,232.0,19.0,58.0,86.0,0.0,0.0,708.0,17,031,530300,1,170315303001
161.0,55.0,43.0,6.0,20.0,163.0,10.0,2.0,21.0,58.0,160.0,65.0,75.0,94.0,0.0,0.0,933.0,17,031,530300,2,170315303002
3.0,193.0,94.0,127.0,63.0,166.0,22.0,2.0,0.0,106.0,84.0,160.0,90.0,91.35709989086286,0.0,0.0,1201.3570998908629,17,031,530300,3,170315303003
83.0,102.0,91.0,103.0,33.0,148.0,33.0,134.0,5.0,72.0,125.0,281.0,78.0,110.38770845293682,0.0,0.0,1398.3877084529367,17,031,530300,4,170315303004
283.0,17.0,41.0,0.0,54.0,43.0,60.0,52.0,39.0,5.0,0.0,123.0,60.0,100.16324566439445,0.0,0.0,877.1632456643945,17,031,530400,1,170315304001
45.0,10.0,33.0,26.0,0.0,52.0,1.0,69.0,2.0,77.0,96.0,332.0,100.0,112.79582261392295,0.0,0.0,955.795822613923,17,031,530400,2,170315304002
350.0,6.0,91.0,85.0,271.0,155.0,190.0,3.0,31.0,199.0,5.0,33.0,59.0,105.0,0.0,0.0,1583.0,17,031,530501,1,170315305011
201.0,93.0,64.0,147.0,49.0,32.0,6.0,64.0,33.0,212.0,5.0,72.0,16.0,86.1121110886872,0.0,0.0,1080.1121110886872,17,031,530501,2,170315305012
45.0,5.0,4.0,47.0,1.0,55.0,1.0,3.0,94.0,54.0,34.0,76.0,41.0,91.21425993451771,0.0,0.0,551.2142599345177,17,031,530501,3,170315305013
118.0,6.0,12.0,9.0,0.0,126.0,171.0,33.0,47.0,191.0,412.0,156.0,60.0,90.0,0.0,0.0,1431.0,17,031,530501,4,170315305014
117.0,22.0,148.0,66.0,135.0,22.0,93.0,50.0,25.0,145.0,147.0,212.0,100.0,90.09182568622188,0.0,0.0,1372.091825686222,17,031,530502,1,170315305021
175.0,4.0,159.0,145.0,118.0,31.0,11.0,130.0,40.0,9.0,69.0,219.0,54.0,101.0,0.0,0.0,1265.0,17,031,530503,1,170315305031
168.0,76.0,212.0,0.0,3.0,121.0,19.0,227.0,59.0,123.0,246.0,216.0,94.0,96.64277980355315,0.0,0.0,1660.6427798035531,17,031,530503,2,170315305032
306.0,34.0,178.0,89.0,30.0,33.0,111.0,11.0,1.0,295.0,321.0,266.0,165.0,88.18365137244376,0.0,0.0,1928.1836513724438,17,031,530503,3,170315305033
318.0,81.0,252.0,27.0,3.0,109.0,4.0,39.0,113.0,2.0,48.0,21.0,146.0,103.0,0.0,0.0,1266.0,17,031,530600,1,170315306001
6.0,34.0,111.0,20.0,49.0,38.0,5.0,46.0,25.0,26.0,6.0,105.0,51.0,99.0,0.0,0.0,621.0,17,031,530600,2,170315306002
171.0,90.0,60.0,1.0,10.0,49.0,126.0,118.0,8.0,25.0,37.0,27.0,20.0,84.34689703683821,0.0,0.0,826.3468970368382,17,031,530600,3,170315306003
506.0,328.0,181.0,2.0,106.0,9.0,0.0,0.0,36.0,67.0,4.0,192.0,13.0,81.0,0.0,0.0,1525.0,17,031,540101,1,170315401011
38.0,153.0,25.0,29.0,38.0,16.0,1.0,5.0,24.0,3.0,19.0,27.0,24.0,103.0,0.0,0.0,505.0,17,031,540101,2,170315401012
579.0,291.0,170.0,0.0,75.0,202.0,84.0,66.0,1.0,68.0,20.0,4.0,11.0,78.0,0.0,0.0,1649.0,17,031,540101,3,170315401013
68.0,2.0,1.0,5.0,35.0,1.0,3.0,0.0,1.0,0.0,2.0,2.0,10.0,84.0,0.0,0.0,214.0,17,031,540101,4,170315401014
286.0,183.0,11.0,4.0,21.0,0.0,0.0,1.0,1.0,43.0,0.0,2.0,45.0,86.0,0.0,0.0,683.0,17,031,540102,1,170315401021
469.0,230.0,46.0,382.0,205.0,104.0,147.0,89.0,0.0,1.0,131.0,69.0,17.0,109.0,0.0,0.0,1999.0,17,031,540102,2,170315401022
104.0,92.0,15.0,48.0,78.0,4.0,17.0,24.0,3.0,64.0,10.0,4.0,13.0,113.0,0.0,0.0,589.0,17,031,540102,3,170315401023
3.0,147.0,21.0,1.0,3.0,3.0,42.0,0.0,23.0,39.0,306.0,349.0,118.0,81.72440263575038,0.0,0.0,1136.7244026357503,17,031,550100,1,170315501001
3.0,61.0,7.0,64.0,32.0,27.0,42.0,38.0,0.0,118.0,10.0,33.0,61.0,97.0,0.0,0.0,593.0,17,031,550100,2,170315501002
375.0,136.0,4.0,57.0,102.0,137.0,45.0,185.0,2.0,49.0,217.0,102.0,11.0,95.0,0.0,0.0,1517.0,17,031,550100,3,170315501003
2.0,4.0,75.0,125.0,263.0,35.0,0.0,0.0,16.0,103.0,40.0,40.0,62.0,106.0,0.0,0.0,871.0,17,031,550100,4,170315501004
13.0,2.0,6.0,6.0,20.0,4.0,58.0,0.0,0.0,19.0,2.0,34.0,197.0,86.26527420464097,0.0,0.0,447.265274204641,17,031,550100,5,170315501005
474.0,3.0,41.0,1.0,25.0,139.0,41.0,170.0,174.0,43.0,65.0,128.0,40.0,106.5916452278459,0.0,0.0,1450.591645227846,17,031,550100,6,170315501006
33.0,100.0,276.0,26.0,37.0,19.0,173.0,25.0,2.0,177.0,233.0,440.0,132.0,90.0,0.0,0.0,1763.0,17,031,550200,1,170315502001
59.0,0.0,33.0,53.0,4.0,10.0,7.0,24.0,6.0,12.0,54.0,79.0,182.0,100.10202854024654,0.0,0.0,623.1020285402466,17,031,550200,2,170315502002
68.0,77.0,41.0,56.0,40.0,13.0,8.0,29.0,48.0,223.0,52.0,156.0,23.0,97.48973699318336,0.0,0.0,931.4897369931833,17,031,560100,1,170315601001
5.0,19.0,0.0,3.0,12.0,0.0,1.0,7.0,6.0,1.0,3.0,4.0,24.0,81.1938542264684,0.0,0.0,166.19385422646843,17,031,560200,1,170315602001
1.0,0.0,0.0,0.0,8.0,2.0,0.0,2.0,1.0,4.0,5.0,1.0,19.0,90.0,0.0,0.0,133.0,17,031,560200,2,170315602002
12.0,110.0,33.0,105.0,135.0,94.0,122.0,49.0,17.0,34.0,249.0,11.0,116.0,89.81622832197226,0.0,0.0,1176.8162283219722,17,031,560200,3,170315602003
10.0,110.0,33.0,15.0,73.0,101.0,156.0,68.0,63.0,174.0,209.0,366.0,76.0,98.45912843110939,0.0,0.0,1552.4591284311093,17,031,560300,1,170315603001
23.0,2.0,108.0,67.0,4.0,140.0,4.0,70.0,0.0,233.0,124.0,206.0,96.0,96.69379407367641,0.0,0.0,1173.6937940736764,17,031,560300,2,170315603002
52.0,8.0,3.0,72.0,50.0,184.0,117.0,62.0,29.0,102.0,228.0,164.0,139.0,120.0,0.0,0.0,1330.0,17,031,560400,1,170315604001
80.0,117.0,10.0,23.0,5.0,28.0,70.0,42.0,31.0,54.0,225.0,156.0,246.0,90.41831701501079,0.0,0.0,1177.4183170150109,17,031,560700,1,170315607001
70.0,140.0,199.0,25.0,117.0,35.0,114.0,113.0,11.0,256.0,324.0,326.0,127.0,64.47941383357471,0.0,0.0,1921.4794138335747,17,031,560700,2,170315607002
59.0,19.0,0.0,1.0,216.0,4.0,43.0,132.0,82.0,212.0,39.0,39.0,374.0,91.64253919238519,0.0,0.0,1311.6425391923851,17,031,560800,1,170315608001
52.0,67.0,84.0,139.0,75.0,127.0,3.0,45.0,5.0,94.0,76.0,106.0,99.0,91.0,0.0,0.0,1063.0,17,031,560800,2,170315608002
14.0,1.0,26.0,32.0,38.0,33.0,2.0,4.0,6.0,147.0,133.0,220.0,13.0,101.62225378991985,0.0,0.0,770.6222537899199,17,031,560800,3,170315608003
13.0,41.0,14.0,3.0,50.0,81.0,23.0,1.0,6.0,21.0,29.0,214.0,130.0,85.0,0.0,0.0,711.0,17,031,560800,4,170315608004
0.0,6.0,0.0,24.0,143.0,96.0,21.0,27.0,0.0,23.0,161.0,29.0,196.0,85.40787354981816,0.0,0.0,811.4078735498182,17,031,560800,5,170315608005
53.0,9.0,3.0,72.0,16.0,133.0,36.0,19.0,5.0,144.0,55.0,182.0,151.0,90.40799385540214,0.0,0.0,968.4079938554022,17,031,560900,1,170315609001
3.0,3.0,0.0,17.0,7.0,27.0,6.0,11.0,3.0,133.0,41.0,51.0,30.0,99.0,0.0,0.0,431.0,17,031,560900,2,170315609002
25.0,0.0,10.0,31.0,68.0,1.0,20.0,28.0,0.0,65.0,0.0,212.0,119.0,85.0,0.0,0.0,664.0,17,031,560900,3,170315609003
4.0,10.0,102.0,3.0,79.0,3.0,74.0,5.0,4.0,73.0,186.0,165.0,213.0,94.99987969441602,0.0,0.0,1015.999879694416,17,031,560900,4,170315609004
3.0,2.0,66.0,39.0,5.0,1.0,73.0,25.0,7.0,51.0,39.0,182.0,105.0,101.57135982538058,0.0,0.0,699.5713598253806,17,031,560900,5,170315609005
53.0,34.0,4.0,53.0,3.0,4.0,5.0,0.0,58.0,5.0,28.0,61.0,57.0,94.0,0.0,0.0,459.0,17,031,560900,6,170315609006
125.0,93.0,1.0,14.0,73.0,0.0,19.0,1.0,19.0,46.0,52.0,229.0,131.0,93.65298265757781,0.0,0.0,896.6529826575778,17,031,561000,1,170315610001
4.0,0.0,70.0,2.0,7.0,1.0,2.0,0.0,3.0,1.0,88.0,7.0,128.0,87.8264311759969,0.0,0.0,400.8264311759969,17,031,561000,2,170315610002
3.0,25.0,18.0,68.0,1.0,17.0,1.0,106.0,2.0,25.0,94.0,78.0,28.0,73.1121110886872,0.0,0.0,539.1121110886872,17,031,561000,3,170315610003
10.0,19.0,74.0,4.0,84.0,42.0,5.0,19.0,28.0,6.0,91.0,86.0,81.0,108.37738529332819,0.0,0.0,657.3773852933282,17,031,561000,4,170315610004
4.0,62.0,4.0,3.0,31.0,85.0,2.0,4.0,116.0,30.0,4.0,131.0,274.0,102.45912843110939,0.0,0.0,852.4591284311094,17,031,561000,5,170315610005
39.0,63.0,0.0,41.0,1.0,50.0,3.0,100.0,25.0,16.0,60.0,89.0,74.0,89.44892557708474,0.0,0.0,650.4489255770848,17,031,561000,6,170315610006
0.0,0.0,1.0,52.0,65.0,46.0,20.0,59.0,25.0,114.0,6.0,116.0,100.0,84.0,0.0,0.0,688.0,17,031,561100,1,170315611001
2.0,11.0,122.0,49.0,1.0,21.0,1.0,12.0,7.0,6.0,121.0,105.0,186.0,79.91825686221878,0.0,0.0,723.9182568622188,17,031,561100,2,170315611002
20.0,1.0,0.0,76.0,38.0,6.0,4.0,5.0,3.0,147.0,42.0,194.0,88.0,86.20381646932509,0.0,0.0,710.2038164693251,17,031,561100,3,170315611003
159.0,4.0,10.0,6.0,94.0,71.0,12.0,3.0,53.0,30.0,167.0,240.0,127.0,96.0,0.0,0.0,1072.0,17,031,561100,4,170315611004
3.0,6.0,52.0,41.0,88.0,2.0,41.0,7.0,5.0,80.0,3.0,40.0,175.0,95.36718243930353,0.0,0.0,638.3671824393035,17,031,561100,5,170315611005
4.0,2.0,1.0,19.0,1.0,0.0,8.0,92.0,0.0,96.0,5.0,150.0,128.0,83.16312535881048,0.0,0.0,589.1631253588105,17,031,561100,6,170315611006
75.0,4.0,79.0,49.0,2.0,133.0,86.0,37.0,69.0,44.0,173.0,196.0,105.0,101.45912843110939,0.0,0.0,1153.4591284311093,17,031,570100,1,170315701001
142.0,76.0,30.0,54.0,221.0,94.0,166.0,16.0,107.0,142.0,180.0,239.0,80.0,92.13251679673651,0.0,0.0,1639.1325167967366,17,031,570200,1,170315702001
1.0,49.0,277.0,28.0,3.0,109.0,132.0,115.0,0.0,255.0,235.0,124.0,126.0,84.91825686221878,0.0,0.0,1538.9182568622189,17,031,570300,1,170315703001
5.0,3.0,73.0,57.0,137.0,110.0,138.0,83.0,30.0,44.0,133.0,58.0,40.0,86.27547705866564,0.0,0.0,997.2754770586657,17,031,570300,2,170315703002
78.0,143.0,43.0,202.0,186.0,60.0,297.0,71.0,1.0,173.0,13.0,184.0,125.0,83.13251679673651,0.0,0.0,1659.1325167967366,17,031,570300,3,170315703003
236.0,6.0,0.0,135.0,154.0,0.0,82.0,137.0,127.0,191.0,188.0,60.0,177.0,97.765214051849,0.0,0.0,1590.765214051849,17,031,570300,4,170315703004
51.0,3.0,12.0,158.0,40.0,69.0,31.0,0.0,46.0,127.0,165.0,79.0,97.0,78.0,0.0,0.0,956.0,17,031,570400,1,170315704001
1.0,2.0,2.0,86.0,6.0,256.0,42.0,82.0,67.0,29.0,82.0,24.0,77.0,102.02040570804931,0.0,0.0,858.0204057080493,17,031,570400,2,170315704002
31.0,2.0,40.0,124.0,46.0,9.0,10.0,155.0,28.0,120.0,59.0,106.0,126.0,103.44880527150076,0.0,0.0,959.4488052715008,17,031,570500,1,170315705001
38.0,74.0,61.0,116.0,46.0,141.0,275.0,39.0,23.0,123.0,85.0,116.0,67.0,105.1938542264684,0.0,0.0,1309.1938542264684,17,031,570500,2,170315705002
15.0,168.0,222.0,130.0,81.0,30.0,22.0,252.0,16.0,89.0,85.0,193.0,104.0,96.18365137244376,0.0,0.0,1503.1836513724438,17,031,580100,1,170315801001
29.0,227.0,131.0,180.0,7.0,128.0,50.0,41.0,35.0,6.0,14.0,243.0,121.0,90.62237409550384,0.0,0.0,1302.6223740955038,17,031,580100,2,170315801002
72.0,44.0,117.0,86.0,45.0,251.0,47.0,30.0,73.0,170.0,206.0,159.0,125.0,94.41831701501079,0.0,0.0,1519.4183170150109,17,031,580200,1,170315802001
242.0,4.0,277.0,0.0,258.0,201.0,99.0,38.0,174.0,31.0,9.0,129.0,93.0,97.0,0.0,0.0,1652.0,17,031,580200,2,170315802002
189.0,161.0,35.0,213.0,279.0,186.0,77.0,254.0,99.0,69.0,185.0,337.0,35.0,97.45912843110939,0.0,0.0,2216.4591284311095,17,031,580300,1,170315803001
151.0,89.0,14.0,71.0,178.0,30.0,267.0,99.0,9.0,76.0,0.0,45.0,28.0,103.0,0.0,0.0,1160.0,17,031,580400,1,170315804001
54.0,263.0,42.0,259.0,140.0,0.0,33.0,94.0,56.0,145.0,18.0,1.0,11.0,94.0,0.0,0.0,1210.0,17,031,580400,2,170315804002
34.0,56.0,65.0,36.0,11.0,51.0,68.0,89.0,337.0,126.0,25.0,3.0,25.0,89.0,0.0,0.0,1015.0,17,031,580400,3,170315804003
0.0,1.0,29.0,21.0,33.0,106.0,46.0,1.0,20.0,13.0,83.0,3.0,22.0,88.0,0.0,0.0,466.0,17,031,580400,4,170315804004
10.0,5.0,3.0,129.0,176.0,37.0,20.0,245.0,165.0,102.0,201.0,11.0,152.0,89.0,0.0,0.0,1345.0,17,031,580501,1,170315805011
102.0,12.0,92.0,2.0,4.0,76.0,66.0,81.0,33.0,1.0,58.0,8.0,42.0,111.0,0.0,0.0,688.0,17,031,580501,2,170315805012
63.0,50.0,16.0,4.0,433.0,157.0,55.0,64.0,152.0,499.0,1.0,188.0,83.0,95.8060254679476,0.0,0.0,1860.8060254679476,17,031,580501,3,170315805013
122.0,103.0,40.0,98.0,25.0,124.0,13.0,57.0,0.0,103.0,11.0,77.0,63.0,103.0,0.0,0.0,939.0,17,031,580501,4,170315805014
8.0,69.0,59.0,67.0,50.0,302.0,32.0,15.0,2.0,143.0,5.0,370.0,9.0,80.37750559891217,0.0,0.0,1211.3775055989122,17,031,580502,1,170315805021
125.0,0.0,187.0,2.0,148.0,76.0,232.0,1.0,257.0,43.0,11.0,150.0,46.0,93.0,0.0,0.0,1371.0,17,031,580502,2,170315805022
125.0,144.0,117.0,195.0,165.0,104.0,79.0,51.0,113.0,73.0,141.0,130.0,315.0,85.29564215554697,0.0,0.0,1837.295642155547,17,031,580502,3,170315805023
10.0,68.0,0.0,68.0,88.0,90.0,65.0,152.0,16.0,90.0,82.0,33.0,3.0,89.49993984720801,0.0,0.0,854.499939847208,17,031,580600,1,170315806001
1.0,43.0,4.0,53.0,165.0,64.0,166.0,2.0,0.0,228.0,278.0,154.0,5.0,99.0,0.0,0.0,1262.0,17,031,580600,2,170315806002
45.0,23.0,111.0,208.0,192.0,0.0,134.0,105.0,54.0,34.0,107.0,25.0,83.0,92.0,0.0,0.0,1213.0,17,031,580600,3,170315806003
253.0,150.0,1.0,138.0,453.0,23.0,283.0,409.0,1.0,123.0,226.0,30.0,56.0,82.81622832197226,0.0,0.0,2228.816228321972,17,031,580600,4,170315806004
62.0,34.0,6.0,40.0,100.0,25.0,3.0,3.0,122.0,3.0,105.0,30.0,22.0,98.79582261392295,0.0,0.0,653.795822613923,17,031,580700,1,170315807001
375.0,62.0,290.0,16.0,494.0,184.0,361.0,489.0,138.0,223.0,601.0,335.0,132.0,94.0,0.0,0.0,3794.0,17,031,580700,2,170315807002
79.0,2.0,85.0,289.0,253.0,175.0,0.0,202.0,3.0,127.0,121.0,58.0,11.0,93.0,0.0,0.0,1498.0,17,031,580700,3,170315807003
183.0,133.0,115.0,265.0,200.0,29.0,1.0,195.0,129.0,102.0,121.0,17.0,17.0,105.25507135061633,0.0,0.0,1612.2550713506164,17,031,580800,1,170315808001
27.0,66.0,51.0,101.0,90.0,116.0,54.0,4.0,260.0,195.0,252.0,116.0,158.0,89.44880527150076,0.0,0.0,1579.4488052715008,17,031,590500,1,170315905001
78.0,1.0,1.0,256.0,163.0,136.0,93.0,75.0,60.0,38.0,110.0,274.0,101.0,86.0,0.0,0.0,1472.0,17,031,590600,1,170315906001
68.0,101.0,155.0,80.0,2.0,115.0,235.0,2.0,156.0,27.0,390.0,13.0,102.0,99.0,0.0,0.0,1545.0,17,031,590600,2,170315906002
0.0,64.0,27.0,43.0,29.0,32.0,16.0,1.0,3.0,80.0,49.0,239.0,8.0,111.22446278854237,0.0,0.0,702.2244627885424,17,031,590600,3,170315906003
188.0,49.0,23.0,48.0,98.0,75.0,190.0,37.0,60.0,155.0,97.0,148.0,118.0,78.4795341391587,0.0,0.0,1364.4795341391587,17,031,590700,1,170315907001
195.0,170.0,73.0,80.0,55.0,20.0,38.0,84.0,147.0,59.0,252.0,183.0,36.0,107.1938542264684,0.0,0.0,1499.1938542264684,17,031,590700,2,170315907002
150.0,150.0,130.0,39.0,312.0,29.0,4.0,43.0,47.0,140.0,236.0,156.0,106.0,111.40811416098613,0.0,0.0,1653.408114160986,17,031,600400,1,170316004001
0.0,25.0,0.0,28.0,11.0,148.0,94.0,94.0,2.0,115.0,3.0,392.0,42.0,97.0,0.0,0.0,1051.0,17,031,600400,2,170316004002
70.0,192.0,270.0,283.0,113.0,101.0,104.0,20.0,126.0,114.0,135.0,78.0,113.0,95.21425993451771,0.0,0.0,1814.2142599345177,17,031,600400,3,170316004003
182.0,131.0,211.0,72.0,127.0,163.0,53.0,73.0,30.0,169.0,137.0,128.0,41.0,85.0,0.0,0.0,1602.0,17,031,600600,1,170316006001
14.0,5.0,89.0,64.0,54.0,158.0,1.0,68.0,15.0,27.0,62.0,39.0,10.0,82.11223139427119,0.0,0.0,688.1122313942711,17,031,600600,2,170316006002
0.0,15.0,96.0,62.0,83.0,11.0,2.0,23.0,3.0,46.0,158.0,80.0,30.0,89.22446278854237,0.0,0.0,698.2244627885424,17,031,600700,1,170316007001
305.0,58.0,190.0,82.0,2.0,167.0,101.0,49.0,4.0,65.0,72.0,111.0,18.0,121.0,0.0,0.0,1345.0,17,031,600700,2,170316007002
79.0,350.0,8.0,39.0,20.0,32.0,3.0,0.0,22.0,83.0,65.0,30.0,11.0,100.16324566439445,0.0,0.0,842.1632456643945,17,031,600900,1,170316009001
60.0,61.0,9.0,3.0,83.0,36.0,10.0,88.0,33.0,29.0,65.0,60.0,131.0,105.0,0.0,0.0,773.0,17,031,600900,2,170316009002
2.0,62.0,6.0,5.0,42.0,6.0,85.0,1.0,42.0,68.0,150.0,18.0,18.0,82.48973699318336,0.0,0.0,587.4897369931833,17,031,600900,3,170316009003
3.0,5.0,4.0,69.0,38.0,56.0,93.0,111.0,70.0,139.0,141.0,165.0,207.0,92.24486849659168,0.0,0.0,1193.2448684965916,17,031,600900,4,170316009004
253.0,49.0,142.0,66.0,77.0,64.0,303.0,361.0,25.0,381.0,158.0,24.0,64.0,101.0,0.0,0.0,2068.0,17,031,610300,1,170316103001
228.0,273.0,231.0,137.0,58.0,151.0,180.0,43.0,0.0,111.0,277.0,226.0,11.0,88.0,0.0,0.0,2014.0,17,031,610300,2,170316103002
144.0,25.0,35.0,170.0,66.0,26.0,4.0,98.0,21.0,130.0,270.0,128.0,25.0,85.0,0.0,0.0,1227.0,17,031,610300,3,170316103003
184.0,204.0,319.0,281.0,280.0,72.0,113.0,59.0,41.0,122.0,16.0,59.0,12.0,90.24486849659168,0.0,0.0,1852.2448684965916,17,031,610400,1,170316104001
11.0,34.0,38.0,39.0,97.0,40.0,76.0,123.0,85.0,48.0,159.0,219.0,295.0,94.46933128513405,0.0,0.0,1358.469331285134,17,031,610800,1,170316108001
194.0,233.0,131.0,139.0,7.0,38.0,196.0,1.0,22.0,29.0,4.0,93.0,20.0,111.0,0.0,0.0,1218.0,17,031,611000,1,170316110001
0.0,65.0,98.0,86.0,159.0,131.0,17.0,38.0,2.0,19.0,5.0,1.0,38.0,108.0,0.0,0.0,767.0,17,031,611100,1,170316111001
163.0,2.0,95.0,207.0,5.0,16.0,46.0,6.0,42.0,9.0,1.0,1.0,8.0,91.0,0.0,0.0,692.0,17,031,611100,2,170316111002
84.0,24.0,260.0,296.0,42.0,109.0,2.0,140.0,0.0,95.0,20.0,15.0,17.0,105.0,0.0,0.0,1209.0,17,031,611100,3,170316111003
92.0,61.0,234.0,0.0,67.0,18.0,64.0,86.0,118.0,6.0,28.0,5.0,10.0,95.0,0.0,0.0,884.0,17,031,611200,1,170316112001
157.0,8.0,68.0,201.0,122.0,64.0,41.0,56.0,37.0,3.0,293.0,132.0,9.0,95.16324566439445,0.0,0.0,1286.1632456643945,17,031,611200,2,170316112002
50.0,0.0,42.0,19.0,37.0,44.0,60.0,26.0,4.0,2.0,1.0,62.0,33.0,93.1938542264684,0.0,0.0,473.19385422646843,17,031,611300,1,170316113001
172.0,30.0,16.0,167.0,62.0,6.0,15.0,76.0,21.0,97.0,240.0,36.0,140.0,109.0,0.0,0.0,1187.0,17,031,611300,2,170316113002
84.0,106.0,145.0,62.0,175.0,78.0,4.0,53.0,42.0,76.0,27.0,67.0,8.0,95.0,0.0,0.0,1022.0,17,031,611300,3,170316113003
54.0,83.0,104.0,168.0,101.0,335.0,310.0,3.0,58.0,45.0,14.0,128.0,66.0,100.0,0.0,0.0,1569.0,17,031,611400,1,170316114001
1.0,3.0,85.0,67.0,176.0,192.0,3.0,1.0,0.0,2.0,16.0,3.0,8.0,100.0,0.0,0.0,657.0,17,031,611400,2,170316114002
109.0,88.0,35.0,174.0,149.0,152.0,127.0,15.0,10.0,203.0,11.0,26.0,51.0,89.0,0.0,0.0,1239.0,17,031,611400,3,170316114003
26.0,12.0,270.0,8.0,53.0,103.0,110.0,69.0,57.0,298.0,41.0,2.0,7.0,87.0,0.0,0.0,1143.0,17,031,611500,1,170316115001
263.0,94.0,201.0,224.0,100.0,262.0,19.0,34.0,12.0,105.0,51.0,78.0,73.0,85.0,0.0,0.0,1601.0,17,031,611500,2,170316115002
0.0,29.0,25.0,112.0,128.0,53.0,2.0,11.0,3.0,66.0,14.0,39.0,6.0,96.0,0.0,0.0,584.0,17,031,611600,1,170316116001
54.0,43.0,42.0,150.0,11.0,125.0,50.0,5.0,10.0,95.0,144.0,75.0,23.0,91.0,0.0,0.0,918.0,17,031,611600,2,170316116002
3.0,31.0,72.0,15.0,39.0,0.0,205.0,2.0,1.0,6.0,19.0,27.0,12.0,109.0,0.0,0.0,541.0,17,031,611700,1,170316117001
5.0,1.0,8.0,2.0,25.0,2.0,14.0,0.0,3.0,3.0,2.0,19.0,8.0,91.0,0.0,0.0,183.0,17,031,611700,2,170316117002
131.0,47.0,34.0,108.0,94.0,5.0,0.0,1.0,69.0,44.0,43.0,2.0,16.0,111.0,0.0,0.0,705.0,17,031,611700,3,170316117003
134.0,336.0,167.0,324.0,296.0,68.0,111.0,4.0,32.0,123.0,117.0,73.0,24.0,110.0,0.0,0.0,1919.0,17,031,611800,1,170316118001
125.0,0.0,82.0,6.0,1.0,36.0,15.0,14.0,72.0,0.0,11.0,6.0,18.0,98.0,0.0,0.0,484.0,17,031,611800,2,170316118002
64.0,180.0,198.0,42.0,157.0,75.0,68.0,151.0,68.0,31.0,46.0,97.0,40.0,107.0,0.0,0.0,1324.0,17,031,611900,1,170316119001
311.0,0.0,50.0,59.0,99.0,18.0,1.0,3.0,1.0,20.0,2.0,42.0,48.0,84.0,0.0,0.0,738.0,17,031,611900,2,170316119002
291.0,3.0,12.0,74.0,31.0,4.0,0.0,16.0,3.0,38.0,1.0,7.0,90.0,83.0,0.0,0.0,653.0,17,031,612000,1,170316120001
176.0,22.0,32.0,5.0,96.0,136.0,15.0,53.0,1.0,113.0,56.0,45.0,3.0,89.52034555525731,0.0,0.0,842.5203455552573,17,031,612000,2,170316120002
223.0,167.0,29.0,101.0,6.0,55.0,1.0,24.0,1.0,11.0,26.0,139.0,120.0,87.56115697135593,0.0,0.0,990.5611569713559,17,031,612100,1,170316121001
18.0,83.0,0.0,25.0,137.0,154.0,17.0,20.0,178.0,7.0,236.0,173.0,221.0,91.0,0.0,0.0,1360.0,17,031,620100,1,170316201001
56.0,10.0,6.0,0.0,1.0,398.0,116.0,225.0,194.0,10.0,114.0,233.0,231.0,84.54075126330662,0.0,0.0,1678.5407512633067,17,031,620100,2,170316201002
89.0,6.0,30.0,338.0,3.0,146.0,165.0,53.0,122.0,202.0,140.0,42.0,37.0,114.9386625702681,0.0,0.0,1487.9386625702682,17,031,620100,3,170316201003
8.0,2.0,0.0,28.0,52.0,35.0,35.0,72.0,111.0,80.0,5.0,188.0,91.0,102.54075126330662,0.0,0.0,809.5407512633067,17,031,620200,1,170316202001
273.0,19.0,0.0,147.0,3.0,91.0,210.0,10.0,72.0,233.0,79.0,13.0,175.0,92.40811416098613,0.0,0.0,1417.408114160986,17,031,620200,2,170316202002
79.0,2.0,2.0,68.0,6.0,138.0,56.0,68.0,22.0,79.0,149.0,67.0,64.0,89.25507135061633,0.0,0.0,889.2550713506163,17,031,620300,1,170316203001
21.0,154.0,62.0,60.0,75.0,119.0,51.0,6.0,71.0,11.0,25.0,117.0,100.0,71.0,0.0,0.0,943.0,17,031,620300,2,170316203002
68.0,13.0,11.0,58.0,2.0,62.0,65.0,50.0,2.0,96.0,268.0,243.0,19.0,119.38770845293682,0.0,0.0,1076.3877084529367,17,031,620300,3,170316203003
3.0,2.0,32.0,23.0,84.0,146.0,86.0,49.0,131.0,163.0,111.0,27.0,83.0,94.02028540246532,0.0,0.0,1034.0202854024653,17,031,620300,4,170316203004
16.0,56.0,34.0,61.0,26.0,0.0,3.0,2.0,37.0,149.0,104.0,205.0,145.0,89.67338836562712,0.0,0.0,927.6733883656271,17,031,620300,5,170316203005
174.0,36.0,90.0,78.0,115.0,1.0,97.0,290.0,62.0,12.0,286.0,201.0,200.0,99.39791130696148,0.0,0.0,1741.3979113069615,17,031,620300,6,170316203006
1.0,29.0,260.0,112.0,34.0,22.0,398.0,46.0,7.0,62.0,5.0,315.0,110.0,93.31616816918026,0.0,0.0,1494.3161681691802,17,031,620400,1,170316204001
0.0,134.0,63.0,33.0,4.0,121.0,67.0,57.0,69.0,19.0,10.0,42.0,166.0,92.0,0.0,0.0,877.0,17,031,620400,2,170316204002
18.0,1.0,15.0,109.0,1.0,8.0,216.0,55.0,39.0,130.0,171.0,3.0,46.0,78.0,0.0,0.0,890.0,17,031,620400,3,170316204003
11.0,41.0,35.0,84.0,33.0,40.0,91.0,210.0,50.0,14.0,41.0,418.0,205.0,81.0,0.0,0.0,1354.0,17,031,620400,4,170316204004
15.0,124.0,121.0,88.0,125.0,38.0,3.0,58.0,28.0,59.0,153.0,56.0,74.0,106.0,0.0,0.0,1048.0,17,031,630100,1,170316301001
91.0,368.0,72.0,174.0,319.0,103.0,52.0,44.0,59.0,164.0,195.0,270.0,105.0,94.60196838745455,0.0,0.0,2110.6019683874547,17,031,630200,1,170316302001
142.0,51.0,264.0,78.0,79.0,189.0,176.0,214.0,22.0,73.0,219.0,195.0,52.0,78.0,0.0,0.0,1832.0,17,031,630300,1,170316303001
317.0,29.0,146.0,156.0,89.0,197.0,200.0,202.0,536.0,480.0,453.0,149.0,188.0,95.52034555525731,0.0,0.0,3237.5203455552573,17,031,630300,2,170316303002
1.0,216.0,189.0,231.0,154.0,2.0,3.0,5.0,66.0,26.0,280.0,422.0,29.0,97.94886542429275,0.0,0.0,1721.9488654242928,17,031,630400,1,170316304001
238.0,27.0,0.0,172.0,149.0,212.0,16.0,89.0,1.0,152.0,104.0,239.0,84.0,85.0,0.0,0.0,1568.0,17,031,630400,2,170316304002
306.0,9.0,215.0,220.0,91.0,78.0,14.0,139.0,124.0,33.0,73.0,83.0,9.0,97.0,0.0,0.0,1491.0,17,031,630400,3,170316304003
120.0,72.0,236.0,70.0,200.0,506.0,177.0,28.0,51.0,60.0,81.0,78.0,10.0,93.0,0.0,0.0,1782.0,17,031,630400,4,170316304004
82.0,12.0,0.0,146.0,212.0,238.0,88.0,35.0,274.0,244.0,146.0,317.0,90.0,90.0,0.0,0.0,1974.0,17,031,630500,1,170316305001
188.0,177.0,76.0,1.0,4.0,0.0,346.0,320.0,4.0,21.0,312.0,73.0,152.0,80.14271965076117,0.0,0.0,1754.1427196507611,17,031,630500,2,170316305002
23.0,2.0,351.0,51.0,299.0,80.0,189.0,21.0,178.0,8.0,0.0,65.0,17.0,86.0,0.0,0.0,1370.0,17,031,630500,3,170316305003
1.0,0.0,135.0,158.0,3.0,103.0,148.0,2.0,4.0,213.0,167.0,46.0,58.0,98.0,0.0,0.0,1136.0,17,031,630500,4,170316305004
91.0,46.0,85.0,95.0,290.0,370.0,56.0,77.0,61.0,28.0,251.0,233.0,74.0,87.73460548977503,0.0,0.0,1844.734605489775,17,031,630800,1,170316308001
412.0,5.0,76.0,70.0,2.0,80.0,4.0,424.0,118.0,354.0,377.0,324.0,210.0,108.0,0.0,0.0,2564.0,17,031,630800,2,170316308002
114.0,181.0,126.0,151.0,114.0,52.0,51.0,1.0,55.0,90.0,7.0,288.0,12.0,83.72440263575038,0.0,0.0,1325.7244026357503,17,031,630800,3,170316308003
127.0,128.0,41.0,161.0,4.0,145.0,115.0,188.0,26.0,117.0,77.0,27.0,179.0,102.0,0.0,0.0,1437.0,17,031,630800,4,170316308004
23.0,21.0,274.0,79.0,169.0,37.0,153.0,86.0,96.0,237.0,115.0,232.0,166.0,108.36694182813557,0.0,0.0,1796.3669418281356,17,031,630900,1,170316309001
87.0,25.0,196.0,113.0,122.0,76.0,118.0,61.0,113.0,86.0,2.0,159.0,11.0,107.0,0.0,0.0,1276.0,17,031,630900,2,170316309002
4.0,15.0,155.0,162.0,51.0,131.0,148.0,37.0,84.0,0.0,484.0,39.0,212.0,106.0,0.0,0.0,1628.0,17,031,630900,3,170316309003
21.0,50.0,20.0,100.0,54.0,65.0,44.0,43.0,155.0,31.0,76.0,232.0,55.0,75.62237409550384,0.0,0.0,1021.6223740955038,17,031,640100,1,170316401001
20.0,122.0,1.0,58.0,13.0,1.0,2.0,0.0,81.0,202.0,133.0,59.0,260.0,83.72440263575038,0.0,0.0,1035.7244026357503,17,031,640300,1,170316403001
82.0,1.0,77.0,53.0,74.0,0.0,25.0,56.0,23.0,47.0,309.0,34.0,39.0,81.72440263575038,0.0,0.0,901.7244026357504,17,031,640300,2,170316403002
22.0,0.0,53.0,4.0,53.0,1.0,1.0,3.0,24.0,5.0,114.0,60.0,117.0,70.92845971624344,0.0,0.0,527.9284597162434,17,031,640300,3,170316403003
1.0,1.0,214.0,2.0,122.0,26.0,0.0,2.0,6.0,122.0,254.0,316.0,254.0,78.34677673125422,0.0,0.0,1398.3467767312543,17,031,640300,4,170316403004
20.0,44.0,20.0,184.0,5.0,1.0,74.0,1.0,0.0,122.0,95.0,361.0,158.0,88.0,0.0,0.0,1173.0,17,031,640300,5,170316403005
18.0,2.0,25.0,46.0,16.0,33.0,75.0,3.0,32.0,0.0,84.0,147.0,283.0,62.53054840928196,0.0,0.0,826.530548409282,17,031,640300,6,170316403006
23.0,4.0,77.0,86.0,10.0,75.0,27.0,20.0,20.0,117.0,254.0,291.0,173.0,94.7038766221171,0.0,0.0,1271.7038766221171,17,031,640400,1,170316404001
55.0,8.0,50.0,81.0,49.0,45.0,68.0,17.0,56.0,149.0,86.0,669.0,413.0,96.56115697135593,0.0,0.0,1842.561156971356,17,031,640400,2,170316404002
66.0,68.0,23.0,108.0,62.0,64.0,47.0,84.0,23.0,274.0,183.0,290.0,162.0,93.6325769495285,0.0,0.0,1547.6325769495286,17,031,640500,1,170316405001
5.0,87.0,94.0,4.0,77.0,82.0,2.0,111.0,7.0,54.0,184.0,294.0,214.0,100.05089396453928,0.0,0.0,1315.0508939645392,17,031,640500,2,170316405002
10.0,61.0,122.0,240.0,66.0,80.0,3.0,92.0,0.0,154.0,7.0,244.0,13.0,70.60196838745455,0.0,0.0,1162.6019683874545,17,031,640600,1,170316406001
98.0,39.0,64.0,19.0,69.0,122.0,36.0,48.0,1.0,78.0,165.0,156.0,26.0,109.65298265757781,0.0,0.0,1030.6529826575777,17,031,640600,2,170316406002
87.0,122.0,289.0,169.0,77.0,32.0,44.0,32.0,149.0,94.0,213.0,189.0,191.0,88.89785115416949,0.0,0.0,1776.8978511541695,17,031,640600,3,170316406003
2.0,7.0,2.0,1.0,12.0,87.0,32.0,20.0,31.0,4.0,179.0,10.0,259.0,100.0,0.0,0.0,746.0,17,031,640700,1,170316407001
19.0,4.0,101.0,1.0,10.0,5.0,1.0,12.0,69.0,0.0,74.0,104.0,73.0,77.70399692770107,0.0,0.0,550.703996927701,17,031,640700,2,170316407002
23.0,13.0,88.0,55.0,46.0,74.0,2.0,2.0,14.0,147.0,87.0,46.0,84.0,103.36730274488752,0.0,0.0,784.3673027448875,17,031,640700,3,170316407003
27.0,1.0,1.0,95.0,92.0,52.0,30.0,5.0,41.0,109.0,91.0,151.0,8.0,100.0,0.0,0.0,803.0,17,031,640700,4,170316407004
25.0,4.0,111.0,21.0,16.0,48.0,111.0,45.0,26.0,151.0,77.0,65.0,108.0,94.4387227230601,0.0,0.0,902.4387227230601,17,031,640800,1,170316408001
20.0,13.0,6.0,31.0,5.0,41.0,12.0,44.0,62.0,146.0,76.0,49.0,68.0,117.13263710232049,0.0,0.0,690.1326371023205,17,031,640800,2,170316408002
53.0,66.0,77.0,37.0,81.0,45.0,185.0,69.0,114.0,151.0,8.0,142.0,57.0,108.0,0.0,0.0,1193.0,17,031,650100,1,170316501001
0.0,14.0,148.0,10.0,10.0,2.0,66.0,164.0,42.0,125.0,143.0,143.0,73.0,97.3977910013775,0.0,0.0,1037.3977910013775,17,031,650100,2,170316501002
14.0,2.0,1.0,251.0,9.0,83.0,138.0,136.0,39.0,16.0,50.0,112.0,210.0,92.0,0.0,0.0,1153.0,17,031,650100,3,170316501003
1.0,40.0,52.0,1.0,87.0,6.0,162.0,30.0,19.0,23.0,66.0,31.0,33.0,76.1121110886872,0.0,0.0,627.1121110886872,17,031,650100,4,170316501004
15.0,1.0,0.0,0.0,131.0,185.0,380.0,79.0,141.0,189.0,3.0,194.0,77.0,99.90805400819414,0.0,0.0,1494.908054008194,17,031,650200,1,170316502001
298.0,0.0,200.0,158.0,16.0,96.0,105.0,62.0,9.0,216.0,99.0,67.0,568.0,102.62237409550384,0.0,0.0,1996.6223740955038,17,031,650200,2,170316502002
91.0,35.0,61.0,14.0,85.0,94.0,58.0,238.0,20.0,3.0,98.0,229.0,18.0,102.57135982538058,0.0,0.0,1146.5713598253806,17,031,650200,3,170316502003
328.0,120.0,3.0,5.0,5.0,0.0,0.0,1.0,2.0,315.0,175.0,391.0,91.0,92.0,0.0,0.0,1528.0,17,031,650200,4,170316502004
4.0,1.0,3.0,1.0,6.0,6.0,6.0,94.0,89.0,4.0,3.0,134.0,142.0,109.55095411733127,0.0,0.0,602.5509541173312,17,031,650200,5,170316502005
12.0,7.0,6.0,1.0,87.0,51.0,2.0,3.0,72.0,2.0,73.0,52.0,21.0,104.77541690587364,0.0,0.0,493.77541690587367,17,031,650200,6,170316502006
2.0,8.0,43.0,210.0,4.0,76.0,76.0,81.0,23.0,110.0,0.0,221.0,14.0,96.03048825648997,0.0,0.0,964.03048825649,17,031,650301,1,170316503011
104.0,1.0,41.0,51.0,19.0,293.0,32.0,63.0,69.0,307.0,105.0,256.0,192.0,99.13251679673651,0.0,0.0,1632.1325167967366,17,031,650301,2,170316503012
0.0,43.0,55.0,10.0,72.0,26.0,4.0,275.0,2.0,0.0,200.0,243.0,249.0,90.26527420464097,0.0,0.0,1269.265274204641,17,031,650301,3,170316503013
44.0,0.0,2.0,173.0,62.0,79.0,105.0,7.0,6.0,111.0,87.0,260.0,87.0,99.20393677490908,0.0,0.0,1122.2039367749092,17,031,650301,4,170316503014
34.0,6.0,125.0,7.0,67.0,73.0,95.0,141.0,36.0,163.0,211.0,271.0,253.0,81.0,0.0,0.0,1563.0,17,031,650302,1,170316503021
3.0,4.0,2.0,203.0,275.0,247.0,224.0,135.0,219.0,248.0,49.0,171.0,392.0,97.91825686221878,0.0,0.0,2269.9182568622186,17,031,650302,2,170316503022
2.0,13.0,2.0,34.0,4.0,40.0,0.0,27.0,266.0,112.0,49.0,228.0,47.0,84.0,0.0,0.0,908.0,17,031,650400,1,170316504001
1.0,0.0,27.0,166.0,45.0,86.0,17.0,3.0,0.0,118.0,1.0,234.0,183.0,99.0,0.0,0.0,980.0,17,031,650400,2,170316504002
47.0,183.0,39.0,186.0,251.0,28.0,47.0,33.0,50.0,7.0,40.0,121.0,57.0,83.58156267940524,0.0,0.0,1172.5815626794051,17,031,650400,3,170316504003
134.0,285.0,0.0,131.0,0.0,32.0,25.0,1.0,306.0,186.0,558.0,714.0,17.0,92.61205093589521,0.0,0.0,2481.6120509358952,17,031,650400,4,170316504004
73.0,5.0,1.0,35.0,130.0,140.0,65.0,64.0,307.0,91.0,142.0,271.0,61.0,115.0,0.0,0.0,1500.0,17,031,650400,5,170316504005
3.0,75.0,32.0,27.0,154.0,27.0,1.0,6.0,0.0,2.0,181.0,423.0,93.0,81.0,0.0,0.0,1105.0,17,031,650500,1,170316505001
1.0,20.0,120.0,8.0,57.0,103.0,87.0,65.0,2.0,151.0,219.0,218.0,73.0,79.0,0.0,0.0,1203.0,17,031,650500,2,170316505002
183.0,123.0,64.0,82.0,57.0,70.0,155.0,70.0,57.0,69.0,286.0,189.0,86.0,101.09170538063789,0.0,0.0,1592.091705380638,17,031,650500,3,170316505003
404.0,354.0,23.0,101.0,147.0,235.0,151.0,0.0,23.0,128.0,40.0,0.0,9.0,85.20405708049307,0.0,0.0,1700.2040570804932,17,031,660301,1,170316603011
47.0,133.0,5.0,9.0,15.0,323.0,2.0,200.0,158.0,176.0,4.0,400.0,6.0,72.0,0.0,0.0,1550.0,17,031,660302,1,170316603021
154.0,147.0,182.0,43.0,34.0,2.0,123.0,251.0,298.0,5.0,59.0,143.0,9.0,88.90805400819414,0.0,0.0,1538.908054008194,17,031,660302,2,170316603022
96.0,146.0,21.0,183.0,96.0,3.0,27.0,45.0,4.0,102.0,169.0,59.0,12.0,88.0,0.0,0.0,1051.0,17,031,660302,3,170316603023
32.0,13.0,342.0,3.0,75.0,51.0,69.0,251.0,1.0,239.0,18.0,27.0,16.0,92.0,0.0,0.0,1229.0,17,031,660302,4,170316603024
64.0,0.0,38.0,106.0,212.0,161.0,155.0,118.0,65.0,126.0,72.0,83.0,37.0,75.84671657846224,0.0,0.0,1312.8467165784623,17,031,660400,1,170316604001
354.0,107.0,229.0,142.0,57.0,0.0,125.0,175.0,112.0,118.0,200.0,118.0,8.0,95.0,0.0,0.0,1840.0,17,031,660400,2,170316604002
5.0,2.0,100.0,44.0,177.0,32.0,0.0,62.0,82.0,51.0,1.0,179.0,119.0,90.45912843110939,0.0,0.0,944.4591284311094,17,031,660400,3,170316604003
52.0,102.0,97.0,104.0,70.0,169.0,136.0,15.0,3.0,16.0,249.0,341.0,10.0,100.31628847476425,0.0,0.0,1464.3162884747642,17,031,660400,4,170316604004
438.0,41.0,178.0,10.0,70.0,3.0,99.0,5.0,39.0,214.0,96.0,236.0,45.0,94.0,0.0,0.0,1568.0,17,031,660500,1,170316605001
122.0,94.0,64.0,116.0,10.0,52.0,89.0,86.0,27.0,64.0,73.0,172.0,34.0,86.0,0.0,0.0,1089.0,17,031,660500,2,170316605002
133.0,72.0,3.0,41.0,43.0,97.0,30.0,43.0,31.0,78.0,448.0,149.0,14.0,89.0,0.0,0.0,1271.0,17,031,660500,3,170316605003
10.0,2.0,73.0,137.0,131.0,166.0,80.0,1.0,155.0,141.0,79.0,393.0,69.0,90.4387227230601,0.0,0.0,1527.43872272306,17,031,660500,4,170316605004
259.0,17.0,89.0,100.0,167.0,19.0,139.0,78.0,83.0,35.0,4.0,27.0,10.0,95.0,0.0,0.0,1122.0,17,031,660600,1,170316606001
0.0,99.0,3.0,235.0,1.0,92.0,53.0,7.0,114.0,4.0,100.0,49.0,11.0,106.0,0.0,0.0,874.0,17,031,660600,2,170316606002
177.0,180.0,50.0,35.0,106.0,178.0,8.0,95.0,0.0,16.0,176.0,22.0,8.0,88.0,0.0,0.0,1139.0,17,031,660600,3,170316606003
257.0,41.0,274.0,228.0,148.0,12.0,74.0,93.0,3.0,24.0,22.0,72.0,70.0,95.24486849659168,0.0,0.0,1413.2448684965916,17,031,660600,4,170316606004
206.0,1.0,155.0,130.0,3.0,315.0,63.0,103.0,1.0,66.0,60.0,222.0,12.0,97.0,0.0,0.0,1434.0,17,031,660600,5,170316606005
251.0,1.0,16.0,40.0,174.0,23.0,143.0,0.0,60.0,166.0,41.0,119.0,62.0,92.0,0.0,0.0,1188.0,17,031,660700,1,170316607001
320.0,44.0,194.0,29.0,5.0,77.0,55.0,53.0,3.0,131.0,121.0,71.0,109.0,89.0,0.0,0.0,1301.0,17,031,660700,2,170316607002
139.0,79.0,12.0,0.0,74.0,52.0,107.0,29.0,7.0,1.0,36.0,45.0,15.0,80.0,0.0,0.0,676.0,17,031,660800,1,170316608001
251.0,0.0,56.0,152.0,109.0,1.0,116.0,0.0,1.0,199.0,149.0,320.0,28.0,96.49993984720801,0.0,0.0,1478.499939847208,17,031,660800,2,170316608002
147.0,303.0,153.0,55.0,11.0,109.0,148.0,4.0,5.0,128.0,113.0,210.0,5.0,91.0,0.0,0.0,1482.0,17,031,660800,3,170316608003
41.0,126.0,0.0,0.0,4.0,135.0,87.0,20.0,7.0,44.0,51.0,93.0,119.0,102.0,0.0,0.0,829.0,17,031,660800,4,170316608004
142.0,39.0,221.0,219.0,89.0,108.0,151.0,316.0,2.0,155.0,125.0,116.0,147.0,84.0,0.0,0.0,1914.0,17,031,660800,5,170316608005
393.0,144.0,246.0,186.0,49.0,88.0,94.0,81.0,0.0,114.0,105.0,72.0,19.0,104.0,0.0,0.0,1695.0,17,031,660900,1,170316609001
30.0,36.0,137.0,41.0,62.0,97.0,40.0,47.0,119.0,221.0,2.0,70.0,87.0,105.0,0.0,0.0,1094.0,17,031,660900,2,170316609002
249.0,21.0,109.0,102.0,68.0,55.0,42.0,52.0,108.0,43.0,40.0,86.0,101.0,89.0,0.0,0.0,1165.0,17,031,660900,3,170316609003
98.0,1.0,70.0,131.0,0.0,143.0,1.0,5.0,23.0,60.0,20.0,67.0,83.0,78.0,0.0,0.0,780.0,17,031,661000,1,170316610001
257.0,43.0,87.0,147.0,3.0,4.0,7.0,3.0,0.0,23.0,114.0,120.0,39.0,90.32625071762094,0.0,0.0,937.326250717621,17,031,661000,2,170316610002
132.0,4.0,1.0,0.0,158.0,0.0,1.0,79.0,34.0,32.0,25.0,68.0,11.0,88.8264311759969,0.0,0.0,633.826431175997,17,031,661000,3,170316610003
362.0,299.0,17.0,0.0,8.0,52.0,243.0,9.0,17.0,1.0,97.0,83.0,103.0,97.8264311759969,0.0,0.0,1388.826431175997,17,031,661000,4,170316610004
374.0,106.0,255.0,6.0,37.0,203.0,115.0,2.0,3.0,126.0,3.0,88.0,50.0,101.21425993451771,0.0,0.0,1469.2142599345177,17,031,661000,5,170316610005
1.0,37.0,119.0,212.0,143.0,139.0,38.0,98.0,31.0,69.0,139.0,96.0,17.0,107.21425993451771,0.0,0.0,1246.2142599345177,17,031,661100,1,170316611001
4.0,102.0,3.0,2.0,1.0,84.0,12.0,49.0,7.0,172.0,36.0,75.0,238.0,90.0,0.0,0.0,875.0,17,031,661100,2,170316611002
9.0,5.0,12.0,5.0,61.0,68.0,40.0,71.0,81.0,7.0,109.0,136.0,151.0,75.265153899057,0.0,0.0,830.265153899057,17,031,661100,3,170316611003
161.0,3.0,139.0,1.0,34.0,40.0,227.0,47.0,71.0,274.0,4.0,121.0,7.0,98.0,0.0,0.0,1227.0,17,031,661100,4,170316611004
0.0,55.0,234.0,147.0,62.0,95.0,47.0,44.0,59.0,132.0,173.0,258.0,155.0,96.0,0.0,0.0,1557.0,17,031,661100,5,170316611005
12.0,52.0,117.0,63.0,45.0,88.0,34.0,40.0,84.0,27.0,0.0,2.0,82.0,94.0,0.0,0.0,740.0,17,031,670100,1,170316701001
276.0,2.0,17.0,41.0,66.0,13.0,22.0,86.0,1.0,82.0,2.0,60.0,117.0,104.12243424829583,0.0,0.0,889.1224342482958,17,031,670100,2,170316701002
187.0,162.0,106.0,80.0,27.0,21.0,36.0,125.0,17.0,9.0,5.0,16.0,43.0,89.0,0.0,0.0,923.0,17,031,670200,1,170316702001
24.0,119.0,4.0,2.0,2.0,18.0,1.0,59.0,3.0,42.0,130.0,20.0,3.0,89.0,0.0,0.0,516.0,17,031,670300,1,170316703001
176.0,70.0,130.0,2.0,10.0,2.0,23.0,56.0,35.0,49.0,100.0,25.0,6.0,93.0,0.0,0.0,777.0,17,031,670300,2,170316703002
262.0,227.0,260.0,72.0,118.0,128.0,62.0,78.0,5.0,71.0,128.0,121.0,106.0,109.0,0.0,0.0,1747.0,17,031,670400,1,170316704001
112.0,64.0,64.0,116.0,181.0,142.0,23.0,10.0,16.0,76.0,46.0,92.0,18.0,104.0,0.0,0.0,1064.0,17,031,670500,1,170316705001
173.0,115.0,76.0,25.0,55.0,14.0,41.0,54.0,23.0,73.0,29.0,0.0,106.0,85.12243424829583,0.0,0.0,869.1224342482958,17,031,670600,1,170316706001
127.0,58.0,7.0,73.0,81.0,47.0,97.0,4.0,2.0,28.0,74.0,4.0,19.0,106.0,0.0,0.0,727.0,17,031,670600,2,170316706002
148.0,1.0,134.0,1.0,68.0,4.0,42.0,0.0,46.0,95.0,67.0,61.0,3.0,93.1938542264684,0.0,0.0,763.1938542264684,17,031,670700,1,170316707001
116.0,26.0,203.0,60.0,0.0,30.0,14.0,62.0,7.0,44.0,4.0,6.0,23.0,89.0,0.0,0.0,684.0,17,031,670700,2,170316707002
107.0,33.0,3.0,17.0,2.0,15.0,38.0,1.0,11.0,44.0,75.0,3.0,18.0,95.0,0.0,0.0,462.0,17,031,670800,1,170316708001
266.0,213.0,127.0,97.0,148.0,9.0,24.0,5.0,3.0,22.0,14.0,97.0,9.0,104.9590682783174,0.0,0.0,1138.9590682783173,17,031,670800,2,170316708002
11.0,43.0,11.0,69.0,4.0,0.0,13.0,20.0,29.0,15.0,76.0,88.0,15.0,96.0,0.0,0.0,490.0,17,031,670900,1,170316709001
194.0,120.0,60.0,7.0,57.0,4.0,122.0,40.0,2.0,33.0,29.0,161.0,24.0,89.0,0.0,0.0,942.0,17,031,670900,2,170316709002
249.0,148.0,211.0,76.0,133.0,137.0,86.0,92.0,21.0,10.0,112.0,40.0,37.0,97.0,0.0,0.0,1449.0,17,031,671100,1,170316711001
85.0,32.0,12.0,7.0,102.0,18.0,60.0,4.0,1.0,1.0,4.0,1.0,29.0,99.0,0.0,0.0,455.0,17,031,671200,1,170316712001
191.0,36.0,14.0,43.0,51.0,8.0,3.0,4.0,4.0,59.0,51.0,0.0,11.0,115.0,0.0,0.0,590.0,17,031,671200,2,170316712002
85.0,6.0,136.0,138.0,95.0,91.0,69.0,3.0,100.0,118.0,4.0,100.0,197.0,88.0,0.0,0.0,1230.0,17,031,671300,1,170316713001
14.0,53.0,14.0,83.0,69.0,76.0,2.0,6.0,2.0,4.0,59.0,4.0,57.0,96.0,0.0,0.0,539.0,17,031,671300,2,170316713002
21.0,0.0,47.0,25.0,2.0,43.0,7.0,8.0,31.0,1.0,0.0,141.0,11.0,86.0,0.0,0.0,423.0,17,031,671300,3,170316713003
154.0,39.0,94.0,157.0,0.0,22.0,57.0,34.0,77.0,9.0,17.0,32.0,42.0,95.28567991269028,0.0,0.0,829.2856799126903,17,031,671400,1,170316714001
91.0,57.0,25.0,135.0,132.0,68.0,102.0,1.0,22.0,1.0,26.0,2.0,48.0,98.83663403002157,0.0,0.0,808.8366340300215,17,031,671400,2,170316714002
64.0,59.0,160.0,122.0,38.0,3.0,92.0,52.0,2.0,27.0,6.0,23.0,23.0,84.0,0.0,0.0,755.0,17,031,671500,1,170316715001
140.0,238.0,140.0,38.0,99.0,122.0,58.0,103.0,101.0,112.0,34.0,107.0,5.0,108.0,0.0,0.0,1405.0,17,031,671500,2,170316715002
125.0,130.0,191.0,113.0,32.0,2.0,24.0,16.0,27.0,8.0,23.0,148.0,39.0,108.0,0.0,0.0,986.0,17,031,671500,3,170316715003
129.0,105.0,155.0,211.0,117.0,0.0,33.0,99.0,3.0,0.0,39.0,7.0,51.0,90.0,0.0,0.0,1039.0,17,031,671600,1,170316716001
202.0,79.0,87.0,4.0,109.0,9.0,26.0,7.0,29.0,0.0,24.0,16.0,6.0,80.0,0.0,0.0,678.0,17,031,671600,2,170316716002
7.0,42.0,46.0,2.0,1.0,96.0,37.0,3.0,4.0,25.0,14.0,22.0,14.0,113.0,0.0,0.0,426.0,17,031,671600,3,170316716003
86.0,58.0,187.0,163.0,177.0,1.0,0.0,0.0,12.0,111.0,90.0,78.0,26.0,73.0,0.0,0.0,1062.0,17,031,671800,1,170316718001
183.0,3.0,119.0,8.0,1.0,55.0,63.0,92.0,93.0,68.0,231.0,143.0,14.0,81.64277980355315,0.0,0.0,1154.6427798035531,17,031,671900,1,170316719001
22.0,39.0,86.0,80.0,21.0,113.0,106.0,104.0,37.0,187.0,380.0,232.0,125.0,76.09170538063789,0.0,0.0,1608.091705380638,17,031,672000,1,170316720001
2.0,11.0,107.0,0.0,11.0,66.0,71.0,135.0,10.0,46.0,57.0,56.0,31.0,91.0,0.0,0.0,694.0,17,031,672000,2,170316720002
201.0,21.0,16.0,22.0,15.0,115.0,97.0,133.0,24.0,19.0,168.0,19.0,38.0,83.28555960710631,0.0,0.0,971.2855596071063,17,031,672000,3,170316720003
13.0,0.0,12.0,36.0,14.0,16.0,25.0,23.0,0.0,41.0,35.0,46.0,10.0,102.0,0.0,0.0,373.0,17,031,672000,4,170316720004
113.0,0.0,74.0,4.0,18.0,1.0,14.0,6.0,26.0,23.0,1.0,3.0,72.0,92.0,0.0,0.0,447.0,17,031,680500,1,170316805001
108.0,86.0,169.0,121.0,6.0,16.0,4.0,2.0,3.0,127.0,24.0,29.0,12.0,106.4387227230601,0.0,0.0,813.4387227230601,17,031,680500,2,170316805002
162.0,37.0,3.0,76.0,4.0,121.0,5.0,57.0,1.0,43.0,6.0,1.0,41.0,94.20405708049307,0.0,0.0,651.204057080493,17,031,680600,1,170316806001
404.0,3.0,112.0,58.0,127.0,7.0,1.0,3.0,4.0,67.0,3.0,3.0,17.0,85.06121712414792,0.0,0.0,894.0612171241479,17,031,680600,2,170316806002
375.0,95.0,35.0,37.0,8.0,4.0,6.0,20.0,36.0,4.0,7.0,17.0,31.0,92.0,0.0,0.0,767.0,17,031,680900,1,170316809001
185.0,107.0,39.0,5.0,1.0,6.0,0.0,1.0,0.0,4.0,3.0,5.0,16.0,88.0,0.0,0.0,460.0,17,031,680900,2,170316809002
90.0,60.0,128.0,45.0,10.0,62.0,0.0,1.0,2.0,46.0,13.0,9.0,11.0,102.9590682783174,0.0,0.0,579.9590682783174,17,031,680900,3,170316809003
256.0,117.0,63.0,277.0,108.0,276.0,30.0,5.0,136.0,19.0,13.0,3.0,6.0,105.0,0.0,0.0,1414.0,17,031,680900,4,170316809004
187.0,87.0,3.0,22.0,4.0,32.0,43.0,16.0,4.0,62.0,17.0,8.0,11.0,93.0,0.0,0.0,589.0,17,031,681000,1,170316810001
113.0,78.0,10.0,27.0,0.0,10.0,35.0,33.0,42.0,22.0,5.0,25.0,93.0,91.0,0.0,0.0,584.0,17,031,681000,2,170316810002
183.0,22.0,4.0,34.0,1.0,0.0,4.0,4.0,0.0,39.0,2.0,0.0,67.0,117.0,0.0,0.0,477.0,17,031,681000,3,170316810003
577.0,143.0,122.0,4.0,19.0,66.0,5.0,69.0,33.0,83.0,6.0,3.0,6.0,100.1938542264684,0.0,0.0,1236.1938542264684,17,031,681000,4,170316810004
77.0,175.0,182.0,6.0,5.0,108.0,5.0,35.0,55.0,4.0,17.0,34.0,16.0,88.0,0.0,0.0,807.0,17,031,681100,1,170316811001
65.0,22.0,22.0,194.0,18.0,76.0,3.0,4.0,22.0,115.0,10.0,2.0,12.0,105.0,0.0,0.0,670.0,17,031,681100,2,170316811002
150.0,47.0,27.0,1.0,3.0,4.0,3.0,3.0,0.0,8.0,76.0,3.0,56.0,87.0,0.0,0.0,468.0,17,031,681100,3,170316811003
214.0,104.0,41.0,55.0,56.0,85.0,2.0,1.0,5.0,146.0,26.0,0.0,8.0,84.0,0.0,0.0,827.0,17,031,681100,4,170316811004
230.0,89.0,2.0,0.0,0.0,127.0,82.0,3.0,52.0,0.0,4.0,5.0,0.0,94.0,0.0,0.0,688.0,17,031,681100,5,170316811005
18.0,48.0,133.0,92.0,1.0,20.0,3.0,45.0,1.0,7.0,24.0,0.0,12.0,84.0,0.0,0.0,488.0,17,031,681200,1,170316812001
221.0,16.0,96.0,0.0,49.0,49.0,20.0,6.0,0.0,1.0,9.0,10.0,88.0,92.0,0.0,0.0,657.0,17,031,681200,2,170316812002
142.0,87.0,91.0,28.0,5.0,4.0,8.0,1.0,2.0,86.0,0.0,76.0,15.0,97.0,0.0,0.0,642.0,17,031,681200,3,170316812003
146.0,1.0,15.0,18.0,3.0,57.0,0.0,2.0,71.0,47.0,70.0,1.0,92.0,97.0,0.0,0.0,620.0,17,031,681200,4,170316812004
181.0,104.0,47.0,114.0,33.0,45.0,31.0,0.0,2.0,97.0,3.0,12.0,5.0,98.0,0.0,0.0,772.0,17,031,681300,1,170316813001
250.0,120.0,74.0,43.0,41.0,28.0,1.0,97.0,18.0,0.0,2.0,122.0,6.0,96.0,0.0,0.0,898.0,17,031,681300,2,170316813002
134.0,41.0,157.0,8.0,1.0,54.0,0.0,27.0,64.0,59.0,47.0,5.0,19.0,90.0,0.0,0.0,706.0,17,031,681300,3,170316813003
15.0,59.0,25.0,33.0,2.0,12.0,10.0,0.0,0.0,40.0,5.0,72.0,11.0,95.24486849659168,0.0,0.0,379.24486849659166,17,031,681400,1,170316814001
143.0,37.0,85.0,52.0,115.0,5.0,87.0,46.0,1.0,91.0,20.0,5.0,11.0,86.38770845293682,0.0,0.0,784.3877084529369,17,031,681400,2,170316814002
47.0,105.0,158.0,50.0,2.0,98.0,16.0,4.0,64.0,93.0,67.0,42.0,112.0,109.0,0.0,0.0,967.0,17,031,681400,3,170316814003
189.0,98.0,0.0,21.0,7.0,1.0,34.0,6.0,2.0,41.0,75.0,4.0,8.0,101.0,0.0,0.0,587.0,17,031,681400,4,170316814004
62.0,67.0,59.0,13.0,57.0,4.0,4.0,40.0,53.0,0.0,38.0,32.0,61.0,109.0,0.0,0.0,599.0,17,031,690300,1,170316903001
340.0,174.0,187.0,72.0,175.0,35.0,40.0,27.0,2.0,38.0,14.0,8.0,23.0,101.33669418281356,0.0,0.0,1236.3366941828135,17,031,690300,2,170316903002
107.0,76.0,167.0,51.0,83.0,103.0,0.0,0.0,0.0,2.0,87.0,6.0,16.0,102.0,0.0,0.0,800.0,17,031,690400,1,170316904001
98.0,9.0,191.0,55.0,50.0,1.0,4.0,4.0,92.0,76.0,52.0,42.0,95.0,111.0,0.0,0.0,880.0,17,031,690400,2,170316904002
205.0,7.0,76.0,138.0,36.0,38.0,10.0,25.0,6.0,33.0,100.0,38.0,5.0,107.0,0.0,0.0,824.0,17,031,690400,3,170316904003
188.0,71.0,38.0,155.0,48.0,6.0,120.0,19.0,12.0,30.0,0.0,5.0,73.0,88.3264913287889,0.0,0.0,853.3264913287888,17,031,690400,4,170316904004
62.0,3.0,0.0,75.0,121.0,30.0,113.0,92.0,8.0,98.0,71.0,68.0,16.0,95.61217124147919,0.0,0.0,852.6121712414792,17,031,690500,1,170316905001
241.0,69.0,64.0,141.0,6.0,70.0,101.0,0.0,4.0,28.0,90.0,12.0,16.0,115.0,0.0,0.0,957.0,17,031,690900,1,170316909001
26.0,4.0,1.0,148.0,1.0,76.0,21.0,4.0,68.0,1.0,21.0,65.0,37.0,98.0,0.0,0.0,571.0,17,031,690900,2,170316909002
91.0,2.0,371.0,71.0,1.0,57.0,61.0,55.0,1.0,26.0,35.0,73.0,12.0,98.0,0.0,0.0,954.0,17,031,690900,3,170316909003
152.0,3.0,14.0,77.0,56.0,71.0,3.0,36.0,54.0,62.0,201.0,85.0,12.0,118.25507135061633,0.0,0.0,944.2550713506163,17,031,690900,4,170316909004
274.0,125.0,5.0,99.0,1.0,34.0,2.0,33.0,6.0,192.0,24.0,134.0,50.0,91.0,0.0,0.0,1070.0,17,031,690900,5,170316909005
88.0,57.0,3.0,3.0,45.0,32.0,4.0,7.0,12.0,119.0,151.0,54.0,129.0,95.0,0.0,0.0,799.0,17,031,691000,1,170316910001
108.0,124.0,19.0,4.0,4.0,37.0,2.0,42.0,4.0,95.0,72.0,112.0,72.0,97.71419978172572,0.0,0.0,792.7141997817257,17,031,691000,2,170316910002
59.0,7.0,10.0,66.0,1.0,1.0,2.0,97.0,3.0,89.0,21.0,35.0,14.0,86.0,0.0,0.0,491.0,17,031,691000,3,170316910003
26.0,7.0,41.0,58.0,2.0,4.0,3.0,0.0,7.0,23.0,25.0,99.0,29.0,95.0,0.0,0.0,419.0,17,031,691000,4,170316910004
12.0,80.0,56.0,0.0,3.0,46.0,7.0,25.0,1.0,25.0,74.0,85.0,1.0,107.41831701501079,0.0,0.0,522.4183170150108,17,031,691100,1,170316911001
36.0,319.0,1.0,1.0,51.0,63.0,22.0,15.0,57.0,6.0,9.0,28.0,9.0,97.0,0.0,0.0,714.0,17,031,691100,2,170316911002
324.0,191.0,16.0,101.0,47.0,0.0,3.0,4.0,45.0,3.0,47.0,37.0,14.0,102.0,0.0,0.0,934.0,17,031,691100,3,170316911003
379.0,0.0,77.0,6.0,100.0,60.0,30.0,29.0,54.0,71.0,3.0,61.0,40.0,103.0,0.0,0.0,1013.0,17,031,691100,4,170316911004
390.0,89.0,59.0,120.0,142.0,1.0,100.0,14.0,93.0,1.0,100.0,10.0,9.0,107.0,0.0,0.0,1235.0,17,031,691200,1,170316912001
157.0,7.0,43.0,59.0,30.0,1.0,8.0,8.0,97.0,23.0,56.0,117.0,59.0,92.3264913287889,0.0,0.0,757.3264913287888,17,031,691200,2,170316912002
48.0,91.0,77.0,78.0,15.0,2.0,3.0,4.0,2.0,141.0,26.0,252.0,7.0,92.0,0.0,0.0,838.0,17,031,691200,3,170316912003
257.0,101.0,32.0,55.0,11.0,7.0,83.0,4.0,53.0,155.0,149.0,82.0,142.0,89.0,0.0,0.0,1220.0,17,031,691300,1,170316913001
150.0,42.0,73.0,172.0,75.0,159.0,56.0,2.0,13.0,208.0,142.0,65.0,70.0,97.4387227230601,0.0,0.0,1324.43872272306,17,031,691300,2,170316913002
26.0,24.0,42.0,6.0,51.0,8.0,1.0,3.0,0.0,13.0,18.0,3.0,7.0,88.25507135061633,0.0,0.0,290.25507135061633,17,031,691400,1,170316914001
77.0,10.0,68.0,4.0,2.0,25.0,2.0,3.0,4.0,3.0,1.0,37.0,13.0,83.20405708049307,0.0,0.0,332.20405708049304,17,031,691400,2,170316914002
4.0,40.0,0.0,74.0,9.0,2.0,73.0,1.0,8.0,43.0,29.0,62.0,49.0,100.0,0.0,0.0,494.0,17,031,691400,3,170316914003
107.0,62.0,66.0,72.0,107.0,3.0,70.0,2.0,81.0,77.0,17.0,11.0,49.0,89.0,0.0,0.0,813.0,17,031,691400,4,170316914004
65.0,27.0,16.0,61.0,17.0,18.0,52.0,3.0,6.0,55.0,13.0,55.0,68.0,101.0,0.0,0.0,557.0,17,031,691400,5,170316914005
147.0,49.0,1.0,12.0,5.0,69.0,4.0,1.0,67.0,2.0,2.0,4.0,28.0,84.0,0.0,0.0,475.0,17,031,691500,1,170316915001
79.0,52.0,279.0,194.0,24.0,91.0,1.0,5.0,6.0,0.0,8.0,13.0,18.0,109.13263710232049,0.0,0.0,879.1326371023205,17,031,691500,2,170316915002
49.0,63.0,2.0,130.0,21.0,28.0,58.0,8.0,4.0,2.0,108.0,4.0,13.0,89.0,0.0,0.0,579.0,17,031,691500,3,170316915003
29.0,170.0,107.0,45.0,0.0,7.0,40.0,4.0,146.0,130.0,255.0,298.0,369.0,91.16300505322648,0.0,0.0,1691.1630050532265,17,031,700100,1,170317001001
72.0,1.0,113.0,138.0,1.0,341.0,17.0,22.0,1.0,149.0,23.0,155.0,73.0,105.0,0.0,0.0,1211.0,17,031,700100,2,170317001002
58.0,0.0,7.0,129.0,180.0,1.0,136.0,75.0,1.0,271.0,299.0,139.0,372.0,98.0,0.0,0.0,1766.0,17,031,700200,1,170317002001
153.0,1.0,154.0,153.0,251.0,137.0,162.0,27.0,102.0,21.0,245.0,83.0,34.0,104.0,0.0,0.0,1627.0,17,031,700200,2,170317002002
30.0,101.0,71.0,24.0,3.0,125.0,58.0,66.0,155.0,1.0,164.0,442.0,221.0,102.65298265757781,0.0,0.0,1563.6529826575777,17,031,700200,3,170317002003
19.0,5.0,12.0,53.0,48.0,239.0,0.0,29.0,110.0,118.0,125.0,199.0,244.0,88.8264311759969,0.0,0.0,1289.826431175997,17,031,700200,4,170317002004
1.0,11.0,5.0,167.0,111.0,36.0,65.0,100.0,34.0,84.0,338.0,481.0,97.0,97.9386625702681,0.0,0.0,1627.9386625702682,17,031,700301,1,170317003011
20.0,83.0,55.0,110.0,92.0,61.0,35.0,67.0,0.0,125.0,115.0,442.0,444.0,78.92833941065946,0.0,0.0,1727.9283394106594,17,031,700301,2,170317003012
80.0,163.0,111.0,154.0,87.0,147.0,97.0,173.0,27.0,94.0,251.0,331.0,19.0,109.0,0.0,0.0,1843.0,17,031,700301,3,170317003013
60.0,21.0,2.0,91.0,2.0,43.0,4.0,251.0,4.0,153.0,64.0,283.0,19.0,96.71419978172572,0.0,0.0,1093.7141997817257,17,031,700302,1,170317003021
3.0,5.0,0.0,8.0,44.0,188.0,3.0,1.0,5.0,83.0,126.0,88.0,109.0,100.31616816918026,0.0,0.0,763.3161681691803,17,031,700302,2,170317003022
1.0,5.0,169.0,31.0,25.0,55.0,2.0,187.0,34.0,1.0,452.0,317.0,95.0,96.27547705866564,0.0,0.0,1470.2754770586657,17,031,700302,3,170317003023
48.0,33.0,124.0,18.0,97.0,11.0,35.0,10.0,37.0,189.0,208.0,252.0,385.0,87.33657387722957,0.0,0.0,1534.3365738772295,17,031,700302,4,170317003024
4.0,25.0,51.0,53.0,181.0,90.0,136.0,0.0,137.0,131.0,203.0,213.0,189.0,95.06109681856393,0.0,0.0,1508.061096818564,17,031,700401,1,170317004011
96.0,13.0,35.0,32.0,49.0,78.0,31.0,18.0,243.0,154.0,61.0,553.0,64.0,98.0712996725886,0.0,0.0,1525.0712996725886,17,031,700401,2,170317004012
85.0,2.0,0.0,91.0,35.0,106.0,70.0,84.0,0.0,120.0,116.0,504.0,173.0,104.71419978172572,0.0,0.0,1490.7141997817257,17,031,700401,3,170317004013
5.0,59.0,72.0,5.0,3.0,4.0,32.0,0.0,1.0,45.0,32.0,136.0,196.0,95.01008254844066,0.0,0.0,685.0100825484407,17,031,700401,4,170317004014
30.0,36.0,0.0,3.0,2.0,6.0,76.0,130.0,54.0,123.0,168.0,199.0,86.0,76.0,0.0,0.0,989.0,17,031,700402,1,170317004021
3.0,54.0,5.0,30.0,108.0,24.0,33.0,0.0,2.0,57.0,198.0,84.0,441.0,98.49993984720801,0.0,0.0,1137.499939847208,17,031,700402,2,170317004022
53.0,7.0,36.0,43.0,0.0,29.0,70.0,123.0,0.0,184.0,129.0,318.0,200.0,89.03048825648997,0.0,0.0,1281.03048825649,17,031,700402,3,170317004023
93.0,5.0,2.0,2.0,178.0,5.0,13.0,54.0,1.0,455.0,30.0,252.0,228.0,104.0,0.0,0.0,1422.0,17,031,700501,1,170317005011
7.0,3.0,1.0,37.0,0.0,0.0,44.0,33.0,32.0,82.0,273.0,0.0,39.0,82.74444742704773,0.0,0.0,633.7444474270477,17,031,700501,2,170317005012
5.0,88.0,1.0,194.0,2.0,1.0,2.0,86.0,0.0,185.0,336.0,388.0,230.0,100.8567991269029,0.0,0.0,1618.8567991269028,17,031,700501,3,170317005013
219.0,3.0,94.0,1.0,177.0,85.0,95.0,0.0,26.0,41.0,49.0,366.0,176.0,84.56103666577194,0.0,0.0,1416.561036665772,17,031,700501,4,170317005014
0.0,0.0,30.0,4.0,6.0,5.0,0.0,0.0,1.0,7.0,137.0,103.0,197.0,106.81622832197226,0.0,0.0,596.8162283219722,17,031,700501,5,170317005015
0.0,0.0,6.0,26.0,2.0,73.0,2.0,24.0,269.0,1.0,17.0,142.0,86.0,83.03048825648997,0.0,0.0,731.03048825649,17,031,700501,6,170317005016
151.0,3.0,72.0,4.0,62.0,1.0,38.0,43.0,0.0,97.0,118.0,195.0,199.0,99.45912843110939,0.0,0.0,1082.4591284311093,17,031,700502,1,170317005021
41.0,14.0,14.0,96.0,27.0,30.0,3.0,4.0,0.0,120.0,164.0,215.0,298.0,110.4590081255254,0.0,0.0,1136.4590081255253,17,031,700502,2,170317005022
632.0,154.0,132.0,1.0,35.0,22.0,77.0,0.0,23.0,4.0,77.0,25.0,58.0,89.42851986903543,0.0,0.0,1329.4285198690354,17,031,710100,1,170317101001
50.0,122.0,81.0,161.0,178.0,48.0,52.0,0.0,2.0,49.0,8.0,36.0,14.0,101.0,0.0,0.0,902.0,17,031,710200,1,170317102001
90.0,2.0,33.0,168.0,135.0,43.0,0.0,98.0,1.0,9.0,121.0,11.0,44.0,80.0,0.0,0.0,835.0,17,031,710200,2,170317102002
167.0,135.0,90.0,233.0,15.0,12.0,69.0,67.0,96.0,34.0,45.0,120.0,11.0,99.0,0.0,0.0,1193.0,17,031,710200,3,170317102003
4.0,58.0,28.0,4.0,423.0,3.0,8.0,18.0,3.0,171.0,29.0,2.0,65.0,93.0,0.0,0.0,909.0,17,031,710200,4,170317102004
528.0,232.0,234.0,299.0,84.0,22.0,31.0,42.0,14.0,46.0,9.0,101.0,143.0,90.0,0.0,0.0,1875.0,17,031,710200,5,170317102005
198.0,134.0,130.0,224.0,97.0,25.0,104.0,6.0,0.0,146.0,65.0,35.0,50.0,106.12243424829583,0.0,0.0,1320.1224342482958,17,031,710300,1,170317103001
108.0,53.0,81.0,22.0,5.0,59.0,2.0,40.0,0.0,100.0,3.0,240.0,45.0,112.48973699318336,0.0,0.0,870.4897369931833,17,031,710400,1,170317104001
233.0,34.0,4.0,133.0,2.0,0.0,4.0,34.0,7.0,6.0,113.0,23.0,34.0,98.0,0.0,0.0,725.0,17,031,710400,2,170317104002
3.0,3.0,136.0,59.0,5.0,20.0,93.0,0.0,0.0,276.0,4.0,31.0,37.0,100.0,0.0,0.0,767.0,17,031,710400,3,170317104003
130.0,1.0,8.0,1.0,8.0,0.0,38.0,3.0,52.0,100.0,82.0,5.0,15.0,92.0,0.0,0.0,535.0,17,031,710400,4,170317104004
245.0,33.0,1.0,65.0,38.0,178.0,39.0,3.0,53.0,133.0,35.0,128.0,6.0,110.34689703683821,0.0,0.0,1067.3468970368383,17,031,710400,5,170317104005
1.0,2.0,84.0,4.0,197.0,0.0,5.0,8.0,1.0,161.0,59.0,201.0,11.0,97.0,0.0,0.0,831.0,17,031,710400,6,170317104006
166.0,89.0,153.0,107.0,38.0,9.0,0.0,85.0,67.0,1.0,36.0,41.0,19.0,106.0,0.0,0.0,917.0,17,031,710500,1,170317105001
108.0,205.0,49.0,179.0,78.0,123.0,170.0,26.0,124.0,55.0,96.0,71.0,13.0,109.0,0.0,0.0,1406.0,17,031,710500,2,170317105002
44.0,6.0,91.0,108.0,84.0,1.0,20.0,54.0,14.0,18.0,10.0,52.0,16.0,78.20405708049307,0.0,0.0,596.204057080493,17,031,710500,3,170317105003
129.0,134.0,41.0,3.0,1.0,95.0,1.0,7.0,99.0,11.0,215.0,70.0,57.0,88.4387227230601,0.0,0.0,951.4387227230601,17,031,710500,4,170317105004
292.0,44.0,90.0,130.0,45.0,0.0,0.0,66.0,0.0,38.0,155.0,43.0,9.0,94.0,0.0,0.0,1006.0,17,031,710600,1,170317106001
132.0,104.0,69.0,0.0,5.0,98.0,9.0,11.0,23.0,10.0,108.0,19.0,22.0,102.0,0.0,0.0,712.0,17,031,710600,2,170317106002
119.0,159.0,14.0,1.0,39.0,8.0,54.0,33.0,4.0,6.0,3.0,3.0,7.0,90.09182568622188,0.0,0.0,540.0918256862219,17,031,710700,1,170317107001
68.0,23.0,52.0,68.0,11.0,0.0,17.0,8.0,0.0,131.0,6.0,4.0,10.0,112.58156267940524,0.0,0.0,510.58156267940524,17,031,710700,2,170317107002
88.0,145.0,7.0,72.0,178.0,21.0,42.0,1.0,1.0,1.0,14.0,105.0,35.0,87.51014270123267,0.0,0.0,797.5101427012327,17,031,710700,3,170317107003
15.0,46.0,105.0,4.0,3.0,9.0,1.0,1.0,4.0,90.0,39.0,76.0,107.0,91.6325769495285,0.0,0.0,591.6325769495285,17,031,710700,4,170317107004
34.0,6.0,2.0,3.0,2.0,2.0,27.0,0.0,120.0,134.0,1.0,32.0,23.0,87.0,0.0,0.0,473.0,17,031,710800,1,170317108001
208.0,0.0,0.0,7.0,27.0,4.0,1.0,139.0,92.0,1.0,111.0,84.0,104.0,100.0,0.0,0.0,878.0,17,031,710800,2,170317108002
4.0,8.0,1.0,0.0,1.0,5.0,234.0,0.0,158.0,65.0,460.0,207.0,111.0,85.0,0.0,0.0,1339.0,17,031,710800,3,170317108003
155.0,51.0,63.0,180.0,53.0,9.0,138.0,16.0,6.0,0.0,20.0,39.0,16.0,94.03048825648997,0.0,0.0,840.03048825649,17,031,710800,4,170317108004
52.0,2.0,52.0,129.0,53.0,70.0,26.0,12.0,1.0,2.0,0.0,32.0,17.0,92.0,0.0,0.0,540.0,17,031,710800,5,170317108005
12.0,2.0,7.0,66.0,1.0,10.0,3.0,50.0,3.0,85.0,158.0,153.0,59.0,113.0,0.0,0.0,722.0,17,031,710800,6,170317108006
246.0,75.0,49.0,137.0,89.0,4.0,28.0,24.0,5.0,1.0,35.0,0.0,33.0,99.0,0.0,0.0,825.0,17,031,710900,1,170317109001
492.0,106.0,140.0,129.0,1.0,13.0,91.0,75.0,29.0,21.0,53.0,30.0,68.0,90.69379407367641,0.0,0.0,1338.6937940736764,17,031,710900,2,170317109002
70.0,83.0,166.0,34.0,28.0,57.0,97.0,98.0,41.0,124.0,124.0,71.0,49.0,110.0,0.0,0.0,1152.0,17,031,711000,1,170317110001
302.0,0.0,101.0,201.0,107.0,116.0,38.0,11.0,0.0,268.0,76.0,118.0,32.0,103.23466564256702,0.0,0.0,1473.234665642567,17,031,711000,2,170317110002
79.0,13.0,97.0,84.0,129.0,107.0,4.0,2.0,32.0,2.0,4.0,9.0,15.0,96.0,0.0,0.0,673.0,17,031,711000,3,170317110003
207.0,94.0,104.0,142.0,92.0,16.0,94.0,69.0,46.0,140.0,118.0,96.0,134.0,109.0,0.0,0.0,1461.0,17,031,711100,1,170317111001
120.0,101.0,45.0,1.0,14.0,17.0,22.0,124.0,20.0,98.0,85.0,0.0,35.0,105.08150252661324,0.0,0.0,787.0815025266132,17,031,711100,2,170317111002
5.0,98.0,1.0,74.0,58.0,36.0,158.0,12.0,3.0,11.0,6.0,51.0,48.0,96.0,0.0,0.0,657.0,17,031,711100,3,170317111003
226.0,121.0,241.0,37.0,1.0,94.0,44.0,84.0,61.0,154.0,99.0,33.0,40.0,94.40811416098613,0.0,0.0,1329.408114160986,17,031,711200,1,170317112001
99.0,46.0,118.0,83.0,0.0,193.0,11.0,9.0,3.0,51.0,137.0,76.0,10.0,104.0,0.0,0.0,940.0,17,031,711200,2,170317112002
1.0,4.0,42.0,2.0,24.0,0.0,43.0,75.0,14.0,184.0,58.0,49.0,60.0,97.0,0.0,0.0,653.0,17,031,711200,3,170317112003
65.0,10.0,148.0,93.0,48.0,70.0,100.0,108.0,49.0,197.0,232.0,244.0,124.0,92.27535675308165,0.0,0.0,1580.2753567530817,17,031,711200,4,170317112004
83.0,43.0,3.0,86.0,9.0,23.0,2.0,7.0,2.0,42.0,122.0,35.0,68.0,101.22446278854237,0.0,0.0,626.2244627885424,17,031,711300,1,170317113001
117.0,74.0,1.0,0.0,9.0,1.0,8.0,45.0,55.0,104.0,64.0,111.0,31.0,88.17344851841911,0.0,0.0,708.1734485184191,17,031,711300,2,170317113002
223.0,0.0,143.0,102.0,6.0,59.0,137.0,13.0,13.0,136.0,25.0,108.0,21.0,87.3264913287889,0.0,0.0,1073.326491328789,17,031,711400,1,170317114001
84.0,6.0,34.0,16.0,7.0,30.0,30.0,9.0,66.0,148.0,8.0,36.0,11.0,95.0,0.0,0.0,580.0,17,031,711400,2,170317114002
117.0,4.0,12.0,42.0,67.0,8.0,3.0,15.0,3.0,6.0,31.0,10.0,26.0,77.0,0.0,0.0,421.0,17,031,711400,3,170317114003
99.0,84.0,104.0,36.0,21.0,72.0,110.0,76.0,98.0,37.0,22.0,106.0,12.0,104.1938542264684,0.0,0.0,981.1938542264684,17,031,711500,1,170317115001
44.0,209.0,193.0,107.0,27.0,8.0,6.0,100.0,14.0,82.0,145.0,182.0,42.0,97.73460548977503,0.0,0.0,1256.734605489775,17,031,711500,2,170317115002
5.0,4.0,17.0,0.0,1.0,4.0,62.0,0.0,29.0,81.0,93.0,221.0,100.0,101.0,0.0,0.0,718.0,17,031,720100,1,170317201001
2.0,1.0,1.0,0.0,37.0,7.0,0.0,30.0,7.0,52.0,129.0,201.0,110.0,75.29576246113096,0.0,0.0,652.295762461131,17,031,720100,2,170317201002
6.0,9.0,101.0,1.0,8.0,19.0,17.0,6.0,29.0,16.0,48.0,213.0,32.0,106.21413962893374,0.0,0.0,611.2141396289337,17,031,720100,3,170317201003
45.0,2.0,49.0,22.0,5.0,17.0,0.0,99.0,63.0,24.0,34.0,110.0,47.0,95.0712996725886,0.0,0.0,612.0712996725886,17,031,720200,1,170317202001
115.0,25.0,2.0,80.0,10.0,76.0,76.0,17.0,79.0,66.0,12.0,182.0,146.0,95.70399692770107,0.0,0.0,981.703996927701,17,031,720200,2,170317202002
19.0,0.0,3.0,90.0,109.0,32.0,246.0,175.0,76.0,49.0,174.0,157.0,402.0,82.0712996725886,0.0,0.0,1614.0712996725886,17,031,720200,3,170317202003
0.0,2.0,6.0,2.0,28.0,4.0,0.0,52.0,7.0,46.0,0.0,54.0,31.0,89.62237409550384,0.0,0.0,321.62237409550386,17,031,720300,1,170317203001
0.0,4.0,14.0,2.0,2.0,0.0,78.0,2.0,3.0,47.0,22.0,189.0,62.0,93.88764830014483,0.0,0.0,518.8876483001447,17,031,720300,2,170317203002
1.0,0.0,12.0,54.0,2.0,4.0,1.0,23.0,1.0,2.0,48.0,202.0,307.0,88.4181967094268,0.0,0.0,745.4181967094268,17,031,720300,3,170317203003
1.0,1.0,7.0,12.0,2.0,20.0,12.0,59.0,8.0,3.0,79.0,162.0,142.0,95.56115697135593,0.0,0.0,603.5611569713559,17,031,720300,4,170317203004
16.0,0.0,2.0,3.0,2.0,2.0,6.0,0.0,3.0,1.0,107.0,136.0,203.0,89.77541690587364,0.0,0.0,570.7754169058736,17,031,720400,1,170317204001
3.0,2.0,0.0,1.0,38.0,64.0,4.0,18.0,45.0,48.0,150.0,242.0,81.0,98.7446880382157,0.0,0.0,794.7446880382157,17,031,720400,2,170317204002
12.0,0.0,1.0,2.0,1.0,10.0,25.0,1.0,1.0,59.0,60.0,119.0,103.0,103.13263710232049,0.0,0.0,497.1326371023205,17,031,720500,1,170317205001
8.0,3.0,2.0,37.0,36.0,40.0,2.0,27.0,5.0,60.0,151.0,247.0,196.0,104.83651372443758,0.0,0.0,918.8365137244376,17,031,720500,2,170317205002
59.0,1.0,17.0,1.0,32.0,0.0,19.0,1.0,0.0,39.0,7.0,75.0,107.0,95.18353106685977,0.0,0.0,453.18353106685976,17,031,720600,1,170317206001
6.0,1.0,4.0,3.0,0.0,1.0,0.0,1.0,0.0,4.0,70.0,161.0,187.0,88.74480834379969,0.0,0.0,526.7448083437996,17,031,720600,2,170317206002
5.0,91.0,0.0,62.0,1.0,116.0,99.0,56.0,2.0,196.0,112.0,201.0,109.0,115.53054840928196,0.0,0.0,1165.530548409282,17,031,720700,1,170317207001
80.0,0.0,39.0,0.0,3.0,2.0,39.0,107.0,77.0,116.0,73.0,262.0,107.0,109.73436487860707,0.0,0.0,1014.734364878607,17,031,720700,2,170317207002
30.0,3.0,32.0,2.0,1.0,19.0,35.0,2.0,0.0,94.0,56.0,48.0,96.0,75.20405708049307,0.0,0.0,493.20405708049304,17,031,720700,3,170317207003
52.0,66.0,55.0,34.0,5.0,30.0,106.0,5.0,2.0,73.0,99.0,9.0,64.0,92.23466564256702,0.0,0.0,692.234665642567,17,031,730100,1,170317301001
23.0,15.0,86.0,5.0,82.0,98.0,10.0,45.0,6.0,84.0,14.0,167.0,69.0,84.0,0.0,0.0,788.0,17,031,730100,2,170317301002
58.0,60.0,30.0,65.0,28.0,28.0,56.0,18.0,74.0,38.0,58.0,119.0,131.0,97.41831701501079,0.0,0.0,860.4183170150108,17,031,730100,3,170317301003
10.0,119.0,71.0,114.0,35.0,167.0,2.0,3.0,0.0,109.0,0.0,77.0,38.0,107.14283995634514,0.0,0.0,852.1428399563451,17,031,730201,1,170317302011
2.0,85.0,0.0,110.0,118.0,172.0,39.0,4.0,5.0,20.0,39.0,106.0,58.0,87.0,0.0,0.0,845.0,17,031,730201,2,170317302012
283.0,79.0,8.0,5.0,177.0,151.0,89.0,1.0,0.0,175.0,0.0,19.0,10.0,99.26527420464097,0.0,0.0,1096.265274204641,17,031,730201,3,170317302013
17.0,52.0,318.0,371.0,155.0,233.0,145.0,187.0,106.0,113.0,40.0,2.0,171.0,71.0,0.0,0.0,1981.0,17,031,730201,4,170317302014
8.0,2.0,56.0,35.0,0.0,15.0,4.0,72.0,128.0,202.0,4.0,75.0,85.0,105.35709989086286,0.0,0.0,791.3570998908629,17,031,730201,5,170317302015
37.0,73.0,157.0,92.0,67.0,45.0,150.0,0.0,84.0,25.0,41.0,227.0,40.0,90.0,0.0,0.0,1128.0,17,031,730202,1,170317302021
95.0,1.0,154.0,8.0,5.0,327.0,1.0,23.0,0.0,11.0,4.0,291.0,252.0,83.38758814735283,0.0,0.0,1255.3875881473527,17,031,730202,2,170317302022
48.0,1.0,32.0,51.0,5.0,27.0,0.0,100.0,161.0,19.0,0.0,32.0,31.0,94.4387227230601,0.0,0.0,601.4387227230601,17,031,730202,3,170317302023
61.0,125.0,54.0,4.0,61.0,25.0,48.0,55.0,0.0,42.0,119.0,89.0,42.0,105.71419978172572,0.0,0.0,830.7141997817257,17,031,730300,1,170317303001
16.0,2.0,91.0,48.0,54.0,70.0,17.0,0.0,70.0,25.0,104.0,168.0,32.0,77.18365137244376,0.0,0.0,774.1836513724437,17,031,730400,1,170317304001
73.0,50.0,9.0,15.0,56.0,37.0,91.0,20.0,118.0,177.0,193.0,115.0,155.0,101.3977910013775,0.0,0.0,1210.3977910013775,17,031,730400,2,170317304002
86.0,1.0,4.0,2.0,15.0,6.0,23.0,6.0,43.0,36.0,115.0,73.0,109.0,91.36730274488752,0.0,0.0,610.3673027448875,17,031,730400,3,170317304003
48.0,182.0,54.0,3.0,15.0,29.0,2.0,61.0,83.0,88.0,12.0,83.0,105.0,95.3060856207396,0.0,0.0,860.3060856207396,17,031,730400,4,170317304004
11.0,13.0,9.0,106.0,0.0,32.0,122.0,59.0,136.0,96.0,117.0,84.0,109.0,87.44892557708474,0.0,0.0,981.4489255770848,17,031,730500,1,170317305001
157.0,1.0,2.0,3.0,27.0,9.0,136.0,1.0,1.0,52.0,168.0,207.0,11.0,86.39791130696148,0.0,0.0,861.3979113069614,17,031,730500,2,170317305002
84.0,4.0,10.0,67.0,29.0,5.0,63.0,11.0,101.0,125.0,13.0,88.0,72.0,103.40811416098613,0.0,0.0,775.4081141609861,17,031,730500,3,170317305003
88.0,64.0,64.0,19.0,166.0,68.0,90.0,87.0,19.0,43.0,159.0,300.0,155.0,95.765214051849,0.0,0.0,1417.765214051849,17,031,730500,4,170317305004
2.0,58.0,24.0,91.0,3.0,4.0,17.0,5.0,0.0,22.0,60.0,146.0,214.0,83.0,0.0,0.0,729.0,17,031,730600,1,170317306001
98.0,82.0,4.0,216.0,4.0,0.0,101.0,57.0,31.0,77.0,94.0,159.0,21.0,90.0,0.0,0.0,1034.0,17,031,730600,2,170317306002
12.0,119.0,61.0,197.0,111.0,43.0,47.0,75.0,46.0,87.0,128.0,162.0,93.0,102.51014270123267,0.0,0.0,1283.5101427012326,17,031,730600,3,170317306003
41.0,124.0,2.0,122.0,0.0,36.0,4.0,149.0,3.0,6.0,150.0,178.0,105.0,102.8060254679476,0.0,0.0,1022.8060254679476,17,031,730700,1,170317307001
68.0,126.0,16.0,180.0,87.0,8.0,87.0,1.0,6.0,233.0,11.0,91.0,59.0,116.25507135061633,0.0,0.0,1089.2550713506164,17,031,730700,2,170317307002
1.0,1.0,2.0,4.0,2.0,16.0,0.0,0.0,27.0,4.0,4.0,106.0,46.0,93.37750559891217,0.0,0.0,306.3775055989122,17,031,740100,1,170317401001
7.0,4.0,19.0,8.0,14.0,4.0,5.0,2.0,5.0,0.0,38.0,161.0,17.0,102.12243424829583,0.0,0.0,386.12243424829586,17,031,740100,2,170317401002
3.0,20.0,11.0,9.0,54.0,11.0,0.0,5.0,1.0,52.0,25.0,151.0,244.0,97.45912843110939,0.0,0.0,683.4591284311094,17,031,740100,3,170317401003
78.0,43.0,44.0,1.0,52.0,2.0,27.0,1.0,2.0,15.0,100.0,96.0,157.0,78.4181967094268,0.0,0.0,696.4181967094268,17,031,740100,4,170317401004
2.0,2.0,0.0,1.0,35.0,6.0,94.0,1.0,0.0,36.0,394.0,59.0,148.0,106.46909067396608,0.0,0.0,884.4690906739661,17,031,740200,1,170317402001
92.0,19.0,39.0,43.0,1.0,5.0,28.0,4.0,27.0,4.0,2.0,155.0,125.0,86.23442503139906,0.0,0.0,630.234425031399,17,031,740200,2,170317402002
100.0,25.0,9.0,6.0,29.0,4.0,0.0,29.0,1.0,61.0,80.0,538.0,175.0,86.4387227230601,0.0,0.0,1143.43872272306,17,031,740200,3,170317402003
2.0,43.0,31.0,2.0,20.0,137.0,6.0,0.0,76.0,67.0,152.0,129.0,504.0,87.10142701232661,0.0,0.0,1256.1014270123267,17,031,740200,4,170317402004
6.0,1.0,37.0,21.0,0.0,4.0,54.0,11.0,10.0,2.0,150.0,206.0,140.0,85.88764830014483,0.0,0.0,727.8876483001449,17,031,740300,1,170317403001
1.0,5.0,0.0,0.0,1.0,12.0,102.0,4.0,15.0,110.0,101.0,222.0,292.0,93.87744544612018,0.0,0.0,958.8774454461202,17,031,740300,2,170317403002
2.0,1.0,0.0,2.0,3.0,122.0,64.0,20.0,28.0,75.0,136.0,30.0,34.0,94.0711793670046,0.0,0.0,611.0711793670046,17,031,740300,3,170317403003
2.0,3.0,5.0,4.0,0.0,4.0,2.0,0.0,6.0,4.0,3.0,149.0,122.0,99.86724259209552,0.0,0.0,403.8672425920955,17,031,740300,4,170317403004
15.0,24.0,2.0,2.0,4.0,40.0,62.0,7.0,2.0,1.0,58.0,101.0,227.0,90.60196838745455,0.0,0.0,635.6019683874546,17,031,740300,5,170317403005
2.0,10.0,10.0,6.0,0.0,2.0,0.0,27.0,3.0,22.0,43.0,71.0,221.0,91.84683688404621,0.0,0.0,508.84683688404624,17,031,740400,1,170317404001
8.0,12.0,1.0,19.0,12.0,12.0,101.0,81.0,0.0,11.0,266.0,113.0,146.0,83.57135982538058,0.0,0.0,865.5713598253806,17,031,740400,2,170317404002
94.0,1.0,27.0,12.0,21.0,48.0,35.0,174.0,83.0,200.0,269.0,284.0,433.0,98.09170538063789,0.0,0.0,1779.091705380638,17,031,740400,3,170317404003
48.0,0.0,2.0,82.0,4.0,3.0,5.0,8.0,6.0,34.0,2.0,161.0,182.0,91.45912843110939,0.0,0.0,628.4591284311094,17,031,740400,4,170317404004
65.0,68.0,1.0,36.0,3.0,52.0,38.0,4.0,7.0,11.0,54.0,190.0,142.0,85.20405708049307,0.0,0.0,756.204057080493,17,031,750100,1,170317501001
65.0,40.0,64.0,62.0,10.0,16.0,28.0,18.0,6.0,46.0,72.0,259.0,91.0,101.0,0.0,0.0,878.0,17,031,750100,2,170317501002
159.0,169.0,72.0,2.0,7.0,27.0,3.0,37.0,18.0,80.0,4.0,143.0,18.0,94.1530428103698,0.0,0.0,833.1530428103698,17,031,750100,3,170317501003
154.0,43.0,14.0,247.0,138.0,128.0,10.0,4.0,148.0,146.0,157.0,148.0,15.0,118.6325769495285,0.0,0.0,1470.6325769495286,17,031,750100,4,170317501004
3.0,1.0,4.0,11.0,56.0,65.0,3.0,4.0,10.0,131.0,173.0,48.0,119.0,109.3264913287889,0.0,0.0,737.3264913287888,17,031,750200,1,170317502001
66.0,7.0,38.0,84.0,2.0,16.0,17.0,1.0,0.0,3.0,6.0,79.0,152.0,91.0,0.0,0.0,562.0,17,031,750200,2,170317502002
45.0,3.0,6.0,5.0,3.0,2.0,6.0,0.0,1.0,131.0,3.0,150.0,38.0,85.27547705866564,0.0,0.0,478.2754770586656,17,031,750200,3,170317502003
21.0,5.0,3.0,82.0,20.0,3.0,50.0,32.0,1.0,56.0,14.0,131.0,62.0,92.25507135061633,0.0,0.0,572.2550713506163,17,031,750200,4,170317502004
4.0,0.0,1.0,1.0,6.0,5.0,17.0,3.0,23.0,62.0,7.0,131.0,139.0,91.08150252661324,0.0,0.0,490.08150252661324,17,031,750300,1,170317503001
16.0,14.0,1.0,50.0,114.0,1.0,65.0,16.0,0.0,33.0,2.0,229.0,71.0,100.66318551160245,0.0,0.0,712.6631855116025,17,031,750300,2,170317503002
11.0,3.0,60.0,25.0,1.0,4.0,39.0,6.0,99.0,67.0,10.0,150.0,145.0,74.40811416098613,0.0,0.0,694.4081141609861,17,031,750300,3,170317503003
11.0,53.0,14.0,58.0,33.0,1.0,1.0,23.0,7.0,81.0,241.0,269.0,194.0,85.59176553342988,0.0,0.0,1071.59176553343,17,031,750400,1,170317504001
2.0,51.0,4.0,0.0,63.0,2.0,55.0,43.0,2.0,1.0,112.0,334.0,55.0,96.0,0.0,0.0,820.0,17,031,750400,2,170317504002
1.0,0.0,5.0,0.0,6.0,7.0,12.0,6.0,48.0,24.0,99.0,186.0,50.0,90.04069111051463,0.0,0.0,534.0406911105147,17,031,750400,3,170317504003
73.0,109.0,2.0,141.0,76.0,1.0,43.0,26.0,34.0,31.0,174.0,175.0,195.0,69.0,0.0,0.0,1149.0,17,031,750500,1,170317505001
1.0,1.0,1.0,2.0,1.0,3.0,168.0,2.0,32.0,107.0,2.0,72.0,301.0,78.39767069579351,0.0,0.0,771.3976706957935,17,031,750500,2,170317505002
324.0,12.0,121.0,107.0,108.0,74.0,58.0,240.0,136.0,175.0,54.0,175.0,389.0,81.0,0.0,0.0,2054.0,17,031,750500,3,170317505003
45.0,186.0,252.0,54.0,76.0,90.0,4.0,28.0,8.0,103.0,69.0,362.0,260.0,97.0,0.0,0.0,1634.0,17,031,750500,4,170317505004
98.0,38.0,40.0,3.0,1.0,125.0,4.0,46.0,0.0,35.0,205.0,170.0,166.0,85.86724259209552,0.0,0.0,1016.8672425920955,17,031,750600,1,170317506001
0.0,84.0,12.0,41.0,122.0,2.0,1.0,151.0,4.0,1.0,270.0,87.0,3.0,111.08150252661324,0.0,0.0,889.0815025266132,17,031,750600,2,170317506002
147.0,10.0,46.0,106.0,0.0,75.0,2.0,108.0,14.0,14.0,2.0,182.0,117.0,96.0,0.0,0.0,919.0,17,031,750600,3,170317506003
53.0,27.0,2.0,72.0,54.0,65.0,3.0,1.0,4.0,8.0,136.0,14.0,33.0,89.0,0.0,0.0,561.0,17,031,750600,4,170317506004
38.0,228.0,15.0,424.0,159.0,95.0,4.0,164.0,45.0,153.0,312.0,539.0,76.0,103.67338836562712,0.0,0.0,2355.673388365627,17,031,760801,1,170317608011
52.0,83.0,118.0,205.0,54.0,93.0,125.0,227.0,63.0,46.0,365.0,179.0,16.0,94.0,0.0,0.0,1720.0,17,031,760801,2,170317608012
98.0,167.0,231.0,87.0,126.0,228.0,145.0,1.0,119.0,213.0,178.0,384.0,63.0,94.12231394271186,0.0,0.0,2134.122313942712,17,031,760802,1,170317608021
243.0,41.0,1.0,124.0,248.0,30.0,91.0,158.0,2.0,216.0,257.0,360.0,129.0,88.83663403002157,0.0,0.0,1988.8366340300215,17,031,760803,1,170317608031
348.0,29.0,269.0,104.0,14.0,133.0,95.0,99.0,12.0,131.0,174.0,32.0,59.0,81.0,0.0,0.0,1580.0,17,031,760803,2,170317608032
188.0,99.0,209.0,78.0,116.0,55.0,5.0,10.0,19.0,231.0,170.0,111.0,192.0,104.17332821283512,0.0,0.0,1587.173328212835,17,031,760803,3,170317608033
169.0,27.0,120.0,186.0,1.0,74.0,1.0,9.0,72.0,93.0,31.0,504.0,239.0,80.45912843110939,0.0,0.0,1606.4591284311093,17,031,760803,4,170317608034
1.0,0.0,44.0,52.0,6.0,105.0,0.0,114.0,18.0,121.0,108.0,370.0,243.0,94.84683688404621,0.0,0.0,1276.8468368840463,17,031,770201,1,170317702011
24.0,59.0,182.0,2.0,26.0,164.0,124.0,80.0,1.0,81.0,270.0,180.0,388.0,69.25471043386437,0.0,0.0,1650.2547104338644,17,031,770201,2,170317702012
226.0,0.0,235.0,137.0,126.0,92.0,113.0,104.0,102.0,138.0,158.0,133.0,103.0,75.41831701501079,0.0,0.0,1742.4183170150109,17,031,770201,3,170317702013
52.0,16.0,21.0,98.0,15.0,41.0,185.0,59.0,159.0,169.0,131.0,422.0,168.0,78.85703973807087,0.0,0.0,1614.8570397380709,17,031,770202,1,170317702021
96.0,25.0,76.0,130.0,43.0,214.0,72.0,7.0,79.0,81.0,186.0,109.0,122.0,104.70399692770107,0.0,0.0,1344.7039969277012,17,031,770202,2,170317702022
118.0,157.0,18.0,0.0,8.0,41.0,1.0,280.0,0.0,3.0,16.0,120.0,388.0,101.98967684039135,0.0,0.0,1251.9896768403914,17,031,770202,3,170317702023
21.0,4.0,3.0,3.0,6.0,5.0,26.0,5.0,126.0,2.0,217.0,82.0,88.0,83.51014270123267,0.0,0.0,671.5101427012327,17,031,770300,1,170317703001
35.0,3.0,51.0,28.0,18.0,37.0,147.0,10.0,160.0,73.0,45.0,320.0,188.0,102.8060254679476,0.0,0.0,1217.8060254679476,17,031,770300,2,170317703002
15.0,0.0,224.0,39.0,27.0,55.0,1.0,0.0,30.0,139.0,25.0,429.0,98.0,103.71395917055776,0.0,0.0,1185.7139591705577,17,031,770300,3,170317703003
49.0,18.0,16.0,162.0,211.0,119.0,9.0,190.0,127.0,225.0,146.0,287.0,156.0,107.75501119782433,0.0,0.0,1822.7550111978244,17,031,770300,4,170317703004
1.0,124.0,82.0,1.0,4.0,37.0,1.0,73.0,35.0,176.0,221.0,201.0,251.0,67.49981954162402,0.0,0.0,1274.499819541624,17,031,770300,5,170317703005
32.0,94.0,10.0,204.0,3.0,65.0,48.0,60.0,51.0,197.0,190.0,216.0,198.0,88.19373392088443,0.0,0.0,1456.1937339208844,17,031,770400,1,170317704001
27.0,5.0,103.0,202.0,16.0,72.0,121.0,11.0,54.0,74.0,106.0,233.0,161.0,98.92845971624344,0.0,0.0,1283.9284597162434,17,031,770400,2,170317704002
85.0,92.0,3.0,50.0,92.0,105.0,54.0,93.0,65.0,164.0,94.0,275.0,131.0,98.38770845293682,0.0,0.0,1401.3877084529367,17,031,770400,3,170317704003
111.0,276.0,250.0,129.0,304.0,50.0,26.0,114.0,191.0,810.0,346.0,382.0,239.0,95.0,0.0,0.0,3323.0,17,031,770500,1,170317705001
7.0,167.0,0.0,39.0,199.0,1.0,37.0,33.0,1.0,1.0,23.0,4.0,17.0,92.73460548977503,0.0,0.0,621.734605489775,17,031,770500,2,170317705002
5.0,14.0,3.0,52.0,9.0,8.0,15.0,117.0,1.0,67.0,184.0,376.0,154.0,92.60196838745455,0.0,0.0,1097.6019683874545,17,031,770601,1,170317706011
2.0,2.0,2.0,118.0,46.0,10.0,46.0,120.0,3.0,118.0,1.0,94.0,34.0,87.1121110886872,0.0,0.0,683.1121110886872,17,031,770601,2,170317706012
4.0,0.0,24.0,103.0,20.0,49.0,18.0,0.0,3.0,99.0,189.0,89.0,128.0,87.88764830014483,0.0,0.0,813.8876483001449,17,031,770601,3,170317706013
14.0,138.0,178.0,89.0,106.0,110.0,54.0,2.0,98.0,199.0,344.0,3.0,71.0,91.765214051849,0.0,0.0,1497.765214051849,17,031,770602,1,170317706021
92.0,124.0,1.0,235.0,212.0,0.0,2.0,3.0,103.0,226.0,178.0,129.0,50.0,100.0,0.0,0.0,1455.0,17,031,770602,2,170317706022
0.0,68.0,1.0,1.0,33.0,13.0,25.0,6.0,2.0,96.0,432.0,209.0,202.0,100.1529225047858,0.0,0.0,1188.152922504786,17,031,770602,3,170317706023
65.0,7.0,27.0,85.0,2.0,97.0,68.0,62.0,34.0,72.0,71.0,83.0,46.0,83.0,0.0,0.0,802.0,17,031,770700,1,170317707001
63.0,55.0,199.0,49.0,124.0,21.0,71.0,41.0,108.0,59.0,182.0,222.0,118.0,105.0712996725886,0.0,0.0,1417.0712996725886,17,031,770700,2,170317707002
10.0,78.0,226.0,314.0,36.0,15.0,5.0,93.0,119.0,47.0,404.0,196.0,24.0,86.74480834379969,0.0,0.0,1653.7448083437996,17,031,770800,1,170317708001
153.0,61.0,158.0,184.0,270.0,234.0,220.0,70.0,466.0,428.0,438.0,403.0,193.0,94.0915850750539,0.0,0.0,3372.091585075054,17,031,770800,2,170317708002
3.0,1.0,36.0,223.0,56.0,0.0,3.0,24.0,86.0,103.0,32.0,154.0,58.0,107.21413962893374,0.0,0.0,886.2141396289337,17,031,770901,1,170317709011
92.0,7.0,114.0,20.0,11.0,116.0,91.0,70.0,2.0,39.0,35.0,110.0,172.0,90.92845971624344,0.0,0.0,969.9284597162434,17,031,770901,2,170317709012
104.0,33.0,108.0,10.0,7.0,3.0,4.0,4.0,48.0,35.0,31.0,147.0,278.0,106.24486849659168,0.0,0.0,918.2448684965917,17,031,770901,3,170317709013
4.0,46.0,39.0,181.0,149.0,185.0,33.0,81.0,79.0,67.0,211.0,191.0,317.0,100.7856197598983,0.0,0.0,1683.7856197598983,17,031,770901,4,170317709014
121.0,52.0,226.0,52.0,27.0,87.0,87.0,115.0,119.0,124.0,165.0,180.0,86.0,91.4795341391587,0.0,0.0,1532.4795341391587,17,031,770902,1,170317709021
52.0,36.0,127.0,3.0,66.0,83.0,63.0,18.0,31.0,187.0,229.0,238.0,206.0,87.02028540246532,0.0,0.0,1426.0202854024653,17,031,770902,2,170317709022
1.0,49.0,2.0,0.0,3.0,21.0,1.0,31.0,4.0,16.0,0.0,29.0,88.0,104.6325769495285,0.0,0.0,349.6325769495285,17,031,800100,1,170318001001
7.0,1.0,0.0,1.0,4.0,7.0,0.0,13.0,5.0,33.0,2.0,39.0,160.0,92.32637102320491,0.0,0.0,364.3263710232049,17,031,800100,2,170318001002
1.0,25.0,6.0,2.0,5.0,35.0,2.0,0.0,0.0,30.0,0.0,36.0,99.0,116.99975938883203,0.0,0.0,357.99975938883205,17,031,800200,1,170318002001
48.0,0.0,7.0,17.0,98.0,1.0,13.0,6.0,134.0,0.0,21.0,162.0,17.0,111.0,0.0,0.0,635.0,17,031,800200,2,170318002002
16.0,2.0,5.0,0.0,3.0,2.0,38.0,0.0,2.0,0.0,5.0,67.0,18.0,107.3060856207396,0.0,0.0,265.3060856207396,17,031,800200,3,170318002003
27.0,7.0,0.0,0.0,0.0,0.0,95.0,7.0,3.0,33.0,35.0,128.0,120.0,104.77541690587364,0.0,0.0,559.7754169058737,17,031,800200,4,170318002004
0.0,1.0,1.0,2.0,6.0,23.0,3.0,83.0,2.0,26.0,24.0,122.0,263.0,108.46933128513405,0.0,0.0,664.4693312851341,17,031,800200,5,170318002005
38.0,4.0,0.0,4.0,1.0,0.0,44.0,6.0,1.0,4.0,29.0,20.0,56.0,89.0,0.0,0.0,296.0,17,031,800200,6,170318002006
2.0,7.0,10.0,61.0,67.0,2.0,0.0,97.0,3.0,118.0,14.0,75.0,34.0,88.64265949796916,0.0,0.0,578.6426594979691,17,031,800300,1,170318003001
1.0,2.0,6.0,1.0,3.0,0.0,23.0,0.0,3.0,6.0,18.0,24.0,87.0,99.8060254679476,0.0,0.0,273.8060254679476,17,031,800300,2,170318003002
3.0,1.0,3.0,22.0,20.0,55.0,2.0,13.0,0.0,16.0,3.0,84.0,188.0,96.9590682783174,0.0,0.0,506.9590682783173,17,031,800300,3,170318003003
3.0,6.0,2.0,5.0,2.0,5.0,9.0,7.0,4.0,1.0,46.0,82.0,83.0,95.21425993451771,0.0,0.0,350.2142599345177,17,031,800400,1,170318004001
11.0,2.0,4.0,53.0,11.0,0.0,117.0,29.0,17.0,112.0,84.0,0.0,86.0,95.1530428103698,0.0,0.0,621.1530428103698,17,031,800400,2,170318004002
37.0,4.0,0.0,5.0,0.0,30.0,0.0,2.0,6.0,2.0,36.0,63.0,44.0,96.49993984720801,0.0,0.0,325.499939847208,17,031,800400,3,170318004003
25.0,5.0,46.0,0.0,8.0,27.0,4.0,36.0,1.0,2.0,1.0,1.0,160.0,85.89785115416949,0.0,0.0,401.8978511541695,17,031,800500,1,170318005001
1.0,26.0,4.0,2.0,0.0,0.0,3.0,0.0,20.0,7.0,3.0,31.0,164.0,103.52034555525731,0.0,0.0,364.52034555525734,17,031,800500,2,170318005002
4.0,5.0,9.0,0.0,13.0,0.0,4.0,6.0,3.0,15.0,30.0,2.0,207.0,107.20405708049307,0.0,0.0,405.20405708049304,17,031,800500,3,170318005003
3.0,0.0,7.0,54.0,15.0,4.0,1.0,7.0,3.0,3.0,33.0,70.0,28.0,103.65298265757781,0.0,0.0,331.6529826575778,17,031,800500,4,170318005004
31.0,1.0,9.0,0.0,9.0,5.0,2.0,49.0,4.0,74.0,2.0,25.0,53.0,88.0,0.0,0.0,352.0,17,031,800500,5,170318005005
1.0,3.0,0.0,4.0,0.0,5.0,1.0,40.0,4.0,36.0,22.0,179.0,165.0,108.48973699318336,0.0,0.0,568.4897369931833,17,031,800600,1,170318006001
13.0,1.0,6.0,40.0,1.0,1.0,0.0,5.0,9.0,45.0,35.0,55.0,205.0,99.33669418281356,0.0,0.0,515.3366941828135,17,031,800600,2,170318006002
1.0,4.0,0.0,15.0,0.0,7.0,0.0,7.0,6.0,36.0,49.0,53.0,35.0,95.28567991269028,0.0,0.0,308.2856799126903,17,031,800700,1,170318007001
0.0,2.0,11.0,2.0,50.0,8.0,23.0,19.0,14.0,61.0,110.0,72.0,292.0,98.73448518419104,0.0,0.0,762.734485184191,17,031,800700,2,170318007002
1.0,1.0,2.0,1.0,2.0,7.0,13.0,15.0,20.0,20.0,8.0,174.0,42.0,105.61217124147919,0.0,0.0,411.6121712414792,17,031,800700,3,170318007003
2.0,2.0,1.0,1.0,3.0,30.0,8.0,63.0,43.0,78.0,155.0,98.0,81.0,93.20393677490908,0.0,0.0,658.203936774909,17,031,800700,4,170318007004
54.0,9.0,26.0,69.0,4.0,52.0,104.0,101.0,52.0,204.0,205.0,164.0,214.0,93.34665642567023,0.0,0.0,1351.3466564256703,17,031,800800,1,170318008001
1.0,2.0,6.0,49.0,2.0,56.0,85.0,5.0,0.0,22.0,128.0,17.0,152.0,97.51002239564868,0.0,0.0,622.5100223956487,17,031,800900,1,170318009001
0.0,5.0,11.0,11.0,3.0,42.0,11.0,15.0,9.0,6.0,39.0,53.0,45.0,112.0,0.0,0.0,362.0,17,031,800900,2,170318009002
7.0,1.0,4.0,0.0,24.0,1.0,0.0,19.0,30.0,27.0,177.0,280.0,147.0,97.69367376809242,0.0,0.0,814.6936737680925,17,031,800900,3,170318009003
4.0,14.0,41.0,137.0,23.0,54.0,48.0,0.0,2.0,132.0,0.0,152.0,75.0,87.11199078310321,0.0,0.0,769.1119907831032,17,031,800900,4,170318009004
1.0,23.0,2.0,1.0,3.0,5.0,14.0,38.0,2.0,91.0,32.0,66.0,93.0,102.0,0.0,0.0,473.0,17,031,801000,1,170318010001
99.0,7.0,4.0,27.0,9.0,29.0,4.0,70.0,7.0,45.0,110.0,118.0,152.0,109.40811416098613,0.0,0.0,790.4081141609861,17,031,801000,2,170318010002
8.0,42.0,36.0,22.0,48.0,18.0,42.0,23.0,32.0,214.0,51.0,213.0,82.0,80.04069111051463,0.0,0.0,911.0406911105147,17,031,801000,3,170318010003
45.0,4.0,8.0,32.0,50.0,7.0,0.0,22.0,3.0,21.0,0.0,168.0,180.0,104.35685927969489,0.0,0.0,644.3568592796948,17,031,801000,4,170318010004
10.0,0.0,0.0,7.0,7.0,4.0,1.0,21.0,4.0,58.0,40.0,107.0,29.0,108.29588276671494,0.0,0.0,396.29588276671495,17,031,801100,1,170318011001
0.0,3.0,1.0,11.0,1.0,19.0,88.0,98.0,1.0,66.0,67.0,2.0,93.0,89.22446278854237,0.0,0.0,539.2244627885424,17,031,801100,2,170318011002
2.0,5.0,2.0,33.0,0.0,59.0,12.0,25.0,3.0,45.0,91.0,61.0,180.0,87.51002239564868,0.0,0.0,605.5100223956487,17,031,801100,3,170318011003
12.0,3.0,72.0,3.0,2.0,94.0,15.0,14.0,1.0,102.0,16.0,104.0,290.0,90.29588276671494,0.0,0.0,818.295882766715,17,031,801100,4,170318011004
22.0,8.0,0.0,12.0,1.0,35.0,0.0,6.0,1.0,24.0,3.0,105.0,242.0,86.42839956345145,0.0,0.0,545.4283995634514,17,031,801200,1,170318012001
96.0,0.0,0.0,0.0,4.0,0.0,3.0,2.0,4.0,1.0,7.0,19.0,15.0,76.38770845293682,0.0,0.0,227.38770845293683,17,031,801200,2,170318012002
16.0,1.0,4.0,6.0,48.0,77.0,60.0,23.0,37.0,39.0,65.0,80.0,66.0,105.35697958527888,0.0,0.0,627.3569795852789,17,031,801200,3,170318012003
31.0,1.0,2.0,4.0,0.0,6.0,42.0,21.0,9.0,8.0,20.0,118.0,107.0,82.29588276671494,0.0,0.0,451.29588276671495,17,031,801300,1,170318013001
30.0,2.0,7.0,3.0,17.0,5.0,2.0,19.0,8.0,181.0,98.0,184.0,58.0,103.86724259209552,0.0,0.0,717.8672425920955,17,031,801300,2,170318013002
1.0,16.0,2.0,2.0,1.0,4.0,2.0,16.0,16.0,3.0,4.0,176.0,69.0,91.36730274488752,0.0,0.0,403.3673027448875,17,031,801300,3,170318013003
41.0,57.0,27.0,0.0,1.0,19.0,1.0,48.0,56.0,7.0,91.0,224.0,48.0,95.33669418281356,0.0,0.0,715.3366941828135,17,031,801300,4,170318013004
0.0,11.0,32.0,88.0,0.0,3.0,24.0,27.0,12.0,51.0,112.0,148.0,153.0,94.21413962893374,0.0,0.0,755.2141396289337,17,031,801400,1,170318014001
2.0,104.0,15.0,2.0,15.0,57.0,8.0,12.0,1.0,121.0,165.0,163.0,251.0,80.77529660028966,0.0,0.0,996.7752966002896,17,031,801400,2,170318014002
70.0,46.0,5.0,112.0,143.0,155.0,72.0,73.0,2.0,35.0,189.0,230.0,108.0,108.25495104503234,0.0,0.0,1348.2549510450324,17,031,801500,1,170318015001
0.0,0.0,56.0,3.0,2.0,47.0,205.0,29.0,0.0,74.0,64.0,79.0,201.0,95.21401932334975,0.0,0.0,855.2140193233497,17,031,801500,2,170318015002
130.0,0.0,46.0,110.0,184.0,58.0,5.0,13.0,1.0,86.0,10.0,176.0,204.0,113.52034555525731,0.0,0.0,1136.5203455552573,17,031,801500,3,170318015003
0.0,71.0,67.0,8.0,91.0,64.0,14.0,143.0,2.0,75.0,155.0,187.0,284.0,88.45888781994142,0.0,0.0,1249.4588878199415,17,031,801601,1,170318016011
7.0,0.0,22.0,117.0,6.0,37.0,1.0,80.0,15.0,108.0,185.0,292.0,256.0,98.89785115416949,0.0,0.0,1224.8978511541695,17,031,801601,2,170318016012
5.0,1.0,0.0,35.0,7.0,19.0,12.0,2.0,31.0,97.0,248.0,139.0,240.0,80.0,0.0,0.0,916.0,17,031,801603,1,170318016031
225.0,101.0,77.0,160.0,250.0,206.0,328.0,54.0,22.0,215.0,225.0,119.0,247.0,87.64277980355315,0.0,0.0,2316.6427798035534,17,031,801603,2,170318016032
14.0,47.0,48.0,43.0,23.0,30.0,76.0,64.0,0.0,88.0,23.0,151.0,237.0,93.28567991269028,0.0,0.0,937.2856799126903,17,031,801605,1,170318016051
0.0,2.0,15.0,18.0,2.0,169.0,0.0,4.0,48.0,65.0,56.0,73.0,51.0,85.88764830014483,0.0,0.0,588.8876483001449,17,031,801605,2,170318016052
6.0,15.0,119.0,10.0,41.0,90.0,99.0,34.0,54.0,2.0,41.0,201.0,97.0,88.96915082675807,0.0,0.0,897.9691508267581,17,031,801605,3,170318016053
7.0,6.0,34.0,6.0,14.0,1.0,3.0,1.0,1.0,1.0,40.0,22.0,111.0,84.55083381174728,0.0,0.0,331.5508338117473,17,031,801605,4,170318016054
0.0,0.0,1.0,2.0,1.0,3.0,3.0,0.0,2.0,3.0,5.0,102.0,60.0,107.52034555525731,0.0,0.0,289.52034555525734,17,031,801605,5,170318016055
3.0,35.0,48.0,0.0,1.0,0.0,12.0,5.0,7.0,6.0,25.0,61.0,44.0,90.72440263575038,0.0,0.0,337.7244026357504,17,031,801606,1,170318016061
7.0,1.0,36.0,15.0,18.0,1.0,5.0,19.0,27.0,4.0,62.0,30.0,169.0,96.94886542429275,0.0,0.0,490.94886542429276,17,031,801606,2,170318016062
0.0,3.0,81.0,51.0,20.0,1.0,1.0,34.0,1.0,24.0,7.0,201.0,195.0,88.13239649115252,0.0,0.0,707.1323964911526,17,031,801606,3,170318016063
2.0,75.0,100.0,3.0,7.0,16.0,1.0,17.0,9.0,34.0,3.0,112.0,100.0,83.26503359347302,0.0,0.0,562.265033593473,17,031,801606,4,170318016064
41.0,34.0,55.0,108.0,39.0,29.0,43.0,82.0,18.0,5.0,215.0,164.0,184.0,90.70399692770107,0.0,0.0,1107.7039969277012,17,031,801606,5,170318016065
4.0,21.0,1.0,1.0,82.0,57.0,4.0,103.0,3.0,118.0,5.0,128.0,156.0,96.06097651297995,0.0,0.0,779.06097651298,17,031,801607,1,170318016071
53.0,30.0,0.0,56.0,135.0,3.0,4.0,10.0,71.0,111.0,41.0,230.0,204.0,76.69367376809242,0.0,0.0,1024.6936737680924,17,031,801607,2,170318016072
13.0,74.0,55.0,166.0,1.0,4.0,100.0,179.0,149.0,86.0,127.0,231.0,219.0,101.13227618556854,0.0,0.0,1505.1322761855686,17,031,801607,3,170318016073
3.0,11.0,68.0,1.0,47.0,114.0,97.0,0.0,18.0,69.0,91.0,130.0,147.0,93.20393677490908,0.0,0.0,889.203936774909,17,031,801608,1,170318016081
88.0,3.0,24.0,130.0,118.0,0.0,7.0,71.0,10.0,34.0,98.0,59.0,209.0,72.33669418281356,0.0,0.0,923.3366941828135,17,031,801608,2,170318016082
66.0,3.0,34.0,1.0,31.0,1.0,2.0,4.0,3.0,37.0,40.0,90.0,18.0,103.38770845293682,0.0,0.0,433.3877084529368,17,031,801608,3,170318016083
6.0,1.0,4.0,146.0,17.0,108.0,29.0,218.0,3.0,178.0,102.0,142.0,223.0,88.86700198092755,0.0,0.0,1265.8670019809276,17,031,801608,4,170318016084
45.0,25.0,4.0,44.0,6.0,0.0,2.0,76.0,34.0,34.0,103.0,235.0,190.0,84.49969923604004,0.0,0.0,882.49969923604,17,031,801701,1,170318017011
2.0,3.0,4.0,19.0,3.0,14.0,100.0,23.0,11.0,20.0,2.0,230.0,114.0,75.56091636018796,0.0,0.0,620.560916360188,17,031,801701,2,170318017012
6.0,9.0,8.0,0.0,14.0,2.0,0.0,14.0,0.0,1.0,51.0,88.0,145.0,92.68347091406778,0.0,0.0,430.68347091406775,17,031,801702,1,170318017021
21.0,7.0,47.0,2.0,1.0,30.0,16.0,4.0,5.0,70.0,78.0,193.0,196.0,98.49993984720801,0.0,0.0,768.499939847208,17,031,801702,2,170318017022
123.0,28.0,3.0,5.0,82.0,83.0,47.0,12.0,27.0,44.0,184.0,73.0,79.0,90.3977910013775,0.0,0.0,880.3977910013775,17,031,801702,3,170318017023
27.0,0.0,4.0,35.0,2.0,0.0,4.0,1.0,0.0,12.0,89.0,4.0,74.0,90.09170538063789,0.0,0.0,342.0917053806379,17,031,801702,4,170318017024
4.0,26.0,73.0,25.0,22.0,3.0,9.0,21.0,22.0,145.0,90.0,121.0,340.0,96.9181365566348,0.0,0.0,997.9181365566349,17,031,801800,1,170318018001
11.0,4.0,5.0,5.0,3.0,41.0,21.0,35.0,39.0,0.0,91.0,114.0,50.0,89.20393677490908,0.0,0.0,508.2039367749091,17,031,801800,2,170318018002
20.0,19.0,0.0,6.0,2.0,17.0,77.0,4.0,183.0,0.0,100.0,101.0,214.0,114.8264311759969,0.0,0.0,857.826431175997,17,031,801800,3,170318018003
19.0,6.0,30.0,2.0,1.0,2.0,16.0,66.0,35.0,98.0,160.0,140.0,129.0,86.90805400819414,0.0,0.0,790.9080540081941,17,031,801800,4,170318018004
1.0,82.0,73.0,1.0,77.0,78.0,25.0,67.0,138.0,213.0,282.0,310.0,197.0,97.77529660028966,0.0,0.0,1641.7752966002897,17,031,801901,1,170318019011
23.0,27.0,97.0,54.0,46.0,75.0,0.0,35.0,93.0,61.0,70.0,247.0,147.0,113.765214051849,0.0,0.0,1088.765214051849,17,031,801901,2,170318019012
3.0,0.0,16.0,9.0,1.0,4.0,15.0,101.0,0.0,12.0,3.0,117.0,26.0,100.1938542264684,0.0,0.0,407.19385422646843,17,031,801901,3,170318019013
0.0,0.0,3.0,0.0,5.0,18.0,3.0,25.0,17.0,20.0,51.0,22.0,127.0,100.76509374626501,0.0,0.0,391.765093746265,17,031,801902,1,170318019021
12.0,1.0,2.0,0.0,45.0,13.0,2.0,1.0,2.0,103.0,39.0,47.0,213.0,94.99987969441602,0.0,0.0,574.999879694416,17,031,801902,2,170318019022
1.0,44.0,7.0,99.0,26.0,15.0,9.0,4.0,27.0,29.0,101.0,28.0,74.0,91.20405708049307,0.0,0.0,555.204057080493,17,031,801902,3,170318019023
24.0,3.0,41.0,16.0,229.0,52.0,20.0,11.0,105.0,190.0,126.0,464.0,424.0,105.42827925786747,0.0,0.0,1810.4282792578674,17,031,802002,1,170318020021
2.0,12.0,73.0,20.0,73.0,57.0,155.0,27.0,14.0,54.0,317.0,381.0,180.0,92.94874511870876,0.0,0.0,1457.9487451187088,17,031,802002,2,170318020022
1.0,45.0,87.0,31.0,66.0,212.0,61.0,79.0,114.0,149.0,41.0,393.0,477.0,88.4181967094268,0.0,0.0,1844.4181967094269,17,031,802003,1,170318020031
12.0,5.0,13.0,0.0,26.0,42.0,29.0,48.0,28.0,111.0,163.0,128.0,48.0,109.0,0.0,0.0,762.0,17,031,802004,1,170318020041
113.0,4.0,534.0,86.0,0.0,210.0,106.0,2.0,193.0,7.0,5.0,37.0,19.0,92.38770845293682,0.0,0.0,1408.3877084529367,17,031,802004,2,170318020042
132.0,19.0,63.0,160.0,0.0,2.0,109.0,64.0,61.0,143.0,102.0,199.0,193.0,91.4181967094268,0.0,0.0,1338.4181967094269,17,031,802004,3,170318020043
179.0,9.0,27.0,5.0,118.0,100.0,0.0,112.0,52.0,151.0,168.0,172.0,72.0,83.0,0.0,0.0,1248.0,17,031,802004,4,170318020044
0.0,37.0,1.0,2.0,39.0,2.0,13.0,0.0,4.0,8.0,4.0,24.0,57.0,97.73460548977503,0.0,0.0,288.73460548977505,17,031,802100,1,170318021001
5.0,68.0,4.0,5.0,0.0,4.0,1.0,50.0,14.0,17.0,109.0,42.0,63.0,103.14283995634514,0.0,0.0,485.14283995634514,17,031,802100,2,170318021002
1.0,0.0,40.0,24.0,0.0,79.0,17.0,66.0,17.0,62.0,106.0,304.0,106.0,95.765214051849,0.0,0.0,917.765214051849,17,031,802100,3,170318021003
0.0,5.0,0.0,109.0,9.0,18.0,0.0,27.0,2.0,2.0,41.0,77.0,48.0,106.53054840928196,0.0,0.0,444.53054840928195,17,031,802200,1,170318022001
114.0,14.0,3.0,62.0,35.0,26.0,53.0,14.0,83.0,67.0,26.0,110.0,172.0,110.85703973807087,0.0,0.0,889.8570397380709,17,031,802200,2,170318022002
17.0,40.0,21.0,2.0,15.0,143.0,12.0,68.0,9.0,70.0,89.0,175.0,113.0,98.83651372443758,0.0,0.0,872.8365137244376,17,031,802200,3,170318022003
495.0,97.0,145.0,151.0,162.0,269.0,55.0,12.0,23.0,313.0,455.0,449.0,333.0,100.16300505322648,0.0,0.0,3059.1630050532267,17,031,802300,1,170318023001
2.0,41.0,274.0,87.0,32.0,113.0,56.0,78.0,14.0,138.0,176.0,166.0,98.0,95.79582261392295,0.0,0.0,1370.7958226139228,17,031,802402,1,170318024021
2.0,69.0,12.0,12.0,57.0,30.0,49.0,4.0,33.0,92.0,99.0,193.0,57.0,92.66306520601847,0.0,0.0,801.6630652060185,17,031,802402,2,170318024022
247.0,52.0,96.0,40.0,12.0,54.0,18.0,8.0,22.0,85.0,32.0,92.0,78.0,99.0,0.0,0.0,935.0,17,031,802402,3,170318024023
57.0,0.0,30.0,339.0,61.0,228.0,0.0,1.0,21.0,41.0,88.0,62.0,77.0,90.94886542429275,0.0,0.0,1095.9488654242928,17,031,802402,4,170318024024
36.0,18.0,6.0,72.0,20.0,51.0,105.0,69.0,60.0,142.0,181.0,184.0,196.0,97.9386625702681,0.0,0.0,1237.9386625702682,17,031,802403,1,170318024031
169.0,265.0,4.0,41.0,1.0,8.0,47.0,240.0,116.0,439.0,172.0,210.0,208.0,98.73460548977503,0.0,0.0,2018.734605489775,17,031,802404,1,170318024041
247.0,43.0,4.0,71.0,256.0,119.0,96.0,160.0,51.0,465.0,191.0,112.0,219.0,100.0,0.0,0.0,2134.0,17,031,802404,2,170318024042
12.0,1.0,3.0,72.0,18.0,102.0,211.0,9.0,25.0,0.0,103.0,48.0,140.0,98.37750559891217,0.0,0.0,842.3775055989122,17,031,802404,3,170318024043
177.0,311.0,53.0,70.0,65.0,139.0,57.0,105.0,2.0,172.0,98.0,225.0,57.0,87.31628847476425,0.0,0.0,1618.3162884747642,17,031,802404,4,170318024044
1.0,47.0,4.0,4.0,3.0,0.0,25.0,20.0,72.0,63.0,135.0,168.0,169.0,76.17332821283512,0.0,0.0,787.1733282128351,17,031,802503,1,170318025031
193.0,93.0,60.0,59.0,133.0,48.0,8.0,2.0,5.0,244.0,293.0,194.0,177.0,92.22446278854237,0.0,0.0,1601.2244627885423,17,031,802503,2,170318025032
61.0,17.0,2.0,25.0,14.0,109.0,0.0,23.0,4.0,70.0,262.0,262.0,312.0,109.02016509688133,0.0,0.0,1270.0201650968813,17,031,802503,3,170318025033
0.0,1.0,10.0,15.0,10.0,181.0,41.0,27.0,0.0,35.0,123.0,111.0,54.0,97.36730274488752,0.0,0.0,705.3673027448875,17,031,802503,4,170318025034
0.0,52.0,38.0,115.0,50.0,23.0,61.0,80.0,217.0,99.0,191.0,97.0,249.0,128.2447481910077,0.0,0.0,1400.2447481910076,17,031,802504,1,170318025041
3.0,2.0,2.0,46.0,3.0,48.0,0.0,43.0,2.0,205.0,164.0,363.0,202.0,96.0,0.0,0.0,1179.0,17,031,802504,2,170318025042
10.0,1.0,29.0,59.0,68.0,82.0,60.0,0.0,33.0,268.0,275.0,284.0,307.0,85.06109681856393,0.0,0.0,1561.061096818564,17,031,802504,3,170318025043
61.0,24.0,73.0,108.0,37.0,8.0,41.0,1.0,4.0,56.0,209.0,179.0,155.0,120.55059320057931,0.0,0.0,1076.5505932005792,17,031,802504,4,170318025044
127.0,191.0,17.0,35.0,256.0,256.0,163.0,120.0,26.0,286.0,458.0,509.0,123.0,104.37750559891217,0.0,0.0,2671.377505598912,17,031,802505,1,170318025051
2.0,0.0,0.0,2.0,0.0,134.0,0.0,2.0,122.0,84.0,89.0,326.0,8.0,93.6325769495285,0.0,0.0,862.6325769495285,17,031,802505,2,170318025052
163.0,165.0,59.0,132.0,240.0,133.0,192.0,205.0,118.0,310.0,306.0,494.0,283.0,111.34677673125422,0.0,0.0,2911.346776731254,17,031,802505,3,170318025053
3.0,25.0,93.0,37.0,150.0,61.0,94.0,37.0,0.0,230.0,148.0,256.0,96.0,101.39791130696148,0.0,0.0,1331.3979113069615,17,031,802506,1,170318025061
249.0,4.0,2.0,33.0,141.0,67.0,1.0,55.0,133.0,70.0,50.0,117.0,86.0,103.26527420464097,0.0,0.0,1111.265274204641,17,031,802506,2,170318025062
92.0,1.0,12.0,20.0,0.0,73.0,5.0,39.0,102.0,181.0,360.0,122.0,12.0,79.92845971624344,0.0,0.0,1098.9284597162434,17,031,802605,1,170318026051
2.0,14.0,56.0,79.0,71.0,215.0,66.0,41.0,18.0,150.0,167.0,150.0,65.0,84.92845971624344,0.0,0.0,1178.9284597162434,17,031,802605,2,170318026052
23.0,0.0,16.0,7.0,67.0,2.0,2.0,4.0,1.0,5.0,53.0,371.0,193.0,81.43848211189211,0.0,0.0,825.4384821118921,17,031,802605,3,170318026053
3.0,2.0,3.0,3.0,24.0,0.0,116.0,62.0,1.0,41.0,155.0,425.0,114.0,92.19361361530045,0.0,0.0,1041.1936136153004,17,031,802605,4,170318026054
47.0,20.0,3.0,36.0,6.0,51.0,37.0,35.0,29.0,120.0,124.0,238.0,187.0,108.67338836562712,0.0,0.0,1041.673388365627,17,031,802605,5,170318026055
8.0,1.0,14.0,5.0,17.0,16.0,20.0,97.0,168.0,18.0,175.0,170.0,165.0,113.28567991269028,0.0,0.0,987.2856799126903,17,031,802607,1,170318026071
21.0,47.0,25.0,66.0,74.0,71.0,74.0,86.0,12.0,316.0,253.0,143.0,188.0,88.9386625702681,0.0,0.0,1464.9386625702682,17,031,802608,1,170318026081
87.0,102.0,38.0,235.0,97.0,101.0,74.0,8.0,146.0,184.0,346.0,300.0,237.0,97.48949638201537,0.0,0.0,2052.489496382015,17,031,802608,2,170318026082
8.0,0.0,7.0,24.0,17.0,5.0,23.0,2.0,28.0,24.0,198.0,235.0,70.0,83.92833941065946,0.0,0.0,724.9283394106594,17,031,802608,3,170318026083
5.0,16.0,42.0,39.0,60.0,58.0,69.0,67.0,2.0,47.0,188.0,124.0,162.0,111.0,0.0,0.0,990.0,17,031,802608,4,170318026084
151.0,1.0,96.0,62.0,109.0,6.0,3.0,126.0,36.0,356.0,305.0,336.0,114.0,97.30596531515562,0.0,0.0,1798.3059653151556,17,031,802609,1,170318026091
81.0,1.0,2.0,135.0,100.0,6.0,1.0,4.0,2.0,4.0,145.0,271.0,12.0,93.0,0.0,0.0,857.0,17,031,802609,2,170318026092
40.0,93.0,67.0,64.0,79.0,53.0,97.0,13.0,78.0,70.0,227.0,270.0,125.0,96.0,0.0,0.0,1372.0,17,031,802609,3,170318026093
221.0,14.0,22.0,165.0,160.0,155.0,160.0,234.0,170.0,130.0,162.0,283.0,59.0,91.28567991269028,0.0,0.0,2026.2856799126903,17,031,802609,4,170318026094
0.0,27.0,34.0,68.0,82.0,4.0,34.0,92.0,10.0,27.0,71.0,398.0,212.0,106.65286235199382,0.0,0.0,1165.652862351994,17,031,802610,1,170318026101
46.0,0.0,2.0,81.0,348.0,35.0,175.0,76.0,120.0,387.0,608.0,84.0,151.0,83.0,0.0,0.0,2196.0,17,031,802701,1,170318027011
4.0,0.0,30.0,11.0,2.0,7.0,1.0,118.0,54.0,105.0,280.0,525.0,192.0,89.53042810369799,0.0,0.0,1418.530428103698,17,031,802701,2,170318027012
2.0,24.0,1.0,21.0,2.0,20.0,4.0,29.0,4.0,1.0,30.0,232.0,204.0,101.59176553342988,0.0,0.0,675.5917655334299,17,031,802701,3,170318027013
35.0,1.0,21.0,2.0,58.0,3.0,39.0,158.0,4.0,94.0,130.0,194.0,158.0,92.9181365566348,0.0,0.0,989.9181365566347,17,031,802701,4,170318027014
79.0,97.0,107.0,79.0,119.0,9.0,54.0,87.0,71.0,143.0,102.0,256.0,94.0,95.04069111051463,0.0,0.0,1392.0406911105147,17,031,802702,1,170318027021
37.0,95.0,3.0,3.0,2.0,3.0,114.0,94.0,2.0,56.0,67.0,561.0,297.0,102.36718243930353,0.0,0.0,1436.3671824393036,17,031,802702,2,170318027022
26.0,16.0,0.0,0.0,16.0,15.0,3.0,24.0,0.0,19.0,84.0,115.0,161.0,97.4181967094268,0.0,0.0,576.4181967094268,17,031,802702,3,170318027023
1.0,5.0,6.0,23.0,27.0,0.0,14.0,34.0,104.0,73.0,52.0,55.0,40.0,136.45912843110938,0.0,0.0,570.4591284311094,17,031,802801,1,170318028011
88.0,3.0,3.0,219.0,2.0,6.0,61.0,89.0,60.0,12.0,103.0,36.0,201.0,92.10178792907857,0.0,0.0,975.1017879290786,17,031,802801,2,170318028012
3.0,4.0,5.0,2.0,0.0,7.0,1.0,4.0,0.0,47.0,219.0,66.0,53.0,101.29588276671494,0.0,0.0,512.295882766715,17,031,802801,3,170318028013
1.0,1.0,25.0,1.0,65.0,40.0,4.0,8.0,30.0,28.0,130.0,142.0,36.0,76.06109681856393,0.0,0.0,587.0610968185639,17,031,802801,4,170318028014
5.0,7.0,8.0,12.0,21.0,2.0,41.0,41.0,1.0,40.0,25.0,157.0,159.0,100.69367376809242,0.0,0.0,619.6936737680925,17,031,802801,5,170318028015
4.0,17.0,1.0,3.0,2.0,134.0,2.0,318.0,0.0,65.0,122.0,74.0,416.0,120.14271965076117,0.0,0.0,1278.1427196507611,17,031,802802,1,170318028021
97.0,2.0,3.0,25.0,4.0,4.0,2.0,131.0,128.0,100.0,65.0,244.0,240.0,100.56115697135593,0.0,0.0,1145.561156971356,17,031,802802,2,170318028022
2.0,2.0,56.0,146.0,86.0,16.0,5.0,14.0,6.0,17.0,132.0,159.0,363.0,95.71407947614173,0.0,0.0,1099.7140794761417,17,031,802802,3,170318028023
3.0,34.0,24.0,39.0,9.0,41.0,0.0,0.0,3.0,156.0,112.0,141.0,91.0,110.98955653480738,0.0,0.0,763.9895565348073,17,031,802802,4,170318028024
2.0,2.0,0.0,155.0,83.0,120.0,154.0,31.0,21.0,46.0,31.0,38.0,163.0,90.08150252661324,0.0,0.0,936.0815025266132,17,031,802802,5,170318028025
88.0,3.0,3.0,23.0,3.0,43.0,18.0,57.0,15.0,85.0,20.0,74.0,51.0,105.27535675308165,0.0,0.0,588.2753567530816,17,031,802900,1,170318029001
18.0,88.0,2.0,13.0,16.0,17.0,89.0,2.0,1.0,19.0,49.0,313.0,115.0,108.28555960710631,0.0,0.0,850.2855596071063,17,031,802900,2,170318029002
2.0,4.0,50.0,114.0,126.0,111.0,5.0,1.0,135.0,102.0,206.0,172.0,244.0,103.06061559622799,0.0,0.0,1375.060615596228,17,031,802900,3,170318029003
8.0,4.0,2.0,5.0,66.0,2.0,3.0,4.0,65.0,17.0,197.0,139.0,156.0,91.98967684039135,0.0,0.0,759.9896768403913,17,031,802900,4,170318029004
22.0,1.0,0.0,15.0,0.0,4.0,11.0,99.0,4.0,92.0,17.0,89.0,95.0,116.10190823466255,0.0,0.0,565.1019082346626,17,031,803005,1,170318030051
108.0,61.0,76.0,31.0,47.0,74.0,44.0,173.0,52.0,141.0,166.0,255.0,61.0,126.8264311759969,0.0,0.0,1415.826431175997,17,031,803005,2,170318030052
43.0,5.0,2.0,91.0,34.0,6.0,1.0,90.0,98.0,120.0,13.0,59.0,206.0,93.0,0.0,0.0,861.0,17,031,803007,1,170318030071
84.0,1.0,7.0,0.0,4.0,0.0,43.0,2.0,6.0,120.0,64.0,117.0,11.0,103.46897036838209,0.0,0.0,562.4689703683821,17,031,803007,2,170318030072
12.0,191.0,161.0,1.0,36.0,79.0,2.0,6.0,45.0,85.0,120.0,175.0,468.0,94.61205093589521,0.0,0.0,1475.6120509358952,17,031,803007,3,170318030073
52.0,9.0,25.0,9.0,10.0,57.0,6.0,217.0,7.0,157.0,109.0,169.0,270.0,91.66318551160245,0.0,0.0,1188.6631855116025,17,031,803008,1,170318030081
3.0,0.0,2.0,40.0,11.0,6.0,2.0,34.0,6.0,109.0,12.0,133.0,115.0,90.35697958527888,0.0,0.0,563.3569795852789,17,031,803008,2,170318030082
46.0,11.0,5.0,2.0,119.0,33.0,38.0,42.0,31.0,118.0,122.0,281.0,306.0,96.62225378991985,0.0,0.0,1250.6222537899198,17,031,803008,3,170318030083
4.0,102.0,0.0,38.0,102.0,2.0,13.0,35.0,15.0,3.0,29.0,184.0,97.0,118.79582261392295,0.0,0.0,742.795822613923,17,031,803010,1,170318030101
18.0,0.0,3.0,1.0,14.0,3.0,40.0,3.0,33.0,55.0,162.0,6.0,204.0,90.67338836562712,0.0,0.0,632.6733883656271,17,031,803010,2,170318030102
2.0,2.0,1.0,18.0,3.0,27.0,50.0,5.0,0.0,35.0,47.0,135.0,112.0,102.46909067396608,0.0,0.0,539.4690906739661,17,031,803010,3,170318030103
76.0,5.0,5.0,3.0,45.0,2.0,20.0,32.0,16.0,108.0,209.0,218.0,297.0,98.9181365566348,0.0,0.0,1134.9181365566349,17,031,803010,4,170318030104
0.0,6.0,12.0,98.0,93.0,66.0,111.0,237.0,97.0,186.0,253.0,398.0,223.0,93.37750559891217,0.0,0.0,1873.3775055989122,17,031,803012,1,170318030121
141.0,76.0,188.0,142.0,210.0,22.0,178.0,200.0,114.0,44.0,183.0,171.0,69.0,78.1121110886872,0.0,0.0,1816.1121110886872,17,031,803013,1,170318030131
4.0,42.0,52.0,32.0,18.0,18.0,2.0,1.0,6.0,42.0,139.0,469.0,438.0,99.62225378991985,0.0,0.0,1362.6222537899198,17,031,803013,2,170318030132
7.0,1.0,15.0,22.0,2.0,15.0,3.0,55.0,8.0,41.0,23.0,231.0,203.0,102.19349330971646,0.0,0.0,728.1934933097165,17,031,803013,3,170318030133
7.0,12.0,126.0,12.0,10.0,67.0,5.0,140.0,52.0,231.0,269.0,304.0,234.0,92.75501119782433,0.0,0.0,1561.7550111978244,17,031,803014,1,170318030141
107.0,78.0,172.0,9.0,1.0,106.0,27.0,121.0,3.0,110.0,100.0,132.0,177.0,111.1529225047858,0.0,0.0,1254.152922504786,17,031,803014,2,170318030142
4.0,12.0,1.0,38.0,45.0,18.0,22.0,5.0,36.0,180.0,134.0,226.0,278.0,107.7038766221171,0.0,0.0,1106.7038766221171,17,031,803015,1,170318030151
36.0,230.0,52.0,221.0,59.0,58.0,168.0,35.0,9.0,238.0,76.0,3.0,153.0,93.32637102320491,0.0,0.0,1431.326371023205,17,031,803015,2,170318030152
4.0,5.0,5.0,29.0,32.0,22.0,6.0,21.0,8.0,74.0,209.0,248.0,124.0,93.25507135061633,0.0,0.0,880.2550713506163,17,031,803015,3,170318030153
45.0,49.0,52.0,31.0,69.0,28.0,71.0,42.0,41.0,162.0,370.0,467.0,193.0,104.77529660028966,0.0,0.0,1724.7752966002897,17,031,803016,1,170318030161
3.0,2.0,53.0,19.0,1.0,25.0,124.0,126.0,64.0,244.0,90.0,201.0,201.0,107.19361361530045,0.0,0.0,1260.1936136153004,17,031,803017,1,170318030171
3.0,2.0,37.0,99.0,0.0,62.0,2.0,4.0,38.0,324.0,155.0,441.0,89.0,104.87720483495221,0.0,0.0,1360.8772048349522,17,031,803017,2,170318030172
96.0,9.0,3.0,154.0,64.0,6.0,0.0,43.0,5.0,174.0,228.0,143.0,51.0,88.90805400819414,0.0,0.0,1064.908054008194,17,031,803017,3,170318030173
38.0,11.0,46.0,1.0,34.0,2.0,80.0,99.0,0.0,42.0,221.0,183.0,357.0,90.36706213371954,0.0,0.0,1204.3670621337196,17,031,803100,1,170318031001
19.0,3.0,6.0,1.0,9.0,44.0,34.0,24.0,61.0,45.0,78.0,241.0,156.0,88.95894797273341,0.0,0.0,809.9589479727334,17,031,803100,2,170318031002
38.0,3.0,2.0,37.0,19.0,47.0,77.0,6.0,103.0,90.0,134.0,280.0,148.0,113.96927113234206,0.0,0.0,1097.969271132342,17,031,803200,1,170318032001
7.0,92.0,154.0,100.0,150.0,38.0,45.0,89.0,0.0,167.0,278.0,430.0,223.0,90.90805400819414,0.0,0.0,1863.908054008194,17,031,803200,2,170318032002
3.0,148.0,41.0,63.0,0.0,77.0,18.0,84.0,67.0,24.0,26.0,108.0,252.0,93.0,0.0,0.0,1004.0,17,031,803200,3,170318032003
2.0,3.0,57.0,138.0,1.0,71.0,139.0,195.0,59.0,173.0,200.0,509.0,200.0,101.9181365566348,0.0,0.0,1848.9181365566349,17,031,803300,1,170318033001
236.0,157.0,78.0,13.0,44.0,49.0,101.0,22.0,2.0,69.0,1.0,200.0,216.0,95.66306520601847,0.0,0.0,1283.6630652060185,17,031,803300,2,170318033002
5.0,55.0,94.0,3.0,133.0,78.0,29.0,5.0,84.0,80.0,165.0,151.0,204.0,81.26527420464097,0.0,0.0,1167.265274204641,17,031,803300,3,170318033003
22.0,13.0,6.0,87.0,0.0,3.0,2.0,4.0,120.0,244.0,24.0,175.0,19.0,88.79582261392295,0.0,0.0,807.795822613923,17,031,803400,1,170318034001
10.0,5.0,0.0,2.0,6.0,5.0,18.0,4.0,29.0,0.0,47.0,120.0,60.0,99.66318551160245,0.0,0.0,405.6631855116025,17,031,803400,2,170318034002
1.0,6.0,0.0,127.0,2.0,1.0,7.0,74.0,0.0,1.0,64.0,5.0,63.0,89.85691943248688,0.0,0.0,440.8569194324869,17,031,803400,3,170318034003
5.0,2.0,0.0,112.0,68.0,24.0,0.0,23.0,19.0,70.0,21.0,201.0,113.0,94.58144237382125,0.0,0.0,752.5814423738212,17,031,803400,4,170318034004
0.0,31.0,0.0,22.0,50.0,0.0,4.0,0.0,2.0,46.0,71.0,227.0,90.0,91.38770845293682,0.0,0.0,634.3877084529369,17,031,803400,5,170318034005
0.0,0.0,0.0,24.0,26.0,18.0,85.0,26.0,34.0,44.0,10.0,247.0,240.0,105.72428233016639,0.0,0.0,859.7242823301664,17,031,803400,6,170318034006
40.0,4.0,102.0,12.0,2.0,0.0,50.0,4.0,1.0,21.0,82.0,75.0,44.0,82.0,0.0,0.0,519.0,17,031,803500,1,170318035001
1.0,0.0,33.0,6.0,7.0,2.0,3.0,4.0,2.0,2.0,99.0,171.0,148.0,84.42827925786747,0.0,0.0,562.4282792578674,17,031,803500,2,170318035002
4.0,98.0,76.0,43.0,9.0,65.0,20.0,48.0,43.0,152.0,90.0,406.0,142.0,110.31628847476425,0.0,0.0,1306.3162884747642,17,031,803500,3,170318035003
61.0,0.0,37.0,9.0,2.0,29.0,6.0,41.0,38.0,1.0,334.0,512.0,60.0,93.0712996725886,0.0,0.0,1223.0712996725886,17,031,803500,4,170318035004
3.0,2.0,0.0,41.0,0.0,5.0,34.0,89.0,3.0,3.0,147.0,2.0,193.0,89.66306520601847,0.0,0.0,611.6630652060185,17,031,803500,5,170318035005
2.0,20.0,0.0,118.0,170.0,24.0,171.0,35.0,13.0,37.0,174.0,283.0,210.0,88.42839956345145,0.0,0.0,1345.4283995634514,17,031,803603,1,170318036031
3.0,0.0,4.0,6.0,25.0,0.0,0.0,34.0,0.0,193.0,29.0,151.0,196.0,88.0,0.0,0.0,729.0,17,031,803603,2,170318036032
21.0,20.0,5.0,18.0,5.0,0.0,60.0,42.0,34.0,66.0,106.0,293.0,397.0,99.54051065213865,0.0,0.0,1166.5405106521387,17,031,803603,3,170318036033
1.0,2.0,3.0,5.0,4.0,16.0,0.0,57.0,6.0,69.0,23.0,54.0,138.0,109.29576246113096,0.0,0.0,487.29576246113095,17,031,803603,4,170318036034
38.0,2.0,33.0,20.0,82.0,43.0,34.0,103.0,23.0,99.0,169.0,170.0,53.0,113.39791130696148,0.0,0.0,982.3979113069614,17,031,803604,1,170318036041
1.0,5.0,165.0,6.0,4.0,0.0,56.0,65.0,31.0,66.0,94.0,131.0,338.0,106.62237409550384,0.0,0.0,1068.6223740955038,17,031,803604,2,170318036042
3.0,0.0,52.0,88.0,2.0,3.0,3.0,3.0,12.0,72.0,119.0,137.0,122.0,88.90805400819414,0.0,0.0,704.9080540081941,17,031,803604,3,170318036043
0.0,1.0,14.0,66.0,3.0,1.0,0.0,24.0,2.0,72.0,80.0,100.0,61.0,93.37750559891217,0.0,0.0,517.3775055989122,17,031,803604,4,170318036044
1.0,34.0,10.0,5.0,2.0,21.0,77.0,2.0,93.0,6.0,175.0,146.0,148.0,83.29576246113096,0.0,0.0,803.295762461131,17,031,803605,1,170318036051
124.0,28.0,6.0,3.0,0.0,24.0,50.0,15.0,5.0,33.0,21.0,10.0,179.0,109.79570230833897,0.0,0.0,607.795702308339,17,031,803605,2,170318036052
2.0,6.0,5.0,17.0,22.0,3.0,26.0,0.0,2.0,12.0,135.0,141.0,321.0,91.7037563165331,0.0,0.0,783.7037563165331,17,031,803605,3,170318036053
288.0,174.0,26.0,145.0,7.0,89.0,90.0,62.0,239.0,113.0,811.0,500.0,498.0,85.0,0.0,0.0,3127.0,17,031,803605,4,170318036054
42.0,383.0,354.0,236.0,200.0,94.0,20.0,112.0,72.0,357.0,2.0,90.0,173.0,82.0,0.0,0.0,2217.0,17,031,803606,1,170318036061
138.0,4.0,235.0,157.0,373.0,5.0,217.0,65.0,163.0,405.0,110.0,173.0,152.0,110.0,0.0,0.0,2307.0,17,031,803606,2,170318036062
71.0,346.0,124.0,213.0,261.0,158.0,248.0,206.0,161.0,335.0,340.0,719.0,19.0,86.0,0.0,0.0,3287.0,17,031,803606,3,170318036063
0.0,32.0,219.0,56.0,8.0,66.0,122.0,11.0,57.0,228.0,151.0,129.0,14.0,102.0,0.0,0.0,1195.0,17,031,803606,4,170318036064
5.0,3.0,14.0,3.0,0.0,15.0,1.0,27.0,59.0,14.0,176.0,40.0,218.0,80.94886542429275,0.0,0.0,655.9488654242928,17,031,803607,1,170318036071
12.0,5.0,0.0,18.0,5.0,17.0,19.0,58.0,0.0,45.0,3.0,135.0,276.0,100.42839956345145,0.0,0.0,693.4283995634514,17,031,803607,2,170318036072
0.0,2.0,7.0,18.0,9.0,55.0,3.0,67.0,35.0,86.0,124.0,347.0,622.0,81.77529660028966,0.0,0.0,1456.7752966002897,17,031,803607,3,170318036073
9.0,0.0,2.0,0.0,15.0,2.0,37.0,1.0,3.0,129.0,83.0,248.0,133.0,84.32637102320491,0.0,0.0,746.326371023205,17,031,803607,4,170318036074
18.0,49.0,2.0,49.0,48.0,32.0,64.0,52.0,110.0,82.0,87.0,119.0,201.0,91.52022524967333,0.0,0.0,1004.5202252496733,17,031,803608,1,170318036081
104.0,79.0,69.0,141.0,29.0,139.0,31.0,123.0,180.0,228.0,548.0,282.0,322.0,88.58156267940524,0.0,0.0,2363.581562679405,17,031,803608,2,170318036082
151.0,0.0,9.0,58.0,111.0,98.0,140.0,133.0,78.0,262.0,114.0,498.0,328.0,111.24474819100769,0.0,0.0,2091.2447481910076,17,031,803608,3,170318036083
16.0,7.0,0.0,14.0,31.0,28.0,3.0,53.0,34.0,16.0,95.0,269.0,354.0,104.765214051849,0.0,0.0,1024.765214051849,17,031,803610,1,170318036101
3.0,4.0,0.0,2.0,0.0,8.0,64.0,18.0,93.0,68.0,267.0,136.0,75.0,89.37750559891217,0.0,0.0,827.3775055989122,17,031,803610,2,170318036102
24.0,8.0,90.0,4.0,60.0,5.0,77.0,95.0,0.0,211.0,243.0,270.0,225.0,99.08150252661324,0.0,0.0,1411.0815025266133,17,031,803610,3,170318036103
350.0,12.0,203.0,83.0,32.0,190.0,174.0,118.0,128.0,163.0,236.0,433.0,317.0,91.06109681856393,0.0,0.0,2530.061096818564,17,031,803610,4,170318036104
3.0,0.0,6.0,5.0,1.0,54.0,7.0,1.0,1.0,21.0,153.0,194.0,111.0,83.33669418281356,0.0,0.0,640.3366941828135,17,031,803611,1,170318036111
1.0,0.0,124.0,120.0,0.0,1.0,30.0,98.0,149.0,263.0,37.0,76.0,116.0,96.59176553342988,0.0,0.0,1111.59176553343,17,031,803611,2,170318036112
69.0,3.0,30.0,212.0,113.0,3.0,190.0,0.0,123.0,59.0,174.0,221.0,157.0,101.3060856207396,0.0,0.0,1455.3060856207396,17,031,803611,3,170318036113
0.0,2.0,9.0,6.0,19.0,7.0,9.0,43.0,49.0,86.0,58.0,89.0,72.0,94.52034555525731,0.0,0.0,543.5203455552573,17,031,803611,4,170318036114
143.0,0.0,104.0,142.0,41.0,1.0,144.0,251.0,67.0,123.0,196.0,102.0,196.0,98.4386024174761,0.0,0.0,1608.4386024174762,17,031,803611,5,170318036115
48.0,1.0,177.0,168.0,295.0,222.0,107.0,132.0,100.0,204.0,464.0,163.0,10.0,113.67338836562712,0.0,0.0,2204.673388365627,17,031,803612,1,170318036121
50.0,0.0,4.0,9.0,6.0,36.0,73.0,157.0,133.0,150.0,82.0,190.0,202.0,96.54075126330662,0.0,0.0,1188.5407512633067,17,031,803612,2,170318036122
58.0,3.0,0.0,74.0,60.0,1.0,6.0,84.0,29.0,79.0,140.0,115.0,131.0,96.33669418281356,0.0,0.0,876.3366941828135,17,031,803701,1,170318037011
94.0,46.0,116.0,45.0,95.0,54.0,5.0,9.0,45.0,50.0,78.0,107.0,130.0,104.4181967094268,0.0,0.0,978.4181967094268,17,031,803701,2,170318037012
0.0,17.0,5.0,11.0,2.0,1.0,2.0,3.0,48.0,85.0,132.0,60.0,22.0,83.9386625702681,0.0,0.0,471.9386625702681,17,031,803702,1,170318037021
130.0,3.0,20.0,4.0,1.0,34.0,55.0,0.0,80.0,43.0,3.0,176.0,177.0,103.44856466033278,0.0,0.0,829.4485646603327,17,031,803702,2,170318037022
4.0,47.0,9.0,237.0,119.0,14.0,126.0,120.0,49.0,100.0,123.0,236.0,227.0,95.36730274488752,0.0,0.0,1506.3673027448874,17,031,803702,3,170318037023
44.0,1.0,6.0,149.0,20.0,170.0,70.0,88.0,3.0,150.0,1.0,159.0,215.0,104.29576246113096,0.0,0.0,1180.295762461131,17,031,803702,4,170318037024
43.0,3.0,3.0,14.0,5.0,16.0,46.0,120.0,71.0,99.0,155.0,60.0,202.0,103.38758814735283,0.0,0.0,940.3875881473529,17,031,803800,1,170318038001
0.0,1.0,7.0,1.0,13.0,43.0,3.0,3.0,47.0,28.0,80.0,179.0,236.0,96.27547705866564,0.0,0.0,737.2754770586656,17,031,803800,2,170318038002
2.0,28.0,95.0,84.0,0.0,31.0,3.0,47.0,16.0,136.0,266.0,236.0,237.0,84.18341076127578,0.0,0.0,1265.1834107612758,17,031,803800,3,170318038003
76.0,0.0,0.0,2.0,120.0,53.0,2.0,38.0,16.0,105.0,7.0,146.0,171.0,101.65298265757781,0.0,0.0,837.6529826575778,17,031,803800,4,170318038004
51.0,40.0,144.0,86.0,145.0,198.0,61.0,20.0,64.0,101.0,292.0,233.0,42.0,110.17332821283512,0.0,0.0,1587.173328212835,17,031,803901,1,170318039011
30.0,3.0,45.0,127.0,54.0,44.0,3.0,52.0,116.0,52.0,82.0,195.0,228.0,86.44880527150076,0.0,0.0,1117.4488052715008,17,031,803901,2,170318039012
17.0,2.0,49.0,1.0,20.0,4.0,4.0,181.0,15.0,16.0,229.0,210.0,248.0,103.51002239564868,0.0,0.0,1099.5100223956488,17,031,803902,1,170318039021
0.0,0.0,0.0,90.0,20.0,44.0,71.0,9.0,18.0,144.0,96.0,107.0,167.0,101.69379407367641,0.0,0.0,867.6937940736764,17,031,803902,2,170318039022
0.0,19.0,53.0,69.0,0.0,37.0,87.0,12.0,0.0,58.0,158.0,323.0,107.0,105.39791130696148,0.0,0.0,1028.3979113069615,17,031,803902,3,170318039023
44.0,1.0,98.0,33.0,25.0,88.0,28.0,28.0,147.0,208.0,212.0,235.0,260.0,107.84671657846224,0.0,0.0,1514.8467165784623,17,031,804000,1,170318040001
60.0,59.0,21.0,135.0,32.0,55.0,103.0,243.0,204.0,231.0,228.0,472.0,322.0,86.10190823466255,0.0,0.0,2251.1019082346625,17,031,804000,2,170318040002
46.0,0.0,1.0,27.0,18.0,25.0,11.0,34.0,133.0,1.0,49.0,432.0,383.0,89.63245664394452,0.0,0.0,1249.6324566439446,17,031,804102,1,170318041021
2.0,3.0,2.0,2.0,50.0,60.0,13.0,52.0,3.0,70.0,171.0,89.0,168.0,95.34677673125422,0.0,0.0,780.3467767312542,17,031,804102,2,170318041022
93.0,21.0,18.0,2.0,74.0,25.0,83.0,156.0,20.0,246.0,113.0,37.0,277.0,98.45888781994142,0.0,0.0,1263.4588878199415,17,031,804102,3,170318041023
3.0,0.0,8.0,4.0,81.0,8.0,3.0,16.0,45.0,132.0,111.0,377.0,264.0,95.03048825648997,0.0,0.0,1147.03048825649,17,031,804104,1,170318041041
0.0,95.0,8.0,35.0,49.0,6.0,69.0,32.0,68.0,153.0,107.0,253.0,489.0,77.92833941065946,0.0,0.0,1441.9283394106594,17,031,804104,2,170318041042
0.0,0.0,2.0,2.0,12.0,2.0,2.0,12.0,10.0,101.0,255.0,195.0,123.0,105.51014270123267,0.0,0.0,821.5101427012327,17,031,804104,3,170318041043
4.0,20.0,2.0,0.0,0.0,8.0,52.0,2.0,0.0,61.0,36.0,170.0,427.0,81.57111921421262,0.0,0.0,863.5711192142126,17,031,804105,1,170318041051
3.0,17.0,4.0,5.0,25.0,19.0,1.0,5.0,73.0,68.0,130.0,266.0,285.0,80.81610801638827,0.0,0.0,981.8161080163883,17,031,804105,2,170318041052
27.0,9.0,0.0,3.0,1.0,14.0,2.0,2.0,13.0,59.0,31.0,93.0,77.0,94.80590516236362,0.0,0.0,425.8059051623636,17,031,804105,3,170318041053
12.0,2.0,145.0,3.0,0.0,1.0,0.0,40.0,4.0,106.0,51.0,220.0,251.0,84.83651372443758,0.0,0.0,919.8365137244376,17,031,804106,1,170318041061
24.0,4.0,15.0,11.0,33.0,67.0,65.0,62.0,342.0,2.0,323.0,335.0,284.0,113.72440263575038,0.0,0.0,1680.7244026357503,17,031,804106,2,170318041062
40.0,25.0,23.0,96.0,1.0,7.0,1.0,2.0,71.0,6.0,145.0,188.0,134.0,126.58156267940524,0.0,0.0,865.5815626794052,17,031,804106,3,170318041063
10.0,24.0,15.0,22.0,0.0,83.0,39.0,128.0,88.0,62.0,137.0,319.0,68.0,100.54063095772264,0.0,0.0,1095.5406309577227,17,031,804106,4,170318041064
152.0,25.0,7.0,4.0,20.0,1.0,29.0,56.0,60.0,132.0,51.0,205.0,74.0,111.0,0.0,0.0,927.0,17,031,804108,1,170318041081
73.0,15.0,66.0,112.0,98.0,18.0,52.0,205.0,51.0,243.0,303.0,736.0,423.0,95.20393677490908,0.0,0.0,2490.203936774909,17,031,804108,2,170318041082
9.0,35.0,8.0,4.0,3.0,5.0,1.0,1.0,3.0,4.0,153.0,137.0,202.0,88.28555960710631,0.0,0.0,653.2855596071063,17,031,804109,1,170318041091
94.0,190.0,11.0,55.0,41.0,43.0,78.0,10.0,1.0,157.0,21.0,293.0,126.0,108.90805400819414,0.0,0.0,1228.908054008194,17,031,804109,2,170318041092
70.0,31.0,131.0,39.0,11.0,0.0,2.0,24.0,29.0,102.0,84.0,189.0,280.0,89.22434248295838,0.0,0.0,1081.2243424829585,17,031,804201,1,170318042011
37.0,28.0,123.0,7.0,148.0,5.0,265.0,1.0,6.0,70.0,2.0,166.0,186.0,88.7038766221171,0.0,0.0,1132.7038766221171,17,031,804201,2,170318042012
106.0,3.0,70.0,2.0,4.0,0.0,32.0,41.0,35.0,2.0,86.0,166.0,307.0,97.19373392088443,0.0,0.0,951.1937339208844,17,031,804201,3,170318042013
0.0,1.0,10.0,4.0,3.0,2.0,6.0,0.0,23.0,28.0,3.0,50.0,177.0,78.53054840928196,0.0,0.0,385.53054840928195,17,031,804201,4,170318042014
127.0,35.0,58.0,16.0,34.0,1.0,4.0,65.0,3.0,4.0,32.0,20.0,61.0,94.0,0.0,0.0,554.0,17,031,804202,1,170318042021
8.0,11.0,26.0,2.0,104.0,59.0,0.0,5.0,103.0,55.0,310.0,292.0,592.0,84.86700198092755,0.0,0.0,1651.8670019809276,17,031,804202,2,170318042022
46.0,1.0,1.0,5.0,48.0,2.0,1.0,72.0,7.0,27.0,6.0,1.0,140.0,84.87744544612018,0.0,0.0,441.8774454461202,17,031,804202,3,170318042023
1.0,0.0,1.0,41.0,58.0,76.0,24.0,65.0,0.0,276.0,63.0,510.0,335.0,100.5196237217534,0.0,0.0,1550.5196237217533,17,031,804202,4,170318042024
19.0,1.0,151.0,1.0,140.0,2.0,5.0,158.0,105.0,165.0,644.0,147.0,430.0,94.62237409550384,0.0,0.0,2062.622374095504,17,031,804305,1,170318043051
6.0,6.0,1.0,0.0,51.0,25.0,145.0,40.0,5.0,187.0,32.0,233.0,313.0,96.35697958527888,0.0,0.0,1140.3569795852789,17,031,804305,2,170318043052
0.0,1.0,30.0,190.0,198.0,58.0,47.0,4.0,68.0,87.0,306.0,355.0,370.0,93.0,0.0,0.0,1807.0,17,031,804305,3,170318043053
3.0,2.0,60.0,94.0,52.0,89.0,124.0,244.0,155.0,118.0,425.0,311.0,353.0,100.5916452278459,0.0,0.0,2130.5916452278457,17,031,804305,4,170318043054
2.0,11.0,212.0,25.0,34.0,56.0,155.0,48.0,114.0,310.0,299.0,317.0,286.0,83.34665642567023,0.0,0.0,1952.3466564256703,17,031,804306,1,170318043061
54.0,16.0,3.0,42.0,10.0,67.0,22.0,50.0,121.0,89.0,61.0,203.0,34.0,68.88764830014483,0.0,0.0,840.8876483001449,17,031,804306,2,170318043062
29.0,2.0,5.0,102.0,93.0,2.0,110.0,323.0,25.0,0.0,620.0,265.0,37.0,90.34677673125422,0.0,0.0,1703.3467767312543,17,031,804306,3,170318043063
28.0,4.0,0.0,1.0,25.0,26.0,104.0,0.0,17.0,126.0,103.0,78.0,107.0,84.39791130696148,0.0,0.0,703.3979113069614,17,031,804306,4,170318043064
5.0,65.0,94.0,20.0,0.0,7.0,89.0,0.0,63.0,154.0,193.0,458.0,228.0,100.04069111051463,0.0,0.0,1476.0406911105147,17,031,804308,1,170318043081
1.0,58.0,153.0,20.0,5.0,141.0,77.0,120.0,10.0,268.0,413.0,245.0,346.0,97.35685927969489,0.0,0.0,1954.3568592796948,17,031,804308,2,170318043082
1.0,51.0,4.0,68.0,15.0,67.0,46.0,17.0,41.0,89.0,105.0,184.0,148.0,96.48973699318336,0.0,0.0,932.4897369931833,17,031,804308,3,170318043083
1.0,5.0,71.0,30.0,3.0,156.0,109.0,132.0,227.0,198.0,305.0,214.0,160.0,107.49993984720801,0.0,0.0,1718.499939847208,17,031,804309,1,170318043091
6.0,1.0,9.0,66.0,2.0,16.0,172.0,6.0,21.0,58.0,65.0,124.0,105.0,93.02028540246532,0.0,0.0,744.0202854024653,17,031,804309,2,170318043092
197.0,9.0,0.0,15.0,54.0,115.0,45.0,6.0,0.0,308.0,303.0,450.0,124.0,101.51002239564868,0.0,0.0,1727.5100223956488,17,031,804310,1,170318043101
34.0,138.0,7.0,152.0,89.0,241.0,83.0,62.0,1.0,147.0,203.0,544.0,815.0,94.0,0.0,0.0,2610.0,17,031,804310,2,170318043102
4.0,1.0,1.0,12.0,2.0,39.0,2.0,1.0,60.0,38.0,38.0,134.0,528.0,106.7854994543143,0.0,0.0,966.7854994543143,17,031,804310,3,170318043103
42.0,20.0,0.0,0.0,2.0,3.0,119.0,93.0,31.0,118.0,59.0,497.0,153.0,100.10166762349458,0.0,0.0,1237.1016676234947,17,031,804310,4,170318043104
22.0,1.0,1.0,5.0,1.0,2.0,31.0,0.0,6.0,43.0,124.0,355.0,121.0,98.94862481312478,0.0,0.0,810.9486248131248,17,031,804311,1,170318043111
256.0,233.0,73.0,102.0,97.0,321.0,232.0,96.0,267.0,126.0,821.0,1091.0,834.0,86.1317949632326,0.0,0.0,4635.131794963233,17,031,804311,2,170318043112
205.0,14.0,85.0,0.0,63.0,0.0,233.0,32.0,108.0,200.0,42.0,129.0,20.0,107.0,0.0,0.0,1238.0,17,031,804403,1,170318044031
40.0,26.0,0.0,174.0,146.0,55.0,60.0,16.0,0.0,13.0,43.0,32.0,137.0,79.42851986903543,0.0,0.0,821.4285198690354,17,031,804403,2,170318044032
75.0,44.0,128.0,35.0,242.0,1.0,108.0,100.0,78.0,71.0,377.0,1115.0,337.0,93.3871069250169,0.0,0.0,2804.3871069250167,17,031,804403,3,170318044033
6.0,5.0,17.0,192.0,1.0,144.0,18.0,0.0,1.0,66.0,168.0,474.0,189.0,81.0,0.0,0.0,1362.0,17,031,804404,1,170318044041
2.0,2.0,0.0,82.0,5.0,14.0,117.0,18.0,2.0,107.0,226.0,104.0,94.0,122.42839956345145,0.0,0.0,895.4283995634514,17,031,804404,2,170318044042
174.0,0.0,60.0,4.0,13.0,26.0,0.0,37.0,5.0,144.0,73.0,185.0,340.0,83.9181365566348,0.0,0.0,1144.9181365566349,17,031,804404,3,170318044043
4.0,2.0,7.0,115.0,7.0,8.0,33.0,40.0,74.0,49.0,229.0,321.0,17.0,97.29588276671494,0.0,0.0,1003.295882766715,17,031,804404,4,170318044044
18.0,0.0,132.0,253.0,46.0,59.0,86.0,4.0,155.0,625.0,173.0,305.0,275.0,74.53042810369799,0.0,0.0,2205.530428103698,17,031,804405,1,170318044051
40.0,136.0,9.0,23.0,94.0,34.0,153.0,5.0,54.0,47.0,117.0,24.0,34.0,91.0,0.0,0.0,861.0,17,031,804405,2,170318044052
52.0,16.0,0.0,103.0,73.0,86.0,68.0,116.0,53.0,27.0,119.0,306.0,326.0,88.21389901776575,0.0,0.0,1433.2138990177657,17,031,804406,1,170318044061
59.0,0.0,7.0,4.0,36.0,66.0,55.0,210.0,431.0,504.0,416.0,360.0,153.0,95.40799385540214,0.0,0.0,2396.4079938554023,17,031,804406,2,170318044062
39.0,159.0,27.0,88.0,127.0,125.0,5.0,38.0,76.0,129.0,73.0,150.0,78.0,89.23466564256702,0.0,0.0,1203.234665642567,17,031,804406,3,170318044063
44.0,84.0,6.0,65.0,0.0,88.0,2.0,99.0,57.0,20.0,7.0,115.0,163.0,101.85703973807087,0.0,0.0,851.8570397380709,17,031,804505,1,170318045051
8.0,22.0,5.0,1.0,26.0,36.0,21.0,51.0,59.0,203.0,152.0,423.0,77.0,80.29588276671494,0.0,0.0,1164.2958827667148,17,031,804505,2,170318045052
0.0,16.0,4.0,123.0,34.0,87.0,45.0,93.0,16.0,31.0,212.0,259.0,116.0,111.0,0.0,0.0,1147.0,17,031,804505,3,170318045053
2.0,4.0,1.0,61.0,2.0,0.0,22.0,6.0,82.0,18.0,104.0,79.0,134.0,83.21413962893374,0.0,0.0,598.2141396289337,17,031,804506,1,170318045061
20.0,5.0,15.0,38.0,4.0,12.0,0.0,12.0,11.0,0.0,138.0,197.0,216.0,107.58132206823726,0.0,0.0,775.5813220682372,17,031,804506,2,170318045062
5.0,29.0,19.0,14.0,3.0,46.0,98.0,225.0,110.0,231.0,230.0,455.0,90.0,110.265153899057,0.0,0.0,1665.265153899057,17,031,804506,3,170318045063
27.0,35.0,4.0,212.0,2.0,2.0,1.0,129.0,457.0,122.0,499.0,410.0,573.0,110.0098419372727,0.0,0.0,2583.0098419372725,17,031,804507,1,170318045071
8.0,4.0,158.0,197.0,4.0,107.0,134.0,1.0,2.0,64.0,97.0,602.0,1154.0,121.15183975452995,0.0,0.0,2653.15183975453,17,031,804507,2,170318045072
190.0,134.0,34.0,115.0,92.0,17.0,37.0,47.0,47.0,285.0,79.0,717.0,374.0,98.59116400550997,0.0,0.0,2266.59116400551,17,031,804507,3,170318045073
55.0,1.0,11.0,41.0,0.0,1.0,65.0,0.0,6.0,65.0,1.0,28.0,12.0,85.54075126330662,0.0,0.0,371.5407512633066,17,031,804507,4,170318045074
132.0,217.0,161.0,259.0,138.0,14.0,2.0,32.0,64.0,171.0,212.0,372.0,167.0,86.67338836562712,0.0,0.0,2027.673388365627,17,031,804508,1,170318045081
27.0,1.0,1.0,4.0,91.0,0.0,0.0,118.0,245.0,128.0,150.0,487.0,253.0,95.0,0.0,0.0,1600.0,17,031,804509,1,170318045091
13.0,0.0,0.0,31.0,0.0,11.0,0.0,1.0,29.0,137.0,103.0,283.0,146.0,101.08150252661324,0.0,0.0,855.0815025266132,17,031,804509,2,170318045092
1.0,1.0,32.0,16.0,5.0,72.0,151.0,9.0,3.0,110.0,119.0,159.0,96.0,91.45912843110939,0.0,0.0,865.4591284311094,17,031,804509,3,170318045093
262.0,12.0,27.0,4.0,2.0,100.0,1.0,32.0,4.0,220.0,99.0,184.0,349.0,94.81622832197226,0.0,0.0,1390.8162283219722,17,031,804509,4,170318045094
43.0,127.0,0.0,5.0,29.0,96.0,2.0,58.0,1.0,58.0,166.0,309.0,269.0,103.0,0.0,0.0,1266.0,17,031,804510,1,170318045101
1.0,6.0,2.0,3.0,2.0,24.0,30.0,18.0,148.0,114.0,295.0,147.0,15.0,98.02028540246532,0.0,0.0,903.0202854024653,17,031,804510,2,170318045102
242.0,265.0,206.0,25.0,43.0,153.0,197.0,425.0,93.0,427.0,115.0,281.0,99.0,90.0,0.0,0.0,2661.0,17,031,804510,3,170318045103
128.0,20.0,17.0,2.0,86.0,1.0,88.0,158.0,58.0,0.0,294.0,352.0,87.0,113.08150252661324,0.0,0.0,1404.0815025266133,17,031,804510,4,170318045104
77.0,14.0,40.0,78.0,14.0,27.0,197.0,99.0,295.0,247.0,158.0,113.0,38.0,107.24486849659168,0.0,0.0,1504.2448684965916,17,031,804511,1,170318045111
91.0,5.0,138.0,0.0,61.0,0.0,22.0,29.0,27.0,13.0,155.0,42.0,136.0,95.39791130696148,0.0,0.0,814.3979113069614,17,031,804511,2,170318045112
98.0,95.0,3.0,227.0,104.0,88.0,175.0,106.0,24.0,482.0,282.0,75.0,262.0,87.0,0.0,0.0,2108.0,17,031,804603,1,170318046031
66.0,0.0,7.0,92.0,8.0,86.0,95.0,101.0,17.0,94.0,351.0,60.0,34.0,101.4387227230601,0.0,0.0,1112.43872272306,17,031,804603,2,170318046032
109.0,5.0,1.0,174.0,77.0,113.0,6.0,213.0,30.0,62.0,309.0,271.0,220.0,96.24486849659168,0.0,0.0,1686.2448684965916,17,031,804603,3,170318046033
0.0,3.0,52.0,1.0,3.0,24.0,45.0,4.0,1.0,1.0,114.0,75.0,137.0,97.37750559891217,0.0,0.0,557.3775055989122,17,031,804606,1,170318046061
72.0,0.0,20.0,165.0,5.0,47.0,58.0,3.0,43.0,44.0,218.0,400.0,611.0,113.4992180137041,0.0,0.0,1799.4992180137042,17,031,804606,2,170318046062
3.0,0.0,19.0,96.0,74.0,29.0,6.0,16.0,6.0,87.0,59.0,176.0,184.0,97.030367950906,0.0,0.0,852.030367950906,17,031,804606,3,170318046063
132.0,21.0,2.0,3.0,0.0,37.0,51.0,202.0,76.0,189.0,267.0,339.0,333.0,109.38770845293682,0.0,0.0,1761.3877084529367,17,031,804606,4,170318046064
3.0,0.0,28.0,32.0,22.0,7.0,1.0,40.0,39.0,131.0,215.0,376.0,290.0,89.36706213371954,0.0,0.0,1273.3670621337196,17,031,804607,1,170318046071
4.0,3.0,3.0,5.0,70.0,3.0,7.0,79.0,33.0,74.0,169.0,381.0,448.0,101.31556664126035,0.0,0.0,1380.3155666412604,17,031,804607,2,170318046072
4.0,1.0,11.0,2.0,1.0,34.0,22.0,19.0,78.0,103.0,220.0,306.0,206.0,96.18341076127578,0.0,0.0,1103.1834107612758,17,031,804607,3,170318046073
2.0,31.0,62.0,69.0,25.0,16.0,1.0,29.0,54.0,128.0,18.0,39.0,205.0,67.49993984720801,0.0,0.0,746.499939847208,17,031,804607,4,170318046074
8.0,3.0,4.0,29.0,2.0,1.0,2.0,3.0,39.0,14.0,301.0,327.0,71.0,101.90805400819414,0.0,0.0,905.9080540081941,17,031,804608,1,170318046081
70.0,0.0,4.0,0.0,61.0,1.0,82.0,8.0,27.0,50.0,94.0,65.0,105.0,97.60196838745455,0.0,0.0,664.6019683874546,17,031,804608,2,170318046082
0.0,67.0,40.0,50.0,9.0,22.0,12.0,75.0,59.0,261.0,281.0,161.0,195.0,95.27547705866564,0.0,0.0,1327.2754770586657,17,031,804608,3,170318046083
12.0,3.0,22.0,2.0,6.0,0.0,21.0,0.0,0.0,79.0,83.0,533.0,650.0,97.54051065213865,0.0,0.0,1508.5405106521387,17,031,804609,1,170318046091
9.0,5.0,11.0,51.0,53.0,5.0,68.0,81.0,15.0,43.0,365.0,271.0,232.0,91.75501119782433,0.0,0.0,1300.7550111978244,17,031,804609,2,170318046092
216.0,0.0,56.0,100.0,69.0,110.0,41.0,76.0,6.0,89.0,251.0,197.0,326.0,89.59176553342988,0.0,0.0,1626.59176553343,17,031,804609,3,170318046093
110.0,4.0,2.0,102.0,6.0,14.0,94.0,42.0,74.0,172.0,115.0,293.0,226.0,106.53042810369799,0.0,0.0,1360.530428103698,17,031,804610,1,170318046101
6.0,4.0,5.0,1.0,8.0,1.0,53.0,53.0,40.0,48.0,57.0,65.0,75.0,100.58156267940524,0.0,0.0,516.5815626794052,17,031,804610,2,170318046102
6.0,1.0,33.0,81.0,139.0,4.0,68.0,127.0,30.0,137.0,121.0,411.0,168.0,81.19373392088443,0.0,0.0,1407.1937339208844,17,031,804611,1,170318046111
84.0,1.0,8.0,10.0,96.0,86.0,3.0,80.0,23.0,145.0,246.0,434.0,168.0,100.23454533698305,0.0,0.0,1484.234545336983,17,031,804611,2,170318046112
3.0,7.0,21.0,34.0,0.0,5.0,157.0,71.0,0.0,85.0,44.0,274.0,66.0,97.77541690587364,0.0,0.0,864.7754169058736,17,031,804611,3,170318046113
19.0,19.0,3.0,7.0,40.0,297.0,2.0,4.0,13.0,0.0,157.0,233.0,157.0,89.34689703683821,0.0,0.0,1040.346897036838,17,031,804701,1,170318047011
142.0,45.0,57.0,110.0,112.0,92.0,148.0,36.0,161.0,33.0,74.0,71.0,141.0,83.0,0.0,0.0,1305.0,17,031,804701,2,170318047012
122.0,43.0,16.0,76.0,3.0,0.0,135.0,16.0,13.0,19.0,216.0,57.0,120.0,100.0,0.0,0.0,936.0,17,031,804701,3,170318047013
20.0,1.0,2.0,11.0,187.0,186.0,22.0,121.0,324.0,23.0,158.0,454.0,523.0,88.30572470398764,0.0,0.0,2120.305724703988,17,031,804701,4,170318047014
31.0,3.0,4.0,1.0,41.0,8.0,24.0,7.0,37.0,30.0,60.0,181.0,209.0,70.45912843110939,0.0,0.0,706.4591284311094,17,031,804705,1,170318047051
0.0,84.0,53.0,28.0,36.0,292.0,228.0,80.0,38.0,269.0,183.0,230.0,133.0,92.24486849659168,0.0,0.0,1746.2448684965916,17,031,804705,2,170318047052
96.0,0.0,0.0,36.0,14.0,35.0,3.0,60.0,3.0,111.0,16.0,184.0,117.0,101.88764830014483,0.0,0.0,776.8876483001449,17,031,804705,3,170318047053
12.0,2.0,31.0,102.0,87.0,26.0,6.0,17.0,22.0,63.0,61.0,255.0,278.0,104.53042810369799,0.0,0.0,1066.530428103698,17,031,804706,1,170318047061
1.0,0.0,7.0,1.0,80.0,8.0,5.0,11.0,33.0,0.0,91.0,130.0,129.0,105.94886542429275,0.0,0.0,601.9488654242928,17,031,804706,2,170318047062
13.0,1.0,5.0,106.0,127.0,32.0,42.0,62.0,271.0,261.0,261.0,228.0,88.0,91.0,0.0,0.0,1588.0,17,031,804709,1,170318047091
71.0,1.0,116.0,108.0,31.0,30.0,105.0,98.0,68.0,100.0,120.0,160.0,114.0,87.0,0.0,0.0,1209.0,17,031,804709,2,170318047092
39.0,0.0,53.0,74.0,3.0,46.0,49.0,71.0,3.0,49.0,1.0,43.0,35.0,106.12243424829583,0.0,0.0,572.1224342482958,17,031,804709,3,170318047093
4.0,0.0,112.0,3.0,1.0,6.0,80.0,143.0,48.0,16.0,361.0,368.0,214.0,112.31628847476425,0.0,0.0,1468.3162884747642,17,031,804709,4,170318047094
9.0,20.0,5.0,37.0,4.0,3.0,2.0,20.0,4.0,45.0,108.0,198.0,135.0,112.62237409550384,0.0,0.0,702.6223740955038,17,031,804709,5,170318047095
41.0,1.0,73.0,4.0,7.0,10.0,13.0,0.0,50.0,138.0,123.0,324.0,142.0,96.54075126330662,0.0,0.0,1022.5407512633067,17,031,804710,1,170318047101
4.0,2.0,2.0,37.0,0.0,41.0,0.0,32.0,73.0,40.0,107.0,203.0,124.0,79.37738529332819,0.0,0.0,744.3773852933282,17,031,804710,2,170318047102
90.0,16.0,30.0,11.0,28.0,47.0,4.0,58.0,28.0,163.0,137.0,107.0,102.0,104.49981954162402,0.0,0.0,925.499819541624,17,031,804710,3,170318047103
1.0,0.0,0.0,13.0,66.0,1.0,1.0,12.0,114.0,30.0,95.0,144.0,71.0,94.98967684039135,0.0,0.0,642.9896768403913,17,031,804710,4,170318047104
238.0,218.0,2.0,65.0,290.0,29.0,189.0,465.0,86.0,139.0,459.0,595.0,98.0,68.13251679673651,0.0,0.0,2941.1325167967366,17,031,804711,1,170318047111
0.0,4.0,8.0,29.0,32.0,1.0,70.0,102.0,1.0,162.0,237.0,357.0,229.0,91.0,0.0,0.0,1323.0,17,031,804711,2,170318047112
142.0,10.0,33.0,60.0,33.0,79.0,90.0,35.0,177.0,402.0,399.0,322.0,233.0,113.86688167534356,0.0,0.0,2128.8668816753434,17,031,804711,3,170318047113
0.0,4.0,14.0,3.0,1.0,28.0,27.0,169.0,6.0,23.0,10.0,74.0,88.0,86.0711793670046,0.0,0.0,533.0711793670046,17,031,804711,4,170318047114
17.0,2.0,0.0,2.0,108.0,8.0,126.0,129.0,70.0,100.0,368.0,528.0,99.0,111.84671657846224,0.0,0.0,1668.8467165784623,17,031,804712,1,170318047121
2.0,9.0,14.0,0.0,26.0,25.0,3.0,0.0,12.0,85.0,97.0,144.0,61.0,97.03048825648997,0.0,0.0,575.03048825649,17,031,804712,2,170318047122
1.0,105.0,16.0,11.0,0.0,12.0,1.0,50.0,31.0,96.0,164.0,219.0,424.0,88.34653612008626,0.0,0.0,1218.3465361200863,17,031,804712,3,170318047123
2.0,2.0,37.0,21.0,21.0,23.0,2.0,106.0,61.0,120.0,92.0,278.0,139.0,87.0,0.0,0.0,991.0,17,031,804713,1,170318047131
135.0,21.0,6.0,107.0,66.0,4.0,45.0,25.0,5.0,314.0,185.0,366.0,224.0,93.28567991269028,0.0,0.0,1596.2856799126903,17,031,804713,2,170318047132
5.0,30.0,2.0,0.0,1.0,2.0,4.0,2.0,0.0,28.0,63.0,74.0,102.0,114.1121110886872,0.0,0.0,427.1121110886872,17,031,804713,3,170318047133
2.0,2.0,1.0,0.0,58.0,17.0,0.0,0.0,0.0,0.0,48.0,281.0,49.0,103.59176553342988,0.0,0.0,561.5917655334299,17,031,804713,4,170318047134
7.0,9.0,0.0,19.0,39.0,14.0,0.0,51.0,4.0,67.0,135.0,62.0,98.0,100.33657387722957,0.0,0.0,605.3365738772296,17,031,804714,1,170318047141
1.0,1.0,84.0,0.0,33.0,3.0,15.0,128.0,1.0,4.0,228.0,210.0,92.0,78.13251679673651,0.0,0.0,878.1325167967365,17,031,804714,2,170318047142
4.0,2.0,57.0,0.0,0.0,15.0,112.0,3.0,63.0,89.0,0.0,161.0,429.0,84.77541690587364,0.0,0.0,1019.7754169058736,17,031,804714,3,170318047143
2.0,4.0,41.0,31.0,1.0,82.0,187.0,152.0,144.0,36.0,184.0,19.0,253.0,97.7446880382157,0.0,0.0,1233.7446880382156,17,031,804715,1,170318047151
82.0,0.0,74.0,192.0,15.0,147.0,136.0,91.0,0.0,71.0,309.0,535.0,78.0,86.31628847476425,0.0,0.0,1816.3162884747642,17,031,804715,2,170318047152
5.0,6.0,0.0,0.0,2.0,60.0,0.0,2.0,22.0,142.0,52.0,181.0,179.0,102.51002239564868,0.0,0.0,753.5100223956487,17,031,804716,1,170318047161
2.0,6.0,30.0,70.0,193.0,26.0,41.0,24.0,0.0,240.0,239.0,324.0,211.0,106.9279784939075,0.0,0.0,1512.9279784939074,17,031,804716,2,170318047162
14.0,206.0,2.0,303.0,206.0,129.0,0.0,1.0,11.0,95.0,126.0,375.0,167.0,97.0,0.0,0.0,1732.0,17,031,804716,3,170318047163
2.0,0.0,15.0,1.0,55.0,5.0,0.0,105.0,13.0,19.0,140.0,196.0,176.0,80.1121110886872,0.0,0.0,807.1121110886872,17,031,804803,1,170318048031
54.0,23.0,10.0,4.0,3.0,29.0,21.0,65.0,86.0,78.0,122.0,301.0,143.0,114.70399692770107,0.0,0.0,1053.7039969277012,17,031,804803,2,170318048032
248.0,5.0,155.0,49.0,1.0,49.0,148.0,316.0,79.0,334.0,179.0,208.0,489.0,86.73412426743909,0.0,0.0,2346.7341242674393,17,031,804803,3,170318048033
5.0,1.0,43.0,115.0,5.0,117.0,65.0,2.0,41.0,45.0,246.0,176.0,132.0,112.39767069579351,0.0,0.0,1105.3976706957935,17,031,804804,1,170318048041
51.0,137.0,4.0,20.0,2.0,5.0,118.0,116.0,330.0,102.0,369.0,426.0,403.0,106.23454533698305,0.0,0.0,2189.234545336983,17,031,804804,2,170318048042
189.0,2.0,1.0,31.0,0.0,53.0,5.0,1.0,54.0,105.0,498.0,131.0,241.0,85.0,0.0,0.0,1396.0,17,031,804804,3,170318048043
149.0,0.0,68.0,4.0,16.0,4.0,116.0,96.0,32.0,46.0,375.0,192.0,98.0,108.57123951979659,0.0,0.0,1304.5712395197966,17,031,804804,4,170318048044
2.0,37.0,93.0,2.0,29.0,0.0,5.0,287.0,72.0,81.0,260.0,206.0,262.0,100.33657387722957,0.0,0.0,1436.3365738772295,17,031,804805,1,170318048051
2.0,3.0,0.0,30.0,1.0,16.0,25.0,3.0,176.0,73.0,26.0,295.0,14.0,80.0,0.0,0.0,744.0,17,031,804805,2,170318048052
0.0,4.0,107.0,7.0,5.0,144.0,2.0,157.0,4.0,27.0,73.0,416.0,132.0,88.75501119782433,0.0,0.0,1166.7550111978244,17,031,804805,3,170318048053
170.0,30.0,76.0,41.0,0.0,86.0,17.0,119.0,215.0,205.0,245.0,401.0,549.0,86.49957893045605,0.0,0.0,2240.499578930456,17,031,804805,4,170318048054
1.0,5.0,2.0,2.0,53.0,85.0,3.0,6.0,1.0,2.0,57.0,228.0,211.0,74.3264913287889,0.0,0.0,730.3264913287888,17,031,804806,1,170318048061
7.0,1.0,42.0,0.0,3.0,18.0,65.0,0.0,43.0,209.0,98.0,317.0,15.0,115.5916452278459,0.0,0.0,933.5916452278459,17,031,804806,2,170318048062
229.0,67.0,60.0,149.0,50.0,6.0,69.0,221.0,57.0,147.0,180.0,232.0,130.0,99.63245664394452,0.0,0.0,1696.6324566439446,17,031,804806,3,170318048063
2.0,7.0,115.0,0.0,6.0,30.0,13.0,44.0,4.0,49.0,73.0,115.0,184.0,102.62237409550384,0.0,0.0,744.6223740955038,17,031,804807,1,170318048071
93.0,1.0,102.0,2.0,2.0,15.0,12.0,19.0,23.0,40.0,152.0,227.0,81.0,84.8264311759969,0.0,0.0,853.826431175997,17,031,804807,2,170318048072
7.0,32.0,63.0,141.0,56.0,0.0,22.0,170.0,92.0,354.0,313.0,324.0,40.0,112.02028540246532,0.0,0.0,1726.0202854024653,17,031,804807,3,170318048073
4.0,0.0,52.0,3.0,0.0,105.0,9.0,10.0,47.0,162.0,161.0,330.0,95.0,85.74480834379969,0.0,0.0,1063.7448083437996,17,031,804807,4,170318048074
33.0,14.0,58.0,9.0,2.0,77.0,12.0,25.0,24.0,24.0,44.0,210.0,101.0,101.23466564256702,0.0,0.0,734.234665642567,17,031,804808,1,170318048081
23.0,1.0,4.0,12.0,17.0,42.0,71.0,30.0,23.0,11.0,131.0,198.0,74.0,94.85703973807087,0.0,0.0,731.8570397380709,17,031,804808,2,170318048082
20.0,2.0,5.0,28.0,2.0,0.0,0.0,0.0,9.0,55.0,43.0,157.0,60.0,108.1529225047858,0.0,0.0,489.1529225047858,17,031,804808,3,170318048083
4.0,0.0,5.0,2.0,4.0,69.0,2.0,10.0,0.0,202.0,110.0,173.0,172.0,96.46921097955007,0.0,0.0,849.4692109795501,17,031,804809,1,170318048091
1.0,2.0,26.0,9.0,49.0,67.0,5.0,46.0,39.0,51.0,149.0,350.0,129.0,114.5916452278459,0.0,0.0,1037.591645227846,17,031,804809,2,170318048092
3.0,1.0,27.0,1.0,4.0,6.0,13.0,1.0,19.0,98.0,50.0,260.0,221.0,125.24474819100769,0.0,0.0,829.2447481910077,17,031,804809,3,170318048093
0.0,2.0,36.0,3.0,45.0,38.0,21.0,196.0,2.0,44.0,114.0,165.0,124.0,78.21413962893374,0.0,0.0,868.2141396289337,17,031,804810,1,170318048101
5.0,0.0,10.0,31.0,0.0,31.0,3.0,27.0,60.0,24.0,22.0,221.0,327.0,102.95894797273341,0.0,0.0,863.9589479727334,17,031,804810,2,170318048102
138.0,0.0,51.0,102.0,1.0,55.0,28.0,45.0,89.0,168.0,210.0,586.0,294.0,91.8264311759969,0.0,0.0,1858.826431175997,17,031,804810,3,170318048103
74.0,67.0,130.0,174.0,122.0,155.0,73.0,109.0,204.0,56.0,291.0,320.0,128.0,94.20405708049307,0.0,0.0,1997.204057080493,17,031,804810,4,170318048104
12.0,23.0,6.0,87.0,2.0,108.0,22.0,29.0,29.0,192.0,131.0,493.0,252.0,83.0,0.0,0.0,1469.0,17,031,804901,1,170318049011
1.0,6.0,18.0,17.0,5.0,26.0,0.0,39.0,18.0,21.0,82.0,2.0,155.0,89.27535675308165,0.0,0.0,479.27535675308167,17,031,804901,2,170318049012
0.0,0.0,46.0,82.0,4.0,86.0,149.0,15.0,48.0,79.0,220.0,234.0,52.0,88.67326806004313,0.0,0.0,1103.673268060043,17,031,804901,3,170318049013
8.0,0.0,17.0,25.0,101.0,0.0,0.0,1.0,0.0,10.0,143.0,179.0,13.0,88.0,0.0,0.0,585.0,17,031,804901,4,170318049014
4.0,4.0,0.0,73.0,56.0,0.0,23.0,37.0,31.0,32.0,163.0,129.0,78.0,93.71407947614173,0.0,0.0,723.7140794761417,17,031,804901,5,170318049015
1.0,22.0,7.0,2.0,1.0,5.0,1.0,3.0,30.0,10.0,28.0,64.0,17.0,101.3264913287889,0.0,0.0,292.3264913287889,17,031,804901,6,170318049016
1.0,18.0,2.0,136.0,0.0,36.0,1.0,105.0,4.0,40.0,91.0,276.0,153.0,91.91825686221878,0.0,0.0,954.9182568622188,17,031,804902,1,170318049021
102.0,1.0,23.0,41.0,0.0,7.0,1.0,87.0,1.0,91.0,81.0,239.0,282.0,100.83651372443758,0.0,0.0,1056.8365137244375,17,031,804902,2,170318049022
1.0,29.0,33.0,6.0,38.0,5.0,27.0,92.0,46.0,123.0,82.0,73.0,120.0,92.67314775445914,0.0,0.0,767.6731477544591,17,031,804902,3,170318049023
6.0,0.0,2.0,119.0,31.0,18.0,79.0,0.0,3.0,7.0,91.0,3.0,117.0,99.4795341391587,0.0,0.0,575.4795341391587,17,031,804902,4,170318049024
10.0,2.0,2.0,1.0,52.0,2.0,3.0,42.0,33.0,38.0,113.0,249.0,255.0,83.38770845293682,0.0,0.0,885.3877084529369,17,031,804902,5,170318049025
0.0,1.0,89.0,2.0,32.0,0.0,3.0,37.0,14.0,47.0,66.0,133.0,114.0,97.88764830014483,0.0,0.0,635.8876483001449,17,031,805001,1,170318050011
54.0,3.0,2.0,71.0,3.0,12.0,0.0,11.0,31.0,33.0,119.0,116.0,124.0,117.44892557708474,0.0,0.0,696.4489255770848,17,031,805001,2,170318050012
4.0,29.0,1.0,3.0,3.0,3.0,75.0,30.0,40.0,86.0,111.0,369.0,321.0,87.25495104503234,0.0,0.0,1162.2549510450324,17,031,805001,3,170318050013
5.0,25.0,0.0,82.0,12.0,1.0,52.0,80.0,6.0,26.0,8.0,224.0,230.0,103.94886542429275,0.0,0.0,854.9488654242928,17,031,805001,4,170318050014
71.0,2.0,61.0,1.0,62.0,146.0,21.0,114.0,1.0,242.0,278.0,209.0,150.0,92.96915082675807,0.0,0.0,1450.969150826758,17,031,805002,1,170318050021
159.0,82.0,69.0,61.0,215.0,21.0,71.0,89.0,28.0,249.0,344.0,88.0,80.0,101.0,0.0,0.0,1657.0,17,031,805002,2,170318050022
33.0,0.0,54.0,62.0,11.0,84.0,25.0,75.0,20.0,76.0,53.0,94.0,125.0,91.09170538063789,0.0,0.0,803.0917053806379,17,031,805002,3,170318050023
0.0,40.0,0.0,3.0,0.0,285.0,3.0,62.0,1.0,116.0,157.0,132.0,159.0,93.0,0.0,0.0,1051.0,17,031,805002,4,170318050024
5.0,4.0,4.0,11.0,1.0,90.0,205.0,82.0,9.0,149.0,180.0,125.0,56.0,94.0,0.0,0.0,1015.0,17,031,805002,5,170318050025
127.0,161.0,153.0,223.0,314.0,166.0,91.0,47.0,1.0,349.0,0.0,705.0,362.0,102.0,0.0,0.0,2801.0,17,031,805105,1,170318051051
57.0,0.0,54.0,58.0,6.0,19.0,9.0,15.0,18.0,162.0,276.0,161.0,234.0,92.0,0.0,0.0,1161.0,17,031,805105,2,170318051052
37.0,73.0,62.0,95.0,6.0,61.0,133.0,1.0,8.0,196.0,203.0,332.0,103.0,99.24486849659168,0.0,0.0,1409.2448684965916,17,031,805105,3,170318051053
13.0,295.0,53.0,36.0,150.0,123.0,31.0,54.0,21.0,18.0,213.0,134.0,103.0,73.73448518419104,0.0,0.0,1317.734485184191,17,031,805105,4,170318051054
72.0,56.0,6.0,20.0,78.0,6.0,8.0,173.0,71.0,68.0,189.0,115.0,43.0,86.87744544612018,0.0,0.0,991.8774454461202,17,031,805106,1,170318051061
14.0,5.0,9.0,19.0,1.0,17.0,41.0,12.0,33.0,59.0,145.0,226.0,263.0,101.4386024174761,0.0,0.0,945.4386024174761,17,031,805106,2,170318051062
79.0,19.0,9.0,76.0,111.0,160.0,146.0,46.0,143.0,201.0,335.0,288.0,29.0,86.0,0.0,0.0,1728.0,17,031,805107,1,170318051071
0.0,139.0,81.0,80.0,99.0,58.0,11.0,72.0,158.0,52.0,122.0,126.0,133.0,102.86724259209552,0.0,0.0,1233.8672425920956,17,031,805107,2,170318051072
3.0,34.0,16.0,1.0,70.0,10.0,24.0,84.0,73.0,48.0,145.0,209.0,86.0,85.31628847476425,0.0,0.0,888.3162884747643,17,031,805107,3,170318051073
102.0,57.0,0.0,74.0,169.0,246.0,86.0,214.0,137.0,20.0,387.0,420.0,12.0,100.0,0.0,0.0,2024.0,17,031,805107,4,170318051074
38.0,0.0,2.0,3.0,42.0,98.0,1.0,3.0,4.0,11.0,22.0,99.0,13.0,76.19373392088443,0.0,0.0,412.1937339208844,17,031,805107,5,170318051075
18.0,157.0,85.0,409.0,122.0,474.0,258.0,353.0,419.0,93.0,182.0,88.0,173.0,90.92833941065946,0.0,0.0,2921.9283394106596,17,031,805108,1,170318051081
16.0,10.0,3.0,49.0,42.0,19.0,117.0,108.0,128.0,182.0,366.0,352.0,162.0,104.98967684039135,0.0,0.0,1658.9896768403914,17,031,805108,2,170318051082
0.0,5.0,1.0,62.0,19.0,1.0,58.0,127.0,15.0,5.0,156.0,126.0,21.0,79.34677673125422,0.0,0.0,675.3467767312542,17,031,805108,3,170318051083
9.0,5.0,10.0,3.0,38.0,14.0,0.0,51.0,158.0,1.0,251.0,83.0,144.0,80.25507135061633,0.0,0.0,847.2550713506163,17,031,805108,4,170318051084
0.0,0.0,22.0,8.0,39.0,7.0,72.0,51.0,60.0,150.0,165.0,152.0,107.0,82.77541690587364,0.0,0.0,915.7754169058736,17,031,805109,1,170318051091
2.0,9.0,140.0,15.0,49.0,8.0,29.0,14.0,4.0,97.0,124.0,392.0,335.0,87.77541690587364,0.0,0.0,1305.7754169058737,17,031,805109,2,170318051092
190.0,2.0,79.0,37.0,9.0,67.0,58.0,73.0,14.0,26.0,134.0,144.0,88.0,112.4387227230601,0.0,0.0,1033.43872272306,17,031,805109,3,170318051093
59.0,26.0,34.0,59.0,223.0,88.0,7.0,35.0,165.0,128.0,281.0,387.0,245.0,78.84683688404621,0.0,0.0,1815.8468368840463,17,031,805110,1,170318051101
6.0,91.0,19.0,65.0,29.0,3.0,11.0,34.0,30.0,120.0,5.0,44.0,24.0,101.59176553342988,0.0,0.0,582.5917655334299,17,031,805110,2,170318051102
26.0,1.0,2.0,22.0,3.0,6.0,20.0,1.0,0.0,43.0,43.0,49.0,21.0,101.11223139427119,0.0,0.0,338.1122313942712,17,031,805110,3,170318051103
2.0,0.0,6.0,3.0,3.0,44.0,5.0,4.0,8.0,59.0,0.0,179.0,60.0,121.31628847476425,0.0,0.0,494.31628847476424,17,031,805110,4,170318051104
2.0,5.0,17.0,27.0,158.0,39.0,8.0,0.0,146.0,44.0,8.0,262.0,140.0,90.27547705866564,0.0,0.0,946.2754770586656,17,031,805111,1,170318051111
15.0,5.0,1.0,2.0,0.0,4.0,1.0,1.0,38.0,146.0,51.0,245.0,137.0,110.8264311759969,0.0,0.0,756.826431175997,17,031,805111,2,170318051112
94.0,113.0,39.0,72.0,303.0,51.0,69.0,90.0,77.0,360.0,364.0,378.0,80.0,111.530307798114,0.0,0.0,2201.530307798114,17,031,805111,3,170318051113
40.0,19.0,2.0,162.0,35.0,193.0,150.0,2.0,252.0,100.0,260.0,7.0,4.0,90.0,0.0,0.0,1316.0,17,031,805111,4,170318051114
152.0,3.0,10.0,89.0,97.0,2.0,124.0,29.0,0.0,2.0,94.0,1.0,111.0,81.26527420464097,0.0,0.0,795.265274204641,17,031,805111,5,170318051115
0.0,2.0,5.0,29.0,18.0,6.0,31.0,25.0,8.0,145.0,13.0,438.0,63.0,101.0,0.0,0.0,884.0,17,031,805111,6,170318051116
56.0,94.0,178.0,165.0,53.0,56.0,73.0,52.0,96.0,64.0,119.0,226.0,101.0,85.81622832197226,0.0,0.0,1418.8162283219722,17,031,805112,1,170318051121
39.0,0.0,0.0,33.0,90.0,88.0,71.0,84.0,2.0,111.0,87.0,191.0,198.0,88.70399692770107,0.0,0.0,1082.7039969277012,17,031,805112,2,170318051122
6.0,5.0,5.0,4.0,43.0,3.0,11.0,13.0,72.0,69.0,83.0,100.0,184.0,102.42851986903543,0.0,0.0,700.4285198690354,17,031,805201,1,170318052011
0.0,9.0,1.0,2.0,23.0,40.0,7.0,3.0,14.0,84.0,68.0,135.0,173.0,103.39791130696148,0.0,0.0,662.3979113069614,17,031,805201,2,170318052012
2.0,4.0,35.0,137.0,1.0,34.0,4.0,27.0,53.0,159.0,43.0,118.0,68.0,91.33645357164559,0.0,0.0,776.3364535716456,17,031,805201,3,170318052013
0.0,2.0,1.0,0.0,25.0,14.0,3.0,1.0,3.0,105.0,67.0,160.0,54.0,100.33669418281356,0.0,0.0,535.3366941828135,17,031,805202,1,170318052021
1.0,0.0,0.0,15.0,0.0,3.0,33.0,3.0,9.0,8.0,13.0,111.0,42.0,101.10190823466255,0.0,0.0,339.1019082346626,17,031,805202,2,170318052022
10.0,52.0,0.0,36.0,57.0,11.0,75.0,13.0,46.0,74.0,178.0,226.0,273.0,83.265153899057,0.0,0.0,1134.265153899057,17,031,805202,3,170318052023
106.0,9.0,0.0,15.0,65.0,17.0,63.0,14.0,11.0,103.0,114.0,163.0,74.0,88.04069111051463,0.0,0.0,842.0406911105147,17,031,805202,4,170318052024
13.0,1.0,8.0,40.0,2.0,137.0,2.0,9.0,8.0,12.0,63.0,101.0,236.0,101.89785115416949,0.0,0.0,733.8978511541695,17,031,805301,1,170318053011
32.0,17.0,40.0,102.0,43.0,76.0,79.0,45.0,18.0,70.0,319.0,346.0,194.0,100.73460548977503,0.0,0.0,1481.734605489775,17,031,805301,2,170318053012
247.0,4.0,3.0,12.0,26.0,52.0,107.0,36.0,20.0,14.0,1.0,10.0,20.0,113.0,0.0,0.0,665.0,17,031,805301,3,170318053013
7.0,12.0,11.0,21.0,2.0,9.0,63.0,13.0,33.0,7.0,51.0,93.0,227.0,92.60184808187056,0.0,0.0,641.6018480818706,17,031,805302,1,170318053021
7.0,1.0,74.0,26.0,32.0,97.0,2.0,67.0,9.0,77.0,158.0,103.0,151.0,78.8060254679476,0.0,0.0,882.8060254679476,17,031,805302,2,170318053022
18.0,2.0,14.0,79.0,2.0,95.0,90.0,99.0,33.0,19.0,166.0,221.0,61.0,120.62225378991985,0.0,0.0,1019.6222537899198,17,031,805302,3,170318053023
93.0,2.0,5.0,98.0,51.0,103.0,61.0,43.0,19.0,42.0,128.0,253.0,204.0,86.34689703683821,0.0,0.0,1188.3468970368383,17,031,805401,1,170318054011
2.0,31.0,1.0,40.0,21.0,27.0,124.0,176.0,26.0,26.0,140.0,176.0,112.0,96.47941383357471,0.0,0.0,998.4794138335747,17,031,805401,2,170318054012
30.0,10.0,25.0,3.0,12.0,45.0,23.0,96.0,108.0,46.0,19.0,144.0,123.0,81.23454533698305,0.0,0.0,765.234545336983,17,031,805401,3,170318054013
40.0,3.0,51.0,44.0,54.0,114.0,60.0,41.0,23.0,46.0,31.0,112.0,130.0,81.0,0.0,0.0,830.0,17,031,805402,1,170318054021
9.0,2.0,3.0,40.0,38.0,1.0,104.0,2.0,25.0,54.0,21.0,282.0,79.0,100.4590081255254,0.0,0.0,760.4590081255254,17,031,805402,2,170318054022
18.0,47.0,5.0,0.0,5.0,21.0,64.0,25.0,24.0,2.0,1.0,73.0,266.0,100.05089396453928,0.0,0.0,651.0508939645392,17,031,805402,3,170318054023
103.0,117.0,90.0,26.0,3.0,59.0,78.0,142.0,94.0,181.0,152.0,50.0,332.0,88.26527420464097,0.0,0.0,1515.265274204641,17,031,805402,4,170318054024
4.0,35.0,3.0,2.0,8.0,18.0,0.0,19.0,6.0,199.0,38.0,68.0,16.0,108.23466564256702,0.0,0.0,524.234665642567,17,031,805402,5,170318054025
1.0,5.0,183.0,31.0,3.0,83.0,1.0,0.0,16.0,65.0,49.0,76.0,113.0,86.03048825648997,0.0,0.0,712.03048825649,17,031,805501,1,170318055011
4.0,4.0,27.0,119.0,92.0,0.0,52.0,78.0,58.0,143.0,191.0,192.0,348.0,108.9386625702681,0.0,0.0,1416.9386625702682,17,031,805501,2,170318055012
18.0,8.0,12.0,1.0,3.0,2.0,3.0,4.0,38.0,30.0,58.0,108.0,184.0,83.67338836562712,0.0,0.0,552.6733883656271,17,031,805501,3,170318055013
1.0,1.0,1.0,106.0,17.0,0.0,5.0,113.0,52.0,25.0,34.0,117.0,142.0,85.14283995634514,0.0,0.0,699.1428399563451,17,031,805502,1,170318055021
0.0,6.0,9.0,1.0,2.0,0.0,1.0,48.0,3.0,25.0,33.0,88.0,179.0,88.27547705866564,0.0,0.0,483.2754770586656,17,031,805502,2,170318055022
0.0,0.0,8.0,83.0,32.0,58.0,4.0,15.0,1.0,65.0,59.0,170.0,165.0,95.81622832197226,0.0,0.0,755.8162283219723,17,031,805502,3,170318055023
10.0,0.0,52.0,26.0,6.0,54.0,36.0,2.0,53.0,12.0,61.0,81.0,121.0,108.48973699318336,0.0,0.0,622.4897369931833,17,031,805502,4,170318055024
2.0,47.0,3.0,8.0,17.0,20.0,15.0,69.0,5.0,7.0,107.0,43.0,156.0,126.24486849659166,0.0,0.0,625.2448684965917,17,031,805600,1,170318056001
8.0,0.0,1.0,69.0,2.0,9.0,36.0,16.0,3.0,35.0,56.0,154.0,92.0,99.26527420464097,0.0,0.0,580.265274204641,17,031,805600,2,170318056002
45.0,1.0,5.0,1.0,10.0,22.0,1.0,27.0,21.0,100.0,104.0,154.0,230.0,90.60196838745455,0.0,0.0,811.6019683874546,17,031,805600,3,170318056003
0.0,55.0,2.0,3.0,39.0,1.0,12.0,4.0,38.0,3.0,91.0,101.0,218.0,78.3264913287889,0.0,0.0,645.3264913287888,17,031,805600,4,170318056004
4.0,6.0,65.0,4.0,39.0,24.0,0.0,2.0,1.0,16.0,51.0,114.0,107.0,101.21401932334975,0.0,0.0,534.2140193233497,17,031,805701,1,170318057011
3.0,0.0,5.0,1.0,21.0,1.0,2.0,6.0,13.0,0.0,17.0,104.0,52.0,85.84683688404621,0.0,0.0,310.8468368840462,17,031,805701,2,170318057012
70.0,2.0,105.0,0.0,0.0,3.0,11.0,126.0,25.0,2.0,113.0,152.0,191.0,84.53054840928196,0.0,0.0,884.530548409282,17,031,805701,3,170318057013
42.0,27.0,2.0,0.0,80.0,3.0,54.0,48.0,61.0,112.0,186.0,327.0,30.0,94.33669418281356,0.0,0.0,1066.3366941828135,17,031,805701,4,170318057014
30.0,4.0,8.0,17.0,1.0,4.0,9.0,4.0,4.0,57.0,4.0,133.0,280.0,100.39791130696148,0.0,0.0,655.3979113069614,17,031,805701,5,170318057015
2.0,18.0,1.0,33.0,4.0,8.0,4.0,2.0,5.0,57.0,131.0,246.0,75.0,99.74480834379969,0.0,0.0,685.7448083437997,17,031,805702,1,170318057021
8.0,22.0,20.0,15.0,9.0,54.0,17.0,37.0,5.0,21.0,10.0,105.0,42.0,91.5916452278459,0.0,0.0,456.5916452278459,17,031,805702,2,170318057022
3.0,0.0,2.0,36.0,45.0,18.0,2.0,1.0,21.0,29.0,9.0,80.0,156.0,91.70399692770107,0.0,0.0,493.7039969277011,17,031,805801,1,170318058011
4.0,0.0,27.0,13.0,0.0,9.0,53.0,0.0,6.0,35.0,92.0,93.0,72.0,110.0,0.0,0.0,514.0,17,031,805801,2,170318058012
1.0,22.0,17.0,18.0,1.0,33.0,2.0,73.0,11.0,89.0,64.0,52.0,100.0,84.0,0.0,0.0,567.0,17,031,805801,3,170318058013
3.0,5.0,26.0,7.0,9.0,4.0,47.0,95.0,7.0,49.0,117.0,182.0,67.0,95.53054840928196,0.0,0.0,713.530548409282,17,031,805802,1,170318058021
2.0,0.0,11.0,17.0,15.0,14.0,1.0,0.0,1.0,0.0,66.0,143.0,164.0,111.65298265757781,0.0,0.0,545.6529826575778,17,031,805802,2,170318058022
4.0,0.0,102.0,6.0,21.0,0.0,2.0,16.0,0.0,49.0,56.0,172.0,169.0,102.23442503139906,0.0,0.0,699.234425031399,17,031,805802,3,170318058023
3.0,45.0,1.0,84.0,61.0,23.0,60.0,7.0,0.0,8.0,242.0,172.0,87.0,106.76509374626501,0.0,0.0,899.765093746265,17,031,805802,4,170318058024
4.0,1.0,7.0,45.0,0.0,15.0,0.0,33.0,141.0,9.0,79.0,124.0,65.0,74.69379407367641,0.0,0.0,597.6937940736764,17,031,805802,5,170318058025
17.0,3.0,7.0,61.0,71.0,9.0,31.0,64.0,6.0,59.0,116.0,270.0,178.0,96.56103666577194,0.0,0.0,988.561036665772,17,031,805901,1,170318059011
62.0,30.0,84.0,75.0,24.0,63.0,134.0,46.0,1.0,124.0,168.0,130.0,312.0,92.20405708049307,0.0,0.0,1345.2040570804932,17,031,805901,2,170318059012
9.0,28.0,38.0,8.0,4.0,14.0,69.0,9.0,18.0,36.0,126.0,137.0,60.0,103.70399692770107,0.0,0.0,659.703996927701,17,031,805901,3,170318059013
11.0,1.0,20.0,57.0,130.0,27.0,125.0,1.0,6.0,70.0,159.0,148.0,84.0,120.0,0.0,0.0,959.0,17,031,805902,1,170318059021
84.0,1.0,23.0,12.0,3.0,0.0,0.0,87.0,3.0,77.0,131.0,300.0,71.0,102.4387227230601,0.0,0.0,894.4387227230601,17,031,805902,2,170318059022
3.0,5.0,0.0,3.0,2.0,56.0,4.0,49.0,1.0,9.0,131.0,91.0,131.0,88.39791130696148,0.0,0.0,573.3979113069615,17,031,805902,3,170318059023
2.0,3.0,42.0,4.0,131.0,54.0,0.0,211.0,31.0,89.0,3.0,288.0,241.0,89.09170538063789,0.0,0.0,1188.091705380638,17,031,805902,4,170318059024
2.0,0.0,4.0,1.0,5.0,2.0,3.0,1.0,0.0,9.0,32.0,127.0,59.0,103.3060856207396,0.0,0.0,348.3060856207396,17,031,805902,5,170318059025
5.0,15.0,13.0,35.0,39.0,177.0,1.0,10.0,1.0,11.0,69.0,238.0,271.0,102.9386625702681,0.0,0.0,987.9386625702681,17,031,805902,6,170318059026
98.0,7.0,5.0,0.0,18.0,6.0,47.0,3.0,1.0,149.0,2.0,229.0,141.0,103.81622832197226,0.0,0.0,809.8162283219723,17,031,806001,1,170318060011
225.0,38.0,198.0,230.0,1.0,2.0,155.0,355.0,99.0,109.0,369.0,280.0,100.0,73.3264913287889,0.0,0.0,2234.326491328789,17,031,806001,2,170318060012
115.0,201.0,90.0,183.0,6.0,26.0,88.0,125.0,81.0,254.0,552.0,68.0,133.0,95.0,0.0,0.0,2017.0,17,031,806001,3,170318060013
40.0,9.0,0.0,105.0,78.0,2.0,37.0,167.0,53.0,71.0,134.0,56.0,19.0,100.0,0.0,0.0,871.0,17,031,806001,4,170318060014
2.0,123.0,138.0,36.0,93.0,85.0,0.0,1.0,5.0,110.0,2.0,172.0,9.0,93.0,0.0,0.0,869.0,17,031,806002,1,170318060021
79.0,1.0,147.0,92.0,132.0,117.0,263.0,224.0,180.0,214.0,201.0,259.0,219.0,101.37750559891217,0.0,0.0,2229.377505598912,17,031,806002,2,170318060022
0.0,82.0,40.0,1.0,132.0,0.0,98.0,87.0,0.0,33.0,369.0,352.0,11.0,90.49993984720801,0.0,0.0,1295.499939847208,17,031,806002,3,170318060023
27.0,54.0,6.0,82.0,29.0,150.0,26.0,3.0,42.0,102.0,238.0,74.0,21.0,103.06109681856393,0.0,0.0,957.0610968185639,17,031,806002,4,170318060024
6.0,202.0,12.0,51.0,24.0,94.0,1.0,97.0,1.0,80.0,313.0,248.0,27.0,74.70399692770107,0.0,0.0,1230.7039969277012,17,031,806002,5,170318060025
152.0,28.0,216.0,78.0,8.0,114.0,20.0,72.0,70.0,65.0,113.0,104.0,92.0,99.37750559891217,0.0,0.0,1231.3775055989122,17,031,806003,1,170318060031
27.0,4.0,3.0,126.0,40.0,2.0,169.0,224.0,46.0,712.0,9.0,68.0,192.0,97.0,0.0,0.0,1719.0,17,031,806003,2,170318060032
1.0,8.0,0.0,20.0,60.0,78.0,32.0,35.0,2.0,4.0,14.0,388.0,140.0,102.05089396453928,0.0,0.0,884.0508939645392,17,031,806003,3,170318060033
6.0,3.0,0.0,58.0,5.0,71.0,0.0,0.0,0.0,131.0,98.0,105.0,20.0,96.80578485677964,0.0,0.0,593.8057848567796,17,031,806003,4,170318060034
2.0,0.0,6.0,183.0,123.0,57.0,67.0,25.0,1.0,56.0,333.0,393.0,77.0,115.0,0.0,0.0,1438.0,17,031,806003,5,170318060035
181.0,156.0,24.0,60.0,85.0,93.0,22.0,0.0,85.0,2.0,187.0,154.0,26.0,83.0,0.0,0.0,1158.0,17,031,806003,6,170318060036
76.0,53.0,74.0,142.0,167.0,214.0,107.0,64.0,62.0,17.0,119.0,95.0,17.0,88.74480834379969,0.0,0.0,1295.7448083437996,17,031,806004,1,170318060041
99.0,23.0,174.0,168.0,123.0,423.0,40.0,144.0,485.0,75.0,185.0,236.0,166.0,112.52034555525731,0.0,0.0,2453.5203455552573,17,031,806004,2,170318060042
0.0,3.0,156.0,129.0,133.0,204.0,106.0,114.0,15.0,137.0,271.0,212.0,110.0,95.8060254679476,0.0,0.0,1685.8060254679476,17,031,806004,3,170318060043
1.0,19.0,3.0,229.0,7.0,164.0,62.0,2.0,6.0,189.0,201.0,81.0,74.0,100.0,0.0,0.0,1138.0,17,031,806004,4,170318060044
43.0,27.0,21.0,9.0,50.0,100.0,114.0,89.0,17.0,136.0,268.0,214.0,320.0,106.80590516236362,0.0,0.0,1514.8059051623636,17,031,806102,1,170318061021
2.0,9.0,3.0,16.0,82.0,16.0,48.0,100.0,1.0,101.0,52.0,159.0,114.0,105.9386625702681,0.0,0.0,808.9386625702681,17,031,806102,2,170318061022
26.0,26.0,2.0,81.0,32.0,7.0,5.0,21.0,18.0,17.0,66.0,206.0,73.0,98.35697958527888,0.0,0.0,678.3569795852789,17,031,806102,3,170318061023
1.0,66.0,42.0,2.0,212.0,6.0,98.0,2.0,118.0,65.0,95.0,294.0,105.0,84.52022524967333,0.0,0.0,1190.5202252496733,17,031,806103,1,170318061031
97.0,31.0,12.0,7.0,21.0,0.0,47.0,1.0,0.0,28.0,158.0,225.0,35.0,99.58156267940524,0.0,0.0,761.5815626794052,17,031,806103,2,170318061032
23.0,2.0,32.0,0.0,86.0,4.0,0.0,117.0,5.0,3.0,63.0,332.0,272.0,107.87744544612018,0.0,0.0,1046.8774454461202,17,031,806103,3,170318061033
7.0,18.0,82.0,68.0,6.0,0.0,10.0,0.0,4.0,195.0,171.0,66.0,182.0,113.52022524967333,0.0,0.0,922.5202252496733,17,031,806103,4,170318061034
135.0,96.0,0.0,63.0,97.0,213.0,197.0,216.0,159.0,86.0,238.0,102.0,133.0,97.0,0.0,0.0,1832.0,17,031,806104,1,170318061041
160.0,76.0,34.0,1.0,44.0,167.0,4.0,3.0,1.0,1.0,87.0,313.0,90.0,103.0,0.0,0.0,1084.0,17,031,806104,2,170318061042
204.0,205.0,63.0,176.0,106.0,93.0,45.0,85.0,59.0,163.0,188.0,126.0,80.0,106.74480834379969,0.0,0.0,1699.7448083437996,17,031,806104,3,170318061043
8.0,75.0,22.0,44.0,153.0,95.0,427.0,19.0,161.0,258.0,241.0,459.0,619.0,93.14271965076117,0.0,0.0,2674.142719650761,17,031,806201,1,170318062011
21.0,110.0,102.0,55.0,14.0,56.0,65.0,28.0,102.0,81.0,245.0,331.0,11.0,95.68359121965176,0.0,0.0,1316.6835912196518,17,031,806201,2,170318062012
125.0,36.0,0.0,7.0,34.0,7.0,31.0,21.0,1.0,13.0,3.0,56.0,85.0,66.0,0.0,0.0,485.0,17,031,806202,1,170318062021
120.0,0.0,315.0,0.0,24.0,9.0,130.0,46.0,79.0,1.0,163.0,463.0,151.0,105.03048825648997,0.0,0.0,1606.03048825649,17,031,806202,2,170318062022
76.0,66.0,112.0,77.0,39.0,65.0,42.0,31.0,134.0,122.0,313.0,325.0,111.0,99.69367376809242,0.0,0.0,1612.6936737680924,17,031,806202,3,170318062023
2.0,28.0,81.0,2.0,33.0,5.0,85.0,85.0,16.0,159.0,94.0,50.0,85.0,76.62237409550384,0.0,0.0,801.6223740955038,17,031,806300,1,170318063001
6.0,1.0,3.0,12.0,44.0,151.0,61.0,13.0,68.0,4.0,56.0,30.0,163.0,93.18353106685977,0.0,0.0,705.1835310668598,17,031,806300,2,170318063002
4.0,14.0,5.0,6.0,4.0,36.0,61.0,18.0,44.0,0.0,38.0,103.0,108.0,94.1938542264684,0.0,0.0,535.1938542264684,17,031,806300,3,170318063003
1.0,1.0,1.0,10.0,12.0,1.0,24.0,14.0,10.0,85.0,11.0,88.0,86.0,101.13251679673651,0.0,0.0,445.1325167967365,17,031,806300,4,170318063004
17.0,4.0,2.0,12.0,4.0,23.0,38.0,4.0,11.0,0.0,87.0,147.0,133.0,89.59176553342988,0.0,0.0,571.5917655334299,17,031,806300,5,170318063005
2.0,3.0,1.0,34.0,5.0,16.0,14.0,28.0,1.0,38.0,134.0,157.0,69.0,75.35709989086286,0.0,0.0,577.3570998908629,17,031,806300,6,170318063006
8.0,2.0,88.0,12.0,104.0,6.0,82.0,101.0,7.0,78.0,84.0,152.0,87.0,103.85703973807087,0.0,0.0,914.8570397380709,17,031,806400,1,170318064001
10.0,3.0,19.0,32.0,5.0,89.0,7.0,7.0,160.0,200.0,47.0,150.0,60.0,98.46909067396608,0.0,0.0,887.4690906739661,17,031,806400,2,170318064002
1.0,29.0,57.0,34.0,2.0,23.0,28.0,168.0,22.0,88.0,211.0,111.0,24.0,96.48973699318336,0.0,0.0,894.4897369931833,17,031,806501,1,170318065011
84.0,74.0,85.0,1.0,142.0,0.0,81.0,59.0,161.0,120.0,88.0,152.0,73.0,103.3060856207396,0.0,0.0,1223.3060856207396,17,031,806501,2,170318065012
67.0,2.0,2.0,0.0,5.0,36.0,91.0,63.0,3.0,49.0,148.0,183.0,51.0,89.14283995634514,0.0,0.0,789.1428399563451,17,031,806502,1,170318065021
6.0,3.0,2.0,40.0,0.0,21.0,2.0,5.0,19.0,103.0,51.0,164.0,26.0,101.07141997817257,0.0,0.0,543.0714199781726,17,031,806502,2,170318065022
7.0,6.0,29.0,22.0,71.0,61.0,205.0,0.0,38.0,42.0,3.0,186.0,99.0,111.21425993451771,0.0,0.0,880.2142599345177,17,031,806502,3,170318065023
41.0,29.0,61.0,80.0,128.0,342.0,51.0,86.0,18.0,40.0,317.0,295.0,118.0,102.53042810369799,0.0,0.0,1708.530428103698,17,031,806502,4,170318065024
24.0,75.0,35.0,20.0,2.0,164.0,0.0,51.0,48.0,75.0,208.0,470.0,200.0,91.60184808187056,0.0,0.0,1463.6018480818705,17,031,806600,1,170318066001
2.0,54.0,73.0,52.0,25.0,46.0,94.0,31.0,36.0,276.0,209.0,232.0,125.0,88.65298265757781,0.0,0.0,1343.6529826575777,17,031,806600,2,170318066002
33.0,10.0,10.0,36.0,74.0,10.0,19.0,69.0,60.0,141.0,171.0,170.0,196.0,75.38758814735283,0.0,0.0,1074.3875881473527,17,031,806700,1,170318067001
6.0,4.0,3.0,19.0,41.0,0.0,5.0,26.0,18.0,10.0,55.0,124.0,129.0,87.0,0.0,0.0,527.0,17,031,806700,2,170318067002
5.0,1.0,83.0,0.0,4.0,7.0,4.0,53.0,2.0,29.0,149.0,233.0,97.0,99.73460548977503,0.0,0.0,766.734605489775,17,031,806700,3,170318067003
3.0,5.0,4.0,7.0,14.0,0.0,5.0,1.0,1.0,9.0,18.0,97.0,63.0,97.0,0.0,0.0,324.0,17,031,806700,4,170318067004
173.0,39.0,48.0,0.0,25.0,83.0,3.0,10.0,0.0,40.0,20.0,120.0,20.0,80.0,0.0,0.0,661.0,17,031,806801,1,170318068011
0.0,23.0,71.0,27.0,134.0,23.0,27.0,10.0,89.0,128.0,70.0,124.0,16.0,105.23466564256702,0.0,0.0,847.234665642567,17,031,806801,2,170318068012
3.0,2.0,0.0,16.0,1.0,6.0,5.0,72.0,4.0,56.0,231.0,86.0,114.0,91.85691943248688,0.0,0.0,687.8569194324868,17,031,806801,3,170318068013
29.0,5.0,2.0,1.0,1.0,3.0,4.0,88.0,8.0,28.0,2.0,63.0,55.0,78.9386625702681,0.0,0.0,367.9386625702681,17,031,806801,4,170318068014
0.0,2.0,16.0,8.0,52.0,0.0,19.0,1.0,8.0,4.0,31.0,162.0,13.0,91.39791130696148,0.0,0.0,407.3979113069615,17,031,806802,1,170318068021
72.0,24.0,8.0,8.0,33.0,46.0,87.0,171.0,22.0,90.0,119.0,199.0,122.0,97.0,0.0,0.0,1098.0,17,031,806802,2,170318068022
20.0,1.0,5.0,0.0,77.0,0.0,31.0,7.0,30.0,60.0,24.0,185.0,69.0,80.86724259209552,0.0,0.0,589.8672425920955,17,031,806802,3,170318068023
3.0,3.0,52.0,2.0,11.0,31.0,16.0,0.0,5.0,17.0,129.0,163.0,91.0,114.0,0.0,0.0,637.0,17,031,806900,1,170318069001
324.0,104.0,81.0,95.0,84.0,4.0,156.0,0.0,87.0,183.0,321.0,111.0,50.0,88.48973699318336,0.0,0.0,1688.4897369931834,17,031,806900,2,170318069002
73.0,4.0,3.0,111.0,1.0,179.0,44.0,74.0,4.0,75.0,293.0,619.0,170.0,89.52022524967333,0.0,0.0,1739.5202252496733,17,031,806900,3,170318069003
71.0,184.0,278.0,151.0,348.0,194.0,360.0,1.0,183.0,78.0,230.0,347.0,148.0,97.4387227230601,0.0,0.0,2670.43872272306,17,031,807000,1,170318070001
75.0,133.0,2.0,0.0,2.0,21.0,79.0,3.0,45.0,6.0,76.0,144.0,305.0,107.60196838745455,0.0,0.0,998.6019683874546,17,031,807000,2,170318070002
34.0,3.0,19.0,0.0,3.0,2.0,202.0,1.0,0.0,159.0,2.0,134.0,195.0,94.7856197598983,0.0,0.0,848.7856197598983,17,031,807000,3,170318070003
118.0,191.0,0.0,20.0,11.0,3.0,111.0,5.0,2.0,28.0,1.0,46.0,134.0,116.0,0.0,0.0,786.0,17,031,807000,4,170318070004
45.0,9.0,5.0,1.0,11.0,6.0,3.0,1.0,11.0,40.0,8.0,22.0,136.0,96.66318551160245,0.0,0.0,394.6631855116025,17,031,807100,1,170318071001
26.0,9.0,0.0,6.0,8.0,67.0,57.0,13.0,99.0,38.0,30.0,217.0,234.0,93.1529225047858,0.0,0.0,897.1529225047858,17,031,807100,2,170318071002
9.0,0.0,4.0,37.0,56.0,0.0,0.0,0.0,4.0,1.0,16.0,328.0,180.0,104.14247903959318,0.0,0.0,739.1424790395932,17,031,807100,3,170318071003
4.0,6.0,12.0,0.0,34.0,5.0,1.0,24.0,27.0,2.0,14.0,100.0,94.0,108.85703973807087,0.0,0.0,431.85703973807085,17,031,807200,1,170318072001
12.0,117.0,84.0,2.0,237.0,3.0,150.0,33.0,49.0,66.0,309.0,201.0,202.0,105.4387227230601,0.0,0.0,1570.43872272306,17,031,807200,2,170318072002
2.0,2.0,3.0,63.0,151.0,21.0,11.0,13.0,1.0,9.0,2.0,228.0,90.0,90.99987969441602,0.0,0.0,686.999879694416,17,031,807200,3,170318072003
33.0,39.0,33.0,8.0,3.0,6.0,106.0,1.0,4.0,50.0,36.0,299.0,110.0,98.22446278854237,0.0,0.0,826.2244627885424,17,031,807200,4,170318072004
4.0,1.0,0.0,0.0,6.0,74.0,58.0,3.0,19.0,35.0,30.0,37.0,75.0,103.60184808187056,0.0,0.0,445.60184808187057,17,031,807200,5,170318072005
479.0,30.0,144.0,59.0,137.0,133.0,185.0,38.0,115.0,182.0,166.0,186.0,115.0,92.0,0.0,0.0,2061.0,17,031,807300,1,170318073001
94.0,81.0,19.0,50.0,107.0,54.0,54.0,55.0,63.0,3.0,22.0,347.0,226.0,99.29588276671494,0.0,0.0,1274.2958827667148,17,031,807300,2,170318073002
95.0,125.0,14.0,29.0,0.0,1.0,17.0,0.0,112.0,60.0,108.0,199.0,188.0,69.05089396453928,0.0,0.0,1017.0508939645392,17,031,807300,3,170318073003
62.0,4.0,11.0,40.0,19.0,27.0,216.0,2.0,7.0,3.0,3.0,169.0,83.0,97.34689703683821,0.0,0.0,743.3468970368382,17,031,807300,4,170318073004
45.0,2.0,4.0,280.0,3.0,1.0,47.0,4.0,55.0,4.0,141.0,117.0,322.0,73.34677673125422,0.0,0.0,1098.3467767312543,17,031,807300,5,170318073005
21.0,8.0,30.0,3.0,15.0,25.0,1.0,26.0,1.0,0.0,114.0,140.0,134.0,111.37750559891217,0.0,0.0,629.3775055989122,17,031,807400,1,170318074001
36.0,4.0,119.0,5.0,21.0,17.0,22.0,61.0,0.0,158.0,126.0,67.0,356.0,111.8060254679476,0.0,0.0,1103.8060254679476,17,031,807400,2,170318074002
116.0,141.0,181.0,205.0,305.0,9.0,168.0,107.0,101.0,177.0,234.0,468.0,174.0,84.0,0.0,0.0,2470.0,17,031,807400,3,170318074003
73.0,143.0,32.0,29.0,2.0,46.0,0.0,2.0,2.0,338.0,77.0,1.0,120.0,97.33669418281356,0.0,0.0,962.3366941828135,17,031,807400,4,170318074004
17.0,14.0,22.0,45.0,2.0,0.0,21.0,38.0,237.0,0.0,148.0,167.0,95.0,106.0,0.0,0.0,912.0,17,031,807400,5,170318074005
71.0,18.0,13.0,4.0,29.0,16.0,84.0,2.0,0.0,133.0,12.0,154.0,348.0,90.67338836562712,0.0,0.0,974.6733883656271,17,031,807500,1,170318075001
96.0,0.0,7.0,4.0,19.0,27.0,25.0,111.0,17.0,2.0,76.0,212.0,75.0,107.0,0.0,0.0,778.0,17,031,807500,2,170318075002
11.0,1.0,0.0,60.0,2.0,20.0,23.0,1.0,173.0,56.0,115.0,150.0,169.0,106.48973699318336,0.0,0.0,887.4897369931833,17,031,807500,3,170318075003
2.0,81.0,109.0,82.0,19.0,7.0,136.0,5.0,36.0,133.0,219.0,60.0,112.0,92.53054840928196,0.0,0.0,1093.530548409282,17,031,807600,1,170318076001
1.0,62.0,134.0,30.0,37.0,20.0,35.0,3.0,4.0,59.0,206.0,113.0,193.0,90.30596531515562,0.0,0.0,987.3059653151556,17,031,807600,2,170318076002
5.0,31.0,23.0,0.0,7.0,137.0,118.0,2.0,28.0,69.0,59.0,230.0,96.0,94.0,0.0,0.0,899.0,17,031,807600,3,170318076003
30.0,6.0,74.0,138.0,74.0,1.0,48.0,63.0,5.0,73.0,277.0,236.0,5.0,90.0,0.0,0.0,1120.0,17,031,807600,4,170318076004
103.0,1.0,127.0,32.0,20.0,26.0,127.0,18.0,28.0,1.0,330.0,38.0,64.0,106.2242221773744,0.0,0.0,1021.2242221773745,17,031,807600,5,170318076005
196.0,154.0,103.0,137.0,198.0,83.0,276.0,20.0,99.0,163.0,28.0,201.0,334.0,112.29588276671494,0.0,0.0,2104.295882766715,17,031,807700,1,170318077001
57.0,70.0,14.0,36.0,331.0,25.0,1.0,169.0,1.0,42.0,139.0,190.0,139.0,87.27547705866564,0.0,0.0,1301.2754770586657,17,031,807700,2,170318077002
19.0,3.0,8.0,1.0,69.0,2.0,5.0,54.0,5.0,222.0,2.0,149.0,97.0,95.54075126330662,0.0,0.0,731.5407512633067,17,031,807700,3,170318077003
162.0,221.0,76.0,2.0,1.0,0.0,0.0,5.0,17.0,201.0,89.0,134.0,126.0,100.26527420464097,0.0,0.0,1134.265274204641,17,031,807700,4,170318077004
0.0,49.0,1.0,69.0,19.0,3.0,26.0,13.0,38.0,17.0,184.0,276.0,110.0,103.68359121965176,0.0,0.0,908.6835912196518,17,031,807800,1,170318078001
1.0,18.0,6.0,3.0,79.0,24.0,97.0,54.0,19.0,112.0,139.0,191.0,236.0,73.23454533698305,0.0,0.0,1052.234545336983,17,031,807800,2,170318078002
50.0,3.0,36.0,4.0,19.0,81.0,5.0,3.0,49.0,93.0,97.0,236.0,221.0,92.04069111051463,0.0,0.0,989.0406911105147,17,031,807900,1,170318079001
79.0,3.0,3.0,1.0,4.0,47.0,14.0,13.0,38.0,84.0,233.0,92.0,304.0,78.99975938883203,0.0,0.0,993.999759388832,17,031,807900,2,170318079002
0.0,4.0,2.0,2.0,8.0,19.0,4.0,4.0,1.0,9.0,68.0,131.0,91.0,114.66306520601847,0.0,0.0,457.6630652060185,17,031,807900,3,170318079003
0.0,8.0,60.0,19.0,52.0,37.0,21.0,10.0,27.0,35.0,30.0,163.0,76.0,86.11199078310321,0.0,0.0,624.1119907831032,17,031,808001,1,170318080011
12.0,8.0,64.0,45.0,9.0,68.0,8.0,13.0,7.0,88.0,4.0,172.0,104.0,97.79570230833897,0.0,0.0,699.795702308339,17,031,808001,2,170318080012
0.0,37.0,12.0,8.0,69.0,136.0,11.0,1.0,16.0,41.0,174.0,220.0,265.0,115.15280219920183,0.0,0.0,1105.152802199202,17,031,808001,3,170318080013
30.0,2.0,36.0,63.0,2.0,1.0,84.0,5.0,20.0,193.0,171.0,140.0,30.0,77.61205093589521,0.0,0.0,854.6120509358952,17,031,808002,1,170318080021
0.0,45.0,3.0,76.0,24.0,8.0,151.0,33.0,58.0,9.0,105.0,58.0,162.0,109.20393677490908,0.0,0.0,841.203936774909,17,031,808002,2,170318080022
1.0,32.0,5.0,7.0,66.0,8.0,2.0,2.0,2.0,161.0,208.0,301.0,144.0,86.23454533698305,0.0,0.0,1025.234545336983,17,031,808002,3,170318080023
26.0,2.0,12.0,5.0,1.0,0.0,32.0,14.0,6.0,0.0,136.0,68.0,31.0,84.21425993451771,0.0,0.0,417.2142599345177,17,031,808002,4,170318080024
5.0,60.0,7.0,37.0,79.0,166.0,3.0,9.0,171.0,112.0,57.0,6.0,144.0,99.35697958527888,0.0,0.0,955.3569795852789,17,031,808100,1,170318081001
229.0,120.0,99.0,114.0,65.0,115.0,93.0,70.0,12.0,165.0,112.0,173.0,127.0,94.61217124147919,0.0,0.0,1588.6121712414792,17,031,808100,2,170318081002
24.0,16.0,182.0,6.0,28.0,24.0,50.0,108.0,109.0,87.0,300.0,366.0,301.0,95.62213348433588,0.0,0.0,1696.6221334843358,17,031,808200,1,170318082001
24.0,43.0,51.0,217.0,21.0,85.0,0.0,115.0,38.0,74.0,84.0,179.0,162.0,90.75477058665636,0.0,0.0,1183.7547705866564,17,031,808200,2,170318082002
141.0,61.0,70.0,82.0,19.0,177.0,27.0,85.0,22.0,109.0,176.0,300.0,142.0,93.62237409550384,0.0,0.0,1504.6223740955038,17,031,808200,3,170318082003
36.0,8.0,0.0,162.0,40.0,2.0,241.0,22.0,18.0,107.0,12.0,139.0,52.0,78.38770845293682,0.0,0.0,917.3877084529369,17,031,808301,1,170318083011
74.0,19.0,66.0,256.0,31.0,15.0,18.0,60.0,87.0,107.0,303.0,587.0,421.0,116.02004479129735,0.0,0.0,2160.0200447912976,17,031,808301,2,170318083012
11.0,18.0,89.0,1.0,80.0,26.0,36.0,0.0,2.0,30.0,97.0,15.0,83.0,91.21413962893374,0.0,0.0,579.2141396289337,17,031,808301,3,170318083013
0.0,5.0,28.0,0.0,24.0,53.0,12.0,26.0,20.0,129.0,147.0,133.0,183.0,85.34689703683821,0.0,0.0,845.3468970368382,17,031,808301,4,170318083014
4.0,7.0,44.0,20.0,21.0,2.0,92.0,14.0,20.0,275.0,16.0,178.0,98.0,82.95894797273341,0.0,0.0,873.9589479727334,17,031,808302,1,170318083021
152.0,33.0,41.0,198.0,26.0,28.0,140.0,37.0,24.0,53.0,297.0,297.0,217.0,79.4386024174761,0.0,0.0,1622.4386024174762,17,031,808302,2,170318083022
1.0,51.0,2.0,27.0,27.0,3.0,34.0,8.0,10.0,27.0,24.0,91.0,148.0,87.0,0.0,0.0,540.0,17,031,808302,3,170318083023
45.0,31.0,2.0,155.0,0.0,6.0,85.0,35.0,1.0,106.0,131.0,354.0,156.0,90.52010494408934,0.0,0.0,1197.5201049440893,17,031,808400,1,170318084001
2.0,16.0,184.0,24.0,15.0,2.0,74.0,0.0,41.0,77.0,47.0,56.0,149.0,96.08138222102926,0.0,0.0,783.0813822210292,17,031,808400,2,170318084002
95.0,18.0,66.0,1.0,11.0,11.0,94.0,1.0,65.0,97.0,181.0,186.0,155.0,75.18353106685977,0.0,0.0,1056.1835310668598,17,031,808400,3,170318084003
26.0,6.0,8.0,14.0,90.0,130.0,12.0,67.0,6.0,146.0,130.0,295.0,97.0,109.1529225047858,0.0,0.0,1136.152922504786,17,031,808500,1,170318085001
4.0,38.0,1.0,23.0,1.0,33.0,28.0,39.0,4.0,20.0,5.0,39.0,156.0,105.37750559891217,0.0,0.0,496.3775055989122,17,031,808500,2,170318085002
13.0,37.0,42.0,1.0,2.0,0.0,0.0,54.0,35.0,45.0,8.0,196.0,139.0,105.83651372443758,0.0,0.0,677.8365137244376,17,031,808500,3,170318085003
7.0,26.0,23.0,0.0,1.0,19.0,17.0,16.0,84.0,30.0,101.0,144.0,176.0,101.75501119782433,0.0,0.0,745.7550111978244,17,031,808500,4,170318085004
5.0,1.0,1.0,66.0,0.0,13.0,2.0,1.0,65.0,10.0,32.0,112.0,100.0,79.4181967094268,0.0,0.0,487.4181967094268,17,031,808600,1,170318086001
14.0,2.0,73.0,28.0,11.0,0.0,10.0,6.0,30.0,27.0,74.0,165.0,34.0,102.18365137244376,0.0,0.0,576.1836513724437,17,031,808600,2,170318086002
168.0,23.0,1.0,39.0,33.0,21.0,17.0,4.0,1.0,57.0,30.0,93.0,47.0,79.27547705866564,0.0,0.0,613.2754770586656,17,031,808702,1,170318087021
3.0,4.0,0.0,0.0,1.0,2.0,8.0,2.0,1.0,6.0,7.0,14.0,49.0,73.0,0.0,0.0,170.0,17,031,808702,2,170318087022
50.0,1.0,4.0,129.0,19.0,0.0,19.0,90.0,52.0,83.0,110.0,226.0,124.0,111.17320790725114,0.0,0.0,1018.1732079072513,17,031,808800,1,170318088001
103.0,14.0,2.0,62.0,1.0,0.0,3.0,22.0,74.0,159.0,3.0,11.0,182.0,80.51002239564868,0.0,0.0,716.5100223956487,17,031,808800,2,170318088002
105.0,12.0,19.0,7.0,122.0,63.0,46.0,15.0,41.0,12.0,108.0,73.0,60.0,91.27535675308165,0.0,0.0,774.2753567530816,17,031,808900,1,170318089001
5.0,20.0,3.0,35.0,1.0,66.0,21.0,3.0,1.0,41.0,3.0,73.0,80.0,88.52034555525731,0.0,0.0,440.52034555525734,17,031,808900,2,170318089002
32.0,3.0,68.0,3.0,27.0,67.0,18.0,1.0,38.0,46.0,127.0,178.0,205.0,82.57123951979659,0.0,0.0,895.5712395197966,17,031,808900,3,170318089003
1.0,4.0,3.0,4.0,2.0,4.0,4.0,14.0,1.0,1.0,32.0,32.0,121.0,86.8060254679476,0.0,0.0,309.8060254679476,17,031,809000,1,170318090001
1.0,4.0,59.0,1.0,0.0,9.0,5.0,5.0,1.0,10.0,50.0,70.0,110.0,96.18365137244376,0.0,0.0,421.18365137244376,17,031,809000,2,170318090002
2.0,8.0,49.0,11.0,34.0,1.0,3.0,47.0,103.0,33.0,97.0,175.0,140.0,105.51014270123267,0.0,0.0,808.5101427012327,17,031,809000,3,170318090003
2.0,1.0,5.0,3.0,3.0,17.0,1.0,47.0,1.0,18.0,67.0,127.0,175.0,105.65298265757781,0.0,0.0,572.6529826575778,17,031,809000,4,170318090004
1.0,17.0,31.0,7.0,0.0,1.0,2.0,100.0,19.0,69.0,119.0,104.0,79.0,80.51002239564868,0.0,0.0,629.5100223956487,17,031,809100,1,170318091001
3.0,17.0,30.0,2.0,0.0,3.0,7.0,4.0,51.0,1.0,96.0,37.0,46.0,91.10190823466255,0.0,0.0,388.1019082346626,17,031,809100,2,170318091002
30.0,1.0,11.0,2.0,74.0,84.0,0.0,88.0,66.0,80.0,80.0,69.0,63.0,98.16324566439445,0.0,0.0,746.1632456643945,17,031,809100,3,170318091003
180.0,78.0,1.0,77.0,44.0,19.0,5.0,81.0,106.0,184.0,23.0,127.0,100.0,87.70399692770107,0.0,0.0,1112.7039969277012,17,031,809200,1,170318092001
1.0,108.0,56.0,42.0,67.0,0.0,6.0,9.0,101.0,81.0,34.0,102.0,51.0,97.58156267940524,0.0,0.0,755.5815626794052,17,031,809200,2,170318092002
3.0,156.0,1.0,110.0,59.0,43.0,30.0,97.0,45.0,105.0,67.0,298.0,38.0,88.52034555525731,0.0,0.0,1140.5203455552573,17,031,809200,3,170318092003
64.0,142.0,13.0,4.0,20.0,79.0,2.0,1.0,185.0,60.0,183.0,336.0,123.0,75.89785115416949,0.0,0.0,1287.8978511541695,17,031,809200,4,170318092004
277.0,81.0,42.0,1.0,4.0,4.0,35.0,0.0,26.0,1.0,72.0,5.0,41.0,92.40811416098613,0.0,0.0,681.4081141609861,17,031,809300,1,170318093001
548.0,131.0,121.0,18.0,50.0,2.0,124.0,43.0,29.0,53.0,90.0,135.0,10.0,115.60172777628657,0.0,0.0,1469.6017277762867,17,031,809300,2,170318093002
658.0,120.0,115.0,40.0,86.0,70.0,34.0,0.0,58.0,5.0,2.0,118.0,46.0,112.33669418281356,0.0,0.0,1464.3366941828135,17,031,809300,3,170318093003
76.0,3.0,0.0,53.0,17.0,15.0,16.0,31.0,10.0,38.0,18.0,38.0,139.0,93.1530428103698,0.0,0.0,547.1530428103698,17,031,809400,1,170318094001
236.0,85.0,73.0,20.0,45.0,57.0,4.0,89.0,83.0,27.0,71.0,119.0,130.0,97.97947398636671,0.0,0.0,1136.9794739863667,17,031,809400,2,170318094002
133.0,7.0,24.0,34.0,64.0,11.0,27.0,48.0,52.0,4.0,82.0,36.0,129.0,100.16312535881048,0.0,0.0,751.1631253588105,17,031,809400,3,170318094003
523.0,67.0,4.0,90.0,26.0,124.0,35.0,37.0,4.0,105.0,3.0,70.0,9.0,100.1938542264684,0.0,0.0,1197.1938542264684,17,031,809400,4,170318094004
197.0,2.0,56.0,3.0,32.0,36.0,15.0,6.0,22.0,63.0,74.0,151.0,93.0,73.21413962893374,0.0,0.0,823.2141396289337,17,031,809500,1,170318095001
114.0,7.0,116.0,83.0,62.0,113.0,153.0,39.0,2.0,50.0,145.0,118.0,87.0,108.0,0.0,0.0,1197.0,17,031,809500,2,170318095002
6.0,3.0,4.0,28.0,5.0,3.0,0.0,77.0,62.0,70.0,62.0,9.0,110.0,97.09170538063789,0.0,0.0,536.0917053806379,17,031,809500,3,170318095003
5.0,4.0,1.0,1.0,8.0,16.0,23.0,3.0,10.0,14.0,1.0,92.0,169.0,77.28567991269028,0.0,0.0,424.2856799126903,17,031,809600,1,170318096001
94.0,1.0,61.0,23.0,58.0,160.0,240.0,120.0,29.0,26.0,235.0,73.0,5.0,85.3060856207396,0.0,0.0,1210.3060856207396,17,031,809600,2,170318096002
0.0,45.0,0.0,63.0,38.0,7.0,34.0,15.0,64.0,71.0,167.0,108.0,66.0,105.46933128513405,0.0,0.0,783.4693312851341,17,031,809600,3,170318096003
29.0,4.0,46.0,1.0,34.0,51.0,3.0,98.0,27.0,19.0,163.0,69.0,153.0,86.33657387722957,0.0,0.0,783.3365738772296,17,031,809700,1,170318097001
0.0,94.0,11.0,55.0,62.0,96.0,5.0,53.0,70.0,109.0,314.0,335.0,243.0,108.39767069579351,0.0,0.0,1555.3976706957935,17,031,809700,2,170318097002
0.0,11.0,4.0,15.0,4.0,1.0,40.0,16.0,34.0,39.0,82.0,40.0,65.0,104.32637102320491,0.0,0.0,455.3263710232049,17,031,809700,3,170318097003
28.0,3.0,1.0,23.0,37.0,8.0,4.0,37.0,40.0,27.0,17.0,52.0,147.0,90.91825686221878,0.0,0.0,514.9182568622188,17,031,809800,1,170318098001
181.0,58.0,79.0,53.0,91.0,17.0,96.0,97.0,51.0,78.0,56.0,147.0,123.0,104.70399692770107,0.0,0.0,1231.7039969277012,17,031,809800,2,170318098002
175.0,15.0,24.0,1.0,1.0,20.0,44.0,32.0,58.0,140.0,251.0,509.0,309.0,100.18341076127578,0.0,0.0,1679.1834107612758,17,031,809900,1,170318099001
189.0,4.0,164.0,18.0,115.0,12.0,21.0,37.0,125.0,100.0,183.0,387.0,130.0,88.98967684039135,0.0,0.0,1573.9896768403914,17,031,810000,1,170318100001
123.0,21.0,42.0,22.0,2.0,124.0,28.0,1.0,129.0,69.0,70.0,175.0,242.0,106.16312535881048,0.0,0.0,1154.1631253588105,17,031,810000,2,170318100002
5.0,64.0,0.0,109.0,1.0,29.0,81.0,52.0,153.0,125.0,35.0,250.0,65.0,113.29588276671494,0.0,0.0,1082.2958827667148,17,031,810000,3,170318100003
0.0,69.0,34.0,4.0,19.0,0.0,0.0,5.0,17.0,19.0,35.0,145.0,130.0,113.14283995634514,0.0,0.0,590.1428399563451,17,031,810100,1,170318101001
52.0,31.0,7.0,61.0,12.0,116.0,126.0,49.0,68.0,144.0,5.0,37.0,132.0,111.26527420464097,0.0,0.0,951.265274204641,17,031,810100,2,170318101002
42.0,5.0,84.0,96.0,0.0,14.0,65.0,8.0,0.0,106.0,147.0,1.0,37.0,81.40811416098613,0.0,0.0,686.4081141609861,17,031,810100,3,170318101003
0.0,0.0,17.0,12.0,1.0,4.0,4.0,3.0,9.0,62.0,0.0,0.0,178.0,68.4795341391587,0.0,0.0,358.4795341391587,17,031,810100,4,170318101004
6.0,4.0,48.0,17.0,75.0,105.0,0.0,60.0,106.0,0.0,163.0,217.0,148.0,99.14271965076117,0.0,0.0,1048.1427196507611,17,031,810100,5,170318101005
8.0,5.0,109.0,120.0,158.0,51.0,55.0,27.0,5.0,28.0,18.0,105.0,179.0,87.0,0.0,0.0,955.0,17,031,810200,1,170318102001
22.0,52.0,0.0,25.0,10.0,22.0,1.0,235.0,20.0,7.0,87.0,246.0,71.0,85.13263710232049,0.0,0.0,883.1326371023205,17,031,810200,2,170318102002
13.0,133.0,21.0,1.0,14.0,212.0,54.0,128.0,0.0,3.0,16.0,137.0,46.0,81.11199078310321,0.0,0.0,859.1119907831032,17,031,810200,3,170318102003
36.0,78.0,110.0,87.0,0.0,48.0,8.0,69.0,77.0,164.0,179.0,183.0,98.0,95.53054840928196,0.0,0.0,1232.530548409282,17,031,810200,4,170318102004
87.0,2.0,3.0,4.0,3.0,2.0,15.0,5.0,7.0,24.0,9.0,73.0,179.0,96.7856197598983,0.0,0.0,509.7856197598983,17,031,810200,5,170318102005
0.0,6.0,45.0,91.0,1.0,1.0,9.0,97.0,26.0,56.0,41.0,247.0,47.0,80.83663403002157,0.0,0.0,747.8366340300215,17,031,810200,6,170318102006
13.0,3.0,58.0,0.0,2.0,5.0,0.0,60.0,15.0,144.0,12.0,191.0,146.0,87.20393677490908,0.0,0.0,736.203936774909,17,031,810301,1,170318103011
1.0,40.0,17.0,135.0,0.0,4.0,2.0,77.0,0.0,122.0,85.0,71.0,141.0,97.75501119782433,0.0,0.0,792.7550111978244,17,031,810301,2,170318103012
9.0,7.0,36.0,1.0,2.0,90.0,15.0,96.0,18.0,63.0,150.0,105.0,92.0,91.52034555525731,0.0,0.0,775.5203455552573,17,031,810301,3,170318103013
5.0,2.0,0.0,59.0,47.0,9.0,56.0,23.0,0.0,109.0,133.0,54.0,68.0,89.34689703683821,0.0,0.0,654.3468970368382,17,031,810301,4,170318103014
1.0,6.0,1.0,1.0,42.0,194.0,63.0,92.0,39.0,63.0,141.0,109.0,98.0,98.8060254679476,0.0,0.0,948.8060254679476,17,031,810302,1,170318103021
16.0,6.0,58.0,55.0,111.0,44.0,28.0,18.0,4.0,31.0,129.0,59.0,142.0,107.66318551160245,0.0,0.0,808.6631855116025,17,031,810302,2,170318103022
7.0,2.0,1.0,4.0,16.0,0.0,14.0,10.0,41.0,86.0,2.0,96.0,138.0,115.33657387722957,0.0,0.0,532.3365738772295,17,031,810302,3,170318103023
1.0,61.0,1.0,4.0,4.0,84.0,13.0,5.0,9.0,9.0,0.0,99.0,162.0,103.73460548977503,0.0,0.0,555.734605489775,17,031,810400,1,170318104001
1.0,2.0,1.0,68.0,12.0,8.0,83.0,5.0,0.0,18.0,103.0,127.0,249.0,87.61217124147919,0.0,0.0,764.6121712414792,17,031,810400,2,170318104002
88.0,84.0,33.0,119.0,88.0,91.0,152.0,90.0,108.0,288.0,306.0,190.0,330.0,81.75501119782433,0.0,0.0,2048.7550111978244,17,031,810400,3,170318104003
110.0,1.0,6.0,4.0,3.0,43.0,27.0,17.0,0.0,64.0,13.0,267.0,94.0,99.0,0.0,0.0,748.0,17,031,810400,4,170318104004
39.0,30.0,45.0,48.0,15.0,63.0,51.0,64.0,0.0,29.0,5.0,101.0,121.0,79.53054840928196,0.0,0.0,690.530548409282,17,031,810501,1,170318105011
1.0,17.0,57.0,43.0,65.0,20.0,42.0,16.0,0.0,18.0,124.0,58.0,113.0,113.71419978172572,0.0,0.0,687.7141997817257,17,031,810501,2,170318105012
10.0,4.0,1.0,80.0,5.0,57.0,11.0,2.0,78.0,62.0,96.0,119.0,34.0,101.44892557708474,0.0,0.0,660.4489255770848,17,031,810501,3,170318105013
0.0,85.0,93.0,16.0,22.0,26.0,77.0,0.0,13.0,0.0,223.0,243.0,144.0,116.44892557708474,0.0,0.0,1058.4489255770848,17,031,810501,4,170318105014
2.0,153.0,96.0,48.0,2.0,75.0,44.0,39.0,51.0,1.0,186.0,159.0,279.0,103.9590682783174,0.0,0.0,1238.9590682783173,17,031,810501,5,170318105015
26.0,0.0,113.0,5.0,52.0,40.0,3.0,139.0,29.0,9.0,22.0,24.0,118.0,109.0,0.0,0.0,689.0,17,031,810502,1,170318105021
44.0,2.0,42.0,20.0,15.0,3.0,14.0,3.0,0.0,56.0,242.0,214.0,95.0,109.31628847476425,0.0,0.0,859.3162884747643,17,031,810502,2,170318105022
96.0,163.0,116.0,8.0,106.0,113.0,35.0,98.0,132.0,125.0,96.0,204.0,7.0,87.59176553342988,0.0,0.0,1386.59176553343,17,031,810502,3,170318105023
121.0,17.0,122.0,14.0,5.0,6.0,77.0,15.0,32.0,17.0,43.0,142.0,58.0,112.51014270123267,0.0,0.0,781.5101427012327,17,031,810502,4,170318105024
1.0,3.0,17.0,1.0,35.0,39.0,6.0,1.0,48.0,85.0,91.0,177.0,139.0,88.57135982538058,0.0,0.0,731.5713598253806,17,031,810502,5,170318105025
28.0,45.0,161.0,32.0,125.0,130.0,6.0,54.0,23.0,117.0,97.0,125.0,261.0,90.05089396453928,0.0,0.0,1294.0508939645392,17,031,810600,1,170318106001
96.0,245.0,1.0,66.0,30.0,1.0,26.0,296.0,74.0,260.0,157.0,151.0,108.0,93.87744544612018,0.0,0.0,1604.8774454461202,17,031,810600,2,170318106002
137.0,64.0,43.0,46.0,4.0,100.0,138.0,102.0,64.0,214.0,138.0,91.0,52.0,108.0,0.0,0.0,1301.0,17,031,810600,3,170318106003
23.0,113.0,104.0,115.0,4.0,93.0,136.0,0.0,120.0,88.0,214.0,105.0,250.0,102.0,0.0,0.0,1467.0,17,031,810701,1,170318107011
22.0,39.0,73.0,97.0,147.0,126.0,124.0,22.0,10.0,76.0,88.0,87.0,168.0,98.3264913287889,0.0,0.0,1177.326491328789,17,031,810701,2,170318107012
47.0,78.0,104.0,81.0,20.0,50.0,87.0,56.0,37.0,74.0,147.0,165.0,33.0,87.0,0.0,0.0,1066.0,17,031,810701,3,170318107013
67.0,51.0,187.0,41.0,32.0,22.0,19.0,3.0,115.0,41.0,72.0,140.0,41.0,85.03048825648997,0.0,0.0,916.03048825649,17,031,810701,4,170318107014
13.0,73.0,99.0,81.0,44.0,78.0,11.0,67.0,211.0,160.0,116.0,156.0,217.0,98.28567991269028,0.0,0.0,1424.2856799126903,17,031,810702,1,170318107021
5.0,56.0,15.0,77.0,55.0,0.0,61.0,43.0,2.0,3.0,47.0,48.0,45.0,102.33669418281356,0.0,0.0,559.3366941828135,17,031,810702,2,170318107022
135.0,217.0,46.0,42.0,133.0,53.0,0.0,21.0,90.0,82.0,201.0,63.0,98.0,107.08150252661324,0.0,0.0,1288.0815025266133,17,031,810702,3,170318107023
26.0,39.0,78.0,1.0,0.0,9.0,118.0,10.0,0.0,5.0,47.0,251.0,78.0,103.64277980355315,0.0,0.0,765.6427798035531,17,031,810800,1,170318108001
72.0,51.0,163.0,121.0,108.0,90.0,107.0,57.0,35.0,115.0,14.0,139.0,332.0,87.61205093589521,0.0,0.0,1491.6120509358952,17,031,810800,2,170318108002
32.0,3.0,13.0,14.0,31.0,291.0,18.0,4.0,11.0,21.0,292.0,172.0,338.0,101.65286235199382,0.0,0.0,1341.652862351994,17,031,810800,3,170318108003
6.0,0.0,104.0,48.0,21.0,9.0,9.0,59.0,11.0,18.0,220.0,254.0,135.0,91.39791130696148,0.0,0.0,985.3979113069614,17,031,810800,4,170318108004
41.0,166.0,3.0,87.0,85.0,59.0,87.0,2.0,36.0,253.0,554.0,102.0,102.0,109.17344851841911,0.0,0.0,1686.173448518419,17,031,810900,1,170318109001
82.0,94.0,0.0,26.0,150.0,60.0,363.0,56.0,102.0,66.0,153.0,176.0,241.0,91.0,0.0,0.0,1660.0,17,031,810900,2,170318109002
7.0,1.0,4.0,22.0,2.0,153.0,2.0,49.0,6.0,119.0,2.0,133.0,55.0,71.03048825648997,0.0,0.0,626.03048825649,17,031,810900,3,170318109003
7.0,0.0,92.0,8.0,64.0,0.0,0.0,128.0,81.0,4.0,69.0,79.0,73.0,100.0,0.0,0.0,705.0,17,031,810900,4,170318109004
49.0,5.0,9.0,2.0,37.0,11.0,53.0,239.0,94.0,59.0,159.0,85.0,162.0,108.48973699318336,0.0,0.0,1072.4897369931834,17,031,810900,5,170318109005
4.0,124.0,3.0,5.0,1.0,1.0,17.0,16.0,38.0,50.0,110.0,102.0,59.0,98.49993984720801,0.0,0.0,628.499939847208,17,031,811000,1,170318110001
11.0,0.0,1.0,71.0,41.0,14.0,0.0,4.0,11.0,41.0,116.0,54.0,245.0,115.49993984720801,0.0,0.0,724.499939847208,17,031,811000,2,170318110002
111.0,5.0,5.0,2.0,18.0,1.0,3.0,2.0,5.0,1.0,5.0,260.0,129.0,107.10202854024654,0.0,0.0,654.1020285402466,17,031,811000,3,170318110003
42.0,30.0,36.0,2.0,11.0,53.0,5.0,10.0,60.0,1.0,85.0,182.0,108.0,100.40811416098613,0.0,0.0,725.4081141609861,17,031,811000,4,170318110004
4.0,1.0,0.0,93.0,5.0,40.0,3.0,2.0,78.0,55.0,74.0,161.0,105.0,90.41831701501079,0.0,0.0,711.4183170150108,17,031,811000,5,170318110005
1.0,10.0,1.0,4.0,67.0,5.0,1.0,17.0,70.0,26.0,0.0,56.0,16.0,97.0,0.0,0.0,371.0,17,031,811100,1,170318111001
32.0,124.0,249.0,24.0,68.0,39.0,81.0,6.0,62.0,87.0,361.0,105.0,124.0,99.38770845293682,0.0,0.0,1461.3877084529367,17,031,811100,2,170318111002
3.0,24.0,5.0,5.0,0.0,0.0,37.0,36.0,2.0,22.0,182.0,368.0,149.0,122.87732514053619,0.0,0.0,955.8773251405362,17,031,811100,3,170318111003
159.0,84.0,55.0,74.0,344.0,81.0,7.0,0.0,0.0,70.0,1.0,29.0,128.0,101.0,0.0,0.0,1133.0,17,031,811100,4,170318111004
252.0,72.0,235.0,177.0,263.0,6.0,86.0,249.0,162.0,132.0,20.0,108.0,71.0,77.22446278854237,0.0,0.0,1910.2244627885423,17,031,811100,5,170318111005
3.0,31.0,53.0,0.0,22.0,12.0,4.0,5.0,52.0,150.0,169.0,181.0,31.0,97.31628847476425,0.0,0.0,810.3162884747643,17,031,811200,1,170318112001
142.0,29.0,38.0,32.0,109.0,64.0,19.0,119.0,75.0,240.0,138.0,218.0,207.0,88.0,0.0,0.0,1518.0,17,031,811200,2,170318112002
26.0,3.0,2.0,16.0,1.0,2.0,123.0,47.0,7.0,44.0,34.0,479.0,12.0,99.35709989086286,0.0,0.0,895.3570998908629,17,031,811200,3,170318112003
44.0,77.0,5.0,11.0,94.0,5.0,91.0,38.0,117.0,107.0,37.0,10.0,159.0,98.22446278854237,0.0,0.0,893.2244627885424,17,031,811200,4,170318112004
3.0,74.0,6.0,64.0,70.0,39.0,6.0,2.0,92.0,2.0,147.0,285.0,7.0,86.0,0.0,0.0,883.0,17,031,811200,5,170318112005
81.0,150.0,15.0,156.0,18.0,0.0,38.0,123.0,2.0,43.0,171.0,123.0,191.0,92.40799385540214,0.0,0.0,1203.407993855402,17,031,811301,1,170318113011
20.0,6.0,2.0,24.0,6.0,86.0,27.0,75.0,69.0,1.0,51.0,203.0,94.0,99.36730274488752,0.0,0.0,763.3673027448875,17,031,811301,2,170318113012
1.0,13.0,15.0,14.0,66.0,37.0,37.0,69.0,141.0,171.0,166.0,152.0,244.0,79.0,0.0,0.0,1205.0,17,031,811301,3,170318113013
8.0,12.0,58.0,10.0,19.0,98.0,172.0,137.0,17.0,34.0,106.0,347.0,159.0,90.0,0.0,0.0,1267.0,17,031,811301,4,170318113014
12.0,44.0,40.0,125.0,3.0,42.0,1.0,63.0,12.0,134.0,11.0,68.0,286.0,104.85703973807087,0.0,0.0,945.8570397380709,17,031,811302,1,170318113021
123.0,121.0,253.0,177.0,323.0,140.0,128.0,170.0,206.0,29.0,266.0,228.0,105.0,95.22446278854237,0.0,0.0,2364.2244627885425,17,031,811302,2,170318113022
1.0,0.0,1.0,3.0,24.0,19.0,4.0,46.0,20.0,227.0,109.0,157.0,72.0,104.73460548977503,0.0,0.0,787.734605489775,17,031,811401,1,170318114011
1.0,1.0,18.0,19.0,24.0,157.0,0.0,0.0,16.0,31.0,81.0,119.0,263.0,105.02028540246532,0.0,0.0,835.0202854024653,17,031,811401,2,170318114012
10.0,1.0,0.0,35.0,47.0,27.0,88.0,55.0,6.0,214.0,57.0,97.0,75.0,81.21425993451771,0.0,0.0,793.2142599345177,17,031,811401,3,170318114013
2.0,18.0,78.0,6.0,160.0,82.0,0.0,55.0,261.0,145.0,2.0,223.0,144.0,115.33669418281356,0.0,0.0,1291.3366941828135,17,031,811401,4,170318114014
107.0,35.0,24.0,54.0,32.0,90.0,55.0,17.0,94.0,2.0,139.0,98.0,50.0,95.96927113234206,0.0,0.0,892.9692711323421,17,031,811401,5,170318114015
60.0,27.0,12.0,75.0,3.0,141.0,58.0,207.0,103.0,102.0,96.0,117.0,148.0,97.3060856207396,0.0,0.0,1246.3060856207396,17,031,811402,1,170318114021
83.0,21.0,104.0,2.0,28.0,19.0,60.0,162.0,28.0,124.0,228.0,126.0,198.0,93.49981954162402,0.0,0.0,1276.499819541624,17,031,811402,2,170318114022
15.0,81.0,13.0,184.0,151.0,41.0,16.0,20.0,20.0,116.0,142.0,223.0,166.0,111.96927113234206,0.0,0.0,1299.969271132342,17,031,811402,3,170318114023
6.0,29.0,2.0,132.0,16.0,69.0,95.0,36.0,27.0,254.0,404.0,262.0,208.0,79.98967684039135,0.0,0.0,1619.9896768403914,17,031,811500,1,170318115001
3.0,115.0,56.0,37.0,13.0,81.0,0.0,107.0,92.0,14.0,280.0,306.0,156.0,92.53042810369799,0.0,0.0,1352.530428103698,17,031,811500,2,170318115002
0.0,4.0,3.0,19.0,9.0,19.0,139.0,41.0,18.0,91.0,81.0,218.0,128.0,88.14283995634514,0.0,0.0,858.1428399563451,17,031,811500,3,170318115003
2.0,51.0,192.0,1.0,25.0,74.0,34.0,23.0,25.0,96.0,184.0,511.0,135.0,89.0,0.0,0.0,1442.0,17,031,811500,4,170318115004
128.0,3.0,288.0,42.0,92.0,0.0,18.0,165.0,168.0,49.0,95.0,116.0,89.0,85.73460548977503,0.0,0.0,1338.734605489775,17,031,811600,1,170318116001
1.0,18.0,69.0,273.0,149.0,69.0,35.0,259.0,1.0,146.0,21.0,85.0,52.0,87.0,0.0,0.0,1265.0,17,031,811600,2,170318116002
14.0,0.0,0.0,1.0,208.0,179.0,182.0,42.0,130.0,147.0,321.0,266.0,155.0,81.36730274488752,0.0,0.0,1726.3673027448874,17,031,811600,3,170318116003
54.0,40.0,104.0,27.0,108.0,156.0,78.0,113.0,13.0,20.0,151.0,104.0,67.0,96.27547705866564,0.0,0.0,1131.2754770586657,17,031,811600,4,170318116004
77.0,153.0,123.0,192.0,75.0,129.0,84.0,52.0,263.0,239.0,174.0,616.0,211.0,73.34665642567023,0.0,0.0,2461.34665642567,17,031,811701,1,170318117011
219.0,54.0,143.0,11.0,1.0,5.0,35.0,190.0,18.0,80.0,54.0,1.0,95.0,85.0,0.0,0.0,991.0,17,031,811701,2,170318117012
28.0,71.0,54.0,178.0,47.0,40.0,44.0,48.0,39.0,94.0,27.0,98.0,13.0,67.0,0.0,0.0,848.0,17,031,811702,1,170318117021
50.0,133.0,9.0,80.0,5.0,88.0,36.0,147.0,10.0,181.0,174.0,131.0,111.0,103.71407947614173,0.0,0.0,1258.7140794761417,17,031,811702,2,170318117022
57.0,2.0,66.0,28.0,9.0,46.0,201.0,128.0,70.0,2.0,576.0,220.0,350.0,74.30596531515562,0.0,0.0,1829.3059653151556,17,031,811702,3,170318117023
4.0,14.0,43.0,1.0,5.0,2.0,26.0,64.0,63.0,40.0,211.0,334.0,48.0,85.49993984720801,0.0,0.0,940.499939847208,17,031,811800,1,170318118001
18.0,21.0,72.0,59.0,52.0,23.0,5.0,16.0,167.0,131.0,63.0,321.0,374.0,107.38746784176885,0.0,0.0,1429.3874678417687,17,031,811800,2,170318118002
1.0,43.0,22.0,38.0,66.0,84.0,5.0,77.0,22.0,76.0,221.0,129.0,86.0,80.26527420464097,0.0,0.0,950.265274204641,17,031,811800,3,170318118003
28.0,0.0,31.0,1.0,71.0,82.0,120.0,4.0,9.0,62.0,65.0,379.0,146.0,91.75489089224035,0.0,0.0,1089.7548908922404,17,031,811800,4,170318118004
5.0,4.0,123.0,3.0,4.0,30.0,1.0,4.0,6.0,36.0,193.0,142.0,32.0,98.97947398636671,0.0,0.0,681.9794739863667,17,031,811900,1,170318119001
0.0,25.0,0.0,7.0,9.0,17.0,15.0,90.0,0.0,15.0,74.0,30.0,55.0,86.81622832197226,0.0,0.0,423.81622832197223,17,031,811900,2,170318119002
2.0,4.0,24.0,15.0,61.0,5.0,21.0,4.0,44.0,45.0,0.0,22.0,88.0,93.92845971624344,0.0,0.0,428.9284597162434,17,031,811900,3,170318119003
152.0,15.0,59.0,44.0,8.0,70.0,39.0,216.0,17.0,1.0,66.0,165.0,65.0,100.02040570804931,0.0,0.0,1017.0204057080493,17,031,811900,4,170318119004
2.0,16.0,6.0,29.0,0.0,18.0,9.0,0.0,7.0,20.0,47.0,121.0,14.0,105.89785115416949,0.0,0.0,394.8978511541695,17,031,812000,1,170318120001
7.0,9.0,37.0,6.0,8.0,50.0,49.0,2.0,6.0,33.0,8.0,109.0,12.0,86.28567991269028,0.0,0.0,422.2856799126903,17,031,812000,2,170318120002
2.0,39.0,2.0,48.0,55.0,12.0,1.0,2.0,75.0,85.0,101.0,85.0,97.0,96.34689703683821,0.0,0.0,700.3468970368382,17,031,812000,3,170318120003
4.0,3.0,0.0,0.0,24.0,2.0,144.0,0.0,5.0,123.0,184.0,50.0,59.0,82.67338836562712,0.0,0.0,680.6733883656271,17,031,812000,4,170318120004
1.0,25.0,4.0,3.0,4.0,0.0,24.0,29.0,3.0,53.0,57.0,0.0,224.0,85.34677673125422,0.0,0.0,512.3467767312543,17,031,812000,5,170318120005
18.0,4.0,3.0,2.0,0.0,19.0,3.0,53.0,6.0,47.0,4.0,145.0,119.0,101.1121110886872,0.0,0.0,524.1121110886872,17,031,812000,6,170318120006
3.0,2.0,163.0,0.0,90.0,1.0,0.0,98.0,23.0,134.0,94.0,117.0,94.0,85.9590682783174,0.0,0.0,904.9590682783174,17,031,812100,1,170318121001
28.0,8.0,1.0,5.0,3.0,3.0,0.0,0.0,15.0,30.0,183.0,110.0,57.0,87.22434248295838,0.0,0.0,530.2243424829584,17,031,812100,2,170318121002
120.0,7.0,5.0,20.0,15.0,18.0,0.0,21.0,4.0,199.0,24.0,3.0,84.0,105.74480834379969,0.0,0.0,625.7448083437997,17,031,812100,3,170318121003
0.0,2.0,6.0,19.0,1.0,0.0,9.0,45.0,4.0,12.0,55.0,123.0,179.0,90.64277980355315,0.0,0.0,545.6427798035531,17,031,812100,4,170318121004
1.0,20.0,1.0,2.0,8.0,1.0,1.0,52.0,52.0,4.0,131.0,52.0,60.0,85.17344851841911,0.0,0.0,470.1734485184191,17,031,812100,5,170318121005
7.0,0.0,5.0,3.0,2.0,12.0,3.0,3.0,2.0,20.0,83.0,151.0,2.0,85.75501119782433,0.0,0.0,378.75501119782433,17,031,812200,1,170318122001
0.0,1.0,2.0,1.0,2.0,4.0,15.0,0.0,1.0,50.0,19.0,15.0,81.0,105.89785115416949,0.0,0.0,296.8978511541695,17,031,812200,2,170318122002
1.0,3.0,12.0,4.0,12.0,3.0,126.0,16.0,39.0,13.0,78.0,44.0,79.0,98.53054840928196,0.0,0.0,528.530548409282,17,031,812200,3,170318122003
3.0,0.0,4.0,0.0,1.0,6.0,4.0,5.0,4.0,33.0,67.0,74.0,59.0,116.87744544612018,0.0,0.0,376.8774454461202,17,031,812200,4,170318122004
1.0,25.0,0.0,55.0,0.0,1.0,4.0,8.0,6.0,31.0,96.0,87.0,32.0,96.26527420464097,0.0,0.0,442.265274204641,17,031,812301,1,170318123011
54.0,4.0,26.0,14.0,0.0,55.0,127.0,160.0,267.0,60.0,177.0,165.0,172.0,99.31616816918026,0.0,0.0,1380.3161681691802,17,031,812301,2,170318123012
63.0,3.0,50.0,23.0,1.0,1.0,11.0,90.0,47.0,24.0,167.0,197.0,237.0,94.26527420464097,0.0,0.0,1008.265274204641,17,031,812301,3,170318123013
2.0,1.0,13.0,2.0,3.0,25.0,0.0,2.0,7.0,17.0,7.0,143.0,162.0,108.41831701501079,0.0,0.0,492.41831701501076,17,031,812302,1,170318123021
117.0,18.0,0.0,3.0,40.0,1.0,141.0,37.0,25.0,10.0,46.0,74.0,41.0,88.54063095772264,0.0,0.0,641.5406309577227,17,031,812302,2,170318123022
0.0,0.0,0.0,0.0,6.0,31.0,23.0,2.0,18.0,1.0,95.0,190.0,227.0,103.08150252661324,0.0,0.0,696.0815025266132,17,031,812302,3,170318123023
1.0,16.0,0.0,2.0,3.0,4.0,3.0,1.0,32.0,1.0,8.0,41.0,124.0,87.25483073944835,0.0,0.0,323.2548307394484,17,031,812400,1,170318124001
0.0,1.0,10.0,23.0,29.0,22.0,12.0,2.0,0.0,50.0,87.0,128.0,100.0,99.23466564256702,0.0,0.0,563.234665642567,17,031,812400,2,170318124002
3.0,0.0,2.0,6.0,10.0,2.0,5.0,3.0,5.0,0.0,5.0,184.0,108.0,86.96927113234206,0.0,0.0,419.96927113234204,17,031,812400,3,170318124003
81.0,46.0,57.0,114.0,27.0,3.0,2.0,0.0,4.0,24.0,225.0,114.0,53.0,80.49993984720801,0.0,0.0,830.499939847208,17,031,812500,1,170318125001
55.0,35.0,53.0,22.0,1.0,11.0,89.0,3.0,28.0,99.0,1.0,82.0,69.0,89.0,0.0,0.0,637.0,17,031,812500,2,170318125002
149.0,230.0,27.0,1.0,29.0,9.0,11.0,3.0,3.0,15.0,35.0,47.0,131.0,87.70399692770107,0.0,0.0,777.703996927701,17,031,812500,3,170318125003
55.0,25.0,4.0,16.0,22.0,10.0,66.0,2.0,0.0,55.0,36.0,99.0,88.0,82.0,0.0,0.0,560.0,17,031,812500,4,170318125004
30.0,1.0,10.0,9.0,26.0,25.0,9.0,5.0,2.0,39.0,7.0,144.0,18.0,115.3264913287889,0.0,0.0,440.3264913287889,17,031,812600,1,170318126001
97.0,42.0,16.0,2.0,0.0,4.0,8.0,23.0,121.0,98.0,62.0,62.0,122.0,82.65298265757781,0.0,0.0,739.6529826575778,17,031,812600,2,170318126002
12.0,141.0,2.0,10.0,0.0,133.0,8.0,119.0,17.0,119.0,118.0,126.0,99.0,86.3264913287889,0.0,0.0,990.326491328789,17,031,812600,3,170318126003
7.0,3.0,40.0,18.0,34.0,3.0,2.0,28.0,1.0,134.0,41.0,66.0,70.0,79.51014270123267,0.0,0.0,526.5101427012327,17,031,812600,4,170318126004
4.0,6.0,2.0,1.0,14.0,3.0,1.0,75.0,45.0,5.0,236.0,33.0,46.0,103.0712996725886,0.0,0.0,574.0712996725886,17,031,812700,1,170318127001
3.0,3.0,47.0,20.0,3.0,41.0,8.0,1.0,0.0,42.0,91.0,124.0,181.0,100.33669418281356,0.0,0.0,664.3366941828135,17,031,812700,2,170318127002
87.0,128.0,39.0,13.0,111.0,31.0,76.0,6.0,14.0,110.0,63.0,194.0,110.0,75.48973699318336,0.0,0.0,1057.4897369931834,17,031,812700,3,170318127003
263.0,174.0,78.0,1.0,180.0,82.0,117.0,84.0,73.0,12.0,122.0,55.0,294.0,90.12243424829583,0.0,0.0,1625.1224342482958,17,031,812801,1,170318128011
54.0,44.0,60.0,51.0,5.0,41.0,2.0,6.0,8.0,151.0,63.0,73.0,56.0,84.0,0.0,0.0,698.0,17,031,812801,2,170318128012
31.0,5.0,0.0,2.0,4.0,2.0,23.0,65.0,0.0,35.0,1.0,97.0,79.0,88.22446278854237,0.0,0.0,432.2244627885424,17,031,812802,1,170318128021
25.0,64.0,0.0,29.0,75.0,62.0,17.0,5.0,3.0,37.0,56.0,49.0,159.0,101.35709989086286,0.0,0.0,682.3570998908629,17,031,812802,2,170318128022
56.0,179.0,27.0,6.0,123.0,8.0,30.0,4.0,12.0,56.0,53.0,157.0,76.0,96.48973699318336,0.0,0.0,883.4897369931833,17,031,812802,3,170318128023
3.0,33.0,0.0,4.0,12.0,3.0,5.0,46.0,26.0,47.0,18.0,91.0,72.0,91.1938542264684,0.0,0.0,451.19385422646843,17,031,812900,1,170318129001
88.0,0.0,117.0,0.0,9.0,1.0,0.0,42.0,9.0,13.0,102.0,346.0,148.0,77.9590682783174,0.0,0.0,952.9590682783174,17,031,812900,2,170318129002
44.0,3.0,2.0,54.0,4.0,0.0,89.0,15.0,13.0,0.0,153.0,143.0,122.0,100.8977308485855,0.0,0.0,742.8977308485855,17,031,812900,3,170318129003
15.0,27.0,98.0,90.0,43.0,36.0,94.0,106.0,28.0,101.0,107.0,109.0,144.0,103.77541690587364,0.0,0.0,1101.7754169058737,17,031,812900,4,170318129004
1.0,3.0,13.0,34.0,2.0,0.0,0.0,15.0,9.0,20.0,60.0,141.0,101.0,80.55095411733127,0.0,0.0,479.5509541173313,17,031,813000,1,170318130001
105.0,0.0,6.0,27.0,62.0,2.0,2.0,0.0,15.0,79.0,55.0,101.0,92.0,87.72440263575038,0.0,0.0,633.7244026357504,17,031,813000,2,170318130002
5.0,4.0,4.0,2.0,2.0,0.0,16.0,2.0,0.0,15.0,75.0,63.0,60.0,87.29588276671494,0.0,0.0,335.29588276671495,17,031,813000,3,170318130003
24.0,49.0,11.0,4.0,0.0,74.0,9.0,33.0,38.0,1.0,54.0,170.0,93.0,109.28567991269028,0.0,0.0,669.2856799126903,17,031,813000,4,170318130004
5.0,1.0,12.0,0.0,3.0,7.0,5.0,0.0,8.0,5.0,53.0,16.0,139.0,101.4387227230601,0.0,0.0,355.4387227230601,17,031,813000,5,170318130005
73.0,9.0,43.0,1.0,174.0,6.0,4.0,57.0,45.0,178.0,9.0,95.0,41.0,100.26527420464097,0.0,0.0,835.265274204641,17,031,813100,1,170318131001
125.0,2.0,22.0,0.0,1.0,4.0,2.0,4.0,12.0,28.0,57.0,184.0,110.0,99.71419978172572,0.0,0.0,650.7141997817257,17,031,813100,2,170318131002
5.0,4.0,1.0,7.0,0.0,129.0,8.0,20.0,56.0,17.0,49.0,119.0,321.0,97.69379407367641,0.0,0.0,833.6937940736764,17,031,813100,3,170318131003
43.0,1.0,2.0,19.0,28.0,4.0,100.0,19.0,107.0,8.0,86.0,41.0,152.0,98.19373392088443,0.0,0.0,708.1937339208844,17,031,813100,4,170318131004
50.0,8.0,7.0,4.0,1.0,8.0,21.0,2.0,0.0,1.0,88.0,309.0,250.0,84.59176553342988,0.0,0.0,833.5917655334299,17,031,813100,5,170318131005
5.0,57.0,16.0,3.0,6.0,0.0,5.0,2.0,0.0,103.0,71.0,114.0,28.0,100.45912843110939,0.0,0.0,510.4591284311093,17,031,813200,1,170318132001
0.0,0.0,0.0,14.0,29.0,14.0,7.0,0.0,0.0,117.0,39.0,107.0,109.0,98.88764830014483,0.0,0.0,534.8876483001447,17,031,813200,2,170318132002
2.0,0.0,0.0,5.0,4.0,2.0,67.0,85.0,0.0,120.0,107.0,125.0,236.0,98.22434248295838,0.0,0.0,851.2243424829584,17,031,813200,3,170318132003
1.0,3.0,32.0,37.0,19.0,5.0,172.0,21.0,35.0,0.0,19.0,68.0,160.0,82.24486849659168,0.0,0.0,654.2448684965917,17,031,813200,4,170318132004
0.0,3.0,1.0,15.0,36.0,40.0,1.0,11.0,91.0,7.0,16.0,125.0,208.0,104.67338836562712,0.0,0.0,658.6733883656271,17,031,813200,5,170318132005
63.0,2.0,66.0,297.0,204.0,161.0,69.0,151.0,79.0,133.0,311.0,126.0,31.0,112.19373392088443,0.0,0.0,1805.1937339208844,17,031,813301,1,170318133011
51.0,140.0,44.0,1.0,78.0,190.0,1.0,14.0,3.0,2.0,54.0,11.0,14.0,78.0,0.0,0.0,681.0,17,031,813301,2,170318133012
82.0,4.0,7.0,62.0,113.0,145.0,0.0,0.0,2.0,36.0,115.0,5.0,85.0,106.0,0.0,0.0,762.0,17,031,813301,3,170318133013
152.0,44.0,139.0,6.0,3.0,350.0,3.0,91.0,223.0,234.0,263.0,47.0,12.0,93.22434248295838,0.0,0.0,1660.2243424829585,17,031,813302,1,170318133021
278.0,45.0,0.0,145.0,107.0,48.0,248.0,106.0,240.0,31.0,102.0,221.0,71.0,105.24474819100769,0.0,0.0,1747.2447481910076,17,031,813302,2,170318133022
183.0,177.0,21.0,20.0,100.0,8.0,147.0,56.0,71.0,185.0,111.0,392.0,74.0,89.0,0.0,0.0,1634.0,17,031,813400,1,170318134001
76.0,50.0,6.0,161.0,67.0,66.0,95.0,77.0,32.0,2.0,55.0,71.0,10.0,101.0,0.0,0.0,869.0,17,031,813400,2,170318134002
4.0,3.0,0.0,152.0,3.0,92.0,47.0,4.0,49.0,110.0,172.0,38.0,21.0,109.0,0.0,0.0,804.0,17,031,813400,3,170318134003
332.0,0.0,103.0,78.0,124.0,187.0,234.0,47.0,123.0,119.0,14.0,312.0,43.0,87.39791130696148,0.0,0.0,1803.3979113069615,17,031,813400,4,170318134004
1.0,0.0,74.0,3.0,5.0,148.0,15.0,21.0,0.0,167.0,229.0,177.0,10.0,97.0,0.0,0.0,947.0,17,031,813400,5,170318134005
2.0,1.0,244.0,129.0,101.0,31.0,245.0,94.0,87.0,157.0,215.0,159.0,7.0,88.0,0.0,0.0,1560.0,17,031,813400,6,170318134006
107.0,2.0,88.0,37.0,6.0,90.0,122.0,87.0,6.0,103.0,190.0,35.0,97.0,95.09170538063789,0.0,0.0,1065.091705380638,17,031,813500,1,170318135001
65.0,128.0,153.0,76.0,152.0,74.0,196.0,99.0,51.0,2.0,222.0,125.0,48.0,100.41831701501079,0.0,0.0,1491.4183170150109,17,031,813500,2,170318135002
5.0,3.0,4.0,6.0,1.0,39.0,59.0,10.0,1.0,66.0,2.0,40.0,77.0,100.68359121965176,0.0,0.0,413.68359121965176,17,031,813500,3,170318135003
77.0,2.0,224.0,6.0,234.0,0.0,8.0,5.0,102.0,497.0,215.0,439.0,527.0,87.0,0.0,0.0,2423.0,17,031,813500,4,170318135004
2.0,175.0,0.0,81.0,107.0,230.0,27.0,361.0,8.0,172.0,178.0,166.0,106.0,87.0506533533713,0.0,0.0,1700.0506533533712,17,031,813500,5,170318135005
121.0,91.0,154.0,20.0,6.0,39.0,2.0,59.0,80.0,88.0,169.0,29.0,54.0,89.18365137244376,0.0,0.0,1001.1836513724437,17,031,813600,1,170318136001
129.0,20.0,1.0,53.0,286.0,160.0,133.0,110.0,0.0,296.0,82.0,178.0,159.0,98.0,0.0,0.0,1705.0,17,031,813600,2,170318136002
170.0,102.0,0.0,0.0,259.0,255.0,193.0,134.0,169.0,211.0,367.0,238.0,161.0,86.79582261392295,0.0,0.0,2345.795822613923,17,031,813600,3,170318136003
91.0,169.0,0.0,66.0,165.0,302.0,110.0,175.0,148.0,77.0,614.0,44.0,15.0,87.0,0.0,0.0,2063.0,17,031,813701,1,170318137011
50.0,77.0,43.0,110.0,93.0,163.0,0.0,41.0,165.0,177.0,182.0,73.0,64.0,104.0,0.0,0.0,1342.0,17,031,813701,2,170318137012
57.0,3.0,2.0,3.0,211.0,70.0,107.0,3.0,4.0,64.0,300.0,35.0,37.0,95.0,0.0,0.0,991.0,17,031,813702,1,170318137021
1.0,6.0,124.0,2.0,57.0,55.0,56.0,1.0,90.0,53.0,7.0,69.0,6.0,100.0,0.0,0.0,627.0,17,031,813702,2,170318137022
1.0,226.0,50.0,120.0,77.0,328.0,33.0,7.0,0.0,4.0,10.0,111.0,118.0,86.62237409550384,0.0,0.0,1171.6223740955038,17,031,813702,3,170318137023
2.0,56.0,24.0,66.0,56.0,5.0,56.0,64.0,46.0,174.0,277.0,162.0,47.0,89.14271965076117,0.0,0.0,1124.1427196507611,17,031,813702,4,170318137024
31.0,22.0,4.0,205.0,1.0,39.0,97.0,4.0,2.0,17.0,131.0,12.0,3.0,84.09182568622188,0.0,0.0,652.0918256862219,17,031,813801,1,170318138011
172.0,1.0,0.0,1.0,3.0,166.0,157.0,42.0,74.0,117.0,117.0,95.0,109.0,93.57135982538058,0.0,0.0,1147.5713598253806,17,031,813801,2,170318138012
13.0,1.0,189.0,43.0,86.0,35.0,10.0,82.0,136.0,125.0,177.0,23.0,160.0,95.0,0.0,0.0,1175.0,17,031,813801,3,170318138013
306.0,1.0,77.0,39.0,3.0,2.0,122.0,1.0,65.0,107.0,105.0,16.0,43.0,92.0,0.0,0.0,979.0,17,031,813802,1,170318138021
69.0,107.0,8.0,95.0,92.0,52.0,2.0,40.0,3.0,68.0,109.0,205.0,113.0,97.92845971624344,0.0,0.0,1060.9284597162434,17,031,813802,2,170318138022
0.0,32.0,265.0,0.0,4.0,2.0,120.0,2.0,143.0,118.0,45.0,326.0,166.0,91.37750559891217,0.0,0.0,1314.3775055989122,17,031,813802,3,170318138023
180.0,65.0,40.0,1.0,116.0,244.0,174.0,206.0,2.0,4.0,167.0,196.0,95.0,103.0,0.0,0.0,1593.0,17,031,813802,4,170318138024
69.0,73.0,120.0,116.0,137.0,196.0,113.0,196.0,208.0,159.0,275.0,175.0,90.0,90.0,0.0,0.0,2017.0,17,031,813900,1,170318139001
5.0,2.0,79.0,104.0,15.0,109.0,122.0,97.0,48.0,206.0,263.0,187.0,136.0,62.0,0.0,0.0,1435.0,17,031,813900,2,170318139002
79.0,2.0,113.0,49.0,192.0,108.0,0.0,152.0,3.0,62.0,101.0,10.0,80.0,84.60196838745455,0.0,0.0,1035.6019683874545,17,031,813900,3,170318139003
17.0,52.0,3.0,159.0,14.0,2.0,42.0,3.0,1.0,75.0,121.0,83.0,10.0,100.0,0.0,0.0,682.0,17,031,813900,4,170318139004
2.0,57.0,3.0,151.0,30.0,260.0,16.0,55.0,124.0,4.0,135.0,62.0,18.0,114.0,0.0,0.0,1031.0,17,031,813900,5,170318139005
4.0,199.0,0.0,62.0,36.0,101.0,92.0,1.0,99.0,16.0,10.0,248.0,36.0,91.72440263575038,0.0,0.0,995.7244026357504,17,031,814000,1,170318140001
33.0,1.0,9.0,23.0,70.0,151.0,63.0,236.0,30.0,302.0,62.0,161.0,2.0,102.0,0.0,0.0,1245.0,17,031,814000,2,170318140002
26.0,20.0,181.0,109.0,47.0,67.0,29.0,3.0,47.0,319.0,60.0,205.0,166.0,99.81622832197226,0.0,0.0,1378.8162283219722,17,031,814000,3,170318140003
2.0,2.0,31.0,34.0,40.0,2.0,14.0,168.0,4.0,4.0,73.0,269.0,204.0,102.44892557708474,0.0,0.0,949.4489255770848,17,031,814000,4,170318140004
50.0,34.0,181.0,452.0,54.0,153.0,382.0,180.0,0.0,311.0,23.0,411.0,4.0,91.65286235199382,0.0,0.0,2326.652862351994,17,031,814100,1,170318141001
91.0,20.0,49.0,111.0,125.0,27.0,35.0,1.0,2.0,35.0,197.0,54.0,78.0,98.0,0.0,0.0,923.0,17,031,814100,2,170318141002
70.0,46.0,92.0,50.0,0.0,87.0,1.0,13.0,143.0,10.0,113.0,68.0,12.0,84.0,0.0,0.0,789.0,17,031,814100,3,170318141003
91.0,88.0,137.0,3.0,219.0,119.0,159.0,54.0,246.0,102.0,515.0,29.0,4.0,91.12231394271186,0.0,0.0,1857.1223139427118,17,031,814200,1,170318142001
22.0,5.0,7.0,1.0,42.0,28.0,63.0,8.0,44.0,6.0,9.0,76.0,14.0,69.0,0.0,0.0,394.0,17,031,814200,2,170318142002
30.0,95.0,10.0,191.0,41.0,47.0,144.0,52.0,78.0,8.0,67.0,208.0,76.0,90.0,0.0,0.0,1137.0,17,031,814200,3,170318142003
183.0,48.0,143.0,62.0,156.0,61.0,1.0,3.0,24.0,72.0,19.0,135.0,66.0,86.0,0.0,0.0,1059.0,17,031,814200,4,170318142004
2.0,33.0,84.0,88.0,164.0,45.0,35.0,2.0,0.0,139.0,139.0,8.0,98.0,85.45912843110939,0.0,0.0,922.4591284311094,17,031,814200,5,170318142005
59.0,4.0,219.0,61.0,0.0,283.0,4.0,1.0,90.0,59.0,0.0,39.0,10.0,97.52034555525731,0.0,0.0,926.5203455552573,17,031,814200,6,170318142006
126.0,32.0,145.0,351.0,217.0,133.0,15.0,5.0,12.0,219.0,338.0,26.0,27.0,93.0,0.0,0.0,1739.0,17,031,814300,1,170318143001
170.0,306.0,211.0,160.0,173.0,103.0,64.0,177.0,179.0,154.0,223.0,317.0,105.0,81.98967684039135,0.0,0.0,2423.9896768403914,17,031,814300,2,170318143002
0.0,222.0,5.0,78.0,0.0,169.0,0.0,5.0,1.0,119.0,181.0,240.0,57.0,87.13251679673651,0.0,0.0,1164.1325167967366,17,031,814400,1,170318144001
1.0,1.0,75.0,142.0,1.0,218.0,1.0,336.0,103.0,41.0,131.0,228.0,211.0,105.0,0.0,0.0,1594.0,17,031,814400,2,170318144002
75.0,3.0,26.0,9.0,73.0,306.0,79.0,2.0,1.0,0.0,10.0,876.0,118.0,83.0,0.0,0.0,1661.0,17,031,814400,3,170318144003
5.0,13.0,5.0,3.0,56.0,103.0,2.0,121.0,1.0,128.0,328.0,27.0,45.0,82.0,0.0,0.0,919.0,17,031,814400,4,170318144004
38.0,0.0,56.0,355.0,168.0,179.0,78.0,156.0,121.0,38.0,4.0,340.0,54.0,88.0,0.0,0.0,1675.0,17,031,814400,5,170318144005
3.0,94.0,1.0,1.0,4.0,36.0,3.0,3.0,0.0,126.0,55.0,175.0,14.0,87.0,0.0,0.0,602.0,17,031,814400,6,170318144006
6.0,55.0,65.0,80.0,165.0,103.0,69.0,8.0,4.0,93.0,266.0,365.0,175.0,96.36730274488752,0.0,0.0,1550.3673027448874,17,031,814500,1,170318145001
17.0,0.0,115.0,98.0,48.0,256.0,3.0,16.0,1.0,33.0,269.0,169.0,168.0,81.0,0.0,0.0,1274.0,17,031,814500,2,170318145002
91.0,203.0,32.0,18.0,16.0,207.0,139.0,3.0,18.0,86.0,208.0,232.0,169.0,94.0,0.0,0.0,1516.0,17,031,814500,3,170318145003
53.0,64.0,5.0,104.0,31.0,4.0,46.0,95.0,20.0,101.0,175.0,177.0,40.0,88.0,0.0,0.0,1003.0,17,031,814600,1,170318146001
72.0,0.0,32.0,26.0,63.0,0.0,93.0,29.0,41.0,22.0,16.0,180.0,123.0,91.7854994543143,0.0,0.0,788.7854994543143,17,031,814600,2,170318146002
4.0,0.0,84.0,117.0,12.0,1.0,26.0,119.0,50.0,155.0,86.0,224.0,12.0,103.3060856207396,0.0,0.0,993.3060856207396,17,031,814600,3,170318146003
3.0,116.0,5.0,0.0,102.0,15.0,114.0,3.0,15.0,253.0,138.0,163.0,70.0,79.0,0.0,0.0,1076.0,17,031,814600,4,170318146004
4.0,2.0,10.0,132.0,21.0,45.0,29.0,137.0,16.0,30.0,51.0,227.0,24.0,87.3264913287889,0.0,0.0,815.3264913287888,17,031,814600,5,170318146005
23.0,0.0,5.0,26.0,0.0,127.0,91.0,77.0,3.0,144.0,16.0,299.0,224.0,80.65298265757781,0.0,0.0,1115.6529826575777,17,031,814700,1,170318147001
58.0,60.0,2.0,2.0,53.0,29.0,89.0,94.0,77.0,191.0,135.0,176.0,226.0,98.53054840928196,0.0,0.0,1290.530548409282,17,031,814700,2,170318147002
56.0,7.0,2.0,3.0,2.0,47.0,18.0,3.0,56.0,104.0,118.0,161.0,428.0,98.98967684039135,0.0,0.0,1103.9896768403914,17,031,814700,3,170318147003
81.0,64.0,4.0,2.0,89.0,33.0,58.0,1.0,123.0,146.0,130.0,235.0,30.0,104.72440263575038,0.0,0.0,1100.7244026357503,17,031,814700,4,170318147004
179.0,38.0,101.0,23.0,84.0,139.0,101.0,85.0,4.0,75.0,76.0,88.0,71.0,91.0,0.0,0.0,1155.0,17,031,814700,5,170318147005
197.0,2.0,53.0,149.0,8.0,29.0,69.0,16.0,96.0,24.0,287.0,271.0,165.0,108.87732514053619,0.0,0.0,1474.8773251405362,17,031,814800,1,170318148001
0.0,73.0,128.0,160.0,21.0,151.0,41.0,4.0,247.0,79.0,150.0,114.0,235.0,103.67326806004313,0.0,0.0,1506.673268060043,17,031,814800,2,170318148002
24.0,2.0,29.0,0.0,41.0,3.0,81.0,1.0,2.0,45.0,127.0,142.0,63.0,84.36730274488752,0.0,0.0,644.3673027448875,17,031,814800,3,170318148003
1.0,77.0,87.0,44.0,96.0,1.0,7.0,4.0,1.0,186.0,36.0,121.0,150.0,90.0,0.0,0.0,901.0,17,031,814800,4,170318148004
2.0,6.0,2.0,0.0,1.0,78.0,0.0,1.0,25.0,27.0,202.0,159.0,226.0,85.0,0.0,0.0,814.0,17,031,814800,5,170318148005
107.0,7.0,0.0,92.0,66.0,5.0,40.0,26.0,2.0,169.0,88.0,224.0,3.0,101.62237409550384,0.0,0.0,930.6223740955038,17,031,814900,1,170318149001
23.0,20.0,84.0,137.0,7.0,214.0,1.0,122.0,64.0,102.0,130.0,277.0,52.0,91.0,0.0,0.0,1324.0,17,031,814900,2,170318149002
340.0,56.0,173.0,176.0,393.0,81.0,67.0,131.0,58.0,105.0,101.0,259.0,7.0,115.34689703683821,0.0,0.0,2062.346897036838,17,031,814900,3,170318149003
42.0,29.0,78.0,3.0,241.0,103.0,165.0,74.0,3.0,296.0,369.0,179.0,214.0,84.86724259209552,0.0,0.0,1880.8672425920956,17,031,814900,4,170318149004
51.0,127.0,84.0,7.0,1.0,5.0,3.0,49.0,105.0,3.0,121.0,51.0,59.0,109.0,0.0,0.0,775.0,17,031,815000,1,170318150001
3.0,0.0,85.0,102.0,66.0,97.0,196.0,6.0,222.0,91.0,43.0,156.0,56.0,112.14271965076117,0.0,0.0,1235.1427196507611,17,031,815000,2,170318150002
143.0,68.0,210.0,35.0,132.0,47.0,37.0,131.0,167.0,220.0,110.0,72.0,304.0,98.69355346250845,0.0,0.0,1774.6935534625084,17,031,815000,3,170318150003
1.0,24.0,40.0,128.0,4.0,12.0,29.0,208.0,20.0,146.0,321.0,77.0,98.0,78.73460548977503,0.0,0.0,1186.734605489775,17,031,815100,1,170318151001
14.0,2.0,151.0,3.0,41.0,124.0,8.0,80.0,17.0,99.0,67.0,102.0,53.0,109.18353106685977,0.0,0.0,870.1835310668598,17,031,815100,2,170318151002
83.0,33.0,65.0,249.0,98.0,59.0,102.0,195.0,63.0,78.0,278.0,139.0,82.0,94.0,0.0,0.0,1618.0,17,031,815100,3,170318151003
0.0,95.0,115.0,1.0,160.0,106.0,21.0,116.0,2.0,11.0,155.0,199.0,275.0,100.42851986903543,0.0,0.0,1356.4285198690354,17,031,815200,1,170318152001
32.0,117.0,4.0,120.0,70.0,41.0,1.0,55.0,0.0,238.0,482.0,34.0,259.0,85.0,0.0,0.0,1538.0,17,031,815200,2,170318152002
1.0,1.0,30.0,0.0,33.0,117.0,0.0,74.0,0.0,23.0,55.0,331.0,164.0,111.0,0.0,0.0,940.0,17,031,815200,3,170318152003
42.0,13.0,51.0,17.0,2.0,86.0,14.0,69.0,1.0,30.0,53.0,84.0,44.0,112.20405708049307,0.0,0.0,618.204057080493,17,031,815200,4,170318152004
70.0,262.0,226.0,2.0,127.0,140.0,29.0,62.0,31.0,165.0,90.0,112.0,108.0,81.05089396453928,0.0,0.0,1505.0508939645392,17,031,815200,5,170318152005
54.0,40.0,3.0,1.0,19.0,8.0,45.0,7.0,37.0,27.0,342.0,251.0,74.0,83.09146476946992,0.0,0.0,991.0914647694699,17,031,815300,1,170318153001
11.0,33.0,1.0,1.0,14.0,40.0,10.0,98.0,1.0,76.0,99.0,160.0,62.0,87.87732514053619,0.0,0.0,693.8773251405362,17,031,815300,2,170318153002
19.0,42.0,85.0,2.0,5.0,25.0,35.0,33.0,22.0,24.0,1.0,66.0,14.0,100.765214051849,0.0,0.0,473.765214051849,17,031,815300,3,170318153003
36.0,65.0,6.0,7.0,1.0,59.0,3.0,1.0,15.0,121.0,151.0,157.0,20.0,92.55095411733127,0.0,0.0,734.5509541173312,17,031,815300,4,170318153004
2.0,2.0,5.0,32.0,137.0,6.0,32.0,5.0,0.0,46.0,25.0,341.0,162.0,93.0,0.0,0.0,888.0,17,031,815400,1,170318154001
79.0,0.0,9.0,140.0,95.0,55.0,1.0,3.0,5.0,77.0,57.0,65.0,213.0,95.4180764038428,0.0,0.0,894.4180764038429,17,031,815400,2,170318154002
91.0,40.0,25.0,267.0,76.0,26.0,2.0,162.0,11.0,66.0,441.0,250.0,193.0,106.85703973807087,0.0,0.0,1756.8570397380709,17,031,815400,3,170318154003
9.0,0.0,166.0,208.0,56.0,31.0,59.0,117.0,1.0,39.0,162.0,44.0,94.0,114.20405708049307,0.0,0.0,1100.2040570804932,17,031,815400,4,170318154004
3.0,2.0,57.0,74.0,66.0,62.0,7.0,6.0,1.0,305.0,64.0,396.0,117.0,93.03048825648997,0.0,0.0,1253.03048825649,17,031,815500,1,170318155001
3.0,153.0,9.0,16.0,1.0,0.0,17.0,141.0,5.0,178.0,106.0,96.0,12.0,120.0,0.0,0.0,857.0,17,031,815500,2,170318155002
136.0,162.0,185.0,6.0,33.0,3.0,2.0,111.0,27.0,118.0,233.0,37.0,250.0,98.0,0.0,0.0,1401.0,17,031,815500,3,170318155003
133.0,32.0,5.0,0.0,2.0,144.0,3.0,50.0,0.0,122.0,39.0,446.0,79.0,87.55095411733127,0.0,0.0,1142.5509541173312,17,031,815500,4,170318155004
4.0,13.0,120.0,62.0,90.0,3.0,25.0,140.0,0.0,3.0,55.0,189.0,282.0,97.59176553342988,0.0,0.0,1083.59176553343,17,031,815500,5,170318155005
96.0,6.0,21.0,3.0,20.0,51.0,92.0,1.0,1.0,59.0,183.0,95.0,72.0,71.0,0.0,0.0,771.0,17,031,815500,6,170318155006
11.0,0.0,26.0,165.0,0.0,94.0,33.0,0.0,5.0,81.0,123.0,22.0,125.0,114.0,0.0,0.0,799.0,17,031,815500,7,170318155007
10.0,6.0,2.0,15.0,41.0,30.0,2.0,17.0,2.0,257.0,24.0,313.0,26.0,86.0,0.0,0.0,831.0,17,031,815600,1,170318156001
28.0,0.0,71.0,42.0,45.0,49.0,181.0,65.0,118.0,2.0,113.0,151.0,154.0,96.0,0.0,0.0,1115.0,17,031,815600,2,170318156002
0.0,7.0,113.0,93.0,115.0,51.0,22.0,175.0,86.0,142.0,80.0,75.0,239.0,97.0,0.0,0.0,1295.0,17,031,815600,3,170318156003
178.0,0.0,100.0,67.0,13.0,6.0,7.0,1.0,1.0,4.0,24.0,211.0,70.0,95.23466564256702,0.0,0.0,777.234665642567,17,031,815600,4,170318156004
24.0,153.0,23.0,43.0,16.0,69.0,15.0,0.0,24.0,4.0,59.0,163.0,73.0,94.28567991269028,0.0,0.0,760.2856799126903,17,031,815600,5,170318156005
1.0,45.0,38.0,2.0,25.0,116.0,0.0,7.0,18.0,74.0,29.0,64.0,127.0,102.71407947614173,0.0,0.0,648.7140794761417,17,031,815701,1,170318157011
4.0,2.0,4.0,3.0,13.0,20.0,0.0,80.0,1.0,43.0,78.0,69.0,92.0,78.18341076127578,0.0,0.0,487.1834107612758,17,031,815701,2,170318157012
0.0,1.0,13.0,4.0,6.0,8.0,4.0,0.0,0.0,29.0,88.0,131.0,88.0,90.77541690587364,0.0,0.0,462.77541690587367,17,031,815701,3,170318157013
4.0,5.0,3.0,0.0,63.0,115.0,6.0,13.0,1.0,45.0,84.0,177.0,59.0,86.65298265757781,0.0,0.0,661.6529826575778,17,031,815701,4,170318157014
4.0,37.0,0.0,0.0,4.0,94.0,4.0,2.0,1.0,0.0,16.0,6.0,39.0,76.39791130696148,0.0,0.0,283.3979113069615,17,031,815702,1,170318157021
60.0,15.0,15.0,27.0,0.0,13.0,0.0,2.0,28.0,149.0,62.0,70.0,83.0,85.54063095772264,0.0,0.0,609.5406309577227,17,031,815702,2,170318157022
0.0,34.0,21.0,32.0,31.0,29.0,25.0,36.0,5.0,112.0,19.0,162.0,351.0,86.28555960710631,0.0,0.0,943.2855596071063,17,031,815702,3,170318157023
2.0,0.0,4.0,1.0,0.0,52.0,96.0,43.0,18.0,1.0,115.0,44.0,53.0,79.0,0.0,0.0,508.0,17,031,815702,4,170318157024
103.0,22.0,1.0,103.0,67.0,28.0,85.0,0.0,10.0,170.0,51.0,120.0,176.0,116.96915082675807,0.0,0.0,1052.969150826758,17,031,815702,5,170318157025
29.0,56.0,43.0,18.0,109.0,71.0,42.0,15.0,0.0,100.0,100.0,170.0,269.0,80.6325769495285,0.0,0.0,1102.6325769495286,17,031,815800,1,170318158001
44.0,186.0,45.0,14.0,104.0,65.0,44.0,93.0,73.0,16.0,66.0,100.0,130.0,91.7856197598983,0.0,0.0,1071.7856197598983,17,031,815900,1,170318159001
38.0,6.0,66.0,153.0,170.0,54.0,82.0,57.0,76.0,60.0,145.0,146.0,112.0,99.23466564256702,0.0,0.0,1264.234665642567,17,031,815900,2,170318159002
76.0,64.0,94.0,202.0,83.0,28.0,6.0,248.0,101.0,177.0,303.0,112.0,122.0,92.21425993451771,0.0,0.0,1708.2142599345177,17,031,815900,3,170318159003
59.0,107.0,0.0,57.0,49.0,105.0,6.0,109.0,36.0,215.0,167.0,79.0,52.0,103.49993984720801,0.0,0.0,1144.499939847208,17,031,816000,1,170318160001
3.0,42.0,69.0,25.0,2.0,66.0,51.0,53.0,17.0,142.0,236.0,80.0,62.0,104.29588276671494,0.0,0.0,952.295882766715,17,031,816000,2,170318160002
4.0,8.0,42.0,1.0,6.0,200.0,0.0,26.0,0.0,141.0,79.0,85.0,53.0,105.79582261392295,0.0,0.0,750.795822613923,17,031,816000,3,170318160003
57.0,7.0,3.0,61.0,2.0,3.0,24.0,53.0,44.0,18.0,111.0,33.0,11.0,112.21425993451771,0.0,0.0,539.2142599345177,17,031,816100,1,170318161001
5.0,137.0,55.0,81.0,3.0,177.0,79.0,0.0,1.0,37.0,113.0,186.0,49.0,95.23454533698305,0.0,0.0,1018.234545336983,17,031,816100,2,170318161002
27.0,32.0,2.0,0.0,130.0,73.0,111.0,77.0,44.0,249.0,3.0,184.0,37.0,81.0,0.0,0.0,1050.0,17,031,816100,3,170318161003
61.0,7.0,51.0,23.0,1.0,8.0,69.0,4.0,10.0,167.0,1.0,89.0,178.0,97.20405708049307,0.0,0.0,766.204057080493,17,031,816100,4,170318161004
2.0,93.0,19.0,3.0,5.0,2.0,69.0,65.0,132.0,105.0,143.0,201.0,211.0,93.81622832197226,0.0,0.0,1143.8162283219722,17,031,816100,5,170318161005
59.0,124.0,70.0,7.0,15.0,33.0,58.0,19.0,16.0,78.0,2.0,267.0,39.0,96.75501119782433,0.0,0.0,883.7550111978244,17,031,816100,6,170318161006
220.0,192.0,180.0,160.0,85.0,9.0,85.0,34.0,39.0,36.0,81.0,127.0,63.0,90.22446278854237,0.0,0.0,1401.2244627885423,17,031,816200,1,170318162001
1.0,3.0,17.0,1.0,47.0,1.0,8.0,2.0,2.0,14.0,181.0,89.0,64.0,92.66318551160245,0.0,0.0,522.6631855116025,17,031,816200,2,170318162002
62.0,2.0,53.0,22.0,41.0,36.0,34.0,41.0,32.0,109.0,150.0,119.0,247.0,64.85703973807087,0.0,0.0,1012.8570397380709,17,031,816200,3,170318162003
7.0,1.0,89.0,15.0,60.0,30.0,90.0,16.0,63.0,138.0,98.0,164.0,92.0,88.0,0.0,0.0,951.0,17,031,816300,1,170318163001
55.0,2.0,28.0,100.0,3.0,53.0,200.0,93.0,51.0,253.0,221.0,332.0,180.0,79.0,0.0,0.0,1650.0,17,031,816300,2,170318163002
62.0,78.0,96.0,2.0,49.0,9.0,1.0,3.0,173.0,87.0,246.0,340.0,126.0,107.0,0.0,0.0,1379.0,17,031,816300,3,170318163003
0.0,3.0,24.0,74.0,117.0,30.0,0.0,115.0,31.0,72.0,45.0,129.0,193.0,89.72440263575038,0.0,0.0,922.7244026357504,17,031,816300,4,170318163004
4.0,95.0,109.0,36.0,25.0,281.0,0.0,18.0,2.0,10.0,75.0,124.0,192.0,91.7856197598983,0.0,0.0,1062.7856197598983,17,031,816401,1,170318164011
7.0,8.0,152.0,99.0,34.0,1.0,34.0,79.0,86.0,36.0,118.0,20.0,15.0,93.62237409550384,0.0,0.0,782.6223740955038,17,031,816401,2,170318164012
2.0,63.0,23.0,2.0,62.0,212.0,96.0,10.0,53.0,164.0,191.0,111.0,193.0,94.0,0.0,0.0,1276.0,17,031,816401,3,170318164013
0.0,0.0,4.0,342.0,10.0,400.0,0.0,124.0,147.0,20.0,8.0,280.0,142.0,78.0,0.0,0.0,1555.0,17,031,816401,4,170318164014
159.0,103.0,3.0,131.0,39.0,4.0,205.0,81.0,132.0,267.0,7.0,87.0,74.0,111.22446278854237,0.0,0.0,1403.2244627885423,17,031,816402,1,170318164021
1.0,66.0,48.0,80.0,7.0,219.0,3.0,198.0,1.0,309.0,12.0,283.0,98.0,101.0,0.0,0.0,1426.0,17,031,816402,2,170318164022
1.0,69.0,43.0,2.0,1.0,1.0,17.0,148.0,1.0,153.0,31.0,60.0,141.0,98.51014270123267,0.0,0.0,766.5101427012327,17,031,816402,3,170318164023
1.0,1.0,8.0,90.0,1.0,32.0,216.0,29.0,3.0,15.0,5.0,110.0,34.0,86.0,0.0,0.0,631.0,17,031,816402,4,170318164024
1.0,1.0,41.0,24.0,118.0,117.0,73.0,7.0,114.0,129.0,305.0,77.0,66.0,95.24462788542371,0.0,0.0,1168.2446278854236,17,031,816500,1,170318165001
45.0,141.0,147.0,111.0,165.0,310.0,85.0,91.0,218.0,202.0,299.0,51.0,165.0,70.0,0.0,0.0,2100.0,17,031,816500,2,170318165002
41.0,54.0,54.0,57.0,60.0,46.0,29.0,66.0,88.0,26.0,93.0,26.0,22.0,102.0,0.0,0.0,764.0,17,031,816500,3,170318165003
0.0,4.0,58.0,126.0,45.0,169.0,105.0,1.0,219.0,56.0,67.0,125.0,117.0,84.42851986903543,0.0,0.0,1176.4285198690354,17,031,816600,1,170318166001
51.0,100.0,70.0,20.0,195.0,75.0,135.0,27.0,244.0,6.0,92.0,87.0,64.0,87.74480834379969,0.0,0.0,1253.7448083437996,17,031,816600,2,170318166002
178.0,91.0,247.0,285.0,204.0,84.0,65.0,167.0,8.0,177.0,235.0,39.0,147.0,88.20393677490908,0.0,0.0,2015.2039367749092,17,031,816600,3,170318166003
4.0,9.0,0.0,12.0,8.0,11.0,28.0,63.0,53.0,120.0,199.0,96.0,109.0,85.31628847476425,0.0,0.0,797.3162884747643,17,031,816700,1,170318167001
203.0,17.0,138.0,132.0,78.0,64.0,134.0,25.0,48.0,219.0,171.0,265.0,121.0,98.60196838745455,0.0,0.0,1713.6019683874545,17,031,816700,2,170318167002
95.0,8.0,140.0,121.0,67.0,90.0,12.0,120.0,20.0,179.0,113.0,117.0,148.0,95.46933128513405,0.0,0.0,1325.469331285134,17,031,816800,1,170318168001
67.0,2.0,30.0,92.0,25.0,91.0,68.0,80.0,138.0,127.0,302.0,310.0,169.0,84.8060254679476,0.0,0.0,1585.8060254679476,17,031,816800,2,170318168002
41.0,0.0,14.0,13.0,62.0,2.0,0.0,95.0,21.0,32.0,170.0,313.0,212.0,89.0,0.0,0.0,1064.0,17,031,816800,3,170318168003
3.0,8.0,37.0,1.0,23.0,44.0,57.0,2.0,0.0,109.0,98.0,120.0,80.0,70.83663403002157,0.0,0.0,652.8366340300215,17,031,816800,4,170318168004
26.0,89.0,1.0,182.0,53.0,21.0,17.0,50.0,94.0,12.0,83.0,317.0,179.0,96.0,0.0,0.0,1220.0,17,031,816900,1,170318169001
2.0,79.0,0.0,89.0,222.0,42.0,11.0,1.0,55.0,200.0,137.0,114.0,202.0,102.0711793670046,0.0,0.0,1256.0711793670046,17,031,816900,2,170318169002
14.0,10.0,20.0,5.0,99.0,1.0,48.0,203.0,4.0,76.0,75.0,100.0,177.0,89.19373392088443,0.0,0.0,921.1937339208844,17,031,816900,3,170318169003
1.0,195.0,27.0,50.0,59.0,94.0,20.0,222.0,89.0,145.0,156.0,635.0,99.0,101.48961668759937,0.0,0.0,1893.4896166875994,17,031,816900,4,170318169004
142.0,53.0,55.0,3.0,39.0,49.0,2.0,6.0,21.0,0.0,125.0,66.0,13.0,98.0,0.0,0.0,672.0,17,031,817000,1,170318170001
2.0,7.0,25.0,98.0,3.0,1.0,69.0,63.0,0.0,23.0,45.0,9.0,45.0,118.0,0.0,0.0,508.0,17,031,817000,2,170318170002
0.0,5.0,14.0,13.0,14.0,4.0,26.0,29.0,6.0,197.0,1.0,120.0,140.0,91.79582261392295,0.0,0.0,660.795822613923,17,031,817000,3,170318170003
17.0,2.0,107.0,35.0,21.0,199.0,19.0,47.0,7.0,57.0,313.0,326.0,292.0,114.59176553342988,0.0,0.0,1556.59176553343,17,031,817000,4,170318170004
3.0,72.0,13.0,116.0,8.0,116.0,113.0,58.0,50.0,80.0,272.0,89.0,152.0,92.98967684039135,0.0,0.0,1234.9896768403914,17,031,817000,5,170318170005
60.0,13.0,28.0,141.0,23.0,186.0,149.0,4.0,5.0,13.0,15.0,93.0,89.0,77.85703973807087,0.0,0.0,896.8570397380709,17,031,817101,1,170318171011
27.0,27.0,148.0,41.0,0.0,90.0,71.0,0.0,118.0,43.0,43.0,119.0,97.0,91.0,0.0,0.0,915.0,17,031,817101,2,170318171012
166.0,101.0,59.0,139.0,137.0,157.0,58.0,15.0,19.0,15.0,148.0,148.0,93.0,96.0,0.0,0.0,1351.0,17,031,817101,3,170318171013
127.0,47.0,1.0,17.0,7.0,40.0,30.0,165.0,11.0,232.0,52.0,209.0,77.0,99.88752799456084,0.0,0.0,1114.8875279945607,17,031,817101,4,170318171014
5.0,113.0,5.0,111.0,3.0,2.0,10.0,118.0,1.0,110.0,230.0,28.0,39.0,83.31616816918026,0.0,0.0,858.3161681691803,17,031,817102,1,170318171021
4.0,8.0,108.0,4.0,5.0,0.0,143.0,98.0,88.0,126.0,122.0,188.0,11.0,101.3264913287889,0.0,0.0,1006.3264913287888,17,031,817102,2,170318171022
3.0,3.0,83.0,9.0,69.0,0.0,308.0,113.0,2.0,149.0,184.0,253.0,122.0,96.69379407367641,0.0,0.0,1394.6937940736764,17,031,817102,3,170318171023
235.0,155.0,146.0,351.0,29.0,48.0,39.0,66.0,53.0,114.0,250.0,182.0,131.0,88.40799385540214,0.0,0.0,1887.407993855402,17,031,817200,1,170318172001
23.0,65.0,9.0,87.0,133.0,5.0,115.0,42.0,6.0,155.0,84.0,196.0,34.0,100.55095411733127,0.0,0.0,1054.5509541173312,17,031,817200,2,170318172002
110.0,7.0,24.0,80.0,45.0,55.0,79.0,2.0,10.0,66.0,13.0,51.0,57.0,98.765214051849,0.0,0.0,697.765214051849,17,031,817200,3,170318172003
93.0,0.0,49.0,29.0,8.0,1.0,60.0,2.0,68.0,3.0,4.0,19.0,13.0,88.0,0.0,0.0,437.0,17,031,817200,4,170318172004
329.0,166.0,73.0,192.0,219.0,19.0,180.0,118.0,152.0,354.0,223.0,67.0,116.0,89.16324566439445,0.0,0.0,2297.1632456643943,17,031,817300,1,170318173001
41.0,158.0,4.0,71.0,55.0,45.0,58.0,2.0,4.0,153.0,59.0,152.0,21.0,123.51014270123267,0.0,0.0,946.5101427012327,17,031,817400,1,170318174001
9.0,2.0,59.0,32.0,47.0,11.0,0.0,0.0,82.0,95.0,113.0,195.0,254.0,96.36730274488752,0.0,0.0,995.3673027448875,17,031,817400,2,170318174002
58.0,13.0,11.0,90.0,30.0,59.0,166.0,241.0,197.0,0.0,421.0,396.0,189.0,88.58156267940524,0.0,0.0,1959.5815626794051,17,031,817400,3,170318174003
102.0,79.0,60.0,1.0,29.0,90.0,36.0,13.0,1.0,24.0,7.0,62.0,69.0,98.0,0.0,0.0,671.0,17,031,817500,1,170318175001
85.0,124.0,76.0,1.0,1.0,3.0,58.0,5.0,11.0,75.0,160.0,1.0,98.0,101.28567991269028,0.0,0.0,799.2856799126903,17,031,817500,2,170318175002
148.0,144.0,74.0,117.0,50.0,54.0,70.0,44.0,0.0,50.0,60.0,101.0,54.0,107.06097651297995,0.0,0.0,1073.06097651298,17,031,817500,3,170318175003
197.0,45.0,35.0,132.0,56.0,3.0,2.0,1.0,4.0,142.0,84.0,121.0,50.0,101.0,0.0,0.0,973.0,17,031,817500,4,170318175004
157.0,54.0,131.0,107.0,23.0,1.0,22.0,75.0,88.0,62.0,245.0,87.0,44.0,112.6325769495285,0.0,0.0,1208.6325769495286,17,031,817600,1,170318176001
87.0,54.0,123.0,140.0,151.0,0.0,25.0,7.0,56.0,195.0,163.0,0.0,64.0,100.02040570804931,0.0,0.0,1165.0204057080493,17,031,817600,2,170318176002
60.0,7.0,4.0,123.0,27.0,149.0,99.0,75.0,1.0,26.0,37.0,199.0,189.0,102.3060856207396,0.0,0.0,1098.3060856207396,17,031,817600,3,170318176003
2.0,36.0,7.0,1.0,52.0,70.0,52.0,22.0,74.0,88.0,2.0,155.0,67.0,87.55083381174728,0.0,0.0,715.5508338117473,17,031,817700,1,170318177001
103.0,59.0,196.0,71.0,25.0,149.0,9.0,0.0,66.0,127.0,103.0,61.0,302.0,101.70399692770107,0.0,0.0,1372.7039969277012,17,031,817700,2,170318177002
2.0,126.0,47.0,92.0,36.0,39.0,3.0,68.0,153.0,200.0,264.0,76.0,146.0,84.60196838745455,0.0,0.0,1336.6019683874545,17,031,817700,3,170318177003
5.0,17.0,1.0,28.0,79.0,1.0,90.0,134.0,4.0,184.0,212.0,182.0,11.0,94.0,0.0,0.0,1042.0,17,031,817700,4,170318177004
58.0,22.0,182.0,345.0,16.0,105.0,112.0,122.0,8.0,28.0,1.0,203.0,66.0,83.0,0.0,0.0,1351.0,17,031,817900,1,170318179001
31.0,30.0,0.0,34.0,1.0,1.0,181.0,0.0,96.0,142.0,3.0,149.0,204.0,98.04057080493064,0.0,0.0,970.0405708049307,17,031,817900,2,170318179002
2.0,65.0,80.0,35.0,7.0,1.0,32.0,6.0,18.0,262.0,117.0,397.0,11.0,74.0,0.0,0.0,1107.0,17,031,817900,3,170318179003
168.0,29.0,46.0,3.0,3.0,3.0,35.0,1.0,1.0,24.0,128.0,130.0,63.0,100.98967684039135,0.0,0.0,734.9896768403913,17,031,817900,4,170318179004
0.0,38.0,14.0,1.0,71.0,20.0,35.0,38.0,45.0,116.0,156.0,3.0,47.0,98.0,0.0,0.0,682.0,17,031,817900,5,170318179005
174.0,45.0,94.0,124.0,0.0,20.0,66.0,54.0,7.0,136.0,334.0,366.0,103.0,84.3060856207396,0.0,0.0,1607.3060856207396,17,031,818000,1,170318180001
67.0,2.0,114.0,94.0,37.0,13.0,28.0,5.0,105.0,85.0,165.0,50.0,69.0,82.71419978172572,0.0,0.0,916.7141997817257,17,031,818000,2,170318180002
2.0,29.0,134.0,18.0,141.0,1.0,94.0,44.0,17.0,157.0,227.0,240.0,164.0,95.64277980355315,0.0,0.0,1363.6427798035531,17,031,818000,3,170318180003
1.0,5.0,91.0,91.0,8.0,26.0,6.0,27.0,0.0,62.0,191.0,277.0,178.0,97.66318551160245,0.0,0.0,1060.6631855116025,17,031,818100,1,170318181001
4.0,34.0,66.0,68.0,126.0,0.0,0.0,5.0,78.0,199.0,38.0,218.0,73.0,98.0712996725886,0.0,0.0,1007.0712996725886,17,031,818100,2,170318181002
0.0,6.0,97.0,42.0,5.0,16.0,4.0,61.0,11.0,140.0,203.0,79.0,374.0,106.22434248295838,0.0,0.0,1144.2243424829585,17,031,818200,1,170318182001
10.0,66.0,30.0,2.0,6.0,9.0,78.0,4.0,20.0,8.0,165.0,241.0,19.0,85.0,0.0,0.0,743.0,17,031,818200,2,170318182002
9.0,0.0,0.0,16.0,0.0,2.0,62.0,3.0,17.0,4.0,19.0,92.0,107.0,100.16324566439445,0.0,0.0,431.1632456643944,17,031,818200,3,170318182003
115.0,153.0,62.0,127.0,53.0,32.0,47.0,101.0,23.0,240.0,166.0,145.0,258.0,94.60196838745455,0.0,0.0,1616.6019683874545,17,031,818200,4,170318182004
217.0,1.0,8.0,5.0,6.0,125.0,153.0,68.0,59.0,201.0,191.0,57.0,153.0,100.62237409550384,0.0,0.0,1344.6223740955038,17,031,818300,1,170318183001
0.0,4.0,1.0,209.0,4.0,157.0,9.0,0.0,1.0,420.0,82.0,397.0,69.0,88.53054840928196,0.0,0.0,1441.530548409282,17,031,818300,2,170318183002
3.0,126.0,111.0,147.0,44.0,116.0,164.0,22.0,17.0,139.0,208.0,347.0,290.0,102.05089396453928,0.0,0.0,1836.0508939645392,17,031,818300,3,170318183003
184.0,0.0,4.0,83.0,4.0,27.0,55.0,46.0,92.0,98.0,48.0,154.0,57.0,98.29588276671494,0.0,0.0,950.295882766715,17,031,818300,4,170318183004
3.0,1.0,88.0,0.0,86.0,81.0,156.0,21.0,4.0,127.0,45.0,104.0,211.0,90.31628847476425,0.0,0.0,1017.3162884747643,17,031,818401,1,170318184011
92.0,1.0,3.0,2.0,3.0,0.0,73.0,6.0,21.0,44.0,10.0,11.0,34.0,90.57135982538058,0.0,0.0,390.57135982538057,17,031,818401,2,170318184012
5.0,2.0,0.0,0.0,85.0,18.0,46.0,5.0,28.0,117.0,32.0,286.0,110.0,105.3060856207396,0.0,0.0,839.3060856207396,17,031,818401,3,170318184013
54.0,22.0,4.0,3.0,6.0,26.0,13.0,11.0,0.0,31.0,166.0,162.0,135.0,87.0,0.0,0.0,720.0,17,031,818401,4,170318184014
5.0,22.0,37.0,1.0,6.0,11.0,6.0,77.0,44.0,85.0,172.0,205.0,111.0,92.0,0.0,0.0,874.0,17,031,818402,1,170318184021
1.0,22.0,35.0,2.0,98.0,19.0,40.0,70.0,1.0,86.0,32.0,121.0,92.0,111.62237409550384,0.0,0.0,730.6223740955038,17,031,818402,2,170318184022
27.0,0.0,0.0,77.0,86.0,4.0,10.0,16.0,64.0,198.0,103.0,293.0,107.0,107.33669418281356,0.0,0.0,1092.3366941828135,17,031,818402,3,170318184023
0.0,0.0,6.0,98.0,21.0,85.0,7.0,54.0,18.0,141.0,23.0,158.0,301.0,96.34677673125422,0.0,0.0,1008.3467767312543,17,031,818500,1,170318185001
37.0,40.0,180.0,3.0,112.0,1.0,15.0,47.0,98.0,39.0,119.0,160.0,258.0,105.27547705866564,0.0,0.0,1214.2754770586657,17,031,818500,2,170318185002
46.0,68.0,38.0,68.0,91.0,86.0,52.0,68.0,0.0,139.0,86.0,87.0,258.0,92.41795609825883,0.0,0.0,1179.4179560982589,17,031,818500,3,170318185003
0.0,2.0,11.0,25.0,4.0,22.0,0.0,59.0,94.0,67.0,136.0,153.0,17.0,109.09170538063789,0.0,0.0,699.0917053806379,17,031,818500,4,170318185004
73.0,71.0,31.0,45.0,61.0,1.0,24.0,55.0,9.0,103.0,1.0,168.0,218.0,99.31616816918026,0.0,0.0,959.3161681691803,17,031,818600,1,170318186001
1.0,4.0,117.0,15.0,38.0,81.0,211.0,97.0,1.0,112.0,222.0,413.0,298.0,93.42839956345145,0.0,0.0,1703.4283995634514,17,031,818600,2,170318186002
167.0,27.0,1.0,149.0,91.0,70.0,115.0,28.0,66.0,58.0,35.0,53.0,77.0,80.33669418281356,0.0,0.0,1017.3366941828135,17,031,818600,3,170318186003
3.0,2.0,0.0,33.0,1.0,6.0,0.0,1.0,3.0,54.0,62.0,85.0,193.0,101.30596531515562,0.0,0.0,544.3059653151556,17,031,818700,1,170318187001
4.0,0.0,11.0,22.0,3.0,16.0,7.0,71.0,114.0,7.0,7.0,57.0,153.0,103.52034555525731,0.0,0.0,575.5203455552573,17,031,818700,2,170318187002
0.0,37.0,70.0,33.0,56.0,1.0,11.0,1.0,36.0,64.0,104.0,105.0,263.0,99.72440263575038,0.0,0.0,880.7244026357504,17,031,818700,3,170318187003
38.0,36.0,50.0,1.0,2.0,6.0,0.0,33.0,47.0,90.0,81.0,139.0,72.0,107.55095411733127,0.0,0.0,702.5509541173312,17,031,818700,4,170318187004
2.0,107.0,65.0,6.0,2.0,124.0,0.0,3.0,66.0,33.0,49.0,269.0,97.0,100.33669418281356,0.0,0.0,923.3366941828135,17,031,818800,1,170318188001
19.0,2.0,5.0,2.0,5.0,50.0,0.0,7.0,3.0,90.0,93.0,196.0,84.0,88.34689703683821,0.0,0.0,644.3468970368382,17,031,818800,2,170318188002
78.0,93.0,0.0,0.0,50.0,56.0,1.0,1.0,6.0,67.0,2.0,210.0,142.0,86.6325769495285,0.0,0.0,792.6325769495285,17,031,818800,3,170318188003
4.0,12.0,123.0,3.0,19.0,14.0,0.0,3.0,0.0,36.0,95.0,212.0,70.0,88.90805400819414,0.0,0.0,679.9080540081941,17,031,818800,4,170318188004
6.0,102.0,85.0,23.0,6.0,24.0,60.0,71.0,1.0,219.0,71.0,128.0,247.0,105.03048825648997,0.0,0.0,1148.03048825649,17,031,818800,5,170318188005
2.0,9.0,15.0,16.0,5.0,30.0,0.0,58.0,3.0,222.0,34.0,218.0,268.0,71.0,0.0,0.0,951.0,17,031,818800,6,170318188006
130.0,4.0,148.0,1.0,129.0,67.0,0.0,190.0,91.0,75.0,161.0,317.0,132.0,83.13251679673651,0.0,0.0,1528.1325167967366,17,031,818900,1,170318189001
162.0,67.0,18.0,66.0,124.0,38.0,45.0,110.0,113.0,122.0,217.0,252.0,121.0,103.62237409550384,0.0,0.0,1558.6223740955038,17,031,818900,2,170318189002
0.0,0.0,21.0,4.0,22.0,63.0,8.0,59.0,32.0,90.0,137.0,134.0,169.0,90.37750559891217,0.0,0.0,829.3775055989122,17,031,818900,3,170318189003
7.0,6.0,5.0,3.0,0.0,34.0,20.0,3.0,13.0,1.0,40.0,114.0,165.0,95.17344851841911,0.0,0.0,506.17344851841904,17,031,819000,1,170318190001
14.0,2.0,17.0,0.0,0.0,3.0,19.0,3.0,16.0,33.0,16.0,203.0,197.0,89.81598771080428,0.0,0.0,612.8159877108043,17,031,819000,2,170318190002
2.0,0.0,28.0,39.0,6.0,14.0,28.0,0.0,76.0,9.0,12.0,122.0,231.0,102.4386024174761,0.0,0.0,669.4386024174761,17,031,819000,3,170318190003
0.0,80.0,79.0,90.0,0.0,5.0,40.0,23.0,62.0,82.0,31.0,38.0,103.0,89.72440263575038,0.0,0.0,722.7244026357504,17,031,819000,4,170318190004
125.0,60.0,24.0,31.0,44.0,39.0,2.0,26.0,80.0,17.0,55.0,287.0,254.0,99.90805400819414,0.0,0.0,1143.908054008194,17,031,819100,1,170318191001
5.0,22.0,1.0,7.0,49.0,37.0,54.0,42.0,31.0,1.0,62.0,278.0,115.0,115.0,0.0,0.0,819.0,17,031,819100,2,170318191002
156.0,80.0,6.0,8.0,56.0,84.0,3.0,100.0,61.0,190.0,108.0,140.0,26.0,87.18365137244376,0.0,0.0,1105.1836513724438,17,031,819100,3,170318191003
1.0,49.0,111.0,60.0,30.0,67.0,3.0,123.0,0.0,30.0,133.0,149.0,74.0,108.10202854024654,0.0,0.0,938.1020285402466,17,031,819100,4,170318191004
0.0,24.0,92.0,0.0,70.0,9.0,6.0,123.0,3.0,42.0,155.0,96.0,6.0,92.22446278854237,0.0,0.0,718.2244627885424,17,031,819200,1,170318192001
27.0,59.0,63.0,1.0,88.0,299.0,4.0,4.0,23.0,354.0,134.0,208.0,139.0,91.0,0.0,0.0,1494.0,17,031,819200,2,170318192002
149.0,177.0,137.0,172.0,251.0,152.0,7.0,126.0,215.0,227.0,151.0,311.0,213.0,69.35709989086286,0.0,0.0,2357.357099890863,17,031,819200,3,170318192003
21.0,18.0,1.0,144.0,108.0,79.0,68.0,24.0,27.0,80.0,202.0,321.0,81.0,106.46921097955007,0.0,0.0,1280.46921097955,17,031,819200,4,170318192004
9.0,6.0,2.0,2.0,3.0,2.0,21.0,1.0,15.0,36.0,79.0,165.0,140.0,93.86712228651155,0.0,0.0,574.8671222865115,17,031,819300,1,170318193001
43.0,0.0,29.0,22.0,3.0,59.0,58.0,55.0,10.0,193.0,155.0,355.0,119.0,105.51002239564868,0.0,0.0,1206.5100223956488,17,031,819300,2,170318193002
13.0,24.0,2.0,89.0,16.0,5.0,66.0,5.0,26.0,4.0,44.0,53.0,44.0,83.55095411733127,0.0,0.0,474.55095411733123,17,031,819300,3,170318193003
121.0,1.0,21.0,3.0,65.0,43.0,0.0,14.0,0.0,62.0,13.0,542.0,41.0,101.0,0.0,0.0,1027.0,17,031,819400,1,170318194001
1.0,173.0,27.0,118.0,86.0,0.0,91.0,84.0,89.0,5.0,83.0,173.0,72.0,93.88764830014483,0.0,0.0,1095.8876483001447,17,031,819400,2,170318194002
11.0,1.0,11.0,0.0,20.0,1.0,2.0,39.0,21.0,35.0,60.0,1.0,158.0,84.22434248295838,0.0,0.0,444.2243424829584,17,031,819400,3,170318194003
0.0,32.0,38.0,6.0,5.0,182.0,6.0,0.0,1.0,110.0,22.0,111.0,198.0,106.030247645322,0.0,0.0,817.030247645322,17,031,819400,4,170318194004
3.0,4.0,5.0,72.0,49.0,26.0,37.0,70.0,5.0,1.0,87.0,109.0,121.0,101.20405708049307,0.0,0.0,690.204057080493,17,031,819400,5,170318194005
6.0,0.0,15.0,43.0,8.0,2.0,3.0,5.0,23.0,59.0,29.0,36.0,108.0,96.55095411733127,0.0,0.0,433.5509541173313,17,031,819500,1,170318195001
60.0,2.0,16.0,16.0,4.0,21.0,0.0,2.0,48.0,47.0,31.0,46.0,42.0,90.31628847476425,0.0,0.0,425.31628847476424,17,031,819500,2,170318195002
20.0,18.0,11.0,16.0,16.0,2.0,8.0,19.0,26.0,40.0,159.0,218.0,104.0,87.1938542264684,0.0,0.0,744.1938542264684,17,031,819500,3,170318195003
29.0,192.0,27.0,78.0,79.0,0.0,4.0,5.0,5.0,47.0,22.0,205.0,111.0,93.27547705866564,0.0,0.0,897.2754770586656,17,031,819500,4,170318195004
6.0,6.0,1.0,2.0,0.0,5.0,2.0,32.0,8.0,6.0,34.0,53.0,54.0,73.14283995634514,0.0,0.0,282.14283995634514,17,031,819600,1,170318196001
7.0,13.0,0.0,1.0,2.0,4.0,3.0,1.0,2.0,2.0,83.0,44.0,177.0,88.53054840928196,0.0,0.0,427.53054840928195,17,031,819600,2,170318196002
0.0,0.0,2.0,35.0,6.0,23.0,11.0,34.0,1.0,9.0,135.0,130.0,241.0,100.39791130696148,0.0,0.0,727.3979113069614,17,031,819600,3,170318196003
1.0,1.0,5.0,2.0,0.0,0.0,2.0,2.0,17.0,48.0,150.0,159.0,114.0,91.58144237382125,0.0,0.0,592.5814423738212,17,031,819600,4,170318196004
49.0,7.0,0.0,13.0,68.0,19.0,2.0,11.0,2.0,50.0,14.0,169.0,205.0,115.04069111051463,0.0,0.0,724.0406911105147,17,031,819700,1,170318197001
60.0,6.0,36.0,1.0,31.0,0.0,45.0,2.0,34.0,109.0,215.0,134.0,136.0,84.38758814735283,0.0,0.0,893.3875881473529,17,031,819700,2,170318197002
2.0,6.0,4.0,23.0,38.0,0.0,33.0,0.0,26.0,19.0,30.0,233.0,100.0,94.02028540246532,0.0,0.0,608.0202854024653,17,031,819700,3,170318197003
0.0,3.0,0.0,8.0,10.0,6.0,1.0,3.0,43.0,114.0,40.0,1.0,55.0,110.30596531515562,0.0,0.0,394.3059653151556,17,031,819700,4,170318197004
0.0,10.0,1.0,1.0,2.0,5.0,4.0,23.0,2.0,57.0,9.0,178.0,82.0,99.79582261392295,0.0,0.0,473.79582261392295,17,031,819801,1,170318198011
8.0,2.0,7.0,13.0,3.0,0.0,6.0,40.0,36.0,15.0,6.0,22.0,144.0,104.46921097955007,0.0,0.0,406.46921097955004,17,031,819801,2,170318198012
11.0,21.0,5.0,2.0,100.0,0.0,15.0,75.0,7.0,45.0,166.0,182.0,183.0,92.72440263575038,0.0,0.0,904.7244026357504,17,031,819801,3,170318198013
1.0,0.0,0.0,15.0,2.0,1.0,15.0,0.0,1.0,16.0,30.0,82.0,19.0,87.71419978172572,0.0,0.0,269.7141997817257,17,031,819801,4,170318198014
0.0,0.0,12.0,1.0,12.0,0.0,3.0,6.0,2.0,35.0,56.0,127.0,129.0,93.13251679673651,0.0,0.0,476.1325167967365,17,031,819801,5,170318198015
5.0,1.0,0.0,12.0,0.0,10.0,34.0,4.0,20.0,1.0,51.0,165.0,226.0,98.81610801638827,0.0,0.0,627.8161080163883,17,031,819802,1,170318198021
12.0,1.0,3.0,9.0,2.0,3.0,13.0,4.0,9.0,37.0,91.0,249.0,126.0,115.28543930152232,0.0,0.0,674.2854393015223,17,031,819802,2,170318198022
1.0,6.0,5.0,7.0,16.0,1.0,8.0,1.0,28.0,68.0,57.0,52.0,42.0,84.90805400819414,0.0,0.0,376.90805400819414,17,031,819900,1,170318199001
75.0,0.0,0.0,23.0,9.0,13.0,0.0,36.0,6.0,12.0,153.0,102.0,155.0,99.9590682783174,0.0,0.0,683.9590682783174,17,031,819900,2,170318199002
1.0,14.0,1.0,25.0,17.0,4.0,6.0,2.0,3.0,144.0,18.0,64.0,52.0,91.20381646932509,0.0,0.0,442.2038164693251,17,031,819900,3,170318199003
0.0,1.0,3.0,71.0,2.0,3.0,1.0,0.0,3.0,41.0,92.0,102.0,67.0,96.60196838745455,0.0,0.0,482.6019683874545,17,031,820000,1,170318200001
0.0,9.0,0.0,2.0,3.0,0.0,2.0,20.0,6.0,3.0,16.0,101.0,50.0,101.59176553342988,0.0,0.0,313.5917655334299,17,031,820000,2,170318200002
3.0,6.0,57.0,93.0,75.0,112.0,105.0,12.0,5.0,34.0,12.0,67.0,50.0,114.40811416098613,0.0,0.0,745.4081141609861,17,031,820101,1,170318201011
4.0,3.0,1.0,65.0,31.0,1.0,67.0,95.0,21.0,51.0,98.0,7.0,125.0,97.35709989086286,0.0,0.0,666.3570998908629,17,031,820101,2,170318201012
2.0,2.0,0.0,85.0,22.0,24.0,29.0,31.0,22.0,0.0,58.0,236.0,9.0,108.33669418281356,0.0,0.0,628.3366941828135,17,031,820101,3,170318201013
20.0,5.0,0.0,2.0,12.0,3.0,0.0,25.0,51.0,12.0,20.0,5.0,19.0,88.79582261392295,0.0,0.0,262.79582261392295,17,031,820101,4,170318201014
6.0,2.0,2.0,0.0,30.0,5.0,3.0,10.0,2.0,42.0,28.0,123.0,57.0,94.29576246113096,0.0,0.0,404.29576246113095,17,031,820101,5,170318201015
72.0,67.0,0.0,155.0,79.0,14.0,131.0,64.0,2.0,281.0,101.0,303.0,85.0,78.51014270123267,0.0,0.0,1432.5101427012326,17,031,820101,6,170318201016
2.0,0.0,19.0,19.0,5.0,2.0,158.0,79.0,17.0,17.0,8.0,161.0,182.0,92.58156267940524,0.0,0.0,761.5815626794052,17,031,820101,7,170318201017
8.0,45.0,11.0,4.0,0.0,8.0,36.0,0.0,7.0,7.0,37.0,143.0,178.0,86.17344851841911,0.0,0.0,570.1734485184191,17,031,820103,1,170318201031
26.0,94.0,3.0,47.0,1.0,77.0,86.0,35.0,3.0,56.0,6.0,83.0,59.0,101.0,0.0,0.0,677.0,17,031,820103,2,170318201032
6.0,71.0,12.0,73.0,4.0,158.0,51.0,5.0,189.0,204.0,216.0,225.0,38.0,103.51014270123267,0.0,0.0,1355.5101427012326,17,031,820103,3,170318201033
1.0,0.0,3.0,107.0,4.0,54.0,1.0,19.0,0.0,51.0,11.0,37.0,100.0,92.58156267940524,0.0,0.0,480.58156267940524,17,031,820103,4,170318201034
93.0,206.0,4.0,48.0,63.0,81.0,75.0,0.0,77.0,107.0,150.0,107.0,17.0,89.29588276671494,0.0,0.0,1117.2958827667148,17,031,820104,1,170318201041
1.0,6.0,12.0,12.0,0.0,30.0,29.0,48.0,31.0,1.0,187.0,123.0,130.0,114.17344851841911,0.0,0.0,724.1734485184191,17,031,820104,2,170318201042
2.0,1.0,34.0,46.0,7.0,8.0,19.0,1.0,16.0,144.0,133.0,182.0,75.0,88.44892557708474,0.0,0.0,756.4489255770848,17,031,820104,3,170318201043
1.0,1.0,67.0,14.0,1.0,2.0,149.0,90.0,75.0,98.0,16.0,110.0,213.0,78.40811416098613,0.0,0.0,915.4081141609861,17,031,820104,4,170318201044
103.0,76.0,43.0,26.0,307.0,80.0,17.0,66.0,109.0,15.0,200.0,143.0,200.0,119.55083381174728,0.0,0.0,1504.5508338117472,17,031,820201,1,170318202011
70.0,75.0,136.0,113.0,43.0,0.0,15.0,111.0,1.0,14.0,202.0,333.0,240.0,100.57135982538058,0.0,0.0,1453.5713598253806,17,031,820201,2,170318202012
28.0,1.0,5.0,42.0,27.0,1.0,0.0,39.0,3.0,113.0,19.0,153.0,36.0,93.49993984720801,0.0,0.0,560.499939847208,17,031,820201,3,170318202013
66.0,14.0,6.0,2.0,37.0,79.0,81.0,76.0,49.0,34.0,341.0,660.0,300.0,82.91789594546682,0.0,0.0,1827.9178959454669,17,031,820201,4,170318202014
130.0,41.0,57.0,56.0,68.0,129.0,119.0,117.0,121.0,381.0,209.0,169.0,207.0,82.90805400819414,0.0,0.0,1886.908054008194,17,031,820202,1,170318202021
1.0,12.0,27.0,74.0,65.0,18.0,7.0,7.0,93.0,155.0,105.0,2.0,215.0,103.0,0.0,0.0,884.0,17,031,820202,2,170318202022
44.0,29.0,41.0,39.0,41.0,8.0,3.0,3.0,2.0,3.0,10.0,56.0,45.0,91.12243424829583,0.0,0.0,415.12243424829586,17,031,820202,3,170318202023
180.0,20.0,26.0,115.0,142.0,171.0,57.0,4.0,147.0,78.0,238.0,199.0,86.0,107.31628847476425,0.0,0.0,1570.3162884747642,17,031,820300,1,170318203001
23.0,90.0,133.0,91.0,22.0,77.0,1.0,100.0,25.0,168.0,88.0,201.0,72.0,107.26527420464097,0.0,0.0,1198.265274204641,17,031,820300,2,170318203002
3.0,14.0,63.0,1.0,62.0,84.0,5.0,4.0,0.0,222.0,215.0,222.0,113.0,115.0,0.0,0.0,1123.0,17,031,820300,3,170318203003
4.0,9.0,88.0,52.0,90.0,153.0,76.0,43.0,2.0,73.0,210.0,183.0,71.0,99.23466564256702,0.0,0.0,1153.234665642567,17,031,820300,4,170318203004
58.0,44.0,1.0,70.0,11.0,241.0,214.0,6.0,185.0,79.0,95.0,16.0,243.0,105.0,0.0,0.0,1368.0,17,031,820400,1,170318204001
16.0,55.0,0.0,267.0,76.0,183.0,66.0,160.0,1.0,299.0,245.0,147.0,144.0,91.48961668759937,0.0,0.0,1750.4896166875994,17,031,820400,2,170318204002
178.0,125.0,91.0,183.0,192.0,99.0,210.0,161.0,228.0,215.0,290.0,333.0,205.0,105.26527420464097,0.0,0.0,2615.265274204641,17,031,820400,3,170318204003
1.0,6.0,53.0,1.0,13.0,155.0,0.0,51.0,16.0,62.0,85.0,81.0,54.0,105.18365137244376,0.0,0.0,683.1836513724437,17,031,820501,1,170318205011
73.0,1.0,76.0,1.0,21.0,69.0,90.0,4.0,5.0,101.0,102.0,209.0,166.0,87.7856197598983,0.0,0.0,1005.7856197598983,17,031,820501,2,170318205012
0.0,10.0,195.0,9.0,26.0,89.0,34.0,73.0,2.0,44.0,187.0,116.0,46.0,99.765214051849,0.0,0.0,930.765214051849,17,031,820501,3,170318205013
2.0,11.0,2.0,72.0,288.0,124.0,0.0,102.0,18.0,192.0,200.0,121.0,97.0,95.0,0.0,0.0,1324.0,17,031,820501,4,170318205014
0.0,17.0,112.0,5.0,2.0,23.0,20.0,42.0,128.0,336.0,181.0,186.0,210.0,116.61205093589521,0.0,0.0,1378.6120509358952,17,031,820501,5,170318205015
86.0,8.0,216.0,19.0,52.0,111.0,7.0,0.0,27.0,292.0,314.0,174.0,127.0,99.0,0.0,0.0,1532.0,17,031,820502,1,170318205021
3.0,2.0,51.0,54.0,13.0,42.0,33.0,7.0,100.0,50.0,227.0,97.0,11.0,101.21413962893374,0.0,0.0,791.2141396289337,17,031,820502,2,170318205022
50.0,0.0,24.0,0.0,66.0,142.0,76.0,8.0,0.0,116.0,40.0,148.0,69.0,101.0,0.0,0.0,840.0,17,031,820502,3,170318205023
18.0,134.0,5.0,24.0,122.0,51.0,35.0,181.0,1.0,90.0,115.0,45.0,9.0,92.30596531515562,0.0,0.0,922.3059653151556,17,031,820502,4,170318205024
0.0,45.0,171.0,82.0,117.0,7.0,132.0,1.0,18.0,48.0,14.0,283.0,12.0,94.61217124147919,0.0,0.0,1024.6121712414792,17,031,820603,1,170318206031
70.0,22.0,162.0,40.0,1.0,276.0,236.0,107.0,80.0,171.0,117.0,422.0,129.0,97.0,0.0,0.0,1930.0,17,031,820603,2,170318206032
4.0,60.0,83.0,2.0,28.0,28.0,120.0,36.0,68.0,130.0,169.0,470.0,352.0,94.92833941065946,0.0,0.0,1644.9283394106594,17,031,820603,3,170318206033
329.0,290.0,211.0,549.0,152.0,103.0,7.0,128.0,69.0,257.0,600.0,174.0,33.0,82.21425993451771,0.0,0.0,2984.214259934518,17,031,820604,1,170318206041
21.0,14.0,17.0,76.0,96.0,0.0,4.0,42.0,5.0,65.0,110.0,145.0,42.0,100.21425993451771,0.0,0.0,737.2142599345177,17,031,820604,2,170318206042
147.0,65.0,1.0,2.0,86.0,128.0,17.0,102.0,14.0,77.0,55.0,301.0,91.0,88.0,0.0,0.0,1174.0,17,031,820605,1,170318206051
94.0,0.0,168.0,37.0,143.0,35.0,66.0,147.0,19.0,198.0,5.0,239.0,46.0,98.0,0.0,0.0,1295.0,17,031,820605,2,170318206052
171.0,3.0,4.0,89.0,57.0,5.0,58.0,260.0,83.0,295.0,198.0,89.0,49.0,102.765214051849,0.0,0.0,1463.765214051849,17,031,820605,3,170318206053
11.0,23.0,12.0,33.0,9.0,31.0,3.0,173.0,20.0,262.0,247.0,234.0,174.0,105.48961668759937,0.0,0.0,1337.4896166875994,17,031,820606,1,170318206061
134.0,117.0,0.0,167.0,174.0,60.0,75.0,14.0,26.0,152.0,526.0,198.0,171.0,77.89785115416949,0.0,0.0,1891.8978511541695,17,031,820606,2,170318206062
202.0,3.0,23.0,112.0,37.0,26.0,47.0,247.0,90.0,279.0,123.0,32.0,146.0,94.65298265757781,0.0,0.0,1461.6529826575777,17,031,820700,1,170318207001
7.0,7.0,22.0,2.0,13.0,184.0,14.0,0.0,12.0,193.0,93.0,110.0,156.0,81.0,0.0,0.0,894.0,17,031,820700,2,170318207002
419.0,3.0,148.0,21.0,2.0,0.0,222.0,94.0,4.0,140.0,327.0,69.0,255.0,76.35709989086286,0.0,0.0,1780.3570998908629,17,031,820700,3,170318207003
48.0,17.0,158.0,36.0,105.0,351.0,80.0,155.0,68.0,279.0,146.0,49.0,299.0,86.63245664394452,0.0,0.0,1877.6324566439446,17,031,820700,4,170318207004
5.0,4.0,14.0,184.0,91.0,43.0,96.0,20.0,14.0,125.0,308.0,502.0,184.0,84.36706213371954,0.0,0.0,1674.3670621337196,17,031,820800,1,170318208001
1.0,2.0,97.0,14.0,2.0,20.0,36.0,70.0,39.0,149.0,267.0,396.0,210.0,89.33669418281356,0.0,0.0,1392.3366941828135,17,031,820800,2,170318208002
3.0,24.0,0.0,67.0,9.0,30.0,46.0,7.0,5.0,37.0,37.0,173.0,43.0,109.0712996725886,0.0,0.0,590.0712996725886,17,031,820800,3,170318208003
57.0,37.0,189.0,199.0,158.0,78.0,26.0,235.0,22.0,208.0,471.0,171.0,43.0,84.32637102320491,0.0,0.0,1978.326371023205,17,031,820901,1,170318209011
41.0,96.0,25.0,136.0,67.0,92.0,0.0,3.0,67.0,92.0,9.0,165.0,105.0,87.0,0.0,0.0,985.0,17,031,820901,2,170318209012
37.0,2.0,9.0,18.0,115.0,14.0,21.0,57.0,333.0,273.0,91.0,54.0,21.0,98.0,0.0,0.0,1143.0,17,031,820901,3,170318209013
3.0,31.0,6.0,3.0,110.0,9.0,127.0,21.0,119.0,12.0,142.0,58.0,238.0,94.0,0.0,0.0,973.0,17,031,820901,4,170318209014
5.0,26.0,2.0,0.0,60.0,81.0,0.0,138.0,21.0,92.0,130.0,112.0,102.0,96.0,0.0,0.0,865.0,17,031,820902,1,170318209021
62.0,126.0,43.0,62.0,100.0,3.0,91.0,1.0,161.0,10.0,41.0,373.0,120.0,98.90805400819414,0.0,0.0,1291.908054008194,17,031,820902,2,170318209022
30.0,151.0,21.0,111.0,5.0,66.0,3.0,14.0,29.0,163.0,127.0,176.0,151.0,97.0,0.0,0.0,1144.0,17,031,820902,3,170318209023
14.0,60.0,8.0,94.0,7.0,115.0,51.0,39.0,88.0,126.0,22.0,237.0,87.0,89.21425993451771,0.0,0.0,1037.2142599345177,17,031,820902,4,170318209024
1.0,68.0,2.0,56.0,72.0,54.0,17.0,9.0,49.0,173.0,224.0,287.0,121.0,94.52034555525731,0.0,0.0,1227.5203455552573,17,031,821001,1,170318210011
71.0,0.0,117.0,22.0,5.0,21.0,41.0,17.0,62.0,87.0,127.0,308.0,125.0,84.77541690587364,0.0,0.0,1087.7754169058737,17,031,821001,2,170318210012
182.0,13.0,69.0,141.0,5.0,29.0,88.0,119.0,29.0,1.0,213.0,185.0,67.0,99.0,0.0,0.0,1240.0,17,031,821001,3,170318210013
39.0,29.0,32.0,30.0,78.0,29.0,63.0,9.0,29.0,11.0,96.0,325.0,111.0,98.23466564256702,0.0,0.0,979.234665642567,17,031,821001,4,170318210014
50.0,74.0,105.0,96.0,107.0,4.0,55.0,9.0,44.0,38.0,118.0,129.0,34.0,88.81622832197226,0.0,0.0,951.8162283219723,17,031,821002,1,170318210021
5.0,108.0,99.0,1.0,58.0,47.0,47.0,3.0,137.0,21.0,35.0,240.0,60.0,84.67338836562712,0.0,0.0,945.6733883656271,17,031,821002,2,170318210022
15.0,19.0,0.0,55.0,7.0,18.0,19.0,78.0,22.0,32.0,127.0,39.0,114.0,97.0,0.0,0.0,642.0,17,031,821002,3,170318210023
29.0,56.0,0.0,21.0,56.0,39.0,1.0,9.0,9.0,100.0,182.0,76.0,269.0,84.53054840928196,0.0,0.0,931.530548409282,17,031,821002,4,170318210024
1.0,55.0,263.0,12.0,53.0,68.0,14.0,102.0,2.0,198.0,124.0,375.0,148.0,98.06109681856393,0.0,0.0,1513.061096818564,17,031,821002,5,170318210025
4.0,1.0,4.0,17.0,171.0,65.0,99.0,3.0,51.0,2.0,140.0,275.0,214.0,101.0,0.0,0.0,1147.0,17,031,821101,1,170318211011
1.0,4.0,37.0,10.0,21.0,37.0,2.0,22.0,1.0,90.0,103.0,144.0,158.0,103.13263710232049,0.0,0.0,733.1326371023205,17,031,821101,2,170318211012
30.0,2.0,0.0,5.0,23.0,69.0,2.0,131.0,73.0,48.0,2.0,141.0,167.0,98.1938542264684,0.0,0.0,791.1938542264684,17,031,821101,3,170318211013
129.0,14.0,2.0,0.0,58.0,70.0,3.0,142.0,34.0,1.0,218.0,264.0,378.0,94.54063095772264,0.0,0.0,1407.5406309577227,17,031,821101,4,170318211014
155.0,38.0,5.0,127.0,20.0,95.0,28.0,5.0,24.0,68.0,78.0,201.0,150.0,91.58156267940524,0.0,0.0,1085.5815626794051,17,031,821102,1,170318211021
8.0,12.0,30.0,1.0,70.0,125.0,239.0,121.0,48.0,50.0,131.0,27.0,158.0,98.48973699318336,0.0,0.0,1118.4897369931834,17,031,821102,2,170318211022
1.0,10.0,7.0,58.0,119.0,32.0,22.0,15.0,2.0,1.0,204.0,270.0,37.0,94.35697958527888,0.0,0.0,872.3569795852789,17,031,821102,3,170318211023
47.0,31.0,2.0,69.0,2.0,0.0,1.0,1.0,2.0,33.0,45.0,136.0,49.0,101.42851986903543,0.0,0.0,519.4285198690354,17,031,821102,4,170318211024
92.0,169.0,19.0,105.0,25.0,99.0,2.0,1.0,21.0,168.0,81.0,126.0,67.0,99.0,0.0,0.0,1074.0,17,031,821200,1,170318212001
129.0,81.0,229.0,87.0,94.0,94.0,183.0,18.0,108.0,100.0,2.0,23.0,37.0,90.0,0.0,0.0,1275.0,17,031,821200,2,170318212002
58.0,427.0,128.0,128.0,131.0,79.0,82.0,216.0,4.0,161.0,81.0,151.0,293.0,89.22434248295838,0.0,0.0,2028.2243424829585,17,031,821200,3,170318212003
124.0,30.0,74.0,36.0,158.0,18.0,6.0,28.0,77.0,320.0,49.0,292.0,108.0,93.0,0.0,0.0,1413.0,17,031,821200,4,170318212004
146.0,5.0,8.0,4.0,132.0,76.0,62.0,5.0,6.0,40.0,3.0,79.0,7.0,86.0,0.0,0.0,659.0,17,031,821300,1,170318213001
97.0,261.0,259.0,249.0,105.0,40.0,189.0,183.0,61.0,244.0,281.0,288.0,110.0,98.36730274488752,0.0,0.0,2465.3673027448876,17,031,821300,2,170318213002
98.0,8.0,45.0,18.0,4.0,7.0,49.0,44.0,1.0,61.0,99.0,3.0,8.0,82.0,0.0,0.0,527.0,17,031,821300,3,170318213003
162.0,93.0,53.0,141.0,41.0,28.0,93.0,56.0,0.0,220.0,308.0,239.0,72.0,105.31628847476425,0.0,0.0,1611.3162884747642,17,031,821300,4,170318213004
168.0,1.0,22.0,30.0,52.0,10.0,51.0,17.0,2.0,50.0,64.0,139.0,63.0,101.0,0.0,0.0,770.0,17,031,821401,1,170318214011
1.0,28.0,34.0,2.0,68.0,21.0,5.0,0.0,1.0,5.0,107.0,49.0,54.0,97.0,0.0,0.0,472.0,17,031,821401,2,170318214012
2.0,19.0,25.0,31.0,17.0,106.0,0.0,25.0,21.0,79.0,42.0,157.0,55.0,109.0,0.0,0.0,688.0,17,031,821401,3,170318214013
66.0,1.0,72.0,38.0,262.0,74.0,291.0,18.0,124.0,30.0,63.0,109.0,56.0,83.0,0.0,0.0,1287.0,17,031,821401,4,170318214014
93.0,1.0,72.0,35.0,98.0,2.0,94.0,209.0,18.0,285.0,115.0,64.0,91.0,106.94886542429275,0.0,0.0,1283.9488654242928,17,031,821402,1,170318214021
0.0,0.0,54.0,56.0,1.0,255.0,0.0,21.0,173.0,321.0,161.0,225.0,145.0,80.22446278854237,0.0,0.0,1492.2244627885423,17,031,821402,2,170318214022
78.0,3.0,3.0,17.0,16.0,10.0,4.0,1.0,70.0,68.0,84.0,38.0,63.0,84.41831701501079,0.0,0.0,539.4183170150108,17,031,821402,3,170318214023
207.0,108.0,187.0,177.0,95.0,151.0,45.0,107.0,124.0,132.0,225.0,234.0,68.0,92.0,0.0,0.0,1952.0,17,031,821500,1,170318215001
49.0,3.0,1.0,53.0,3.0,17.0,3.0,5.0,1.0,5.0,318.0,390.0,265.0,91.0,0.0,0.0,1204.0,17,031,821600,1,170318216001
84.0,2.0,11.0,14.0,45.0,4.0,49.0,2.0,1.0,65.0,94.0,77.0,126.0,94.55095411733127,0.0,0.0,668.5509541173312,17,031,821600,2,170318216002
48.0,36.0,25.0,0.0,8.0,6.0,42.0,38.0,5.0,66.0,10.0,5.0,115.0,89.55095411733127,0.0,0.0,493.5509541173313,17,031,821600,3,170318216003
114.0,54.0,105.0,11.0,61.0,7.0,3.0,1.0,24.0,136.0,127.0,176.0,141.0,117.92833941065946,0.0,0.0,1077.9283394106594,17,031,821600,4,170318216004
31.0,25.0,33.0,1.0,2.0,2.0,16.0,0.0,2.0,21.0,46.0,109.0,17.0,108.0,0.0,0.0,413.0,17,031,821600,5,170318216005
131.0,34.0,0.0,0.0,6.0,7.0,1.0,6.0,1.0,1.0,2.0,118.0,96.0,100.72440263575038,0.0,0.0,503.7244026357504,17,031,821700,1,170318217001
162.0,119.0,30.0,3.0,87.0,0.0,84.0,120.0,47.0,148.0,80.0,173.0,169.0,86.29588276671494,0.0,0.0,1308.2958827667148,17,031,821700,2,170318217002
3.0,21.0,93.0,13.0,4.0,48.0,4.0,0.0,19.0,84.0,108.0,226.0,167.0,108.18353106685977,0.0,0.0,898.1835310668598,17,031,821700,3,170318217003
5.0,3.0,4.0,89.0,2.0,1.0,4.0,12.0,59.0,29.0,170.0,102.0,114.0,101.29576246113096,0.0,0.0,695.295762461131,17,031,821700,4,170318217004
16.0,19.0,15.0,178.0,50.0,4.0,10.0,0.0,33.0,1.0,97.0,37.0,39.0,81.1530428103698,0.0,0.0,580.1530428103698,17,031,821700,5,170318217005
122.0,4.0,0.0,2.0,7.0,28.0,16.0,2.0,119.0,41.0,20.0,167.0,103.0,108.69379407367641,0.0,0.0,739.6937940736764,17,031,821800,1,170318218001
0.0,0.0,44.0,58.0,7.0,5.0,70.0,172.0,5.0,15.0,47.0,154.0,97.0,73.20405708049307,0.0,0.0,747.204057080493,17,031,821800,2,170318218002
2.0,2.0,26.0,6.0,2.0,4.0,0.0,0.0,4.0,80.0,52.0,134.0,76.0,90.38770845293682,0.0,0.0,478.3877084529368,17,031,821800,3,170318218003
35.0,97.0,56.0,7.0,40.0,9.0,16.0,29.0,22.0,96.0,86.0,54.0,169.0,107.3264913287889,0.0,0.0,823.3264913287888,17,031,821800,4,170318218004
30.0,6.0,1.0,0.0,16.0,3.0,1.0,19.0,16.0,122.0,49.0,346.0,4.0,81.75477058665636,0.0,0.0,694.7547705866564,17,031,821800,5,170318218005
1.0,4.0,13.0,1.0,17.0,88.0,0.0,3.0,62.0,38.0,4.0,151.0,77.0,100.56091636018796,0.0,0.0,559.560916360188,17,031,821800,6,170318218006
5.0,0.0,30.0,29.0,255.0,142.0,16.0,17.0,23.0,70.0,118.0,55.0,215.0,90.20405708049307,0.0,0.0,1065.2040570804932,17,031,821900,1,170318219001
16.0,15.0,3.0,6.0,0.0,35.0,55.0,16.0,1.0,39.0,162.0,167.0,99.0,97.68359121965176,0.0,0.0,711.6835912196518,17,031,821900,2,170318219002
21.0,2.0,63.0,15.0,99.0,41.0,6.0,109.0,9.0,96.0,133.0,248.0,219.0,119.66318551160245,0.0,0.0,1180.6631855116025,17,031,821900,3,170318219003
3.0,11.0,31.0,14.0,79.0,8.0,5.0,35.0,43.0,6.0,8.0,59.0,63.0,100.4795341391587,0.0,0.0,465.4795341391587,17,031,821900,4,170318219004
20.0,122.0,32.0,0.0,5.0,55.0,17.0,79.0,15.0,85.0,79.0,53.0,186.0,85.39791130696148,0.0,0.0,833.3979113069614,17,031,821900,5,170318219005
5.0,105.0,13.0,63.0,4.0,99.0,2.0,8.0,24.0,51.0,47.0,342.0,27.0,89.0,0.0,0.0,879.0,17,031,822000,1,170318220001
0.0,6.0,75.0,0.0,38.0,83.0,49.0,12.0,0.0,45.0,80.0,16.0,29.0,84.0,0.0,0.0,517.0,17,031,822000,2,170318220002
108.0,79.0,88.0,26.0,47.0,61.0,25.0,13.0,3.0,121.0,46.0,237.0,45.0,82.66318551160245,0.0,0.0,981.6631855116025,17,031,822000,3,170318220003
81.0,17.0,16.0,97.0,37.0,10.0,25.0,5.0,46.0,41.0,136.0,57.0,59.0,85.0,0.0,0.0,712.0,17,031,822000,4,170318220004
14.0,2.0,46.0,45.0,9.0,0.0,12.0,153.0,74.0,113.0,168.0,228.0,92.0,90.0,0.0,0.0,1046.0,17,031,822000,5,170318220005
45.0,2.0,20.0,117.0,136.0,78.0,36.0,122.0,4.0,164.0,91.0,85.0,73.0,121.1529225047858,0.0,0.0,1094.152922504786,17,031,822101,1,170318221011
34.0,55.0,0.0,5.0,55.0,96.0,2.0,40.0,2.0,194.0,89.0,312.0,124.0,103.26527420464097,0.0,0.0,1111.265274204641,17,031,822101,2,170318221012
32.0,71.0,3.0,83.0,2.0,17.0,1.0,29.0,50.0,13.0,7.0,276.0,69.0,92.0,0.0,0.0,745.0,17,031,822101,3,170318221013
0.0,0.0,7.0,3.0,31.0,12.0,40.0,51.0,17.0,4.0,305.0,247.0,96.0,109.14271965076117,0.0,0.0,922.1427196507611,17,031,822101,4,170318221014
26.0,6.0,36.0,71.0,205.0,67.0,5.0,30.0,16.0,2.0,1.0,351.0,229.0,97.81622832197226,0.0,0.0,1142.8162283219722,17,031,822102,1,170318221021
23.0,127.0,74.0,17.0,143.0,72.0,25.0,132.0,135.0,88.0,37.0,163.0,74.0,98.57123951979659,0.0,0.0,1208.5712395197966,17,031,822102,2,170318221022
13.0,25.0,42.0,62.0,3.0,79.0,38.0,83.0,4.0,19.0,69.0,354.0,198.0,93.0,0.0,0.0,1082.0,17,031,822102,3,170318221023
19.0,1.0,27.0,36.0,18.0,203.0,131.0,5.0,2.0,1.0,31.0,22.0,3.0,102.0,0.0,0.0,601.0,17,031,822102,4,170318221024
1.0,123.0,3.0,141.0,96.0,120.0,12.0,96.0,129.0,164.0,253.0,436.0,366.0,91.17332821283512,0.0,0.0,2031.173328212835,17,031,822200,1,170318222001
1.0,2.0,1.0,11.0,1.0,75.0,18.0,88.0,16.0,39.0,126.0,282.0,154.0,76.0,0.0,0.0,890.0,17,031,822200,2,170318222002
0.0,14.0,2.0,40.0,2.0,42.0,2.0,27.0,4.0,42.0,122.0,29.0,48.0,104.38770845293682,0.0,0.0,478.3877084529368,17,031,822200,3,170318222003
42.0,0.0,98.0,1.0,56.0,3.0,1.0,83.0,4.0,156.0,163.0,66.0,212.0,76.8060254679476,0.0,0.0,961.8060254679476,17,031,822301,1,170318223011
2.0,26.0,4.0,28.0,116.0,1.0,81.0,28.0,36.0,72.0,160.0,36.0,71.0,101.27547705866564,0.0,0.0,762.2754770586656,17,031,822301,2,170318223012
0.0,0.0,4.0,9.0,9.0,12.0,36.0,8.0,1.0,195.0,214.0,59.0,110.0,78.0,0.0,0.0,735.0,17,031,822301,3,170318223013
71.0,3.0,25.0,45.0,73.0,21.0,1.0,47.0,4.0,122.0,271.0,281.0,207.0,87.71407947614173,0.0,0.0,1258.7140794761417,17,031,822301,4,170318223014
44.0,134.0,107.0,29.0,60.0,33.0,40.0,6.0,29.0,19.0,170.0,123.0,103.0,94.85703973807087,0.0,0.0,991.8570397380709,17,031,822302,1,170318223021
13.0,48.0,25.0,45.0,0.0,1.0,91.0,44.0,15.0,43.0,66.0,131.0,41.0,83.74480834379969,0.0,0.0,646.7448083437997,17,031,822302,2,170318223022
65.0,0.0,4.0,41.0,130.0,10.0,8.0,115.0,78.0,13.0,179.0,191.0,177.0,96.3264913287889,0.0,0.0,1107.326491328789,17,031,822302,3,170318223023
155.0,5.0,0.0,8.0,7.0,51.0,9.0,2.0,31.0,46.0,140.0,246.0,82.0,69.0,0.0,0.0,851.0,17,031,822302,4,170318223024
32.0,37.0,100.0,16.0,84.0,16.0,1.0,1.0,110.0,162.0,82.0,83.0,155.0,103.77517629470567,0.0,0.0,982.7751762947057,17,031,822400,1,170318224001
169.0,233.0,342.0,67.0,252.0,62.0,30.0,56.0,11.0,110.0,97.0,95.0,232.0,120.21413962893374,0.0,0.0,1876.2141396289337,17,031,822400,2,170318224002
465.0,70.0,315.0,146.0,245.0,27.0,153.0,121.0,1.0,268.0,193.0,74.0,147.0,103.22434248295838,0.0,0.0,2328.2243424829585,17,031,822400,3,170318224003
18.0,0.0,10.0,2.0,4.0,6.0,3.0,1.0,50.0,200.0,20.0,39.0,51.0,100.03048825648997,0.0,0.0,504.03048825649,17,031,822400,4,170318224004
2.0,1.0,50.0,3.0,1.0,16.0,4.0,127.0,13.0,121.0,195.0,0.0,112.0,71.04057080493064,0.0,0.0,716.0405708049307,17,031,822500,1,170318225001
0.0,1.0,41.0,12.0,1.0,3.0,3.0,0.0,6.0,191.0,27.0,197.0,60.0,99.41831701501079,0.0,0.0,641.4183170150108,17,031,822500,2,170318225002
3.0,13.0,0.0,29.0,44.0,5.0,130.0,10.0,8.0,154.0,158.0,232.0,43.0,78.40811416098613,0.0,0.0,907.4081141609861,17,031,822500,3,170318225003
34.0,1.0,35.0,11.0,80.0,14.0,32.0,73.0,5.0,103.0,151.0,186.0,199.0,106.70399692770107,0.0,0.0,1030.7039969277012,17,031,822500,4,170318225004
55.0,1.0,9.0,158.0,80.0,120.0,87.0,16.0,17.0,136.0,187.0,142.0,271.0,121.99975938883203,0.0,0.0,1400.999759388832,17,031,822601,1,170318226011
9.0,53.0,5.0,165.0,97.0,78.0,102.0,56.0,88.0,163.0,226.0,118.0,201.0,90.38758814735283,0.0,0.0,1451.3875881473527,17,031,822601,2,170318226012
1.0,3.0,80.0,119.0,0.0,17.0,0.0,0.0,7.0,42.0,46.0,113.0,126.0,107.0,0.0,0.0,661.0,17,031,822601,3,170318226013
7.0,25.0,56.0,13.0,58.0,0.0,0.0,20.0,27.0,23.0,119.0,153.0,260.0,113.61193063031122,0.0,0.0,874.6119306303112,17,031,822602,1,170318226021
13.0,62.0,144.0,19.0,34.0,123.0,67.0,165.0,4.0,153.0,430.0,561.0,165.0,85.75465028107239,0.0,0.0,2025.7546502810724,17,031,822602,2,170318226022
210.0,236.0,442.0,0.0,77.0,213.0,159.0,244.0,142.0,357.0,168.0,262.0,87.0,73.96927113234206,0.0,0.0,2670.969271132342,17,031,822602,3,170318226023
130.0,119.0,195.0,101.0,26.0,168.0,4.0,25.0,5.0,92.0,166.0,117.0,6.0,84.21425993451771,0.0,0.0,1238.2142599345177,17,031,822701,1,170318227011
83.0,3.0,0.0,7.0,42.0,3.0,18.0,130.0,1.0,33.0,18.0,239.0,95.0,89.90793370261015,0.0,0.0,761.9079337026102,17,031,822701,2,170318227012
5.0,3.0,4.0,0.0,190.0,0.0,51.0,5.0,19.0,38.0,2.0,45.0,161.0,103.64277980355315,0.0,0.0,626.6427798035531,17,031,822701,3,170318227013
61.0,86.0,20.0,105.0,5.0,17.0,247.0,157.0,57.0,63.0,3.0,92.0,72.0,82.21425993451771,0.0,0.0,1067.2142599345177,17,031,822701,4,170318227014
180.0,56.0,90.0,111.0,243.0,68.0,24.0,167.0,27.0,8.0,151.0,152.0,188.0,82.57135982538058,0.0,0.0,1547.5713598253806,17,031,822702,1,170318227021
26.0,77.0,1.0,41.0,1.0,8.0,2.0,31.0,4.0,34.0,55.0,207.0,43.0,97.89785115416949,0.0,0.0,627.8978511541695,17,031,822702,2,170318227022
6.0,70.0,97.0,25.0,11.0,11.0,3.0,77.0,6.0,11.0,39.0,35.0,25.0,81.16324566439445,0.0,0.0,497.1632456643945,17,031,822702,3,170318227023
30.0,52.0,55.0,87.0,93.0,105.0,191.0,181.0,146.0,132.0,247.0,204.0,91.0,103.54063095772264,0.0,0.0,1717.5406309577227,17,031,822801,1,170318228011
20.0,5.0,25.0,93.0,8.0,21.0,13.0,49.0,160.0,113.0,127.0,121.0,225.0,85.84671657846224,0.0,0.0,1065.8467165784623,17,031,822801,2,170318228012
16.0,33.0,22.0,114.0,28.0,57.0,98.0,7.0,109.0,208.0,79.0,285.0,116.0,100.05089396453928,0.0,0.0,1272.0508939645392,17,031,822802,1,170318228021
8.0,13.0,51.0,68.0,2.0,35.0,11.0,34.0,10.0,87.0,44.0,159.0,157.0,102.0,0.0,0.0,781.0,17,031,822802,2,170318228022
4.0,9.0,2.0,3.0,81.0,8.0,2.0,90.0,122.0,57.0,33.0,146.0,189.0,106.85703973807087,0.0,0.0,852.8570397380709,17,031,822802,3,170318228023
124.0,12.0,181.0,93.0,63.0,70.0,19.0,126.0,54.0,150.0,301.0,383.0,147.0,97.6325769495285,0.0,0.0,1820.6325769495286,17,031,822900,1,170318229001
130.0,126.0,76.0,33.0,1.0,101.0,61.0,60.0,77.0,189.0,103.0,112.0,48.0,74.0,0.0,0.0,1191.0,17,031,823001,1,170318230011
48.0,5.0,111.0,0.0,75.0,137.0,135.0,49.0,89.0,59.0,68.0,76.0,20.0,96.0,0.0,0.0,968.0,17,031,823001,2,170318230012
2.0,58.0,28.0,22.0,73.0,5.0,3.0,23.0,18.0,223.0,38.0,276.0,243.0,87.0,0.0,0.0,1099.0,17,031,823001,3,170318230013
48.0,150.0,39.0,39.0,1.0,26.0,211.0,6.0,50.0,12.0,63.0,136.0,107.0,80.27535675308165,0.0,0.0,968.2753567530816,17,031,823001,4,170318230014
144.0,47.0,124.0,49.0,24.0,41.0,96.0,7.0,19.0,93.0,0.0,98.0,156.0,98.02028540246532,0.0,0.0,996.0202854024653,17,031,823001,5,170318230015
14.0,22.0,27.0,28.0,1.0,5.0,31.0,0.0,240.0,185.0,203.0,225.0,115.0,102.0,0.0,0.0,1198.0,17,031,823002,1,170318230021
151.0,0.0,2.0,2.0,79.0,2.0,4.0,91.0,2.0,94.0,171.0,219.0,15.0,74.0,0.0,0.0,906.0,17,031,823002,2,170318230022
80.0,80.0,16.0,338.0,86.0,37.0,29.0,334.0,374.0,73.0,222.0,1.0,239.0,88.0,0.0,0.0,1997.0,17,031,823002,3,170318230023
3.0,1.0,89.0,56.0,69.0,102.0,0.0,3.0,225.0,86.0,143.0,249.0,319.0,80.9590682783174,0.0,0.0,1425.9590682783173,17,031,823002,4,170318230024
118.0,7.0,110.0,19.0,2.0,1.0,35.0,117.0,96.0,36.0,30.0,72.0,76.0,96.61217124147919,0.0,0.0,815.6121712414792,17,031,823101,1,170318231011
60.0,0.0,5.0,25.0,18.0,9.0,52.0,9.0,93.0,55.0,116.0,135.0,67.0,113.38770845293682,0.0,0.0,757.3877084529369,17,031,823101,2,170318231012
4.0,11.0,64.0,63.0,17.0,5.0,0.0,45.0,8.0,11.0,34.0,74.0,70.0,100.6325769495285,0.0,0.0,506.6325769495285,17,031,823101,3,170318231013
12.0,3.0,45.0,160.0,53.0,11.0,77.0,57.0,1.0,19.0,2.0,151.0,66.0,100.27547705866564,0.0,0.0,757.2754770586656,17,031,823101,4,170318231014
6.0,1.0,3.0,39.0,12.0,148.0,5.0,3.0,133.0,42.0,58.0,276.0,221.0,91.57135982538058,0.0,0.0,1038.5713598253806,17,031,823101,5,170318231015
56.0,139.0,168.0,217.0,28.0,104.0,158.0,47.0,45.0,94.0,269.0,237.0,138.0,104.81622832197226,0.0,0.0,1804.8162283219722,17,031,823102,1,170318231021
13.0,51.0,188.0,42.0,51.0,56.0,25.0,13.0,108.0,200.0,160.0,196.0,191.0,101.55095411733127,0.0,0.0,1395.5509541173312,17,031,823102,2,170318231022
19.0,3.0,99.0,91.0,5.0,175.0,155.0,62.0,40.0,159.0,198.0,354.0,339.0,107.17332821283512,0.0,0.0,1806.173328212835,17,031,823200,1,170318232001
31.0,111.0,31.0,254.0,100.0,52.0,128.0,13.0,124.0,175.0,290.0,368.0,206.0,117.9894362292234,0.0,0.0,2000.9894362292234,17,031,823200,2,170318232002
217.0,37.0,140.0,1.0,15.0,30.0,36.0,12.0,23.0,157.0,172.0,376.0,242.0,98.98955653480738,0.0,0.0,1556.9895565348074,17,031,823302,1,170318233021
2.0,32.0,28.0,218.0,1.0,76.0,165.0,160.0,162.0,439.0,268.0,534.0,307.0,112.57123951979659,0.0,0.0,2504.5712395197966,17,031,823302,2,170318233022
36.0,41.0,157.0,249.0,205.0,198.0,25.0,57.0,58.0,117.0,58.0,143.0,58.0,96.67326806004313,0.0,0.0,1498.673268060043,17,031,823302,3,170318233023
133.0,4.0,6.0,66.0,9.0,116.0,3.0,53.0,45.0,26.0,212.0,48.0,1.0,97.4387227230601,0.0,0.0,819.4387227230601,17,031,823303,1,170318233031
170.0,3.0,2.0,58.0,40.0,234.0,6.0,12.0,6.0,59.0,39.0,171.0,187.0,95.02028540246532,0.0,0.0,1082.0202854024653,17,031,823303,2,170318233032
60.0,1.0,10.0,134.0,19.0,39.0,93.0,0.0,4.0,53.0,3.0,12.0,107.0,80.21425993451771,0.0,0.0,615.2142599345177,17,031,823303,3,170318233033
3.0,16.0,1.0,72.0,17.0,127.0,41.0,0.0,69.0,34.0,177.0,176.0,136.0,76.4795341391587,0.0,0.0,945.4795341391587,17,031,823303,4,170318233034
88.0,38.0,26.0,118.0,25.0,15.0,4.0,6.0,0.0,38.0,120.0,102.0,69.0,94.48973699318336,0.0,0.0,743.4897369931833,17,031,823303,5,170318233035
4.0,39.0,60.0,72.0,72.0,5.0,30.0,25.0,1.0,107.0,42.0,27.0,14.0,94.35709989086286,0.0,0.0,592.3570998908629,17,031,823304,1,170318233041
7.0,2.0,6.0,9.0,5.0,35.0,36.0,0.0,43.0,94.0,67.0,166.0,76.0,102.3060856207396,0.0,0.0,648.3060856207396,17,031,823304,2,170318233042
50.0,54.0,58.0,81.0,15.0,34.0,10.0,28.0,71.0,41.0,0.0,21.0,11.0,83.0,0.0,0.0,557.0,17,031,823304,3,170318233043
17.0,67.0,45.0,26.0,117.0,28.0,153.0,317.0,33.0,67.0,188.0,95.0,130.0,96.0,0.0,0.0,1379.0,17,031,823304,4,170318233044
1.0,0.0,39.0,139.0,314.0,3.0,131.0,5.0,0.0,284.0,17.0,114.0,105.0,84.56115697135593,0.0,0.0,1236.561156971356,17,031,823304,5,170318233045
70.0,2.0,128.0,32.0,41.0,149.0,0.0,77.0,32.0,56.0,171.0,141.0,69.0,86.73460548977503,0.0,0.0,1054.734605489775,17,031,823304,6,170318233046
227.0,1.0,7.0,1.0,89.0,2.0,4.0,48.0,2.0,9.0,467.0,161.0,131.0,77.0,0.0,0.0,1226.0,17,031,823400,1,170318234001
63.0,78.0,142.0,0.0,103.0,136.0,86.0,47.0,124.0,107.0,30.0,68.0,65.0,113.1938542264684,0.0,0.0,1162.1938542264684,17,031,823400,2,170318234002
2.0,0.0,107.0,254.0,106.0,27.0,0.0,18.0,7.0,5.0,70.0,48.0,13.0,86.31628847476425,0.0,0.0,743.3162884747643,17,031,823400,3,170318234003
72.0,88.0,27.0,193.0,73.0,121.0,7.0,13.0,90.0,215.0,116.0,130.0,210.0,92.86724259209552,0.0,0.0,1447.8672425920956,17,031,823400,4,170318234004
33.0,10.0,142.0,48.0,0.0,22.0,70.0,49.0,13.0,240.0,190.0,160.0,94.0,96.75501119782433,0.0,0.0,1167.7550111978244,17,031,823500,1,170318235001
75.0,146.0,48.0,52.0,133.0,124.0,95.0,55.0,208.0,48.0,147.0,185.0,49.0,81.0,0.0,0.0,1446.0,17,031,823500,2,170318235002
4.0,83.0,1.0,30.0,66.0,25.0,226.0,164.0,6.0,77.0,159.0,248.0,147.0,88.74480834379969,0.0,0.0,1324.7448083437996,17,031,823500,3,170318235003
16.0,38.0,2.0,3.0,0.0,3.0,55.0,4.0,4.0,70.0,76.0,41.0,97.0,98.27547705866564,0.0,0.0,507.2754770586656,17,031,823500,4,170318235004
65.0,0.0,121.0,152.0,9.0,124.0,99.0,168.0,0.0,81.0,41.0,194.0,116.0,99.4387227230601,0.0,0.0,1269.43872272306,17,031,823602,1,170318236021
5.0,44.0,1.0,127.0,20.0,33.0,2.0,1.0,22.0,193.0,309.0,113.0,45.0,102.51002239564868,0.0,0.0,1017.5100223956488,17,031,823602,2,170318236022
2.0,75.0,153.0,105.0,10.0,96.0,0.0,71.0,38.0,261.0,255.0,400.0,123.0,85.06109681856393,0.0,0.0,1674.061096818564,17,031,823602,3,170318236023
2.0,55.0,1.0,29.0,105.0,78.0,80.0,0.0,36.0,50.0,111.0,207.0,83.0,89.38758814735283,0.0,0.0,926.3875881473529,17,031,823602,4,170318236024
170.0,64.0,188.0,67.0,68.0,191.0,62.0,33.0,4.0,47.0,114.0,58.0,32.0,81.1530428103698,0.0,0.0,1179.1530428103697,17,031,823603,1,170318236031
177.0,0.0,5.0,21.0,27.0,5.0,30.0,203.0,17.0,157.0,89.0,83.0,34.0,90.51014270123267,0.0,0.0,938.5101427012327,17,031,823603,2,170318236032
0.0,31.0,1.0,1.0,22.0,42.0,8.0,7.0,31.0,30.0,45.0,140.0,59.0,89.0,0.0,0.0,506.0,17,031,823604,1,170318236041
1.0,0.0,7.0,12.0,87.0,105.0,13.0,96.0,13.0,71.0,44.0,185.0,187.0,80.0,0.0,0.0,901.0,17,031,823604,2,170318236042
57.0,29.0,54.0,1.0,7.0,42.0,42.0,16.0,70.0,160.0,144.0,305.0,162.0,120.13239649115252,0.0,0.0,1209.1323964911526,17,031,823604,3,170318236043
6.0,31.0,3.0,10.0,12.0,50.0,37.0,0.0,3.0,181.0,202.0,134.0,298.0,92.52010494408934,0.0,0.0,1059.5201049440893,17,031,823605,1,170318236051
1.0,5.0,80.0,54.0,48.0,125.0,2.0,88.0,45.0,74.0,34.0,160.0,130.0,84.28555960710631,0.0,0.0,930.2855596071063,17,031,823605,2,170318236052
128.0,71.0,20.0,117.0,0.0,10.0,3.0,6.0,6.0,95.0,111.0,134.0,74.0,88.0,0.0,0.0,863.0,17,031,823605,3,170318236053
6.0,88.0,73.0,25.0,91.0,213.0,206.0,122.0,0.0,320.0,83.0,2.0,214.0,100.22446278854237,0.0,0.0,1543.2244627885423,17,031,823702,1,170318237021
230.0,5.0,48.0,119.0,14.0,96.0,55.0,237.0,141.0,294.0,174.0,472.0,169.0,83.765214051849,0.0,0.0,2137.765214051849,17,031,823702,2,170318237022
6.0,22.0,151.0,175.0,51.0,80.0,117.0,113.0,86.0,60.0,189.0,63.0,217.0,95.765214051849,0.0,0.0,1425.765214051849,17,031,823702,3,170318237023
24.0,2.0,141.0,106.0,32.0,3.0,29.0,3.0,2.0,72.0,188.0,76.0,165.0,81.58156267940524,0.0,0.0,924.5815626794052,17,031,823702,4,170318237024
180.0,306.0,9.0,126.0,3.0,101.0,85.0,57.0,0.0,202.0,212.0,328.0,8.0,95.0,0.0,0.0,1712.0,17,031,823703,1,170318237031
0.0,19.0,38.0,35.0,18.0,152.0,5.0,91.0,5.0,153.0,259.0,278.0,233.0,104.0,0.0,0.0,1390.0,17,031,823703,2,170318237032
10.0,65.0,156.0,181.0,55.0,98.0,36.0,50.0,130.0,341.0,627.0,143.0,235.0,103.0,0.0,0.0,2230.0,17,031,823703,3,170318237033
265.0,140.0,127.0,144.0,26.0,207.0,63.0,69.0,83.0,104.0,124.0,266.0,26.0,100.0,0.0,0.0,1744.0,17,031,823703,4,170318237034
1.0,5.0,7.0,0.0,45.0,71.0,2.0,21.0,31.0,36.0,105.0,144.0,165.0,82.29588276671494,0.0,0.0,715.295882766715,17,031,823704,1,170318237041
5.0,85.0,6.0,16.0,168.0,2.0,1.0,139.0,112.0,107.0,139.0,324.0,358.0,98.9386625702681,0.0,0.0,1560.9386625702682,17,031,823704,2,170318237042
71.0,4.0,10.0,2.0,9.0,112.0,47.0,18.0,48.0,101.0,173.0,132.0,154.0,88.98967684039135,0.0,0.0,969.9896768403913,17,031,823704,3,170318237043
121.0,125.0,7.0,20.0,0.0,333.0,8.0,18.0,110.0,179.0,246.0,125.0,147.0,92.74480834379969,0.0,0.0,1531.7448083437996,17,031,823705,1,170318237051
0.0,82.0,2.0,3.0,5.0,6.0,6.0,2.0,163.0,85.0,23.0,113.0,173.0,87.71419978172572,0.0,0.0,750.7141997817257,17,031,823705,2,170318237052
118.0,134.0,18.0,1.0,37.0,64.0,59.0,29.0,0.0,39.0,30.0,99.0,10.0,94.0,0.0,0.0,732.0,17,031,823705,3,170318237053
25.0,51.0,84.0,61.0,51.0,195.0,46.0,113.0,46.0,107.0,136.0,77.0,198.0,87.0,0.0,0.0,1277.0,17,031,823705,4,170318237054
105.0,100.0,9.0,6.0,29.0,1.0,81.0,2.0,134.0,120.0,48.0,133.0,310.0,91.99963908324804,0.0,0.0,1169.999639083248,17,031,823801,1,170318238011
185.0,10.0,175.0,326.0,139.0,113.0,85.0,17.0,14.0,121.0,188.0,67.0,279.0,73.66318551160245,0.0,0.0,1792.6631855116025,17,031,823801,2,170318238012
11.0,1.0,20.0,3.0,29.0,21.0,9.0,24.0,146.0,24.0,117.0,115.0,89.0,94.0,0.0,0.0,703.0,17,031,823801,3,170318238013
118.0,147.0,30.0,38.0,20.0,23.0,96.0,268.0,42.0,162.0,202.0,432.0,284.0,85.36730274488752,0.0,0.0,1947.3673027448874,17,031,823803,1,170318238031
1.0,1.0,126.0,59.0,6.0,29.0,45.0,138.0,60.0,105.0,0.0,90.0,150.0,93.8264311759969,0.0,0.0,903.826431175997,17,031,823803,2,170318238032
19.0,78.0,240.0,51.0,57.0,9.0,96.0,20.0,107.0,486.0,103.0,248.0,187.0,113.765214051849,0.0,0.0,1814.765214051849,17,031,823803,3,170318238033
2.0,1.0,32.0,0.0,85.0,3.0,0.0,113.0,160.0,124.0,98.0,224.0,134.0,94.75501119782433,0.0,0.0,1070.7550111978244,17,031,823803,4,170318238034
47.0,43.0,3.0,126.0,47.0,3.0,43.0,11.0,24.0,90.0,73.0,160.0,164.0,111.40811416098613,0.0,0.0,945.4081141609861,17,031,823805,1,170318238051
1.0,5.0,38.0,18.0,46.0,3.0,30.0,37.0,33.0,168.0,130.0,105.0,91.0,89.0,0.0,0.0,794.0,17,031,823805,2,170318238052
19.0,35.0,35.0,139.0,3.0,64.0,36.0,60.0,22.0,122.0,110.0,117.0,106.0,93.26527420464097,0.0,0.0,961.265274204641,17,031,823805,3,170318238053
73.0,6.0,83.0,6.0,29.0,5.0,8.0,44.0,71.0,224.0,25.0,387.0,132.0,66.0,0.0,0.0,1159.0,17,031,823806,1,170318238061
14.0,4.0,39.0,41.0,75.0,7.0,1.0,67.0,83.0,54.0,128.0,65.0,58.0,96.11223139427119,0.0,0.0,732.1122313942711,17,031,823806,2,170318238062
44.0,4.0,1.0,27.0,1.0,5.0,26.0,53.0,10.0,171.0,197.0,28.0,21.0,100.13263710232049,0.0,0.0,688.1326371023205,17,031,823806,3,170318238063
112.0,66.0,1.0,107.0,19.0,37.0,7.0,20.0,69.0,84.0,105.0,58.0,108.0,94.0,0.0,0.0,887.0,17,031,823806,4,170318238064
1.0,8.0,8.0,24.0,64.0,48.0,85.0,159.0,65.0,49.0,236.0,320.0,371.0,94.87732514053619,0.0,0.0,1532.8773251405362,17,031,823901,1,170318239011
5.0,10.0,16.0,32.0,40.0,53.0,113.0,100.0,4.0,140.0,137.0,268.0,114.0,90.3060856207396,0.0,0.0,1122.3060856207396,17,031,823901,2,170318239012
44.0,7.0,9.0,26.0,10.0,8.0,84.0,33.0,5.0,68.0,94.0,47.0,112.0,89.79582261392295,0.0,0.0,636.795822613923,17,031,823903,1,170318239031
1.0,2.0,11.0,1.0,0.0,0.0,31.0,4.0,15.0,12.0,194.0,124.0,35.0,85.08150252661324,0.0,0.0,515.0815025266132,17,031,823903,2,170318239032
2.0,2.0,7.0,2.0,15.0,4.0,65.0,48.0,12.0,73.0,23.0,59.0,335.0,82.54063095772264,0.0,0.0,729.5406309577227,17,031,823903,3,170318239033
1.0,1.0,1.0,4.0,9.0,6.0,83.0,6.0,21.0,183.0,206.0,45.0,78.0,111.9590682783174,0.0,0.0,755.9590682783174,17,031,823903,4,170318239034
0.0,2.0,4.0,5.0,13.0,10.0,34.0,1.0,2.0,13.0,106.0,70.0,226.0,76.96927113234206,0.0,0.0,562.9692711323421,17,031,823904,1,170318239041
1.0,4.0,30.0,0.0,2.0,23.0,42.0,0.0,22.0,1.0,116.0,89.0,143.0,92.13239649115252,0.0,0.0,565.1323964911526,17,031,823904,2,170318239042
3.0,15.0,1.0,48.0,2.0,23.0,3.0,34.0,1.0,20.0,33.0,0.0,222.0,101.0,0.0,0.0,506.0,17,031,823904,3,170318239043
19.0,1.0,118.0,111.0,113.0,153.0,82.0,102.0,113.0,165.0,220.0,123.0,115.0,74.20393677490908,0.0,0.0,1509.2039367749092,17,031,823904,4,170318239044
6.0,76.0,3.0,2.0,400.0,138.0,74.0,11.0,78.0,123.0,455.0,519.0,373.0,98.65250143524187,0.0,0.0,2356.652501435242,17,031,824003,1,170318240031
5.0,25.0,0.0,23.0,2.0,14.0,89.0,6.0,16.0,84.0,150.0,287.0,125.0,72.66306520601847,0.0,0.0,898.6630652060185,17,031,824003,2,170318240032
32.0,5.0,0.0,33.0,42.0,0.0,3.0,2.0,2.0,4.0,0.0,612.0,260.0,94.62225378991985,0.0,0.0,1089.6222537899198,17,031,824003,3,170318240033
259.0,149.0,28.0,20.0,47.0,49.0,26.0,30.0,41.0,166.0,51.0,51.0,168.0,99.30560439840366,0.0,0.0,1184.3056043984036,17,031,824004,1,170318240041
11.0,0.0,142.0,197.0,141.0,3.0,1.0,2.0,1.0,33.0,545.0,27.0,158.0,95.04069111051463,0.0,0.0,1356.0406911105147,17,031,824004,2,170318240042
126.0,4.0,40.0,123.0,281.0,0.0,29.0,2.0,9.0,4.0,31.0,0.0,112.0,110.0,0.0,0.0,871.0,17,031,824004,3,170318240043
49.0,0.0,15.0,50.0,77.0,49.0,28.0,128.0,37.0,198.0,88.0,244.0,198.0,70.54063095772264,0.0,0.0,1231.5406309577227,17,031,824005,1,170318240051
12.0,75.0,8.0,45.0,5.0,62.0,43.0,0.0,2.0,200.0,201.0,431.0,172.0,103.19349330971646,0.0,0.0,1359.1934933097164,17,031,824005,2,170318240052
8.0,21.0,51.0,0.0,16.0,0.0,83.0,140.0,0.0,11.0,94.0,493.0,119.0,92.0506533533713,0.0,0.0,1128.0506533533712,17,031,824005,3,170318240053
77.0,1.0,132.0,2.0,0.0,36.0,55.0,39.0,5.0,95.0,138.0,209.0,166.0,92.5507135061633,0.0,0.0,1047.5507135061632,17,031,824006,1,170318240061
2.0,2.0,0.0,1.0,25.0,0.0,57.0,0.0,70.0,432.0,163.0,274.0,437.0,78.95882766714944,0.0,0.0,1541.9588276671495,17,031,824006,2,170318240062
125.0,105.0,93.0,0.0,4.0,76.0,3.0,31.0,61.0,79.0,342.0,357.0,298.0,79.31604786359628,0.0,0.0,1653.3160478635962,17,031,824105,1,170318241051
123.0,11.0,89.0,91.0,3.0,52.0,1.0,152.0,5.0,308.0,241.0,643.0,672.0,105.9894362292234,0.0,0.0,2496.9894362292234,17,031,824105,2,170318241052
3.0,5.0,0.0,4.0,5.0,1.0,64.0,16.0,28.0,22.0,4.0,162.0,328.0,106.31628847476425,0.0,0.0,748.3162884747643,17,031,824105,3,170318241053
4.0,1.0,1.0,6.0,230.0,55.0,2.0,15.0,24.0,0.0,124.0,359.0,281.0,99.14259934517717,0.0,0.0,1201.1425993451771,17,031,824106,1,170318241061
15.0,136.0,143.0,119.0,102.0,41.0,51.0,26.0,100.0,340.0,376.0,255.0,314.0,97.68335060848379,0.0,0.0,2115.6833506084836,17,031,824106,2,170318241062
0.0,1.0,4.0,84.0,69.0,23.0,220.0,164.0,94.0,89.0,238.0,544.0,390.0,96.52010494408934,0.0,0.0,2016.5201049440893,17,031,824106,3,170318241063
20.0,2.0,24.0,36.0,27.0,23.0,12.0,27.0,3.0,3.0,27.0,203.0,71.0,84.21425993451771,0.0,0.0,562.2142599345177,17,031,824107,1,170318241071
3.0,0.0,1.0,4.0,2.0,16.0,39.0,31.0,0.0,34.0,264.0,228.0,272.0,115.7854994543143,0.0,0.0,1009.7854994543143,17,031,824107,2,170318241072
13.0,145.0,180.0,184.0,25.0,158.0,122.0,57.0,14.0,102.0,121.0,293.0,325.0,95.12231394271186,0.0,0.0,1834.1223139427118,17,031,824107,3,170318241073
114.0,88.0,0.0,137.0,2.0,139.0,19.0,64.0,64.0,197.0,75.0,426.0,318.0,92.86724259209552,0.0,0.0,1735.8672425920956,17,031,824107,4,170318241074
212.0,30.0,423.0,82.0,82.0,44.0,243.0,166.0,106.0,53.0,468.0,245.0,159.0,90.58132206823726,0.0,0.0,2403.581322068237,17,031,824108,1,170318241081
12.0,31.0,0.0,96.0,54.0,89.0,72.0,47.0,273.0,205.0,77.0,546.0,399.0,116.27511614191368,0.0,0.0,2017.2751161419137,17,031,824108,2,170318241082
35.0,1.0,5.0,166.0,4.0,95.0,65.0,123.0,4.0,135.0,31.0,386.0,236.0,92.36682152255158,0.0,0.0,1378.3668215225516,17,031,824108,3,170318241083
29.0,76.0,2.0,0.0,0.0,1.0,49.0,90.0,7.0,48.0,191.0,214.0,193.0,82.0,0.0,0.0,982.0,17,031,824113,1,170318241131
129.0,2.0,28.0,129.0,1.0,0.0,25.0,69.0,30.0,146.0,63.0,255.0,157.0,100.53042810369799,0.0,0.0,1134.530428103698,17,031,824113,2,170318241132
34.0,0.0,129.0,45.0,75.0,82.0,145.0,262.0,161.0,0.0,308.0,522.0,432.0,113.09122415830196,0.0,0.0,2308.091224158302,17,031,824113,3,170318241133
22.0,5.0,40.0,12.0,115.0,10.0,55.0,140.0,198.0,308.0,103.0,426.0,309.0,92.60160747070259,0.0,0.0,1835.6016074707027,17,031,824114,1,170318241141
2.0,2.0,0.0,130.0,19.0,13.0,0.0,147.0,59.0,94.0,192.0,206.0,190.0,75.39791130696148,0.0,0.0,1129.3979113069615,17,031,824114,2,170318241142
1.0,15.0,33.0,6.0,30.0,87.0,0.0,5.0,48.0,36.0,303.0,240.0,235.0,104.05089396453928,0.0,0.0,1143.0508939645392,17,031,824115,1,170318241151
2.0,4.0,85.0,107.0,115.0,187.0,43.0,49.0,95.0,99.0,217.0,223.0,244.0,98.2242221773744,0.0,0.0,1568.2242221773745,17,031,824115,2,170318241152
21.0,3.0,11.0,26.0,1.0,25.0,60.0,78.0,257.0,81.0,8.0,185.0,217.0,97.94886542429275,0.0,0.0,1070.9488654242928,17,031,824116,1,170318241161
20.0,1.0,15.0,4.0,36.0,7.0,36.0,1.0,1.0,84.0,70.0,23.0,56.0,83.53054840928196,0.0,0.0,437.53054840928195,17,031,824116,2,170318241162
82.0,2.0,107.0,54.0,105.0,174.0,249.0,134.0,181.0,55.0,81.0,626.0,18.0,87.26527420464097,0.0,0.0,1955.265274204641,17,031,824116,3,170318241163
5.0,18.0,93.0,17.0,11.0,35.0,40.0,182.0,50.0,60.0,39.0,36.0,155.0,105.46933128513405,0.0,0.0,846.4693312851341,17,031,824116,4,170318241164
4.0,2.0,22.0,28.0,2.0,23.0,3.0,0.0,29.0,101.0,332.0,331.0,488.0,110.38770845293682,0.0,0.0,1475.3877084529367,17,031,824117,1,170318241171
28.0,46.0,5.0,1.0,0.0,45.0,36.0,6.0,3.0,116.0,684.0,656.0,734.0,100.71395917055776,0.0,0.0,2460.7139591705577,17,031,824117,2,170318241172
1.0,89.0,7.0,81.0,75.0,23.0,62.0,101.0,56.0,16.0,169.0,362.0,383.0,92.76509374626501,0.0,0.0,1517.765093746265,17,031,824117,3,170318241173
29.0,35.0,1.0,7.0,17.0,25.0,5.0,134.0,1.0,208.0,148.0,111.0,131.0,89.39791130696148,0.0,0.0,941.3979113069614,17,031,824117,4,170318241174
4.0,0.0,0.0,0.0,4.0,91.0,5.0,76.0,3.0,189.0,91.0,173.0,346.0,87.39755039020952,0.0,0.0,1069.3975503902095,17,031,824119,1,170318241191
172.0,65.0,95.0,131.0,27.0,101.0,23.0,92.0,0.0,636.0,268.0,610.0,511.0,95.69379407367641,0.0,0.0,2826.6937940736766,17,031,824119,2,170318241192
3.0,147.0,21.0,14.0,77.0,65.0,26.0,89.0,101.0,152.0,125.0,161.0,429.0,83.52034555525731,0.0,0.0,1493.5203455552573,17,031,824120,1,170318241201
27.0,63.0,28.0,26.0,108.0,0.0,29.0,36.0,35.0,27.0,284.0,234.0,344.0,81.25495104503234,0.0,0.0,1322.2549510450324,17,031,824120,2,170318241202
1.0,1.0,20.0,135.0,139.0,160.0,102.0,151.0,14.0,67.0,271.0,159.0,131.0,86.0,0.0,0.0,1437.0,17,031,824120,3,170318241203
136.0,10.0,187.0,23.0,184.0,16.0,188.0,58.0,109.0,98.0,233.0,302.0,217.0,93.28555960710631,0.0,0.0,1854.2855596071063,17,031,824120,4,170318241204
10.0,13.0,1.0,9.0,7.0,21.0,50.0,3.0,28.0,147.0,303.0,330.0,213.0,90.25495104503234,0.0,0.0,1225.2549510450324,17,031,824121,1,170318241211
19.0,32.0,0.0,7.0,19.0,34.0,36.0,175.0,13.0,135.0,258.0,304.0,339.0,82.90805400819414,0.0,0.0,1453.908054008194,17,031,824121,2,170318241212
52.0,1.0,0.0,30.0,16.0,76.0,68.0,27.0,92.0,116.0,222.0,224.0,354.0,87.89785115416949,0.0,0.0,1365.8978511541695,17,031,824122,1,170318241221
3.0,6.0,2.0,149.0,224.0,162.0,119.0,19.0,7.0,272.0,232.0,442.0,407.0,87.6629449004345,0.0,0.0,2131.6629449004345,17,031,824122,2,170318241222
114.0,1.0,22.0,0.0,2.0,37.0,3.0,43.0,2.0,37.0,118.0,429.0,212.0,97.52010494408934,0.0,0.0,1117.5201049440893,17,031,824122,3,170318241223
15.0,1.0,20.0,0.0,130.0,6.0,1.0,8.0,39.0,57.0,209.0,213.0,248.0,110.10190823466255,0.0,0.0,1057.1019082346625,17,031,824123,1,170318241231
48.0,18.0,0.0,23.0,206.0,245.0,14.0,159.0,131.0,239.0,220.0,453.0,174.0,89.99987969441602,0.0,0.0,2019.999879694416,17,031,824123,2,170318241232
24.0,19.0,7.0,23.0,59.0,90.0,175.0,29.0,65.0,263.0,243.0,387.0,124.0,107.36706213371954,0.0,0.0,1615.3670621337196,17,031,824123,3,170318241233
106.0,15.0,185.0,28.0,73.0,0.0,94.0,5.0,1.0,37.0,190.0,188.0,103.0,86.59176553342988,0.0,0.0,1111.59176553343,17,031,824123,4,170318241234
1.0,4.0,5.0,19.0,61.0,0.0,5.0,0.0,19.0,0.0,89.0,318.0,510.0,83.34689703683821,0.0,0.0,1114.3468970368383,17,031,824123,5,170318241235
123.0,152.0,126.0,46.0,145.0,3.0,1.0,16.0,0.0,8.0,100.0,60.0,12.0,122.18341076127578,0.0,0.0,914.1834107612758,17,031,824300,1,170318243001
343.0,324.0,216.0,32.0,51.0,6.0,63.0,40.0,155.0,44.0,37.0,204.0,9.0,92.0,0.0,0.0,1616.0,17,031,824300,2,170318243002
207.0,220.0,130.0,263.0,104.0,2.0,3.0,8.0,14.0,85.0,53.0,144.0,36.0,91.0,0.0,0.0,1360.0,17,031,824300,3,170318243003
204.0,289.0,180.0,138.0,114.0,54.0,33.0,39.0,54.0,103.0,114.0,388.0,53.0,101.55095411733127,0.0,0.0,1864.5509541173312,17,031,824400,1,170318244001
5.0,2.0,90.0,42.0,1.0,12.0,6.0,20.0,3.0,112.0,77.0,145.0,32.0,85.25507135061633,0.0,0.0,632.2550713506163,17,031,824503,1,170318245031
202.0,4.0,93.0,3.0,78.0,70.0,75.0,35.0,90.0,191.0,186.0,200.0,130.0,100.20381646932509,0.0,0.0,1457.2038164693251,17,031,824503,2,170318245032
18.0,1.0,53.0,0.0,3.0,84.0,2.0,54.0,3.0,140.0,118.0,252.0,144.0,90.4387227230601,0.0,0.0,962.4387227230601,17,031,824503,3,170318245033
6.0,0.0,88.0,88.0,6.0,2.0,79.0,25.0,5.0,134.0,200.0,82.0,238.0,106.36706213371954,0.0,0.0,1059.3670621337196,17,031,824503,4,170318245034
61.0,16.0,7.0,58.0,37.0,8.0,82.0,39.0,88.0,32.0,330.0,74.0,104.0,83.75501119782433,0.0,0.0,1019.7550111978244,17,031,824503,5,170318245035
84.0,208.0,61.0,131.0,248.0,30.0,217.0,263.0,29.0,452.0,265.0,625.0,306.0,80.82631087041293,0.0,0.0,2999.8263108704127,17,031,824505,1,170318245051
96.0,4.0,5.0,68.0,1.0,3.0,2.0,67.0,1.0,153.0,24.0,212.0,291.0,70.4181967094268,0.0,0.0,997.4181967094268,17,031,824505,2,170318245052
9.0,3.0,4.0,22.0,178.0,217.0,9.0,56.0,3.0,165.0,110.0,661.0,208.0,105.50978178448071,0.0,0.0,1750.5097817844808,17,031,824505,3,170318245053
0.0,24.0,3.0,34.0,31.0,3.0,2.0,5.0,1.0,161.0,2.0,146.0,63.0,105.0,0.0,0.0,580.0,17,031,824506,1,170318245061
6.0,3.0,2.0,16.0,1.0,3.0,0.0,233.0,43.0,221.0,76.0,136.0,89.0,96.10190823466255,0.0,0.0,925.1019082346626,17,031,824506,2,170318245062
18.0,4.0,105.0,125.0,2.0,94.0,17.0,71.0,36.0,123.0,89.0,309.0,358.0,96.71419978172572,0.0,0.0,1447.7141997817257,17,031,824506,3,170318245063
26.0,18.0,134.0,58.0,35.0,256.0,24.0,50.0,7.0,59.0,140.0,251.0,328.0,79.31616816918026,0.0,0.0,1465.3161681691802,17,031,824506,4,170318245064
9.0,32.0,0.0,22.0,3.0,1.0,2.0,19.0,156.0,28.0,349.0,447.0,660.0,98.74420681587975,0.0,0.0,1826.7442068158798,17,031,824506,5,170318245065
160.0,240.0,195.0,64.0,64.0,92.0,63.0,105.0,51.0,138.0,127.0,109.0,123.0,104.90793370261015,0.0,0.0,1635.90793370261,17,031,824507,1,170318245071
80.0,1.0,35.0,4.0,12.0,164.0,82.0,2.0,156.0,83.0,164.0,439.0,376.0,107.10142701232661,0.0,0.0,1705.1014270123267,17,031,824507,2,170318245072
2.0,2.0,2.0,87.0,4.0,27.0,3.0,9.0,1.0,14.0,285.0,253.0,36.0,102.02016509688133,0.0,0.0,827.0201650968813,17,031,824601,1,170318246011
30.0,4.0,4.0,14.0,5.0,4.0,73.0,39.0,14.0,120.0,166.0,131.0,51.0,86.65298265757781,0.0,0.0,741.6529826575778,17,031,824601,2,170318246012
5.0,16.0,17.0,0.0,5.0,22.0,23.0,29.0,20.0,48.0,198.0,180.0,204.0,85.65298265757781,0.0,0.0,852.6529826575778,17,031,824601,3,170318246013
135.0,1.0,95.0,13.0,198.0,3.0,91.0,126.0,33.0,127.0,148.0,348.0,265.0,87.87744544612018,0.0,0.0,1670.8774454461202,17,031,824601,4,170318246014
1.0,22.0,4.0,6.0,82.0,34.0,98.0,33.0,186.0,32.0,1.0,194.0,190.0,84.49957893045605,0.0,0.0,967.4995789304561,17,031,824602,1,170318246021
232.0,31.0,5.0,59.0,109.0,121.0,57.0,1.0,116.0,168.0,85.0,197.0,202.0,94.94886542429275,0.0,0.0,1477.9488654242928,17,031,824602,2,170318246022
126.0,0.0,41.0,89.0,67.0,62.0,1.0,34.0,1.0,526.0,376.0,150.0,141.0,86.89785115416949,0.0,0.0,1700.8978511541695,17,031,824602,3,170318246023
1.0,2.0,61.0,28.0,0.0,26.0,4.0,5.0,41.0,116.0,23.0,189.0,177.0,97.0,0.0,0.0,770.0,17,031,824602,4,170318246024
34.0,71.0,23.0,14.0,59.0,2.0,0.0,8.0,2.0,169.0,67.0,46.0,113.0,85.39791130696148,0.0,0.0,693.3979113069614,17,031,824602,5,170318246025
33.0,3.0,50.0,39.0,78.0,184.0,158.0,125.0,28.0,129.0,121.0,529.0,155.0,95.0,0.0,0.0,1727.0,17,031,824701,1,170318247011
3.0,3.0,3.0,0.0,124.0,16.0,9.0,86.0,137.0,37.0,80.0,177.0,244.0,112.10190823466255,0.0,0.0,1031.1019082346625,17,031,824701,2,170318247012
200.0,0.0,2.0,145.0,6.0,1.0,105.0,2.0,116.0,13.0,163.0,69.0,22.0,98.22446278854237,0.0,0.0,942.2244627885424,17,031,824701,3,170318247013
131.0,7.0,40.0,33.0,17.0,7.0,103.0,99.0,5.0,53.0,142.0,132.0,164.0,100.0,0.0,0.0,1033.0,17,031,824702,1,170318247021
144.0,119.0,44.0,97.0,23.0,116.0,21.0,63.0,234.0,62.0,176.0,604.0,12.0,91.71419978172572,0.0,0.0,1806.7141997817257,17,031,824702,2,170318247022
9.0,71.0,133.0,19.0,29.0,128.0,181.0,177.0,52.0,143.0,315.0,578.0,334.0,96.92845971624344,0.0,0.0,2265.9284597162437,17,031,824702,3,170318247023
95.0,49.0,262.0,216.0,0.0,313.0,106.0,55.0,1.0,248.0,290.0,189.0,56.0,89.67338836562712,0.0,0.0,1969.673388365627,17,031,824800,1,170318248001
242.0,79.0,25.0,148.0,262.0,2.0,1.0,63.0,32.0,709.0,209.0,58.0,138.0,78.58156267940524,0.0,0.0,2046.5815626794051,17,031,824800,2,170318248002
412.0,1.0,115.0,283.0,38.0,1.0,497.0,55.0,3.0,268.0,101.0,6.0,7.0,89.65298265757781,0.0,0.0,1876.6529826575777,17,031,824800,3,170318248003
141.0,3.0,72.0,0.0,173.0,184.0,176.0,184.0,73.0,70.0,31.0,240.0,48.0,84.0,0.0,0.0,1479.0,17,031,824800,4,170318248004
86.0,82.0,129.0,10.0,41.0,49.0,101.0,67.0,16.0,55.0,215.0,148.0,161.0,94.0,0.0,0.0,1254.0,17,031,824900,1,170318249001
446.0,92.0,29.0,30.0,180.0,118.0,4.0,32.0,88.0,39.0,170.0,145.0,200.0,74.72440263575038,0.0,0.0,1647.7244026357503,17,031,824900,2,170318249002
248.0,38.0,170.0,127.0,36.0,71.0,22.0,20.0,169.0,60.0,77.0,358.0,261.0,96.01008254844066,0.0,0.0,1753.0100825484408,17,031,825000,1,170318250001
157.0,38.0,80.0,2.0,57.0,5.0,0.0,36.0,13.0,46.0,145.0,52.0,61.0,81.0,0.0,0.0,773.0,17,031,825000,2,170318250002
7.0,2.0,15.0,4.0,89.0,154.0,151.0,34.0,11.0,129.0,203.0,412.0,285.0,97.51014270123267,0.0,0.0,1593.5101427012326,17,031,825000,3,170318250003
76.0,0.0,13.0,47.0,2.0,0.0,18.0,0.0,19.0,35.0,53.0,78.0,104.0,84.1938542264684,0.0,0.0,529.1938542264684,17,031,825200,1,170318252001
0.0,34.0,36.0,25.0,6.0,6.0,83.0,96.0,39.0,93.0,33.0,162.0,330.0,96.02028540246532,0.0,0.0,1039.0202854024653,17,031,825200,2,170318252002
17.0,0.0,23.0,111.0,31.0,2.0,15.0,31.0,145.0,183.0,326.0,227.0,200.0,81.42851986903543,0.0,0.0,1392.4285198690354,17,031,825302,1,170318253021
3.0,125.0,111.0,18.0,2.0,115.0,33.0,233.0,89.0,219.0,39.0,157.0,168.0,99.47941383357471,0.0,0.0,1411.4794138335747,17,031,825302,2,170318253022
28.0,97.0,31.0,1.0,18.0,106.0,204.0,79.0,38.0,130.0,276.0,251.0,328.0,97.96903052117409,0.0,0.0,1684.969030521174,17,031,825302,3,170318253023
257.0,48.0,138.0,55.0,50.0,12.0,259.0,142.0,48.0,57.0,184.0,275.0,37.0,87.51014270123267,0.0,0.0,1649.5101427012326,17,031,825303,1,170318253031
9.0,7.0,0.0,33.0,17.0,0.0,4.0,6.0,52.0,26.0,83.0,339.0,81.0,77.39791130696148,0.0,0.0,734.3979113069614,17,031,825303,2,170318253032
6.0,8.0,6.0,30.0,29.0,0.0,77.0,3.0,3.0,0.0,8.0,210.0,57.0,102.0,0.0,0.0,539.0,17,031,825303,3,170318253033
10.0,47.0,4.0,3.0,0.0,7.0,9.0,3.0,126.0,2.0,138.0,216.0,36.0,104.0,0.0,0.0,705.0,17,031,825303,4,170318253034
0.0,97.0,85.0,0.0,17.0,44.0,54.0,63.0,4.0,142.0,275.0,209.0,187.0,98.67326806004313,0.0,0.0,1275.673268060043,17,031,825304,1,170318253041
46.0,23.0,1.0,3.0,117.0,112.0,12.0,99.0,38.0,100.0,380.0,348.0,341.0,77.08126191544527,0.0,0.0,1697.0812619154453,17,031,825304,2,170318253042
8.0,1.0,118.0,94.0,0.0,12.0,3.0,0.0,31.0,24.0,345.0,162.0,280.0,98.72404171899842,0.0,0.0,1176.7240417189985,17,031,825400,1,170318254001
23.0,41.0,103.0,187.0,2.0,32.0,36.0,140.0,68.0,418.0,271.0,384.0,124.0,121.22446278854237,0.0,0.0,1950.2244627885423,17,031,825400,2,170318254002
62.0,86.0,11.0,59.0,0.0,71.0,86.0,24.0,52.0,157.0,114.0,251.0,131.0,107.31616816918026,0.0,0.0,1211.3161681691802,17,031,825400,3,170318254003
33.0,65.0,99.0,59.0,17.0,22.0,50.0,74.0,6.0,43.0,37.0,3.0,24.0,120.26527420464097,0.0,0.0,652.265274204641,17,031,825501,1,170318255011
4.0,268.0,149.0,106.0,23.0,140.0,192.0,16.0,175.0,320.0,144.0,456.0,144.0,104.69379407367641,0.0,0.0,2241.6937940736766,17,031,825501,2,170318255012
142.0,97.0,182.0,78.0,148.0,120.0,116.0,200.0,5.0,27.0,382.0,507.0,38.0,96.72416202458241,0.0,0.0,2138.7241620245823,17,031,825501,3,170318255013
1.0,52.0,0.0,6.0,0.0,43.0,1.0,1.0,1.0,63.0,29.0,106.0,17.0,96.0,0.0,0.0,416.0,17,031,825503,1,170318255031
213.0,50.0,98.0,3.0,220.0,50.0,2.0,1.0,1.0,178.0,1.0,59.0,5.0,111.0,0.0,0.0,992.0,17,031,825503,2,170318255032
178.0,5.0,38.0,3.0,33.0,34.0,2.0,14.0,108.0,164.0,75.0,157.0,52.0,75.46921097955007,0.0,0.0,938.4692109795501,17,031,825503,3,170318255033
132.0,211.0,93.0,123.0,2.0,126.0,220.0,2.0,107.0,118.0,398.0,333.0,242.0,108.66318551160245,0.0,0.0,2215.6631855116025,17,031,825503,4,170318255034
4.0,2.0,2.0,1.0,263.0,30.0,99.0,100.0,1.0,174.0,414.0,185.0,39.0,98.20357585815712,0.0,0.0,1412.2035758581571,17,031,825503,5,170318255035
205.0,21.0,28.0,14.0,25.0,169.0,1.0,127.0,124.0,250.0,370.0,47.0,364.0,101.28567991269028,0.0,0.0,1846.2856799126903,17,031,825504,1,170318255041
116.0,65.0,0.0,90.0,137.0,57.0,69.0,153.0,25.0,96.0,100.0,237.0,136.0,105.0,0.0,0.0,1386.0,17,031,825504,2,170318255042
178.0,4.0,198.0,104.0,1.0,75.0,34.0,18.0,3.0,242.0,76.0,162.0,112.0,91.69379407367641,0.0,0.0,1298.6937940736764,17,031,825505,1,170318255051
3.0,26.0,21.0,33.0,3.0,0.0,2.0,234.0,121.0,87.0,174.0,65.0,155.0,92.48949638201537,0.0,0.0,1016.4894963820154,17,031,825505,2,170318255052
0.0,1.0,4.0,12.0,20.0,21.0,2.0,61.0,49.0,90.0,287.0,90.0,42.0,81.20405708049307,0.0,0.0,760.204057080493,17,031,825505,3,170318255053
183.0,4.0,68.0,86.0,177.0,6.0,58.0,135.0,9.0,63.0,350.0,142.0,23.0,98.3060856207396,0.0,0.0,1402.3060856207396,17,031,825505,4,170318255054
245.0,60.0,65.0,15.0,135.0,50.0,62.0,30.0,0.0,223.0,55.0,17.0,43.0,93.0,0.0,0.0,1093.0,17,031,825600,1,170318256001
268.0,167.0,148.0,57.0,156.0,100.0,310.0,113.0,7.0,166.0,206.0,216.0,56.0,100.45912843110939,0.0,0.0,2070.4591284311095,17,031,825600,2,170318256002
189.0,117.0,8.0,133.0,4.0,31.0,78.0,23.0,23.0,67.0,342.0,100.0,74.0,90.05089396453928,0.0,0.0,1279.0508939645392,17,031,825600,3,170318256003
166.0,1.0,27.0,68.0,51.0,24.0,0.0,17.0,2.0,35.0,88.0,36.0,171.0,88.0,0.0,0.0,774.0,17,031,825600,4,170318256004
138.0,67.0,35.0,83.0,0.0,14.0,27.0,74.0,55.0,72.0,110.0,112.0,44.0,93.0,0.0,0.0,924.0,17,031,825700,1,170318257001
209.0,146.0,151.0,118.0,170.0,132.0,6.0,111.0,22.0,166.0,137.0,116.0,166.0,83.0,0.0,0.0,1733.0,17,031,825700,2,170318257002
147.0,28.0,58.0,49.0,0.0,126.0,0.0,13.0,63.0,92.0,52.0,163.0,66.0,92.64277980355315,0.0,0.0,949.6427798035531,17,031,825700,3,170318257003
143.0,82.0,171.0,81.0,4.0,7.0,5.0,8.0,0.0,6.0,102.0,16.0,22.0,73.0,0.0,0.0,720.0,17,031,825801,1,170318258011
157.0,99.0,4.0,83.0,30.0,148.0,49.0,197.0,85.0,197.0,225.0,299.0,7.0,95.23466564256702,0.0,0.0,1675.234665642567,17,031,825801,2,170318258012
323.0,61.0,49.0,89.0,97.0,5.0,66.0,17.0,87.0,12.0,32.0,111.0,86.0,95.0,0.0,0.0,1130.0,17,031,825801,3,170318258013
182.0,2.0,202.0,120.0,1.0,70.0,194.0,238.0,19.0,175.0,148.0,137.0,202.0,102.44892557708474,0.0,0.0,1792.4489255770848,17,031,825802,1,170318258021
43.0,49.0,54.0,93.0,27.0,38.0,192.0,72.0,23.0,194.0,84.0,114.0,16.0,108.0,0.0,0.0,1107.0,17,031,825802,2,170318258022
100.0,3.0,94.0,46.0,223.0,47.0,224.0,243.0,41.0,46.0,153.0,115.0,80.0,106.15280219920183,0.0,0.0,1521.152802199202,17,031,825802,3,170318258023
55.0,303.0,101.0,51.0,0.0,64.0,154.0,0.0,7.0,136.0,20.0,80.0,52.0,109.1938542264684,0.0,0.0,1132.1938542264684,17,031,825803,1,170318258031
5.0,0.0,13.0,0.0,6.0,3.0,0.0,13.0,7.0,70.0,109.0,94.0,65.0,104.0,0.0,0.0,489.0,17,031,825803,2,170318258032
104.0,22.0,9.0,46.0,164.0,4.0,1.0,2.0,79.0,0.0,128.0,219.0,81.0,101.26527420464097,0.0,0.0,960.265274204641,17,031,825803,3,170318258033
236.0,2.0,5.0,3.0,2.0,62.0,4.0,2.0,30.0,6.0,171.0,39.0,207.0,72.38758814735283,0.0,0.0,841.3875881473529,17,031,825803,4,170318258034
164.0,243.0,148.0,17.0,278.0,121.0,44.0,87.0,3.0,85.0,131.0,5.0,25.0,102.0,0.0,0.0,1453.0,17,031,825803,5,170318258035
200.0,113.0,116.0,88.0,146.0,236.0,63.0,147.0,61.0,4.0,188.0,28.0,30.0,98.0,0.0,0.0,1518.0,17,031,825900,1,170318259001
112.0,29.0,27.0,2.0,100.0,3.0,9.0,58.0,2.0,199.0,125.0,40.0,107.0,88.0,0.0,0.0,901.0,17,031,825900,2,170318259002
98.0,0.0,19.0,88.0,15.0,104.0,143.0,1.0,104.0,128.0,49.0,28.0,13.0,81.42839956345145,0.0,0.0,871.4283995634514,17,031,825900,3,170318259003
232.0,82.0,211.0,72.0,1.0,26.0,6.0,28.0,54.0,53.0,70.0,158.0,34.0,88.0,0.0,0.0,1115.0,17,031,826000,1,170318260001
103.0,0.0,111.0,128.0,47.0,76.0,63.0,14.0,124.0,146.0,12.0,71.0,12.0,103.0,0.0,0.0,1010.0,17,031,826000,2,170318260002
121.0,29.0,65.0,48.0,139.0,18.0,87.0,222.0,24.0,54.0,78.0,44.0,41.0,103.0,0.0,0.0,1073.0,17,031,826000,3,170318260003
58.0,11.0,17.0,1.0,4.0,79.0,27.0,0.0,2.0,4.0,127.0,90.0,58.0,103.0,0.0,0.0,581.0,17,031,826100,1,170318261001
6.0,3.0,3.0,0.0,17.0,4.0,65.0,19.0,1.0,382.0,290.0,92.0,15.0,83.4387227230601,0.0,0.0,980.4387227230601,17,031,826100,2,170318261002
5.0,67.0,131.0,30.0,1.0,205.0,3.0,20.0,1.0,113.0,107.0,177.0,196.0,96.74480834379969,0.0,0.0,1152.7448083437996,17,031,826100,3,170318261003
0.0,2.0,96.0,109.0,1.0,37.0,139.0,57.0,3.0,122.0,2.0,130.0,109.0,103.0,0.0,0.0,910.0,17,031,826100,4,170318261004
24.0,28.0,2.0,4.0,201.0,101.0,4.0,186.0,25.0,216.0,49.0,3.0,7.0,92.0,0.0,0.0,942.0,17,031,826100,5,170318261005
0.0,227.0,514.0,43.0,28.0,59.0,0.0,69.0,168.0,155.0,350.0,63.0,150.0,97.32601010645297,0.0,0.0,1923.326010106453,17,031,826100,6,170318261006
58.0,51.0,35.0,5.0,6.0,25.0,8.0,0.0,2.0,1.0,159.0,108.0,19.0,98.46933128513405,0.0,0.0,575.4693312851341,17,031,826201,1,170318262011
2.0,34.0,1.0,57.0,0.0,30.0,16.0,81.0,33.0,35.0,143.0,133.0,28.0,85.0,0.0,0.0,678.0,17,031,826201,2,170318262012
50.0,53.0,47.0,42.0,9.0,38.0,4.0,49.0,4.0,17.0,3.0,4.0,108.0,99.0,0.0,0.0,527.0,17,031,826201,3,170318262013
212.0,295.0,151.0,47.0,187.0,127.0,73.0,4.0,46.0,101.0,129.0,45.0,84.0,94.45912843110939,0.0,0.0,1595.4591284311093,17,031,826201,4,170318262014
64.0,20.0,31.0,52.0,2.0,2.0,169.0,18.0,149.0,32.0,157.0,193.0,70.0,100.0,0.0,0.0,1059.0,17,031,826202,1,170318262021
102.0,34.0,6.0,22.0,22.0,27.0,5.0,0.0,129.0,205.0,249.0,198.0,7.0,100.0,0.0,0.0,1106.0,17,031,826202,2,170318262022
3.0,0.0,147.0,89.0,2.0,166.0,41.0,72.0,157.0,215.0,118.0,638.0,44.0,97.65298265757781,0.0,0.0,1789.6529826575777,17,031,826202,3,170318262023
13.0,25.0,55.0,7.0,0.0,24.0,31.0,1.0,13.0,45.0,103.0,6.0,45.0,85.3060856207396,0.0,0.0,453.3060856207396,17,031,826202,4,170318262024
371.0,160.0,7.0,117.0,8.0,266.0,22.0,74.0,23.0,93.0,152.0,1.0,20.0,95.0,0.0,0.0,1409.0,17,031,826202,5,170318262025
69.0,111.0,1.0,14.0,3.0,0.0,61.0,10.0,65.0,104.0,117.0,470.0,155.0,101.22446278854237,0.0,0.0,1281.2244627885423,17,031,826301,1,170318263011
14.0,1.0,43.0,43.0,50.0,58.0,50.0,145.0,211.0,104.0,82.0,131.0,81.0,92.69367376809242,0.0,0.0,1105.6936737680924,17,031,826301,2,170318263012
287.0,0.0,8.0,15.0,88.0,26.0,54.0,52.0,1.0,13.0,246.0,226.0,119.0,87.39791130696148,0.0,0.0,1222.3979113069615,17,031,826301,3,170318263013
20.0,61.0,3.0,14.0,1.0,91.0,18.0,18.0,6.0,78.0,141.0,118.0,17.0,107.0,0.0,0.0,693.0,17,031,826303,1,170318263031
4.0,1.0,3.0,89.0,101.0,6.0,59.0,1.0,38.0,97.0,37.0,87.0,92.0,87.33669418281356,0.0,0.0,702.3366941828135,17,031,826303,2,170318263032
0.0,5.0,13.0,69.0,0.0,3.0,4.0,146.0,64.0,174.0,155.0,80.0,56.0,94.20405708049307,0.0,0.0,863.204057080493,17,031,826303,3,170318263033
202.0,35.0,15.0,78.0,158.0,70.0,267.0,76.0,13.0,83.0,60.0,238.0,151.0,106.28555960710631,0.0,0.0,1552.2855596071063,17,031,826303,4,170318263034
167.0,18.0,57.0,31.0,4.0,1.0,7.0,1.0,27.0,11.0,39.0,81.0,63.0,111.16324566439445,0.0,0.0,618.1632456643945,17,031,826304,1,170318263041
39.0,163.0,1.0,4.0,4.0,129.0,1.0,15.0,206.0,159.0,144.0,80.0,10.0,110.27547705866564,0.0,0.0,1065.2754770586657,17,031,826304,2,170318263042
128.0,178.0,33.0,110.0,61.0,167.0,62.0,3.0,17.0,8.0,76.0,183.0,4.0,111.17332821283512,0.0,0.0,1141.173328212835,17,031,826304,3,170318263043
79.0,112.0,132.0,1.0,9.0,6.0,107.0,217.0,18.0,220.0,117.0,209.0,108.0,102.16312535881048,0.0,0.0,1437.1631253588105,17,031,826401,1,170318264011
338.0,0.0,119.0,195.0,224.0,46.0,126.0,39.0,61.0,275.0,129.0,372.0,213.0,114.1938542264684,0.0,0.0,2251.1938542264684,17,031,826401,2,170318264012
46.0,7.0,40.0,64.0,1.0,1.0,102.0,1.0,60.0,66.0,115.0,103.0,43.0,73.39791130696148,0.0,0.0,722.3979113069614,17,031,826402,1,170318264021
18.0,35.0,116.0,6.0,28.0,44.0,41.0,54.0,31.0,94.0,97.0,57.0,62.0,100.0,0.0,0.0,783.0,17,031,826402,2,170318264022
54.0,13.0,59.0,45.0,29.0,103.0,38.0,67.0,69.0,113.0,197.0,18.0,122.0,113.18353106685977,0.0,0.0,1040.1835310668598,17,031,826402,3,170318264023
114.0,128.0,4.0,76.0,1.0,7.0,41.0,2.0,4.0,206.0,40.0,201.0,244.0,93.34689703683821,0.0,0.0,1161.3468970368383,17,031,826402,4,170318264024
1.0,68.0,1.0,0.0,92.0,81.0,120.0,17.0,11.0,122.0,33.0,123.0,10.0,107.65298265757781,0.0,0.0,786.6529826575778,17,031,826402,5,170318264025
575.0,2.0,47.0,150.0,107.0,256.0,12.0,46.0,134.0,179.0,298.0,230.0,134.0,89.0,0.0,0.0,2259.0,17,031,826500,1,170318265001
18.0,0.0,0.0,2.0,10.0,29.0,5.0,23.0,0.0,14.0,30.0,247.0,45.0,84.0,0.0,0.0,507.0,17,031,826500,2,170318265002
155.0,156.0,268.0,4.0,4.0,69.0,37.0,83.0,127.0,225.0,166.0,67.0,195.0,76.8264311759969,0.0,0.0,1632.826431175997,17,031,826500,3,170318265003
150.0,126.0,238.0,17.0,127.0,16.0,41.0,227.0,69.0,126.0,63.0,227.0,63.0,105.42851986903543,0.0,0.0,1595.4285198690354,17,031,826500,4,170318265004
549.0,0.0,9.0,5.0,73.0,0.0,27.0,74.0,62.0,23.0,93.0,177.0,72.0,102.60184808187056,0.0,0.0,1266.6018480818705,17,031,826600,1,170318266001
10.0,117.0,187.0,2.0,14.0,6.0,5.0,1.0,2.0,77.0,59.0,204.0,146.0,89.0,0.0,0.0,919.0,17,031,826600,2,170318266002
184.0,85.0,185.0,216.0,19.0,6.0,45.0,174.0,8.0,236.0,362.0,226.0,13.0,90.0,0.0,0.0,1849.0,17,031,826600,3,170318266003
229.0,42.0,46.0,11.0,7.0,3.0,17.0,41.0,2.0,80.0,51.0,127.0,18.0,88.0,0.0,0.0,762.0,17,031,826600,4,170318266004
114.0,50.0,3.0,4.0,53.0,40.0,44.0,70.0,7.0,121.0,160.0,81.0,34.0,76.0,0.0,0.0,857.0,17,031,826600,5,170318266005
350.0,167.0,28.0,1.0,139.0,31.0,125.0,74.0,2.0,177.0,100.0,143.0,15.0,95.17332821283512,0.0,0.0,1447.173328212835,17,031,826700,1,170318267001
549.0,86.0,0.0,113.0,22.0,83.0,10.0,27.0,1.0,250.0,114.0,118.0,101.0,115.0,0.0,0.0,1589.0,17,031,826700,2,170318267002
19.0,2.0,20.0,19.0,123.0,122.0,2.0,1.0,31.0,84.0,117.0,128.0,43.0,82.0,0.0,0.0,793.0,17,031,826700,3,170318267003
83.0,12.0,8.0,0.0,104.0,244.0,21.0,46.0,9.0,133.0,22.0,143.0,241.0,97.0,0.0,0.0,1163.0,17,031,826700,4,170318267004
176.0,26.0,0.0,15.0,109.0,75.0,144.0,10.0,66.0,236.0,34.0,0.0,39.0,96.0,0.0,0.0,1026.0,17,031,826800,1,170318268001
469.0,173.0,139.0,90.0,93.0,62.0,253.0,21.0,267.0,578.0,81.0,27.0,13.0,110.0,0.0,0.0,2376.0,17,031,826800,2,170318268002
5.0,98.0,26.0,124.0,72.0,42.0,66.0,2.0,3.0,0.0,80.0,84.0,14.0,83.0,0.0,0.0,699.0,17,031,826800,3,170318268003
1.0,6.0,8.0,117.0,26.0,1.0,38.0,58.0,71.0,43.0,22.0,2.0,11.0,81.0,0.0,0.0,485.0,17,031,826800,4,170318268004
515.0,53.0,138.0,185.0,14.0,73.0,0.0,69.0,6.0,24.0,177.0,76.0,83.0,93.0,0.0,0.0,1506.0,17,031,826901,1,170318269011
180.0,1.0,5.0,1.0,48.0,95.0,14.0,37.0,0.0,179.0,8.0,3.0,11.0,109.0,0.0,0.0,691.0,17,031,826902,1,170318269021
181.0,17.0,4.0,12.0,19.0,19.0,66.0,3.0,12.0,3.0,5.0,2.0,11.0,96.0,0.0,0.0,450.0,17,031,826902,2,170318269022
368.0,186.0,33.0,161.0,58.0,153.0,34.0,17.0,0.0,80.0,197.0,40.0,75.0,92.0,0.0,0.0,1494.0,17,031,827000,1,170318270001
223.0,53.0,82.0,3.0,145.0,1.0,3.0,0.0,6.0,228.0,16.0,21.0,136.0,97.0,0.0,0.0,1014.0,17,031,827000,2,170318270002
285.0,5.0,174.0,158.0,33.0,2.0,13.0,115.0,57.0,23.0,100.0,0.0,7.0,97.4795341391587,0.0,0.0,1069.4795341391587,17,031,827000,3,170318270003
193.0,0.0,30.0,2.0,38.0,38.0,1.0,5.0,0.0,36.0,34.0,5.0,6.0,91.0,0.0,0.0,479.0,17,031,827100,1,170318271001
126.0,68.0,128.0,18.0,130.0,51.0,2.0,0.0,57.0,42.0,114.0,39.0,20.0,99.28567991269028,0.0,0.0,894.2856799126903,17,031,827100,2,170318271002
175.0,97.0,32.0,75.0,211.0,48.0,1.0,43.0,14.0,58.0,208.0,41.0,27.0,92.0,0.0,0.0,1122.0,17,031,827100,3,170318271003
187.0,67.0,136.0,107.0,16.0,123.0,86.0,42.0,85.0,24.0,136.0,196.0,16.0,80.06109681856393,0.0,0.0,1301.061096818564,17,031,827200,1,170318272001
154.0,16.0,62.0,45.0,6.0,60.0,24.0,10.0,42.0,26.0,97.0,52.0,49.0,83.0,0.0,0.0,726.0,17,031,827200,2,170318272002
79.0,180.0,35.0,71.0,28.0,85.0,14.0,19.0,7.0,71.0,55.0,108.0,104.0,98.0,0.0,0.0,954.0,17,031,827200,3,170318272003
173.0,99.0,124.0,43.0,1.0,39.0,3.0,35.0,178.0,33.0,6.0,39.0,10.0,103.77541690587364,0.0,0.0,886.7754169058736,17,031,827200,4,170318272004
23.0,15.0,18.0,21.0,8.0,0.0,0.0,4.0,3.0,18.0,0.0,5.0,20.0,84.16324566439445,0.0,0.0,219.16324566439445,17,031,827300,1,170318273001
1020.0,3.0,4.0,98.0,17.0,119.0,1.0,183.0,2.0,1.0,121.0,2.0,163.0,104.0,0.0,0.0,1838.0,17,031,827300,2,170318273002
125.0,32.0,86.0,148.0,73.0,8.0,51.0,25.0,27.0,105.0,59.0,138.0,54.0,78.79582261392295,0.0,0.0,1009.7958226139228,17,031,827300,3,170318273003
355.0,46.0,7.0,3.0,6.0,5.0,1.0,3.0,3.0,5.0,1.0,32.0,0.0,87.0,0.0,0.0,554.0,17,031,827400,1,170318274001
284.0,37.0,77.0,90.0,57.0,56.0,161.0,117.0,0.0,26.0,7.0,434.0,77.0,98.0,0.0,0.0,1521.0,17,031,827400,2,170318274002
175.0,50.0,7.0,4.0,10.0,71.0,2.0,5.0,15.0,24.0,142.0,3.0,93.0,108.0,0.0,0.0,709.0,17,031,827400,3,170318274003
438.0,159.0,175.0,34.0,61.0,70.0,32.0,28.0,81.0,4.0,0.0,130.0,155.0,83.91825686221878,0.0,0.0,1450.9182568622189,17,031,827400,4,170318274004
200.0,127.0,64.0,81.0,35.0,166.0,12.0,108.0,5.0,60.0,181.0,53.0,94.0,100.0,0.0,0.0,1286.0,17,031,827500,1,170318275001
1032.0,82.0,33.0,226.0,87.0,0.0,15.0,6.0,48.0,453.0,360.0,154.0,65.0,90.29588276671494,0.0,0.0,2651.295882766715,17,031,827500,2,170318275002
197.0,173.0,1.0,177.0,278.0,63.0,38.0,63.0,43.0,46.0,25.0,45.0,42.0,88.0,0.0,0.0,1279.0,17,031,827500,3,170318275003
179.0,7.0,54.0,207.0,1.0,3.0,100.0,5.0,28.0,92.0,0.0,111.0,7.0,109.0,0.0,0.0,903.0,17,031,827600,1,170318276001
465.0,199.0,22.0,84.0,3.0,285.0,12.0,136.0,58.0,215.0,78.0,346.0,80.0,75.0,0.0,0.0,2058.0,17,031,827600,2,170318276002
33.0,91.0,4.0,133.0,4.0,0.0,0.0,2.0,39.0,11.0,17.0,8.0,44.0,93.0,0.0,0.0,479.0,17,031,827600,3,170318276003
282.0,6.0,43.0,48.0,76.0,66.0,235.0,115.0,67.0,185.0,125.0,109.0,28.0,99.37750559891217,0.0,0.0,1484.3775055989122,17,031,827700,1,170318277001
251.0,139.0,102.0,0.0,67.0,34.0,41.0,74.0,72.0,9.0,85.0,143.0,75.0,96.10202854024654,0.0,0.0,1188.1020285402465,17,031,827700,2,170318277002
0.0,13.0,54.0,55.0,11.0,18.0,48.0,50.0,7.0,0.0,1.0,16.0,76.0,95.0,0.0,0.0,444.0,17,031,827801,1,170318278011
5.0,7.0,1.0,28.0,3.0,8.0,17.0,160.0,41.0,64.0,171.0,159.0,44.0,82.1530428103698,0.0,0.0,790.1530428103698,17,031,827801,2,170318278012
59.0,20.0,46.0,4.0,5.0,42.0,0.0,23.0,50.0,116.0,124.0,158.0,123.0,66.23466564256702,0.0,0.0,836.234665642567,17,031,827801,3,170318278013
233.0,11.0,118.0,1.0,27.0,0.0,162.0,49.0,2.0,249.0,315.0,136.0,407.0,106.18353106685977,0.0,0.0,1816.1835310668598,17,031,827801,4,170318278014
1.0,65.0,122.0,9.0,5.0,67.0,79.0,43.0,36.0,122.0,330.0,366.0,210.0,100.83663403002157,0.0,0.0,1555.8366340300215,17,031,827802,1,170318278021
88.0,2.0,2.0,66.0,15.0,14.0,46.0,72.0,3.0,216.0,221.0,332.0,282.0,109.15280219920183,0.0,0.0,1468.152802199202,17,031,827802,2,170318278022
3.0,36.0,53.0,85.0,36.0,212.0,131.0,0.0,17.0,77.0,198.0,94.0,170.0,85.89785115416949,0.0,0.0,1197.8978511541695,17,031,827804,1,170318278041
39.0,16.0,38.0,5.0,21.0,91.0,11.0,1.0,3.0,71.0,80.0,15.0,79.0,76.20405708049307,0.0,0.0,546.204057080493,17,031,827804,2,170318278042
12.0,16.0,6.0,11.0,2.0,16.0,28.0,19.0,7.0,14.0,103.0,328.0,44.0,92.16312535881048,0.0,0.0,698.1631253588105,17,031,827804,3,170318278043
0.0,44.0,78.0,4.0,22.0,25.0,0.0,18.0,9.0,173.0,263.0,200.0,179.0,78.9386625702681,0.0,0.0,1093.9386625702682,17,031,827805,1,170318278051
3.0,56.0,4.0,107.0,3.0,6.0,22.0,90.0,0.0,80.0,174.0,421.0,99.0,92.40799385540214,0.0,0.0,1157.407993855402,17,031,827805,2,170318278052
28.0,5.0,2.0,1.0,4.0,81.0,3.0,3.0,43.0,47.0,59.0,29.0,89.0,99.0,0.0,0.0,493.0,17,031,827805,3,170318278053
58.0,34.0,3.0,15.0,2.0,0.0,9.0,19.0,11.0,1.0,73.0,126.0,67.0,83.4795341391587,0.0,0.0,501.47953413915866,17,031,827901,1,170318279011
1.0,7.0,68.0,3.0,2.0,0.0,16.0,24.0,25.0,126.0,156.0,342.0,229.0,98.65262174082585,0.0,0.0,1097.652621740826,17,031,827901,2,170318279012
0.0,2.0,7.0,1.0,3.0,98.0,14.0,12.0,3.0,28.0,286.0,177.0,87.0,88.0,0.0,0.0,806.0,17,031,827902,1,170318279021
14.0,50.0,156.0,61.0,10.0,120.0,124.0,19.0,94.0,185.0,39.0,20.0,79.0,94.12243424829583,0.0,0.0,1065.1224342482958,17,031,827902,2,170318279022
58.0,10.0,13.0,49.0,58.0,95.0,4.0,10.0,0.0,16.0,104.0,300.0,23.0,110.0,0.0,0.0,850.0,17,031,827902,3,170318279023
158.0,40.0,2.0,6.0,33.0,65.0,0.0,9.0,59.0,56.0,106.0,39.0,30.0,81.0,0.0,0.0,684.0,17,031,827902,4,170318279024
1.0,8.0,12.0,9.0,6.0,79.0,76.0,17.0,7.0,128.0,61.0,55.0,194.0,103.37738529332819,0.0,0.0,756.3773852933282,17,031,827902,5,170318279025
9.0,0.0,57.0,145.0,42.0,72.0,106.0,97.0,57.0,33.0,130.0,199.0,50.0,74.38770845293682,0.0,0.0,1071.3877084529367,17,031,828000,1,170318280001
6.0,19.0,29.0,13.0,128.0,139.0,133.0,17.0,13.0,16.0,66.0,106.0,65.0,96.0,0.0,0.0,846.0,17,031,828000,2,170318280002
379.0,1.0,49.0,75.0,131.0,6.0,38.0,37.0,43.0,194.0,52.0,22.0,102.0,91.64277980355315,0.0,0.0,1220.6427798035531,17,031,828000,3,170318280003
8.0,52.0,23.0,2.0,98.0,90.0,75.0,14.0,262.0,147.0,126.0,246.0,181.0,95.0,0.0,0.0,1419.0,17,031,828000,4,170318280004
28.0,168.0,0.0,12.0,7.0,0.0,6.0,44.0,58.0,115.0,140.0,4.0,68.0,74.60196838745455,0.0,0.0,724.6019683874546,17,031,828100,1,170318281001
101.0,11.0,148.0,136.0,103.0,167.0,62.0,1.0,18.0,223.0,219.0,285.0,102.0,73.49993984720801,0.0,0.0,1649.499939847208,17,031,828100,2,170318281002
88.0,18.0,3.0,2.0,28.0,35.0,111.0,7.0,27.0,2.0,3.0,63.0,3.0,92.0,0.0,0.0,482.0,17,031,828100,3,170318281003
2.0,16.0,50.0,1.0,131.0,0.0,9.0,17.0,24.0,52.0,20.0,78.0,237.0,108.60184808187056,0.0,0.0,745.6018480818706,17,031,828100,4,170318281004
25.0,4.0,0.0,45.0,28.0,4.0,28.0,30.0,2.0,22.0,14.0,111.0,195.0,88.27547705866564,0.0,0.0,596.2754770586656,17,031,828100,5,170318281005
83.0,151.0,4.0,179.0,78.0,93.0,139.0,204.0,96.0,116.0,218.0,174.0,192.0,104.60172777628657,0.0,0.0,1831.6017277762867,17,031,828201,1,170318282011
75.0,1.0,34.0,33.0,4.0,3.0,100.0,49.0,2.0,19.0,195.0,62.0,103.0,81.52034555525731,0.0,0.0,761.5203455552573,17,031,828201,2,170318282012
17.0,20.0,13.0,9.0,55.0,20.0,33.0,22.0,126.0,85.0,66.0,151.0,239.0,108.0,0.0,0.0,964.0,17,031,828201,3,170318282013
2.0,0.0,19.0,9.0,54.0,79.0,64.0,43.0,14.0,71.0,85.0,222.0,150.0,83.1530428103698,0.0,0.0,895.1530428103698,17,031,828202,1,170318282021
107.0,3.0,84.0,37.0,28.0,39.0,28.0,34.0,8.0,45.0,5.0,122.0,117.0,89.55095411733127,0.0,0.0,746.5509541173312,17,031,828202,2,170318282022
122.0,158.0,148.0,139.0,3.0,12.0,6.0,176.0,7.0,93.0,19.0,0.0,32.0,91.0,0.0,0.0,1006.0,17,031,828202,3,170318282023
76.0,114.0,3.0,22.0,0.0,88.0,1.0,27.0,10.0,221.0,56.0,280.0,426.0,103.0,0.0,0.0,1427.0,17,031,828202,4,170318282024
116.0,77.0,161.0,142.0,86.0,183.0,28.0,108.0,91.0,187.0,160.0,352.0,195.0,107.27535675308165,0.0,0.0,1993.2753567530817,17,031,828300,1,170318283001
172.0,27.0,60.0,46.0,174.0,98.0,81.0,108.0,107.0,118.0,73.0,158.0,118.0,86.38770845293682,0.0,0.0,1426.3877084529367,17,031,828300,2,170318283002
71.0,1.0,15.0,5.0,75.0,26.0,51.0,43.0,29.0,86.0,14.0,99.0,68.0,89.07141997817257,0.0,0.0,672.0714199781726,17,031,828401,1,170318284011
23.0,0.0,38.0,2.0,5.0,14.0,46.0,52.0,58.0,98.0,140.0,278.0,75.0,109.11199078310321,0.0,0.0,938.1119907831032,17,031,828401,2,170318284012
1.0,5.0,40.0,42.0,19.0,5.0,2.0,37.0,3.0,31.0,63.0,87.0,67.0,117.65298265757781,0.0,0.0,519.6529826575778,17,031,828401,3,170318284013
51.0,4.0,22.0,4.0,56.0,41.0,19.0,46.0,18.0,69.0,55.0,192.0,17.0,80.75501119782433,0.0,0.0,674.7550111978244,17,031,828401,4,170318284014
120.0,61.0,104.0,55.0,19.0,34.0,44.0,109.0,111.0,78.0,176.0,99.0,107.0,108.35709989086286,0.0,0.0,1225.3570998908629,17,031,828402,1,170318284021
5.0,84.0,155.0,137.0,105.0,94.0,4.0,4.0,141.0,70.0,142.0,194.0,81.0,103.81622832197226,0.0,0.0,1319.8162283219722,17,031,828402,2,170318284022
83.0,18.0,6.0,29.0,65.0,108.0,6.0,82.0,0.0,70.0,56.0,10.0,45.0,92.98967684039135,0.0,0.0,670.9896768403913,17,031,828402,3,170318284023
11.0,9.0,56.0,107.0,6.0,90.0,65.0,75.0,161.0,45.0,130.0,284.0,102.0,85.0,0.0,0.0,1226.0,17,031,828503,1,170318285031
145.0,5.0,30.0,1.0,187.0,117.0,44.0,3.0,19.0,117.0,222.0,334.0,137.0,69.0,0.0,0.0,1430.0,17,031,828503,2,170318285032
2.0,29.0,92.0,113.0,0.0,13.0,54.0,2.0,0.0,63.0,45.0,8.0,24.0,81.0,0.0,0.0,526.0,17,031,828503,3,170318285033
104.0,9.0,3.0,15.0,1.0,7.0,93.0,21.0,75.0,288.0,37.0,219.0,93.0,105.77517629470567,0.0,0.0,1070.7751762947057,17,031,828503,4,170318285034
443.0,28.0,66.0,129.0,141.0,145.0,148.0,37.0,107.0,64.0,157.0,109.0,136.0,85.22446278854237,0.0,0.0,1795.2244627885423,17,031,828504,1,170318285041
70.0,33.0,79.0,25.0,60.0,50.0,4.0,111.0,6.0,225.0,65.0,179.0,271.0,102.0,0.0,0.0,1280.0,17,031,828504,2,170318285042
144.0,7.0,2.0,33.0,106.0,31.0,23.0,60.0,36.0,51.0,444.0,71.0,114.0,95.0,0.0,0.0,1217.0,17,031,828504,3,170318285043
187.0,65.0,4.0,181.0,177.0,149.0,89.0,67.0,0.0,5.0,57.0,88.0,50.0,96.0,0.0,0.0,1215.0,17,031,828504,4,170318285044
61.0,20.0,129.0,37.0,210.0,87.0,3.0,0.0,1.0,4.0,64.0,116.0,89.0,92.0,0.0,0.0,913.0,17,031,828505,1,170318285051
45.0,46.0,58.0,85.0,3.0,45.0,7.0,6.0,28.0,161.0,15.0,98.0,45.0,89.41831701501079,0.0,0.0,731.4183170150108,17,031,828505,2,170318285052
1.0,0.0,2.0,0.0,73.0,3.0,38.0,5.0,60.0,54.0,83.0,229.0,124.0,73.29588276671494,0.0,0.0,745.295882766715,17,031,828505,3,170318285053
13.0,100.0,26.0,45.0,79.0,0.0,38.0,4.0,55.0,32.0,122.0,223.0,189.0,100.10190823466255,0.0,0.0,1026.1019082346625,17,031,828505,4,170318285054
250.0,23.0,24.0,38.0,37.0,244.0,65.0,173.0,53.0,80.0,346.0,98.0,555.0,105.8264311759969,0.0,0.0,2091.8264311759967,17,031,828505,5,170318285055
350.0,2.0,103.0,183.0,28.0,318.0,56.0,261.0,118.0,63.0,70.0,700.0,153.0,98.85619759898297,0.0,0.0,2503.856197598983,17,031,828506,1,170318285061
19.0,19.0,61.0,4.0,190.0,64.0,32.0,18.0,23.0,62.0,46.0,116.0,186.0,96.1938542264684,0.0,0.0,936.1938542264684,17,031,828506,2,170318285062
146.0,21.0,46.0,15.0,0.0,20.0,22.0,116.0,0.0,250.0,26.0,115.0,222.0,97.36730274488752,0.0,0.0,1096.3673027448874,17,031,828506,3,170318285063
2.0,221.0,41.0,199.0,46.0,74.0,5.0,55.0,133.0,2.0,116.0,325.0,15.0,115.69379407367641,0.0,0.0,1349.6937940736764,17,031,828506,4,170318285064
0.0,150.0,73.0,4.0,180.0,85.0,145.0,5.0,7.0,16.0,1.0,82.0,10.0,83.0,0.0,0.0,841.0,17,031,828506,5,170318285065
164.0,71.0,122.0,308.0,4.0,51.0,13.0,201.0,169.0,38.0,36.0,5.0,8.0,117.0,0.0,0.0,1307.0,17,031,828506,6,170318285066
3.0,5.0,68.0,4.0,17.0,2.0,24.0,17.0,19.0,43.0,62.0,91.0,127.0,96.39791130696148,0.0,0.0,578.3979113069614,17,031,828601,1,170318286011
0.0,2.0,12.0,4.0,33.0,5.0,8.0,19.0,6.0,37.0,162.0,258.0,152.0,103.14271965076117,0.0,0.0,801.1427196507611,17,031,828601,2,170318286012
12.0,4.0,1.0,72.0,41.0,139.0,0.0,9.0,0.0,4.0,3.0,139.0,101.0,102.81622832197226,0.0,0.0,627.8162283219723,17,031,828601,3,170318286013
22.0,31.0,29.0,58.0,11.0,74.0,0.0,58.0,12.0,27.0,146.0,497.0,88.0,108.40787354981816,0.0,0.0,1161.407873549818,17,031,828601,4,170318286014
162.0,30.0,0.0,19.0,6.0,66.0,13.0,5.0,16.0,85.0,262.0,292.0,251.0,85.6014871651186,0.0,0.0,1292.6014871651187,17,031,828602,1,170318286021
141.0,6.0,30.0,69.0,141.0,96.0,2.0,112.0,65.0,269.0,194.0,431.0,245.0,103.25483073944835,0.0,0.0,1904.2548307394484,17,031,828602,2,170318286022
14.0,0.0,2.0,39.0,5.0,6.0,2.0,58.0,34.0,39.0,69.0,80.0,73.0,83.40799385540214,0.0,0.0,504.40799385540214,17,031,828701,1,170318287011
176.0,38.0,20.0,111.0,0.0,1.0,38.0,32.0,27.0,98.0,153.0,96.0,62.0,119.0,0.0,0.0,971.0,17,031,828701,2,170318287012
8.0,31.0,3.0,4.0,0.0,90.0,1.0,210.0,8.0,128.0,101.0,94.0,51.0,91.0,0.0,0.0,820.0,17,031,828701,3,170318287013
69.0,14.0,99.0,1.0,23.0,1.0,2.0,85.0,20.0,56.0,18.0,45.0,99.0,108.0,0.0,0.0,640.0,17,031,828701,4,170318287014
60.0,47.0,57.0,66.0,21.0,87.0,26.0,25.0,64.0,214.0,202.0,122.0,38.0,91.28567991269028,0.0,0.0,1120.2856799126903,17,031,828702,1,170318287021
264.0,3.0,162.0,3.0,39.0,17.0,35.0,131.0,68.0,204.0,462.0,289.0,9.0,101.36718243930353,0.0,0.0,1787.3671824393036,17,031,828702,2,170318287022
94.0,64.0,107.0,124.0,144.0,98.0,68.0,9.0,18.0,168.0,319.0,265.0,60.0,104.54075126330662,0.0,0.0,1642.5407512633067,17,031,828702,3,170318287023
7.0,0.0,5.0,1.0,8.0,2.0,3.0,12.0,21.0,176.0,65.0,102.0,97.0,87.57123951979659,0.0,0.0,586.5712395197966,17,031,828801,1,170318288011
44.0,4.0,4.0,0.0,5.0,16.0,36.0,0.0,1.0,5.0,49.0,62.0,57.0,114.83663403002157,0.0,0.0,397.83663403002157,17,031,828801,2,170318288012
17.0,47.0,27.0,2.0,136.0,40.0,0.0,4.0,86.0,167.0,77.0,515.0,396.0,108.32637102320491,0.0,0.0,1622.326371023205,17,031,828801,3,170318288013
1.0,1.0,1.0,46.0,60.0,75.0,31.0,18.0,11.0,3.0,170.0,139.0,33.0,89.0,0.0,0.0,678.0,17,031,828801,4,170318288014
3.0,0.0,52.0,114.0,0.0,42.0,1.0,53.0,22.0,46.0,78.0,105.0,33.0,92.0,0.0,0.0,641.0,17,031,828801,5,170318288015
107.0,45.0,4.0,16.0,20.0,7.0,30.0,29.0,0.0,31.0,92.0,185.0,253.0,108.12231394271186,0.0,0.0,927.1223139427118,17,031,828802,1,170318288021
143.0,94.0,27.0,21.0,85.0,1.0,20.0,10.0,0.0,130.0,331.0,102.0,146.0,99.31628847476425,0.0,0.0,1209.3162884747642,17,031,828802,2,170318288022
1.0,0.0,27.0,23.0,84.0,19.0,113.0,56.0,2.0,34.0,135.0,227.0,179.0,106.89785115416949,0.0,0.0,1006.8978511541695,17,031,828802,3,170318288023
316.0,106.0,81.0,37.0,164.0,72.0,165.0,21.0,226.0,177.0,95.0,9.0,45.0,106.64277980355315,0.0,0.0,1620.6427798035531,17,031,828900,1,170318289001
126.0,3.0,11.0,90.0,2.0,46.0,57.0,43.0,16.0,9.0,31.0,49.0,13.0,109.22446278854237,0.0,0.0,605.2244627885424,17,031,828900,2,170318289002
357.0,80.0,31.0,42.0,3.0,22.0,43.0,4.0,91.0,10.0,62.0,59.0,28.0,97.0,0.0,0.0,929.0,17,031,828900,3,170318289003
291.0,8.0,57.0,168.0,65.0,18.0,0.0,1.0,4.0,1.0,2.0,175.0,37.0,90.3264913287889,0.0,0.0,917.3264913287888,17,031,829000,1,170318290001
126.0,33.0,0.0,10.0,21.0,20.0,78.0,6.0,2.0,5.0,14.0,15.0,13.0,84.17344851841911,0.0,0.0,427.1734485184191,17,031,829000,2,170318290002
421.0,38.0,117.0,289.0,125.0,70.0,23.0,240.0,18.0,88.0,230.0,154.0,179.0,89.0,0.0,0.0,2081.0,17,031,829100,1,170318291001
424.0,98.0,15.0,242.0,104.0,68.0,4.0,146.0,4.0,58.0,93.0,109.0,26.0,109.27547705866564,0.0,0.0,1500.2754770586657,17,031,829100,2,170318291002
12.0,1.0,75.0,1.0,75.0,19.0,2.0,24.0,71.0,195.0,22.0,441.0,271.0,95.20405708049307,0.0,0.0,1304.2040570804932,17,031,829200,1,170318292001
11.0,0.0,35.0,76.0,44.0,6.0,128.0,11.0,89.0,260.0,118.0,39.0,303.0,98.0,0.0,0.0,1218.0,17,031,829200,2,170318292002
474.0,26.0,207.0,32.0,122.0,38.0,12.0,4.0,41.0,283.0,132.0,147.0,96.0,85.0,0.0,0.0,1699.0,17,031,829200,3,170318292003
281.0,5.0,3.0,56.0,0.0,6.0,197.0,77.0,423.0,21.0,24.0,20.0,15.0,94.0,0.0,0.0,1222.0,17,031,829200,4,170318292004
63.0,41.0,27.0,27.0,42.0,0.0,3.0,48.0,6.0,119.0,244.0,401.0,159.0,104.25507135061633,0.0,0.0,1284.2550713506164,17,031,829301,1,170318293011
212.0,35.0,0.0,99.0,1.0,165.0,69.0,49.0,85.0,290.0,415.0,429.0,110.0,79.99987969441602,0.0,0.0,2038.999879694416,17,031,829301,2,170318293012
300.0,12.0,0.0,54.0,12.0,54.0,33.0,9.0,78.0,10.0,0.0,15.0,7.0,98.0,0.0,0.0,682.0,17,031,829302,1,170318293021
128.0,15.0,59.0,286.0,141.0,26.0,33.0,1.0,86.0,135.0,137.0,144.0,124.0,98.79582261392295,0.0,0.0,1413.7958226139228,17,031,829302,2,170318293022
202.0,139.0,0.0,12.0,31.0,126.0,74.0,36.0,40.0,159.0,193.0,64.0,210.0,107.31628847476425,0.0,0.0,1393.3162884747642,17,031,829302,3,170318293023
324.0,101.0,69.0,227.0,18.0,95.0,15.0,29.0,2.0,175.0,193.0,102.0,29.0,97.20405708049307,0.0,0.0,1476.2040570804932,17,031,829401,1,170318294011
5.0,70.0,26.0,161.0,3.0,149.0,41.0,45.0,43.0,70.0,181.0,78.0,39.0,113.12243424829583,0.0,0.0,1024.1224342482958,17,031,829402,1,170318294021
107.0,2.0,27.0,179.0,93.0,33.0,48.0,96.0,42.0,104.0,296.0,302.0,44.0,105.31628847476425,0.0,0.0,1478.3162884747642,17,031,829402,2,170318294022
117.0,77.0,48.0,101.0,50.0,75.0,2.0,5.0,8.0,17.0,33.0,3.0,15.0,95.33669418281356,0.0,0.0,646.3366941828135,17,031,829402,3,170318294023
382.0,164.0,78.0,133.0,212.0,84.0,192.0,78.0,5.0,308.0,205.0,412.0,60.0,106.61217124147919,0.0,0.0,2419.6121712414792,17,031,829500,1,170318295001
99.0,4.0,39.0,3.0,42.0,109.0,7.0,8.0,7.0,50.0,65.0,30.0,28.0,97.0,0.0,0.0,588.0,17,031,829500,2,170318295002
16.0,107.0,54.0,94.0,134.0,4.0,49.0,0.0,8.0,164.0,20.0,8.0,33.0,80.0,0.0,0.0,771.0,17,031,829500,3,170318295003
129.0,48.0,106.0,42.0,61.0,45.0,11.0,66.0,90.0,43.0,70.0,221.0,121.0,89.0,0.0,0.0,1142.0,17,031,829600,1,170318296001
119.0,1.0,4.0,1.0,1.0,8.0,11.0,12.0,73.0,33.0,39.0,0.0,3.0,80.0,0.0,0.0,385.0,17,031,829600,2,170318296002
50.0,34.0,11.0,14.0,148.0,88.0,1.0,38.0,44.0,113.0,93.0,223.0,104.0,82.0,0.0,0.0,1043.0,17,031,829600,3,170318296003
297.0,76.0,18.0,162.0,55.0,13.0,78.0,72.0,86.0,33.0,82.0,4.0,41.0,100.17344851841911,0.0,0.0,1117.173448518419,17,031,829700,1,170318297001
302.0,140.0,73.0,114.0,55.0,102.0,2.0,17.0,102.0,24.0,2.0,64.0,9.0,94.36730274488752,0.0,0.0,1100.3673027448874,17,031,829700,2,170318297002
288.0,50.0,136.0,35.0,42.0,67.0,37.0,113.0,55.0,32.0,5.0,164.0,275.0,102.1121110886872,0.0,0.0,1401.1121110886872,17,031,829700,3,170318297003
57.0,33.0,23.0,50.0,87.0,51.0,48.0,29.0,351.0,76.0,261.0,203.0,338.0,93.75501119782433,0.0,0.0,1700.7550111978244,17,031,829800,1,170318298001
3.0,6.0,2.0,0.0,2.0,7.0,3.0,0.0,21.0,44.0,49.0,80.0,248.0,109.1938542264684,0.0,0.0,574.1938542264684,17,031,829800,2,170318298002
0.0,34.0,3.0,4.0,0.0,3.0,0.0,37.0,29.0,78.0,114.0,110.0,102.0,89.0,0.0,0.0,603.0,17,031,829800,3,170318298003
21.0,4.0,0.0,0.0,4.0,3.0,0.0,6.0,1.0,32.0,46.0,33.0,283.0,97.06097651297995,0.0,0.0,530.06097651298,17,031,829800,4,170318298004
210.0,0.0,1.0,56.0,14.0,16.0,5.0,36.0,3.0,125.0,196.0,23.0,301.0,102.62225378991985,0.0,0.0,1088.6222537899198,17,031,829800,5,170318298005
386.0,53.0,2.0,0.0,36.0,123.0,213.0,171.0,45.0,61.0,436.0,77.0,483.0,93.38746784176885,0.0,0.0,2179.3874678417687,17,031,829901,1,170318299011
2.0,1.0,3.0,17.0,22.0,18.0,3.0,0.0,10.0,4.0,1.0,119.0,13.0,81.53054840928196,0.0,0.0,294.53054840928195,17,031,829901,2,170318299012
0.0,4.0,4.0,1.0,48.0,112.0,187.0,5.0,3.0,226.0,587.0,241.0,151.0,84.01008254844066,0.0,0.0,1653.0100825484408,17,031,829901,3,170318299013
176.0,16.0,282.0,358.0,159.0,239.0,61.0,69.0,167.0,439.0,691.0,408.0,597.0,92.11199078310321,0.0,0.0,3754.111990783103,17,031,829901,4,170318299014
37.0,0.0,23.0,17.0,1.0,2.0,74.0,23.0,3.0,21.0,189.0,54.0,116.0,81.69379407367641,0.0,0.0,641.6937940736764,17,031,829902,1,170318299021
109.0,17.0,0.0,60.0,1.0,29.0,1.0,88.0,2.0,56.0,212.0,231.0,504.0,86.0506533533713,0.0,0.0,1396.0506533533712,17,031,829902,2,170318299022
1.0,74.0,120.0,1.0,27.0,82.0,24.0,24.0,34.0,430.0,322.0,496.0,211.0,109.28555960710631,0.0,0.0,1955.2855596071063,17,031,829902,3,170318299023
70.0,5.0,12.0,39.0,14.0,47.0,2.0,87.0,138.0,21.0,147.0,143.0,14.0,107.24486849659168,0.0,0.0,846.2448684965917,17,031,829902,4,170318299024
114.0,75.0,255.0,115.0,249.0,150.0,163.0,65.0,125.0,160.0,158.0,291.0,160.0,104.3060856207396,0.0,0.0,2184.3060856207394,17,031,830001,1,170318300011
11.0,16.0,61.0,1.0,6.0,8.0,74.0,28.0,9.0,293.0,260.0,604.0,183.0,103.0,0.0,0.0,1657.0,17,031,830003,1,170318300031
1.0,25.0,101.0,68.0,163.0,0.0,202.0,49.0,2.0,163.0,100.0,482.0,362.0,73.9590682783174,0.0,0.0,1791.9590682783173,17,031,830003,2,170318300032
381.0,81.0,134.0,26.0,6.0,122.0,572.0,85.0,26.0,148.0,389.0,343.0,456.0,88.92785818832351,0.0,0.0,2857.9278581883236,17,031,830003,3,170318300033
101.0,65.0,69.0,148.0,274.0,59.0,1.0,25.0,29.0,0.0,56.0,149.0,22.0,92.37750559891217,0.0,0.0,1090.3775055989122,17,031,830004,1,170318300041
4.0,4.0,29.0,44.0,219.0,5.0,251.0,2.0,48.0,7.0,85.0,120.0,230.0,99.41831701501079,0.0,0.0,1147.4183170150109,17,031,830004,2,170318300042
149.0,0.0,411.0,239.0,1.0,0.0,185.0,106.0,48.0,235.0,93.0,620.0,710.0,110.56019452668404,0.0,0.0,2907.560194526684,17,031,830004,3,170318300043
10.0,29.0,80.0,22.0,78.0,15.0,63.0,46.0,19.0,150.0,243.0,398.0,54.0,87.63245664394452,0.0,0.0,1294.6324566439446,17,031,830005,1,170318300051
76.0,6.0,121.0,34.0,2.0,12.0,5.0,40.0,78.0,161.0,46.0,313.0,288.0,94.97947398636671,0.0,0.0,1276.9794739863667,17,031,830005,2,170318300052
188.0,62.0,88.0,23.0,50.0,6.0,30.0,113.0,94.0,204.0,98.0,126.0,65.0,103.1530428103698,0.0,0.0,1250.1530428103697,17,031,830006,1,170318300061
50.0,24.0,6.0,15.0,0.0,38.0,37.0,49.0,10.0,237.0,69.0,108.0,89.0,100.26527420464097,0.0,0.0,832.265274204641,17,031,830006,2,170318300062
29.0,74.0,193.0,67.0,65.0,1.0,103.0,43.0,16.0,66.0,123.0,275.0,38.0,101.12243424829583,0.0,0.0,1194.1224342482958,17,031,830007,1,170318300071
113.0,23.0,124.0,43.0,153.0,1.0,15.0,203.0,105.0,123.0,143.0,249.0,113.0,97.49993984720801,0.0,0.0,1505.499939847208,17,031,830007,2,170318300072
94.0,38.0,2.0,81.0,62.0,75.0,99.0,48.0,3.0,44.0,153.0,231.0,172.0,91.58156267940524,0.0,0.0,1193.5815626794051,17,031,830007,3,170318300073
152.0,2.0,104.0,3.0,30.0,57.0,5.0,58.0,327.0,84.0,410.0,423.0,175.0,114.20381646932509,0.0,0.0,1944.2038164693251,17,031,830008,1,170318300081
4.0,0.0,13.0,0.0,1.0,2.0,1.0,5.0,4.0,63.0,258.0,107.0,136.0,106.0,0.0,0.0,700.0,17,031,830008,2,170318300082
60.0,62.0,0.0,125.0,1.0,1.0,53.0,31.0,8.0,167.0,134.0,390.0,34.0,108.84659627287824,0.0,0.0,1174.8465962728783,17,031,830008,3,170318300083
179.0,0.0,32.0,138.0,0.0,146.0,147.0,112.0,153.0,86.0,232.0,440.0,212.0,86.46921097955007,0.0,0.0,1963.46921097955,17,031,830100,1,170318301001
1.0,79.0,17.0,15.0,39.0,93.0,64.0,2.0,1.0,90.0,59.0,158.0,165.0,89.265153899057,0.0,0.0,872.265153899057,17,031,830100,2,170318301002
206.0,86.0,30.0,95.0,247.0,30.0,99.0,113.0,322.0,2.0,31.0,106.0,17.0,99.42851986903543,0.0,0.0,1483.4285198690354,17,031,830201,1,170318302011
88.0,156.0,13.0,70.0,26.0,173.0,37.0,12.0,204.0,224.0,587.0,441.0,276.0,95.5916452278459,0.0,0.0,2402.5916452278457,17,031,830201,2,170318302012
5.0,119.0,40.0,2.0,61.0,192.0,97.0,1.0,2.0,146.0,96.0,152.0,183.0,111.96927113234206,0.0,0.0,1207.969271132342,17,031,830201,3,170318302013
7.0,179.0,15.0,10.0,13.0,6.0,8.0,85.0,1.0,124.0,188.0,255.0,314.0,106.81598771080428,0.0,0.0,1311.8159877108044,17,031,830202,1,170318302021
20.0,1.0,6.0,180.0,4.0,9.0,1.0,21.0,12.0,67.0,189.0,615.0,87.0,92.16312535881048,0.0,0.0,1304.1631253588105,17,031,830202,2,170318302022
284.0,99.0,61.0,67.0,114.0,2.0,82.0,61.0,0.0,21.0,321.0,336.0,58.0,78.0,0.0,0.0,1584.0,17,031,830300,1,170318303001
334.0,65.0,186.0,93.0,3.0,8.0,3.0,4.0,5.0,6.0,81.0,2.0,133.0,110.0,0.0,0.0,1033.0,17,031,830300,2,170318303002
49.0,164.0,24.0,182.0,60.0,13.0,95.0,78.0,6.0,83.0,158.0,40.0,15.0,85.39791130696148,0.0,0.0,1052.3979113069615,17,031,830300,3,170318303003
249.0,140.0,51.0,2.0,4.0,14.0,0.0,122.0,7.0,52.0,9.0,65.0,21.0,90.46933128513405,0.0,0.0,826.4693312851341,17,031,830300,4,170318303004
129.0,85.0,3.0,25.0,9.0,88.0,6.0,0.0,8.0,6.0,0.0,168.0,157.0,86.0,0.0,0.0,770.0,17,031,830400,1,170318304001
81.0,2.0,5.0,23.0,30.0,38.0,64.0,38.0,0.0,98.0,33.0,8.0,13.0,100.0,0.0,0.0,533.0,17,031,830400,2,170318304002
139.0,98.0,128.0,28.0,46.0,35.0,73.0,154.0,120.0,369.0,246.0,297.0,87.0,74.05089396453928,0.0,0.0,1894.0508939645392,17,031,830400,3,170318304003
58.0,53.0,5.0,1.0,83.0,14.0,19.0,22.0,1.0,171.0,61.0,195.0,17.0,94.20405708049307,0.0,0.0,794.204057080493,17,031,830400,4,170318304004
3.0,68.0,153.0,32.0,1.0,57.0,100.0,189.0,262.0,190.0,120.0,50.0,10.0,114.0,0.0,0.0,1349.0,17,031,830500,1,170318305001
49.0,2.0,170.0,106.0,67.0,112.0,86.0,87.0,96.0,158.0,329.0,236.0,22.0,114.0,0.0,0.0,1634.0,17,031,830500,2,170318305002
33.0,150.0,0.0,146.0,154.0,180.0,5.0,56.0,38.0,50.0,121.0,106.0,47.0,75.0,0.0,0.0,1161.0,17,031,830500,3,170318305003
37.0,107.0,34.0,2.0,20.0,3.0,6.0,0.0,82.0,129.0,40.0,127.0,169.0,93.11223139427119,0.0,0.0,849.1122313942711,17,031,830600,1,170318306001
174.0,114.0,102.0,34.0,146.0,181.0,98.0,30.0,142.0,232.0,88.0,99.0,163.0,86.35709989086286,0.0,0.0,1689.3570998908629,17,031,830600,2,170318306002
18.0,61.0,76.0,107.0,3.0,51.0,83.0,74.0,32.0,43.0,132.0,113.0,40.0,96.3060856207396,0.0,0.0,929.3060856207396,17,031,830600,3,170318306003
1.0,0.0,47.0,124.0,99.0,85.0,14.0,85.0,105.0,42.0,6.0,160.0,79.0,74.92845971624344,0.0,0.0,921.9284597162434,17,031,830600,4,170318306004
16.0,48.0,4.0,4.0,82.0,41.0,56.0,41.0,42.0,32.0,21.0,38.0,31.0,94.0,0.0,0.0,550.0,17,031,830700,1,170318307001
1.0,1.0,1.0,2.0,10.0,0.0,0.0,1.0,20.0,2.0,175.0,119.0,37.0,96.0,0.0,0.0,465.0,17,031,830700,2,170318307002
299.0,98.0,36.0,2.0,88.0,7.0,55.0,32.0,57.0,44.0,25.0,93.0,17.0,90.55095411733127,0.0,0.0,943.5509541173312,17,031,830700,3,170318307003
299.0,20.0,11.0,42.0,55.0,60.0,3.0,0.0,44.0,8.0,26.0,50.0,37.0,97.1530428103698,0.0,0.0,752.1530428103698,17,031,830700,4,170318307004
39.0,5.0,4.0,0.0,4.0,1.0,73.0,80.0,11.0,54.0,95.0,99.0,49.0,115.59176553342988,0.0,0.0,629.5917655334299,17,031,830800,1,170318308001
67.0,3.0,0.0,1.0,3.0,35.0,34.0,12.0,1.0,8.0,77.0,54.0,127.0,72.0,0.0,0.0,494.0,17,031,830800,2,170318308002
57.0,55.0,22.0,2.0,54.0,40.0,17.0,57.0,16.0,112.0,156.0,218.0,14.0,104.60196838745455,0.0,0.0,924.6019683874546,17,031,830800,3,170318308003
1.0,2.0,3.0,6.0,13.0,50.0,6.0,28.0,4.0,91.0,118.0,19.0,115.0,108.10190823466255,0.0,0.0,564.1019082346626,17,031,830900,1,170318309001
1.0,2.0,52.0,48.0,1.0,7.0,1.0,28.0,23.0,8.0,118.0,64.0,194.0,94.59176553342988,0.0,0.0,641.5917655334299,17,031,830900,2,170318309002
1.0,15.0,6.0,33.0,69.0,18.0,8.0,8.0,6.0,42.0,168.0,167.0,96.0,90.77541690587364,0.0,0.0,727.7754169058736,17,031,830900,3,170318309003
3.0,3.0,2.0,15.0,3.0,32.0,1.0,12.0,1.0,4.0,42.0,118.0,18.0,95.96927113234206,0.0,0.0,349.96927113234204,17,031,831000,1,170318310001
5.0,16.0,2.0,38.0,85.0,6.0,33.0,0.0,12.0,59.0,169.0,38.0,137.0,97.57123951979659,0.0,0.0,697.5712395197966,17,031,831000,2,170318310002
2.0,15.0,137.0,9.0,61.0,4.0,99.0,66.0,183.0,5.0,83.0,209.0,46.0,92.765214051849,0.0,0.0,1011.765214051849,17,031,831100,1,170318311001
177.0,0.0,125.0,6.0,19.0,284.0,74.0,4.0,23.0,28.0,93.0,159.0,205.0,91.0,0.0,0.0,1288.0,17,031,831100,2,170318311002
118.0,28.0,3.0,297.0,107.0,107.0,66.0,77.0,87.0,114.0,470.0,61.0,50.0,112.44880527150076,0.0,0.0,1697.4488052715008,17,031,831100,3,170318311003
305.0,32.0,3.0,220.0,180.0,105.0,90.0,210.0,217.0,442.0,532.0,84.0,232.0,94.01008254844066,0.0,0.0,2746.0100825484406,17,031,831100,4,170318311004
17.0,3.0,65.0,127.0,26.0,112.0,33.0,54.0,3.0,30.0,18.0,133.0,12.0,104.0,0.0,0.0,737.0,17,031,831200,1,170318312001
82.0,108.0,3.0,383.0,185.0,185.0,164.0,60.0,66.0,20.0,356.0,168.0,0.0,100.0507736589553,0.0,0.0,1880.0507736589552,17,031,831200,2,170318312002
329.0,19.0,267.0,232.0,152.0,118.0,81.0,53.0,36.0,172.0,248.0,1.0,81.0,103.3264913287889,0.0,0.0,1892.326491328789,17,031,831200,3,170318312003
59.0,32.0,2.0,20.0,213.0,97.0,265.0,164.0,12.0,151.0,66.0,3.0,11.0,86.0,0.0,0.0,1181.0,17,031,831300,1,170318313001
65.0,64.0,37.0,1.0,0.0,56.0,36.0,10.0,30.0,2.0,42.0,30.0,4.0,106.0,0.0,0.0,483.0,17,031,831400,1,170318314001
291.0,28.0,273.0,175.0,43.0,196.0,77.0,86.0,78.0,89.0,239.0,148.0,127.0,76.45912843110939,0.0,0.0,1926.4591284311093,17,031,831400,2,170318314002
85.0,135.0,99.0,94.0,0.0,99.0,66.0,137.0,54.0,605.0,214.0,209.0,174.0,92.33669418281356,0.0,0.0,2063.3366941828135,17,031,831500,1,170318315001
194.0,25.0,1.0,0.0,8.0,27.0,52.0,33.0,40.0,1.0,134.0,273.0,203.0,95.47929352799073,0.0,0.0,1086.4792935279906,17,031,831500,2,170318315002
169.0,129.0,0.0,2.0,53.0,68.0,58.0,203.0,93.0,267.0,289.0,269.0,8.0,111.51014270123267,0.0,0.0,1719.5101427012326,17,031,831600,1,170318316001
79.0,6.0,2.0,55.0,2.0,138.0,79.0,108.0,87.0,90.0,2.0,158.0,86.0,106.0,0.0,0.0,998.0,17,031,831600,2,170318316002
10.0,2.0,84.0,53.0,90.0,67.0,2.0,1.0,0.0,144.0,2.0,138.0,15.0,75.23466564256702,0.0,0.0,683.234665642567,17,031,831600,3,170318316003
149.0,172.0,45.0,30.0,200.0,49.0,9.0,5.0,2.0,23.0,28.0,60.0,9.0,93.66318551160245,0.0,0.0,874.6631855116025,17,031,831600,4,170318316004
11.0,145.0,90.0,0.0,73.0,4.0,156.0,140.0,29.0,181.0,4.0,235.0,116.0,113.0,0.0,0.0,1297.0,17,031,831600,5,170318316005
57.0,2.0,4.0,1.0,113.0,133.0,129.0,3.0,79.0,90.0,53.0,200.0,34.0,99.0,0.0,0.0,997.0,17,031,831600,6,170318316006
270.0,14.0,88.0,187.0,31.0,55.0,134.0,91.0,59.0,111.0,264.0,160.0,319.0,85.71419978172572,0.0,0.0,1868.7141997817257,17,031,831700,1,170318317001
4.0,2.0,4.0,0.0,5.0,2.0,57.0,75.0,0.0,212.0,0.0,69.0,113.0,88.4387227230601,0.0,0.0,631.4387227230601,17,031,831800,1,170318318001
7.0,0.0,61.0,24.0,110.0,67.0,103.0,5.0,56.0,16.0,1.0,301.0,1.0,115.04069111051463,0.0,0.0,867.0406911105147,17,031,831800,2,170318318002
234.0,101.0,49.0,37.0,1.0,83.0,4.0,2.0,5.0,17.0,107.0,249.0,232.0,96.38770845293682,0.0,0.0,1217.3877084529367,17,031,831800,3,170318318003
80.0,6.0,172.0,65.0,13.0,131.0,13.0,68.0,103.0,10.0,4.0,151.0,77.0,96.0,0.0,0.0,989.0,17,031,831800,4,170318318004
2.0,2.0,1.0,51.0,4.0,17.0,42.0,26.0,0.0,139.0,322.0,314.0,254.0,80.0,0.0,0.0,1254.0,17,031,831800,5,170318318005
3.0,1.0,8.0,13.0,0.0,3.0,38.0,135.0,37.0,24.0,17.0,265.0,204.0,94.31604786359628,0.0,0.0,842.3160478635963,17,031,831900,1,170318319001
47.0,24.0,20.0,65.0,3.0,4.0,63.0,46.0,55.0,24.0,89.0,117.0,92.0,97.3060856207396,0.0,0.0,746.3060856207396,17,031,831900,2,170318319002
48.0,53.0,10.0,120.0,84.0,28.0,68.0,84.0,96.0,37.0,112.0,247.0,192.0,99.9181365566348,0.0,0.0,1278.9181365566349,17,031,832000,1,170318320001
145.0,123.0,188.0,116.0,26.0,31.0,10.0,2.0,3.0,101.0,86.0,190.0,248.0,73.73460548977503,0.0,0.0,1342.734605489775,17,031,832100,1,170318321001
4.0,3.0,0.0,3.0,4.0,1.0,27.0,50.0,4.0,14.0,35.0,106.0,35.0,101.72440263575038,0.0,0.0,387.7244026357504,17,031,832100,2,170318321002
91.0,1.0,5.0,13.0,0.0,1.0,43.0,19.0,29.0,53.0,111.0,123.0,68.0,83.25507135061633,0.0,0.0,640.2550713506163,17,031,832100,3,170318321003
54.0,1.0,3.0,58.0,51.0,8.0,4.0,10.0,72.0,18.0,96.0,106.0,79.0,93.29588276671494,0.0,0.0,653.295882766715,17,031,832200,1,170318322001
51.0,109.0,16.0,32.0,21.0,7.0,1.0,43.0,86.0,37.0,230.0,134.0,62.0,86.85703973807087,0.0,0.0,915.8570397380709,17,031,832200,2,170318322002
1.0,3.0,2.0,4.0,4.0,1.0,1.0,6.0,9.0,56.0,38.0,86.0,77.0,105.68347091406778,0.0,0.0,393.68347091406775,17,031,832200,3,170318322003
29.0,68.0,8.0,54.0,37.0,97.0,2.0,6.0,30.0,60.0,137.0,310.0,325.0,99.49981954162402,0.0,0.0,1262.499819541624,17,031,832300,1,170318323001
37.0,48.0,101.0,10.0,102.0,176.0,15.0,26.0,59.0,125.0,54.0,200.0,206.0,108.25495104503234,0.0,0.0,1267.2549510450324,17,031,832400,1,170318324001
16.0,2.0,22.0,167.0,35.0,4.0,15.0,46.0,0.0,179.0,42.0,101.0,94.0,101.59176553342988,0.0,0.0,824.5917655334299,17,031,832400,2,170318324002
410.0,118.0,39.0,5.0,91.0,6.0,5.0,1.0,69.0,98.0,11.0,47.0,155.0,95.21425993451771,0.0,0.0,1150.2142599345177,17,031,832500,1,170318325001
120.0,52.0,27.0,7.0,5.0,60.0,26.0,11.0,1.0,76.0,146.0,156.0,92.0,102.12231394271186,0.0,0.0,881.1223139427118,17,031,832500,2,170318325002
3.0,2.0,1.0,0.0,0.0,5.0,17.0,5.0,1.0,9.0,27.0,64.0,115.0,104.7856197598983,0.0,0.0,353.7856197598983,17,031,832600,1,170318326001
22.0,1.0,3.0,13.0,24.0,1.0,0.0,44.0,6.0,9.0,74.0,90.0,64.0,102.75501119782433,0.0,0.0,453.75501119782433,17,031,832600,2,170318326002
1.0,40.0,15.0,47.0,18.0,10.0,64.0,29.0,108.0,120.0,121.0,185.0,311.0,95.17332821283512,0.0,0.0,1164.173328212835,17,031,832600,3,170318326003
342.0,162.0,1.0,30.0,90.0,60.0,50.0,26.0,58.0,39.0,58.0,132.0,49.0,93.69379407367641,0.0,0.0,1190.6937940736764,17,031,832900,1,170318329001
62.0,1.0,18.0,19.0,11.0,77.0,31.0,38.0,4.0,11.0,26.0,18.0,52.0,95.51014270123267,0.0,0.0,463.51014270123267,17,031,832900,2,170318329002
49.0,3.0,0.0,5.0,3.0,1.0,33.0,87.0,6.0,4.0,224.0,230.0,49.0,99.25483073944835,0.0,0.0,793.2548307394484,17,031,833000,1,170318330001
140.0,66.0,13.0,15.0,8.0,1.0,2.0,13.0,3.0,1.0,59.0,119.0,183.0,80.3264913287889,0.0,0.0,703.3264913287888,17,031,833000,2,170318330002
113.0,2.0,20.0,3.0,204.0,11.0,65.0,35.0,6.0,153.0,159.0,383.0,301.0,111.030247645322,0.0,0.0,1566.030247645322,17,031,833100,1,170318331001
288.0,16.0,75.0,0.0,10.0,4.0,1.0,0.0,4.0,11.0,72.0,79.0,197.0,87.38746784176885,0.0,0.0,844.3874678417689,17,031,833100,2,170318331002
400.0,100.0,36.0,65.0,4.0,11.0,0.0,5.0,13.0,117.0,185.0,251.0,220.0,95.62213348433588,0.0,0.0,1502.6221334843358,17,031,833100,3,170318331003
352.0,36.0,203.0,71.0,271.0,2.0,41.0,1.0,74.0,158.0,75.0,341.0,206.0,100.56103666577194,0.0,0.0,1931.561036665772,17,031,833300,1,170318333001
240.0,12.0,128.0,62.0,154.0,138.0,35.0,8.0,39.0,56.0,2.0,99.0,20.0,83.17344851841911,0.0,0.0,1076.173448518419,17,031,833900,1,170318339001
135.0,146.0,233.0,38.0,2.0,6.0,4.0,79.0,12.0,28.0,86.0,10.0,64.0,88.0,0.0,0.0,931.0,17,031,833900,2,170318339002
285.0,235.0,98.0,79.0,140.0,418.0,309.0,97.0,175.0,193.0,156.0,69.0,216.0,92.0,0.0,0.0,2562.0,17,031,834000,1,170318340001
66.0,48.0,48.0,82.0,28.0,20.0,5.0,3.0,46.0,137.0,16.0,33.0,66.0,95.3264913287889,0.0,0.0,693.3264913287888,17,031,834000,2,170318340002
110.0,2.0,55.0,15.0,2.0,49.0,51.0,122.0,32.0,0.0,76.0,43.0,164.0,90.0,0.0,0.0,811.0,17,031,834200,1,170318342001
225.0,89.0,82.0,5.0,2.0,8.0,57.0,8.0,9.0,56.0,51.0,3.0,18.0,98.0,0.0,0.0,711.0,17,031,834200,2,170318342002
363.0,87.0,17.0,167.0,3.0,78.0,1.0,85.0,1.0,3.0,105.0,153.0,33.0,105.16324566439445,0.0,0.0,1201.1632456643945,17,031,834200,3,170318342003
273.0,126.0,256.0,127.0,24.0,3.0,0.0,4.0,1.0,216.0,120.0,1.0,56.0,86.0,0.0,0.0,1293.0,17,031,834200,4,170318342004
10.0,159.0,9.0,1.0,2.0,63.0,106.0,4.0,40.0,6.0,0.0,147.0,80.0,93.39767069579351,0.0,0.0,720.3976706957935,17,031,834300,1,170318343001
327.0,44.0,79.0,91.0,150.0,105.0,2.0,68.0,83.0,103.0,161.0,25.0,52.0,87.17344851841911,0.0,0.0,1377.173448518419,17,031,834300,2,170318343002
77.0,37.0,0.0,18.0,0.0,2.0,1.0,28.0,14.0,33.0,34.0,72.0,10.0,91.0,0.0,0.0,417.0,17,031,834300,3,170318343003
0.0,7.0,0.0,62.0,3.0,31.0,1.0,184.0,88.0,17.0,12.0,165.0,78.0,97.0,0.0,0.0,745.0,17,031,834300,4,170318343004
110.0,19.0,21.0,120.0,0.0,27.0,95.0,32.0,4.0,108.0,43.0,295.0,267.0,94.0,0.0,0.0,1235.0,17,031,834300,5,170318343005
34.0,0.0,275.0,55.0,4.0,96.0,36.0,80.0,189.0,73.0,89.0,193.0,161.0,95.34689703683821,0.0,0.0,1380.3468970368383,17,031,834300,6,170318343006
199.0,157.0,69.0,2.0,64.0,98.0,53.0,4.0,38.0,12.0,5.0,21.0,53.0,87.0,0.0,0.0,862.0,17,031,834400,1,170318344001
131.0,113.0,9.0,119.0,118.0,2.0,86.0,38.0,24.0,117.0,231.0,168.0,257.0,106.23454533698305,0.0,0.0,1519.234545336983,17,031,834400,2,170318344002
120.0,4.0,85.0,156.0,209.0,16.0,82.0,60.0,23.0,97.0,152.0,128.0,66.0,108.18365137244376,0.0,0.0,1306.1836513724438,17,031,834400,3,170318344003
436.0,78.0,80.0,86.0,30.0,75.0,44.0,141.0,15.0,81.0,78.0,162.0,83.0,93.0,0.0,0.0,1482.0,17,031,834500,1,170318345001
0.0,1.0,43.0,1.0,26.0,0.0,4.0,0.0,1.0,6.0,2.0,10.0,15.0,98.0,0.0,0.0,207.0,17,031,834600,1,170318346001
109.0,85.0,80.0,1.0,3.0,1.0,0.0,29.0,0.0,7.0,18.0,1.0,31.0,81.0,0.0,0.0,446.0,17,031,834600,2,170318346002
104.0,217.0,104.0,43.0,2.0,98.0,1.0,4.0,1.0,0.0,126.0,104.0,11.0,104.0,0.0,0.0,919.0,17,031,834600,3,170318346003
474.0,40.0,7.0,81.0,63.0,252.0,90.0,111.0,52.0,49.0,13.0,83.0,49.0,82.0,0.0,0.0,1446.0,17,031,834600,4,170318346004
85.0,124.0,1.0,30.0,4.0,32.0,50.0,38.0,9.0,15.0,1.0,5.0,11.0,115.0,0.0,0.0,520.0,17,031,834700,1,170318347001
265.0,1.0,22.0,14.0,32.0,6.0,16.0,39.0,7.0,1.0,40.0,63.0,15.0,105.0,0.0,0.0,626.0,17,031,834700,2,170318347002
121.0,108.0,93.0,94.0,70.0,4.0,42.0,33.0,54.0,7.0,98.0,26.0,4.0,82.0,0.0,0.0,836.0,17,031,834700,3,170318347003
96.0,12.0,2.0,59.0,2.0,4.0,6.0,1.0,48.0,43.0,13.0,3.0,20.0,83.0,0.0,0.0,392.0,17,031,834800,1,170318348001
160.0,44.0,37.0,63.0,43.0,18.0,7.0,47.0,12.0,2.0,7.0,6.0,15.0,111.0,0.0,0.0,572.0,17,031,834800,2,170318348002
321.0,7.0,61.0,2.0,54.0,14.0,2.0,0.0,4.0,19.0,177.0,93.0,12.0,99.0,0.0,0.0,865.0,17,031,834800,3,170318348003
166.0,94.0,13.0,37.0,2.0,74.0,58.0,49.0,2.0,75.0,2.0,84.0,45.0,119.0,0.0,0.0,820.0,17,031,834900,1,170318349001
362.0,309.0,131.0,146.0,79.0,11.0,58.0,13.0,0.0,9.0,122.0,39.0,23.0,108.0,0.0,0.0,1410.0,17,031,834900,2,170318349002
83.0,3.0,125.0,124.0,15.0,8.0,49.0,27.0,89.0,59.0,10.0,68.0,49.0,74.14283995634514,0.0,0.0,783.1428399563451,17,031,835000,1,170318350001
262.0,53.0,34.0,108.0,289.0,43.0,9.0,130.0,1.0,45.0,20.0,8.0,13.0,73.0,0.0,0.0,1088.0,17,031,835000,2,170318350002
161.0,29.0,167.0,52.0,174.0,127.0,44.0,56.0,10.0,148.0,115.0,42.0,61.0,105.0,0.0,0.0,1291.0,17,031,835000,3,170318350003
385.0,205.0,269.0,45.0,11.0,105.0,37.0,0.0,0.0,100.0,207.0,83.0,13.0,105.0,0.0,0.0,1565.0,17,031,835000,4,170318350004
159.0,45.0,83.0,12.0,159.0,6.0,0.0,95.0,35.0,54.0,4.0,127.0,72.0,100.0,0.0,0.0,951.0,17,031,835000,5,170318350005
103.0,18.0,132.0,90.0,100.0,51.0,3.0,76.0,136.0,94.0,185.0,92.0,42.0,110.22446278854237,0.0,0.0,1232.2244627885423,17,031,835100,1,170318351001
27.0,53.0,0.0,95.0,258.0,102.0,123.0,3.0,15.0,5.0,211.0,6.0,98.0,104.0,0.0,0.0,1100.0,17,031,835100,2,170318351002
58.0,48.0,177.0,60.0,82.0,76.0,198.0,2.0,128.0,262.0,3.0,252.0,10.0,81.3060856207396,0.0,0.0,1437.3060856207396,17,031,835100,3,170318351003
141.0,0.0,22.0,21.0,135.0,61.0,200.0,124.0,52.0,364.0,87.0,245.0,15.0,105.0,0.0,0.0,1572.0,17,031,835100,4,170318351004
46.0,53.0,236.0,81.0,118.0,157.0,52.0,41.0,69.0,175.0,318.0,76.0,137.0,102.66318551160245,0.0,0.0,1661.6631855116025,17,031,835200,1,170318352001
317.0,92.0,46.0,9.0,42.0,12.0,1.0,24.0,1.0,6.0,0.0,7.0,39.0,90.0,0.0,0.0,686.0,17,031,835500,1,170318355001
183.0,46.0,57.0,2.0,98.0,9.0,95.0,55.0,28.0,3.0,39.0,88.0,59.0,108.0,0.0,0.0,870.0,17,031,835500,2,170318355002
90.0,66.0,165.0,1.0,5.0,8.0,0.0,14.0,0.0,40.0,3.0,41.0,66.0,76.0,0.0,0.0,575.0,17,031,835600,1,170318356001
87.0,24.0,10.0,30.0,1.0,38.0,2.0,14.0,6.0,17.0,18.0,22.0,14.0,85.0,0.0,0.0,368.0,17,031,835600,2,170318356002
236.0,0.0,3.0,0.0,0.0,0.0,3.0,5.0,6.0,2.0,1.0,3.0,22.0,113.0,0.0,0.0,394.0,17,031,835700,1,170318357001
284.0,81.0,10.0,61.0,17.0,28.0,50.0,3.0,22.0,140.0,135.0,62.0,224.0,102.75501119782433,0.0,0.0,1219.7550111978244,17,031,835800,1,170318358001
494.0,195.0,137.0,79.0,14.0,18.0,32.0,2.0,47.0,39.0,30.0,36.0,116.0,100.17344851841911,0.0,0.0,1339.173448518419,17,031,835900,1,170318359001
171.0,125.0,46.0,22.0,0.0,17.0,2.0,2.0,40.0,124.0,108.0,54.0,128.0,70.0,0.0,0.0,909.0,17,031,835900,2,170318359002
286.0,97.0,85.0,69.0,34.0,177.0,5.0,6.0,24.0,39.0,36.0,2.0,36.0,88.0,0.0,0.0,984.0,17,031,835900,3,170318359003
206.0,38.0,22.0,0.0,14.0,20.0,7.0,54.0,0.0,186.0,38.0,112.0,13.0,114.0,0.0,0.0,824.0,17,031,836000,1,170318360001
2.0,1.0,5.0,2.0,2.0,2.0,14.0,3.0,0.0,26.0,72.0,339.0,26.0,87.27547705866564,0.0,0.0,581.2754770586656,17,031,836000,2,170318360002
90.0,59.0,57.0,122.0,15.0,1.0,77.0,0.0,170.0,96.0,97.0,0.0,27.0,102.37750559891217,0.0,0.0,913.3775055989122,17,031,836000,3,170318360003
227.0,38.0,45.0,13.0,64.0,40.0,90.0,31.0,13.0,68.0,62.0,38.0,36.0,100.0,0.0,0.0,865.0,17,031,836100,1,170318361001
180.0,43.0,109.0,37.0,25.0,2.0,1.0,0.0,0.0,110.0,128.0,1.0,17.0,116.0,0.0,0.0,769.0,17,031,836100,3,170318361003
6.0,3.0,2.0,1.0,3.0,2.0,11.0,3.0,0.0,1.0,26.0,26.0,98.0,111.0,0.0,0.0,293.0,17,031,836200,1,170318362001
44.0,3.0,29.0,25.0,31.0,22.0,6.0,11.0,25.0,67.0,174.0,133.0,18.0,102.0,0.0,0.0,690.0,17,031,836300,1,170318363001
56.0,0.0,2.0,56.0,34.0,27.0,1.0,11.0,5.0,38.0,74.0,102.0,56.0,102.92845971624344,0.0,0.0,564.9284597162434,17,031,836300,2,170318363002
230.0,105.0,89.0,1.0,9.0,25.0,8.0,13.0,25.0,2.0,84.0,7.0,20.0,91.0,0.0,0.0,709.0,17,031,836400,1,170318364001
476.0,91.0,10.0,3.0,6.0,32.0,85.0,194.0,0.0,36.0,93.0,19.0,47.0,85.0,0.0,0.0,1177.0,17,031,836400,2,170318364002
19.0,167.0,36.0,28.0,6.0,3.0,22.0,7.0,3.0,69.0,36.0,51.0,123.0,83.96927113234206,0.0,0.0,653.9692711323421,17,031,836400,3,170318364003
172.0,198.0,100.0,178.0,129.0,77.0,87.0,11.0,26.0,6.0,51.0,1.0,14.0,92.08162283219723,0.0,0.0,1142.0816228321971,17,031,836500,1,170318365001
79.0,3.0,0.0,35.0,15.0,2.0,5.0,48.0,17.0,30.0,74.0,23.0,57.0,85.0,0.0,0.0,473.0,17,031,836500,2,170318365002
35.0,101.0,6.0,1.0,83.0,5.0,367.0,1.0,7.0,127.0,244.0,141.0,80.0,82.0,0.0,0.0,1280.0,17,031,836600,1,170318366001
286.0,67.0,10.0,134.0,2.0,0.0,23.0,10.0,9.0,42.0,118.0,61.0,193.0,91.42851986903543,0.0,0.0,1046.4285198690354,17,031,836600,2,170318366002
346.0,63.0,240.0,41.0,64.0,77.0,22.0,1.0,55.0,105.0,45.0,149.0,78.0,98.0,0.0,0.0,1384.0,17,031,836700,1,170318367001
218.0,33.0,78.0,115.0,76.0,134.0,63.0,3.0,0.0,87.0,23.0,72.0,105.0,91.0,0.0,0.0,1098.0,17,031,836700,2,170318367002
74.0,6.0,49.0,4.0,2.0,1.0,56.0,130.0,8.0,41.0,21.0,79.0,16.0,105.0,0.0,0.0,592.0,17,031,836800,1,170318368001
903.0,158.0,183.0,112.0,0.0,73.0,80.0,13.0,2.0,8.0,1.0,0.0,40.0,114.0,0.0,0.0,1687.0,17,031,836800,2,170318368002
172.0,33.0,1.0,56.0,63.0,5.0,5.0,1.0,57.0,58.0,147.0,97.0,63.0,93.0,0.0,0.0,851.0,17,031,836900,1,170318369001
78.0,66.0,11.0,38.0,20.0,8.0,22.0,94.0,5.0,99.0,18.0,19.0,35.0,97.66318551160245,0.0,0.0,610.6631855116025,17,031,836900,2,170318369002
482.0,91.0,54.0,27.0,44.0,50.0,58.0,72.0,3.0,64.0,24.0,26.0,78.0,97.0,0.0,0.0,1170.0,17,031,837000,1,170318370001
272.0,70.0,17.0,44.0,101.0,48.0,2.0,11.0,6.0,70.0,167.0,134.0,96.0,101.0,0.0,0.0,1139.0,17,031,837000,2,170318370002
130.0,90.0,2.0,34.0,27.0,0.0,0.0,15.0,5.0,1.0,37.0,55.0,9.0,91.0,0.0,0.0,496.0,17,031,837100,1,170318371001
213.0,291.0,61.0,43.0,44.0,35.0,142.0,42.0,5.0,14.0,49.0,142.0,94.0,93.48973699318336,0.0,0.0,1268.4897369931834,17,031,837100,2,170318371002
203.0,100.0,80.0,18.0,163.0,38.0,1.0,33.0,0.0,10.0,82.0,78.0,30.0,104.0,0.0,0.0,940.0,17,031,837300,1,170318373001
117.0,20.0,146.0,20.0,0.0,71.0,0.0,23.0,2.0,15.0,59.0,143.0,100.0,75.14283995634514,0.0,0.0,791.1428399563451,17,031,837300,2,170318373002
270.0,54.0,0.0,21.0,34.0,19.0,5.0,126.0,2.0,102.0,1.0,165.0,41.0,119.18365137244376,0.0,0.0,959.1836513724437,17,031,837400,1,170318374001
68.0,137.0,0.0,60.0,99.0,18.0,43.0,2.0,72.0,50.0,3.0,126.0,20.0,93.0,0.0,0.0,791.0,17,031,837400,2,170318374002
233.0,0.0,235.0,2.0,72.0,35.0,8.0,75.0,2.0,77.0,198.0,336.0,161.0,100.12231394271186,0.0,0.0,1534.1223139427118,17,031,837800,1,170318378001
89.0,73.0,123.0,56.0,105.0,112.0,25.0,76.0,42.0,79.0,189.0,35.0,117.0,90.25507135061633,0.0,0.0,1211.2550713506164,17,031,837800,2,170318378002
30.0,3.0,1.0,6.0,73.0,2.0,0.0,29.0,3.0,73.0,63.0,110.0,200.0,93.87744544612018,0.0,0.0,686.8774454461202,17,031,838000,1,170318380001
1031.0,306.0,52.0,22.0,45.0,9.0,81.0,70.0,5.0,31.0,2.0,79.0,89.0,82.18365137244376,0.0,0.0,1904.1836513724438,17,031,838000,2,170318380002
322.0,112.0,88.0,36.0,17.0,0.0,14.0,2.0,12.0,47.0,58.0,57.0,75.0,79.53054840928196,0.0,0.0,919.530548409282,17,031,838100,1,170318381001
59.0,3.0,5.0,2.0,56.0,17.0,4.0,0.0,3.0,14.0,4.0,3.0,12.0,93.0,0.0,0.0,275.0,17,031,838100,2,170318381002
127.0,6.0,0.0,0.0,3.0,2.0,4.0,1.0,0.0,43.0,6.0,87.0,51.0,92.24486849659168,0.0,0.0,422.24486849659166,17,031,838100,3,170318381003
123.0,0.0,68.0,12.0,4.0,27.0,18.0,1.0,43.0,61.0,74.0,59.0,59.0,80.67338836562712,0.0,0.0,629.6733883656271,17,031,838200,1,170318382001
18.0,41.0,4.0,10.0,1.0,4.0,7.0,2.0,3.0,8.0,7.0,0.0,11.0,77.0,0.0,0.0,193.0,17,031,838200,2,170318382002
228.0,31.0,48.0,5.0,23.0,27.0,4.0,16.0,11.0,18.0,28.0,121.0,48.0,106.42851986903543,0.0,0.0,714.4285198690354,17,031,838300,1,170318383001
5.0,18.0,8.0,29.0,4.0,93.0,2.0,1.0,9.0,50.0,38.0,38.0,30.0,90.07141997817257,0.0,0.0,415.07141997817257,17,031,838300,2,170318383002
172.0,108.0,120.0,10.0,2.0,0.0,5.0,6.0,42.0,43.0,3.0,2.0,15.0,95.0,0.0,0.0,623.0,17,031,838600,1,170318386001
247.0,43.0,0.0,0.0,96.0,4.0,2.0,0.0,4.0,2.0,0.0,148.0,14.0,90.0,0.0,0.0,650.0,17,031,838600,2,170318386002
801.0,202.0,247.0,132.0,1.0,84.0,218.0,17.0,83.0,1.0,335.0,3.0,9.0,92.0,0.0,0.0,2225.0,17,031,838700,1,170318387001
96.0,131.0,110.0,71.0,74.0,91.0,24.0,0.0,9.0,26.0,43.0,71.0,9.0,94.0,0.0,0.0,849.0,17,031,838700,2,170318387002
329.0,101.0,0.0,108.0,38.0,3.0,60.0,8.0,2.0,56.0,200.0,0.0,54.0,97.0,0.0,0.0,1056.0,17,031,838700,3,170318387003
198.0,4.0,90.0,95.0,1.0,0.0,25.0,1.0,0.0,45.0,106.0,71.0,3.0,87.0,0.0,0.0,726.0,17,031,838700,4,170318387004
64.0,118.0,7.0,8.0,84.0,8.0,9.0,6.0,1.0,67.0,114.0,97.0,146.0,86.0,0.0,0.0,815.0,17,031,838800,1,170318388001
711.0,147.0,341.0,116.0,164.0,74.0,86.0,152.0,34.0,198.0,23.0,210.0,35.0,88.0,0.0,0.0,2379.0,17,031,838800,2,170318388002
75.0,232.0,4.0,35.0,118.0,129.0,43.0,1.0,108.0,101.0,220.0,419.0,152.0,104.42839956345145,0.0,0.0,1741.4283995634514,17,031,839000,1,170318390001
146.0,227.0,0.0,3.0,135.0,79.0,0.0,1.0,179.0,74.0,162.0,691.0,290.0,96.69355346250845,0.0,0.0,2083.6935534625086,17,031,839000,2,170318390002
269.0,12.0,3.0,94.0,0.0,32.0,3.0,108.0,17.0,23.0,103.0,69.0,119.0,82.58156267940524,0.0,0.0,934.5815626794052,17,031,839000,3,170318390003
5.0,1.0,2.0,3.0,10.0,41.0,22.0,1.0,5.0,0.0,129.0,95.0,196.0,86.5916452278459,0.0,0.0,596.5916452278459,17,031,839000,4,170318390004
341.0,26.0,42.0,34.0,70.0,5.0,44.0,73.0,35.0,118.0,423.0,331.0,184.0,106.05089396453928,0.0,0.0,1832.0508939645392,17,031,839100,1,170318391001
101.0,75.0,64.0,17.0,32.0,10.0,18.0,44.0,2.0,68.0,33.0,302.0,112.0,104.28555960710631,0.0,0.0,982.2855596071063,17,031,839100,2,170318391002
1.0,7.0,1.0,14.0,41.0,0.0,4.0,35.0,2.0,4.0,64.0,2.0,20.0,102.0,0.0,0.0,297.0,17,031,839200,1,170318392001
226.0,4.0,8.0,104.0,1.0,17.0,114.0,41.0,8.0,84.0,164.0,217.0,47.0,99.48973699318336,0.0,0.0,1134.4897369931834,17,031,839200,2,170318392002
166.0,42.0,1.0,51.0,55.0,8.0,3.0,45.0,3.0,12.0,92.0,85.0,28.0,79.0,0.0,0.0,670.0,17,031,839200,3,170318392003
268.0,165.0,87.0,58.0,15.0,27.0,0.0,38.0,2.0,0.0,150.0,83.0,66.0,107.33669418281356,0.0,0.0,1066.3366941828135,17,031,839500,1,170318395001
201.0,41.0,39.0,65.0,10.0,26.0,34.0,4.0,3.0,47.0,24.0,64.0,27.0,101.23466564256702,0.0,0.0,686.234665642567,17,031,839600,1,170318396001
91.0,67.0,123.0,99.0,0.0,32.0,1.0,0.0,0.0,2.0,35.0,58.0,89.0,105.09182568622188,0.0,0.0,702.0918256862219,17,031,839600,2,170318396002
112.0,4.0,26.0,104.0,47.0,125.0,74.0,41.0,2.0,82.0,1.0,161.0,109.0,80.16312535881048,0.0,0.0,968.1631253588105,17,031,839700,1,170318397001
55.0,116.0,34.0,63.0,89.0,244.0,89.0,1.0,84.0,124.0,102.0,281.0,9.0,79.66318551160245,0.0,0.0,1370.6631855116025,17,031,839700,2,170318397002
249.0,119.0,0.0,122.0,79.0,270.0,99.0,69.0,22.0,100.0,180.0,278.0,102.0,91.22446278854237,0.0,0.0,1780.2244627885423,17,031,839700,3,170318397003
1.0,0.0,68.0,51.0,31.0,18.0,0.0,14.0,32.0,93.0,35.0,46.0,97.0,83.08162283219723,0.0,0.0,569.0816228321972,17,031,839800,1,170318398001
30.0,61.0,82.0,8.0,120.0,75.0,34.0,64.0,7.0,90.0,59.0,123.0,122.0,83.24486849659168,0.0,0.0,958.2448684965917,17,031,839800,2,170318398002
100.0,14.0,14.0,0.0,2.0,61.0,26.0,1.0,48.0,1.0,21.0,141.0,111.0,91.49993984720801,0.0,0.0,631.499939847208,17,031,839800,3,170318398003
69.0,40.0,32.0,2.0,59.0,0.0,1.0,3.0,10.0,37.0,67.0,134.0,38.0,81.13263710232049,0.0,0.0,573.1326371023205,17,031,839900,1,170318399001
127.0,51.0,1.0,31.0,6.0,30.0,6.0,11.0,115.0,2.0,119.0,180.0,60.0,79.53042810369799,0.0,0.0,818.530428103698,17,031,839900,2,170318399002
68.0,25.0,13.0,78.0,1.0,2.0,13.0,43.0,58.0,4.0,18.0,32.0,59.0,81.33669418281356,0.0,0.0,495.3366941828135,17,031,839900,3,170318399003
0.0,55.0,2.0,0.0,4.0,7.0,65.0,50.0,2.0,65.0,89.0,105.0,56.0,91.59176553342988,0.0,0.0,591.5917655334299,17,031,839900,4,170318399004
202.0,8.0,0.0,2.0,28.0,0.0,14.0,8.0,12.0,85.0,10.0,85.0,101.0,83.1938542264684,0.0,0.0,638.1938542264684,17,031,839900,5,170318399005
78.0,144.0,86.0,168.0,69.0,25.0,62.0,39.0,225.0,146.0,105.0,197.0,84.0,92.3977910013775,0.0,0.0,1520.3977910013775,17,031,840000,1,170318400001
0.0,6.0,2.0,5.0,0.0,8.0,100.0,8.0,13.0,3.0,10.0,86.0,147.0,104.52034555525731,0.0,0.0,492.52034555525734,17,031,840000,2,170318400002
92.0,1.0,94.0,47.0,21.0,7.0,143.0,7.0,5.0,67.0,82.0,10.0,35.0,81.0,0.0,0.0,692.0,17,031,840100,1,170318401001
165.0,103.0,80.0,274.0,81.0,115.0,121.0,77.0,28.0,26.0,179.0,161.0,10.0,105.12243424829583,0.0,0.0,1525.1224342482958,17,031,840100,2,170318401002
319.0,112.0,107.0,185.0,103.0,179.0,49.0,71.0,137.0,162.0,337.0,305.0,105.0,105.46921097955007,0.0,0.0,2276.46921097955,17,031,840200,1,170318402001
45.0,13.0,18.0,14.0,41.0,90.0,3.0,19.0,2.0,75.0,5.0,34.0,56.0,100.31628847476425,0.0,0.0,515.3162884747643,17,031,840300,1,170318403001
102.0,6.0,21.0,5.0,52.0,40.0,84.0,19.0,24.0,131.0,149.0,153.0,56.0,87.90805400819414,0.0,0.0,929.9080540081941,17,031,840300,2,170318403002
220.0,90.0,110.0,177.0,34.0,182.0,213.0,177.0,72.0,410.0,237.0,177.0,27.0,91.94886542429275,0.0,0.0,2217.9488654242928,17,031,840300,3,170318403003
263.0,0.0,330.0,28.0,103.0,54.0,4.0,2.0,15.0,95.0,16.0,129.0,53.0,105.48973699318336,0.0,0.0,1197.4897369931834,17,031,840400,1,170318404001
217.0,100.0,161.0,45.0,63.0,143.0,116.0,50.0,183.0,80.0,241.0,178.0,71.0,115.66318551160245,0.0,0.0,1763.6631855116025,17,031,840400,2,170318404002
38.0,1.0,87.0,4.0,3.0,67.0,3.0,44.0,9.0,2.0,18.0,28.0,64.0,96.0,0.0,0.0,464.0,17,031,840700,1,170318407001
86.0,73.0,168.0,133.0,270.0,64.0,189.0,60.0,83.0,190.0,65.0,69.0,7.0,98.0,0.0,0.0,1555.0,17,031,840700,2,170318407002
249.0,127.0,55.0,452.0,95.0,187.0,43.0,144.0,182.0,38.0,0.0,3.0,119.0,114.1938542264684,0.0,0.0,1808.1938542264684,17,031,840700,3,170318407003
122.0,77.0,187.0,281.0,207.0,351.0,139.0,81.0,28.0,99.0,23.0,174.0,52.0,97.0,0.0,0.0,1918.0,17,031,840800,1,170318408001
131.0,137.0,150.0,107.0,91.0,102.0,170.0,9.0,117.0,64.0,133.0,63.0,14.0,89.0,0.0,0.0,1377.0,17,031,840800,2,170318408002
53.0,55.0,47.0,10.0,126.0,29.0,7.0,3.0,1.0,31.0,15.0,27.0,99.0,109.21425993451771,0.0,0.0,612.2142599345177,17,031,841000,1,170318410001
237.0,186.0,67.0,271.0,139.0,22.0,113.0,43.0,12.0,75.0,119.0,141.0,133.0,116.4181967094268,0.0,0.0,1674.4181967094269,17,031,841100,1,170318411001
607.0,368.0,107.0,37.0,108.0,145.0,113.0,60.0,2.0,99.0,454.0,47.0,24.0,93.12231394271186,0.0,0.0,2264.122313942712,17,031,841100,2,170318411002
176.0,56.0,252.0,221.0,65.0,2.0,31.0,94.0,85.0,83.0,145.0,59.0,281.0,113.52022524967333,0.0,0.0,1663.5202252496733,17,031,841100,3,170318411003
569.0,196.0,66.0,9.0,98.0,257.0,4.0,21.0,0.0,11.0,25.0,0.0,24.0,114.0,0.0,0.0,1394.0,17,031,841100,4,170318411004
176.0,81.0,42.0,33.0,327.0,84.0,232.0,105.0,45.0,72.0,47.0,162.0,8.0,98.0,0.0,0.0,1512.0,17,031,841200,1,170318412001
67.0,3.0,86.0,141.0,208.0,282.0,15.0,10.0,128.0,366.0,144.0,180.0,74.0,90.73460548977503,0.0,0.0,1794.734605489775,17,031,841200,2,170318412002
311.0,97.0,204.0,212.0,241.0,299.0,172.0,68.0,56.0,147.0,111.0,36.0,48.0,94.0,0.0,0.0,2096.0,17,031,841200,3,170318412003
4.0,9.0,2.0,190.0,46.0,75.0,134.0,83.0,52.0,49.0,34.0,237.0,10.0,80.89785115416949,0.0,0.0,1005.8978511541695,17,031,841300,1,170318413001
143.0,33.0,276.0,202.0,93.0,44.0,44.0,40.0,25.0,40.0,168.0,22.0,24.0,97.75501119782433,0.0,0.0,1251.7550111978244,17,031,841300,2,170318413002
137.0,113.0,111.0,34.0,17.0,53.0,28.0,8.0,87.0,32.0,78.0,85.0,24.0,86.0,0.0,0.0,893.0,17,031,841300,3,170318413003
105.0,44.0,5.0,134.0,4.0,26.0,63.0,13.0,1.0,101.0,4.0,23.0,68.0,75.0,0.0,0.0,666.0,17,031,841300,4,170318413004
161.0,32.0,70.0,19.0,6.0,7.0,131.0,4.0,4.0,5.0,130.0,28.0,24.0,88.14283995634514,0.0,0.0,709.1428399563451,17,031,841400,1,170318414001
122.0,2.0,1.0,42.0,85.0,0.0,0.0,21.0,2.0,6.0,75.0,94.0,17.0,105.18365137244376,0.0,0.0,572.1836513724437,17,031,841400,2,170318414002
457.0,202.0,18.0,90.0,154.0,53.0,6.0,27.0,53.0,0.0,32.0,73.0,63.0,96.18365137244376,0.0,0.0,1324.1836513724438,17,031,841500,1,170318415001
190.0,325.0,78.0,88.0,82.0,77.0,26.0,14.0,18.0,61.0,27.0,27.0,17.0,83.0,0.0,0.0,1113.0,17,031,841500,2,170318415002
325.0,3.0,18.0,151.0,4.0,2.0,5.0,17.0,35.0,3.0,2.0,20.0,93.0,87.0,0.0,0.0,765.0,17,031,841600,1,170318416001
319.0,350.0,146.0,73.0,118.0,20.0,77.0,70.0,46.0,67.0,92.0,55.0,31.0,88.09182568622188,0.0,0.0,1552.091825686222,17,031,841700,1,170318417001
79.0,74.0,46.0,17.0,10.0,73.0,1.0,1.0,10.0,75.0,0.0,31.0,91.0,96.0,0.0,0.0,604.0,17,031,841800,1,170318418001
331.0,169.0,135.0,65.0,78.0,194.0,65.0,5.0,146.0,53.0,349.0,64.0,118.0,82.0,0.0,0.0,1854.0,17,031,841800,2,170318418002
70.0,4.0,4.0,8.0,7.0,3.0,11.0,0.0,0.0,101.0,143.0,172.0,301.0,101.40811416098613,0.0,0.0,925.4081141609861,17,031,841900,1,170318419001
99.0,29.0,20.0,2.0,39.0,4.0,43.0,43.0,45.0,114.0,205.0,168.0,305.0,88.02028540246532,0.0,0.0,1204.0202854024653,17,031,841900,2,170318419002
35.0,1.0,18.0,13.0,6.0,4.0,36.0,8.0,61.0,9.0,46.0,112.0,91.0,98.18365137244376,0.0,0.0,538.1836513724437,17,031,842000,1,170318420001
1.0,4.0,2.0,4.0,7.0,3.0,0.0,7.0,5.0,4.0,2.0,2.0,39.0,108.12243424829583,0.0,0.0,188.12243424829583,17,031,842000,2,170318420002
310.0,0.0,280.0,82.0,40.0,142.0,2.0,2.0,2.0,268.0,86.0,262.0,59.0,101.0,0.0,0.0,1636.0,17,031,842100,1,170318421001
199.0,80.0,124.0,107.0,123.0,72.0,27.0,1.0,3.0,1.0,105.0,148.0,67.0,106.35709989086286,0.0,0.0,1163.3570998908629,17,031,842100,2,170318421002
140.0,0.0,5.0,11.0,70.0,140.0,1.0,2.0,6.0,6.0,117.0,51.0,4.0,108.0,0.0,0.0,661.0,17,031,842100,3,170318421003
213.0,243.0,202.0,5.0,175.0,107.0,5.0,3.0,4.0,105.0,1.0,90.0,87.0,96.45912843110939,0.0,0.0,1336.4591284311093,17,031,842100,4,170318421004
128.0,0.0,0.0,38.0,109.0,3.0,136.0,0.0,86.0,52.0,79.0,123.0,67.0,85.0,0.0,0.0,906.0,17,031,842100,5,170318421005
179.0,40.0,55.0,0.0,248.0,1.0,35.0,0.0,0.0,2.0,44.0,35.0,69.0,87.0,0.0,0.0,795.0,17,031,842100,6,170318421006
358.0,98.0,26.0,18.0,31.0,77.0,47.0,16.0,18.0,29.0,180.0,361.0,175.0,100.33645357164559,0.0,0.0,1534.3364535716455,17,031,842200,1,170318422001
150.0,26.0,59.0,39.0,91.0,2.0,4.0,1.0,53.0,81.0,42.0,86.0,258.0,78.52022524967333,0.0,0.0,970.5202252496733,17,031,842300,1,170318423001
54.0,0.0,44.0,2.0,32.0,5.0,25.0,1.0,117.0,112.0,73.0,155.0,167.0,105.28555960710631,0.0,0.0,892.2855596071063,17,031,842300,2,170318423002
1.0,53.0,141.0,53.0,40.0,61.0,75.0,8.0,8.0,10.0,316.0,82.0,26.0,89.0,0.0,0.0,963.0,17,031,842400,1,170318424001
110.0,183.0,51.0,139.0,67.0,172.0,47.0,21.0,57.0,22.0,128.0,230.0,100.0,102.24486849659168,0.0,0.0,1429.2448684965916,17,031,842400,2,170318424002
205.0,43.0,0.0,79.0,56.0,7.0,131.0,1.0,2.0,31.0,132.0,34.0,10.0,105.0,0.0,0.0,836.0,17,031,842400,3,170318424003
1108.0,242.0,294.0,85.0,208.0,77.0,36.0,15.0,26.0,9.0,80.0,32.0,40.0,93.0,0.0,0.0,2345.0,17,031,842500,1,170318425001
105.0,28.0,100.0,3.0,9.0,30.0,144.0,43.0,124.0,79.0,134.0,242.0,78.0,102.0,0.0,0.0,1221.0,17,031,842600,1,170318426001
103.0,1.0,22.0,71.0,158.0,7.0,1.0,39.0,6.0,48.0,28.0,111.0,21.0,99.68359121965176,0.0,0.0,715.6835912196518,17,031,842600,2,170318426002
54.0,10.0,28.0,118.0,0.0,0.0,0.0,103.0,10.0,102.0,172.0,305.0,76.0,90.0,0.0,0.0,1068.0,17,031,842600,3,170318426003
248.0,134.0,60.0,18.0,11.0,1.0,0.0,40.0,11.0,78.0,139.0,186.0,148.0,68.28555960710631,0.0,0.0,1142.2855596071063,17,031,842600,4,170318426004
140.0,33.0,5.0,163.0,111.0,106.0,75.0,0.0,3.0,2.0,103.0,5.0,32.0,97.0,0.0,0.0,875.0,17,031,842800,1,170318428001
38.0,350.0,32.0,1.0,169.0,84.0,15.0,15.0,117.0,105.0,101.0,109.0,17.0,113.0,0.0,0.0,1266.0,17,031,842800,2,170318428002
30.0,55.0,249.0,43.0,44.0,25.0,28.0,48.0,3.0,200.0,79.0,55.0,163.0,92.0,0.0,0.0,1114.0,17,031,842800,3,170318428003
248.0,3.0,12.0,201.0,4.0,26.0,86.0,18.0,0.0,4.0,51.0,515.0,132.0,78.69379407367641,0.0,0.0,1378.6937940736764,17,031,842800,4,170318428004
57.0,102.0,341.0,9.0,223.0,194.0,45.0,92.0,108.0,199.0,297.0,54.0,102.0,109.28567991269028,0.0,0.0,1932.2856799126903,17,031,842800,5,170318428005
6.0,0.0,0.0,130.0,98.0,30.0,345.0,22.0,3.0,0.0,134.0,2.0,23.0,94.0,0.0,0.0,887.0,17,031,842800,6,170318428006
134.0,3.0,56.0,6.0,8.0,1.0,13.0,12.0,6.0,4.0,22.0,21.0,18.0,95.03060856207395,0.0,0.0,399.03060856207395,17,031,842900,1,170318429001
333.0,54.0,296.0,208.0,49.0,93.0,1.0,0.0,1.0,94.0,2.0,5.0,11.0,86.0,0.0,0.0,1233.0,17,031,842900,3,170318429003
48.0,65.0,0.0,4.0,1.0,0.0,2.0,2.0,5.0,46.0,2.0,34.0,3.0,88.0,0.0,0.0,300.0,17,031,842900,4,170318429004
476.0,162.0,203.0,100.0,107.0,193.0,137.0,0.0,44.0,0.0,5.0,53.0,78.0,97.0,0.0,0.0,1655.0,17,031,843000,1,170318430001
298.0,122.0,139.0,97.0,74.0,156.0,14.0,143.0,53.0,39.0,59.0,82.0,6.0,100.0,0.0,0.0,1382.0,17,031,843000,2,170318430002
269.0,179.0,68.0,136.0,16.0,163.0,150.0,74.0,40.0,41.0,167.0,22.0,59.0,104.0,0.0,0.0,1488.0,17,031,843100,1,170318431001
1.0,32.0,8.0,18.0,31.0,30.0,22.0,1.0,5.0,43.0,1.0,65.0,105.0,97.66318551160245,0.0,0.0,459.6631855116025,17,031,843100,2,170318431002
36.0,7.0,146.0,77.0,259.0,185.0,59.0,1.0,172.0,8.0,151.0,81.0,102.0,83.73460548977503,0.0,0.0,1367.734605489775,17,031,843200,1,170318432001
43.0,41.0,80.0,140.0,145.0,19.0,3.0,161.0,175.0,117.0,87.0,6.0,43.0,85.23466564256702,0.0,0.0,1145.234665642567,17,031,843200,2,170318432002
155.0,123.0,102.0,56.0,2.0,139.0,68.0,93.0,108.0,121.0,148.0,51.0,11.0,88.0,0.0,0.0,1265.0,17,031,843300,1,170318433001
72.0,82.0,117.0,223.0,65.0,105.0,39.0,6.0,18.0,81.0,153.0,145.0,120.0,96.0,0.0,0.0,1322.0,17,031,843400,1,170318434001
73.0,157.0,25.0,165.0,9.0,19.0,63.0,67.0,59.0,4.0,74.0,75.0,24.0,106.0,0.0,0.0,920.0,17,031,843500,1,170318435001
292.0,66.0,125.0,3.0,64.0,50.0,78.0,18.0,26.0,0.0,139.0,79.0,10.0,81.24486849659168,0.0,0.0,1031.2448684965916,17,031,843600,1,170318436001
184.0,213.0,140.0,123.0,58.0,161.0,2.0,33.0,25.0,69.0,33.0,128.0,59.0,97.0,0.0,0.0,1325.0,17,031,843600,2,170318436002
138.0,47.0,13.0,23.0,2.0,41.0,0.0,13.0,44.0,19.0,61.0,148.0,102.0,91.0,0.0,0.0,742.0,17,031,843700,1,170318437001
10.0,3.0,38.0,15.0,16.0,45.0,7.0,66.0,17.0,10.0,200.0,42.0,160.0,76.81622832197226,0.0,0.0,705.8162283219723,17,031,843700,2,170318437002
122.0,2.0,21.0,0.0,125.0,72.0,39.0,42.0,6.0,98.0,92.0,104.0,45.0,84.22446278854237,0.0,0.0,852.2244627885424,17,031,843800,1,170318438001
73.0,97.0,52.0,150.0,104.0,2.0,146.0,44.0,1.0,1.0,29.0,87.0,73.0,110.0,0.0,0.0,969.0,17,031,843800,2,170318438002
154.0,84.0,84.0,72.0,2.0,4.0,12.0,59.0,2.0,1.0,15.0,0.0,20.0,88.12243424829583,0.0,0.0,597.1224342482958,17,031,843900,1,170318439001
67.0,5.0,1.0,6.0,20.0,3.0,2.0,12.0,1.0,13.0,3.0,24.0,93.0,106.0,0.0,0.0,356.0,17,031,843900,2,170318439002
235.0,4.0,86.0,81.0,120.0,57.0,8.0,1.0,2.0,61.0,62.0,55.0,44.0,76.0,0.0,0.0,892.0,17,031,843900,3,170318439003
246.0,3.0,62.0,137.0,10.0,3.0,81.0,68.0,0.0,4.0,13.0,104.0,30.0,93.9386625702681,0.0,0.0,854.9386625702681,17,031,843900,4,170318439004
24.0,21.0,2.0,6.0,6.0,1.0,80.0,4.0,44.0,104.0,76.0,33.0,4.0,92.0,0.0,0.0,497.0,17,031,843900,5,170318439005
1.0,6.0,36.0,2.0,123.0,43.0,113.0,94.0,89.0,133.0,226.0,481.0,292.0,100.41831701501079,0.0,0.0,1739.4183170150109,17,043,840000,1,170438400001
90.0,18.0,69.0,2.0,49.0,20.0,0.0,244.0,30.0,10.0,118.0,183.0,92.0,80.0,0.0,0.0,1005.0,17,043,840000,2,170438400002
3.0,66.0,73.0,1.0,82.0,16.0,51.0,67.0,7.0,42.0,211.0,180.0,53.0,106.69367376809242,0.0,0.0,958.6936737680925,17,043,840101,1,170438401011
129.0,8.0,2.0,85.0,102.0,21.0,44.0,161.0,2.0,92.0,158.0,211.0,170.0,96.52034555525731,0.0,0.0,1281.5203455552573,17,043,840101,2,170438401012
39.0,13.0,12.0,59.0,18.0,44.0,24.0,30.0,23.0,183.0,347.0,473.0,72.0,87.0,0.0,0.0,1424.0,17,043,840101,3,170438401013
25.0,3.0,108.0,168.0,51.0,27.0,1.0,13.0,105.0,5.0,200.0,311.0,145.0,92.20393677490908,0.0,0.0,1254.2039367749092,17,043,840101,4,170438401014
54.0,58.0,55.0,82.0,52.0,79.0,82.0,63.0,2.0,73.0,156.0,282.0,147.0,97.5916452278459,0.0,0.0,1282.591645227846,17,043,840102,1,170438401021
0.0,93.0,28.0,32.0,3.0,121.0,163.0,98.0,19.0,142.0,387.0,279.0,89.0,98.84683688404621,0.0,0.0,1552.8468368840463,17,043,840102,2,170438401022
33.0,35.0,85.0,39.0,39.0,69.0,150.0,88.0,80.0,176.0,26.0,97.0,84.0,84.24486849659168,0.0,0.0,1085.2448684965916,17,043,840102,3,170438401023
5.0,47.0,99.0,130.0,82.0,50.0,46.0,50.0,0.0,49.0,167.0,318.0,219.0,96.29588276671494,0.0,0.0,1358.2958827667148,17,043,840103,1,170438401031
1.0,3.0,50.0,149.0,44.0,100.0,5.0,169.0,2.0,78.0,232.0,146.0,197.0,95.02028540246532,0.0,0.0,1271.0202854024653,17,043,840103,2,170438401032
0.0,2.0,1.0,33.0,0.0,2.0,110.0,6.0,24.0,202.0,181.0,279.0,126.0,96.9590682783174,0.0,0.0,1062.9590682783173,17,043,840103,3,170438401033
18.0,29.0,91.0,8.0,33.0,75.0,24.0,92.0,127.0,76.0,71.0,325.0,120.0,106.27547705866564,0.0,0.0,1195.2754770586657,17,043,840103,4,170438401034
101.0,92.0,77.0,5.0,120.0,65.0,10.0,17.0,37.0,19.0,190.0,204.0,48.0,85.45912843110939,0.0,0.0,1070.4591284311093,17,043,840104,1,170438401041
0.0,3.0,7.0,139.0,1.0,214.0,40.0,4.0,57.0,8.0,96.0,257.0,54.0,101.0,0.0,0.0,981.0,17,043,840104,2,170438401042
82.0,1.0,191.0,33.0,116.0,0.0,1.0,0.0,222.0,37.0,56.0,86.0,22.0,88.57135982538058,0.0,0.0,935.5713598253806,17,043,840104,3,170438401043
93.0,92.0,3.0,138.0,154.0,302.0,226.0,370.0,57.0,5.0,52.0,1.0,9.0,91.0,0.0,0.0,1593.0,17,043,840104,4,170438401044
95.0,34.0,24.0,2.0,252.0,58.0,138.0,42.0,2.0,34.0,4.0,241.0,59.0,68.0,0.0,0.0,1053.0,17,043,840104,5,170438401045
33.0,98.0,6.0,3.0,2.0,2.0,35.0,36.0,4.0,38.0,159.0,527.0,189.0,86.74480834379969,0.0,0.0,1218.7448083437996,17,043,840201,1,170438402011
1.0,9.0,1.0,219.0,17.0,34.0,3.0,71.0,67.0,67.0,194.0,293.0,246.0,103.40787354981816,0.0,0.0,1325.407873549818,17,043,840201,2,170438402012
51.0,18.0,23.0,1.0,176.0,97.0,4.0,2.0,0.0,314.0,242.0,230.0,150.0,98.70399692770107,0.0,0.0,1406.7039969277012,17,043,840201,3,170438402013
2.0,2.0,73.0,64.0,23.0,2.0,20.0,29.0,25.0,66.0,78.0,284.0,382.0,101.84671657846224,0.0,0.0,1151.8467165784623,17,043,840202,1,170438402021
4.0,55.0,0.0,40.0,21.0,7.0,0.0,19.0,0.0,100.0,137.0,55.0,171.0,92.4590081255254,0.0,0.0,701.4590081255254,17,043,840202,2,170438402022
104.0,24.0,5.0,6.0,2.0,21.0,6.0,6.0,55.0,10.0,94.0,57.0,45.0,91.06097651297995,0.0,0.0,526.06097651298,17,043,840202,3,170438402023
1.0,1.0,1.0,17.0,38.0,0.0,52.0,175.0,19.0,10.0,129.0,463.0,194.0,92.10178792907857,0.0,0.0,1192.1017879290785,17,043,840202,4,170438402024
54.0,0.0,23.0,3.0,1.0,70.0,6.0,3.0,32.0,73.0,133.0,69.0,150.0,106.19361361530045,0.0,0.0,723.1936136153005,17,043,840303,1,170438403031
57.0,141.0,77.0,19.0,50.0,6.0,133.0,87.0,4.0,121.0,97.0,449.0,240.0,101.0,0.0,0.0,1582.0,17,043,840303,2,170438403032
159.0,101.0,229.0,199.0,0.0,102.0,53.0,245.0,4.0,103.0,10.0,105.0,39.0,91.0,0.0,0.0,1440.0,17,043,840303,3,170438403033
6.0,83.0,178.0,74.0,111.0,46.0,77.0,89.0,122.0,94.0,260.0,244.0,142.0,82.52022524967333,0.0,0.0,1608.5202252496733,17,043,840304,1,170438403041
6.0,64.0,2.0,13.0,118.0,6.0,7.0,65.0,24.0,79.0,31.0,52.0,207.0,77.68359121965176,0.0,0.0,751.6835912196518,17,043,840304,2,170438403042
0.0,1.0,44.0,4.0,38.0,14.0,18.0,20.0,1.0,100.0,56.0,193.0,27.0,83.33669418281356,0.0,0.0,599.3366941828135,17,043,840304,3,170438403043
7.0,43.0,57.0,48.0,0.0,43.0,29.0,55.0,18.0,79.0,121.0,135.0,143.0,104.9590682783174,0.0,0.0,882.9590682783174,17,043,840600,1,170438406001
21.0,3.0,40.0,47.0,9.0,10.0,1.0,34.0,9.0,34.0,92.0,118.0,313.0,112.48949638201537,0.0,0.0,843.4894963820154,17,043,840600,2,170438406002
2.0,128.0,5.0,74.0,61.0,0.0,11.0,31.0,74.0,164.0,37.0,86.0,477.0,118.14259934517717,0.0,0.0,1268.1425993451771,17,043,840600,3,170438406003
155.0,101.0,12.0,54.0,53.0,0.0,79.0,110.0,115.0,79.0,176.0,273.0,137.0,109.72440263575038,0.0,0.0,1453.7244026357503,17,043,840703,1,170438407031
87.0,8.0,6.0,65.0,191.0,110.0,75.0,248.0,5.0,45.0,201.0,591.0,267.0,99.9386625702681,0.0,0.0,1998.9386625702682,17,043,840703,2,170438407032
3.0,47.0,17.0,19.0,70.0,6.0,65.0,33.0,46.0,73.0,113.0,176.0,53.0,93.40811416098613,0.0,0.0,814.4081141609861,17,043,840704,1,170438407041
98.0,72.0,170.0,115.0,140.0,8.0,211.0,327.0,134.0,38.0,123.0,285.0,223.0,90.0,0.0,0.0,2034.0,17,043,840704,2,170438407042
3.0,1.0,0.0,77.0,85.0,245.0,9.0,100.0,3.0,51.0,325.0,335.0,237.0,95.89785115416949,0.0,0.0,1566.8978511541695,17,043,840705,1,170438407051
2.0,8.0,20.0,20.0,54.0,34.0,22.0,30.0,207.0,107.0,28.0,165.0,186.0,98.0,0.0,0.0,981.0,17,043,840705,2,170438407052
3.0,26.0,55.0,62.0,49.0,85.0,0.0,28.0,66.0,70.0,51.0,277.0,315.0,114.09170538063789,0.0,0.0,1201.091705380638,17,043,840706,1,170438407061
39.0,1.0,49.0,52.0,62.0,1.0,0.0,24.0,3.0,198.0,455.0,164.0,323.0,97.765214051849,0.0,0.0,1468.765214051849,17,043,840706,2,170438407062
34.0,0.0,79.0,12.0,129.0,80.0,22.0,24.0,52.0,43.0,170.0,253.0,80.0,70.51014270123267,0.0,0.0,1048.5101427012326,17,043,840801,2,170438408012
289.0,79.0,30.0,0.0,27.0,93.0,24.0,19.0,73.0,12.0,19.0,162.0,76.0,91.81622832197226,0.0,0.0,994.8162283219722,17,043,840801,3,170438408013
1.0,105.0,1.0,52.0,175.0,44.0,57.0,3.0,7.0,209.0,50.0,157.0,150.0,105.21425993451771,0.0,0.0,1116.2142599345177,17,043,840802,1,170438408021
47.0,25.0,65.0,1.0,7.0,10.0,126.0,1.0,3.0,3.0,87.0,150.0,105.0,92.57135982538058,0.0,0.0,722.5713598253806,17,043,840802,2,170438408022
20.0,12.0,46.0,41.0,94.0,62.0,5.0,73.0,43.0,50.0,186.0,116.0,35.0,84.66306520601847,0.0,0.0,867.6630652060185,17,043,840802,3,170438408023
182.0,1.0,1.0,0.0,40.0,0.0,2.0,9.0,10.0,55.0,84.0,356.0,48.0,117.0,0.0,0.0,905.0,17,043,840802,4,170438408024
5.0,2.0,5.0,2.0,0.0,89.0,112.0,64.0,25.0,82.0,422.0,156.0,333.0,99.75501119782433,0.0,0.0,1396.7550111978244,17,043,840802,5,170438408025
127.0,62.0,77.0,98.0,19.0,151.0,34.0,163.0,38.0,307.0,121.0,281.0,91.0,90.24486849659168,0.0,0.0,1659.2448684965916,17,043,840901,1,170438409011
12.0,3.0,34.0,9.0,1.0,53.0,113.0,58.0,78.0,29.0,201.0,181.0,289.0,81.81622832197226,0.0,0.0,1142.8162283219722,17,043,840901,2,170438409012
20.0,63.0,115.0,268.0,330.0,20.0,94.0,189.0,59.0,130.0,269.0,116.0,247.0,94.37750559891217,0.0,0.0,2014.3775055989122,17,043,840904,1,170438409041
4.0,103.0,31.0,12.0,66.0,292.0,36.0,149.0,189.0,63.0,366.0,169.0,93.0,79.765214051849,0.0,0.0,1652.765214051849,17,043,840904,2,170438409042
13.0,68.0,152.0,74.0,79.0,3.0,289.0,33.0,205.0,211.0,11.0,149.0,55.0,99.0,0.0,0.0,1441.0,17,043,840906,1,170438409061
18.0,6.0,104.0,48.0,39.0,150.0,104.0,29.0,25.0,106.0,286.0,251.0,128.0,109.70399692770107,0.0,0.0,1403.7039969277012,17,043,840906,2,170438409062
41.0,132.0,0.0,118.0,34.0,106.0,93.0,168.0,83.0,117.0,457.0,295.0,197.0,81.8264311759969,0.0,0.0,1922.826431175997,17,043,840907,1,170438409071
238.0,6.0,385.0,26.0,54.0,43.0,1.0,97.0,63.0,56.0,182.0,309.0,58.0,92.71407947614173,0.0,0.0,1610.7140794761417,17,043,840907,2,170438409072
12.0,0.0,245.0,4.0,69.0,2.0,16.0,12.0,3.0,15.0,286.0,73.0,244.0,94.60184808187056,0.0,0.0,1075.6018480818705,17,043,840908,1,170438409081
4.0,2.0,1.0,2.0,87.0,1.0,154.0,105.0,62.0,157.0,152.0,551.0,95.0,100.22410187179042,0.0,0.0,1473.2241018717905,17,043,840908,2,170438409082
175.0,4.0,0.0,76.0,113.0,43.0,170.0,79.0,34.0,54.0,75.0,184.0,97.0,109.0,0.0,0.0,1213.0,17,043,840908,3,170438409083
6.0,2.0,2.0,2.0,126.0,18.0,121.0,87.0,30.0,73.0,220.0,106.0,194.0,82.35673897411091,0.0,0.0,1069.3567389741108,17,043,840910,1,170438409101
0.0,11.0,10.0,2.0,102.0,205.0,69.0,7.0,65.0,305.0,180.0,356.0,96.0,103.0,0.0,0.0,1511.0,17,043,840910,2,170438409102
2.0,6.0,4.0,1.0,4.0,14.0,162.0,3.0,49.0,162.0,184.0,222.0,111.0,104.29576246113096,0.0,0.0,1028.2957624611308,17,043,840910,3,170438409103
1.0,4.0,120.0,37.0,109.0,196.0,96.0,25.0,111.0,6.0,152.0,85.0,13.0,80.0,0.0,0.0,1035.0,17,043,840910,4,170438409104
16.0,29.0,2.0,40.0,2.0,33.0,27.0,67.0,7.0,81.0,30.0,158.0,91.0,83.58144237382125,0.0,0.0,666.5814423738212,17,043,840911,1,170438409111
52.0,24.0,90.0,116.0,112.0,60.0,1.0,101.0,135.0,262.0,84.0,321.0,285.0,88.7038766221171,0.0,0.0,1731.7038766221171,17,043,840911,2,170438409112
3.0,5.0,0.0,49.0,4.0,73.0,30.0,70.0,49.0,163.0,208.0,347.0,56.0,102.72440263575038,0.0,0.0,1159.7244026357503,17,043,841002,1,170438410021
73.0,1.0,111.0,1.0,2.0,41.0,18.0,83.0,16.0,69.0,31.0,115.0,158.0,110.51002239564868,0.0,0.0,829.5100223956487,17,043,841002,2,170438410022
0.0,1.0,130.0,11.0,65.0,4.0,122.0,41.0,137.0,69.0,266.0,168.0,108.0,100.3772649877442,0.0,0.0,1222.3772649877442,17,043,841003,1,170438410031
49.0,41.0,25.0,23.0,0.0,24.0,11.0,127.0,63.0,55.0,223.0,138.0,269.0,83.62237409550384,0.0,0.0,1131.6223740955038,17,043,841003,2,170438410032
21.0,1.0,183.0,63.0,0.0,74.0,54.0,87.0,177.0,168.0,124.0,352.0,100.0,101.59176553342988,0.0,0.0,1505.59176553343,17,043,841004,1,170438410041
48.0,45.0,55.0,6.0,7.0,59.0,29.0,75.0,193.0,221.0,159.0,222.0,171.0,85.45888781994142,0.0,0.0,1375.4588878199415,17,043,841004,2,170438410042
1.0,0.0,9.0,9.0,1.0,49.0,13.0,58.0,4.0,277.0,1.0,108.0,377.0,100.46933128513405,0.0,0.0,1007.4693312851341,17,043,841102,1,170438411021
16.0,3.0,158.0,2.0,4.0,0.0,49.0,81.0,0.0,309.0,81.0,260.0,40.0,115.0,0.0,0.0,1118.0,17,043,841102,2,170438411022
28.0,11.0,2.0,31.0,3.0,20.0,24.0,158.0,32.0,88.0,111.0,403.0,339.0,91.34689703683821,0.0,0.0,1341.3468970368383,17,043,841102,3,170438411023
1.0,36.0,3.0,14.0,3.0,40.0,33.0,13.0,65.0,318.0,231.0,336.0,216.0,87.57123951979659,0.0,0.0,1396.5712395197966,17,043,841102,4,170438411024
12.0,109.0,104.0,66.0,5.0,152.0,23.0,30.0,41.0,160.0,163.0,482.0,358.0,74.51014270123267,0.0,0.0,1779.5101427012326,17,043,841103,1,170438411031
37.0,7.0,2.0,7.0,41.0,54.0,17.0,23.0,50.0,37.0,211.0,42.0,193.0,121.53054840928196,0.0,0.0,842.530548409282,17,043,841103,2,170438411032
5.0,8.0,0.0,1.0,0.0,66.0,17.0,59.0,11.0,32.0,90.0,147.0,100.0,82.72428233016639,0.0,0.0,618.7242823301664,17,043,841103,3,170438411033
3.0,25.0,15.0,8.0,0.0,93.0,20.0,43.0,20.0,3.0,129.0,191.0,62.0,91.27547705866564,0.0,0.0,703.2754770586656,17,043,841104,1,170438411041
5.0,3.0,6.0,24.0,16.0,0.0,42.0,4.0,23.0,77.0,99.0,364.0,113.0,76.59176553342988,0.0,0.0,852.5917655334299,17,043,841104,2,170438411042
20.0,2.0,10.0,74.0,4.0,3.0,1.0,4.0,26.0,81.0,52.0,207.0,211.0,96.9386625702681,0.0,0.0,791.9386625702681,17,043,841104,3,170438411043
4.0,0.0,10.0,82.0,102.0,0.0,2.0,15.0,43.0,199.0,243.0,206.0,166.0,106.45912843110939,0.0,0.0,1178.4591284311093,17,043,841104,4,170438411044
0.0,0.0,123.0,2.0,89.0,46.0,8.0,53.0,11.0,305.0,66.0,502.0,52.0,95.25507135061633,0.0,0.0,1352.2550713506164,17,043,841108,1,170438411081
150.0,3.0,2.0,1.0,30.0,112.0,83.0,136.0,0.0,114.0,93.0,214.0,175.0,98.60196838745455,0.0,0.0,1211.6019683874545,17,043,841108,2,170438411082
19.0,2.0,51.0,6.0,0.0,57.0,84.0,7.0,5.0,99.0,97.0,433.0,207.0,91.87732514053619,0.0,0.0,1158.8773251405362,17,043,841108,3,170438411083
0.0,1.0,10.0,3.0,1.0,45.0,17.0,39.0,31.0,80.0,112.0,72.0,382.0,117.64277980355315,0.0,0.0,910.6427798035531,17,043,841109,1,170438411091
61.0,56.0,160.0,24.0,15.0,133.0,310.0,17.0,3.0,207.0,146.0,289.0,221.0,92.53054840928196,0.0,0.0,1734.530548409282,17,043,841109,2,170438411092
26.0,1.0,65.0,5.0,44.0,144.0,20.0,64.0,21.0,12.0,320.0,131.0,112.0,78.68359121965176,0.0,0.0,1043.6835912196518,17,043,841109,3,170438411093
8.0,4.0,57.0,91.0,30.0,13.0,53.0,6.0,56.0,130.0,44.0,400.0,100.0,99.0,0.0,0.0,1091.0,17,043,841110,1,170438411101
95.0,37.0,11.0,5.0,58.0,4.0,145.0,30.0,40.0,145.0,93.0,190.0,189.0,110.84683688404621,0.0,0.0,1152.8468368840463,17,043,841110,2,170438411102
1.0,2.0,3.0,23.0,86.0,1.0,2.0,1.0,133.0,1.0,108.0,167.0,162.0,85.51002239564868,0.0,0.0,775.5100223956487,17,043,841110,3,170438411103
29.0,17.0,55.0,86.0,1.0,35.0,76.0,81.0,94.0,158.0,96.0,171.0,233.0,76.89761054300152,0.0,0.0,1208.8976105430015,17,043,841111,1,170438411111
36.0,94.0,181.0,136.0,76.0,22.0,92.0,55.0,60.0,110.0,241.0,263.0,67.0,68.1530428103698,0.0,0.0,1501.1530428103697,17,043,841111,2,170438411112
43.0,2.0,0.0,0.0,11.0,1.0,72.0,78.0,52.0,52.0,238.0,426.0,167.0,104.75489089224035,0.0,0.0,1246.7548908922404,17,043,841112,1,170438411121
5.0,2.0,0.0,77.0,46.0,100.0,6.0,8.0,61.0,81.0,24.0,210.0,216.0,81.14271965076117,0.0,0.0,917.1427196507611,17,043,841112,2,170438411122
5.0,4.0,25.0,23.0,77.0,2.0,43.0,42.0,0.0,146.0,40.0,15.0,273.0,101.98955653480738,0.0,0.0,796.9895565348073,17,043,841113,1,170438411131
156.0,174.0,67.0,117.0,3.0,61.0,39.0,318.0,261.0,196.0,136.0,381.0,134.0,104.59176553342988,0.0,0.0,2147.5917655334297,17,043,841113,2,170438411132
3.0,4.0,27.0,14.0,46.0,32.0,38.0,89.0,70.0,45.0,86.0,257.0,60.0,92.16324566439445,0.0,0.0,863.1632456643945,17,043,841114,1,170438411141
1.0,15.0,1.0,4.0,8.0,37.0,2.0,11.0,91.0,94.0,134.0,179.0,183.0,102.48949638201537,0.0,0.0,862.4894963820154,17,043,841114,2,170438411142
2.0,2.0,10.0,37.0,15.0,50.0,4.0,7.0,17.0,179.0,252.0,298.0,156.0,104.27535675308165,0.0,0.0,1133.2753567530817,17,043,841114,3,170438411143
1.0,2.0,28.0,2.0,86.0,3.0,3.0,17.0,16.0,2.0,47.0,251.0,58.0,94.22434248295838,0.0,0.0,610.2243424829584,17,043,841204,1,170438412041
60.0,85.0,84.0,23.0,97.0,150.0,158.0,33.0,26.0,161.0,10.0,85.0,164.0,92.76497344068102,0.0,0.0,1228.764973440681,17,043,841204,2,170438412042
33.0,1.0,23.0,2.0,45.0,57.0,56.0,29.0,4.0,3.0,327.0,91.0,91.0,92.86724259209552,0.0,0.0,854.8672425920955,17,043,841204,3,170438412043
52.0,2.0,5.0,89.0,19.0,5.0,4.0,43.0,11.0,191.0,361.0,474.0,184.0,94.72428233016639,0.0,0.0,1534.7242823301665,17,043,841204,4,170438412044
24.0,2.0,41.0,2.0,57.0,47.0,29.0,143.0,75.0,129.0,121.0,179.0,37.0,96.60196838745455,0.0,0.0,982.6019683874546,17,043,841204,5,170438412045
25.0,23.0,2.0,4.0,190.0,139.0,113.0,47.0,115.0,242.0,34.0,285.0,285.0,104.030247645322,0.0,0.0,1608.030247645322,17,043,841205,1,170438412051
12.0,1.0,4.0,16.0,23.0,16.0,42.0,51.0,50.0,93.0,293.0,257.0,338.0,108.4386024174761,0.0,0.0,1304.4386024174762,17,043,841205,2,170438412052
64.0,0.0,2.0,3.0,12.0,35.0,30.0,0.0,25.0,47.0,56.0,201.0,280.0,90.58132206823726,0.0,0.0,845.5813220682372,17,043,841205,3,170438412053
5.0,4.0,17.0,23.0,3.0,1.0,51.0,25.0,2.0,2.0,89.0,353.0,427.0,104.03012733973802,0.0,0.0,1106.030127339738,17,043,841206,1,170438412061
11.0,8.0,43.0,5.0,28.0,1.0,65.0,76.0,21.0,114.0,216.0,219.0,425.0,100.0,0.0,0.0,1332.0,17,043,841206,2,170438412062
56.0,133.0,47.0,214.0,64.0,179.0,139.0,147.0,67.0,86.0,84.0,213.0,309.0,95.64265949796916,0.0,0.0,1833.6426594979691,17,043,841206,3,170438412063
69.0,2.0,0.0,8.0,34.0,16.0,128.0,135.0,0.0,18.0,369.0,705.0,180.0,89.88764830014483,0.0,0.0,1753.8876483001447,17,043,841207,1,170438412071
1.0,24.0,2.0,18.0,70.0,12.0,0.0,109.0,49.0,160.0,236.0,249.0,107.0,91.22446278854237,0.0,0.0,1128.2244627885423,17,043,841207,2,170438412072
95.0,27.0,113.0,2.0,46.0,55.0,47.0,64.0,87.0,277.0,257.0,575.0,183.0,88.38758814735283,0.0,0.0,1916.3875881473527,17,043,841208,1,170438412081
5.0,237.0,74.0,21.0,0.0,125.0,19.0,54.0,50.0,108.0,96.0,349.0,160.0,90.4387227230601,0.0,0.0,1388.43872272306,17,043,841208,2,170438412082
2.0,4.0,7.0,84.0,24.0,95.0,6.0,120.0,30.0,60.0,274.0,147.0,88.0,91.52034555525731,0.0,0.0,1032.5203455552573,17,043,841208,3,170438412083
2.0,6.0,2.0,22.0,71.0,24.0,17.0,78.0,96.0,102.0,126.0,298.0,498.0,92.36718243930353,0.0,0.0,1434.3671824393036,17,043,841209,1,170438412091
4.0,39.0,223.0,85.0,23.0,55.0,5.0,44.0,4.0,36.0,10.0,550.0,263.0,96.17320790725114,0.0,0.0,1437.173207907251,17,043,841209,2,170438412092
123.0,1.0,5.0,4.0,5.0,12.0,1.0,63.0,130.0,34.0,136.0,63.0,66.0,87.26527420464097,0.0,0.0,730.265274204641,17,043,841210,1,170438412101
35.0,42.0,91.0,74.0,83.0,217.0,64.0,46.0,182.0,222.0,314.0,288.0,95.0,85.68347091406778,0.0,0.0,1838.6834709140678,17,043,841210,2,170438412102
2.0,84.0,0.0,38.0,1.0,235.0,128.0,85.0,17.0,30.0,63.0,118.0,141.0,86.89785115416949,0.0,0.0,1028.8978511541695,17,043,841210,3,170438412103
0.0,7.0,1.0,43.0,1.0,0.0,2.0,3.0,4.0,124.0,62.0,371.0,357.0,108.08150252661324,0.0,0.0,1083.0815025266133,17,043,841307,1,170438413071
5.0,17.0,56.0,18.0,175.0,58.0,63.0,74.0,28.0,182.0,131.0,247.0,282.0,113.53042810369799,0.0,0.0,1449.530428103698,17,043,841307,2,170438413072
7.0,6.0,4.0,0.0,39.0,3.0,0.0,14.0,4.0,27.0,62.0,237.0,140.0,101.30572470398764,0.0,0.0,644.3057247039876,17,043,841307,3,170438413073
2.0,0.0,9.0,2.0,2.0,30.0,4.0,41.0,1.0,51.0,206.0,295.0,655.0,92.48961668759937,0.0,0.0,1390.4896166875994,17,043,841307,4,170438413074
1.0,12.0,0.0,0.0,6.0,8.0,5.0,43.0,11.0,48.0,23.0,228.0,138.0,102.8264311759969,0.0,0.0,625.826431175997,17,043,841308,1,170438413081
1.0,10.0,40.0,17.0,21.0,0.0,147.0,0.0,28.0,145.0,4.0,203.0,387.0,100.74456773263171,0.0,0.0,1103.7445677326318,17,043,841308,2,170438413082
21.0,2.0,2.0,2.0,2.0,0.0,2.0,2.0,23.0,32.0,131.0,331.0,337.0,100.9279784939075,0.0,0.0,987.9279784939075,17,043,841308,3,170438413083
31.0,8.0,6.0,4.0,4.0,27.0,61.0,209.0,47.0,117.0,172.0,426.0,437.0,96.4992180137041,0.0,0.0,1645.4992180137042,17,043,841310,1,170438413101
16.0,4.0,1.0,0.0,503.0,315.0,195.0,69.0,4.0,48.0,238.0,217.0,104.0,86.0,0.0,0.0,1800.0,17,043,841312,1,170438413121
22.0,4.0,0.0,129.0,71.0,106.0,2.0,4.0,5.0,204.0,210.0,392.0,176.0,88.35685927969489,0.0,0.0,1413.3568592796948,17,043,841312,2,170438413122
87.0,1.0,123.0,80.0,67.0,97.0,3.0,141.0,130.0,189.0,200.0,343.0,442.0,91.54063095772264,0.0,0.0,1994.5406309577227,17,043,841313,1,170438413131
0.0,1.0,1.0,0.0,22.0,3.0,43.0,30.0,0.0,0.0,164.0,582.0,99.0,96.96915082675807,0.0,0.0,1041.969150826758,17,043,841314,1,170438413141
2.0,1.0,1.0,21.0,21.0,15.0,2.0,152.0,82.0,132.0,1.0,182.0,88.0,90.85691943248688,0.0,0.0,790.8569194324868,17,043,841314,2,170438413142
11.0,3.0,5.0,57.0,79.0,6.0,2.0,6.0,23.0,1.0,194.0,109.0,191.0,91.0,0.0,0.0,778.0,17,043,841314,3,170438413143
43.0,5.0,2.0,2.0,2.0,3.0,73.0,195.0,1.0,3.0,298.0,162.0,218.0,89.93842195910013,0.0,0.0,1096.9384219591002,17,043,841314,4,170438413144
0.0,4.0,7.0,0.0,61.0,0.0,2.0,0.0,79.0,115.0,88.0,285.0,110.0,83.57135982538058,0.0,0.0,834.5713598253806,17,043,841314,5,170438413145
1.0,1.0,5.0,1.0,175.0,13.0,4.0,273.0,29.0,151.0,105.0,328.0,291.0,86.72440263575038,0.0,0.0,1463.7244026357503,17,043,841315,1,170438413151
91.0,62.0,89.0,1.0,94.0,8.0,93.0,85.0,47.0,162.0,78.0,304.0,90.0,81.26527420464097,0.0,0.0,1285.265274204641,17,043,841315,2,170438413152
1.0,44.0,8.0,50.0,16.0,41.0,3.0,31.0,49.0,1.0,172.0,108.0,181.0,76.93854226468412,0.0,0.0,781.9385422646841,17,043,841316,1,170438413161
0.0,6.0,8.0,32.0,16.0,47.0,82.0,106.0,2.0,104.0,226.0,462.0,266.0,86.86724259209552,0.0,0.0,1443.8672425920956,17,043,841316,2,170438413162
50.0,1.0,2.0,38.0,77.0,67.0,89.0,196.0,8.0,60.0,55.0,119.0,155.0,99.96915082675807,0.0,0.0,1016.9691508267581,17,043,841318,1,170438413181
7.0,0.0,26.0,5.0,7.0,9.0,3.0,100.0,14.0,43.0,120.0,484.0,184.0,90.25495104503234,0.0,0.0,1092.2549510450324,17,043,841318,2,170438413182
5.0,39.0,63.0,6.0,9.0,285.0,134.0,21.0,6.0,37.0,169.0,449.0,129.0,88.29576246113096,0.0,0.0,1440.295762461131,17,043,841320,1,170438413201
64.0,190.0,4.0,13.0,56.0,26.0,2.0,82.0,168.0,51.0,93.0,107.0,98.0,89.61217124147919,0.0,0.0,1043.6121712414792,17,043,841320,2,170438413202
11.0,34.0,10.0,5.0,0.0,14.0,59.0,22.0,2.0,62.0,114.0,615.0,509.0,90.41771548709086,0.0,0.0,1547.4177154870908,17,043,841321,1,170438413211
15.0,0.0,31.0,2.0,7.0,34.0,70.0,55.0,66.0,26.0,150.0,399.0,225.0,96.60196838745455,0.0,0.0,1176.6019683874545,17,043,841322,1,170438413221
4.0,12.0,0.0,1.0,66.0,4.0,3.0,64.0,84.0,1.0,140.0,187.0,468.0,108.45912843110939,0.0,0.0,1142.4591284311093,17,043,841322,2,170438413222
4.0,34.0,11.0,0.0,0.0,14.0,28.0,137.0,112.0,2.0,299.0,407.0,302.0,86.48961668759937,0.0,0.0,1436.4896166875994,17,043,841322,3,170438413223
6.0,22.0,51.0,12.0,2.0,101.0,3.0,7.0,73.0,2.0,304.0,342.0,215.0,101.91801625105082,0.0,0.0,1241.9180162510509,17,043,841323,1,170438413231
2.0,3.0,8.0,36.0,33.0,158.0,54.0,29.0,0.0,25.0,336.0,201.0,85.0,105.57135982538058,0.0,0.0,1075.5713598253806,17,043,841323,2,170438413232
15.0,2.0,8.0,1.0,10.0,3.0,37.0,12.0,49.0,33.0,8.0,197.0,306.0,90.39767069579351,0.0,0.0,771.3976706957935,17,043,841324,1,170438413241
8.0,2.0,2.0,14.0,1.0,20.0,31.0,44.0,2.0,51.0,117.0,375.0,250.0,89.8264311759969,0.0,0.0,1006.826431175997,17,043,841324,2,170438413242
2.0,0.0,21.0,2.0,149.0,0.0,0.0,2.0,2.0,8.0,0.0,495.0,122.0,95.9386625702681,0.0,0.0,898.9386625702681,17,043,841325,1,170438413251
3.0,10.0,44.0,21.0,1.0,1.0,3.0,16.0,5.0,36.0,283.0,215.0,299.0,106.12219363712786,0.0,0.0,1043.122193637128,17,043,841325,2,170438413252
25.0,25.0,2.0,31.0,0.0,75.0,73.0,56.0,1.0,36.0,157.0,231.0,334.0,89.64277980355315,0.0,0.0,1135.6427798035531,17,043,841325,3,170438413253
29.0,2.0,64.0,5.0,0.0,1.0,61.0,56.0,29.0,132.0,227.0,500.0,107.0,84.4181967094268,0.0,0.0,1297.4181967094269,17,043,841325,4,170438413254
3.0,2.0,0.0,0.0,15.0,20.0,0.0,58.0,13.0,0.0,149.0,178.0,226.0,92.530307798114,0.0,0.0,756.530307798114,17,043,841326,1,170438413261
81.0,3.0,3.0,29.0,80.0,2.0,14.0,13.0,9.0,64.0,161.0,75.0,169.0,90.83651372443758,0.0,0.0,793.8365137244376,17,043,841326,2,170438413262
10.0,1.0,0.0,1.0,4.0,0.0,50.0,3.0,4.0,32.0,70.0,233.0,222.0,102.36718243930353,0.0,0.0,732.3671824393035,17,043,841327,1,170438413271
31.0,2.0,1.0,63.0,2.0,1.0,25.0,0.0,13.0,18.0,112.0,178.0,312.0,89.25483073944835,0.0,0.0,847.2548307394484,17,043,841327,2,170438413272
5.0,1.0,42.0,10.0,79.0,66.0,0.0,1.0,18.0,44.0,54.0,138.0,410.0,101.38758814735283,0.0,0.0,969.3875881473529,17,043,841327,3,170438413273
7.0,1.0,5.0,212.0,1.0,2.0,217.0,95.0,98.0,321.0,564.0,559.0,201.0,76.04069111051463,0.0,0.0,2359.0406911105147,17,043,841401,1,170438414011
57.0,34.0,0.0,17.0,10.0,79.0,0.0,1.0,75.0,24.0,231.0,81.0,110.0,94.0,0.0,0.0,813.0,17,043,841401,2,170438414012
3.0,2.0,5.0,7.0,12.0,31.0,0.0,1.0,115.0,29.0,115.0,224.0,139.0,86.7038766221171,0.0,0.0,769.703876622117,17,043,841401,3,170438414013
5.0,7.0,2.0,49.0,2.0,35.0,2.0,99.0,0.0,61.0,142.0,45.0,129.0,100.62225378991985,0.0,0.0,678.6222537899199,17,043,841401,4,170438414014
0.0,0.0,1.0,30.0,1.0,1.0,41.0,46.0,93.0,91.0,95.0,126.0,166.0,96.69379407367641,0.0,0.0,787.6937940736764,17,043,841403,1,170438414031
24.0,11.0,2.0,143.0,0.0,4.0,14.0,5.0,0.0,95.0,69.0,70.0,74.0,93.83651372443758,0.0,0.0,604.8365137244376,17,043,841403,2,170438414032
42.0,41.0,50.0,16.0,29.0,46.0,8.0,28.0,15.0,140.0,100.0,316.0,182.0,99.19361361530045,0.0,0.0,1112.1936136153004,17,043,841403,3,170438414033
6.0,18.0,6.0,1.0,0.0,6.0,28.0,8.0,17.0,34.0,75.0,77.0,333.0,87.76497344068102,0.0,0.0,696.764973440681,17,043,841404,1,170438414041
129.0,23.0,7.0,156.0,137.0,40.0,51.0,12.0,4.0,177.0,166.0,243.0,112.0,92.49993984720801,0.0,0.0,1349.499939847208,17,043,841404,2,170438414042
38.0,3.0,36.0,5.0,98.0,4.0,75.0,0.0,1.0,74.0,64.0,164.0,292.0,92.83663403002157,0.0,0.0,946.8366340300215,17,043,841501,1,170438415011
222.0,14.0,5.0,20.0,8.0,631.0,61.0,113.0,3.0,162.0,78.0,106.0,110.0,91.0,0.0,0.0,1624.0,17,043,841501,2,170438415012
0.0,1.0,83.0,77.0,137.0,45.0,44.0,25.0,204.0,34.0,222.0,500.0,233.0,97.29576246113096,0.0,0.0,1702.295762461131,17,043,841501,3,170438415013
4.0,6.0,4.0,47.0,22.0,20.0,21.0,2.0,65.0,1.0,384.0,387.0,163.0,78.71407947614173,0.0,0.0,1204.7140794761417,17,043,841501,4,170438415014
88.0,37.0,11.0,5.0,76.0,126.0,146.0,111.0,17.0,240.0,282.0,310.0,35.0,87.6325769495285,0.0,0.0,1571.6325769495286,17,043,841503,1,170438415031
4.0,46.0,3.0,30.0,55.0,214.0,77.0,10.0,62.0,126.0,410.0,460.0,371.0,86.21425993451771,0.0,0.0,1954.2142599345177,17,043,841503,2,170438415032
17.0,45.0,1.0,40.0,120.0,131.0,58.0,72.0,5.0,281.0,47.0,239.0,180.0,84.30596531515562,0.0,0.0,1320.3059653151556,17,043,841504,1,170438415041
113.0,42.0,66.0,25.0,53.0,116.0,2.0,51.0,0.0,128.0,150.0,220.0,110.0,88.01008254844066,0.0,0.0,1164.0100825484408,17,043,841504,2,170438415042
1.0,2.0,30.0,25.0,1.0,2.0,20.0,19.0,10.0,16.0,193.0,51.0,188.0,97.95894797273341,0.0,0.0,655.9589479727334,17,043,841603,1,170438416031
3.0,53.0,1.0,216.0,18.0,71.0,363.0,3.0,63.0,23.0,140.0,175.0,123.0,104.31628847476425,0.0,0.0,1356.3162884747642,17,043,841603,2,170438416032
75.0,45.0,51.0,41.0,80.0,15.0,42.0,20.0,67.0,127.0,72.0,219.0,202.0,94.55095411733127,0.0,0.0,1150.5509541173312,17,043,841603,3,170438416033
65.0,3.0,0.0,26.0,34.0,1.0,188.0,166.0,81.0,216.0,289.0,467.0,270.0,99.37738529332819,0.0,0.0,1905.3773852933282,17,043,841604,1,170438416041
102.0,0.0,125.0,5.0,7.0,183.0,116.0,123.0,66.0,196.0,301.0,325.0,183.0,102.87744544612018,0.0,0.0,1834.8774454461202,17,043,841604,2,170438416042
88.0,14.0,0.0,28.0,4.0,37.0,7.0,43.0,0.0,79.0,84.0,94.0,174.0,95.33669418281356,0.0,0.0,747.3366941828135,17,043,841605,1,170438416051
252.0,1.0,61.0,61.0,349.0,303.0,4.0,174.0,29.0,164.0,4.0,139.0,61.0,99.04069111051463,0.0,0.0,1701.0406911105147,17,043,841605,2,170438416052
1.0,32.0,0.0,2.0,1.0,20.0,0.0,5.0,2.0,160.0,102.0,253.0,184.0,115.0712996725886,0.0,0.0,877.0712996725886,17,043,841605,3,170438416053
2.0,31.0,19.0,5.0,49.0,79.0,32.0,2.0,11.0,159.0,107.0,173.0,205.0,93.37750559891217,0.0,0.0,967.3775055989122,17,043,841606,1,170438416061
0.0,3.0,3.0,0.0,4.0,3.0,2.0,1.0,1.0,94.0,74.0,220.0,210.0,92.27535675308165,0.0,0.0,707.2753567530816,17,043,841606,2,170438416062
31.0,5.0,3.0,7.0,5.0,13.0,15.0,51.0,56.0,183.0,114.0,378.0,333.0,83.29576246113096,0.0,0.0,1277.295762461131,17,043,841607,1,170438416071
41.0,1.0,9.0,24.0,9.0,4.0,45.0,233.0,132.0,274.0,219.0,304.0,96.0,99.40811416098613,0.0,0.0,1490.408114160986,17,043,841607,2,170438416072
7.0,15.0,3.0,147.0,43.0,4.0,91.0,0.0,33.0,116.0,126.0,283.0,427.0,92.64277980355315,0.0,0.0,1387.6427798035531,17,043,841607,3,170438416073
7.0,138.0,79.0,172.0,15.0,4.0,45.0,101.0,42.0,90.0,233.0,267.0,270.0,94.28555960710631,0.0,0.0,1557.2855596071063,17,043,841703,1,170438417031
360.0,105.0,87.0,107.0,80.0,111.0,127.0,202.0,84.0,62.0,323.0,16.0,53.0,114.0,0.0,0.0,1831.0,17,043,841703,2,170438417032
1.0,290.0,41.0,149.0,88.0,199.0,68.0,61.0,19.0,118.0,150.0,176.0,40.0,91.31628847476425,0.0,0.0,1491.3162884747642,17,043,841703,3,170438417033
127.0,137.0,179.0,199.0,192.0,36.0,102.0,149.0,21.0,160.0,182.0,168.0,7.0,93.85703973807087,0.0,0.0,1752.8570397380709,17,043,841703,4,170438417034
3.0,0.0,2.0,4.0,21.0,91.0,1.0,0.0,34.0,5.0,86.0,172.0,121.0,95.04057080493064,0.0,0.0,635.0405708049307,17,043,841704,1,170438417041
206.0,1.0,6.0,171.0,226.0,1.0,73.0,1.0,2.0,11.0,113.0,84.0,329.0,116.88752799456084,0.0,0.0,1340.8875279945607,17,043,841704,2,170438417042
2.0,0.0,10.0,0.0,3.0,14.0,2.0,3.0,1.0,51.0,27.0,162.0,263.0,88.81622832197226,0.0,0.0,626.8162283219723,17,043,841704,3,170438417043
2.0,5.0,5.0,2.0,3.0,42.0,1.0,3.0,78.0,3.0,168.0,97.0,131.0,88.37738529332819,0.0,0.0,628.3773852933282,17,043,841705,1,170438417051
207.0,168.0,1.0,114.0,197.0,150.0,76.0,151.0,146.0,410.0,521.0,482.0,177.0,106.265153899057,0.0,0.0,2906.265153899057,17,043,841705,2,170438417052
1.0,41.0,0.0,3.0,17.0,4.0,171.0,2.0,37.0,126.0,219.0,141.0,328.0,91.55095411733127,0.0,0.0,1181.5509541173312,17,043,841705,3,170438417053
16.0,28.0,2.0,42.0,128.0,159.0,92.0,81.0,10.0,407.0,306.0,376.0,219.0,116.52034555525731,0.0,0.0,1982.5203455552573,17,043,841706,1,170438417061
105.0,19.0,45.0,120.0,221.0,36.0,129.0,310.0,119.0,193.0,123.0,129.0,10.0,96.66318551160245,0.0,0.0,1655.6631855116025,17,043,841706,2,170438417062
13.0,7.0,1.0,59.0,7.0,84.0,9.0,40.0,31.0,78.0,70.0,124.0,316.0,90.21425993451771,0.0,0.0,929.2142599345177,17,043,841801,1,170438418011
5.0,50.0,3.0,11.0,11.0,2.0,55.0,8.0,13.0,51.0,176.0,399.0,343.0,96.16300505322648,0.0,0.0,1223.1630050532265,17,043,841801,2,170438418012
4.0,80.0,56.0,51.0,53.0,26.0,101.0,74.0,5.0,108.0,295.0,131.0,218.0,82.19373392088443,0.0,0.0,1284.1937339208844,17,043,841801,3,170438418013
3.0,6.0,3.0,109.0,16.0,93.0,43.0,17.0,8.0,170.0,86.0,233.0,391.0,97.24450757983972,0.0,0.0,1275.2445075798398,17,043,841802,1,170438418021
21.0,7.0,43.0,0.0,58.0,33.0,68.0,93.0,23.0,92.0,90.0,208.0,145.0,80.66306520601847,0.0,0.0,961.6630652060185,17,043,841802,2,170438418022
1.0,1.0,1.0,20.0,1.0,51.0,64.0,2.0,0.0,110.0,155.0,189.0,259.0,87.48949638201537,0.0,0.0,941.4894963820154,17,043,841802,3,170438418023
2.0,0.0,30.0,0.0,0.0,5.0,19.0,0.0,38.0,94.0,54.0,83.0,108.0,83.02028540246532,0.0,0.0,516.0202854024653,17,043,841901,1,170438419011
0.0,2.0,24.0,2.0,1.0,13.0,0.0,5.0,13.0,1.0,138.0,93.0,192.0,85.6325769495285,0.0,0.0,569.6325769495285,17,043,841901,2,170438419012
38.0,8.0,41.0,22.0,16.0,40.0,57.0,6.0,31.0,86.0,134.0,88.0,104.0,102.89785115416949,0.0,0.0,773.8978511541695,17,043,841902,1,170438419021
13.0,8.0,21.0,0.0,16.0,2.0,32.0,7.0,2.0,11.0,1.0,23.0,50.0,100.73460548977503,0.0,0.0,286.73460548977505,17,043,841902,2,170438419022
1.0,3.0,3.0,1.0,8.0,59.0,21.0,5.0,8.0,53.0,0.0,40.0,32.0,96.48973699318336,0.0,0.0,330.4897369931833,17,043,841902,3,170438419023
2.0,2.0,45.0,6.0,2.0,5.0,54.0,8.0,8.0,37.0,41.0,86.0,140.0,104.18353106685977,0.0,0.0,540.1835310668598,17,043,842000,1,170438420001
25.0,9.0,3.0,0.0,8.0,25.0,3.0,4.0,12.0,40.0,81.0,215.0,229.0,73.4386024174761,0.0,0.0,727.4386024174761,17,043,842000,2,170438420002
1.0,5.0,24.0,0.0,5.0,16.0,59.0,3.0,15.0,63.0,24.0,167.0,208.0,85.8060254679476,0.0,0.0,675.8060254679476,17,043,842000,3,170438420003
8.0,5.0,1.0,19.0,0.0,6.0,2.0,29.0,1.0,48.0,18.0,55.0,412.0,83.04045049934666,0.0,0.0,687.0404504993467,17,043,842100,1,170438421001
31.0,3.0,69.0,3.0,74.0,6.0,16.0,35.0,1.0,21.0,55.0,457.0,44.0,82.90805400819414,0.0,0.0,897.9080540081941,17,043,842100,2,170438421002
237.0,5.0,154.0,73.0,26.0,134.0,36.0,130.0,20.0,138.0,74.0,204.0,101.0,88.85703973807087,0.0,0.0,1420.8570397380709,17,043,842100,3,170438421003
47.0,38.0,5.0,4.0,3.0,0.0,4.0,0.0,8.0,121.0,86.0,77.0,111.0,103.0098419372727,0.0,0.0,607.0098419372727,17,043,842100,4,170438421004
237.0,169.0,67.0,88.0,49.0,78.0,7.0,30.0,5.0,73.0,80.0,93.0,48.0,102.72440263575038,0.0,0.0,1126.7244026357503,17,043,842200,1,170438422001
17.0,21.0,40.0,3.0,1.0,90.0,28.0,6.0,5.0,4.0,69.0,27.0,189.0,81.97947398636671,0.0,0.0,581.9794739863667,17,043,842200,2,170438422002
24.0,1.0,44.0,71.0,35.0,14.0,122.0,13.0,133.0,115.0,275.0,11.0,94.0,84.40811416098613,0.0,0.0,1036.408114160986,17,043,842200,3,170438422003
9.0,3.0,33.0,8.0,16.0,28.0,56.0,3.0,12.0,3.0,25.0,80.0,89.0,104.4795341391587,0.0,0.0,469.4795341391587,17,043,842300,1,170438423001
2.0,3.0,5.0,23.0,50.0,36.0,3.0,33.0,2.0,0.0,0.0,138.0,336.0,107.69355346250845,0.0,0.0,738.6935534625085,17,043,842300,2,170438423002
11.0,7.0,43.0,31.0,61.0,7.0,25.0,2.0,27.0,1.0,42.0,204.0,101.0,88.73448518419104,0.0,0.0,650.734485184191,17,043,842300,3,170438423003
101.0,124.0,47.0,54.0,57.0,46.0,39.0,62.0,105.0,91.0,71.0,119.0,97.0,79.83663403002157,0.0,0.0,1092.8366340300215,17,043,842400,1,170438424001
3.0,17.0,10.0,32.0,0.0,82.0,57.0,56.0,2.0,39.0,78.0,137.0,155.0,98.49993984720801,0.0,0.0,766.499939847208,17,043,842400,2,170438424002
68.0,0.0,131.0,26.0,201.0,294.0,103.0,14.0,59.0,142.0,220.0,91.0,103.0,101.91825686221878,0.0,0.0,1553.9182568622189,17,043,842400,3,170438424003
4.0,2.0,4.0,3.0,50.0,25.0,71.0,31.0,97.0,166.0,34.0,105.0,76.0,108.03048825648997,0.0,0.0,776.03048825649,17,043,842400,4,170438424004
2.0,211.0,51.0,46.0,0.0,31.0,44.0,117.0,98.0,55.0,258.0,104.0,254.0,110.44892557708474,0.0,0.0,1381.4489255770848,17,043,842500,1,170438425001
8.0,1.0,4.0,5.0,1.0,14.0,0.0,23.0,50.0,23.0,56.0,185.0,150.0,82.04057080493064,0.0,0.0,602.0405708049307,17,043,842500,2,170438425002
9.0,0.0,23.0,82.0,0.0,38.0,6.0,31.0,3.0,72.0,133.0,315.0,139.0,93.5916452278459,0.0,0.0,944.5916452278459,17,043,842601,1,170438426011
12.0,0.0,0.0,3.0,11.0,26.0,3.0,1.0,8.0,79.0,88.0,35.0,34.0,89.48973699318336,0.0,0.0,389.4897369931833,17,043,842601,2,170438426012
1.0,0.0,4.0,2.0,5.0,20.0,0.0,21.0,45.0,55.0,80.0,9.0,117.0,81.3363332660616,0.0,0.0,440.3363332660616,17,043,842601,3,170438426013
2.0,0.0,1.0,16.0,0.0,1.0,3.0,0.0,4.0,13.0,72.0,170.0,181.0,84.86724259209552,0.0,0.0,547.8672425920955,17,043,842602,1,170438426021
4.0,0.0,8.0,18.0,26.0,3.0,9.0,9.0,3.0,18.0,90.0,99.0,183.0,98.45912843110939,0.0,0.0,568.4591284311094,17,043,842602,2,170438426022
31.0,2.0,13.0,2.0,1.0,2.0,0.0,2.0,10.0,83.0,38.0,199.0,239.0,105.63245664394452,0.0,0.0,727.6324566439445,17,043,842602,3,170438426023
20.0,4.0,19.0,2.0,14.0,5.0,2.0,3.0,10.0,4.0,116.0,258.0,117.0,100.29588276671494,0.0,0.0,674.295882766715,17,043,842603,1,170438426031
3.0,2.0,2.0,1.0,8.0,3.0,19.0,60.0,5.0,42.0,197.0,262.0,335.0,109.57123951979659,0.0,0.0,1048.5712395197966,17,043,842603,2,170438426032
72.0,15.0,0.0,49.0,38.0,45.0,7.0,1.0,7.0,1.0,64.0,155.0,128.0,77.12243424829583,0.0,0.0,659.1224342482958,17,043,842603,3,170438426033
68.0,136.0,32.0,59.0,7.0,2.0,4.0,0.0,0.0,16.0,18.0,27.0,57.0,86.39791130696148,0.0,0.0,512.3979113069614,17,043,842604,1,170438426041
102.0,5.0,69.0,49.0,1.0,39.0,78.0,65.0,126.0,197.0,114.0,186.0,185.0,81.79582261392295,0.0,0.0,1297.7958226139228,17,043,842604,2,170438426042
0.0,21.0,1.0,20.0,64.0,123.0,30.0,2.0,70.0,25.0,19.0,105.0,189.0,85.25495104503234,0.0,0.0,754.2549510450324,17,043,842604,3,170438426043
74.0,5.0,0.0,78.0,12.0,25.0,3.0,0.0,0.0,63.0,152.0,29.0,30.0,80.1938542264684,0.0,0.0,551.1938542264684,17,043,842604,4,170438426044
20.0,0.0,3.0,31.0,47.0,20.0,35.0,17.0,60.0,224.0,98.0,321.0,159.0,86.44880527150076,0.0,0.0,1121.4488052715008,17,043,842605,1,170438426051
6.0,2.0,8.0,18.0,8.0,19.0,10.0,17.0,0.0,15.0,121.0,156.0,114.0,87.86724259209552,0.0,0.0,581.8672425920955,17,043,842605,2,170438426052
2.0,3.0,15.0,2.0,3.0,93.0,38.0,107.0,7.0,102.0,154.0,99.0,172.0,87.60184808187056,0.0,0.0,884.6018480818706,17,043,842605,3,170438426053
151.0,6.0,20.0,10.0,15.0,24.0,66.0,23.0,48.0,269.0,125.0,177.0,59.0,84.09170538063789,0.0,0.0,1077.091705380638,17,043,842702,1,170438427021
4.0,1.0,30.0,33.0,99.0,8.0,28.0,53.0,9.0,190.0,119.0,69.0,102.0,99.42851986903543,0.0,0.0,844.4285198690354,17,043,842702,2,170438427022
112.0,50.0,16.0,122.0,7.0,100.0,61.0,5.0,60.0,193.0,307.0,326.0,163.0,67.83663403002157,0.0,0.0,1589.8366340300215,17,043,842702,3,170438427023
43.0,23.0,3.0,26.0,10.0,10.0,6.0,63.0,25.0,79.0,231.0,364.0,121.0,80.46909067396608,0.0,0.0,1084.469090673966,17,043,842703,1,170438427031
0.0,8.0,7.0,6.0,1.0,5.0,3.0,10.0,1.0,94.0,50.0,147.0,156.0,103.86724259209552,0.0,0.0,591.8672425920955,17,043,842703,2,170438427032
13.0,15.0,31.0,5.0,99.0,5.0,70.0,53.0,28.0,57.0,230.0,190.0,181.0,94.81622832197226,0.0,0.0,1071.8162283219722,17,043,842703,3,170438427033
51.0,11.0,53.0,32.0,76.0,42.0,122.0,104.0,132.0,130.0,116.0,197.0,132.0,78.7856197598983,0.0,0.0,1276.7856197598983,17,043,842704,1,170438427041
1.0,1.0,38.0,24.0,24.0,13.0,1.0,28.0,4.0,163.0,93.0,124.0,265.0,114.31628847476425,0.0,0.0,893.3162884747643,17,043,842704,2,170438427042
0.0,0.0,29.0,2.0,84.0,60.0,1.0,2.0,0.0,112.0,117.0,2.0,35.0,105.73460548977503,0.0,0.0,549.734605489775,17,043,842704,3,170438427043
90.0,174.0,35.0,0.0,0.0,151.0,1.0,65.0,234.0,127.0,11.0,291.0,104.0,83.66318551160245,0.0,0.0,1366.6631855116025,17,043,842704,4,170438427044
1.0,0.0,2.0,55.0,45.0,41.0,16.0,9.0,4.0,6.0,187.0,221.0,241.0,94.48961668759937,0.0,0.0,922.4896166875993,17,043,842706,1,170438427061
40.0,2.0,34.0,24.0,17.0,17.0,6.0,35.0,17.0,17.0,136.0,124.0,97.0,87.83663403002157,0.0,0.0,653.8366340300215,17,043,842706,2,170438427062
0.0,0.0,0.0,142.0,83.0,9.0,204.0,90.0,7.0,117.0,317.0,122.0,143.0,102.02028540246532,0.0,0.0,1336.0202854024653,17,043,842706,3,170438427063
3.0,0.0,0.0,41.0,3.0,0.0,33.0,35.0,1.0,63.0,78.0,239.0,160.0,94.97947398636671,0.0,0.0,750.9794739863667,17,043,842708,1,170438427081
61.0,0.0,0.0,3.0,5.0,38.0,134.0,2.0,16.0,30.0,52.0,44.0,208.0,109.48961668759937,0.0,0.0,702.4896166875993,17,043,842708,2,170438427082
69.0,1.0,1.0,127.0,4.0,6.0,1.0,17.0,1.0,182.0,140.0,39.0,77.0,93.40811416098613,0.0,0.0,758.4081141609861,17,043,842709,1,170438427091
0.0,0.0,4.0,0.0,12.0,8.0,6.0,124.0,108.0,21.0,109.0,379.0,210.0,110.22434248295838,0.0,0.0,1091.2243424829585,17,043,842709,2,170438427092
0.0,23.0,2.0,1.0,2.0,2.0,5.0,18.0,16.0,116.0,137.0,270.0,223.0,91.96927113234206,0.0,0.0,906.9692711323421,17,043,842709,3,170438427093
8.0,1.0,1.0,67.0,24.0,30.0,3.0,0.0,4.0,7.0,22.0,248.0,147.0,96.84683688404621,0.0,0.0,658.8468368840462,17,043,842710,1,170438427101
8.0,91.0,36.0,104.0,37.0,3.0,4.0,70.0,67.0,97.0,48.0,29.0,99.0,95.41831701501079,0.0,0.0,788.4183170150108,17,043,842710,2,170438427102
200.0,22.0,31.0,89.0,136.0,59.0,70.0,30.0,23.0,171.0,45.0,114.0,110.0,92.8264311759969,0.0,0.0,1192.826431175997,17,043,842710,3,170438427103
0.0,5.0,2.0,27.0,1.0,5.0,2.0,9.0,1.0,63.0,192.0,331.0,186.0,96.49981954162402,0.0,0.0,920.499819541624,17,043,842711,1,170438427111
4.0,3.0,0.0,65.0,2.0,5.0,2.0,46.0,57.0,37.0,224.0,111.0,115.0,86.51002239564868,0.0,0.0,757.5100223956487,17,043,842711,2,170438427112
93.0,4.0,4.0,1.0,3.0,2.0,1.0,5.0,45.0,59.0,1.0,213.0,122.0,95.10178792907857,0.0,0.0,648.1017879290786,17,043,842800,1,170438428001
8.0,4.0,1.0,7.0,35.0,31.0,0.0,40.0,56.0,14.0,42.0,123.0,54.0,101.83663403002157,0.0,0.0,516.8366340300215,17,043,842800,2,170438428002
7.0,2.0,55.0,63.0,41.0,87.0,88.0,20.0,4.0,22.0,159.0,209.0,115.0,91.86712228651155,0.0,0.0,963.8671222865115,17,043,842800,3,170438428003
3.0,2.0,0.0,2.0,3.0,2.0,11.0,2.0,6.0,59.0,93.0,105.0,92.0,106.54075126330662,0.0,0.0,486.5407512633066,17,043,842800,4,170438428004
44.0,6.0,1.0,0.0,61.0,105.0,111.0,51.0,14.0,37.0,80.0,216.0,236.0,95.62237409550384,0.0,0.0,1057.6223740955038,17,043,842900,1,170438429001
37.0,75.0,107.0,58.0,50.0,104.0,118.0,95.0,12.0,45.0,30.0,168.0,413.0,109.78537914873033,0.0,0.0,1421.7853791487303,17,043,842900,2,170438429002
46.0,5.0,93.0,65.0,2.0,2.0,6.0,44.0,0.0,13.0,63.0,0.0,81.0,74.4387227230601,0.0,0.0,494.4387227230601,17,043,842900,3,170438429003
5.0,106.0,0.0,0.0,3.0,3.0,33.0,6.0,7.0,139.0,5.0,194.0,189.0,94.3060856207396,0.0,0.0,784.3060856207396,17,043,843000,1,170438430001
57.0,39.0,46.0,124.0,61.0,3.0,95.0,37.0,51.0,44.0,256.0,225.0,111.0,94.58144237382125,0.0,0.0,1243.5814423738213,17,043,843000,2,170438430002
37.0,2.0,8.0,17.0,4.0,14.0,53.0,50.0,12.0,21.0,104.0,158.0,393.0,94.53054840928196,0.0,0.0,967.530548409282,17,043,843000,3,170438430003
139.0,5.0,38.0,120.0,36.0,91.0,116.0,32.0,14.0,183.0,83.0,194.0,114.0,75.35709989086286,0.0,0.0,1240.3570998908629,17,043,843100,1,170438431001
1.0,73.0,12.0,4.0,1.0,0.0,76.0,106.0,32.0,95.0,154.0,165.0,223.0,103.0,0.0,0.0,1045.0,17,043,843100,2,170438431002
40.0,1.0,52.0,148.0,73.0,7.0,2.0,59.0,11.0,73.0,109.0,259.0,142.0,101.87732514053619,0.0,0.0,1077.8773251405362,17,043,843100,3,170438431003
5.0,43.0,0.0,4.0,11.0,71.0,32.0,141.0,72.0,0.0,157.0,265.0,71.0,91.22446278854237,0.0,0.0,963.2244627885424,17,043,843200,1,170438432001
123.0,0.0,23.0,25.0,57.0,48.0,138.0,1.0,38.0,84.0,111.0,139.0,28.0,93.71419978172572,0.0,0.0,908.7141997817257,17,043,843200,2,170438432002
81.0,104.0,0.0,242.0,144.0,91.0,12.0,26.0,51.0,41.0,178.0,121.0,182.0,81.29588276671494,0.0,0.0,1354.2958827667148,17,043,843200,3,170438432003
21.0,1.0,66.0,4.0,20.0,115.0,0.0,46.0,94.0,81.0,149.0,267.0,301.0,77.66318551160245,0.0,0.0,1242.6631855116025,17,043,843200,4,170438432004
3.0,0.0,161.0,78.0,18.0,68.0,56.0,31.0,4.0,52.0,53.0,484.0,108.0,81.91825686221878,0.0,0.0,1197.9182568622189,17,043,843301,1,170438433011
99.0,2.0,5.0,86.0,22.0,122.0,15.0,14.0,4.0,117.0,132.0,461.0,206.0,117.71419978172572,0.0,0.0,1402.7141997817257,17,043,843301,2,170438433012
41.0,2.0,8.0,36.0,0.0,0.0,37.0,96.0,130.0,260.0,95.0,337.0,147.0,94.0,0.0,0.0,1283.0,17,043,843301,3,170438433013
0.0,2.0,12.0,85.0,28.0,8.0,90.0,26.0,70.0,72.0,91.0,567.0,254.0,76.47929352799073,0.0,0.0,1381.4792935279906,17,043,843302,1,170438433021
1.0,26.0,1.0,11.0,0.0,0.0,35.0,52.0,44.0,93.0,166.0,264.0,176.0,104.47929352799073,0.0,0.0,973.4792935279908,17,043,843302,2,170438433022
0.0,0.0,18.0,57.0,67.0,89.0,3.0,49.0,1.0,95.0,82.0,177.0,135.0,110.6325769495285,0.0,0.0,883.6325769495285,17,043,843400,1,170438434001
16.0,1.0,0.0,42.0,12.0,42.0,5.0,1.0,195.0,43.0,180.0,135.0,160.0,103.70399692770107,0.0,0.0,935.703996927701,17,043,843400,2,170438434002
70.0,5.0,24.0,64.0,2.0,64.0,63.0,4.0,17.0,121.0,92.0,164.0,134.0,99.33669418281356,0.0,0.0,923.3366941828135,17,043,843400,3,170438434003
35.0,61.0,108.0,15.0,22.0,194.0,68.0,116.0,111.0,266.0,105.0,224.0,176.0,104.67326806004313,0.0,0.0,1605.673268060043,17,043,843500,1,170438435001
10.0,2.0,58.0,5.0,89.0,56.0,30.0,70.0,9.0,294.0,123.0,287.0,158.0,110.23442503139906,0.0,0.0,1301.234425031399,17,043,843500,2,170438435002
10.0,74.0,1.0,4.0,102.0,65.0,181.0,76.0,1.0,74.0,252.0,337.0,127.0,100.97947398636671,0.0,0.0,1404.9794739863667,17,043,843500,3,170438435003
123.0,1.0,80.0,48.0,18.0,70.0,81.0,67.0,75.0,114.0,98.0,256.0,76.0,95.06109681856393,0.0,0.0,1202.061096818564,17,043,843601,1,170438436011
18.0,4.0,1.0,7.0,9.0,41.0,38.0,2.0,135.0,24.0,0.0,75.0,109.0,101.1121110886872,0.0,0.0,564.1121110886872,17,043,843601,2,170438436012
159.0,3.0,0.0,6.0,44.0,34.0,56.0,52.0,42.0,58.0,97.0,454.0,66.0,108.99975938883203,0.0,0.0,1179.999759388832,17,043,843601,3,170438436013
178.0,0.0,4.0,13.0,42.0,22.0,22.0,61.0,0.0,154.0,189.0,273.0,310.0,106.27535675308165,0.0,0.0,1374.2753567530817,17,043,843602,1,170438436021
0.0,7.0,49.0,5.0,3.0,56.0,58.0,26.0,80.0,105.0,51.0,327.0,222.0,115.1529225047858,0.0,0.0,1104.152922504786,17,043,843602,2,170438436022
4.0,4.0,15.0,22.0,1.0,10.0,4.0,15.0,66.0,71.0,124.0,301.0,150.0,92.14259934517717,0.0,0.0,879.1425993451771,17,043,843700,1,170438437001
69.0,0.0,0.0,1.0,19.0,44.0,0.0,59.0,33.0,29.0,292.0,427.0,308.0,92.8264311759969,0.0,0.0,1373.826431175997,17,043,843700,2,170438437002
15.0,1.0,3.0,70.0,99.0,96.0,1.0,62.0,2.0,103.0,165.0,119.0,369.0,108.44868496591677,0.0,0.0,1213.4486849659168,17,043,843700,3,170438437003
57.0,0.0,4.0,63.0,10.0,33.0,38.0,57.0,143.0,165.0,233.0,295.0,150.0,99.8567991269029,0.0,0.0,1347.8567991269028,17,043,843800,1,170438438001
27.0,3.0,2.0,21.0,13.0,39.0,5.0,21.0,46.0,167.0,385.0,134.0,124.0,77.265153899057,0.0,0.0,1064.265153899057,17,043,843800,2,170438438002
3.0,6.0,3.0,61.0,31.0,144.0,42.0,22.0,38.0,59.0,89.0,85.0,129.0,98.06109681856393,0.0,0.0,810.0610968185639,17,043,843900,1,170438439001
7.0,2.0,2.0,2.0,33.0,68.0,36.0,5.0,63.0,0.0,131.0,185.0,55.0,103.33657387722957,0.0,0.0,692.3365738772296,17,043,843900,2,170438439002
4.0,0.0,38.0,9.0,14.0,80.0,3.0,94.0,79.0,50.0,81.0,168.0,501.0,102.21413962893374,0.0,0.0,1223.2141396289337,17,043,843900,3,170438439003
0.0,8.0,12.0,228.0,4.0,48.0,1.0,15.0,3.0,0.0,204.0,112.0,372.0,108.97947398636671,0.0,0.0,1115.9794739863667,17,043,844001,1,170438440011
0.0,54.0,104.0,2.0,34.0,120.0,3.0,21.0,2.0,47.0,60.0,88.0,269.0,95.82619056482895,0.0,0.0,899.826190564829,17,043,844001,2,170438440012
7.0,0.0,3.0,36.0,3.0,0.0,3.0,0.0,62.0,4.0,112.0,126.0,243.0,81.26527420464097,0.0,0.0,680.265274204641,17,043,844002,1,170438440021
4.0,1.0,52.0,15.0,53.0,49.0,27.0,62.0,1.0,154.0,105.0,222.0,150.0,98.62237409550384,0.0,0.0,993.6223740955038,17,043,844002,2,170438440022
17.0,5.0,3.0,2.0,1.0,1.0,12.0,74.0,85.0,0.0,57.0,119.0,210.0,79.45888781994142,0.0,0.0,665.4588878199414,17,043,844002,3,170438440023
4.0,1.0,30.0,66.0,2.0,4.0,28.0,140.0,1.0,180.0,33.0,209.0,147.0,87.55083381174728,0.0,0.0,932.5508338117473,17,043,844100,1,170438441001
2.0,2.0,2.0,130.0,63.0,31.0,6.0,43.0,16.0,148.0,117.0,183.0,149.0,84.09170538063789,0.0,0.0,976.0917053806379,17,043,844100,2,170438441002
77.0,2.0,18.0,1.0,8.0,77.0,5.0,5.0,37.0,23.0,83.0,171.0,60.0,116.80590516236362,0.0,0.0,683.8059051623636,17,043,844100,3,170438441003
4.0,5.0,2.0,0.0,89.0,11.0,21.0,2.0,8.0,3.0,212.0,130.0,28.0,91.77529660028966,0.0,0.0,606.7752966002896,17,043,844201,1,170438442011
117.0,2.0,37.0,60.0,94.0,14.0,107.0,98.0,32.0,214.0,160.0,170.0,193.0,105.0,0.0,0.0,1403.0,17,043,844201,2,170438442012
27.0,85.0,113.0,35.0,47.0,59.0,24.0,89.0,7.0,76.0,201.0,459.0,293.0,91.7854994543143,0.0,0.0,1606.7854994543143,17,043,844201,3,170438442013
5.0,1.0,49.0,0.0,23.0,2.0,61.0,67.0,0.0,110.0,294.0,385.0,144.0,97.37750559891217,0.0,0.0,1238.3775055989122,17,043,844201,4,170438442014
30.0,21.0,86.0,18.0,51.0,26.0,1.0,81.0,45.0,94.0,72.0,227.0,151.0,105.87732514053619,0.0,0.0,1008.8773251405362,17,043,844202,1,170438442021
39.0,1.0,25.0,19.0,37.0,33.0,35.0,0.0,5.0,78.0,56.0,64.0,268.0,97.4590081255254,0.0,0.0,757.4590081255254,17,043,844202,2,170438442022
0.0,36.0,7.0,1.0,126.0,0.0,9.0,15.0,9.0,44.0,56.0,99.0,6.0,91.98967684039135,0.0,0.0,499.98967684039144,17,043,844301,1,170438443011
2.0,23.0,1.0,82.0,21.0,71.0,14.0,86.0,123.0,501.0,118.0,194.0,186.0,90.1938542264684,0.0,0.0,1512.1938542264684,17,043,844301,2,170438443012
11.0,17.0,0.0,75.0,0.0,0.0,9.0,2.0,10.0,102.0,22.0,331.0,112.0,90.62225378991985,0.0,0.0,781.6222537899199,17,043,844301,3,170438443013
47.0,85.0,1.0,126.0,55.0,228.0,120.0,134.0,67.0,67.0,154.0,189.0,82.0,84.01008254844066,0.0,0.0,1439.0100825484408,17,043,844301,4,170438443014
98.0,0.0,8.0,0.0,2.0,5.0,37.0,0.0,12.0,295.0,134.0,308.0,109.0,103.0712996725886,0.0,0.0,1111.0712996725886,17,043,844304,1,170438443041
23.0,2.0,87.0,60.0,67.0,0.0,7.0,48.0,47.0,7.0,183.0,144.0,109.0,94.34677673125422,0.0,0.0,878.3467767312542,17,043,844304,2,170438443042
24.0,47.0,0.0,58.0,77.0,66.0,38.0,77.0,63.0,142.0,97.0,177.0,197.0,107.18365137244376,0.0,0.0,1170.1836513724438,17,043,844304,3,170438443043
6.0,36.0,80.0,4.0,175.0,154.0,27.0,154.0,18.0,160.0,11.0,21.0,41.0,98.18353106685977,0.0,0.0,985.1835310668598,17,043,844305,1,170438443051
23.0,4.0,32.0,13.0,5.0,80.0,5.0,89.0,45.0,105.0,94.0,212.0,224.0,96.18341076127578,0.0,0.0,1027.1834107612758,17,043,844305,2,170438443052
1.0,107.0,6.0,22.0,60.0,31.0,23.0,1.0,7.0,109.0,109.0,171.0,81.0,88.53042810369799,0.0,0.0,816.530428103698,17,043,844305,3,170438443053
3.0,43.0,11.0,37.0,119.0,20.0,18.0,17.0,29.0,119.0,191.0,89.0,19.0,109.87744544612018,0.0,0.0,824.8774454461202,17,043,844306,1,170438443061
78.0,106.0,33.0,82.0,49.0,78.0,44.0,299.0,1.0,58.0,383.0,204.0,135.0,84.0,0.0,0.0,1634.0,17,043,844306,2,170438443062
29.0,28.0,39.0,44.0,43.0,73.0,32.0,4.0,33.0,155.0,210.0,162.0,113.0,103.14283995634514,0.0,0.0,1068.1428399563451,17,043,844306,3,170438443063
49.0,1.0,34.0,31.0,2.0,178.0,2.0,3.0,6.0,160.0,103.0,134.0,146.0,94.61217124147919,0.0,0.0,943.6121712414792,17,043,844307,1,170438443071
1.0,1.0,2.0,18.0,18.0,23.0,6.0,24.0,14.0,21.0,47.0,3.0,56.0,105.18365137244376,0.0,0.0,339.18365137244376,17,043,844307,2,170438443072
140.0,48.0,1.0,92.0,0.0,61.0,89.0,55.0,153.0,58.0,208.0,260.0,134.0,76.21413962893374,0.0,0.0,1375.2141396289337,17,043,844307,3,170438443073
2.0,1.0,13.0,70.0,2.0,11.0,41.0,24.0,20.0,10.0,103.0,117.0,193.0,100.13239649115252,0.0,0.0,707.1323964911526,17,043,844401,1,170438444011
29.0,39.0,2.0,21.0,13.0,1.0,14.0,48.0,12.0,90.0,60.0,75.0,84.0,76.65298265757781,0.0,0.0,564.6529826575778,17,043,844401,2,170438444012
0.0,5.0,2.0,7.0,0.0,12.0,86.0,37.0,52.0,2.0,36.0,190.0,50.0,110.23466564256702,0.0,0.0,589.234665642567,17,043,844401,3,170438444013
13.0,4.0,2.0,0.0,0.0,58.0,6.0,13.0,2.0,5.0,7.0,76.0,21.0,82.69379407367641,0.0,0.0,289.69379407367643,17,043,844402,1,170438444021
134.0,92.0,24.0,46.0,5.0,2.0,2.0,1.0,8.0,10.0,4.0,58.0,90.0,90.53054840928196,0.0,0.0,566.530548409282,17,043,844402,2,170438444022
52.0,3.0,50.0,9.0,2.0,18.0,103.0,9.0,1.0,66.0,454.0,166.0,150.0,86.68359121965176,0.0,0.0,1169.6835912196518,17,043,844402,3,170438444023
29.0,1.0,2.0,17.0,0.0,2.0,27.0,28.0,8.0,10.0,102.0,145.0,43.0,101.57123951979659,0.0,0.0,515.5712395197966,17,043,844402,4,170438444024
5.0,0.0,1.0,45.0,4.0,49.0,9.0,33.0,1.0,143.0,103.0,171.0,87.0,107.81622832197226,0.0,0.0,758.8162283219723,17,043,844501,1,170438445011
4.0,74.0,44.0,43.0,19.0,11.0,89.0,19.0,138.0,70.0,221.0,286.0,178.0,105.57123951979659,0.0,0.0,1301.5712395197966,17,043,844501,2,170438445012
65.0,10.0,60.0,37.0,7.0,28.0,1.0,32.0,9.0,94.0,183.0,209.0,209.0,83.53054840928196,0.0,0.0,1027.530548409282,17,043,844501,3,170438445013
39.0,0.0,18.0,70.0,35.0,1.0,25.0,1.0,2.0,37.0,59.0,70.0,282.0,110.92833941065946,0.0,0.0,749.9283394106594,17,043,844502,1,170438445021
124.0,130.0,180.0,77.0,163.0,37.0,2.0,6.0,0.0,6.0,5.0,27.0,17.0,98.09182568622188,0.0,0.0,872.0918256862219,17,043,844502,2,170438445022
0.0,5.0,1.0,0.0,1.0,2.0,8.0,6.0,14.0,65.0,3.0,158.0,66.0,90.94886542429275,0.0,0.0,419.94886542429276,17,043,844502,3,170438445023
7.0,11.0,11.0,45.0,6.0,27.0,55.0,62.0,37.0,56.0,142.0,102.0,216.0,91.42851986903543,0.0,0.0,868.4285198690354,17,043,844601,1,170438446011
40.0,45.0,17.0,53.0,1.0,10.0,18.0,139.0,41.0,127.0,105.0,109.0,78.0,84.29576246113096,0.0,0.0,867.295762461131,17,043,844601,2,170438446012
3.0,30.0,18.0,93.0,28.0,56.0,17.0,13.0,2.0,37.0,35.0,100.0,71.0,82.0,0.0,0.0,585.0,17,043,844601,3,170438446013
4.0,3.0,67.0,37.0,104.0,20.0,24.0,0.0,76.0,39.0,66.0,252.0,66.0,105.11223139427119,0.0,0.0,863.1122313942711,17,043,844602,1,170438446021
2.0,29.0,6.0,5.0,7.0,0.0,3.0,24.0,23.0,4.0,94.0,292.0,102.0,95.61217124147919,0.0,0.0,686.6121712414792,17,043,844602,2,170438446022
97.0,1.0,38.0,81.0,16.0,72.0,100.0,18.0,75.0,72.0,72.0,157.0,106.0,97.4795341391587,0.0,0.0,1002.4795341391587,17,043,844602,3,170438446023
0.0,76.0,0.0,8.0,22.0,51.0,4.0,33.0,3.0,104.0,129.0,167.0,126.0,82.29588276671494,0.0,0.0,805.295882766715,17,043,844701,1,170438447011
54.0,24.0,1.0,49.0,23.0,0.0,0.0,0.0,29.0,29.0,305.0,89.0,39.0,96.97947398636671,0.0,0.0,738.9794739863667,17,043,844701,2,170438447012
0.0,15.0,60.0,126.0,64.0,5.0,105.0,35.0,1.0,71.0,66.0,112.0,69.0,118.77541690587364,0.0,0.0,847.7754169058736,17,043,844701,3,170438447013
0.0,16.0,28.0,0.0,9.0,40.0,0.0,177.0,105.0,18.0,151.0,169.0,168.0,87.26527420464097,0.0,0.0,968.265274204641,17,043,844701,4,170438447014
3.0,2.0,0.0,2.0,5.0,16.0,0.0,38.0,15.0,63.0,60.0,95.0,152.0,89.57135982538058,0.0,0.0,540.5713598253806,17,043,844702,1,170438447021
0.0,15.0,3.0,5.0,28.0,3.0,7.0,34.0,17.0,56.0,2.0,47.0,217.0,90.54063095772264,0.0,0.0,524.5406309577227,17,043,844702,2,170438447022
18.0,2.0,2.0,73.0,2.0,5.0,1.0,8.0,2.0,36.0,125.0,126.0,15.0,89.21425993451771,0.0,0.0,504.2142599345177,17,043,844702,3,170438447023
52.0,116.0,32.0,42.0,21.0,9.0,28.0,1.0,25.0,126.0,116.0,97.0,146.0,91.21425993451771,0.0,0.0,902.2142599345177,17,043,844702,4,170438447024
114.0,11.0,2.0,22.0,1.0,128.0,0.0,19.0,2.0,52.0,178.0,129.0,192.0,82.29588276671494,0.0,0.0,932.295882766715,17,043,844801,1,170438448011
127.0,28.0,11.0,2.0,15.0,4.0,27.0,22.0,37.0,41.0,177.0,314.0,190.0,73.1121110886872,0.0,0.0,1068.1121110886872,17,043,844801,2,170438448012
8.0,7.0,3.0,27.0,1.0,124.0,5.0,42.0,0.0,50.0,196.0,76.0,106.0,92.20393677490908,0.0,0.0,737.203936774909,17,043,844801,3,170438448013
1.0,12.0,29.0,8.0,2.0,0.0,130.0,27.0,10.0,102.0,177.0,145.0,137.0,103.0,0.0,0.0,883.0,17,043,844802,1,170438448021
2.0,18.0,69.0,143.0,57.0,110.0,91.0,43.0,228.0,23.0,121.0,222.0,126.0,98.51014270123267,0.0,0.0,1351.5101427012326,17,043,844802,2,170438448022
11.0,147.0,49.0,60.0,2.0,2.0,101.0,43.0,43.0,174.0,130.0,138.0,203.0,76.37750559891217,0.0,0.0,1179.3775055989122,17,043,844901,1,170438449011
6.0,102.0,33.0,22.0,2.0,2.0,42.0,0.0,70.0,63.0,312.0,122.0,402.0,107.71407947614173,0.0,0.0,1285.7140794761417,17,043,844901,2,170438449012
130.0,62.0,50.0,5.0,4.0,79.0,4.0,15.0,17.0,61.0,32.0,30.0,94.0,94.56115697135593,0.0,0.0,677.5611569713559,17,043,844902,1,170438449021
0.0,0.0,4.0,0.0,1.0,36.0,26.0,23.0,5.0,3.0,139.0,286.0,216.0,88.40811416098613,0.0,0.0,827.4081141609861,17,043,844902,2,170438449022
273.0,8.0,59.0,5.0,0.0,67.0,8.0,135.0,20.0,57.0,71.0,154.0,95.0,94.69379407367641,0.0,0.0,1046.6937940736764,17,043,844902,3,170438449023
118.0,1.0,5.0,45.0,9.0,111.0,258.0,1.0,0.0,108.0,261.0,145.0,39.0,87.55095411733127,0.0,0.0,1188.5509541173312,17,043,845000,1,170438450001
3.0,0.0,14.0,1.0,28.0,18.0,2.0,2.0,113.0,59.0,209.0,48.0,120.0,101.66318551160245,0.0,0.0,718.6631855116025,17,043,845000,2,170438450002
9.0,98.0,75.0,0.0,120.0,73.0,0.0,27.0,56.0,35.0,266.0,122.0,139.0,103.0,0.0,0.0,1123.0,17,043,845000,3,170438450003
68.0,3.0,28.0,234.0,86.0,44.0,1.0,28.0,0.0,71.0,84.0,273.0,140.0,109.83651372443758,0.0,0.0,1169.8365137244375,17,043,845000,4,170438450004
26.0,234.0,2.0,33.0,181.0,5.0,4.0,2.0,4.0,87.0,144.0,174.0,55.0,91.62225378991985,0.0,0.0,1042.6222537899198,17,043,845100,1,170438451001
1.0,4.0,5.0,39.0,134.0,2.0,4.0,5.0,0.0,222.0,85.0,105.0,301.0,100.35685927969489,0.0,0.0,1007.3568592796948,17,043,845100,2,170438451002
2.0,22.0,30.0,35.0,1.0,2.0,7.0,3.0,1.0,5.0,53.0,187.0,8.0,93.37738529332819,0.0,0.0,449.3773852933282,17,043,845100,3,170438451003
20.0,27.0,165.0,3.0,14.0,35.0,28.0,1.0,1.0,25.0,59.0,90.0,325.0,96.0,0.0,0.0,889.0,17,043,845100,4,170438451004
5.0,2.0,0.0,21.0,3.0,8.0,76.0,16.0,64.0,75.0,43.0,54.0,95.0,79.4590081255254,0.0,0.0,541.4590081255254,17,043,845200,1,170438452001
16.0,3.0,7.0,27.0,1.0,0.0,18.0,46.0,27.0,71.0,12.0,91.0,175.0,88.35697958527888,0.0,0.0,582.3569795852789,17,043,845200,2,170438452002
8.0,17.0,0.0,47.0,1.0,23.0,0.0,2.0,6.0,79.0,106.0,247.0,163.0,87.02028540246532,0.0,0.0,786.0202854024653,17,043,845200,3,170438452003
0.0,5.0,26.0,2.0,7.0,4.0,2.0,67.0,1.0,62.0,112.0,213.0,118.0,90.67338836562712,0.0,0.0,709.6733883656271,17,043,845300,1,170438453001
20.0,44.0,2.0,28.0,98.0,5.0,9.0,2.0,0.0,5.0,47.0,96.0,53.0,100.29588276671494,0.0,0.0,509.29588276671495,17,043,845300,2,170438453002
64.0,56.0,0.0,0.0,9.0,17.0,22.0,15.0,61.0,67.0,30.0,251.0,44.0,140.29588276671495,0.0,0.0,776.295882766715,17,043,845401,1,170438454011
49.0,0.0,7.0,9.0,1.0,50.0,7.0,48.0,4.0,3.0,103.0,60.0,34.0,91.18365137244376,0.0,0.0,466.18365137244376,17,043,845401,2,170438454012
69.0,153.0,30.0,1.0,2.0,72.0,1.0,1.0,20.0,4.0,6.0,31.0,9.0,104.88764830014483,0.0,0.0,503.8876483001448,17,043,845401,3,170438454013
0.0,6.0,8.0,0.0,84.0,34.0,8.0,2.0,0.0,9.0,53.0,169.0,143.0,98.02028540246532,0.0,0.0,614.0202854024653,17,043,845402,1,170438454021
151.0,4.0,143.0,27.0,34.0,1.0,4.0,102.0,4.0,4.0,116.0,265.0,262.0,90.71407947614173,0.0,0.0,1207.7140794761417,17,043,845402,2,170438454022
0.0,33.0,0.0,36.0,0.0,34.0,2.0,0.0,0.0,142.0,117.0,87.0,139.0,94.8977308485855,0.0,0.0,684.8977308485855,17,043,845502,1,170438455021
2.0,112.0,12.0,47.0,60.0,44.0,161.0,122.0,182.0,271.0,518.0,229.0,84.0,110.22434248295838,0.0,0.0,1954.2243424829585,17,043,845502,2,170438455022
0.0,113.0,8.0,107.0,112.0,88.0,195.0,116.0,161.0,161.0,198.0,177.0,229.0,96.25507135061633,0.0,0.0,1761.2550713506164,17,043,845502,3,170438455023
21.0,0.0,41.0,0.0,0.0,54.0,3.0,6.0,15.0,71.0,277.0,3.0,103.0,86.44892557708474,0.0,0.0,680.4489255770848,17,043,845505,1,170438455051
113.0,15.0,66.0,7.0,126.0,5.0,79.0,145.0,1.0,82.0,165.0,143.0,29.0,92.6325769495285,0.0,0.0,1068.6325769495286,17,043,845505,2,170438455052
12.0,17.0,54.0,51.0,4.0,21.0,57.0,11.0,77.0,40.0,178.0,232.0,264.0,104.44868496591677,0.0,0.0,1122.4486849659168,17,043,845505,3,170438455053
227.0,136.0,207.0,113.0,144.0,177.0,248.0,57.0,22.0,307.0,410.0,138.0,126.0,75.26527420464097,0.0,0.0,2387.265274204641,17,043,845506,1,170438455061
20.0,22.0,30.0,56.0,41.0,31.0,126.0,53.0,1.0,88.0,156.0,303.0,116.0,93.13263710232049,0.0,0.0,1136.1326371023206,17,043,845506,2,170438455062
4.0,16.0,35.0,3.0,3.0,163.0,124.0,3.0,11.0,20.0,78.0,284.0,217.0,118.8977308485855,0.0,0.0,1079.8977308485855,17,043,845507,1,170438455071
0.0,2.0,15.0,6.0,31.0,4.0,200.0,82.0,7.0,107.0,98.0,214.0,540.0,88.74456773263171,0.0,0.0,1394.7445677326318,17,043,845507,2,170438455072
105.0,37.0,108.0,73.0,33.0,18.0,13.0,99.0,22.0,90.0,127.0,244.0,195.0,92.18353106685977,0.0,0.0,1256.1835310668598,17,043,845508,1,170438455081
57.0,49.0,48.0,41.0,191.0,105.0,2.0,114.0,74.0,116.0,243.0,225.0,205.0,104.46921097955007,0.0,0.0,1574.46921097955,17,043,845508,2,170438455082
1.0,2.0,9.0,4.0,6.0,19.0,5.0,7.0,0.0,78.0,235.0,194.0,333.0,82.87732514053619,0.0,0.0,975.8773251405362,17,043,845509,1,170438455091
0.0,0.0,13.0,15.0,227.0,183.0,17.0,6.0,46.0,135.0,113.0,168.0,60.0,111.43848211189211,0.0,0.0,1094.4384821118922,17,043,845509,2,170438455092
47.0,80.0,15.0,53.0,4.0,15.0,70.0,55.0,19.0,9.0,62.0,64.0,126.0,112.21401932334975,0.0,0.0,731.2140193233497,17,043,845510,1,170438455101
49.0,0.0,50.0,82.0,32.0,148.0,105.0,104.0,87.0,130.0,409.0,396.0,185.0,100.44892557708474,0.0,0.0,1877.4489255770848,17,043,845510,2,170438455102
20.0,51.0,10.0,193.0,71.0,389.0,136.0,88.0,13.0,245.0,142.0,135.0,111.0,91.7038766221171,0.0,0.0,1695.7038766221171,17,043,845601,1,170438456011
2.0,10.0,13.0,3.0,3.0,6.0,11.0,18.0,72.0,135.0,43.0,253.0,192.0,95.24474819100769,0.0,0.0,856.2447481910077,17,043,845601,2,170438456012
3.0,0.0,20.0,6.0,0.0,1.0,5.0,17.0,9.0,38.0,87.0,171.0,169.0,90.90805400819414,0.0,0.0,616.9080540081941,17,043,845601,3,170438456013
59.0,32.0,8.0,59.0,69.0,1.0,8.0,4.0,66.0,46.0,190.0,228.0,208.0,94.74480834379969,0.0,0.0,1072.7448083437996,17,043,845602,1,170438456021
125.0,55.0,96.0,17.0,20.0,70.0,0.0,24.0,15.0,84.0,115.0,154.0,159.0,84.66306520601847,0.0,0.0,1018.6630652060185,17,043,845602,2,170438456022
95.0,36.0,6.0,306.0,35.0,73.0,56.0,90.0,15.0,3.0,58.0,181.0,215.0,95.1529225047858,0.0,0.0,1264.152922504786,17,043,845602,3,170438456023
48.0,11.0,35.0,9.0,33.0,14.0,40.0,61.0,48.0,128.0,231.0,268.0,248.0,112.83651372443758,0.0,0.0,1286.8365137244375,17,043,845701,1,170438457011
31.0,0.0,2.0,13.0,26.0,48.0,10.0,15.0,25.0,21.0,91.0,200.0,87.0,95.3060856207396,0.0,0.0,664.3060856207396,17,043,845701,2,170438457012
32.0,0.0,18.0,1.0,0.0,23.0,6.0,5.0,28.0,60.0,125.0,83.0,193.0,103.65286235199382,0.0,0.0,677.6528623519938,17,043,845701,3,170438457013
12.0,0.0,33.0,6.0,22.0,5.0,4.0,7.0,8.0,47.0,87.0,82.0,176.0,89.34689703683821,0.0,0.0,578.3468970368382,17,043,845702,1,170438457021
5.0,1.0,5.0,75.0,75.0,50.0,62.0,3.0,18.0,67.0,89.0,110.0,296.0,106.25483073944835,0.0,0.0,962.2548307394484,17,043,845702,2,170438457022
28.0,20.0,32.0,1.0,26.0,13.0,3.0,2.0,37.0,107.0,97.0,143.0,144.0,108.10190823466255,0.0,0.0,761.1019082346626,17,043,845702,3,170438457023
5.0,5.0,0.0,26.0,3.0,8.0,6.0,1.0,8.0,5.0,58.0,45.0,312.0,98.58156267940524,0.0,0.0,580.5815626794052,17,043,845702,4,170438457024
1.0,1.0,7.0,27.0,9.0,1.0,1.0,13.0,59.0,12.0,50.0,132.0,169.0,82.99987969441602,0.0,0.0,564.999879694416,17,043,845703,1,170438457031
1.0,2.0,1.0,3.0,13.0,19.0,20.0,25.0,50.0,34.0,60.0,225.0,202.0,99.10190823466255,0.0,0.0,754.1019082346626,17,043,845703,2,170438457032
7.0,9.0,2.0,12.0,6.0,6.0,0.0,3.0,28.0,20.0,48.0,92.0,343.0,102.34689703683821,0.0,0.0,678.3468970368382,17,043,845703,3,170438457033
146.0,108.0,73.0,49.0,68.0,192.0,81.0,85.0,23.0,93.0,104.0,77.0,57.0,90.99987969441602,0.0,0.0,1246.999879694416,17,043,845703,4,170438457034
94.0,49.0,1.0,80.0,27.0,41.0,79.0,31.0,3.0,100.0,25.0,331.0,279.0,110.71419978172572,0.0,0.0,1250.7141997817257,17,043,845704,1,170438457041
1.0,24.0,26.0,6.0,0.0,21.0,4.0,201.0,31.0,18.0,158.0,174.0,230.0,100.7037563165331,0.0,0.0,994.7037563165331,17,043,845704,2,170438457042
50.0,0.0,2.0,85.0,4.0,6.0,98.0,0.0,12.0,119.0,147.0,312.0,284.0,108.26479298230504,0.0,0.0,1227.2647929823052,17,043,845704,3,170438457043
110.0,0.0,8.0,1.0,21.0,81.0,39.0,16.0,45.0,133.0,76.0,191.0,366.0,109.95894797273341,0.0,0.0,1196.9589479727333,17,043,845802,1,170438458021
80.0,2.0,2.0,22.0,1.0,29.0,45.0,49.0,49.0,11.0,29.0,136.0,78.0,92.7038766221171,0.0,0.0,625.703876622117,17,043,845802,2,170438458022
33.0,0.0,36.0,46.0,3.0,0.0,53.0,32.0,28.0,150.0,102.0,247.0,84.0,87.3060856207396,0.0,0.0,901.3060856207396,17,043,845802,3,170438458023
146.0,7.0,4.0,57.0,79.0,58.0,0.0,104.0,7.0,63.0,165.0,494.0,151.0,109.75477058665636,0.0,0.0,1444.7547705866564,17,043,845803,1,170438458031
68.0,35.0,0.0,61.0,162.0,111.0,353.0,47.0,61.0,309.0,97.0,846.0,86.0,112.0,0.0,0.0,2348.0,17,043,845803,2,170438458032
1.0,6.0,175.0,20.0,0.0,95.0,315.0,7.0,0.0,150.0,53.0,12.0,71.0,99.10178792907857,0.0,0.0,1004.1017879290786,17,043,845803,3,170438458033
45.0,2.0,0.0,0.0,38.0,2.0,32.0,0.0,11.0,11.0,62.0,318.0,216.0,81.12231394271186,0.0,0.0,818.1223139427118,17,043,845805,1,170438458051
0.0,1.0,2.0,12.0,5.0,5.0,12.0,94.0,4.0,139.0,3.0,147.0,128.0,108.1530428103698,0.0,0.0,660.1530428103698,17,043,845805,2,170438458052
17.0,29.0,67.0,36.0,144.0,149.0,67.0,22.0,87.0,230.0,81.0,278.0,152.0,100.61217124147919,0.0,0.0,1459.6121712414792,17,043,845805,3,170438458053
127.0,257.0,7.0,3.0,22.0,2.0,31.0,156.0,0.0,24.0,2.0,150.0,234.0,102.33669418281356,0.0,0.0,1117.3366941828135,17,043,845807,1,170438458071
5.0,0.0,36.0,1.0,23.0,35.0,66.0,0.0,28.0,137.0,35.0,352.0,162.0,89.79570230833897,0.0,0.0,969.795702308339,17,043,845807,2,170438458072
48.0,1.0,65.0,2.0,2.0,22.0,17.0,4.0,1.0,64.0,148.0,200.0,70.0,86.27547705866564,0.0,0.0,730.2754770586656,17,043,845807,3,170438458073
0.0,10.0,35.0,49.0,29.0,92.0,23.0,128.0,15.0,124.0,326.0,113.0,160.0,74.57135982538058,0.0,0.0,1178.5713598253806,17,043,845807,4,170438458074
23.0,19.0,63.0,10.0,37.0,7.0,2.0,3.0,47.0,22.0,64.0,10.0,68.0,100.25483073944835,0.0,0.0,475.2548307394484,17,043,845807,5,170438458075
0.0,4.0,47.0,0.0,6.0,7.0,0.0,7.0,2.0,42.0,108.0,174.0,261.0,87.35685927969489,0.0,0.0,745.3568592796948,17,043,845808,1,170438458081
53.0,0.0,3.0,1.0,1.0,8.0,50.0,87.0,54.0,103.0,115.0,252.0,385.0,86.38734753618486,0.0,0.0,1198.387347536185,17,043,845808,2,170438458082
12.0,1.0,1.0,70.0,8.0,43.0,12.0,36.0,47.0,66.0,101.0,163.0,165.0,119.85703973807087,0.0,0.0,844.8570397380709,17,043,845809,1,170438458091
5.0,9.0,3.0,12.0,32.0,2.0,80.0,1.0,7.0,63.0,136.0,101.0,174.0,102.25495104503234,0.0,0.0,727.2549510450324,17,043,845809,2,170438458092
2.0,1.0,5.0,14.0,6.0,19.0,29.0,117.0,142.0,177.0,162.0,412.0,70.0,90.46921097955007,0.0,0.0,1246.46921097955,17,043,845809,3,170438458093
1.0,57.0,3.0,59.0,22.0,31.0,1.0,8.0,2.0,144.0,56.0,273.0,214.0,95.22434248295838,0.0,0.0,966.2243424829585,17,043,845810,1,170438458101
50.0,21.0,28.0,104.0,126.0,2.0,52.0,58.0,13.0,21.0,206.0,263.0,113.0,101.38770845293682,0.0,0.0,1158.3877084529367,17,043,845810,2,170438458102
0.0,5.0,31.0,76.0,57.0,45.0,36.0,203.0,115.0,165.0,89.0,281.0,79.0,102.39791130696148,0.0,0.0,1284.3979113069615,17,043,845810,3,170438458103
101.0,74.0,4.0,30.0,199.0,53.0,81.0,19.0,37.0,80.0,123.0,339.0,95.0,85.6325769495285,0.0,0.0,1320.6325769495286,17,043,845811,1,170438458111
94.0,56.0,9.0,51.0,110.0,266.0,94.0,122.0,199.0,162.0,91.0,303.0,220.0,110.38770845293682,0.0,0.0,1887.3877084529367,17,043,845811,2,170438458112
70.0,47.0,0.0,41.0,5.0,5.0,2.0,33.0,5.0,17.0,128.0,59.0,169.0,103.56115697135593,0.0,0.0,684.5611569713559,17,043,845901,1,170438459011
32.0,1.0,2.0,20.0,9.0,0.0,86.0,3.0,57.0,3.0,112.0,71.0,123.0,99.20381646932509,0.0,0.0,618.2038164693251,17,043,845901,2,170438459012
92.0,0.0,25.0,5.0,40.0,21.0,0.0,84.0,97.0,84.0,177.0,61.0,70.0,107.86712228651155,0.0,0.0,863.8671222865115,17,043,845902,1,170438459021
2.0,36.0,55.0,67.0,16.0,28.0,24.0,55.0,42.0,86.0,129.0,435.0,279.0,95.9590682783174,0.0,0.0,1349.9590682783173,17,043,845902,2,170438459022
1.0,5.0,80.0,60.0,136.0,39.0,26.0,15.0,5.0,7.0,82.0,254.0,379.0,109.05089396453928,0.0,0.0,1198.0508939645392,17,043,846002,1,170438460021
133.0,123.0,74.0,33.0,32.0,4.0,48.0,43.0,65.0,60.0,139.0,83.0,90.0,95.16312535881048,0.0,0.0,1022.1631253588105,17,043,846002,2,170438460022
3.0,12.0,196.0,52.0,2.0,2.0,0.0,0.0,71.0,309.0,164.0,332.0,204.0,85.99987969441602,0.0,0.0,1432.999879694416,17,043,846002,3,170438460023
3.0,7.0,6.0,7.0,6.0,9.0,86.0,94.0,3.0,87.0,22.0,95.0,137.0,86.4387227230601,0.0,0.0,648.4387227230601,17,043,846003,1,170438460031
27.0,4.0,5.0,53.0,2.0,10.0,4.0,1.0,16.0,147.0,42.0,95.0,301.0,93.72428233016639,0.0,0.0,800.7242823301664,17,043,846003,2,170438460032
20.0,0.0,0.0,2.0,304.0,22.0,23.0,36.0,34.0,72.0,84.0,138.0,28.0,96.05089396453928,0.0,0.0,859.0508939645392,17,043,846003,3,170438460033
2.0,4.0,20.0,51.0,7.0,0.0,86.0,10.0,1.0,99.0,126.0,80.0,35.0,101.38770845293682,0.0,0.0,622.3877084529369,17,043,846003,4,170438460034
3.0,1.0,1.0,1.0,1.0,2.0,12.0,19.0,70.0,98.0,208.0,58.0,88.0,79.86724259209552,0.0,0.0,641.8672425920955,17,043,846004,1,170438460041
122.0,199.0,56.0,71.0,132.0,28.0,60.0,118.0,85.0,73.0,37.0,81.0,45.0,95.88764830014483,0.0,0.0,1202.8876483001447,17,043,846004,2,170438460042
42.0,3.0,18.0,0.0,0.0,0.0,4.0,2.0,18.0,40.0,50.0,166.0,133.0,78.72440263575038,0.0,0.0,554.7244026357504,17,043,846004,3,170438460043
52.0,0.0,6.0,6.0,18.0,19.0,60.0,30.0,33.0,56.0,42.0,0.0,20.0,90.10202854024654,0.0,0.0,432.1020285402465,17,043,846102,1,170438461021
146.0,13.0,121.0,53.0,51.0,56.0,76.0,115.0,55.0,102.0,90.0,101.0,124.0,94.5916452278459,0.0,0.0,1197.591645227846,17,043,846102,2,170438461022
5.0,56.0,0.0,98.0,172.0,58.0,166.0,230.0,114.0,163.0,235.0,186.0,184.0,97.21425993451771,0.0,0.0,1764.2142599345177,17,043,846102,3,170438461023
2.0,16.0,14.0,7.0,27.0,7.0,63.0,11.0,130.0,14.0,83.0,199.0,192.0,101.48949638201537,0.0,0.0,866.4894963820154,17,043,846103,1,170438461031
35.0,17.0,3.0,0.0,19.0,1.0,30.0,4.0,93.0,25.0,4.0,109.0,141.0,95.40811416098613,0.0,0.0,576.4081141609861,17,043,846103,2,170438461032
2.0,2.0,8.0,4.0,56.0,112.0,10.0,135.0,38.0,0.0,69.0,70.0,103.0,92.83651372443758,0.0,0.0,701.8365137244376,17,043,846103,3,170438461033
161.0,102.0,9.0,65.0,34.0,6.0,68.0,7.0,30.0,89.0,14.0,100.0,104.0,82.01008254844066,0.0,0.0,871.0100825484407,17,043,846103,4,170438461034
2.0,2.0,1.0,3.0,10.0,4.0,35.0,7.0,21.0,31.0,109.0,213.0,283.0,94.4590081255254,0.0,0.0,815.4590081255254,17,043,846104,1,170438461041
21.0,31.0,165.0,53.0,165.0,126.0,17.0,82.0,20.0,173.0,154.0,402.0,464.0,100.08126191544527,0.0,0.0,1973.0812619154453,17,043,846104,2,170438461042
0.0,2.0,37.0,40.0,1.0,11.0,7.0,15.0,34.0,13.0,70.0,102.0,363.0,99.60172777628657,0.0,0.0,794.6017277762866,17,043,846105,1,170438461051
43.0,18.0,4.0,16.0,28.0,20.0,6.0,2.0,27.0,69.0,135.0,70.0,106.0,95.96915082675807,0.0,0.0,639.9691508267581,17,043,846105,2,170438461052
2.0,2.0,1.0,18.0,1.0,3.0,3.0,5.0,24.0,68.0,60.0,1.0,78.0,84.75501119782433,0.0,0.0,350.75501119782433,17,043,846105,3,170438461053
2.0,1.0,3.0,153.0,7.0,1.0,7.0,186.0,17.0,116.0,133.0,440.0,322.0,103.18341076127578,0.0,0.0,1491.1834107612758,17,043,846106,1,170438461061
3.0,22.0,7.0,1.0,5.0,26.0,29.0,12.0,95.0,118.0,9.0,193.0,151.0,89.3772649877442,0.0,0.0,760.3772649877442,17,043,846106,2,170438461062
4.0,7.0,49.0,4.0,3.0,4.0,35.0,136.0,75.0,2.0,120.0,216.0,225.0,95.82631087041293,0.0,0.0,975.826310870413,17,043,846201,1,170438462011
2.0,4.0,3.0,86.0,6.0,3.0,8.0,5.0,0.0,74.0,143.0,112.0,447.0,86.3977910013775,0.0,0.0,979.3977910013775,17,043,846201,2,170438462012
58.0,1.0,30.0,58.0,138.0,23.0,117.0,36.0,8.0,70.0,35.0,82.0,94.0,80.13263710232049,0.0,0.0,830.1326371023205,17,043,846201,3,170438462013
39.0,0.0,42.0,46.0,7.0,47.0,47.0,73.0,16.0,82.0,40.0,167.0,193.0,102.56091636018796,0.0,0.0,901.560916360188,17,043,846201,4,170438462014
58.0,62.0,19.0,19.0,7.0,2.0,239.0,85.0,49.0,284.0,114.0,383.0,172.0,95.38758814735283,0.0,0.0,1588.3875881473527,17,043,846202,1,170438462021
0.0,2.0,1.0,0.0,0.0,58.0,3.0,20.0,1.0,88.0,136.0,175.0,357.0,96.25495104503234,0.0,0.0,937.2549510450324,17,043,846202,2,170438462022
1.0,7.0,10.0,0.0,27.0,3.0,2.0,54.0,119.0,37.0,14.0,20.0,66.0,101.0,0.0,0.0,461.0,17,043,846202,3,170438462023
25.0,2.0,0.0,0.0,3.0,0.0,0.0,30.0,64.0,28.0,4.0,99.0,233.0,101.18317015010781,0.0,0.0,589.1831701501078,17,043,846202,4,170438462024
35.0,2.0,3.0,40.0,23.0,6.0,33.0,7.0,19.0,51.0,6.0,150.0,245.0,112.19361361530045,0.0,0.0,732.1936136153005,17,043,846203,1,170438462031
4.0,5.0,33.0,5.0,32.0,0.0,35.0,13.0,32.0,29.0,39.0,279.0,236.0,89.4386024174761,0.0,0.0,831.4386024174761,17,043,846203,2,170438462032
61.0,0.0,2.0,0.0,9.0,4.0,1.0,84.0,37.0,52.0,89.0,180.0,144.0,99.28567991269028,0.0,0.0,762.2856799126903,17,043,846203,3,170438462033
21.0,5.0,2.0,0.0,21.0,8.0,5.0,32.0,1.0,19.0,68.0,52.0,214.0,93.75501119782433,0.0,0.0,541.7550111978244,17,043,846205,1,170438462051
55.0,43.0,0.0,2.0,6.0,10.0,23.0,19.0,1.0,195.0,116.0,96.0,180.0,87.71407947614173,0.0,0.0,833.7140794761417,17,043,846205,2,170438462052
0.0,1.0,3.0,8.0,5.0,23.0,16.0,23.0,7.0,21.0,2.0,110.0,161.0,96.75501119782433,0.0,0.0,476.75501119782433,17,043,846205,3,170438462053
39.0,4.0,53.0,10.0,21.0,24.0,36.0,0.0,51.0,0.0,72.0,113.0,112.0,94.68347091406778,0.0,0.0,629.6834709140678,17,043,846206,1,170438462061
37.0,60.0,4.0,81.0,36.0,1.0,142.0,10.0,22.0,35.0,190.0,307.0,96.0,100.30572470398764,0.0,0.0,1121.3057247039876,17,043,846206,2,170438462062
1.0,3.0,4.0,12.0,0.0,20.0,2.0,0.0,5.0,30.0,63.0,92.0,166.0,110.30584500957163,0.0,0.0,508.3058450095716,17,043,846206,3,170438462063
17.0,2.0,77.0,50.0,26.0,75.0,134.0,0.0,85.0,135.0,185.0,167.0,114.0,80.99963908324804,0.0,0.0,1147.999639083248,17,043,846207,1,170438462071
7.0,7.0,2.0,87.0,0.0,5.0,66.0,2.0,9.0,34.0,78.0,262.0,132.0,90.0711793670046,0.0,0.0,781.0711793670046,17,043,846207,2,170438462072
3.0,5.0,0.0,19.0,21.0,31.0,27.0,4.0,33.0,39.0,30.0,395.0,147.0,93.38758814735283,0.0,0.0,847.3875881473529,17,043,846207,3,170438462073
0.0,7.0,8.0,1.0,2.0,1.0,6.0,3.0,30.0,11.0,0.0,137.0,133.0,94.37738529332819,0.0,0.0,433.3773852933282,17,043,846207,4,170438462074
3.0,76.0,0.0,0.0,6.0,87.0,15.0,9.0,8.0,58.0,38.0,318.0,210.0,88.33645357164559,0.0,0.0,916.3364535716456,17,043,846208,1,170438462081
57.0,1.0,2.0,3.0,15.0,0.0,8.0,1.0,4.0,41.0,103.0,149.0,240.0,100.90805400819414,0.0,0.0,724.9080540081941,17,043,846208,2,170438462082
39.0,2.0,1.0,6.0,3.0,5.0,45.0,77.0,75.0,124.0,82.0,316.0,199.0,108.90805400819414,0.0,0.0,1082.908054008194,17,043,846209,1,170438462091
146.0,4.0,0.0,8.0,5.0,110.0,25.0,103.0,4.0,3.0,5.0,166.0,411.0,98.54075126330662,0.0,0.0,1088.5407512633067,17,043,846209,2,170438462092
94.0,35.0,0.0,42.0,83.0,32.0,3.0,4.0,0.0,129.0,35.0,6.0,67.0,91.59176553342988,0.0,0.0,621.5917655334299,17,043,846304,1,170438463041
1.0,13.0,70.0,5.0,138.0,1.0,65.0,61.0,21.0,213.0,127.0,322.0,198.0,110.85703973807087,0.0,0.0,1345.8570397380709,17,043,846304,2,170438463042
0.0,3.0,11.0,0.0,3.0,32.0,1.0,37.0,5.0,42.0,80.0,183.0,217.0,105.03048825648997,0.0,0.0,719.03048825649,17,043,846304,3,170438463043
29.0,1.0,1.0,38.0,2.0,1.0,2.0,4.0,2.0,1.0,61.0,117.0,15.0,77.02028540246532,0.0,0.0,351.02028540246533,17,043,846304,4,170438463044
1.0,0.0,0.0,2.0,43.0,3.0,6.0,34.0,4.0,108.0,71.0,43.0,327.0,100.62225378991985,0.0,0.0,742.6222537899199,17,043,846304,5,170438463045
0.0,2.0,0.0,118.0,31.0,8.0,45.0,57.0,30.0,217.0,147.0,137.0,282.0,85.8264311759969,0.0,0.0,1159.826431175997,17,043,846305,1,170438463051
0.0,12.0,103.0,1.0,97.0,81.0,98.0,5.0,16.0,190.0,223.0,288.0,267.0,98.77529660028966,0.0,0.0,1479.7752966002897,17,043,846305,2,170438463052
75.0,81.0,3.0,22.0,64.0,48.0,102.0,153.0,28.0,15.0,104.0,183.0,106.0,101.92845971624344,0.0,0.0,1085.9284597162434,17,043,846305,3,170438463053
2.0,5.0,7.0,147.0,4.0,5.0,151.0,25.0,19.0,65.0,94.0,77.0,232.0,84.53054840928196,0.0,0.0,917.530548409282,17,043,846305,4,170438463054
94.0,4.0,35.0,29.0,7.0,46.0,41.0,53.0,22.0,202.0,42.0,192.0,141.0,80.37750559891217,0.0,0.0,988.3775055989122,17,043,846307,1,170438463071
39.0,3.0,46.0,15.0,105.0,23.0,71.0,36.0,34.0,131.0,187.0,403.0,110.0,91.36706213371954,0.0,0.0,1294.3670621337196,17,043,846307,2,170438463072
35.0,56.0,91.0,18.0,68.0,104.0,7.0,73.0,170.0,68.0,283.0,88.0,115.0,100.0,0.0,0.0,1276.0,17,043,846307,3,170438463073
0.0,0.0,15.0,4.0,58.0,115.0,130.0,280.0,9.0,132.0,389.0,634.0,242.0,97.44892557708474,0.0,0.0,2105.4489255770845,17,043,846308,1,170438463081
0.0,0.0,2.0,10.0,63.0,5.0,3.0,6.0,87.0,159.0,155.0,126.0,69.0,75.57123951979659,0.0,0.0,760.5712395197966,17,043,846308,2,170438463082
222.0,66.0,93.0,40.0,106.0,275.0,140.0,112.0,289.0,351.0,224.0,488.0,161.0,99.4387227230601,0.0,0.0,2666.43872272306,17,043,846310,1,170438463101
2.0,2.0,34.0,2.0,3.0,198.0,10.0,21.0,33.0,88.0,232.0,262.0,257.0,114.35637805735895,0.0,0.0,1258.356378057359,17,043,846310,2,170438463102
2.0,2.0,50.0,92.0,6.0,24.0,32.0,5.0,1.0,119.0,169.0,59.0,111.0,78.66306520601847,0.0,0.0,750.6630652060185,17,043,846311,1,170438463111
21.0,29.0,2.0,2.0,27.0,1.0,5.0,110.0,114.0,240.0,174.0,170.0,263.0,97.30596531515562,0.0,0.0,1255.3059653151556,17,043,846311,2,170438463112
14.0,1.0,74.0,101.0,26.0,82.0,36.0,0.0,89.0,226.0,123.0,177.0,108.0,89.04045049934666,0.0,0.0,1146.0404504993467,17,043,846311,3,170438463113
2.0,1.0,3.0,0.0,2.0,3.0,3.0,1.0,54.0,4.0,139.0,96.0,183.0,110.29564215554697,0.0,0.0,601.295642155547,17,043,846311,4,170438463114
132.0,45.0,17.0,10.0,138.0,184.0,72.0,85.0,0.0,203.0,272.0,238.0,106.0,109.56115697135593,0.0,0.0,1611.561156971356,17,043,846312,1,170438463121
63.0,28.0,34.0,9.0,49.0,6.0,154.0,100.0,4.0,169.0,51.0,264.0,183.0,102.0,0.0,0.0,1216.0,17,043,846312,2,170438463122
41.0,60.0,0.0,35.0,79.0,1.0,71.0,90.0,31.0,69.0,73.0,207.0,87.0,83.96927113234206,0.0,0.0,927.9692711323421,17,043,846312,3,170438463123
78.0,1.0,11.0,100.0,108.0,5.0,126.0,99.0,29.0,244.0,68.0,515.0,175.0,89.34677673125422,0.0,0.0,1648.3467767312543,17,043,846313,1,170438463131
0.0,3.0,1.0,59.0,2.0,2.0,1.0,4.0,2.0,2.0,100.0,101.0,38.0,102.765214051849,0.0,0.0,417.765214051849,17,043,846313,2,170438463132
36.0,0.0,1.0,54.0,7.0,50.0,5.0,2.0,123.0,5.0,12.0,258.0,187.0,91.14271965076117,0.0,0.0,831.1427196507611,17,043,846313,3,170438463133
10.0,114.0,8.0,12.0,40.0,108.0,5.0,14.0,40.0,79.0,131.0,329.0,441.0,87.530307798114,0.0,0.0,1418.530307798114,17,043,846314,1,170438463141
18.0,0.0,2.0,1.0,7.0,1.0,30.0,100.0,14.0,89.0,178.0,93.0,151.0,94.6629449004345,0.0,0.0,778.6629449004345,17,043,846314,2,170438463142
3.0,2.0,0.0,0.0,0.0,7.0,67.0,83.0,22.0,26.0,28.0,244.0,275.0,113.13239649115252,0.0,0.0,870.1323964911526,17,043,846315,1,170438463151
0.0,6.0,9.0,2.0,7.0,66.0,106.0,5.0,3.0,58.0,0.0,104.0,200.0,79.70399692770107,0.0,0.0,645.703996927701,17,043,846315,2,170438463152
7.0,5.0,2.0,19.0,3.0,1.0,19.0,62.0,65.0,176.0,191.0,477.0,374.0,109.78537914873033,0.0,0.0,1510.7853791487303,17,043,846315,3,170438463153
83.0,124.0,210.0,18.0,27.0,19.0,11.0,126.0,33.0,1.0,92.0,274.0,103.0,103.48973699318336,0.0,0.0,1224.4897369931834,17,043,846404,1,170438464041
115.0,66.0,124.0,179.0,0.0,32.0,54.0,144.0,38.0,152.0,40.0,228.0,78.0,115.62237409550384,0.0,0.0,1365.6223740955038,17,043,846404,2,170438464042
4.0,5.0,55.0,35.0,142.0,59.0,51.0,0.0,1.0,15.0,102.0,145.0,78.0,91.61217124147919,0.0,0.0,783.6121712414792,17,043,846404,3,170438464043
9.0,0.0,16.0,196.0,1.0,180.0,113.0,87.0,43.0,55.0,187.0,151.0,164.0,92.24486849659168,0.0,0.0,1294.2448684965916,17,043,846404,4,170438464044
1.0,4.0,3.0,21.0,4.0,65.0,59.0,3.0,0.0,32.0,221.0,190.0,314.0,104.02028540246532,0.0,0.0,1021.0202854024653,17,043,846405,1,170438464051
34.0,48.0,103.0,152.0,54.0,62.0,26.0,15.0,75.0,230.0,59.0,121.0,155.0,71.29576246113096,0.0,0.0,1205.295762461131,17,043,846405,2,170438464052
23.0,0.0,2.0,2.0,20.0,0.0,4.0,47.0,4.0,83.0,138.0,368.0,492.0,105.48949638201537,0.0,0.0,1288.4894963820154,17,043,846408,1,170438464081
0.0,1.0,0.0,3.0,4.0,10.0,39.0,3.0,7.0,5.0,22.0,331.0,430.0,98.33645357164559,0.0,0.0,953.3364535716456,17,043,846408,2,170438464082
6.0,1.0,19.0,1.0,10.0,44.0,37.0,87.0,259.0,205.0,160.0,185.0,277.0,92.56103666577194,0.0,0.0,1383.561036665772,17,043,846409,1,170438464091
2.0,5.0,4.0,6.0,17.0,40.0,141.0,4.0,1.0,21.0,34.0,17.0,378.0,104.11199078310321,0.0,0.0,774.1119907831032,17,043,846409,2,170438464092
7.0,56.0,4.0,3.0,2.0,291.0,2.0,47.0,281.0,97.0,312.0,672.0,195.0,101.61181032472723,0.0,0.0,2070.6118103247272,17,043,846410,1,170438464101
44.0,84.0,20.0,57.0,18.0,70.0,130.0,103.0,118.0,151.0,648.0,440.0,113.0,85.20393677490908,0.0,0.0,2081.203936774909,17,043,846410,2,170438464102
72.0,41.0,30.0,27.0,149.0,128.0,71.0,117.0,101.0,162.0,383.0,391.0,410.0,86.7854994543143,0.0,0.0,2168.7854994543145,17,043,846411,1,170438464111
57.0,3.0,1.0,0.0,57.0,20.0,4.0,78.0,19.0,68.0,106.0,91.0,168.0,84.765214051849,0.0,0.0,756.765214051849,17,043,846411,2,170438464112
17.0,0.0,1.0,3.0,2.0,2.0,3.0,46.0,7.0,141.0,173.0,400.0,239.0,95.47941383357471,0.0,0.0,1129.4794138335747,17,043,846412,1,170438464121
84.0,0.0,36.0,1.0,30.0,21.0,1.0,52.0,21.0,16.0,121.0,88.0,210.0,123.77541690587364,0.0,0.0,804.7754169058736,17,043,846412,2,170438464122
165.0,2.0,0.0,4.0,4.0,25.0,44.0,99.0,134.0,107.0,194.0,344.0,142.0,89.92845971624344,0.0,0.0,1353.9284597162434,17,043,846412,3,170438464123
45.0,16.0,28.0,85.0,150.0,2.0,83.0,46.0,145.0,248.0,96.0,238.0,192.0,101.58156267940524,0.0,0.0,1475.5815626794051,17,043,846413,1,170438464131
71.0,3.0,24.0,0.0,1.0,1.0,22.0,6.0,57.0,114.0,80.0,414.0,159.0,79.47929352799073,0.0,0.0,1031.4792935279906,17,043,846413,2,170438464132
112.0,1.0,15.0,50.0,39.0,0.0,22.0,94.0,14.0,75.0,40.0,99.0,170.0,91.24486849659168,0.0,0.0,822.2448684965917,17,043,846504,1,170438465041
43.0,59.0,126.0,8.0,41.0,4.0,6.0,100.0,39.0,91.0,0.0,174.0,141.0,81.97947398636671,0.0,0.0,913.9794739863667,17,043,846504,2,170438465042
1.0,10.0,0.0,0.0,178.0,100.0,148.0,3.0,4.0,1.0,116.0,32.0,123.0,104.56103666577194,0.0,0.0,820.5610366657719,17,043,846504,3,170438465043
18.0,15.0,151.0,3.0,29.0,255.0,225.0,173.0,179.0,92.0,75.0,118.0,194.0,89.35709989086286,0.0,0.0,1616.3570998908629,17,043,846504,4,170438465044
86.0,0.0,1.0,67.0,0.0,213.0,184.0,96.0,49.0,115.0,187.0,610.0,381.0,96.35697958527888,0.0,0.0,2085.356979585279,17,043,846507,1,170438465071
7.0,132.0,105.0,15.0,4.0,73.0,30.0,108.0,111.0,4.0,50.0,112.0,140.0,75.28567991269028,0.0,0.0,966.2856799126903,17,043,846509,1,170438465091
16.0,0.0,23.0,21.0,137.0,94.0,201.0,34.0,56.0,96.0,134.0,213.0,150.0,93.0,0.0,0.0,1268.0,17,043,846509,2,170438465092
25.0,1.0,23.0,91.0,3.0,2.0,112.0,12.0,33.0,104.0,18.0,286.0,752.0,93.54039034655466,0.0,0.0,1555.5403903465547,17,043,846509,3,170438465093
146.0,1.0,9.0,16.0,60.0,103.0,1.0,106.0,5.0,4.0,363.0,218.0,209.0,116.48973699318336,0.0,0.0,1357.4897369931834,17,043,846510,1,170438465101
2.0,2.0,2.0,21.0,0.0,39.0,2.0,128.0,152.0,133.0,165.0,268.0,191.0,102.765214051849,0.0,0.0,1207.765214051849,17,043,846510,2,170438465102
32.0,36.0,0.0,179.0,4.0,1.0,149.0,117.0,70.0,240.0,239.0,366.0,150.0,96.4795341391587,0.0,0.0,1679.4795341391587,17,043,846511,1,170438465111
0.0,0.0,133.0,6.0,1.0,81.0,233.0,59.0,11.0,118.0,198.0,31.0,380.0,75.3264913287889,0.0,0.0,1326.326491328789,17,043,846511,2,170438465112
43.0,2.0,25.0,4.0,92.0,0.0,125.0,50.0,72.0,163.0,334.0,161.0,584.0,118.0,0.0,0.0,1773.0,17,043,846511,3,170438465113
4.0,8.0,4.0,64.0,29.0,2.0,40.0,1.0,319.0,180.0,150.0,149.0,90.0,87.37750559891217,0.0,0.0,1127.3775055989122,17,043,846511,4,170438465114
2.0,18.0,8.0,51.0,42.0,0.0,53.0,21.0,2.0,0.0,31.0,261.0,134.0,86.90805400819414,0.0,0.0,709.9080540081941,17,043,846513,1,170438465131
5.0,25.0,2.0,3.0,4.0,1.0,9.0,3.0,4.0,12.0,24.0,36.0,276.0,92.48973699318336,0.0,0.0,496.4897369931833,17,043,846513,2,170438465132
2.0,5.0,2.0,1.0,1.0,0.0,23.0,1.0,6.0,207.0,103.0,451.0,239.0,108.0097216316887,0.0,0.0,1149.0097216316888,17,043,846514,1,170438465141
11.0,1.0,2.0,25.0,5.0,45.0,12.0,2.0,0.0,124.0,30.0,240.0,566.0,83.6220131787519,0.0,0.0,1146.6220131787518,17,043,846514,2,170438465142
240.0,52.0,32.0,5.0,3.0,46.0,3.0,135.0,339.0,303.0,113.0,166.0,27.0,82.42851986903543,0.0,0.0,1546.4285198690354,17,043,846515,1,170438465151
4.0,3.0,20.0,1.0,1.0,8.0,6.0,7.0,12.0,38.0,207.0,129.0,211.0,105.765214051849,0.0,0.0,752.765214051849,17,043,846515,2,170438465152
22.0,2.0,24.0,3.0,133.0,127.0,3.0,121.0,2.0,181.0,316.0,42.0,183.0,97.0,0.0,0.0,1256.0,17,043,846515,3,170438465153
9.0,2.0,0.0,5.0,1.0,0.0,0.0,0.0,1.0,147.0,121.0,299.0,398.0,81.28531899593833,0.0,0.0,1064.2853189959383,17,043,846515,4,170438465154
6.0,3.0,3.0,6.0,3.0,1.0,1.0,4.0,3.0,48.0,7.0,294.0,147.0,83.7037563165331,0.0,0.0,609.7037563165331,17,043,846517,1,170438465171
15.0,2.0,34.0,62.0,0.0,71.0,3.0,29.0,235.0,447.0,488.0,357.0,31.0,113.72440263575038,0.0,0.0,1887.7244026357503,17,043,846517,2,170438465172
2.0,2.0,0.0,84.0,0.0,28.0,36.0,1.0,18.0,75.0,232.0,449.0,478.0,97.95858705598147,0.0,0.0,1502.9585870559815,17,043,846517,3,170438465173
2.0,6.0,1.0,1.0,5.0,1.0,6.0,0.0,1.0,15.0,1.0,86.0,174.0,97.93854226468412,0.0,0.0,396.9385422646841,17,043,846518,1,170438465181
9.0,0.0,3.0,1.0,4.0,5.0,29.0,1.0,0.0,71.0,137.0,262.0,165.0,92.530307798114,0.0,0.0,779.530307798114,17,043,846518,2,170438465182
2.0,19.0,1.0,0.0,0.0,4.0,26.0,9.0,3.0,15.0,181.0,309.0,229.0,82.44892557708474,0.0,0.0,880.4489255770848,17,043,846518,3,170438465183
11.0,1.0,0.0,154.0,2.0,95.0,9.0,32.0,1.0,26.0,4.0,72.0,243.0,108.77529660028966,0.0,0.0,758.7752966002896,17,043,846519,1,170438465191
65.0,0.0,145.0,112.0,42.0,3.0,7.0,15.0,39.0,105.0,128.0,449.0,330.0,97.85703973807087,0.0,0.0,1537.8570397380709,17,043,846519,2,170438465192
5.0,7.0,1.0,0.0,0.0,0.0,0.0,6.0,2.0,3.0,32.0,162.0,146.0,86.44868496591677,0.0,0.0,450.44868496591675,17,043,846521,1,170438465211
17.0,2.0,8.0,4.0,4.0,27.0,12.0,107.0,4.0,52.0,122.0,16.0,165.0,92.66318551160245,0.0,0.0,632.6631855116025,17,043,846521,2,170438465212
24.0,0.0,5.0,4.0,2.0,3.0,50.0,5.0,9.0,1.0,164.0,4.0,183.0,92.38746784176885,0.0,0.0,546.3874678417689,17,043,846521,3,170438465213
1.0,6.0,67.0,32.0,91.0,115.0,61.0,1.0,117.0,143.0,153.0,460.0,210.0,82.83651372443758,0.0,0.0,1539.8365137244375,17,043,846521,4,170438465214
63.0,17.0,32.0,9.0,70.0,50.0,13.0,49.0,40.0,118.0,281.0,261.0,247.0,79.35697958527888,0.0,0.0,1329.3569795852789,17,043,846522,1,170438465221
2.0,1.0,37.0,6.0,24.0,5.0,30.0,0.0,1.0,201.0,130.0,172.0,312.0,86.9181365566348,0.0,0.0,1007.9181365566346,17,043,846522,2,170438465222
2.0,1.0,16.0,4.0,1.0,10.0,69.0,4.0,69.0,21.0,97.0,103.0,284.0,81.49981954162402,0.0,0.0,762.499819541624,17,043,846523,1,170438465231
1.0,20.0,31.0,1.0,6.0,19.0,78.0,5.0,2.0,42.0,89.0,209.0,222.0,89.99975938883203,0.0,0.0,814.999759388832,17,043,846523,2,170438465232
11.0,6.0,157.0,41.0,2.0,14.0,127.0,95.0,26.0,59.0,69.0,213.0,74.0,90.81622832197226,0.0,0.0,984.8162283219722,17,043,846524,1,170438465241
1.0,0.0,2.0,5.0,3.0,33.0,4.0,25.0,3.0,20.0,73.0,72.0,241.0,78.99987969441602,0.0,0.0,560.999879694416,17,043,846524,2,170438465242
0.0,15.0,28.0,16.0,27.0,25.0,175.0,10.0,3.0,8.0,54.0,357.0,450.0,88.93854226468412,0.0,0.0,1256.9385422646842,17,043,846524,3,170438465243
175.0,4.0,128.0,1.0,89.0,3.0,124.0,0.0,0.0,209.0,96.0,168.0,63.0,105.59176553342988,0.0,0.0,1165.59176553343,17,043,846603,1,170438466031
4.0,0.0,145.0,6.0,68.0,130.0,132.0,132.0,140.0,52.0,80.0,311.0,38.0,74.37750559891217,0.0,0.0,1312.3775055989122,17,043,846603,2,170438466032
0.0,65.0,143.0,156.0,348.0,264.0,117.0,150.0,375.0,76.0,1.0,2.0,36.0,97.0,0.0,0.0,1830.0,17,043,846603,3,170438466033
64.0,10.0,0.0,191.0,21.0,181.0,10.0,26.0,73.0,136.0,301.0,147.0,164.0,110.22446278854237,0.0,0.0,1434.2244627885423,17,043,846604,1,170438466041
6.0,11.0,45.0,23.0,51.0,50.0,0.0,53.0,2.0,40.0,97.0,181.0,208.0,119.52034555525731,0.0,0.0,886.5203455552573,17,043,846604,2,170438466042
139.0,5.0,9.0,43.0,22.0,52.0,35.0,84.0,23.0,6.0,158.0,139.0,106.0,91.58156267940524,0.0,0.0,912.5815626794052,17,043,846604,3,170438466043
229.0,33.0,124.0,385.0,111.0,60.0,55.0,76.0,114.0,58.0,350.0,374.0,98.0,96.10190823466255,0.0,0.0,2163.1019082346625,17,043,846701,1,170438467011
6.0,0.0,14.0,6.0,9.0,5.0,51.0,81.0,10.0,91.0,56.0,69.0,40.0,84.25507135061633,0.0,0.0,522.2550713506163,17,043,846701,2,170438467012
57.0,50.0,18.0,47.0,4.0,158.0,21.0,72.0,20.0,35.0,220.0,361.0,56.0,77.0,0.0,0.0,1196.0,17,043,846701,3,170438467013
8.0,9.0,37.0,3.0,0.0,2.0,191.0,67.0,77.0,39.0,68.0,238.0,268.0,85.96927113234206,0.0,0.0,1092.969271132342,17,043,846702,1,170438467021
5.0,1.0,30.0,5.0,144.0,3.0,154.0,65.0,13.0,249.0,175.0,148.0,107.0,101.26527420464097,0.0,0.0,1200.265274204641,17,043,846702,2,170438467022
106.0,4.0,4.0,254.0,23.0,2.0,198.0,29.0,45.0,111.0,27.0,170.0,67.0,104.06109681856393,0.0,0.0,1144.061096818564,17,043,846702,3,170438467023
93.0,0.0,320.0,280.0,66.0,4.0,247.0,156.0,344.0,357.0,0.0,50.0,720.0,101.0,0.0,0.0,2738.0,17,089,850101,1,170898501011
52.0,111.0,10.0,11.0,236.0,29.0,146.0,339.0,38.0,246.0,432.0,916.0,448.0,80.1423587340092,0.0,0.0,3094.142358734009,17,089,850101,2,170898501012
2.0,109.0,10.0,8.0,4.0,1.0,80.0,219.0,268.0,130.0,275.0,640.0,1043.0,110.30536378723568,0.0,0.0,2899.305363787236,17,089,850103,1,170898501031
30.0,2.0,4.0,44.0,26.0,31.0,159.0,40.0,6.0,68.0,212.0,337.0,254.0,88.96927113234206,0.0,0.0,1301.969271132342,17,089,850103,2,170898501032
262.0,65.0,1.0,1.0,41.0,30.0,0.0,2.0,43.0,101.0,239.0,125.0,417.0,89.11199078310321,0.0,0.0,1416.1119907831032,17,089,850105,1,170898501051
65.0,17.0,103.0,15.0,2.0,23.0,31.0,54.0,284.0,106.0,427.0,819.0,773.0,106.87696422378423,0.0,0.0,2825.8769642237844,17,089,850105,2,170898501052
0.0,1.0,201.0,1.0,1.0,5.0,499.0,81.0,4.0,140.0,150.0,221.0,141.0,82.27535675308165,0.0,0.0,1527.2753567530817,17,089,850106,1,170898501061
0.0,42.0,223.0,98.0,5.0,1.0,138.0,2.0,122.0,0.0,139.0,347.0,148.0,79.0,0.0,0.0,1344.0,17,089,850106,2,170898501062
4.0,3.0,24.0,54.0,2.0,19.0,47.0,1.0,18.0,147.0,114.0,217.0,399.0,89.9894362292234,0.0,0.0,1138.9894362292234,17,089,850106,3,170898501063
199.0,6.0,4.0,1.0,22.0,14.0,61.0,133.0,100.0,74.0,285.0,268.0,279.0,78.44868496591677,0.0,0.0,1524.4486849659168,17,089,850106,4,170898501064
201.0,114.0,35.0,69.0,105.0,270.0,18.0,145.0,281.0,267.0,448.0,146.0,404.0,102.24474819100769,0.0,0.0,2605.2447481910076,17,089,850201,1,170898502011
7.0,97.0,3.0,3.0,84.0,4.0,44.0,113.0,44.0,93.0,296.0,348.0,26.0,86.10190823466255,0.0,0.0,1248.1019082346625,17,089,850201,2,170898502012
0.0,3.0,10.0,12.0,144.0,5.0,68.0,191.0,3.0,66.0,101.0,123.0,130.0,95.36730274488752,0.0,0.0,951.3673027448875,17,089,850202,1,170898502021
129.0,14.0,212.0,479.0,75.0,129.0,42.0,124.0,218.0,375.0,287.0,301.0,43.0,88.44880527150076,0.0,0.0,2516.4488052715005,17,089,850202,2,170898502022
103.0,228.0,94.0,400.0,138.0,178.0,185.0,95.0,72.0,250.0,361.0,396.0,75.0,88.0,0.0,0.0,2663.0,17,089,850202,3,170898502023
1111.0,223.0,3.0,0.0,190.0,2.0,0.0,2.0,30.0,1.0,0.0,2.0,49.0,107.0,0.0,0.0,1720.0,17,089,850301,1,170898503011
0.0,120.0,23.0,41.0,8.0,203.0,95.0,4.0,368.0,690.0,96.0,155.0,74.0,89.0,0.0,0.0,1966.0,17,089,850301,2,170898503012
0.0,5.0,1.0,54.0,23.0,71.0,41.0,28.0,71.0,126.0,75.0,229.0,138.0,82.55095411733127,0.0,0.0,944.5509541173312,17,089,850301,3,170898503013
40.0,1.0,3.0,113.0,187.0,118.0,436.0,151.0,204.0,144.0,335.0,570.0,81.0,94.0,0.0,0.0,2477.0,17,089,850301,4,170898503014
36.0,34.0,236.0,501.0,269.0,290.0,32.0,211.0,12.0,281.0,40.0,305.0,58.0,92.91825686221878,0.0,0.0,2397.9182568622186,17,089,850302,1,170898503021
29.0,33.0,44.0,46.0,132.0,16.0,32.0,111.0,62.0,178.0,318.0,387.0,264.0,83.6325769495285,0.0,0.0,1735.6325769495286,17,089,850302,2,170898503022
5.0,1.0,37.0,7.0,15.0,124.0,12.0,42.0,1.0,49.0,241.0,128.0,150.0,107.96927113234206,0.0,0.0,919.9692711323421,17,089,850400,1,170898504001
0.0,8.0,79.0,188.0,101.0,45.0,49.0,32.0,4.0,187.0,32.0,30.0,169.0,85.66318551160245,0.0,0.0,1009.6631855116025,17,089,850400,2,170898504002
6.0,3.0,28.0,8.0,2.0,63.0,23.0,3.0,1.0,128.0,54.0,187.0,108.0,106.53054840928196,0.0,0.0,720.530548409282,17,089,850500,1,170898505001
7.0,60.0,105.0,0.0,5.0,70.0,1.0,53.0,11.0,78.0,48.0,184.0,124.0,91.79582261392295,0.0,0.0,837.795822613923,17,089,850500,2,170898505002
1.0,4.0,1.0,2.0,25.0,5.0,0.0,40.0,20.0,80.0,61.0,148.0,71.0,84.60196838745455,0.0,0.0,542.6019683874545,17,089,850500,3,170898505003
9.0,59.0,0.0,8.0,28.0,72.0,6.0,66.0,18.0,134.0,201.0,100.0,104.0,98.64277980355315,0.0,0.0,903.6427798035531,17,089,850500,4,170898505004
39.0,46.0,110.0,79.0,54.0,185.0,121.0,122.0,39.0,223.0,398.0,349.0,348.0,91.73436487860707,0.0,0.0,2204.7343648786073,17,089,850600,1,170898506001
110.0,1.0,2.0,34.0,0.0,21.0,1.0,12.0,172.0,59.0,65.0,500.0,458.0,96.39755039020952,0.0,0.0,1531.3975503902095,17,089,850600,2,170898506002
0.0,0.0,47.0,5.0,9.0,3.0,7.0,150.0,66.0,131.0,188.0,566.0,373.0,100.96927113234206,0.0,0.0,1645.969271132342,17,089,850600,3,170898506003
3.0,2.0,2.0,6.0,104.0,0.0,10.0,3.0,3.0,4.0,145.0,641.0,327.0,93.67314775445914,0.0,0.0,1343.6731477544593,17,089,850701,1,170898507011
143.0,43.0,5.0,178.0,1.0,158.0,105.0,154.0,57.0,308.0,2157.0,2642.0,2296.0,101.04896907519552,0.0,0.0,8348.048969075195,17,089,850701,2,170898507012
2.0,36.0,5.0,42.0,2.0,3.0,54.0,5.0,42.0,206.0,125.0,655.0,860.0,107.91765533429887,0.0,0.0,2144.917655334299,17,089,850701,3,170898507013
2.0,1.0,0.0,109.0,0.0,2.0,40.0,89.0,163.0,96.0,56.0,347.0,120.0,82.46933128513405,0.0,0.0,1107.469331285134,17,089,850701,4,170898507014
58.0,3.0,367.0,225.0,391.0,587.0,400.0,469.0,138.0,851.0,1125.0,996.0,815.0,102.96866960442213,0.0,0.0,6527.968669604422,17,089,850702,1,170898507021
5.0,1.0,16.0,124.0,94.0,95.0,341.0,0.0,69.0,165.0,178.0,389.0,358.0,98.58144237382125,0.0,0.0,1933.5814423738213,17,089,850702,2,170898507022
66.0,0.0,65.0,17.0,1.0,2.0,165.0,5.0,55.0,7.0,456.0,313.0,184.0,81.0,0.0,0.0,1417.0,17,089,850702,3,170898507023
63.0,237.0,3.0,4.0,177.0,0.0,43.0,10.0,1.0,133.0,201.0,125.0,658.0,77.04057080493064,0.0,0.0,1732.0405708049307,17,089,850702,4,170898507024
41.0,25.0,1.0,34.0,34.0,53.0,78.0,29.0,46.0,112.0,123.0,250.0,203.0,88.60184808187056,0.0,0.0,1117.6018480818705,17,089,850703,1,170898507031
3.0,2.0,2.0,1.0,36.0,6.0,2.0,53.0,3.0,8.0,94.0,94.0,94.0,118.28567991269028,0.0,0.0,516.2856799126903,17,089,850703,2,170898507032
0.0,1.0,86.0,23.0,139.0,2.0,6.0,27.0,0.0,105.0,55.0,0.0,14.0,64.0,0.0,0.0,522.0,17,089,850800,1,170898508001
1.0,171.0,2.0,39.0,152.0,1.0,107.0,3.0,17.0,145.0,2.0,247.0,174.0,100.20393677490908,0.0,0.0,1161.2039367749092,17,089,850800,2,170898508002
2.0,110.0,9.0,0.0,29.0,223.0,15.0,50.0,0.0,30.0,109.0,162.0,207.0,86.0,0.0,0.0,1032.0,17,089,850800,3,170898508003
4.0,33.0,11.0,1.0,58.0,0.0,197.0,2.0,108.0,30.0,328.0,0.0,166.0,93.0,0.0,0.0,1031.0,17,089,850800,4,170898508004
37.0,6.0,1.0,59.0,115.0,142.0,61.0,187.0,312.0,44.0,2.0,225.0,162.0,77.9181365566348,0.0,0.0,1430.9181365566349,17,089,850800,5,170898508005
2.0,28.0,1.0,1.0,31.0,6.0,172.0,38.0,64.0,28.0,26.0,12.0,54.0,99.20381646932509,0.0,0.0,562.2038164693251,17,089,850800,6,170898508006
30.0,22.0,43.0,35.0,236.0,30.0,186.0,232.0,124.0,123.0,291.0,308.0,195.0,93.8977308485855,0.0,0.0,1948.8977308485855,17,089,851000,1,170898510001
255.0,45.0,3.0,546.0,0.0,184.0,15.0,2.0,121.0,308.0,316.0,469.0,29.0,85.70399692770107,0.0,0.0,2378.703996927701,17,089,851000,2,170898510002
41.0,97.0,199.0,13.0,6.0,111.0,20.0,115.0,16.0,43.0,119.0,24.0,116.0,101.0,0.0,0.0,1021.0,17,089,851000,3,170898510003
30.0,0.0,3.0,1.0,0.0,2.0,0.0,2.0,4.0,9.0,45.0,53.0,40.0,97.0,0.0,0.0,286.0,17,089,851101,1,170898511011
3.0,5.0,0.0,84.0,33.0,123.0,112.0,36.0,53.0,25.0,42.0,252.0,80.0,87.0,0.0,0.0,935.0,17,089,851101,2,170898511012
40.0,5.0,36.0,97.0,168.0,99.0,70.0,6.0,178.0,83.0,66.0,338.0,62.0,105.0,0.0,0.0,1353.0,17,089,851101,3,170898511013
0.0,1.0,3.0,14.0,9.0,71.0,2.0,1.0,46.0,35.0,106.0,71.0,94.0,93.1530428103698,0.0,0.0,546.1530428103698,17,089,851101,4,170898511014
57.0,2.0,3.0,132.0,5.0,36.0,67.0,5.0,32.0,3.0,87.0,134.0,285.0,88.20405708049307,0.0,0.0,936.204057080493,17,089,851101,5,170898511015
111.0,41.0,60.0,41.0,176.0,5.0,7.0,88.0,33.0,22.0,8.0,3.0,86.0,84.28555960710631,0.0,0.0,765.2855596071063,17,089,851102,1,170898511021
283.0,7.0,14.0,107.0,51.0,195.0,37.0,2.0,2.0,49.0,21.0,176.0,118.0,91.27535675308165,0.0,0.0,1153.2753567530817,17,089,851102,2,170898511022
11.0,22.0,23.0,4.0,18.0,47.0,4.0,45.0,64.0,101.0,301.0,311.0,130.0,108.23454533698305,0.0,0.0,1189.234545336983,17,089,851102,3,170898511023
49.0,56.0,72.0,52.0,142.0,7.0,4.0,4.0,61.0,131.0,47.0,28.0,70.0,98.25507135061633,0.0,0.0,821.2550713506163,17,089,851301,1,170898513011
299.0,59.0,133.0,78.0,85.0,131.0,223.0,142.0,96.0,126.0,285.0,199.0,245.0,106.68347091406778,0.0,0.0,2207.6834709140676,17,089,851301,2,170898513012
45.0,27.0,35.0,58.0,54.0,60.0,15.0,76.0,26.0,29.0,44.0,86.0,96.0,94.8264311759969,0.0,0.0,745.826431175997,17,089,851301,3,170898513013
0.0,0.0,35.0,142.0,1.0,48.0,86.0,101.0,90.0,84.0,17.0,113.0,181.0,96.37750559891217,0.0,0.0,994.3775055989122,17,089,851302,1,170898513021
8.0,0.0,3.0,10.0,1.0,20.0,45.0,25.0,75.0,89.0,44.0,71.0,31.0,93.0,0.0,0.0,515.0,17,089,851302,2,170898513022
25.0,57.0,2.0,53.0,52.0,0.0,118.0,131.0,94.0,62.0,89.0,59.0,51.0,111.0,0.0,0.0,904.0,17,089,851302,3,170898513023
29.0,3.0,1.0,133.0,108.0,4.0,6.0,72.0,0.0,0.0,101.0,53.0,18.0,79.0,0.0,0.0,607.0,17,089,851302,4,170898513024
40.0,12.0,26.0,3.0,3.0,177.0,148.0,200.0,1.0,35.0,338.0,61.0,33.0,106.0,0.0,0.0,1183.0,17,089,851400,1,170898514001
17.0,46.0,6.0,47.0,108.0,61.0,7.0,72.0,155.0,34.0,250.0,239.0,148.0,88.77541690587364,0.0,0.0,1278.7754169058737,17,089,851400,2,170898514002
13.0,8.0,101.0,80.0,4.0,82.0,0.0,168.0,116.0,280.0,60.0,90.0,90.0,99.59176553342988,0.0,0.0,1191.59176553343,17,089,851400,3,170898514003
4.0,74.0,39.0,0.0,4.0,109.0,2.0,19.0,79.0,109.0,52.0,31.0,8.0,106.0,0.0,0.0,636.0,17,089,851400,4,170898514004
51.0,40.0,5.0,1.0,40.0,68.0,56.0,32.0,135.0,1.0,86.0,46.0,137.0,83.0,0.0,0.0,781.0,17,089,851400,5,170898514005
194.0,41.0,27.0,37.0,84.0,1.0,116.0,80.0,37.0,47.0,126.0,245.0,29.0,91.72440263575038,0.0,0.0,1155.7244026357503,17,089,851400,6,170898514006
35.0,75.0,35.0,198.0,51.0,36.0,126.0,18.0,5.0,109.0,99.0,107.0,52.0,85.0,0.0,0.0,1031.0,17,089,851500,1,170898515001
446.0,320.0,145.0,119.0,199.0,21.0,0.0,15.0,1.0,81.0,145.0,105.0,243.0,92.0,0.0,0.0,1932.0,17,089,851600,1,170898516001
39.0,3.0,57.0,2.0,150.0,2.0,3.0,5.0,149.0,27.0,24.0,199.0,76.0,81.61217124147919,0.0,0.0,817.6121712414792,17,089,851600,2,170898516002
426.0,0.0,124.0,155.0,2.0,160.0,3.0,53.0,1.0,4.0,71.0,208.0,69.0,84.0,0.0,0.0,1360.0,17,089,851600,3,170898516003
35.0,47.0,3.0,4.0,3.0,32.0,153.0,1.0,7.0,210.0,64.0,150.0,106.0,110.81622832197226,0.0,0.0,925.8162283219723,17,089,851600,4,170898516004
3.0,3.0,60.0,0.0,52.0,44.0,69.0,150.0,2.0,20.0,4.0,550.0,142.0,99.0,0.0,0.0,1198.0,17,089,851600,5,170898516005
5.0,129.0,39.0,3.0,25.0,1.0,82.0,69.0,14.0,224.0,472.0,383.0,707.0,114.17296729608316,0.0,0.0,2267.1729672960832,17,089,851801,1,170898518011
13.0,4.0,49.0,67.0,0.0,32.0,2.0,118.0,41.0,94.0,280.0,161.0,188.0,98.36730274488752,0.0,0.0,1147.3673027448874,17,089,851801,2,170898518012
22.0,14.0,0.0,5.0,13.0,1.0,58.0,28.0,8.0,0.0,237.0,392.0,146.0,96.28555960710631,0.0,0.0,1020.2855596071063,17,089,851801,3,170898518013
143.0,6.0,15.0,124.0,202.0,36.0,2.0,29.0,42.0,89.0,294.0,287.0,471.0,90.73448518419104,0.0,0.0,1830.734485184191,17,089,851801,4,170898518014
225.0,5.0,127.0,174.0,519.0,208.0,90.0,40.0,112.0,77.0,39.0,3.0,123.0,92.0,0.0,0.0,1834.0,17,089,851904,1,170898519041
0.0,80.0,24.0,233.0,529.0,25.0,0.0,195.0,161.0,71.0,98.0,24.0,181.0,110.69379407367641,0.0,0.0,1731.6937940736764,17,089,851904,2,170898519042
23.0,11.0,13.0,83.0,1.0,141.0,34.0,21.0,126.0,158.0,141.0,91.0,346.0,81.9590682783174,0.0,0.0,1270.9590682783173,17,089,851904,3,170898519043
3.0,83.0,1.0,4.0,3.0,12.0,134.0,1.0,0.0,52.0,179.0,207.0,413.0,101.73424457302308,0.0,0.0,1193.734244573023,17,089,851904,4,170898519044
501.0,3.0,1.0,40.0,170.0,67.0,247.0,84.0,268.0,395.0,1112.0,1742.0,902.0,94.12074997012004,0.0,0.0,5626.12074997012,17,089,851905,1,170898519051
5.0,454.0,0.0,0.0,192.0,6.0,129.0,46.0,113.0,94.0,236.0,409.0,437.0,113.68286938614786,0.0,0.0,2234.682869386148,17,089,851905,2,170898519052
3.0,31.0,4.0,1.0,8.0,28.0,5.0,35.0,14.0,3.0,71.0,172.0,46.0,98.33669418281356,0.0,0.0,519.3366941828135,17,089,851907,1,170898519071
0.0,181.0,56.0,8.0,69.0,16.0,44.0,68.0,344.0,280.0,507.0,511.0,268.0,92.67314775445914,0.0,0.0,2444.673147754459,17,089,851907,2,170898519072
67.0,10.0,12.0,18.0,1.0,129.0,1.0,162.0,138.0,314.0,791.0,296.0,663.0,75.84659627287824,0.0,0.0,2677.8465962728783,17,089,851907,3,170898519073
2.0,3.0,37.0,177.0,135.0,22.0,4.0,26.0,24.0,105.0,161.0,92.0,313.0,115.41831701501079,0.0,0.0,1216.4183170150109,17,089,851908,1,170898519081
117.0,169.0,196.0,94.0,53.0,77.0,0.0,57.0,0.0,197.0,257.0,377.0,226.0,78.7854994543143,0.0,0.0,1898.7854994543143,17,089,851908,2,170898519082
7.0,9.0,41.0,4.0,4.0,21.0,19.0,18.0,32.0,182.0,459.0,226.0,269.0,93.24474819100769,0.0,0.0,1384.2447481910076,17,089,851908,3,170898519083
0.0,12.0,10.0,32.0,0.0,14.0,151.0,4.0,47.0,38.0,130.0,43.0,50.0,93.40799385540214,0.0,0.0,624.4079938554022,17,089,851909,1,170898519091
0.0,2.0,46.0,7.0,88.0,8.0,4.0,42.0,1.0,219.0,76.0,153.0,142.0,96.55095411733127,0.0,0.0,884.5509541173312,17,089,851909,2,170898519092
1.0,82.0,1.0,60.0,43.0,140.0,28.0,193.0,52.0,275.0,345.0,457.0,257.0,105.16276444205852,0.0,0.0,2039.1627644420587,17,089,851909,3,170898519093
26.0,15.0,2.0,21.0,60.0,128.0,71.0,229.0,5.0,99.0,534.0,676.0,289.0,81.83651372443758,0.0,0.0,2236.8365137244377,17,089,851910,1,170898519101
59.0,49.0,10.0,7.0,10.0,14.0,92.0,1.0,25.0,19.0,84.0,166.0,68.0,125.8264311759969,0.0,0.0,729.826431175997,17,089,851910,2,170898519102
146.0,8.0,89.0,17.0,74.0,260.0,101.0,148.0,109.0,70.0,111.0,91.0,5.0,83.14271965076117,0.0,0.0,1312.1427196507611,17,089,851910,3,170898519103
3.0,42.0,17.0,53.0,76.0,11.0,22.0,4.0,1.0,120.0,24.0,198.0,95.0,100.33669418281356,0.0,0.0,766.3366941828135,17,089,852001,1,170898520011
0.0,8.0,0.0,9.0,30.0,53.0,9.0,11.0,0.0,3.0,13.0,109.0,98.0,96.8060254679476,0.0,0.0,439.8060254679476,17,089,852001,2,170898520012
30.0,60.0,9.0,33.0,16.0,9.0,24.0,42.0,17.0,227.0,165.0,223.0,153.0,103.9386625702681,0.0,0.0,1111.9386625702682,17,089,852001,3,170898520013
1.0,3.0,15.0,81.0,0.0,4.0,23.0,52.0,3.0,15.0,124.0,125.0,192.0,109.48973699318336,0.0,0.0,747.4897369931833,17,089,852001,4,170898520014
28.0,15.0,66.0,31.0,3.0,29.0,218.0,1.0,235.0,44.0,231.0,465.0,289.0,91.04069111051463,0.0,0.0,1746.0406911105147,17,089,852002,1,170898520021
2.0,2.0,6.0,37.0,2.0,81.0,90.0,19.0,104.0,50.0,62.0,233.0,153.0,108.61205093589521,0.0,0.0,949.6120509358952,17,089,852002,2,170898520022
0.0,1.0,0.0,163.0,6.0,49.0,0.0,213.0,32.0,183.0,51.0,254.0,293.0,104.08150252661324,0.0,0.0,1349.0815025266133,17,089,852002,3,170898520023
0.0,0.0,1.0,4.0,0.0,82.0,251.0,4.0,5.0,325.0,631.0,252.0,284.0,103.58144237382125,0.0,0.0,1942.5814423738213,17,089,852002,4,170898520024
117.0,18.0,44.0,68.0,8.0,51.0,1.0,29.0,36.0,19.0,64.0,179.0,250.0,101.9181365566348,0.0,0.0,985.9181365566349,17,089,852003,1,170898520031
53.0,14.0,62.0,140.0,48.0,29.0,55.0,16.0,3.0,95.0,243.0,207.0,423.0,87.02004479129735,0.0,0.0,1475.0200447912973,17,089,852003,2,170898520032
14.0,10.0,1.0,30.0,157.0,63.0,8.0,0.0,4.0,230.0,107.0,124.0,231.0,82.91789594546682,0.0,0.0,1061.9178959454669,17,089,852003,3,170898520033
3.0,6.0,89.0,5.0,0.0,60.0,2.0,1.0,0.0,64.0,70.0,321.0,50.0,85.44892557708474,0.0,0.0,756.4489255770848,17,089,852101,1,170898521011
4.0,1.0,143.0,91.0,4.0,45.0,41.0,153.0,171.0,142.0,39.0,631.0,731.0,96.95810583364552,0.0,0.0,2292.9581058336457,17,089,852101,2,170898521012
3.0,22.0,0.0,6.0,2.0,7.0,9.0,2.0,159.0,0.0,46.0,20.0,71.0,83.22446278854237,0.0,0.0,430.2244627885424,17,089,852102,1,170898521021
2.0,20.0,4.0,1.0,7.0,1.0,0.0,143.0,3.0,1.0,231.0,6.0,244.0,98.06097651297995,0.0,0.0,761.06097651298,17,089,852102,2,170898521022
5.0,1.0,4.0,92.0,3.0,1.0,213.0,130.0,46.0,112.0,195.0,758.0,596.0,117.3158072524283,0.0,0.0,2273.3158072524284,17,089,852102,3,170898521023
0.0,33.0,35.0,1.0,0.0,39.0,30.0,47.0,1.0,114.0,195.0,178.0,259.0,107.66306520601847,0.0,0.0,1039.6630652060185,17,089,852102,4,170898521024
3.0,1.0,2.0,1.0,82.0,0.0,2.0,10.0,3.0,81.0,94.0,125.0,178.0,94.06097651297995,0.0,0.0,676.06097651298,17,089,852102,5,170898521025
1.0,5.0,1.0,90.0,73.0,113.0,1.0,111.0,219.0,45.0,52.0,448.0,266.0,93.90805400819414,0.0,0.0,1518.908054008194,17,089,852201,1,170898522011
5.0,4.0,20.0,56.0,11.0,37.0,1.0,0.0,25.0,25.0,45.0,199.0,90.0,94.67338836562712,0.0,0.0,612.6733883656271,17,089,852201,2,170898522012
2.0,62.0,6.0,2.0,0.0,15.0,4.0,19.0,34.0,45.0,56.0,177.0,189.0,107.05101427012326,0.0,0.0,718.0510142701232,17,089,852201,3,170898522013
4.0,8.0,83.0,13.0,2.0,5.0,1.0,3.0,3.0,59.0,149.0,164.0,482.0,73.98967684039135,0.0,0.0,1049.9896768403914,17,089,852201,4,170898522014
1.0,12.0,167.0,87.0,199.0,119.0,158.0,427.0,168.0,230.0,267.0,420.0,111.0,89.59152492226193,0.0,0.0,2455.591524922262,17,089,852202,1,170898522021
226.0,4.0,9.0,6.0,141.0,26.0,58.0,71.0,160.0,251.0,157.0,147.0,120.0,63.54075126330662,0.0,0.0,1439.5407512633067,17,089,852202,2,170898522022
20.0,182.0,15.0,39.0,78.0,25.0,130.0,146.0,104.0,121.0,319.0,275.0,247.0,83.11199078310321,0.0,0.0,1784.1119907831032,17,089,852202,3,170898522023
2.0,7.0,1.0,3.0,35.0,44.0,124.0,7.0,78.0,7.0,48.0,98.0,50.0,87.0,0.0,0.0,591.0,17,089,852300,1,170898523001
50.0,88.0,80.0,18.0,23.0,104.0,1.0,46.0,6.0,181.0,57.0,125.0,91.0,90.52034555525731,0.0,0.0,960.5203455552573,17,089,852300,2,170898523002
22.0,67.0,11.0,23.0,6.0,3.0,197.0,15.0,37.0,53.0,72.0,379.0,603.0,85.37738529332819,0.0,0.0,1573.3773852933282,17,089,852401,1,170898524011
56.0,0.0,2.0,0.0,1.0,5.0,8.0,33.0,4.0,261.0,92.0,348.0,259.0,92.2545901282804,0.0,0.0,1161.2545901282804,17,089,852401,2,170898524012
94.0,1.0,64.0,26.0,2.0,14.0,103.0,3.0,161.0,42.0,6.0,147.0,48.0,101.57135982538058,0.0,0.0,812.5713598253806,17,089,852401,3,170898524013
2.0,0.0,39.0,46.0,3.0,158.0,20.0,138.0,51.0,2.0,195.0,187.0,288.0,112.75489089224035,0.0,0.0,1241.7548908922404,17,089,852401,4,170898524014
64.0,68.0,0.0,5.0,92.0,9.0,1.0,39.0,89.0,27.0,329.0,515.0,364.0,94.83603250210163,0.0,0.0,1696.8360325021017,17,089,852402,1,170898524021
0.0,0.0,84.0,3.0,24.0,36.0,3.0,40.0,2.0,0.0,148.0,358.0,332.0,83.87744544612018,0.0,0.0,1113.8774454461202,17,089,852402,2,170898524022
276.0,27.0,92.0,39.0,150.0,99.0,102.0,135.0,24.0,269.0,92.0,391.0,389.0,85.93854226468412,0.0,0.0,2170.938542264684,17,089,852402,3,170898524023
0.0,42.0,120.0,39.0,126.0,10.0,28.0,41.0,43.0,54.0,326.0,401.0,141.0,84.3060856207396,0.0,0.0,1455.3060856207396,17,089,852403,1,170898524031
2.0,24.0,89.0,7.0,21.0,18.0,30.0,1.0,6.0,75.0,62.0,28.0,82.0,85.1938542264684,0.0,0.0,530.1938542264684,17,089,852403,2,170898524032
3.0,6.0,2.0,56.0,18.0,1.0,44.0,47.0,31.0,212.0,216.0,94.0,301.0,87.53042810369799,0.0,0.0,1118.530428103698,17,089,852403,3,170898524033
1.0,0.0,16.0,0.0,3.0,3.0,2.0,8.0,8.0,59.0,15.0,70.0,79.0,99.59176553342988,0.0,0.0,363.5917655334299,17,089,852403,4,170898524034
26.0,4.0,58.0,2.0,42.0,91.0,30.0,12.0,31.0,111.0,108.0,127.0,178.0,87.66318551160245,0.0,0.0,907.6631855116025,17,089,852403,5,170898524035
44.0,9.0,1.0,23.0,3.0,31.0,5.0,21.0,4.0,219.0,66.0,136.0,258.0,83.7856197598983,0.0,0.0,903.7856197598983,17,089,852500,1,170898525001
59.0,14.0,0.0,4.0,6.0,2.0,2.0,1.0,0.0,0.0,96.0,72.0,20.0,100.94886542429275,0.0,0.0,376.94886542429276,17,089,852500,2,170898525002
15.0,30.0,60.0,31.0,77.0,112.0,13.0,46.0,81.0,134.0,82.0,283.0,12.0,107.0712996725886,0.0,0.0,1083.0712996725886,17,089,852500,3,170898525003
4.0,15.0,45.0,8.0,13.0,210.0,2.0,76.0,116.0,63.0,33.0,104.0,331.0,89.77529660028966,0.0,0.0,1109.7752966002897,17,089,852500,4,170898525004
22.0,22.0,57.0,64.0,29.0,205.0,34.0,120.0,70.0,57.0,35.0,239.0,83.0,107.83663403002157,0.0,0.0,1144.8366340300215,17,089,852500,5,170898525005
104.0,98.0,75.0,68.0,1.0,55.0,3.0,25.0,30.0,336.0,117.0,150.0,123.0,100.3264913287889,0.0,0.0,1285.326491328789,17,089,852601,1,170898526011
79.0,142.0,63.0,197.0,118.0,37.0,9.0,170.0,101.0,170.0,22.0,288.0,509.0,101.030367950906,0.0,0.0,2006.0303679509059,17,089,852601,2,170898526012
3.0,12.0,18.0,3.0,46.0,3.0,1.0,79.0,1.0,2.0,122.0,253.0,72.0,106.3771446821602,0.0,0.0,721.3771446821602,17,089,852601,3,170898526013
20.0,6.0,9.0,112.0,2.0,3.0,95.0,2.0,0.0,66.0,2.0,317.0,115.0,93.22446278854237,0.0,0.0,842.2244627885424,17,089,852601,4,170898526014
9.0,0.0,9.0,2.0,3.0,17.0,4.0,0.0,6.0,81.0,179.0,89.0,63.0,98.48973699318336,0.0,0.0,560.4897369931833,17,089,852601,5,170898526015
12.0,77.0,63.0,48.0,165.0,83.0,7.0,46.0,15.0,178.0,140.0,178.0,274.0,98.36730274488752,0.0,0.0,1384.3673027448874,17,089,852606,1,170898526061
0.0,3.0,2.0,32.0,2.0,2.0,25.0,32.0,1.0,49.0,96.0,199.0,230.0,81.94874511870876,0.0,0.0,754.9487451187088,17,089,852606,2,170898526062
14.0,39.0,18.0,0.0,8.0,172.0,3.0,27.0,0.0,5.0,27.0,5.0,272.0,88.21425993451771,0.0,0.0,678.2142599345177,17,089,852700,1,170898527001
77.0,13.0,92.0,1.0,0.0,5.0,37.0,43.0,0.0,32.0,27.0,183.0,219.0,73.0,0.0,0.0,802.0,17,089,852700,2,170898527002
70.0,0.0,73.0,8.0,13.0,28.0,26.0,98.0,56.0,47.0,40.0,108.0,208.0,105.46933128513405,0.0,0.0,880.4693312851341,17,089,852700,3,170898527003
4.0,13.0,17.0,100.0,78.0,18.0,1.0,64.0,50.0,222.0,84.0,135.0,127.0,87.4795341391587,0.0,0.0,1000.4795341391587,17,089,852700,4,170898527004
3.0,2.0,22.0,1.0,2.0,1.0,1.0,3.0,9.0,20.0,21.0,221.0,111.0,88.31628847476425,0.0,0.0,505.3162884747642,17,089,852700,5,170898527005
116.0,0.0,5.0,35.0,69.0,81.0,90.0,65.0,31.0,155.0,359.0,359.0,277.0,99.79546169717099,0.0,0.0,1741.795461697171,17,089,852700,6,170898527006
44.0,212.0,141.0,1.0,16.0,96.0,90.0,2.0,4.0,38.0,84.0,566.0,580.0,89.45864720877346,0.0,0.0,1963.4586472087735,17,089,852803,1,170898528031
289.0,190.0,172.0,52.0,62.0,62.0,57.0,9.0,4.0,37.0,191.0,159.0,167.0,102.81610801638827,0.0,0.0,1553.8161080163882,17,089,852803,2,170898528032
1.0,0.0,3.0,2.0,1.0,49.0,19.0,2.0,3.0,106.0,222.0,331.0,382.0,96.58120176265328,0.0,0.0,1217.5812017626533,17,089,852805,1,170898528051
61.0,1.0,46.0,37.0,33.0,100.0,31.0,7.0,50.0,8.0,142.0,191.0,50.0,103.26527420464097,0.0,0.0,860.265274204641,17,089,852805,2,170898528052
2.0,0.0,11.0,103.0,6.0,36.0,21.0,92.0,4.0,220.0,278.0,325.0,208.0,87.16312535881048,0.0,0.0,1393.1631253588105,17,089,852805,3,170898528053
32.0,3.0,10.0,66.0,1.0,40.0,101.0,108.0,44.0,218.0,379.0,388.0,162.0,97.56079605460397,0.0,0.0,1649.560796054604,17,089,852806,1,170898528061
31.0,1.0,1.0,5.0,1.0,5.0,2.0,19.0,0.0,31.0,4.0,101.0,120.0,106.39791130696148,0.0,0.0,427.3979113069615,17,089,852806,2,170898528062
6.0,27.0,1.0,26.0,222.0,0.0,2.0,44.0,54.0,102.0,129.0,609.0,271.0,92.92833941065946,0.0,0.0,1585.9283394106594,17,089,852806,3,170898528063
36.0,35.0,20.0,1.0,54.0,57.0,1.0,20.0,42.0,108.0,257.0,282.0,407.0,108.54051065213865,0.0,0.0,1428.5405106521387,17,089,852807,1,170898528071
47.0,24.0,0.0,186.0,4.0,25.0,25.0,1.0,0.0,176.0,328.0,609.0,352.0,103.54063095772264,0.0,0.0,1880.5406309577227,17,089,852808,1,170898528081
30.0,0.0,1.0,1.0,5.0,3.0,32.0,100.0,181.0,1.0,32.0,443.0,96.0,93.72428233016639,0.0,0.0,1018.7242823301663,17,089,852808,2,170898528082
3.0,43.0,15.0,5.0,24.0,2.0,51.0,14.0,36.0,53.0,124.0,229.0,216.0,106.24474819100769,0.0,0.0,921.2447481910077,17,089,852808,3,170898528083
63.0,132.0,110.0,4.0,3.0,24.0,103.0,57.0,151.0,24.0,172.0,86.0,37.0,102.15280219920183,0.0,0.0,1068.152802199202,17,089,852808,4,170898528084
0.0,40.0,10.0,38.0,1.0,38.0,107.0,36.0,194.0,161.0,173.0,245.0,570.0,104.95894797273341,0.0,0.0,1717.9589479727333,17,089,852903,1,170898529031
287.0,176.0,91.0,17.0,207.0,251.0,370.0,351.0,233.0,293.0,565.0,610.0,277.0,77.40811416098613,0.0,0.0,3805.4081141609863,17,089,852903,2,170898529032
321.0,23.0,158.0,39.0,349.0,80.0,249.0,164.0,47.0,320.0,185.0,230.0,103.0,105.21413962893374,0.0,0.0,2373.214139628934,17,089,852904,1,170898529041
363.0,116.0,34.0,48.0,13.0,163.0,142.0,8.0,8.0,2.0,66.0,98.0,24.0,97.91825686221878,0.0,0.0,1182.9182568622189,17,089,852905,1,170898529051
55.0,212.0,73.0,191.0,140.0,165.0,66.0,96.0,99.0,333.0,230.0,349.0,81.0,95.38770845293682,0.0,0.0,2185.3877084529367,17,089,852905,2,170898529052
191.0,74.0,55.0,188.0,0.0,21.0,17.0,34.0,58.0,79.0,39.0,34.0,36.0,88.4795341391587,0.0,0.0,914.4795341391587,17,089,852905,3,170898529053
0.0,119.0,86.0,189.0,250.0,104.0,328.0,38.0,7.0,61.0,52.0,154.0,111.0,88.36730274488752,0.0,0.0,1587.3673027448874,17,089,852906,1,170898529061
12.0,23.0,1.0,27.0,13.0,0.0,31.0,7.0,105.0,180.0,26.0,131.0,123.0,111.04069111051463,0.0,0.0,790.0406911105147,17,089,852906,2,170898529062
160.0,161.0,58.0,35.0,24.0,4.0,95.0,0.0,109.0,107.0,344.0,284.0,484.0,92.82631087041293,0.0,0.0,1957.826310870413,17,089,852906,3,170898529063
65.0,526.0,127.0,102.0,96.0,587.0,164.0,33.0,208.0,91.0,210.0,444.0,170.0,97.84683688404621,0.0,0.0,2920.8468368840463,17,089,852907,1,170898529071
201.0,107.0,153.0,75.0,0.0,145.0,3.0,2.0,0.0,95.0,23.0,53.0,14.0,93.56115697135593,0.0,0.0,964.5611569713559,17,089,852907,2,170898529072
99.0,4.0,0.0,146.0,52.0,153.0,350.0,124.0,2.0,61.0,263.0,1.0,15.0,106.16324566439445,0.0,0.0,1376.1632456643945,17,089,852907,3,170898529073
41.0,43.0,32.0,22.0,2.0,159.0,99.0,130.0,74.0,382.0,468.0,510.0,286.0,83.04057080493064,0.0,0.0,2331.0405708049307,17,089,853001,1,170898530011
11.0,0.0,4.0,77.0,2.0,52.0,130.0,5.0,47.0,163.0,267.0,243.0,132.0,118.63245664394452,0.0,0.0,1251.6324566439446,17,089,853004,1,170898530041
2.0,35.0,0.0,22.0,14.0,2.0,21.0,6.0,1.0,16.0,81.0,54.0,46.0,78.12243424829583,0.0,0.0,378.12243424829586,17,089,853004,2,170898530042
1.0,15.0,61.0,27.0,30.0,125.0,37.0,79.0,19.0,46.0,3.0,85.0,50.0,83.13263710232049,0.0,0.0,661.1326371023205,17,089,853004,3,170898530043
123.0,112.0,118.0,125.0,104.0,3.0,72.0,94.0,17.0,145.0,193.0,724.0,231.0,103.72416202458241,0.0,0.0,2164.7241620245823,17,089,853005,1,170898530051
181.0,301.0,277.0,269.0,77.0,15.0,339.0,30.0,213.0,220.0,241.0,199.0,43.0,89.0,0.0,0.0,2494.0,17,089,853005,2,170898530052
0.0,2.0,33.0,0.0,0.0,3.0,2.0,227.0,3.0,60.0,43.0,192.0,13.0,87.0,0.0,0.0,665.0,17,089,853005,3,170898530053
39.0,6.0,0.0,0.0,18.0,3.0,139.0,26.0,8.0,82.0,256.0,283.0,121.0,94.19361361530045,0.0,0.0,1075.1936136153004,17,089,853006,1,170898530061
64.0,151.0,159.0,2.0,86.0,109.0,24.0,6.0,58.0,16.0,17.0,105.0,55.0,84.1530428103698,0.0,0.0,936.1530428103698,17,089,853006,2,170898530062
122.0,1.0,102.0,0.0,32.0,10.0,3.0,2.0,78.0,136.0,86.0,141.0,157.0,112.26527420464097,0.0,0.0,982.265274204641,17,089,853006,3,170898530063
52.0,58.0,1.0,45.0,12.0,3.0,133.0,91.0,45.0,185.0,100.0,179.0,55.0,94.49993984720801,0.0,0.0,1053.499939847208,17,089,853007,1,170898530071
197.0,83.0,149.0,287.0,128.0,37.0,102.0,233.0,215.0,217.0,184.0,308.0,295.0,94.96903052117409,0.0,0.0,2529.969030521174,17,089,853007,2,170898530072
124.0,0.0,51.0,178.0,262.0,245.0,87.0,92.0,6.0,1.0,157.0,32.0,12.0,92.0711793670046,0.0,0.0,1339.0711793670046,17,089,853007,3,170898530073
5.0,1.0,44.0,0.0,102.0,38.0,1.0,0.0,132.0,98.0,290.0,226.0,76.0,94.0,0.0,0.0,1107.0,17,089,853008,1,170898530081
39.0,0.0,257.0,375.0,148.0,90.0,233.0,195.0,177.0,295.0,582.0,607.0,438.0,109.53054840928196,0.0,0.0,3545.530548409282,17,089,853008,2,170898530082
22.0,0.0,6.0,26.0,59.0,170.0,119.0,165.0,79.0,84.0,182.0,304.0,66.0,97.0,0.0,0.0,1379.0,17,089,853100,1,170898531001
23.0,1.0,146.0,98.0,73.0,61.0,0.0,101.0,169.0,130.0,203.0,172.0,86.0,110.16324566439445,0.0,0.0,1373.1632456643945,17,089,853100,2,170898531002
139.0,83.0,116.0,141.0,90.0,97.0,55.0,3.0,22.0,16.0,30.0,93.0,83.0,79.28567991269028,0.0,0.0,1047.2856799126903,17,089,853200,1,170898532001
88.0,194.0,55.0,192.0,142.0,312.0,67.0,189.0,36.0,224.0,464.0,304.0,150.0,114.7446880382157,0.0,0.0,2531.744688038216,17,089,853200,2,170898532002
172.0,0.0,166.0,188.0,92.0,158.0,139.0,136.0,75.0,323.0,461.0,410.0,95.0,100.39791130696148,0.0,0.0,2515.3979113069613,17,089,853200,3,170898532003
25.0,55.0,104.0,187.0,48.0,134.0,22.0,12.0,0.0,275.0,49.0,1.0,184.0,97.69379407367641,0.0,0.0,1193.6937940736764,17,089,853300,1,170898533001
0.0,30.0,0.0,34.0,148.0,59.0,25.0,36.0,4.0,110.0,38.0,2.0,194.0,77.38770845293682,0.0,0.0,757.3877084529369,17,089,853300,2,170898533002
47.0,7.0,141.0,82.0,176.0,377.0,471.0,110.0,9.0,277.0,348.0,452.0,138.0,112.0,0.0,0.0,2747.0,17,089,853300,3,170898533003
3.0,95.0,29.0,90.0,18.0,0.0,80.0,79.0,82.0,102.0,143.0,2.0,21.0,121.0,0.0,0.0,865.0,17,089,853400,1,170898534001
3.0,90.0,1.0,4.0,205.0,322.0,120.0,39.0,145.0,350.0,255.0,249.0,159.0,85.83663403002157,0.0,0.0,2027.8366340300215,17,089,853400,2,170898534002
3.0,215.0,220.0,367.0,3.0,3.0,95.0,207.0,306.0,104.0,442.0,507.0,110.0,79.59176553342988,0.0,0.0,2661.5917655334297,17,089,853400,3,170898534003
102.0,0.0,259.0,7.0,154.0,168.0,376.0,3.0,1.0,68.0,179.0,2.0,32.0,106.36718243930353,0.0,0.0,1457.3671824393036,17,089,853400,4,170898534004
102.0,9.0,185.0,90.0,0.0,3.0,60.0,94.0,6.0,10.0,90.0,67.0,445.0,89.85703973807087,0.0,0.0,1250.8570397380709,17,089,853400,5,170898534005
36.0,0.0,147.0,63.0,74.0,15.0,51.0,3.0,0.0,72.0,0.0,290.0,12.0,82.0,0.0,0.0,845.0,17,089,853400,6,170898534006
72.0,12.0,89.0,4.0,10.0,139.0,17.0,2.0,2.0,148.0,98.0,58.0,6.0,83.58156267940524,0.0,0.0,740.5815626794052,17,089,853500,1,170898535001
0.0,5.0,191.0,123.0,109.0,169.0,1.0,96.0,1.0,206.0,26.0,445.0,242.0,107.0,0.0,0.0,1721.0,17,089,853500,2,170898535002
0.0,81.0,300.0,175.0,300.0,130.0,211.0,201.0,26.0,352.0,335.0,336.0,18.0,82.83663403002157,0.0,0.0,2547.8366340300217,17,089,853500,3,170898535003
110.0,94.0,53.0,112.0,170.0,180.0,1.0,31.0,69.0,193.0,101.0,6.0,11.0,97.0,0.0,0.0,1228.0,17,089,853500,4,170898535004
290.0,0.0,2.0,2.0,0.0,45.0,177.0,175.0,15.0,323.0,409.0,199.0,15.0,74.35709989086286,0.0,0.0,1726.3570998908629,17,089,853600,1,170898536001
332.0,16.0,33.0,39.0,277.0,35.0,35.0,5.0,61.0,145.0,207.0,460.0,16.0,113.0,0.0,0.0,1774.0,17,089,853600,2,170898536002
187.0,420.0,277.0,56.0,163.0,24.0,255.0,452.0,166.0,260.0,1.0,312.0,12.0,102.88764830014483,0.0,0.0,2687.887648300145,17,089,853600,3,170898536003
90.0,0.0,239.0,212.0,396.0,135.0,50.0,90.0,144.0,220.0,116.0,26.0,346.0,78.14271965076117,0.0,0.0,2142.142719650761,17,089,853600,4,170898536004
1.0,53.0,103.0,4.0,64.0,28.0,14.0,65.0,2.0,168.0,9.0,111.0,84.0,88.67338836562712,0.0,0.0,794.6733883656271,17,089,853900,1,170898539001
74.0,72.0,10.0,2.0,54.0,4.0,44.0,2.0,50.0,5.0,177.0,222.0,11.0,96.27535675308165,0.0,0.0,823.2753567530816,17,089,853900,2,170898539002
1.0,34.0,28.0,203.0,41.0,88.0,64.0,35.0,46.0,72.0,124.0,241.0,151.0,105.06109681856393,0.0,0.0,1233.061096818564,17,089,853900,3,170898539003
1.0,0.0,5.0,4.0,0.0,0.0,1.0,6.0,7.0,136.0,253.0,94.0,83.0,97.0,0.0,0.0,687.0,17,089,853900,4,170898539004
4.0,82.0,8.0,2.0,102.0,66.0,78.0,47.0,19.0,152.0,72.0,320.0,225.0,91.64277980355315,0.0,0.0,1268.6427798035531,17,089,853900,5,170898539005
87.0,73.0,49.0,103.0,72.0,92.0,2.0,25.0,53.0,142.0,115.0,500.0,176.0,99.91789594546682,0.0,0.0,1588.9178959454669,17,089,854001,1,170898540011
40.0,72.0,37.0,1.0,89.0,17.0,8.0,7.0,82.0,0.0,153.0,470.0,83.0,100.12219363712786,0.0,0.0,1159.1221936371278,17,089,854001,2,170898540012
6.0,0.0,13.0,12.0,98.0,38.0,6.0,24.0,23.0,26.0,39.0,49.0,10.0,94.0,0.0,0.0,438.0,17,089,854001,3,170898540013
5.0,4.0,248.0,5.0,4.0,142.0,7.0,2.0,3.0,51.0,0.0,82.0,21.0,106.77541690587364,0.0,0.0,680.7754169058736,17,089,854002,1,170898540021
11.0,179.0,18.0,63.0,9.0,6.0,38.0,3.0,1.0,37.0,117.0,11.0,17.0,105.0,0.0,0.0,615.0,17,089,854002,2,170898540022
1.0,135.0,84.0,98.0,17.0,68.0,61.0,90.0,31.0,15.0,162.0,177.0,351.0,106.64277980355315,0.0,0.0,1396.6427798035531,17,089,854002,3,170898540023
64.0,5.0,62.0,107.0,12.0,58.0,65.0,7.0,120.0,90.0,247.0,29.0,209.0,116.0,0.0,0.0,1191.0,17,089,854002,4,170898540024
58.0,34.0,75.0,1.0,2.0,5.0,20.0,64.0,57.0,105.0,79.0,80.0,107.0,89.64277980355315,0.0,0.0,776.6427798035531,17,089,854002,5,170898540025
0.0,131.0,65.0,1.0,69.0,0.0,56.0,225.0,176.0,88.0,80.0,79.0,11.0,88.9386625702681,0.0,0.0,1069.9386625702682,17,089,854100,1,170898541001
72.0,59.0,0.0,13.0,33.0,197.0,2.0,15.0,143.0,236.0,21.0,288.0,82.0,103.79582261392295,0.0,0.0,1264.7958226139228,17,089,854100,2,170898541002
1.0,19.0,6.0,17.0,23.0,4.0,121.0,97.0,53.0,129.0,76.0,264.0,136.0,106.0,0.0,0.0,1052.0,17,089,854100,3,170898541003
58.0,8.0,72.0,17.0,14.0,268.0,162.0,138.0,25.0,301.0,0.0,37.0,134.0,107.0,0.0,0.0,1341.0,17,089,854100,4,170898541004
361.0,13.0,95.0,76.0,142.0,141.0,31.0,116.0,197.0,25.0,20.0,1.0,30.0,79.0,0.0,0.0,1327.0,17,089,854200,1,170898542001
120.0,3.0,143.0,24.0,85.0,114.0,110.0,93.0,15.0,144.0,274.0,161.0,72.0,92.0,0.0,0.0,1450.0,17,089,854200,2,170898542002
4.0,14.0,1.0,91.0,203.0,100.0,117.0,46.0,71.0,167.0,49.0,311.0,307.0,99.0,0.0,0.0,1580.0,17,089,854200,3,170898542003
5.0,100.0,8.0,18.0,103.0,13.0,1.0,38.0,3.0,100.0,246.0,201.0,101.0,88.23442503139906,0.0,0.0,1025.234425031399,17,089,854200,4,170898542004
3.0,14.0,14.0,0.0,100.0,67.0,13.0,24.0,89.0,314.0,25.0,135.0,6.0,103.36730274488752,0.0,0.0,907.3673027448875,17,089,854301,1,170898543011
3.0,97.0,1.0,6.0,85.0,57.0,94.0,61.0,83.0,3.0,154.0,142.0,81.0,103.0,0.0,0.0,970.0,17,089,854301,2,170898543012
36.0,2.0,356.0,1.0,137.0,118.0,7.0,117.0,70.0,112.0,391.0,206.0,127.0,82.26527420464097,0.0,0.0,1762.265274204641,17,089,854301,3,170898543013
200.0,65.0,262.0,239.0,308.0,302.0,144.0,309.0,362.0,365.0,168.0,137.0,129.0,100.29588276671494,0.0,0.0,3090.295882766715,17,089,854301,4,170898543014
0.0,2.0,107.0,65.0,318.0,282.0,34.0,132.0,5.0,49.0,94.0,356.0,195.0,107.38770845293682,0.0,0.0,1746.3877084529367,17,089,854302,1,170898543021
15.0,50.0,31.0,261.0,89.0,95.0,136.0,91.0,26.0,59.0,109.0,224.0,80.0,90.0,0.0,0.0,1356.0,17,089,854302,2,170898543022
3.0,9.0,8.0,138.0,272.0,94.0,243.0,177.0,42.0,418.0,200.0,378.0,149.0,107.51014270123267,0.0,0.0,2238.510142701233,17,089,854302,3,170898543023
8.0,1.0,1.0,210.0,1.0,0.0,173.0,175.0,6.0,100.0,55.0,0.0,17.0,96.0,0.0,0.0,843.0,17,089,854400,1,170898544001
102.0,74.0,2.0,111.0,244.0,64.0,270.0,2.0,359.0,53.0,259.0,222.0,12.0,95.30572470398764,0.0,0.0,1869.3057247039876,17,089,854400,2,170898544002
138.0,3.0,59.0,6.0,266.0,332.0,1.0,4.0,0.0,429.0,307.0,84.0,19.0,95.0,0.0,0.0,1743.0,17,089,854400,3,170898544003
149.0,0.0,273.0,501.0,147.0,215.0,486.0,401.0,226.0,749.0,940.0,1129.0,614.0,104.07081845025264,0.0,0.0,5934.070818450253,17,089,854400,4,170898544004
122.0,2.0,256.0,177.0,46.0,173.0,4.0,120.0,0.0,169.0,53.0,179.0,146.0,108.31616816918026,0.0,0.0,1555.3161681691802,17,089,854400,5,170898544005
473.0,186.0,89.0,95.0,26.0,5.0,33.0,5.0,143.0,3.0,237.0,0.0,12.0,89.0,0.0,0.0,1396.0,17,089,854400,6,170898544006
39.0,5.0,47.0,273.0,0.0,1.0,1.0,53.0,4.0,86.0,305.0,136.0,322.0,110.265153899057,0.0,0.0,1382.265153899057,17,089,854501,1,170898545011
4.0,3.0,61.0,3.0,2.0,174.0,41.0,3.0,50.0,95.0,393.0,694.0,510.0,117.6422985812172,0.0,0.0,2150.6422985812173,17,089,854501,2,170898545012
1.0,0.0,32.0,117.0,60.0,92.0,49.0,116.0,163.0,89.0,5.0,688.0,647.0,91.43836180630814,0.0,0.0,2150.438361806308,17,089,854501,3,170898545013
163.0,2.0,153.0,176.0,26.0,42.0,40.0,56.0,2.0,198.0,160.0,1028.0,831.0,105.75404875315246,0.0,0.0,2982.7540487531523,17,089,854501,4,170898545014
0.0,33.0,76.0,62.0,0.0,0.0,5.0,4.0,53.0,224.0,75.0,197.0,120.0,99.765214051849,0.0,0.0,948.765214051849,17,089,854503,1,170898545031
0.0,2.0,105.0,19.0,28.0,58.0,2.0,92.0,19.0,107.0,164.0,357.0,254.0,91.73448518419104,0.0,0.0,1298.734485184191,17,089,854503,2,170898545032
1.0,0.0,120.0,2.0,2.0,23.0,38.0,1.0,0.0,184.0,220.0,288.0,545.0,100.46909067396608,0.0,0.0,1524.469090673966,17,089,854503,3,170898545033
122.0,3.0,0.0,92.0,25.0,174.0,45.0,144.0,2.0,388.0,894.0,1586.0,1041.0,108.66210276134659,0.0,0.0,4624.662102761346,17,089,854503,4,170898545034
0.0,2.0,1.0,0.0,26.0,5.0,16.0,3.0,1.0,41.0,36.0,311.0,377.0,109.84635566171028,0.0,0.0,928.8463556617103,17,089,854504,1,170898545041
131.0,58.0,1.0,28.0,109.0,100.0,147.0,79.0,177.0,365.0,328.0,706.0,728.0,109.0499315198674,0.0,0.0,3066.049931519867,17,089,854504,2,170898545042
22.0,105.0,131.0,84.0,97.0,41.0,265.0,5.0,182.0,26.0,296.0,151.0,5.0,73.6325769495285,0.0,0.0,1483.6325769495286,17,089,854600,1,170898546001
89.0,43.0,124.0,38.0,108.0,127.0,135.0,36.0,6.0,167.0,40.0,93.0,133.0,88.73460548977503,0.0,0.0,1227.734605489775,17,089,854600,2,170898546002
1.0,7.0,15.0,61.0,37.0,42.0,0.0,1.0,1.0,180.0,40.0,54.0,32.0,89.8060254679476,0.0,0.0,560.8060254679476,17,089,854600,3,170898546003
114.0,13.0,14.0,14.0,93.0,112.0,44.0,3.0,4.0,64.0,9.0,57.0,164.0,69.0,0.0,0.0,774.0,17,089,854700,1,170898547001
138.0,28.0,83.0,3.0,71.0,33.0,39.0,15.0,9.0,2.0,45.0,24.0,16.0,93.0,0.0,0.0,599.0,17,089,854700,2,170898547002
44.0,54.0,108.0,18.0,113.0,1.0,33.0,8.0,22.0,1.0,137.0,79.0,76.0,86.0,0.0,0.0,780.0,17,089,854700,3,170898547003
74.0,85.0,21.0,1.0,0.0,4.0,26.0,5.0,3.0,152.0,161.0,158.0,314.0,117.6628245948505,0.0,0.0,1121.6628245948505,17,089,854800,1,170898548001
4.0,25.0,0.0,1.0,3.0,24.0,0.0,4.0,96.0,313.0,144.0,572.0,546.0,104.3772649877442,0.0,0.0,1836.3772649877442,17,089,854800,2,170898548002
42.0,25.0,5.0,5.0,38.0,96.0,77.0,60.0,16.0,3.0,287.0,393.0,226.0,88.030367950906,0.0,0.0,1361.0303679509059,17,089,854800,3,170898548003
38.0,1.0,4.0,10.0,1.0,5.0,31.0,52.0,137.0,84.0,160.0,222.0,131.0,89.13251679673651,0.0,0.0,965.1325167967365,17,089,854900,2,170898549002
340.0,131.0,278.0,39.0,54.0,11.0,43.0,4.0,26.0,163.0,191.0,445.0,246.0,106.22446278854237,0.0,0.0,2077.2244627885425,17,089,854900,3,170898549003
5.0,4.0,6.0,23.0,22.0,78.0,111.0,171.0,114.0,107.0,404.0,204.0,253.0,88.58156267940524,0.0,0.0,1590.5815626794051,17,089,854900,4,170898549004
260.0,114.0,210.0,346.0,52.0,351.0,282.0,538.0,180.0,1329.0,2288.0,2693.0,2265.0,110.45648170826172,0.0,0.0,11018.456481708261,17,093,890101,1,170938901011
2.0,3.0,2.0,0.0,4.0,1.0,2.0,6.0,114.0,80.0,358.0,195.0,241.0,85.71407947614173,0.0,0.0,1093.7140794761417,17,093,890101,2,170938901012
2.0,0.0,107.0,1.0,1.0,229.0,3.0,1.0,0.0,0.0,6.0,49.0,85.0,112.0,0.0,0.0,596.0,17,093,890102,1,170938901021
4.0,0.0,64.0,73.0,1.0,32.0,1.0,162.0,3.0,0.0,136.0,146.0,210.0,94.68359121965176,0.0,0.0,926.6835912196518,17,093,890102,2,170938901022
32.0,0.0,2.0,1.0,0.0,34.0,113.0,53.0,6.0,226.0,696.0,372.0,611.0,96.4788123056548,0.0,0.0,2242.4788123056546,17,093,890102,3,170938901023
7.0,7.0,2.0,97.0,1.0,1.0,28.0,1.0,0.0,1.0,352.0,135.0,98.0,111.83663403002157,0.0,0.0,841.8366340300215,17,093,890102,4,170938901024
177.0,5.0,2.0,4.0,1.0,108.0,123.0,53.0,4.0,85.0,3.0,358.0,95.0,98.84683688404621,0.0,0.0,1116.8468368840463,17,093,890102,5,170938901025
1.0,0.0,103.0,177.0,0.0,40.0,0.0,83.0,116.0,92.0,129.0,1329.0,776.0,103.45864720877346,0.0,0.0,2949.4586472087735,17,093,890102,6,170938901026
56.0,23.0,33.0,25.0,146.0,20.0,61.0,96.0,199.0,174.0,381.0,259.0,311.0,95.42839956345145,0.0,0.0,1879.4283995634514,17,093,890201,1,170938902011
24.0,2.0,163.0,17.0,105.0,28.0,74.0,130.0,170.0,105.0,136.0,207.0,198.0,112.62237409550384,0.0,0.0,1471.6223740955038,17,093,890201,2,170938902012
14.0,4.0,16.0,0.0,3.0,152.0,3.0,1.0,4.0,29.0,138.0,111.0,66.0,103.53054840928196,0.0,0.0,644.530548409282,17,093,890201,3,170938902013
4.0,6.0,0.0,2.0,34.0,3.0,66.0,22.0,69.0,37.0,240.0,128.0,47.0,75.54063095772264,0.0,0.0,733.5406309577227,17,093,890202,1,170938902021
3.0,0.0,36.0,21.0,3.0,44.0,59.0,132.0,29.0,48.0,196.0,249.0,83.0,122.66318551160245,0.0,0.0,1025.6631855116025,17,093,890202,2,170938902022
26.0,39.0,24.0,101.0,58.0,6.0,1.0,24.0,37.0,43.0,167.0,227.0,126.0,95.37750559891217,0.0,0.0,974.3775055989122,17,093,890202,3,170938902023
50.0,1.0,8.0,32.0,22.0,55.0,142.0,107.0,39.0,256.0,239.0,1062.0,312.0,101.23442503139906,0.0,0.0,2426.234425031399,17,093,890301,1,170938903011
280.0,3.0,7.0,15.0,0.0,179.0,223.0,202.0,178.0,282.0,205.0,527.0,441.0,103.92833941065946,0.0,0.0,2645.9283394106596,17,093,890301,2,170938903012
2.0,2.0,2.0,184.0,105.0,78.0,98.0,17.0,24.0,23.0,243.0,511.0,303.0,79.68359121965176,0.0,0.0,1671.6835912196518,17,093,890302,1,170938903021
1.0,1.0,4.0,3.0,23.0,2.0,0.0,76.0,3.0,31.0,70.0,264.0,382.0,81.53042810369799,0.0,0.0,941.530428103698,17,093,890302,2,170938903022
70.0,130.0,170.0,5.0,65.0,0.0,47.0,77.0,18.0,49.0,77.0,300.0,151.0,110.87744544612018,0.0,0.0,1269.8774454461202,17,093,890302,3,170938903023
4.0,0.0,7.0,4.0,0.0,2.0,32.0,0.0,87.0,197.0,105.0,237.0,261.0,85.67314775445914,0.0,0.0,1021.673147754459,17,093,890302,4,170938903024
458.0,150.0,62.0,141.0,769.0,409.0,323.0,300.0,804.0,994.0,2845.0,4183.0,2332.0,94.36561846671172,0.0,0.0,13864.365618466712,17,093,890400,1,170938904001
27.0,74.0,6.0,219.0,77.0,131.0,81.0,31.0,149.0,404.0,479.0,594.0,1945.0,108.84575413379035,0.0,0.0,4325.84575413379,17,093,890400,2,170938904002
190.0,1.0,7.0,326.0,2.0,31.0,20.0,118.0,283.0,266.0,95.0,411.0,255.0,77.0,0.0,0.0,2082.0,17,093,890400,3,170938904003
0.0,4.0,0.0,2.0,6.0,64.0,3.0,387.0,0.0,120.0,96.0,116.0,272.0,79.81622832197226,0.0,0.0,1149.8162283219722,17,093,890400,4,170938904004
6.0,44.0,1.0,1.0,51.0,78.0,73.0,0.0,4.0,1.0,236.0,327.0,132.0,100.0,0.0,0.0,1054.0,17,093,890500,1,170938905001
0.0,41.0,7.0,59.0,0.0,93.0,2.0,77.0,0.0,33.0,0.0,1.0,17.0,87.0,0.0,0.0,417.0,17,093,890500,2,170938905002
2.0,0.0,0.0,87.0,175.0,81.0,0.0,4.0,2.0,181.0,283.0,116.0,16.0,94.0,0.0,0.0,1041.0,17,093,890500,3,170938905003
77.0,1.0,6.0,123.0,70.0,3.0,132.0,120.0,3.0,26.0,180.0,523.0,323.0,102.77529660028966,0.0,0.0,1689.7752966002897,17,093,890500,4,170938905004
456.0,65.0,75.0,69.0,191.0,69.0,1.0,58.0,256.0,844.0,0.0,1.0,177.0,86.0,0.0,0.0,2348.0,17,093,890500,5,170938905005
18.0,526.0,2.0,101.0,203.0,42.0,430.0,512.0,273.0,634.0,647.0,870.0,1021.0,117.6014871651186,0.0,0.0,5396.601487165119,17,093,890500,6,170938905006
3.0,294.0,82.0,13.0,95.0,58.0,51.0,22.0,96.0,587.0,114.0,713.0,524.0,92.47929352799073,0.0,0.0,2744.4792935279906,17,093,890600,1,170938906001
1.0,17.0,135.0,52.0,104.0,20.0,138.0,10.0,80.0,154.0,128.0,739.0,948.0,93.9280987994915,0.0,0.0,2619.9280987994916,17,093,890600,2,170938906002
55.0,1.0,14.0,25.0,1.0,19.0,12.0,98.0,65.0,50.0,133.0,160.0,287.0,81.28555960710631,0.0,0.0,1001.2855596071063,17,093,890600,3,170938906003
0.0,9.0,27.0,66.0,99.0,112.0,0.0,149.0,13.0,62.0,183.0,36.0,14.0,101.0,0.0,0.0,871.0,17,093,890600,4,170938906004
4.0,1.0,131.0,0.0,26.0,74.0,26.0,41.0,29.0,550.0,64.0,145.0,184.0,125.3977910013775,0.0,0.0,1400.3977910013775,17,093,890700,1,170938907001
262.0,175.0,12.0,93.0,486.0,405.0,145.0,456.0,301.0,416.0,1360.0,1615.0,2215.0,102.33549112697371,0.0,0.0,8043.3354911269735,17,093,890700,2,170938907002
12.0,4.0,8.0,12.0,35.0,16.0,1.0,20.0,30.0,5.0,170.0,195.0,160.0,92.83663403002157,0.0,0.0,760.8366340300215,17,093,890700,3,170938907003
2.0,21.0,0.0,53.0,5.0,2.0,13.0,14.0,23.0,141.0,84.0,161.0,88.0,84.01008254844066,0.0,0.0,691.0100825484407,17,093,890700,4,170938907004
17.0,13.0,11.0,23.0,24.0,0.0,4.0,42.0,36.0,18.0,126.0,165.0,71.0,87.12243424829583,0.0,0.0,637.1224342482958,17,093,890700,5,170938907005
102.0,575.0,37.0,198.0,2.0,117.0,188.0,95.0,70.0,150.0,608.0,611.0,161.0,90.31604786359628,0.0,0.0,3004.3160478635964,17,097,860101,1,170978601011
48.0,39.0,0.0,240.0,3.0,57.0,2.0,151.0,216.0,390.0,252.0,1372.0,598.0,99.9689102155901,0.0,0.0,3467.9689102155903,17,097,860101,2,170978601012
91.0,106.0,1.0,212.0,0.0,2.0,53.0,3.0,0.0,0.0,33.0,322.0,308.0,97.35709989086286,0.0,0.0,1228.3570998908629,17,097,860101,3,170978601013
44.0,1.0,0.0,31.0,20.0,1.0,4.0,77.0,46.0,31.0,67.0,158.0,81.0,90.37750559891217,0.0,0.0,651.3775055989122,17,097,860103,1,170978601031
49.0,0.0,18.0,3.0,6.0,4.0,39.0,11.0,2.0,66.0,19.0,152.0,94.0,94.23466564256702,0.0,0.0,557.234665642567,17,097,860103,2,170978601032
6.0,33.0,6.0,50.0,101.0,53.0,12.0,71.0,15.0,89.0,183.0,173.0,317.0,107.79546169717099,0.0,0.0,1216.795461697171,17,097,860103,3,170978601033
209.0,2.0,108.0,95.0,26.0,204.0,78.0,38.0,27.0,153.0,207.0,240.0,366.0,81.22434248295838,0.0,0.0,1834.2243424829585,17,097,860104,1,170978601041
0.0,23.0,84.0,9.0,34.0,120.0,1.0,0.0,0.0,309.0,237.0,146.0,94.0,97.35709989086286,0.0,0.0,1154.3570998908629,17,097,860104,2,170978601042
27.0,6.0,1.0,45.0,131.0,82.0,0.0,13.0,2.0,21.0,1.0,115.0,10.0,84.94886542429275,0.0,0.0,538.9488654242928,17,097,860200,1,170978602001
106.0,93.0,4.0,80.0,3.0,168.0,17.0,69.0,163.0,94.0,41.0,117.0,66.0,92.0,0.0,0.0,1113.0,17,097,860200,2,170978602002
2.0,6.0,96.0,2.0,8.0,114.0,54.0,50.0,10.0,200.0,313.0,168.0,202.0,92.18353106685977,0.0,0.0,1317.1835310668598,17,097,860200,3,170978602003
196.0,0.0,3.0,47.0,0.0,21.0,1.0,14.0,2.0,93.0,148.0,308.0,60.0,106.25495104503234,0.0,0.0,999.2549510450324,17,097,860301,1,170978603011
294.0,190.0,8.0,2.0,35.0,3.0,94.0,28.0,5.0,189.0,35.0,31.0,154.0,89.0,0.0,0.0,1157.0,17,097,860301,2,170978603012
29.0,0.0,52.0,29.0,0.0,64.0,108.0,7.0,15.0,5.0,110.0,5.0,163.0,99.0,0.0,0.0,686.0,17,097,860301,3,170978603013
85.0,0.0,0.0,41.0,54.0,22.0,17.0,15.0,30.0,73.0,71.0,141.0,80.0,101.0,0.0,0.0,730.0,17,097,860302,1,170978603021
43.0,110.0,197.0,21.0,87.0,108.0,122.0,182.0,62.0,181.0,85.0,41.0,84.0,68.4386024174761,0.0,0.0,1391.4386024174762,17,097,860302,2,170978603022
1.0,1.0,6.0,152.0,2.0,49.0,3.0,6.0,93.0,102.0,161.0,52.0,18.0,79.57135982538058,0.0,0.0,725.5713598253806,17,097,860302,3,170978603023
126.0,14.0,171.0,92.0,174.0,28.0,33.0,185.0,67.0,308.0,301.0,284.0,405.0,112.47929352799073,0.0,0.0,2300.4792935279906,17,097,860400,1,170978604001
322.0,1.0,1.0,0.0,217.0,33.0,5.0,41.0,4.0,364.0,4.0,145.0,70.0,82.0,0.0,0.0,1289.0,17,097,860400,2,170978604002
23.0,0.0,1.0,0.0,0.0,57.0,1.0,43.0,3.0,129.0,228.0,483.0,84.0,92.68347091406778,0.0,0.0,1144.6834709140678,17,097,860400,3,170978604003
94.0,110.0,15.0,50.0,1.0,145.0,1.0,123.0,82.0,23.0,19.0,66.0,29.0,74.0,0.0,0.0,832.0,17,097,860500,1,170978605001
207.0,107.0,3.0,19.0,24.0,174.0,3.0,2.0,37.0,200.0,92.0,111.0,63.0,86.69379407367641,0.0,0.0,1128.6937940736764,17,097,860500,2,170978605002
98.0,50.0,4.0,26.0,12.0,23.0,1.0,29.0,0.0,4.0,46.0,275.0,16.0,95.66318551160245,0.0,0.0,679.6631855116025,17,097,860500,3,170978605003
4.0,3.0,0.0,7.0,86.0,67.0,4.0,80.0,0.0,65.0,78.0,18.0,53.0,99.0,0.0,0.0,564.0,17,097,860500,4,170978605004
236.0,21.0,51.0,219.0,3.0,16.0,169.0,2.0,0.0,147.0,24.0,57.0,6.0,87.0,0.0,0.0,1038.0,17,097,860500,5,170978605005
13.0,29.0,48.0,67.0,78.0,99.0,151.0,15.0,21.0,105.0,336.0,410.0,82.0,86.75501119782433,0.0,0.0,1540.7550111978244,17,097,860600,1,170978606001
6.0,2.0,0.0,4.0,0.0,1.0,4.0,0.0,14.0,74.0,170.0,311.0,304.0,97.04069111051463,0.0,0.0,987.0406911105147,17,097,860600,2,170978606002
226.0,63.0,283.0,38.0,60.0,1.0,30.0,20.0,5.0,55.0,20.0,45.0,27.0,95.0,0.0,0.0,968.0,17,097,860600,3,170978606003
17.0,0.0,36.0,1.0,202.0,284.0,0.0,221.0,323.0,8.0,108.0,887.0,295.0,98.94886542429275,0.0,0.0,2480.9488654242928,17,097,860600,4,170978606004
2.0,36.0,14.0,1.0,3.0,61.0,36.0,88.0,51.0,75.0,95.0,112.0,35.0,80.57135982538058,0.0,0.0,689.5713598253806,17,097,860805,1,170978608051
39.0,6.0,1.0,3.0,0.0,37.0,74.0,16.0,34.0,18.0,69.0,117.0,106.0,95.12243424829583,0.0,0.0,615.1224342482958,17,097,860805,2,170978608052
98.0,171.0,234.0,95.0,71.0,125.0,50.0,62.0,79.0,294.0,155.0,431.0,230.0,88.15280219920183,0.0,0.0,2183.1528021992017,17,097,860806,1,170978608061
5.0,102.0,5.0,1.0,71.0,25.0,81.0,132.0,41.0,243.0,322.0,220.0,407.0,110.7135982538058,0.0,0.0,1765.7135982538057,17,097,860806,2,170978608062
53.0,129.0,97.0,161.0,98.0,49.0,100.0,99.0,78.0,236.0,63.0,359.0,225.0,112.30596531515562,0.0,0.0,1859.3059653151556,17,097,860807,1,170978608071
82.0,2.0,154.0,68.0,1.0,94.0,34.0,44.0,59.0,23.0,203.0,260.0,86.0,96.4387227230601,0.0,0.0,1206.43872272306,17,097,860807,2,170978608072
88.0,3.0,57.0,2.0,130.0,39.0,74.0,64.0,9.0,160.0,164.0,375.0,309.0,87.45912843110939,0.0,0.0,1561.4591284311093,17,097,860808,1,170978608081
22.0,31.0,19.0,0.0,0.0,1.0,18.0,23.0,1.0,49.0,156.0,114.0,63.0,112.4387227230601,0.0,0.0,609.4387227230601,17,097,860808,2,170978608082
63.0,18.0,17.0,3.0,8.0,92.0,78.0,6.0,10.0,67.0,58.0,241.0,149.0,90.83663403002157,0.0,0.0,900.8366340300215,17,097,860809,1,170978608091
16.0,0.0,1.0,116.0,21.0,3.0,21.0,3.0,15.0,33.0,229.0,471.0,112.0,99.69367376809242,0.0,0.0,1140.6936737680924,17,097,860809,2,170978608092
767.0,4.0,83.0,101.0,15.0,24.0,157.0,124.0,189.0,87.0,165.0,736.0,461.0,110.2340641146471,0.0,0.0,3023.234064114647,17,097,860810,1,170978608101
49.0,32.0,1.0,172.0,26.0,3.0,211.0,11.0,4.0,51.0,220.0,186.0,232.0,107.35709989086286,0.0,0.0,1305.3570998908629,17,097,860810,2,170978608102
109.0,8.0,25.0,26.0,148.0,104.0,1.0,2.0,65.0,186.0,218.0,173.0,150.0,103.06109681856393,0.0,0.0,1318.061096818564,17,097,860810,3,170978608103
67.0,48.0,39.0,5.0,81.0,9.0,151.0,4.0,0.0,84.0,36.0,218.0,75.0,98.47941383357471,0.0,0.0,915.4794138335748,17,097,860811,1,170978608111
30.0,8.0,108.0,12.0,26.0,38.0,108.0,91.0,17.0,244.0,112.0,451.0,599.0,73.4893760764314,0.0,0.0,1917.4893760764314,17,097,860811,2,170978608112
107.0,228.0,120.0,48.0,48.0,106.0,200.0,53.0,86.0,160.0,151.0,411.0,144.0,97.39791130696148,0.0,0.0,1959.3979113069615,17,097,860903,1,170978609031
116.0,265.0,130.0,93.0,2.0,107.0,115.0,61.0,11.0,35.0,37.0,47.0,9.0,101.765214051849,0.0,0.0,1129.765214051849,17,097,860903,2,170978609032
254.0,47.0,24.0,101.0,3.0,199.0,49.0,4.0,134.0,164.0,172.0,235.0,88.0,86.8264311759969,0.0,0.0,1560.826431175997,17,097,860903,3,170978609033
0.0,3.0,3.0,57.0,55.0,63.0,20.0,165.0,12.0,146.0,74.0,134.0,4.0,97.35709989086286,0.0,0.0,833.3570998908629,17,097,860903,4,170978609034
126.0,1.0,67.0,1.0,2.0,52.0,139.0,17.0,51.0,207.0,205.0,311.0,116.0,87.05089396453928,0.0,0.0,1382.0508939645392,17,097,860904,1,170978609041
127.0,134.0,12.0,86.0,123.0,248.0,141.0,161.0,40.0,282.0,696.0,636.0,269.0,92.11187047751923,0.0,0.0,3047.111870477519,17,097,860904,2,170978609042
23.0,175.0,50.0,106.0,18.0,81.0,19.0,193.0,155.0,201.0,239.0,203.0,141.0,101.81598771080428,0.0,0.0,1705.8159877108044,17,097,860905,1,170978609051
3.0,19.0,53.0,0.0,74.0,246.0,39.0,65.0,67.0,93.0,122.0,89.0,77.0,100.56115697135593,0.0,0.0,1047.561156971356,17,097,860905,2,170978609052
85.0,4.0,30.0,85.0,98.0,189.0,0.0,20.0,39.0,18.0,212.0,174.0,288.0,104.56115697135593,0.0,0.0,1346.561156971356,17,097,860905,3,170978609053
5.0,46.0,4.0,2.0,18.0,4.0,2.0,42.0,78.0,82.0,119.0,30.0,50.0,98.51014270123267,0.0,0.0,580.5101427012327,17,097,860905,4,170978609054
169.0,167.0,83.0,125.0,202.0,129.0,233.0,262.0,175.0,723.0,1232.0,1685.0,2017.0,109.2439060519198,0.0,0.0,7311.24390605192,17,097,860906,1,170978609061
0.0,0.0,22.0,95.0,55.0,27.0,11.0,29.0,7.0,221.0,280.0,316.0,543.0,108.31604786359628,0.0,0.0,1714.3160478635962,17,097,861007,1,170978610071
1.0,1.0,4.0,93.0,28.0,3.0,92.0,1.0,47.0,15.0,201.0,183.0,294.0,76.46921097955007,0.0,0.0,1039.46921097955,17,097,861007,2,170978610072
44.0,2.0,2.0,57.0,17.0,45.0,22.0,12.0,136.0,88.0,221.0,275.0,192.0,88.04069111051463,0.0,0.0,1201.0406911105147,17,097,861008,1,170978610081
64.0,4.0,1.0,2.0,44.0,5.0,18.0,3.0,1.0,44.0,165.0,231.0,142.0,96.1529225047858,0.0,0.0,820.1529225047858,17,097,861008,2,170978610082
5.0,4.0,3.0,78.0,28.0,64.0,0.0,47.0,103.0,100.0,164.0,232.0,231.0,123.25483073944835,0.0,0.0,1182.2548307394484,17,097,861008,3,170978610083
10.0,2.0,20.0,14.0,13.0,33.0,3.0,83.0,67.0,102.0,123.0,282.0,124.0,101.42851986903543,0.0,0.0,977.4285198690354,17,097,861008,4,170978610084
33.0,67.0,0.0,15.0,201.0,2.0,9.0,75.0,97.0,101.0,216.0,292.0,359.0,94.91777563988285,0.0,0.0,1561.9177756398828,17,097,861009,1,170978610091
2.0,42.0,8.0,135.0,2.0,105.0,135.0,23.0,275.0,65.0,260.0,385.0,300.0,114.42839956345145,0.0,0.0,1851.4283995634514,17,097,861009,2,170978610092
2.0,22.0,3.0,51.0,3.0,39.0,25.0,4.0,10.0,16.0,84.0,85.0,227.0,85.39791130696148,0.0,0.0,656.3979113069614,17,097,861010,1,170978610101
115.0,4.0,56.0,26.0,53.0,41.0,36.0,34.0,11.0,54.0,196.0,264.0,35.0,81.12243424829583,0.0,0.0,1006.1224342482958,17,097,861010,2,170978610102
4.0,11.0,20.0,81.0,34.0,71.0,110.0,79.0,116.0,194.0,473.0,620.0,611.0,99.20333524698916,0.0,0.0,2523.2033352469894,17,097,861010,3,170978610103
2.0,1.0,107.0,3.0,4.0,5.0,36.0,10.0,27.0,179.0,42.0,1230.0,292.0,117.88728738339287,0.0,0.0,2055.887287383393,17,097,861011,1,170978610111
2.0,26.0,12.0,3.0,35.0,107.0,2.0,133.0,147.0,79.0,633.0,335.0,444.0,97.09146476946992,0.0,0.0,2055.09146476947,17,097,861011,2,170978610112
7.0,0.0,1.0,35.0,73.0,4.0,2.0,3.0,104.0,465.0,360.0,207.0,217.0,88.21365840659779,0.0,0.0,1566.2136584065977,17,097,861011,3,170978610113
76.0,157.0,22.0,123.0,270.0,39.0,46.0,71.0,10.0,249.0,221.0,338.0,328.0,75.06109681856393,0.0,0.0,2025.0610968185638,17,097,861012,1,170978610121
123.0,26.0,71.0,42.0,61.0,100.0,74.0,178.0,20.0,155.0,188.0,159.0,262.0,108.68335060848379,0.0,0.0,1567.6833506084838,17,097,861012,2,170978610122
1.0,2.0,2.0,62.0,2.0,1.0,25.0,11.0,0.0,26.0,19.0,125.0,217.0,80.4795341391587,0.0,0.0,573.4795341391587,17,097,861012,3,170978610123
26.0,94.0,32.0,76.0,107.0,118.0,154.0,58.0,87.0,211.0,556.0,426.0,413.0,69.73448518419104,0.0,0.0,2427.7344851841913,17,097,861013,1,170978610131
11.0,19.0,28.0,24.0,49.0,3.0,14.0,0.0,76.0,65.0,373.0,285.0,116.0,92.86724259209552,0.0,0.0,1155.8672425920956,17,097,861014,1,170978610141
4.0,21.0,173.0,14.0,10.0,0.0,9.0,10.0,1.0,4.0,524.0,761.0,260.0,102.81598771080428,0.0,0.0,1893.8159877108044,17,097,861014,2,170978610142
7.0,2.0,0.0,46.0,39.0,2.0,111.0,75.0,8.0,315.0,172.0,247.0,137.0,92.52034555525731,0.0,0.0,1253.5203455552573,17,097,861105,1,170978611051
116.0,2.0,75.0,111.0,23.0,16.0,212.0,106.0,99.0,82.0,314.0,450.0,403.0,98.58144237382125,0.0,0.0,2107.581442373821,17,097,861105,2,170978611052
0.0,1.0,4.0,39.0,2.0,1.0,6.0,66.0,18.0,114.0,291.0,234.0,481.0,104.65286235199382,0.0,0.0,1361.652862351994,17,097,861106,1,170978611061
2.0,6.0,0.0,2.0,43.0,37.0,46.0,38.0,35.0,1.0,28.0,560.0,422.0,90.54027004097068,0.0,0.0,1310.5402700409707,17,097,861106,2,170978611062
21.0,0.0,231.0,3.0,26.0,105.0,42.0,122.0,54.0,302.0,366.0,630.0,481.0,102.73424457302308,0.0,0.0,2485.7342445730233,17,097,861106,3,170978611063
24.0,1.0,7.0,54.0,0.0,82.0,30.0,25.0,1.0,134.0,156.0,175.0,261.0,78.08162283219723,0.0,0.0,1028.0816228321974,17,097,861107,1,170978611071
2.0,18.0,8.0,0.0,74.0,9.0,2.0,70.0,107.0,51.0,273.0,286.0,400.0,105.97935368078272,0.0,0.0,1405.9793536807827,17,097,861107,2,170978611072
79.0,7.0,45.0,0.0,1.0,2.0,9.0,40.0,2.0,37.0,54.0,288.0,202.0,119.02004479129735,0.0,0.0,885.0200447912973,17,097,861108,1,170978611081
211.0,159.0,129.0,42.0,7.0,77.0,279.0,11.0,57.0,44.0,191.0,133.0,242.0,81.9386625702681,0.0,0.0,1663.9386625702682,17,097,861108,2,170978611082
0.0,7.0,1.0,70.0,2.0,1.0,106.0,0.0,129.0,176.0,222.0,211.0,297.0,71.33645357164559,0.0,0.0,1293.3364535716455,17,097,861108,3,170978611083
1.0,2.0,176.0,230.0,87.0,9.0,338.0,337.0,217.0,290.0,70.0,308.0,352.0,101.35685927969489,0.0,0.0,2518.356859279695,17,097,861201,1,170978612011
1.0,2.0,10.0,18.0,2.0,1.0,16.0,2.0,1.0,0.0,292.0,267.0,205.0,87.3772649877442,0.0,0.0,904.3772649877442,17,097,861201,2,170978612012
278.0,223.0,4.0,17.0,23.0,1.0,12.0,5.0,14.0,118.0,106.0,127.0,57.0,77.0,0.0,0.0,1062.0,17,097,861201,3,170978612013
160.0,76.0,87.0,42.0,64.0,32.0,113.0,120.0,167.0,458.0,153.0,176.0,130.0,110.53042810369799,0.0,0.0,1888.530428103698,17,097,861201,4,170978612014
45.0,2.0,279.0,1.0,131.0,137.0,98.0,43.0,44.0,3.0,241.0,323.0,267.0,82.7038766221171,0.0,0.0,1696.7038766221171,17,097,861202,1,170978612021
111.0,149.0,88.0,4.0,48.0,347.0,67.0,23.0,19.0,177.0,149.0,467.0,205.0,97.14271965076117,0.0,0.0,1951.1427196507611,17,097,861202,2,170978612022
192.0,45.0,124.0,337.0,39.0,42.0,110.0,126.0,42.0,230.0,171.0,156.0,246.0,94.030367950906,0.0,0.0,1954.0303679509059,17,097,861301,1,170978613011
242.0,134.0,36.0,109.0,169.0,137.0,254.0,93.0,110.0,181.0,255.0,277.0,174.0,87.31628847476425,0.0,0.0,2258.3162884747644,17,097,861301,2,170978613012
0.0,0.0,120.0,120.0,2.0,251.0,38.0,163.0,103.0,459.0,204.0,347.0,143.0,80.60196838745455,0.0,0.0,2030.6019683874547,17,097,861303,1,170978613031
227.0,48.0,191.0,295.0,222.0,281.0,0.0,244.0,19.0,188.0,237.0,450.0,227.0,84.33669418281356,0.0,0.0,2713.3366941828135,17,097,861303,2,170978613032
21.0,22.0,4.0,92.0,17.0,199.0,112.0,170.0,2.0,244.0,108.0,141.0,75.0,102.58156267940524,0.0,0.0,1309.5815626794051,17,097,861304,1,170978613041
53.0,144.0,86.0,183.0,41.0,146.0,100.0,138.0,59.0,170.0,383.0,142.0,76.0,92.0,0.0,0.0,1813.0,17,097,861304,2,170978613042
38.0,18.0,83.0,46.0,48.0,0.0,309.0,143.0,196.0,408.0,333.0,328.0,212.0,95.21413962893374,0.0,0.0,2257.214139628934,17,097,861402,1,170978614021
326.0,31.0,178.0,240.0,195.0,171.0,331.0,594.0,419.0,518.0,557.0,822.0,517.0,97.32588980086898,0.0,0.0,4996.325889800869,17,097,861402,2,170978614022
21.0,44.0,83.0,130.0,1.0,56.0,69.0,110.0,58.0,145.0,83.0,41.0,39.0,68.83663403002157,0.0,0.0,948.8366340300215,17,097,861403,1,170978614031
59.0,13.0,112.0,48.0,22.0,203.0,95.0,28.0,0.0,103.0,124.0,585.0,189.0,98.1530428103698,0.0,0.0,1679.1530428103697,17,097,861403,2,170978614032
47.0,5.0,29.0,13.0,27.0,110.0,73.0,43.0,174.0,251.0,468.0,239.0,108.0,91.45912843110939,0.0,0.0,1678.4591284311093,17,097,861404,1,170978614041
0.0,97.0,5.0,25.0,124.0,11.0,65.0,38.0,11.0,25.0,113.0,20.0,44.0,90.0,0.0,0.0,668.0,17,097,861404,2,170978614042
276.0,9.0,152.0,142.0,73.0,150.0,247.0,46.0,233.0,324.0,513.0,316.0,313.0,116.04057080493064,0.0,0.0,2910.0405708049307,17,097,861404,3,170978614043
82.0,18.0,176.0,265.0,145.0,91.0,61.0,388.0,358.0,3.0,302.0,462.0,75.0,74.74480834379969,0.0,0.0,2500.7448083438,17,097,861504,1,170978615041
21.0,1.0,83.0,18.0,35.0,56.0,251.0,43.0,147.0,86.0,99.0,126.0,25.0,86.39791130696148,0.0,0.0,1077.3979113069615,17,097,861504,2,170978615042
1.0,13.0,26.0,150.0,14.0,12.0,74.0,11.0,118.0,184.0,225.0,177.0,233.0,86.22434248295838,0.0,0.0,1324.2243424829585,17,097,861504,3,170978615043
1.0,1.0,0.0,28.0,99.0,85.0,1.0,41.0,151.0,25.0,465.0,277.0,571.0,79.25483073944835,0.0,0.0,1824.2548307394484,17,097,861504,4,170978615044
29.0,2.0,37.0,54.0,49.0,104.0,50.0,65.0,19.0,121.0,165.0,417.0,267.0,82.030367950906,0.0,0.0,1461.0303679509059,17,097,861505,1,170978615051
0.0,1.0,1.0,10.0,1.0,9.0,2.0,13.0,53.0,44.0,159.0,347.0,123.0,85.59176553342988,0.0,0.0,848.5917655334299,17,097,861505,2,170978615052
391.0,6.0,160.0,18.0,1.0,23.0,17.0,4.0,45.0,138.0,74.0,69.0,211.0,106.0,0.0,0.0,1263.0,17,097,861506,1,170978615061
54.0,3.0,23.0,21.0,52.0,16.0,44.0,130.0,210.0,258.0,254.0,462.0,500.0,101.6220131787519,0.0,0.0,2128.622013178752,17,097,861506,2,170978615062
1.0,6.0,1.0,165.0,90.0,4.0,5.0,141.0,77.0,34.0,127.0,83.0,18.0,105.39791130696148,0.0,0.0,857.3979113069614,17,097,861506,3,170978615063
6.0,48.0,2.0,90.0,15.0,123.0,26.0,20.0,53.0,39.0,253.0,325.0,201.0,99.46909067396608,0.0,0.0,1300.469090673966,17,097,861507,1,170978615071
11.0,6.0,36.0,121.0,4.0,60.0,13.0,79.0,23.0,39.0,61.0,185.0,268.0,87.54075126330662,0.0,0.0,993.5407512633067,17,097,861507,2,170978615072
267.0,53.0,55.0,138.0,171.0,117.0,127.0,130.0,159.0,206.0,102.0,333.0,229.0,76.12219363712786,0.0,0.0,2163.122193637128,17,097,861508,1,170978615081
0.0,0.0,2.0,175.0,90.0,67.0,38.0,2.0,29.0,84.0,112.0,217.0,76.0,93.61217124147919,0.0,0.0,985.6121712414792,17,097,861508,2,170978615082
7.0,3.0,2.0,2.0,3.0,18.0,3.0,9.0,47.0,18.0,113.0,132.0,205.0,93.55083381174728,0.0,0.0,655.5508338117473,17,097,861509,1,170978615091
133.0,186.0,103.0,47.0,47.0,239.0,349.0,49.0,171.0,251.0,172.0,254.0,155.0,104.85703973807087,0.0,0.0,2260.857039738071,17,097,861509,2,170978615092
20.0,0.0,24.0,14.0,16.0,2.0,52.0,0.0,4.0,114.0,9.0,141.0,151.0,72.4590081255254,0.0,0.0,619.4590081255254,17,097,861510,1,170978615101
18.0,0.0,61.0,49.0,43.0,3.0,92.0,9.0,8.0,29.0,75.0,171.0,328.0,90.85703973807087,0.0,0.0,976.8570397380709,17,097,861510,2,170978615102
166.0,74.0,85.0,240.0,85.0,44.0,151.0,50.0,145.0,107.0,336.0,249.0,142.0,106.12231394271186,0.0,0.0,1980.1223139427118,17,097,861510,3,170978615103
38.0,20.0,3.0,134.0,111.0,29.0,57.0,62.0,5.0,230.0,424.0,316.0,339.0,77.65298265757781,0.0,0.0,1845.6529826575777,17,097,861603,1,170978616031
19.0,63.0,72.0,42.0,2.0,27.0,33.0,12.0,70.0,181.0,141.0,457.0,545.0,101.34653612008626,0.0,0.0,1765.3465361200863,17,097,861603,2,170978616032
1.0,81.0,0.0,39.0,15.0,30.0,20.0,78.0,14.0,5.0,53.0,53.0,131.0,99.8060254679476,0.0,0.0,619.8060254679476,17,097,861603,3,170978616033
122.0,52.0,1.0,4.0,1.0,68.0,52.0,2.0,43.0,296.0,300.0,351.0,229.0,102.295521849963,0.0,0.0,1623.295521849963,17,097,861604,1,170978616041
0.0,1.0,3.0,3.0,131.0,0.0,54.0,114.0,18.0,200.0,162.0,104.0,373.0,107.16312535881048,0.0,0.0,1270.1631253588105,17,097,861604,2,170978616042
22.0,1.0,6.0,0.0,8.0,47.0,3.0,28.0,23.0,66.0,36.0,189.0,192.0,104.32625071762094,0.0,0.0,725.326250717621,17,097,861604,3,170978616043
0.0,85.0,2.0,198.0,89.0,156.0,35.0,32.0,38.0,79.0,323.0,297.0,193.0,112.36718243930353,0.0,0.0,1639.3671824393036,17,097,861607,1,170978616071
1.0,24.0,36.0,207.0,32.0,95.0,73.0,36.0,65.0,147.0,240.0,187.0,174.0,88.45912843110939,0.0,0.0,1405.4591284311093,17,097,861607,2,170978616072
3.0,2.0,1.0,70.0,15.0,8.0,7.0,24.0,16.0,235.0,189.0,111.0,198.0,94.8060254679476,0.0,0.0,973.8060254679476,17,097,861607,3,170978616073
57.0,2.0,6.0,99.0,13.0,50.0,15.0,14.0,42.0,125.0,236.0,361.0,359.0,116.06085620739597,0.0,0.0,1495.060856207396,17,097,861608,1,170978616081
91.0,107.0,103.0,61.0,4.0,72.0,4.0,42.0,4.0,9.0,152.0,167.0,144.0,101.0,0.0,0.0,1061.0,17,097,861608,2,170978616082
62.0,204.0,33.0,295.0,8.0,74.0,109.0,1.0,31.0,387.0,188.0,516.0,162.0,107.17320790725114,0.0,0.0,2177.1732079072513,17,097,861609,1,170978616091
42.0,2.0,0.0,24.0,8.0,96.0,50.0,38.0,40.0,3.0,189.0,279.0,269.0,104.30596531515562,0.0,0.0,1144.3059653151556,17,097,861609,2,170978616092
5.0,2.0,5.0,49.0,4.0,3.0,0.0,11.0,1.0,133.0,91.0,144.0,240.0,96.47905291682275,0.0,0.0,784.4790529168228,17,097,861610,1,170978616101
14.0,2.0,2.0,0.0,32.0,34.0,48.0,76.0,6.0,11.0,290.0,233.0,251.0,103.71395917055776,0.0,0.0,1102.7139591705577,17,097,861610,2,170978616102
1.0,0.0,0.0,7.0,9.0,0.0,24.0,0.0,0.0,82.0,137.0,216.0,144.0,105.32625071762094,0.0,0.0,725.326250717621,17,097,861611,1,170978616111
15.0,0.0,1.0,8.0,31.0,0.0,0.0,14.0,0.0,10.0,80.0,176.0,319.0,88.93842195910013,0.0,0.0,742.9384219591001,17,097,861611,2,170978616112
0.0,4.0,4.0,0.0,9.0,8.0,1.0,2.0,7.0,0.0,48.0,60.0,182.0,110.1938542264684,0.0,0.0,435.19385422646843,17,097,861611,3,170978616113
10.0,0.0,18.0,4.0,5.0,80.0,43.0,67.0,208.0,77.0,207.0,308.0,211.0,98.69367376809242,0.0,0.0,1336.6936737680924,17,097,861701,1,170978617011
14.0,0.0,78.0,17.0,4.0,10.0,1.0,10.0,3.0,3.0,16.0,112.0,12.0,77.16324566439445,0.0,0.0,357.1632456643944,17,097,861701,2,170978617012
72.0,30.0,11.0,22.0,184.0,13.0,12.0,14.0,53.0,28.0,39.0,205.0,15.0,98.14283995634514,0.0,0.0,796.1428399563451,17,097,861702,1,170978617021
2.0,52.0,107.0,123.0,55.0,28.0,5.0,141.0,176.0,358.0,172.0,711.0,215.0,84.16312535881048,0.0,0.0,2229.1631253588102,17,097,861702,2,170978617022
0.0,39.0,15.0,11.0,17.0,9.0,25.0,1.0,114.0,28.0,30.0,68.0,34.0,107.0,0.0,0.0,498.0,17,097,861702,3,170978617023
46.0,0.0,203.0,223.0,47.0,168.0,49.0,206.0,154.0,198.0,233.0,242.0,383.0,96.58144237382125,0.0,0.0,2248.581442373821,17,097,861803,1,170978618031
139.0,267.0,140.0,205.0,305.0,390.0,79.0,254.0,3.0,325.0,234.0,426.0,169.0,84.61205093589521,0.0,0.0,3020.6120509358952,17,097,861803,2,170978618032
62.0,35.0,24.0,48.0,116.0,93.0,0.0,17.0,4.0,2.0,0.0,6.0,54.0,80.0,0.0,0.0,541.0,17,097,861803,3,170978618033
76.0,291.0,8.0,38.0,107.0,54.0,184.0,303.0,57.0,201.0,187.0,139.0,38.0,110.62237409550384,0.0,0.0,1793.6223740955038,17,097,861804,1,170978618041
121.0,163.0,39.0,33.0,133.0,42.0,126.0,44.0,1.0,13.0,117.0,217.0,67.0,99.8060254679476,0.0,0.0,1215.8060254679476,17,097,861804,2,170978618042
3.0,3.0,50.0,1.0,6.0,214.0,16.0,18.0,145.0,75.0,280.0,370.0,57.0,88.52034555525731,0.0,0.0,1326.5203455552573,17,097,861901,1,170978619011
5.0,24.0,0.0,7.0,65.0,24.0,60.0,2.0,5.0,96.0,93.0,255.0,119.0,93.30596531515562,0.0,0.0,848.3059653151556,17,097,861901,2,170978619012
3.0,102.0,6.0,0.0,30.0,111.0,35.0,91.0,46.0,78.0,238.0,324.0,320.0,96.64253919238519,0.0,0.0,1480.6425391923851,17,097,861901,3,170978619013
1.0,91.0,86.0,66.0,73.0,318.0,263.0,149.0,431.0,31.0,426.0,260.0,304.0,98.0,0.0,0.0,2597.0,17,097,861902,1,170978619021
15.0,7.0,57.0,6.0,2.0,2.0,0.0,12.0,79.0,43.0,61.0,212.0,20.0,102.28555960710631,0.0,0.0,618.2855596071063,17,097,861902,2,170978619022
101.0,33.0,199.0,90.0,184.0,41.0,339.0,101.0,152.0,384.0,46.0,66.0,25.0,93.4795341391587,0.0,0.0,1854.4795341391587,17,097,861902,3,170978619023
336.0,26.0,105.0,45.0,39.0,44.0,0.0,6.0,2.0,39.0,3.0,5.0,8.0,97.0,0.0,0.0,755.0,17,097,861902,4,170978619024
164.0,9.0,83.0,63.0,0.0,70.0,78.0,28.0,2.0,4.0,15.0,295.0,6.0,96.33669418281356,0.0,0.0,913.3366941828135,17,097,862000,1,170978620001
173.0,70.0,7.0,111.0,2.0,29.0,58.0,38.0,82.0,98.0,158.0,74.0,91.0,101.86724259209552,0.0,0.0,1092.8672425920956,17,097,862000,2,170978620002
11.0,75.0,4.0,62.0,146.0,86.0,112.0,70.0,55.0,388.0,140.0,249.0,118.0,87.62237409550384,0.0,0.0,1603.6223740955038,17,097,862000,3,170978620003
5.0,30.0,49.0,259.0,181.0,63.0,42.0,161.0,62.0,96.0,239.0,249.0,39.0,106.0,0.0,0.0,1581.0,17,097,862000,4,170978620004
58.0,27.0,56.0,165.0,85.0,2.0,60.0,2.0,1.0,88.0,143.0,134.0,51.0,105.1530428103698,0.0,0.0,977.1530428103698,17,097,862100,1,170978621001
87.0,152.0,4.0,163.0,37.0,140.0,97.0,54.0,116.0,107.0,132.0,66.0,3.0,114.33669418281356,0.0,0.0,1272.3366941828135,17,097,862100,2,170978621002
114.0,15.0,9.0,16.0,141.0,2.0,12.0,58.0,41.0,133.0,16.0,82.0,46.0,105.27547705866564,0.0,0.0,790.2754770586656,17,097,862100,3,170978621003
0.0,51.0,88.0,170.0,92.0,148.0,135.0,154.0,85.0,115.0,292.0,101.0,135.0,88.0,0.0,0.0,1654.0,17,097,862100,4,170978621004
217.0,0.0,168.0,1.0,6.0,69.0,69.0,5.0,62.0,256.0,144.0,165.0,80.0,93.90805400819414,0.0,0.0,1335.908054008194,17,097,862200,1,170978622001
323.0,234.0,161.0,113.0,8.0,89.0,61.0,6.0,13.0,154.0,1.0,98.0,44.0,91.63245664394452,0.0,0.0,1396.6324566439446,17,097,862200,2,170978622002
155.0,187.0,4.0,4.0,176.0,18.0,28.0,12.0,2.0,29.0,59.0,76.0,11.0,114.0,0.0,0.0,875.0,17,097,862300,1,170978623001
214.0,102.0,127.0,40.0,122.0,17.0,8.0,6.0,38.0,90.0,139.0,23.0,53.0,97.57135982538058,0.0,0.0,1076.5713598253806,17,097,862300,2,170978623002
171.0,89.0,110.0,76.0,49.0,3.0,197.0,87.0,2.0,86.0,81.0,1.0,17.0,91.0,0.0,0.0,1060.0,17,097,862300,3,170978623003
12.0,58.0,205.0,137.0,48.0,89.0,2.0,145.0,75.0,93.0,294.0,15.0,130.0,96.0,0.0,0.0,1399.0,17,097,862401,1,170978624011
410.0,245.0,259.0,189.0,46.0,95.0,107.0,41.0,2.0,102.0,152.0,174.0,4.0,65.0,0.0,0.0,1891.0,17,097,862401,2,170978624012
276.0,25.0,65.0,12.0,36.0,37.0,160.0,26.0,41.0,51.0,1.0,73.0,58.0,108.0,0.0,0.0,969.0,17,097,862402,1,170978624021
48.0,7.0,64.0,140.0,118.0,229.0,142.0,36.0,16.0,94.0,143.0,4.0,21.0,115.16324566439445,0.0,0.0,1177.1632456643945,17,097,862402,2,170978624022
64.0,62.0,138.0,74.0,34.0,33.0,62.0,2.0,22.0,89.0,76.0,163.0,154.0,120.0,0.0,0.0,1093.0,17,097,862402,3,170978624023
144.0,72.0,78.0,1.0,138.0,98.0,160.0,58.0,178.0,301.0,241.0,119.0,131.0,91.44892557708474,0.0,0.0,1810.4489255770848,17,097,862501,1,170978625011
3.0,21.0,95.0,10.0,2.0,212.0,43.0,122.0,93.0,122.0,212.0,308.0,119.0,88.75501119782433,0.0,0.0,1450.7550111978244,17,097,862501,2,170978625012
1.0,1.0,27.0,89.0,45.0,220.0,128.0,3.0,2.0,167.0,49.0,40.0,109.0,96.55095411733127,0.0,0.0,977.5509541173312,17,097,862502,1,170978625021
0.0,5.0,84.0,6.0,118.0,56.0,78.0,111.0,158.0,63.0,109.0,191.0,106.0,89.0,0.0,0.0,1174.0,17,097,862502,2,170978625022
21.0,2.0,5.0,25.0,129.0,32.0,113.0,4.0,0.0,3.0,36.0,43.0,156.0,97.0,0.0,0.0,666.0,17,097,862603,1,170978626031
309.0,60.0,230.0,156.0,85.0,424.0,347.0,402.0,19.0,34.0,407.0,29.0,62.0,98.0,0.0,0.0,2662.0,17,097,862603,2,170978626032
31.0,1.0,3.0,45.0,1.0,0.0,7.0,3.0,48.0,155.0,546.0,431.0,122.0,83.0,0.0,0.0,1476.0,17,097,862603,3,170978626033
6.0,2.0,151.0,219.0,1.0,87.0,2.0,3.0,58.0,322.0,283.0,129.0,246.0,113.69379407367641,0.0,0.0,1622.6937940736764,17,097,862603,4,170978626034
7.0,23.0,2.0,1.0,79.0,169.0,2.0,4.0,44.0,180.0,343.0,350.0,13.0,111.0,0.0,0.0,1328.0,17,097,862603,5,170978626035
95.0,203.0,252.0,163.0,25.0,2.0,43.0,19.0,236.0,376.0,163.0,90.0,108.0,89.61217124147919,0.0,0.0,1864.6121712414792,17,097,862604,1,170978626041
12.0,94.0,2.0,182.0,18.0,1.0,31.0,27.0,11.0,349.0,85.0,86.0,52.0,93.1938542264684,0.0,0.0,1043.1938542264684,17,097,862604,2,170978626042
43.0,18.0,17.0,2.0,94.0,237.0,163.0,124.0,61.0,106.0,38.0,64.0,132.0,105.44880527150076,0.0,0.0,1204.4488052715008,17,097,862604,3,170978626043
1077.0,94.0,115.0,3.0,12.0,81.0,1.0,3.0,2.0,41.0,67.0,105.0,13.0,90.0,0.0,0.0,1704.0,17,097,862605,1,170978626051
95.0,5.0,98.0,70.0,138.0,18.0,3.0,120.0,65.0,203.0,131.0,96.0,70.0,93.31628847476425,0.0,0.0,1205.3162884747642,17,097,862605,2,170978626052
55.0,187.0,131.0,280.0,33.0,137.0,46.0,89.0,14.0,97.0,83.0,1.0,65.0,86.18365137244376,0.0,0.0,1304.1836513724438,17,097,862605,3,170978626053
41.0,109.0,0.0,31.0,44.0,6.0,0.0,1.0,0.0,13.0,34.0,49.0,16.0,112.0,0.0,0.0,456.0,17,097,862700,1,170978627001
179.0,175.0,2.0,425.0,36.0,145.0,65.0,126.0,0.0,13.0,227.0,43.0,14.0,66.0,0.0,0.0,1516.0,17,097,862700,2,170978627002
38.0,7.0,45.0,158.0,86.0,187.0,28.0,80.0,2.0,59.0,2.0,82.0,10.0,87.0,0.0,0.0,871.0,17,097,862700,3,170978627003
12.0,2.0,22.0,45.0,29.0,86.0,93.0,5.0,2.0,107.0,10.0,65.0,20.0,90.0,0.0,0.0,588.0,17,097,862700,4,170978627004
407.0,113.0,132.0,107.0,111.0,105.0,77.0,43.0,113.0,316.0,152.0,109.0,228.0,103.37750559891217,0.0,0.0,2116.377505598912,17,097,862800,1,170978628001
119.0,146.0,119.0,54.0,149.0,99.0,149.0,59.0,109.0,39.0,152.0,59.0,116.0,95.85703973807087,0.0,0.0,1464.8570397380709,17,097,862901,1,170978629011
223.0,39.0,62.0,162.0,101.0,55.0,109.0,58.0,141.0,2.0,100.0,66.0,81.0,94.33669418281356,0.0,0.0,1293.3366941828135,17,097,862901,2,170978629012
106.0,6.0,30.0,64.0,94.0,49.0,2.0,0.0,75.0,53.0,31.0,1.0,12.0,89.1938542264684,0.0,0.0,612.1938542264684,17,097,862901,3,170978629013
271.0,149.0,115.0,83.0,140.0,60.0,22.0,8.0,9.0,67.0,6.0,42.0,76.0,101.29588276671494,0.0,0.0,1149.2958827667148,17,097,862902,1,170978629021
89.0,146.0,4.0,142.0,54.0,4.0,99.0,42.0,175.0,136.0,180.0,22.0,51.0,100.22446278854237,0.0,0.0,1244.2244627885423,17,097,862902,2,170978629022
3.0,0.0,4.0,2.0,1.0,2.0,5.0,2.0,1.0,2.0,5.0,2.0,2.0,90.0,0.0,0.0,121.0,17,097,863003,1,170978630031
34.0,1.0,76.0,29.0,13.0,27.0,40.0,214.0,43.0,275.0,276.0,248.0,460.0,83.0,0.0,0.0,1819.0,17,097,863004,1,170978630041
265.0,9.0,1.0,0.0,10.0,3.0,158.0,16.0,34.0,31.0,24.0,175.0,10.0,105.16300505322648,0.0,0.0,841.1630050532265,17,097,863004,2,170978630042
8.0,2.0,1.0,77.0,52.0,4.0,17.0,49.0,164.0,158.0,124.0,79.0,96.0,82.0,0.0,0.0,913.0,17,097,863004,3,170978630043
11.0,143.0,2.0,42.0,116.0,98.0,17.0,18.0,3.0,18.0,70.0,24.0,99.0,92.0,0.0,0.0,753.0,17,097,863100,1,170978631001
193.0,216.0,79.0,142.0,109.0,252.0,166.0,224.0,109.0,194.0,99.0,94.0,40.0,94.56115697135593,0.0,0.0,2011.561156971356,17,097,863100,2,170978631002
109.0,83.0,163.0,35.0,39.0,100.0,21.0,75.0,5.0,65.0,63.0,103.0,51.0,93.0,0.0,0.0,1005.0,17,097,863201,1,170978632011
93.0,138.0,4.0,24.0,37.0,58.0,56.0,12.0,2.0,8.0,10.0,197.0,117.0,92.0,0.0,0.0,848.0,17,097,863201,2,170978632012
2.0,2.0,140.0,87.0,15.0,146.0,125.0,163.0,14.0,102.0,314.0,124.0,181.0,87.59176553342988,0.0,0.0,1502.59176553343,17,097,863201,3,170978632013
58.0,5.0,15.0,119.0,32.0,21.0,38.0,50.0,6.0,4.0,156.0,141.0,161.0,100.29576246113096,0.0,0.0,906.295762461131,17,097,863202,1,170978632021
1.0,1.0,23.0,3.0,18.0,8.0,8.0,28.0,26.0,98.0,39.0,123.0,112.0,91.73460548977503,0.0,0.0,579.734605489775,17,097,863202,2,170978632022
2.0,116.0,13.0,4.0,36.0,2.0,0.0,24.0,30.0,89.0,15.0,171.0,164.0,107.72428233016639,0.0,0.0,773.7242823301664,17,097,863202,3,170978632023
164.0,5.0,0.0,3.0,163.0,12.0,2.0,29.0,0.0,1.0,70.0,223.0,98.0,102.1938542264684,0.0,0.0,872.1938542264684,17,097,863202,4,170978632024
74.0,35.0,2.0,25.0,1.0,8.0,28.0,5.0,6.0,52.0,32.0,114.0,47.0,83.68359121965176,0.0,0.0,512.6835912196518,17,097,863300,1,170978633001
44.0,0.0,6.0,0.0,5.0,4.0,0.0,2.0,0.0,5.0,0.0,54.0,71.0,100.3060856207396,0.0,0.0,291.3060856207396,17,097,863300,2,170978633002
0.0,10.0,1.0,4.0,43.0,26.0,22.0,3.0,5.0,21.0,59.0,37.0,149.0,101.765214051849,0.0,0.0,481.765214051849,17,097,863300,3,170978633003
5.0,1.0,5.0,4.0,39.0,0.0,34.0,2.0,3.0,1.0,1.0,86.0,71.0,102.22446278854237,0.0,0.0,354.2244627885424,17,097,863400,1,170978634001
112.0,1.0,6.0,9.0,67.0,2.0,7.0,62.0,0.0,60.0,23.0,221.0,109.0,109.0711793670046,0.0,0.0,788.0711793670046,17,097,863400,2,170978634002
57.0,5.0,5.0,24.0,9.0,3.0,2.0,0.0,4.0,207.0,67.0,60.0,110.0,87.65298265757781,0.0,0.0,640.6529826575778,17,097,863400,3,170978634003
24.0,11.0,49.0,10.0,18.0,65.0,19.0,77.0,54.0,52.0,65.0,61.0,169.0,93.51014270123267,0.0,0.0,767.5101427012327,17,097,863500,1,170978635001
20.0,18.0,13.0,0.0,5.0,6.0,0.0,4.0,0.0,1.0,3.0,145.0,150.0,116.14271965076117,0.0,0.0,481.14271965076114,17,097,863500,2,170978635002
29.0,0.0,24.0,56.0,1.0,0.0,6.0,11.0,10.0,81.0,131.0,128.0,234.0,101.82631087041293,0.0,0.0,812.826310870413,17,097,863500,3,170978635003
2.0,0.0,4.0,2.0,1.0,1.0,2.0,3.0,0.0,67.0,113.0,111.0,260.0,103.40787354981816,0.0,0.0,669.4078735498182,17,097,863601,1,170978636011
0.0,8.0,0.0,15.0,6.0,7.0,47.0,4.0,25.0,20.0,51.0,152.0,93.0,89.44892557708474,0.0,0.0,517.4489255770848,17,097,863601,2,170978636012
4.0,2.0,1.0,21.0,83.0,29.0,6.0,94.0,8.0,9.0,134.0,159.0,167.0,81.31616816918026,0.0,0.0,798.3161681691803,17,097,863603,1,170978636031
0.0,0.0,0.0,1.0,2.0,3.0,2.0,4.0,1.0,1.0,59.0,113.0,28.0,92.88740768897685,0.0,0.0,306.88740768897685,17,097,863603,2,170978636032
15.0,7.0,7.0,30.0,2.0,39.0,38.0,29.0,34.0,31.0,99.0,182.0,72.0,88.90793370261015,0.0,0.0,673.9079337026102,17,097,863604,1,170978636041
15.0,2.0,6.0,34.0,0.0,63.0,25.0,3.0,99.0,81.0,202.0,57.0,124.0,80.06109681856393,0.0,0.0,791.0610968185639,17,097,863604,2,170978636042
49.0,2.0,54.0,6.0,12.0,1.0,116.0,2.0,49.0,12.0,172.0,117.0,259.0,100.81622832197226,0.0,0.0,951.8162283219723,17,097,863701,1,170978637011
19.0,21.0,0.0,6.0,6.0,0.0,49.0,7.0,27.0,24.0,94.0,258.0,82.0,91.38758814735283,0.0,0.0,684.3875881473529,17,097,863701,2,170978637012
166.0,90.0,4.0,3.0,46.0,50.0,37.0,27.0,49.0,31.0,20.0,301.0,101.0,92.68359121965176,0.0,0.0,1017.6835912196518,17,097,863701,3,170978637013
4.0,17.0,0.0,126.0,35.0,67.0,56.0,30.0,116.0,370.0,161.0,253.0,104.0,122.80602546794762,0.0,0.0,1461.8060254679476,17,097,863702,1,170978637021
0.0,10.0,0.0,9.0,24.0,0.0,32.0,16.0,22.0,14.0,55.0,206.0,125.0,97.58144237382125,0.0,0.0,610.5814423738212,17,097,863702,2,170978637022
98.0,24.0,90.0,29.0,30.0,50.0,43.0,21.0,13.0,132.0,177.0,182.0,192.0,103.8060254679476,0.0,0.0,1184.8060254679476,17,097,863801,1,170978638011
3.0,0.0,7.0,3.0,40.0,78.0,4.0,13.0,83.0,171.0,180.0,352.0,301.0,119.71407947614173,0.0,0.0,1354.7140794761417,17,097,863801,2,170978638012
104.0,22.0,40.0,123.0,135.0,84.0,59.0,27.0,48.0,90.0,401.0,179.0,230.0,94.87720483495221,0.0,0.0,1636.8772048349522,17,097,863902,1,170978639021
6.0,2.0,2.0,20.0,0.0,1.0,2.0,157.0,15.0,112.0,52.0,229.0,186.0,100.0,0.0,0.0,884.0,17,097,863902,2,170978639022
0.0,25.0,42.0,17.0,0.0,28.0,56.0,5.0,360.0,104.0,180.0,98.0,142.0,119.17332821283512,0.0,0.0,1176.173328212835,17,097,863902,3,170978639023
2.0,30.0,82.0,39.0,44.0,109.0,109.0,114.0,118.0,27.0,147.0,103.0,55.0,88.27547705866564,0.0,0.0,1067.2754770586657,17,097,863902,4,170978639024
14.0,1.0,9.0,13.0,5.0,7.0,122.0,6.0,0.0,199.0,51.0,88.0,65.0,119.19373392088443,0.0,0.0,699.1937339208844,17,097,863903,1,170978639031
13.0,0.0,1.0,31.0,99.0,14.0,54.0,55.0,18.0,30.0,113.0,155.0,97.0,114.38758814735283,0.0,0.0,794.3875881473529,17,097,863903,2,170978639032
47.0,1.0,2.0,13.0,1.0,112.0,12.0,58.0,22.0,90.0,146.0,51.0,86.0,85.39791130696148,0.0,0.0,726.3979113069614,17,097,863903,3,170978639033
0.0,1.0,4.0,1.0,2.0,9.0,17.0,4.0,1.0,8.0,56.0,90.0,429.0,92.05089396453928,0.0,0.0,714.0508939645392,17,097,863903,4,170978639034
5.0,1.0,57.0,0.0,6.0,9.0,4.0,69.0,4.0,32.0,94.0,347.0,462.0,99.97887245844679,0.0,0.0,1189.9788724584469,17,097,863904,1,170978639041
2.0,5.0,6.0,5.0,123.0,2.0,2.0,4.0,4.0,69.0,114.0,150.0,180.0,99.02016509688133,0.0,0.0,765.0201650968813,17,097,863904,2,170978639042
3.0,6.0,24.0,3.0,80.0,48.0,49.0,2.0,93.0,171.0,53.0,368.0,130.0,83.99975938883203,0.0,0.0,1113.999759388832,17,097,864001,1,170978640011
0.0,1.0,125.0,178.0,112.0,91.0,117.0,231.0,0.0,335.0,296.0,341.0,167.0,89.61205093589521,0.0,0.0,2083.6120509358952,17,097,864001,2,170978640012
77.0,14.0,177.0,72.0,13.0,22.0,137.0,148.0,151.0,41.0,167.0,135.0,147.0,117.96903052117409,0.0,0.0,1418.969030521174,17,097,864001,3,170978640013
62.0,58.0,4.0,97.0,6.0,21.0,138.0,4.0,4.0,220.0,175.0,86.0,21.0,95.18365137244376,0.0,0.0,991.1836513724437,17,097,864002,1,170978640021
92.0,51.0,94.0,129.0,36.0,92.0,49.0,31.0,31.0,165.0,230.0,418.0,159.0,82.0,0.0,0.0,1659.0,17,097,864002,2,170978640022
19.0,9.0,162.0,145.0,32.0,0.0,110.0,135.0,208.0,98.0,77.0,176.0,125.0,109.4590081255254,0.0,0.0,1405.4590081255253,17,097,864002,3,170978640023
45.0,249.0,64.0,31.0,3.0,55.0,7.0,172.0,98.0,96.0,175.0,295.0,109.0,88.52022524967333,0.0,0.0,1487.5202252496733,17,097,864002,4,170978640024
175.0,70.0,102.0,119.0,217.0,156.0,78.0,217.0,365.0,104.0,360.0,299.0,146.0,93.26503359347302,0.0,0.0,2501.265033593473,17,097,864101,1,170978641011
5.0,2.0,91.0,274.0,10.0,369.0,195.0,70.0,32.0,383.0,471.0,1510.0,679.0,103.51950341616941,0.0,0.0,4194.51950341617,17,097,864101,2,170978641012
0.0,0.0,30.0,4.0,3.0,55.0,54.0,2.0,31.0,80.0,194.0,30.0,117.0,82.23454533698305,0.0,0.0,682.234545336983,17,097,864101,3,170978641013
5.0,76.0,79.0,19.0,25.0,137.0,144.0,1.0,16.0,335.0,297.0,563.0,339.0,92.70351570536513,0.0,0.0,2128.703515705365,17,097,864105,1,170978641051
3.0,0.0,11.0,1.0,5.0,1.0,76.0,149.0,41.0,25.0,197.0,324.0,312.0,101.84647596729425,0.0,0.0,1246.8464759672943,17,097,864105,2,170978641052
1.0,0.0,5.0,38.0,60.0,43.0,4.0,41.0,7.0,16.0,69.0,176.0,172.0,91.73460548977503,0.0,0.0,723.734605489775,17,097,864106,1,170978641061
3.0,2.0,1.0,21.0,19.0,44.0,3.0,4.0,40.0,1.0,49.0,85.0,77.0,85.91825686221878,0.0,0.0,434.9182568622188,17,097,864106,2,170978641062
52.0,1.0,13.0,12.0,53.0,20.0,64.0,195.0,15.0,93.0,203.0,268.0,167.0,81.84671657846224,0.0,0.0,1237.8467165784623,17,097,864106,3,170978641063
14.0,2.0,28.0,2.0,0.0,12.0,2.0,10.0,45.0,37.0,157.0,64.0,177.0,99.54075126330662,0.0,0.0,649.5407512633067,17,097,864106,4,170978641064
1.0,0.0,30.0,57.0,137.0,93.0,6.0,60.0,11.0,331.0,203.0,209.0,372.0,106.34665642567023,0.0,0.0,1616.3466564256703,17,097,864107,1,170978641071
147.0,5.0,100.0,137.0,9.0,8.0,5.0,255.0,10.0,124.0,210.0,266.0,109.0,109.08126191544527,0.0,0.0,1494.0812619154453,17,097,864107,2,170978641072
2.0,0.0,45.0,44.0,164.0,15.0,178.0,14.0,29.0,140.0,324.0,489.0,408.0,95.34653612008626,0.0,0.0,1947.3465361200863,17,097,864108,1,170978641081
6.0,85.0,92.0,30.0,89.0,38.0,92.0,87.0,15.0,118.0,132.0,249.0,217.0,105.20381646932509,0.0,0.0,1355.2038164693251,17,097,864108,2,170978641082
4.0,0.0,35.0,97.0,0.0,0.0,153.0,79.0,68.0,51.0,53.0,89.0,45.0,84.60172777628657,0.0,0.0,758.6017277762866,17,097,864108,3,170978641083
75.0,122.0,2.0,37.0,56.0,53.0,193.0,2.0,7.0,115.0,273.0,294.0,181.0,99.90805400819414,0.0,0.0,1509.908054008194,17,097,864203,1,170978642031
59.0,26.0,46.0,3.0,42.0,13.0,112.0,99.0,120.0,231.0,367.0,516.0,333.0,108.02016509688133,0.0,0.0,2075.0201650968816,17,097,864203,2,170978642032
20.0,8.0,105.0,241.0,161.0,11.0,171.0,0.0,162.0,122.0,106.0,311.0,40.0,85.62237409550384,0.0,0.0,1543.6223740955038,17,097,864204,1,170978642041
252.0,61.0,7.0,116.0,10.0,38.0,1.0,20.0,12.0,77.0,103.0,220.0,120.0,97.27535675308165,0.0,0.0,1134.2753567530817,17,097,864204,2,170978642042
28.0,1.0,14.0,0.0,5.0,1.0,5.0,54.0,0.0,86.0,114.0,185.0,171.0,93.98955653480738,0.0,0.0,757.9895565348073,17,097,864204,3,170978642043
256.0,14.0,22.0,83.0,89.0,170.0,180.0,59.0,139.0,168.0,700.0,829.0,882.0,109.87684391820025,0.0,0.0,3700.8768439182004,17,097,864205,1,170978642051
102.0,12.0,2.0,39.0,2.0,136.0,63.0,101.0,15.0,98.0,165.0,273.0,180.0,80.64277980355315,0.0,0.0,1268.6427798035531,17,097,864205,2,170978642052
160.0,11.0,63.0,4.0,91.0,3.0,89.0,21.0,139.0,173.0,248.0,356.0,222.0,108.77529660028966,0.0,0.0,1688.7752966002897,17,097,864205,3,170978642053
153.0,45.0,90.0,1.0,341.0,101.0,151.0,155.0,60.0,194.0,278.0,303.0,369.0,93.89785115416949,0.0,0.0,2334.8978511541695,17,097,864206,1,170978642061
0.0,66.0,112.0,69.0,17.0,10.0,112.0,31.0,5.0,106.0,81.0,164.0,58.0,93.13263710232049,0.0,0.0,924.1326371023205,17,097,864206,2,170978642062
0.0,4.0,4.0,3.0,3.0,32.0,14.0,29.0,39.0,33.0,74.0,156.0,188.0,93.92845971624344,0.0,0.0,672.9284597162434,17,097,864303,1,170978643031
5.0,2.0,20.0,18.0,4.0,1.0,77.0,0.0,6.0,124.0,71.0,185.0,152.0,102.59176553342988,0.0,0.0,767.5917655334299,17,097,864303,2,170978643032
96.0,2.0,12.0,5.0,6.0,1.0,2.0,23.0,52.0,164.0,141.0,271.0,59.0,105.48949638201537,0.0,0.0,939.4894963820154,17,097,864303,3,170978643033
3.0,28.0,30.0,72.0,87.0,11.0,53.0,120.0,160.0,54.0,217.0,187.0,279.0,97.62225378991985,0.0,0.0,1398.6222537899198,17,097,864305,1,170978643051
29.0,63.0,62.0,51.0,61.0,44.0,57.0,38.0,51.0,117.0,79.0,224.0,169.0,115.96927113234206,0.0,0.0,1160.969271132342,17,097,864305,2,170978643052
10.0,26.0,3.0,0.0,10.0,14.0,14.0,13.0,3.0,3.0,72.0,117.0,139.0,102.55083381174728,0.0,0.0,526.5508338117473,17,097,864306,1,170978643061
6.0,2.0,2.0,5.0,11.0,14.0,45.0,0.0,8.0,48.0,25.0,25.0,123.0,99.87732514053619,0.0,0.0,413.8773251405362,17,097,864306,2,170978643062
44.0,126.0,76.0,3.0,31.0,67.0,56.0,0.0,88.0,91.0,56.0,271.0,62.0,65.44880527150076,0.0,0.0,1036.4488052715008,17,097,864307,1,170978643071
0.0,3.0,10.0,65.0,0.0,2.0,9.0,17.0,38.0,55.0,122.0,159.0,198.0,93.04069111051463,0.0,0.0,771.0406911105147,17,097,864308,1,170978643081
26.0,4.0,36.0,11.0,0.0,36.0,41.0,36.0,2.0,191.0,53.0,126.0,94.0,67.28567991269028,0.0,0.0,723.2856799126903,17,097,864308,2,170978643082
1.0,17.0,100.0,17.0,98.0,9.0,21.0,20.0,2.0,26.0,100.0,260.0,66.0,111.88764830014483,0.0,0.0,848.8876483001449,17,097,864308,3,170978643083
26.0,7.0,247.0,3.0,24.0,30.0,0.0,4.0,43.0,191.0,44.0,33.0,467.0,107.9894362292234,0.0,0.0,1226.9894362292234,17,097,864402,1,170978644021
23.0,26.0,7.0,34.0,73.0,163.0,0.0,34.0,78.0,210.0,206.0,156.0,126.0,106.43836180630814,0.0,0.0,1242.4383618063082,17,097,864402,2,170978644022
1.0,0.0,24.0,51.0,0.0,34.0,37.0,0.0,236.0,32.0,5.0,133.0,287.0,105.92833941065946,0.0,0.0,945.9283394106594,17,097,864402,3,170978644023
7.0,1.0,0.0,3.0,20.0,3.0,68.0,0.0,40.0,0.0,102.0,166.0,79.0,113.24486849659168,0.0,0.0,602.2448684965917,17,097,864403,1,170978644031
94.0,2.0,24.0,9.0,46.0,4.0,1.0,35.0,0.0,56.0,7.0,239.0,247.0,95.98955653480738,0.0,0.0,859.9895565348073,17,097,864403,2,170978644032
0.0,3.0,31.0,2.0,30.0,9.0,2.0,1.0,7.0,56.0,52.0,74.0,166.0,81.21425993451771,0.0,0.0,514.2142599345177,17,097,864403,3,170978644033
9.0,2.0,5.0,18.0,16.0,78.0,51.0,5.0,2.0,127.0,40.0,249.0,610.0,97.530307798114,0.0,0.0,1309.530307798114,17,097,864407,1,170978644071
42.0,0.0,22.0,25.0,1.0,1.0,5.0,35.0,62.0,129.0,66.0,396.0,135.0,104.67290714329117,0.0,0.0,1023.672907143291,17,097,864407,2,170978644072
7.0,0.0,0.0,2.0,38.0,27.0,2.0,106.0,35.0,89.0,329.0,130.0,286.0,79.95894797273341,0.0,0.0,1130.9589479727333,17,097,864408,1,170978644081
82.0,34.0,42.0,47.0,104.0,62.0,2.0,27.0,43.0,150.0,252.0,275.0,530.0,117.61217124147919,0.0,0.0,1767.6121712414792,17,097,864408,2,170978644082
11.0,2.0,43.0,170.0,37.0,6.0,66.0,138.0,50.0,76.0,163.0,107.0,235.0,74.92845971624344,0.0,0.0,1178.9284597162434,17,097,864408,3,170978644083
2.0,1.0,1.0,18.0,23.0,8.0,22.0,48.0,1.0,1.0,85.0,214.0,300.0,101.51002239564868,0.0,0.0,825.5100223956487,17,097,864409,1,170978644091
112.0,71.0,87.0,82.0,85.0,123.0,60.0,86.0,12.0,183.0,202.0,248.0,200.0,112.265153899057,0.0,0.0,1663.265153899057,17,097,864409,2,170978644092
9.0,12.0,3.0,23.0,2.0,146.0,7.0,6.0,0.0,53.0,44.0,145.0,198.0,125.35697958527888,0.0,0.0,773.3569795852789,17,097,864409,3,170978644093
2.0,5.0,92.0,21.0,6.0,1.0,3.0,5.0,76.0,67.0,47.0,276.0,379.0,87.3771446821602,0.0,0.0,1067.3771446821602,17,097,864410,1,170978644101
76.0,2.0,1.0,84.0,0.0,32.0,2.0,6.0,48.0,53.0,1.0,362.0,364.0,101.45888781994142,0.0,0.0,1132.4588878199415,17,097,864410,2,170978644102
0.0,0.0,4.0,5.0,0.0,0.0,7.0,8.0,2.0,3.0,21.0,10.0,35.0,79.31616816918026,0.0,0.0,174.31616816918026,17,097,864410,3,170978644103
25.0,3.0,0.0,1.0,7.0,5.0,74.0,32.0,25.0,13.0,2.0,265.0,192.0,93.0,0.0,0.0,737.0,17,097,864411,1,170978644111
0.0,1.0,28.0,4.0,4.0,14.0,29.0,2.0,0.0,93.0,0.0,341.0,235.0,74.59152492226193,0.0,0.0,825.5915249222619,17,097,864411,2,170978644112
13.0,1.0,4.0,2.0,1.0,25.0,1.0,0.0,5.0,63.0,49.0,110.0,85.0,95.20357585815712,0.0,0.0,454.20357585815714,17,097,864411,3,170978644113
6.0,1.0,38.0,67.0,1.0,1.0,11.0,26.0,51.0,33.0,83.0,236.0,319.0,97.72428233016639,0.0,0.0,970.7242823301664,17,097,864412,1,170978644121
4.0,0.0,17.0,10.0,15.0,99.0,20.0,52.0,74.0,94.0,179.0,362.0,300.0,114.40787354981816,0.0,0.0,1340.407873549818,17,097,864412,2,170978644122
3.0,0.0,3.0,2.0,11.0,0.0,6.0,3.0,1.0,0.0,0.0,250.0,235.0,109.1121110886872,0.0,0.0,623.1121110886872,17,097,864505,1,170978645051
8.0,9.0,30.0,32.0,95.0,3.0,105.0,0.0,88.0,155.0,120.0,432.0,92.0,96.15280219920183,0.0,0.0,1265.152802199202,17,097,864505,2,170978645052
147.0,16.0,64.0,61.0,52.0,85.0,24.0,103.0,21.0,183.0,52.0,546.0,417.0,88.67338836562712,0.0,0.0,1859.673388365627,17,097,864505,3,170978645053
68.0,4.0,25.0,1.0,24.0,66.0,4.0,5.0,74.0,172.0,125.0,233.0,148.0,81.10190823466255,0.0,0.0,1030.1019082346625,17,097,864505,4,170978645054
1.0,4.0,26.0,86.0,58.0,90.0,62.0,59.0,1.0,185.0,208.0,388.0,198.0,92.9181365566348,0.0,0.0,1458.9181365566349,17,097,864510,1,170978645101
18.0,4.0,76.0,232.0,65.0,116.0,127.0,35.0,107.0,272.0,294.0,450.0,371.0,78.95894797273341,0.0,0.0,2245.9589479727333,17,097,864510,2,170978645102
9.0,1.0,3.0,0.0,6.0,1.0,134.0,2.0,0.0,0.0,1.0,5.0,178.0,113.6325769495285,0.0,0.0,453.6325769495285,17,097,864511,1,170978645111
82.0,192.0,66.0,187.0,194.0,23.0,366.0,132.0,3.0,98.0,216.0,163.0,236.0,104.30596531515562,0.0,0.0,2062.3059653151554,17,097,864511,2,170978645112
0.0,3.0,0.0,6.0,1.0,5.0,21.0,148.0,1.0,60.0,0.0,89.0,77.0,79.1121110886872,0.0,0.0,490.1121110886872,17,097,864511,3,170978645113
7.0,26.0,1.0,9.0,13.0,36.0,3.0,2.0,4.0,6.0,101.0,322.0,239.0,117.47929352799073,0.0,0.0,886.4792935279908,17,097,864511,4,170978645114
71.0,1.0,0.0,84.0,0.0,34.0,7.0,5.0,44.0,19.0,8.0,177.0,252.0,118.40799385540214,0.0,0.0,820.4079938554022,17,097,864512,1,170978645121
78.0,29.0,5.0,0.0,54.0,212.0,14.0,129.0,1.0,25.0,114.0,245.0,167.0,115.66306520601847,0.0,0.0,1188.6630652060185,17,097,864512,2,170978645122
1.0,0.0,17.0,0.0,34.0,75.0,2.0,2.0,4.0,2.0,4.0,97.0,216.0,112.53042810369799,0.0,0.0,566.530428103698,17,097,864513,1,170978645131
0.0,36.0,20.0,56.0,20.0,0.0,21.0,8.0,0.0,14.0,81.0,206.0,188.0,89.8977308485855,0.0,0.0,739.8977308485855,17,097,864513,2,170978645132
2.0,5.0,1.0,2.0,7.0,3.0,16.0,39.0,0.0,61.0,69.0,180.0,177.0,94.31616816918026,0.0,0.0,656.3161681691803,17,097,864513,3,170978645133
3.0,0.0,8.0,4.0,2.0,16.0,2.0,24.0,52.0,44.0,83.0,113.0,275.0,97.7854994543143,0.0,0.0,723.7854994543143,17,097,864513,4,170978645134
38.0,11.0,2.0,4.0,0.0,70.0,172.0,36.0,0.0,47.0,282.0,354.0,273.0,103.44856466033278,0.0,0.0,1392.4485646603327,17,097,864514,1,170978645141
7.0,0.0,8.0,37.0,0.0,0.0,0.0,7.0,3.0,89.0,60.0,152.0,108.0,104.35685927969489,0.0,0.0,575.3568592796948,17,097,864515,1,170978645151
2.0,17.0,1.0,17.0,14.0,0.0,6.0,9.0,7.0,2.0,114.0,216.0,180.0,106.7446880382157,0.0,0.0,691.7446880382157,17,097,864515,2,170978645152
13.0,0.0,1.0,26.0,0.0,3.0,1.0,91.0,50.0,0.0,5.0,120.0,260.0,88.13251679673651,0.0,0.0,658.1325167967365,17,097,864516,1,170978645161
0.0,1.0,2.0,23.0,20.0,2.0,26.0,96.0,68.0,8.0,127.0,103.0,213.0,73.0712996725886,0.0,0.0,762.0712996725886,17,097,864516,2,170978645162
59.0,4.0,5.0,83.0,59.0,54.0,0.0,12.0,20.0,178.0,218.0,148.0,248.0,89.19373392088443,0.0,0.0,1177.1937339208844,17,097,864516,3,170978645163
0.0,0.0,12.0,0.0,35.0,6.0,55.0,69.0,2.0,63.0,225.0,88.0,187.0,85.97923337519873,0.0,0.0,827.9792333751988,17,097,864517,1,170978645171
78.0,1.0,5.0,18.0,0.0,28.0,6.0,12.0,0.0,71.0,31.0,96.0,315.0,102.62237409550384,0.0,0.0,763.6223740955038,17,097,864517,2,170978645172
17.0,1.0,1.0,4.0,2.0,67.0,14.0,15.0,6.0,159.0,226.0,84.0,117.0,118.51002239564868,0.0,0.0,831.5100223956487,17,097,864518,1,170978645181
26.0,8.0,10.0,1.0,6.0,26.0,65.0,120.0,11.0,70.0,121.0,236.0,361.0,102.86712228651155,0.0,0.0,1163.8671222865116,17,097,864518,2,170978645182
3.0,0.0,0.0,5.0,19.0,13.0,4.0,76.0,40.0,22.0,12.0,95.0,157.0,99.08150252661324,0.0,0.0,545.0815025266132,17,097,864518,3,170978645183
0.0,4.0,0.0,5.0,69.0,5.0,3.0,2.0,25.0,86.0,47.0,386.0,211.0,81.84683688404621,0.0,0.0,924.8468368840462,17,097,864518,4,170978645184
72.0,32.0,11.0,4.0,29.0,75.0,5.0,55.0,134.0,229.0,72.0,351.0,232.0,92.42815895228348,0.0,0.0,1393.4281589522834,17,097,864519,1,170978645191
45.0,24.0,6.0,69.0,4.0,7.0,84.0,73.0,39.0,120.0,162.0,311.0,242.0,91.86688167534356,0.0,0.0,1277.8668816753436,17,097,864519,2,170978645192
41.0,3.0,21.0,0.0,6.0,52.0,17.0,34.0,5.0,104.0,282.0,219.0,183.0,75.32625071762094,0.0,0.0,1042.326250717621,17,097,864520,1,170978645201
40.0,1.0,6.0,7.0,3.0,17.0,19.0,94.0,39.0,38.0,101.0,35.0,140.0,110.32637102320491,0.0,0.0,650.326371023205,17,097,864520,2,170978645202
1.0,5.0,46.0,20.0,7.0,6.0,38.0,1.0,53.0,89.0,142.0,185.0,257.0,104.75489089224035,0.0,0.0,954.7548908922404,17,097,864520,3,170978645203
17.0,38.0,86.0,71.0,108.0,150.0,94.0,78.0,82.0,250.0,122.0,363.0,59.0,92.72440263575038,0.0,0.0,1610.7244026357503,17,097,864521,1,170978645211
9.0,0.0,3.0,0.0,30.0,1.0,14.0,57.0,51.0,61.0,80.0,172.0,186.0,82.12231394271186,0.0,0.0,746.1223139427118,17,097,864522,1,170978645221
18.0,7.0,1.0,0.0,0.0,1.0,1.0,1.0,8.0,62.0,45.0,1.0,260.0,88.7856197598983,0.0,0.0,493.7856197598983,17,097,864522,2,170978645222
17.0,11.0,1.0,8.0,3.0,65.0,17.0,33.0,10.0,77.0,116.0,10.0,253.0,87.48973699318336,0.0,0.0,708.4897369931833,17,097,864522,3,170978645223
5.0,3.0,1.0,3.0,1.0,6.0,1.0,1.0,24.0,15.0,6.0,122.0,137.0,89.24474819100769,0.0,0.0,414.2447481910077,17,097,864601,1,170978646011
2.0,3.0,59.0,32.0,8.0,9.0,14.0,3.0,18.0,56.0,38.0,301.0,158.0,90.96915082675807,0.0,0.0,791.9691508267581,17,097,864601,2,170978646012
6.0,20.0,31.0,51.0,8.0,2.0,1.0,66.0,10.0,53.0,75.0,129.0,173.0,86.9386625702681,0.0,0.0,711.9386625702681,17,097,864602,1,170978646021
1.0,4.0,119.0,66.0,11.0,0.0,3.0,0.0,16.0,60.0,31.0,122.0,122.0,80.48973699318336,0.0,0.0,635.4897369931833,17,097,864602,2,170978646022
2.0,3.0,5.0,8.0,2.0,18.0,26.0,18.0,1.0,25.0,47.0,4.0,52.0,101.75501119782433,0.0,0.0,312.75501119782433,17,097,864700,1,170978647001
1.0,5.0,1.0,0.0,0.0,0.0,0.0,17.0,13.0,1.0,11.0,115.0,60.0,79.5916452278459,0.0,0.0,303.5916452278459,17,097,864700,2,170978647002
0.0,4.0,29.0,56.0,0.0,6.0,11.0,25.0,71.0,12.0,12.0,102.0,161.0,79.6325769495285,0.0,0.0,568.6325769495285,17,097,864700,3,170978647003
46.0,5.0,1.0,29.0,2.0,26.0,24.0,37.0,1.0,53.0,43.0,50.0,74.0,90.8264311759969,0.0,0.0,481.8264311759969,17,097,864801,1,170978648011
4.0,2.0,0.0,1.0,1.0,5.0,1.0,65.0,19.0,20.0,73.0,312.0,154.0,105.27535675308165,0.0,0.0,762.2753567530816,17,097,864801,2,170978648012
2.0,5.0,1.0,1.0,38.0,12.0,50.0,23.0,8.0,87.0,80.0,88.0,114.0,102.28555960710631,0.0,0.0,611.2855596071063,17,097,864801,3,170978648013
0.0,1.0,1.0,15.0,0.0,0.0,46.0,5.0,29.0,49.0,90.0,154.0,145.0,109.86724259209552,0.0,0.0,644.8672425920955,17,097,864801,4,170978648014
24.0,4.0,1.0,14.0,26.0,4.0,88.0,1.0,8.0,80.0,203.0,121.0,185.0,105.64253919238519,0.0,0.0,864.6425391923851,17,097,864802,1,170978648021
31.0,56.0,1.0,2.0,82.0,18.0,4.0,69.0,20.0,96.0,64.0,278.0,253.0,95.265153899057,0.0,0.0,1069.265153899057,17,097,864901,1,170978649011
1.0,14.0,6.0,40.0,56.0,13.0,72.0,56.0,6.0,39.0,58.0,187.0,76.0,99.38758814735283,0.0,0.0,723.3875881473529,17,097,864901,2,170978649012
3.0,9.0,83.0,11.0,5.0,38.0,19.0,2.0,4.0,82.0,131.0,209.0,272.0,92.5916452278459,0.0,0.0,960.5916452278459,17,097,864903,1,170978649031
2.0,1.0,8.0,12.0,7.0,1.0,3.0,10.0,1.0,46.0,7.0,75.0,126.0,110.69367376809242,0.0,0.0,409.6936737680924,17,097,864903,2,170978649032
20.0,2.0,30.0,10.0,32.0,37.0,2.0,77.0,63.0,33.0,77.0,52.0,157.0,100.99987969441602,0.0,0.0,692.999879694416,17,097,864903,3,170978649033
1.0,114.0,55.0,77.0,9.0,65.0,7.0,124.0,98.0,138.0,148.0,373.0,239.0,96.94874511870876,0.0,0.0,1544.9487451187088,17,097,864904,1,170978649041
13.0,0.0,1.0,4.0,2.0,23.0,1.0,40.0,0.0,43.0,147.0,119.0,166.0,99.35709989086286,0.0,0.0,658.3570998908629,17,097,865000,1,170978650001
13.0,75.0,37.0,110.0,11.0,1.0,25.0,1.0,32.0,62.0,175.0,130.0,276.0,91.0,0.0,0.0,1039.0,17,097,865200,1,170978652001
163.0,0.0,2.0,39.0,2.0,96.0,332.0,51.0,20.0,202.0,96.0,114.0,11.0,85.25507135061633,0.0,0.0,1213.2550713506164,17,097,865200,2,170978652002
102.0,10.0,58.0,4.0,134.0,6.0,9.0,91.0,0.0,70.0,79.0,381.0,30.0,104.76509374626501,0.0,0.0,1078.765093746265,17,097,865200,3,170978652003
125.0,2.0,87.0,117.0,45.0,70.0,301.0,12.0,6.0,279.0,142.0,106.0,112.0,92.05089396453928,0.0,0.0,1496.0508939645392,17,097,865200,4,170978652004
5.0,7.0,20.0,15.0,25.0,27.0,66.0,4.0,4.0,76.0,35.0,104.0,334.0,97.1121110886872,0.0,0.0,819.1121110886872,17,097,865300,1,170978653001
5.0,1.0,0.0,3.0,3.0,0.0,1.0,1.0,0.0,20.0,61.0,31.0,59.0,93.06109681856393,0.0,0.0,278.06109681856395,17,097,865300,2,170978653002
2.0,0.0,3.0,78.0,7.0,3.0,11.0,4.0,0.0,6.0,2.0,15.0,212.0,100.89785115416949,0.0,0.0,443.8978511541695,17,097,865300,3,170978653003
37.0,0.0,0.0,126.0,77.0,15.0,55.0,30.0,33.0,33.0,53.0,136.0,195.0,95.48973699318336,0.0,0.0,885.4897369931833,17,097,865400,1,170978654001
76.0,67.0,6.0,4.0,3.0,15.0,84.0,50.0,1.0,20.0,99.0,58.0,80.0,89.3060856207396,0.0,0.0,652.3060856207396,17,097,865400,2,170978654002
14.0,52.0,37.0,180.0,65.0,26.0,56.0,25.0,68.0,74.0,273.0,390.0,232.0,80.18353106685977,0.0,0.0,1572.1835310668598,17,097,865400,3,170978654003
5.0,33.0,11.0,4.0,7.0,3.0,40.0,42.0,3.0,23.0,115.0,134.0,116.0,101.20393677490908,0.0,0.0,637.203936774909,17,097,865501,1,170978655011
19.0,27.0,6.0,14.0,4.0,21.0,6.0,55.0,0.0,14.0,59.0,137.0,226.0,93.97947398636671,0.0,0.0,681.9794739863667,17,097,865501,2,170978655012
50.0,6.0,59.0,57.0,13.0,104.0,20.0,90.0,12.0,47.0,27.0,97.0,101.0,89.77541690587364,0.0,0.0,772.7754169058736,17,097,865502,1,170978655021
4.0,1.0,5.0,2.0,1.0,3.0,4.0,55.0,63.0,18.0,141.0,70.0,148.0,97.61217124147919,0.0,0.0,612.6121712414792,17,097,865502,2,170978655022
3.0,1.0,5.0,0.0,2.0,2.0,1.0,15.0,4.0,51.0,6.0,4.0,9.0,103.66306520601847,0.0,0.0,206.66306520601847,17,097,865600,1,170978656001
2.0,0.0,1.0,7.0,0.0,0.0,23.0,1.0,42.0,7.0,8.0,0.0,41.0,100.18365137244376,0.0,0.0,232.18365137244376,17,097,865600,2,170978656002
38.0,15.0,4.0,0.0,4.0,49.0,3.0,81.0,1.0,0.0,16.0,36.0,47.0,92.87744544612018,0.0,0.0,386.8774454461202,17,097,865600,3,170978656003
6.0,0.0,6.0,109.0,16.0,7.0,4.0,1.0,6.0,60.0,37.0,40.0,39.0,85.40799385540214,0.0,0.0,416.40799385540214,17,097,865600,4,170978656004
14.0,54.0,23.0,139.0,0.0,40.0,1.0,68.0,29.0,21.0,88.0,182.0,117.0,93.37750559891217,0.0,0.0,869.3775055989122,17,097,865700,1,170978657001
29.0,2.0,9.0,3.0,28.0,140.0,3.0,34.0,35.0,132.0,167.0,46.0,38.0,100.91801625105082,0.0,0.0,766.9180162510509,17,097,865700,2,170978657002
39.0,16.0,9.0,164.0,90.0,91.0,1.0,106.0,69.0,104.0,75.0,171.0,315.0,104.91825686221878,0.0,0.0,1354.9182568622189,17,097,865700,3,170978657003
62.0,3.0,10.0,2.0,18.0,10.0,4.0,7.0,25.0,74.0,89.0,160.0,142.0,89.16324566439445,0.0,0.0,695.1632456643945,17,097,865801,1,170978658011
6.0,46.0,73.0,5.0,2.0,38.0,6.0,87.0,7.0,69.0,3.0,342.0,447.0,84.04069111051463,0.0,0.0,1215.0406911105147,17,097,865801,2,170978658012
2.0,5.0,1.0,0.0,5.0,0.0,76.0,14.0,35.0,47.0,6.0,7.0,37.0,94.4387227230601,0.0,0.0,329.4387227230601,17,097,865801,3,170978658013
6.0,0.0,9.0,3.0,13.0,21.0,0.0,5.0,11.0,30.0,6.0,34.0,33.0,99.29588276671494,0.0,0.0,270.29588276671495,17,097,865802,1,170978658021
0.0,10.0,4.0,21.0,3.0,80.0,96.0,49.0,28.0,49.0,88.0,92.0,90.0,88.4181967094268,0.0,0.0,698.4181967094268,17,097,865802,2,170978658022
66.0,34.0,112.0,17.0,2.0,141.0,19.0,307.0,61.0,505.0,513.0,803.0,534.0,100.45888781994142,0.0,0.0,3214.4588878199415,17,097,866000,1,170978660001
0.0,8.0,44.0,26.0,7.0,76.0,2.0,2.0,32.0,49.0,63.0,44.0,107.0,95.64265949796916,0.0,0.0,555.6426594979691,17,097,866000,2,170978660002
0.0,1.0,5.0,4.0,58.0,1.0,3.0,60.0,26.0,27.0,154.0,107.0,62.0,92.48961668759937,0.0,0.0,600.4896166875993,17,097,866000,3,170978660003
93.0,182.0,153.0,239.0,120.0,361.0,135.0,0.0,223.0,121.0,139.0,108.0,5.0,89.22446278854237,0.0,0.0,1968.2244627885423,17,097,866100,1,170978661001
95.0,6.0,120.0,204.0,163.0,0.0,80.0,120.0,55.0,7.0,131.0,177.0,47.0,90.28567991269028,0.0,0.0,1295.2856799126903,17,097,866100,2,170978661002
97.0,125.0,76.0,89.0,60.0,254.0,17.0,19.0,49.0,125.0,201.0,174.0,348.0,91.8264311759969,0.0,0.0,1725.826431175997,17,097,866200,1,170978662001
5.0,0.0,0.0,2.0,6.0,0.0,0.0,7.0,38.0,5.0,31.0,56.0,34.0,86.90805400819414,0.0,0.0,270.90805400819414,17,097,866200,2,170978662002
0.0,1.0,12.0,5.0,43.0,25.0,5.0,14.0,29.0,34.0,33.0,92.0,98.0,112.84683688404621,0.0,0.0,503.8468368840462,17,097,866200,3,170978662003
61.0,87.0,84.0,75.0,124.0,205.0,75.0,120.0,203.0,223.0,199.0,386.0,241.0,91.42839956345145,0.0,0.0,2174.4283995634514,17,111,870101,1,171118701011
80.0,14.0,47.0,69.0,105.0,123.0,28.0,53.0,26.0,188.0,70.0,227.0,243.0,91.79570230833897,0.0,0.0,1364.795702308339,17,111,870101,2,171118701012
18.0,8.0,7.0,2.0,125.0,2.0,0.0,83.0,26.0,136.0,42.0,153.0,132.0,106.24474819100769,0.0,0.0,840.2447481910077,17,111,870101,3,171118701013
75.0,1.0,96.0,87.0,45.0,61.0,33.0,39.0,51.0,82.0,90.0,133.0,112.0,73.40811416098613,0.0,0.0,978.4081141609861,17,111,870101,4,171118701014
3.0,42.0,26.0,81.0,23.0,39.0,195.0,68.0,2.0,71.0,312.0,77.0,312.0,104.26527420464097,0.0,0.0,1355.265274204641,17,111,870102,1,171118701021
4.0,52.0,29.0,124.0,80.0,0.0,51.0,45.0,104.0,9.0,312.0,128.0,645.0,108.9689102155901,0.0,0.0,1691.96891021559,17,111,870102,2,171118701022
10.0,89.0,42.0,47.0,12.0,55.0,47.0,77.0,0.0,76.0,247.0,556.0,227.0,106.93854226468412,0.0,0.0,1591.9385422646842,17,111,870102,3,171118701023
204.0,34.0,13.0,0.0,55.0,142.0,130.0,83.0,152.0,647.0,347.0,288.0,337.0,93.66318551160245,0.0,0.0,2525.6631855116025,17,111,870200,1,171118702001
32.0,18.0,0.0,45.0,27.0,0.0,84.0,3.0,0.0,63.0,179.0,184.0,94.0,86.56115697135593,0.0,0.0,815.5611569713559,17,111,870200,2,171118702002
10.0,22.0,1.0,189.0,3.0,315.0,68.0,0.0,64.0,154.0,29.0,423.0,154.0,104.10190823466255,0.0,0.0,1536.1019082346625,17,111,870200,3,171118702003
12.0,5.0,3.0,17.0,41.0,37.0,46.0,56.0,3.0,137.0,117.0,112.0,15.0,95.0,0.0,0.0,696.0,17,111,870200,4,171118702004
0.0,126.0,113.0,64.0,425.0,191.0,130.0,43.0,91.0,201.0,81.0,289.0,303.0,90.49993984720801,0.0,0.0,2147.499939847208,17,111,870301,1,171118703011
5.0,1.0,2.0,3.0,144.0,51.0,3.0,27.0,19.0,69.0,1.0,117.0,89.0,103.1938542264684,0.0,0.0,634.1938542264684,17,111,870301,2,171118703012
227.0,30.0,3.0,96.0,313.0,84.0,20.0,39.0,140.0,40.0,416.0,80.0,62.0,91.67338836562712,0.0,0.0,1641.673388365627,17,111,870301,3,171118703013
256.0,4.0,66.0,96.0,1.0,191.0,167.0,113.0,84.0,150.0,418.0,195.0,59.0,85.0,0.0,0.0,1885.0,17,111,870302,1,171118703021
36.0,38.0,100.0,26.0,178.0,43.0,2.0,1.0,38.0,2.0,67.0,341.0,58.0,99.69379407367641,0.0,0.0,1029.6937940736764,17,111,870302,2,171118703022
84.0,45.0,21.0,20.0,325.0,74.0,53.0,41.0,1.0,114.0,26.0,5.0,94.0,96.0,0.0,0.0,999.0,17,111,870302,3,171118703023
120.0,200.0,94.0,111.0,177.0,67.0,73.0,171.0,90.0,285.0,81.0,996.0,302.0,92.88752799456084,0.0,0.0,2859.887527994561,17,111,870401,1,171118704011
23.0,1.0,197.0,4.0,23.0,47.0,62.0,115.0,66.0,100.0,316.0,298.0,479.0,98.27535675308165,0.0,0.0,1829.2753567530817,17,111,870401,2,171118704012
0.0,5.0,30.0,21.0,0.0,64.0,24.0,136.0,184.0,0.0,240.0,641.0,377.0,86.4484443547488,0.0,0.0,1808.4484443547487,17,111,870401,3,171118704013
365.0,158.0,168.0,204.0,101.0,236.0,230.0,47.0,2.0,395.0,327.0,616.0,277.0,87.67338836562712,0.0,0.0,3213.673388365627,17,111,870402,1,171118704021
5.0,33.0,118.0,15.0,95.0,6.0,58.0,47.0,76.0,454.0,251.0,473.0,101.0,92.86712228651155,0.0,0.0,1824.8671222865116,17,111,870402,2,171118704022
1.0,2.0,0.0,121.0,3.0,30.0,47.0,1.0,51.0,1.0,262.0,254.0,517.0,93.51998463850535,0.0,0.0,1383.5199846385053,17,111,870500,1,171118705001
162.0,0.0,15.0,5.0,115.0,112.0,28.0,1.0,0.0,59.0,283.0,206.0,180.0,106.0,0.0,0.0,1272.0,17,111,870500,2,171118705002
52.0,25.0,54.0,86.0,75.0,8.0,76.0,30.0,20.0,40.0,84.0,237.0,253.0,84.7038766221171,0.0,0.0,1124.7038766221171,17,111,870500,3,171118705003
2.0,0.0,27.0,217.0,55.0,2.0,1.0,43.0,2.0,162.0,126.0,196.0,33.0,104.35709989086286,0.0,0.0,970.3570998908629,17,111,870500,4,171118705004
19.0,76.0,17.0,109.0,194.0,32.0,11.0,44.0,38.0,67.0,37.0,309.0,181.0,88.0,0.0,0.0,1222.0,17,111,870500,5,171118705005
53.0,2.0,9.0,1.0,21.0,46.0,4.0,0.0,1.0,17.0,92.0,26.0,81.0,95.0,0.0,0.0,448.0,17,111,870500,6,171118705006
4.0,2.0,1.0,17.0,90.0,73.0,14.0,3.0,17.0,0.0,45.0,105.0,47.0,95.0,0.0,0.0,513.0,17,111,870500,7,171118705007
53.0,50.0,164.0,296.0,106.0,251.0,100.0,111.0,128.0,164.0,263.0,470.0,260.0,99.88764830014483,0.0,0.0,2515.887648300145,17,111,870603,1,171118706031
2.0,81.0,55.0,0.0,82.0,33.0,84.0,48.0,39.0,158.0,422.0,475.0,288.0,102.0,0.0,0.0,1869.0,17,111,870603,2,171118706032
146.0,1.0,0.0,88.0,20.0,3.0,154.0,142.0,28.0,135.0,181.0,220.0,491.0,90.91825686221878,0.0,0.0,1699.9182568622189,17,111,870604,1,171118706041
89.0,85.0,259.0,68.0,83.0,4.0,31.0,87.0,91.0,345.0,162.0,387.0,231.0,100.4795341391587,0.0,0.0,2022.4795341391587,17,111,870604,2,171118706042
44.0,75.0,83.0,80.0,18.0,220.0,1.0,22.0,27.0,231.0,52.0,190.0,200.0,86.91825686221878,0.0,0.0,1329.9182568622189,17,111,870604,3,171118706043
114.0,154.0,82.0,137.0,79.0,112.0,200.0,95.0,107.0,170.0,326.0,689.0,222.0,93.91825686221878,0.0,0.0,2580.9182568622186,17,111,870605,1,171118706051
117.0,17.0,128.0,301.0,137.0,247.0,145.0,324.0,74.0,211.0,507.0,827.0,195.0,94.36730274488752,0.0,0.0,3324.3673027448876,17,111,870605,2,171118706052
44.0,47.0,64.0,58.0,83.0,107.0,89.0,89.0,25.0,80.0,100.0,19.0,53.0,91.765214051849,0.0,0.0,949.765214051849,17,111,870606,1,171118706061
119.0,239.0,244.0,252.0,172.0,19.0,43.0,34.0,14.0,91.0,185.0,414.0,106.0,107.4181967094268,0.0,0.0,2039.4181967094269,17,111,870606,2,171118706062
3.0,23.0,36.0,160.0,1.0,7.0,42.0,65.0,2.0,72.0,225.0,219.0,128.0,106.28555960710631,0.0,0.0,1089.2855596071063,17,111,870606,3,171118706063
40.0,0.0,54.0,58.0,23.0,26.0,2.0,71.0,25.0,134.0,155.0,123.0,150.0,100.02028540246532,0.0,0.0,961.0202854024653,17,111,870702,1,171118707021
68.0,65.0,13.0,49.0,5.0,3.0,160.0,2.0,6.0,246.0,187.0,432.0,267.0,102.15280219920183,0.0,0.0,1605.152802199202,17,111,870702,2,171118707022
1.0,2.0,223.0,16.0,13.0,4.0,148.0,18.0,172.0,6.0,46.0,129.0,185.0,104.31628847476425,0.0,0.0,1067.3162884747642,17,111,870702,3,171118707023
150.0,1.0,112.0,17.0,5.0,89.0,111.0,134.0,123.0,321.0,261.0,728.0,281.0,96.29588276671494,0.0,0.0,2429.295882766715,17,111,870702,4,171118707024
34.0,5.0,2.0,0.0,2.0,1.0,1.0,16.0,8.0,36.0,3.0,183.0,47.0,94.41831701501079,0.0,0.0,432.41831701501076,17,111,870703,1,171118707031
1.0,26.0,141.0,102.0,53.0,77.0,37.0,86.0,40.0,243.0,321.0,396.0,309.0,84.18304984452384,0.0,0.0,1916.1830498445238,17,111,870703,2,171118707032
27.0,3.0,25.0,32.0,10.0,31.0,72.0,158.0,78.0,83.0,134.0,317.0,215.0,100.83639341885359,0.0,0.0,1285.8363934188535,17,111,870703,3,171118707033
5.0,2.0,4.0,33.0,27.0,4.0,15.0,101.0,1.0,84.0,29.0,256.0,55.0,78.66318551160245,0.0,0.0,694.6631855116025,17,111,870704,1,171118707041
3.0,1.0,2.0,30.0,61.0,51.0,49.0,8.0,47.0,123.0,25.0,94.0,150.0,100.96927113234206,0.0,0.0,744.9692711323421,17,111,870704,2,171118707042
0.0,117.0,183.0,0.0,13.0,75.0,1.0,49.0,0.0,254.0,135.0,244.0,135.0,120.20405708049307,0.0,0.0,1326.2040570804932,17,111,870704,3,171118707043
8.0,2.0,7.0,48.0,7.0,3.0,7.0,1.0,5.0,53.0,101.0,203.0,33.0,99.4387227230601,0.0,0.0,577.4387227230601,17,111,870704,4,171118707044
4.0,1.0,3.0,3.0,6.0,42.0,110.0,48.0,0.0,164.0,289.0,153.0,248.0,83.8977308485855,0.0,0.0,1154.8977308485855,17,111,870803,1,171118708031
1.0,1.0,1.0,1.0,1.0,64.0,2.0,39.0,35.0,135.0,71.0,253.0,6.0,94.65274204640983,0.0,0.0,704.6527420464098,17,111,870803,2,171118708032
3.0,22.0,0.0,1.0,3.0,1.0,3.0,21.0,23.0,131.0,105.0,171.0,171.0,90.7037563165331,0.0,0.0,745.7037563165331,17,111,870803,3,171118708033
53.0,74.0,150.0,142.0,0.0,187.0,50.0,77.0,251.0,95.0,222.0,351.0,255.0,99.57123951979659,0.0,0.0,2006.5712395197966,17,111,870803,4,171118708034
99.0,60.0,35.0,55.0,6.0,76.0,102.0,28.0,77.0,58.0,289.0,102.0,185.0,104.265153899057,0.0,0.0,1276.265153899057,17,111,870807,1,171118708071
131.0,11.0,4.0,172.0,311.0,144.0,2.0,85.0,325.0,221.0,279.0,578.0,470.0,100.295401544379,0.0,0.0,2833.295401544379,17,111,870807,2,171118708072
1.0,13.0,9.0,74.0,75.0,89.0,30.0,52.0,67.0,118.0,102.0,295.0,282.0,79.68335060848379,0.0,0.0,1286.6833506084838,17,111,870808,1,171118708081
5.0,1.0,60.0,105.0,13.0,13.0,33.0,109.0,71.0,105.0,107.0,255.0,154.0,103.25495104503234,0.0,0.0,1134.2549510450324,17,111,870808,2,171118708082
138.0,100.0,3.0,127.0,75.0,74.0,35.0,244.0,114.0,494.0,296.0,976.0,618.0,108.16300505322648,0.0,0.0,3402.1630050532267,17,111,870809,1,171118708091
293.0,220.0,117.0,115.0,50.0,30.0,84.0,13.0,81.0,190.0,124.0,232.0,456.0,93.81610801638827,0.0,0.0,2098.816108016388,17,111,870809,2,171118708092
14.0,5.0,2.0,46.0,3.0,1.0,1.0,89.0,12.0,62.0,68.0,202.0,99.0,87.46933128513405,0.0,0.0,691.4693312851341,17,111,870810,1,171118708101
187.0,1.0,37.0,12.0,13.0,65.0,70.0,88.0,0.0,18.0,147.0,248.0,391.0,94.36718243930353,0.0,0.0,1371.3671824393036,17,111,870810,2,171118708102
1.0,11.0,54.0,79.0,90.0,10.0,2.0,2.0,32.0,72.0,216.0,306.0,178.0,100.9386625702681,0.0,0.0,1153.9386625702682,17,111,870810,3,171118708103
3.0,4.0,12.0,36.0,78.0,232.0,80.0,115.0,67.0,389.0,110.0,269.0,208.0,88.3977910013775,0.0,0.0,1691.3977910013775,17,111,870811,1,171118708111
8.0,37.0,7.0,110.0,22.0,27.0,51.0,54.0,21.0,88.0,113.0,124.0,224.0,89.23466564256702,0.0,0.0,975.234665642567,17,111,870811,2,171118708112
39.0,75.0,133.0,23.0,29.0,4.0,99.0,18.0,51.0,53.0,230.0,289.0,98.0,98.0,0.0,0.0,1239.0,17,111,870811,3,171118708113
10.0,4.0,2.0,65.0,51.0,70.0,0.0,115.0,13.0,68.0,63.0,220.0,156.0,95.17344851841911,0.0,0.0,932.1734485184191,17,111,870812,1,171118708121
56.0,18.0,3.0,0.0,13.0,9.0,89.0,9.0,121.0,63.0,80.0,181.0,159.0,86.9386625702681,0.0,0.0,887.9386625702681,17,111,870812,2,171118708122
22.0,4.0,80.0,3.0,59.0,2.0,13.0,33.0,18.0,68.0,137.0,129.0,164.0,95.75501119782433,0.0,0.0,827.7550111978244,17,111,870812,3,171118708123
9.0,0.0,14.0,100.0,4.0,8.0,13.0,31.0,72.0,435.0,152.0,299.0,202.0,99.96927113234206,0.0,0.0,1438.969271132342,17,111,870812,4,171118708124
58.0,45.0,4.0,115.0,20.0,24.0,3.0,100.0,32.0,70.0,97.0,149.0,345.0,105.84671657846224,0.0,0.0,1167.8467165784623,17,111,870902,1,171118709021
6.0,32.0,195.0,67.0,37.0,182.0,0.0,140.0,17.0,233.0,297.0,847.0,285.0,85.49993984720801,0.0,0.0,2423.499939847208,17,111,870902,2,171118709022
327.0,149.0,45.0,90.0,128.0,118.0,23.0,53.0,49.0,100.0,660.0,195.0,386.0,86.3977910013775,0.0,0.0,2409.3977910013773,17,111,870902,3,171118709023
37.0,122.0,59.0,94.0,2.0,56.0,84.0,81.0,218.0,91.0,85.0,215.0,65.0,104.22446278854237,0.0,0.0,1313.2244627885423,17,111,870903,1,171118709031
59.0,2.0,10.0,20.0,60.0,1.0,4.0,78.0,84.0,22.0,57.0,62.0,66.0,79.0,0.0,0.0,604.0,17,111,870903,2,171118709032
21.0,1.0,2.0,5.0,72.0,97.0,125.0,110.0,25.0,0.0,120.0,33.0,127.0,114.1938542264684,0.0,0.0,852.1938542264684,17,111,870903,3,171118709033
83.0,2.0,3.0,7.0,7.0,4.0,39.0,48.0,3.0,28.0,105.0,70.0,73.0,83.0,0.0,0.0,555.0,17,111,870904,1,171118709041
23.0,60.0,50.0,120.0,66.0,84.0,72.0,101.0,64.0,155.0,257.0,124.0,305.0,95.49969923604004,0.0,0.0,1576.49969923604,17,111,870904,2,171118709042
147.0,0.0,0.0,244.0,71.0,74.0,43.0,97.0,22.0,57.0,257.0,292.0,185.0,94.48973699318336,0.0,0.0,1583.4897369931834,17,111,870904,3,171118709043
181.0,56.0,68.0,195.0,117.0,33.0,106.0,80.0,238.0,349.0,222.0,204.0,233.0,91.45912843110939,0.0,0.0,2173.4591284311095,17,111,870905,1,171118709051
228.0,90.0,75.0,117.0,6.0,172.0,134.0,201.0,231.0,193.0,339.0,247.0,368.0,120.34665642567023,0.0,0.0,2521.34665642567,17,111,870905,2,171118709052
9.0,33.0,2.0,13.0,8.0,4.0,65.0,66.0,0.0,46.0,88.0,68.0,218.0,97.04069111051463,0.0,0.0,717.0406911105147,17,111,871003,1,171118710031
3.0,2.0,59.0,0.0,5.0,9.0,31.0,100.0,34.0,55.0,119.0,115.0,101.0,88.13263710232049,0.0,0.0,721.1326371023205,17,111,871003,2,171118710032
79.0,4.0,58.0,181.0,83.0,276.0,46.0,42.0,9.0,238.0,242.0,438.0,111.0,80.13251679673651,0.0,0.0,1887.1325167967366,17,111,871003,3,171118710033
158.0,92.0,0.0,157.0,160.0,271.0,5.0,18.0,225.0,426.0,471.0,600.0,223.0,95.1529225047858,0.0,0.0,2901.1529225047857,17,111,871004,1,171118710041
202.0,163.0,62.0,56.0,81.0,24.0,88.0,1.0,136.0,258.0,120.0,276.0,283.0,93.60196838745455,0.0,0.0,1843.6019683874545,17,111,871004,2,171118710042
3.0,0.0,4.0,74.0,3.0,85.0,113.0,246.0,1.0,99.0,43.0,57.0,85.0,104.14283995634514,0.0,0.0,917.1428399563451,17,111,871004,3,171118710043
219.0,3.0,74.0,684.0,149.0,194.0,203.0,3.0,480.0,862.0,499.0,2131.0,1878.0,126.06937478324483,0.0,0.0,7505.069374783245,17,111,871104,1,171118711041
6.0,70.0,36.0,3.0,10.0,7.0,7.0,62.0,4.0,116.0,207.0,281.0,336.0,89.54075126330662,0.0,0.0,1234.5407512633067,17,111,871104,2,171118711042
3.0,2.0,1.0,9.0,85.0,4.0,68.0,0.0,5.0,1.0,177.0,153.0,110.0,103.7038766221171,0.0,0.0,721.703876622117,17,111,871104,3,171118711043
1.0,2.0,244.0,1.0,2.0,65.0,0.0,69.0,40.0,299.0,507.0,422.0,624.0,97.51986433292137,0.0,0.0,2373.5198643329213,17,111,871104,4,171118711044
1.0,1.0,4.0,63.0,2.0,8.0,30.0,96.0,80.0,247.0,241.0,290.0,541.0,87.6014871651186,0.0,0.0,1691.6014871651187,17,111,871105,1,171118711051
0.0,2.0,1.0,68.0,1.0,4.0,33.0,53.0,4.0,155.0,119.0,230.0,200.0,101.7856197598983,0.0,0.0,971.7856197598983,17,111,871105,2,171118711052
7.0,12.0,2.0,150.0,10.0,18.0,0.0,93.0,0.0,14.0,134.0,132.0,89.0,102.38770845293682,0.0,0.0,763.3877084529369,17,111,871105,3,171118711053
1.0,59.0,8.0,2.0,48.0,234.0,29.0,181.0,28.0,402.0,709.0,974.0,851.0,105.75416905873644,0.0,0.0,3631.7541690587364,17,111,871106,1,171118711061
1.0,1.0,139.0,110.0,2.0,0.0,5.0,3.0,39.0,217.0,96.0,154.0,324.0,95.42839956345145,0.0,0.0,1186.4283995634514,17,111,871106,2,171118711062
64.0,54.0,85.0,4.0,3.0,113.0,38.0,5.0,126.0,17.0,188.0,141.0,145.0,90.0,0.0,0.0,1073.0,17,111,871106,3,171118711063
9.0,4.0,1.0,81.0,1.0,17.0,3.0,13.0,256.0,55.0,90.0,328.0,367.0,88.95882766714944,0.0,0.0,1313.9588276671495,17,111,871107,1,171118711071
13.0,0.0,1.0,15.0,15.0,55.0,1.0,61.0,122.0,202.0,308.0,273.0,474.0,109.3363332660616,0.0,0.0,1649.3363332660615,17,111,871107,2,171118711072
15.0,1.0,77.0,45.0,2.0,33.0,64.0,39.0,45.0,344.0,178.0,598.0,729.0,98.27523644749766,0.0,0.0,2268.2752364474977,17,111,871108,1,171118711081
30.0,7.0,0.0,0.0,181.0,0.0,3.0,0.0,42.0,1.0,111.0,407.0,231.0,96.83651372443758,0.0,0.0,1109.8365137244375,17,111,871108,2,171118711082
4.0,4.0,2.0,0.0,2.0,9.0,51.0,51.0,120.0,88.0,407.0,883.0,514.0,95.295521849963,0.0,0.0,2230.295521849963,17,111,871109,1,171118711091
3.0,1.0,2.0,1.0,5.0,8.0,6.0,41.0,4.0,152.0,240.0,502.0,439.0,104.42815895228348,0.0,0.0,1508.4281589522834,17,111,871109,2,171118711092
0.0,5.0,2.0,0.0,74.0,190.0,6.0,73.0,7.0,43.0,156.0,173.0,119.0,65.55095411733127,0.0,0.0,913.5509541173312,17,111,871201,1,171118712011
3.0,50.0,73.0,53.0,64.0,94.0,239.0,80.0,27.0,167.0,277.0,341.0,227.0,107.8060254679476,0.0,0.0,1802.8060254679476,17,111,871201,2,171118712012
9.0,0.0,4.0,14.0,1.0,8.0,0.0,1.0,11.0,46.0,145.0,70.0,12.0,93.0,0.0,0.0,414.0,17,111,871201,3,171118712013
3.0,3.0,68.0,17.0,3.0,30.0,3.0,8.0,70.0,29.0,437.0,865.0,361.0,98.22398156620643,0.0,0.0,1995.2239815662065,17,111,871201,4,171118712014
0.0,11.0,2.0,2.0,68.0,93.0,20.0,54.0,175.0,2.0,173.0,108.0,396.0,95.68359121965176,0.0,0.0,1199.6835912196518,17,111,871202,1,171118712021
60.0,162.0,53.0,195.0,186.0,27.0,119.0,143.0,39.0,242.0,32.0,437.0,261.0,90.08150252661324,0.0,0.0,2046.0815025266133,17,111,871202,2,171118712022
52.0,18.0,2.0,5.0,19.0,24.0,7.0,50.0,72.0,80.0,147.0,318.0,337.0,92.0,0.0,0.0,1223.0,17,111,871202,3,171118712023
3.0,7.0,14.0,22.0,1.0,13.0,41.0,4.0,1.0,232.0,29.0,247.0,115.0,86.0,0.0,0.0,815.0,17,111,871202,4,171118712024
111.0,27.0,120.0,34.0,28.0,111.0,255.0,85.0,77.0,178.0,289.0,231.0,390.0,101.1529225047858,0.0,0.0,2037.1529225047857,17,111,871205,1,171118712051
0.0,1.0,5.0,67.0,3.0,88.0,44.0,34.0,171.0,120.0,175.0,267.0,347.0,84.8060254679476,0.0,0.0,1406.8060254679476,17,111,871205,2,171118712052
1.0,2.0,2.0,12.0,5.0,57.0,47.0,8.0,13.0,122.0,110.0,141.0,62.0,98.04069111051463,0.0,0.0,680.0406911105147,17,111,871205,3,171118712053
1.0,0.0,17.0,5.0,6.0,1.0,3.0,1.0,1.0,188.0,16.0,93.0,122.0,100.46909067396608,0.0,0.0,554.4690906739661,17,111,871206,1,171118712061
2.0,1.0,87.0,37.0,10.0,155.0,85.0,39.0,157.0,164.0,287.0,458.0,591.0,91.56091636018796,0.0,0.0,2164.560916360188,17,111,871206,2,171118712062
2.0,2.0,76.0,5.0,2.0,5.0,2.0,0.0,3.0,95.0,39.0,295.0,273.0,93.56103666577194,0.0,0.0,892.5610366657719,17,111,871206,3,171118712063
15.0,23.0,105.0,17.0,6.0,18.0,68.0,134.0,22.0,116.0,438.0,364.0,225.0,87.23454533698305,0.0,0.0,1638.234545336983,17,111,871207,1,171118712071
1.0,55.0,65.0,39.0,47.0,81.0,4.0,27.0,49.0,39.0,154.0,98.0,221.0,109.20405708049307,0.0,0.0,989.204057080493,17,111,871207,2,171118712072
1.0,1.0,12.0,26.0,13.0,1.0,22.0,0.0,84.0,105.0,91.0,183.0,311.0,111.21413962893374,0.0,0.0,961.2141396289337,17,111,871207,3,171118712073
134.0,0.0,1.0,68.0,52.0,78.0,30.0,29.0,14.0,71.0,202.0,508.0,487.0,96.27523644749766,0.0,0.0,1770.2752364474977,17,111,871208,1,171118712081
5.0,5.0,8.0,7.0,1.0,77.0,17.0,3.0,0.0,26.0,343.0,323.0,298.0,83.35697958527888,0.0,0.0,1196.3569795852789,17,111,871208,2,171118712082
42.0,0.0,110.0,162.0,154.0,50.0,166.0,123.0,62.0,306.0,437.0,419.0,112.0,98.69367376809242,0.0,0.0,2241.6936737680926,17,111,871209,1,171118712091
9.0,98.0,0.0,45.0,2.0,2.0,1.0,14.0,32.0,49.0,16.0,178.0,61.0,96.0,0.0,0.0,603.0,17,111,871209,2,171118712092
6.0,4.0,1.0,3.0,14.0,100.0,0.0,67.0,8.0,136.0,156.0,127.0,222.0,87.21413962893374,0.0,0.0,931.2141396289337,17,111,871301,1,171118713011
1.0,1.0,22.0,42.0,9.0,30.0,0.0,1.0,69.0,0.0,11.0,112.0,86.0,106.14271965076117,0.0,0.0,490.14271965076114,17,111,871301,2,171118713012
50.0,156.0,97.0,33.0,56.0,5.0,27.0,65.0,3.0,106.0,159.0,410.0,49.0,102.0,0.0,0.0,1318.0,17,111,871301,3,171118713013
3.0,9.0,6.0,3.0,45.0,159.0,0.0,4.0,6.0,145.0,96.0,90.0,261.0,120.06097651297995,0.0,0.0,947.06097651298,17,111,871301,4,171118713014
32.0,4.0,34.0,170.0,6.0,46.0,35.0,65.0,57.0,147.0,269.0,388.0,433.0,94.4590081255254,0.0,0.0,1780.4590081255253,17,111,871304,1,171118713041
4.0,2.0,0.0,37.0,2.0,31.0,44.0,17.0,2.0,7.0,33.0,214.0,37.0,107.38770845293682,0.0,0.0,537.3877084529367,17,111,871304,2,171118713042
82.0,109.0,5.0,1.0,28.0,12.0,2.0,0.0,5.0,47.0,94.0,232.0,781.0,93.31592755801229,0.0,0.0,1491.3159275580124,17,111,871305,1,171118713051
2.0,33.0,20.0,1.0,156.0,5.0,33.0,20.0,1.0,63.0,170.0,49.0,110.0,121.58132206823726,0.0,0.0,784.5813220682372,17,111,871305,2,171118713052
72.0,24.0,2.0,39.0,53.0,4.0,109.0,31.0,27.0,243.0,146.0,132.0,148.0,109.0,0.0,0.0,1139.0,17,111,871305,3,171118713053
89.0,1.0,21.0,1.0,40.0,2.0,156.0,36.0,3.0,107.0,122.0,235.0,648.0,113.1523209768659,0.0,0.0,1574.152320976866,17,111,871306,1,171118713061
0.0,2.0,1.0,1.0,5.0,1.0,2.0,29.0,18.0,104.0,217.0,377.0,427.0,100.76509374626501,0.0,0.0,1284.765093746265,17,111,871306,2,171118713062
36.0,9.0,20.0,50.0,3.0,142.0,24.0,81.0,2.0,90.0,114.0,345.0,445.0,95.18341076127578,0.0,0.0,1456.1834107612758,17,111,871306,3,171118713063
40.0,28.0,2.0,116.0,107.0,55.0,74.0,118.0,77.0,37.0,388.0,134.0,8.0,96.0,0.0,0.0,1280.0,17,111,871306,4,171118713064
36.0,3.0,1.0,9.0,1.0,80.0,48.0,3.0,3.0,110.0,115.0,217.0,324.0,109.4181967094268,0.0,0.0,1059.4181967094269,17,111,871307,1,171118713071
4.0,0.0,41.0,14.0,1.0,2.0,7.0,7.0,1.0,36.0,50.0,109.0,68.0,76.0,0.0,0.0,416.0,17,111,871307,2,171118713072
6.0,94.0,99.0,218.0,133.0,240.0,33.0,83.0,88.0,125.0,171.0,296.0,361.0,90.0712996725886,0.0,0.0,2037.0712996725888,17,111,871307,3,171118713073
2.0,3.0,20.0,3.0,120.0,4.0,0.0,4.0,60.0,140.0,144.0,100.0,212.0,100.92821910507547,0.0,0.0,912.9282191050755,17,111,871310,1,171118713101
66.0,4.0,4.0,8.0,23.0,5.0,18.0,26.0,0.0,18.0,58.0,222.0,92.0,95.86724259209552,0.0,0.0,639.8672425920955,17,111,871310,2,171118713102
7.0,1.0,5.0,11.0,76.0,1.0,6.0,62.0,4.0,83.0,47.0,18.0,43.0,95.49993984720801,0.0,0.0,459.499939847208,17,111,871310,3,171118713103
15.0,8.0,2.0,5.0,10.0,54.0,107.0,48.0,108.0,27.0,109.0,467.0,320.0,80.61205093589521,0.0,0.0,1360.6120509358952,17,111,871310,4,171118713104
3.0,1.0,73.0,1.0,40.0,5.0,121.0,142.0,68.0,314.0,157.0,464.0,517.0,96.12219363712786,0.0,0.0,2002.1221936371278,17,111,871311,1,171118713111
35.0,0.0,4.0,158.0,49.0,59.0,1.0,44.0,7.0,121.0,175.0,192.0,30.0,94.13263710232049,0.0,0.0,969.1326371023205,17,111,871311,2,171118713112
16.0,0.0,3.0,3.0,0.0,2.0,17.0,66.0,1.0,104.0,83.0,180.0,294.0,96.94886542429275,0.0,0.0,865.9488654242928,17,111,871311,3,171118713113
126.0,12.0,107.0,2.0,26.0,1.0,70.0,117.0,88.0,145.0,58.0,402.0,153.0,92.7038766221171,0.0,0.0,1399.7038766221171,17,111,871402,1,171118714021
0.0,6.0,35.0,5.0,0.0,3.0,29.0,157.0,1.0,2.0,31.0,37.0,78.0,88.0,0.0,0.0,472.0,17,111,871402,2,171118714022
54.0,24.0,2.0,122.0,1.0,74.0,3.0,17.0,149.0,64.0,234.0,169.0,268.0,96.51002239564868,0.0,0.0,1277.5100223956488,17,111,871402,3,171118714023
11.0,3.0,3.0,1.0,45.0,1.0,38.0,88.0,5.0,64.0,125.0,0.0,45.0,88.31628847476425,0.0,0.0,517.3162884747642,17,111,871402,4,171118714024
58.0,3.0,22.0,18.0,12.0,0.0,14.0,70.0,44.0,100.0,169.0,3.0,197.0,87.530307798114,0.0,0.0,797.530307798114,17,111,871402,5,171118714025
34.0,144.0,74.0,42.0,66.0,140.0,38.0,44.0,123.0,141.0,228.0,376.0,221.0,101.24462788542371,0.0,0.0,1772.2446278854236,17,111,871404,1,171118714041
0.0,32.0,13.0,11.0,8.0,97.0,31.0,120.0,70.0,214.0,149.0,271.0,388.0,91.34653612008626,0.0,0.0,1495.3465361200863,17,111,871404,2,171118714042
52.0,124.0,94.0,63.0,83.0,43.0,52.0,174.0,3.0,113.0,134.0,505.0,502.0,108.20381646932509,0.0,0.0,2050.203816469325,17,111,871500,1,171118715001
6.0,0.0,2.0,5.0,37.0,21.0,3.0,1.0,0.0,49.0,34.0,152.0,90.0,93.06121712414792,0.0,0.0,493.0612171241479,17,111,871500,2,171118715002
97.0,222.0,124.0,148.0,197.0,428.0,269.0,150.0,392.0,417.0,707.0,799.0,289.0,94.4484443547488,0.0,0.0,4333.448444354749,17,111,871500,3,171118715003
22.0,2.0,1.0,7.0,129.0,4.0,146.0,0.0,34.0,66.0,82.0,198.0,303.0,124.09134446388595,0.0,0.0,1118.091344463886,17,111,871500,4,171118715004
37.0,59.0,19.0,3.0,0.0,31.0,31.0,176.0,4.0,219.0,33.0,196.0,141.0,110.49993984720801,0.0,0.0,1059.499939847208,17,111,871500,5,171118715005
1.0,3.0,3.0,6.0,1.0,80.0,29.0,4.0,18.0,2.0,41.0,157.0,115.0,89.0,0.0,0.0,549.0,17,111,871600,1,171118716001
32.0,1.0,51.0,1.0,6.0,1.0,31.0,91.0,9.0,4.0,60.0,118.0,217.0,90.04069111051463,0.0,0.0,712.0406911105147,17,111,871600,2,171118716002
4.0,2.0,41.0,124.0,1.0,7.0,4.0,19.0,41.0,34.0,76.0,114.0,46.0,107.94886542429275,0.0,0.0,620.9488654242928,17,111,871600,3,171118716003
48.0,0.0,0.0,19.0,32.0,18.0,16.0,45.0,0.0,59.0,119.0,141.0,241.0,94.35709989086286,0.0,0.0,832.3570998908629,17,111,871600,4,171118716004
5.0,2.0,11.0,5.0,0.0,1.0,33.0,0.0,14.0,62.0,110.0,103.0,137.0,106.10190823466255,0.0,0.0,589.1019082346626,17,111,871600,5,171118716005
18.0,20.0,0.0,3.0,51.0,119.0,8.0,137.0,6.0,168.0,249.0,975.0,319.0,106.92833941065946,0.0,0.0,2179.9283394106596,17,197,880105,1,171978801051
2.0,209.0,0.0,20.0,3.0,130.0,102.0,156.0,238.0,85.0,115.0,306.0,312.0,95.44868496591677,0.0,0.0,1773.4486849659168,17,197,880105,2,171978801052
17.0,0.0,9.0,80.0,5.0,5.0,5.0,97.0,50.0,103.0,248.0,256.0,298.0,121.75501119782433,0.0,0.0,1294.7550111978244,17,197,880105,3,171978801053
1.0,6.0,3.0,1.0,2.0,0.0,1.0,30.0,23.0,224.0,220.0,494.0,419.0,116.4590081255254,0.0,0.0,1540.4590081255253,17,197,880105,4,171978801054
74.0,79.0,0.0,1.0,87.0,31.0,180.0,64.0,33.0,151.0,119.0,207.0,76.0,99.765214051849,0.0,0.0,1201.765214051849,17,197,880106,1,171978801061
11.0,1.0,2.0,22.0,45.0,1.0,1.0,99.0,11.0,2.0,114.0,302.0,366.0,74.22434248295838,0.0,0.0,1051.2243424829585,17,197,880106,2,171978801062
129.0,55.0,96.0,92.0,83.0,9.0,148.0,0.0,223.0,149.0,230.0,240.0,352.0,77.65298265757781,0.0,0.0,1883.6529826575777,17,197,880106,3,171978801063
63.0,4.0,117.0,3.0,61.0,43.0,90.0,114.0,106.0,365.0,349.0,323.0,86.0,94.0,0.0,0.0,1818.0,17,197,880107,1,171978801071
4.0,1.0,0.0,4.0,185.0,11.0,16.0,173.0,42.0,270.0,104.0,49.0,216.0,96.31616816918026,0.0,0.0,1171.3161681691802,17,197,880107,2,171978801072
10.0,2.0,110.0,8.0,2.0,3.0,9.0,119.0,12.0,179.0,83.0,216.0,101.0,90.8060254679476,0.0,0.0,944.8060254679476,17,197,880107,3,171978801073
3.0,17.0,10.0,10.0,5.0,3.0,20.0,21.0,44.0,108.0,42.0,267.0,137.0,100.35709989086286,0.0,0.0,787.3570998908629,17,197,880107,4,171978801074
31.0,60.0,30.0,0.0,69.0,12.0,9.0,6.0,2.0,42.0,55.0,185.0,95.0,105.1121110886872,0.0,0.0,701.1121110886872,17,197,880109,1,171978801091
8.0,1.0,0.0,0.0,0.0,223.0,19.0,19.0,0.0,59.0,98.0,400.0,140.0,95.72440263575038,0.0,0.0,1062.7244026357503,17,197,880109,2,171978801092
4.0,2.0,0.0,0.0,3.0,3.0,2.0,5.0,72.0,216.0,38.0,173.0,201.0,96.61205093589521,0.0,0.0,815.6120509358952,17,197,880109,3,171978801093
188.0,4.0,2.0,58.0,97.0,82.0,9.0,167.0,75.0,156.0,278.0,235.0,187.0,86.25507135061633,0.0,0.0,1624.2550713506164,17,197,880109,4,171978801094
69.0,14.0,27.0,0.0,2.0,1.0,31.0,7.0,5.0,41.0,27.0,67.0,56.0,82.1530428103698,0.0,0.0,429.1530428103698,17,197,880109,5,171978801095
11.0,82.0,19.0,2.0,58.0,27.0,145.0,75.0,77.0,33.0,263.0,241.0,152.0,96.25495104503234,0.0,0.0,1281.2549510450324,17,197,880111,1,171978801111
6.0,3.0,0.0,72.0,5.0,104.0,91.0,29.0,18.0,108.0,8.0,213.0,193.0,108.0,0.0,0.0,958.0,17,197,880111,2,171978801112
14.0,5.0,2.0,18.0,30.0,75.0,52.0,122.0,9.0,54.0,284.0,48.0,140.0,82.0,0.0,0.0,935.0,17,197,880111,3,171978801113
0.0,3.0,118.0,70.0,1.0,35.0,1.0,96.0,92.0,206.0,88.0,144.0,183.0,85.01008254844066,0.0,0.0,1122.0100825484408,17,197,880112,1,171978801121
4.0,0.0,1.0,5.0,31.0,5.0,64.0,20.0,1.0,2.0,89.0,314.0,166.0,104.265153899057,0.0,0.0,806.265153899057,17,197,880112,2,171978801122
5.0,89.0,180.0,165.0,46.0,55.0,15.0,58.0,125.0,39.0,289.0,189.0,136.0,89.0,0.0,0.0,1480.0,17,197,880113,1,171978801131
5.0,95.0,117.0,1.0,56.0,26.0,31.0,0.0,0.0,67.0,169.0,127.0,237.0,75.3977910013775,0.0,0.0,1006.3977910013775,17,197,880113,2,171978801132
87.0,1.0,23.0,25.0,1.0,37.0,17.0,23.0,1.0,9.0,221.0,78.0,3.0,91.27547705866564,0.0,0.0,617.2754770586656,17,197,880113,3,171978801133
46.0,171.0,246.0,168.0,217.0,327.0,157.0,15.0,60.0,141.0,1.0,108.0,73.0,102.46933128513405,0.0,0.0,1832.469331285134,17,197,880114,1,171978801141
3.0,2.0,0.0,8.0,1.0,0.0,0.0,40.0,10.0,11.0,107.0,271.0,76.0,92.48973699318336,0.0,0.0,621.4897369931833,17,197,880114,2,171978801142
6.0,60.0,97.0,95.0,77.0,202.0,261.0,245.0,1.0,17.0,440.0,252.0,81.0,107.40811416098613,0.0,0.0,1941.408114160986,17,197,880115,1,171978801151
231.0,7.0,2.0,2.0,24.0,2.0,0.0,29.0,36.0,2.0,94.0,247.0,167.0,105.57123951979659,0.0,0.0,948.5712395197966,17,197,880115,2,171978801152
3.0,2.0,34.0,1.0,19.0,7.0,21.0,73.0,46.0,35.0,186.0,478.0,265.0,89.38758814735283,0.0,0.0,1259.3875881473527,17,197,880116,1,171978801161
78.0,4.0,20.0,13.0,15.0,1.0,16.0,237.0,22.0,184.0,46.0,186.0,150.0,92.3977910013775,0.0,0.0,1064.3977910013775,17,197,880116,2,171978801162
50.0,13.0,34.0,128.0,85.0,21.0,66.0,58.0,10.0,15.0,34.0,103.0,77.0,114.0,0.0,0.0,808.0,17,197,880117,1,171978801171
3.0,0.0,36.0,24.0,9.0,6.0,16.0,82.0,49.0,44.0,101.0,267.0,159.0,95.9386625702681,0.0,0.0,891.9386625702681,17,197,880117,2,171978801172
215.0,293.0,366.0,141.0,192.0,80.0,28.0,85.0,2.0,100.0,57.0,1.0,29.0,88.0,0.0,0.0,1677.0,17,197,880117,3,171978801173
4.0,4.0,1.0,1.0,1.0,6.0,1.0,2.0,1.0,15.0,60.0,176.0,144.0,95.60184808187056,0.0,0.0,511.60184808187057,17,197,880118,1,171978801181
1.0,2.0,6.0,13.0,5.0,4.0,2.0,2.0,0.0,0.0,2.0,172.0,187.0,93.14271965076117,0.0,0.0,489.14271965076114,17,197,880118,2,171978801182
15.0,0.0,15.0,0.0,4.0,21.0,4.0,0.0,18.0,0.0,201.0,209.0,164.0,94.28567991269028,0.0,0.0,745.2856799126903,17,197,880118,3,171978801183
4.0,4.0,0.0,2.0,1.0,2.0,0.0,2.0,0.0,73.0,52.0,252.0,296.0,110.52010494408934,0.0,0.0,798.5201049440893,17,197,880118,4,171978801184
119.0,0.0,9.0,12.0,34.0,62.0,129.0,77.0,97.0,79.0,149.0,160.0,437.0,83.5916452278459,0.0,0.0,1447.591645227846,17,197,880119,1,171978801191
1.0,0.0,26.0,0.0,9.0,12.0,0.0,2.0,33.0,0.0,22.0,198.0,80.0,85.65298265757781,0.0,0.0,468.6529826575778,17,197,880119,2,171978801192
6.0,2.0,1.0,3.0,2.0,5.0,9.0,0.0,26.0,14.0,1.0,244.0,40.0,96.57111921421262,0.0,0.0,449.5711192142126,17,197,880119,3,171978801193
10.0,0.0,48.0,56.0,193.0,0.0,125.0,216.0,58.0,21.0,445.0,674.0,849.0,87.33621296047761,0.0,0.0,2782.3362129604775,17,197,880120,1,171978801201
33.0,2.0,1.0,106.0,108.0,26.0,45.0,91.0,180.0,140.0,338.0,544.0,662.0,105.16264413647453,0.0,0.0,2381.1626441364747,17,197,880120,2,171978801202
3.0,0.0,2.0,5.0,1.0,0.0,33.0,1.0,30.0,1.0,36.0,557.0,266.0,92.18353106685977,0.0,0.0,1027.1835310668598,17,197,880120,3,171978801203
9.0,4.0,2.0,5.0,2.0,61.0,44.0,18.0,5.0,0.0,190.0,91.0,223.0,120.9386625702681,0.0,0.0,774.9386625702681,17,197,880121,1,171978801211
0.0,1.0,130.0,1.0,4.0,1.0,87.0,136.0,5.0,2.0,568.0,273.0,210.0,105.73436487860707,0.0,0.0,1523.734364878607,17,197,880121,2,171978801212
39.0,1.0,10.0,4.0,96.0,41.0,1.0,1.0,23.0,130.0,126.0,780.0,1015.0,99.38722723060089,0.0,0.0,2366.3872272306007,17,197,880121,3,171978801213
0.0,2.0,1.0,2.0,100.0,4.0,2.0,91.0,3.0,141.0,155.0,432.0,365.0,109.85631790456696,0.0,0.0,1407.856317904567,17,197,880121,4,171978801214
39.0,7.0,72.0,0.0,2.0,3.0,38.0,162.0,8.0,17.0,50.0,59.0,103.0,107.0,0.0,0.0,667.0,17,197,880202,1,171978802021
2.0,37.0,0.0,22.0,2.0,0.0,59.0,202.0,179.0,94.0,158.0,566.0,135.0,99.09170538063789,0.0,0.0,1555.091705380638,17,197,880202,2,171978802022
16.0,71.0,153.0,0.0,179.0,54.0,137.0,36.0,21.0,117.0,151.0,454.0,182.0,99.35697958527888,0.0,0.0,1670.3569795852789,17,197,880202,3,171978802023
56.0,45.0,109.0,176.0,4.0,46.0,137.0,78.0,331.0,346.0,115.0,101.0,88.0,73.46933128513405,0.0,0.0,1705.469331285134,17,197,880203,1,171978802031
0.0,24.0,4.0,41.0,148.0,145.0,134.0,1.0,29.0,250.0,234.0,175.0,198.0,88.98967684039135,0.0,0.0,1471.9896768403914,17,197,880203,2,171978802032
4.0,0.0,2.0,2.0,83.0,12.0,13.0,4.0,46.0,81.0,81.0,25.0,15.0,94.0,0.0,0.0,462.0,17,197,880203,3,171978802033
36.0,1.0,33.0,59.0,0.0,1.0,64.0,46.0,1.0,40.0,5.0,139.0,248.0,84.0,0.0,0.0,757.0,17,197,880204,1,171978802041
93.0,6.0,2.0,102.0,0.0,41.0,210.0,157.0,89.0,548.0,354.0,875.0,552.0,101.22398156620643,0.0,0.0,3130.2239815662065,17,197,880204,2,171978802042
82.0,6.0,21.0,127.0,138.0,3.0,135.0,52.0,6.0,84.0,14.0,30.0,39.0,90.1938542264684,0.0,0.0,827.1938542264684,17,197,880204,3,171978802043
16.0,4.0,60.0,16.0,2.0,30.0,18.0,6.0,0.0,2.0,115.0,104.0,211.0,109.57111921421262,0.0,0.0,693.5711192142126,17,197,880303,1,171978803031
34.0,1.0,11.0,22.0,2.0,32.0,1.0,5.0,4.0,121.0,40.0,258.0,260.0,93.4181967094268,0.0,0.0,884.4181967094268,17,197,880303,2,171978803032
0.0,2.0,19.0,1.0,5.0,35.0,1.0,29.0,23.0,66.0,74.0,276.0,190.0,92.20381646932509,0.0,0.0,813.2038164693251,17,197,880303,3,171978803033
0.0,0.0,0.0,1.0,1.0,6.0,7.0,2.0,1.0,65.0,106.0,137.0,181.0,113.75501119782433,0.0,0.0,620.7550111978244,17,197,880304,1,171978803041
79.0,1.0,2.0,1.0,3.0,7.0,21.0,1.0,1.0,4.0,151.0,57.0,97.0,124.30584500957161,0.0,0.0,549.3058450095716,17,197,880304,2,171978803042
6.0,1.0,3.0,156.0,4.0,38.0,4.0,2.0,4.0,40.0,9.0,162.0,131.0,98.79570230833897,0.0,0.0,658.795702308339,17,197,880304,3,171978803043
0.0,46.0,5.0,6.0,0.0,8.0,3.0,2.0,2.0,13.0,12.0,126.0,286.0,91.29564215554697,0.0,0.0,600.295642155547,17,197,880304,4,171978803044
26.0,1.0,2.0,1.0,2.0,0.0,0.0,1.0,1.0,29.0,24.0,107.0,83.0,82.0915850750539,0.0,0.0,359.0915850750539,17,197,880305,1,171978803051
12.0,0.0,0.0,4.0,3.0,2.0,1.0,28.0,50.0,4.0,155.0,135.0,109.0,98.32637102320491,0.0,0.0,601.326371023205,17,197,880305,2,171978803052
29.0,4.0,0.0,3.0,1.0,10.0,0.0,0.0,1.0,20.0,134.0,6.0,30.0,93.12231394271186,0.0,0.0,331.12231394271186,17,197,880305,3,171978803053
2.0,3.0,1.0,2.0,2.0,2.0,2.0,22.0,4.0,36.0,112.0,98.0,280.0,91.96903052117409,0.0,0.0,657.9690305211741,17,197,880305,4,171978803054
191.0,0.0,3.0,0.0,29.0,149.0,42.0,53.0,0.0,67.0,81.0,179.0,280.0,101.51002239564868,0.0,0.0,1175.5100223956488,17,197,880306,1,171978803061
6.0,3.0,3.0,3.0,69.0,4.0,4.0,57.0,27.0,38.0,160.0,338.0,405.0,82.75477058665636,0.0,0.0,1199.7547705866564,17,197,880306,2,171978803062
17.0,1.0,145.0,41.0,146.0,82.0,35.0,0.0,50.0,114.0,156.0,303.0,294.0,104.6726665321232,0.0,0.0,1488.6726665321232,17,197,880306,3,171978803063
28.0,0.0,29.0,3.0,0.0,140.0,4.0,2.0,0.0,8.0,50.0,60.0,494.0,85.4590081255254,0.0,0.0,903.4590081255254,17,197,880307,1,171978803071
170.0,99.0,77.0,41.0,6.0,17.0,5.0,20.0,53.0,25.0,447.0,257.0,262.0,87.70399692770107,0.0,0.0,1566.7039969277012,17,197,880307,2,171978803072
126.0,0.0,51.0,62.0,0.0,2.0,7.0,184.0,46.0,211.0,62.0,62.0,130.0,107.56115697135593,0.0,0.0,1050.561156971356,17,197,880307,3,171978803073
8.0,27.0,3.0,2.0,121.0,1.0,7.0,252.0,0.0,4.0,155.0,190.0,475.0,98.39767069579351,0.0,0.0,1343.3976706957935,17,197,880308,1,171978803081
116.0,0.0,4.0,64.0,88.0,9.0,117.0,40.0,115.0,182.0,7.0,795.0,776.0,100.08066038752534,0.0,0.0,2413.0806603875253,17,197,880308,2,171978803082
4.0,2.0,4.0,2.0,1.0,1.0,5.0,2.0,0.0,6.0,60.0,44.0,129.0,106.4590081255254,0.0,0.0,366.45900812552543,17,197,880308,3,171978803083
2.0,0.0,1.0,0.0,5.0,3.0,5.0,3.0,5.0,0.0,89.0,184.0,67.0,92.17332821283512,0.0,0.0,456.17332821283514,17,197,880309,1,171978803091
10.0,1.0,3.0,3.0,13.0,13.0,17.0,4.0,1.0,98.0,66.0,99.0,145.0,88.24474819100769,0.0,0.0,561.2447481910077,17,197,880309,2,171978803092
5.0,1.0,0.0,0.0,23.0,0.0,5.0,5.0,34.0,0.0,7.0,2.0,368.0,99.14247903959318,0.0,0.0,549.1424790395931,17,197,880309,3,171978803093
6.0,2.0,2.0,1.0,2.0,2.0,9.0,10.0,3.0,4.0,3.0,105.0,163.0,103.19361361530045,0.0,0.0,415.1936136153004,17,197,880309,4,171978803094
168.0,26.0,155.0,199.0,131.0,42.0,143.0,168.0,622.0,900.0,648.0,1913.0,1396.0,122.57903626214154,0.0,0.0,6633.579036262142,17,197,880310,1,171978803101
127.0,2.0,1.0,49.0,34.0,21.0,3.0,2.0,2.0,57.0,737.0,361.0,605.0,102.19277147621254,0.0,0.0,2103.1927714762123,17,197,880312,1,171978803121
13.0,2.0,1.0,4.0,81.0,34.0,14.0,27.0,17.0,188.0,29.0,171.0,69.0,119.07105906142061,0.0,0.0,769.0710590614207,17,197,880312,2,171978803122
46.0,0.0,6.0,29.0,2.0,27.0,71.0,26.0,138.0,51.0,315.0,836.0,702.0,99.98895500688745,0.0,0.0,2348.9889550068874,17,197,880313,1,171978803131
106.0,0.0,5.0,71.0,227.0,271.0,30.0,200.0,196.0,411.0,1141.0,682.0,893.0,105.43739936163625,0.0,0.0,4338.437399361636,17,197,880313,2,171978803132
14.0,2.0,1.0,0.0,9.0,59.0,8.0,1.0,21.0,124.0,126.0,156.0,266.0,84.62237409550384,0.0,0.0,871.6223740955038,17,197,880314,1,171978803141
4.0,9.0,14.0,3.0,3.0,58.0,61.0,177.0,11.0,1.0,174.0,606.0,790.0,67.70243295510926,0.0,0.0,1978.7024329551093,17,197,880314,2,171978803142
466.0,1.0,69.0,66.0,42.0,66.0,139.0,197.0,430.0,1372.0,589.0,766.0,684.0,110.50918025656078,0.0,0.0,4997.509180256561,17,197,880404,1,171978804041
0.0,13.0,104.0,31.0,17.0,2.0,69.0,2.0,122.0,83.0,263.0,194.0,187.0,75.58156267940524,0.0,0.0,1162.5815626794051,17,197,880404,2,171978804042
97.0,4.0,87.0,94.0,2.0,1.0,54.0,2.0,3.0,85.0,359.0,119.0,345.0,109.65298265757781,0.0,0.0,1361.6529826575777,17,197,880404,3,171978804043
37.0,3.0,0.0,6.0,1.0,14.0,0.0,29.0,38.0,1.0,164.0,146.0,200.0,73.75477058665636,0.0,0.0,712.7547705866564,17,197,880404,4,171978804044
17.0,4.0,67.0,9.0,5.0,33.0,31.0,190.0,58.0,3.0,87.0,324.0,610.0,94.60184808187056,0.0,0.0,1532.6018480818705,17,197,880408,1,171978804081
210.0,3.0,1.0,135.0,20.0,2.0,31.0,57.0,117.0,71.0,106.0,412.0,505.0,93.1530428103698,0.0,0.0,1763.1530428103697,17,197,880408,2,171978804082
72.0,4.0,102.0,34.0,24.0,79.0,103.0,77.0,2.0,142.0,214.0,235.0,61.0,101.83663403002157,0.0,0.0,1250.8366340300215,17,197,880408,3,171978804083
5.0,1.0,1.0,212.0,175.0,6.0,234.0,2.0,222.0,403.0,73.0,366.0,521.0,112.70267356627724,0.0,0.0,2333.702673566277,17,197,880410,1,171978804101
62.0,52.0,4.0,34.0,2.0,96.0,78.0,430.0,23.0,315.0,1025.0,1186.0,825.0,105.26479298230504,0.0,0.0,4237.264792982305,17,197,880410,2,171978804102
9.0,3.0,4.0,110.0,31.0,0.0,2.0,2.0,0.0,30.0,72.0,155.0,212.0,88.44892557708474,0.0,0.0,718.4489255770848,17,197,880411,1,171978804111
1.0,0.0,10.0,6.0,18.0,35.0,36.0,2.0,54.0,106.0,176.0,250.0,337.0,111.10166762349458,0.0,0.0,1142.1016676234947,17,197,880411,2,171978804112
2.0,2.0,4.0,1.0,0.0,3.0,2.0,15.0,1.0,56.0,95.0,9.0,103.0,96.0,0.0,0.0,389.0,17,197,880411,3,171978804113
4.0,3.0,4.0,7.0,0.0,5.0,1.0,14.0,122.0,145.0,13.0,329.0,291.0,97.64277980355315,0.0,0.0,1035.6427798035531,17,197,880412,1,171978804121
4.0,23.0,10.0,63.0,8.0,2.0,5.0,80.0,2.0,4.0,331.0,247.0,63.0,90.24486849659168,0.0,0.0,932.2448684965917,17,197,880412,2,171978804122
2.0,42.0,11.0,4.0,1.0,8.0,30.0,42.0,5.0,327.0,110.0,477.0,421.0,111.7446880382157,0.0,0.0,1591.7446880382156,17,197,880412,3,171978804123
4.0,0.0,0.0,12.0,3.0,0.0,67.0,3.0,88.0,80.0,181.0,378.0,321.0,106.90805400819414,0.0,0.0,1243.908054008194,17,197,880414,1,171978804141
37.0,1.0,23.0,5.0,27.0,203.0,2.0,6.0,56.0,65.0,169.0,129.0,90.0,82.38770845293682,0.0,0.0,895.3877084529369,17,197,880414,2,171978804142
1.0,65.0,1.0,54.0,199.0,34.0,152.0,28.0,55.0,73.0,198.0,199.0,165.0,92.02016509688133,0.0,0.0,1316.0201650968813,17,197,880414,3,171978804143
15.0,16.0,54.0,241.0,262.0,41.0,5.0,289.0,343.0,646.0,1104.0,1242.0,768.0,106.1628847476425,0.0,0.0,5132.162884747642,17,197,880415,1,171978804151
81.0,14.0,3.0,47.0,22.0,2.0,85.0,58.0,0.0,4.0,150.0,354.0,206.0,104.61217124147919,0.0,0.0,1130.6121712414792,17,197,880415,2,171978804152
5.0,0.0,4.0,2.0,33.0,85.0,0.0,12.0,43.0,306.0,232.0,187.0,54.0,89.51014270123267,0.0,0.0,1052.5101427012326,17,197,880416,1,171978804161
3.0,1.0,90.0,91.0,6.0,206.0,0.0,13.0,2.0,285.0,128.0,547.0,56.0,96.00996224285669,0.0,0.0,1524.0099622428568,17,197,880416,2,171978804162
8.0,13.0,46.0,4.0,1.0,20.0,0.0,55.0,81.0,33.0,167.0,158.0,92.0,87.33669418281356,0.0,0.0,765.3366941828135,17,197,880417,1,171978804171
35.0,7.0,0.0,9.0,22.0,2.0,0.0,0.0,78.0,185.0,215.0,309.0,220.0,101.16324566439445,0.0,0.0,1183.1632456643945,17,197,880417,2,171978804172
0.0,2.0,4.0,2.0,1.0,0.0,56.0,3.0,0.0,101.0,89.0,177.0,116.0,98.13251679673651,0.0,0.0,649.1325167967365,17,197,880418,1,171978804181
6.0,5.0,8.0,15.0,46.0,6.0,5.0,1.0,96.0,507.0,35.0,268.0,479.0,88.12219363712786,0.0,0.0,1565.1221936371278,17,197,880418,2,171978804182
11.0,4.0,4.0,6.0,0.0,5.0,60.0,33.0,77.0,68.0,59.0,133.0,230.0,99.69367376809242,0.0,0.0,789.6936737680925,17,197,880418,3,171978804183
117.0,23.0,40.0,74.0,5.0,30.0,198.0,1.0,2.0,343.0,186.0,353.0,292.0,97.94886542429275,0.0,0.0,1761.9488654242928,17,197,880419,1,171978804191
6.0,2.0,0.0,100.0,128.0,0.0,156.0,59.0,294.0,753.0,587.0,2038.0,773.0,91.94838420195681,0.0,0.0,4987.948384201957,17,197,880419,2,171978804192
140.0,2.0,1.0,2.0,62.0,57.0,190.0,0.0,59.0,38.0,771.0,1341.0,470.0,96.49969923604004,0.0,0.0,3229.49969923604,17,197,880420,1,171978804201
83.0,0.0,261.0,71.0,224.0,29.0,3.0,174.0,293.0,399.0,1284.0,1348.0,748.0,115.79449925249912,0.0,0.0,5032.794499252499,17,197,880420,2,171978804202
1.0,0.0,229.0,0.0,1.0,23.0,5.0,87.0,88.0,11.0,92.0,657.0,571.0,101.70339539978114,0.0,0.0,1866.7033953997811,17,197,880421,1,171978804211
0.0,40.0,73.0,12.0,10.0,19.0,0.0,18.0,47.0,51.0,269.0,451.0,129.0,109.42839956345145,0.0,0.0,1228.4283995634514,17,197,880421,2,171978804212
1.0,0.0,3.0,99.0,1.0,0.0,44.0,16.0,56.0,80.0,70.0,109.0,41.0,107.41831701501079,0.0,0.0,627.4183170150108,17,197,880421,3,171978804213
1.0,6.0,7.0,21.0,18.0,180.0,66.0,2.0,88.0,44.0,195.0,256.0,368.0,102.57135982538058,0.0,0.0,1354.5713598253806,17,197,880502,1,171978805021
57.0,0.0,98.0,80.0,75.0,50.0,31.0,20.0,2.0,88.0,222.0,21.0,35.0,91.7856197598983,0.0,0.0,870.7856197598983,17,197,880502,2,171978805022
158.0,3.0,0.0,12.0,5.0,6.0,4.0,6.0,9.0,73.0,106.0,416.0,160.0,104.0,0.0,0.0,1062.0,17,197,880502,3,171978805023
0.0,5.0,40.0,19.0,13.0,20.0,2.0,24.0,13.0,75.0,256.0,164.0,237.0,112.0,0.0,0.0,980.0,17,197,880502,4,171978805024
2.0,14.0,44.0,138.0,96.0,20.0,35.0,13.0,282.0,235.0,104.0,512.0,114.0,94.11223139427119,0.0,0.0,1703.1122313942712,17,197,880503,1,171978805031
1.0,14.0,1.0,15.0,1.0,7.0,7.0,51.0,2.0,307.0,4.0,118.0,152.0,91.81598771080428,0.0,0.0,771.8159877108043,17,197,880503,2,171978805032
27.0,47.0,110.0,21.0,18.0,40.0,87.0,120.0,14.0,162.0,90.0,88.0,37.0,100.49993984720801,0.0,0.0,961.499939847208,17,197,880503,3,171978805033
2.0,3.0,1.0,129.0,32.0,3.0,28.0,1.0,78.0,2.0,191.0,157.0,111.0,105.28567991269028,0.0,0.0,843.2856799126903,17,197,880505,1,171978805051
0.0,3.0,0.0,0.0,394.0,169.0,207.0,29.0,2.0,377.0,983.0,1364.0,759.0,110.76509374626501,0.0,0.0,4397.765093746265,17,197,880505,2,171978805052
1.0,0.0,5.0,0.0,0.0,0.0,1.0,2.0,180.0,42.0,212.0,129.0,178.0,79.36718243930353,0.0,0.0,829.3671824393035,17,197,880505,3,171978805053
0.0,25.0,30.0,3.0,47.0,54.0,41.0,20.0,59.0,302.0,138.0,184.0,55.0,117.8060254679476,0.0,0.0,1075.8060254679476,17,197,880505,4,171978805054
583.0,6.0,75.0,52.0,4.0,191.0,264.0,384.0,76.0,794.0,629.0,1294.0,952.0,104.9894362292234,0.0,0.0,5408.989436229223,17,197,880507,1,171978805071
79.0,128.0,50.0,55.0,0.0,335.0,67.0,65.0,24.0,135.0,148.0,128.0,85.0,69.39791130696148,0.0,0.0,1368.3979113069615,17,197,880507,2,171978805072
0.0,20.0,186.0,17.0,21.0,100.0,134.0,60.0,62.0,174.0,79.0,250.0,248.0,103.84659627287824,0.0,0.0,1454.8465962728783,17,197,880601,1,171978806011
0.0,1.0,3.0,12.0,0.0,60.0,59.0,59.0,70.0,82.0,45.0,342.0,97.0,114.71407947614173,0.0,0.0,944.7140794761417,17,197,880601,2,171978806012
20.0,5.0,6.0,47.0,0.0,120.0,0.0,78.0,40.0,62.0,55.0,201.0,6.0,102.60196838745455,0.0,0.0,742.6019683874546,17,197,880602,1,171978806021
4.0,28.0,83.0,57.0,66.0,3.0,81.0,5.0,3.0,105.0,101.0,401.0,75.0,80.34677673125422,0.0,0.0,1092.3467767312543,17,197,880602,2,171978806022
113.0,1.0,129.0,108.0,0.0,17.0,3.0,0.0,11.0,55.0,104.0,54.0,166.0,92.69367376809242,0.0,0.0,853.6936737680925,17,197,880602,3,171978806023
179.0,0.0,51.0,134.0,80.0,12.0,196.0,142.0,50.0,135.0,464.0,344.0,320.0,90.90781339702616,0.0,0.0,2197.907813397026,17,197,880701,1,171978807011
99.0,31.0,187.0,20.0,61.0,171.0,1.0,37.0,29.0,201.0,72.0,363.0,288.0,90.94886542429275,0.0,0.0,1650.9488654242928,17,197,880701,2,171978807012
56.0,77.0,29.0,140.0,46.0,107.0,86.0,19.0,7.0,31.0,281.0,99.0,8.0,93.0,0.0,0.0,1079.0,17,197,880702,1,171978807021
1.0,0.0,3.0,6.0,2.0,22.0,83.0,12.0,5.0,197.0,145.0,100.0,9.0,85.46933128513405,0.0,0.0,670.4693312851341,17,197,880702,2,171978807022
50.0,113.0,2.0,91.0,52.0,0.0,46.0,63.0,93.0,5.0,80.0,67.0,91.0,89.0,0.0,0.0,842.0,17,197,880702,3,171978807023
236.0,217.0,217.0,202.0,457.0,283.0,206.0,208.0,388.0,280.0,501.0,705.0,265.0,100.79558200275498,0.0,0.0,4265.795582002755,17,197,880901,1,171978809011
5.0,2.0,151.0,0.0,22.0,5.0,168.0,56.0,1.0,70.0,305.0,324.0,240.0,93.64265949796916,0.0,0.0,1442.6426594979691,17,197,880901,2,171978809012
247.0,76.0,157.0,136.0,98.0,120.0,167.0,15.0,88.0,65.0,24.0,63.0,21.0,101.52034555525731,0.0,0.0,1378.5203455552573,17,197,880903,1,171978809031
61.0,84.0,2.0,0.0,196.0,10.0,72.0,56.0,14.0,207.0,51.0,150.0,51.0,101.20405708049307,0.0,0.0,1055.2040570804932,17,197,880903,2,171978809032
2.0,34.0,20.0,16.0,32.0,6.0,31.0,150.0,30.0,135.0,139.0,166.0,204.0,121.4181967094268,0.0,0.0,1086.4181967094269,17,197,880905,1,171978809051
4.0,17.0,120.0,19.0,0.0,0.0,60.0,105.0,42.0,196.0,251.0,211.0,62.0,72.0,0.0,0.0,1159.0,17,197,880905,2,171978809052
3.0,1.0,52.0,94.0,90.0,37.0,11.0,17.0,3.0,58.0,152.0,62.0,171.0,88.14271965076117,0.0,0.0,839.1427196507611,17,197,881001,1,171978810011
26.0,3.0,0.0,14.0,8.0,0.0,0.0,181.0,0.0,164.0,236.0,213.0,342.0,95.49981954162402,0.0,0.0,1282.499819541624,17,197,881001,2,171978810012
4.0,1.0,50.0,7.0,3.0,6.0,16.0,33.0,2.0,2.0,76.0,220.0,400.0,96.44892557708474,0.0,0.0,916.4489255770848,17,197,881001,3,171978810013
40.0,1.0,2.0,0.0,12.0,21.0,18.0,112.0,19.0,71.0,150.0,157.0,116.0,95.23454533698305,0.0,0.0,814.234545336983,17,197,881001,4,171978810014
1.0,0.0,3.0,23.0,3.0,30.0,6.0,4.0,34.0,86.0,189.0,228.0,161.0,96.24474819100769,0.0,0.0,864.2447481910077,17,197,881002,1,171978810021
55.0,3.0,10.0,5.0,0.0,7.0,51.0,69.0,48.0,106.0,18.0,92.0,235.0,98.65298265757781,0.0,0.0,797.6529826575778,17,197,881002,2,171978810022
4.0,1.0,1.0,20.0,0.0,92.0,26.0,0.0,2.0,33.0,69.0,338.0,336.0,111.39767069579351,0.0,0.0,1033.3976706957935,17,197,881002,3,171978810023
25.0,206.0,138.0,66.0,59.0,22.0,24.0,2.0,0.0,61.0,117.0,307.0,168.0,99.65286235199382,0.0,0.0,1294.652862351994,17,197,881002,4,171978810024
3.0,0.0,0.0,32.0,3.0,36.0,9.0,25.0,10.0,65.0,23.0,284.0,177.0,104.81610801638827,0.0,0.0,771.8161080163883,17,197,881005,1,171978810051
3.0,5.0,35.0,1.0,2.0,54.0,56.0,33.0,21.0,27.0,228.0,61.0,201.0,88.4181967094268,0.0,0.0,815.4181967094268,17,197,881005,2,171978810052
2.0,8.0,0.0,7.0,0.0,26.0,2.0,20.0,80.0,31.0,34.0,96.0,226.0,101.42851986903543,0.0,0.0,633.4285198690354,17,197,881005,3,171978810053
7.0,0.0,2.0,3.0,102.0,45.0,25.0,75.0,25.0,35.0,165.0,313.0,110.0,85.09170538063789,0.0,0.0,992.0917053806379,17,197,881006,1,171978810061
1.0,3.0,12.0,10.0,29.0,20.0,15.0,20.0,10.0,91.0,151.0,347.0,172.0,91.54063095772264,0.0,0.0,972.5406309577227,17,197,881006,2,171978810062
5.0,2.0,1.0,24.0,1.0,50.0,93.0,33.0,106.0,2.0,331.0,709.0,406.0,109.48949638201537,0.0,0.0,1872.4894963820154,17,197,881007,1,171978810071
84.0,1.0,8.0,45.0,151.0,23.0,93.0,83.0,71.0,77.0,493.0,232.0,549.0,106.35661866852692,0.0,0.0,2016.3566186685268,17,197,881007,2,171978810072
30.0,35.0,38.0,252.0,118.0,26.0,1.0,0.0,38.0,199.0,190.0,479.0,968.0,97.79570230833897,0.0,0.0,2471.795702308339,17,197,881009,1,171978810091
3.0,2.0,18.0,70.0,2.0,3.0,165.0,37.0,32.0,558.0,903.0,573.0,702.0,108.57123951979659,0.0,0.0,3176.5712395197966,17,197,881009,2,171978810092
45.0,1.0,68.0,51.0,152.0,99.0,215.0,313.0,114.0,273.0,346.0,507.0,542.0,97.27523644749766,0.0,0.0,2823.2752364474977,17,197,881010,1,171978810101
21.0,1.0,0.0,99.0,2.0,69.0,19.0,18.0,36.0,126.0,302.0,223.0,77.0,116.80590516236362,0.0,0.0,1109.8059051623636,17,197,881011,1,171978810111
80.0,5.0,123.0,53.0,2.0,68.0,20.0,26.0,37.0,50.0,83.0,214.0,294.0,77.4590081255254,0.0,0.0,1132.4590081255253,17,197,881011,2,171978810112
2.0,2.0,7.0,4.0,3.0,0.0,86.0,4.0,1.0,78.0,141.0,203.0,122.0,104.98967684039135,0.0,0.0,757.9896768403913,17,197,881012,1,171978810121
7.0,5.0,0.0,0.0,3.0,6.0,2.0,2.0,16.0,17.0,62.0,101.0,167.0,95.14247903959318,0.0,0.0,483.1424790395932,17,197,881012,2,171978810122
0.0,17.0,32.0,5.0,13.0,1.0,46.0,24.0,3.0,39.0,70.0,220.0,159.0,107.96915082675807,0.0,0.0,736.9691508267581,17,197,881012,3,171978810123
153.0,55.0,0.0,58.0,122.0,1.0,5.0,31.0,103.0,196.0,170.0,329.0,118.0,92.96927113234206,0.0,0.0,1433.969271132342,17,197,881105,1,171978811051
1.0,5.0,3.0,20.0,31.0,0.0,33.0,88.0,40.0,2.0,148.0,203.0,140.0,92.63221603277654,0.0,0.0,806.6322160327766,17,197,881105,2,171978811052
6.0,1.0,22.0,4.0,10.0,0.0,73.0,0.0,56.0,251.0,18.0,212.0,327.0,101.47917322240674,0.0,0.0,1081.4791732224066,17,197,881105,3,171978811053
45.0,87.0,6.0,93.0,3.0,92.0,93.0,11.0,8.0,100.0,149.0,377.0,192.0,92.265153899057,0.0,0.0,1348.265153899057,17,197,881107,1,171978811071
34.0,1.0,23.0,126.0,8.0,1.0,78.0,42.0,54.0,86.0,102.0,252.0,228.0,89.98967684039135,0.0,0.0,1124.9896768403914,17,197,881107,2,171978811072
100.0,25.0,39.0,68.0,154.0,109.0,85.0,2.0,112.0,222.0,487.0,879.0,648.0,99.06073590181198,0.0,0.0,3029.0607359018118,17,197,881108,1,171978811081
0.0,1.0,10.0,31.0,142.0,3.0,128.0,40.0,88.0,26.0,195.0,123.0,171.0,112.59140461667793,0.0,0.0,1070.591404616678,17,197,881108,2,171978811082
0.0,13.0,18.0,17.0,24.0,3.0,59.0,32.0,8.0,55.0,82.0,504.0,134.0,91.9181365566348,0.0,0.0,1040.9181365566346,17,197,881109,1,171978811091
0.0,27.0,0.0,25.0,0.0,0.0,19.0,118.0,45.0,94.0,138.0,107.0,13.0,94.13263710232049,0.0,0.0,680.1326371023205,17,197,881109,2,171978811092
1.0,53.0,0.0,2.0,1.0,73.0,150.0,4.0,4.0,67.0,382.0,194.0,946.0,98.30584500957163,0.0,0.0,1975.3058450095716,17,197,881109,3,171978811093
30.0,0.0,6.0,44.0,10.0,42.0,10.0,29.0,33.0,106.0,120.0,105.0,48.0,91.38770845293682,0.0,0.0,674.3877084529369,17,197,881111,1,171978811111
4.0,50.0,26.0,2.0,4.0,8.0,6.0,8.0,2.0,1.0,5.0,157.0,308.0,108.13251679673651,0.0,0.0,689.1325167967365,17,197,881111,2,171978811112
0.0,32.0,0.0,2.0,14.0,50.0,35.0,3.0,120.0,7.0,363.0,196.0,130.0,103.31628847476425,0.0,0.0,1055.3162884747644,17,197,881111,3,171978811113
11.0,7.0,4.0,1.0,56.0,19.0,77.0,1.0,28.0,131.0,93.0,395.0,418.0,100.28543930152232,0.0,0.0,1341.2854393015223,17,197,881112,1,171978811121
9.0,29.0,87.0,140.0,171.0,4.0,145.0,30.0,116.0,55.0,457.0,649.0,518.0,91.41795609825883,0.0,0.0,2501.417956098259,17,197,881112,2,171978811122
1.0,2.0,36.0,1.0,1.0,19.0,5.0,0.0,25.0,184.0,93.0,235.0,145.0,76.49993984720801,0.0,0.0,823.499939847208,17,197,881113,1,171978811131
6.0,1.0,6.0,4.0,1.0,10.0,89.0,17.0,56.0,74.0,7.0,87.0,167.0,86.73460548977503,0.0,0.0,611.734605489775,17,197,881113,2,171978811132
4.0,164.0,28.0,15.0,9.0,11.0,27.0,20.0,3.0,28.0,134.0,476.0,226.0,85.68359121965176,0.0,0.0,1230.6835912196518,17,197,881113,3,171978811133
51.0,1.0,57.0,79.0,242.0,63.0,86.0,0.0,96.0,51.0,155.0,126.0,227.0,103.11199078310321,0.0,0.0,1337.1119907831032,17,197,881115,1,171978811151
0.0,3.0,2.0,7.0,1.0,2.0,2.0,66.0,86.0,22.0,103.0,305.0,106.0,85.80590516236362,0.0,0.0,790.8059051623636,17,197,881115,2,171978811152
36.0,1.0,37.0,1.0,2.0,0.0,0.0,86.0,4.0,92.0,47.0,217.0,392.0,86.7856197598983,0.0,0.0,1001.7856197598983,17,197,881115,3,171978811153
1.0,115.0,5.0,12.0,4.0,87.0,56.0,54.0,73.0,117.0,140.0,261.0,412.0,102.48949638201537,0.0,0.0,1439.4894963820154,17,197,881116,1,171978811161
7.0,1.0,2.0,1.0,94.0,101.0,0.0,71.0,0.0,200.0,37.0,204.0,359.0,87.94850450754079,0.0,0.0,1164.9485045075407,17,197,881116,2,171978811162
549.0,52.0,82.0,82.0,79.0,134.0,116.0,63.0,2.0,23.0,56.0,43.0,202.0,104.09182568622188,0.0,0.0,1587.091825686222,17,197,881200,1,171978812001
61.0,58.0,82.0,4.0,84.0,36.0,29.0,18.0,3.0,119.0,97.0,187.0,3.0,91.0,0.0,0.0,872.0,17,197,881200,2,171978812002
1.0,35.0,87.0,104.0,70.0,71.0,53.0,70.0,3.0,69.0,109.0,296.0,211.0,102.21425993451771,0.0,0.0,1281.2142599345177,17,197,881200,3,171978812003
202.0,28.0,79.0,51.0,142.0,15.0,86.0,71.0,2.0,13.0,83.0,132.0,90.0,87.28567991269028,0.0,0.0,1081.2856799126903,17,197,881200,4,171978812004
98.0,16.0,50.0,71.0,198.0,61.0,3.0,11.0,65.0,130.0,42.0,138.0,157.0,99.0,0.0,0.0,1139.0,17,197,881301,1,171978813011
45.0,72.0,204.0,246.0,190.0,262.0,162.0,47.0,35.0,7.0,233.0,94.0,36.0,103.0,0.0,0.0,1736.0,17,197,881301,2,171978813012
2.0,83.0,109.0,60.0,4.0,141.0,91.0,17.0,64.0,41.0,96.0,28.0,129.0,107.0,0.0,0.0,972.0,17,197,881302,1,171978813021
50.0,7.0,52.0,179.0,95.0,0.0,3.0,27.0,19.0,127.0,41.0,5.0,81.0,96.0,0.0,0.0,782.0,17,197,881302,2,171978813022
2.0,2.0,49.0,133.0,99.0,18.0,129.0,57.0,98.0,65.0,84.0,32.0,18.0,86.0,0.0,0.0,872.0,17,197,881401,1,171978814011
13.0,5.0,2.0,32.0,13.0,1.0,61.0,68.0,10.0,53.0,140.0,50.0,7.0,75.0,0.0,0.0,530.0,17,197,881401,2,171978814012
36.0,3.0,32.0,10.0,1.0,208.0,230.0,194.0,3.0,159.0,197.0,171.0,13.0,100.81622832197226,0.0,0.0,1357.8162283219722,17,197,881401,3,171978814013
29.0,0.0,11.0,26.0,55.0,91.0,38.0,66.0,5.0,156.0,86.0,257.0,92.0,106.39791130696148,0.0,0.0,1018.3979113069615,17,197,881402,1,171978814021
30.0,6.0,62.0,105.0,10.0,82.0,12.0,31.0,47.0,6.0,155.0,112.0,53.0,89.35709989086286,0.0,0.0,800.3570998908629,17,197,881402,2,171978814022
1.0,55.0,67.0,1.0,3.0,192.0,40.0,4.0,17.0,0.0,42.0,227.0,49.0,94.68359121965176,0.0,0.0,792.6835912196518,17,197,881402,3,171978814023
43.0,1.0,38.0,33.0,6.0,120.0,92.0,2.0,143.0,140.0,146.0,220.0,114.0,88.57135982538058,0.0,0.0,1186.5713598253806,17,197,881500,1,171978815001
6.0,8.0,3.0,34.0,1.0,7.0,7.0,76.0,70.0,60.0,269.0,126.0,145.0,119.73448518419104,0.0,0.0,931.734485184191,17,197,881500,2,171978815002
50.0,20.0,84.0,1.0,1.0,1.0,38.0,13.0,90.0,5.0,44.0,135.0,120.0,97.9590682783174,0.0,0.0,699.9590682783174,17,197,881500,3,171978815003
0.0,5.0,8.0,1.0,54.0,6.0,0.0,3.0,13.0,35.0,47.0,121.0,52.0,98.10190823466255,0.0,0.0,443.1019082346626,17,197,881601,1,171978816011
21.0,74.0,32.0,3.0,90.0,96.0,44.0,2.0,2.0,76.0,103.0,192.0,109.0,111.52034555525731,0.0,0.0,955.5203455552573,17,197,881601,2,171978816012
13.0,1.0,6.0,2.0,90.0,7.0,48.0,120.0,24.0,37.0,197.0,278.0,286.0,103.0,0.0,0.0,1212.0,17,197,881603,1,171978816031
60.0,164.0,151.0,191.0,193.0,30.0,138.0,129.0,187.0,223.0,204.0,56.0,18.0,87.0,0.0,0.0,1831.0,17,197,881603,2,171978816032
20.0,1.0,2.0,0.0,1.0,28.0,1.0,35.0,4.0,169.0,152.0,533.0,128.0,100.96927113234206,0.0,0.0,1174.969271132342,17,197,881604,1,171978816041
101.0,52.0,60.0,51.0,258.0,71.0,138.0,102.0,13.0,112.0,155.0,186.0,28.0,92.41831701501079,0.0,0.0,1419.4183170150109,17,197,881604,2,171978816042
1.0,33.0,11.0,25.0,6.0,25.0,40.0,9.0,4.0,90.0,36.0,53.0,88.0,90.16324566439445,0.0,0.0,511.1632456643945,17,197,881700,1,171978817001
41.0,19.0,1.0,17.0,74.0,1.0,71.0,11.0,34.0,48.0,182.0,204.0,89.0,91.23454533698305,0.0,0.0,883.234545336983,17,197,881700,2,171978817002
38.0,4.0,0.0,1.0,67.0,47.0,51.0,7.0,0.0,45.0,157.0,304.0,105.0,94.04069111051463,0.0,0.0,920.0406911105147,17,197,881700,3,171978817003
3.0,82.0,9.0,180.0,192.0,1.0,10.0,101.0,115.0,65.0,118.0,212.0,122.0,76.0,0.0,0.0,1286.0,17,197,881800,1,171978818001
14.0,0.0,63.0,33.0,33.0,60.0,20.0,23.0,3.0,208.0,95.0,47.0,18.0,72.0,0.0,0.0,689.0,17,197,881800,2,171978818002
6.0,68.0,9.0,3.0,47.0,141.0,60.0,93.0,0.0,5.0,78.0,18.0,17.0,90.0,0.0,0.0,635.0,17,197,881800,3,171978818003
1.0,8.0,78.0,130.0,11.0,7.0,126.0,81.0,0.0,167.0,84.0,231.0,79.0,82.66318551160245,0.0,0.0,1085.6631855116025,17,197,881800,4,171978818004
18.0,15.0,103.0,282.0,2.0,124.0,35.0,20.0,102.0,41.0,220.0,224.0,11.0,101.0,0.0,0.0,1298.0,17,197,881900,1,171978819001
120.0,33.0,17.0,94.0,4.0,54.0,3.0,67.0,8.0,27.0,7.0,53.0,2.0,94.0,0.0,0.0,583.0,17,197,881900,2,171978819002
405.0,3.0,5.0,1.0,7.0,11.0,5.0,4.0,2.0,5.0,5.0,2.0,16.0,90.0,0.0,0.0,561.0,17,197,881900,3,171978819003
223.0,57.0,185.0,130.0,2.0,158.0,57.0,4.0,111.0,4.0,103.0,46.0,4.0,117.0,0.0,0.0,1201.0,17,197,881900,4,171978819004
96.0,15.0,192.0,151.0,21.0,40.0,159.0,14.0,50.0,27.0,148.0,76.0,13.0,104.0,0.0,0.0,1106.0,17,197,882000,1,171978820001
71.0,5.0,118.0,8.0,187.0,16.0,34.0,64.0,13.0,43.0,35.0,43.0,14.0,89.55095411733127,0.0,0.0,740.5509541173312,17,197,882000,2,171978820002
312.0,124.0,41.0,43.0,27.0,6.0,17.0,3.0,1.0,29.0,5.0,4.0,33.0,100.0,0.0,0.0,745.0,17,197,882000,3,171978820003
14.0,3.0,119.0,208.0,5.0,83.0,37.0,29.0,49.0,74.0,217.0,128.0,137.0,91.0,0.0,0.0,1194.0,17,197,882100,1,171978821001
209.0,156.0,139.0,163.0,44.0,46.0,37.0,31.0,83.0,92.0,65.0,193.0,10.0,97.51014270123267,0.0,0.0,1365.5101427012326,17,197,882100,2,171978821002
10.0,85.0,1.0,62.0,2.0,7.0,92.0,53.0,54.0,4.0,0.0,29.0,10.0,93.0,0.0,0.0,502.0,17,197,882200,1,171978822001
53.0,67.0,1.0,71.0,3.0,2.0,0.0,9.0,81.0,67.0,82.0,120.0,38.0,97.0,0.0,0.0,691.0,17,197,882200,2,171978822002
27.0,56.0,195.0,369.0,54.0,153.0,97.0,321.0,75.0,98.0,159.0,330.0,147.0,90.92845971624344,0.0,0.0,2171.9284597162437,17,197,882200,3,171978822003
120.0,47.0,164.0,25.0,125.0,101.0,30.0,92.0,19.0,5.0,96.0,130.0,27.0,94.0,0.0,0.0,1075.0,17,197,882200,4,171978822004
54.0,18.0,95.0,76.0,150.0,61.0,4.0,137.0,159.0,69.0,164.0,361.0,143.0,83.44892557708474,0.0,0.0,1574.4489255770848,17,197,882300,1,171978823001
22.0,8.0,50.0,77.0,65.0,230.0,164.0,16.0,32.0,95.0,232.0,147.0,102.0,110.71419978172572,0.0,0.0,1350.7141997817257,17,197,882300,2,171978823002
89.0,68.0,108.0,19.0,80.0,205.0,33.0,1.0,0.0,123.0,71.0,180.0,11.0,93.0,0.0,0.0,1081.0,17,197,882300,3,171978823003
148.0,3.0,107.0,102.0,115.0,40.0,233.0,226.0,167.0,42.0,110.0,141.0,85.0,103.48973699318336,0.0,0.0,1622.4897369931834,17,197,882400,1,171978824001
24.0,158.0,0.0,74.0,86.0,8.0,41.0,58.0,3.0,36.0,271.0,134.0,13.0,95.65298265757781,0.0,0.0,1001.6529826575778,17,197,882400,2,171978824002
54.0,0.0,51.0,214.0,4.0,42.0,63.0,11.0,20.0,4.0,33.0,105.0,63.0,82.26527420464097,0.0,0.0,746.265274204641,17,197,882400,3,171978824003
364.0,272.0,115.0,50.0,92.0,84.0,32.0,3.0,0.0,31.0,1.0,19.0,66.0,98.0,0.0,0.0,1227.0,17,197,882500,1,171978825001
65.0,31.0,75.0,64.0,4.0,5.0,115.0,0.0,154.0,62.0,57.0,185.0,5.0,95.60196838745455,0.0,0.0,917.6019683874546,17,197,882500,2,171978825002
75.0,1.0,74.0,21.0,0.0,14.0,31.0,38.0,71.0,58.0,96.0,276.0,121.0,87.0,0.0,0.0,963.0,17,197,882601,1,171978826011
3.0,4.0,10.0,49.0,2.0,1.0,6.0,96.0,11.0,17.0,362.0,74.0,159.0,101.90805400819414,0.0,0.0,895.9080540081941,17,197,882601,2,171978826012
0.0,69.0,53.0,34.0,24.0,45.0,27.0,65.0,167.0,107.0,75.0,225.0,186.0,97.29588276671494,0.0,0.0,1174.2958827667148,17,197,882601,3,171978826013
7.0,148.0,318.0,234.0,0.0,113.0,5.0,136.0,0.0,1.0,62.0,154.0,41.0,93.1121110886872,0.0,0.0,1312.1121110886872,17,197,882602,1,171978826021
16.0,24.0,246.0,36.0,168.0,255.0,42.0,188.0,107.0,252.0,93.0,140.0,66.0,94.3060856207396,0.0,0.0,1727.3060856207396,17,197,882602,2,171978826022
1.0,2.0,30.0,1.0,0.0,3.0,3.0,5.0,1.0,150.0,35.0,80.0,21.0,81.0712996725886,0.0,0.0,413.07129967258857,17,197,882701,1,171978827011
18.0,48.0,0.0,107.0,25.0,12.0,47.0,92.0,71.0,82.0,386.0,459.0,218.0,89.60196838745455,0.0,0.0,1654.6019683874545,17,197,882701,2,171978827012
23.0,76.0,58.0,1.0,3.0,91.0,51.0,90.0,2.0,132.0,24.0,62.0,62.0,104.07141997817257,0.0,0.0,779.0714199781726,17,197,882702,1,171978827021
4.0,0.0,49.0,135.0,3.0,277.0,0.0,28.0,339.0,2.0,57.0,178.0,8.0,80.0,0.0,0.0,1160.0,17,197,882702,2,171978827022
2.0,44.0,165.0,1.0,98.0,35.0,5.0,17.0,109.0,99.0,31.0,66.0,231.0,83.0,0.0,0.0,986.0,17,197,882702,3,171978827023
172.0,44.0,93.0,52.0,115.0,26.0,145.0,21.0,45.0,68.0,150.0,194.0,58.0,92.31628847476425,0.0,0.0,1275.3162884747642,17,197,882801,1,171978828011
103.0,14.0,7.0,9.0,230.0,32.0,95.0,9.0,25.0,29.0,169.0,96.0,80.0,98.23466564256702,0.0,0.0,996.234665642567,17,197,882801,2,171978828012
32.0,2.0,81.0,59.0,39.0,28.0,23.0,74.0,1.0,213.0,332.0,17.0,131.0,84.12243424829583,0.0,0.0,1116.1224342482958,17,197,882802,1,171978828021
2.0,2.0,98.0,111.0,157.0,1.0,0.0,3.0,137.0,488.0,31.0,73.0,6.0,109.34689703683821,0.0,0.0,1218.3468970368383,17,197,882802,2,171978828022
80.0,32.0,122.0,83.0,2.0,49.0,5.0,27.0,20.0,50.0,26.0,10.0,14.0,66.0,0.0,0.0,586.0,17,197,882802,3,171978828023
33.0,13.0,12.0,63.0,82.0,46.0,41.0,71.0,2.0,152.0,135.0,157.0,67.0,94.45912843110939,0.0,0.0,968.4591284311094,17,197,882900,1,171978829001
71.0,37.0,68.0,47.0,3.0,75.0,26.0,46.0,66.0,112.0,238.0,136.0,149.0,83.36730274488752,0.0,0.0,1157.3673027448874,17,197,882900,2,171978829002
83.0,4.0,94.0,17.0,86.0,1.0,95.0,30.0,5.0,64.0,94.0,71.0,86.0,85.06121712414792,0.0,0.0,815.0612171241479,17,197,883000,1,171978830001
2.0,23.0,48.0,8.0,7.0,0.0,17.0,27.0,2.0,165.0,83.0,95.0,46.0,106.12231394271186,0.0,0.0,629.1223139427118,17,197,883000,2,171978830002
146.0,142.0,134.0,49.0,59.0,8.0,5.0,99.0,3.0,208.0,256.0,144.0,69.0,97.55095411733127,0.0,0.0,1419.5509541173312,17,197,883000,3,171978830003
105.0,168.0,138.0,23.0,78.0,131.0,90.0,50.0,60.0,133.0,279.0,334.0,102.0,91.08162283219723,0.0,0.0,1782.0816228321971,17,197,883100,1,171978831001
1.0,3.0,50.0,50.0,90.0,42.0,44.0,33.0,27.0,61.0,128.0,174.0,116.0,101.99987969441602,0.0,0.0,920.999879694416,17,197,883100,2,171978831002
126.0,18.0,33.0,78.0,57.0,21.0,43.0,102.0,60.0,194.0,74.0,86.0,132.0,81.0,0.0,0.0,1105.0,17,197,883100,3,171978831003
104.0,0.0,30.0,12.0,35.0,203.0,41.0,57.0,1.0,75.0,159.0,146.0,299.0,83.88752799456084,0.0,0.0,1245.8875279945607,17,197,883206,1,171978832061
86.0,23.0,1.0,6.0,91.0,90.0,117.0,76.0,67.0,183.0,179.0,198.0,121.0,101.46933128513405,0.0,0.0,1339.469331285134,17,197,883206,2,171978832062
1.0,105.0,5.0,3.0,125.0,9.0,11.0,124.0,60.0,216.0,99.0,126.0,155.0,87.0,0.0,0.0,1126.0,17,197,883206,3,171978832063
83.0,79.0,81.0,103.0,3.0,20.0,39.0,28.0,41.0,285.0,2.0,224.0,152.0,93.42851986903543,0.0,0.0,1233.4285198690354,17,197,883208,1,171978832081
77.0,72.0,25.0,40.0,29.0,77.0,13.0,199.0,86.0,192.0,239.0,250.0,90.0,98.64277980355315,0.0,0.0,1487.6427798035531,17,197,883208,2,171978832082
2.0,67.0,0.0,1.0,1.0,35.0,7.0,0.0,27.0,28.0,262.0,196.0,167.0,87.73460548977503,0.0,0.0,880.734605489775,17,197,883209,1,171978832091
5.0,0.0,113.0,63.0,7.0,94.0,21.0,2.0,12.0,55.0,86.0,39.0,90.0,99.62237409550384,0.0,0.0,686.6223740955038,17,197,883209,2,171978832092
0.0,3.0,19.0,3.0,4.0,19.0,159.0,10.0,31.0,153.0,10.0,86.0,223.0,101.61205093589521,0.0,0.0,821.6120509358952,17,197,883209,3,171978832093
133.0,53.0,45.0,80.0,26.0,67.0,39.0,46.0,2.0,28.0,27.0,82.0,73.0,101.58156267940524,0.0,0.0,802.5815626794052,17,197,883210,1,171978832101
0.0,35.0,69.0,14.0,75.0,79.0,40.0,6.0,26.0,315.0,3.0,204.0,71.0,79.4387227230601,0.0,0.0,1016.43872272306,17,197,883210,2,171978832102
2.0,2.0,2.0,83.0,6.0,50.0,90.0,423.0,4.0,93.0,524.0,480.0,320.0,81.21401932334975,0.0,0.0,2160.21401932335,17,197,883211,1,171978832111
28.0,32.0,21.0,77.0,56.0,35.0,172.0,32.0,0.0,80.0,175.0,459.0,225.0,96.56091636018796,0.0,0.0,1488.560916360188,17,197,883211,2,171978832112
2.0,18.0,24.0,29.0,104.0,1.0,116.0,28.0,58.0,216.0,149.0,246.0,419.0,87.25495104503234,0.0,0.0,1497.2549510450324,17,197,883211,3,171978832113
239.0,3.0,292.0,122.0,65.0,55.0,212.0,63.0,23.0,145.0,646.0,1118.0,941.0,97.64181735888127,0.0,0.0,4021.6418173588813,17,197,883212,1,171978832121
66.0,3.0,19.0,115.0,2.0,2.0,24.0,59.0,59.0,216.0,127.0,386.0,150.0,103.6422985812172,0.0,0.0,1331.6422985812171,17,197,883213,1,171978832131
2.0,1.0,1.0,2.0,1.0,2.0,15.0,2.0,32.0,107.0,26.0,144.0,208.0,88.25483073944835,0.0,0.0,631.2548307394484,17,197,883213,2,171978832132
92.0,228.0,43.0,25.0,8.0,141.0,4.0,47.0,33.0,77.0,188.0,305.0,272.0,96.47929352799073,0.0,0.0,1559.4792935279906,17,197,883213,3,171978832133
10.0,62.0,224.0,158.0,137.0,20.0,65.0,215.0,46.0,89.0,398.0,480.0,238.0,102.44880527150076,0.0,0.0,2244.4488052715005,17,197,883214,1,171978832141
66.0,118.0,213.0,170.0,118.0,149.0,135.0,419.0,338.0,804.0,842.0,1843.0,2259.0,114.56967554720478,0.0,0.0,7588.5696755472045,17,197,883215,1,171978832151
18.0,6.0,1.0,4.0,7.0,17.0,1.0,7.0,2.0,76.0,29.0,190.0,248.0,90.14271965076117,0.0,0.0,696.1427196507611,17,197,883216,1,171978832161
5.0,5.0,4.0,24.0,5.0,118.0,18.0,2.0,26.0,22.0,161.0,196.0,165.0,91.49993984720801,0.0,0.0,842.499939847208,17,197,883216,2,171978832162
4.0,3.0,0.0,22.0,27.0,109.0,44.0,1.0,28.0,20.0,42.0,270.0,121.0,112.85703973807087,0.0,0.0,803.8570397380709,17,197,883216,3,171978832163
1.0,5.0,5.0,10.0,1.0,19.0,24.0,2.0,48.0,16.0,143.0,225.0,255.0,95.51002239564868,0.0,0.0,849.5100223956487,17,197,883303,1,171978833031
3.0,9.0,3.0,0.0,13.0,5.0,39.0,61.0,99.0,147.0,185.0,629.0,494.0,87.67302744887516,0.0,0.0,1774.6730274488752,17,197,883303,2,171978833032
64.0,32.0,37.0,92.0,28.0,2.0,30.0,90.0,78.0,74.0,296.0,285.0,232.0,91.7856197598983,0.0,0.0,1431.7856197598983,17,197,883304,1,171978833041
3.0,6.0,10.0,2.0,3.0,4.0,68.0,4.0,4.0,238.0,179.0,273.0,158.0,97.00996224285669,0.0,0.0,1049.0099622428565,17,197,883305,1,171978833051
0.0,1.0,4.0,0.0,1.0,50.0,27.0,36.0,38.0,63.0,1.0,304.0,317.0,109.88752799456084,0.0,0.0,951.8875279945609,17,197,883305,2,171978833052
4.0,3.0,8.0,21.0,96.0,135.0,57.0,12.0,29.0,80.0,185.0,517.0,694.0,97.44856466033278,0.0,0.0,1938.4485646603327,17,197,883306,1,171978833061
9.0,1.0,4.0,43.0,14.0,58.0,48.0,99.0,4.0,10.0,112.0,326.0,127.0,103.56115697135593,0.0,0.0,958.5611569713559,17,197,883306,2,171978833062
1.0,121.0,60.0,156.0,152.0,107.0,71.0,21.0,74.0,139.0,249.0,279.0,371.0,96.64265949796916,0.0,0.0,1897.6426594979691,17,197,883307,1,171978833071
1.0,29.0,1.0,10.0,169.0,1.0,80.0,69.0,182.0,3.0,285.0,371.0,228.0,100.91825686221878,0.0,0.0,1529.9182568622189,17,197,883307,2,171978833072
92.0,18.0,0.0,1.0,94.0,2.0,3.0,26.0,33.0,121.0,137.0,121.0,55.0,102.0,0.0,0.0,805.0,17,197,883401,1,171978834011
6.0,33.0,112.0,37.0,33.0,8.0,18.0,29.0,10.0,43.0,188.0,252.0,117.0,97.6325769495285,0.0,0.0,983.6325769495285,17,197,883401,2,171978834012
2.0,118.0,126.0,47.0,80.0,0.0,12.0,16.0,32.0,218.0,1.0,4.0,44.0,96.85703973807087,0.0,0.0,796.8570397380709,17,197,883401,3,171978834013
34.0,70.0,25.0,21.0,21.0,4.0,29.0,42.0,110.0,58.0,92.0,27.0,147.0,92.72440263575038,0.0,0.0,772.7244026357504,17,197,883401,4,171978834014
5.0,66.0,0.0,4.0,1.0,83.0,10.0,94.0,49.0,31.0,106.0,80.0,39.0,96.12243424829583,0.0,0.0,664.1224342482958,17,197,883402,1,171978834021
73.0,16.0,33.0,56.0,44.0,101.0,24.0,40.0,95.0,228.0,242.0,150.0,98.0,81.08150252661324,0.0,0.0,1281.0815025266133,17,197,883402,2,171978834022
25.0,6.0,30.0,160.0,28.0,64.0,116.0,32.0,4.0,103.0,86.0,456.0,411.0,88.27523644749766,0.0,0.0,1609.2752364474977,17,197,883504,1,171978835041
2.0,1.0,4.0,35.0,41.0,0.0,2.0,4.0,22.0,93.0,57.0,181.0,27.0,108.45912843110939,0.0,0.0,577.4591284311093,17,197,883504,2,171978835042
5.0,9.0,40.0,160.0,38.0,54.0,92.0,1.0,107.0,176.0,62.0,152.0,176.0,102.34677673125422,0.0,0.0,1174.3467767312543,17,197,883504,3,171978835043
2.0,7.0,2.0,1.0,1.0,179.0,10.0,0.0,31.0,1.0,55.0,167.0,417.0,101.4893760764314,0.0,0.0,974.4893760764314,17,197,883505,1,171978835051
341.0,26.0,37.0,93.0,33.0,0.0,67.0,74.0,1.0,27.0,59.0,194.0,196.0,98.83639341885359,0.0,0.0,1246.8363934188535,17,197,883505,2,171978835052
0.0,2.0,10.0,1.0,2.0,10.0,1.0,26.0,1.0,14.0,63.0,139.0,17.0,88.0,0.0,0.0,374.0,17,197,883505,3,171978835053
1.0,1.0,4.0,44.0,45.0,106.0,34.0,61.0,2.0,1.0,90.0,607.0,297.0,88.04057080493064,0.0,0.0,1381.0405708049307,17,197,883505,4,171978835054
0.0,7.0,2.0,1.0,32.0,70.0,19.0,0.0,157.0,44.0,263.0,229.0,330.0,99.83663403002157,0.0,0.0,1253.8366340300215,17,197,883505,5,171978835055
0.0,0.0,29.0,1.0,44.0,101.0,10.0,16.0,47.0,141.0,92.0,360.0,377.0,90.61205093589521,0.0,0.0,1308.6120509358952,17,197,883507,1,171978835071
3.0,1.0,25.0,196.0,5.0,32.0,26.0,15.0,31.0,100.0,59.0,218.0,663.0,83.55083381174728,0.0,0.0,1457.5508338117472,17,197,883507,2,171978835072
7.0,142.0,32.0,118.0,2.0,65.0,8.0,81.0,60.0,188.0,73.0,160.0,309.0,85.68347091406778,0.0,0.0,1330.6834709140678,17,197,883509,1,171978835091
1.0,11.0,64.0,79.0,64.0,136.0,51.0,54.0,200.0,285.0,239.0,353.0,275.0,79.40811416098613,0.0,0.0,1891.408114160986,17,197,883509,2,171978835092
1.0,69.0,61.0,140.0,54.0,16.0,194.0,26.0,2.0,94.0,212.0,221.0,217.0,92.32576949528499,0.0,0.0,1399.325769495285,17,197,883510,1,171978835101
22.0,12.0,2.0,1.0,0.0,44.0,0.0,17.0,138.0,436.0,247.0,722.0,549.0,92.36682152255158,0.0,0.0,2282.3668215225516,17,197,883510,2,171978835102
94.0,1.0,63.0,4.0,25.0,8.0,184.0,42.0,0.0,1.0,341.0,173.0,127.0,98.9590682783174,0.0,0.0,1161.9590682783173,17,197,883511,1,171978835111
0.0,7.0,40.0,63.0,0.0,57.0,13.0,3.0,6.0,202.0,136.0,530.0,230.0,116.91825686221878,0.0,0.0,1403.9182568622189,17,197,883511,2,171978835112
3.0,2.0,37.0,3.0,9.0,35.0,44.0,26.0,126.0,100.0,71.0,285.0,250.0,93.25495104503234,0.0,0.0,1084.2549510450324,17,197,883511,3,171978835113
7.0,1.0,55.0,0.0,3.0,27.0,7.0,100.0,2.0,74.0,228.0,431.0,218.0,99.96903052117409,0.0,0.0,1252.969030521174,17,197,883513,1,171978835131
4.0,137.0,287.0,56.0,5.0,0.0,112.0,30.0,150.0,41.0,44.0,404.0,232.0,85.87732514053619,0.0,0.0,1587.8773251405362,17,197,883513,2,171978835132
6.0,2.0,4.0,22.0,2.0,19.0,31.0,119.0,188.0,63.0,112.0,273.0,254.0,93.16300505322648,0.0,0.0,1188.1630050532265,17,197,883513,3,171978835133
66.0,35.0,41.0,221.0,271.0,3.0,7.0,2.0,73.0,243.0,230.0,574.0,267.0,85.47917322240674,0.0,0.0,2118.4791732224066,17,197,883514,1,171978835141
28.0,20.0,0.0,119.0,90.0,54.0,56.0,20.0,5.0,284.0,399.0,507.0,691.0,103.27463491957775,0.0,0.0,2376.2746349195777,17,197,883514,2,171978835142
0.0,1.0,16.0,15.0,7.0,0.0,59.0,9.0,62.0,37.0,18.0,349.0,380.0,82.94874511870876,0.0,0.0,1035.9487451187088,17,197,883515,1,171978835151
2.0,3.0,2.0,18.0,1.0,21.0,67.0,30.0,7.0,162.0,196.0,253.0,40.0,87.3977910013775,0.0,0.0,889.3977910013775,17,197,883515,2,171978835152
1.0,3.0,2.0,3.0,8.0,12.0,9.0,3.0,1.0,54.0,59.0,154.0,81.0,107.90805400819414,0.0,0.0,497.9080540081941,17,197,883515,3,171978835153
150.0,1.0,103.0,246.0,21.0,52.0,3.0,0.0,161.0,371.0,306.0,606.0,684.0,104.73388365627112,0.0,0.0,2808.7338836562712,17,197,883516,1,171978835161
1.0,4.0,35.0,3.0,2.0,5.0,11.0,1.0,35.0,12.0,186.0,81.0,78.0,108.62237409550384,0.0,0.0,562.6223740955038,17,197,883516,2,171978835162
5.0,3.0,1.0,2.0,97.0,0.0,6.0,8.0,0.0,76.0,118.0,558.0,148.0,79.0915850750539,0.0,0.0,1101.091585075054,17,197,883517,1,171978835171
18.0,3.0,49.0,3.0,16.0,59.0,15.0,7.0,40.0,99.0,216.0,264.0,324.0,116.02028540246532,0.0,0.0,1229.0202854024653,17,197,883517,2,171978835172
18.0,34.0,4.0,94.0,116.0,209.0,32.0,66.0,138.0,208.0,183.0,368.0,244.0,87.76473282951305,0.0,0.0,1801.7647328295132,17,197,883519,1,171978835191
8.0,8.0,23.0,3.0,91.0,47.0,6.0,0.0,2.0,8.0,382.0,100.0,90.0,99.26491328788903,0.0,0.0,867.264913287889,17,197,883519,2,171978835192
0.0,4.0,85.0,21.0,0.0,166.0,8.0,5.0,0.0,52.0,156.0,97.0,260.0,96.89785115416949,0.0,0.0,950.8978511541695,17,197,883519,3,171978835193
0.0,2.0,43.0,4.0,1.0,95.0,3.0,94.0,134.0,23.0,261.0,258.0,41.0,104.67326806004313,0.0,0.0,1063.673268060043,17,197,883521,1,171978835211
2.0,0.0,6.0,1.0,42.0,22.0,3.0,23.0,3.0,3.0,73.0,162.0,238.0,99.10190823466255,0.0,0.0,677.1019082346626,17,197,883521,2,171978835212
3.0,22.0,4.0,60.0,0.0,3.0,0.0,38.0,40.0,4.0,96.0,177.0,107.0,84.44868496591677,0.0,0.0,638.4486849659168,17,197,883521,3,171978835213
2.0,1.0,1.0,0.0,6.0,12.0,15.0,0.0,50.0,3.0,186.0,169.0,408.0,98.0,0.0,0.0,951.0,17,197,883522,1,171978835221
100.0,1.0,0.0,43.0,1.0,4.0,1.0,1.0,14.0,60.0,42.0,89.0,138.0,99.1938542264684,0.0,0.0,593.1938542264684,17,197,883522,2,171978835222
31.0,0.0,2.0,2.0,0.0,10.0,53.0,13.0,51.0,72.0,207.0,152.0,228.0,101.63233633836053,0.0,0.0,922.6323363383606,17,197,883522,3,171978835223
12.0,1.0,25.0,129.0,46.0,1.0,19.0,79.0,25.0,17.0,217.0,117.0,105.0,114.20393677490908,0.0,0.0,907.203936774909,17,197,883602,1,171978836021
3.0,2.0,0.0,27.0,18.0,4.0,4.0,6.0,2.0,178.0,167.0,132.0,153.0,87.6832303028998,0.0,0.0,783.6832303028998,17,197,883602,2,171978836022
2.0,53.0,6.0,4.0,181.0,2.0,60.0,115.0,189.0,47.0,527.0,245.0,32.0,82.92845971624344,0.0,0.0,1545.9284597162434,17,197,883602,3,171978836023
1.0,4.0,5.0,32.0,89.0,37.0,33.0,2.0,1.0,69.0,132.0,177.0,25.0,75.19361361530045,0.0,0.0,682.1936136153005,17,197,883602,4,171978836024
46.0,3.0,103.0,2.0,241.0,85.0,43.0,4.0,8.0,67.0,295.0,200.0,160.0,87.41831701501079,0.0,0.0,1344.4183170150109,17,197,883603,1,171978836031
150.0,26.0,86.0,56.0,195.0,34.0,68.0,58.0,16.0,43.0,140.0,389.0,35.0,81.53042810369799,0.0,0.0,1377.530428103698,17,197,883603,2,171978836032
83.0,13.0,8.0,38.0,54.0,93.0,15.0,43.0,227.0,141.0,163.0,202.0,171.0,85.52034555525731,0.0,0.0,1336.5203455552573,17,197,883605,1,171978836051
442.0,149.0,160.0,265.0,43.0,3.0,3.0,74.0,195.0,118.0,62.0,133.0,123.0,94.3060856207396,0.0,0.0,1864.3060856207396,17,197,883605,2,171978836052
0.0,77.0,37.0,37.0,3.0,43.0,115.0,3.0,217.0,97.0,321.0,363.0,421.0,83.71395917055776,0.0,0.0,1817.7139591705577,17,197,883606,1,171978836061
205.0,47.0,10.0,19.0,86.0,2.0,80.0,187.0,7.0,226.0,168.0,117.0,224.0,75.71419978172572,0.0,0.0,1453.7141997817257,17,197,883606,2,171978836062
139.0,127.0,38.0,35.0,4.0,39.0,60.0,45.0,32.0,222.0,31.0,114.0,49.0,116.13263710232049,0.0,0.0,1051.1326371023206,17,197,883700,1,171978837001
74.0,20.0,67.0,79.0,106.0,58.0,3.0,21.0,2.0,2.0,74.0,66.0,1.0,81.0,0.0,0.0,654.0,17,197,883700,2,171978837002
137.0,33.0,4.0,65.0,3.0,46.0,46.0,48.0,0.0,41.0,115.0,185.0,66.0,93.0,0.0,0.0,882.0,17,197,883700,3,171978837003
127.0,149.0,121.0,78.0,2.0,146.0,78.0,142.0,71.0,185.0,16.0,28.0,7.0,81.0,0.0,0.0,1231.0,17,197,883803,1,171978838031
7.0,6.0,0.0,45.0,198.0,2.0,2.0,145.0,121.0,326.0,274.0,114.0,26.0,95.46921097955007,0.0,0.0,1361.46921097955,17,197,883803,2,171978838032
9.0,135.0,116.0,65.0,4.0,23.0,145.0,83.0,3.0,1.0,52.0,276.0,185.0,92.0,0.0,0.0,1189.0,17,197,883804,1,171978838041
107.0,1.0,24.0,59.0,2.0,41.0,16.0,142.0,12.0,310.0,175.0,320.0,69.0,85.40811416098613,0.0,0.0,1363.408114160986,17,197,883804,2,171978838042
85.0,11.0,7.0,47.0,3.0,77.0,7.0,24.0,44.0,47.0,123.0,102.0,261.0,117.0,0.0,0.0,955.0,17,197,883806,1,171978838061
2.0,31.0,79.0,5.0,0.0,19.0,82.0,3.0,1.0,9.0,147.0,35.0,99.0,79.57135982538058,0.0,0.0,591.5713598253806,17,197,883806,2,171978838062
34.0,5.0,0.0,14.0,253.0,72.0,29.0,65.0,87.0,110.0,9.0,366.0,312.0,98.68347091406778,0.0,0.0,1454.6834709140678,17,197,883806,3,171978838063
19.0,46.0,95.0,55.0,54.0,40.0,113.0,32.0,96.0,216.0,193.0,360.0,286.0,83.59176553342988,0.0,0.0,1688.59176553343,17,197,883808,1,171978838081
66.0,92.0,9.0,27.0,107.0,105.0,194.0,35.0,66.0,72.0,207.0,4.0,69.0,98.0,0.0,0.0,1151.0,17,197,883809,1,171978838091
0.0,62.0,79.0,126.0,56.0,35.0,124.0,56.0,31.0,120.0,18.0,402.0,164.0,89.70399692770107,0.0,0.0,1362.7039969277012,17,197,883809,2,171978838092
76.0,2.0,2.0,2.0,7.0,7.0,2.0,50.0,0.0,19.0,90.0,500.0,150.0,91.80590516236362,0.0,0.0,998.8059051623636,17,197,883810,1,171978838101
6.0,0.0,109.0,155.0,6.0,43.0,45.0,38.0,97.0,6.0,86.0,297.0,116.0,86.22446278854237,0.0,0.0,1090.2244627885423,17,197,883810,2,171978838102
12.0,41.0,1.0,66.0,57.0,41.0,14.0,2.0,65.0,109.0,29.0,156.0,105.0,88.54075126330662,0.0,0.0,786.5407512633067,17,197,883810,3,171978838103
151.0,0.0,33.0,22.0,8.0,148.0,8.0,12.0,90.0,21.0,50.0,216.0,88.0,105.0712996725886,0.0,0.0,952.0712996725886,17,197,883811,1,171978838111
74.0,69.0,10.0,58.0,23.0,4.0,112.0,51.0,277.0,98.0,237.0,369.0,170.0,89.28567991269028,0.0,0.0,1641.2856799126903,17,197,883811,2,171978838112
5.0,1.0,65.0,213.0,99.0,72.0,100.0,190.0,30.0,326.0,416.0,695.0,443.0,93.85703973807087,0.0,0.0,2748.857039738071,17,197,883902,1,171978839021
30.0,156.0,4.0,52.0,27.0,56.0,0.0,31.0,2.0,77.0,169.0,278.0,248.0,96.38758814735283,0.0,0.0,1226.3875881473527,17,197,883902,2,171978839022
1.0,136.0,50.0,42.0,7.0,51.0,0.0,18.0,20.0,91.0,78.0,187.0,37.0,76.0,0.0,0.0,794.0,17,197,883902,3,171978839023
17.0,18.0,3.0,1.0,2.0,1.0,5.0,109.0,71.0,33.0,29.0,24.0,171.0,102.39791130696148,0.0,0.0,586.3979113069614,17,197,883902,4,171978839024
34.0,5.0,4.0,13.0,86.0,56.0,10.0,86.0,13.0,213.0,421.0,393.0,216.0,97.03048825648997,0.0,0.0,1647.03048825649,17,197,883903,1,171978839031
3.0,7.0,2.0,138.0,36.0,3.0,1.0,62.0,91.0,250.0,195.0,360.0,523.0,87.48961668759937,0.0,0.0,1758.4896166875994,17,197,883904,1,171978839041
67.0,2.0,42.0,42.0,1.0,1.0,61.0,46.0,70.0,135.0,105.0,130.0,132.0,81.0,0.0,0.0,915.0,17,197,883904,2,171978839042
1.0,33.0,34.0,127.0,20.0,0.0,59.0,35.0,15.0,147.0,24.0,444.0,31.0,104.31616816918026,0.0,0.0,1074.3161681691802,17,197,883904,3,171978839043
35.0,150.0,111.0,178.0,62.0,124.0,8.0,5.0,2.0,183.0,254.0,495.0,229.0,79.83663403002157,0.0,0.0,1915.8366340300215,17,197,884003,1,171978840031
2.0,19.0,33.0,0.0,20.0,70.0,3.0,29.0,25.0,53.0,0.0,145.0,124.0,93.27547705866564,0.0,0.0,616.2754770586656,17,197,884003,2,171978840032
5.0,34.0,0.0,13.0,0.0,173.0,85.0,34.0,37.0,148.0,60.0,247.0,160.0,105.99987969441602,0.0,0.0,1101.999879694416,17,197,884003,3,171978840033
105.0,1.0,2.0,66.0,129.0,51.0,4.0,2.0,30.0,42.0,88.0,109.0,61.0,66.9181365566348,0.0,0.0,756.9181365566347,17,197,884004,1,171978840041
0.0,105.0,26.0,76.0,136.0,78.0,57.0,108.0,74.0,151.0,207.0,275.0,219.0,85.68359121965176,0.0,0.0,1597.6835912196518,17,197,884004,2,171978840042
10.0,12.0,96.0,86.0,49.0,14.0,17.0,40.0,1.0,176.0,115.0,278.0,124.0,86.84683688404621,0.0,0.0,1104.8468368840463,17,197,884005,1,171978840051
65.0,21.0,2.0,6.0,0.0,19.0,22.0,0.0,0.0,41.0,22.0,270.0,137.0,83.265153899057,0.0,0.0,688.265153899057,17,197,884006,1,171978840061
1.0,35.0,89.0,145.0,3.0,15.0,37.0,142.0,39.0,63.0,91.0,177.0,121.0,102.87744544612018,0.0,0.0,1060.8774454461202,17,197,884006,2,171978840062
118.0,190.0,39.0,111.0,31.0,122.0,137.0,155.0,255.0,394.0,436.0,387.0,163.0,103.4590081255254,0.0,0.0,2641.4590081255255,17,197,884101,1,171978841011
96.0,10.0,117.0,160.0,1.0,266.0,115.0,3.0,200.0,247.0,316.0,561.0,485.0,105.3977910013775,0.0,0.0,2682.3977910013773,17,197,884103,1,171978841031
2.0,0.0,0.0,0.0,7.0,0.0,0.0,1.0,0.0,9.0,5.0,33.0,28.0,57.0,0.0,0.0,142.0,17,197,980100,1,171979801001
