UnitName,ParentCounty,ParentState,PopInitial_cm,PopFinal_cm,LogAvgIncInitial_cm,LogAvgIncFinal_cm,PopG_cm,RelPopG_cm,AvgG_emp_cm,RelAvgG_emp_cm,AvgG_pop_cm,RelAvgG_pop_cm,LHS_AvgG_pop_cm,AvgG_inc_cm,RelAvgG_inc_cm,PopInitialR_cm,PopFinalR_cm,Sel_cm_from_tr_pop,Sel_cm_from_tr_inc,Transmitted_AggG_pop_tr_to_cm,Transmitted_AggG_inc_tr_to_cm,Transmitted_AvgG_bg_to_cm_pop,Transmitted_Sel_tr_to_cm_pop,Transmitted_AvgG_bg_to_cm_inc,Transmitted_Sel_tr_to_cm_inc,Cumulative_Sel_pop_cm,Cumulative_Sel_inc_cm,Sel_cm_from_tr_inc_LDR,Sel_cm_from_tr_pop_LDR,Transmitted_AvgG_bg_to_cm_inc_LDR,Transmitted_AvgG_bg_to_cm_pop_LDR,Transmitted_Sel_tr_to_cm_inc_LDR,Transmitted_Sel_tr_to_cm_pop_LDR,Cumulative_Sel_inc_cm_PNC,Cumulative_Sel_inc_cm_PNC_ct,Cumulative_Sel_inc_cm_PNC_st,Cumulative_Sel_pop_cm_PNC,Cumulative_Sel_pop_cm_PNC_ct,Cumulative_Sel_pop_cm_PNC_st,Sel_cm_from_tr_inc_PNC,Sel_cm_from_tr_inc_PNC_ct,Sel_cm_from_tr_inc_PNC_st,Sel_cm_from_tr_pop_PNC,Sel_cm_from_tr_pop_PNC_ct,Sel_cm_from_tr_pop_PNC_st,Transmitted_AggG_inc_tr_to_cm_PNC,Transmitted_AggG_inc_tr_to_cm_PNC_ct,Transmitted_AggG_inc_tr_to_cm_PNC_st,Transmitted_AggG_pop_tr_to_cm_PNC,Transmitted_AggG_pop_tr_to_cm_PNC_ct,Transmitted_AggG_pop_tr_to_cm_PNC_st,Transmitted_AvgG_bg_to_cm_inc_PNC,Transmitted_AvgG_bg_to_cm_inc_PNC_ct,Transmitted_AvgG_bg_to_cm_inc_PNC_st,Transmitted_AvgG_bg_to_cm_pop_PNC,Transmitted_AvgG_bg_to_cm_pop_PNC_ct,Transmitted_AvgG_bg_to_cm_pop_PNC_st,Transmitted_Sel_tr_to_cm_inc_PNC,Transmitted_Sel_tr_to_cm_inc_PNC_ct,Transmitted_Sel_tr_to_cm_inc_PNC_st,Transmitted_Sel_tr_to_cm_pop_PNC,Transmitted_Sel_tr_to_cm_pop_PNC_ct,Transmitted_Sel_tr_to_cm_pop_PNC_st
ADDISON,17043,17,40062.29,38238.54,11.259402758015014,11.415529841068265,-0.009318317063893388,-0.009661706109195319,0.031225416610650213,0.0010923918970134547,0.03442972987980001,0.004363781366115389,0.03442972987980042,0.019778419785965406,-0.007332264222624379,,,0.002021096921938006,-0.004309597672809569,0.032408632957862005,0.02408801745877498,0.03109079512733587,0.0013178378305261278,0.02687088413247994,-0.0027828666737049626,0.0033389347524641335,-0.007092464346514532,12.688965799337934,5.870208476784443,79.1172994885912,90.30217557871956,8.193734712070865,3.827615944495998,-35.85961074376267,-26.183575776843877,-25.023692378184553,9.697824421280439,11.153677103364778,10.087419258453707,-21.78939328544145,-15.909939299049555,-15.205158767012176,5.870208476784441,6.751453422461906,6.106034865914305,121.78939328544148,88.9268383500193,84.98754585702575,94.12979152321556,108.26070413825539,97.91130779001541,135.8596107437627,99.2004748278136,94.80607946819812,90.30217557871953,103.85848045735251,93.92992339747599,-14.070217458321219,-10.273636477794321,-9.818533611172379,3.8276159444959976,4.402223680902875,3.981384392539402
ALBANY PARK,17031,17,51404.86,48488.5,11.239598645908197,11.380130517813619,-0.011681212818989196,-0.010279425428365576,0.028106374381084365,-0.007126961266029842,0.034087892903833884,0.004021944390149263,0.03408789290383396,0.021775020078997284,-0.005335663929592501,,,-0.0006587969065524499,-0.005290893398030886,0.03474668981038633,0.02706591347702816,0.03278170593085312,0.001964983879533212,0.03569412314106693,-0.00862820966403877,0.001306186972980762,-0.013919103062069655,10.664280077993379,1.860719813907449,71.94477334515754,92.5893384630965,17.39094657684907,5.549941722996056,-63.922343178434474,-47.22469779850502,-49.10949652875553,3.8318208070697564,3.6928855655857324,3.9461854163707635,-24.297995495922066,-17.95092978993732,-18.667374600643143,-1.9326419160345185,-1.8625676393848916,-1.9903235897803893,124.29799549592202,91.82916304975505,95.49418364246753,101.9326419160345,98.23673938489847,104.97492582091819,163.9223431784344,121.10293105832275,125.9363055705799,96.16817919293022,92.68128617992785,99.03841681476703,-39.6243476825124,-29.273768008567707,-30.442121928112382,5.764462723104276,5.5554532049706244,5.936509006151153
ALGONQUIN,17089,17,32652.690000000002,32584.36,11.762936272136637,11.800115771280643,-0.00041896453004888203,-0.0037894227674803785,0.0074358998288012405,-0.019804015434103775,-0.00035582289560473924,-0.03042177140928936,-0.00035582289560380785,0.005059070056790055,-0.02205161395179973,,,0.0007647214936616887,0.000292763021773279,-0.001120544389266428,0.004766307035016774,-0.0017349120364484342,0.0006143676471820081,0.005789752194661576,-0.0010234451596448021,0.0013790891408436967,-0.0007306821378715231,4.119964174846634,24.55752101952236,81.47740612445928,55.71327490495932,14.402629700694089,19.72920407551834,-14.443012839698365,-3.2079727671472864,-2.577998866263848,-387.5774037811322,5.717539679371017,4.166433725068881,5.786894003975013,1.2853411249551632,1.032928956514603,-214.91632582046338,3.1704444289973037,2.3103375460761617,94.21310599602495,20.925902489879718,16.816524581170455,314.9163258204634,-4.645643866217269,-3.385331517453734,114.44301283969833,25.419216381982167,20.427452403948905,487.57740378113175,-7.1927391165909755,-5.241427696446448,-20.22990684367338,-4.493313892102449,-3.6109278227784514,-172.66107796066882,2.547095250373713,1.8560961789927197
ALSIP,17031,17,15550.79,15118.74,11.07482561705004,11.241493958823774,-0.0056352814495305385,-0.004233494058906919,0.03333366835474685,-0.0018996672923673602,0.02471102373392896,-0.00535492477975566,0.02471102373392924,0.028267984718231963,0.0011573007096421783,,,0.0009728481680667982,-0.0016859410181640031,0.023738175565862163,0.029953925736395968,0.025755958277784395,-0.002017782711922231,0.033751641975616434,-0.0037977162392204586,-0.0010449345438554327,-0.005483657257384462,4.297000535543143,3.38422121221894,86.0236639847718,89.59657139295662,9.679335479685069,7.0192073948244325,-19.39882631197149,-18.60493852626552,-19.34748567098868,-4.228616973163709,-2.9542659464591625,-3.1569029115444085,-5.964135876572143,-5.720056438540399,-5.9483512845619115,3.936899492881184,2.7504614819132143,2.939119232224004,105.96413587657214,101.62760376672055,105.68369279359369,96.06310050711882,67.11318342156169,71.71656444826124,119.39882631197152,114.51248585444569,119.08282718002047,104.22861697316372,72.81791084993407,77.81258659202965,-13.434690435399347,-12.884882087725119,-13.399134386426764,-8.165516466044894,-5.704727428372377,-6.096022143768412
ANTIOCH,17097,17,20030.32,19282.13,11.466205759886194,11.677996969099716,-0.0076136730654774,-0.007296164713589114,0.04235824184270456,0.01431802873590849,0.04504478465433162,0.014978836140647,0.04504478465433159,0.0419981516588372,0.014887467650247413,,,0.000633340711074954,4.031867236474494e-05,0.04441144394325667,0.041957832986472446,0.04456276714595046,-0.00015132320269380334,0.04185898903067216,9.884395580030104e-05,0.0004820175083811507,0.000139162628165046,0.09600106379029452,1.3966407716478826,99.66864582685567,98.26966181891228,0.2353531093540456,0.3336974094398465,0.3313541731443402,0.5453284235488172,0.49099475550457145,1.0700850544188332,1.6943579112868918,1.45624669465838,0.09600106379029452,0.15799441509663983,0.1422526790491383,1.4060245063554775,2.2262798045530037,1.9134166312610157,99.90399893620969,164.4176976228208,148.0359793454169,98.59397549364452,156.11234050326019,134.17358772833848,99.66864582685567,164.0303636143687,147.68723726896152,98.92991494558116,156.64426239652624,134.6307576649411,0.2353531093540456,0.38733400845217725,0.34874207645543304,-0.3359394519366444,-0.5319218932661118,-0.4571699366026359
ARCHER HEIGHTS,17031,17,13987.039999999999,13717.22,10.930388756367156,11.120515868997698,-0.0038958417462851003,-0.002494054355661481,0.03802542252610834,0.0027920868789941336,0.036843337283828624,0.006777388770144003,0.0368433372838286,0.02879760117827737,0.0016869171696875865,,,-0.00011175792293193023,-0.0002916211122894666,0.03695509520676055,0.029089222290566843,0.03719286283741351,-0.00023776763065295342,0.030658024818452943,-0.0015688025278861005,-0.00034952555358488366,-0.001860423640175567,0.8967866737568386,0.29768463787649335,94.27886714047108,99.06898423737822,4.824346185772067,0.633331124745285,-6.460342403723971,-6.312040638875911,-6.5639623395123845,-0.9486804924653184,-0.9881876778264196,-1.0559687630768466,-1.0126576532681566,-0.9894113750089741,-1.0289000618666242,-0.30333279005369396,-0.31596488785472404,-0.3376373327560099,101.01265765326816,98.69384009441288,102.63283882103649,100.3033327900537,104.48040019298412,111.64684748977318,106.460342403724,104.01646935827982,108.16790109868224,100.94868049246533,105.15262298295582,112.36517892009401,-5.4476847504558155,-5.322629263866937,-5.5350622776457605,-0.6453477024116244,-0.6722227899716955,-0.7183314303208368
ARLINGTON HEIGHTS,17031,17,86222.82,85019.8,11.610291887925845,11.788735212809259,-0.0028101410544906003,-0.001408353663866981,0.03568866497668281,0.0004553293295686059,0.033539551435962926,0.003473602922278305,0.03353955143596288,0.03201053238128328,0.0048998483726934924,,,0.0008413117840278444,0.0020404049911175496,0.03269823965193508,0.029970127390165736,0.03518664451806447,-0.002488404866129385,0.032980007299906314,-0.0030098799097405832,-0.0016470930821015405,-0.0009694749186230337,5.365209870978944,2.184297162323779,86.72036261463009,91.35505912509605,7.914427514390966,6.460643712580169,-3.028612292589956,-3.289232061221295,-3.42050956433928,-4.910897765720975,-4.656704127272353,-4.976113553759966,6.37416762337444,6.922680912871986,7.198974056137447,2.508416922731245,2.3785784176852043,2.5417282222431465,93.62583237662558,101.68257269680903,105.74085560473306,97.49158307726876,92.44530815916548,98.78625275293027,103.02861229258997,111.8944856709023,116.36033922520977,104.91089776572097,99.48059070412306,106.30409452893339,-9.402779915964395,-10.21191297409328,-10.619483620476727,-7.41931468845222,-7.035282544957557,-7.517841776003113
ARMOUR SQUARE,17031,17,13844.25,13523.490000000002,10.636147132606919,10.944693391547736,-0.00468836211531567,-0.0032865747246920507,0.0617092517881634,0.026475916141049195,0.05780114144578444,0.027735192932099816,0.057801141445784764,0.0512467931571842,0.024136109148594417,,,0.00047862324367289833,-0.005257385058694499,0.05732251820211154,0.0565041782158787,0.056005968098764444,0.0013165501033470931,0.06894096307800668,-0.012436784862127969,0.0017951733470199915,-0.01769416992082247,6.068421524516562,0.8280515431028834,79.57621889832892,96.89422509293557,14.35535957715451,2.277723363961547,-34.527370066944286,-60.03273512524676,-62.42871918046101,3.10577490706443,5.0753604790636615,5.423486092271814,-10.258954238500435,-17.837242780664226,-18.549150195881825,0.8280515431028834,1.3531760034935685,1.4459921153614812,110.25895423850042,191.7072334832597,199.35851696612664,99.17194845689711,162.06370483739383,173.17986631164467,134.52737006694431,233.90272582784223,243.23808595070585,96.89422509293557,158.34152036182374,169.20237233473435,-24.268415828443846,-42.195492344582526,-43.87956898457918,2.277723363961547,3.722184475570093,3.977493976910333
ASHBURN,17031,17,42211.49,42830.43,11.244775749959324,11.342348898422296,0.0029112744810564804,0.0043130618716801,0.019514629692594453,-0.015718705954519754,0.009115377908455074,-0.02095057060522955,0.009115377908455357,0.008465146875331165,-0.01864553713325862,,,-7.850718424210669e-05,-0.0023106049516818956,0.00919388509269718,0.010775751827013059,0.009548857354859204,-0.00035497226216202424,0.016957059974008103,-0.006181308146995046,-0.00043347944640413096,-0.008491913098676942,9.079364204923145,0.7864609840871234,66.63160798503299,95.6575353543544,24.28902781004387,3.5560036615584845,-100.3161932538203,-28.811341365020066,-29.961239239503083,-4.755474219034321,-1.2255442932116019,-1.3096059791446473,-27.295509288980913,-7.83941465828057,-8.152295830265585,-0.8612608827691767,-0.22195754013749877,-0.2371818981087763,127.2955092889809,36.55994364817309,38.01909825536865,100.86126088276916,25.993189530129634,27.776096395905903,200.31619325382027,57.531870354912584,59.82804166460613,104.75547421903431,26.996776283203737,28.84852047694177,-73.02068396483938,-20.9719267067395,-21.808943409237497,-3.894213336265144,-1.003586753074103,-1.072424081035871
AUBURN GRESHAM,17031,17,47493.840000000004,45793.35,10.67463661572083,10.810637514475353,-0.0072922268697578115,-0.005890439479134192,0.027200179750904496,-0.00803315589620971,0.028398276626401084,-0.0016676718872835374,0.028398276626401753,0.01965492463888657,-0.007455759369703215,,,0.002246398621334611,-0.003322185788506449,0.02615187800506647,0.022977110427393015,0.0249066398413008,0.0012452381637656712,0.030588164526426233,-0.007611054099033219,0.0034916367851002823,-0.010933239887539668,8.00114022007651,7.910334316717646,73.66842465506242,87.70475817587393,18.330435124861065,4.3849075074084185,-55.62595679409852,-37.09426874312184,-38.574748955508085,12.295241824126064,9.871645752629105,10.548754845704138,-16.902561823786506,-11.271503572686175,-11.721363849451892,7.910334316717646,6.351076235546301,6.786704860971382,116.90256182378648,77.9566823650755,81.06803432254397,92.08966568328235,73.93726533459417,79.008719064771,155.6259567940985,103.77944753551117,107.92141942860016,87.70475817587393,70.41669581751137,75.24666908003825,-38.723394970312015,-25.822765170435662,-26.853385106056187,4.3849075074084185,3.5205695170828033,3.7620499847327564
AURORA,17043,17,202496.3,201175.62,11.349784078829801,11.486581568692232,-0.0013086713706812248,-0.0016520604159831556,0.027359497972486223,-0.002773526741150535,0.028418924168366697,-0.001647024345317924,0.028418924168366645,0.025278186434531807,-0.0018324975740579771,,,-0.0006912985055704615,-0.0022245188180353382,0.029110222673937158,0.027502705252567154,0.028981492000919883,0.0001287306730172706,0.03054794538512582,-0.003045240132558666,-0.0005625678325531909,-0.005269758950594004,6.210668325320054,2.31967523203419,85.28727887973926,97.24836469370696,8.502052794940708,0.4319600742588587,-20.847061019358325,-19.454610706134574,-18.592807865386543,-1.9795535862662565,-1.8792520424088397,-1.699601222843775,-8.800151956298917,-8.212358101971617,-7.848566009267982,-2.43252876665877,-2.3092755279153576,-2.0885157618864394,108.80015195629895,101.53299782221453,97.03527605977101,102.43252876665876,97.24239860408319,87.94631898758668,120.84706101935836,112.77525042637748,107.77951791588958,101.97955358626625,96.81237511857665,87.55740444854399,-12.046909063059408,-11.242252604162957,-10.744241856118562,0.4529751803925132,0.4300234855065179,0.3889145390426647
AUSTIN,17031,17,98510.24,92697.4,10.740049218409517,10.890568274547338,-0.01216401549039432,-0.010762228099770699,0.030103811227564135,-0.005129524419550072,0.025085803109722717,-0.004980145403961904,0.02508580310972235,0.017217169576548032,-0.009893514432041752,,,0.0006732670993716841,9.69875341750954e-05,0.024412536010351035,0.017120182042372936,0.02448543710455904,-7.29010942080075e-05,0.026943952064687617,-0.009823770022314682,0.0006003660051636766,-0.009726782488139588,0.2630904601493991,2.668348253772618,73.08874080811782,97.04272405674192,26.648168731732785,0.28892768948547726,-56.494666239384074,-33.00100311821975,-34.31811580869382,2.39325008865667,1.6973702849584038,1.8137951327559056,0.5633186903566584,0.32905906158008,0.34219223405880766,2.683857066193509,1.9034781424742373,2.034040197782555,99.43668130964333,58.08531049745944,60.40357031860082,97.31614293380649,69.01975269760638,73.75390780450866,156.49466623938406,91.41537267725927,95.06387836135343,97.60674991134333,69.2258605551222,73.9741528695353,-57.05798492974073,-33.33006217979983,-34.66030804275262,-0.29060697753683873,-0.20610785751583333,-0.22024506502664945
AVALON PARK,17031,17,10092.369999999999,9704.03,11.006793111635988,10.9935889737847,-0.007847685932851078,-0.0064458985422274585,-0.0026408275702575422,-0.03787416321737175,-0.010515644695971217,-0.04058159320965584,-0.010515644695971105,-0.0075075374579158,-0.03461822146650558,,,-0.00013803439913902252,0.00010505793816648747,-0.010377610296832195,-0.00761259539608229,-0.01336134483856631,0.002983734541734119,-0.007146870824337415,-0.00046572457174487436,0.0028457001425950964,-0.0003606666335783869,1.3612679089933966,0.8374291471020636,92.60419605298426,81.06080572733082,6.034536038022329,18.10176512556712,4.804060393972555,-1.2236688456713598,-1.2725070509767518,-27.061585141663723,8.04543698410432,8.597284029289096,-1.3993661537541373,0.3564403079079356,0.3706663013197186,1.3126575034615484,-0.3902544204460564,-0.41702248154938115,101.39936615375417,-25.82799447918031,-26.858823123272067,98.68734249653845,-29.339848018075376,-31.35230656655878,95.19593960602747,-24.24788532560101,-25.215649770975595,127.0615851416637,-37.77553942262574,-40.366613077397254,6.203426547726692,-1.5801091535792955,-1.6431733522964702,-28.374242645125275,8.435691404550377,9.014306510838477
AVONDALE,17031,17,39051.77,38029.11,11.028724179155974,11.477650764986567,-0.005307256534710092,-0.0039054691440864727,0.08978531716611862,0.054551981519004415,0.0832056966027494,0.053139748089064784,0.08320569660274905,0.0817435061410656,0.05463282213247581,,,0.0028142426155323527,-0.004464920433894738,0.08039145398721705,0.08620842657496036,0.08190927116915094,-0.0015178171819339005,0.08839664397879224,-0.002188217403831894,0.0012964254335984522,-0.006653137837726631,4.69745469012615,3.2632179767978142,93.00036495552443,94.97681709116578,2.3021803543494297,1.7599649320363877,-8.139041438038202,-22.572749292634487,-23.47365689370689,1.558096965148915,3.665287489178214,3.9166943518075534,-5.462110257651022,-15.148570798332504,-15.753169839445071,3.3822715636508,7.956499450640847,8.502246154085976,105.46211025765106,292.4877324733138,304.161295936477,96.6177284363492,227.284796255747,242.874557691573,108.1390414380382,299.9119109676157,311.88178299073877,98.44190303485107,231.57600821720962,247.46010949385143,-2.6769311803871796,-7.424178494301984,-7.720487054261819,-1.8241745985018851,-4.291211961462634,-4.585551802278421
BANNOCKBURN,17097,17,4989.9,4898.89,12.088692754406564,12.240743434978008,-0.003681444128012146,-0.0033639357761238594,0.030410136114288732,0.0023699230074926657,0.0351624608940964,0.005096512380411779,0.03516246089409662,0.029277755231338794,0.00216707122274901,,,0.0,0.0,0.0351624608940964,0.029277755231338794,0.03538462318076995,-0.00022216228667355423,0.029806869727762166,-0.0005291144964233718,-0.00022216228667355423,-0.0005291144964233718,0.0,0.0,98.25581892279094,99.3760675563463,1.7441810772090667,0.6239324436537097,-1.807223580641899,-2.073409923454274,-1.8668262178636474,-0.6318166619300931,-0.7809310273378507,-0.6711853615704931,0.0,0.0,0.0,0.0,0.0,0.0,100.0,114.72902111634853,103.29802232884646,100.0,123.60089158653057,106.2310321985076,101.80722358064189,116.80243103980278,105.1648485467101,100.63181666193009,124.38182261386841,106.9022175600781,-1.807223580641899,-2.073409923454274,-1.8668262178636474,-0.6318166619300931,-0.7809310273378507,-0.6711853615704931
BARRINGTON,17097,17,3984.3900000000003,4547.49,11.948887914455797,12.040574243108232,0.026438241179945622,0.02675574953183391,0.018337265730486864,-0.009702947376309203,0.0057530594022329965,-0.024312889111451623,0.005753059402233163,0.016253845553652158,-0.010856838454937626,,,0.0,0.0,0.0057530594022329965,0.016253845553652158,0.0007454984276473869,0.005007560974585617,0.016470590954293634,-0.00021674540064147316,0.005007560974585617,-0.00021674540064147316,0.0,0.0,98.70113841998894,12.958295326448873,1.298861580011078,87.04170467355112,-1.3335022775134684,-0.849347480726578,-0.7647229460806535,87.04170467355125,17.602266320234,15.12858763581328,0.0,0.0,0.0,0.0,0.0,0.0,100.0,63.692990634431034,57.34695463037406,100.0,20.222795941613356,17.380849435971925,101.33350227751347,64.54233811515762,58.111677576454724,12.958295326448892,2.6205296213793794,2.2522618001586685,-1.3335022775134684,-0.849347480726578,-0.7647229460806535,87.04170467355125,17.602266320234,15.12858763581328
BARRINGTON HILLS,17031,17,23012.22,22160.6,11.920475431996676,11.960670936215505,-0.007541888371995853,-0.006140100981372233,0.008039100843765823,-0.027194234803348385,0.024057561130452272,-0.006008387383232349,0.024057561130452498,0.0015975053324033639,-0.02551317867618642,,,0.005748303340588346,-0.005087700631852069,0.018309257789863927,0.00668520596425543,0.015794980424548667,0.002514277365315266,0.01341842078233626,-0.006733214818080834,0.008262580705903612,-0.011820915449932903,20.15782263460363,23.893957119834944,53.164713441157986,65.6549528811349,26.67746392423839,10.451089999030163,-739.9609384808093,-40.105972154627814,-41.70665334299738,34.34504711886511,23.360181700241185,24.962487115314012,-318.4778497232236,-17.26153788480905,-17.950468173495597,23.89395711983495,16.251751756966577,17.366480665275454,418.47784972322347,22.681549951522744,23.58679992752358,76.10604288016505,51.76440678663275,55.314995149624714,839.960938480809,45.525984221341496,47.34298509702535,65.6549528811349,44.65597684335815,47.71898869958617,-421.4830887575856,-22.844434269818766,-23.756185169501784,10.451089999030167,7.10842994327461,7.59600645003856
BARTLETT,17031,17,48510.42,46942.67,11.6760238918872,11.806587641609008,-0.0065703100596511636,-0.005168522669027544,0.026112749944361725,-0.009120585702752482,0.01869790282103905,-0.01136804569264557,0.018697902821039492,0.02474937170570088,-0.0023613123028889058,,,0.00011500188974982704,-7.161399545365441e-05,0.018582900931289226,0.024820985701154537,0.020112185303412137,-0.0015292843721229144,0.025355798109534887,-0.000534812408380351,-0.0014142824823730874,-0.0006064264038340054,0.2758392117623733,0.5285870431919056,97.66419705860824,92.44231190274253,2.0599637296293953,7.029101054065566,-2.4502698938992395,-2.0574819749798445,-2.1395987400357357,-7.563856203069596,-3.998495983234137,-4.272758052266625,-0.28935682208513813,-0.24297178333698424,-0.2526691012674072,0.6150523449101781,0.3251363146755814,0.34743783973761155,100.28935682208515,84.212577748077,87.57361057644846,99.38494765508983,52.53805774778492,56.14171184204291,102.45026989389925,86.02708793971985,89.46054021521678,107.56385620306959,56.86169004569462,60.761907734047135,-2.1609130718141016,-1.81451019164286,-1.8869296387683285,-8.178908547979773,-4.323632297909718,-4.6201958920042365
BATAVIA,17089,17,29822.75,29594.35,11.724525458744493,11.835664439438949,-0.0015376120678272543,-0.004908070305258751,0.022227796138891164,-0.00501211912401385,0.02193738422439584,-0.008128564289288782,0.021937384224396082,0.01803698976182272,-0.009073694246767065,,,0.0020678127964773195,-0.002724524954882689,0.01986957142791852,0.02076151471670541,0.022253229883513866,-0.002383658455595346,0.022096698461559282,-0.0013351837448538754,-0.0003158456591180266,-0.004059708699736564,10.416281326719146,7.743253841256302,84.47910420302756,83.33075802095136,5.1046144702532885,8.925988137792325,-22.50768422749447,-17.823666785181146,-14.323498389832793,-1.439759890638124,-1.309458565861539,-0.9542167848996955,-15.105208745249978,-11.9617018203525,-9.612691867979047,9.425977023175685,8.572906103906588,6.247170481743755,115.10520874524998,91.15095383326498,73.25095089569275,90.57402297682431,82.37688173058896,60.028935076160884,122.50768422749445,97.01291879809362,77.9617574175465,101.43975989063811,92.2592464003571,67.23032234280434,-7.402475482244489,-5.861964964828646,-4.710806521853748,-10.86573691381381,-9.882364669768126,-7.201387266643451
BEACH PARK,17097,17,16786.33,16022.16,11.315886289465615,11.260386402073463,-0.009318420139059213,-0.009000911787170926,-0.01109997747843039,-0.039140190585226456,-0.015250074094076239,-0.04531602260776086,-0.015250074094075926,-0.016667421922963232,-0.04377810593155301,,,-0.0020039100388973647,1.038766274859211e-05,-0.013246164055178873,-0.01667780958571182,-0.019708234244686162,0.006462070189507288,-0.013476706942611967,-0.0032011026430998563,0.004458160150609923,-0.003190714980351264,0.062245565497198514,7.112567559998164,80.75591834136112,69.95131759044956,19.181836093141673,22.936114849552272,19.143422390689683,-12.503267530740622,-11.257507438019465,-29.233695017532124,15.671046776576535,13.468765907253676,-0.062323152294361125,0.04070552436195891,0.036649839103785956,13.140329853713736,-7.044019706496098,-6.054110732072215,100.06232315229435,-65.35435360445409,-58.842788095210494,86.85967014628626,-46.562090527527495,-40.01863477333223,80.85657760931032,-52.81038054935152,-47.548630818087254,129.2336950175321,-69.27715701060013,-59.541511412658124,19.205745542984044,-12.543973055102581,-11.29415727712325,-42.374024871245865,22.715066483072633,19.522876639325894
BEDFORD PARK,17031,17,11710.82,11317.49,11.100933939726778,11.410736552633779,-0.0068327768073707775,-0.005430989416747158,0.06196052258140021,0.026727186934286003,0.03822147588475517,0.008155527371070549,0.03822147588475566,0.04995421759818186,0.022843533589592076,,,-0.0008653900097657385,-0.004314993917124804,0.03908686589452091,0.05426921151530667,0.03915570090198247,-6.883500746155975e-05,0.06136515114650729,-0.007095939631200619,-0.0009342250172272983,-0.011410933548325421,5.929137209316208,2.1586221224496507,84.32048990245332,97.66967636929543,9.750372888230476,0.1717015082549112,-22.84278304609206,-38.714986591841786,-40.26015174845775,-2.4442410859385957,-2.641265111728063,-2.8224329401923898,-8.637897107774645,-14.639900489989385,-15.22419784160524,-2.264145980063799,-2.4466529997409956,-2.6144721289153505,108.63789710777465,184.124444092767,191.47308864979183,102.26414598006379,110.50739737241851,118.08724428831825,122.84278304609208,208.19953019461943,216.50904255664437,102.44424108593859,110.70200948440558,118.29520509959531,-14.204885938317416,-24.075086101852406,-25.03595390685251,-0.1800951058747968,-0.19461211198706707,-0.20796081127703953
BEECHER,17197,17,6212.75,6224.76,11.32591402878149,11.479664947467688,0.00038625106577931944,-0.003193443034110574,0.03075018373723957,-0.004103239602243229,0.03794234710938427,0.007876398595699646,0.037942347109384045,0.0332694479707519,0.0061587639621621185,,,0.0,0.0,0.03794234710938427,0.0332694479707519,0.03960006928290771,-0.0016577221735234564,0.035576865865529494,-0.002307417894777588,-0.0016577221735234564,-0.002307417894777588,0.0,0.0,93.9093004651307,95.98203850714103,6.090699534869296,4.017961492858955,-6.935546080614572,-7.163768190310603,-8.141051229282239,-4.369055421754477,-5.154380531732601,-5.0082256222662975,0.0,0.0,0.0,0.0,0.0,0.0,100.0,103.29061485632589,117.38154623522945,100.0,117.97471156048557,114.62948254968919,106.93554608061457,110.45438304663648,125.5225974645117,104.36905542175445,123.12909209221814,119.63770817195545,-6.935546080614572,-7.163768190310603,-8.141051229282239,-4.369055421754477,-5.154380531732601,-5.0082256222662975
BELLWOOD,17031,17,19039.28,18893.56,10.999754965867709,11.217810813220003,-0.0015366180525237638,-0.00013483066190014435,0.043611169470458934,0.008377833823344727,0.01917099727952357,-0.010894951234161052,0.019170997279523407,0.03959426732146784,0.012483583312878056,,,-0.00017287234865437842,0.00116512900837494,0.019343869628177947,0.038429138313092887,0.020953323333261754,-0.0016094537050838108,0.042513952437887886,-0.004084814124795,-0.0017823260537381893,-0.0029196851164200598,2.439350883014955,0.7603580865969257,89.00855327983108,92.1606547347739,8.552095837153956,7.078987178629186,-7.374009708817162,-9.905900306569645,-10.30125759185018,-9.296991845290602,-5.039038279486869,-5.384672505521066,2.94267096525666,3.9530467639627442,4.110817969892488,-0.9017389452087731,-0.4887491716272543,-0.5222731165331548,97.0573290347433,130.38228364284532,135.58600911094086,100.90173894520878,54.689488113217244,58.440711630047346,107.37400970881711,144.24123071337772,149.99808467268352,109.29699184529058,59.23977722107685,63.30311101903525,-10.316680674073824,-13.858947070532391,-14.412075561742665,-8.395252900081827,-4.550289107859615,-4.862399388987911
BELMONT CRAGIN,17031,17,78771.19,78290.61,10.913186552739159,11.13568383485083,-0.0012239296883468143,0.00017785770227680508,0.044499456422334306,0.0092661207752201,0.03369955221945275,0.003633603705768127,0.033699552219452755,0.03892235791307349,0.011811673904483705,,,9.58418166080799e-05,-0.001016566956152284,0.03360371040284467,0.03993892486922578,0.03515525302576925,-0.0015515426229245856,0.043372753690712265,-0.003433828821486487,-0.0014557008063165056,-0.0044503957776387704,2.1256796498211386,0.26042105460088566,90.69405543734838,95.52373266430743,7.1802649128304825,4.215846281091684,-11.434034360348818,-15.099291581183492,-15.701923825042924,-4.31964435858651,-4.115594939053884,-4.397888978617124,-2.611781532924122,-3.4490058074977332,-3.5866600873479717,0.2844008608302994,0.27096646073862357,0.28955240467159105,102.61178153292414,135.50468366644427,140.9128507405297,99.71559913916971,95.00527846606836,101.52181477131089,111.43403436034885,147.15496944013,153.02811447822464,104.31964435858649,99.39183986586086,106.20925615459957,-8.822252827424698,-11.65028577368576,-12.115263737694955,-4.604045219416809,-4.386561399792507,-4.687441383288715
BENSENVILLE,17043,17,15330.51,15361.580000000002,11.194331703681328,11.333124949133648,0.00040492531610993867,6.153627080800791e-05,0.027758649090463904,-0.002374375623172855,0.030053051918638957,-1.2896595045663872e-05,0.03005305191863883,0.02459322355142145,-0.0025174604571683336,,,0.0005960055963906676,0.0016768125874875007,0.02945704632224829,0.02291641096393396,0.03357724427539028,-0.004120197953141985,0.026517556487375332,-0.0036011455234413728,-0.003524192356751318,-0.001924332935953872,5.273739421021771,1.556416646303556,83.4003060569733,87.68404565946877,11.325954522004931,10.75953769422766,-7.82464702900913,-7.104148119290292,-6.789447654563512,-11.72657062015591,-11.772528219768672,-10.647110077174373,6.818189506477217,6.1903659014685,5.9161442786491305,1.9831782742205422,1.990950547636156,1.8006216883215327,93.18181049352282,84.60156494157587,80.8538739648868,98.01682172577945,98.40095942418262,88.99412489235286,107.82464702900916,97.89607896233467,93.55946589809945,111.72657062015591,112.16443819158745,101.44185665784877,-14.642836535486344,-13.294514020758792,-12.705591933212643,-13.709748894376453,-13.763478767404827,-12.447731765495906
BERKELEY,17031,17,5344.74,5253.74,11.279791176650463,11.352306679695026,-0.003434539153736438,-0.0020327517631128188,0.014503100608912689,-0.020730235038201518,0.013720917509711416,-0.016345031003973207,0.013720917509711583,0.006951536541503502,-0.02015914746708628,,,0.0,0.0,0.013720917509711416,0.006951536541503502,0.004432367392965306,0.009288550116746109,-0.0006944108329761771,0.007645947374479681,0.009288550116746109,0.007645947374479681,0.0,0.0,8.325911378187678,32.303724512797025,91.67408862181233,67.69627548720297,109.9893142880033,25.941150987453543,26.976495854052917,67.69627548720297,26.26082893253337,28.06209353496003,0.0,0.0,0.0,0.0,0.0,0.0,100.0,23.58515566296515,24.526469710881077,100.0,38.792132570864425,41.4529356792528,-9.98931428800326,-2.3559953244883878,-2.4500261431718355,32.303724512797025,12.531303638331048,13.390842144292773,109.9893142880033,25.941150987453543,26.976495854052917,67.69627548720297,26.26082893253337,28.06209353496003
BERWYN,17031,17,56643.08,55240.21,11.109719229696209,11.325584335820393,-0.005015739262232799,-0.0036139518716091796,0.043173021224836815,0.007939685577722608,0.035661851833500804,0.005595903319816183,0.03566185183350044,0.03330250331458276,0.006191819305992975,,,-0.0003080397840135128,-0.0025799835765951667,0.035969891617514314,0.03588248689117793,0.0354052249404924,0.0005646666770219154,0.043259475737641516,-0.007376988846463596,0.0002566268930084026,-0.009956972423058763,4.848094274920914,0.8491106634612025,81.28967120655777,97.59438747657295,13.862234518521316,1.556501859965849,-29.89857047382599,-33.78199094942841,-35.13027387372554,0.7196117975212013,0.7255421838798283,0.7753080711923577,-7.74711604177042,-8.75336177816162,-9.10271976103948,-0.8637795520313943,-0.870898037984339,-0.9306340734375307,107.74711604177043,121.74201111509923,126.60089213847647,100.86377955203139,101.69500714501328,108.67040068968944,129.89857047382597,146.770640286366,152.62844625116253,99.28038820247879,100.09856692314911,106.96445854505956,-22.151454432055573,-25.028629171266793,-26.02755411268606,1.5833913495525955,1.596440221864167,1.7059421446298881
BEVERLY,17031,17,20983.78,19766.25,11.749953051778412,11.852879040882463,-0.011954764095160542,-0.010552976704536922,0.020585197820810208,-0.014648137826304,0.012073112302786522,-0.0179928362108981,0.012073112302786626,0.018443064210029173,-0.008667619798560611,,,0.0023747678617731032,-0.0009342587091623148,0.00969834444101342,0.019377322919191486,0.011178487694779183,-0.0014801432537657631,0.02076350090751364,-0.00138617798832215,0.0008946246080073401,-0.0023204366974844647,4.047224200432903,15.796613205945157,89.94782979753833,74.3576874120237,6.004946002028771,9.845699382031153,-12.581622397771797,-7.872771780667522,-8.186984278523333,7.410057867190196,2.529305811394553,2.7027942050199676,-5.065637133412317,-3.169750594493509,-3.2962594378365204,19.669889604398012,6.714005069539115,7.174527458354177,105.06563713341231,65.7433323772514,68.36723375012589,80.33011039560199,27.419410036349053,29.300143231968445,112.58162239777181,70.44635356342543,73.25795859081272,92.58994213280981,31.604109294493615,33.771876485302656,-7.5159852643594816,-4.703021186174013,-4.890724840686813,-12.259831737207813,-4.184699258144563,-4.471733253334209
BIG ROCK,17089,17,5287.9800000000005,5280.73,11.358070992512145,11.620594845847146,-0.00027439493134835403,-0.0036448531687798508,0.05250477066700014,0.025264855404095128,0.06481598840695246,0.034750039893267845,0.06481598840695284,0.05080944902832906,0.023698765019739276,,,0.0,0.0,0.06481598840695246,0.05080944902832907,0.07021308653449977,-0.005397098127547305,0.055351932935273115,-0.004542483906944046,-0.005397098127547305,-0.004542483906944046,0.0,0.0,92.41584750894137,92.86194293576906,7.584152491058618,7.1380570642309324,-8.94023453080816,-19.943233744744358,-16.026829937620022,-8.32680062465635,-22.375727415874223,-16.305437400777702,0.0,0.0,0.0,0.0,0.0,0.0,100.00000000000003,223.07282517052238,179.26632553532426,100.0,268.719384845337,195.81875603573295,108.94023453080817,243.01605891526674,195.29315547294425,108.32680062465636,291.0951122612112,212.12419343651067,-8.94023453080816,-19.943233744744358,-16.026829937620022,-8.32680062465635,-22.375727415874223,-16.305437400777702
BLOOMINGDALE,17043,17,29566.149999999998,28822.26,11.445305103289892,11.696712108345654,-0.005096424119767917,-0.005439813165069848,0.050281401011152485,0.020148376297515726,0.038814126459815315,0.008748177946130694,0.038814126459815766,0.047054059340258504,0.01994337533166872,,,0.0019083639260293293,-0.0005033246229370869,0.03690576253378598,0.04755738396319559,0.037466712563570995,-0.0005609500297850144,0.047626823897970696,-6.94399347751101e-05,0.0013474138962443149,-0.000572764557712197,1.0442508723904742,4.77855233069567,98.81168164280318,93.816826131624,0.14406748480634152,1.404621537680329,-1.217247918124146,-2.114501175676379,-2.0208327313425976,3.471452327129678,4.501022223391644,4.070738092756142,-1.0696731163988065,-1.8581465850443217,-1.775834169252188,4.916673644594524,6.37487001233915,5.76545169244764,101.0696731163988,175.56977461025014,167.79236221202137,95.08332635540546,123.28331910395069,111.49780613606974,101.21724791812414,175.82612920088218,168.0373607741118,96.52854767287032,125.1571668928982,113.19251973576124,-0.14757480172533954,-0.25635459063205684,-0.24499856209040938,-1.445221317464846,-1.8738477889475063,-1.6947135996914986
BLUE ISLAND,17031,17,21646.04,21361.1,10.932834042822781,11.063248179534426,-0.0026502033788741385,-0.001248415988250519,0.02608282734232894,-0.009150508304785268,0.02936235541061141,-0.000703593103073212,0.02936235541061123,0.020446980913030013,-0.006663703095559772,,,-0.0006176417633331597,-0.0017529887224405185,0.02997999717394457,0.02219996963547053,0.029738006459139918,0.000241990714804651,0.02792553788774954,-0.005725568252279007,-0.00037565104852850875,-0.0074785569747195255,4.95137279811894,2.018592887507651,78.87657627240361,97.19052675959745,16.172050929477454,0.7908803528949052,-36.57536047267375,-25.37322926090309,-26.38590763731864,-1.2793627870628879,-1.0620503522878937,-1.1348977749829545,-8.573337696634772,-5.947535720676784,-6.184909558880699,-2.103515725138138,-1.746212754909736,-1.865987771601161,108.57333769663478,75.32000104431995,78.32611964218835,102.10351572513814,84.76022277829865,90.57403731464044,136.57536047267376,94.74569458454627,98.52711772062631,101.2793627870629,84.07606037567682,89.84294731802223,-28.00202277603898,-19.425693540226305,-20.20099807843794,0.8241529380752498,0.6841624026218421,0.7310899966182063
BOLINGBROOK,17197,17,82960.35,84657.07,11.52498813692696,11.72432279550239,0.004049168531298264,0.0004694744314083705,0.03986693171508619,0.0050135083756033955,0.03579960830513246,0.005733659791447836,0.03579960830513222,0.033656914592907754,0.006546230584317969,,,0.0017320197756545072,0.0022842710575606048,0.03406758852947795,0.031372643535347154,0.03218795430741177,0.0018796342220661825,0.03584955492904132,-0.004476911393694171,0.0036116539977206897,-0.0021926403361335663,5.360787439967864,4.838097000648451,84.1326790688648,89.9114706313619,10.506533491167342,5.250432367989641,-6.514680156081816,-6.807421892816534,-7.7360920812199,10.088529368638092,11.22977019342037,10.911344722921584,6.786929477017334,7.091904928550945,8.059384363472706,4.838097000648451,5.385395185511848,5.232689745753761,93.21307052298268,97.4016654343997,110.68922486790804,95.16190299935154,105.92686632536821,102.92325969164742,106.51468015608184,111.30099225576717,126.48470131260063,89.9114706313619,100.08249131745967,97.24460471447959,-13.30160963309915,-13.899326821367477,-15.795476444692605,5.250432367989641,5.844375007908522,5.678654977167822
BRAIDWOOD,17197,17,6978.549999999999,7024.34,11.14324146788463,11.293052949880744,0.0013080203647749754,-0.002271673735114918,0.029962296399222765,-0.004891126940260032,0.017209710565827457,-0.012856237947857164,0.017209710565827763,0.03202673694902984,0.004916052940440056,,,0.0004313128139179343,-0.0002533513422496957,0.016778397751909525,0.032280088291279534,0.014511987041877677,0.002266410710031843,0.032718956841318106,-0.0004388685500385679,0.0026977235239497776,-0.0006922198922882636,0.7582832064542769,2.506217709287759,97.92817865169054,84.32441083985151,1.313538141855194,13.169371450860728,-2.1613812652532256,-2.1491134554769857,-2.442296047803765,15.675589160148487,8.388072400750238,8.150224621607638,-0.7910619887780052,-0.7865719905738218,-0.893876337238426,2.506217709287759,1.3410874310863221,1.3030602596599756,100.79106198877798,100.2189807944503,113.8908790903657,97.49378229071225,52.16932493717699,50.690038936430696,102.16138126525323,101.58152225935349,115.43929880093107,84.3244108398515,45.12233996751306,43.84287457448302,-1.3703192764752208,-1.3625414649031642,-1.548419710565339,13.169371450860726,7.046984969663915,6.847164361947662
BRIDGEPORT,17031,17,31912.09,34501.28,11.009276267812552,11.321972800654716,0.015602297988703029,0.01700408537932665,0.0625393065684328,0.027305970921318597,0.05671631542229983,0.02665036690861521,0.056716315422299955,0.05535502043421409,0.02824433642562431,,,-0.002523853617805142,0.000422777761488093,0.05924016904010497,0.054932242672725985,0.056110963983095424,0.0031292050570095485,0.06005512337859715,-0.005122880705871146,0.0006053514392044064,-0.004700102944383053,0.6444706139034423,4.086284392103002,91.54635309014832,90.84732756782205,7.809176295948246,5.066388040074964,-8.490834087883366,-15.94649742735288,-16.58294275160372,1.0673320978224075,1.7114652329161046,1.8288568716284888,0.7637568519923814,1.434399323948602,1.4916480550254176,-4.449960472595878,-7.135504171791501,-7.624937735299196,99.2362431480076,186.3739745330901,193.8124007576583,104.44996047259588,167.48533684410322,178.97337514852413,108.49083408788339,203.75487128439164,211.88699156428748,98.9326679021776,158.6383674393956,169.51958054159647,-9.254590939875747,-17.38089675130148,-18.07459080662914,5.5172925704182845,8.846969404707606,9.453794606927685
BRIDGEVIEW,17031,17,14028.51,15303.679999999998,11.06489385068013,11.102982456104314,0.017400326975286973,0.018802114365910592,0.007617721084836759,-0.027615614562277447,0.010540549602255688,-0.01952539891142893,0.010540549602255922,0.007874682444100209,-0.019236001564489576,,,-0.0009502452014619218,-0.0005707376833157252,0.01149079480371761,0.008445420127415936,0.006284117353811523,0.005206677449906084,0.015271855446595945,-0.006826435319180009,0.004256432248444162,-0.0073971730024957345,2.517698032791493,7.637988472557841,67.36881327266528,50.5111899905095,30.113488694543218,41.85082153693268,-93.93614352078123,-25.097109924996758,-26.09876802181339,40.38150199998377,12.033895251077947,12.859315865208801,-7.247754907797299,-1.9363973739265,-2.0136814960443257,-9.015139032774613,-2.6865577906031692,-2.8708323031488105,107.24775490779732,28.653600129269126,29.797202347142115,109.01513903277463,32.487072023785444,34.7154027830036,193.93614352078123,51.814312680339384,53.882288872911175,59.61849800001621,17.76661898210432,18.985254614645974,-86.68838861298393,-23.160712551070258,-24.085086525769064,49.39664103275838,14.720453041681116,15.73014816835761
BRIGHTON PARK,17031,17,44008.74,44142.8,10.736035621734713,10.999330596930138,0.0006083165573809168,0.002010103948004536,0.052658995039085,0.017425659391970792,0.03898547521458438,0.008919526700899755,0.038985475214584044,0.038719877298217874,0.01160919328962809,,,-0.0011139816635102394,-0.0012992976369674526,0.040099456878094616,0.04001917493518532,0.03922642798686721,0.000873028891227394,0.044876054842386125,-0.004856879907200813,-0.00024095277228284532,-0.006156177544168266,2.5460333130748602,2.7029573433570175,87.9366877436656,95.17873144039716,9.517278943259534,2.1183112162458224,-15.899269248075873,-20.886663660787708,-21.720277404913524,-0.6180578047505894,-0.6812279047008157,-0.7279542176468132,-3.3556346962578165,-4.408253749000984,-4.584192854089383,-2.8574274325980293,-3.149477747520558,-3.3655045453537036,103.35563469625781,135.77695588803422,141.19598969841357,102.85742743259803,113.3702207693999,121.14643248632055,115.89926924807583,152.2553657998209,158.33207424923768,100.61805780475055,110.90197092658009,118.50888215861362,-12.543634551818059,-16.478409911786724,-17.13608455082414,2.2393696278474398,2.468249842819742,2.6375503277068906
BROADVIEW,17031,17,9764.82,9514.67,11.07753794685656,11.125923604356318,-0.005190262582654981,-0.0037884751920313616,0.009677131499951485,-0.025556204147162722,0.003116288745652192,-0.02694965976803243,0.0031162887456517296,-0.00032096330897208865,-0.027431647317561873,,,-0.0005088162856791837,0.0002868115486917005,0.0036251050313313754,-0.0006077748576637895,-0.007757510575468864,0.01138261560680024,0.005969037920520543,-0.006576812778184334,0.010873799321121057,-0.006290001229492634,2.235012058779053,2.589535220580823,46.51441614721458,39.48055010147776,51.25057179400637,57.92991467794143,1959.7259417710018,-21.340700323174904,-22.192435257369652,348.9342679266178,30.74268645047597,32.851367521778386,-89.35960612140934,0.9730934997526197,1.0119309191168324,-16.327636082794893,-1.4385385521275436,-1.5372097928500073,189.35960612140948,-2.0620570057359804,-2.144356366182885,116.32763608279488,10.248990627571526,10.951982299139686,-1859.725941771001,20.25173681719154,21.060009810303594,-248.93426792661776,-21.93223437503198,-23.436595015488702,2049.085547892411,-22.313793822927522,-23.204366176486484,365.2619040094127,32.18122500260351,34.38857731462839
BROOKFIELD,17031,17,18849.120000000003,18576.47,11.450394633041544,11.553832707348683,-0.002914100470884762,-0.0015123130802611425,0.020687614861427762,-0.014545720785686445,0.019675549052770594,-0.010390399460914027,0.019675549052771045,0.012283567429010371,-0.014827116579579414,,,0.0004990961143917077,-0.003103419208474898,0.019176452938378885,0.015386986637485263,0.020543331485288214,-0.0013668785469093327,0.022681211789793668,-0.0072942251523084,-0.000867782432517625,-0.010397644360783298,9.381881871452705,2.227182364000463,68.5670982289938,91.67321536376508,22.051019899553488,6.099602272234451,-84.6467805128578,-35.27710158942596,-36.6850563118969,-4.410461076284065,-2.4534169191721156,-2.6216999944266286,-25.264803782861033,-10.529272871158032,-10.94950976124244,2.536631191602899,1.4110574326668077,1.507843707463525,125.26480378286098,52.204929494704835,54.28849570923657,97.46336880839709,54.21616332129543,57.93492087159683,184.6467805128578,76.95275821297278,80.02404225989105,104.41046107628405,58.08063767313435,62.06446457348698,-59.381976729996765,-24.74782871826793,-25.73554655065446,-6.947092267886963,-3.8644743518389237,-4.129543701890153
BUFFALO GROVE,17031,17,29581.989999999998,30083.93,11.802366180679053,12.00678050899328,0.0033650823874982194,0.004766869778121839,0.04088286566284545,0.0056495300157312425,0.04059148127561612,0.010525532761931498,0.040591481275615494,0.03563902481438181,0.008528340805792026,,,-0.0009084100318453387,-0.0004341283870999569,0.041499891307461456,0.03607315320148177,0.04004370362808681,0.0014561876793746469,0.03784874504986183,-0.001775591848380058,0.0005477776475293082,-0.002209720235480015,1.0837369430096782,2.1420571047569044,94.48376212183896,94.42421026887885,4.432500935151354,3.4337326263642556,-6.2002825469800795,-7.497133247339328,-7.796353525791831,1.3494891792933066,1.548691121222264,1.6549178707249885,-1.2181264480748875,-1.4729096979255685,-1.531695427805065,-2.2379326974476133,-2.5682803179237768,-2.7444420239259073,101.21812644807491,122.38890329229648,127.2736026186175,102.2379326974476,117.3295651793018,125.37735350763467,106.2002825469801,128.41312684171024,133.53826071660427,98.6505108207067,113.21259374015578,120.97799361298375,-4.982156098905191,-6.02422354941376,-6.264658097986767,3.58742187674092,4.116971439146041,4.399359894650896
BULL VALLEY,17111,17,7658.0599999999995,7905.5,11.790054669058627,11.811206696525073,0.006360006359960835,0.006701195486545088,0.004230405493289169,-0.02635399761757331,0.001427956359074006,-0.028637992154610617,0.0014279563590740452,0.0010597552183460245,-0.02605092879024376,,,0.0,0.0,0.001427956359074006,0.0010597552183460245,0.004286117213899678,-0.0028581608548256723,0.0003880115833856519,0.0006717436349603735,-0.0028581608548256723,0.0006717436349603735,0.0,0.0,36.61332132822398,59.99370646927223,63.38667867177602,40.00629353072777,63.386678671776075,2.518173615851133,2.3700515444272376,-200.15743735187525,-10.333839584358678,-8.634929697098565,0.0,0.0,0.0,0.0,0.0,0.0,100.0,3.9727174046940408,3.739037277374403,100.0,5.162855660562774,4.314068870655266,36.61332132822401,1.4545437888429105,1.3689857329471689,300.1574373518753,15.496695244921451,12.948998567753831,63.386678671776075,2.518173615851133,2.3700515444272376,-200.15743735187525,-10.333839584358678,-8.634929697098565
BURBANK,17031,17,24288.5,24170.18,11.16523430669489,11.370015191827203,-0.000976669072553804,0.00042511831806981543,0.040956177026462724,0.005722841379348517,0.033967646368612506,0.0039016978549278845,0.03396764636861249,0.03469222673885896,0.007581542730269175,,,5.494167983128889e-06,-0.0017729688767853678,0.03396215220062938,0.03646519561564434,0.03627033994609567,-0.0023081877454663013,0.04057678744689072,-0.00411159183124638,-0.0023026935774831726,-0.005884560708031748,3.816008245980107,0.014239490126583874,87.33450288956307,94.0035232152009,8.849488864456823,5.982237294672511,-16.962187963104768,-19.96512274350781,-20.761956598471095,-6.779078987382993,-6.510234790390782,-6.956780309252519,-5.110565228721555,-6.015324337996118,-6.255403707538615,0.016174709084953633,0.015533253706779068,0.016598699894118236,105.1105652287216,123.71902380727961,128.65680996262427,99.98382529091504,96.01867437991756,102.60472083628858,116.9621879631048,137.6688222127913,143.16336285355672,106.77907898738297,102.5444424240151,109.57809984543519,-11.851622734383213,-13.94979840551169,-14.50655289093248,-6.795253696467945,-6.5257680440975605,-6.973379009146637
BURLINGTON,17089,17,2312.58,2213.9900000000002,11.619135313094635,11.72272652616325,-0.00871349336724947,-0.012083951604680966,0.020718242613722994,-0.00652167264918202,0.011727659795174641,-0.018338288718509982,0.011727659795174006,0.017926739838070214,-0.00918394417051957,,,0.0,0.0,0.011727659795174641,0.017926739838070214,0.013413332836214497,-0.001685673041039853,0.021186781968005768,-0.0032600421299355496,-0.001685673041039853,-0.0032600421299355496,0.0,0.0,86.66476219211607,88.83586737601574,13.33523780788393,11.164132623984257,-18.18535974406425,-14.312826098432621,-11.502108070450715,-14.373481755784093,-6.988600093461043,-5.092669356624182,0.0,0.0,0.0,0.0,0.0,0.0,100.0,78.70521287380286,63.24927431916784,100.0,48.62148373095984,35.43100720585546,118.18535974406427,93.0180389722355,74.75138238961856,114.37348175578413,55.61008382442088,40.52367656247965,-18.18535974406425,-14.312826098432621,-11.502108070450715,-14.373481755784093,-6.988600093461043,-5.092669356624182
BURNHAM,17031,17,3901.9400000000005,3887.8,10.867100595988935,11.018063692193252,-0.0007260840813877678,0.0006757033092358516,0.030192619240863295,-0.005040716406250912,0.05119304569558882,0.0211270971819042,0.051193045695589134,0.021325663131284565,-0.00578502087730522,,,0.0,0.0,0.05119304569558882,0.021325663131284565,0.04637550804105264,0.004817537654536181,0.023690789306584803,-0.0023651261753002365,0.004817537654536181,-0.0023651261753002365,0.0,0.0,90.9228820728078,90.58946857121397,9.077117927192207,9.410531428786031,-11.090516438996998,-8.024394128401543,-8.344658070137548,9.410531428786031,13.620266955735774,14.55449887986878,0.0,0.0,0.0,0.0,0.0,0.0,100.0,72.353656139815,75.24138407834343,100.0,144.73430176400572,154.66181681671856,111.09051643899701,80.37805026821655,83.58604214848098,90.58946857121397,131.11403480826996,140.1073179368498,-11.090516438996998,-8.024394128401543,-8.344658070137548,9.410531428786031,13.620266955735774,14.55449887986878
BURNSIDE,17031,17,2618.42,2008.2400000000002,10.632672827965992,10.642645943021366,-0.05306247316567418,-0.05166068577505056,0.0019946230110747367,-0.03323871263603947,0.009749021927978403,-0.02031692658570622,0.009749021927978418,-0.005772248990451515,-0.0328829329990413,,,0.0,0.0,0.009749021927978403,-0.005772248990451515,-0.0064855560065420325,0.016234577934520433,-0.007361668533882889,0.0015894195434313738,0.016234577934520433,0.0015894195434313738,0.0,0.0,82.2432811552864,28.545412731130877,17.756718844713596,71.45458726886912,-27.535533308777914,5.3925786222624374,5.607803405349096,166.5251966243849,45.89881828399627,49.04707826012187,-0.0,0.0,0.0,0.0,0.0,0.0,100.0,-19.58407183108149,-20.3656974515958,100.0,27.562686737146386,29.45324746906183,127.53553330877791,-24.976650453343936,-25.9735008569449,-66.5251966243849,-18.33613154684989,-19.59383079106005,-27.535533308777914,5.3925786222624374,5.607803405349096,166.5251966243849,45.89881828399627,49.04707826012187
BURR RIDGE,17031,17,25426.1,24595.69,11.884767750568455,12.115293581208512,-0.006640996233156215,-0.005239208842532596,0.04610516612801128,0.010871830480897071,0.05745297984451799,0.02738703133083337,0.05745297984451767,0.03617670842132319,0.009066024412733402,,,0.0012385881460651588,-0.004976581245649286,0.05621439169845283,0.04115328966697247,0.053886267266933394,0.002328124431519426,0.04485864620788759,-0.003705356540915107,0.003566712577584585,-0.008681937786564394,9.294970047702456,2.1558292527508334,83.78437973806182,93.7919450179312,6.92065021423574,4.052225729317972,-23.998694644776215,-29.4560566472996,-30.63168594203645,6.208054982068804,10.083901973312049,10.775569998168836,-13.756313005845502,-16.88453231127596,-17.55841582021763,2.155829252750833,3.5017684151846042,3.741959290665823,113.7563130058455,139.6247774925333,145.19738283671754,97.84417074724917,158.93078094911948,169.83205107639327,123.99869464477624,152.19630182855695,158.27065295853643,93.79194501793118,152.348647390992,162.79844036889023,-10.242381638930713,-12.57152433602364,-13.073270121818817,4.052225729317971,6.582133558127444,7.033610707503011
CALUMET CITY,17031,17,37565.47,37148.159999999996,10.84297768978733,10.978057111347994,-0.0022342072777814083,-0.0008324198871577889,0.027015884312132598,-0.008217451334981609,0.027761761493267367,-0.002304187020417254,0.0277617614932673,0.008341501615954263,-0.018769182392635524,,,0.0002543256568547732,-0.005169802841849468,0.027507435836412596,0.013511304457803734,0.023601945514696493,0.003905490321716106,0.020825562084627682,-0.007314257626823942,0.00415981597857088,-0.01248406046867341,15.520448583819583,0.916100575665744,62.52115901734767,85.01602292210568,21.958392398832736,14.067876502228593,-149.66202781518302,-42.355888903354575,-44.04636717733521,14.98397707789434,11.760739236053876,12.567423721859653,-61.97688473693409,-17.54009405602401,-18.24014188155642,0.9161005756657441,0.7190360695558208,0.7683556939776668,161.97688473693412,45.84111972143842,47.67069806226506,99.08389942433426,77.7697334668334,83.10406119859891,249.66202781518314,70.656914568769,73.47692335804388,85.01602292210568,66.72803030033536,71.30499317071694,-87.68514307824893,-24.81579484733056,-25.806225295778795,14.067876502228593,11.041703166498055,11.799068027881987
CALUMET HEIGHTS,17031,17,13397.5,12815.970000000001,11.129807383201678,11.134303544855735,-0.008875214577514967,-0.007473427186891348,0.0008992323308113726,-0.034334103316302836,-0.01115238752776875,-0.04121833604145337,-0.011152387527768681,-0.005781261423382615,-0.0328919454319724,,,-0.0012209071904954014,-0.004387416165262449,-0.00993148033727335,-0.0013938452581201662,-0.0022619656426773995,-0.007669514694595953,0.006139461089664623,-0.007533306347784791,-0.008890421885091355,-0.011920722513047238,24.29330876018142,10.947496107496429,33.994455564353956,20.282344359405062,41.71223567546463,68.77015953309852,206.19587387681952,-40.44459730688889,-42.05879346278107,79.71765564059497,-25.135230507236823,-26.85928884152767,75.89029182311864,-14.885614510996142,-15.479718626792351,10.94749610749643,-3.451780360671767,-3.6885424901157053,24.109708176881366,-4.7290346798263165,-4.917776566494979,89.05250389250358,-28.07853786714764,-30.004481502739893,-106.19587387681952,20.829948116066422,21.661298269493738,20.28234435940507,-6.395087720582597,-6.833735151327944,130.3055820537009,-25.558982795892742,-26.57907483598872,68.77015953309854,-21.683450146565054,-23.17074635141196
CALUMET PARK,17031,17,7150.5,6873.11,11.010319816248474,10.951960395386116,-0.007913117532711667,-0.006511330142088048,-0.011671884172471536,-0.046905219819585744,-0.009360905864018464,-0.03942685437770309,-0.009360905864018675,-0.016959461065332845,-0.04407014507392263,,,-0.0033616198711738736,-0.0005499632423302526,-0.00599928599284459,-0.016409497823002592,-0.007304024142432519,0.0013047381495879286,-0.010606192895866725,-0.005803304927135867,-0.002056881721585945,-0.0063532681694661195,3.2428108429367657,28.08281160404338,62.538501990178474,61.0174683051508,34.218687166884756,10.899720090805827,37.46149800982152,-21.55535223770996,-22.415654207265902,21.97310550351976,-5.815269158922888,-6.214146076192412,3.2428108429367657,-1.86591390289414,-1.9403849385784167,35.91126670865582,-9.504058573570697,-10.155954381275158,96.75718915706322,-55.67410286861525,-57.8961282766407,64.08873329134418,-16.96133639752872,-18.124736644383457,62.538501990178474,-35.984664533799425,-37.42085900795322,78.02689449648025,-20.65012581217653,-22.066544949466202,34.218687166884756,-19.68943833481582,-20.475269268687484,-13.938161205136065,3.6887894146478106,3.941808305082746
CAMPTON HILLS,17089,17,17106.53,17251.530000000002,11.933684747614103,12.149916798281206,0.001688114647395622,-0.0016823435900358745,0.043246410133420454,0.01600649487051544,0.05354647903169778,0.023480530518013156,0.0535464790316972,0.03650090280927865,0.009390218800688868,,,-4.8001942075540316e-05,-0.0003592724855110918,0.05359448097377332,0.03686017529478974,0.05271509932809798,0.0008793816456753401,0.04159048155840764,-0.004730306263617887,0.0008313797035997998,-0.005089578749128979,0.7696487175555047,0.08948493706162504,89.09688908797906,98.2711769900627,10.133462194465432,1.6393380728756752,-13.943706476857859,-22.34518838932964,-17.957094562673102,1.5526318791337335,3.446801445371048,2.5117219277767964,-0.9842838337131855,-1.5773429919366013,-1.2675882060363781,-0.08964537527691545,-0.19901034702939252,-0.14502101743037463,100.98428383371318,161.83020277793096,130.05038058965545,100.08964537527692,222.19634865326952,161.91691051245814,113.94370647685787,182.59804817532404,146.7398869462922,98.44736812086627,218.55053686086907,159.260167567251,-12.959422643144672,-20.767845397393035,-16.68950635663672,1.6422772544106488,3.64581179240044,2.656742945207171
CAROL STREAM,17043,17,50334.65,49794.4,11.4629294170645,11.649497856658979,-0.002158235767322836,-0.002501624812624767,0.03731368791889587,0.007180663205259109,0.032324637044777546,0.002258688531092925,0.0323246370447773,0.035218299427035145,0.00810761541844536,,,-0.0007991361022391148,-0.001831930371287525,0.03312377314701666,0.03705022979832267,0.03583190078430139,-0.0027081276372847274,0.03724499410097372,-0.00019476430265105027,-0.0035072637395238424,-0.0020266946739385754,4.664760870833256,2.0314007984463647,94.83929839239998,91.08454950180827,0.49594073676676326,6.884049699745369,-5.754663646203182,-7.48204164010708,-7.150601199718001,-10.850125663175806,-11.715978348519354,-10.595966202825407,-5.201643466865562,-6.763021335183862,-6.463432148500053,-2.4722198771547395,-2.669505907367184,-2.4143092050251345,105.20164346686556,136.78003188702712,130.72093248800002,102.47221987715474,110.64962256428441,100.07185282949216,105.75466364620318,137.49905219195034,131.40810153921797,110.8501256631758,119.69609500543659,108.25350982729243,-0.5530201793376215,-0.7190203049232178,-0.6871690512179482,-8.377905786021067,-9.046472441152169,-8.181656997800271
CARPENTERSVILLE,17089,17,31019.19,32347.16,11.241322562871169,11.438264604625163,0.00838403641446206,0.005013578177030563,0.0393884083507988,0.012148493087893786,0.03883402921252922,0.008768080698844601,0.03883402921252923,0.03308010403376057,0.005969420025170785,,,-0.0020742650924446015,-0.006383346783438661,0.04090829430497382,0.03946345081719924,0.041886287043414114,-0.0009779927384402829,0.04672030324218099,-0.007256852424981742,-0.0030522578308848844,-0.013640199208420403,10.57537052257434,4.615781615196232,77.40211122400208,93.20792909645253,12.022518253423584,2.176289288351237,-41.233846164750936,-59.88566755790949,-48.12546560581703,-7.859750566135225,-12.654298219677699,-9.221325574664716,-19.296634547835783,-28.025322617273364,-22.5217778261433,-5.3413594584601345,-8.599656556160465,-6.26666382900176,119.29663454783581,173.25957342820845,139.23527918987847,105.34135945846013,169.60092642088637,123.590050838203,141.233846164751,205.11991836884462,164.8389669695522,107.85975056613523,173.65556808440363,126.54471258386599,-21.937211616915153,-31.860344940636132,-25.603687779673727,-2.5183911076750904,-4.054641663517232,-2.9546617456629565
CARY,17111,17,19215.1,19409.59,11.765308276329469,11.80413486515262,0.0020141691109305526,0.0023553582375148057,0.007765317764630098,-0.02281908534623238,0.014334318050688298,-0.015731630462996325,0.014334318050688567,0.011405505519086832,-0.015705178489502952,,,0.0006317178097962745,0.0005803356774259069,0.013702600240892024,0.010825169841660926,0.017730071746817552,-0.004027471505925526,0.015669894343557794,-0.004844724501896869,-0.003395753696129251,-0.004264388824470962,2.7510638944324235,2.821521478675483,74.28266473180351,79.1900710670736,22.966271373764066,17.98840745425091,-37.38886292531806,-15.985966768626955,-15.04565252794969,-23.68967734719822,-12.277536411061462,-10.259077751076095,5.088206537226513,2.1755114826167588,2.0475452196143773,4.407030788366949,2.2840108869293414,1.9085136047490303,94.91179346277349,40.580447158216835,38.19345531041631,95.59296921163305,49.54251351490481,41.397596481589645,137.38886292531805,58.741925409460535,55.286653057980374,123.68967734719824,64.10406081289563,53.565187837414776,-42.47706946254457,-18.16147825124371,-17.093197747564066,-28.096708135565173,-14.561547297990804,-12.167591355825127
CHANNAHON,17197,17,6639.42,7046.72,11.674588643087596,11.884593103657524,0.011907530012024025,0.008327835912134133,0.0420008921139857,0.007147468774502903,0.0195769188815286,-0.010489029632156022,0.01957691888152837,0.04271674572501521,0.015606061716425423,,,-1.947161998710547e-05,0.0003197432909568932,0.019596390501515706,0.04239700243405831,0.019863233958682176,-0.00026684345716646626,0.04267584205795842,-0.00027883962390010667,-0.0002863150771535717,4.0903667056786555e-05,0.7388735752300646,0.09663551254906702,98.6167744222297,98.57904970158704,0.6443520025402325,1.3243147858638826,0.09575557866720427,0.12699233614841487,0.14431666224331738,-1.4625134776633235,-0.8902437834231006,-0.8650004978782893,0.7485197796087015,0.992696997802822,1.128120969240499,-0.09946212733954535,-0.06054340141298213,-0.058826664494196275,99.2514802203913,131.62864780109715,149.58546068524018,100.09946212733955,60.93135225340761,59.203614804177654,99.9042444213328,132.49435246275155,150.56926499223735,101.46251347766335,61.761052635417734,60.009788637561755,-0.6527642009414971,-0.8657046616544071,-0.9838043069971816,-1.3630513503237782,-0.8297003820101185,-0.8061738333840931
CHATHAM,17031,17,31445.24,30916.37,10.751626939037441,10.855887674813099,-0.003392360650852311,-0.0019905732602286917,0.02085214715513146,-0.014381188491982746,0.008358228090460988,-0.021707720423223633,0.008358228090461139,0.014246811509351216,-0.012863872499238569,,,-0.0013276985213386383,-0.0008527350253789232,0.009685926611799626,0.015099546534730139,0.014967528274289817,-0.00528160166249019,0.02461427493982112,-0.009514728405090975,-0.006609300183828828,-0.010367463430469898,2.4376576611273455,6.1533534639520635,70.36321259759153,69.36852792495569,27.199129741281126,24.478118611092253,-72.77041198772778,-35.17470380510234,-36.57857169964487,-79.07537473608596,-18.68598428277549,-19.967680383707265,-5.9854447068329035,-2.8931572455597814,-3.008626890831259,-15.884928084864105,-3.7537035710225175,-4.011175008342951,105.98544470683291,51.22970343830953,53.27434712038498,115.8849280848641,27.384302028683898,29.26262712014057,172.7704119877278,83.5112499978521,86.8442919291986,179.07537473608596,42.31658274043688,45.21913249550489,-66.78496728089488,-32.281546559542555,-33.56994480881361,-63.190446651221855,-14.932280711752972,-15.956505375364314
CHICAGO HEIGHTS,17031,17,31251.89,29985.81,10.926752143787303,11.031827222416025,-0.008271116918239941,-0.006869329527616322,0.02101501572574449,-0.014218319921369717,0.028610472893236052,-0.0014554756204485687,0.028610472893235796,0.015538312719242586,-0.011572371289347199,,,0.0012090247520331232,-0.0016373306131580384,0.02740144814120293,0.017175643332400622,0.027986833415814365,-0.0005853852746114365,0.018838151351461625,-0.0016625080190609987,0.0006236394774216868,-0.003299838632219037,7.396022016294254,4.059685265892641,85.0942265551138,93.97469742956979,7.509751428591939,1.965617304537582,-21.236788651656685,-11.195684197139997,-11.642518424626003,2.179759417989643,1.7631696471787552,1.8841077592884483,-10.537377144755071,-5.5551311789146345,-5.7768436446474425,4.225811843602749,3.4181860235753168,3.6526438735005358,110.53737714475504,58.273479422525455,60.59924930868726,95.77418815639726,77.47008231591411,82.7838565833311,121.2367886516567,63.91403244075084,66.46492408866584,97.82024058201036,79.12509869231067,84.55239269754318,-10.699411506901617,-5.640553018225364,-5.865674779978561,-2.046052425613106,-1.6550163763965615,-1.768536114212087
CHICAGO LAWN,17031,17,56018.21,51144.74,10.649143662384388,10.80886854919437,-0.018203432827463572,-0.016801645436839954,0.03194497736199651,-0.0032883582851176985,0.037276735379790094,0.007210786866105472,0.03727673537979008,0.0242223401472139,-0.0028883438613758854,,,0.0024861930798472454,-7.16060299737955e-05,0.03479054229994285,0.024293946177187692,0.03210902518099171,0.0026815171189511506,0.02791160742047166,-0.003617661243283967,0.005167710198798396,-0.0036892672732577628,0.22659508848343468,6.669556908664154,88.32542671994511,86.13690242413205,11.447978191571455,7.193540667203807,-15.230845784659289,-12.51693670925422,-13.016503832306835,13.863097575867963,14.610283822325218,15.61242229815826,-0.2956197854484831,-0.24294475807698873,-0.2526409973943533,6.6695569086641555,7.029029325621865,7.51115964017474,100.29561978544848,82.42443937908777,85.71410529386323,93.33044309133585,98.36072027664532,105.10741072418175,115.23084578465928,94.69843133026498,98.47796812877571,86.13690242413206,90.77946577994199,97.00614806619826,-14.935225999210806,-12.273991951177232,-12.763862834912482,7.193540667203808,7.581254496703354,8.101262657983522
CHICAGO RIDGE,17031,17,11569.83,11981.460000000001,10.977948643954816,11.035456512943027,0.006991921423822589,0.008393708814446208,0.011501573797642096,-0.02373176184947211,0.008736803967627299,-0.021329144546057322,0.008736803967627082,0.0070505151633650015,-0.020060168845224782,,,-0.001362709876880078,-0.0012141204580942361,0.010099513844507376,0.008264635621459236,0.015278305052560347,-0.005178791208052967,0.01372705384983996,-0.005462418228380726,-0.006541501084933045,-0.006676538686474962,5.950522957823767,6.245288653314419,67.2776317474883,70.0203519512822,26.77184529468794,23.73435939540338,-94.69575671812963,-22.65214363330719,-23.556219965138393,-74.87292961100461,-18.4943009182564,-19.762849206517473,-17.220308445018258,-4.119264831131822,-4.2836700149703635,-15.597349808114746,-3.8526885802019626,-4.116949528762269,117.22030844501823,28.04023491296274,29.159356932236967,115.59734980811473,28.553606541261896,30.51213575854322,194.6957567181296,46.573113715138106,48.43190688240499,174.87292961100465,43.19521887931634,46.158035436298434,-77.47544827311138,-18.532878802175368,-19.272549950168028,-59.27557980288986,-14.641612338054436,-15.645899677755201
CICERO,17031,17,83988.46,81608.74,10.905655766520196,11.05399252258719,-0.00574860887514852,-0.004346821484524901,0.029667351213398873,-0.005565984433715334,0.029340803053974844,-0.0007251454597097771,0.02934080305397515,0.02318231259907591,-0.003928371409513874,,,-0.0007031689176701876,-0.0020839363767563503,0.03004397197164503,0.025266248975832253,0.03225461072846768,-0.002210638756822648,0.029136353179552342,-0.003870104203720083,-0.0029138076744928357,-0.005954040580476433,5.938766008177851,1.9994328707457432,83.03227766210296,91.7147036835539,11.028956329719195,6.285863445700344,-25.683548847985822,-20.200853879677087,-21.007096068983305,-9.930906352946934,-8.237992358377323,-8.803047028522302,-8.989337745533721,-7.070374088385901,-7.352561857189531,-2.396556482713339,-1.9880173359155249,-2.1243780450688794,108.9893377455337,85.723265864521,89.14459220828618,102.39655648271334,84.94109397964755,90.7673147082472,125.6835488479858,98.85374565581219,102.79912642007997,109.93090635294693,91.19106900210934,97.44598369170062,-16.6942111024521,-13.130479791291183,-13.654534211793774,-7.534349870233593,-6.249975022461798,-6.678668983453423
CLARENDON HILLS,17043,17,6701.29,6464.19,12.102064871232537,12.275681038797375,-0.007204466165250878,-0.007547855210552809,0.03472323351296751,0.004590208799330749,0.03846101959698843,0.008395071083303809,0.03846101959698807,0.029550351173212915,0.0024396671646231306,,,0.0,0.0,0.03846101959698843,0.029550351173212915,0.028959186973954384,0.00950183262303404,0.028893108786709625,0.0006572423865032798,0.00950183262303404,0.0006572423865032798,0.0,0.0,97.77585591910304,75.29490189652161,2.224144080896959,24.70509810347839,2.224144080896958,2.426371849048403,2.318888117618013,24.705098103478388,31.74077387685571,28.706451757244057,0.0,0.0,0.0,0.0,0.0,0.0,100.0,109.09238614028504,104.25979762438979,100.0,128.47863928290465,116.19646939674485,97.77585591910301,106.66601429123659,101.94090950677175,75.2949018965216,96.73786540604891,87.49001763950078,2.224144080896958,2.426371849048403,2.318888117618013,24.705098103478388,31.74077387685571,28.706451757244057
CLEARING,17031,17,24445.91,24955.25,11.178363724463424,11.24811734311478,0.0041242598278913075,0.005526047218514927,0.013950723730271264,-0.021282611916842942,0.010429939555891667,-0.019636008957792953,0.010429939555892175,0.0061089668370517365,-0.021001717171538047,,,-8.213452974301863e-05,-0.002327990712195095,0.010512074085634685,0.008436957549246829,0.009559809860651969,0.0009522642249827188,0.01254798932164909,-0.00411103177240226,0.0008701296952397002,-0.006439022484597354,12.26096415776821,0.7752776325718064,66.08722557132971,90.23618665367523,21.65181027090209,8.988535713752967,-105.40280633942525,-21.84629926202118,-22.718213303386065,8.342614936327038,2.46005316099989,2.6287914247607604,-38.107764770885744,-7.898401022744698,-8.213636416779337,-0.7874880703083506,-0.23221286507856853,-0.2481406492002616,138.10776477088572,28.624888315379238,29.76734460764792,100.78748807030836,29.720007516703294,31.758541702399594,205.40280633942524,42.57278655465572,44.271921494254656,91.65738506367298,27.02774149062484,28.881609628438582,-67.29504156853952,-13.94789823927648,-14.504576886606726,9.13010300663539,2.6922660260784586,2.8769320739610222
COUNTRY CLUB HILLS,17031,17,10857.43,11352.96,11.0212176305239,11.131423352882944,0.008925772925734066,0.010327560316357686,0.022041144471808848,-0.01319219117530536,0.011816705731386537,-0.018249242782298086,0.011816705731387244,0.0278886665860545,0.0007779825774647149,,,0.0005776996151937266,-0.0007665433817438269,0.01123900611619281,0.028655209967798325,0.023171629300897237,-0.011932623184704429,0.028858669914438646,-0.00020345994664032195,-0.011354923569510702,-0.0009700033283841489,2.569820573324589,1.6190246922641014,96.74808423261821,64.9393543140279,0.6820951940572059,33.441620993708014,-3.478127308062807,-3.291024848527429,-3.422373904104101,-96.09212438413111,-32.10293335913777,-34.30491554494147,-2.7485838355826258,-2.600726454202552,-2.70452480860441,4.88883812735803,1.633287281471583,1.745316592247213,102.74858383558264,97.22132417925859,101.10155289238207,95.11116187264197,31.775208539481802,33.954711651281414,103.47812730806281,97.91162257358346,101.81940198788178,196.0921243841311,65.51142918009116,70.0049437884701,-0.729543472480181,-0.6902983943248769,-0.7178490954996906,-100.98096251148915,-33.73622064060936,-36.05023213718869
COUNTRYSIDE,17031,17,7844.150000000001,8115.849999999999,11.267796067095263,11.658316991113901,0.00681018174683814,0.00821196913746176,0.0781041848037276,0.0428708491566134,0.0569509578727933,0.026885009359108678,0.05695095787279314,0.06955619964111678,0.042445515632527,,,-1.653727498064657e-05,3.9093242920586255e-05,0.056967495147773946,0.06951710639819622,0.05005945042175456,0.006908044726019393,0.06474648036095171,0.004770626037244503,0.006891507451038747,0.004809719280165089,0.05620382240877496,0.029020892831801395,93.0851321593454,87.84820640696718,6.858664018245815,12.122772700201022,6.914867840654591,16.318403455205537,16.969692029741644,12.100775313440284,19.483847961667237,20.820270575842052,0.05620382240877497,0.13263545608187502,0.13792910857438984,-0.0290377468585946,-0.04675461119535393,-0.049961571126541746,99.94379617759125,235.85746343293422,245.27083966024747,100.02903774685859,161.05997448336836,172.10728877988038,93.08513215934543,219.67169543381053,228.43907673908018,87.89922468655973,141.52937191050577,151.23705663291182,6.8586640182458165,16.185767999123662,16.831762921167257,12.129813060298877,19.530602572862588,20.870232146968597
CREST HILL,17197,17,14755.130000000001,13928.21,11.057486126849689,11.214705475246605,-0.011534907806982275,-0.015114601906872168,0.03144386967938324,-0.003409553660099554,0.03618874242495489,0.0061227939112702655,0.03618874242495522,0.02634904187636651,-0.0007616421322232739,,,-0.0036847367057232143,-0.008453725765437906,0.039873479130678104,0.03480276764180443,0.03834969348731195,0.0015237856433661548,0.034742998676006914,5.976896579751594e-05,-0.0021609510623570596,-0.00839395679964039,19.543252583720804,8.459338003105039,80.3185740205885,88.0423882175251,0.13817339569071255,3.4982737793698546,-31.856781886134762,-26.060455216284684,-29.615629001109607,-5.971335054922825,-6.719077698143913,-6.52855505694125,-32.08361732887291,-26.24601805555931,-29.8265063690888,-10.181997104111328,-11.457007358580471,-11.132138470274851,132.08361732887295,108.05106449569317,122.79141759886818,110.18199710411135,123.9792094514716,120.4637200494905,131.8567818861348,107.86550165641854,122.58054023088899,105.97133505492285,119.24127979103505,115.86013663615691,0.22683544273814782,0.18556283927462497,0.210877367979196,4.210662049188504,4.737929660436559,4.603583413333602
CRESTWOOD,17031,17,14397.95,14582.41,11.296057785077219,11.373086196012036,0.0025460345017652487,0.003947821892388868,0.015405682186963431,-0.019827653460150776,0.01711338219994316,-0.012952566313741462,0.017113382199943673,0.01952601495935132,-0.007584669049238466,,,0.004168994823985804,0.0010294362395354103,0.012944387375957355,0.01849657871981591,0.019892300170625286,-0.006947912794667933,0.021244641721707584,-0.00274806300189167,-0.002778917970682129,-0.0017186267623562595,4.1141013514874185,13.44437707766005,84.90337318859925,64.14965614665833,10.98252545991334,22.405966775681613,-8.801728186391571,-5.83095254908109,-6.063673402214996,-16.238274458051656,-7.8566287018313234,-8.395525139996913,5.27212665604559,3.492668679734638,3.6320656012530628,24.361022124543275,11.786689905018337,12.595154381148681,94.72787334395443,62.75514567672752,65.25978465595092,75.63897787545673,36.59670650897476,39.10692247243004,108.8017281863916,72.07876690554326,74.955523659419,116.23827445805163,56.24002511582442,60.09760199357564,-14.07385484243716,-9.323621228815728,-9.69573900346806,-40.59929658259493,-19.64331860684966,-20.990679521145594
CRETE,17197,17,17942.18,17271.93,11.292012860470706,11.420437744558322,-0.007614345002216538,-0.011194039102106432,0.025684976817523263,-0.009168446521959535,0.023480861374485837,-0.006585087139198784,0.02348086137448533,0.02545705321261316,-0.0016536307959766246,,,-0.001626874604196671,-0.001953373569063725,0.02510773597868251,0.027410426781676888,0.02809307918029564,-0.00298534320161313,0.028596081746659167,-0.0011856549649822755,-0.004612217805809801,-0.0031390285340460004,6.155244307600119,4.974345913714939,90.10865723710904,85.89764279538797,3.7360984552908567,9.128011290897089,-12.330683004939125,-9.745643739511523,-11.075146883313245,-19.642455752587548,-14.34083831782691,-13.934197032204107,-7.673211635099582,-6.06457784241161,-6.891909060628359,-6.9285133038791455,-5.0584657196315455,-4.915030520243457,107.67321163509959,85.10029496860692,96.70969838241236,106.92851330387916,78.06786178731903,75.85421046656215,112.33068300493916,88.78136086570684,100.89293620509724,119.64245575258757,87.3502343855144,84.8733769785228,-4.657471369839543,-3.6810658970999137,-4.183237822684887,-12.713942448708401,-9.282372598195362,-9.01916651196065
CRYSTAL LAKE,17111,17,44032.45,43530.78,11.560069136338283,11.657248169251814,-0.0022917176036660438,-0.0019505284770817907,0.01943580658270605,-0.011148596528156429,0.013467024596815425,-0.016598923916869197,0.013467024596815235,0.01622899152570163,-0.010881692482888155,,,-0.0003321362151740605,-0.0017048640313554826,0.013799160811989486,0.01793385555705711,0.015137427376526895,-0.0013382665645374093,0.02003651339817611,-0.0021026578411189986,-0.0016704027797114697,-0.003807521872474481,7.15006504563422,1.976080267867208,84.03155410040378,90.06175833415662,8.818380853962003,7.962161397976172,-23.46123520025604,-14.273304013676203,-13.43373070417104,-12.403651361166098,-6.039434182880514,-5.046535622476823,-10.505052200289297,-6.391044736324492,-6.015115618908494,-2.4662924819533,-1.2008569643551852,-1.00343298140347,110.50505220028927,67.22886462025129,63.27438005876386,102.46629248195332,49.891633631853615,41.68932035064009,123.46123520025603,75.111123897603,70.69299514402641,112.4036513611661,54.730210850378946,45.73242299171344,-12.956182999966748,-7.8822592773517135,-7.418615085262546,-9.9373588792128,-4.838577218525329,-4.043102641073354
DARIEN,17043,17,29222.210000000003,29085.61,11.505287493806582,11.766509746066577,-0.0009370972875142769,-0.0012804863328162077,0.05224445045199886,0.0221114257383621,0.041085950699404454,0.011020002185719833,0.04108595069940506,0.04762349351199715,0.020512809503407364,,,5.211937740311407e-05,-0.0006493022883717227,0.04103383132200134,0.048272795800368876,0.039405620597359775,0.0016282107246415622,0.051552482472833984,-0.003279686672465117,0.0016803301020446764,-0.003928988960836839,1.170304737047171,0.1268545001780123,92.91837642494032,95.9102075686689,5.911318838012518,3.9629379311531023,-8.25010655685531,-14.504828668333115,-13.862291907266428,4.089792431331114,5.613125375222987,5.076527542029897,-1.3634075127398049,-2.3970590247681693,-2.2908737965880697,0.1268545001780123,0.1741042426641386,0.15746040289250526,101.36340751273983,178.21089328707274,170.31648427488858,99.87314549982199,137.0730903147396,123.96931686677024,108.2501065568553,190.31866293063763,181.8879023855669,95.91020756866888,131.63406918218072,119.05024972763285,-6.886699044115504,-12.107769643564945,-11.57141811067836,3.9629379311531014,5.439021132558848,4.9190671391373915
DEER PARK,17097,17,9029.560000000001,9456.0,12.121960972290918,12.234648081132313,0.00922916417787043,0.009546672529758717,0.02253742176827913,-0.005502791338516937,0.025803498502218816,-0.004262450011465805,0.02580349850221957,0.021044376307869102,-0.006066307700720683,,,0.0005149053854426681,-0.0013361237459939923,0.02528859311677615,0.02238050005386309,0.024869691092043338,0.00041890202473281196,0.022138107758970706,0.0002423922948923867,0.00093380741017548,-0.0010937314511016056,5.633701311238253,1.9954867181998281,93.34426327200968,96.38108216180383,1.022035416752056,1.6234311199963485,-5.197262371195233,-4.285941246435943,-3.858912507633838,3.618917838196176,3.2824616233608586,2.8211712870816577,-6.349077427846493,-5.235789706449766,-4.714123041784791,1.9954867181998281,1.809963327512872,1.555605870274248,106.34907742784647,87.70115205163165,78.96306858321199,98.00451328180017,88.89288680950428,76.400606821414,105.19726237119522,86.75130359161784,78.10785804906105,96.38108216180383,87.4203885136563,75.1350414046066,1.1518150566512593,0.9498484600138233,0.8552105341509526,1.6234311199963485,1.472498295847987,1.2655654168074102
DEERFIELD,17097,17,11257.31,11775.58,12.12350790562126,12.23644036352583,0.00900204003511682,0.009319548387005107,0.022586491580914015,-0.005453721525882051,0.025206865669027582,-0.0048590828446570394,0.025206865669028033,0.02133657685158488,-0.005774107157004906,,,-0.00017463186258941004,-0.0008176706890909646,0.025381497531616993,0.022154247540675843,0.025550096253161392,-0.0001685987215443934,0.023220384179131665,-0.0010661366384558226,-0.0003432305841338034,-0.0018838073275467871,3.2571082357838144,0.6744280628238191,92.4960446264695,98.67444385848698,4.246847137746695,0.6511280786891931,-8.829004486757013,-7.381965213982851,-6.646464862028781,-1.361655148404829,-1.2065027628890022,-1.036950722659812,-3.832248700335584,-3.2041581403249824,-2.884912604534382,-0.6927948317032743,-0.6138550421848185,-0.5275888702299459,103.83224870033558,86.81454960694349,78.16480256266145,100.69279483170328,89.21945861974356,76.6812848977883,108.82900448675701,90.99235668060136,81.92635482015585,101.36165514840485,89.81210634044777,77.19064675021818,-4.99675578642143,-4.17780707365787,-3.7615522574943987,-0.668860316701555,-0.5926477207041837,-0.5093618524298662
DES PLAINES,17031,17,68432.28,67273.28,11.311098413552017,11.441662619632806,-0.0034163027093804033,-0.0020145153187567837,0.026112841216157888,-0.009120494430956319,0.019194358275924736,-0.010871590237759885,0.019194358275924372,0.022164521131446808,-0.004946162877142977,,,3.759713166165734e-05,-0.001049151763890283,0.01915676114426308,0.023213672895337094,0.020488085182567166,-0.0013313240383040852,0.02533001446260831,-0.002116341567271215,-0.0012937269066424278,-0.003165493331161498,3.6818145915605234,0.17201409495541634,88.89125488104621,93.73692285262523,7.4269305273932575,6.091063052419364,-14.281803393759438,-10.739877798207559,-11.168520203151608,-6.740141493894769,-3.657658144030555,-3.908541699897969,-4.733473634139366,-3.559559461090738,-3.701626080153939,0.19587595022030505,0.10629558225031054,0.11358653525844715,104.73347363413939,78.75929091027484,81.90267601220799,99.8041240497797,54.160490172079435,57.87542902826246,114.28180339375946,85.93960924739167,89.36957013520568,106.74014149389477,57.92444389836031,61.897557263418875,-9.548329759620072,-7.1803183371168195,-7.466894122997669,-6.936017444115075,-3.7639537262808656,-4.022128235156416
DIXMOOR,17031,17,4758.4400000000005,5177.08,10.655643876022618,10.843591054142477,0.01686426146601718,0.0182660488566408,0.03758943562397192,0.002356099976857713,0.046426012582345244,0.016360064068660623,0.046426012582345424,0.014742628844696612,-0.012368055163893173,,,0.0,0.0,0.046426012582345244,0.014742628844696612,0.03556996859524453,0.010856043987100722,0.05202124861108241,-0.0372786197663858,0.010856043987100722,-0.0372786197663858,0.0,0.0,58.25456359150492,76.61646266121716,41.74543640849508,23.38353733878284,-252.86277067061954,-126.47880721641684,-131.52673989482665,23.383537338782844,30.69248811128551,32.79772601284958,0.0,0.0,0.0,0.0,0.0,0.0,100.0,50.01875399885136,52.01506712356407,100.0,131.25682255259292,140.2598996793047,352.86277067061957,176.4975612152682,183.5418070183907,76.61646266121717,100.56433444130744,107.46217366645516,-252.86277067061954,-126.47880721641684,-131.52673989482665,23.383537338782844,30.69248811128551,32.79772601284958
DOLTON,17031,17,23074.63,22004.36,11.01188890514419,10.991334559911122,-0.00949862600994571,-0.00809683861932209,-0.00411086904661353,-0.039344204693727736,0.00024641765101204524,-0.029819530862672576,0.00024641765101272026,-0.004355154686570441,-0.031465838695160224,,,0.0007770239239702718,-0.00017763633403707212,-0.0005306062729582265,-0.004177518352533369,-0.009913053968471305,0.009382447695513078,0.00022154351981236095,-0.004399061872345728,0.01015947161948335,-0.0045766982063828,3.7021130691956934,3.8710819949660795,4.617181302119126,49.386181748947635,91.68070562868517,46.74273625608629,105.08692654466468,-15.527810143195428,-16.147545116753946,4122.8668391886995,28.723120712152863,30.693277128119345,4.0787606140565265,-0.6026841065495836,-0.6267380082518994,315.3280297815556,2.1968221183498704,2.347505020621449,95.92123938594347,-14.173473740826134,-14.739155397994805,-215.32802978155559,-1.500143767277901,-1.603040590279595,-5.086926544664711,0.7516522958197133,0.7816517105072482,-4022.8668391887,-28.02644236108089,-29.948812697777488,101.00816593060813,-14.925126036645842,-15.520807108502046,3807.5388094071436,26.526298593802988,28.345772107497897
DOUGLAS,17031,17,16775.59,18771.92,10.765696057944075,10.88391998268565,0.022487456526308236,0.023889243916931854,0.023644784948315234,-0.011588550698798973,0.009495465387913547,-0.020570483125771075,0.009441466400782871,0.02547617904861491,-0.0016345049599748758,,,-0.014174861891837448,0.00014320197889126706,0.023670327279750995,0.025332977069723643,0.028644166439378917,-0.00497383915962792,0.025491587869792543,-0.00015861080006889265,-0.019148701051465367,-1.5408821177625585e-05,0.5551884408006197,29.65894836620325,98.82988372463886,59.93397748077429,0.6149278345605144,10.407074153022439,-0.06048325044435317,-0.052279009667478754,-0.05436553251745953,-201.6615328390233,-54.137702469426095,-57.85107828728061,0.562101477690206,0.4858553131714817,0.5052464267209698,-149.28032816464315,-40.07553585922095,-42.82436927769183,99.4378985223098,85.949660773348,89.3800228305552,249.28032816464315,66.92136099367613,71.51158466916678,100.06048325044439,86.48779509618699,89.93963478979366,301.6615328390233,80.98352760388129,86.53829367875558,-0.6225847281345591,-0.5381343228389605,-0.5596119592384293,-52.38120467438016,-14.062166610205157,-15.026709009588782
DOWNERS GROVE,17043,17,54735.67,54383.07,11.699811489230896,11.800540103137669,-0.0012925414176905292,-0.00163593046299246,0.020145722781354534,-0.009987301932282224,0.01932489621351608,-0.01074105230016854,0.01932489621351614,0.020146791487943922,-0.0069638925206458625,,,-0.0007235634024914626,-3.467712271733107e-05,0.020048459616007545,0.02018146861066126,0.02262798323219513,-0.002579523616187584,0.021240302517056456,-0.0010588339063951886,-0.0033030870186790463,-0.0010935110291125196,0.15526736016509549,2.79033374053302,95.10378723789384,87.2620490140869,4.740945401941064,9.947617245380084,-5.4277180054545635,-4.036964797384269,-3.858134812917475,-17.092392022104754,-11.033928118383516,-9.979117914772539,-0.17212230909364534,-0.12801912368278012,-0.1223481161192567,-3.7442033038469464,-2.4170560833049493,-2.185992821698026,100.17212230909367,74.50485287457659,71.20442734426375,103.74420330384694,66.97167257065135,60.569382939751925,105.42771800545464,78.4137985482781,74.94021404106199,117.09239202210475,75.58854460572992,68.36250803282644,-5.255595696360919,-3.908945673701489,-3.735786696798219,-13.34818871825781,-8.616872035078567,-7.793125093074514
DUNNING,17031,17,42903.020000000004,43234.02,11.217576229780954,11.414535301340099,0.0015370931215937134,0.002938880512217333,0.03939181431182881,0.004158478664714603,0.03416557876811233,0.0040996302544277115,0.034165578768113034,0.03335238838349235,0.006241704374902568,,,-0.0015905877118070487,-0.00010199091444775751,0.03575616647991938,0.03345437929794011,0.036098491001561255,-0.00034232452164186954,0.03805056390127745,-0.004596184603337343,-0.0019329122334489184,-0.004698175517785101,0.23858227361501483,4.182300879034666,89.00979167659366,94.91758896850392,10.751626049791328,0.9001101524614255,-14.086473999296695,-15.93995805924768,-16.57614238886487,-5.657484237477511,-5.464779418338849,-5.83961578590411,-0.30579793349443474,-0.3460345175626824,-0.35984520243159934,-4.655526905025205,-4.4969506841168,-4.80540241300046,100.30579793349443,113.50393379060664,118.03402249969193,104.6555269050252,101.0907579127414,108.02470521229215,114.08647399929667,129.09785733229165,134.2503196861252,105.65748423747752,102.05858664696346,109.05891858519581,-13.780676065802258,-15.593923541684998,-16.21629718643327,-1.0019573324523052,-0.9678287342220492,-1.0342133729036507
EAST DUNDEE,17089,17,2264.3199999999997,2535.66,11.272336941797986,11.425430678097955,0.0226358930154138,0.0192654347779823,0.03061874725999374,0.0033788319970887264,0.014646884748502582,-0.01541906376518204,0.01464688474850213,0.02962261389121037,0.002511929882620584,,,0.0,0.0,0.014646884748502582,0.02962261389121037,0.011484670797678474,0.0031622139508241083,0.030997371611205374,-0.001374757719995001,0.0031622139508241083,-0.001374757719995001,0.0,0.0,95.7532675533024,78.41033089888009,4.246732446697613,21.58966910111992,-4.640906184186938,-6.0357097821171966,-4.850431753893174,21.58966910111992,13.110163225153398,9.553519392181277,0.0,0.0,0.0,0.0,0.0,0.0,100.0,130.0545527656388,104.51475555399409,100.0,60.72424345064804,44.25042064070221,104.64090618418696,136.09026254775603,109.3651873078873,78.41033089888009,47.61408022549465,34.69690124852093,-4.640906184186938,-6.0357097821171966,-4.850431753893174,21.58966910111992,13.110163225153398,9.553519392181277
EAST GARFIELD PARK,17031,17,19507.71,17997.4,10.511570172357887,10.61738317754794,-0.01611649380451361,-0.014714706413889991,0.021162601038010466,-0.014070734609103741,0.018946112406648126,-0.011119836107036495,0.018946112406647585,0.006296334866686967,-0.02081434914190282,,,-0.0008663096295554923,-0.0023604970434431953,0.01981242203620362,0.00865683191013016,0.016690341736462888,0.003122080299740733,0.013333141709169882,-0.004676309799039722,0.0022557706701852405,-0.007036806842482918,11.5881345377854,4.189375071731171,65.45496016035858,80.71259884908511,22.956905301856004,15.098026079183718,-111.7603652199899,-23.87446052528159,-24.82732110419865,11.906245575708176,6.377573134257113,6.815019216619462,-37.490017501010904,-8.008688421500505,-8.328325528173403,-4.5724928204875805,-2.44925297257617,-2.617250437287735,137.4900175010109,29.370877492990143,30.543107177578687,104.5724928204876,56.014191589910034,59.85627825075621,211.76036521998984,45.23664959677123,47.042102753603935,88.09375442429183,47.18736548307675,50.42400859684902,-74.270347718979,-15.865772103781087,-16.498995576025248,16.47873839619576,8.826826106833282,9.432269653907198
EAST SIDE,17031,17,23723.12,23719.46,10.971536292671512,11.071021035810537,-3.0858355572149776e-05,0.0013709290350514697,0.01989694862780489,-0.015336387019309318,0.019003584349053085,-0.011062364164631536,0.019003584349052714,0.008764557492793864,-0.01834612651579592,,,0.0038690389137474033,-0.0031895833930040045,0.015134545435305683,0.011954140885797868,0.018404942637235525,-0.0032703972019298404,0.015764493783413096,-0.003810352897615223,0.0005986417118175628,-0.0069999362906192275,14.011259595039908,15.146341788822035,69.25055330682693,72.05085242144264,16.73818709813316,12.802805789735345,-79.86639709277404,-23.74936620981728,-24.6972341129113,3.1501515757336174,1.6924953182496423,1.8085857857047312,-36.391836046787866,-10.821610499329646,-11.253514962020516,20.359521881145493,10.938646803881213,11.68894289456817,136.39183604678786,40.55797907775649,42.17670044667761,79.6404781188545,42.78877797425788,45.723716217987146,179.86639709277406,53.485734788244145,55.62041959756841,96.8498484242664,52.034929459889455,55.60407332685059,-43.474561045986164,-12.92775571048763,-13.443719150890782,-17.209370305411873,-9.246151485631572,-9.88035710886344
EDGEWATER,17031,17,52353.76,54351.02,11.145129176480582,11.395952092908086,0.00748792432866594,0.00888971171928956,0.050164583285500795,0.014931247638386588,0.046022307851689405,0.015956359338004784,0.0460223078516897,0.0445373156172666,0.017426631608676815,,,1.0761145413883685e-05,-0.000773985454249921,0.046011546706275525,0.04531130107151651,0.04754852879375933,-0.001536982087483793,0.052763141610467086,-0.007451840538950574,-0.0015262209420699095,-0.008225825993200495,1.2690581340540308,0.02191845728743087,86.51260003832918,96.84753410186151,12.218341827616799,3.130547440851075,-18.46951456142866,-27.908561703990987,-29.02242847529863,-3.3162633803334667,-4.314971289296145,-4.610940813482321,-1.7378358877782385,-2.625975899050229,-2.7307819914325706,0.02338245497935989,0.03042418841263813,0.032511023286968865,101.73783588777823,153.7320681093708,159.8677136566992,99.97661754502064,130.08503391679534,139.00773652842193,118.46951456142864,179.01465391431157,186.15936014056527,103.31626338033351,134.43042939450413,143.65118836519125,-16.73167867365042,-25.282585804940755,-26.291646483866053,-3.339645835312827,-4.345395477708783,-4.64345183676929
EDISON PARK,17031,17,10988.880000000001,11251.53,11.588281187163641,11.93700994550043,0.004724053401804795,0.006125840792428414,0.06974575166735768,0.03451241602024347,0.05959196122414371,0.029526012710459088,0.05959196122414454,0.06072795786884092,0.03361727386025114,,,-0.0003344231880515063,-3.319933240659465e-05,0.059926384412195215,0.060761157201247515,0.054652596548104934,0.0052737878640902736,0.06312082874645873,-0.0023596715452112098,0.004939364676038767,-0.0023928708776178045,0.050675404681914456,0.5549596850244289,96.34752595052896,90.6934352932256,3.6017986447891297,8.751605021749961,-3.940311779931545,-8.11852628451921,-8.442547162278041,8.288642586305048,13.96469945928351,14.922556459310337,-0.05466894256233337,-0.11263861134026432,-0.11713416391186872,-0.5611884240453805,-0.9454898797025133,-1.0103422671361373,100.05466894256234,206.15030105896142,214.37802603741517,100.56118842404538,169.42542267782744,181.04653400697788,103.94031177993155,214.15618873214038,222.70343903578137,91.71135741369494,154.5152333388414,165.11363528053138,-3.8856428373692116,-8.005887673178945,-8.325412998366172,8.84983101035043,14.910189338986024,15.932898726446473
ELBURN,17089,17,15403.62,15515.18,11.90389382770936,12.12809013233559,0.0014432705555254444,-0.0019271876819060522,0.04483926092524584,0.017599345662340823,0.04005806815829064,0.009992119644606019,0.040058068158290536,0.04075812142078366,0.013647437412193875,,,0.0,0.0,0.04005806815829064,0.04075812142078366,0.037967385168641295,0.0020906829896493446,0.037476425597705,0.0032816958230786585,0.0020906829896493446,0.0032816958230786585,0.0,0.0,91.94836339683401,94.78086915877235,8.051636603166,5.2191308412276625,8.051636603166,14.407894055223803,11.578506812776581,5.2191308412276625,8.667723206777788,6.316264742084658,0.0,0.0,0.0,0.0,0.0,0.0,100.0,178.94367027889024,143.80314690585735,100.0,166.07598986230695,121.02139099848517,91.948363396834,164.53577622366643,132.22464009308075,94.78086915877235,157.40826665552916,114.70512625640052,8.051636603166,14.407894055223803,11.578506812776581,5.2191308412276625,8.667723206777788,6.316264742084658
ELGIN,17031,17,133684.09,141338.49,11.369046819720465,11.529100279211887,0.011135634495276037,0.012537421885899657,0.03201069189828445,-0.0032226437488297593,0.022855251041909306,-0.007210697471775315,0.022855251041908532,0.026598576034522158,-0.0005121079740676264,,,0.003745928535483182,0.00046831818668145275,0.019109322506426125,0.026130257847840708,0.01933588531670662,-0.00022656281028048881,0.029327365034374442,-0.003197107186533722,0.003519365725202693,-0.002728788999852269,1.4194561323728516,16.071168703544444,88.89022320351543,82.95680817549199,9.690320664111708,0.972023120963573,-10.259154461165844,-9.258228443259103,-9.627736307315276,15.398499534086449,9.950041728681065,10.632528104285827,1.760688940917833,1.588908763801263,1.6523241663364872,16.389793875439533,10.590585960931405,11.31700810317953,98.23931105908218,88.65467298851993,92.19299557964567,83.61020612456048,54.0263704292379,57.73210983684726,110.25915446116589,99.50181019558035,103.47305605329747,84.60150046591359,54.66691466148826,58.41658983574097,-12.019843402083676,-10.847137207060367,-11.280060473651766,-0.9912943413530844,-0.6405442322503386,-0.6844799988937029
ELK GROVE VILLAGE,17031,17,40701.71,40150.57,11.357408639255494,11.572196550608835,-0.002726693850766182,-0.0013249064601425626,0.04295758227066813,0.007724246623553921,0.03960771619593991,0.00954176768225529,0.03960771619593899,0.03748787683059429,0.010377192822004506,,,0.00019585802026394502,0.0016821574153003166,0.03941185817567597,0.035805719415293986,0.04322660465250555,-0.003814746476829583,0.040106269338907596,-0.004300549923613617,-0.003618888456565638,-0.0026183925083133,3.649804219041789,0.414626570430246,87.01922288113445,91.50964976700456,9.330972899823752,8.075723662565192,-6.9846380475098,-8.88367550492,-9.238234477072083,-9.136826871468548,-10.231414966739917,-10.933201100744828,4.4872037509670015,5.707219440277625,5.935001945105784,0.49449460629093767,0.5537348564167415,0.5917162544356601,95.51279624903303,121.48155461634305,126.33004048419731,99.50550539370907,111.426223948422,119.06909438088233,106.98463804750982,136.07244956154065,141.50327690637516,109.13682687146856,122.21137377157866,130.5940117360628,-11.471841798476804,-14.590894945197624,-15.173236422177865,-9.631321477759485,-10.785149823156658,-11.52491735518049
ELMHURST,17043,17,41904.55,43335.47,11.840026174300512,12.080196306250418,0.006715411069266963,0.006372022023965032,0.04803402638998122,0.017901001676344463,0.04875238132716866,0.018686432813484036,0.04875238132716895,0.04602952189734908,0.018918837888759296,,,-0.0008944305566704697,-0.0012382181713589265,0.049646811883839126,0.047267740068708,0.051441963294741926,-0.0017951514109027956,0.04930866527950815,-0.002040925210800161,-0.0026895819675732653,-0.0032791433821590873,2.3545726716342514,1.6523277736413453,93.7644418628355,95.03139628743304,3.8809854655302454,3.31627593892563,-7.124000526166531,-12.10576395383543,-11.569501269249779,-5.51682173127904,-8.984520822758116,-8.125627767019328,-2.690052210666645,-4.57118678840793,-4.368691769651394,-1.8346397290177552,-2.9878360495432874,-2.7022079470251894,102.69005221066662,174.5004829664588,166.77043818663822,101.83463972901777,165.8446630486479,149.99041414279532,107.12400052616648,182.03506013188627,173.97124768623655,105.51682173127905,171.84134782186277,155.41383396278948,-4.433948315499887,-7.5345771654275016,-7.200809499598386,-3.6821820022612846,-5.996684773214827,-5.423419819994138
ELMWOOD PARK,17031,17,24752.27,24275.43,11.208768980700144,11.3762236023237,-0.0038904948525864567,-0.0024887074619628375,0.033490924324711104,-0.0017424113224031035,0.023624203657871566,-0.006441744855813055,0.023624203657871233,0.028902380504673347,0.001791696496083562,,,-0.00024073326175155335,0.0005461528856360564,0.02386493691962312,0.028356227619037288,0.02521283336096327,-0.001347896441340147,0.02955398457181396,-0.0011977569527766758,-0.0015886297030917004,-0.0006516040671406194,1.7450147875046798,0.8982094043754462,94.42802823872105,94.07260081550433,3.8269569737742635,5.029189780120216,-2.2544996493809872,-2.2107606372171666,-2.2989949518059754,-6.724585201255535,-4.491414951276271,-4.799486977004338,1.8896467214793835,1.852986134302622,1.9269412060323967,-1.0190111177412797,-0.6806072988539726,-0.7272910436332588,98.1103532785206,96.20693761969619,100.04668085406439,101.01901111774127,67.47156639678742,72.09952938047869,102.25449964938096,100.27068439121595,104.27261701190275,106.72458520125556,71.28237404920974,76.17172531384978,-4.144146370860371,-4.0637467715197895,-4.225936157838372,-5.705574083514256,-3.810807652422298,-4.07219593337108
ELWOOD,17197,17,7834.360000000001,7562.14,11.430366068125347,11.597227848534331,-0.007072993761115143,-0.010652687861005036,0.033372356081796895,-0.001481067257685903,0.033555273101375765,0.0034893245876911443,0.033555273101375606,0.029976967303288464,0.0028662832946986794,,,-0.000540507461905913,-0.0005355820202433384,0.03409578056328168,0.0305125493235318,0.031957436947592045,0.0021383436156896295,0.027828716758780195,0.0026838325647516132,0.0015978361537837165,0.002148250544508275,1.7250056511073006,1.560523637847262,89.6308909887409,92.2657674065781,8.644103360151805,6.1737089555746305,7.166337150698404,6.6696062947233115,7.57947564494428,4.761803454724991,4.96817602822802,4.827301035947571,-1.7866451093089233,-1.6628047518420346,-1.8896449898182726,-1.6107973857728854,-1.68060799535696,-1.6329535569821556,101.7866451093089,94.73135782812753,107.65463323357696,101.61079738577288,106.01452424085535,103.00843202528371,92.83366284930162,86.39894678156222,98.18551259881444,95.238196545275,99.36574021727036,96.54817743235397,8.952982260007328,8.332411046565346,9.46912063476255,6.372600840497876,6.64878402358498,6.4602545929297275
ENGLEWOOD,17031,17,27170.94,22730.45,10.309762431327682,10.428906167634151,-0.035688516905798905,-0.034286729515175286,0.02382874726129387,-0.011404588385820338,0.023963209493499373,-0.006102739020185249,0.023963209493499348,0.029380512955949154,0.0022698289473593695,,,-0.0010883976501017659,-0.001249624059146169,0.025051607143601138,0.030630137015095323,0.031473806425207515,-0.006422199281606381,0.03416674842294004,-0.0035366114078447123,-0.007510596931708148,-0.0047862354669908815,3.2080316688375397,2.791879716965551,87.71278862611577,80.73435454957193,9.079179705046684,16.47376573346251,-16.290510224130493,-16.238727633037755,-16.886836242524765,-31.342199523588803,-21.234153740443112,-22.690632117169507,-4.253241122848188,-4.239721359326169,-4.408934118903147,-4.541952739665449,-3.0771459636486824,-3.2882114298249525,104.2532411228482,103.92185168931402,108.06950711624827,104.54195273966545,70.82655112094096,75.68463689477056,116.2905102241305,115.92085796302563,120.54740923986994,131.3421995235888,88.98355889773538,95.0870575821151,-12.037269101282307,-11.999006273711586,-12.477902123621616,-26.800246783923352,-18.15700777679443,-19.402420687344556
EVANSTON,17031,17,68137.12,67588.19,11.632744430024792,11.803525248754434,-0.0016177763544263258,-0.00021598896380270634,0.03415616374592858,-0.0010771719011856279,0.028186311509605398,-0.001879637004079223,0.028186311509605134,0.029056613258173283,0.0019459292495834987,,,-9.670370466374951e-06,0.0004060054639869988,0.028195981880071774,0.028650607794186288,0.027807041434374253,0.00038894044569751573,0.03174397487987655,-0.003093367085690261,0.0003792700752311408,-0.0026873616217032623,1.1520059631070607,0.034285221913953244,90.07082809976555,98.58676972748862,8.777165937127398,1.3789450505974208,-9.248709055751151,-9.117673739055316,-9.481571883190266,1.345582500576183,1.072282158107485,1.1458313937456592,1.3972910758028356,1.377494315246265,1.4324718938722028,-0.034308747574436825,-0.027340321292324356,-0.029215629687552723,98.60270892419717,97.20570993622327,101.08531546472477,100.03430874757444,79.71640863544847,85.18426136304173,109.24870905575116,107.70087799052486,111.99935924178723,98.6544174994238,78.61678615604866,84.00921433960849,-10.646000131553986,-10.495168054301582,-10.914043777062469,1.3798912481506198,1.0996224793998093,1.1750470234332118
EVERGREEN PARK,17031,17,19729.78,19278.27,11.342340548691258,11.468877476792157,-0.004630122914846524,-0.0032283355242229044,0.0253073856201798,-0.009925950026934405,0.02930602212874315,-0.0007599263849414721,0.029306022128742983,0.020755073741862445,-0.006355610266727339,,,0.0002280282456584316,-0.0012327707791473135,0.029077993883084716,0.02198784452100976,0.035676036483184785,-0.006598042600100058,0.027169667215824523,-0.005181822694814765,-0.0063700143544416265,-0.0064145934739620785,3.67068011570734,0.5365104461612141,80.90000094623838,83.93945318304243,15.429318938054285,15.52403637079636,-30.906146389757268,-21.763416576288996,-22.632022662534844,-21.736195811419794,-18.009469202107766,-19.244762248857768,-5.939611655827783,-4.1825415934094705,-4.349472234620003,0.7780934739511544,0.6446873490218633,0.6889072974632752,105.93961165582779,74.60030349044656,77.57769802868216,99.22190652604884,82.2100557640574,87.84895100958661,130.90614638975725,92.18117847332609,95.86024845659699,121.73619581141983,100.86421231518705,107.78262055590768,-24.966534733929482,-17.580874982879525,-18.28255042791484,-22.51428928537095,-18.65415655112963,-19.933669546321045
FLOSSMOOR,17031,17,17881.25,18077.16,11.63676468844352,11.801116898552587,0.0021793170326859014,0.003581104423309521,0.03287044202181342,-0.002362893625300788,0.017263398652022397,-0.012802549861662224,0.017263398652022487,0.026450166489618728,-0.0006605175189710565,,,-0.0007311911646048358,-0.0009941158159205374,0.017994589816627233,0.02744428230553926,0.020253618051387087,-0.002259028234759861,0.031179428237275028,-0.0037351459317357676,-0.002990219399364697,-0.004729261747656305,2.768454700903059,3.1457420322873006,86.82975694841309,87.13543146349966,10.401788350683857,9.718826504213041,-17.879894062339705,-16.04542734163003,-16.685821086633272,-17.32115129609426,-8.454025561630653,-9.033898231731719,-3.758448236273719,-3.372833635487215,-3.5074477854948354,-4.2354995058819265,-2.0672425566234685,-2.209037427282055,103.7584482362737,93.1128918577918,96.82914772653922,104.23549950588193,50.87476936078542,54.364336329201855,117.87989406233967,105.78548556393459,110.00752102767765,117.32115129609421,57.26155236579259,61.1891971336515,-14.121445826065985,-12.672593706142814,-13.178373301138437,-13.085651790212335,-6.386783005007185,-6.8248608044496635
FOREST GLEN,17031,17,18454.54,19339.66,11.817410721967729,12.014530687947747,0.00936949980979378,0.0107712872004174,0.03942399319600369,0.004190657548889483,0.03991929976869335,0.00985335125500873,0.03991929976869315,0.03522689564327335,0.008116211634683568,,,0.001342474490647483,-0.0026519862430046883,0.038576825278045866,0.03787888188627803,0.03840757296118578,0.00016925231686009128,0.0467248161516979,-0.008845934265419873,0.0015117268075075742,-0.011497920508424561,4.554897957623949,3.3629710401391266,80.25183773901917,96.21304277312714,15.193264303356893,0.4239861867337341,-32.63960760226714,-39.01011573089435,-40.56705987292425,3.786957226872861,4.2739930974919815,4.56715187390786,-7.528299597728222,-8.997652243338377,-9.356760174443373,3.3629710401391266,3.7954785733054206,4.055815412669019,107.5282995977282,128.51537502437054,133.64458975639724,96.63702895986087,109.06539736062473,116.54633560975635,132.6396076022671,158.5278385119265,164.8548894548781,96.21304277312714,108.58688283643818,116.03499914851751,-25.11130800453892,-30.012463487555973,-31.21029969848088,0.4239861867337341,0.4785145241865611,0.5113364612388405
FOREST PARK,17031,17,13990.32,13691.47,11.175342274326795,11.419563072530476,-0.004318530142629129,-0.00291674275200551,0.048844159640736254,0.013610823993622047,0.03518897983242413,0.005123031318739511,0.03518897983242404,0.041783168613975526,0.014672484605385741,,,-0.0008958438603453465,0.00032759196487820036,0.036084823692769476,0.041455576649097325,0.03898272624855695,-0.0028979025557874707,0.046088406147375444,-0.004632829498278122,-0.003793746416132817,-0.004305237533399921,0.6417227979798219,2.094244346343286,90.2829865143995,91.13123130588465,9.075290687620676,6.774524347772067,-10.303760284852874,-14.606799055869727,-15.18977528646403,-10.781063941606943,-10.725777908853656,-11.461473043624261,0.7840285352811376,1.111453193040095,1.1558127266026614,-2.5458079904888016,-2.5327529131135016,-2.7064777479542057,99.21597146471886,140.6503760038461,146.2639143102722,102.5458079904888,102.01994607834534,109.01762760943903,110.30376028485287,156.3686282527559,162.60950232333892,110.78106394160694,110.2129710740855,117.7726229051091,-11.087788820134012,-15.718252248909822,-16.34558801306669,-8.235255951118141,-8.193024995740156,-8.754995295670055
FOREST VIEW,17031,17,4221.48,3885.3,11.210879556394834,11.36099024478891,-0.016597115309637544,-0.015195327919013924,0.03002213767881514,-0.005211197968299067,-0.007212355594458665,-0.037278304108143284,-0.007212355594458941,0.020792098386717524,-0.00631858562187226,,,0.0,0.0,-0.007212355594458665,0.020792098386717524,-0.005004108836100635,-0.0022082467583580275,0.021952882756679646,-0.0011607843699621258,-0.0022082467583580275,-0.0011607843699621258,0.0,0.0,94.9779307471978,69.3824475313634,5.022069252802199,30.61755246863659,-5.582814915418358,-3.9383062857024718,-4.095489180091784,30.617552468636582,-6.243212302586601,-6.6714423997771775,0.0,0.0,0.0,-0.0,0.0,0.0,100.0,70.54337901881433,73.35885645753815,100.0,-20.390958124369682,-21.789600610993126,105.58281491541834,74.4816853045168,77.45434563762993,69.38244753136338,-14.147745821783076,-15.118158211215944,-5.582814915418358,-3.9383062857024718,-4.095489180091784,30.617552468636582,-6.243212302586601,-6.6714423997771775
FOX LAKE,17097,17,19215.72,19827.98,11.13725392313745,11.40761589148795,0.006273075488484636,0.006590583840372922,0.05407239367009993,0.026032180563303864,0.050233319098101206,0.020167370584416585,0.05023331909810125,0.04890907473185355,0.021798390723263762,,,0.0006271399622178248,-0.003464316894466389,0.04960617913588338,0.052373391626319946,0.0463277393196945,0.003278439816188884,0.05573054251006035,-0.0033571508837404035,0.003905579778406709,-0.006821467778206792,5.538298255325919,1.2484541604608612,89.09472653753176,92.22512099831695,5.366975207142308,6.526424841222182,-13.947243564933157,-26.73088543115711,-24.0675600059141,7.774879001683043,13.728650683105123,11.79933828986986,-7.08317814937142,-13.575415293912974,-12.222832013287013,1.2484541604608612,2.2044833185347565,1.8946832452935067,107.08317814937145,205.23253597663498,184.78424096742577,98.75154583953913,174.37254997205733,149.8676565585238,113.94724356493317,218.38800611387913,196.62896896005287,92.22512099831695,162.84838260748697,139.96300151394746,-6.864065415561736,-13.155470137244137,-11.84472799262709,6.526424841222182,11.524167364570365,9.904655044576353
FRANKFORT,17197,17,28337.879999999997,29810.82,11.825378277643335,11.984493982038424,0.010134397864608503,0.00655470376471861,0.03182314087901794,-0.003030282460464856,0.035682061495391756,0.005616112981707135,0.03568206149539108,0.02568023114235344,-0.0014304528662363453,,,0.00016018249326699136,-0.0019418867948550347,0.035521879002124765,0.027622117937208472,0.038603419339703404,-0.0030815403375786376,0.02981082448848286,-0.0021887065512743845,-0.002921357844311646,-0.0041305933461294195,5.721289559314655,0.3827983009691604,87.83022746351749,92.25304859131967,6.4484829771678465,7.364153107711155,-16.084720278537475,-12.824124007655236,-14.573594195607678,-8.187189085722897,-9.08342196264361,-8.825857216226227,-7.561796403196519,-6.0289152136906745,-6.851381327223935,0.44891602826164767,0.4980578398519479,0.48393517311355033,107.56179640319652,85.75752588009442,97.45658889837358,99.55108397173835,110.4487136043742,107.3168878421636,116.08472027853749,92.552734674059,105.17880176675733,108.1871890857229,120.03019340686978,116.62668023150337,-8.522923875340956,-6.7952087939645605,-7.722212868383744,-8.636105113984545,-9.581479802495558,-9.309792389339778
FRANKLIN PARK,17031,17,19395.51,18950.5,11.136014906363249,11.258079770155861,-0.0046422559157107916,-0.0032404685250871723,0.0244129727585225,-0.010820362888591707,0.014001901657510009,-0.016064046856174612,0.014001901657509919,0.02473015633446911,-0.0023805276741206763,,,0.00014832361753226294,-0.0028322582020194843,0.013853578039977745,0.02756241453648859,0.01999610470114938,-0.006142526661171636,0.029473945956864023,-0.0019115314203754369,-0.005994203043639373,-0.004743789622394921,8.277164324503856,0.5642479992298097,86.1364595228494,76.06854699022651,5.5863761526467295,23.367205010543675,-19.18220636471669,-16.094717478438866,-16.73707845651298,-42.80992103972066,-16.94696575217791,-18.109380297672995,-11.45264980824993,-9.60927849167168,-9.9927972169159,1.0593105219583414,0.41934436458999963,0.4481077430082375,111.45264980824992,93.51369059331144,97.2459428576529,98.94068947804165,39.1671938503576,41.85372290244057,119.18220636471666,99.99912958007862,103.99022409724996,142.80992103972062,56.5335039671255,60.411210943121795,-7.72955655646676,-6.485438986767186,-6.744281239597079,-43.869231561679,-17.36631011676791,-18.557488040681232
FULLER PARK,17031,17,2528.32,2320.66,10.353673014129852,10.354515174177639,-0.01714068451458779,-0.01573889712396417,0.00016843200955740656,-0.0350649036375568,0.02965050101374883,-0.00041544749993579,0.029650501013749064,-0.011713124806367072,-0.03882380881495685,,,0.00043309427393943957,-0.01000473713921606,0.029217406739809392,-0.0017083876671510137,0.03436262417230152,-0.005145217432492128,-0.0006370588744347323,-0.0010713287927162857,-0.004712123158552688,-0.011076065931932347,85.41475741620745,1.0843368198841943,5.438846464680687,86.03359790224197,9.146396119111849,12.882065277873833,94.56115353531938,-37.578848586673715,-39.0786690069683,-15.892221033188253,-13.322236368481807,-14.2360259848476,85.41475741620751,-33.94404695805921,-35.298797747129136,1.460664269175807,1.2244553236654778,1.308442315753116,14.585242583792507,-5.796213372667093,-6.027547740367583,98.53933573082419,82.60420739541287,88.27013801683876,5.438846464680689,-2.1614117440526095,-2.2476764805284426,115.89222103318826,97.15089908756016,103.81460631743946,9.146396119111854,-3.6348016286144973,-3.7798712598391555,-17.35288530236406,-14.546691692147288,-15.544468300600716
GAGE PARK,17031,17,40327.68,37425.29,10.753510056009112,10.940821049081935,-0.014938280541727522,-0.013536493151103902,0.03746219861456446,0.00222886296745025,0.035465044866651474,0.005399096352966853,0.03546504486665114,0.031875120239956,0.004764436231366215,,,0.00035687730903996416,-0.00030578281194417004,0.03510816755761151,0.03218090305190017,0.037427762872497564,-0.0023195953148860585,0.0349823095468693,-0.002801406494969134,-0.0019627180058460945,-0.003107189306913304,0.802800827382908,0.8898743602076388,91.84239908526722,93.32620958660412,7.354800087349879,5.783916053188236,-9.748008112667101,-10.54206405164074,-10.962811454271677,-5.534232406094259,-5.549047068325806,-5.929663464215426,-0.959315006946597,-1.037459153915722,-1.0788654897345407,1.0062790287783996,1.008972750839227,1.0781795114319295,100.9593150069466,109.18328679168509,113.5409328943153,98.9937209712216,99.2587186134633,106.06700394139379,109.7480081126671,118.68789168941012,123.42487885885245,105.53423240609425,105.81673843262833,113.07484691704116,-8.788693105720505,-9.504604897725018,-9.883945964537137,-6.540511434872659,-6.5580198191650325,-7.007842975647355
GARFIELD RIDGE,17031,17,34544.85,36932.020000000004,11.290799336786455,11.479266364887751,0.013364089135419376,0.014765876526042996,0.037693405620259315,0.0024600699731451084,0.0364801372388509,0.006414188725166279,0.03648013723885093,0.027283927254861215,0.00017324324627143034,,,-0.001360117294304739,0.0003266470338599117,0.03784025453315564,0.026957280221001304,0.038906729792030775,-0.0010664752588751415,0.03156386715630842,-0.004606586935307109,-0.0024265925531798804,-0.004279939901447197,0.8949944619900454,3.290607231969432,86.4832169760366,94.12921000418673,12.621788561973357,2.580182763843844,-15.68667098936292,-14.52096931392028,-15.10051996857264,-6.651818597314894,-6.860525176381309,-7.33109757095501,1.1972141356655777,1.1082472334620876,1.1524788130339763,-3.7283776796108947,-3.8453587637452804,-4.109116950608322,98.80278586433442,91.4605924124188,95.11090287459275,103.7283776796109,106.98294551559479,114.32104566908414,115.68667098936294,107.0898089598012,111.36390165619939,106.65181859731487,109.99811192823081,117.54302628943081,-16.8838851250285,-15.629216547382367,-16.252998781606614,-2.923440917704,-3.0151664126360287,-3.221980620346688
GENEVA,17089,17,26304.96,26745.97,11.814622455342777,11.95381816298497,0.0033252586457532375,-4.519959167825901e-05,0.02783914152843856,0.0005992262655335479,0.034811397636308666,0.004745449122624045,0.03481139763630843,0.021647418741556283,-0.005463265267033501,,,-0.0002779010618764924,-0.0032748581721743896,0.03508929869818516,0.02492227691373068,0.03254786129696342,0.0025414374012217365,0.028772014822193794,-0.00384973790846311,0.002263536339345244,-0.0071245960806375,9.123028859295712,0.785759301731068,80.15245478208764,92.02838086638127,10.72451635861665,7.185859831887652,-32.91198902601953,-31.279689236947117,-25.137059832850138,6.502285150953983,9.38435265177065,6.838480459934143,-15.128169373319714,-14.377874164555541,-11.554382155329144,-0.7983048103378607,-1.152144775243553,-0.8395805043655993,115.12816937331975,109.41828394415913,87.93098708484986,100.79830481033787,145.47606219670305,106.0099983063415,132.9119890260196,126.32009901655073,101.51366476237087,93.49771484904602,134.93956476968884,98.33193734204175,-17.78381965269982,-16.901815072391578,-13.582677677520996,7.300589961291844,10.536497427014202,7.678060964299742
GLEN ELLYN,17043,17,30531.29,30895.739999999998,11.852361922744938,12.01333842203953,0.0023732501893292124,0.0020298611440272814,0.032195299858918246,0.002062275145281487,0.04038030848589007,0.010314359972205447,0.040380308485890734,0.03098562001651959,0.003874936007929805,,,-0.0016882127113990349,-0.0012328619875259224,0.0420685211972891,0.032218482004045514,0.042447472880028286,-0.0003789516827391999,0.03226731893941526,-4.883693536973465e-05,-0.002067164394138235,-0.001281698922895657,3.6748079856934464,3.7924889761569878,96.17962311696901,95.35621422363498,0.14556889733752304,0.8512968002080509,-4.1364314227449235,-4.731706672199181,-4.522100923038555,-5.1192387370209325,-6.9053413382141935,-6.245211561690681,-3.9788198101849748,-4.5514131190013165,-4.349794036788772,-4.18078210568634,-5.639457150471243,-5.1003420790912575,103.97881981018497,118.94244704696703,113.67351926943637,104.18078210568633,140.52946117151163,127.09526910851503,104.13643142274496,119.12274060016495,113.84582615568617,105.1192387370209,141.79534535925455,128.2401385911144,-0.15761161255994832,-0.18029355319786436,-0.17230688624978296,-0.938456631334591,-1.26588418774295,-1.1448694825994226
GLENCOE,17031,17,8820.68,8886.41,12.361260748104302,12.484879443388643,0.0014848357784575938,0.002886623169081213,0.024723739056868154,-0.010509596590246053,0.02394571849386866,-0.006120230019815962,0.023945718493868638,0.0197591000651887,-0.007351583943401085,,,-0.0022011955295006963,-0.000669330564226211,0.026146914023369355,0.02042843062941491,0.022440259507970926,0.0037066545153984273,0.025851274651421844,-0.005422844022006931,0.001505458985897731,-0.006092174586233142,2.0953609588196977,7.7648759096101365,80.92825060653853,79.1596330828311,16.976388434641787,13.075491007558751,-30.832247248781574,-20.66951458636687,-21.494461630252705,6.286965188717166,4.256272550258353,4.548215851163173,-3.3874547019751575,-2.2709030518655906,-2.3615377279611516,-9.192438848992216,-6.22327688613741,-6.650139587040655,103.38745470197514,69.30952796813304,72.07576081658831,109.19243884899221,73.92323103725673,78.99372213662403,130.83224724878158,87.70813950263432,91.20868471887988,93.71303481128282,63.443681600860955,67.7953666984202,-27.44479254680642,-18.398611534501278,-19.13292390229155,15.479404037709383,10.479549436395763,11.198355438203828
GLENDALE HEIGHTS,17043,17,26664.510000000002,25644.02,11.246081429328566,11.383345502214162,-0.00780461234019505,-0.00814800138549698,0.027452814577119254,-0.0026802101365175045,0.02273375377799217,-0.007332194735692452,0.022733753777992406,0.024052193824263164,-0.0030584901843266205,,,-0.0009051641005482433,0.00037000114905965704,0.023638917878540413,0.02368219267520351,0.024519716202895066,-0.0008807983243546488,0.025695059356461266,-0.002012866681257759,-0.0017859624249028923,-0.0016428655321981019,1.3177651847244727,3.440945635182096,91.51337698660511,93.21073426702775,7.168857828670401,3.348320097790156,-6.830418647885775,-6.065042001178822,-5.796371992571359,-7.855994405252274,-5.96598906025589,-5.395658524487336,1.5383259912299996,1.365950204414325,1.3054411670315609,-3.9815866283574524,-3.0236913421629272,-2.7346355819600157,98.46167400877,87.4286363917695,83.55571144131572,103.98158662835746,78.96556136522729,71.41669218933193,106.83041864788578,94.85962859736263,90.65752460091863,107.85599440525229,81.90785908332026,74.07771513185925,-8.368744639115775,-7.430992205593147,-7.101813159602919,-3.874407776894821,-2.9422977180929624,-2.6610229425273206
GLENVIEW,17031,17,54702.1,56347.49,11.803495401461337,11.947787862608925,0.005927119308647022,0.007328906699270641,0.02885849222951755,-0.006374843417596657,0.03268731379821805,0.0026213652845334286,0.0326873137982183,0.027733147473581188,0.0006224634649914032,,,0.0017401773001675975,0.0011279817688466735,0.03094713649805045,0.026605165704734514,0.030635057348898487,0.0003120791491519597,0.030046744691696152,-0.0034415789869616407,0.002052256449319557,-0.002313597218114967,3.2585273161437027,5.323708491036861,86.79939786544223,93.72155062362012,9.942074818414074,0.954740885343025,-8.34235356920421,-7.8495668122954,-8.162853169869491,6.278449376379884,5.802192469641207,6.200172439690195,4.067269212487323,3.827013703287194,3.97975476685913,5.32370849103686,4.919874234148804,5.2573348424613044,95.93273078751268,90.26593916881437,93.86856947586604,94.67629150896315,87.49454406903287,93.49590927886307,108.3423535692042,101.94251968439696,106.01117741259465,93.7215506236201,86.61222583354045,92.55307168163415,-12.409622781691532,-11.676580515582593,-12.142607936728622,0.9547408853430248,0.882318235492403,0.9428375972288908
GLENWOOD,17031,17,8507.07,8689.619999999999,11.079964456286888,11.178683067108373,0.004246325484024993,0.0056481128746486125,0.01974372216429714,-0.015489613482817067,0.03671849022929496,0.006652541715610336,0.036718490229295145,0.004737538939505325,-0.02237314506908446,,,0.0011681220796358454,-0.0028919596046881424,0.03555036814965911,0.0076294985441934665,0.03744536333534764,-0.001894995185688522,0.02449539413986132,-0.01686589559566785,-0.0007268731060526767,-0.019757855200355993,6.535022055566736,2.8836482196186517,55.35275828344638,92.43833088799298,38.11221966098688,4.678020892388359,-417.04892461356803,-67.0344013419996,-69.70983094605103,-1.9795833148737654,-2.0550344298939294,-2.195991929173404,-61.04350046756787,-9.811833260222622,-10.203436208095432,3.181291148795349,3.3025449311327155,3.5290708072829275,161.04350046756787,25.885343437502843,26.91846095264866,96.81870885120465,100.50891955501726,107.40295780063846,517.0489246135681,83.10791151927982,86.42485569060428,101.97958331487378,105.86649891604392,113.12802053709483,-356.00542414600017,-57.22256808177697,-59.5063947379556,-5.1608744636691135,-5.357579361026645,-5.725062736456332
GRAND BOULEVARD,17031,17,22250.29,22358.4,10.8429308328231,10.99481616905901,0.0009694094281638144,0.0023711968187874336,0.030377067247182053,-0.004856268399932154,0.041786443082070655,0.011720494568386034,0.041786443082070336,0.016517541061259848,-0.010593142947329937,,,-0.00036262310044713787,-0.005475378199697092,0.04214906618251779,0.021992919260956943,0.039829755162590796,0.002319311019926995,0.023963507718734813,-0.0019705884577778682,0.001956687919479857,-0.00744596665747496,17.432250327131435,0.8529962148374246,76.2938832777326,93.69130193222215,6.27386639513597,5.455701852940428,-45.07914725236367,-25.262656914670085,-26.270922205825247,4.682590273684757,5.531998652316653,5.911445675054967,-33.14886991586789,-18.576849360203674,-19.318275430002156,-0.8678008313244754,-1.025217400793128,-1.095538403172179,133.14886991586792,74.61752105535308,77.59560276885897,100.86780083132447,119.16492916258031,127.33860750695727,145.0791472523637,81.3033286098195,84.54824954468208,95.31740972631523,112.60771310947052,120.33162342873011,-11.93027733649578,-6.685807554466415,-6.952646775823093,5.550391105009232,6.557216053109781,7.006984078227145
GRAYSLAKE,17097,17,38835.130000000005,37807.5,11.698631269422359,11.792016468870541,-0.00536355074381305,-0.005046042391924764,0.018677039889636406,-0.00936317321715966,0.013762253043587672,-0.016303695470096947,0.013762253043588047,0.015402568020146529,-0.011708115988443256,,,0.0005503697503181934,-0.00031674036747702855,0.013211883293269479,0.015719308387623553,0.009657918065903291,0.0035539652273661867,0.016490817487229074,-0.0007715090996055229,0.00410433497768438,-0.0010882494670825514,1.8018042043997196,3.9991253508787246,93.80940143233465,70.17686737276833,4.3887943632656485,25.824007276352962,-7.0653767972920045,-4.2644593173976,-3.8395709254964037,29.82313262723168,14.427302575308243,12.399807353672845,-2.0564127167802977,-1.2411918885698772,-1.1175260293544367,3.9991253508787246,1.9346254531634952,1.6627489993725892,102.05641271678027,61.5983312138507,55.46099610398685,96.00087464912129,46.44158892927394,39.91506748510532,107.06537679729198,64.6215986426784,58.18304100012881,70.17686737276831,33.94891180712919,29.178009130805066,-5.008964080511707,-3.0232674288277237,-2.722044896141967,25.824007276352955,12.49267712214475,10.737058354300256
GREATER GRAND CROSSING,17031,17,32329.53,29596.57,10.653497594990617,10.723460509629927,-0.017664515562651674,-0.016262728172028056,0.013992582927862074,-0.02124075271925213,0.016334020286862917,-0.013731928226821705,0.016334020286862837,0.0004427530669928508,-0.026667930941596935,,,-0.0004991027059699392,-0.00605043071141167,0.016833122992832857,0.006493183778404521,0.018283969731773524,-0.0014508467389406582,0.01671288276648691,-0.010219698988082386,-0.0019499494449105974,-0.016270129699494054,18.344081571239585,2.466663534690123,50.6711834879387,90.36296711534976,30.984734940821713,7.170369349960104,-3674.7638610387694,-55.20125505032654,-57.40440849073634,-11.937963897834129,-5.5129474628731545,-5.891087739610919,-1366.5474420100102,-20.527886073050187,-21.34718053990513,-3.0556023391948166,-1.4110760685471289,-1.5078636216032508,1466.5474420100104,22.030057563185675,22.909305635870055,103.05560233919482,47.591040340958386,50.85537204118997,3774.7638610387703,56.70342654046204,58.96653358670129,111.9379638978342,51.69291173528444,55.23859615919767,-2308.2164190287594,-34.673368977276354,-36.05722795083121,-8.88236155863931,-4.101871394326025,-4.383224118007669
GREEN OAKS,17097,17,3629.1,3804.5600000000004,11.84472339017655,11.968722097374874,0.009443132731209402,0.009760641083097689,0.02479974143966466,-0.0032404716671314074,0.011194069695595336,-0.018871878818089285,0.011194069695595488,0.02124836448386184,-0.005862319524727943,,,0.0,0.0,0.011194069695595336,0.02124836448386184,0.013907618895450823,-0.0027135491998554863,0.027365242485846437,-0.006116878001984595,-0.0027135491998554863,-0.006116878001984595,0.0,0.0,81.73091216188726,83.67413659319304,18.269087838112746,16.32586340680696,-28.787523889805122,-23.969850827382835,-21.581620429543467,-24.24095323368604,-9.53849906797525,-8.19803634592824,0.0,0.0,0.0,0.0,0.0,0.0,100.0,83.26471883839781,74.96865834017224,100.0,39.34869629928676,33.81895203087961,128.78752388980513,107.23456966578064,96.55027876971572,124.24095323368604,48.88719536726201,42.01698837680785,-28.787523889805122,-23.969850827382835,-21.581620429543467,-24.24095323368604,-9.53849906797525,-8.19803634592824
GURNEE,17097,17,40770.98,40283.59,11.639747743835343,11.819594568617259,-0.002405272765708588,-0.0020877644138203016,0.03596936495638303,0.007929151849586966,0.033485794187482494,0.003419845673797873,0.033485794187481946,0.03120724869984365,0.004096564691253867,,,0.0007966694777725451,-0.0009675747539826402,0.03268912470970995,0.0321748234538263,0.031353733939079344,0.0013353907706306065,0.035668627847879525,-0.003493804394053225,0.0021320602484031516,-0.004461379148035865,2.411100387002485,2.3791267225501627,88.88268534692764,93.63294107206767,8.706214266069876,3.987932205382174,-14.295970756493562,-17.482544629485865,-15.740675444884008,6.367058927932337,7.494485338000727,6.441271604380228,-3.100480799473642,-3.7915784015605323,-3.413805387468447,2.3791267225501627,2.8004029083469164,2.4068571650806327,103.10048079947367,126.08159233114901,113.51948280524181,97.62087327744983,114.90677434302674,98.7587151546967,114.29597075649357,139.77255855907435,125.84635286265735,93.63294107206767,110.21269191337294,94.7243007153971,-11.195489957019918,-13.690966227925333,-12.32687005741556,3.987932205382174,4.69408242965381,4.034414439299594
HAMPSHIRE,17089,17,14398.720000000001,13911.59,11.351489843752933,11.378420197517496,-0.006883401616966367,-0.010253859854397864,0.005386070752912531,-0.021853844509992483,-0.006111185354714799,-0.03617713386839942,-0.006111185354714976,0.003111456589798856,-0.02399922741879093,,,0.0,0.0,-0.006111185354714799,0.003111456589798856,-0.009989857578995806,0.0038786722242810114,-0.0014695805201298644,0.004581037109928721,0.0038786722242810114,0.004581037109928721,0.0,0.0,24.288107594656168,72.03256380236807,75.71189240534383,27.96743619763192,147.23127184059052,20.11249698364248,16.162853672749026,-63.468410777110584,16.080514079049195,11.718046560678347,0.0,0.0,0.0,-0.0,0.0,0.0,100.0,13.660479008439577,10.977867317650281,100.0,-25.33624819364236,-18.4628012852409,-47.231271840590495,-6.452017975202898,-5.1849863550987445,163.4684107771105,-41.41676227269153,-30.180847845919235,147.23127184059052,20.11249698364248,16.162853672749026,-63.468410777110584,16.080514079049195,11.718046560678347
HANOVER PARK,17031,17,28545.75,28506.769999999997,11.31626368606156,11.44632827934476,-0.0002732920899223501,0.0011284953007012692,0.026012918656639884,-0.009220416990474323,0.033285619764409524,0.003219671250724903,0.033285619764409094,0.020797960486611932,-0.0063127235219778526,,,0.0019144276447099775,-0.00258882345041197,0.03137119211969955,0.023386783937023908,0.027810720818015555,0.0035604713016840015,0.026464803806093194,-0.003078019869069291,0.005474898946393979,-0.00566684331948126,8.05692730377166,5.751515694344886,82.3636700062884,83.55175903244564,9.579402689939947,10.696725273209472,-27.247110711308075,-19.226451736193084,-19.99380427647226,16.448240967554362,15.478775788155593,16.54048526380594,-12.447487108548206,-8.783353679774379,-9.133908678212164,5.751515694344887,5.412519311361938,5.78377108983984,112.44748710854824,79.34662161634037,82.51344784591721,94.24848430565511,88.69344508135867,94.77704447963983,127.24711071130808,89.78971967275906,93.3733434441773,83.55175903244567,78.62718860456505,84.02033030567375,-14.79962360275987,-10.443098056418705,-10.859895598260097,10.696725273209475,10.066256476793654,10.756714173966099
HARVARD,17111,17,15386.560000000001,14770.869999999999,11.080075958939199,11.254206277929343,-0.00816748062160073,-0.007826291495016478,0.03482606379802888,0.004241660687166405,0.032926416492091756,0.002860467978407135,0.032926416492091805,0.03555139013115997,0.008440706122570182,,,-0.0007490363950221381,-0.0005059239889155378,0.03367545288711389,0.0360573141200755,0.03257421338135247,0.0011012395057614236,0.04027299912761211,-0.0042156850075366105,0.0003522031107392855,-0.004721608996452149,1.124410257159139,2.1758823751405285,89.50627821130658,94.62511735288481,9.369311531534274,3.1990002719746733,-13.28108121520055,-17.699953643673208,-16.658820585450112,1.0696673014018316,1.2734099416926912,1.0640580620920463,-1.42307793604984,-1.896563471849529,-1.7850052741665245,-2.2748797920418737,-2.7081827588311875,-2.262950526617162,101.42307793604984,135.1684963579698,127.21771903834143,102.27487979204186,121.75547344667856,101.73855950312469,113.28108121520053,150.9718865297935,142.09153434962502,98.93033269859815,117.77388074615469,98.41155091441549,-11.85800327915071,-15.803390171823677,-14.873815311283586,3.344547093443705,3.981592700523878,3.327008588709208
HARVEY,17031,17,21992.46,21399.35,10.494788913450757,10.708085971379985,-0.0054678239212876175,-0.004066036530663998,0.04265941158584567,0.007426075938731465,0.048834640837656075,0.018768692323971454,0.048834640837656096,0.022763493833353802,-0.004347190175235983,,,-0.0013654887104120332,-0.006294584488809669,0.05020012954806811,0.029058078322163464,0.055802728996940734,-0.005602599448872623,0.03601358925074043,-0.00695551092857696,-0.006968088159284656,-0.013250095417386629,12.777331884965925,2.175355957233399,73.10372639268036,88.89915971311586,14.118941722353712,8.925484329650752,-58.20765263183002,-44.954890347251926,-46.749098128243446,-14.268740467343846,-19.70035891908268,-21.05163230299641,-27.652101803399976,-21.35625039383779,-22.20860595145221,-2.7961477487904727,-3.860544970176443,-4.1253447988002945,127.65210180339994,98.58817491688404,102.5229564096931,102.79614774879047,141.9271035719669,151.66206922921677,158.20765263183,122.18681487029819,127.06344858648433,114.26874046734386,157.76691752087316,168.5883567334129,-30.555550828430043,-23.598639953414136,-24.540492176791236,-11.472592718553374,-15.83981394890624,-16.926287504196118
HARWOOD HEIGHTS,17031,17,9948.06,9330.68,11.108497059989457,11.441197195459335,-0.012813932382018578,-0.011412144991394958,0.06654002709397559,0.031306691446861386,0.05261282367666622,0.022546875162981598,0.052612823676665955,0.06427465119375796,0.03716396718516817,,,0.00018664340277661524,0.00034515478600425145,0.0524261802738896,0.06392949640775371,0.05047752399126122,0.0019486562826283704,0.06646055102051308,-0.00253105461275939,0.0021352996854049856,-0.0021858998267551386,0.4977947973298921,0.35474888008983935,95.85182610007836,95.94148434509513,3.650379102591757,3.7037667748150143,-3.40087388442712,-7.416315424635321,-7.712310159321212,4.058515654904853,6.036974452774585,6.451058426112737,0.5369998585659711,1.1710402883053872,1.2177780198603374,0.35474888008983935,0.5276830517247227,0.5638775223872498,99.46300014143404,216.89983433586798,225.55658708190106,99.64525111991016,148.22065171147122,158.38730006679896,103.40087388442711,225.48719004880869,234.48667526108252,95.94148434509513,142.71136031042133,152.50011916307344,-3.9378737429930912,-8.587355712940708,-8.93008817918155,3.7037667748150134,5.509291401049862,5.887180903725487
HAWTHORN WOODS,17097,17,13335.0,12959.849999999999,12.158034941675684,12.311587386582788,-0.0057072081701807775,-0.0053896998182924915,0.03071048898142088,0.0026702758746248133,0.03295898469128758,0.0028930361776029583,0.03295898469128815,0.028345091251471003,0.0012344072428812185,,,-0.0006694082161050163,-0.000660191492142156,0.0336283929073926,0.029005282743613157,0.03547128368936669,-0.0018428907819740827,0.03515268643740212,-0.006147403693788961,-0.002512298998079099,-0.006807595185931117,1.573372405048486,1.7623619699419952,83.77609748418476,93.38582929695714,14.650530110766747,4.851808733100864,-24.01683990196302,-26.67652371798756,-24.018614609133213,-7.6225011832455,-8.831076898450508,-7.59002950791842,-2.329121068212806,-2.587053653680932,-2.329293176944715,-2.0310340939657907,-2.3530620508936133,-2.02238193661061,102.32912106821279,113.66129917008271,102.33668260526846,102.03103409396579,118.20843138637494,101.59638429428222,124.01683990196301,137.75076923438937,124.02600403745696,107.62250118324552,124.68644623393186,107.16403186559003,-21.687718833750218,-24.089470064306628,-21.689321432188496,-5.59146708927971,-6.478014847556894,-5.567647571307809
HAZEL CREST,17031,17,13864.27,12577.96,11.084363482914073,11.10412504794413,-0.01947379023245297,-0.018072002841829353,0.0039523130060114655,-0.03128102264110274,0.018045163849323757,-0.012020784664360865,0.018045163849323843,0.006223068060060977,-0.02088761594852881,,,-0.0016263573706782146,-0.002073907886690546,0.019671521220001972,0.008296975946751523,0.025306045218711742,-0.005634523998709771,0.008710640137102831,-0.0004136641903513126,-0.007260881369387986,-0.0024875720770418585,18.519990932757562,4.99389270362559,77.78598914298342,77.7047387331871,3.694019924259026,17.301368563187292,-39.97340303903866,-8.439828275316591,-8.776672730832674,-40.23727038455285,-20.528151449293457,-21.93620420550547,-33.32613216944673,-7.036349452558362,-7.317179254166974,-9.01270492337016,-4.598079588066755,-4.913467880736548,133.32613216944674,28.149959087129933,29.273460340021078,109.01270492337017,55.615833161068174,59.43059589627612,139.97340303903857,29.553437909888146,30.732953816686763,140.23727038455286,71.54590502229487,76.45333222104503,-6.6472708695919245,-1.4034788227582302,-1.4594934766657015,-31.224565461182692,-15.930071861226699,-17.02273632476892
HEGEWISCH,17031,17,9318.2,9067.029999999999,11.06324919010559,11.100773745269844,-0.005464943927474053,-0.004063156536850434,0.007504911032850714,-0.027728424614263492,0.006590936107453974,-0.023475012406230646,0.006590936107454937,0.008019640100572918,-0.019091043908016865,,,0.0005367768564103854,8.926735433782224e-05,0.006054159251043589,0.007930372746235094,0.01439225019557626,-0.008338090944532672,0.016556977006629323,-0.008626604260394225,-0.0078013140881222865,-0.008537336906056403,0.35321445427552944,2.307019100907493,65.51290380711127,61.85660896089191,34.13388173861319,35.836371938200614,-106.45536207349879,-28.965455144247564,-30.121503898862017,-118.36428029243741,-22.05607679801269,-23.568931952232365,1.1131092320644793,0.3028660548798964,0.31495383060498905,8.144167196573509,1.5175894002792152,1.6216828420652183,98.88689076793551,26.90614867210892,27.98000784362759,91.8558328034265,17.11647549118949,18.290516931381333,206.45536207349883,56.17446987123639,58.41646557309461,218.36428029243743,40.69014168948139,43.481131725678914,-107.56847130556328,-29.268321199127456,-30.436457729467005,-126.50844748901093,-23.573666198291907,-25.190614794297584
HERMOSA,17031,17,24823.379999999997,23440.41,10.832259651067838,11.172231731933174,-0.011464898996184303,-0.010063111605560683,0.06799441617306705,0.03276108052595284,0.052973262150334786,0.022907313636650165,0.05297326215033458,0.06734998042832575,0.04023929641973597,,,-0.0009079047637487915,-0.00011052274473879388,0.05388116691408358,0.06746050317306455,0.05232421408387445,0.0015569528302091407,0.07126618110831386,-0.0038056779352492933,0.0006490480664603492,-0.003916200679988087,0.14700617632732504,1.6570909780830054,94.79106595609686,95.50118752065805,5.061927867575806,2.84172150125895,-5.814702031213997,-13.286875799828875,-13.817172187184612,1.2252371104093827,1.8350054667388378,1.9608708916646005,-0.1641021185691551,-0.3749812898773644,-0.38994727784501904,-1.7138924938626867,-2.5668518109036587,-2.742915533740967,100.16410211856916,228.8798251925121,238.0147148585813,101.71389249386269,152.33422754160742,162.78303144317698,105.81470203121401,241.79171970246367,251.44193976792093,98.77476288959063,147.93237026396494,158.07924501777143,-5.650599912644842,-12.91189450995151,-13.427224909339591,2.939129604272069,4.401857277642496,4.703786425405568
HICKORY HILLS,17031,17,8960.56,8343.5,11.318306006658359,11.476704772139389,-0.014269986485794917,-0.012868199095171296,0.031679753096205944,-0.003553582550908263,0.032590653555417376,0.0025247050417327548,0.03259065355541715,0.03524547218606567,0.008134788177475885,,,0.00017160535682516641,-0.0010573350541183929,0.03241904819859221,0.03630280724018406,0.028696022765011604,0.0037230254335806063,0.03633911307293594,-3.6305832751882356e-05,0.0038946307904057726,-0.0010936408868702752,2.8246253408277595,0.5265477617175349,97.07838518094452,88.04985366806677,0.0969894782277203,11.423598570215685,-3.1029259051965465,-3.7105020454427406,-3.858592978150917,11.950146331933219,11.011000818936402,11.766259766146176,-2.9999174036783405,-3.587323707558103,-3.7304984335849807,0.5265477617175349,0.4851670995850452,0.5184453454846596,102.99991740367832,123.16807293617072,128.08386993010816,99.47345223828246,91.65597086717585,97.94277378372666,103.10292590519654,123.29125127405536,128.21196447467412,88.04985366806677,81.13013714782448,86.69495936306515,-0.10300850151820608,-0.12317833788463764,-0.12809454456593655,11.423598570215685,10.525833719351358,11.247814420661516
HIGHLAND PARK,17097,17,30633.04,30286.59,12.088147411082398,12.254613796802577,-0.002274824945799736,-0.0019573165939114497,0.03329327714403583,0.005253064037239762,0.03780437489941568,0.007738426385731061,0.03780437489941555,0.030443043578697697,0.0033323595701079123,,,-0.0004868438530081478,-0.002949000416212602,0.03829121875242383,0.0333920439949103,0.041414397365176644,-0.003123178612752802,0.036595181726509766,-0.0032031377315994715,-0.00361002246576095,-0.006152138147812073,6.898679086508196,1.0812884537684218,85.6081313029694,91.98207888226824,7.493189610522425,6.936632663963333,-20.208682919328698,-24.108022691422335,-21.706025572705077,-9.54921877525013,-12.689726033662621,-10.90641562183648,-9.686943450937159,-11.556074854455465,-10.404688079215735,-1.287797653852154,-1.711323177193547,-1.470827800713949,109.68694345093716,130.85144302693593,117.81409055909849,101.28779765385217,134.59890625940469,115.68347575160143,120.2086829193287,143.40339086390276,129.1154280525878,109.54921877525017,145.5773091158738,125.11906357272397,-10.521739468391539,-12.551947836966871,-11.301337493489342,-8.261421121397976,-10.978402856469073,-9.43558782112253
HIGHWOOD,17097,17,5617.68,5571.92,11.30553756858912,11.50662437344229,-0.0016358137949854523,-0.001318305443097166,0.04021736097063418,0.012177147863838111,0.039723140109651445,0.009657191595966823,0.03972314010965157,0.043932629500894396,0.01682194549230461,,,0.0,0.0,0.039723140109651445,0.043932629500894396,0.0393746929361461,0.0003484471735053439,0.04745062571669634,-0.0035179962158019434,0.0003484471735053439,-0.0035179962158019434,0.0,0.0,93.09772153451374,99.12281060222456,6.902278465486275,0.8771893977754353,-8.007706927103744,-13.785765299996294,-12.412223846441698,0.8771893977754353,1.2248397928057981,1.0527108162199175,0.0,0.0,0.0,0.0,0.0,0.0,100.0,172.15621682326454,155.00347302209516,100.0,139.63230699231082,120.00952347230907,108.00770692710373,185.94198212326083,167.41569686853686,99.12281060222456,138.40746719950502,118.95681265608916,-8.007706927103744,-13.785765299996294,-12.412223846441698,0.8771893977754353,1.2248397928057981,1.0527108162199175
HILLSIDE,17031,17,9465.97,9168.2,11.219541581934678,11.349412334893461,-0.0063924574997194835,-0.004990670109095864,0.02597415059175674,-0.009259185055357468,0.03242693729786441,0.0023609887841797884,0.0324269372978641,0.017046326493266106,-0.010064357515323679,,,0.0004247843916115295,-0.0012563336137234509,0.03200215290625288,0.018302660106989558,0.037897560191567634,-0.005895407285314765,0.027815901522991758,-0.009513241416002204,-0.005470622893703235,-0.010769575029725654,3.2559753719951727,0.9606648317962028,72.08904491561294,85.70666438284131,24.654979712391878,13.332670785362485,-63.17827500241775,-36.5389870258994,-37.997305227212166,-16.870612366045197,-15.466686421482997,-16.527566671661862,-7.370113521055381,-4.262485519190619,-4.432606825812002,1.3099738273447896,1.200961409597092,1.2833369233916208,107.37011352105539,62.097219095726395,64.57559937468749,98.6900261726552,90.4773137229178,96.68327100440493,163.17827500241776,94.37372060243516,98.14029777608765,116.87061236604517,107.14496155399786,114.49417459945839,-55.808161481362376,-32.27650150670878,-33.564698401400165,-18.180586193389985,-16.66764783108009,-17.81090359505348
HINSDALE,17031,17,15468.93,16003.890000000001,12.327271797554278,12.457489109421596,0.006799664324957888,0.008201451715581507,0.026043462373463555,-0.009189873273650652,0.04580414790627008,0.015738199392585462,0.045804147906269674,0.022240220375752014,-0.00487046363283777,,,9.833351718465993e-05,0.0005578700463353455,0.04570581438908542,0.02168235032941667,0.04170981810319944,0.003995996285885978,0.021887233764865677,-0.00020488343544900476,0.004094329803070638,0.00035298661088634076,2.463003798899955,0.21468255972337205,96.63243306286114,91.06122482302487,0.9045631382388851,8.724092617251747,1.587154285895448,1.197612084032323,1.2454103303005761,8.938775176975117,11.575595028331158,12.369580230783313,2.5083836261963395,1.8927400876006855,1.968281790991256,0.21468255972337205,0.2780110610013377,0.2970802032797981,97.49161637380367,73.56382356693078,76.49985085169855,99.78531744027663,129.2206596086456,138.0840736559806,98.41284571410456,74.25895157049915,77.22272231238924,91.06122482302487,117.92307564131579,126.01157362847708,-0.9212293403008917,-0.6951280035683625,-0.7228714606906798,8.724092617251745,11.297583967329821,12.072500027503516
HOFFMAN ESTATES,17031,17,53565.58,52357.350000000006,11.547704231962895,11.63629128526257,-0.004562873802912648,-0.003161086412289029,0.01771741065993524,-0.017515924987178966,0.016857909443379008,-0.013208039070305613,0.016857909443379525,0.013303457139938765,-0.01380722686865102,,,-0.0013784259840935796,0.0003028302308089508,0.018236335427472588,0.013000626909129818,0.0152113263700885,0.003025009057384085,0.01666610869076073,-0.003665481781630916,0.0016465830732905052,-0.0033626515508219652,1.467597443925232,7.0274929945401645,80.76848354737507,77.55040222471885,17.7639190086997,15.422104780740991,-25.27652410535329,-11.408795709112976,-11.864135492502848,9.767421511077137,4.65526221718172,4.974572741170376,2.276327330734308,1.0274416440794554,1.0684481681324,-8.176731454889625,-3.8971215646647415,-4.164430229742245,97.72367266926571,44.10849422099751,45.868921238566045,108.17673145488962,51.55823879915936,55.09468583024808,125.27652410535327,56.544731574189925,58.80150489920128,90.23257848892285,43.005855017312896,45.955682859335454,-27.5528514360876,-12.436237353192432,-12.932583660635249,17.94415296596676,8.55238378184646,9.13900297091262
HOLIDAY HILLS,17111,17,4601.34,4573.8099999999995,11.258623577693468,11.579350940951935,-0.0012002019636845774,-0.0008590128371003243,0.06414547265169332,0.03356106954083084,0.05537473841105237,0.02530878989736775,0.0553747384110526,0.0640354741019957,0.036924790093405914,,,0.0,0.0,0.05537473841105237,0.0640354741019957,0.05420084177184694,0.0011738966392054312,0.0637546978568859,0.00028077624510980934,0.0011738966392054312,0.00028077624510980934,0.0,0.0,99.56153015332941,97.88008634823431,0.43846984667059535,2.119913651765677,0.43846984667059535,1.0525493590050636,0.9906371102425702,2.119913651765677,4.244288608769222,3.54651661192716,0.0,0.0,0.0,0.0,0.0,0.0,100.0,240.05056835659704,225.93049847434452,100.0,200.2104474979041,167.29533341951287,99.56153015332941,238.998018997592,224.93986136410194,97.88008634823431,195.9661588891349,163.7488168075857,0.43846984667059535,1.0525493590050636,0.9906371102425702,2.119913651765677,4.244288608769222,3.54651661192716
HOMER GLEN,17197,17,28303.13,28865.48,11.637119850280051,11.849108679128655,0.003934803654033559,0.00035510955414366557,0.04239776576972076,0.007544342430237966,0.026093948362092823,-0.003972000151591798,0.026093948362092688,0.04040503618828451,0.013294352179694727,,,-0.0008100416443341092,-0.00035323411088538064,0.02690399000642693,0.040758270299169896,0.030071944602979593,-0.0031679545965526547,0.04278517222491439,-0.002026901925744502,-0.003977996240886764,-0.002380136036629883,0.78209166389359,2.3789810621066834,94.73016762589789,88.31717135977539,4.487740710208538,9.303847578117951,-5.890691510678578,-7.3895339315918,-8.39761598916281,-15.244899643726109,-12.36884364992906,-12.01811921025511,-0.8742328783949989,-1.0966748992545416,-1.2462835618794728,-3.1043276130295108,-2.518674689965663,-2.447256472195222,100.874232878395,126.5409273812618,143.8036721798322,103.1043276130295,83.6529815006985,81.2809614562818,105.89069151067856,132.83378641359903,150.95500460711554,115.24489964372613,93.50315046066193,90.85182419434173,-5.0164586322835785,-6.292859032337258,-7.151332427283337,-12.1405720306966,-9.850168959963398,-9.570862738059887
HOMETOWN,17031,17,4354.62,4261.65,10.862065174033978,10.962201231861004,-0.004316188247099362,-0.002914400856475743,0.020027211565405167,-0.01520612408170904,0.02376812491381624,-0.006297823599868382,0.023768124913815924,0.013271237398853697,-0.013839446609736088,,,0.0,0.0,0.02376812491381624,0.013271237398853697,0.01795744344466183,0.005810681469154406,0.016946231628388018,-0.003674994229534322,0.005810681469154406,-0.003674994229534322,0.0,0.0,82.17858504215718,75.55262987625623,17.821414957842812,24.44737012374375,-27.691421071645888,-12.468511162471604,-12.966145559358832,24.44737012374375,16.42810881407623,17.554934283585666,0.0,0.0,0.0,0.0,0.0,0.0,100.0,45.02662080870419,46.82369144512874,100.0,67.19785699207351,71.80704588971712,127.69142107164588,57.49513197117578,59.789837004487566,75.55262987625623,50.76974817799728,54.252111606131436,-27.691421071645888,-12.468511162471604,-12.966145559358832,24.44737012374375,16.42810881407623,17.554934283585666
HOMEWOOD,17031,17,16063.65,15681.48,11.39992752218319,11.436694204051111,-0.0048157114400467545,-0.0034139240494231353,0.007353336373584085,-0.02787999927353012,0.017573706365112737,-0.012492242148571885,0.01757370636511233,0.007592411876486906,-0.01951827213210288,,,0.00048367079309290787,-0.0005506357993070712,0.017090035572019827,0.008143047675793977,0.02123221275049493,-0.004142177178475107,0.010674392298770714,-0.002531344622976734,-0.0036585063853821985,-0.0030819804222838054,4.002768829200938,1.8704836309716917,77.59598053368569,82.11061524957634,18.401250637113368,16.01890111945195,-40.59290344651155,-10.456535411385923,-10.873869255432748,-20.818069389420625,-10.343423798929697,-11.052892765228323,-7.252449001250135,-1.8681957525105197,-1.9427578597624304,2.7522412349684497,1.3674465656568067,1.4612415140476414,107.25244900125013,27.627711637261882,28.730369319388682,97.24775876503155,48.3173902241852,51.6315432128839,140.5929034465116,36.216051296137294,37.66148071505901,120.81806938942059,60.0282605887717,64.14567749215986,-33.340454445261415,-8.588339658875405,-8.931111395670316,-23.570310624389077,-11.710870364586505,-12.514134279275964
HUMBOLDT PARK,17031,17,54187.57,54961.42,10.718452725814164,10.92408532836194,0.002835987640380111,0.00423777503100373,0.04112652050955532,0.005893184862441114,0.04169361414301582,0.011627665629331197,0.04169361414301598,0.02788935948223423,0.0007786754736444461,,,0.0004392664745516453,-0.0009455416016636858,0.04125434766846417,0.028834901083897916,0.04137270714222111,-0.00011835947375693945,0.034752138013005494,-0.0059172369291075775,0.0003209070007947059,-0.006862778530771264,2.272121826002041,1.0476102672574694,83.50884946855061,98.67011323972875,14.219028705447357,0.2822764930137697,-24.607157203244178,-23.284017707786937,-24.213312950670552,0.7696790201346977,0.907276565793489,0.9695078520477641,-3.3903310051491298,-3.2080311637438554,-3.33606783408587,1.0535581613167198,1.2419055287434684,1.3270894532201345,103.39033100514912,97.83097974521266,101.7355405999944,98.94644183868327,116.63535785758489,124.63552959778315,124.60715720324418,117.90696628925575,122.61278571657908,99.23032097986531,116.9699868205349,124.9931111989555,-21.21682619809505,-20.075986544043083,-20.87724511658468,-0.2838791411820222,-0.3346289629499793,-0.35758160117237037
HUNTLEY,17111,17,29250.48,30809.65,11.55124771710737,11.75226853739757,0.010386393759270618,0.01072758288585487,0.04020416405803999,0.009619760947177512,0.030699064193728212,0.000633115680043591,0.030699064193728275,0.03581614585258676,0.008705461843996974,,,-0.005672037193619575,-0.0035053468213054884,0.03637110138734779,0.039321492673892254,0.04162505734601061,-0.005253955958662817,0.04022680135473457,-0.0009053086808423203,-0.010925993152282392,-0.004410655502147809,7.852926820056999,10.793384984385455,90.1189363984392,79.20880163444629,2.028136781503797,9.997813381168239,-12.314712812208567,-16.534278459925325,-15.561711850710077,-35.59063912610913,-39.50353610954279,-33.009052860565184,-9.787057590542844,-13.140536687541267,-12.367594146356543,-18.476254382954014,-20.507566037236106,-17.13606927459671,109.78705759054286,147.40496259874536,138.73442127433066,118.47625438295401,131.50174057163827,109.88251516898893,112.31471281220857,150.7987043711294,141.92853897868417,135.59063912610915,150.49771064394497,125.7554987549574,-2.5276552216657224,-3.393741772384055,-3.1941177043535345,-17.114384743155117,-18.995970072306687,-15.872983585968475
HYDE PARK,17031,17,23865.36,24873.0,11.246457774876097,11.485213973310229,0.008270968521162558,0.009672755911786178,0.047751239686826354,0.012517904039712147,0.03439162806512862,0.004325679551443997,0.03439162806512819,0.043797043890937165,0.01668635988234738,,,-0.00036709095513904054,-0.005071020248643898,0.034758719020267656,0.04886806413958107,0.03513237109016223,-0.00037365206989456863,0.0502894799055247,-0.0014214157659436376,-0.0007407430250336092,-0.006492436014587535,8.930695920473045,1.023303842427053,88.56601453229952,97.9351025320664,2.5032895472274297,1.0415936255065454,-14.823913757181684,-22.02752055199147,-22.90666736927983,-2.1538469293481497,-2.0942478232748503,-2.237895020492633,-11.57845324280718,-17.204944722688158,-17.891616305123975,-1.0673846392030866,-1.0378490350401073,-1.1090364577327871,111.5784532428072,165.7994448851023,172.41671503744982,101.06738463920308,98.27074867794384,105.01126785585353,114.82391375718169,170.6220207144056,177.43176610160566,102.15384692934815,99.3271474661786,106.14012641861339,-3.245460514374506,-4.822575829303312,-5.015051064155855,-1.0864622901450631,-1.0563987882347428,-1.1288585627598455
INVERNESS,17031,17,6723.799999999999,6918.89,12.046970687042268,12.332852875743303,0.00572037624699675,0.00712216363762037,0.057176437740206865,0.021943102093092658,0.07151687166027253,0.04145092314658791,0.07151687166027294,0.05979710098403058,0.032686416975440793,,,0.0,0.0,0.07151687166027253,0.05979710098403057,0.07292821794367423,-0.001411346283401707,0.061853670111736495,-0.0020565691277059303,-0.001411346283401707,-0.0020565691277059303,0.0,0.0,96.78209759159108,98.1014870102135,3.217902408408936,1.8985129897864894,-3.4392455384336404,-6.977522554761986,-7.256004498841804,-1.973445217383169,-3.9901946856225443,-4.263887357794774,0.0,0.0,0.0,0.0,0.0,0.0,99.99999999999999,202.87945355421778,210.97663478096584,100.0,202.19434775664206,216.0631225146843,103.43924553843362,209.85697610897972,218.23263927980761,101.97344521738316,206.18454244226453,220.32700987247904,-3.4392455384336404,-6.977522554761986,-7.256004498841804,-1.973445217383169,-3.9901946856225443,-4.263887357794774
IRVING PARK,17031,17,56019.86,53094.7,11.211709266877987,11.535155977261597,-0.010725831826217202,-0.009324044435593582,0.06468934207672206,0.02945600642960785,0.06449463968660696,0.03442869117292234,0.06449463968660644,0.05902830188329212,0.031917617874702334,,,0.0009765608237805418,-0.0026888708308952197,0.06351807886282641,0.06171717271418735,0.06488742192701581,-0.0013693430641894045,0.06905917391629622,-0.007342001202108885,-0.0003927822404088627,-0.010030872033004104,3.3997588427485375,1.4524951903582233,87.31714982257783,96.51080195790782,9.283091334673623,2.0367028517339674,-16.99332644336721,-34.03271735985397,-35.39100709927201,-0.6090153264170082,-1.1104841006905966,-1.1866536575340032,-4.555223079619543,-9.122794180199195,-9.486896687758714,1.5141736251661482,2.7609579980926595,2.9503357181763534,104.55522307961955,209.393868082493,217.75104801338537,98.48582637483385,179.5799540482193,191.89757796494683,116.9933264433672,234.30379126214774,243.65515842489862,100.609015326417,183.45139614700255,196.03456734065716,-12.438103363747668,-24.90992317965478,-25.904110411513297,-2.123188951583156,-3.8714420987832563,-4.136989375710357
ISLAND LAKE,17097,17,9156.169999999998,9281.029999999999,11.362690213527394,11.585441647766215,0.002708912608105507,0.0030264209599937934,0.0445502868477643,0.01651007374096823,0.05273238722677641,0.022666438713091788,0.052732387226776464,0.04346628241685111,0.016355598408261326,,,-0.00016898819310265863,0.0006957924031265463,0.05290137541987907,0.04277049001372457,0.05029898286887073,0.002602392551008339,0.045534510708340595,-0.002764020694616016,0.0024334043579056805,-0.00206822829148947,1.420149007220621,0.31842290423147174,92.93833891567456,94.77791265135956,5.641512077104805,4.9036644444089665,-4.758235985435125,-8.104644821736025,-7.297140458594573,4.6146296154596405,8.553751375182872,7.351677047725304,1.6007635446108452,2.726560854141348,2.45490061059989,-0.3204637642819439,-0.5940167668580967,-0.5105385040234816,98.39923645538917,167.60220902074929,150.9032027060702,100.32046376428194,185.95561862817837,159.82293538840574,104.75823598543516,178.43341469662667,160.6552437752647,95.38537038454037,176.8078504861374,151.96071983665692,-6.35899953004597,-10.831205675877374,-9.752041069194464,4.935093379741583,9.147768142040968,7.862215551748784
ITASCA,17043,17,8817.740000000002,10259.74,11.556666797266939,11.765295597339556,0.0302923793867798,0.02994899034147787,0.04172576001452342,0.01159273530088666,0.05933868298889098,0.02927273447520636,0.05933868298889102,0.03675921978873195,0.009648535780142166,,,0.0014336772753591608,-0.0022182787340084323,0.05790500571353182,0.03897749852274038,0.0527328727806594,0.00517213293287243,0.04046201896434376,-0.0014845204416033878,0.00660581020823159,-0.00370279917561182,5.022728106745157,2.416092173174057,91.61595285215965,88.86761573480103,3.361319041095186,8.7162920920249,-10.07311688575845,-13.669793468713417,-13.064247204039955,11.132384265198958,22.066640869322427,19.957136647557544,-6.034618652837719,-8.189321297697424,-7.826549692304746,2.4160921731740572,4.789184151618022,4.331352610946472,106.0346186528377,143.89501819117842,137.5207382161212,97.58390782682595,193.43107436303944,174.93964785160242,110.07311688575842,149.3754903621944,142.7584357278564,88.86761573480105,176.1536176453351,159.31386381499138,-4.038498232920732,-5.480472171015995,-5.237697511735211,8.7162920920249,17.277456717704407,15.625784036611073
JEFFERSON PARK,17031,17,26937.010000000002,27474.579999999998,11.34400359655061,11.511076632377565,0.003952007221067433,0.005353794611691052,0.03341460716539082,-0.001818728481723389,0.03935824796869979,0.009292299455015172,0.039358247968700154,0.019197673952391563,-0.007913010056198221,,,-0.0006159288326706479,-0.010587021490138576,0.03997417680137044,0.029784695442530144,0.04206679959417547,-0.002092622792805035,0.03777688401490853,-0.007992188572378399,-0.0027085516254756825,-0.018579210062516976,18.785939060278853,1.375597992853548,67.03247383150489,93.95079758908302,14.181587108216254,4.673604418063432,-96.77844362078282,-63.03549708804628,-65.55132525446855,-6.881789117314614,-7.657687152197805,-8.182937929282877,-55.147417944452016,-35.91961983674912,-37.35321829296897,-1.5649294987939353,-1.7413699130736975,-1.8608127529097456,155.14741794445203,101.05343965208418,105.08661304699626,101.56492949879394,113.01602569889293,120.7679427126838,196.77844362078275,128.1693169033813,133.2847200084958,106.88178911731458,118.93234293801702,127.09006788905693,-41.631025676330786,-27.11587725129716,-28.198106961499587,-5.316859618520679,-5.9163172391241075,-6.322125176373132
JOHNSBURG,17111,17,14953.42,14772.83,11.346158132812452,11.684275071231667,-0.0024300706845885147,-0.0020888815580042616,0.0676233876838431,0.03703898457298062,0.05651938851820654,0.026453440004521916,0.05651938851820652,0.06357241201970348,0.0364617280111137,,,-0.0011293729251857522,-0.0017781695358901452,0.05764876144339229,0.06535058155559363,0.05478748315931153,0.0028612782840807694,0.06514853940328363,0.00020204215230999224,0.0017319053588950172,-0.001576127383580153,2.6488941131451065,1.9214167603616539,97.05012881067682,93.21065349872714,0.3009770761780553,4.867929740911219,-2.479263148127291,-5.908448083450989,-5.5609058951315,3.0642676863659277,6.2618001796137035,5.2323440756797,-2.7970773475434965,-6.6658459816339946,-6.2737527167466345,-1.998204430010683,-4.083310643654908,-3.41200383957408,102.7970773475435,244.98052782224175,230.5704716564818,101.99820443001069,208.4323042865665,174.16549574109283,102.4792631481273,244.22312992405875,229.8576248348666,96.93573231363408,198.08719346329792,165.52114782583908,0.31781419941620553,0.7573978981830048,0.7128468216151359,5.06247211637661,10.345110823268612,8.64434791525378
JOLIET,17093,17,161367.03,160020.95,11.227850064533698,11.333227298186953,-0.0016753431427304123,-0.005173708205994335,0.021075446730651138,-0.006816943349437329,0.021627433141377942,-0.00843851537230668,0.02162743314137785,0.01689253605772562,-0.010218147950864166,,,0.0016195772576082863,-0.0017012543995137063,0.020007855883769656,0.01859379045723932,0.021462521208876734,-0.0014546653251070788,0.022160899230415036,-0.003567108773175712,0.00016491193250120755,-0.005268363172689418,6.202333750400658,6.6006147810057145,80.7929097936912,87.47087183612697,13.004756455908145,5.928513382867314,-31.187520658154753,-22.104849793274326,-18.58788327004053,0.7625127375180528,0.5815192652664389,0.49822351354239836,-10.071041989788478,-7.1380752861424925,-6.002380085475535,7.488532027916368,5.71102019485284,4.8929841491794654,110.07104198978845,78.01530222432957,65.60276792579673,92.51146797208364,70.55252750131548,60.44671301628628,131.18752065815477,92.98207673146142,78.18827111036171,99.23748726248193,75.68202843090187,64.84147365192334,-21.116478668366277,-14.966774507131833,-12.585503184564995,-6.726019290398316,-5.129500929586401,-4.394760635637067
JUSTICE,17031,17,13595.42,14431.310000000001,11.002025879442435,11.120756145589393,0.011933436087574379,0.013335223478197999,0.023746053229391606,-0.011487282417722601,0.015973232700612405,-0.014092715813072216,0.015973232700612527,0.025774689141275762,-0.0013359948673140228,,,0.0019164861053395693,0.002842489622594274,0.014056746595272836,0.022932199518681487,0.015604678416946073,-0.0015479318216732357,0.02234490870996065,0.0005872908087208361,0.0003685542836663336,0.0034297804313151103,11.028220775094788,10.05021984666156,86.69322290361734,81.8322910298246,2.2785563212878666,8.117489123513831,13.306777096382655,11.636550405712612,12.100980173432108,2.3073243254773557,1.041986195269028,1.113457391192708,11.028220775094788,9.643991629618801,10.02889580106757,11.99811047181509,5.418339044450378,5.789990006032314,88.9717792249052,77.80430874715626,80.90957927658039,88.00188952818492,39.741597240339345,42.46752537219037,86.69322290361734,75.81174997106245,78.83749490421584,97.69267567452266,44.1179500895207,47.14405798702999,2.2785563212878666,1.9925587760938093,2.0720843723645386,-9.690786146337734,-4.37635284918135,-4.676532614839606
KENILWORTH,17031,17,2597.3,2351.55,12.417510674149876,12.51233523762271,-0.019879551742738855,-0.018477764352115237,0.01896491269456675,-0.01626842295254746,0.014035537650897347,-0.016030410862787274,0.014035537650897467,0.01636416008476847,-0.010746523923821315,,,0.0,0.0,0.014035537650897347,0.01636416008476847,0.022531155555547584,-0.00849561790465024,0.019148661454922493,-0.0027845013701540246,-0.00849561790465024,-0.0027845013701540246,0.0,0.0,87.30460630616183,72.61842932024916,12.695393693838183,27.381570679750833,-17.0158526666199,-9.44724923284636,-9.824301160937102,-60.52933714375439,-24.019030490879548,-25.666527206195695,0.0,0.0,0.0,0.0,0.0,0.0,100.0,55.52028110456719,57.73616728716448,100.0,39.68163476470171,42.40344999192519,117.01585266661989,64.96753033741356,67.56046844810157,160.52933714375436,63.70066525558124,68.06997719812087,-17.0158526666199,-9.44724923284636,-9.824301160937102,-60.52933714375439,-24.019030490879548,-25.666527206195695
KENWOOD,17031,17,17910.4,17781.09,11.19929817025629,11.380483080188268,-0.0014492033342627052,-4.7415943639085795e-05,0.03623698198639573,0.0010036463392815234,0.034818749052464126,0.004752800538779505,0.03481874905246478,0.02596467645419804,-0.0011460075543917453,,,-0.0030926456575013383,-0.00875598826303571,0.03791139470996546,0.03472066471723375,0.02771418893159114,0.010197205778374317,0.035055341672341124,-0.00033467695510737785,0.007104560120872979,-0.009090665218143088,19.834156880275135,7.542294929440876,79.4077293543335,67.58892217260613,0.7581137653913571,24.868782897952972,-35.01166376626767,-30.84278604733272,-32.07376150486632,20.404409446669046,20.086195975707586,21.463934427962776,-33.722693515867086,-29.70729491729437,-30.892951456129143,-8.882127421756042,-8.743607725619462,-9.343343215086483,133.7226935158671,117.8001837706613,122.5017413696439,108.88212742175602,107.18407486193537,114.53597074034276,135.01166376626765,118.93567490069962,123.68255141838105,79.59559055333094,78.3542711606083,83.72869309729349,-1.2889702504005836,-1.1354911300383514,-1.1808100487371758,29.286536868425088,28.829803701327045,30.807277643049257
LA GRANGE,17031,17,12652.029999999999,12437.55,11.94841594882572,12.134780384178187,-0.0034195108060142585,-0.0020177234153906393,0.03727288707049361,0.0020395514233794015,0.03986867688956177,0.009802728375877149,0.03986867688956153,0.024818119380739547,-0.0022925646278502375,,,-0.004796453770411041,-0.010372125609544815,0.04466513065997281,0.03519024499028436,0.04118959318121248,0.0034755374787603273,0.03757470263810159,-0.002384457647817228,-0.001320916291650714,-0.012756583257362043,20.607710343596956,9.697331425284103,74.65476387021577,83.27592748102516,4.737525786187273,7.02674109369075,-51.40028163158071,-43.280503534170656,-45.00788437319404,-3.313168117692288,-3.7345286759767746,-3.9906848821676095,-41.792552652455406,-35.19052163452092,-36.59502083908116,-12.030631926154605,-13.560658053669838,-14.49080132524901,141.79255265245538,119.39337453791588,124.1585184397263,112.03063192615461,126.27841167548046,134.94001308898015,151.4002816315807,127.4833564375656,132.5713819738392,103.31316811769227,116.45228229778739,124.43989664589874,-9.607728979125307,-8.089981899649734,-8.412863534112878,8.717463808462316,9.826129377693064,10.500116443081398
LA GRANGE PARK,17031,17,13917.8,13611.84,11.576061702462525,11.897750247916509,-0.004445718840702995,-0.0030439314500793754,0.06433770909079684,0.029104373443682628,0.08134841095033424,0.05128246243664962,0.08134841095033422,0.05543077848913284,0.028320094480543054,,,0.0010830234095339445,-0.006088771606129126,0.08026538754080029,0.06151955009526197,0.07671828965485829,0.0035470978859419877,0.06630238939771033,-0.004782839302448346,0.004630121295475932,-0.010871610908577472,7.889666962920206,1.3313393548586518,85.912858131715,94.30828304894268,6.197474905364809,4.3603775961986555,-19.61295007016516,-36.88517409857889,-38.357309073432475,5.691716951057306,13.090398582030579,13.988286141408285,-10.984459847199918,-20.657968964044095,-21.482455207219527,1.3313393548586516,3.061951771829725,3.271975048516993,110.98445984719993,208.72337455893168,217.05379422664058,98.66866064514134,226.92837794052315,242.49369217795652,119.6129500701652,224.9505796934665,233.9286480928535,94.30828304894267,216.8999311303223,231.77738108506517,-8.62849022296524,-16.2272051345348,-16.874853866212945,4.360377596198655,10.028446810200856,10.716311092891292
LAKE BARRINGTON,17097,17,8524.7,8247.48,11.994806278362043,12.090375128046182,-0.006612026558829598,-0.006294518206941312,0.019113769936827653,-0.008926443169968414,0.02229155132885764,-0.0077743971848269824,0.02229155132885765,0.02096094110464086,-0.006149742903948926,,,-0.0007839066212341443,0.00033145669163390276,0.023075457950091784,0.02062948441300695,0.023233116906598614,-0.00015765895650682944,0.020748623480539227,-0.00011913906753226817,-0.0009415655777409738,0.00021231762410163458,1.5635325428075009,3.2426759761662254,97.87447002613085,96.10515845099134,0.5619974310616348,0.6521655728424199,1.0129202836919684,0.8319966126657009,0.749100827640719,-4.22386743681704,-3.3097326505810765,-2.844609866961878,1.581306344878363,1.2988598843437404,1.1694482880571173,-3.516608645443774,-2.755539710287813,-2.368298674309487,98.41869365512161,80.83954982675185,72.78512046737737,103.51660864544378,81.11341197048301,69.71439581190047,98.98707971630805,81.30641309842991,73.2054679277938,104.22386743681705,81.66760491077628,70.19070700455288,-0.5683860611863948,-0.4668632716780396,-0.4203474604163984,-0.7072587913732646,-0.554192940293263,-0.47631119265239086
LAKE BLUFF,17097,17,7742.7,7553.280000000001,11.999372440542881,12.226315422703124,-0.004953711594965426,-0.00463620324307714,0.04538859643204844,0.017348383325252376,0.07743651649815789,0.04737056798447327,0.07743651649815816,0.04508637088437579,0.017975686875786004,,,-0.0023614783927631356,-0.0012967520983608294,0.07979799489092103,0.04638312298273661,0.07782973099113699,0.001968263899784055,0.04549600812820509,0.0008871148545315166,-0.00039321449297908054,-0.0004096372438293129,2.7197053183449373,2.874261845142689,95.419730128953,94.73007540153372,1.8605645527020498,2.3956627533235744,-0.9085611367564481,-1.6052214258226445,-1.4452855700669966,-0.507789491006397,-1.3822030847994458,-1.1879595569374322,-2.8761509807173353,-5.081506341587984,-4.575211663361194,-3.0495669221113686,-8.300921704170486,-7.134377992861675,102.87615098071731,181.75882181132783,163.64932474139226,103.04956692211138,280.500939483198,241.08162935936676,100.90856113675642,178.2825368955625,160.51939864809805,100.50778949100643,273.582220863827,235.13521092344257,1.9675898439608874,3.4762849157653397,3.1299260932941975,2.5417774311049715,6.918718619371041,5.946418435924243
LAKE FOREST,17097,17,16330.38,16592.74,12.288224363155964,12.347948475400052,0.003187614706604336,0.0035051230584926224,0.01194482244881776,-0.016095390657978305,0.013412912883406321,-0.0166530356302783,0.013412912883405782,0.012052265404850224,-0.01505841860373956,,,-0.0005987764105230664,-0.0001837385544855778,0.014011689293929387,0.012236003959335804,0.016043081918210775,-0.0020313926242813887,0.01408655663609983,-0.0018505526767640266,-0.0026301690348044552,-0.0020342912312496042,1.139757387436892,3.206599707944159,87.38099107448448,85.91477701755112,11.479251538078636,10.878623274504715,-16.878911664448903,-7.971657655536936,-7.177403437134656,-19.609230729130793,-9.245406307147757,-7.946132446911318,-1.5245146726658994,-0.720005489864165,-0.6482679137779407,-4.464178778524968,-2.104781528930452,-1.8089927305589195,101.52451467266592,47.94851058552854,43.171172114124076,104.46417877852497,49.25301714743996,42.331400553048454,116.8789116644489,55.2001627512013,49.70030763748078,119.60923072913079,56.39364192565727,48.46854026940085,-15.354396991783007,-7.2516521656727715,-6.5291355233567145,-15.145051950605822,-7.140624778217304,-6.137139716352397
LAKE IN THE HILLS,17111,17,23609.84,23583.67,11.577059432061239,11.673380982815901,-0.00022181018264930686,0.00011937894393494614,0.019264310150932572,-0.011320092959929907,0.015812077416426856,-0.014253871097257766,0.015812077416427428,0.017852160044036478,-0.009258523964553306,,,-0.000469119833067835,-0.004646969788701177,0.01628119724949469,0.022499129832737653,0.01529701431749381,0.0009841829320008813,0.022661660001018394,-0.0001625301682807388,0.0005150630989330463,-0.004809499956981916,16.915812058193996,2.800662403914728,82.49254867892367,91.32372982609601,0.5916392628823298,5.875607769989255,-26.940717230397738,-18.029431567034447,-16.96891821184155,3.2574030936501575,1.8622392897202436,1.5560823462218492,-26.030294245841134,-17.42015272873396,-16.395477904703384,-2.9668450306249805,-1.6961288559316618,-1.4172808962854686,126.0302942458411,84.34276437580431,79.38161916710149,102.96684503062497,58.8655744597138,49.18792215512167,126.94071723039772,84.9520432141048,79.95505947423966,96.74259690634985,55.307206314061894,46.214558912614365,-0.9104229845566059,-0.6092788383004847,-0.5734403071381647,6.224248124275138,3.558368145651906,2.973363242507318
LAKE VIEW,17031,17,97540.22,100969.82,11.677425604342325,11.86034798563964,0.006911370908522585,0.008313158299146205,0.03658447625946302,0.0013511406123488112,0.04936182104150803,0.019295872527823412,0.049379675253241474,0.033227009109748025,0.00611632510115824,,,-0.0014162299843341179,-0.0015027672633902164,0.05077805102584215,0.03472977637313824,0.050381789960459736,0.00039626106538240724,0.03782496026664927,-0.003095183893511023,-0.0010199689189517107,-0.00459795115690124,3.5423482570222076,2.713381537065329,89.16163223453648,96.52741447024982,7.296019508441312,0.7592039926848473,-13.837992886191818,-15.599917100165586,-16.2225299555799,-2.066311366620825,-2.8836824865488326,-3.0814780398043182,-4.522728056643954,-5.098584984867341,-5.302076101878924,-2.869079694493482,-4.0040020111073344,-4.2786417457928545,104.52272805664396,117.83109777385636,122.53388919066492,102.86907969449348,143.56101810905912,153.408056101368,113.83799288619183,128.33242988915464,133.45434304436594,102.06631136662081,142.44069858450058,152.21089239537946,-9.315264829547864,-10.501332115298245,-10.920453853700975,0.8027683278726567,1.1203195245585018,1.1971637059885363
LAKE VILLA,17097,17,22048.870000000003,21339.489999999998,11.489710945695252,11.705152314115294,-0.006540401321549183,-0.0062228929696608965,0.04308827368400827,0.015048060577212204,0.03665122606198481,0.006585277548300187,0.03665122606198494,0.04290249296598487,0.015791808957395084,,,0.00030895002696781427,0.00023419765336160666,0.036342276035016996,0.04266829531262327,0.03638714144767041,-4.486541265342017e-05,0.045191163822463375,-0.002522868509840115,0.0002640846143143941,-0.0022886708564785084,0.4884385793419775,0.8408872635396091,94.24991044710933,99.0369999325096,5.261650973548696,0.12211280395078303,-5.334587102649432,-8.96848016340518,-8.074907771031546,0.7205341885910511,0.9282937813099549,0.7978389581678279,0.5458835540099958,0.9177365991898957,0.8262981309583293,0.8429459534186273,1.0860018843367083,0.9333840529932305,99.45411644599002,167.201744643341,150.54263850185305,99.15705404658138,127.74810425643666,109.79542948574257,105.33458710264942,177.08796140593603,159.4438444038429,99.27946581140894,127.90581235946338,109.93097458056795,-5.880470656659428,-9.886216762595078,-8.901205901989876,-0.12241176482757621,-0.1577081030267534,-0.13554509482540264
LAKE ZURICH,17097,17,15475.85,16244.400000000001,11.804539936241923,11.960339698029934,0.009693497926658523,0.01001100627854681,0.031159952357602095,0.0031197392508060286,0.033268149075673485,0.003202200561988864,0.0332681490756741,0.02862752297369158,0.0015168389651017966,,,0.0007829868322934478,0.0001347208125348525,0.032485162243380036,0.028492802161156724,0.03338350032676575,-0.0008983380833857163,0.030669790196562425,-0.0021769880354057013,-0.00011535125109226859,-0.002042267222870849,0.4084738912354149,2.232969441255523,92.99089212160644,95.20509540813576,6.60063398715814,2.5619351506087225,-7.133929207733665,-8.00291270579291,-7.205544397876896,-0.34673179692048556,-0.40547553038359496,-0.34849331239436326,0.4705989151022939,0.5279225413285192,0.47532310422793206,2.3535629545016907,2.7523065255148835,2.3655198549069074,99.5294010848977,111.65307158904784,100.52854430260858,97.6464370454983,114.18981819014273,98.14251416144887,107.13392920773366,120.18390683616929,108.20941180471341,100.34673179692047,117.34760024604121,100.85652732875012,-7.6045281228359585,-8.530835247121429,-7.680867502104826,-2.700294751422176,-3.157782055898479,-2.7140131673012706
LAKEMOOR,17097,17,13015.429999999998,12464.869999999999,11.40710556640868,11.477751476270926,-0.0086442577965542,-0.008326749444665913,0.014129181972449344,-0.013911031134346722,0.021502662045698718,-0.008563286467985903,0.021502662045698884,0.014830520470056653,-0.012280163538533131,,,0.00024063401812959357,0.0007995016456785461,0.021262028027569123,0.014031018824378107,0.022598761816824835,-0.0013367337892557102,0.015653551200511425,-0.001622532376133319,-0.0010960997711261166,-0.0008230307304547729,4.42310241048884,0.9953372267189576,86.60052224023894,93.47551559367172,8.976375349272214,5.529147179609328,-5.549574150930853,-3.225162219837015,-2.903823947569642,-5.0975073169853165,-3.852941618250796,-3.3114806847556273,5.390921021907277,3.132960176244185,2.820808432705634,1.1190894300351466,0.8458617067914252,0.7269912138678832,94.60907897809273,54.98252998791633,49.504358662909645,98.88091056996484,74.73895610038416,64.23575388551626,105.54957415093085,61.34065238399753,55.22899104318492,105.09750731698533,79.43775942542639,68.27422578413979,-10.940495172838132,-6.3581223960812006,-5.724632380275276,-6.216596747020462,-4.6988033250422205,-4.03847189862351
LAKEWOOD,17111,17,9104.04,9125.82,11.809416296712023,11.979103647417993,0.0004778974794760416,0.0008190866060602945,0.03393747014119412,0.0033530670303316447,0.026079364439721104,-0.003986584073963517,0.02607936443972143,0.03099452054711534,0.0038838365385255556,,,0.0,0.0,0.026079364439721104,0.03099452054711534,0.02679696894503638,-0.000717604505315273,0.035496539035957016,-0.00450201848884167,-0.000717604505315273,-0.00450201848884167,0.0,0.0,88.74454788513194,97.39191121167062,11.255452114868056,2.6080887883293773,-14.525207712111786,-16.876772010417117,-15.884059509024764,-2.7516180732621685,-2.594539012883302,-2.1679901056851176,0.0,0.0,0.0,0.0,0.0,0.0,100.0,116.18953990134327,109.35512815957806,100.0,94.29139305686266,78.7896447821651,114.52520771211181,133.06631191176038,125.23918766860285,102.75161807326218,96.88593206974598,80.95763488785023,-14.525207712111786,-16.876772010417117,-15.884059509024764,-2.7516180732621685,-2.594539012883302,-2.1679901056851176
LANSING,17031,17,23230.54,23215.02,11.064839208112687,11.178188440222353,-0.00013366186630250353,0.001268125524321116,0.022669846421933215,-0.012563489225180993,0.020728710869587785,-0.009337237644096837,0.02072871086958763,0.015564678820215633,-0.011546005188374151,,,-0.00024091788482190796,-0.00020723054340112713,0.02096962875440969,0.01577190936361676,0.021200278659897747,-0.00023064990548805593,0.024260377518009812,-0.008488468154393055,-0.0004715677903099639,-0.008695698697794182,0.6288083024330132,1.1116629373294538,73.61427786228937,97.82405347235449,25.75691383527762,1.064283590316068,-55.86815377455834,-29.502744632248117,-30.680237304811637,-2.2749499150081087,-1.3332286434129625,-1.4246765397642454,-1.3314154811339445,-0.7030912655145648,-0.731152546714209,-1.1622424874253596,-0.6811292699696627,-0.7278488174304484,101.33141548113393,53.51089435007488,55.64658331003225,101.16224248742536,59.28587632912461,63.35237212519599,155.86815377455832,82.31054771680843,85.59566806812967,102.2749499150081,59.937975702567904,64.04919984752978,-54.53673829342439,-28.79965336673356,-29.949084758097428,-1.112707427582749,-0.6520993734432998,-0.6968277223337971
LEMONT,17031,17,21046.79,21669.489999999998,11.692292151368752,11.894444004861853,0.005831445198458951,0.00723323258908257,0.04043037069862017,0.005197035051505962,0.03843766521749866,0.00837171670381404,0.03843766521749892,0.034434691467436954,0.007324007458847169,,,0.0011614492686061466,-0.0010050144701994044,0.037276215948892515,0.03543970593763636,0.038368195160629434,-0.0010919792117369182,0.038671751462266146,-0.003232045524629782,6.947005686922837e-05,-0.0042370599948291865,2.342209993871123,2.8591896741287934,90.12543146512964,94.45263808197421,7.532358540999243,2.688172243896984,-12.30462598695257,-14.375486474786637,-14.949230721282774,0.18073433044419743,0.1964075400839049,0.20987939013523926,-2.9186103530208567,-3.4098105622643744,-3.5459005092148472,3.021643645716024,3.2836793873451966,3.5089112511732043,102.91861035302085,120.2397450115515,125.03866865295575,96.97835635428397,105.38828105380998,112.61700108623994,112.30462598695259,131.2054209240738,136.44199886502372,99.81926566955582,108.47555290107127,115.9160329472779,-9.386015633931713,-10.965675912522263,-11.403330212067928,-2.8409093152718263,-3.0872718472612917,-3.2990318610379648
LIBERTYVILLE,17097,17,19655.730000000003,19401.32,11.992938873912681,12.155053436384849,-0.0026055587738206044,-0.002288050421932318,0.03242291249443348,0.004382699387637412,0.022540153909838292,-0.007525794603846329,0.022540153909838878,0.030531285990163467,0.0034206019815736823,,,-0.002033893690870258,0.000297236500533678,0.02457404760070855,0.030234049489629787,0.027288305514083008,-0.0027142579133744515,0.033680388074200755,-0.0034463385845709613,-0.004748151604244709,-0.003149102084037283,0.7942411103506304,6.348684822912857,89.99685022890526,85.17891167956788,9.208908660744115,8.472403497519247,-10.314344718567888,-12.340201516211993,-11.110688467143978,-21.065302496325206,-16.690406665228455,-14.34487328611865,0.9735472676435618,1.1647632298590846,1.048712321913624,-9.023424147882624,-7.1494163716507835,-6.144695811078901,99.02645273235643,118.47639530149343,106.6720277765098,109.02342414788262,86.38116093425585,74.24185837791639,110.31434471856791,131.98136004756452,118.83142856556744,121.06530249632523,95.92215122783355,82.44203585295617,-11.28789198621145,-13.504964746071076,-12.159400789057601,-12.041878348442582,-9.540990293577673,-8.200177475039752
LINCOLN PARK,17031,17,62267.05,65573.95,11.834497313750248,12.042589958593936,0.010349224000074032,0.011751011390697652,0.041618528968737675,0.006385193321623468,0.055399468931860506,0.025333520418175885,0.05539946893186034,0.036471999606181096,0.009361315597591312,,,-6.502916337451153e-05,-0.001069449225836637,0.055464498095235015,0.03754144883201773,0.058274546606294234,-0.002810048511059227,0.04415208359198612,-0.006610634759968392,-0.0028750776744337386,-0.007680083985805029,2.0632924992603834,0.10634433839850467,85.18278446627079,95.29829053203218,12.753923034468833,4.59536512956932,-21.05747989891798,-26.05696959634779,-27.096936933331513,-5.189720641492047,-8.12849390131724,-8.686037929081913,-2.932247305835658,-3.6284246388409707,-3.773239756161077,-0.11738228656035533,-0.18385213123036326,-0.19646278936749795,102.93224730583566,127.3705330080704,132.4540556154409,100.11738228656036,156.81066237472535,167.56651079612632,121.05747989891798,149.7990779655772,155.77775279261135,105.18972064149203,164.7553041448122,176.0560859358407,-18.125232593082323,-22.42854495750682,-23.323697177170434,-5.072338354931692,-7.944641770086876,-8.489575139714415
LINCOLN SQUARE,17031,17,38970.92,41469.5,11.442862486781303,11.648993222428468,0.01242849806030506,0.01383028545092868,0.041226147129432886,0.005992811482318679,0.059491235795423994,0.029425287281739373,0.0594912357954243,0.03647396599692899,0.009363281988339203,,,-0.0018035060365650818,-0.0015446407776020857,0.061294741831989075,0.038018606774531054,0.0626694771686499,-0.001374735336660827,0.03998219055124403,-0.0019635837767129753,-0.0031782413732259086,-0.0035082245543150608,3.5516809252175765,2.7389043637375887,91.93333853953803,95.17334625465466,4.514980535244381,2.087749381607755,-9.618434569496621,-11.902695428579522,-12.37774738817206,-5.3423690577804,-8.985606145151932,-9.601940622718944,-4.234913137036264,-5.240653338381127,-5.44981458701439,-3.0315491222386166,-5.098918874285863,-5.448660388633798,104.23491313703622,128.98943327318543,134.13756828267464,103.03154912223862,173.29407813730379,185.1805456041467,109.61843456949659,135.65147536338384,141.06550108383232,105.3423690577804,177.18076540816983,189.3338258382318,-5.383521432460358,-6.662042090198396,-6.92793280115767,-2.3108199355417836,-3.8866872708660702,-4.1532802340851465
LINCOLNSHIRE,17097,17,6889.700000000001,7292.76,12.040981742957513,12.130018557199913,0.011370906495817224,0.011688414847705511,0.017807362848479967,-0.0102328502583161,0.012219695970090518,-0.017846252543594104,0.012219695970090783,0.021481258125423137,-0.005629425883166648,,,-0.004494483511277299,-0.0005422577358568145,0.016714179481367816,0.02202351586127995,0.015288755061292176,0.0014254244200756407,0.023380987483819296,-0.0013574716225393463,-0.003069059091201658,-0.0018997293583961608,2.1449460442170523,21.191734306099004,92.48546087417957,72.08731199413238,5.369593081603399,6.720953699768624,-8.843659655799327,-7.4443579418098,-6.702641105227873,-25.11567471656927,-10.788165286462108,-9.272084684815233,-2.524329500119226,-2.1249135644466204,-1.9131983058103315,-36.78064922628354,-15.798728390711245,-13.578504190596123,102.52432950011922,86.30225904752477,77.70355395153604,136.78064922628354,58.752642264046116,50.496025975102555,108.84365965579931,91.62170342488794,82.49299675095358,125.11567471656929,53.74207915979699,46.18960646932167,-6.319330155680102,-5.319444377363179,-4.789442799417541,11.66497450971427,5.010563104249135,4.306419505780887
LINCOLNWOOD,17031,17,12598.17,12364.12,11.79529914401278,11.810147738525576,-0.0037505670988913662,-0.002348779708267747,0.0029697189025590376,-0.03226361674455517,-0.0136573226148694,-0.04372327112855402,-0.013657322614869117,0.003221631819966651,-0.023889052188623132,,,0.0002014675966313034,0.0007285590471337194,-0.013858790211500703,0.002493072772832932,-0.009310091341125894,-0.004548698870374811,0.0034797048393821906,-0.0009866320665492577,-0.004347231273743507,-0.00025807301941553834,14.024516635484192,1.4328869312394892,66.98314789787166,66.21565171970909,18.992335466644157,32.35146134905142,-8.01063044560473,-0.875589490033875,-0.9105353983396933,31.830772372693765,-12.290604601908491,-13.133633246157167,22.614596820727364,2.4718532994424707,2.570508159660595,-1.4751617305426739,0.569594395689894,0.608663620249891,77.38540317927264,8.458491022137027,8.796080332001575,101.47516173054268,-39.18192983638459,-41.86946964902203,108.01063044560478,11.805933811613375,12.277123890001866,68.16922762730624,-26.321730838786213,-28.127172782614974,-30.625227266332093,-3.3474427894763457,-3.4810435580002888,33.305934103236446,-12.860198997598388,-13.742296866407058
LINDENHURST,17097,17,14460.439999999999,14629.82,11.599061751724362,11.842330483790711,0.0023290532867331847,0.002646561638621471,0.048653746413269874,0.020613533306473808,0.043598291697811,0.01353234318412638,0.04359829169781122,0.04588903292830868,0.0187783489197189,,,-4.2747348402966825e-05,-0.0012153307527069562,0.04364103904621397,0.04710436368101565,0.04116092480302892,0.002480114243185047,0.047043418511195326,6.0945169820334613e-05,0.0024373668947820803,-0.0011543855828866215,2.515187165295419,0.09785632595308746,97.35868378828869,94.22471859742703,0.1261290464159074,5.677425076619884,-2.5156023328931116,-4.523623032876599,-4.072912925697271,5.590510086211604,8.567680237907886,7.363648461892599,-2.648412213448991,-4.762445292985264,-4.287940186605497,-0.09804821872209525,-0.15026281554866497,-0.12914610721568748,102.648412213449,184.5851054061252,166.19401224105252,100.0980482187221,153.40426121256712,131.8460797740425,102.51560233289317,184.3462831460166,165.97898498014433,94.4094899137884,144.68631815911058,124.35328520493421,0.13280988055587872,0.23882226010866486,0.215027260908226,5.688558304933699,8.717943053456551,7.492794569108287
LISLE,17043,17,26176.65,26712.620000000003,11.56867707823559,11.697602571648416,0.0040536641789902465,0.0037102751336883155,0.025785098682565177,-0.004347926031071581,0.03360886303578294,0.0035429145220983206,0.03360886303578283,0.017199707604487177,-0.009910976404102607,,,0.0002338648564296012,-0.0018691934058683165,0.03337499817935334,0.0190689010103555,0.0331465126866797,0.00022848549267363513,0.023710255150987715,-0.0046413541406322215,0.0004623503491032363,-0.006510547546500538,6.185121634852112,0.6958428084300506,78.45673521093585,98.62432017229807,15.358143154212044,0.6798370192718791,-37.85266410460385,-24.03528684868413,-22.970568628552478,1.3756798277019298,1.5444765725714416,1.3968292768389101,-10.867588268655618,-6.900586988242208,-6.594903900611943,0.6958428084300506,0.7812231408581722,0.706540568030705,110.86758826865565,70.39753605968373,67.2790569765342,99.30415719156996,111.4888371937101,100.83084107492834,137.85266410460386,87.53223592012563,83.65472170447474,98.62432017229807,110.72558376199683,100.14055236612013,-26.98507583594824,-17.13469986044192,-16.375664727940535,0.6798370192718791,0.7632534317132692,0.690288708808205
LOCKPORT,17197,17,30164.7,29262.35,11.437130075028522,11.557173195891494,-0.006074131950611417,-0.00965382605050131,0.024008624172594396,-0.010844799166888401,0.01813160061811151,-0.01193434789557311,0.01813160061811132,0.020023807119405372,-0.0070868768891844125,,,-0.0005091693903216668,0.002651366695538434,0.01864077000843318,0.017372440423866937,0.018878224394198218,-0.0002374543857650408,0.018575192951670302,-0.0012027525278033623,-0.0007466237760867076,0.001448614167735072,11.820989760409379,2.5945137812206287,82.81659645526015,96.19551820422636,5.362413784330475,1.209968014553018,7.234459256907234,4.497467111762201,5.11101269418387,-4.117804003144163,-2.3214885566803645,-2.2556616454269527,13.241071888716682,8.231615277551613,9.354574281860515,-2.8081877659110885,-1.5831680571961784,-1.5382765745737903,86.75892811128332,53.93567258806405,61.293590462505634,102.8081877659111,57.96002705553084,56.31654294433386,92.76554074309277,57.66982075385347,65.53715205018229,104.11780400314416,58.69834755501502,57.033928015187016,-6.006612631809446,-3.7341481657894118,-4.243561587676645,-1.3096162372330742,-0.7383204994841862,-0.7173850708531623
LOGAN SQUARE,17031,17,73601.59,72838.23,11.361433399732732,11.706114750733619,-0.0020851348066894815,-0.000683347416065862,0.06893627020017731,0.033702934553063106,0.07744225124374848,0.047376302730063866,0.07744225124374822,0.06457670894104214,0.03746602493245236,,,0.0007468278868671978,-0.009564063362522659,0.07669542335688129,0.07414077230356478,0.07765999865077369,-0.0009645752938924118,0.07751264409995068,-0.0033718717963859206,-0.000217747407025214,-0.01293593515890858,10.57403382219061,0.9409281802182965,85.6980228269959,97.84380376147057,3.7279433508134985,1.2152680583111457,-20.03188978044538,-43.889008213843816,-45.640675261166365,-0.28117391156393023,-0.6156210963520132,-0.6578473525077057,-14.81039142340708,-32.44893007881273,-33.74400882069236,0.9643674801195625,2.111451101900853,2.2562782944993716,114.81039142340703,251.544625466909,261.58409660771486,99.03563251988044,216.83528294175173,231.7082985926887,120.03188978044533,262.98470360194,273.4807630481888,100.28117391156393,219.5623551400046,234.62242423969576,-5.221498357038301,-11.44007813503109,-11.896666440474005,-1.2455413916834925,-2.727072198252866,-2.9141256470070775
LOMBARD,17043,17,53153.06,53000.78,11.416986661347353,11.571821499284859,-0.0005738091225214959,-0.0009171981678234266,0.03096696758750106,0.0008339428738643011,0.026994094406243462,-0.003071854107441159,0.026994094406243008,0.03030363391397916,0.003192949905389375,,,-0.0003711119203939151,-0.002117198885208532,0.027365206326637376,0.03242083279918769,0.029097566820845508,-0.001732360494208135,0.03601730028864162,-0.003596467489453921,-0.00210347241460205,-0.005713666374662453,5.0734479799872,1.1894216650716372,86.30832968533475,93.25832579251947,8.618222334678045,5.552252542408899,-18.854723466107874,-21.093404094177725,-20.159005773697515,-7.79234295822696,-7.026627906098423,-6.3549034999930765,-6.986617153634047,-7.81616018595144,-7.4699189193569575,-1.3747892957953078,-1.2396955424865872,-1.1211843927350091,106.98661715363404,119.68947475401694,114.38745504728871,101.37478929579531,91.41318949374917,82.67436466290945,118.8547234661079,132.96671866224327,127.0765419016293,107.79234295822695,97.20012185736098,87.90808377016751,-11.868106312473829,-13.277243908226286,-12.689086854340555,-6.4175536624316525,-5.786932363611836,-5.233719107258068
LONG GROVE,17097,17,21586.72,21282.969999999998,12.114235184542201,12.251765873189072,-0.00283421767904386,-0.0025167093271555737,0.027506137729374203,-0.000534075377421863,0.03372866140415908,0.00366271289047446,0.03372866140415951,0.025455965416665314,-0.0016547185919244707,,,-0.0003956338729472495,0.0015098531840306813,0.03412429527710633,0.023946112232634632,0.03161210167428435,0.002512193602821975,0.021822517941636844,0.0021235942909977913,0.0021165597298747254,0.003633447475028473,5.931235210754263,1.1461027953663558,85.72653829640358,91.5763805217291,8.342226492842157,7.277516682904536,14.273461703596421,14.238177373703758,12.819559950567264,6.2752556483422515,7.439998881096094,6.394442228932183,5.931235210754263,5.916573059119772,5.327076706698371,-1.1729901409560946,-1.3907075385136758,-1.195268864214675,94.06876478924573,93.83622461095229,84.4868746442705,101.17299014095609,119.95159649706208,103.09457922332996,85.72653829640359,85.51462029636832,76.99439140040162,93.72474435165772,111.12089007745229,95.50486813018308,8.342226492842157,8.321604314583986,7.492483243868893,7.448245789298345,8.83070641960977,7.589711093146858
LOOP,17031,17,27116.71,34739.17,11.750215515906966,11.950431375937919,0.04954354514625621,0.05094533253687983,0.04004317200619063,0.004809836359076426,0.05180798413130953,0.021742035617624906,0.05180798413131029,0.046246866609399424,0.01913618260080964,,,0.0001092158100232301,-0.0008172862784126164,0.051698768321286295,0.047064152887812044,0.05496871532042146,-0.0032699469991351697,0.04944735914042639,-0.002383206252614345,-0.0031607311891119396,-0.003200492531026961,1.5523639663643944,0.18718043144719324,93.9209437243527,94.20859349562993,4.526692309282895,5.6042260729228595,-6.9204527045222095,-10.858622995327337,-11.292004674574626,-6.100857314001897,-8.93610090011212,-9.54903974817506,-1.7672251945529807,-2.772886826168936,-2.883556323544884,0.21080883932178873,0.3087777605438424,0.32995723098299357,101.76722519455299,159.67913933522385,166.05214018216734,99.7891911606782,146.16409384068402,156.18968020192895,106.92045270452222,167.76487550438225,174.46058853319707,106.1008573140019,155.40897250133997,166.06867718108697,-5.153227509969229,-8.085736169158402,-8.408448351029744,-6.311666153323686,-9.244878660655962,-9.878996979158053
LOWER WEST SIDE,17031,17,34868.93,33086.23,10.807932072980032,11.18881295327136,-0.010495798214487095,-0.009094010823863475,0.07617617605826546,0.04094284041115125,0.06793457600426395,0.03786862749057933,0.067934576004264,0.06626935078775185,0.03915866677916207,,,0.0013901321454290432,-0.001487141525697399,0.0665444438588349,0.06775649231344925,0.06925518378065328,-0.0027107399218183753,0.07335094006220451,-0.005594447748755247,-0.001320607776389332,-0.007081589274452646,1.8489304488645915,1.895047558597476,91.19561534014173,94.40963391522804,6.955454210993681,3.695318526174484,-10.686070091638035,-24.02639824763495,-24.9853228574409,-1.9439405587906275,-3.7336564336568867,-3.989752811606214,-2.2440864562872074,-5.045570021393661,-5.246945242687588,2.046280741255809,3.930217526512761,4.199796286898881,102.24408645628719,229.88405640223695,239.05902623392294,97.95371925874419,188.136171374786,201.04067742842582,110.68607009163804,248.86488462847828,258.79740384867625,101.94394055879062,195.8000453349556,209.23022652693092,-8.441983635350828,-18.980828226241293,-19.73837761475331,-3.990221300046436,-7.663873960169647,-8.189549098505095
LYNWOOD,17031,17,15738.61,15402.34,11.110724996349623,11.195923576740519,-0.004319496624596297,-0.002917709233972678,0.01703971607817927,-0.01819361956893494,0.02251272105391112,-0.0075532274597735,0.022512721053911378,0.013504795283463076,-0.013605888725126709,,,0.0005592831910221786,-0.002468452847498385,0.021953437862888944,0.015973248130961463,0.027897566202625866,-0.005944128339736928,0.023921479338168336,-0.007948231207206878,-0.005384845148714749,-0.010416684054705264,7.188657177892856,1.6257770210973201,69.6644111814463,81.09527124152706,23.146931640660846,17.278951737375635,-77.13322442925681,-35.341699414992114,-36.75223232017844,-23.919121708209694,-15.224173364111431,-16.26841932650784,-18.278343326840808,-8.374960601494186,-8.709216104302167,2.484298498092991,1.5812198911211703,1.689677831494903,118.27834332684081,54.193996012630095,56.35694844289508,97.51570150190702,62.06732686503369,66.32460599115932,177.13322442925679,81.160734826128,84.39996465877134,123.91912170820967,78.87272012026627,84.28270314916205,-58.854881102416016,-26.966738813497926,-28.043016215876282,-26.403420206302684,-16.8053932552326,-17.958097158002744
LYONS,17031,17,10670.619999999999,10468.880000000001,11.001030053858878,11.156335799584465,-0.003817424721690088,-0.0024156373310664685,0.031061149145117282,-0.0041721865019969245,0.036809080043847295,0.006743131530162674,0.036809080043846976,0.03389466531174705,0.006783981303157265,,,6.603697988443437e-05,-0.00017813534256367743,0.03674304306396286,0.03407280065431073,0.033812409982949904,0.002930633081012963,0.03371186493738998,0.00036093571692076077,0.0029966700608973973,0.00018280037435708334,0.520088976779885,0.17940404869062343,98.42611291109351,91.85888357620527,1.0537981121266238,7.961712375104097,0.5393190128174219,0.6202046495360339,0.6449578187554245,8.14111642379472,8.472263038619285,9.053386641119385,-0.5255556912135673,-0.6043771414213513,-0.6284986143337614,0.17940404869062349,0.18670145611205297,0.1995075531693903,100.52555569121357,115.60211221033032,120.21594193218412,99.82059595130937,103.88088089483793,111.0062063788694,99.46068098718261,114.37753041937296,118.94248549909496,91.8588835762053,95.59531931233072,102.15232729091943,1.0648747040309892,1.2245817909573853,1.273456433089186,7.9617123751040975,8.285561582507233,8.853879087949995
MANHATTAN,17197,17,9318.829999999998,9897.279999999999,11.474279485411374,11.659076508322208,0.012044577515869292,0.0084648834159794,0.036959404582166754,0.002105981242683956,0.040327032390835016,0.010261083877150395,0.04032703239083517,0.03742874543958591,0.010318061430996124,,,-0.0004189474328253473,0.0006091943166897661,0.040745979823660364,0.036819551122896144,0.04046359090806954,0.0002823889155908204,0.03726266054129981,-0.0004431094184036596,-0.0001365585172345269,0.00016608489828610646,1.5899644647851212,1.0177290736238103,97.25354373945801,98.29627696401269,1.1564917957568601,0.6859939623635041,0.4437362148677563,0.5156385906193492,0.5859821354500035,-0.33862773712444577,-0.4246034552218389,-0.4125636224669671,1.6276108363639181,1.8913465469334967,2.1493645134606267,-1.0388749381929727,-1.3026395653407519,-1.2657026014189972,98.37238916363609,114.31250910929722,129.90705004459835,101.03887493819298,126.69208900249569,123.09967461161789,99.55626378513226,115.68821706561137,131.47043242260898,100.33862773712443,125.81405289237675,122.24653563266583,-1.183874621496162,-1.3757079563141474,-1.563382378010623,0.7002472010685268,0.878036110118913,0.8531389789520301
MARENGO,17111,17,10495.09,10370.98,11.288396979710699,11.529043230538292,-0.0023792015193166093,-0.0020380123927323563,0.04812925016551865,0.017544847054656174,0.05117241828538005,0.02110646977169543,0.0511724182853797,0.049868522835757205,0.02275783882716742,,,0.002414282310254291,-0.0008024898396434798,0.04875813597512576,0.05067101267540068,0.05163288009045591,-0.002874744115330143,0.052294581224648896,-0.0016235685492481974,-0.000460461805075852,-0.002426058388891677,1.466521307702157,4.2413939694271425,95.56646558588224,90.70827604115121,2.9670131064156036,5.050329989421652,-4.864909267278559,-9.094594883331817,-8.559639618769985,-0.8998242031633784,-1.6648252740373897,-1.391123704012662,-1.6092111697121916,-3.0083035193895458,-2.8313514037931933,4.717936715029258,8.728972011284652,7.2939064933299695,101.60921116971218,189.9510476421253,178.77789323022,95.28206328497075,176.28775327623376,147.305591844467,104.86490926727858,196.03733900606767,184.50618144519686,100.89982420316339,186.68155056155584,155.99062204180967,-3.255698097566369,-6.086291363942274,-5.728288214976793,-5.617760918192636,-10.39379728532204,-8.685030197342632
MARKHAM,17031,17,12253.52,12097.65,10.718701918186984,11.029752225020234,-0.002560404757755208,-0.0011586173671315886,0.06221006136665004,0.026976725719535834,0.0751430740876736,0.04507712557398898,0.07514307408767351,0.05725672452854711,0.030146040519957326,,,0.0001684851016154718,-0.001590270191398992,0.07497458898605812,0.058846994719946095,0.07792957713766807,-0.0029549881516099568,0.06187908203884887,-0.0030320873189027546,-0.002786503049994485,-0.004622357510301747,2.3913319804507958,0.20787015516741306,93.04923691631456,96.14638408034997,4.559431103234639,3.6457457644826117,-8.073038666396517,-15.68272291448873,-16.308640656984792,-3.70826331478443,-7.878073434083172,-8.418440794480993,-2.7774382912981928,-5.395464698543686,-5.610804668665177,0.224219069636266,0.4763454334199559,0.5090185896996491,102.77743829129817,199.65593541531376,207.62446186652318,99.77578093036374,211.97009553732164,226.50940162112016,108.07303866639654,209.94319363125888,218.32229785484287,103.70826331478442,220.32451440482475,235.43686100530076,-5.295600375098323,-10.287258215945046,-10.697835988319612,-3.9324823844206964,-8.354418867503126,-8.927459384180644
MATTESON,17031,17,19446.47,20070.079999999998,11.270427359650055,11.419078889993818,0.006312917251746342,0.007714704642369961,0.029730306068752554,-0.005503029578361653,0.017200358414355674,-0.012865590099328948,0.01720035841435639,0.024061519685908438,-0.003049164322681347,,,-0.0030613069720539753,0.0008432511328760569,0.02026166538640965,0.023218268553032377,0.018953313445509684,0.0013083519408999592,0.02561863820729999,-0.002400369654267609,-0.001752955031154016,-0.0015571185213915522,2.92163940819183,13.125715389115337,88.7617224009801,81.26457105983647,8.316638190828064,5.609713551048199,-6.471405554252978,-5.282987796071184,-5.493838667631003,-10.191386649774541,-4.955999765406402,-5.295938271155625,3.5045630695134546,2.8609803189716123,2.975165741512105,-17.797925475198024,-8.655006184242197,-9.2486643781062,96.49543693048653,78.77488304612422,81.918890450353,117.79792547519803,57.28430399933433,61.21350933149421,106.47140555425297,86.91885116116703,90.38789485949611,110.1913866497745,53.58529758049851,57.26078322454362,-9.975968623766432,-8.143968115042796,-8.469004409143109,7.606538825423483,3.6990064188357956,3.9527261069505744
MAYWOOD,17031,17,24041.92,23473.739999999998,10.933685668362973,11.064802569902717,-0.004783324766784602,-0.003381537376160983,0.026223380307948928,-0.00900995533916528,0.030192274439934035,0.00012632592624941402,0.030192274439934153,0.02393243004538867,-0.003178253963201115,,,-1.0635516114249976e-05,-0.0038008252416959934,0.030202909956048286,0.027733255287084667,0.03274171994984231,-0.0025388099937940275,0.02784046436238618,-0.00010720907530151109,-0.0025494455099082775,-0.003908034316997504,11.971669212075565,0.030136483099090998,87.69064844147974,92.77596679878451,0.33768234644471157,7.193896718116403,-16.329450497027604,-13.259168984050342,-13.788359556575426,-8.444032644775627,-7.207858230512533,-7.70225465353814,-15.881484807383114,-12.89543030349069,-13.410103595117823,-0.035225952040840065,-0.030069006010096436,-0.032131478458901803,115.88148480738315,94.09331866148453,97.84870463123522,100.03522595204085,85.39044755656056,91.24749003470004,116.32945049702764,94.45705734204418,98.22696059269282,108.44403264477562,92.56823678106298,98.91761320977928,-0.44796568964449257,-0.36373868055965214,-0.3782559614576048,-8.408806692734787,-7.177789224502436,-7.6701231750792385
MCCOOK,17031,17,3605.81,3139.52,11.037288191443444,11.194972313049876,-0.0276953022877791,-0.026293514897155482,0.03153682432128626,-0.0036965113258279475,0.019642225835984378,-0.010423722677700243,0.019642225835984205,0.02610045294784829,-0.0010102310607414955,,,0.0,0.0,0.019642225835984378,0.02610045294784829,0.032514472897433734,-0.012872247061449363,0.02856630270580024,-0.002465849757951946,-0.012872247061449363,-0.002465849757951946,0.0,0.0,92.05388746129603,71.63873689680453,7.9461125387039715,28.361263103195462,-9.447536266435675,-8.366128845839755,-8.700031861863927,-65.53354578516007,-36.39274954748752,-38.888975836203684,0.0,0.0,0.0,0.0,0.0,0.0,100.0,88.55355099892189,92.08783768073576,100.0,55.53300849429787,59.34209017728751,109.44753626643569,96.91967984476166,100.78786954259971,165.53354578516004,91.92575804178536,98.23106601349119,-9.447536266435675,-8.366128845839755,-8.700031861863927,-65.53354578516007,-36.39274954748752,-38.888975836203684
MCHENRY,17111,17,15954.14,15276.31,11.134478049459975,11.315106515095493,-0.008683018850273071,-0.00834182972368882,0.036125693127103634,0.005541290016241155,0.03171436767230392,0.0016484191586193,0.03171436767230347,0.03138493193579841,0.004274247927208624,,,0.0003860032912431632,-0.0037112656389338243,0.03132836438106076,0.03509619757473223,0.029735949049146306,0.0015924153319144528,0.034570656633046426,0.0005255409416858016,0.001978418623157616,-0.003185724697248023,9.563278121273594,1.2171243495428696,89.08249540225644,93.76175920138127,1.3542264764699492,5.021116449075872,-10.150491018316686,-11.942365304955283,-11.239900679190013,6.23824079861874,7.153082601316904,5.977097367894127,-11.824991835335688,-13.912467088622815,-13.094118651163289,1.2171243495428696,1.3956163747769983,1.1661734423049723,111.82499183533568,131.5655469584058,123.82669955692907,98.78287565045713,113.26944437280947,94.6476555015467,110.15049101831667,129.59544517473827,121.97248158495577,93.76175920138127,107.51197814626958,89.83673157595756,1.6745008170190006,1.9701017836675339,1.854217971973274,5.021116449075872,5.757466226539906,4.8109239255891545
MCKINLEY PARK,17031,17,16412.89,15136.4,10.89245666375441,11.091868417381718,-0.01619291254023736,-0.014791125149613739,0.039882350725461535,0.004649015078347328,0.04322583377841299,0.01315988526472837,0.043225833778412694,0.03406509205494097,0.006954408046351182,,,-0.00018414307936569888,-0.00015715991724683565,0.04340997685777869,0.03422225197218781,0.0446249507038816,-0.0012149738461029146,0.03567608437839802,-0.0014538324062102126,-0.0013991169254686134,-0.0016109923234570481,0.42148629269994975,0.4001017051527801,95.67948880428885,96.9600320060012,3.8990249030111896,2.6398662888460303,-4.7291588728391005,-5.465770695978904,-5.6839166693332865,-3.2367609902931083,-3.955619528832822,-4.226940645780779,-0.4613518055179904,-0.5332117712559208,-0.5544929422589799,-0.42600237698054544,-0.5206140727619345,-0.5563236729120461,100.461351805518,116.10917026506706,120.74323732929221,100.42600237698053,122.72980840918454,131.14800648351104,104.72915887283911,121.04172918979003,125.8726610563665,103.2367609902931,126.16481386525543,134.81862345637975,-4.26780706732111,-4.932558924722984,-5.129423727074307,-2.8107586133125633,-3.435005456070888,-3.670616972868733
MELROSE PARK,17031,17,31821.69,31332.39,11.049230709676532,11.146819910695887,-0.0030991491968730854,-0.001697361806249466,0.01951784020387102,-0.015715495443243188,0.007732733294987715,-0.022333215218696904,0.007732733294987426,0.0055570965446799635,-0.02155358746390982,,,-0.002307248698575543,0.00014100466900160796,0.010039981993563258,0.005416091875678357,0.012235962421771855,-0.0021959804282086024,0.012628804789703999,-0.007212712914025641,-0.004503229126784145,-0.0070717082450240335,0.7056399906451609,13.783513330872763,63.199252597548174,73.0976904486608,36.095107411806666,13.118796220466441,-127.25545054267717,-23.992873915885735,-24.95046052627911,-58.23592971586251,-12.731645763451771,-13.604925997798459,2.5373802284683626,0.47840028571417453,0.4974938594817149,-29.837427602359956,-6.523113146460374,-6.970542008608235,97.46261977153165,18.375702869450357,19.10910092280745,129.83742760235995,28.385296553800877,30.332281168913422,227.25545054267718,42.84697707105027,44.55705530856828,158.23592971586245,34.59382917079226,36.96666515810364,-129.79283077114553,-24.47127420159991,-25.447954385760823,-28.39850211350256,-6.208532616991399,-6.6343839891902245
MERRIONETTE PARK,17031,17,6097.8099999999995,6064.0199999999995,10.890340856485125,11.258966032313344,-0.001111348767268794,0.0002904386233548255,0.07372503516564385,0.03849169951852965,0.033415267103284824,0.0033493185896002024,0.033415267103284664,0.068553604995853,0.04144292098726322,,,0.0,0.0,0.033415267103284824,0.068553604995853,0.03884928646947727,-0.005434019366192448,0.07363170000492258,-0.005078095009069592,-0.005434019366192448,-0.005078095009069592,0.0,0.0,93.54833155369434,87.72896633698154,6.45166844630565,12.271033663018455,-7.407480626841988,-17.22894795203493,-17.916577534379773,-16.26208567896878,-15.363199982565575,-16.416981962551517,0.0,0.0,0.0,0.0,0.0,0.0,100.0,232.58849830269622,241.8714059063034,100.0,94.47250669964366,100.95249949262694,107.40748062684197,249.81744625473118,259.78798344068315,116.26208567896879,109.83570668220923,117.36948145517847,-7.407480626841988,-17.22894795203493,-17.916577534379773,-16.26208567896878,-15.363199982565575,-16.416981962551517
METTAWA,17097,17,5063.13,5484.17,12.211326587143374,12.33593857797101,0.015976178271134244,0.01629368662302253,0.024922398165527326,-0.00311781494126874,0.037959173572753156,0.007893225059068535,0.03795917357275336,0.02319386836757534,-0.0039168156410144435,,,0.0,0.0,0.037959173572753156,0.02319386836757534,0.04011348622485737,-0.002154312652104215,0.0254751645066544,-0.00228129613907906,-0.002154312652104215,-0.00228129613907906,0.0,0.0,91.78102652137053,94.90318230581333,8.218973478629472,5.096817694186676,-9.835772553871502,-8.939581291153432,-8.04888823105733,-5.675341292600128,-7.572705600958961,-6.50849943070278,0.0,0.0,0.0,0.0,0.0,0.0,100.0,90.88845072606608,81.83280151073816,100.0,133.4317217333297,114.68031780201441,109.8357725538715,99.8280320172195,89.88168974179548,105.67534129260012,141.0044273342887,121.1888172327172,-9.835772553871502,-8.939581291153432,-8.04888823105733,-5.675341292600128,-7.572705600958961,-6.50849943070278
MIDLOTHIAN,17031,17,14319.580000000002,14072.75,11.165915076658761,11.270141941030403,-0.0034775056300816233,-0.0020757182394580036,0.020845372874328305,-0.014387962772785902,0.0013788625239515235,-0.0286870859897331,0.0013788625239513409,0.020897239291494462,-0.006213444717095323,,,-0.0005209326982881618,-0.00013418425404977373,0.0018997952222396853,0.021031423545544242,0.0038891824071163525,-0.00198938718487667,0.023398141202474017,-0.002366717656929772,-0.0025103198831648316,-0.0025009019109795455,0.518105064584684,8.140206451356278,90.34365130779514,60.77320126946103,9.138243627620174,31.08659227918269,-11.967618670076941,-8.48505370231461,-8.823703163079104,-182.05730009767723,-7.097241247466343,-7.584050306951362,-0.6421147414643859,-0.45525999905026615,-0.4734300140666662,-37.77988662678863,-1.472794386978099,-1.573815280215394,100.64211474146443,71.35536081467946,74.20324549641757,137.77988662678865,5.3711501484106465,5.739564361895928,111.96761867007699,79.38515451794382,82.55351864543002,282.057300097677,10.995597008898883,11.749799388631887,-11.325503928612555,-8.029793703264344,-8.350273149012438,-144.2774134708886,-5.624446860488244,-6.010235026735968
MOKENA,17197,17,21117.65,21881.64,11.640126438155749,11.794669493500304,0.0071077490666379365,0.0035280549667480432,0.030908611068911185,-0.003944812270571613,0.024284595984654156,-0.005781352529030465,0.024284595984654444,0.02984667282739806,0.0027359888188082764,,,-2.778024011867095e-05,-0.0009173561992720137,0.024312376224772825,0.03076402902667007,0.02787971349909421,-0.0035673372743213892,0.033136299799516815,-0.0023722707728467455,-0.00359511751444006,-0.003289626972118759,2.5184155368871703,0.08826176098205377,90.96899581239933,88.57780201299842,6.512588650713489,11.333936226019524,-11.021754388311624,-10.213202001332181,-11.606489559546757,-14.804106754388153,-11.178353056793771,-10.861385543638725,-3.0735626867927373,-2.848087108279333,-3.2366238602361945,-0.11439449162022605,-0.08637751917752724,-0.08392824357251642,103.07356268679273,95.51211899927394,108.54190603795585,100.11439449162023,75.59483772046825,73.45131017236908,111.0217543883116,102.87723389232677,116.9117717372664,114.80410675438813,86.68681325808448,84.22876747243528,-7.948191701518888,-7.365114893052849,-8.369865699310564,-14.689712262767927,-11.091975537616245,-10.77745730006621
MONEE,17197,17,5310.24,5501.2,11.481380619474619,11.490203239987672,0.007065843657168358,0.003486149557278465,0.0017645241026105652,-0.033088899236872235,0.0014989524742400765,-0.028566996039444546,0.001498952474239701,-0.0031786593377191646,-0.03028934334630895,,,0.0,0.0,0.0014989524742400765,-0.003178659337719164,0.003945972058096835,-0.002447019583856757,-0.0031608519299967898,-1.780740772237676e-05,-0.002447019583856757,-1.780740772237676e-05,0.0,0.0,99.43978244189093,61.72340398823064,0.560217558109086,38.27659601176936,0.5602175581090862,-0.05528610195932901,-0.06282824574460497,-163.2486436968138,-7.608554862357465,-7.3928106734619945,-0.0,0.0,0.0,0.0,0.0,0.0,99.99999999999999,-9.86868425651229,-11.214972618257523,100.0,4.6607155135010565,4.528558710228527,99.43978244189098,-9.813398154552969,-11.152144372512927,263.24864369681393,12.269270375858527,11.921369383690527,0.5602175581090862,-0.05528610195932901,-0.06282824574460497,-163.2486436968138,-7.608554862357465,-7.3928106734619945
MONTCLARE,17031,17,12740.85,14185.05,10.99918090586918,11.302887814997797,0.021475045238220147,0.022876832628843765,0.06074138182572355,0.025508046178609342,0.052338492382533394,0.022272543868848773,0.05233849238253363,0.05273302190922257,0.025622337900632786,,,-0.000611509069753893,-0.003591167928655138,0.05295000145228729,0.05632418983787771,0.06052076443578931,-0.007570762983502028,0.06283619051081522,-0.006512000672937507,-0.008182272053255921,-0.010103168601592646,4.92349805695542,0.8900757535678918,86.14853664120832,88.09037784733053,8.927965301836243,11.01954639910158,-19.159092795752876,-34.278004975603196,-35.6460844608166,-15.633373604751636,-23.133131002072368,-24.719862712803327,-6.810093180013779,-12.184105500056932,-12.670388899343656,-1.1683734894090458,-1.728874245136244,-1.8474599907656604,106.81009318001378,191.0965693678755,198.72348045657287,101.16837348940903,149.70161248406149,159.96984187569626,119.1590927957529,213.1904688434218,221.69917601804582,115.63337360475163,171.1058692409976,182.84224459773392,-12.348999615739094,-22.093899475546262,-22.97569556147294,-14.46500011534259,-21.404256756936125,-22.872402722037663
MONTGOMERY,17089,17,12636.89,14425.380000000001,11.155540151146013,11.406614082230885,0.02647376821207743,0.023103309974645932,0.05021478621697426,0.02297487095406925,0.03963456369350693,0.009568615179822309,0.03963456369350702,0.041320757121724054,0.01421007311313427,,,0.000629190967092031,0.0006079104257354547,0.0390053727264149,0.04071284669598859,0.04254522525143613,-0.0035398525250212457,0.04386732614803667,-0.003154479452048082,-0.0029106615579292147,-0.0025465690263126273,1.2763259503917779,1.3468924677942509,92.10075097709182,91.07543882362718,6.622923072516388,7.577668708578576,-6.162929248394118,-11.180407543379847,-8.984826263607019,-7.343745677225782,-12.06725690008627,-8.793542141734747,1.4711986615943462,2.6689582097970366,2.144834678593905,1.5874804929292237,2.608550973035496,1.9008796365383434,98.52880133840564,178.74489700025808,143.64340824092693,98.41251950707077,161.7116397098868,117.8410412881613,106.16292924839411,192.59426275343498,154.77306918312786,107.34374567722573,176.3874475830085,128.53546306643435,-7.6341279099884645,-13.849365753176885,-11.129660942200923,-8.931226170155005,-14.675807873121766,-10.694421778273089
MORGAN PARK,17031,17,22853.16,20678.44,11.26344966248131,11.422651035274633,-0.019999557880692364,-0.018597770490068746,0.03184027455866456,-0.003393061088449646,0.01914254301132008,-0.010923405502364543,0.019142543011320966,0.022686398238995997,-0.004424285769593788,,,0.0034296279598085774,0.005013505929741876,0.0157129150515115,0.01767289230925412,0.016363655893174255,-0.000650740841662754,0.017424993429319705,0.0002478988799344134,0.0027788871181458233,0.0052614048096762895,22.099170952240822,16.775698577133973,76.80810874318348,80.04126456303878,1.0927203045757006,3.1830368598272485,23.19189125681652,17.850880981667107,18.563332715115028,14.516812716588953,7.856541474743363,8.395431929888906,22.09917095224082,17.009810286430096,17.688693801290412,17.916260957493694,9.696332799280551,10.361416947597561,77.90082904775917,59.9605444983286,62.35364733231129,82.0837390425063,44.42395949990557,47.47105698309594,76.80810874318347,59.11947380309158,61.47900841848667,85.48318728341104,46.26375082444276,49.437042000804595,1.0927203045757004,0.8410706952370124,0.8746389138246137,-3.399448240904742,-1.8397913245371873,-1.965985017708654
MORTON GROVE,17031,17,24944.03,24765.120000000003,11.434391965306746,11.615377107401988,-0.001439660686423494,-3.787329579987451e-05,0.03619702841904839,0.0009636927719341853,0.03419419811025592,0.004128249596571296,0.03419419811025541,0.03073221725902687,0.003621533250437084,,,0.00011651380924851144,-0.0019711396811838214,0.034077684301007403,0.03270335694021068,0.036456460613889546,-0.0023787763128821464,0.03283068857263758,-0.00012733163242688902,-0.002262262503633635,-0.0020984713136107105,5.643249616089005,0.2991234207626169,93.99220788463084,93.59389481863988,0.3645424992801497,6.106981760597473,-6.828245732885849,-7.119688185523239,-7.403844143685421,-6.615925006748766,-6.3959270135497945,-6.834632012497453,-6.413919518302394,-6.687677743849273,-6.954591606881568,0.34074145816440504,0.3294108525545481,0.35200557376026803,106.41391951830236,110.95586702757348,115.38425909859768,99.65925854183558,96.34530971978333,102.9537605213147,106.82824573288585,111.38787746924747,115.83351163540156,106.61592500674874,103.07064758588767,110.14039810757244,-0.41432621458345426,-0.4320104416739655,-0.4492525368038537,-6.95666646491317,-6.7253378661043435,-7.186637586257722
MOUNT GREENWOOD,17031,17,17698.98,18467.36,11.528548577869815,11.739622170348325,0.008499567741209546,0.009901355131833166,0.04221471849570193,0.006981382848587722,0.03175304454218169,0.0016870960284970683,0.03175304454218164,0.0333260447109355,0.0062153607023457125,,,0.000262929347853442,-0.0006633781352247712,0.03149011519432825,0.033989422846160265,0.03609444444668016,-0.004604329252351912,0.03830957230674108,-0.004320149460580808,-0.00434139990449847,-0.00498352759580558,1.5322953004475177,0.6418906644396308,88.48886402908647,88.11753848556003,9.978840670466017,11.240570850000333,-14.953852576961532,-16.908099870584252,-17.582923991280577,-13.672389426252419,-12.27411800407981,-13.116015811020967,-1.9905696609927808,-2.2507076657472087,-2.3405363178788843,0.8280445281527533,0.7433606470910247,0.794348726099575,101.99056966099278,115.31922819291563,119.92176764798769,99.17195547184724,89.02966747125835,95.13632880300037,114.95385257696154,129.97662039775267,135.16415532138942,113.67238942625242,102.04714612242918,109.04669334012091,-12.96328291596875,-14.657392204837041,-15.24238767340169,-14.500433954405171,-13.017478651170833,-13.91036453712054
MOUNT PROSPECT,17031,17,51781.26,52044.1,11.442349988480103,11.638844394201245,0.001012625668710143,0.0024144130593337625,0.039298881144228304,0.004065545497114097,0.03127501952945076,0.001209071015766141,0.03127501952945018,0.03999416314669178,0.012883479138101998,,,0.0008121280832599961,0.0023793802531945447,0.030462891446190767,0.03761478289349724,0.02970651361417238,0.0007563778320183916,0.03760668574137644,8.097152120802419e-06,0.0015685059152783878,0.002387477405315347,5.9493187655093145,2.5967308589375584,94.03043539988953,94.98479636822809,0.020245834601172786,2.418472772834347,5.969564600110487,8.100227325280791,8.423517867923776,5.015203631771907,4.4345204583147435,4.73869001635956,5.9493187655093145,8.072755327966867,8.39494942768764,2.596730858937559,2.2960695046847777,2.45355991498848,94.0506812344907,127.61934062708605,132.7127934681321,97.40326914106244,86.12547394415016,92.03293284353879,94.03043539988953,127.59186862977212,132.684225027896,94.9847963682281,83.9870229905202,89.74780274216772,0.020245834601172786,0.027471997313924672,0.028568440236135806,2.4184727728343476,2.1384509536299654,2.2851301013710796
MUNDELEIN,17097,17,38339.369999999995,38520.99,11.560840043570183,11.731998028025243,0.0009451963953260645,0.0012627047472143509,0.034231596891012114,0.006191383784216048,0.034317072142532344,0.004251123628847723,0.034317072142532365,0.03057470278094442,0.0034640187723546344,,,0.00024782214848181265,-0.002523752583187892,0.03406924999405053,0.03309845536413231,0.0350258270845382,-0.0009565770904876705,0.033950619574200015,-0.0008521642100677047,-0.0007087549420058579,-0.0033759167932555967,6.761282531931653,0.6840204261186613,90.95571911622908,96.67570600245459,2.28299835183929,2.640273571426749,-11.041535930676734,-13.229007005491864,-11.910938032461244,-2.06531297035516,-2.4913712101132224,-2.141254256687045,-8.254381412207259,-9.889681128936829,-8.904325097013448,0.722154114583288,0.8711289747181603,0.7487076264134528,108.25438141220727,129.7009744901953,116.77824868194739,99.27784588541671,119.75810474789752,102.9282792236147,111.04153593067674,133.04030036675033,119.78486161739517,102.06531297035515,123.1206049327289,105.81824110671518,-2.7871545184694755,-3.339325876555034,-3.0066129354477953,-2.787467084938448,-3.3625001848313825,-2.889961883100498
NAPERVILLE,17043,17,147611.42,149969.26,11.893712765429338,12.042844102818227,0.003169411862826976,0.002826022817525045,0.02982626747777779,-0.000306757235858969,0.033178925875084586,0.003112977361399965,0.03317892587508524,0.025536935856291985,-0.0015737481522977992,,,-0.0006118729078251216,-0.0018760821249232422,0.033790798782909706,0.02741301798121523,0.03346897097910392,0.0003218278038057781,0.030699434351732082,-0.003286416370516856,-0.0002900451040193435,-0.005162498495440098,5.231402704696038,1.7785621806515355,85.6045168634931,97.28596453198617,9.164080431810858,0.9354732873623052,-20.215810246349985,-19.05863236656615,-18.21437062510145,-0.8741847313301672,-0.9688926784975735,-0.8762694646685412,-7.346543592703581,-6.92601838818554,-6.619208737138179,-1.8441612912026246,-2.0439551378300242,-1.8485591997765467,107.3465435927036,101.20189521091758,96.71884067442399,101.84416129120262,112.8778148213889,102.08703663637073,120.21581024634997,113.33450918929817,108.31400256238726,100.87418473133012,111.80275236205641,101.11474690126269,-12.869266653646402,-12.13261397838061,-11.595161887963267,0.9699765598724572,1.0750624593324507,0.9722897351080056
NEAR NORTH SIDE,17031,17,82505.58,91046.56,11.790093228270624,11.991592632617845,0.01970101932081505,0.021102806711438667,0.04029988086944414,0.005066545222329931,0.05568387264684534,0.025617924133160715,0.055683872646845954,0.033527006350524254,0.006416322341934469,,,0.0026353471619794113,-0.0023538947868180803,0.053048525484865924,0.03588090113734234,0.05473858933505405,-0.0016900638501881266,0.04366093147821133,-0.00778003034086899,0.0009452833117912847,-0.010133925127687071,4.375687445479657,4.461850105795246,81.16190697945662,92.67673881426995,14.46240557506373,2.8614110799347987,-30.226155660117893,-34.38235563984241,-35.75459989494588,1.697589026873902,2.672529407897048,2.8558416953254717,-7.020891642421493,-7.986288301857821,-8.305031390802109,4.7326937526294905,7.450721601190269,7.961776340446172,107.0208916424215,121.73663097348128,126.59529726845238,95.26730624737051,149.98016217510812,160.26749765436065,130.2261556601179,148.1326983114659,154.04486577259618,98.3024109731261,154.75835436840134,165.37343229948135,-23.205264017696397,-26.39606733798459,-27.449568504143773,-3.035104725755589,-4.778192193293221,-5.1059346451207
NEAR SOUTH SIDE,17031,17,21825.010000000002,24558.690000000002,11.672068594121603,11.950489645027748,0.023601840635691217,0.025003628026314836,0.055684210181228974,0.020450874534114767,0.05708840788861532,0.0270224593749307,0.05708840788861487,0.05747221499959371,0.030361530991003922,,,-0.002374479930749,-0.0033761048037939507,0.05946288781936432,0.060848319803387646,0.06545387796712153,-0.005990990147757228,0.059285801166594196,0.0015625186367934658,-0.00836547007850623,-0.001813586167000485,5.256730324083639,3.2166091866340154,92.3103656112239,88.66764567829082,2.4329040646924596,8.11574513507515,-3.1555877340264438,-6.153130577898898,-6.398709972599788,-14.653535433722418,-23.65107319341639,-25.273331236456514,-5.874325191430011,-11.454439871899597,-11.911601372824448,-4.159303120489586,-6.713191023506818,-7.173657575839851,105.87432519142999,206.44602611588812,214.68555386360842,104.15930312048958,168.11501313250992,179.64624175709204,103.15558773402644,201.14471682188747,209.1726624633838,114.65353543372238,185.05289530241944,197.74591541770863,2.718737457403568,5.301309294000699,5.512891400224659,-10.494232313232828,-16.93788216990957,-18.09967366061666
NEAR WEST SIDE,17031,17,54431.09,57666.38,11.52652313854526,11.793981128144857,0.011547767350468164,0.012949554741091784,0.05349159791991944,0.018258262272805234,0.05258444143936106,0.022518492925676436,0.05258444143936103,0.0412703702430224,0.014159686234432617,,,0.0037208191475489767,-0.0027782660652309558,0.04886362229181208,0.04404863630825335,0.04199826045673794,0.006865361835074139,0.04703584026960332,-0.0029872039613499687,0.010586180982623115,-0.005765470026580925,5.261736971386733,7.075893640212426,89.08082016480267,79.86822586138751,5.657442863810604,13.055880498400057,-13.969998312665236,-19.56107217954159,-20.341779854234336,20.131774138612485,29.9295244510013,31.982429677243562,-6.73186610362595,-9.426094106013808,-9.802301705648231,7.075893640212426,10.519596050466049,11.241148901909257,106.73186610362593,149.44810228197377,155.41276921581553,92.92410635978756,138.14849571794326,147.6242817205299,113.96999831266524,159.58308035550158,165.95224736440164,79.86822586138751,118.73856731740801,126.8830009451956,-7.238132209039285,-10.134978073527781,-10.539478148586102,13.055880498400057,19.409928400535254,20.74128077533431
NEW CITY,17031,17,41297.369999999995,39130.75,10.65416369351452,10.842117745928693,-0.010778042926725106,-0.009376255536101486,0.03759081048283477,0.0023574748357205605,0.029838515818234348,-0.0002274326954502734,0.029838515818234157,0.03362564252867342,0.006514958520083637,,,0.0002691329166969962,-0.0021211395738312887,0.02956938290153735,0.03574678210250472,0.02944608343269387,0.00012329946884347714,0.037465011874702796,-0.0017182297721980784,0.0003924323855404733,-0.003839369346029367,5.135386395200642,0.9019648240430538,90.70469225646637,98.68481264976103,4.159921348332987,0.41322252619592,-11.417980616297344,-13.026202643557477,-13.546095228308758,1.3151873502389735,1.1094949819654445,1.1855966938618467,-6.308101241552605,-7.196597001684809,-7.483822490109842,0.9019648240430538,0.7608995372433276,0.8130906316661423,106.30810124155263,121.2815922500097,126.12209736135873,99.09803517595694,83.59932349591205,89.333510432161,111.41798061629737,127.11119789188237,132.18437009955767,98.68481264976103,83.25072805118992,88.96100436996531,-5.109879374744739,-5.829605641872667,-6.062272738198916,0.41322252619592,0.34859544472211695,0.37250606219570465
NEW LENOX,17197,17,40609.49,42160.53,11.681026186195409,11.83906394217701,0.007496538435074029,0.003916844335184137,0.031607551196320215,-0.003245872143162583,0.035602172732891145,0.005536224219206524,0.03560217273289083,0.024324689834302693,-0.0027859941742870917,,,0.0010811299952964933,-0.0034352059986867815,0.034521042737594654,0.02775989583298948,0.03204216703265367,0.002478875704940977,0.029837227590668636,-0.00207733175767916,0.00356000570023747,-0.005512537756365942,9.717761815284454,3.0366966741265466,84.40573027218589,90.00059427005546,5.876507912529675,6.962709055817997,-22.662314684860473,-17.114603607920362,-19.449382090474547,9.999405729944542,11.069179363849209,10.755307522639642,-14.122301341094396,-10.665176653199438,-12.120122705879597,3.0366966741265458,3.3615737842150257,3.2662547620606617,114.12230134109443,86.18528060513049,97.94269802943066,96.96330332587347,107.33679832705046,104.29321240138741,122.66231468486049,92.6347075598514,105.2719574140256,90.00059427005543,99.62919274741624,96.80415964080841,-8.540013343766075,-6.449426954720922,-7.329259384594949,6.962709055817995,7.707605579634183,7.489052760578982
NILES,17031,17,30832.14,29596.36,11.141921537187482,11.380871622747446,-0.008181254320670562,-0.006779466930046943,0.04779001711199271,0.012556681464878504,0.03462402661782448,0.00455807810413986,0.03462402661782456,0.04107967360197717,0.013968989593387382,,,0.0009515047603665375,-0.0007871896716536333,0.03367252185745794,0.0418668632736308,0.0289262787494681,0.0047462431079898495,0.045250242854575545,-0.0033833795809447387,0.005697747868356387,-0.004170569252598372,1.5928303038536369,2.7481054438558625,91.56110740642205,83.54394787397958,6.846062289724308,13.707946682164573,-10.15239140653163,-14.149896852075585,-14.714637525139501,16.456052126020438,16.10882001937565,17.21374505286598,-1.9162510376317738,-2.6707751345882804,-2.777369222366984,2.7481054438558625,2.6901188480888716,2.8746376182248836,101.91625103763178,142.04578822728809,147.71501923921633,97.25189455614414,95.19982398883408,101.72970442592477,110.15239140653163,153.5249099447754,159.65228754198887,83.54394787397958,81.78112281754733,87.3905969912837,-8.236140368899855,-11.479121717487306,-11.937268302772516,13.707946682164573,13.418701171286779,14.339107434641097
NORRIDGE,17031,17,13104.470000000001,13647.59,11.110557222329609,11.447977581377174,0.00812191117761003,0.00952369856823365,0.06748407180951296,0.032250736162398756,0.05569446384239907,0.025628515328714446,0.055694463842398886,0.06544862424746975,0.038337940238879965,,,-0.0004370298877933881,-0.0005086588546922476,0.05613149373019245,0.06595728310216199,0.055840140077431946,0.000291353652760498,0.06955021757969813,-0.003592934477536146,-0.0001456762350328901,-0.004101593332228394,0.6906264060506351,0.7725672509056528,94.43110321193174,98.71238721824747,4.878270382017638,0.5150455308468803,-6.26689006742103,-13.915875523235622,-14.471276102577157,-0.2615632236717749,-0.41185961637190344,-0.44010960612072914,-0.777188001338183,-1.7257764805861928,-1.7946544506090738,-0.7846917945562231,-1.2355821928607809,-1.3203323914591054,100.77718800133817,223.7797039234578,232.7110411574277,100.78469179455622,158.6964096709352,169.58160396570946,106.266890067421,235.9698029661072,245.38766280939578,100.26156322367174,157.87268709444632,168.70138118037104,-5.489702066082847,-12.190099042649429,-12.676621651968082,0.5231285708844483,0.8237225764888773,0.8802227853383762
NORTH AURORA,17089,17,7869.34,9261.470000000001,11.527828994908356,11.578621781417235,0.03257771744333269,0.02920725920590119,0.010158557301775773,-0.01708135796112924,0.004647457540053683,-0.025418490973630938,0.004647457540053068,-0.0004030795739494939,-0.027513763582539277,,,-0.002396856184281766,0.0011091763787006172,0.007044313724335448,-0.0015122559526501113,0.00726316346059434,-0.0002188497362588871,0.01597596705298587,-0.01748822300563598,-0.0026157059205406527,-0.016379046626935363,3.2081815946718018,24.262454455151307,46.20888475511478,73.5222137308983,50.58293365021343,2.2153318139503857,4063.4772103306,-71.91025044638913,-57.788690110482186,-56.28251356784722,-10.844405881629584,-7.902437224279541,-275.1755361435401,4.869706582946839,3.9134054311310047,-51.573492896377914,-9.937080884411085,-7.241259570952778,375.17553614354017,-6.63937937115816,-5.335554175156583,151.5734928963779,29.204887515962664,21.281921089655814,-3963.4772103306,70.14057765817782,56.36654136645662,156.2825135678473,30.11221251318118,21.943098742982592,4338.65274647414,-76.77995702933596,-61.70209554161319,-4.709020671469312,-0.9073249972184987,-0.661177653326763
NORTH BARRINGTON,17097,17,2392.7,2214.1099999999997,12.192000774474348,12.360088034820798,-0.01551438370701561,-0.015196875355127324,0.03361745206929001,0.005577238962493944,0.031773214686564785,0.001707266172880164,0.0317732146865648,0.033059448356056814,0.00594876434746703,,,0.0,0.0,0.031773214686564785,0.033059448356056814,0.029314405775228154,0.0024588089113366375,0.03318925931603773,-0.00012981095998091597,0.0024588089113366375,-0.00012981095998091597,0.0,0.0,99.61040041362035,92.26137822190104,0.38959958637965725,7.738621778098952,-0.3926591834891684,-0.5086825902841924,-0.45800012113922184,7.738621778098953,8.643051878463378,7.428427987929428,0.0,0.0,0.0,0.0,0.0,0.0,100.0,129.5481200169675,116.64062382787894,100.0,111.68722449938113,95.99161453984736,100.39265918348916,130.05680260725168,117.09862394901818,92.26137822190107,103.04417262091778,88.56318655191795,-0.3926591834891684,-0.5086825902841924,-0.45800012113922184,7.738621778098953,8.643051878463378,7.428427987929428
NORTH CENTER,17031,17,34725.93,35472.56,11.837879680385953,12.107977512080735,0.0042545539419585054,0.005656341332582125,0.05401956633895644,0.01878623069184223,0.06274785784015653,0.032681909326471914,0.06274785784015649,0.051198200336568696,0.02408751632797891,,,7.883209173802133e-05,-0.002435968123369306,0.06266902574841851,0.05363416845993801,0.0625560562630155,0.00011296948540301758,0.05634246178971628,-0.0027082933297782777,0.00019180157714103891,-0.0051442614531475835,3.9617790555329746,0.1256331203191632,91.63354106084256,99.69432968113489,4.404679883624473,0.18003719854595718,-10.047738825447066,-17.45343729679018,-18.15002653905185,0.3056703188651204,0.5422663755896707,0.5794611355092939,-4.757917480215408,-8.264746511317353,-8.59460322732722,0.1256331203191632,0.2228761270064795,0.2381634920524994,104.75791748021541,181.96987161456272,189.23252439905193,99.87436687968085,177.17948914122567,189.33246203046875,110.04773882544707,191.15856240003555,198.78794771077656,99.69432968113489,176.8600988926425,188.99116438701196,-5.289821345231658,-9.188690785472827,-9.555423311724631,0.18003719854595718,0.3193902485831913,0.3412976434567946
NORTH CHICAGO,17097,17,18913.98,18401.56,10.841965669590635,10.912045528195492,-0.0054931775090366845,-0.005175669157148398,0.014015971720971266,-0.0140242413858248,0.017080268149481055,-0.012985680364203566,0.01708026814948056,0.01491146787631936,-0.012199216132270424,,,0.002340128274016245,-0.006813267141879793,0.01474013987546481,0.021724735018199152,0.015301078312531143,-0.0005609384370663375,0.02413647144435483,-0.0024117364261556774,0.0017791898369499074,-0.00922500356803547,20.422559672045008,12.856332432141299,72.3483342250025,84.06195144957358,7.229106102952492,3.0817161182851227,-61.865160724287485,-36.149480067469476,-32.54773520118132,10.416638786809468,6.254097254769338,5.37519752742949,-45.69145840229333,-26.698750078877076,-24.03862645183102,13.700770114006344,8.225873097062413,7.069876103791002,145.6914584022933,85.1314440931636,76.6493928672547,86.29922988599365,51.81362124240596,44.53215827063765,161.8651607242875,94.58217408175601,85.15850161660501,89.5833612131905,53.785397084699014,46.22683684699915,-16.173702321994156,-9.450729988592403,-8.509108749350302,-3.284131327196876,-1.9717758422930762,-1.6946785763615122
NORTH LAWNDALE,17031,17,34775.83,31047.64,10.473305487873422,10.66106567226181,-0.02267996123922238,-0.02127817384859876,0.03755203687767761,0.002318701230563401,0.03767438282039626,0.007608434306711636,0.03767438282039635,0.027305033803643596,0.0001943497950538109,,,-0.0018789455681725703,-0.0022997557326254452,0.03955332838856883,0.02960478953626905,0.035310309541054866,0.004243018847513966,0.03423451929100496,-0.004629729754735905,0.002364073279341395,-0.00692948548736135,5.586812422668065,4.534980556786093,83.1661532334601,85.22416505046681,11.24703434387184,10.240854392747103,-25.378051304359406,-23.510340902031352,-24.448668996135282,6.275015281900058,6.683769069709861,7.142217531751652,-8.422460668474121,-7.802605455201469,-8.114017524313216,-4.987329393370557,-5.312203467617928,-5.6765744511726055,108.42246066847416,100.44305534661133,104.45186751492905,104.98732939337057,111.82619219030407,119.49649696758453,125.37805130435946,116.15079079344125,120.78651898675112,93.72498471809995,99.83021965297631,106.67770498466027,-16.955590635885283,-15.707735446829881,-16.334651471822063,11.262344675270617,11.995972537327788,12.818791982924257
NORTH PARK,17031,17,17421.52,18227.510000000002,11.244805787818002,11.422040985751154,0.009045153534912132,0.010446940925535752,0.035447039586630424,0.0002137039395162174,0.024665010938828422,-0.005400937574856199,0.0246650109388284,0.01983972435056642,-0.007270959658023365,,,8.530339894942352e-06,-0.00011979710285687797,0.02465648059893348,0.0199595214534233,0.020537858100844016,0.0041186224980894704,0.03266291133138468,-0.01270338987796139,0.004127152837984413,-0.012823186980818267,0.2633708040523207,0.03458478050586884,71.80855809437918,83.2671761296999,27.928071101568502,16.698239089794225,-64.63389689409756,-43.50647647929861,-45.242876190647344,16.732823870300102,11.668393160879662,12.468743508611897,-0.603824431932986,-0.4064473087327855,-0.422669146184915,0.034584780505868856,0.024117197399148076,0.025771427511092636,100.603824431933,67.71861409728932,70.42135151679558,99.96541521949413,69.70943914266643,74.49090074486068,164.63389689409752,110.81864326785511,115.24155856125797,83.26717612969993,58.065163179185944,62.04792866375991,-64.03007246216458,-43.100029170565826,-44.820207044462435,16.69823908979423,11.644275963480514,12.442972081100805
NORTH RIVERSIDE,17031,17,5062.53,4934.29,11.119155298823767,11.272635886458461,-0.0051315132239977855,-0.0037297258333741663,0.03069611752693895,-0.004537218120175258,0.052992840916335895,0.022926892402651274,0.05299284091633609,0.02744705255287451,0.000336368544284725,,,0.0,0.0,0.052992840916335895,0.02744705255287451,0.05321392757029177,-0.00022108665395588408,0.03176221620191969,-0.004315163649045176,-0.00022108665395588408,-0.004315163649045176,0.0,0.0,88.03914345534223,99.58625134255965,11.960856544657773,0.4137486574403488,-15.721774280616705,-14.640476356021168,-15.224796691194697,-0.41720098438378034,-0.6250619015700114,-0.667935714903022,0.0,0.0,0.0,0.0,0.0,0.0,100.0,93.12229074597091,96.83892173649427,100.0,149.8227293239129,160.09926627799908,115.72177428061674,107.76276710199211,112.06371842768901,100.41720098438375,150.44779122548292,160.76720199290207,-15.721774280616705,-14.640476356021168,-15.224796691194697,-0.41720098438378034,-0.6250619015700114,-0.667935714903022
NORTHBROOK,17031,17,36437.020000000004,37069.2,11.98308535449194,12.071470163840372,0.003440229070917411,0.00484201646154103,0.01767696186968628,-0.017556373777427928,0.02946193200902196,-0.0006040165046626612,0.029461932009022716,0.015058967446500982,-0.012051716562088803,,,0.0001927067742727763,0.00038737942743433086,0.029269225234749185,0.014671588019066652,0.02884962111892725,0.00041960411582193707,0.016062181832256533,-0.0013905938131898803,0.0006123108900947133,-0.0010032143857555496,2.171390471953889,0.6540873633601652,90.03386891335407,97.9216879262799,7.7947406146920555,1.4242247103599455,-6.6619068626026605,-3.403703240298745,-3.5395494361354434,2.078312073720111,1.7311411723251222,1.8498824094552866,2.5724169257324494,1.3142999453604185,1.3667553550012197,0.6540873633601652,0.5448255723133789,0.5821958708833967,97.42758307426756,49.777726864648045,51.76442028489085,99.34591263663984,82.75070998344347,88.42668940898979,106.66190686260266,54.49573005030721,56.670725076027516,97.9216879262799,81.56439438343173,87.15900287041791,-9.234323788335109,-4.718003185659163,-4.906304791136662,1.4242247103599455,1.1863156000117434,1.26768653857189
NORTHFIELD,17031,17,7537.4400000000005,7893.84,11.96729096044992,12.18084509113892,0.009240021330845848,0.010641808721469468,0.04271082613779988,0.007477490490685676,0.033813716183322344,0.003747767669637723,0.03381371618332309,0.04734661725273379,0.020235933244144008,,,-9.185650271919477e-05,0.0005733687801589725,0.03390557268604154,0.04677324847257481,0.0322708774247763,0.001634695261265241,0.044551798535022044,0.002221449937552768,0.0015428387585460462,0.0027948187177117404,1.2110026300260475,0.2701866138442072,94.09711003683086,94.92152258219801,4.6918873331431135,4.808290803957781,5.902889963169159,9.482253903644654,9.860702913392858,4.562760124268765,4.361953609488969,4.661145712464285,1.2110026300260472,1.9453241526669742,2.0229645540627965,-0.27165456237105456,-0.259699078320158,-0.2775121777566883,98.78899736997393,158.69215956816788,165.02576877687017,100.27165456237105,95.85871131409975,102.43378569457424,94.09711003683083,151.15522981719022,157.1880304175401,95.43723987573124,91.23705862629063,97.49512780435329,4.691887333143112,7.536929750977681,7.83773835933006,4.83441468663982,4.621652687809127,4.9386578902209735
NORTHLAKE,17031,17,12796.72,12986.42,11.16200217087446,11.199272991278967,0.0029430615996144383,0.0043448489902380575,0.007454164080901294,-0.027779171566212915,-0.005448461115442286,-0.03551440962912691,-0.005448461115442171,0.007150340993817426,-0.01996034301477236,,,-0.0016883608297185316,0.0016457359275242698,-0.0037601002857237547,0.005504605066293156,0.0013461330473991929,-0.005106233333122949,0.0077886349836653315,-0.0022840299173721764,-0.006794594162841481,-0.0006382939898479066,14.044031703652301,20.73968069578168,66.46499891590794,16.53578375290376,19.490969380439772,62.72453555131455,-8.926762938995642,-2.1656022405144384,-2.2520342251205623,124.70666521935748,-19.209852208761802,-20.52748109589199,23.016188024420973,5.583648708318407,5.806499345510552,30.987847649922646,-4.773377369810705,-5.10078956659832,76.98381197557903,18.67601019955097,19.421393906619887,69.01215235007736,-10.630652699449756,-11.359823071695237,108.92676293899564,26.42526114838381,27.479927477251,-24.706665219357426,3.8058221395013336,4.066868457598426,-31.94295096341661,-7.749250948832845,-8.058533570631116,93.71881756943482,-14.436474838951094,-15.426691529293668
NORWOOD PARK,17031,17,35903.41,37375.63,11.444300085058464,11.649432826136202,0.008037322140062387,0.009439109530686007,0.04102654821554772,0.0057932125684335145,0.03226414200393668,0.0021981934902520588,0.03226414200393677,0.028055427986350943,0.0009447439777611581,,,0.0007378198561549076,-0.0009667862975393603,0.031526322147781775,0.0290222142838903,0.035107762050084895,-0.0035814399023031285,0.03902745330244276,-0.010005239018552454,-0.002843620046148221,-0.010972025316091814,1.9335927578672334,1.871355791816462,78.05572054100473,89.04492512918603,20.010686701128037,9.083719078997524,-39.10838687411841,-37.22585984739003,-38.71159203083801,-8.813561649342045,-8.039556081674124,-8.590999748069713,-3.44598663050054,-3.2801101143828415,-3.411023548811771,2.286810714088982,2.085983364678014,2.2290636918717412,103.44598663050053,98.46649549819367,102.3964206081239,97.71318928591103,89.13203270575248,95.24571540280964,139.10838687411842,132.41224523120087,137.69698909015017,108.81356164934202,99.2575721521046,106.06577884275106,-35.66240024361787,-33.9457497330072,-35.30056848202624,-11.100372363431028,-10.125539446352139,-10.820063439941455
OAK BROOK,17043,17,15246.5,16355.560000000001,11.80415477970876,11.889176365030826,0.014043586436397604,0.013700197391095674,0.017004317064413143,-0.013128707649223616,0.00967985956830348,-0.02038608894538114,0.009679859568303329,0.016900400317533704,-0.010210283691056081,,,-0.0002725874452705362,-1.066750734540355e-05,0.009952447013574017,0.016911067824879108,0.01853012891950609,-0.00857768190593207,0.022705481424042974,-0.005794413599163868,-0.008850269351202606,-0.005805081106509271,0.03741598340605215,0.9955569037947407,79.63884051642798,67.67662302169451,20.323743500165975,31.327820074510736,-34.34877871198505,-21.43088405057783,-20.481535999696206,-91.42972879671363,-29.564233487422705,-26.737982055485755,-0.06311985009216795,-0.03938172591106168,-0.03763718916466401,-2.816026858107722,-0.9105755495026967,-0.8235272770770442,100.06311985009218,62.4313643645838,59.66577177710488,102.81602685810773,33.24604660088939,30.067824955062534,134.34877871198506,83.82286668925056,80.10967058763642,191.42972879671368,61.89970453880941,55.98227973347125,-34.285658861892884,-21.39150232466677,-20.443898810531543,-88.6137019386059,-28.653657937920002,-25.914454778408704
OAK FOREST,17031,17,34192.8,33228.14,11.324680981231765,11.374431380953016,-0.005723597661394564,-0.0043218102707709444,0.009950079944250234,-0.025283255702863973,0.01421609893556867,-0.01584984957811595,0.014216098935569122,0.011105800048205484,-0.0160048839603843,,,-0.0006924003548399438,-0.0005788828171053531,0.014908499290408612,0.011684682865310835,0.01970580466756672,-0.004797305377158109,0.012997488009755743,-0.0013128051444449107,-0.005489705731998053,-0.0018916879615502639,3.887943954863314,2.74811005555936,87.29487806984166,78.21157164534804,8.817177975295014,19.040318299092597,-17.033333513472808,-6.418114149662594,-6.674269381221743,-38.61611935087772,-15.52063791506475,-16.585218768750327,-5.212436876160859,-1.9640321633255216,-2.042419225608094,-4.870536973455907,-1.9575721767916665,-2.0918446126621806,105.21243687616084,39.64376258477284,41.22599639177239,104.8705369734559,42.149694471731635,45.04079714217977,117.03333351347275,44.097844571109896,45.857846547386025,138.6161193508777,55.71276021000472,59.534171298267914,-11.820896637311948,-4.454081986337073,-4.631850155613648,-33.7455823774218,-13.563065738273083,-14.493374156088143
OAK LAWN,17031,17,58352.67,56712.450000000004,11.216877792672314,11.393827261111529,-0.0057022705381189805,-0.004300483147495361,0.035389893687842996,0.00015655804072878948,0.02786805016534513,-0.002197898348339493,0.027868050165345083,0.026889081173027525,-0.00022160283556225957,,,6.680703133640276e-05,-0.0014961813418011218,0.027801243134008724,0.028385262514828646,0.028067793116616183,-0.00026654998260745616,0.030680669913810337,-0.0022954073989816946,-0.0001997429512710534,-0.0037915887407828164,4.340247492317325,0.2352264997343099,89.00104348028376,98.82625523117403,6.6587090273989045,0.9385182690916611,-14.100849026355592,-12.864092726464694,-13.377515294886782,-0.7167453412992653,-0.5647184337576696,-0.6034532097115749,-5.564270984841026,-5.076240286693707,-5.278839597919149,0.23972624902003226,0.1888785654773707,0.2018339933134673,105.56427098484103,96.30544714098097,100.14912201767385,99.76027375097996,78.6003930514107,83.99169681048326,114.10084902635558,104.09329958075195,108.24779771464148,100.71674534129926,79.35399005064576,84.79698401350831,-8.536578041514565,-7.787852439770987,-8.098675696967634,-0.9564715903192975,-0.7535969992350403,-0.8052872030250423
OAK PARK,17031,17,51501.63,51694.15,11.718429824153908,11.880722881941258,0.000746232930643842,0.0021480203212674615,0.032458611557470006,-0.002774724089644201,0.03238295556946884,0.002317007055784217,0.03238295556946831,0.02942066327548914,0.002309979266899357,,,-0.003788072650563146,-0.003691766962315871,0.03617102822003199,0.03311243023780501,0.03385562674726592,0.00231540147276607,0.037896487205780725,-0.004784056967975717,-0.0014726711777970757,-0.008475823930291587,7.9611450709949665,9.479874591849711,81.72223095497526,84.72569704935327,10.31662397402978,5.794428358797016,-28.809085134912443,-28.756754075060403,-29.904473300243367,-4.54767377436522,-4.163574011866263,-4.449158998784449,-12.54821119342862,-12.52541764799237,-13.025323256272209,-11.697735997064457,-10.709736892208895,-11.44433175266815,112.54821119342861,112.34376988095298,116.82755494881376,111.69773599706447,102.2636657455913,109.27806432741683,128.80908513491244,128.57510630802102,133.70670499278492,104.54767377436525,95.71750286524868,102.28289157353313,-16.26087394148383,-16.231336427068037,-16.879150043971162,7.150062222699237,6.5461628803426315,6.995172753883702
OAKBROOK TERRACE,17043,17,8145.63,8237.560000000001,11.354771911716018,11.39191771755681,0.002244519287255642,0.0019011302419537112,0.007429161168158416,-0.02270386354547834,0.013308278747616815,-0.016757669766067806,0.013308278747616597,0.009891855474872565,-0.01721882853371722,,,-0.0010125020786371543,0.00018999665873980048,0.01432078082625397,0.009701858816132765,0.013472562667569604,0.000848218158684367,0.013235635383341339,-0.003533776567208576,-0.00016428391995278722,-0.0033437799084687753,1.1203023826887901,6.603296142890436,78.04302430741225,87.86482810717608,20.836673309898956,5.531875749933474,-33.80336395899327,-12.344385581226955,-11.797552405180117,-1.234449045352363,-0.5487887402040804,-0.4963261940842057,1.9207383207572408,0.7014193753269252,0.6703478098588049,-7.608061852615376,-3.38225275090211,-3.058919602945596,98.07926167924276,35.81679696610549,34.23017989942978,107.60806185261538,47.83842064784704,43.26521211480327,133.80336395899326,48.862601922659366,46.698080114468695,101.23444904535236,45.004956637149014,40.70261870594189,-35.72410227975051,-13.045804956553884,-12.467900215038922,6.3736128072630125,2.8334640106980302,2.56259340886139
OAKLAND,17031,17,6477.51,7226.67,10.898993932398007,10.84068411595961,0.02188843437988517,0.02329022177050879,-0.011661963287679456,-0.04689529893479366,0.04368880606227376,0.013622857548589138,0.043688806062273856,-0.031432612652961864,-0.05854329666155165,,,0.004943468051852438,-0.043842579912756474,0.03874533801042132,0.012409967259794607,0.04492328648213938,-0.006177948471718049,0.024860633962479853,-0.012450666702685242,-0.0012344804198656115,-0.05629324661544172,54.02400920392232,8.820580334503324,30.633943547048748,80.1561683314881,15.342047249028933,11.023251334008561,179.0918471746486,-190.99158528075904,-198.61430631884053,-2.825621780796643,-3.490154945517953,-3.7295492379257422,139.48118279829097,-148.7489946625104,-154.6857593076155,11.315182302775792,13.976300629426785,14.934953368886644,-39.48118279829096,42.10450565095535,43.78495089440291,88.6848176972242,109.54182091244336,117.05543767609781,-79.09184717464859,84.34709626920402,87.71349790562793,102.82562178079667,127.00827648738813,135.71994028291022,39.61066437635762,-42.24259061824864,-43.928547011225014,-14.140804083572434,-17.466455574944735,-18.664502606812388
OHARE,17031,17,17130.12,15641.169999999998,10.972191885370018,11.14880632430267,-0.018186355412423437,-0.01678456802179982,0.035322887786530546,8.955213941633927e-05,0.04094028311824062,0.010874334604555998,0.040940283118240474,0.03262980077283191,0.0055191167642421254,,,0.002446597204813139,0.00015708566219126458,0.03849368591342748,0.03247271511064064,0.042281037986197964,-0.003787352072770483,0.032611443880434104,-0.00013872876979346702,-0.001340754867957344,1.8356892397797557e-05,0.47735870518262585,5.042971961449165,99.10106630830107,87.15046704291825,0.42157498651631004,7.80656099563257,0.05625805847114396,0.062281218275336434,0.06476694219938713,-3.274903752094429,-3.7906168115959344,-4.050620176365291,0.4814177790569184,0.5329598388904718,0.5542309549471864,5.976014376224666,6.917082844455772,7.391534603453194,99.51858222094307,110.17334600933195,114.57050665505686,94.02398562377533,108.83034360041874,116.29515920471634,99.94374194152883,110.64402462994707,115.05997066780465,103.27490375209443,119.53804325647044,127.73731398453482,-0.42515972058577445,-0.4706786206151354,-0.4894640127477992,-9.250918128319094,-10.707699656051705,-11.442154779818486
OLD MILL CREEK,17097,17,5972.92,5313.69,11.860905482977993,12.010709804766389,-0.023389882177927746,-0.02307237382603946,0.029960864357679286,0.0019206512508832194,0.03111967356590542,0.001053725052220799,0.03111967356590526,0.0314706124467717,0.004359928438181913,,,0.0,0.0,0.03111967356590542,0.0314706124467717,0.026934767720127976,0.004184905845777439,0.036587356220494464,-0.00511674377372277,0.004184905845777439,-0.00511674377372277,0.0,0.0,87.73083755690145,86.55221804652089,12.269162443098562,13.447781953479115,-16.25879948277795,-20.050683524876945,-18.052938430991578,13.447781953479113,14.710520270514408,12.643223948103879,0.0,0.0,0.0,0.0,0.0,0.0,100.0,123.32204198788186,111.03487960543494,100.0,109.38993747373044,94.01716946215743,116.25879948277793,143.3727255127588,129.08781803642654,86.55221804652086,94.67941720321602,81.37394551405353,-16.25879948277795,-20.050683524876945,-18.052938430991578,13.447781953479113,14.710520270514408,12.643223948103879
OLYMPIA FIELDS,17031,17,4160.86,4076.41,11.740056515337457,11.777494302732926,-0.004101016912443356,-0.0026992295218197368,0.00748755747909371,-0.0277457781680205,0.0038641393604132617,-0.02620180915327136,0.003864139360413432,0.00676181952172317,-0.020348864486866614,,,0.0,0.0,0.0038641393604132617,0.00676181952172317,0.007512293940652,-0.003648154580238737,0.008274454236659422,-0.0015126347149362503,-0.003648154580238737,-0.0015126347149362503,0.0,0.0,84.54459009806351,67.31175657134278,15.455409901936498,32.68824342865721,-22.3702320074756,-5.132063249610756,-5.3368905274411675,-94.41053336773481,-10.31415690790811,-11.021618419874061,0.0,0.0,0.0,0.0,0.0,0.0,100.0,22.94148423626425,23.857108525551745,100.0,10.92479466007658,11.67414061410307,122.37023200747561,28.07354748587501,29.19399905299292,194.41053336773484,21.238951567984692,22.695759033977136,-22.3702320074756,-5.132063249610756,-5.3368905274411675,-94.41053336773481,-10.31415690790811,-11.021618419874061
ORLAND HILLS,17031,17,7672.719999999999,8037.25,11.347613592181737,11.613167847659865,0.009283160789026468,0.010684948179650088,0.05311085109562548,0.017877515448511273,0.045148663336699514,0.015082714823014893,0.045148663336699354,0.04702173117828265,0.019911047169692865,,,0.0,0.0,0.045148663336699514,0.04702173117828265,0.04148893987407108,0.003659723462628435,0.05369848072891532,-0.00667674955063267,0.003659723462628435,-0.00667674955063267,0.0,0.0,88.94124375225049,91.89406021760651,11.058756247749516,8.1059397823935,-14.199284848356196,-22.652859052690168,-23.55696393783367,8.1059397823935,10.346864751172983,11.05656973688632,0.0,0.0,0.0,0.0,0.0,0.0,100.0,159.53521106601798,165.90246754970048,100.0,127.64546775497743,136.40083733291152,114.1992848483562,182.18807011870814,189.45943148753412,91.89406021760651,117.29860300380446,125.34426759602522,-14.199284848356196,-22.652859052690168,-23.55696393783367,8.1059397823935,10.346864751172983,11.05656973688632
ORLAND PARK,17031,17,54918.38,56310.090000000004,11.606643199294064,11.753133133889026,0.005005130909305322,0.006406918299928941,0.029297986918992436,-0.005935348728121771,0.029789183043068997,-0.0002767654706156246,0.029789183043069302,0.02459988123789233,-0.0025108027706974533,,,-0.0011289472267211821,5.731718419909234e-05,0.03091813026979018,0.024542564053693237,0.027925759434690084,0.002992370835100101,0.025405355790134698,-0.000862791736441463,0.0018634236083789188,-0.0008054745522423706,0.21772525130632128,3.522777472747956,96.50487111718888,87.13980061904263,3.277403631504801,9.337421908209413,-3.2743026051754303,-2.732812031379278,-2.84188209189579,6.255369963267518,5.268319381757869,5.6296802984684025,0.23299780858618147,0.19446559813466216,0.20222697151613922,-3.7897891496015785,-3.1917887745831166,-3.4107177411001195,99.76700219141381,83.26794948407972,86.59128097743923,103.78978914960157,87.41253691089224,93.40827714249028,103.27430260517541,86.19522711359366,89.63539004085115,93.7446300367325,78.95242875455128,84.36787910292178,-3.5073004137616124,-2.9272776295139398,-3.0441090634119297,10.045159112869097,8.460108156340986,9.040398039568522
OSWEGO,17093,17,44693.75,47399.149999999994,11.657264460378169,11.782666619598446,0.011754125047244202,0.008255759983980279,0.02508043184405544,-0.0028119582360330263,0.01902195681787175,-0.011043991695812872,0.019021956817871555,0.018749102348670037,-0.008361581659919747,,,0.00020723431481758713,-0.0014680665076523178,0.018814722503054163,0.020217168856322354,0.019762405152499475,-0.0009476826494453122,0.020591581409201126,-0.0003744125528787734,-0.0007404483346277252,-0.0018424790605310912,6.543917939567903,0.9907306186747354,91.7871351777047,94.478657651223,1.6689468827273894,4.530611730102269,-9.827025455764216,-7.730621740623491,-6.500650122638166,-3.8925981260353284,-2.6109994891808093,-2.2370047168790617,-7.830062903019219,-6.159672098236418,-5.17964460353767,1.0894479301040352,0.7307581971961594,0.6260857349071072,107.83006290301923,84.82662758158624,71.330385251361,98.91055206989597,66.34525131216856,56.84207934273182,109.82702545576419,86.3975772239733,72.65139077046148,103.89259812603532,69.68700899854552,59.705169794517985,-1.996962552744997,-1.570949642387073,-1.3210055191004952,-4.982046056139364,-3.3417576863769685,-2.8630904517861686
PALATINE,17031,17,70559.27,69520.45,11.558768661628354,11.700648492634164,-0.002966422389283707,-0.0015646349986600876,0.028375966201161874,-0.006857369445952333,0.032913761059162286,0.0028478125454776647,0.03291376105916157,0.023647396807902354,-0.003463287200687431,,,0.0002037028206361941,-0.0065719658748907605,0.032710058238526095,0.030219362682793117,0.03145581493671869,0.0012542433018074175,0.0314910499514239,-0.0012716872686307865,0.0014579461224436116,-0.007843653143521548,16.707805977402344,0.6188986432454179,80.05920338437875,95.57040558256786,3.232990638218901,3.8106957741867378,-33.169203389442,-26.61192662252057,-27.67404301173829,4.429594417432156,4.121942954833773,4.404672413101781,-27.791498270518204,-22.297349261645312,-23.187265291507796,0.618898643245418,0.5759138787610464,0.6154165649300026,127.79149827051822,102.52817756966353,106.6202096610646,99.38110135675458,92.47872197260139,98.82195846353092,133.16920338944198,106.84275493053876,111.10698738129507,95.57040558256789,88.93269289652869,95.03270261535917,-5.377705118923793,-4.314577360875255,-4.486777720230497,3.810695774186738,3.5460290760727258,3.789255848171779
PALOS HEIGHTS,17031,17,16099.77,15836.77,11.644722899016738,11.671515675379215,-0.003294106944508002,-0.0018923195538843825,0.00535855527249538,-0.029874780374618826,0.0035590774317335624,-0.02650687108195106,0.0035590774317341813,-0.000588469892495617,-0.0276991539010854,,,-0.00044024021674125965,-0.002732409314054456,0.003999317648474822,0.0021439394215588374,0.0022938539690894166,0.0017054636793854042,0.007607034833006595,-0.005463095411447758,0.0012652234626441446,-0.008195504725502213,17.290950634470658,9.916307661862911,48.13805277842585,51.668522828855416,34.57099658710348,38.415169509281675,1392.680378387116,-27.805687783341533,-28.91544872350456,35.54919742299276,3.577072470548806,3.822428549675927,464.3244028112801,-9.270511436162563,-9.640509530342111,-12.369503760046788,-1.2446585178262048,-1.330031273424628,-364.32440281127987,7.273952267608484,7.564265104683436,112.3695037600468,11.306974209474427,12.082534358638105,-1292.6803783871155,25.80912861478745,26.839204297845885,64.45080257700721,6.485243221099413,6.930074535537548,928.3559755758359,-18.535176347178968,-19.274939193162453,47.91870118303955,4.821730988375011,5.152459823100554
PALOS HILLS,17031,17,16592.94,15373.259999999998,11.190690523193846,11.399255712197167,-0.015269533426977233,-0.013867746036353613,0.04171303780066431,0.0064797021535501,0.022897801278035715,-0.007168147235648906,0.022897801278035958,0.04163332094157609,0.014522636932986305,,,0.00012203585519908037,0.00034397415459761724,0.022775765422836634,0.04128934678697848,0.023842844353938072,-0.0010670789311014394,0.0413676187202714,-7.827193329291372e-05,-0.0009450430759023591,0.00026570222130470355,0.823104253092573,0.4875201917492311,98.98959690386924,95.24961358542237,0.18729884303819647,4.262866222828408,0.638196077794425,0.9014738269809454,0.9374528126315753,-4.1272219302945645,-2.6718502067835006,-2.8551159069192344,0.8261991760885833,1.1670346450436702,1.2136125061984808,0.5329588361662522,0.3450229235713194,0.3686884971467542,99.17380082391144,140.086391746481,145.67742071220792,99.46704116383374,64.39223259379331,68.80898004454617,99.36180392220561,140.35195256454375,145.95358040577486,104.12722193029455,67.40910572414812,72.03278444861216,-0.18800309829415837,-0.26556081806272475,-0.2761596935669054,-4.660180766460816,-3.01687313035482,-3.2238044040659886
PALOS PARK,17031,17,9070.14,9211.9,11.648996100396287,11.913156277666088,0.0031016853967905434,0.004503472787414163,0.0528320354539602,0.017598699806845995,0.060177205813625345,0.030111257299940724,0.06017720581362518,0.052133420607645815,0.02502273659905603,,,-0.0002342441044851892,-0.00021113955688922164,0.06041144991811053,0.05234456016453504,0.060406880225982805,4.569692127732571e-06,0.055158591096394365,-0.0028140309318593283,-0.00022967441235745664,-0.00302517048874855,0.36288399226346274,0.3862501835627657,94.80066189202691,99.60621475199221,4.836454115709639,0.007535064445020563,-5.802746977828043,-10.263790812025464,-10.673431969976393,-0.3816634708310994,-0.6493414340549614,-0.6938806122757659,-0.40499847205164247,-0.716353756627846,-0.744944360990487,-0.3892571968373971,-0.6622609857322869,-0.7076863328998287,100.40499847205164,177.5944918392085,184.6825175613894,100.3892571968374,170.79681241161907,182.5119891562199,105.80274697782804,187.1419288946061,194.6110051703753,100.3816634708311,170.78389285994177,182.49818343559588,-5.3977485057764,-9.547437055397618,-9.928487608985908,0.0075937260062977205,0.012919551677325534,0.013805720624062719
PARK FOREST,17031,17,21813.420000000002,21216.6,10.948578000792821,11.086327929500788,-0.005548296515414464,-0.004146509124790845,0.027549985741593376,-0.007683349905520831,0.03901515420468218,0.008949205690997556,0.039015154204681934,0.023024613407195117,-0.004086070601394667,,,0.0002577955914976587,-0.0005108652635945663,0.038757358613184516,0.02353547867078969,0.04491180603206261,-0.006154447418878088,0.0276919789956551,-0.0041565003248654146,-0.005896651827380429,-0.004667365588459981,1.5787256205595264,0.5022900498058815,85.57645203125915,87.50635787703801,12.844822348181317,11.991352073156106,-20.27120067519329,-15.835426208661918,-16.46743853700775,-15.113747331217203,-16.67116643257063,-17.81466354202216,-2.218778897868151,-1.7332623791507258,-1.8024391210613468,0.6607575870268401,0.7288463584511353,0.7788388834189659,102.21877889786816,79.8511127344106,83.03807385659847,99.33924241297315,109.57580587122193,117.09175370764714,120.2712006751933,93.95327656392178,97.70307327254486,115.1137473312172,126.9758186622437,135.68525613308827,-18.052421777325137,-14.102163829511191,-14.664999415946403,-15.774504918244045,-17.400012791021766,-18.593502425441123
PARK RIDGE,17031,17,45705.17,45595.52,11.65970027773413,11.939265441126086,-0.00048039090490021864,0.0009213964857234008,0.055913032678391164,0.020679697031276957,0.05437908243263228,0.024313133918947658,0.054379082432632585,0.04697229657045632,0.019861612561866533,,,-0.0016400709010809835,-0.0008301981046691966,0.05601915333371326,0.0478024946751255,0.052620442095847236,0.003398711237866019,0.053528705768516004,-0.0057262110933905055,0.0017586403367850355,-0.006556409198059702,1.381703447070079,2.844420685235805,89.08813072637555,91.26109966650165,9.530165826554375,5.894479648262559,-13.958034153653495,-22.244568607689406,-23.132378093429946,3.2340382700714625,4.972073408410836,5.313114426356087,-1.7674207251585774,-2.8166940377597047,-2.9291119375740204,-3.0159959081928074,-4.636850835617968,-4.954898498865336,101.76742072515854,162.18418349089958,168.6571638880349,103.01599590819279,158.3787979988149,169.2422068936013,113.95803415365347,181.61205806082927,188.8604300438908,96.76596172992853,148.76987375478606,158.97419396837986,-12.190613428494917,-19.4278745699297,-20.20326615585592,6.25003417826427,9.608924244028803,10.268012925221424
PEOTONE,17197,17,6419.5,6259.280000000001,11.353753100035945,11.486484954378614,-0.005055014105256106,-0.008634708205145999,0.026546370868533842,-0.008307052470948956,0.016069822508422534,-0.013996126005262087,0.01606982250842215,0.028910048614326257,0.0017993646057364726,,,-9.77349087920606e-05,0.00013709884327819968,0.016167557417214595,0.028772949771048058,0.01988513409833482,-0.0037175766811202264,0.028095423334426873,0.0006775264366211878,-0.003815311589912287,0.0008146252798993874,0.4742255715552857,0.41237582650408416,97.18220715998484,83.90194159173862,2.3435672684598745,15.685682581757302,2.817792840015161,2.5291416350606983,2.8741677662028122,-23.74208917312311,-11.863005813416168,-11.526624645983182,0.47422557155528583,0.4256464919630063,0.48371329230362237,-0.6081890994180905,-0.30388862452006676,-0.2952717181564149,99.52577442844472,89.33047749077416,101.51696345678445,100.60818909941808,50.27002988072221,48.84459929389365,97.18220715998484,87.22698234767647,99.12650898288527,123.7420891731231,61.82914706961831,60.07595222172042,2.343567268459875,2.103495143097692,2.39045447389919,-23.133900073705018,-11.559117188896101,-11.231352927826768
PLAINFIELD,17197,17,42887.009999999995,44899.82,11.766650736267291,12.034283639689056,0.009172960590528235,0.005593266490638342,0.05352658068435297,0.01867315734487017,0.04881819357132398,0.018752245057639356,0.04881819357132429,0.05306390535277958,0.025953221344189793,,,-0.0006585227264757731,0.00034880528339373127,0.04947671629779975,0.05271510006938585,0.049868256068203214,-0.0003915397704034635,0.053623617204187395,-0.000908517134801552,-0.0010500624968792366,-0.0005597118514078208,0.6355672584940115,1.2932923651712236,97.70899983337294,97.93775103642302,1.6554329081330483,0.7689565984057539,-1.0547882740381493,-1.7377198841745531,-1.9747800631435652,-2.150965490652747,-3.264975143279205,-3.172395221494637,0.6573305923768769,1.0829248570203807,1.2306577354625174,-1.3489289101073831,-2.0475546356695755,-1.989495250926594,99.34266940762313,163.66292290651893,185.98985957113604,101.34892891010739,153.83869947121002,149.4765300397516,101.05478827403813,166.48356764771384,189.19529736974206,102.15096549065275,155.05611997881968,150.65943001031962,-1.7121188664150262,-2.820644741194934,-3.2054377986060825,-0.802036580545364,-1.2174205076096294,-1.1828999705680432
PLANO,17093,17,13292.07,13857.039999999999,11.234898127744279,11.44293657746468,0.008325157987204079,0.004826792923940155,0.0416076899440803,0.013715299863991837,0.055711735633658874,0.025645787119974253,0.05571173563365974,0.04730865024292575,0.020197966234335965,,,0.0,0.0,0.055711735633658874,0.04730865024292575,0.046224092178185176,0.0094876434554737,0.05561468738140103,-0.008306037138475292,0.0094876434554737,-0.008306037138475292,0.0,0.0,87.0057212259969,82.9701168926756,12.994278774003112,17.029883107324398,-17.557121363269772,-34.850236649427416,-29.305430112895124,17.029883107324398,33.45572007833092,28.66358416841083,0.0,0.0,0.0,0.0,0.0,0.0,100.0,198.49630203237965,166.9147778075016,100.0,196.4530224164717,168.31345222847057,117.55712136326974,233.34653868180703,196.22020792039666,82.9701168926756,162.99730233814077,139.64986806005976,-17.557121363269772,-34.850236649427416,-29.305430112895124,17.029883107324398,33.45572007833092,28.66358416841083
PORTAGE PARK,17031,17,64331.33,64518.21,11.149604612564831,11.477026748887276,0.0005801499362416251,0.0019819373268652445,0.06548442726448904,0.030251091617374833,0.05638552624848955,0.026319577734804925,0.056385526248489984,0.057948946771550124,0.03083826276296034,,,-0.0006497442527742738,-0.0012373466750039666,0.05703527050126382,0.05918629344655408,0.056966077404752,6.919309651180652e-05,0.06342289488440811,-0.004236601437854022,-0.0005805511562624673,-0.005473948112857988,1.79594103470469,1.1263657564182044,92.05486365598028,98.75368437998752,6.149195309315021,0.11994986359427574,-9.446156345925873,-18.5719973651792,-19.313229785584728,-1.029610247324807,-1.6413492320730325,-1.7539315225844585,-2.1352358307423778,-4.198066681342525,-4.3656169488796905,-1.152324534333275,-1.8369737426769936,-1.9629741742236178,102.13523583074236,200.8071072800544,208.821578488353,101.15232453433327,161.2515907142622,172.31204821866177,109.44615634592587,215.18103796389107,223.76919132505807,101.02961024732477,161.05596620365822,172.10300556702256,-7.310920515183496,-14.373930683836674,-14.947612836705035,0.122714287008468,0.19562451060396105,0.2090426516391595
POSEN,17031,17,7754.08,7842.780000000001,10.735398928292293,10.943153471207609,0.0022748413790196764,0.0036766287696432956,0.041550908583063165,0.006317572935948958,0.019464937947475825,-0.010601010566208796,0.019464937947475745,0.04165541999781413,0.014544735989224344,,,0.0,0.0,0.019464937947475825,0.04165541999781413,0.013681669424258502,0.005783268523217326,0.04887122531603784,-0.007215805318223708,0.005783268523217326,-0.007215805318223708,0.0,0.0,87.1346276730581,70.28879034280565,12.865372326941896,29.71120965719435,-17.322608483127425,-24.48176610277151,-25.458865032269674,29.711209657194352,16.350606224894676,17.472115690448263,0.0,0.0,0.0,0.0,0.0,0.0,100.0,141.32840401384843,146.96900329455073,100.0,55.03177559428482,58.80647705711141,117.32260848312744,165.81017011661993,172.42786832682043,70.28879034280567,38.68116936939015,41.334361366663146,-17.322608483127425,-24.48176610277151,-25.458865032269674,29.711209657194352,16.350606224894676,17.472115690448263
PRAIRIE GROVE,17111,17,11548.35,11026.27,11.609852442971722,11.79765773648849,-0.009252392435478285,-0.008911203308894033,0.03756105870335382,0.0069766555924913425,0.05710160050030629,0.02703565198662167,0.05710160050030666,0.03546799063766416,0.008357306629074378,,,0.0005038607049240128,-0.0008107869477182103,0.05659773979538228,0.036278777585382366,0.0564528835420149,0.00014485625336738066,0.03647794014115945,-0.00019916255577708648,0.0006487169582913934,-0.0010099495034952967,2.162796986983281,0.8823933138639609,97.30593129389639,98.86392508684952,0.531271719120322,0.2536815992865273,-2.8474956864988323,-3.7860101096362966,-3.5633123352091776,1.1360749131504881,2.3454722540608164,1.9598705645639611,-2.285968088807432,-3.0394069903482013,-2.8606253303082614,0.8823933138639609,1.8217364109355594,1.5222382452000744,102.28596808880741,135.99869917074915,127.99908829986887,99.11760668613604,204.63227704461264,170.99020278115597,102.84749568649883,136.74530229003722,128.7017753047698,98.86392508684952,204.1085412014874,170.55257046179207,-0.5615275976914007,-0.746603119288096,-0.702687004900917,0.2536815992865273,0.5237358431252569,0.4376323193638872
PROSPECT HEIGHTS,17031,17,21380.88,20773.68,11.350462776860505,11.55052608247176,-0.0057620527791353736,-0.004360265388511754,0.0400126611222511,0.004779325475136896,0.03140626194462336,0.0013403134309387423,0.03140626194462328,0.03393092273928139,0.006820238730691604,,,-0.0002068517999442306,0.0023478867318399536,0.03161311374456759,0.03158303600744143,0.032505155284928304,-0.000892041540360712,0.03633309582383261,-0.004750059816391175,-0.0010988933403049425,-0.0024021730845512216,5.406010548229878,0.6155561856582537,83.65697399702117,96.72987813891038,10.937015454748947,2.654565675431379,-7.079598462467562,-8.150086788765124,-8.475367287042495,-3.498962538880145,-3.106819650229494,-3.319920473377886,6.919607668440551,7.965904188065889,8.283833720680898,-0.6586323463421372,-0.58481675443928,-0.6249301004948761,93.08039233155944,107.15484498962755,111.43153335803959,100.65863234634213,89.37741215112626,95.50792574526784,107.07959846246754,123.27083596645858,128.19073436576298,103.49896253888014,91.89941504691647,98.20291611815084,-13.999206130908112,-16.115990976831014,-16.759201007723394,-2.8403301925380084,-2.5220028957902145,-2.69499037288301
PULLMAN,17031,17,6972.07,6845.17,10.74643215700844,10.892165452302491,-0.0036737747379088858,-0.002271987347285266,0.029146659058810087,-0.00608667658830412,0.03438204612351521,0.00431609760983059,0.03438204612351505,0.025855678839021647,-0.0012550051695681373,,,-0.0007720692927354596,-3.019950230652162e-05,0.03515411541625067,0.025885878341328175,0.038048802713347776,-0.0028946872970970995,0.028613788188526664,-0.0027279098471984908,-0.003666756589832559,-0.0027581093495050125,0.09626291259529718,1.8507945371754806,91.20834388113948,91.21009845946617,8.695393206265214,6.939107003358368,-10.667325219643612,-9.357706451685562,-9.731184611640083,-10.664742222321442,-10.36674899016043,-11.077817861832063,-0.11680026850018044,-0.10246079533508967,-0.10655013811441282,-2.245559470084625,-2.1828142568810915,-2.3325363416139613,100.1168002685002,87.82554281456129,91.33077374873756,102.24555947008463,99.38862358683089,106.20581926678443,110.66732521964362,97.08078847091176,100.95540822226323,110.66474222232145,107.57255832011023,114.95110078700255,-10.55052495114343,-9.255245656350473,-9.624634473525669,-8.419182752236816,-8.183934733279338,-8.745281520218102
RICHMOND,17111,17,6816.82,7304.3,11.396856923426157,11.700816433785981,0.013814025675675624,0.014155214802259876,0.0607919020719649,0.030207498961102423,0.049827767106649413,0.019761818592964792,0.04982776710664964,0.059580061042080516,0.03246937703349073,,,0.0,0.0,0.049827767106649413,0.059580061042080516,0.05463618513968061,-0.004808418033031198,0.05908392993456435,0.0004961311075161645,-0.004808418033031198,0.0004961311075161645,0.0,0.0,99.16728667470522,91.9110940667554,0.8327133252947735,8.088905933244607,0.8327133252947735,1.8598527770552031,1.7504539476231078,-9.650077280684577,-17.38510291468973,-14.526947144833741,0.0,0.0,0.0,0.0,0.0,0.0,100.0,223.34850669008222,210.2108726317622,100.0,180.15506414116956,150.53710682618697,99.16728667470522,221.488653913027,208.46041868413909,109.65007728068457,197.54016705585929,165.0640539710207,0.8327133252947735,1.8598527770552031,1.7504539476231078,-9.650077280684577,-17.38510291468973,-14.526947144833741
RICHTON PARK,17031,17,14904.970000000001,14475.919999999998,11.198476038329297,11.205066624697055,-0.005841627016577889,-0.004439839625954269,0.0013181172735517777,-0.03391521837356243,-0.005823001245981179,-0.0358889497596658,-0.005823001245980919,-0.002400659745549258,-0.029511343754139042,,,-0.0010306671955630639,0.0020882454092598685,-0.0047923340504181155,-0.004488905154809126,0.002391630484035529,-0.007183964534453643,0.0011410714638087835,-0.005629976618617909,-0.008214631730016707,-0.0035417312093580402,23.571240880770564,9.71753455423281,12.879937490269954,22.54923021671912,63.54882162895949,67.73323522904808,147.53157818071844,-12.016376723386186,-12.495965850395208,141.07212729322603,-23.22461911647625,-24.817626116629405,-86.98631337203886,7.0849937630068265,7.367765021921495,17.69993087798826,-2.9139289306582485,-3.113799127073839,186.98631337203886,-15.229946099019088,-15.837792933565131,82.30006912201175,-13.549010674840595,-14.47835503747252,-47.531578180718505,3.8714243873739265,4.025937938751575,-41.07212729322605,6.761679510977412,7.2254719520830495,234.5178915527573,-19.101370486393012,-19.863730872316705,123.37219641523775,-20.310690185818004,-21.703826989555566
RIVER FOREST,17031,17,10306.210000000001,10070.46,12.08717056292161,12.223556159315555,-0.00462804805053274,-0.003226260659909121,0.027277119278788932,-0.007956216368325275,0.05224199097570222,0.0221760424620176,0.05224199097570263,0.022138571948535878,-0.004972112060053907,,,2.9115855259674627e-05,-0.00010726021020117413,0.05221287512044255,0.02224583215873705,0.053433675700035044,-0.0012208005795924979,0.03300713758576497,-0.010761305427027905,-0.0011916847243328233,-0.010868565637229079,0.24446379732316637,0.053244225777734154,75.22873745865533,97.71427518556385,24.526798744021498,2.232480588658417,-49.09334559832738,-36.87484210962091,-38.34656472144038,-2.2810859656690274,-3.369161849145553,-3.6002570668290246,-0.48449471108847986,-0.36391217091838973,-0.37843637604080765,0.05573266775612826,0.08231709842639771,0.08796333586813551,100.48449471108847,75.47560329770369,78.48793218263104,99.94426733224387,147.61758986923581,157.74287342407368,149.09334559832746,111.98653323640625,116.45606052803068,102.28108596566902,151.06906881680774,161.43109382677082,-48.6088508872389,-36.51092993870252,-37.96812834539958,-2.3368186334251555,-3.45147894757195,-3.688220402697161
RIVER GROVE,17031,17,11829.41,11090.09,10.969463906504885,11.261081925950922,-0.01290737735884484,-0.01150558996822122,0.05832360388920747,0.023090268242093266,0.05128196775278868,0.021216019239104062,0.0512819677527883,0.0545403804721863,0.02742969646359652,,,-0.002144244618276692,0.00038973532033302155,0.053426212371065374,0.05415064515185329,0.05070468520417219,0.0027215271668931808,0.05786115579592292,-0.003710510644069633,0.0005772825486164888,-0.0033207753237366115,0.6289969388371269,3.8586053353636083,93.38258036791531,91.24395938276506,5.988422693247565,4.897435281871347,-6.08865448863176,-11.266718151368867,-11.716387435784332,1.125702803370092,1.6321081400662338,1.744056571990698,0.7145812276314666,1.3222930128512032,1.3750674361471413,-4.1812838162008505,-6.062263798151898,-6.478082400764842,99.28541877236854,183.72217243358148,191.05476180872492,104.18128381620085,151.04796830027112,161.40854599820807,106.08865448863179,196.31118359780152,204.14621668065638,98.8742971966299,143.35359636205297,153.18640702545252,-6.803235716263227,-12.589011164220071,-13.091454871931473,5.306986619570942,7.694371938218132,8.222138972755541
RIVERDALE,17031,17,20369.32,20041.67,10.591906921845526,10.675762735083469,-0.003243248235681051,-0.0018414608450574314,0.01677116264758851,-0.018462172999525697,-0.00012401383542637095,-0.03018996234911099,-0.00012401383542695043,0.019084458592176917,-0.008026225416412867,,,-0.002029333236732655,-0.0019045712616139793,0.0019053194013062841,0.0209890298537909,0.005323581610795445,-0.003418262209489163,0.01929923671829937,0.0016897931354915292,-0.005447595446221818,-0.00021477812612245004,8.319229692232264,18.840403662388734,84.29969850969887,49.42432551814019,7.381071798068868,31.73527081947108,-1.125408536401927,-0.7286986851546271,-0.757781991571426,4392.732010499058,-15.401582626869006,-16.457997322627516,-9.979697628910989,-6.461824577658086,-6.719724348897216,1636.3764815075842,-5.737383370614715,-6.130917999799122,109.979697628911,71.21152760411358,74.05367171650389,-1536.3764815075842,5.386768250228183,5.756253729743691,101.12540853640193,65.47840171161013,68.0917293591781,-4292.732010499057,15.050967506482468,16.08333305257208,8.854289092509061,5.733125892503459,5.961942357325789,2756.355528991474,-9.66419925625429,-10.327079322828396
RIVERSIDE,17031,17,8936.52,8693.55,11.774179535384889,11.933688704538051,-0.00551297605315817,-0.004111188662534551,0.0319018338306325,-0.0033315018164817092,0.03939519661761685,0.009329248103932226,0.0393951966176175,0.03149278896016129,0.004382104951571507,,,-0.0010863592990297344,-0.0007991563407498969,0.04048155591664658,0.03229194530091119,0.039635705633506185,0.0008458502831404082,0.03670136386208431,-0.004409418561173115,-0.00024050901588932617,-0.005208574901923012,1.9068420625711353,2.6134563001130267,87.57198159784431,95.35168032328583,10.521176339584558,2.034863376601135,-16.53894454540661,-17.67163980375169,-18.376937790107675,-0.6105034027975246,-0.679973305157135,-0.7266135634795693,-2.537585165165391,-2.711375619346939,-2.81959012495123,-2.7575932913200223,-3.0713830848210644,-3.282053267601409,102.53758516516538,109.56003065434834,113.93271309150433,102.75759329132002,114.45050104571644,122.3008105996638,116.53894454540664,124.5202948387531,129.4900607566608,100.61050340279756,112.05909126605253,119.74537089554201,-14.00135938024122,-14.960264184404753,-15.557347665156446,2.1470898885224976,2.3914097796639293,2.55543970412184
RIVERWOODS,17097,17,9589.43,10039.3,11.932516348702269,12.01818035081108,0.009169188100392845,0.009486696452281132,0.01713280042176244,-0.010907412685033625,-0.0052795753758281974,-0.03534552388951282,-0.005279575375827861,0.012987547033033906,-0.014123136975555879,,,-0.0008768573922386221,-0.009069170447451773,-0.004402717983589576,0.02205671748048568,0.002263428819422802,-0.006666146803012377,0.019701260835353847,0.0023554566451318374,-0.007543004195250998,-0.006713713802319936,29.137065803387475,8.94165483949711,63.29541788804912,23.08106134040719,7.5675163085634125,67.9772838200957,-51.693470562559376,-26.308636249919992,-23.687381521626886,142.8714178376086,-26.514698347819454,-22.788539287752783,-69.82974093864132,-35.538825963669325,-31.997923474071925,16.60848325517222,-3.0822744688250863,-2.649116799559379,169.82974093864132,86.43236428410636,77.82069618375186,83.39151674482778,-15.476159925629343,-13.301266861961247,151.6934705625594,77.20217457035704,69.51015423130683,-42.87141783760861,7.956263953365027,6.838155626232163,18.136270376081942,9.230189713749331,8.31054195244504,126.26293458243639,-23.432423878994367,-20.139422488193407
ROBBINS,17031,17,6755.07,6496.5599999999995,10.73133264482492,10.729847273884591,-0.007804105602488676,-0.0064023182118650565,-0.00029707418806594886,-0.03553040983518015,0.02184163406227641,-0.008224314451408213,0.02184163406227597,-0.013164914799215555,-0.04027559880780534,,,8.714472454687426e-05,0.00015946768842322318,0.021754489337729534,-0.013324382487638776,0.02650041177245744,-0.004745922434727907,0.00584936343300787,-0.019173745920646648,-0.004658777710181033,-0.019014278232223424,0.633246105657763,0.2781201689628551,23.227819072027966,84.57538925120693,76.13893482231427,15.146490579830216,144.43145680940077,-64.51159527803128,-67.08633643117248,-21.3298038823359,-13.17141673824784,-14.074861438922301,-1.211308169140033,0.5410415714885226,0.5626352399394107,0.39898445463558757,0.2463778173056672,0.2632771940266376,101.21130816914001,-45.20693133203017,-47.01119839450419,99.60101554536442,61.50485445330908,65.72355286106956,-44.43145680940078,19.845705517489627,20.637773276607696,121.3298038823359,74.92264900886258,80.0616914940185,145.6427649785408,-65.05263684951981,-67.6489716711119,-21.728788336971483,-13.417794555553508,-14.338138632948938
ROCKDALE,17197,17,2379.8900000000003,2373.38,11.090074231165257,11.103540921193423,-0.0005478337288140622,-0.004127527828703955,0.0026933380056330947,-0.0321600853338497,0.0004146862532471247,-0.029651262260437496,0.00041468625324725394,0.0025955192806997114,-0.024515164727890074,,,0.0,0.0,0.0004146862532471247,0.0025955192806997114,0.00042058121742447746,-5.894964177352739e-06,0.0022971600470340827,0.0002983592336656286,-5.894964177352739e-06,0.0002983592336656286,0.0,0.0,88.50483462464607,98.61775066658788,11.49516537535393,1.3822493334121149,11.49516537535393,0.9263065837605026,1.0526735583956282,-1.4215480091739965,-0.01832930093854361,-0.01780956489989437,0.0,0.0,0.0,0.0,0.0,0.0,100.0,8.05822755492095,9.157532962967197,100.0,1.2893902154732022,1.2528289431633604,88.50483462464607,7.131920971160448,8.104859404571569,101.421548009174,1.3077195164117459,1.2706385080632547,11.49516537535393,0.9263065837605026,1.0526735583956282,-1.4215480091739965,-0.01832930093854361,-0.01780956489989437
ROGERS PARK,17031,17,51765.74,51972.68,10.946617420613459,11.06584018225066,0.0007979310827934682,0.0021997184734170875,0.023844552327440382,-0.011388783319673825,0.01833836313617984,-0.01172758537750478,0.018338363136179224,0.015423449129795316,-0.011687234878794469,,,-0.00022403000430914745,-0.0015964859941004206,0.01856239314048899,0.017019935123895734,0.020632588908264922,-0.0020701957677759304,0.022491854577579535,-0.0054719194536837976,-0.0022942257720850777,-0.007068405447784218,5.400784677572453,0.9771527682001023,76.08814860992672,89.99326420145314,18.511066712500824,9.029583030346748,-45.82895426503101,-23.981668193732197,-24.93880756927027,-12.510526457831938,-6.4862943921371885,-6.931197807771608,-10.351030957247417,-5.4165536582877944,-5.632735316051579,-1.2216466793983245,-0.6333834177532753,-0.6768280147648187,110.3510309572474,57.7451930050315,60.04987829742524,101.22164667939832,52.480077591655025,56.07975475117314,145.82895426503103,76.31030754047592,79.35595055064394,112.51052645783194,58.332988566038956,62.334124544179936,-35.477923307783584,-18.5651145354444,-19.30607225321869,-11.288879778433614,-5.8529109743839145,-6.25436979300679
ROLLING MEADOWS,17031,17,25145.019999999997,24545.739999999998,11.478382781006102,11.706350201241529,-0.004824309849671593,-0.003422522459047974,0.0455934840470853,0.01036014839997109,0.04667083234886256,0.016604883835177938,0.0466708323488632,0.044719388905750695,0.01760870489716091,,,-0.00022438756622914215,-0.005677084701149642,0.0468952199150917,0.05039647360690034,0.04629138395964846,0.000603835955443227,0.052794752992386736,-0.0023982793854864055,0.0003794483892140848,-0.008075364086636047,9.32655459456327,0.4762084792792341,86.73345070759031,98.24229537141052,3.9399946978464198,1.2814961493102417,-18.057858759330216,-27.398074926502,-28.491567510681413,0.8130311162606306,1.0727862920082032,1.146370106849973,-12.694906706159387,-19.261198670113444,-20.029938005438144,-0.48078758174239167,-0.634394326053898,-0.6779082625879252,112.69490670615939,170.9850286748522,177.809262178966,100.48078758174239,132.58337764938142,141.67744492515334,118.05785875933019,179.12190493124072,186.27089168420923,99.18696888373934,130.8761970313193,139.85316655571543,-5.36295205317083,-8.136876256388557,-8.461629505243272,1.2938186980030224,1.7071806180621012,1.8242783694378983
ROMEOVILLE,17197,17,44801.93,45495.189999999995,11.222728678771146,11.395978609703327,0.0030710774465781297,-0.0005086166533117636,0.03464998618643626,-0.00020343715304653454,0.028597351958969588,-0.0014685965547150334,0.02859735195896924,0.033830422764760684,0.0067197387561709,,,-0.0008509378035786478,-0.0004076570969114861,0.029448289762548235,0.03423807986167217,0.03132329563094392,-0.0018750058683956955,0.03604002850440652,-0.0018019486427343424,-0.002725943671974343,-0.0022096057396458284,1.065780379259117,2.4991389558171897,94.22319772903603,91.99411285602285,4.711021891704854,5.5067481881599445,-6.5314162788041035,-6.860093850632238,-7.795949560626371,-9.532154151494254,-8.47581773220784,-8.23548189249301,-1.2050014856335771,-1.2656402422892559,-1.4382991990520113,-2.975582511274266,-2.6458337341043117,-2.5708098612081987,101.20500148563359,106.29789600119359,120.79908142213523,102.97558251127425,91.56401106843933,88.96767002111257,106.53141627880412,111.8923496095366,127.1567317837096,109.53215415149423,97.39399506654284,94.63234205239736,-5.326414793170526,-5.594453608342983,-6.35765036157436,-6.55657164021999,-5.829983998103529,-5.6646720312848124
ROSELAND,17031,17,43582.82,38618.9,10.798089381979901,10.93906304447725,-0.024184248412325714,-0.022782461021702095,0.028194732499469667,-0.00703860314764454,0.02403695791618502,-0.0060289905974996,0.024036957916185386,0.017399170561719073,-0.009711513446870712,,,0.0018188338262712215,-0.003819613750203543,0.0222181240899138,0.021218784311922607,0.024562750424490652,-0.0023446263345768426,0.0258044334298226,-0.004585649117899978,-0.0005257925083056211,-0.00840526286810352,11.16529570136844,6.331617673232256,75.4301739632425,85.50640660215375,13.40453033538907,8.161975724613997,-48.30841124459362,-28.51735468105394,-29.65551916698222,-2.187433660028936,-1.4865341674507286,-1.5884974902005897,-21.952849629552443,-12.959175907815695,-13.476393368906939,7.566822027202242,5.142253997456602,5.494967924579846,121.95284962955239,71.99103795077497,74.86429332867029,92.43317797279776,62.81565460632087,67.12426251094232,148.30841124459366,87.54921672401326,91.04341912674562,102.18743366002899,69.44444277122824,74.20772792572278,-26.355561615041186,-15.558178773238247,-16.17912579807528,-9.75425568723118,-6.6287881649073315,-7.083465414780436
ROSELLE,17043,17,20992.93,21253.03,11.453526035605694,11.553955463859324,0.0024627518138345293,0.0021193627685325983,0.020085885650726,-0.01004713906291076,0.02128462532754852,-0.0087813231861361,0.021284625327547955,0.016941692152641217,-0.010168991855948568,,,0.00024589054556720303,-0.001356891247103232,0.021038734781981316,0.018298583399744453,0.01954374698449375,0.001494987797487564,0.020600210182365006,-0.0023016267826205467,0.001740878343054767,-0.0036585180297237785,5.593414606240802,1.1552495840692523,84.91875584845936,91.82095847935099,9.487829545299837,7.023791936579748,-21.594761590290222,-13.50631873240194,-12.908014092568568,8.179041520649001,5.815386149832273,5.2594527974515355,-8.009183704189148,-5.0092976226131345,-4.787395113920987,1.1552495840692523,0.8213948313912872,0.7428719662747998,108.00918370418917,67.55371922194612,64.56121590188687,98.84475041593073,70.27967654904627,63.561151728596975,121.59476159029028,76.05074033173496,72.68183488053448,91.82095847935099,65.28568523060528,59.044570897420236,-13.585577886101078,-8.497021109788806,-8.12061897864758,7.023791936579748,4.993991318440985,4.516580831176735
ROSEMONT,17031,17,2589.49,2298.8199999999997,11.188589636634216,11.33297609232133,-0.023812999463994622,-0.022411212073371004,0.028877291137422746,-0.006356044509691461,0.04601308803267302,0.015947139518988396,0.046013088032673365,0.03028846697630897,0.0031777829677191866,,,0.0,0.0,0.04601308803267302,0.03028846697630897,0.043642601812000976,0.0023704862206720386,0.03175547514720686,-0.0014670081708978945,0.0023704862206720386,-0.0014670081708978945,0.0,0.0,95.58429104515966,94.84823487832679,4.415708954840354,5.15176512167321,-4.843454678790309,-4.977261625957777,-5.175910570896642,5.15176512167321,6.7018999031684405,7.161591982790064,0.0,0.0,0.0,0.0,0.0,0.0,100.0,102.76263444258937,106.86402401084025,100.0,130.08939159461858,139.01239310506637,104.84345467879031,107.73989606854715,112.03993458173689,94.84823487832679,123.38749169145011,131.8508011222763,-4.843454678790309,-4.977261625957777,-5.175910570896642,5.15176512167321,6.7018999031684405,7.161591982790064
ROUND LAKE,17097,17,21098.980000000003,20925.88,11.417881199828408,11.489669502372946,-0.001647605526376239,-0.0013300971744879527,0.014357660508907698,-0.013682552597888368,0.016539215151192832,-0.01352673336249179,0.016539215151193075,0.014760099573933583,-0.012350584434656201,,,0.001534221104581605,0.0002534675262987501,0.015004994046611226,0.014506632047634834,0.014920229398235582,8.47646483756446e-05,0.014502872051290538,3.759996344297819e-06,0.0016189857529572496,0.0002572275226430479,1.7172480783691668,9.276263054543762,98.25727786350905,90.21122986697173,0.02547405812178932,0.5125070784845026,1.7427221364909564,1.007982396322219,0.9075523095136006,9.788770133028265,5.690957840923009,4.891197125517524,1.717248078369167,0.9932483193216506,0.8942862587777874,9.276263054543762,5.392998430579023,4.63511049614284,98.28275192163083,56.84628761219715,51.18242123866612,90.72373694545624,52.74462012194129,45.33232217462902,98.25727786350906,56.8315535351966,51.169155187930315,90.21122986697173,52.4466607115973,45.07623554525434,0.025474058121789326,0.01473407700056832,0.013266050735813079,0.5125070784845026,0.2979594103439861,0.2560866293746838
ROUND LAKE BEACH,17097,17,28238.989999999998,28045.14,11.088530143782576,11.278887483723263,-0.0013776584375843725,-0.0010601500856960862,0.03807146798813754,0.010031254881341475,0.043694125319637886,0.013628176805953265,0.04369412531963803,0.033604963673128596,0.0064942796645388115,,,-0.0008471277059590608,-0.001020326087066785,0.044541253025596944,0.03462528976019539,0.05090301971579755,-0.006361766690200603,0.04030348929309881,-0.0056781995329034255,-0.007208894396159664,-0.006698525619970211,2.1708135043867682,1.4577521991910336,85.74842880170299,87.59480821390403,12.080757693910243,10.947439586904942,-19.933143463941686,-26.249119211139117,-23.63379444887832,-16.498543782314137,-25.340256400201987,-21.779143815348075,-3.0362362447148374,-3.998291954546597,-3.599923084667094,-1.938767968833393,-2.977770528051175,-2.5592989887432465,103.03623624471486,135.6840908282807,122.16523864380598,101.93876796883339,156.56863730118937,134.56576030258694,119.93314346394169,157.93491808487317,142.19911000801716,116.49854378231413,178.93112317334018,153.78560512919177,-16.896907219226847,-22.25082725659252,-20.033871364211222,-14.559775813480744,-22.36248587215081,-19.21984482660483
ROUND LAKE PARK,17097,17,5817.76,6194.39,11.034332341467184,11.323331373440094,0.01254574715893284,0.012863255510821127,0.05779980639458202,0.029759593287785956,0.05433359477943081,0.02426764626574619,0.05433359477943114,0.06160456678651875,0.03449388277792897,,,0.0,0.0,0.05433359477943081,0.06160456678651875,0.06525878617930303,-0.010925191399872207,0.06259807302496256,-0.0009935062384438227,-0.010925191399872207,-0.0009935062384438227,0.0,0.0,98.43767641887212,85.65946312199563,1.5623235811278764,14.340536878004373,-1.6127152421778523,-3.893194587802186,-3.505297069112952,-20.107617477222732,-38.40355206777976,-33.00663064710413,0.0,0.0,0.0,0.0,0.0,0.0,100.0,241.40620030010473,217.35375083200105,100.0,190.99006688028595,164.1498834185253,101.61271524217783,245.29939488790689,220.85904790111397,120.10761747722276,229.39361894806575,197.15651406562947,-1.6127152421778523,-3.893194587802186,-3.505297069112952,-20.107617477222732,-38.40355206777976,-33.00663064710413
SAUK VILLAGE,17031,17,10597.67,10441.18,10.894525710918098,10.949548436907317,-0.0029753125495705747,-0.0015735251589469553,0.011004545197843996,-0.02422879044927021,0.0006376220669696889,-0.029428326446714934,0.0006376220669697119,0.0034355691267471586,-0.023675114881842627,,,-0.003312049193746255,-0.0011917082624164563,0.003949671260715944,0.004627277389163615,0.01742594579633111,-0.013476274535615161,0.014192964137470815,-0.009565686748307198,-0.016788323729361416,-0.010757395010723654,4.776317067574934,9.68031537618869,56.88480896475547,50.93180721933999,38.33887396766959,39.38787740447131,-313.1182815380838,-36.49766268811811,-37.954331581695534,-2632.958393229432,-47.46438270553195,-50.720026792896974,-34.68736091317659,-4.043224790105878,-4.204595117620185,-519.4376677530676,-9.363911073300493,-10.006193980665673,134.6873609131766,15.699415067095185,16.325999014977498,619.4376677530676,11.166612658999115,11.932545225839995,413.1182815380838,48.15385296510743,50.07573547905285,2732.958393229433,49.26708429123059,52.64637803807132,-278.4309206249072,-32.45443789801224,-33.74973646407535,-2113.5207254763645,-38.10047163223146,-40.71383281223131
SCHAUMBURG,17031,17,81632.96,80276.45,11.446250685463175,11.585927785731624,-0.0033513598526273116,-0.0019495724620036921,0.027935420053689698,-0.0072979155934245095,0.02902704230332731,-0.0010389062103573106,0.029027042303327023,0.022113433184346498,-0.004997250824243286,,,-0.0011183143382882872,-0.00501685657904285,0.0301453566416156,0.027130289763389354,0.03071820211522836,-0.000572845473612762,0.02896947443630534,-0.001839184672915989,-0.0016911598119010492,-0.006856041251958839,14.003585105925737,3.450590421381182,80.86268649524351,94.78187871855198,5.1337283988307645,1.767530860066829,-31.003965756036678,-23.26115948520735,-24.189542426882017,-5.826152710388943,-4.781290724570754,-5.109245708711057,-22.686918567643072,-17.021178360936165,-17.700515590344025,-3.8526637561006245,-3.161727197621654,-3.378594201258013,122.68691856764309,92.04757875191922,95.72131659762213,103.85266375610063,85.22773133865564,91.07361289859618,131.0039657560367,98.2875598761904,102.21034343416011,105.82615271038895,86.84729486560475,92.80426440604921,-8.317047188393605,-6.239981124271185,-6.489026836537992,-1.9734889542883185,-1.6195635269490998,-1.7306515074530442
SCHILLER PARK,17031,17,11836.119999999999,11616.95,11.030570887113083,11.127879525415587,-0.00373812691240083,-0.0023363395217772106,0.019461727660500826,-0.01577160798661338,0.00665880947517065,-0.02340713903851397,0.006658809475170102,0.013686606459306572,-0.013424077549283212,,,-0.0011857902773776453,0.0007739718078006525,0.007844599752548295,0.012912634651505921,0.006410056934803336,0.0014345428177449627,0.01976448686037551,-0.006851852208869593,0.0002487525403673174,-0.00607788040106894,2.825713849232992,13.131108107712262,72.15868030522789,70.98316809751243,25.015605845539106,15.885723794775306,-44.40750465895162,-20.621017310957306,-21.44402876589554,3.7356909113388084,0.7032796105973553,0.751518478891724,5.654957714330785,2.625929599411534,2.7307338439154503,-17.807842104496558,-3.352496916384653,-3.5824490645343667,94.34504228566922,43.809954311035895,45.55846621491486,117.80784210449656,22.17845514710219,23.699704392341786,144.40750465895164,67.05690122140471,69.73322882472584,96.26430908866125,18.12267862012019,19.365736848915706,-50.062462373282415,-23.24694691036884,-24.17476260981099,21.54353301583537,4.055776526982009,4.33396754342609
SHOREWOOD,17197,17,27246.25,28868.59,11.574015840789729,11.727864785647897,0.011567651179131389,0.007987957079241496,0.030769788971633717,-0.00408363436784908,0.02587723384842425,-0.004188714665260371,0.025877233848424552,0.027222673181992417,0.00011198917340263237,,,0.0008728318356587623,0.0007646652506232379,0.02500440201276549,0.026458007931369175,0.025907756372670572,-0.0009033543599050803,0.028149206377483294,-0.0016911984461141206,-3.052252424631807e-05,-0.0009265331954908827,2.4984920758842923,3.152845132182444,91.97563119188547,93.58405620447319,5.525876732230244,3.26309866334437,-3.4035349478602166,-2.8765786414966703,-3.269002215504148,-0.11795126335799098,-0.09490414453476696,-0.0922130924156885,2.808927857713319,2.374032294301267,2.697898370583525,3.3729719365345217,2.7139091779375866,2.6369549934804475,97.19107214228666,82.14334994398482,93.34936618180049,96.62702806346547,77.74656393011699,75.54202316278975,103.40353494786018,87.39396087978274,99.31626676788815,100.11795126335801,80.55537725258935,78.2711912486859,-6.212462805573535,-5.250610935797937,-5.9669005860876725,-3.4909231998925128,-2.8088133224723535,-2.7291680858961365
SKOKIE,17031,17,63391.28,62210.11,11.474036212493633,11.584064126996905,-0.0037617571643508542,-0.002359969773727235,0.022005582900654373,-0.013227752746459834,0.02507519170274763,-0.00499075681093699,0.02507519170274648,0.015151551765487348,-0.011959132243102437,,,-0.0009665784816941872,-0.00026175084085484945,0.026041770184441818,0.0154133026063422,0.03058471986317388,-0.004542949678732062,0.025751304243526507,-0.010338001637184308,-0.005509528160426249,-0.010599752478039157,0.7200639113733465,2.67792940598788,70.8405932756537,84.73571701279423,28.439342812972964,12.586353581217887,-69.95819729952404,-35.96281350042129,-37.39813587158902,-21.972028073558214,-15.576680396984694,-16.645105277801854,-1.7275513749758176,-0.8880675933465538,-0.9235115188843726,-3.8547202077353364,-2.7327356625740973,-2.920177575753219,101.72755137497585,52.2942142475371,54.381343931960956,103.85472020773534,73.6259656586259,78.67606693688627,169.95819729952407,87.36896015461184,90.85596828466561,121.9720280735582,86.4699103930365,92.40099463893489,-68.23064592454823,-35.07474590707474,-36.47462435270465,-18.117307865822877,-12.843944734410595,-13.724927702048634
SOUTH BARRINGTON,17031,17,7836.04,7274.200000000001,12.035073982496856,12.205342138224843,-0.014879952667867968,-0.013478165277244348,0.03405363114559741,-0.001179704501516797,0.031726002191745505,0.0016600536780608834,0.03172600219174519,0.02568612370689045,-0.001424560301699334,,,0.0,0.0,0.031726002191745505,0.02568612370689045,0.032471177590580456,-0.0007451753988349487,0.030700356645941528,-0.00501423293905108,-0.0007451753988349487,-0.00501423293905108,0.0,0.0,85.96026722603561,97.7566007951794,14.039732773964392,2.2433992048205993,-19.521174141608544,-17.012276881782597,-17.69125884165167,-2.348784427143578,-2.1067791450311026,-2.2512858819975787,0.0,0.0,0.0,0.0,0.0,0.0,100.0,87.1478157941415,90.62599776692485,100.0,89.69657328634518,95.84897856017504,119.52117414160853,104.16009267592408,108.31725660857651,102.34878442714358,91.8033524313763,98.10026444217263,-19.521174141608544,-17.012276881782597,-17.69125884165167,-2.348784427143578,-2.1067791450311026,-2.2512858819975787
SOUTH CHICAGO,17031,17,28403.309999999998,29764.969999999998,10.663356618515973,10.809922789377575,0.00936530220761469,0.01076708959823831,0.029313234172320436,-0.005920101474793771,0.039961872757450355,0.009895924243765734,0.03996187275745093,0.012902436259172735,-0.01420824774941705,,,0.007463380098620721,-0.001372042193510794,0.032498492658829634,0.01427447845268353,0.0324022730342111,9.621962461853534e-05,0.019168592970024042,-0.00489411451734051,0.007559599723239257,-0.006266156710851303,5.394360906734014,18.67625209639174,75.36379642232967,81.08296933649119,19.24184267093631,0.24077856711706905,-48.56568623926742,-21.259800700407098,-22.108306826088956,18.91703066350881,21.37269569903092,22.838676849892753,-10.6339776918903,-4.655061297154504,-4.840850810505139,18.67625209639174,21.10066108972151,22.54798303094289,110.6339776918903,48.430414528378165,50.363334971788234,81.32374790360825,91.88057829822918,98.18278733223491,148.56568623926745,65.03515393163077,67.63079098737205,81.08296933649119,91.60854368891978,97.89209351328508,-37.93170854737713,-16.604739403252594,-17.267456015583814,0.24077856711706905,0.2720346093094133,0.29069381894985863
SOUTH CHICAGO HEIGHTS,17031,17,4030.2000000000003,3967.83,10.673131431602613,10.81153032102126,-0.003119331351164334,-0.0017175439605407147,0.02767977788372953,-0.007553557763384677,0.010005946389198552,-0.020060002124486068,0.010005946389198783,0.02950381468503885,0.0023931306764490637,,,0.0,0.0,0.010005946389198552,0.02950381468503885,0.012027049912944322,-0.0020211035237457683,0.030494900361320635,-0.0009910856762817756,-0.0020211035237457683,-0.0009910856762817756,0.0,0.0,96.85229589094601,85.61303068866563,3.1477041090539872,14.386969311334372,-3.3591780820950836,-3.3625529853555456,-3.496756821327976,-20.199024111577845,-5.714116113379074,-6.106054810958968,0.0,0.0,0.0,0.0,0.0,0.0,100.0,100.10046812577309,104.09560719529006,100.0,28.28907021356447,30.229454538147948,103.35917808209511,103.46302111112868,107.59236401661805,120.19902411157786,34.00318632694355,36.33550934910693,-3.3591780820950836,-3.3625529853555456,-3.496756821327976,-20.199024111577845,-5.714116113379074,-6.106054810958968
SOUTH DEERING,17031,17,15499.720000000001,15383.21,10.715827321758049,10.825406966949313,-0.0015090608664142025,-0.00010727347579058311,0.02191592903825281,-0.013317406608861396,0.019220827835234468,-0.010845120678450153,0.019220827835235,0.011380705015421894,-0.01572997899316789,,,0.003398500956654951,-0.0014451451046506635,0.015822326878579516,0.012825850120072556,0.017820719892864163,-0.00199839301428465,0.022629415502063554,-0.009803565381990998,0.001400107942370301,-0.011248710486641661,4.265717369173451,14.637597888356693,66.7965385972296,76.75517388393924,28.93774403359694,8.607228227704065,-98.84019022897643,-38.16459659689733,-39.687794977398816,7.284326951848073,3.9584213574279596,4.229934655463706,-12.698203693816506,-4.903084669880216,-5.098773116623299,17.68134539150818,9.60832973155461,10.267377634359075,112.6982036938165,43.51551197145053,45.252272300970034,82.31865460849181,44.73329144490407,47.801606410770134,198.8401902289764,76.77702389846765,79.84129416174555,92.7156730481519,50.38319981903071,53.839049389665504,-86.14198653515992,-33.26151192701712,-34.58902186077552,-10.397018439660107,-5.64990837412665,-6.0374429788953705
SOUTH ELGIN,17089,17,22247.58,22099.850000000002,11.73131133965679,11.885585686609742,-0.0013324834963423626,-0.004702941733773859,0.030854869390590522,0.003614954127685508,0.02664917720091105,-0.00341677131277357,0.02664917720091111,0.030261689110760867,0.0031510051021710825,,,-0.000895456413599488,0.0006984733378392942,0.02754463361451054,0.02956321577292157,0.02974056786149939,-0.0021959342469888518,0.03147683620385332,-0.0019136204309317484,-0.0030913906605883395,-0.001215147093092454,2.048974075748972,2.7273926195937075,92.33741343342626,90.5842027105736,5.6136124908247655,6.688404669832702,-4.015463540864793,-5.33495836380251,-4.2872921972084335,-11.600323106721113,-12.816538280866702,-9.339551682466643,2.3081108767022576,3.066563872621866,2.4643595070088327,-3.360165332117177,-3.712455869799794,-2.705307213620489,97.69188912329774,129.79377241257677,104.3051866133152,103.36016533211718,114.19677740943798,83.21644122725324,104.01546354086477,138.19529464900114,111.05683831753245,111.60032310672112,123.3008598205049,89.8506856960994,-6.323574417567052,-8.401522236424377,-6.751651704217265,-8.240157774603937,-9.104082411066909,-6.6342444688461555
SOUTH HOLLAND,17031,17,24978.37,24646.12,11.196832621417776,11.271985724340182,-0.002678153183664733,-0.0012763657930411137,0.015030620584481014,-0.020202715062633193,0.006776409858369251,-0.02328953865531537,0.006776409858368737,0.004445611788982778,-0.022665072219607008,,,0.0003092292643976119,-0.003420996062865762,0.0064671805939716396,0.007866607851848537,0.006955228239352406,-0.0004880476453807672,0.010097011657152233,-0.002230403805303697,-0.0001788183809831553,-0.00565139986816946,21.722800787655196,3.988765675728482,64.11447682147093,89.7158802936394,14.162722390873874,6.295354030632117,-127.1231078290483,-19.17405523349363,-19.93931656162405,-2.638836562730993,-0.5055599478895052,-0.5402369659256674,-76.95219972521569,-11.606746822570702,-12.06998709076386,4.563319971204165,0.8742609676658091,0.9342276708641526,176.95219972521565,26.68980729909584,27.75503200678172,95.43668002879583,18.28418010555812,19.538315932463963,227.1231078290482,34.25711571001876,35.624361477641905,102.63883656273099,19.664001021113435,21.01278056925378,-50.17090810383258,-7.567308410922924,-7.869329470860189,-7.202156533935157,-1.3798209155553143,-1.47446463678982
SOUTH LAWNDALE,17031,17,64704.5,62789.049999999996,10.572839794509107,10.783215171787578,-0.0060100111303707845,-0.004608223739747165,0.04207507545569413,0.006841739808579925,0.03555977711909227,0.00549382860540765,0.03555977711909257,0.031694971070655414,0.00458428706206563,,,-0.0008575901230096099,-0.001994822956164734,0.03641736724210188,0.033689794026820145,0.037412699531186075,-0.0009953322890842065,0.03813216463959393,-0.004442370612773781,-0.0018529224120938164,-0.006437193568938515,4.475772226360759,2.184073702559503,85.5569076430942,95.28105676061772,9.967320130545037,2.534869536822789,-20.30982629575059,-21.840094121581995,-22.711760507771388,-5.210725606879494,-5.238630128239944,-5.597954620221779,-6.293815355495395,-6.768030299532282,-7.038151136922992,-2.4116858779442807,-2.4246009583328814,-2.590907509145688,106.29381535549538,114.30264828960135,118.86461472673398,102.41168587794427,102.960121794886,110.0222912080118,120.3098262957506,129.3747121116511,134.53822409758237,105.21072560687945,105.77415096479304,113.02933831908784,-14.01601094025519,-15.072063822049708,-15.673609370848396,-2.7990397289352136,-2.8140291699070623,-3.007047111076091
SOUTH SHORE,17031,17,47850.76,49177.88,10.609169081998829,10.804331886148953,0.0054713856328863384,0.006873173023509958,0.03903256083002482,0.0037992251829106136,0.02610606940366203,-0.003959879110022591,0.026106069403661537,0.028232562926867835,0.0011218789182780506,,,-0.0017512058438912043,0.0010528196038842204,0.027857275247553236,0.027179743322983604,0.02694478320327546,0.0009124920442777802,0.03579296546701925,-0.008613222144035652,-0.0008387137996134241,-0.007560402540151431,2.315975795305609,5.914541304846692,78.73679532371457,91.0035983273094,18.947228880979836,3.081860367843896,-26.779015988507687,-25.65091468908289,-26.674675849864265,-3.21271573535223,-2.3712333290094727,-2.5338793243286712,3.729096811406706,3.5720036993807027,3.7145669840790743,-6.708041018406064,-4.9510544179730225,-5.290653715873883,96.27090318859327,92.21536466430771,95.89579906264866,106.70804101840608,78.75880849085243,84.16097817210425,126.77901598850765,121.43828305277128,126.28504189659199,103.21271573535225,76.17898740188889,81.40420378055904,-30.508112799914393,-29.222918388463587,-30.389242833943342,3.4953252830538344,2.57982108896355,2.7567743915452114
SPRING GROVE,17111,17,6838.88,6510.61,11.672684758306229,11.694826946046685,-0.009838164341891087,-0.009496975215306834,0.004428437548091324,-0.026155965562771152,0.01539028721252296,-0.014675661301161661,0.01539028721252258,0.00048665426995767876,-0.026624029738632107,,,0.0,0.0,0.01539028721252296,0.00048665426995767876,0.013081694065465162,0.0023085931470577968,0.00273896811602888,-0.0022523138460712007,0.0023085931470577968,-0.0022523138460712007,0.0,0.0,54.87504286126244,84.99967469626354,45.124957138737564,15.00032530373645,-462.8160041145986,-8.443276581440577,-7.946632661031167,15.00032530373645,8.346846961732712,6.974603787743596,0.0,0.0,0.0,0.0,0.0,0.0,100.0,1.82432683968939,1.7170176896180727,100.0,55.64443965527591,46.49635022252672,562.8160041145989,10.26760342112997,9.663650350649242,84.99967469626354,47.2975926935432,39.521746434783125,-462.8160041145986,-8.443276581440577,-7.946632661031167,15.00032530373645,8.346846961732712,6.974603787743596
ST. CHARLES,17089,17,38964.9,38682.95,11.771059055219247,11.885757707427738,-0.0014524612810006942,-0.004822919518432191,0.022939730441698104,-0.00430018482120691,0.02303072256250305,-0.00703522595118157,0.02303072256250367,0.018548888260866522,-0.008561795747723262,,,-0.0013702729212946845,-0.001763236293497671,0.024400995483797736,0.020312124554364198,0.026223642165436874,-0.0018226466816391373,0.022603416857757873,-0.002291292303393678,-0.0031929196029338216,-0.004054528596891349,6.614299277104109,4.658168184590596,84.79054357812774,89.14584366427583,8.595157144768146,6.195988151133574,-21.858607048948492,-17.800924161546085,-14.305221907392704,-13.863740463498534,-13.23746520957106,-9.646285741151203,-9.505886653151364,-7.741278619542256,-6.22106512530012,-5.949760879520398,-5.680988680889014,-4.139798612537907,109.50588665315139,89.17795993086308,71.66540874408008,105.9497608795204,101.16362732681306,73.71904215470208,121.85860704894851,99.2376054728669,79.74956552617265,113.86374046349854,108.72010385549511,79.22552928331538,-12.352720395797128,-10.059645542003832,-8.084156782092586,-7.913979583978134,-7.556476528682045,-5.506487128613297
STEGER,17031,17,5920.43,6001.34,10.888692257321313,11.044244546551319,0.002714739246593112,0.004116526637216731,0.031110457846001083,-0.004122877801113124,0.03840720002689126,0.008341251513206641,0.03840720002689082,0.030539458504851395,0.0034287744962616107,,,-0.001304176205644328,0.00020638565634357767,0.03971137623253559,0.030333072848507815,0.040658692443899885,-0.000947316211364296,0.031103935517121414,-0.0007708626686136029,-0.0022514924170086237,-0.0005644770122700252,0.64332306862341,3.039316213322684,96.95382711009748,94.75301161179628,2.402849821279093,2.2076721748810457,-1.8483530485006938,-1.9151561849769967,-1.991592543788176,-5.862162343082064,-6.365477546313992,-6.802093976479775,0.6757999861418366,0.7002247348344832,0.7281716090895008,-3.395655514411864,-3.6872006722082378,-3.940110588721363,99.32420001385816,102.91397313339694,107.02140282441344,103.39565551441186,112.27302913917127,119.97398304718246,101.84835304850068,105.52935405320841,109.7411669772911,105.86216234308206,114.95130601327703,122.83596643494089,-2.5241530346425307,-2.61538091981148,-2.7197641528776773,-2.4665068286702003,-2.678276874105754,-2.8619833877584138
STICKNEY,17031,17,6709.79,6632.6,11.051865329746313,11.248992890049347,-0.0023141539468902296,-0.0009123665562666102,0.03942551206060685,0.004192176413492642,0.06212739119537581,0.032061442681691185,0.062127391195375734,0.01707398671372509,-0.010036697294864696,,,0.0,0.0,0.06212739119537581,0.01707398671372509,0.04445912206447495,0.017668269130900853,0.019921934742586588,-0.0028479480288614994,0.017668269130900853,-0.0028479480288614994,0.0,0.0,87.4924782993058,71.56122478193497,12.507521700694198,28.43877521806504,-16.680041261670592,-9.662510896649277,-10.048154195982635,28.438775218065032,49.95218708504814,53.37847292854726,0.0,0.0,0.0,0.0,0.0,0.0,100.0,57.92857910281649,60.24058357141174,100.0,175.6481659354909,187.69610336326966,116.6800412616706,67.59108999946577,70.28873776739438,71.56122478193495,125.69597885044277,134.3176304347224,-16.680041261670592,-9.662510896649277,-10.048154195982635,28.438775218065032,49.95218708504814,53.37847292854726
STONE PARK,17031,17,4772.219999999999,4702.209999999999,10.790629131375063,11.087408917136166,-0.0029557988939210135,-0.001554011503297394,0.05935595715222064,0.024122621505106433,0.06961242955683579,0.03954648104315117,0.06961242955683566,0.05522511346189667,0.02811442945330689,,,0.0,0.0,0.06961242955683579,0.05522511346189667,0.06899627308220113,0.0006161564746346772,0.05740735536253209,-0.0021822419006354015,0.0006161564746346772,-0.0021822419006354015,0.0,0.0,96.33788110532466,99.1148757792865,3.6621188946753493,0.8851242207135003,-3.951539007957076,-7.403904822112764,-7.699404233610438,0.8851242207135004,1.7420135083173152,1.8615004931928665,0.0,0.0,0.0,0.0,0.0,0.0,100.0,187.367625808673,194.84570994001115,100.0,196.8100598256225,210.30951923248776,103.95153900795711,194.77153063078583,202.54511417362158,99.11487577928652,195.06804631730523,208.44801873929492,-3.951539007957076,-7.403904822112764,-7.699404233610438,0.8851242207135004,1.7420135083173152,1.8615004931928665
STREAMWOOD,17031,17,39351.13,40174.35,11.42020414906287,11.519652521986242,0.004140808236034843,0.005542595626658462,0.01988967458467421,-0.015343661062439996,0.01604109893032358,-0.014024849583361042,0.016041098930323728,0.016287948609227023,-0.010822735399362762,,,-0.00031282932861590384,0.0010839370213752007,0.01635392825893948,0.015204011587851821,0.016105311391119856,0.0002486168678196291,0.019619587512234617,-0.004415575924382796,-6.421246079627474e-05,-0.003331638903007595,4.315190439195462,1.8769657323718738,78.10625044095433,96.63134119827393,17.57855911985021,1.4916930693542008,-20.454625582010014,-11.303576075747653,-11.754716407566432,-0.40029963704599797,-0.1815431285952622,-0.19399540922176298,6.654840627144151,3.6775787950408505,3.8243557182699623,-1.9501739249581045,-0.8844391622596302,-0.945104001136994,93.34515937285583,51.58413220733128,53.64292159970151,101.9501739249581,46.23624860554456,49.407653368742636,120.45462558201001,66.56528707811978,69.22199372553791,100.40029963704602,45.5333525718802,48.656544776827424,-27.109466209154164,-14.981154870788504,-15.579072125836396,1.5498742879121066,0.7028960336643678,0.7511085919152312
SUGAR GROVE,17089,17,19728.04,20748.28,11.770930115415702,11.900082469227572,0.010084475535958504,0.006714017298527008,0.02583047076237399,-0.0014094445005310222,0.017615442333792624,-0.012450506179891997,0.017615442333792686,0.0238179358718364,-0.0032927481367533845,,,0.0006377152546259948,-0.0013253388970095818,0.01697772707916663,0.025143274768845984,0.018055252569800458,-0.0010775254906338259,0.026380287384829386,-0.0012370126159834006,-0.000439810236007831,-0.0025623515129929823,4.579191626888244,3.225591008091902,91.14679375975709,91.32423901656908,4.274014613354669,5.450169975339033,-10.758075455324589,-11.24969866854123,-9.040510165894956,-2.496731150282386,-1.823400969011987,-1.3287322375785542,-5.56445740781733,-5.818742334707701,-4.676071846862155,3.6202057407473234,2.6438916560779195,1.9266327789653541,105.56445740781734,110.38854866538668,88.71071357658211,96.37979425925268,70.38763874341088,51.29224252638226,110.75807545532462,115.8195049992202,93.07515189561492,102.4967311502824,74.85493136850079,54.54760754292618,-5.193618047507258,-5.43095633383353,-4.364438319032801,-6.1169368910297095,-4.4672926250899065,-3.2553650165439083
SUMMIT,17031,17,11332.36,11222.99,10.945072721265875,11.15005708349057,-0.0019395993801285983,-0.0005378119895049788,0.04099687244493886,0.005763536797824653,0.015724754768019027,-0.014341193745665594,0.015724754768019267,0.027734210400128693,0.0006235263915389082,,,-0.00033986240442549496,-0.0016598540460279702,0.016064617172444524,0.029394064446156658,0.01440543585711004,0.0016591813153344847,0.03033248688945867,-0.0009384224433020093,0.0013193189109089896,-0.0025982764893299794,5.040435980591676,2.0717658419636424,92.10988078398577,87.8140375597249,2.8496832354225523,10.114196598311453,-9.36848913974462,-8.815425926397584,-9.167260969653647,8.390076222951455,3.730012519862924,3.9858589569993317,-5.984861375466698,-5.631548625205838,-5.85631100999484,-2.1613208564416304,-0.9608677727998258,-1.026774950033393,105.98486137546668,99.72810779181962,103.70838547910759,102.16132085644163,45.418300825187316,48.5336014803553,109.36848913974461,102.91198509301137,107.0193354387664,91.60992377704856,40.72742053252457,43.52096757332258,-3.3836277642779216,-3.183877301191746,-3.310949959658807,10.551397079393086,4.69088029266275,5.012633907032725
THORNTON,17031,17,3709.88,3193.4399999999996,10.910992657411116,11.217458539399102,-0.029980165080641184,-0.028578377690017566,0.061293176397597196,0.02605984075048299,0.05736131102503179,0.027295362511347166,0.05736131102503208,0.06040721059580221,0.033296526587212424,,,0.0,0.0,0.05736131102503179,0.06040721059580221,0.055228292576615406,0.002133018448416382,0.0606158509706415,-0.00020864037483929785,0.002133018448416382,-0.00020864037483929785,0.0,0.0,99.65697966357955,96.28143358249682,0.34302033642045354,3.7185664175031814,-0.34538985128009964,-0.7078745380657879,-0.7361267258556544,3.7185664175031814,6.030524880606774,6.444166469354686,0.0,0.0,0.0,0.0,0.0,0.0,100.0,204.94943190780822,213.12922864623496,100.0,162.1733809088705,173.29706520830678,100.34538985128007,205.65730644587399,213.86535537209056,96.28143358249682,156.1428560282637,166.8528987389521,-0.34538985128009964,-0.7078745380657879,-0.7361267258556544,3.7185664175031814,6.030524880606774,6.444166469354686
TINLEY PARK,17031,17,66622.89,64514.66,11.474738073322463,11.571507863541033,-0.006431145478638811,-0.005029358088015192,0.01935395804371396,-0.015879377603400247,0.018165199445695824,-0.011900749067988797,0.018165199445696344,0.017896781196668675,-0.00921390281192111,,,-0.0002941265462846153,0.0007925750891927862,0.01845932599198044,0.01710420610747589,0.019413721766771017,-0.0009543957747905746,0.018400612557214133,-0.0012964064497382425,-0.0012485223210751898,-0.0005038313605454563,3.8681834568011206,1.42349758832645,89.80467095088017,93.95746988677968,6.327145592318706,4.619032524893858,-2.8152065726726323,-1.7093977706082835,-1.7776220451453568,-6.873155039159355,-3.52985457150021,-3.7719719131763654,4.428590149720984,2.689046765646054,2.796370097837591,-1.619175980775193,-0.8315621727196918,-0.8886001097278929,95.57140985027903,58.03110738579361,60.34720389068722,101.61917598077521,52.188683485844344,55.76837354253714,102.81520657267265,62.429551922047956,64.92119603367017,106.87315503915937,54.88697588462487,58.65174534598562,-7.243796722393617,-4.398444536254337,-4.573992142982948,-5.2539790583841635,-2.6982923987805187,-2.883371803448473
UNIVERSITY PARK,17197,17,10296.23,9980.35,11.04857451383887,11.166145306979487,-0.00623192979358933,-0.009811623893479223,0.023514158628123383,-0.011339264711359414,0.031874480036228586,0.001808531522543965,0.031874480036228545,0.016656853281527138,-0.010453830727062647,,,0.004480642243516972,0.003017183900201298,0.027393837792711612,0.013639669381325839,0.029193260177239014,-0.0017994223845273988,0.0197132352788922,-0.0060735658975663576,0.0026812198589895734,-0.0030563819973650594,10.474883569656308,12.631018569901931,68.43926361726254,82.29637435307721,21.085852813081154,5.072607077020853,-18.34909598894446,-9.489053621243706,-10.783552677267986,8.41180736420514,8.336757306621823,8.100364591359437,18.113768844607822,9.36735651461295,10.64525362107066,14.057146150852553,13.931728439485566,13.53668765888226,81.88623115539218,42.34665504737882,48.12359626540441,85.94285384914744,85.17607260333577,82.76086458689326,118.34909598894447,61.20306518323548,69.55240256374307,91.58819263579487,90.77104373619952,88.19718765441608,-36.462864833552274,-18.856410135856656,-21.42880629833865,-5.645338786647413,-5.594971132863742,-5.436323067522823
UPTOWN,17031,17,51376.83,56650.700000000004,11.173061581179688,11.35865514507914,0.019543410270635064,0.020945197661258682,0.03711871277989047,0.0018853771327762628,0.043853696784545704,0.013787748270861083,0.04385369678454509,0.0341971172073944,0.007086433198804615,,,-0.003594179854256685,-0.0006817331736642716,0.047447876638802386,0.03487885038105867,0.05128341821152908,-0.003835541572726702,0.040800584392869044,-0.005921734011810379,-0.007429721426983386,-0.00660346718547465,1.438132714326296,6.12159369501526,86.06982533009602,87.34572623312769,12.492041955577681,6.532680071857043,-19.310011266232674,-22.404226828823827,-23.298408480538882,-16.942064117161642,-21.005500423432935,-22.4462951700951,-1.9935398926458667,-2.3129825939175057,-2.4052967189270094,-8.19584235261848,-10.161558167751709,-10.858552732549894,101.99353989264586,118.33687569232288,123.05985335960953,108.19584235261847,134.14586302087284,143.34710321181464,119.31001126623266,138.42811992722918,143.9529651212214,116.94206411716164,144.98980527655405,154.93484564935983,-17.316471373586808,-20.091244234906323,-20.89311176161187,-8.746221764543163,-10.843942255681227,-11.587742437545211
VERNON HILLS,17097,17,19730.940000000002,20451.16,11.92074352342663,12.055907837102993,0.007170328502773771,0.007487836854662057,0.027032862735272545,-0.0010073503715235209,0.010733220153935654,-0.019332728359748967,0.010733220153935718,0.02467034339772919,-0.002440340610860594,,,0.0009460667788358824,-0.004348592057333369,0.009787153375099772,0.02901893545506255,0.010798136783912313,-0.001010983408812542,0.03155416288142479,-0.002535227426362247,-6.491662997665964e-05,-0.006883819483695616,11.313268256450918,7.417114158696811,82.0911008847796,84.6568286924221,6.595630858769465,7.926057148881112,-27.903217124773565,-26.97521940004044,-24.287549817801455,-0.6048197003846607,-0.2281908927840479,-0.19612280920949318,-17.626799867462083,-17.040572476613733,-15.342739082559302,8.814379704016217,3.3255549922032,2.8582086659732826,117.62679986746203,113.71479924916311,102.38485221666815,91.1856202959838,34.40319171345474,29.568448250916262,127.9032171247735,123.64944617258979,111.3296629519103,100.60481970038467,37.95693759844199,32.62277972609904,-10.276417257311483,-9.934646923426707,-8.944810735242152,-9.419199404400876,-3.553745884987248,-3.0543314751827757
VILLA PARK,17043,17,20133.44,20466.61,11.351811939402042,11.508869355874126,0.003282532695928353,0.0029391436506264225,0.031411483294416696,0.0012784585807799377,0.01955179875095851,-0.010514149762726112,0.019551798750959293,0.028093339351107645,0.0009826553425178602,,,-0.0012592088006141504,-1.8444637269646217e-05,0.02081100755157266,0.028111783988377284,0.022756774467605392,-0.0019457669160327414,0.027772731563963468,0.00033905242441381443,-0.0032049757166468917,0.0003206077871441682,0.06556874284636936,4.850246195566405,98.72913559843049,87.65500902712274,1.2052956587231327,7.4947447773108635,1.1412234876646214,1.1836024658285336,1.1311710919616815,-16.392229469371816,-10.706188325849459,-9.682709056569864,-0.06565484095403203,-0.06809291298919481,-0.0650765243944648,-6.440373167979846,-4.206374011172398,-3.804257359732884,100.065654840954,103.78156171397185,99.1842327797997,106.44037316797983,69.51895608460856,62.873153843042815,98.85877651233534,102.52986633515413,97.98798516344355,116.39222946937178,76.0187703992856,68.75160553987978,1.2068783286186535,1.2516953788177287,1.1962476163561464,-9.951856301391974,-6.499814314677062,-5.878451696836982
WADSWORTH,17097,17,6782.46,6753.08,11.787192319318965,11.689929416652946,-0.000868234178782501,-0.0005507258268942147,-0.0194525805332038,-0.047492793639999864,-0.02826321801417357,-0.05832916652785819,-0.02826321801417393,-0.02369035449775557,-0.050801038506345354,,,0.0,0.0,-0.02826321801417357,-0.02369035449775557,-0.027230147135856232,-0.001033070878317341,-0.024145107557507393,0.0004547530597518263,-0.001033070878317341,0.0004547530597518263,0.0,0.0,98.15139985210821,96.34482217205674,1.8486001478917824,3.6551778279432714,-1.9195705146367048,1.7820141258352078,1.604463571376314,3.6551778279432714,-3.6313863815357084,-3.121061010729641,-0.0,0.0,0.0,-0.0,0.0,0.0,100.0,-92.83400178567909,-83.58450805231152,100.0,-99.34910290203445,-85.38739173972904,101.91957051463669,-94.61601591151428,-85.18897162368782,96.34482217205674,-95.71771652049874,-82.26633072899942,-1.9195705146367048,1.7820141258352078,1.604463571376314,3.6551778279432714,-3.6313863815357084,-3.121061010729641
WARRENVILLE,17043,17,11510.42,10911.04,11.586663764517398,11.666110427677527,-0.010695518277076132,-0.011038907322378062,0.015889332632025698,-0.01424369208161106,0.005892741414982141,-0.02417320709870248,0.005892741414981728,0.005589282318242046,-0.02152140169034774,,,-5.588010771887264e-05,-0.0012387637414091454,0.005948621522701013,0.006828046059651191,0.005610717265881072,0.00033790425681994263,0.01828508651984585,-0.011457040460194653,0.00028202414910107,-0.012695804201603798,3.998476843506266,0.9306368980861617,59.0205319926007,93.44184765403622,36.98099116389304,5.627515447877618,-227.14551670019975,-46.86968240087504,-44.79344319731724,4.785958338236783,0.9420987613199335,0.8520369650504912,-22.16319861614656,-4.5732008943735805,-4.370616654492604,-0.9482871177207765,-0.18666692349635614,-0.16882212937878563,122.16319861614654,25.20741066516842,24.090769553851082,100.94828711772077,19.871308843447046,17.97167173304654,327.14551670019983,67.5038921716699,64.51359609667574,95.21404166176323,18.742543158630763,16.950812638617265,-204.98231808405322,-42.29648150650147,-40.42282654282464,5.73424545595756,1.1287656848162897,1.0208590944292768
WASHINGTON HEIGHTS,17031,17,26206.600000000002,26509.329999999998,10.874567561337418,11.095965938535533,0.002297091811889018,0.0036988792025126373,0.04427967543962304,0.00904633979250883,0.016722201615877706,-0.013343746897806916,0.016722201615877806,0.03902685846973526,0.011916174461145478,,,0.0009000936852531602,0.0022851187011042624,0.015822107930624545,0.036741739768631,0.01780421704717424,-0.001982109116549695,0.039566062164522596,-0.0028243223958915923,-0.0010820154312965347,-0.0005392036947873299,5.114925483273884,4.351133216014989,88.56321535521032,86.06717439342034,6.321859161515795,9.581692390564655,-1.3816220826625698,-1.8294089371002007,-1.9024230124145063,-6.4705321473289885,-3.0591019897079046,-3.2689297961122716,5.855246337279075,7.752944971535773,8.062375026554891,5.382626677569314,2.5447681279203964,2.719317102059134,94.14475366272093,124.65728211275385,129.6325153698322,94.61737332243068,44.73267242958753,47.80094493638345,101.38162208266257,134.23963602138983,139.59731340880163,106.470532147329,50.336542547215835,53.78919183455486,-7.236868419941644,-9.582353908635973,-9.964798038969398,-11.853158824898303,-5.6038701176283015,-5.988246898171405
WASHINGTON PARK,17031,17,11580.37,10928.679999999998,10.540260302087416,10.525267825563008,-0.011584179381362959,-0.010182391990739338,-0.002998495304881743,-0.03823183095199595,0.019703808049677727,-0.010362140464006894,0.019703808049677463,-0.01472438262976373,-0.04183506663835351,,,0.0033507288010106153,-0.015688157016805464,0.01635307924866711,0.0009637743870417326,0.014101502993056523,0.0022515762556105843,0.004552407648299084,-0.003588633261257349,0.005602305056621199,-0.019276790278062814,65.83585845098831,17.005488444480765,19.104325971722368,71.5673993448549,15.059815577289303,11.427112210664331,130.9174772400772,-65.40224548573146,-68.01253363988754,28.432600655145084,15.838981635525084,16.925398101351586,106.54543155577585,-53.226739598835415,-55.3510875753816,17.00548844448076,9.473267058549004,10.1230508359666,-6.5454315557758465,3.2698913120352806,3.4003969008540267,82.99451155551924,46.23384826176168,49.40508838224034,-30.91747724007721,15.445397198931332,16.061842965359975,71.56739934485489,39.86813368478559,42.60274111685534,24.37204568430135,-12.175505886896044,-12.66144606450594,11.427112210664328,6.365714576976081,6.802347265384986
WAUCONDA,17097,17,17385.41,19212.25,11.443079005747343,11.617914065066277,0.019983349537507068,0.020300857889395355,0.03496701186378672,0.0069267987569906556,0.034954367969746256,0.004888419456061634,0.034954367969745805,0.0288294178320456,0.001718733823455814,,,0.00351271054225938,0.00016761489764274582,0.03144165742748688,0.02866180293440285,0.026394429832405322,0.005047227595081559,0.029059079273239315,-0.0003972763388364668,0.008559938137340939,-0.000229661441193721,0.5658083462774093,10.049417987759654,98.09312787327448,75.51110595176618,1.3410637804481178,14.43947606047416,-0.7966218483206371,-0.8999608107974674,-0.8102934290232208,24.488894048233817,30.089361176609835,25.860848210364324,0.5814022975393973,0.6568226620900618,0.5913802920523951,10.049417987759655,12.347661223607938,10.612421805250973,99.4185977024606,112.31532500052796,101.12481425262456,89.95058201224035,110.5217550813719,94.98993067105228,100.79662184832061,113.8721084734155,102.52648797370017,75.5111059517662,92.78005512837001,79.74150426593894,-1.3780241458600344,-1.5567834728875292,-1.4016737210756156,14.439476060474163,17.7416999530019,15.248426405113353
WAUKEGAN,17097,17,92923.06,92812.21,11.062541053487543,11.174810556811185,-0.00023872690019786092,7.878145169042542e-05,0.022453900664728365,-0.005586312442067701,0.0288562901765005,-0.0012096583371841198,0.02885629017650011,0.019400715105480977,-0.0077099689031088076,,,0.0019047660254403551,0.0013492875436324622,0.026951524151060145,0.018051427561848514,0.026440410291155965,0.0005111138599041799,0.022889656178557195,-0.0048382286167086815,0.0024158798853445348,-0.0034889410730762193,4.640367116535043,6.600869390312433,78.72036493705504,91.62789162928526,16.639267946409916,1.7712389804023116,-17.983569441162217,-13.671908617440593,-12.30971124742806,8.372108370714743,8.492150441173587,7.298733005654076,6.954834068210554,5.287373907673594,4.760567663363414,6.600869390312433,6.695514847986299,5.7545818988212645,93.04516593178944,70.73706975003122,63.68919859523382,93.39913060968756,94.73831836514725,81.42456918795531,117.98356944116222,89.69635227514541,80.75947750602529,91.62789162928526,92.94168277195996,79.8804180811225,-24.938403509372773,-18.959282525114183,-17.070278910791473,1.7712389804023114,1.7966355931872882,1.5441511068328122
WAYNE,17043,17,7775.59,8629.529999999999,11.93342506471929,11.941100458265852,0.020840140599948143,0.02049675155464621,0.0015350787093126427,-0.028597946004324117,0.007570022633124984,-0.02249592588055964,0.0075700226331250065,0.009186587689619673,-0.01792409631897011,,,-0.006595482116150778,0.0035624138705195054,0.014165504749275762,0.005624173819100168,0.015163336109484074,-0.0009978313602083137,0.014857868184446926,-0.00923369436534676,-0.007593313476359092,-0.005671280494827255,12.882103522380742,28.982658854376375,53.727782068741114,66.63255086072571,33.39011440887815,4.38479028489792,-61.734353237987186,-20.93692619844061,-20.009459555859145,-100.30767204224979,-25.365385351550795,-22.940531120104172,38.77842340246567,13.151526602042967,12.568938589513886,-87.12631963992021,-22.032139984248772,-19.925933942897867,61.22157659753433,20.76302032408799,19.843257386237696,187.1263196399202,47.319722514194076,42.796099956163104,161.73435323798716,54.85147312457156,52.421655531610725,200.30767204224978,50.6529678814961,45.8106971333694,-100.51277664045286,-34.08845280048357,-32.578398145373036,-13.18135240232959,-3.3332453673020233,-3.0145971772063027
WEST CHICAGO,17043,17,33024.15,33414.62,11.516433556659969,11.622914016199093,0.0023508833520327955,0.002007494306730865,0.021296091907824888,-0.00883693280581187,0.022879932308906916,-0.007186016204777705,0.022879932308907412,0.014005618517829466,-0.013105065490760319,,,0.0010134052055932308,0.00010810014369059847,0.021866527103313684,0.013897518374138867,0.018745599866048627,0.0031209272372650612,0.02024594386153003,-0.006348425487391162,0.004134332442858292,-0.006240325343700563,0.4048320089664677,4.429231659915019,75.82049243472333,81.93031173764076,23.774675556310193,13.640456602444214,-44.555871172390496,-23.037695154469144,-22.017168379181467,18.069688262359236,13.810694884521272,12.490434164417437,0.7718341289460695,0.3990782562342341,0.38139983644478115,4.42923165991502,3.385269637184176,3.0616480840106517,99.22816587105393,51.30610570332594,49.033341251200326,95.57076834008498,73.04490826073878,66.0620356401636,144.5558711723905,74.74287911402932,71.43190946682658,81.93031173764076,62.61948301340171,56.63324955975683,-45.32770530133656,-23.436773410703378,-22.39856821562625,13.640456602444218,10.425425247337095,9.428786080406786
WEST DUNDEE,17089,17,9871.2,9856.49,11.592543998045462,11.731856535134195,-0.00029826102754526573,-0.0036687192649767623,0.027862507417746585,0.0006225921548415718,0.017357781946360958,-0.012708166567323664,0.01735778194636133,0.028588678375320607,0.0014779943667308226,,,-0.0024464820807723097,0.00254257861411302,0.019804264027133266,0.02604609976120759,0.016116435851901412,0.0036878281752318488,0.03246580606318879,-0.006419706301981201,0.001241346094459539,-0.003877127687868181,6.137329898653767,10.995056385561327,78.36664759528504,72.4309907350717,15.496022506061191,16.573952879366967,-13.561759088573822,-17.022066631688745,-13.679314527655556,7.151524879708412,5.146473379206361,3.750291463592162,8.89365566583141,11.162888114612473,8.970747257711952,-14.09443953341753,-10.142823953445374,-7.391186796576848,91.1063443341686,114.3522941011691,91.89606831034205,114.09443953341753,82.10612500842535,59.831631690128994,113.56175908857382,142.5372488474703,114.54613009570956,92.84847512029155,66.81682767577361,48.69015342995997,-22.455414754405233,-28.184954746301223,-22.65006178536751,21.245964413125943,15.289297332651735,11.141478260169011
WEST ELSDON,17031,17,19150.53,19113.879999999997,10.936769386372692,11.222541916670073,-0.0003831237560703471,0.0010186636345532723,0.05715450605947616,0.021921170412361954,0.05228501368026835,0.022219065166583726,0.052285013680268125,0.05104470319005,0.023934019181460216,,,0.00015483731167115344,-0.00024593814359065886,0.052130176368597195,0.05129064133364067,0.048619139809415,0.003511036559182194,0.053897592673374045,-0.002606951339733371,0.0036658738708533474,-0.0028528894833240296,0.4333674961766498,0.2961409030473046,94.9729246785134,92.98867187207642,4.593707825309958,6.715187224876278,-5.589002002229558,-9.679276250899292,-10.065588677191121,7.011328127923582,10.364253344250441,11.07515103630511,-0.4818093322533,-0.834418313910181,-0.8677210273603763,0.2961409030473046,0.43776004899179427,0.4677865832886083,100.48180933225332,174.01875868519738,180.96407227532504,99.7038590969527,147.3837818208484,157.49302817585513,105.58900200222958,182.8636166221865,190.1619399251558,92.98867187207642,137.45728852558977,146.88566372283861,-5.107192669976259,-8.844857936989111,-9.197867649830744,6.715187224876278,9.926493295258647,10.607364453016501
WEST ENGLEWOOD,17031,17,34031.38,26054.67,10.540536643603794,10.662314448758233,-0.053417203475717656,-0.05201541608509404,0.024355561030887783,-0.010877774616226424,0.018777168798950635,-0.011288779714733986,0.018777168798949972,0.009553503281730335,-0.01755718072685945,,,0.004326127619561527,-0.005370641938889005,0.014451041179389107,0.014924145220619339,0.01689349446843271,-0.002442453289043605,0.017353506340037073,-0.002429361119417733,0.0018836743305179222,-0.007800003058306739,21.351461753653453,18.2829593373694,68.99039837828627,71.3948130045537,9.658139868060282,10.322227658076903,-81.64547421282717,-26.463830723384245,-27.520036413843485,10.031727097341701,5.325572746725332,5.690860746619364,-56.216466153935016,-18.221500438426823,-18.948744073444708,23.039296636686217,12.230939805426944,13.069875963250709,156.21646615393502,50.63460230173447,52.65549472824078,76.96070336331377,40.85635707824277,43.65874804534478,181.64547421282717,58.876932586691886,61.22678706863955,89.96827290265828,47.76172413694438,51.037763261976124,-25.429008058892155,-8.242330284957424,-8.571292340398777,-13.007569539344512,-6.905367058701612,-7.3790152166313465
WEST GARFIELD PARK,17031,17,18728.86,16088.169999999998,10.465271071050493,10.604531270712208,-0.030396286076879876,-0.028994498686256257,0.027852039932342976,-0.007381295714771231,0.012983174448650209,-0.01708277406503441,0.012983174448650204,0.020336499422150447,-0.006774184586439337,,,-0.0004907643808271208,-0.0025054481843741995,0.01347393882947733,0.022841947606524648,0.014904058936326244,-0.0014301201068489104,0.024096631919186873,-0.0012546843126622265,-0.0019208844876760312,-0.003760132497036426,8.99403874383584,2.9168857716751773,86.50190509976603,88.58311472872046,4.5040561563981205,8.499999499604362,-18.489575904793636,-12.757368061938894,-13.266531111050922,-14.795183529831837,-5.430774264658692,-5.80327817425846,-12.319957984731992,-8.500478287233229,-8.839743363119142,-3.7800029782249664,-1.3875017402173913,-1.4826722992610457,112.319957984732,77.4981022869887,80.591151720795,103.78000297822496,38.093868063477316,40.70677629605966,118.48957590479363,81.75499206169435,85.01793946872677,114.79518352983187,42.13714058791862,45.027382171057084,-6.1696179200616434,-4.256889774705665,-4.426787747931776,-11.015180551606871,-4.043272524441301,-4.320605874997414
WEST LAWN,17031,17,33467.7,31866.5,11.018914402709616,11.21196537834568,-0.009805098671365541,-0.008403311280741921,0.038610195127212775,0.003376859480098568,0.02548804954071342,-0.0045778989729712005,0.025488049540712508,0.025564753701660843,-0.0015459303069289415,,,-0.0002986281951909658,-0.0001656046046302242,0.025786677735904387,0.02573035830629107,0.029030850918348717,-0.0032441731824443313,0.02934411705666101,-0.0036137587503699375,-0.003542801377635297,-0.0037793633550001616,0.4999613644824681,0.9167783596308096,88.59007776951596,89.1237207745596,10.909960866001596,9.959500865809582,-14.783492143539137,-12.822614468384309,-13.334381585912958,-13.8998528387831,-10.016299610882225,-10.703330701284349,-0.6477848625604615,-0.5618628853330999,-0.5842875593324799,-1.1716400453237943,-0.8442893508430962,-0.9022002616443701,100.64778486256047,87.29789483153469,90.78206665268772,101.1716400453238,72.9047616958088,77.90539465101318,114.78349214353915,99.55864641458591,103.5321606792682,113.8998528387831,82.07677195584792,87.70652509065316,-14.135707280978677,-12.260751583051208,-12.750094026580477,-12.728212793459306,-9.172010260039128,-9.80113043963998
WEST PULLMAN,17031,17,28079.28,26982.22,10.79080118971927,11.030093712612548,-0.00797076144719533,-0.00656897405657171,0.04785850457865557,0.012625168931541364,0.04969148380367637,0.01962553528999175,0.04969148380367585,0.0405072725971179,0.013396588588528116,,,0.0009533252062547598,-0.0010889959578723504,0.04873815859742161,0.04159626855499026,0.04810513843971878,0.0006330201577028171,0.046682504047309864,-0.005086235492319613,0.001586345363957577,-0.006175231450191963,2.060239523359488,1.9184881055699716,88.31726067704165,96.80761119908395,9.622499799598867,1.2739006953460787,-15.244747558321988,-20.951309705136804,-21.787503556451973,3.1923888009160497,4.484956608642478,4.792585648202572,-2.688396152225348,-3.6947427420419148,-3.8422047005814,1.918488105569971,2.695265659749537,2.8801374564287525,102.68839615222538,141.12771514767323,146.76030467632256,98.08151189443002,137.79378151882494,147.2452372105714,115.24474755832199,158.38428211076808,164.7056035321931,96.80761119908392,136.004090569932,145.33278901879754,-12.556351406096642,-17.25656696309489,-17.945298855870572,1.2739006953460783,1.7896909488929407,1.9124481917738203
WEST RIDGE,17031,17,71453.48,76818.08,11.117356066408059,11.30671261945843,0.014478684107189466,0.015880471497813086,0.03787131061007436,0.0026379749629601504,0.024990709595556274,-0.005075238918128347,0.024990709595557093,0.02409465712313555,-0.0030160268854542358,,,-0.0007140848237461577,-0.0011908716827052999,0.025704794419302433,0.025285528805840847,0.026570858201229248,-0.0008660637819268155,0.03381124710382314,-0.008525718297982295,-0.0015801486056729731,-0.009716589980687595,2.73588526899047,2.536622681541444,77.6772965727139,94.38688421870033,19.58681815829565,3.0764930997582267,-40.32674103238341,-32.966422004617606,-34.28215451814938,-6.322944131021983,-4.467436973478443,-4.773864318349102,-4.9424720037282945,-4.040386444569708,-4.201643490044912,-2.8574011514788387,-2.018879067671468,-2.1573566233693238,104.94247200372828,85.78867842319681,89.2126154667289,102.85740115147884,72.67325906701471,77.65801295413304,140.32674103238338,114.7147139832447,119.29312649483337,106.32294413102198,75.12181697282168,80.27452064911283,-35.38426902865511,-28.926035560047904,-30.080511028104475,-3.465542979543145,-2.4485579058069753,-2.6165076949797794
WEST TOWN,17031,17,83645.12,83098.06,11.595200232488123,11.902586840825936,-0.0013123462389629027,8.944115166071675e-05,0.06147732166756263,0.026243986020448425,0.07529842198433456,0.045232473470649945,0.07529842198433379,0.05705414744960265,0.02994346344101287,,,0.0022615957361439864,-0.004897202303323632,0.07303682624819058,0.061951349752926294,0.07203387049023724,0.0010029557579533308,0.06436867979681876,-0.002417330043892473,0.003264551494097317,-0.007314532347216105,6.831728318038484,3.0035101354640603,89.79603155545146,95.66451539346139,3.372240126510056,1.3319744710745607,-12.82033414604471,-24.81672691798491,-25.807194566577724,4.3354846065386194,9.229624349377797,9.862696354718551,-8.583429114683472,-16.615215635756165,-17.278350368067844,3.00351013546406,6.3940419112718985,6.832617608588834,108.58342911468348,210.18838334949547,218.57727341165858,96.99648986453595,206.49160264753968,220.6551317388311,112.82033414604471,218.3898946317242,227.10611761016844,95.66451539346137,203.65602020943373,217.6250529927014,-4.2369050313612355,-8.201511282228743,-8.528844198509876,1.3319744710745605,2.835582438105899,3.0300787461297185
WESTCHESTER,17031,17,15456.869999999999,15234.95,11.354091131265458,11.514952928571383,-0.0028922868380469426,-0.0014904994474233232,0.032172359461185,-0.0030609761859292095,0.032806785972863725,0.002740837459179104,0.03280678597286339,0.03167617542528997,0.004565491416700186,,,-0.00013180711780936944,-0.0006879061487650246,0.032938593090673096,0.032364081574055,0.0334947805306431,-0.000556187439969995,0.03701825828393569,-0.004654176709880698,-0.0006879945577793644,-0.005342082858645723,1.6239391142993613,0.38559513517675703,87.3889522261761,97.98730630851446,10.987108659524537,1.6270985563087677,-16.864671277141156,-18.124605262934697,-18.847981686255128,-2.097110513503036,-1.9451159934837097,-2.0785340434499706,-2.171683101034371,-2.3339262482859513,-2.4270762616123873,-0.4017678474154533,-0.3726484897402568,-0.3982089370300722,102.17168310103439,109.80477442011656,114.1872248973122,100.40176784741546,93.12484161257989,99.51239629466079,116.86467127714116,125.59545343476528,130.60813032195492,102.09711051350308,94.69730911632337,101.1927214010807,-14.692988176106784,-15.790679014648742,-16.420905424642736,-1.6953426660875828,-1.5724675037434528,-1.6803251064198985
WESTERN SPRINGS,17031,17,11430.27,11394.060000000001,12.201739687408956,12.35896723752106,-0.0006345865202384005,0.000767200870385219,0.03144551002242082,-0.003787825624693389,0.03230193904014425,0.0022359905264596296,0.03230193904014449,0.029289640877915375,0.00217895686932559,,,0.00014340998683605539,7.446595339428631e-05,0.032158529053308196,0.02921517492452108,0.032053876090739744,0.00010465296256845279,0.032788769019735375,-0.0035735940952142955,0.0002480629494045082,-0.003499128141820009,0.20437001599291688,0.4439671149704918,89.98798703979983,99.23204935438638,9.80764294420726,0.3239835306431358,-11.946640644742011,-11.871833143185576,-12.34565334907645,0.7679506456136276,0.7013299812063157,0.7494351218708767,0.2542398990300842,0.2526478990521848,0.2627314032678347,0.4439671149704918,0.40545242090353395,0.4332629327353582,99.74576010096989,99.12117187354336,103.07722596382725,99.55603288502951,90.91942440707558,97.15570663861565,111.94664064474198,111.24565291578111,115.68561071617151,99.23204935438638,90.6235468467728,96.83953444948014,-12.200880543772096,-12.12448104223776,-12.608384752344284,0.3239835306431358,0.29587756030278173,0.3161721891355185
WESTMONT,17043,17,19734.93,20517.09,11.427192324463423,11.67860865312927,0.00777360705397534,0.007430218008673409,0.050283265733169456,0.020150241019532698,0.0344567664500259,0.004390817936341277,0.03445676645002571,0.04862810071836282,0.021517416709773036,,,0.0002712039360234676,0.002657115157262381,0.034185562514002434,0.045970985561100436,0.03675296663505339,-0.0025674041210509554,0.04930912816302067,-0.003338142601920227,-0.0022962001850274877,-0.000681027444657846,4.804528814405692,0.6850041659934086,89.159525670141,92.83027240227746,6.035945515453323,6.484723431729138,-1.4004812744016508,-2.514180238646128,-2.402806759909051,-6.664003682289119,-7.670433035441045,-6.9371628033812724,5.464155741248203,9.809393839557377,9.3748560528783,0.7870846976218913,0.9059539511321583,0.8193474895526461,94.5358442587518,169.71319490196646,162.19521802295242,99.21291530237811,114.19651899357386,103.27967667242564,101.40048127440164,182.03676898017,173.97288083573977,106.66400368228912,122.77290598014704,111.03618696535958,-6.864637015649855,-12.323574078203505,-11.777662812787351,-7.4510883799110115,-8.576386986573203,-7.7565102929339185
WHEATON,17043,17,60296.490000000005,59933.340000000004,11.755901999846088,11.922781625603722,-0.00120818969591987,-0.0015515787412218008,0.033375925151526785,0.0032429004378900263,0.03587527830745119,0.005809329793766572,0.03587527830745145,0.032492456214840516,0.005381772206250732,,,-0.0017457706574839707,-0.0022641743395180247,0.037621048964935164,0.034756630554358556,0.040003668349731805,-0.0023826193847966467,0.03614990791653455,-0.0013932773621759971,-0.004128390042280617,-0.003657451701694022,5.687828485065396,3.9557879715847157,90.81212183683944,90.64537165792423,3.500049678095173,5.398840370491042,-11.256310318650293,-13.502382120329463,-12.904251865042676,-11.507618162290779,-13.790844356680523,-12.472481287085994,-6.9683077344084925,-8.358756208607494,-7.9884789537957746,-4.866221921744309,-5.831728875724475,-5.2742332081065015,106.96830773440853,128.31264640971287,122.6286363387779,104.86622192174431,125.67272604985413,113.65879299439632,111.25631031865034,133.45627232143485,127.5444092500248,111.50761816229075,133.63184153081016,120.8570410733758,-4.288002584241801,-5.143625911721969,-4.9157729112469,-6.641396240546469,-7.959115480956047,-7.198248078979493
WHEELING,17031,17,39084.87,39766.65,11.24066698274223,11.419326885614542,0.0034586371483204203,0.00486042453894404,0.03573198057446234,0.0004986449273481353,0.033492346352537075,0.003426397838852454,0.03349234635253673,0.027814407770770246,0.000703723762180461,,,0.0006759987110379534,-0.0024515886426321187,0.03281634764149912,0.030265996413402364,0.03406138428025488,-0.0012450366387557561,0.03277658594843427,-0.0025105895350319065,-0.0005690379277178027,-0.004962178177664025,6.496208075178378,1.8786916443868966,86.85124356196809,94.66118351810485,6.652548362853526,3.4601248375082516,-17.840315776482957,-16.835665618505445,-17.507598794575145,-1.6990088473592342,-1.6087987347970905,-1.7191483441283004,-8.814096143396794,-8.317743769714863,-8.64971567480991,2.018367730712142,1.9112010255697036,2.042292803530123,108.81409614339678,102.68639637337654,106.78474318174227,97.98163226928786,92.77922611950625,99.14307458289454,117.84031577648295,111.20431822216712,115.64262630150752,101.69900884735925,96.29922587987305,102.90451573055297,-9.02621963308616,-8.517921848790582,-8.857883119765232,-3.7173765780713763,-3.519999760366794,-3.7614411476584237
WILLOW SPRINGS,17031,17,3747.4399999999996,3840.34,11.198374294713656,11.456073788975724,0.004897592830812059,0.006299380221435678,0.051539898852413654,0.016306563205299447,0.02961863127953394,-0.00044731723415068064,0.029618631279534215,0.05013070285319996,0.023020018844610177,,,0.0,0.0,0.02961863127953394,0.05013070285319996,0.025578945641701482,0.004039685637832459,0.04994500208472556,0.0001857007684743997,0.004039685637832459,0.0001857007684743997,0.0,0.0,99.62956679658333,86.36099825239452,0.3704332034166682,13.639001747605487,0.3704332034166682,0.6300450993894501,0.6551910136819366,13.639001747605487,11.421103632209629,12.204492067746006,0.0,0.0,0.0,0.0,0.0,0.0,100.0,170.08332233133189,176.8715675697594,100.0,83.73855978290172,89.48229711817929,99.62956679658333,169.45327723194242,176.21637655607748,86.36099825239452,72.3174561506921,77.27780505043329,0.3704332034166682,0.6300450993894501,0.6551910136819366,13.639001747605487,11.421103632209629,12.204492067746006
WILLOWBROOK,17043,17,11978.3,11479.34,11.51945607747943,11.640295035612699,-0.008509556299321375,-0.008852945344623305,0.024167791626653567,-0.005965233086983192,0.016721304503445802,-0.01334464401023882,0.016721304503445823,0.021949268630705034,-0.00516141537788475,,,0.0010091585343281677,0.0008619439383436935,0.015712145969117634,0.021087324692361343,0.016328656808850487,-0.0006165108397328555,0.0171237699397433,0.003963554752618044,0.00039264769459531213,0.004825498690961737,3.9269825015395368,5.620698454774984,78.01521876582575,90.94552835066405,18.057798732634716,3.43377319456096,21.984781234174257,17.814514738864986,17.02536507967081,2.3481881722469575,1.3116355740898065,1.1862471745891798,3.926982501539537,3.182077952369881,3.041117855030626,6.035166300094636,3.371083675622725,3.0488182575302436,96.07301749846047,77.8490432996952,74.40047639292906,93.96483369990536,52.486261557264456,47.46873347062074,78.01521876582576,63.21660651320009,60.41622916828888,97.65181182775304,54.54570965879737,49.3313045535618,18.05779873263472,14.63243678649511,13.984247224640187,-3.686978127847678,-2.059448101532918,-1.8625710829410638
WILMETTE,17031,17,26952.09,26988.52,12.152724294816858,12.299803917608052,0.0002701490067607892,0.0016719363973844085,0.02941592455823887,-0.005817411088875336,0.03844682115803649,0.008380872644351871,0.03844682115803551,0.026579977439325192,-0.0005307065692645926,,,-0.0007103196178581716,-0.0004026404738815259,0.03915714077589466,0.02698261791320672,0.04034229441970851,-0.0011851536438138494,0.029406635088778957,-0.0024240171755722374,-0.001895473261672021,-0.002826657649453763,1.2491447186341713,1.6817167593146696,91.23062706497561,95.51237348533552,7.520228216390222,2.8059097553498193,-10.634537429184237,-9.590276951037817,-9.973037300234566,-4.930116989075994,-5.358930989802032,-5.726507075217187,-1.5148262439298295,-1.3660775852948246,-1.4205995074715054,-1.8475379666328913,-2.008233980281359,-2.145981375512658,101.51482624392982,91.54655807069265,95.20029953340472,101.84753796663288,110.70608033314056,118.29955517316917,110.63453742918423,99.77075743643564,103.75273732616779,104.930116989076,114.05677734266122,121.88008087287369,-9.119711185254408,-8.224199365742994,-8.552437792763062,-3.0825790224431033,-3.350697009520673,-3.5805256997045287
WILMINGTON,17197,17,11321.2,11247.89,11.199727066097791,11.35610580561207,-0.0012993037439382959,-0.004878997843828189,0.03127574790285585,-0.0035776754366269453,0.017036022180484736,-0.013029926333199885,0.01703602218048488,0.027866839161247305,0.00075615515265752,,,-0.0005306507016802832,-0.0017741214071447312,0.01756667288216502,0.029640960568392032,0.016139498552604947,0.0014271743295600765,0.032296275769448324,-0.0026553152010562937,0.0008965236278797933,-0.004429436608201024,4.830733816410411,2.9322054127051804,87.93914039664291,89.18168743477612,7.230125786946679,7.88610715251869,-15.895009055640472,-13.751933339273329,-15.627975507097533,5.262517378656547,2.7875744244646206,2.7085314269346616,-6.366424971555053,-5.508059260101027,-6.259470074849069,-3.1148744469713074,-1.6499602222714638,-1.603174816067078,106.36642497155503,92.02536347260377,104.57948645478199,103.11487444697131,54.62032067695281,53.07153552723142,115.89500905564046,100.26923755177606,113.94799188703044,94.73748262134347,50.18278603021673,48.75982928422969,-9.52858408408542,-8.243874079172302,-9.368505432248467,8.377391825627853,4.4375346467360846,4.31170624300174
WINFIELD,17043,17,7133.07,7228.47,11.726789482045216,11.836255285305747,0.0026571357457346066,0.0023137467004326756,0.021893160652106048,-0.00823986406153071,0.042837306549763414,0.012771358036078793,0.0428373065497631,0.021721851338822505,-0.0053888326697672795,,,-0.00012957983509060306,-3.481527417549286e-05,0.04296688638485402,0.021756666612998,0.040917450392429264,0.0020494359924247483,0.023236205202130315,-0.0014795385891323166,0.0019198561573341452,-0.0015143538633078095,0.1406645970438267,0.30067392168371054,93.88153673901263,94.94386426860463,5.977798663943538,4.75546180971165,-6.971569042097585,-5.590609581613505,-5.34295604118936,4.481738727209375,6.413259692483843,5.800171435114445,-0.16027765604522418,-0.1285291437543281,-0.12283554325624854,-0.3024929565542881,-0.43286010265436253,-0.3914799841582845,100.16027765604522,80.32008355359804,76.7620541886731,100.30249295655429,143.53044081497669,129.80936416157914,106.9715690420976,85.78216399145721,81.9821746866062,95.51826127279061,136.68432101983845,123.6177127423064,-6.8112913860523605,-5.462080437859176,-5.220120497933111,4.784231683763664,6.846119795138206,6.191651419272729
WINNETKA,17031,17,12280.48,12363.24,12.43432218668248,12.49825582218359,0.001343308739458493,0.0027450961300821124,0.01278672710022235,-0.022446608546891858,0.016709258241048956,-0.013356690272635665,0.01670925824104934,0.01028117194474618,-0.016829512063843605,,,-0.0001284673678935493,-0.00019203136602773439,0.016837725608942505,0.010473203310773914,0.02027574103138543,-0.0034380154224429266,0.014998170288779243,-0.00452496697800533,-0.0035664827903364757,-0.004716998344033065,0.9740285239464457,0.5388229254710154,76.07426833680499,85.04131654410875,22.951703139248565,14.419860530420229,-45.87996747241949,-16.0038200967159,-16.642553242794442,-21.34435137027712,-10.08325231286584,-10.774875776662945,-1.8677964638638795,-0.6515235348178701,-0.6775266812306336,-0.7688394424232953,-0.3632062624696439,-0.3881190550416924,101.86779646386388,35.533457804576265,36.95164403495158,100.7688394424233,47.60405297616824,50.8692772300678,145.87996747241948,50.88575436647429,52.91667059651538,121.34435137027711,57.324099026564426,61.256033951689034,-44.012171008555605,-15.352296561898026,-15.965026561563805,-20.575511927853825,-9.720046050396196,-10.386756721621254
WINTHROP HARBOR,17097,17,6954.0,6846.81,11.395187375313599,11.593448645484585,-0.0031068366422111636,-0.002789328290322877,0.039652254034197296,0.01161204092740123,0.0549892020242273,0.02492325351054268,0.054989202024227524,0.03847414504303548,0.011363461034445695,,,0.0028429819831728674,-0.0031044581459304535,0.05214622004105443,0.04157860318896593,0.05172283769975859,0.0004233823412958334,0.04176814561755672,-0.0001895424285907974,0.003266364324468701,-0.003294000574521251,6.889281599455253,5.170073175312307,92.69009389725795,94.0599895902661,0.4206245032867951,0.7699372344215842,-8.561595250100366,-12.90800672679275,-11.621920540339524,5.94001040973389,11.48172034849104,9.868173185311635,-8.06894641182525,-12.165257936101286,-10.953175349113991,5.170073175312306,9.993473123026117,8.589072064774633,108.06894641182525,162.93163207229316,146.69797758329204,94.82992682468769,183.3011434937386,157.5414985002309,108.56159525010034,163.67438086298458,147.36672277451754,94.05998959026608,181.81289626827365,156.26239737969388,-0.49264883827511596,-0.7427487906914642,-0.6687451912255319,0.7699372344215841,1.4882472254649222,1.279101120537002
WONDER LAKE,17111,17,16784.27,17389.29,11.408554069076526,11.5569409152663,0.007082472239352456,0.007423661365936709,0.029677369237954564,-0.0009070338729079142,0.02168457828765853,-0.008381370226026093,0.02168457828765824,0.02726887257762506,0.00015818856903527384,,,-4.274608989840895e-05,-0.000297796275390379,0.021727324377556936,0.027566668853015435,0.027150181025841394,-0.005422856648284456,0.03174203716652858,-0.004175368313513149,-0.005465602738182865,-0.004473164588903528,0.8222963312518641,0.13105952077582322,87.64837865846604,83.24246083513862,11.529325010282077,16.62647964408556,-16.403922003632434,-16.768607041287304,-15.782256936507382,-25.20502204690573,-19.761190778626837,-16.512400034027134,-1.0920740288864377,-1.1163525555862208,-1.0506873242725727,-0.1971266829880537,-0.15455086620577047,-0.12914230508594995,101.09207402888643,103.33951014908192,97.26095297301563,100.19712668298806,78.55635008642426,65.64148346986688,116.40392200363243,118.99176463478298,111.99252258525043,125.20502204690574,98.16298999884535,82.02474119880809,-15.311847974745998,-15.65225448570108,-14.73156961223481,-25.007895363917676,-19.606639912421066,-16.383257728941185
WOOD DALE,17043,17,16573.84,16189.710000000001,11.346746888128816,11.527340317642683,-0.004689938693649154,-0.005033327738951085,0.03611868590277325,0.005985661189136491,0.03398315152168579,0.003917203008001167,0.03398315152168614,0.03089791319030597,0.003787229181716187,,,0.0010431452666305613,-0.0007130516652834488,0.03294000625505523,0.031610964855589424,0.035112586591521534,-0.0021725803364663052,0.03605539814903608,-0.004444433293446648,-0.001129435069835744,-0.005157484958730097,1.7301669078062658,2.721605014418107,87.48574579156725,91.61005163293264,10.784087300626483,5.668343352649254,-16.692017117674556,-19.040123663251936,-18.196681822700988,-3.3235147985466083,-3.7728662019727377,-3.412191587818838,-2.307766420636991,-2.632405522056528,-2.515794884548692,3.069595431621153,3.4846160043451224,3.15149723851544,102.30776642063701,116.69964813883445,111.53007215504826,96.93040456837885,110.03575115702975,99.51666567476568,116.69201711767458,133.10736628002988,127.21095909320057,103.32351479854663,117.29323336334761,106.08035450109996,-14.384250697037565,-16.407718141195407,-15.680886938152295,-6.3931102301677605,-7.25748220631786,-6.563688826334278
WOODLAWN,17031,17,24145.16,23431.66,10.66483348395676,10.756550707340052,-0.0059991693171717484,-0.004597381926548129,0.018343444676658292,-0.016889890970455915,0.016355239950157224,-0.013710708563527397,0.01635523995015724,0.012494392269969477,-0.014616291738620307,,,0.0014792941092669576,-0.0026531399933817914,0.014875945840890265,0.015147532263351268,0.014625344608892416,0.0002506012319978513,0.018329565956463907,-0.0031820336931126405,0.001729895341264809,-0.0058351736864944315,10.979385801720907,9.0447716681328,75.85252821792841,89.42299014544156,13.168085980350682,1.5322381864256431,-46.702341021574846,-19.79756258127123,-20.587708893576824,10.577009854558442,4.8908048142238725,5.226271513004485,-21.23464620010904,-9.00156668471083,-9.36083084623068,9.0447716681328,4.182298534873239,4.469167861313853,121.23464620010904,51.39250929747076,53.4436507718229,90.95522833186719,42.05765851797994,44.9424483219885,146.70234102157482,62.18850519403115,64.67052881916905,89.42299014544156,41.34915223862931,44.18534467029787,-25.46769482146581,-10.795995896560402,-11.226878047346148,1.5322381864256431,0.7085062793506338,0.7571036516906317
WOODRIDGE,17043,17,49616.12,49886.36,11.59884660566849,11.691470965922262,0.001086367553649481,0.0007429785083475503,0.01852487205075448,-0.011608152662882277,0.006749703083327217,-0.023316245430357405,0.006749703083327318,0.01393669347845897,-0.013173990530130814,,,-0.000491023857116772,-3.530824969801719e-05,0.007240726940443989,0.013972001728156986,0.007098762242602538,0.00014196469784144827,0.01659926341440675,-0.0026272616862497646,-0.00034905915927532376,-0.0026625699359477816,0.18330679668852656,6.3507460337661445,86.17696515426049,91.81312782147715,13.639728049050987,1.8361261447567068,-19.10474633070707,-9.829531496100591,-9.394101648928652,-5.17147428510674,-1.1660285214186015,-1.0545597163930756,-0.25334739371710246,-0.13034908409093174,-0.12457486364235465,-7.274747511926487,-1.640260130356659,-1.4834562157839453,100.25334739371709,51.581079315989264,49.29613404749556,107.27474751192649,24.18757366484781,21.875314673440556,119.10474633070707,61.28026172799893,58.565660832781866,105.1714742851067,23.713342055909745,21.44641817404968,-18.85139893698997,-9.699182412009659,-9.269526785286299,2.1032732268197463,0.4742316089380575,0.4288964993908696
WOODSTOCK,17111,17,26376.96,25946.0,11.298249824316677,11.441328073549679,-0.00329468933651178,-0.002953500209927527,0.028615649846600276,-0.0019687532642622026,0.023612020724470825,-0.006453927789213797,0.023612020724470283,0.02502627041589264,-0.002084413592697145,,,0.0002159071547061002,-0.0019867435808002174,0.023396113569764725,0.02701301399669286,0.02777424078102934,-0.004378127211264618,0.029144918126994143,-0.002131904130301285,-0.004162220056558518,-0.004118647711101502,5.972731818561878,0.6670332408061935,87.61814132871902,85.80698432305405,6.409126852719099,13.525982436139754,-16.457297242684643,-15.43962526670354,-14.531447505600337,-17.627547024151607,-15.048738179537988,-12.574686799574314,-7.938632276340142,-7.447730065842513,-7.0096454167879445,0.9143950753962373,0.7806243298312319,0.6522876761257269,107.93863227634016,101.26401738827353,95.30754325089096,99.08560492460377,84.5899502539133,70.6831442041334,116.45729724268466,109.25591258913457,102.82934533970334,117.6275470241516,100.4193127632825,83.91011867983342,-8.518664966344502,-7.99189520086103,-7.521802088812395,-18.541942099547846,-15.829362509369219,-13.22697447570004
WORTH,17031,17,11632.89,11685.69,11.023742574304851,11.16772340599059,0.0009057170760062405,0.00230750446662986,0.02879616633714761,-0.006437169309966597,0.020560913658382092,-0.00950503485530253,0.020560913658382064,0.026312429442342505,-0.0007982545662472799,,,-0.00027809776540605965,-0.0003307539448941447,0.02083901142378815,0.026643183387236653,0.021885566348614785,-0.0010465549248266373,0.02672687362081831,-8.369023358165709e-05,-0.001324652690232697,-0.00041444417847580177,1.2186362775014072,1.1981694999973975,98.47301379564341,94.29280401009747,0.30834992685518636,4.509026489905132,-1.5750889874458707,-1.4061251645017436,-1.462245437328774,-6.442576980000469,-3.7450923186068885,-4.001973098861672,-1.2570254891092976,-1.122181150871286,-1.1669688510975054,-1.3525554847738355,-0.7862451891906985,-0.8401747750295883,101.25702548910931,90.39492546621851,94.00270378312308,101.35255548477384,58.91659163646925,62.95775771249231,101.5750889874459,90.67886947984898,94.29798036935436,106.44257698000045,61.875438765885434,66.11955603632438,-0.3180634983365733,-0.2839440136304578,-0.2952765862312688,-5.090021495226633,-2.95884712941619,-3.161798323832084
YORKVILLE,17093,17,36489.6,39234.87,11.499826946877683,11.782261433908491,0.014507720744975926,0.011009355681712003,0.05648689740616177,0.028594507326073305,0.049066008991040355,0.019000060477355734,0.04906600899104063,0.04794746887465741,0.020836784866067624,,,-1.2743196614517398e-05,-1.78481181992007e-05,0.049078752187654874,0.047965316992856596,0.0441414357836646,0.004937316403990275,0.045045605861435335,0.0029197111314212595,0.004924573207375758,0.0029018630132220586,0.03719662543705004,0.02595805345664976,93.87793772498843,89.91666568341904,6.084865649574519,10.057376263124308,6.052171431213621,12.175555087100587,10.238377497404837,10.036628836624972,17.365233369531776,14.877869229126537,-0.03722431781718995,-0.07488663156920063,-0.0629718807914434,-0.025971536867496918,-0.044935586042966706,-0.03849909521253088,100.03722431781716,201.25152588382286,169.23163495932175,100.0259715368675,173.0635223266801,148.27422118184828,93.94782856878635,189.0010841651531,158.93028558112545,89.96337116337503,155.65335337110534,133.35785285750922,6.089395749030811,12.250441718669789,10.301349378196283,10.062600373492469,17.410168955574743,14.916368324339066
ZION,17097,17,23270.64,22733.97,11.067305503736433,11.199548357195367,-0.0046664397009550385,-0.004348931349066752,0.0264485706917867,-0.001591642415009368,0.011910121672763275,-0.018155826840921346,0.011910121672763197,0.025366784022709195,-0.0017438999858805891,,,-0.0024584548013092027,0.0011122232418994923,0.014368576474072477,0.0242545607808097,0.014438627800043471,-7.005132597099175e-05,0.025805238754915368,-0.0015506779741056675,-0.0025285061272801944,-0.00043845473220617526,3.906905203626228,14.489511380293504,90.64603019823126,85.09762380546594,5.447064598142503,0.4128648142405592,-1.7284600673607498,-1.7181468262293746,-1.5469596750075305,-21.229893335703885,-8.88804718916329,-7.638993659466071,4.384565425809566,4.35840394175416,3.924155399503356,-20.641727002095482,-8.641807132959288,-7.4273581687879435,95.61543457419042,95.04492383386966,85.57514540700245,120.64172700209548,50.507524725687844,43.40960988655333,101.72846006736074,101.1214746018532,91.04626048151334,121.2298933357039,50.75376478189185,43.621245377231475,-6.113025493170316,-6.076550767983534,-5.4711150745108865,-0.5881663336084046,-0.24624005620400038,-0.2116354906781279
