B19001_002E,B19001_003E,B19001_004E,B19001_005E,B19001_006E,B19001_007E,B19001_008E,B19001_009E,B19001_010E,B19001_011E,B19001_012E,B19001_013E,B19001_014E,B19001_015E,B19001_016E,B19001_017E,B19001_001E,state,county,tract,block group,GEOID
80.0,48.0,32.0,44.0,8.0,8.0,7.0,15.0,5.0,25.0,21.0,31.0,36.0,23.0,18.0,14.0,415.0,17,031,010100,1,170310101001
239.0,124.0,92.0,150.0,49.0,60.0,57.0,59.0,47.0,63.0,109.0,104.0,149.0,47.0,81.0,48.0,1478.0,17,031,010100,2,170310101002
126.0,94.0,90.0,102.0,139.0,212.0,52.0,89.0,55.0,121.0,263.0,288.0,247.0,97.0,74.0,87.0,2136.0,17,031,010100,3,170310101003
102.0,122.0,144.0,101.0,56.0,40.0,87.0,89.0,57.0,62.0,186.0,162.0,147.0,103.0,85.0,103.0,1646.0,17,031,010201,1,170310102011
317.0,274.0,191.0,354.0,178.0,235.0,292.0,246.0,172.0,401.0,444.0,507.0,290.0,141.0,210.0,245.0,4497.0,17,031,010201,2,170310102012
75.0,49.0,39.0,58.0,19.0,14.0,18.0,38.0,20.0,49.0,92.0,124.0,48.0,21.0,48.0,60.0,772.0,17,031,010201,3,170310102013
133.0,122.0,92.0,94.0,59.0,30.0,21.0,35.0,23.0,54.0,126.0,149.0,86.0,65.0,40.0,38.0,1167.0,17,031,010202,1,170310102021
53.0,75.0,100.0,74.0,50.0,29.0,71.0,29.0,33.0,76.0,60.0,169.0,79.0,33.0,33.0,40.0,1004.0,17,031,010202,2,170310102022
42.0,16.0,30.0,24.0,29.0,17.0,103.0,24.0,19.0,193.0,94.0,126.0,41.0,37.0,49.0,48.0,892.0,17,031,010300,1,170310103001
236.0,42.0,78.0,96.0,45.0,41.0,191.0,55.0,89.0,113.0,168.0,130.0,125.0,119.0,61.0,108.0,1697.0,17,031,010300,2,170310103002
99.0,96.0,128.0,93.0,41.0,33.0,29.0,54.0,14.0,56.0,93.0,95.0,55.0,48.0,41.0,42.0,1017.0,17,031,010300,3,170310103003
137.0,72.0,81.0,60.0,54.0,84.0,87.0,65.0,79.0,75.0,160.0,243.0,106.0,148.0,106.0,125.0,1682.0,17,031,010300,4,170310103004
100.0,58.0,126.0,107.0,137.0,35.0,111.0,87.0,67.0,72.0,123.0,191.0,131.0,85.0,106.0,90.0,1626.0,17,031,010400,1,170310104001
69.0,21.0,46.0,56.0,27.0,39.0,44.0,22.0,43.0,111.0,102.0,106.0,57.0,31.0,41.0,38.0,853.0,17,031,010400,2,170310104002
112.0,60.0,32.0,65.0,51.0,36.0,48.0,18.0,23.0,52.0,48.0,111.0,57.0,29.0,57.0,48.0,847.0,17,031,010400,3,170310104003
103.0,94.0,40.0,87.0,57.0,25.0,70.0,31.0,46.0,39.0,112.0,129.0,68.0,60.0,77.0,44.0,1082.0,17,031,010501,1,170310105011
178.0,116.0,77.0,117.0,83.0,53.0,109.0,104.0,42.0,125.0,195.0,177.0,95.0,51.0,60.0,74.0,1656.0,17,031,010501,2,170310105012
223.0,59.0,63.0,67.0,43.0,66.0,48.0,23.0,31.0,72.0,61.0,69.0,84.0,58.0,47.0,41.0,1055.0,17,031,010501,3,170310105013
127.0,81.0,79.0,61.0,85.0,59.0,30.0,58.0,50.0,163.0,67.0,94.0,113.0,66.0,33.0,47.0,1213.0,17,031,010502,1,170310105021
290.0,84.0,160.0,141.0,107.0,167.0,156.0,151.0,92.0,127.0,225.0,188.0,143.0,153.0,141.0,131.0,2456.0,17,031,010502,2,170310105022
279.0,144.0,66.0,58.0,47.0,40.0,44.0,68.0,42.0,79.0,127.0,140.0,110.0,116.0,77.0,85.0,1522.0,17,031,010503,1,170310105031
65.0,24.0,41.0,45.0,32.0,33.0,10.0,34.0,9.0,60.0,43.0,92.0,32.0,28.0,25.0,27.0,600.0,17,031,010503,2,170310105032
219.0,92.0,173.0,148.0,228.0,160.0,102.0,149.0,97.0,257.0,206.0,279.0,227.0,126.0,146.0,110.0,2719.0,17,031,010600,1,170310106001
23.0,11.0,26.0,45.0,23.0,14.0,19.0,17.0,16.0,20.0,155.0,58.0,65.0,35.0,54.0,96.0,677.0,17,031,010600,2,170310106002
93.0,63.0,73.0,52.0,142.0,45.0,45.0,47.0,58.0,145.0,189.0,141.0,66.0,98.0,109.0,61.0,1427.0,17,031,010600,3,170310106003
97.0,104.0,113.0,119.0,88.0,82.0,111.0,71.0,40.0,95.0,113.0,148.0,110.0,52.0,64.0,77.0,1484.0,17,031,010600,4,170310106004
79.0,91.0,167.0,137.0,102.0,103.0,84.0,53.0,64.0,227.0,194.0,321.0,87.0,172.0,120.0,94.0,2095.0,17,031,010701,1,170310107011
111.0,75.0,47.0,57.0,112.0,100.0,60.0,68.0,55.0,217.0,260.0,198.0,147.0,128.0,84.0,111.0,1830.0,17,031,010701,2,170310107012
127.0,63.0,34.0,140.0,61.0,51.0,147.0,36.0,63.0,62.0,119.0,170.0,125.0,151.0,75.0,69.0,1493.0,17,031,010702,1,170310107021
124.0,38.0,236.0,106.0,44.0,108.0,30.0,25.0,25.0,79.0,116.0,164.0,107.0,103.0,57.0,57.0,1419.0,17,031,010702,2,170310107022
102.0,24.0,89.0,36.0,68.0,33.0,56.0,55.0,59.0,107.0,115.0,143.0,92.0,80.0,77.0,45.0,1181.0,17,031,010702,3,170310107023
157.0,103.0,142.0,44.0,18.0,22.0,60.0,97.0,21.0,104.0,59.0,85.0,66.0,39.0,23.0,55.0,1095.0,17,031,010702,4,170310107024
252.0,76.0,100.0,53.0,69.0,104.0,136.0,85.0,96.0,303.0,202.0,397.0,173.0,161.0,169.0,165.0,2541.0,17,031,020100,1,170310201001
111.0,93.0,151.0,40.0,30.0,86.0,78.0,70.0,36.0,85.0,150.0,153.0,92.0,60.0,78.0,73.0,1386.0,17,031,020100,2,170310201002
58.0,53.0,38.0,122.0,35.0,57.0,60.0,36.0,36.0,45.0,109.0,204.0,109.0,105.0,213.0,86.0,1366.0,17,031,020200,1,170310202001
136.0,34.0,83.0,39.0,57.0,74.0,30.0,32.0,22.0,126.0,114.0,179.0,51.0,124.0,154.0,70.0,1325.0,17,031,020200,2,170310202002
96.0,75.0,94.0,110.0,72.0,42.0,58.0,38.0,86.0,63.0,71.0,229.0,276.0,126.0,195.0,50.0,1681.0,17,031,020200,3,170310202003
121.0,49.0,89.0,102.0,46.0,64.0,37.0,42.0,62.0,167.0,194.0,243.0,196.0,105.0,112.0,101.0,1730.0,17,031,020200,4,170310202004
225.0,96.0,80.0,52.0,52.0,64.0,47.0,87.0,120.0,109.0,153.0,153.0,147.0,77.0,75.0,76.0,1613.0,17,031,020301,1,170310203011
117.0,51.0,46.0,24.0,47.0,105.0,58.0,75.0,87.0,89.0,155.0,179.0,140.0,49.0,86.0,45.0,1353.0,17,031,020301,2,170310203012
75.0,55.0,73.0,92.0,95.0,123.0,94.0,110.0,188.0,140.0,179.0,351.0,165.0,72.0,138.0,297.0,2247.0,17,031,020301,3,170310203013
29.0,44.0,80.0,21.0,42.0,71.0,47.0,75.0,41.0,50.0,45.0,109.0,103.0,50.0,23.0,51.0,881.0,17,031,020302,1,170310203021
61.0,23.0,42.0,49.0,21.0,43.0,21.0,30.0,113.0,55.0,103.0,104.0,204.0,62.0,115.0,70.0,1116.0,17,031,020302,2,170310203022
114.0,63.0,203.0,124.0,71.0,85.0,43.0,139.0,69.0,181.0,231.0,241.0,243.0,135.0,147.0,171.0,2260.0,17,031,020302,3,170310203023
50.0,31.0,26.0,28.0,28.0,17.0,42.0,38.0,33.0,36.0,60.0,99.0,90.0,30.0,40.0,38.0,686.0,17,031,020400,1,170310204001
79.0,93.0,45.0,110.0,56.0,55.0,69.0,55.0,71.0,88.0,120.0,249.0,200.0,118.0,166.0,97.0,1671.0,17,031,020400,2,170310204002
159.0,106.0,52.0,81.0,155.0,132.0,80.0,68.0,93.0,122.0,132.0,205.0,141.0,188.0,104.0,85.0,1903.0,17,031,020400,3,170310204003
189.0,171.0,81.0,305.0,66.0,72.0,156.0,153.0,51.0,245.0,219.0,286.0,177.0,93.0,93.0,95.0,2452.0,17,031,020500,1,170310205001
19.0,12.0,11.0,29.0,36.0,33.0,11.0,119.0,45.0,44.0,40.0,87.0,29.0,16.0,23.0,15.0,569.0,17,031,020500,2,170310205002
247.0,73.0,65.0,33.0,59.0,124.0,118.0,55.0,44.0,53.0,94.0,126.0,78.0,48.0,86.0,68.0,1371.0,17,031,020500,3,170310205003
168.0,30.0,39.0,73.0,69.0,63.0,107.0,108.0,81.0,80.0,109.0,140.0,83.0,84.0,52.0,50.0,1336.0,17,031,020500,4,170310205004
128.0,69.0,96.0,51.0,72.0,230.0,115.0,159.0,53.0,173.0,162.0,232.0,188.0,162.0,105.0,166.0,2161.0,17,031,020601,1,170310206011
314.0,135.0,174.0,86.0,140.0,188.0,211.0,68.0,58.0,340.0,408.0,369.0,154.0,173.0,116.0,178.0,3112.0,17,031,020601,2,170310206012
103.0,60.0,37.0,32.0,56.0,111.0,76.0,33.0,100.0,81.0,158.0,136.0,116.0,107.0,102.0,65.0,1373.0,17,031,020601,3,170310206013
80.0,38.0,48.0,65.0,46.0,35.0,42.0,41.0,64.0,106.0,105.0,141.0,56.0,43.0,31.0,48.0,989.0,17,031,020602,1,170310206021
58.0,40.0,118.0,59.0,39.0,59.0,46.0,46.0,174.0,39.0,88.0,132.0,60.0,37.0,28.0,28.0,1051.0,17,031,020602,2,170310206022
37.0,95.0,102.0,29.0,29.0,46.0,49.0,45.0,82.0,39.0,55.0,72.0,58.0,43.0,75.0,63.0,919.0,17,031,020602,3,170310206023
55.0,16.0,84.0,126.0,92.0,47.0,38.0,75.0,55.0,102.0,126.0,74.0,80.0,37.0,55.0,38.0,1100.0,17,031,020602,4,170310206024
43.0,21.0,29.0,36.0,25.0,45.0,41.0,29.0,37.0,29.0,93.0,127.0,61.0,66.0,92.0,35.0,809.0,17,031,020701,1,170310207011
97.0,20.0,30.0,41.0,86.0,41.0,23.0,18.0,17.0,57.0,184.0,170.0,62.0,40.0,68.0,113.0,1067.0,17,031,020701,2,170310207012
222.0,39.0,88.0,90.0,101.0,86.0,81.0,74.0,116.0,205.0,260.0,404.0,304.0,116.0,106.0,76.0,2368.0,17,031,020702,1,170310207021
192.0,206.0,243.0,184.0,73.0,146.0,83.0,280.0,107.0,231.0,445.0,228.0,212.0,103.0,96.0,109.0,2938.0,17,031,020702,2,170310207022
186.0,122.0,93.0,46.0,41.0,82.0,113.0,128.0,48.0,183.0,130.0,298.0,164.0,54.0,73.0,84.0,1845.0,17,031,020702,3,170310207023
62.0,45.0,42.0,66.0,84.0,30.0,47.0,15.0,17.0,57.0,47.0,148.0,99.0,67.0,43.0,36.0,905.0,17,031,020702,4,170310207024
40.0,36.0,145.0,39.0,67.0,96.0,56.0,47.0,26.0,198.0,154.0,215.0,123.0,78.0,75.0,69.0,1464.0,17,031,020801,1,170310208011
86.0,19.0,30.0,22.0,23.0,25.0,26.0,24.0,43.0,59.0,48.0,108.0,143.0,119.0,113.0,50.0,938.0,17,031,020801,2,170310208012
18.0,18.0,42.0,32.0,86.0,33.0,36.0,44.0,16.0,124.0,88.0,89.0,49.0,25.0,24.0,33.0,757.0,17,031,020801,3,170310208013
72.0,42.0,92.0,157.0,38.0,37.0,159.0,47.0,64.0,81.0,126.0,161.0,101.0,58.0,41.0,46.0,1322.0,17,031,020801,4,170310208014
94.0,132.0,33.0,34.0,31.0,35.0,34.0,29.0,24.0,59.0,372.0,163.0,77.0,121.0,104.0,138.0,1480.0,17,031,020802,1,170310208021
259.0,61.0,96.0,110.0,76.0,125.0,71.0,127.0,86.0,296.0,148.0,286.0,309.0,72.0,77.0,70.0,2269.0,17,031,020802,2,170310208022
131.0,116.0,126.0,85.0,123.0,53.0,131.0,76.0,55.0,185.0,274.0,331.0,231.0,159.0,125.0,136.0,2337.0,17,031,020802,3,170310208023
155.0,83.0,255.0,151.0,97.0,50.0,102.0,90.0,32.0,149.0,135.0,196.0,100.0,89.0,52.0,73.0,1809.0,17,031,020802,4,170310208024
154.0,83.0,173.0,116.0,94.0,161.0,179.0,113.0,163.0,191.0,194.0,160.0,130.0,105.0,138.0,82.0,2236.0,17,031,020901,1,170310209011
25.0,29.0,35.0,26.0,98.0,75.0,26.0,35.0,15.0,47.0,71.0,77.0,34.0,23.0,26.0,25.0,667.0,17,031,020901,2,170310209012
128.0,64.0,224.0,95.0,190.0,94.0,122.0,162.0,103.0,135.0,147.0,217.0,160.0,55.0,74.0,99.0,2069.0,17,031,020901,3,170310209013
103.0,127.0,189.0,85.0,62.0,121.0,69.0,109.0,67.0,156.0,201.0,178.0,105.0,59.0,85.0,61.0,1777.0,17,031,020902,1,170310209021
130.0,105.0,100.0,154.0,46.0,91.0,181.0,87.0,54.0,167.0,136.0,280.0,127.0,124.0,85.0,57.0,1924.0,17,031,020902,2,170310209022
175.0,34.0,37.0,40.0,96.0,47.0,76.0,40.0,21.0,39.0,102.0,78.0,95.0,32.0,43.0,32.0,987.0,17,031,030101,1,170310301011
25.0,41.0,19.0,10.0,25.0,13.0,19.0,28.0,4.0,19.0,36.0,34.0,13.0,7.0,11.0,9.0,313.0,17,031,030101,2,170310301012
187.0,106.0,58.0,43.0,73.0,28.0,43.0,49.0,96.0,93.0,56.0,92.0,65.0,38.0,48.0,48.0,1123.0,17,031,030101,3,170310301013
49.0,17.0,48.0,42.0,69.0,49.0,69.0,45.0,24.0,98.0,207.0,204.0,84.0,59.0,114.0,90.0,1268.0,17,031,030101,4,170310301014
65.0,41.0,24.0,27.0,61.0,98.0,38.0,33.0,34.0,53.0,130.0,162.0,76.0,45.0,53.0,48.0,988.0,17,031,030102,1,170310301021
106.0,30.0,69.0,58.0,69.0,27.0,53.0,65.0,19.0,51.0,57.0,84.0,45.0,24.0,25.0,49.0,831.0,17,031,030102,2,170310301022
136.0,19.0,47.0,59.0,42.0,44.0,23.0,50.0,28.0,93.0,168.0,169.0,89.0,29.0,43.0,29.0,1068.0,17,031,030102,3,170310301023
31.0,58.0,22.0,40.0,22.0,29.0,7.0,11.0,28.0,81.0,38.0,60.0,25.0,15.0,12.0,16.0,495.0,17,031,030103,1,170310301031
123.0,114.0,65.0,65.0,36.0,110.0,80.0,45.0,36.0,56.0,96.0,141.0,129.0,105.0,45.0,44.0,1290.0,17,031,030103,2,170310301032
143.0,61.0,41.0,37.0,62.0,33.0,209.0,102.0,28.0,100.0,154.0,120.0,68.0,66.0,55.0,46.0,1325.0,17,031,030104,1,170310301041
75.0,143.0,52.0,27.0,28.0,12.0,40.0,30.0,12.0,46.0,34.0,73.0,49.0,26.0,30.0,27.0,704.0,17,031,030104,2,170310301042
85.0,19.0,109.0,63.0,123.0,87.0,33.0,70.0,53.0,79.0,131.0,170.0,109.0,72.0,78.0,63.0,1344.0,17,031,030200,1,170310302001
42.0,17.0,24.0,25.0,88.0,52.0,36.0,67.0,57.0,83.0,62.0,140.0,83.0,49.0,77.0,132.0,1034.0,17,031,030200,2,170310302002
35.0,22.0,41.0,21.0,17.0,42.0,57.0,96.0,32.0,47.0,58.0,86.0,92.0,45.0,115.0,209.0,1015.0,17,031,030200,3,170310302003
70.0,115.0,170.0,74.0,42.0,60.0,107.0,71.0,34.0,203.0,137.0,276.0,146.0,130.0,85.0,88.0,1808.0,17,031,030200,4,170310302004
92.0,84.0,113.0,138.0,72.0,70.0,89.0,40.0,53.0,101.0,152.0,149.0,79.0,74.0,72.0,63.0,1441.0,17,031,030300,1,170310303001
182.0,130.0,63.0,71.0,47.0,81.0,58.0,106.0,62.0,91.0,145.0,181.0,137.0,83.0,74.0,80.0,1591.0,17,031,030300,2,170310303002
223.0,63.0,124.0,56.0,87.0,54.0,51.0,57.0,35.0,118.0,127.0,183.0,95.0,82.0,83.0,86.0,1524.0,17,031,030400,1,170310304001
59.0,28.0,42.0,59.0,64.0,68.0,65.0,52.0,54.0,72.0,106.0,146.0,62.0,57.0,112.0,91.0,1137.0,17,031,030400,2,170310304002
55.0,69.0,99.0,57.0,30.0,80.0,49.0,38.0,31.0,91.0,157.0,201.0,159.0,144.0,60.0,79.0,1399.0,17,031,030500,1,170310305001
86.0,96.0,126.0,99.0,77.0,70.0,80.0,53.0,70.0,171.0,143.0,266.0,141.0,95.0,196.0,78.0,1847.0,17,031,030500,2,170310305002
120.0,121.0,35.0,36.0,50.0,35.0,60.0,58.0,49.0,113.0,153.0,127.0,135.0,109.0,105.0,118.0,1424.0,17,031,030500,3,170310305003
50.0,69.0,46.0,32.0,63.0,62.0,38.0,100.0,53.0,172.0,99.0,213.0,180.0,75.0,112.0,67.0,1431.0,17,031,030500,4,170310305004
115.0,46.0,80.0,26.0,21.0,45.0,63.0,21.0,17.0,50.0,40.0,71.0,37.0,31.0,31.0,74.0,768.0,17,031,030601,1,170310306011
123.0,81.0,72.0,60.0,54.0,34.0,48.0,95.0,16.0,45.0,87.0,63.0,81.0,71.0,56.0,45.0,1031.0,17,031,030601,2,170310306012
118.0,81.0,75.0,94.0,72.0,96.0,132.0,55.0,55.0,116.0,113.0,199.0,123.0,75.0,70.0,58.0,1532.0,17,031,030601,3,170310306013
136.0,37.0,53.0,60.0,62.0,90.0,59.0,48.0,48.0,43.0,71.0,86.0,92.0,39.0,62.0,44.0,1030.0,17,031,030603,1,170310306031
154.0,44.0,91.0,35.0,50.0,73.0,39.0,81.0,30.0,60.0,80.0,87.0,52.0,46.0,52.0,28.0,1002.0,17,031,030603,2,170310306032
135.0,45.0,44.0,23.0,40.0,40.0,65.0,66.0,15.0,83.0,151.0,116.0,61.0,105.0,57.0,44.0,1090.0,17,031,030604,1,170310306041
75.0,27.0,56.0,67.0,92.0,48.0,82.0,50.0,34.0,89.0,93.0,139.0,112.0,72.0,52.0,55.0,1143.0,17,031,030604,2,170310306042
108.0,70.0,51.0,78.0,30.0,36.0,7.0,14.0,15.0,26.0,47.0,59.0,44.0,52.0,42.0,31.0,710.0,17,031,030604,3,170310306043
120.0,128.0,107.0,64.0,90.0,79.0,34.0,47.0,56.0,80.0,130.0,261.0,157.0,40.0,64.0,53.0,1510.0,17,031,030701,1,170310307011
79.0,54.0,25.0,36.0,57.0,39.0,27.0,29.0,48.0,41.0,99.0,92.0,81.0,56.0,28.0,51.0,842.0,17,031,030702,1,170310307021
26.0,52.0,25.0,16.0,12.0,80.0,13.0,38.0,40.0,72.0,57.0,55.0,38.0,24.0,31.0,26.0,605.0,17,031,030702,2,170310307022
96.0,41.0,54.0,14.0,38.0,18.0,23.0,16.0,12.0,64.0,62.0,97.0,52.0,29.0,71.0,60.0,747.0,17,031,030703,1,170310307031
110.0,34.0,71.0,30.0,37.0,6.0,8.0,8.0,10.0,36.0,26.0,59.0,32.0,20.0,15.0,21.0,523.0,17,031,030703,2,170310307032
71.0,90.0,51.0,52.0,50.0,42.0,41.0,113.0,83.0,74.0,195.0,150.0,85.0,45.0,54.0,74.0,1270.0,17,031,030703,3,170310307033
158.0,125.0,77.0,108.0,88.0,193.0,92.0,97.0,75.0,160.0,254.0,250.0,162.0,97.0,100.0,114.0,2150.0,17,031,030706,1,170310307061
135.0,49.0,102.0,51.0,129.0,68.0,70.0,35.0,29.0,98.0,112.0,107.0,79.0,76.0,95.0,58.0,1293.0,17,031,030706,2,170310307062
94.0,43.0,51.0,24.0,42.0,16.0,43.0,102.0,118.0,66.0,97.0,210.0,119.0,36.0,52.0,58.0,1171.0,17,031,030800,1,170310308001
28.0,20.0,24.0,27.0,30.0,35.0,67.0,31.0,31.0,51.0,92.0,130.0,100.0,95.0,108.0,59.0,928.0,17,031,030800,2,170310308002
90.0,24.0,46.0,40.0,44.0,33.0,17.0,13.0,16.0,40.0,145.0,82.0,46.0,32.0,92.0,73.0,833.0,17,031,030800,3,170310308003
46.0,54.0,30.0,127.0,65.0,38.0,33.0,30.0,23.0,171.0,125.0,98.0,111.0,75.0,79.0,188.0,1293.0,17,031,030800,4,170310308004
16.0,16.0,8.0,8.0,11.0,12.0,20.0,17.0,39.0,17.0,50.0,50.0,46.0,34.0,14.0,11.0,369.0,17,031,030900,1,170310309001
45.0,21.0,54.0,48.0,67.0,50.0,35.0,33.0,28.0,84.0,71.0,181.0,70.0,53.0,114.0,60.0,1014.0,17,031,030900,2,170310309002
30.0,27.0,28.0,41.0,25.0,39.0,33.0,43.0,46.0,32.0,108.0,271.0,108.0,58.0,95.0,66.0,1050.0,17,031,030900,3,170310309003
47.0,12.0,22.0,29.0,21.0,22.0,17.0,33.0,43.0,70.0,128.0,141.0,37.0,40.0,19.0,67.0,748.0,17,031,030900,4,170310309004
83.0,28.0,72.0,48.0,72.0,43.0,30.0,47.0,28.0,59.0,82.0,177.0,130.0,72.0,65.0,137.0,1173.0,17,031,031000,1,170310310001
36.0,24.0,75.0,34.0,59.0,46.0,44.0,24.0,32.0,109.0,140.0,129.0,58.0,57.0,53.0,38.0,958.0,17,031,031000,2,170310310002
80.0,69.0,44.0,59.0,43.0,67.0,36.0,62.0,49.0,124.0,150.0,188.0,111.0,60.0,110.0,90.0,1342.0,17,031,031000,3,170310310003
95.0,93.0,70.0,49.0,65.0,66.0,101.0,70.0,106.0,108.0,241.0,225.0,236.0,107.0,130.0,169.0,1931.0,17,031,031100,1,170310311001
128.0,74.0,13.0,26.0,69.0,24.0,39.0,15.0,63.0,64.0,42.0,39.0,46.0,24.0,70.0,33.0,769.0,17,031,031100,2,170310311002
55.0,54.0,105.0,80.0,56.0,49.0,105.0,32.0,32.0,64.0,88.0,168.0,142.0,131.0,80.0,77.0,1318.0,17,031,031100,3,170310311003
186.0,129.0,118.0,44.0,24.0,27.0,34.0,18.0,31.0,53.0,94.0,168.0,67.0,66.0,90.0,86.0,1235.0,17,031,031200,1,170310312001
164.0,64.0,40.0,45.0,23.0,19.0,51.0,14.0,39.0,82.0,83.0,91.0,48.0,20.0,49.0,62.0,894.0,17,031,031200,2,170310312002
370.0,55.0,100.0,40.0,18.0,31.0,22.0,22.0,18.0,46.0,58.0,107.0,47.0,47.0,37.0,36.0,1054.0,17,031,031200,3,170310312003
215.0,116.0,52.0,88.0,57.0,83.0,61.0,25.0,22.0,126.0,75.0,141.0,104.0,72.0,55.0,68.0,1360.0,17,031,031200,4,170310312004
77.0,50.0,22.0,127.0,63.0,72.0,34.0,40.0,22.0,142.0,60.0,124.0,72.0,44.0,45.0,40.0,1034.0,17,031,031300,1,170310313001
88.0,46.0,45.0,77.0,59.0,59.0,38.0,64.0,87.0,116.0,163.0,165.0,94.0,69.0,59.0,71.0,1300.0,17,031,031300,2,170310313002
122.0,14.0,15.0,13.0,18.0,90.0,63.0,12.0,11.0,26.0,28.0,56.0,68.0,19.0,18.0,21.0,594.0,17,031,031300,3,170310313003
415.0,127.0,106.0,107.0,124.0,117.0,107.0,51.0,51.0,130.0,190.0,142.0,120.0,121.0,119.0,121.0,2148.0,17,031,031300,4,170310313004
126.0,103.0,183.0,76.0,86.0,99.0,56.0,84.0,53.0,107.0,174.0,371.0,177.0,59.0,123.0,89.0,1966.0,17,031,031300,5,170310313005
43.0,29.0,103.0,92.0,58.0,59.0,36.0,51.0,80.0,164.0,102.0,175.0,242.0,130.0,118.0,70.0,1552.0,17,031,031400,1,170310314001
45.0,18.0,24.0,32.0,17.0,19.0,33.0,39.0,31.0,76.0,92.0,153.0,63.0,52.0,95.0,39.0,828.0,17,031,031400,2,170310314002
51.0,15.0,26.0,56.0,13.0,29.0,37.0,28.0,42.0,71.0,68.0,149.0,82.0,27.0,40.0,52.0,786.0,17,031,031400,3,170310314003
53.0,67.0,43.0,60.0,30.0,35.0,27.0,26.0,64.0,170.0,96.0,121.0,141.0,56.0,59.0,96.0,1144.0,17,031,031400,5,170310314005
54.0,18.0,14.0,17.0,14.0,60.0,20.0,17.0,27.0,21.0,57.0,40.0,69.0,71.0,21.0,30.0,550.0,17,031,031400,6,170310314006
75.0,85.0,39.0,14.0,56.0,19.0,27.0,11.0,20.0,38.0,46.0,67.0,72.0,23.0,24.0,27.0,643.0,17,031,031501,1,170310315011
117.0,83.0,135.0,92.0,43.0,54.0,49.0,17.0,24.0,54.0,74.0,230.0,151.0,30.0,66.0,50.0,1269.0,17,031,031501,2,170310315012
164.0,36.0,38.0,31.0,28.0,36.0,18.0,48.0,40.0,70.0,54.0,105.0,40.0,30.0,36.0,61.0,835.0,17,031,031501,3,170310315013
140.0,47.0,125.0,83.0,77.0,117.0,63.0,52.0,52.0,92.0,161.0,209.0,104.0,78.0,80.0,65.0,1545.0,17,031,031502,1,170310315021
189.0,71.0,121.0,38.0,42.0,36.0,35.0,25.0,42.0,66.0,90.0,130.0,64.0,44.0,49.0,62.0,1104.0,17,031,031502,2,170310315022
255.0,126.0,157.0,132.0,82.0,69.0,49.0,64.0,42.0,87.0,142.0,165.0,126.0,50.0,65.0,57.0,1668.0,17,031,031502,3,170310315023
194.0,116.0,121.0,109.0,92.0,110.0,84.0,95.0,33.0,89.0,230.0,278.0,212.0,72.0,116.0,139.0,2090.0,17,031,031700,1,170310317001
243.0,136.0,61.0,106.0,49.0,53.0,61.0,77.0,40.0,83.0,152.0,163.0,185.0,147.0,72.0,117.0,1745.0,17,031,031700,2,170310317002
171.0,96.0,68.0,91.0,122.0,71.0,42.0,70.0,27.0,78.0,125.0,188.0,94.0,50.0,73.0,66.0,1432.0,17,031,031700,3,170310317003
85.0,29.0,31.0,25.0,65.0,25.0,22.0,52.0,46.0,95.0,127.0,139.0,94.0,61.0,84.0,117.0,1097.0,17,031,031700,4,170310317004
143.0,77.0,84.0,122.0,70.0,48.0,49.0,78.0,69.0,107.0,142.0,205.0,149.0,83.0,175.0,100.0,1701.0,17,031,031800,1,170310318001
110.0,67.0,63.0,44.0,45.0,32.0,70.0,52.0,28.0,69.0,94.0,168.0,104.0,69.0,48.0,126.0,1189.0,17,031,031900,1,170310319001
71.0,42.0,44.0,60.0,62.0,29.0,19.0,32.0,16.0,61.0,152.0,194.0,107.0,59.0,126.0,67.0,1141.0,17,031,031900,2,170310319002
112.0,108.0,47.0,25.0,52.0,35.0,39.0,21.0,30.0,151.0,194.0,227.0,171.0,94.0,56.0,132.0,1494.0,17,031,032100,1,170310321001
290.0,88.0,55.0,47.0,63.0,53.0,82.0,59.0,31.0,169.0,156.0,142.0,92.0,44.0,174.0,54.0,1599.0,17,031,032100,2,170310321002
147.0,180.0,33.0,102.0,33.0,97.0,54.0,75.0,27.0,61.0,74.0,178.0,149.0,103.0,69.0,119.0,1501.0,17,031,032100,3,170310321003
57.0,58.0,90.0,87.0,20.0,84.0,48.0,71.0,30.0,87.0,80.0,168.0,65.0,26.0,46.0,48.0,1065.0,17,031,032100,4,170310321004
43.0,85.0,50.0,57.0,50.0,21.0,22.0,86.0,16.0,58.0,72.0,89.0,68.0,82.0,37.0,100.0,936.0,17,031,032100,5,170310321005
83.0,39.0,60.0,44.0,69.0,65.0,19.0,24.0,21.0,69.0,125.0,156.0,76.0,45.0,100.0,123.0,1118.0,17,031,040100,1,170310401001
96.0,39.0,130.0,79.0,60.0,88.0,89.0,87.0,49.0,123.0,146.0,235.0,146.0,73.0,107.0,90.0,1637.0,17,031,040100,2,170310401002
77.0,49.0,44.0,80.0,26.0,32.0,29.0,30.0,22.0,75.0,144.0,91.0,114.0,49.0,60.0,95.0,1017.0,17,031,040100,3,170310401003
144.0,21.0,32.0,29.0,66.0,41.0,65.0,31.0,18.0,40.0,93.0,85.0,91.0,48.0,80.0,133.0,1017.0,17,031,040201,1,170310402011
129.0,38.0,91.0,170.0,38.0,57.0,109.0,29.0,35.0,150.0,150.0,161.0,132.0,90.0,59.0,114.0,1552.0,17,031,040201,2,170310402012
79.0,25.0,45.0,96.0,25.0,49.0,61.0,60.0,66.0,137.0,159.0,118.0,146.0,47.0,126.0,104.0,1343.0,17,031,040201,3,170310402013
100.0,50.0,98.0,104.0,103.0,89.0,163.0,69.0,166.0,97.0,262.0,327.0,131.0,138.0,180.0,155.0,2232.0,17,031,040201,4,170310402014
32.0,113.0,19.0,37.0,22.0,74.0,47.0,19.0,17.0,90.0,78.0,129.0,52.0,71.0,71.0,37.0,908.0,17,031,040202,1,170310402021
339.0,172.0,162.0,104.0,224.0,63.0,75.0,205.0,85.0,140.0,288.0,315.0,173.0,157.0,159.0,128.0,2789.0,17,031,040202,2,170310402022
145.0,49.0,152.0,53.0,73.0,40.0,44.0,44.0,46.0,73.0,82.0,145.0,92.0,80.0,130.0,49.0,1297.0,17,031,040202,3,170310402023
268.0,56.0,72.0,37.0,61.0,54.0,92.0,53.0,48.0,105.0,177.0,154.0,134.0,56.0,73.0,72.0,1512.0,17,031,040202,4,170310402024
47.0,60.0,21.0,41.0,38.0,87.0,17.0,67.0,42.0,44.0,62.0,115.0,87.0,65.0,85.0,137.0,1015.0,17,031,040300,1,170310403001
72.0,63.0,15.0,53.0,43.0,17.0,15.0,20.0,20.0,33.0,94.0,99.0,91.0,33.0,41.0,62.0,771.0,17,031,040300,2,170310403002
64.0,17.0,32.0,33.0,22.0,21.0,18.0,53.0,21.0,45.0,48.0,80.0,70.0,79.0,99.0,64.0,766.0,17,031,040300,3,170310403003
34.0,51.0,24.0,25.0,42.0,42.0,12.0,60.0,18.0,20.0,84.0,70.0,69.0,14.0,38.0,89.0,692.0,17,031,040401,1,170310404011
36.0,18.0,27.0,13.0,21.0,20.0,29.0,16.0,11.0,30.0,42.0,36.0,79.0,26.0,51.0,21.0,476.0,17,031,040401,2,170310404012
29.0,38.0,19.0,64.0,52.0,46.0,34.0,15.0,62.0,21.0,55.0,65.0,66.0,20.0,29.0,44.0,659.0,17,031,040401,3,170310404013
42.0,15.0,33.0,42.0,21.0,49.0,26.0,31.0,78.0,53.0,154.0,161.0,99.0,61.0,46.0,72.0,983.0,17,031,040401,4,170310404014
28.0,12.0,28.0,18.0,14.0,16.0,57.0,44.0,47.0,31.0,76.0,58.0,24.0,39.0,57.0,31.0,580.0,17,031,040402,1,170310404021
28.0,11.0,14.0,23.0,40.0,19.0,31.0,34.0,45.0,51.0,198.0,178.0,69.0,64.0,31.0,40.0,876.0,17,031,040402,2,170310404022
61.0,44.0,58.0,77.0,22.0,64.0,84.0,40.0,37.0,40.0,149.0,115.0,111.0,63.0,81.0,118.0,1164.0,17,031,040402,3,170310404023
18.0,7.0,48.0,12.0,16.0,19.0,20.0,25.0,7.0,113.0,40.0,36.0,39.0,36.0,12.0,65.0,513.0,17,031,040402,4,170310404024
82.0,27.0,92.0,65.0,39.0,72.0,87.0,82.0,77.0,82.0,123.0,240.0,129.0,108.0,114.0,121.0,1540.0,17,031,040402,5,170310404025
45.0,57.0,59.0,79.0,19.0,16.0,14.0,17.0,41.0,29.0,78.0,94.0,56.0,56.0,44.0,45.0,749.0,17,031,040600,1,170310406001
35.0,37.0,44.0,32.0,34.0,18.0,45.0,69.0,35.0,79.0,77.0,121.0,50.0,34.0,73.0,94.0,877.0,17,031,040600,2,170310406002
54.0,37.0,38.0,27.0,25.0,22.0,76.0,35.0,23.0,63.0,143.0,153.0,117.0,85.0,50.0,90.0,1038.0,17,031,040600,3,170310406003
53.0,42.0,15.0,58.0,50.0,28.0,46.0,44.0,45.0,64.0,66.0,152.0,104.0,67.0,61.0,54.0,949.0,17,031,040700,1,170310407001
46.0,16.0,49.0,33.0,54.0,27.0,17.0,29.0,40.0,61.0,77.0,113.0,92.0,58.0,52.0,87.0,851.0,17,031,040700,2,170310407002
28.0,15.0,15.0,57.0,42.0,18.0,24.0,20.0,19.0,102.0,118.0,80.0,77.0,65.0,34.0,61.0,775.0,17,031,040700,3,170310407003
53.0,13.0,51.0,43.0,41.0,15.0,19.0,31.0,18.0,87.0,66.0,84.0,82.0,62.0,36.0,55.0,756.0,17,031,040700,4,170310407004
43.0,12.0,49.0,39.0,33.0,41.0,37.0,43.0,25.0,120.0,124.0,156.0,115.0,42.0,53.0,44.0,976.0,17,031,040800,1,170310408001
42.0,9.0,45.0,13.0,27.0,27.0,12.0,14.0,34.0,69.0,74.0,85.0,88.0,43.0,57.0,85.0,724.0,17,031,040800,2,170310408002
70.0,73.0,61.0,64.0,58.0,40.0,105.0,62.0,37.0,146.0,137.0,189.0,97.0,97.0,71.0,128.0,1435.0,17,031,040900,1,170310409001
32.0,19.0,34.0,19.0,45.0,27.0,19.0,66.0,27.0,23.0,55.0,100.0,40.0,68.0,43.0,50.0,667.0,17,031,040900,2,170310409002
33.0,23.0,35.0,36.0,71.0,30.0,27.0,18.0,41.0,36.0,114.0,133.0,107.0,23.0,45.0,52.0,824.0,17,031,050100,1,170310501001
85.0,42.0,73.0,69.0,78.0,44.0,58.0,60.0,38.0,105.0,182.0,222.0,150.0,120.0,129.0,107.0,1562.0,17,031,050100,2,170310501002
75.0,18.0,30.0,64.0,40.0,33.0,114.0,25.0,17.0,55.0,89.0,193.0,64.0,82.0,63.0,168.0,1130.0,17,031,050200,1,170310502001
105.0,37.0,64.0,91.0,85.0,61.0,66.0,90.0,84.0,127.0,358.0,288.0,182.0,100.0,148.0,225.0,2111.0,17,031,050200,2,170310502002
139.0,44.0,99.0,154.0,79.0,69.0,58.0,69.0,73.0,123.0,111.0,214.0,131.0,89.0,105.0,301.0,1858.0,17,031,050200,3,170310502003
60.0,29.0,27.0,24.0,68.0,37.0,35.0,30.0,20.0,46.0,87.0,142.0,148.0,46.0,105.0,87.0,991.0,17,031,050300,1,170310503001
36.0,43.0,21.0,19.0,28.0,54.0,14.0,71.0,40.0,65.0,45.0,97.0,102.0,40.0,41.0,81.0,797.0,17,031,050300,2,170310503002
18.0,25.0,22.0,27.0,14.0,26.0,13.0,38.0,31.0,91.0,80.0,123.0,83.0,39.0,73.0,59.0,762.0,17,031,050300,3,170310503003
26.0,14.0,21.0,20.0,15.0,70.0,12.0,18.0,21.0,44.0,104.0,89.0,42.0,174.0,26.0,164.0,860.0,17,031,050500,1,170310505001
50.0,34.0,47.0,34.0,62.0,50.0,35.0,55.0,69.0,101.0,155.0,314.0,165.0,156.0,73.0,159.0,1559.0,17,031,050500,2,170310505002
51.0,18.0,23.0,19.0,15.0,9.0,5.0,18.0,6.0,41.0,61.0,60.0,104.0,22.0,44.0,83.0,579.0,17,031,050500,3,170310505003
38.0,22.0,39.0,31.0,92.0,26.0,42.0,16.0,26.0,67.0,132.0,124.0,87.0,59.0,137.0,175.0,1113.0,17,031,050500,4,170310505004
41.0,28.0,30.0,52.0,25.0,34.0,26.0,117.0,57.0,99.0,108.0,280.0,58.0,90.0,58.0,109.0,1212.0,17,031,050500,5,170310505005
106.0,22.0,30.0,54.0,29.0,52.0,52.0,37.0,37.0,121.0,112.0,162.0,123.0,102.0,106.0,118.0,1263.0,17,031,050600,1,170310506001
58.0,33.0,30.0,92.0,19.0,34.0,41.0,52.0,25.0,81.0,85.0,169.0,166.0,71.0,84.0,97.0,1137.0,17,031,050600,2,170310506002
52.0,53.0,42.0,49.0,49.0,54.0,56.0,71.0,36.0,145.0,170.0,218.0,177.0,155.0,161.0,261.0,1749.0,17,031,050700,1,170310507001
50.0,51.0,36.0,36.0,25.0,34.0,37.0,32.0,77.0,71.0,150.0,186.0,177.0,115.0,132.0,215.0,1424.0,17,031,050800,1,170310508001
97.0,50.0,59.0,66.0,56.0,62.0,43.0,80.0,35.0,131.0,194.0,191.0,243.0,58.0,104.0,183.0,1652.0,17,031,050900,1,170310509001
94.0,29.0,35.0,74.0,55.0,51.0,61.0,46.0,77.0,113.0,154.0,197.0,183.0,62.0,156.0,214.0,1601.0,17,031,051000,1,170310510001
87.0,63.0,74.0,40.0,52.0,47.0,55.0,34.0,54.0,104.0,140.0,191.0,135.0,93.0,172.0,176.0,1517.0,17,031,051100,1,170310511001
27.0,18.0,34.0,29.0,19.0,16.0,28.0,28.0,19.0,54.0,79.0,112.0,68.0,52.0,54.0,81.0,718.0,17,031,051200,1,170310512001
43.0,16.0,28.0,23.0,34.0,12.0,33.0,24.0,11.0,64.0,51.0,91.0,120.0,59.0,52.0,102.0,763.0,17,031,051200,2,170310512002
54.0,41.0,56.0,60.0,45.0,97.0,41.0,67.0,44.0,58.0,102.0,156.0,169.0,58.0,105.0,390.0,1543.0,17,031,051300,1,170310513001
51.0,30.0,44.0,49.0,37.0,32.0,40.0,36.0,51.0,87.0,118.0,137.0,210.0,81.0,208.0,184.0,1395.0,17,031,051300,2,170310513002
40.0,80.0,82.0,58.0,54.0,39.0,76.0,82.0,48.0,81.0,120.0,186.0,161.0,136.0,82.0,239.0,1564.0,17,031,051400,1,170310514001
22.0,12.0,37.0,23.0,22.0,25.0,19.0,18.0,31.0,83.0,58.0,78.0,60.0,27.0,51.0,27.0,593.0,17,031,051400,2,170310514002
19.0,63.0,30.0,18.0,16.0,12.0,44.0,34.0,16.0,79.0,46.0,88.0,60.0,42.0,26.0,123.0,716.0,17,031,060100,1,170310601001
58.0,31.0,21.0,29.0,60.0,39.0,21.0,19.0,31.0,45.0,136.0,118.0,97.0,54.0,119.0,213.0,1091.0,17,031,060100,2,170310601002
54.0,23.0,26.0,23.0,12.0,40.0,18.0,35.0,27.0,59.0,91.0,69.0,70.0,28.0,64.0,128.0,767.0,17,031,060100,3,170310601003
60.0,44.0,44.0,15.0,35.0,29.0,43.0,56.0,23.0,71.0,110.0,166.0,54.0,54.0,32.0,46.0,882.0,17,031,060200,1,170310602001
78.0,54.0,56.0,69.0,76.0,26.0,66.0,37.0,54.0,75.0,111.0,161.0,88.0,46.0,105.0,127.0,1229.0,17,031,060200,2,170310602002
62.0,38.0,62.0,42.0,40.0,65.0,67.0,58.0,36.0,158.0,135.0,188.0,295.0,158.0,107.0,316.0,1827.0,17,031,060300,1,170310603001
56.0,43.0,82.0,47.0,45.0,75.0,42.0,29.0,42.0,76.0,107.0,271.0,111.0,84.0,96.0,127.0,1333.0,17,031,060300,2,170310603002
143.0,67.0,64.0,41.0,48.0,111.0,70.0,52.0,67.0,114.0,185.0,281.0,206.0,81.0,124.0,293.0,1947.0,17,031,060400,1,170310604001
60.0,35.0,38.0,26.0,33.0,29.0,22.0,33.0,64.0,43.0,130.0,108.0,106.0,68.0,100.0,223.0,1118.0,17,031,060400,2,170310604002
49.0,21.0,28.0,26.0,35.0,39.0,22.0,21.0,17.0,49.0,92.0,109.0,75.0,98.0,120.0,115.0,916.0,17,031,060400,3,170310604003
156.0,82.0,85.0,46.0,47.0,31.0,46.0,55.0,18.0,60.0,99.0,127.0,89.0,59.0,69.0,101.0,1170.0,17,031,060500,1,170310605001
76.0,33.0,36.0,74.0,48.0,57.0,103.0,76.0,43.0,101.0,146.0,203.0,247.0,113.0,65.0,101.0,1522.0,17,031,060800,1,170310608001
158.0,116.0,118.0,127.0,97.0,120.0,103.0,131.0,231.0,216.0,394.0,469.0,300.0,201.0,239.0,282.0,3302.0,17,031,060800,3,170310608003
33.0,20.0,43.0,39.0,47.0,34.0,49.0,21.0,34.0,63.0,86.0,123.0,86.0,27.0,25.0,22.0,752.0,17,031,060900,1,170310609001
83.0,99.0,83.0,69.0,42.0,48.0,64.0,72.0,110.0,115.0,121.0,227.0,173.0,131.0,87.0,141.0,1665.0,17,031,060900,3,170310609003
224.0,129.0,153.0,115.0,116.0,113.0,105.0,238.0,131.0,309.0,413.0,470.0,351.0,219.0,239.0,239.0,3564.0,17,031,060900,4,170310609004
85.0,38.0,21.0,93.0,79.0,53.0,49.0,23.0,38.0,49.0,35.0,48.0,33.0,25.0,62.0,31.0,762.0,17,031,060900,5,170310609005
112.0,34.0,46.0,73.0,54.0,52.0,103.0,82.0,55.0,94.0,124.0,254.0,195.0,91.0,180.0,159.0,1708.0,17,031,061000,1,170310610001
60.0,58.0,51.0,68.0,71.0,49.0,36.0,50.0,42.0,80.0,125.0,175.0,149.0,73.0,105.0,106.0,1298.0,17,031,061100,1,170310611001
165.0,44.0,63.0,85.0,74.0,63.0,85.0,63.0,64.0,186.0,172.0,304.0,271.0,138.0,250.0,203.0,2230.0,17,031,061200,1,170310612001
105.0,46.0,52.0,69.0,70.0,52.0,50.0,113.0,48.0,171.0,187.0,209.0,177.0,178.0,156.0,172.0,1855.0,17,031,061500,1,170310615001
80.0,70.0,31.0,62.0,47.0,35.0,53.0,48.0,49.0,71.0,115.0,124.0,103.0,58.0,39.0,48.0,1033.0,17,031,061800,1,170310618001
35.0,9.0,23.0,31.0,8.0,28.0,11.0,20.0,6.0,94.0,79.0,106.0,58.0,51.0,17.0,41.0,617.0,17,031,061901,1,170310619011
90.0,20.0,35.0,33.0,34.0,19.0,73.0,58.0,83.0,60.0,98.0,177.0,107.0,69.0,32.0,51.0,1039.0,17,031,061901,2,170310619012
67.0,30.0,18.0,20.0,59.0,18.0,54.0,58.0,13.0,39.0,60.0,95.0,80.0,27.0,49.0,101.0,788.0,17,031,061901,3,170310619013
152.0,47.0,88.0,49.0,95.0,121.0,58.0,66.0,93.0,73.0,81.0,98.0,66.0,51.0,42.0,142.0,1322.0,17,031,061901,4,170310619014
62.0,57.0,56.0,54.0,32.0,47.0,90.0,47.0,18.0,74.0,84.0,73.0,82.0,52.0,83.0,121.0,1032.0,17,031,061902,1,170310619021
134.0,49.0,120.0,85.0,118.0,57.0,71.0,53.0,64.0,113.0,162.0,110.0,91.0,105.0,107.0,126.0,1565.0,17,031,061902,2,170310619022
113.0,35.0,48.0,35.0,129.0,44.0,46.0,45.0,66.0,128.0,145.0,144.0,151.0,54.0,141.0,95.0,1419.0,17,031,061902,3,170310619023
85.0,61.0,56.0,58.0,66.0,93.0,86.0,79.0,86.0,132.0,191.0,233.0,271.0,99.0,151.0,214.0,1961.0,17,031,062000,1,170310620001
39.0,48.0,29.0,23.0,23.0,44.0,23.0,42.0,37.0,79.0,116.0,161.0,76.0,60.0,50.0,72.0,922.0,17,031,062000,2,170310620002
55.0,29.0,38.0,35.0,22.0,25.0,18.0,24.0,20.0,43.0,53.0,113.0,74.0,60.0,127.0,216.0,952.0,17,031,062100,1,170310621001
87.0,41.0,26.0,61.0,42.0,27.0,41.0,33.0,20.0,81.0,147.0,91.0,141.0,102.0,58.0,98.0,1096.0,17,031,062100,2,170310621002
101.0,51.0,43.0,57.0,58.0,39.0,45.0,52.0,21.0,97.0,108.0,141.0,146.0,131.0,95.0,113.0,1298.0,17,031,062100,3,170310621003
126.0,36.0,41.0,38.0,33.0,55.0,34.0,102.0,41.0,83.0,131.0,238.0,235.0,135.0,78.0,179.0,1585.0,17,031,062200,1,170310622001
81.0,31.0,49.0,43.0,41.0,28.0,39.0,56.0,37.0,71.0,107.0,168.0,159.0,103.0,159.0,214.0,1386.0,17,031,062200,2,170310622002
68.0,117.0,41.0,93.0,39.0,40.0,62.0,50.0,38.0,102.0,132.0,155.0,266.0,99.0,124.0,279.0,1705.0,17,031,062300,1,170310623001
79.0,54.0,96.0,38.0,55.0,62.0,54.0,44.0,32.0,101.0,152.0,179.0,152.0,123.0,148.0,248.0,1617.0,17,031,062400,1,170310624001
71.0,41.0,21.0,37.0,45.0,44.0,31.0,53.0,73.0,84.0,107.0,168.0,190.0,82.0,117.0,172.0,1336.0,17,031,062500,1,170310625001
96.0,88.0,63.0,97.0,68.0,56.0,68.0,59.0,71.0,209.0,238.0,316.0,192.0,111.0,145.0,394.0,2271.0,17,031,062600,1,170310626001
18.0,27.0,22.0,16.0,33.0,29.0,19.0,17.0,15.0,72.0,57.0,96.0,105.0,28.0,63.0,123.0,740.0,17,031,062700,1,170310627001
24.0,15.0,21.0,33.0,53.0,31.0,27.0,30.0,17.0,36.0,107.0,130.0,81.0,33.0,71.0,124.0,833.0,17,031,062700,2,170310627002
111.0,48.0,61.0,28.0,36.0,49.0,36.0,29.0,25.0,60.0,71.0,129.0,131.0,80.0,125.0,117.0,1136.0,17,031,062700,3,170310627003
90.0,31.0,44.0,30.0,32.0,27.0,50.0,77.0,24.0,60.0,78.0,113.0,136.0,52.0,128.0,219.0,1191.0,17,031,062800,1,170310628001
71.0,22.0,41.0,32.0,30.0,40.0,27.0,59.0,23.0,71.0,121.0,160.0,72.0,66.0,145.0,183.0,1163.0,17,031,062800,2,170310628002
65.0,45.0,74.0,63.0,54.0,28.0,29.0,37.0,43.0,70.0,93.0,215.0,148.0,196.0,70.0,190.0,1420.0,17,031,062800,3,170310628003
65.0,20.0,27.0,72.0,52.0,44.0,30.0,48.0,30.0,72.0,75.0,188.0,121.0,154.0,161.0,250.0,1409.0,17,031,062900,1,170310629001
47.0,30.0,62.0,42.0,43.0,57.0,28.0,27.0,29.0,99.0,80.0,152.0,139.0,56.0,79.0,174.0,1144.0,17,031,062900,2,170310629002
92.0,38.0,39.0,30.0,40.0,69.0,37.0,38.0,49.0,146.0,207.0,164.0,146.0,114.0,194.0,206.0,1609.0,17,031,062900,3,170310629003
91.0,54.0,62.0,40.0,54.0,47.0,73.0,31.0,54.0,94.0,133.0,172.0,99.0,102.0,94.0,109.0,1309.0,17,031,063000,1,170310630001
75.0,26.0,55.0,46.0,36.0,30.0,51.0,61.0,34.0,58.0,72.0,124.0,125.0,100.0,54.0,132.0,1079.0,17,031,063000,2,170310630002
64.0,15.0,15.0,22.0,6.0,28.0,17.0,17.0,22.0,56.0,57.0,68.0,89.0,43.0,43.0,46.0,608.0,17,031,063000,3,170310630003
79.0,40.0,41.0,31.0,35.0,54.0,57.0,39.0,20.0,82.0,162.0,222.0,116.0,90.0,147.0,125.0,1340.0,17,031,063100,1,170310631001
140.0,40.0,56.0,32.0,29.0,46.0,45.0,18.0,14.0,86.0,84.0,102.0,88.0,64.0,71.0,132.0,1047.0,17,031,063100,2,170310631002
72.0,47.0,32.0,22.0,130.0,32.0,28.0,43.0,75.0,83.0,133.0,110.0,73.0,35.0,60.0,33.0,1008.0,17,031,063200,1,170310632001
30.0,23.0,18.0,31.0,12.0,53.0,7.0,13.0,37.0,136.0,41.0,45.0,77.0,68.0,22.0,39.0,652.0,17,031,063200,2,170310632002
44.0,44.0,38.0,28.0,42.0,16.0,56.0,74.0,52.0,85.0,71.0,171.0,49.0,27.0,29.0,83.0,909.0,17,031,063200,3,170310632003
151.0,38.0,37.0,41.0,77.0,25.0,43.0,67.0,45.0,85.0,88.0,112.0,148.0,49.0,89.0,206.0,1301.0,17,031,063200,4,170310632004
53.0,23.0,41.0,19.0,66.0,16.0,11.0,21.0,22.0,76.0,94.0,74.0,68.0,22.0,35.0,67.0,708.0,17,031,063200,5,170310632005
171.0,118.0,43.0,68.0,44.0,60.0,161.0,57.0,99.0,101.0,161.0,165.0,219.0,129.0,119.0,86.0,1801.0,17,031,063200,6,170310632006
63.0,75.0,40.0,45.0,64.0,28.0,90.0,62.0,21.0,60.0,125.0,128.0,90.0,91.0,49.0,60.0,1091.0,17,031,063301,1,170310633011
64.0,13.0,29.0,46.0,34.0,15.0,26.0,42.0,29.0,91.0,96.0,84.0,40.0,25.0,32.0,33.0,699.0,17,031,063301,2,170310633012
153.0,34.0,19.0,72.0,17.0,15.0,33.0,52.0,24.0,61.0,83.0,103.0,53.0,27.0,39.0,29.0,814.0,17,031,063301,3,170310633013
74.0,49.0,35.0,51.0,45.0,41.0,50.0,68.0,97.0,164.0,239.0,247.0,112.0,113.0,111.0,218.0,1714.0,17,031,063302,1,170310633021
35.0,29.0,16.0,21.0,51.0,24.0,17.0,63.0,55.0,73.0,167.0,176.0,149.0,51.0,43.0,36.0,1006.0,17,031,063302,2,170310633022
49.0,18.0,21.0,11.0,14.0,18.0,5.0,51.0,7.0,35.0,43.0,64.0,84.0,23.0,19.0,23.0,485.0,17,031,063302,3,170310633023
113.0,35.0,65.0,56.0,21.0,65.0,31.0,53.0,39.0,78.0,90.0,100.0,50.0,34.0,74.0,56.0,960.0,17,031,063302,4,170310633024
38.0,16.0,12.0,41.0,32.0,18.0,27.0,21.0,8.0,26.0,55.0,62.0,37.0,19.0,20.0,53.0,485.0,17,031,063303,1,170310633031
36.0,12.0,25.0,23.0,23.0,22.0,27.0,10.0,19.0,66.0,65.0,119.0,60.0,29.0,58.0,65.0,659.0,17,031,063303,2,170310633032
131.0,26.0,34.0,51.0,39.0,36.0,40.0,42.0,25.0,87.0,93.0,169.0,113.0,50.0,85.0,114.0,1135.0,17,031,063400,1,170310634001
50.0,28.0,27.0,42.0,44.0,40.0,18.0,95.0,20.0,94.0,66.0,205.0,85.0,60.0,62.0,75.0,1011.0,17,031,063400,2,170310634002
70.0,36.0,47.0,49.0,39.0,34.0,71.0,22.0,32.0,74.0,144.0,230.0,179.0,40.0,169.0,121.0,1357.0,17,031,070101,1,170310701011
75.0,39.0,72.0,47.0,82.0,49.0,63.0,54.0,54.0,78.0,118.0,227.0,100.0,90.0,90.0,206.0,1444.0,17,031,070101,2,170310701012
178.0,110.0,44.0,36.0,24.0,68.0,34.0,74.0,45.0,87.0,101.0,108.0,101.0,50.0,44.0,63.0,1167.0,17,031,070101,3,170310701013
67.0,66.0,36.0,64.0,22.0,55.0,23.0,56.0,12.0,86.0,103.0,114.0,101.0,94.0,35.0,55.0,989.0,17,031,070102,1,170310701021
63.0,21.0,15.0,20.0,39.0,15.0,26.0,62.0,11.0,59.0,38.0,79.0,83.0,36.0,86.0,104.0,757.0,17,031,070102,2,170310701022
24.0,15.0,24.0,25.0,15.0,33.0,30.0,62.0,32.0,59.0,108.0,168.0,83.0,35.0,34.0,44.0,791.0,17,031,070102,3,170310701023
84.0,51.0,25.0,33.0,72.0,29.0,44.0,38.0,33.0,67.0,117.0,151.0,56.0,33.0,112.0,52.0,997.0,17,031,070103,1,170310701031
68.0,34.0,25.0,38.0,21.0,23.0,44.0,21.0,48.0,82.0,73.0,84.0,37.0,17.0,25.0,26.0,666.0,17,031,070103,2,170310701032
106.0,88.0,116.0,35.0,80.0,52.0,47.0,51.0,50.0,58.0,177.0,231.0,253.0,73.0,170.0,363.0,1950.0,17,031,070200,1,170310702001
29.0,68.0,24.0,25.0,28.0,45.0,16.0,47.0,63.0,45.0,119.0,120.0,104.0,115.0,43.0,93.0,984.0,17,031,070200,2,170310702002
72.0,29.0,38.0,41.0,43.0,30.0,50.0,46.0,18.0,51.0,98.0,111.0,60.0,27.0,48.0,43.0,805.0,17,031,070200,3,170310702003
195.0,43.0,46.0,60.0,76.0,68.0,82.0,73.0,53.0,105.0,225.0,241.0,222.0,155.0,205.0,244.0,2093.0,17,031,070300,1,170310703001
125.0,43.0,39.0,27.0,27.0,50.0,57.0,31.0,34.0,117.0,103.0,145.0,99.0,93.0,133.0,134.0,1257.0,17,031,070300,2,170310703002
214.0,109.0,63.0,76.0,34.0,44.0,28.0,31.0,29.0,91.0,102.0,130.0,101.0,62.0,95.0,141.0,1350.0,17,031,070400,1,170310704001
77.0,17.0,26.0,32.0,29.0,54.0,24.0,21.0,11.0,61.0,103.0,73.0,84.0,62.0,63.0,193.0,930.0,17,031,070400,2,170310704002
55.0,28.0,44.0,28.0,27.0,38.0,18.0,16.0,32.0,71.0,79.0,134.0,132.0,91.0,112.0,238.0,1143.0,17,031,070400,3,170310704003
27.0,26.0,20.0,21.0,23.0,72.0,17.0,63.0,24.0,67.0,88.0,88.0,81.0,27.0,61.0,163.0,868.0,17,031,070500,1,170310705001
71.0,64.0,25.0,68.0,24.0,63.0,17.0,43.0,17.0,31.0,72.0,85.0,77.0,36.0,44.0,119.0,856.0,17,031,070500,2,170310705002
76.0,24.0,33.0,20.0,25.0,32.0,36.0,23.0,28.0,32.0,77.0,84.0,56.0,49.0,163.0,261.0,1019.0,17,031,070500,3,170310705003
67.0,42.0,39.0,39.0,41.0,61.0,52.0,62.0,44.0,155.0,126.0,175.0,177.0,104.0,264.0,378.0,1826.0,17,031,070600,1,170310706001
69.0,27.0,25.0,33.0,37.0,32.0,68.0,31.0,29.0,63.0,122.0,211.0,103.0,76.0,127.0,192.0,1245.0,17,031,070600,2,170310706002
96.0,86.0,82.0,117.0,70.0,135.0,93.0,103.0,91.0,147.0,179.0,355.0,209.0,214.0,394.0,499.0,2870.0,17,031,070700,1,170310707001
174.0,45.0,37.0,37.0,54.0,21.0,27.0,53.0,17.0,45.0,96.0,132.0,120.0,44.0,72.0,123.0,1097.0,17,031,070700,2,170310707002
81.0,17.0,48.0,8.0,13.0,27.0,6.0,12.0,8.0,32.0,34.0,71.0,40.0,47.0,76.0,40.0,560.0,17,031,071000,1,170310710001
81.0,65.0,47.0,55.0,60.0,60.0,46.0,53.0,55.0,174.0,174.0,281.0,222.0,114.0,110.0,289.0,1886.0,17,031,071000,2,170310710002
38.0,35.0,55.0,30.0,28.0,35.0,29.0,26.0,31.0,43.0,126.0,143.0,102.0,129.0,50.0,259.0,1159.0,17,031,071100,1,170310711001
125.0,35.0,30.0,80.0,24.0,45.0,62.0,36.0,56.0,105.0,109.0,152.0,142.0,65.0,122.0,135.0,1323.0,17,031,071100,2,170310711002
63.0,35.0,35.0,22.0,22.0,42.0,41.0,24.0,33.0,58.0,55.0,95.0,124.0,107.0,56.0,115.0,927.0,17,031,071200,1,170310712001
133.0,74.0,33.0,26.0,31.0,28.0,47.0,32.0,23.0,39.0,99.0,156.0,97.0,68.0,52.0,130.0,1068.0,17,031,071200,2,170310712002
76.0,71.0,32.0,53.0,68.0,65.0,46.0,40.0,77.0,64.0,72.0,217.0,163.0,118.0,76.0,214.0,1452.0,17,031,071300,1,170310713001
105.0,67.0,47.0,114.0,71.0,126.0,110.0,57.0,38.0,121.0,159.0,248.0,189.0,85.0,194.0,190.0,1921.0,17,031,071300,2,170310713002
53.0,39.0,50.0,22.0,18.0,33.0,9.0,26.0,18.0,48.0,97.0,70.0,37.0,36.0,31.0,37.0,624.0,17,031,071400,1,170310714001
159.0,79.0,63.0,67.0,32.0,65.0,27.0,86.0,35.0,110.0,154.0,163.0,154.0,138.0,102.0,110.0,1544.0,17,031,071400,2,170310714002
58.0,34.0,51.0,33.0,25.0,31.0,23.0,103.0,55.0,114.0,148.0,145.0,99.0,73.0,122.0,99.0,1213.0,17,031,071400,3,170310714003
37.0,15.0,64.0,41.0,16.0,12.0,31.0,19.0,11.0,56.0,93.0,94.0,52.0,51.0,30.0,62.0,684.0,17,031,071400,4,170310714004
29.0,23.0,24.0,32.0,31.0,31.0,34.0,25.0,16.0,41.0,108.0,116.0,80.0,48.0,66.0,160.0,864.0,17,031,071500,1,170310715001
74.0,18.0,45.0,51.0,26.0,29.0,31.0,61.0,32.0,75.0,101.0,165.0,132.0,73.0,140.0,136.0,1189.0,17,031,071500,2,170310715002
90.0,34.0,57.0,66.0,35.0,77.0,53.0,35.0,55.0,110.0,127.0,154.0,187.0,85.0,49.0,95.0,1309.0,17,031,071500,3,170310715003
58.0,57.0,38.0,29.0,26.0,28.0,38.0,47.0,22.0,70.0,109.0,168.0,133.0,68.0,123.0,86.0,1100.0,17,031,071500,4,170310715004
53.0,11.0,43.0,14.0,11.0,9.0,9.0,10.0,9.0,52.0,41.0,81.0,42.0,19.0,39.0,48.0,491.0,17,031,071500,5,170310715005
33.0,27.0,17.0,53.0,18.0,29.0,12.0,7.0,44.0,86.0,71.0,111.0,73.0,34.0,56.0,40.0,711.0,17,031,071500,6,170310715006
112.0,68.0,45.0,93.0,60.0,79.0,66.0,46.0,51.0,92.0,115.0,187.0,145.0,88.0,88.0,373.0,1708.0,17,031,071600,1,170310716001
31.0,11.0,39.0,37.0,26.0,44.0,23.0,26.0,24.0,39.0,93.0,113.0,99.0,42.0,64.0,169.0,880.0,17,031,071700,1,170310717001
56.0,27.0,54.0,15.0,36.0,36.0,35.0,32.0,23.0,38.0,61.0,70.0,120.0,76.0,79.0,156.0,914.0,17,031,071700,2,170310717002
129.0,96.0,52.0,53.0,61.0,94.0,77.0,51.0,53.0,64.0,160.0,178.0,205.0,167.0,219.0,396.0,2055.0,17,031,071800,1,170310718001
18.0,17.0,13.0,18.0,16.0,19.0,7.0,27.0,9.0,35.0,96.0,77.0,40.0,49.0,55.0,106.0,602.0,17,031,071800,2,170310718002
131.0,22.0,21.0,15.0,29.0,25.0,20.0,38.0,51.0,82.0,57.0,72.0,179.0,35.0,63.0,153.0,993.0,17,031,080100,1,170310801001
81.0,49.0,34.0,78.0,25.0,38.0,55.0,41.0,26.0,57.0,148.0,236.0,67.0,98.0,188.0,241.0,1462.0,17,031,080100,2,170310801002
26.0,15.0,37.0,29.0,26.0,44.0,38.0,55.0,42.0,29.0,65.0,204.0,103.0,48.0,39.0,74.0,874.0,17,031,080100,3,170310801003
55.0,48.0,53.0,23.0,18.0,17.0,31.0,24.0,21.0,77.0,54.0,69.0,89.0,29.0,74.0,222.0,904.0,17,031,080100,4,170310801004
46.0,10.0,22.0,18.0,18.0,88.0,16.0,30.0,28.0,79.0,123.0,89.0,106.0,93.0,56.0,54.0,876.0,17,031,080100,5,170310801005
50.0,12.0,18.0,32.0,48.0,27.0,39.0,27.0,41.0,126.0,83.0,119.0,106.0,34.0,42.0,84.0,888.0,17,031,080100,6,170310801006
20.0,7.0,12.0,26.0,13.0,15.0,18.0,42.0,14.0,23.0,54.0,101.0,66.0,21.0,33.0,172.0,637.0,17,031,080100,7,170310801007
82.0,72.0,66.0,65.0,66.0,84.0,46.0,62.0,60.0,99.0,174.0,170.0,225.0,55.0,80.0,129.0,1535.0,17,031,080201,1,170310802011
60.0,28.0,31.0,36.0,41.0,48.0,54.0,62.0,30.0,147.0,159.0,239.0,112.0,86.0,93.0,96.0,1322.0,17,031,080201,2,170310802012
15.0,10.0,14.0,17.0,8.0,8.0,15.0,13.0,30.0,15.0,38.0,58.0,18.0,24.0,50.0,28.0,361.0,17,031,080201,3,170310802013
38.0,19.0,29.0,8.0,5.0,13.0,21.0,16.0,12.0,80.0,52.0,59.0,99.0,21.0,27.0,30.0,529.0,17,031,080202,1,170310802021
46.0,39.0,61.0,45.0,24.0,25.0,22.0,28.0,38.0,84.0,108.0,119.0,110.0,40.0,38.0,73.0,900.0,17,031,080202,2,170310802022
121.0,37.0,70.0,48.0,71.0,81.0,91.0,152.0,49.0,187.0,161.0,203.0,137.0,143.0,267.0,267.0,2085.0,17,031,080202,3,170310802023
24.0,27.0,17.0,13.0,17.0,62.0,31.0,15.0,19.0,26.0,35.0,122.0,34.0,17.0,44.0,75.0,578.0,17,031,080300,1,170310803001
160.0,57.0,64.0,47.0,49.0,77.0,24.0,32.0,45.0,90.0,107.0,278.0,191.0,75.0,120.0,255.0,1671.0,17,031,080300,2,170310803002
65.0,22.0,24.0,39.0,39.0,13.0,41.0,23.0,13.0,40.0,43.0,106.0,132.0,67.0,102.0,139.0,908.0,17,031,080300,3,170310803003
122.0,32.0,36.0,37.0,27.0,19.0,42.0,38.0,20.0,42.0,134.0,179.0,173.0,62.0,86.0,251.0,1300.0,17,031,080300,4,170310803004
762.0,104.0,129.0,72.0,133.0,94.0,56.0,62.0,69.0,146.0,209.0,245.0,149.0,130.0,193.0,165.0,2718.0,17,031,080400,1,170310804001
248.0,17.0,17.0,61.0,21.0,17.0,14.0,35.0,16.0,21.0,38.0,46.0,30.0,20.0,26.0,30.0,657.0,17,031,080400,2,170310804002
39.0,31.0,38.0,30.0,65.0,38.0,28.0,36.0,33.0,96.0,71.0,112.0,56.0,107.0,375.0,336.0,1491.0,17,031,080400,3,170310804003
19.0,7.0,8.0,7.0,7.0,11.0,4.0,2.0,7.0,37.0,38.0,32.0,63.0,32.0,10.0,45.0,329.0,17,031,081000,1,170310810001
91.0,36.0,30.0,35.0,16.0,32.0,66.0,45.0,21.0,67.0,93.0,279.0,162.0,41.0,53.0,82.0,1149.0,17,031,081000,2,170310810002
83.0,22.0,20.0,60.0,14.0,25.0,24.0,51.0,53.0,37.0,60.0,149.0,38.0,20.0,40.0,64.0,760.0,17,031,081000,3,170310810003
195.0,85.0,23.0,76.0,85.0,42.0,51.0,39.0,17.0,61.0,70.0,158.0,81.0,35.0,59.0,53.0,1130.0,17,031,081000,4,170310810004
190.0,94.0,98.0,86.0,38.0,29.0,83.0,36.0,28.0,83.0,103.0,149.0,120.0,84.0,94.0,62.0,1377.0,17,031,081000,5,170310810005
212.0,68.0,89.0,99.0,37.0,35.0,26.0,46.0,14.0,99.0,136.0,178.0,136.0,40.0,51.0,106.0,1372.0,17,031,081000,6,170310810006
40.0,42.0,36.0,70.0,41.0,46.0,33.0,25.0,15.0,59.0,181.0,111.0,86.0,110.0,95.0,165.0,1155.0,17,031,081100,1,170310811001
186.0,153.0,54.0,41.0,32.0,68.0,37.0,38.0,26.0,66.0,98.0,125.0,161.0,90.0,93.0,77.0,1345.0,17,031,081100,2,170310811002
123.0,38.0,50.0,49.0,77.0,76.0,30.0,42.0,52.0,110.0,68.0,133.0,130.0,49.0,37.0,57.0,1121.0,17,031,081100,3,170310811003
23.0,25.0,39.0,37.0,39.0,21.0,52.0,27.0,23.0,80.0,89.0,74.0,112.0,66.0,67.0,246.0,1020.0,17,031,081201,1,170310812011
95.0,44.0,58.0,45.0,38.0,92.0,45.0,71.0,48.0,180.0,162.0,163.0,127.0,67.0,119.0,256.0,1610.0,17,031,081201,2,170310812012
74.0,131.0,84.0,52.0,70.0,55.0,86.0,37.0,41.0,146.0,230.0,170.0,149.0,98.0,87.0,112.0,1622.0,17,031,081201,3,170310812013
26.0,14.0,12.0,11.0,10.0,29.0,6.0,10.0,7.0,43.0,54.0,41.0,19.0,18.0,30.0,130.0,460.0,17,031,081202,1,170310812021
22.0,21.0,29.0,31.0,30.0,23.0,64.0,27.0,15.0,36.0,89.0,119.0,53.0,35.0,48.0,95.0,737.0,17,031,081202,2,170310812022
47.0,17.0,30.0,50.0,77.0,89.0,43.0,50.0,51.0,72.0,81.0,129.0,162.0,53.0,84.0,70.0,1105.0,17,031,081202,3,170310812023
44.0,21.0,27.0,24.0,15.0,66.0,20.0,44.0,23.0,59.0,66.0,91.0,93.0,40.0,137.0,126.0,896.0,17,031,081202,4,170310812024
57.0,23.0,12.0,43.0,49.0,33.0,53.0,29.0,16.0,37.0,55.0,87.0,70.0,54.0,25.0,53.0,696.0,17,031,081300,1,170310813001
21.0,31.0,43.0,8.0,18.0,12.0,11.0,12.0,10.0,26.0,74.0,45.0,72.0,25.0,31.0,64.0,503.0,17,031,081300,2,170310813002
35.0,24.0,16.0,23.0,23.0,44.0,24.0,36.0,21.0,52.0,66.0,82.0,58.0,90.0,54.0,151.0,799.0,17,031,081300,3,170310813003
141.0,66.0,53.0,49.0,67.0,78.0,64.0,52.0,71.0,79.0,162.0,179.0,161.0,108.0,167.0,281.0,1778.0,17,031,081300,4,170310813004
19.0,13.0,10.0,12.0,14.0,11.0,21.0,10.0,14.0,33.0,42.0,123.0,37.0,17.0,34.0,75.0,485.0,17,031,081300,5,170310813005
19.0,12.0,34.0,15.0,32.0,21.0,14.0,30.0,14.0,29.0,60.0,106.0,74.0,53.0,80.0,157.0,750.0,17,031,081300,6,170310813006
71.0,34.0,54.0,71.0,32.0,22.0,26.0,34.0,16.0,89.0,71.0,124.0,95.0,101.0,56.0,129.0,1025.0,17,031,081401,1,170310814011
191.0,76.0,82.0,79.0,44.0,39.0,31.0,39.0,37.0,85.0,79.0,146.0,167.0,146.0,53.0,139.0,1433.0,17,031,081401,2,170310814012
62.0,44.0,84.0,43.0,74.0,68.0,115.0,55.0,74.0,156.0,306.0,182.0,161.0,169.0,305.0,192.0,2090.0,17,031,081402,1,170310814021
123.0,43.0,44.0,41.0,36.0,49.0,77.0,46.0,33.0,94.0,129.0,120.0,131.0,95.0,193.0,236.0,1490.0,17,031,081402,2,170310814022
65.0,18.0,14.0,13.0,94.0,21.0,17.0,22.0,52.0,48.0,38.0,110.0,51.0,49.0,53.0,123.0,788.0,17,031,081402,3,170310814023
237.0,67.0,145.0,105.0,62.0,190.0,91.0,150.0,70.0,236.0,255.0,402.0,160.0,92.0,201.0,538.0,3001.0,17,031,081403,1,170310814031
93.0,48.0,48.0,36.0,58.0,92.0,36.0,99.0,63.0,123.0,155.0,86.0,114.0,61.0,81.0,96.0,1289.0,17,031,081403,2,170310814032
157.0,108.0,65.0,88.0,100.0,81.0,58.0,67.0,51.0,91.0,379.0,406.0,372.0,108.0,312.0,264.0,2707.0,17,031,081403,3,170310814033
64.0,51.0,30.0,32.0,24.0,62.0,34.0,44.0,55.0,110.0,219.0,202.0,133.0,92.0,114.0,178.0,1444.0,17,031,081500,1,170310815001
169.0,27.0,39.0,22.0,39.0,41.0,39.0,56.0,51.0,69.0,82.0,162.0,128.0,92.0,72.0,285.0,1373.0,17,031,081500,2,170310815002
147.0,48.0,92.0,66.0,93.0,44.0,27.0,33.0,70.0,92.0,111.0,170.0,130.0,123.0,83.0,220.0,1549.0,17,031,081500,3,170310815003
171.0,61.0,100.0,73.0,72.0,77.0,80.0,39.0,55.0,156.0,210.0,299.0,142.0,108.0,203.0,323.0,2169.0,17,031,081600,1,170310816001
103.0,41.0,26.0,20.0,25.0,37.0,69.0,20.0,20.0,44.0,141.0,146.0,70.0,58.0,52.0,121.0,993.0,17,031,081600,2,170310816002
35.0,33.0,19.0,70.0,27.0,28.0,19.0,23.0,20.0,77.0,91.0,137.0,158.0,45.0,100.0,88.0,970.0,17,031,081700,1,170310817001
147.0,75.0,102.0,131.0,59.0,115.0,121.0,129.0,62.0,223.0,207.0,308.0,271.0,203.0,202.0,271.0,2626.0,17,031,081700,2,170310817002
178.0,127.0,82.0,116.0,83.0,88.0,113.0,134.0,137.0,166.0,296.0,422.0,407.0,262.0,286.0,537.0,3434.0,17,031,081800,1,170310818001
187.0,58.0,68.0,93.0,77.0,105.0,108.0,57.0,96.0,206.0,208.0,456.0,323.0,106.0,205.0,332.0,2685.0,17,031,081800,2,170310818002
143.0,33.0,45.0,25.0,35.0,27.0,46.0,34.0,32.0,41.0,166.0,215.0,137.0,101.0,132.0,149.0,1361.0,17,031,081800,3,170310818003
155.0,43.0,32.0,48.0,35.0,37.0,30.0,32.0,26.0,67.0,63.0,119.0,97.0,81.0,111.0,171.0,1147.0,17,031,081900,1,170310819001
35.0,38.0,22.0,41.0,30.0,44.0,63.0,33.0,36.0,77.0,110.0,188.0,84.0,70.0,117.0,43.0,1031.0,17,031,090100,1,170310901001
55.0,35.0,64.0,37.0,26.0,45.0,27.0,45.0,65.0,116.0,123.0,126.0,69.0,45.0,127.0,85.0,1090.0,17,031,090100,2,170310901002
20.0,9.0,31.0,32.0,25.0,56.0,13.0,29.0,11.0,53.0,48.0,80.0,53.0,78.0,33.0,48.0,619.0,17,031,090100,3,170310901003
37.0,21.0,23.0,22.0,10.0,15.0,11.0,20.0,31.0,23.0,39.0,58.0,74.0,43.0,44.0,25.0,496.0,17,031,090100,4,170310901004
54.0,15.0,45.0,40.0,27.0,64.0,40.0,93.0,23.0,84.0,74.0,175.0,95.0,39.0,71.0,159.0,1098.0,17,031,090200,1,170310902001
57.0,59.0,37.0,18.0,33.0,25.0,67.0,27.0,39.0,40.0,100.0,164.0,204.0,142.0,126.0,60.0,1198.0,17,031,090200,2,170310902002
54.0,38.0,58.0,110.0,134.0,84.0,68.0,64.0,61.0,120.0,199.0,267.0,180.0,89.0,106.0,80.0,1712.0,17,031,090200,3,170310902003
71.0,63.0,52.0,67.0,40.0,108.0,114.0,53.0,40.0,150.0,213.0,296.0,162.0,100.0,168.0,136.0,1833.0,17,031,090200,4,170310902004
21.0,7.0,24.0,15.0,9.0,23.0,37.0,12.0,8.0,31.0,32.0,34.0,55.0,18.0,53.0,156.0,535.0,17,031,090200,5,170310902005
65.0,38.0,31.0,109.0,44.0,47.0,35.0,63.0,36.0,89.0,103.0,241.0,151.0,64.0,109.0,92.0,1317.0,17,031,090300,1,170310903001
46.0,50.0,88.0,20.0,37.0,28.0,47.0,12.0,18.0,65.0,95.0,98.0,78.0,71.0,58.0,29.0,840.0,17,031,100100,1,170311001001
136.0,51.0,37.0,69.0,44.0,85.0,117.0,50.0,65.0,74.0,309.0,246.0,108.0,61.0,134.0,127.0,1713.0,17,031,100100,2,170311001002
46.0,16.0,35.0,65.0,24.0,34.0,26.0,51.0,72.0,84.0,69.0,128.0,76.0,87.0,73.0,46.0,932.0,17,031,100100,3,170311001003
22.0,28.0,16.0,23.0,54.0,32.0,7.0,15.0,9.0,27.0,119.0,88.0,96.0,108.0,76.0,60.0,780.0,17,031,100100,4,170311001004
113.0,86.0,107.0,45.0,57.0,63.0,30.0,27.0,22.0,52.0,114.0,206.0,156.0,89.0,77.0,127.0,1371.0,17,031,100100,5,170311001005
63.0,95.0,25.0,28.0,23.0,84.0,64.0,62.0,62.0,100.0,97.0,153.0,178.0,72.0,55.0,61.0,1222.0,17,031,100200,1,170311002001
18.0,9.0,15.0,27.0,13.0,15.0,11.0,16.0,43.0,21.0,17.0,138.0,113.0,29.0,58.0,24.0,567.0,17,031,100200,2,170311002002
43.0,36.0,34.0,52.0,57.0,37.0,99.0,61.0,29.0,48.0,177.0,159.0,79.0,191.0,121.0,79.0,1302.0,17,031,100200,3,170311002003
72.0,22.0,34.0,16.0,32.0,21.0,39.0,69.0,16.0,82.0,95.0,177.0,35.0,28.0,52.0,74.0,864.0,17,031,100200,4,170311002004
27.0,16.0,58.0,44.0,16.0,17.0,48.0,52.0,31.0,53.0,61.0,132.0,42.0,94.0,28.0,36.0,755.0,17,031,100200,5,170311002005
57.0,47.0,31.0,59.0,27.0,23.0,23.0,31.0,21.0,60.0,75.0,245.0,154.0,83.0,91.0,78.0,1105.0,17,031,100200,6,170311002006
32.0,15.0,55.0,10.0,61.0,41.0,15.0,9.0,15.0,39.0,36.0,81.0,49.0,14.0,67.0,34.0,573.0,17,031,100200,7,170311002007
61.0,14.0,95.0,35.0,15.0,18.0,18.0,15.0,15.0,38.0,78.0,104.0,74.0,90.0,97.0,49.0,816.0,17,031,100300,1,170311003001
43.0,19.0,26.0,30.0,45.0,26.0,33.0,44.0,19.0,148.0,120.0,79.0,88.0,62.0,60.0,55.0,897.0,17,031,100300,2,170311003002
42.0,13.0,18.0,22.0,57.0,9.0,21.0,48.0,16.0,30.0,74.0,102.0,116.0,22.0,31.0,115.0,736.0,17,031,100300,3,170311003003
162.0,38.0,52.0,44.0,48.0,27.0,24.0,21.0,25.0,68.0,53.0,269.0,84.0,80.0,49.0,133.0,1177.0,17,031,100300,4,170311003004
30.0,19.0,31.0,30.0,39.0,45.0,53.0,13.0,32.0,51.0,93.0,122.0,133.0,31.0,57.0,79.0,858.0,17,031,100300,5,170311003005
152.0,55.0,114.0,68.0,57.0,49.0,107.0,42.0,38.0,55.0,116.0,94.0,60.0,54.0,41.0,56.0,1158.0,17,031,100300,6,170311003006
26.0,18.0,28.0,40.0,17.0,38.0,21.0,48.0,20.0,35.0,73.0,156.0,105.0,49.0,83.0,57.0,814.0,17,031,100400,1,170311004001
86.0,21.0,20.0,48.0,31.0,43.0,20.0,21.0,30.0,119.0,117.0,118.0,61.0,53.0,101.0,57.0,946.0,17,031,100400,2,170311004002
104.0,32.0,40.0,30.0,63.0,56.0,35.0,49.0,40.0,89.0,109.0,169.0,100.0,128.0,119.0,71.0,1234.0,17,031,100400,3,170311004003
54.0,16.0,48.0,38.0,22.0,21.0,41.0,16.0,24.0,23.0,94.0,284.0,61.0,53.0,44.0,28.0,867.0,17,031,100500,1,170311005001
27.0,43.0,19.0,17.0,79.0,18.0,30.0,18.0,16.0,27.0,73.0,60.0,102.0,30.0,102.0,111.0,772.0,17,031,100500,2,170311005002
21.0,17.0,23.0,10.0,11.0,27.0,28.0,68.0,14.0,37.0,60.0,61.0,35.0,19.0,46.0,29.0,506.0,17,031,100500,3,170311005003
36.0,52.0,46.0,63.0,18.0,34.0,54.0,27.0,61.0,77.0,114.0,143.0,150.0,52.0,76.0,96.0,1099.0,17,031,100500,4,170311005004
85.0,67.0,61.0,99.0,63.0,63.0,135.0,74.0,56.0,168.0,102.0,256.0,185.0,131.0,196.0,137.0,1878.0,17,031,100500,5,170311005005
55.0,72.0,73.0,60.0,49.0,33.0,40.0,73.0,18.0,87.0,79.0,139.0,104.0,111.0,43.0,48.0,1084.0,17,031,100600,1,170311006001
50.0,28.0,51.0,101.0,41.0,30.0,200.0,47.0,59.0,128.0,163.0,138.0,171.0,41.0,105.0,82.0,1435.0,17,031,100600,2,170311006002
42.0,28.0,77.0,32.0,30.0,34.0,28.0,51.0,32.0,92.0,96.0,153.0,98.0,134.0,47.0,104.0,1078.0,17,031,100600,3,170311006003
68.0,47.0,25.0,93.0,117.0,51.0,56.0,119.0,111.0,137.0,134.0,201.0,185.0,98.0,117.0,69.0,1628.0,17,031,100600,4,170311006004
32.0,47.0,25.0,65.0,27.0,19.0,18.0,12.0,36.0,42.0,73.0,146.0,130.0,62.0,43.0,63.0,840.0,17,031,100700,1,170311007001
36.0,28.0,19.0,32.0,45.0,29.0,13.0,42.0,9.0,80.0,63.0,101.0,73.0,43.0,63.0,69.0,745.0,17,031,100700,2,170311007002
80.0,34.0,36.0,36.0,84.0,39.0,36.0,19.0,39.0,53.0,91.0,157.0,159.0,66.0,91.0,90.0,1110.0,17,031,100700,3,170311007003
32.0,35.0,81.0,82.0,62.0,40.0,35.0,26.0,24.0,115.0,98.0,152.0,82.0,75.0,60.0,33.0,1032.0,17,031,100700,4,170311007004
46.0,50.0,54.0,21.0,55.0,34.0,39.0,23.0,32.0,101.0,118.0,182.0,74.0,41.0,60.0,45.0,975.0,17,031,100700,5,170311007005
117.0,76.0,38.0,92.0,65.0,51.0,48.0,30.0,55.0,143.0,119.0,228.0,171.0,154.0,234.0,176.0,1797.0,17,031,110100,1,170311101001
114.0,25.0,36.0,102.0,99.0,105.0,33.0,75.0,30.0,85.0,92.0,146.0,113.0,51.0,160.0,64.0,1330.0,17,031,110100,2,170311101002
50.0,7.0,11.0,61.0,27.0,11.0,8.0,55.0,4.0,66.0,27.0,25.0,43.0,15.0,15.0,17.0,442.0,17,031,110100,3,170311101003
66.0,22.0,27.0,47.0,33.0,57.0,46.0,74.0,118.0,83.0,61.0,90.0,77.0,69.0,48.0,71.0,989.0,17,031,110100,4,170311101004
45.0,30.0,59.0,45.0,29.0,72.0,41.0,46.0,19.0,90.0,118.0,210.0,143.0,111.0,78.0,195.0,1331.0,17,031,110100,5,170311101005
107.0,23.0,118.0,45.0,62.0,116.0,76.0,34.0,46.0,137.0,173.0,315.0,144.0,74.0,71.0,78.0,1619.0,17,031,110200,1,170311102001
79.0,112.0,120.0,55.0,50.0,71.0,46.0,32.0,35.0,109.0,102.0,212.0,127.0,86.0,79.0,66.0,1381.0,17,031,110200,2,170311102002
42.0,17.0,33.0,17.0,15.0,15.0,43.0,38.0,10.0,48.0,39.0,93.0,48.0,44.0,34.0,40.0,576.0,17,031,110300,1,170311103001
52.0,26.0,122.0,44.0,36.0,47.0,90.0,70.0,21.0,80.0,142.0,265.0,83.0,67.0,96.0,71.0,1312.0,17,031,110300,2,170311103002
40.0,69.0,34.0,29.0,48.0,94.0,22.0,28.0,15.0,68.0,114.0,83.0,86.0,73.0,53.0,80.0,936.0,17,031,110300,3,170311103003
46.0,84.0,88.0,74.0,26.0,56.0,28.0,46.0,40.0,73.0,109.0,119.0,142.0,232.0,194.0,79.0,1436.0,17,031,110300,4,170311103004
47.0,55.0,40.0,32.0,38.0,29.0,35.0,58.0,13.0,64.0,102.0,139.0,112.0,85.0,132.0,37.0,1018.0,17,031,110300,5,170311103005
105.0,65.0,102.0,107.0,73.0,83.0,44.0,94.0,30.0,105.0,235.0,323.0,160.0,125.0,164.0,83.0,1898.0,17,031,110400,1,170311104001
57.0,62.0,79.0,74.0,87.0,128.0,101.0,49.0,71.0,104.0,160.0,232.0,158.0,103.0,108.0,102.0,1675.0,17,031,110400,2,170311104002
40.0,59.0,91.0,73.0,28.0,34.0,23.0,33.0,14.0,35.0,89.0,86.0,118.0,37.0,29.0,46.0,835.0,17,031,110400,3,170311104003
41.0,27.0,24.0,35.0,30.0,42.0,100.0,74.0,29.0,41.0,73.0,174.0,116.0,64.0,80.0,97.0,1047.0,17,031,110501,1,170311105011
47.0,35.0,15.0,16.0,34.0,41.0,15.0,11.0,29.0,38.0,83.0,42.0,45.0,98.0,32.0,20.0,601.0,17,031,110501,2,170311105012
82.0,246.0,57.0,95.0,43.0,119.0,114.0,101.0,48.0,131.0,282.0,359.0,152.0,118.0,105.0,91.0,2143.0,17,031,110501,3,170311105013
31.0,5.0,33.0,13.0,15.0,16.0,10.0,35.0,10.0,14.0,67.0,38.0,67.0,10.0,9.0,14.0,387.0,17,031,110501,4,170311105014
17.0,39.0,20.0,8.0,22.0,10.0,17.0,24.0,33.0,39.0,25.0,28.0,38.0,68.0,18.0,13.0,419.0,17,031,110501,5,170311105015
127.0,49.0,114.0,78.0,119.0,101.0,50.0,27.0,98.0,87.0,108.0,164.0,106.0,48.0,61.0,77.0,1414.0,17,031,110502,1,170311105021
155.0,90.0,52.0,110.0,129.0,90.0,90.0,56.0,160.0,195.0,271.0,297.0,192.0,162.0,103.0,68.0,2220.0,17,031,110502,2,170311105022
91.0,35.0,48.0,45.0,75.0,43.0,33.0,78.0,31.0,117.0,91.0,172.0,150.0,157.0,192.0,83.0,1441.0,17,031,120100,1,170311201001
33.0,25.0,40.0,25.0,36.0,53.0,17.0,41.0,32.0,95.0,65.0,83.0,86.0,39.0,64.0,204.0,938.0,17,031,120100,2,170311201002
46.0,9.0,11.0,19.0,40.0,11.0,20.0,17.0,11.0,33.0,31.0,79.0,37.0,36.0,62.0,78.0,540.0,17,031,120100,3,170311201003
74.0,53.0,21.0,28.0,35.0,28.0,32.0,55.0,36.0,114.0,93.0,109.0,73.0,78.0,148.0,71.0,1048.0,17,031,120100,4,170311201004
65.0,85.0,96.0,40.0,50.0,61.0,70.0,46.0,90.0,93.0,160.0,173.0,181.0,97.0,153.0,135.0,1595.0,17,031,120200,1,170311202001
23.0,19.0,32.0,20.0,21.0,38.0,20.0,16.0,19.0,52.0,48.0,46.0,68.0,111.0,70.0,59.0,662.0,17,031,120200,2,170311202002
58.0,38.0,25.0,31.0,39.0,51.0,32.0,79.0,25.0,50.0,156.0,123.0,142.0,146.0,75.0,183.0,1253.0,17,031,120200,3,170311202003
53.0,19.0,54.0,32.0,64.0,46.0,24.0,28.0,74.0,49.0,119.0,142.0,104.0,42.0,94.0,75.0,1019.0,17,031,120200,4,170311202004
79.0,16.0,25.0,27.0,98.0,24.0,40.0,52.0,21.0,35.0,75.0,151.0,67.0,84.0,48.0,156.0,998.0,17,031,120300,1,170311203001
52.0,54.0,36.0,41.0,31.0,51.0,152.0,28.0,33.0,49.0,207.0,177.0,203.0,64.0,66.0,88.0,1332.0,17,031,120300,2,170311203002
78.0,51.0,51.0,36.0,59.0,60.0,45.0,54.0,73.0,56.0,170.0,141.0,218.0,135.0,130.0,270.0,1627.0,17,031,120300,3,170311203003
50.0,32.0,31.0,22.0,90.0,19.0,45.0,15.0,17.0,27.0,104.0,70.0,83.0,45.0,29.0,131.0,810.0,17,031,120300,4,170311203004
27.0,6.0,10.0,8.0,16.0,16.0,14.0,12.0,5.0,21.0,45.0,42.0,80.0,67.0,102.0,77.0,548.0,17,031,120300,5,170311203005
30.0,17.0,40.0,44.0,16.0,19.0,10.0,65.0,11.0,34.0,68.0,83.0,61.0,52.0,56.0,202.0,808.0,17,031,120300,6,170311203006
25.0,17.0,26.0,41.0,47.0,34.0,33.0,49.0,32.0,60.0,105.0,127.0,90.0,88.0,125.0,143.0,1042.0,17,031,120400,1,170311204001
86.0,26.0,32.0,131.0,52.0,39.0,25.0,21.0,59.0,84.0,113.0,173.0,68.0,117.0,65.0,57.0,1148.0,17,031,120400,2,170311204002
146.0,67.0,56.0,88.0,32.0,121.0,69.0,29.0,47.0,105.0,151.0,183.0,137.0,134.0,126.0,57.0,1548.0,17,031,120400,3,170311204003
60.0,17.0,23.0,31.0,40.0,54.0,50.0,27.0,33.0,72.0,94.0,164.0,55.0,80.0,51.0,101.0,952.0,17,031,130100,1,170311301001
252.0,189.0,264.0,158.0,133.0,113.0,55.0,51.0,96.0,81.0,163.0,165.0,106.0,65.0,107.0,100.0,2098.0,17,031,130100,2,170311301002
86.0,30.0,45.0,126.0,81.0,80.0,97.0,66.0,135.0,100.0,170.0,186.0,98.0,94.0,233.0,173.0,1800.0,17,031,130100,3,170311301003
114.0,64.0,76.0,81.0,44.0,56.0,71.0,48.0,37.0,135.0,124.0,260.0,96.0,111.0,127.0,145.0,1589.0,17,031,130200,1,170311302001
101.0,2.0,20.0,24.0,41.0,6.0,29.0,30.0,12.0,23.0,70.0,50.0,66.0,20.0,25.0,28.0,547.0,17,031,130300,1,170311303001
33.0,20.0,42.0,54.0,13.0,59.0,80.0,31.0,22.0,84.0,117.0,159.0,95.0,89.0,71.0,54.0,1023.0,17,031,130300,2,170311303002
85.0,36.0,51.0,101.0,95.0,73.0,79.0,57.0,45.0,183.0,146.0,214.0,177.0,155.0,85.0,92.0,1674.0,17,031,130300,3,170311303003
162.0,59.0,133.0,124.0,45.0,70.0,48.0,86.0,194.0,184.0,157.0,305.0,129.0,88.0,137.0,72.0,1993.0,17,031,130300,4,170311303004
152.0,50.0,144.0,207.0,126.0,93.0,72.0,131.0,63.0,184.0,193.0,145.0,108.0,95.0,73.0,92.0,1928.0,17,031,140100,1,170311401001
182.0,94.0,68.0,204.0,61.0,76.0,105.0,63.0,92.0,231.0,253.0,292.0,136.0,61.0,132.0,85.0,2135.0,17,031,140100,2,170311401002
95.0,49.0,48.0,105.0,59.0,63.0,55.0,81.0,46.0,103.0,148.0,127.0,107.0,101.0,58.0,57.0,1302.0,17,031,140200,1,170311402001
251.0,58.0,39.0,61.0,75.0,37.0,60.0,38.0,45.0,66.0,118.0,188.0,110.0,54.0,40.0,56.0,1296.0,17,031,140200,2,170311402002
130.0,48.0,54.0,72.0,169.0,74.0,85.0,155.0,49.0,220.0,258.0,291.0,115.0,74.0,153.0,168.0,2115.0,17,031,140200,3,170311402003
85.0,88.0,55.0,19.0,70.0,18.0,21.0,44.0,22.0,91.0,97.0,142.0,92.0,60.0,97.0,70.0,1071.0,17,031,140301,1,170311403011
86.0,101.0,53.0,52.0,158.0,65.0,102.0,44.0,36.0,138.0,125.0,249.0,169.0,107.0,74.0,103.0,1662.0,17,031,140301,2,170311403012
39.0,65.0,124.0,57.0,21.0,60.0,48.0,28.0,99.0,67.0,164.0,167.0,61.0,64.0,44.0,41.0,1149.0,17,031,140302,1,170311403021
51.0,25.0,39.0,89.0,58.0,39.0,81.0,115.0,29.0,68.0,239.0,270.0,175.0,114.0,60.0,60.0,1512.0,17,031,140302,2,170311403022
107.0,78.0,74.0,50.0,125.0,78.0,67.0,33.0,33.0,168.0,196.0,127.0,98.0,77.0,55.0,91.0,1457.0,17,031,140302,3,170311403023
37.0,28.0,48.0,171.0,135.0,38.0,92.0,84.0,21.0,88.0,140.0,202.0,71.0,100.0,117.0,55.0,1427.0,17,031,140400,1,170311404001
45.0,43.0,50.0,97.0,71.0,77.0,90.0,77.0,65.0,79.0,152.0,139.0,159.0,105.0,324.0,91.0,1664.0,17,031,140400,2,170311404002
46.0,71.0,25.0,29.0,22.0,51.0,106.0,45.0,58.0,103.0,138.0,112.0,49.0,31.0,76.0,142.0,1104.0,17,031,140400,3,170311404003
95.0,76.0,65.0,99.0,58.0,32.0,29.0,79.0,41.0,72.0,69.0,252.0,86.0,74.0,52.0,70.0,1249.0,17,031,140400,4,170311404004
148.0,67.0,83.0,98.0,94.0,66.0,53.0,43.0,123.0,120.0,126.0,190.0,167.0,109.0,108.0,116.0,1711.0,17,031,140400,5,170311404005
44.0,38.0,30.0,49.0,104.0,82.0,67.0,26.0,11.0,90.0,143.0,204.0,79.0,64.0,55.0,90.0,1176.0,17,031,140500,1,170311405001
78.0,31.0,67.0,121.0,81.0,72.0,135.0,59.0,108.0,205.0,113.0,237.0,115.0,76.0,113.0,65.0,1676.0,17,031,140500,2,170311405002
81.0,33.0,106.0,60.0,62.0,75.0,26.0,31.0,57.0,97.0,114.0,138.0,128.0,83.0,58.0,98.0,1247.0,17,031,140500,3,170311405003
235.0,216.0,135.0,179.0,107.0,78.0,113.0,150.0,145.0,290.0,236.0,304.0,274.0,225.0,122.0,156.0,2965.0,17,031,140601,1,170311406011
93.0,27.0,68.0,25.0,37.0,53.0,65.0,33.0,172.0,146.0,87.0,117.0,55.0,96.0,36.0,38.0,1148.0,17,031,140602,1,170311406021
115.0,90.0,107.0,101.0,137.0,47.0,85.0,100.0,167.0,125.0,198.0,258.0,221.0,84.0,163.0,90.0,2088.0,17,031,140602,2,170311406022
115.0,78.0,25.0,114.0,24.0,36.0,91.0,28.0,142.0,142.0,69.0,142.0,83.0,33.0,58.0,48.0,1228.0,17,031,140602,3,170311406023
179.0,38.0,53.0,63.0,154.0,51.0,21.0,23.0,32.0,60.0,157.0,94.0,66.0,42.0,48.0,45.0,1126.0,17,031,140602,4,170311406024
109.0,29.0,74.0,37.0,61.0,52.0,35.0,42.0,46.0,83.0,100.0,135.0,190.0,80.0,81.0,88.0,1242.0,17,031,140701,1,170311407011
51.0,38.0,67.0,45.0,29.0,71.0,66.0,97.0,22.0,95.0,168.0,157.0,52.0,54.0,55.0,57.0,1124.0,17,031,140701,2,170311407012
117.0,117.0,209.0,105.0,111.0,65.0,88.0,32.0,37.0,110.0,203.0,236.0,237.0,58.0,55.0,66.0,1846.0,17,031,140702,1,170311407021
73.0,146.0,71.0,95.0,55.0,55.0,39.0,43.0,51.0,152.0,153.0,120.0,183.0,89.0,60.0,54.0,1439.0,17,031,140702,2,170311407022
95.0,125.0,50.0,107.0,34.0,82.0,73.0,31.0,42.0,110.0,181.0,224.0,95.0,96.0,81.0,93.0,1519.0,17,031,140702,3,170311407023
136.0,21.0,32.0,60.0,25.0,91.0,64.0,67.0,135.0,94.0,150.0,200.0,84.0,48.0,96.0,100.0,1403.0,17,031,140702,4,170311407024
49.0,75.0,134.0,46.0,20.0,27.0,30.0,47.0,28.0,111.0,68.0,146.0,121.0,64.0,41.0,37.0,1044.0,17,031,140800,1,170311408001
26.0,64.0,25.0,37.0,28.0,57.0,10.0,13.0,19.0,22.0,32.0,88.0,105.0,25.0,59.0,116.0,726.0,17,031,140800,2,170311408002
113.0,45.0,37.0,103.0,31.0,49.0,35.0,26.0,31.0,60.0,140.0,144.0,76.0,70.0,103.0,176.0,1239.0,17,031,140800,3,170311408003
82.0,59.0,27.0,80.0,94.0,140.0,24.0,34.0,21.0,90.0,181.0,83.0,169.0,34.0,59.0,52.0,1229.0,17,031,140800,4,170311408004
124.0,73.0,89.0,131.0,101.0,139.0,63.0,118.0,56.0,261.0,350.0,447.0,279.0,195.0,283.0,239.0,2948.0,17,031,140800,5,170311408005
46.0,31.0,64.0,27.0,51.0,57.0,52.0,59.0,51.0,67.0,110.0,253.0,144.0,57.0,52.0,38.0,1159.0,17,031,150200,1,170311502001
88.0,60.0,104.0,139.0,58.0,55.0,43.0,35.0,35.0,133.0,183.0,250.0,247.0,65.0,55.0,106.0,1656.0,17,031,150200,2,170311502002
154.0,53.0,94.0,96.0,36.0,147.0,42.0,36.0,91.0,113.0,200.0,144.0,137.0,143.0,66.0,70.0,1622.0,17,031,150200,3,170311502003
134.0,128.0,36.0,68.0,61.0,84.0,46.0,92.0,37.0,123.0,124.0,224.0,157.0,64.0,111.0,93.0,1582.0,17,031,150200,4,170311502004
196.0,47.0,65.0,43.0,130.0,75.0,153.0,73.0,41.0,155.0,259.0,136.0,168.0,65.0,78.0,68.0,1752.0,17,031,150200,5,170311502005
56.0,18.0,89.0,56.0,30.0,41.0,15.0,31.0,23.0,80.0,78.0,203.0,112.0,54.0,97.0,44.0,1027.0,17,031,150300,1,170311503001
103.0,74.0,33.0,100.0,33.0,34.0,20.0,41.0,80.0,121.0,219.0,144.0,99.0,52.0,44.0,48.0,1245.0,17,031,150300,2,170311503002
89.0,26.0,26.0,77.0,36.0,53.0,25.0,50.0,18.0,118.0,166.0,169.0,53.0,102.0,160.0,50.0,1218.0,17,031,150300,3,170311503003
27.0,28.0,41.0,59.0,21.0,22.0,16.0,38.0,47.0,46.0,68.0,178.0,92.0,43.0,71.0,43.0,840.0,17,031,150300,4,170311503004
55.0,24.0,19.0,17.0,35.0,15.0,16.0,66.0,26.0,57.0,139.0,54.0,138.0,30.0,30.0,62.0,783.0,17,031,150300,5,170311503005
98.0,47.0,27.0,24.0,57.0,30.0,37.0,20.0,37.0,86.0,143.0,227.0,86.0,40.0,32.0,45.0,1036.0,17,031,150300,6,170311503006
39.0,72.0,95.0,58.0,35.0,66.0,41.0,24.0,172.0,73.0,103.0,144.0,191.0,63.0,88.0,69.0,1333.0,17,031,150300,7,170311503007
114.0,42.0,103.0,38.0,61.0,42.0,34.0,57.0,37.0,117.0,225.0,224.0,177.0,73.0,64.0,77.0,1485.0,17,031,150401,1,170311504011
185.0,45.0,91.0,121.0,49.0,42.0,47.0,39.0,83.0,105.0,107.0,208.0,150.0,115.0,122.0,65.0,1574.0,17,031,150401,2,170311504012
81.0,35.0,21.0,116.0,44.0,84.0,22.0,67.0,22.0,57.0,73.0,180.0,122.0,49.0,68.0,113.0,1154.0,17,031,150401,3,170311504013
35.0,69.0,24.0,15.0,35.0,21.0,24.0,65.0,11.0,32.0,53.0,65.0,44.0,16.0,21.0,29.0,559.0,17,031,150401,4,170311504014
82.0,10.0,42.0,52.0,14.0,9.0,17.0,11.0,32.0,34.0,70.0,64.0,41.0,25.0,36.0,25.0,564.0,17,031,150402,1,170311504021
123.0,78.0,26.0,29.0,54.0,55.0,104.0,52.0,40.0,116.0,139.0,98.0,102.0,53.0,70.0,51.0,1190.0,17,031,150402,2,170311504022
64.0,48.0,115.0,45.0,58.0,174.0,82.0,86.0,89.0,103.0,249.0,263.0,166.0,88.0,212.0,73.0,1915.0,17,031,150402,3,170311504023
73.0,71.0,86.0,61.0,61.0,58.0,39.0,111.0,63.0,119.0,139.0,109.0,78.0,76.0,51.0,66.0,1261.0,17,031,150501,1,170311505011
29.0,31.0,49.0,30.0,47.0,52.0,36.0,28.0,12.0,57.0,152.0,152.0,97.0,60.0,31.0,37.0,900.0,17,031,150501,2,170311505012
66.0,54.0,81.0,56.0,37.0,73.0,60.0,55.0,22.0,71.0,106.0,290.0,219.0,176.0,157.0,42.0,1565.0,17,031,150501,3,170311505013
90.0,56.0,66.0,95.0,45.0,127.0,50.0,52.0,48.0,209.0,147.0,112.0,131.0,41.0,69.0,74.0,1412.0,17,031,150502,1,170311505021
87.0,30.0,59.0,42.0,96.0,26.0,110.0,51.0,92.0,88.0,109.0,66.0,150.0,43.0,29.0,39.0,1117.0,17,031,150502,2,170311505022
172.0,31.0,55.0,86.0,64.0,163.0,57.0,112.0,50.0,121.0,134.0,225.0,100.0,70.0,159.0,100.0,1699.0,17,031,150502,3,170311505023
48.0,143.0,57.0,50.0,26.0,44.0,54.0,77.0,21.0,133.0,173.0,162.0,61.0,53.0,89.0,54.0,1245.0,17,031,150600,1,170311506001
44.0,24.0,23.0,15.0,36.0,37.0,14.0,27.0,48.0,54.0,101.0,137.0,53.0,19.0,21.0,30.0,683.0,17,031,150600,2,170311506002
33.0,23.0,29.0,38.0,28.0,50.0,46.0,87.0,29.0,51.0,84.0,75.0,155.0,73.0,82.0,55.0,938.0,17,031,150600,3,170311506003
64.0,23.0,26.0,33.0,38.0,103.0,23.0,67.0,27.0,108.0,75.0,125.0,122.0,54.0,22.0,69.0,979.0,17,031,150600,4,170311506004
37.0,48.0,34.0,71.0,29.0,94.0,26.0,33.0,43.0,71.0,98.0,225.0,63.0,39.0,110.0,62.0,1083.0,17,031,150700,1,170311507001
94.0,67.0,72.0,41.0,98.0,60.0,70.0,38.0,53.0,170.0,98.0,255.0,67.0,49.0,102.0,73.0,1407.0,17,031,150700,2,170311507002
26.0,22.0,21.0,31.0,72.0,54.0,39.0,34.0,29.0,108.0,110.0,116.0,94.0,63.0,73.0,41.0,933.0,17,031,150700,3,170311507003
44.0,32.0,25.0,112.0,57.0,45.0,29.0,62.0,15.0,156.0,134.0,170.0,121.0,94.0,47.0,33.0,1176.0,17,031,150700,4,170311507004
67.0,22.0,40.0,19.0,21.0,81.0,90.0,61.0,19.0,56.0,119.0,97.0,100.0,69.0,64.0,61.0,986.0,17,031,150800,1,170311508001
54.0,18.0,99.0,38.0,82.0,79.0,27.0,23.0,41.0,98.0,87.0,156.0,79.0,42.0,60.0,40.0,1023.0,17,031,150800,2,170311508002
62.0,85.0,48.0,22.0,82.0,75.0,76.0,72.0,61.0,65.0,98.0,160.0,76.0,89.0,83.0,76.0,1230.0,17,031,150800,3,170311508003
40.0,63.0,32.0,56.0,41.0,122.0,123.0,48.0,32.0,103.0,309.0,340.0,73.0,47.0,92.0,57.0,1578.0,17,031,150800,4,170311508004
20.0,49.0,11.0,9.0,15.0,33.0,26.0,18.0,21.0,28.0,54.0,114.0,91.0,32.0,46.0,26.0,593.0,17,031,150800,5,170311508005
186.0,81.0,87.0,73.0,104.0,152.0,56.0,90.0,90.0,192.0,132.0,225.0,125.0,102.0,91.0,111.0,1897.0,17,031,151001,1,170311510011
83.0,17.0,47.0,77.0,32.0,10.0,25.0,42.0,31.0,29.0,75.0,65.0,27.0,19.0,20.0,26.0,625.0,17,031,151001,2,170311510012
100.0,75.0,36.0,28.0,67.0,91.0,81.0,32.0,43.0,121.0,169.0,91.0,63.0,32.0,41.0,43.0,1113.0,17,031,151002,1,170311510021
67.0,27.0,31.0,50.0,99.0,56.0,51.0,80.0,91.0,79.0,87.0,158.0,130.0,141.0,40.0,61.0,1248.0,17,031,151002,2,170311510022
105.0,106.0,86.0,92.0,112.0,54.0,86.0,113.0,70.0,198.0,147.0,191.0,163.0,51.0,70.0,85.0,1729.0,17,031,151002,3,170311510023
10.0,35.0,15.0,50.0,74.0,10.0,38.0,30.0,11.0,52.0,54.0,62.0,69.0,19.0,29.0,18.0,576.0,17,031,151002,4,170311510024
69.0,65.0,58.0,65.0,106.0,90.0,53.0,62.0,66.0,164.0,183.0,259.0,131.0,124.0,76.0,72.0,1643.0,17,031,151100,1,170311511001
50.0,97.0,136.0,55.0,81.0,64.0,70.0,26.0,97.0,147.0,116.0,189.0,93.0,44.0,56.0,47.0,1368.0,17,031,151100,2,170311511002
83.0,36.0,37.0,128.0,53.0,61.0,37.0,23.0,37.0,63.0,83.0,97.0,88.0,54.0,35.0,60.0,975.0,17,031,151100,3,170311511003
156.0,59.0,24.0,184.0,24.0,119.0,62.0,64.0,52.0,100.0,90.0,195.0,66.0,43.0,88.0,41.0,1367.0,17,031,151100,4,170311511004
69.0,36.0,57.0,52.0,60.0,65.0,106.0,29.0,40.0,108.0,152.0,151.0,61.0,74.0,36.0,43.0,1139.0,17,031,151200,1,170311512001
85.0,32.0,143.0,44.0,52.0,43.0,104.0,58.0,79.0,162.0,153.0,191.0,187.0,62.0,110.0,83.0,1588.0,17,031,151200,2,170311512002
48.0,72.0,65.0,33.0,28.0,46.0,29.0,20.0,29.0,50.0,127.0,134.0,76.0,78.0,60.0,32.0,927.0,17,031,151200,3,170311512003
98.0,54.0,59.0,65.0,65.0,69.0,96.0,48.0,155.0,136.0,166.0,196.0,150.0,67.0,59.0,66.0,1549.0,17,031,160100,1,170311601001
44.0,30.0,48.0,26.0,32.0,10.0,44.0,80.0,91.0,56.0,154.0,135.0,116.0,92.0,45.0,52.0,1055.0,17,031,160100,2,170311601002
28.0,41.0,38.0,16.0,59.0,41.0,49.0,24.0,33.0,60.0,59.0,43.0,43.0,30.0,20.0,16.0,600.0,17,031,160200,1,170311602001
44.0,93.0,24.0,23.0,20.0,20.0,30.0,87.0,19.0,110.0,113.0,199.0,45.0,50.0,43.0,36.0,956.0,17,031,160200,2,170311602002
47.0,49.0,23.0,43.0,8.0,30.0,14.0,43.0,13.0,23.0,33.0,52.0,29.0,28.0,58.0,124.0,617.0,17,031,160200,3,170311602003
50.0,35.0,84.0,56.0,34.0,86.0,110.0,117.0,35.0,63.0,119.0,199.0,220.0,90.0,109.0,173.0,1580.0,17,031,160200,4,170311602004
108.0,38.0,147.0,89.0,130.0,66.0,76.0,107.0,61.0,134.0,164.0,180.0,126.0,72.0,54.0,46.0,1598.0,17,031,160300,1,170311603001
164.0,95.0,69.0,31.0,27.0,37.0,60.0,38.0,70.0,75.0,68.0,127.0,65.0,26.0,37.0,36.0,1025.0,17,031,160300,2,170311603002
54.0,74.0,41.0,57.0,60.0,28.0,45.0,44.0,74.0,50.0,120.0,138.0,134.0,41.0,87.0,60.0,1107.0,17,031,160300,3,170311603003
271.0,212.0,198.0,85.0,144.0,106.0,149.0,129.0,69.0,147.0,227.0,193.0,185.0,150.0,94.0,123.0,2482.0,17,031,160400,1,170311604001
116.0,50.0,84.0,87.0,109.0,70.0,83.0,34.0,92.0,110.0,126.0,212.0,101.0,66.0,85.0,76.0,1501.0,17,031,160400,2,170311604002
62.0,65.0,27.0,95.0,41.0,38.0,46.0,84.0,20.0,94.0,65.0,177.0,79.0,90.0,46.0,50.0,1079.0,17,031,160400,3,170311604003
176.0,81.0,163.0,62.0,91.0,178.0,139.0,129.0,136.0,181.0,155.0,212.0,177.0,94.0,154.0,152.0,2280.0,17,031,160501,1,170311605011
95.0,39.0,78.0,209.0,90.0,126.0,137.0,115.0,98.0,118.0,289.0,282.0,159.0,81.0,198.0,89.0,2203.0,17,031,160501,2,170311605012
94.0,29.0,24.0,17.0,20.0,11.0,58.0,50.0,91.0,82.0,40.0,94.0,138.0,41.0,65.0,34.0,888.0,17,031,160502,1,170311605021
125.0,69.0,92.0,93.0,142.0,76.0,78.0,93.0,106.0,129.0,147.0,420.0,173.0,135.0,72.0,105.0,2055.0,17,031,160502,2,170311605022
97.0,84.0,36.0,69.0,63.0,45.0,41.0,114.0,80.0,225.0,138.0,218.0,145.0,59.0,68.0,119.0,1601.0,17,031,160502,3,170311605023
157.0,41.0,28.0,101.0,86.0,41.0,71.0,68.0,41.0,148.0,113.0,176.0,100.0,117.0,62.0,87.0,1437.0,17,031,160601,1,170311606011
32.0,94.0,37.0,77.0,15.0,28.0,41.0,43.0,103.0,38.0,67.0,118.0,57.0,76.0,50.0,33.0,909.0,17,031,160601,2,170311606012
94.0,57.0,83.0,84.0,40.0,54.0,106.0,30.0,65.0,188.0,148.0,239.0,103.0,83.0,149.0,113.0,1636.0,17,031,160601,3,170311606013
92.0,49.0,37.0,66.0,151.0,47.0,50.0,131.0,35.0,53.0,152.0,133.0,121.0,59.0,82.0,42.0,1300.0,17,031,160602,1,170311606021
30.0,53.0,101.0,17.0,65.0,119.0,41.0,54.0,28.0,96.0,105.0,147.0,81.0,42.0,59.0,38.0,1076.0,17,031,160602,2,170311606022
117.0,58.0,39.0,96.0,91.0,75.0,79.0,85.0,107.0,137.0,176.0,182.0,124.0,45.0,94.0,80.0,1585.0,17,031,160602,3,170311606023
34.0,53.0,40.0,90.0,17.0,48.0,43.0,19.0,7.0,43.0,92.0,85.0,46.0,18.0,24.0,57.0,716.0,17,031,160700,1,170311607001
49.0,86.0,90.0,84.0,35.0,35.0,25.0,78.0,60.0,76.0,119.0,97.0,171.0,46.0,95.0,61.0,1207.0,17,031,160700,2,170311607002
106.0,38.0,39.0,74.0,63.0,52.0,103.0,32.0,77.0,89.0,192.0,171.0,130.0,163.0,185.0,118.0,1632.0,17,031,160700,3,170311607003
36.0,16.0,70.0,65.0,25.0,110.0,103.0,44.0,57.0,60.0,143.0,122.0,106.0,107.0,41.0,44.0,1149.0,17,031,160700,4,170311607004
28.0,25.0,35.0,170.0,98.0,110.0,31.0,20.0,21.0,55.0,179.0,143.0,50.0,44.0,40.0,39.0,1088.0,17,031,160700,5,170311607005
64.0,20.0,33.0,65.0,92.0,27.0,59.0,34.0,77.0,111.0,50.0,166.0,94.0,43.0,92.0,29.0,1056.0,17,031,160800,1,170311608001
70.0,38.0,38.0,72.0,43.0,39.0,85.0,32.0,39.0,93.0,127.0,238.0,186.0,103.0,65.0,64.0,1332.0,17,031,160800,2,170311608002
41.0,25.0,36.0,21.0,48.0,71.0,75.0,113.0,45.0,58.0,85.0,233.0,94.0,86.0,59.0,53.0,1143.0,17,031,160800,3,170311608003
54.0,16.0,52.0,17.0,19.0,62.0,46.0,9.0,73.0,40.0,57.0,63.0,72.0,29.0,36.0,23.0,668.0,17,031,160800,4,170311608004
40.0,32.0,65.0,96.0,33.0,102.0,57.0,55.0,48.0,75.0,101.0,137.0,75.0,129.0,41.0,70.0,1156.0,17,031,160800,5,170311608005
95.0,42.0,53.0,51.0,46.0,71.0,92.0,56.0,26.0,92.0,119.0,203.0,128.0,91.0,89.0,81.0,1335.0,17,031,160900,1,170311609001
39.0,28.0,31.0,41.0,67.0,89.0,22.0,29.0,53.0,58.0,57.0,86.0,59.0,69.0,81.0,110.0,919.0,17,031,160900,2,170311609002
48.0,19.0,21.0,49.0,33.0,54.0,57.0,57.0,29.0,47.0,104.0,87.0,56.0,64.0,58.0,49.0,832.0,17,031,161000,1,170311610001
72.0,21.0,39.0,35.0,52.0,25.0,56.0,54.0,37.0,57.0,82.0,106.0,64.0,52.0,43.0,78.0,873.0,17,031,161000,2,170311610002
50.0,21.0,57.0,28.0,23.0,79.0,41.0,23.0,36.0,59.0,82.0,103.0,75.0,46.0,95.0,129.0,947.0,17,031,161100,1,170311611001
40.0,18.0,38.0,25.0,37.0,46.0,34.0,22.0,23.0,80.0,81.0,184.0,157.0,103.0,58.0,85.0,1031.0,17,031,161100,2,170311611002
45.0,20.0,77.0,47.0,68.0,143.0,55.0,49.0,47.0,62.0,104.0,146.0,86.0,36.0,65.0,51.0,1101.0,17,031,161200,1,170311612001
96.0,59.0,84.0,98.0,79.0,81.0,51.0,67.0,48.0,204.0,151.0,197.0,103.0,94.0,89.0,50.0,1551.0,17,031,161200,2,170311612002
24.0,28.0,14.0,49.0,54.0,42.0,34.0,44.0,63.0,54.0,56.0,164.0,47.0,33.0,42.0,29.0,777.0,17,031,161300,1,170311613001
105.0,98.0,28.0,29.0,73.0,45.0,80.0,62.0,59.0,65.0,90.0,112.0,45.0,34.0,61.0,47.0,1033.0,17,031,161300,2,170311613002
60.0,25.0,34.0,65.0,48.0,81.0,77.0,25.0,11.0,25.0,55.0,71.0,33.0,49.0,22.0,31.0,712.0,17,031,161300,3,170311613003
120.0,63.0,41.0,39.0,45.0,106.0,56.0,51.0,118.0,142.0,102.0,196.0,74.0,81.0,64.0,52.0,1350.0,17,031,161300,4,170311613004
138.0,113.0,89.0,144.0,102.0,83.0,72.0,77.0,85.0,106.0,157.0,219.0,131.0,77.0,93.0,70.0,1756.0,17,031,170100,1,170311701001
60.0,28.0,58.0,80.0,121.0,33.0,32.0,44.0,25.0,157.0,137.0,224.0,169.0,107.0,107.0,97.0,1479.0,17,031,170200,1,170311702001
119.0,36.0,45.0,94.0,25.0,54.0,83.0,80.0,47.0,108.0,100.0,143.0,154.0,99.0,82.0,82.0,1351.0,17,031,170200,2,170311702002
48.0,33.0,72.0,70.0,72.0,33.0,38.0,73.0,81.0,96.0,263.0,124.0,180.0,173.0,90.0,61.0,1507.0,17,031,170200,3,170311702003
54.0,15.0,19.0,20.0,56.0,38.0,26.0,19.0,63.0,74.0,120.0,91.0,41.0,25.0,20.0,48.0,729.0,17,031,170300,1,170311703001
59.0,19.0,22.0,18.0,78.0,22.0,17.0,55.0,46.0,34.0,57.0,151.0,70.0,78.0,90.0,60.0,876.0,17,031,170300,2,170311703002
84.0,30.0,31.0,22.0,13.0,132.0,51.0,71.0,17.0,40.0,77.0,70.0,82.0,43.0,33.0,46.0,842.0,17,031,170300,3,170311703003
55.0,14.0,35.0,95.0,25.0,94.0,47.0,24.0,25.0,68.0,107.0,151.0,184.0,102.0,86.0,46.0,1158.0,17,031,170300,4,170311703004
54.0,127.0,43.0,27.0,84.0,41.0,48.0,66.0,73.0,97.0,92.0,244.0,67.0,85.0,95.0,38.0,1281.0,17,031,170300,5,170311703005
66.0,83.0,37.0,54.0,30.0,20.0,42.0,66.0,16.0,71.0,140.0,123.0,42.0,56.0,41.0,57.0,944.0,17,031,170400,1,170311704001
147.0,34.0,98.0,33.0,27.0,37.0,31.0,62.0,47.0,96.0,90.0,147.0,109.0,111.0,62.0,30.0,1161.0,17,031,170400,2,170311704002
54.0,60.0,47.0,55.0,55.0,58.0,43.0,17.0,35.0,79.0,82.0,137.0,64.0,37.0,39.0,51.0,913.0,17,031,170400,3,170311704003
14.0,31.0,52.0,23.0,38.0,36.0,24.0,23.0,15.0,47.0,63.0,141.0,49.0,61.0,20.0,34.0,671.0,17,031,170400,4,170311704004
77.0,36.0,57.0,63.0,88.0,62.0,82.0,69.0,51.0,103.0,121.0,341.0,221.0,108.0,72.0,86.0,1637.0,17,031,170500,1,170311705001
25.0,79.0,21.0,26.0,17.0,31.0,14.0,32.0,17.0,50.0,52.0,118.0,139.0,88.0,29.0,42.0,780.0,17,031,170500,2,170311705002
61.0,42.0,37.0,37.0,36.0,57.0,56.0,78.0,29.0,88.0,286.0,159.0,161.0,57.0,93.0,62.0,1339.0,17,031,170500,3,170311705003
94.0,70.0,24.0,39.0,46.0,44.0,57.0,59.0,50.0,82.0,87.0,139.0,127.0,69.0,63.0,53.0,1103.0,17,031,170500,4,170311705004
45.0,54.0,55.0,54.0,46.0,23.0,47.0,56.0,31.0,67.0,73.0,152.0,109.0,57.0,86.0,47.0,1002.0,17,031,170600,1,170311706001
60.0,52.0,124.0,115.0,69.0,154.0,72.0,75.0,49.0,100.0,107.0,309.0,156.0,113.0,121.0,76.0,1752.0,17,031,170600,2,170311706002
71.0,29.0,71.0,46.0,38.0,93.0,37.0,20.0,28.0,50.0,110.0,117.0,61.0,83.0,67.0,36.0,957.0,17,031,170700,1,170311707001
58.0,30.0,19.0,31.0,17.0,72.0,46.0,26.0,34.0,88.0,117.0,97.0,61.0,25.0,56.0,21.0,798.0,17,031,170700,2,170311707002
65.0,55.0,47.0,93.0,45.0,37.0,59.0,46.0,35.0,52.0,108.0,190.0,101.0,28.0,58.0,37.0,1056.0,17,031,170700,3,170311707003
120.0,28.0,39.0,47.0,67.0,88.0,43.0,47.0,49.0,58.0,124.0,134.0,211.0,39.0,38.0,67.0,1199.0,17,031,170800,1,170311708001
82.0,25.0,90.0,70.0,28.0,64.0,29.0,17.0,57.0,78.0,127.0,185.0,120.0,41.0,74.0,66.0,1153.0,17,031,170800,2,170311708002
77.0,60.0,52.0,72.0,105.0,54.0,61.0,55.0,43.0,142.0,184.0,171.0,96.0,54.0,78.0,75.0,1379.0,17,031,170800,3,170311708003
124.0,88.0,64.0,79.0,55.0,49.0,50.0,94.0,52.0,97.0,274.0,226.0,224.0,78.0,92.0,72.0,1718.0,17,031,170900,1,170311709001
111.0,32.0,89.0,107.0,43.0,52.0,128.0,56.0,52.0,239.0,168.0,289.0,191.0,189.0,62.0,88.0,1896.0,17,031,171000,1,170311710001
63.0,22.0,51.0,42.0,46.0,145.0,25.0,64.0,32.0,132.0,146.0,177.0,133.0,48.0,71.0,90.0,1287.0,17,031,171000,2,170311710002
40.0,59.0,23.0,103.0,21.0,36.0,19.0,114.0,47.0,52.0,76.0,97.0,75.0,60.0,38.0,132.0,992.0,17,031,171000,3,170311710003
41.0,102.0,81.0,22.0,25.0,61.0,38.0,19.0,51.0,72.0,141.0,188.0,115.0,59.0,66.0,43.0,1124.0,17,031,171000,4,170311710004
63.0,22.0,137.0,57.0,32.0,26.0,53.0,81.0,79.0,51.0,93.0,206.0,146.0,57.0,134.0,77.0,1314.0,17,031,171000,5,170311710005
37.0,43.0,33.0,80.0,66.0,68.0,101.0,143.0,32.0,58.0,145.0,190.0,123.0,46.0,72.0,44.0,1281.0,17,031,171000,6,170311710006
65.0,31.0,79.0,73.0,43.0,81.0,59.0,164.0,48.0,184.0,185.0,173.0,160.0,205.0,73.0,72.0,1695.0,17,031,171100,1,170311711001
58.0,84.0,65.0,76.0,46.0,91.0,69.0,24.0,54.0,81.0,187.0,175.0,126.0,74.0,71.0,51.0,1332.0,17,031,171100,2,170311711002
40.0,28.0,57.0,22.0,42.0,28.0,24.0,90.0,47.0,170.0,179.0,122.0,180.0,71.0,40.0,69.0,1209.0,17,031,171100,3,170311711003
36.0,26.0,26.0,86.0,117.0,53.0,35.0,107.0,27.0,88.0,77.0,182.0,148.0,89.0,52.0,85.0,1234.0,17,031,180100,1,170311801001
83.0,17.0,57.0,34.0,64.0,19.0,47.0,59.0,11.0,72.0,48.0,109.0,33.0,20.0,42.0,26.0,741.0,17,031,180100,2,170311801002
90.0,48.0,53.0,36.0,56.0,74.0,122.0,42.0,26.0,168.0,99.0,101.0,169.0,50.0,40.0,127.0,1301.0,17,031,180100,3,170311801003
85.0,27.0,34.0,17.0,89.0,60.0,32.0,20.0,14.0,72.0,43.0,97.0,103.0,65.0,29.0,29.0,816.0,17,031,180100,4,170311801004
189.0,34.0,116.0,103.0,107.0,41.0,83.0,93.0,113.0,92.0,135.0,144.0,254.0,67.0,77.0,59.0,1707.0,17,031,180100,5,170311801005
156.0,161.0,238.0,242.0,179.0,153.0,214.0,90.0,92.0,157.0,208.0,302.0,200.0,93.0,127.0,99.0,2711.0,17,031,190100,1,170311901001
105.0,65.0,83.0,130.0,91.0,72.0,33.0,50.0,22.0,135.0,203.0,162.0,108.0,42.0,65.0,47.0,1413.0,17,031,190200,1,170311902001
54.0,93.0,45.0,59.0,90.0,84.0,98.0,52.0,120.0,207.0,162.0,196.0,149.0,148.0,77.0,83.0,1717.0,17,031,190200,2,170311902002
50.0,33.0,171.0,77.0,49.0,146.0,36.0,52.0,65.0,220.0,151.0,133.0,118.0,71.0,43.0,91.0,1506.0,17,031,190200,3,170311902003
85.0,21.0,84.0,84.0,24.0,26.0,62.0,109.0,34.0,74.0,77.0,66.0,85.0,84.0,75.0,37.0,1027.0,17,031,190200,4,170311902004
51.0,106.0,96.0,25.0,32.0,58.0,80.0,59.0,15.0,89.0,134.0,128.0,79.0,43.0,117.0,54.0,1166.0,17,031,190300,1,170311903001
95.0,71.0,93.0,92.0,84.0,76.0,48.0,64.0,98.0,159.0,102.0,188.0,141.0,69.0,109.0,69.0,1558.0,17,031,190300,2,170311903002
88.0,70.0,71.0,103.0,62.0,44.0,61.0,83.0,36.0,157.0,139.0,190.0,65.0,53.0,69.0,63.0,1354.0,17,031,190300,3,170311903003
106.0,52.0,69.0,29.0,97.0,138.0,103.0,35.0,30.0,121.0,83.0,140.0,131.0,57.0,98.0,43.0,1332.0,17,031,190300,4,170311903004
70.0,44.0,55.0,65.0,138.0,55.0,66.0,36.0,30.0,149.0,189.0,285.0,160.0,54.0,85.0,60.0,1541.0,17,031,190401,1,170311904011
207.0,138.0,141.0,110.0,122.0,149.0,120.0,193.0,90.0,207.0,229.0,240.0,313.0,143.0,133.0,93.0,2628.0,17,031,190401,2,170311904012
186.0,84.0,116.0,141.0,71.0,150.0,151.0,52.0,45.0,87.0,199.0,215.0,144.0,102.0,87.0,90.0,1920.0,17,031,190402,1,170311904021
127.0,123.0,141.0,156.0,177.0,231.0,96.0,190.0,133.0,175.0,190.0,258.0,274.0,167.0,125.0,135.0,2698.0,17,031,190402,2,170311904022
85.0,51.0,32.0,40.0,18.0,39.0,48.0,58.0,86.0,70.0,113.0,173.0,64.0,47.0,49.0,29.0,1002.0,17,031,190601,1,170311906011
96.0,77.0,53.0,29.0,93.0,40.0,68.0,19.0,38.0,78.0,95.0,106.0,106.0,83.0,37.0,36.0,1054.0,17,031,190601,2,170311906012
116.0,201.0,163.0,195.0,60.0,95.0,109.0,90.0,153.0,302.0,344.0,307.0,162.0,135.0,141.0,126.0,2699.0,17,031,190601,3,170311906013
56.0,97.0,153.0,85.0,37.0,56.0,142.0,45.0,83.0,145.0,196.0,291.0,128.0,75.0,134.0,102.0,1825.0,17,031,190602,1,170311906021
93.0,79.0,38.0,111.0,58.0,53.0,54.0,218.0,82.0,72.0,177.0,223.0,155.0,58.0,114.0,63.0,1648.0,17,031,190602,2,170311906022
60.0,32.0,140.0,70.0,118.0,50.0,86.0,117.0,105.0,83.0,165.0,179.0,149.0,47.0,54.0,60.0,1515.0,17,031,190602,3,170311906023
73.0,87.0,74.0,82.0,115.0,166.0,91.0,106.0,63.0,89.0,239.0,176.0,172.0,77.0,98.0,86.0,1794.0,17,031,190701,1,170311907011
42.0,91.0,56.0,106.0,131.0,66.0,34.0,72.0,48.0,82.0,122.0,178.0,86.0,52.0,56.0,43.0,1265.0,17,031,190701,2,170311907012
58.0,30.0,18.0,17.0,66.0,55.0,133.0,11.0,18.0,36.0,104.0,132.0,40.0,57.0,31.0,34.0,840.0,17,031,190702,1,170311907021
74.0,69.0,160.0,119.0,166.0,149.0,109.0,111.0,47.0,152.0,406.0,183.0,232.0,108.0,81.0,90.0,2256.0,17,031,190702,2,170311907022
181.0,51.0,81.0,54.0,218.0,48.0,130.0,160.0,68.0,251.0,181.0,147.0,123.0,127.0,85.0,69.0,1974.0,17,031,190702,3,170311907023
82.0,60.0,99.0,115.0,97.0,30.0,73.0,43.0,21.0,50.0,165.0,91.0,105.0,75.0,42.0,53.0,1201.0,17,031,190800,1,170311908001
41.0,22.0,12.0,40.0,43.0,54.0,68.0,48.0,27.0,76.0,93.0,40.0,100.0,40.0,66.0,32.0,802.0,17,031,190800,2,170311908002
225.0,74.0,108.0,108.0,90.0,47.0,29.0,73.0,58.0,100.0,132.0,153.0,236.0,43.0,86.0,66.0,1628.0,17,031,190800,3,170311908003
167.0,54.0,54.0,146.0,71.0,93.0,112.0,38.0,56.0,277.0,164.0,184.0,85.0,59.0,55.0,72.0,1687.0,17,031,190800,4,170311908004
85.0,92.0,33.0,128.0,125.0,29.0,70.0,25.0,107.0,101.0,154.0,241.0,114.0,51.0,103.0,76.0,1534.0,17,031,190800,5,170311908005
62.0,116.0,90.0,107.0,178.0,163.0,62.0,84.0,66.0,110.0,184.0,182.0,150.0,140.0,91.0,73.0,1858.0,17,031,190900,1,170311909001
84.0,46.0,97.0,48.0,86.0,78.0,65.0,45.0,33.0,133.0,74.0,208.0,66.0,89.0,97.0,51.0,1300.0,17,031,191000,1,170311910001
83.0,120.0,36.0,102.0,88.0,82.0,72.0,69.0,108.0,137.0,161.0,179.0,146.0,61.0,79.0,63.0,1586.0,17,031,191000,2,170311910002
39.0,22.0,14.0,93.0,48.0,29.0,26.0,68.0,111.0,120.0,162.0,232.0,62.0,28.0,63.0,43.0,1160.0,17,031,191100,1,170311911001
33.0,17.0,50.0,142.0,17.0,26.0,17.0,17.0,41.0,111.0,191.0,90.0,49.0,32.0,30.0,31.0,894.0,17,031,191100,2,170311911002
44.0,110.0,44.0,80.0,108.0,124.0,67.0,81.0,70.0,183.0,93.0,126.0,65.0,72.0,54.0,54.0,1375.0,17,031,191100,3,170311911003
99.0,152.0,84.0,74.0,30.0,96.0,42.0,53.0,79.0,134.0,132.0,169.0,130.0,58.0,69.0,57.0,1458.0,17,031,191100,4,170311911004
68.0,182.0,96.0,161.0,151.0,101.0,150.0,151.0,37.0,252.0,199.0,300.0,118.0,80.0,90.0,71.0,2207.0,17,031,191100,5,170311911005
54.0,42.0,21.0,37.0,20.0,72.0,36.0,43.0,25.0,164.0,55.0,94.0,62.0,24.0,37.0,31.0,817.0,17,031,191100,6,170311911006
136.0,193.0,239.0,267.0,191.0,146.0,159.0,194.0,80.0,141.0,274.0,355.0,179.0,134.0,103.0,114.0,2905.0,17,031,191200,1,170311912001
70.0,78.0,45.0,55.0,31.0,58.0,42.0,77.0,55.0,118.0,151.0,93.0,54.0,57.0,32.0,39.0,1055.0,17,031,191200,2,170311912002
134.0,65.0,247.0,150.0,145.0,211.0,192.0,100.0,107.0,336.0,176.0,392.0,357.0,108.0,107.0,135.0,2962.0,17,031,191301,1,170311913011
97.0,112.0,75.0,93.0,38.0,94.0,77.0,121.0,53.0,185.0,97.0,193.0,76.0,47.0,84.0,52.0,1494.0,17,031,191301,2,170311913012
140.0,155.0,63.0,32.0,53.0,117.0,70.0,41.0,92.0,84.0,129.0,184.0,90.0,48.0,97.0,59.0,1454.0,17,031,191301,3,170311913013
126.0,137.0,107.0,181.0,50.0,102.0,134.0,157.0,120.0,157.0,332.0,221.0,123.0,69.0,144.0,123.0,2283.0,17,031,191302,1,170311913021
194.0,107.0,116.0,148.0,243.0,178.0,234.0,66.0,152.0,178.0,304.0,229.0,322.0,90.0,118.0,115.0,2794.0,17,031,191302,2,170311913022
29.0,85.0,48.0,33.0,104.0,45.0,21.0,15.0,72.0,54.0,87.0,116.0,93.0,34.0,67.0,56.0,959.0,17,031,200100,1,170312001001
113.0,99.0,66.0,84.0,52.0,77.0,47.0,59.0,83.0,131.0,163.0,97.0,135.0,90.0,76.0,59.0,1431.0,17,031,200100,2,170312001002
170.0,113.0,197.0,80.0,59.0,108.0,198.0,108.0,49.0,130.0,161.0,326.0,186.0,112.0,108.0,92.0,2197.0,17,031,200100,3,170312001003
61.0,45.0,76.0,26.0,115.0,72.0,20.0,24.0,16.0,65.0,141.0,149.0,89.0,40.0,40.0,50.0,1029.0,17,031,200200,1,170312002001
133.0,45.0,82.0,77.0,151.0,63.0,83.0,77.0,99.0,137.0,182.0,165.0,76.0,34.0,60.0,60.0,1524.0,17,031,200200,2,170312002002
82.0,48.0,23.0,100.0,17.0,69.0,39.0,106.0,27.0,44.0,91.0,99.0,44.0,26.0,32.0,32.0,879.0,17,031,200200,3,170312002003
106.0,147.0,113.0,46.0,39.0,94.0,125.0,38.0,63.0,89.0,155.0,188.0,125.0,61.0,54.0,70.0,1513.0,17,031,200200,4,170312002004
120.0,62.0,35.0,55.0,78.0,47.0,87.0,31.0,44.0,125.0,171.0,142.0,161.0,50.0,62.0,51.0,1321.0,17,031,200300,1,170312003001
85.0,77.0,39.0,47.0,73.0,76.0,47.0,99.0,41.0,42.0,149.0,116.0,49.0,28.0,58.0,38.0,1064.0,17,031,200300,2,170312003002
22.0,17.0,64.0,116.0,100.0,21.0,91.0,41.0,44.0,73.0,40.0,133.0,91.0,28.0,35.0,33.0,949.0,17,031,200401,1,170312004011
93.0,192.0,126.0,226.0,244.0,205.0,191.0,87.0,124.0,253.0,297.0,339.0,163.0,111.0,114.0,89.0,2854.0,17,031,200401,2,170312004012
83.0,24.0,46.0,17.0,60.0,62.0,21.0,101.0,47.0,30.0,80.0,74.0,76.0,41.0,32.0,28.0,822.0,17,031,200402,1,170312004021
70.0,72.0,116.0,32.0,57.0,159.0,46.0,33.0,58.0,98.0,132.0,143.0,65.0,87.0,44.0,50.0,1262.0,17,031,200402,2,170312004022
237.0,37.0,195.0,55.0,63.0,85.0,99.0,75.0,36.0,233.0,183.0,206.0,179.0,65.0,118.0,68.0,1934.0,17,031,200402,3,170312004023
108.0,65.0,76.0,57.0,67.0,57.0,55.0,45.0,39.0,98.0,121.0,218.0,94.0,74.0,81.0,116.0,1371.0,17,031,210100,1,170312101001
90.0,33.0,41.0,40.0,59.0,43.0,68.0,99.0,51.0,71.0,91.0,160.0,80.0,94.0,54.0,43.0,1117.0,17,031,210100,2,170312101002
38.0,38.0,21.0,75.0,50.0,51.0,42.0,24.0,26.0,129.0,109.0,148.0,57.0,38.0,40.0,42.0,928.0,17,031,210100,3,170312101003
159.0,62.0,123.0,105.0,189.0,146.0,123.0,64.0,81.0,118.0,198.0,225.0,133.0,111.0,102.0,79.0,2018.0,17,031,210400,1,170312104001
95.0,50.0,91.0,27.0,80.0,28.0,44.0,27.0,98.0,60.0,104.0,126.0,75.0,31.0,52.0,70.0,1058.0,17,031,210400,2,170312104002
76.0,22.0,80.0,58.0,136.0,67.0,60.0,94.0,122.0,41.0,111.0,137.0,62.0,106.0,50.0,53.0,1275.0,17,031,210501,1,170312105011
293.0,151.0,119.0,190.0,114.0,251.0,250.0,174.0,133.0,303.0,281.0,416.0,203.0,142.0,122.0,140.0,3282.0,17,031,210501,2,170312105012
174.0,168.0,39.0,205.0,85.0,80.0,84.0,71.0,99.0,146.0,141.0,243.0,87.0,78.0,89.0,75.0,1864.0,17,031,210502,1,170312105021
117.0,251.0,60.0,67.0,255.0,100.0,123.0,51.0,58.0,134.0,163.0,200.0,158.0,76.0,79.0,65.0,1957.0,17,031,210502,2,170312105022
37.0,25.0,49.0,98.0,63.0,24.0,107.0,61.0,68.0,122.0,107.0,68.0,102.0,36.0,37.0,58.0,1062.0,17,031,210502,3,170312105023
28.0,12.0,13.0,8.0,12.0,78.0,18.0,18.0,94.0,26.0,50.0,88.0,43.0,71.0,28.0,54.0,641.0,17,031,210601,1,170312106011
84.0,31.0,111.0,61.0,13.0,33.0,48.0,35.0,92.0,81.0,131.0,87.0,46.0,28.0,35.0,59.0,975.0,17,031,210601,2,170312106012
79.0,32.0,60.0,106.0,57.0,103.0,121.0,32.0,63.0,145.0,187.0,168.0,89.0,49.0,80.0,57.0,1428.0,17,031,210601,3,170312106013
119.0,88.0,61.0,70.0,56.0,59.0,73.0,46.0,30.0,163.0,148.0,183.0,66.0,64.0,68.0,43.0,1337.0,17,031,210602,1,170312106021
84.0,20.0,34.0,77.0,141.0,23.0,23.0,21.0,78.0,74.0,89.0,149.0,69.0,50.0,34.0,56.0,1022.0,17,031,210602,2,170312106022
98.0,63.0,156.0,121.0,54.0,210.0,81.0,100.0,69.0,132.0,174.0,146.0,133.0,65.0,86.0,60.0,1748.0,17,031,210602,3,170312106023
49.0,25.0,75.0,49.0,21.0,80.0,18.0,49.0,36.0,108.0,63.0,110.0,61.0,78.0,49.0,29.0,900.0,17,031,210700,1,170312107001
109.0,20.0,118.0,23.0,150.0,35.0,31.0,107.0,52.0,87.0,124.0,121.0,133.0,75.0,73.0,78.0,1336.0,17,031,210700,2,170312107002
108.0,127.0,103.0,69.0,85.0,130.0,50.0,78.0,80.0,97.0,150.0,221.0,107.0,135.0,116.0,63.0,1719.0,17,031,210700,3,170312107003
33.0,38.0,61.0,57.0,59.0,37.0,38.0,114.0,45.0,77.0,118.0,76.0,54.0,62.0,85.0,60.0,1014.0,17,031,210800,1,170312108001
112.0,111.0,170.0,134.0,68.0,95.0,78.0,158.0,61.0,225.0,210.0,161.0,141.0,89.0,112.0,117.0,2042.0,17,031,210900,1,170312109001
55.0,96.0,23.0,41.0,49.0,37.0,32.0,67.0,35.0,64.0,100.0,188.0,91.0,133.0,55.0,99.0,1165.0,17,031,210900,2,170312109002
95.0,23.0,58.0,60.0,56.0,46.0,44.0,53.0,45.0,80.0,163.0,168.0,166.0,90.0,86.0,122.0,1355.0,17,031,220300,1,170312203001
36.0,80.0,34.0,37.0,32.0,25.0,29.0,22.0,16.0,98.0,61.0,163.0,126.0,74.0,51.0,137.0,1021.0,17,031,220300,2,170312203002
51.0,29.0,33.0,23.0,38.0,24.0,50.0,45.0,74.0,47.0,141.0,175.0,104.0,113.0,60.0,71.0,1078.0,17,031,220400,1,170312204001
102.0,91.0,30.0,107.0,40.0,50.0,71.0,34.0,41.0,127.0,139.0,179.0,187.0,64.0,118.0,86.0,1466.0,17,031,220400,2,170312204002
76.0,41.0,28.0,30.0,38.0,16.0,61.0,44.0,65.0,73.0,82.0,137.0,68.0,60.0,67.0,57.0,943.0,17,031,220500,1,170312205001
49.0,24.0,33.0,49.0,29.0,31.0,13.0,63.0,17.0,46.0,119.0,119.0,62.0,48.0,75.0,28.0,805.0,17,031,220500,2,170312205002
63.0,39.0,43.0,38.0,72.0,17.0,22.0,38.0,51.0,61.0,128.0,109.0,94.0,47.0,50.0,41.0,913.0,17,031,220500,3,170312205003
46.0,22.0,33.0,41.0,77.0,39.0,47.0,48.0,22.0,37.0,59.0,73.0,52.0,35.0,28.0,21.0,680.0,17,031,220601,1,170312206011
45.0,59.0,19.0,20.0,25.0,16.0,31.0,68.0,26.0,112.0,112.0,130.0,93.0,53.0,41.0,60.0,910.0,17,031,220601,2,170312206012
11.0,32.0,9.0,31.0,8.0,13.0,8.0,6.0,7.0,26.0,16.0,48.0,44.0,32.0,8.0,23.0,322.0,17,031,220602,1,170312206021
18.0,13.0,14.0,43.0,22.0,46.0,19.0,14.0,15.0,22.0,31.0,59.0,135.0,77.0,101.0,26.0,655.0,17,031,220602,2,170312206022
128.0,100.0,38.0,43.0,47.0,77.0,83.0,34.0,58.0,56.0,111.0,87.0,83.0,42.0,26.0,70.0,1083.0,17,031,220602,3,170312206023
177.0,132.0,68.0,46.0,50.0,159.0,38.0,117.0,62.0,126.0,212.0,186.0,228.0,54.0,149.0,89.0,1893.0,17,031,220602,4,170312206024
30.0,13.0,16.0,16.0,12.0,49.0,66.0,49.0,19.0,164.0,45.0,73.0,30.0,70.0,26.0,22.0,700.0,17,031,220602,5,170312206025
97.0,13.0,35.0,38.0,22.0,20.0,33.0,41.0,44.0,142.0,61.0,211.0,60.0,29.0,32.0,35.0,913.0,17,031,220701,1,170312207011
51.0,26.0,89.0,70.0,37.0,53.0,42.0,24.0,98.0,38.0,93.0,142.0,145.0,46.0,57.0,44.0,1055.0,17,031,220701,2,170312207012
84.0,70.0,51.0,82.0,114.0,126.0,54.0,76.0,52.0,132.0,167.0,201.0,97.0,74.0,45.0,42.0,1467.0,17,031,220701,3,170312207013
130.0,142.0,114.0,71.0,67.0,129.0,43.0,62.0,82.0,115.0,266.0,211.0,137.0,80.0,52.0,68.0,1769.0,17,031,220702,1,170312207021
46.0,64.0,63.0,70.0,68.0,37.0,57.0,29.0,19.0,86.0,60.0,82.0,39.0,18.0,42.0,26.0,806.0,17,031,220702,2,170312207022
22.0,24.0,42.0,34.0,23.0,53.0,16.0,32.0,30.0,22.0,79.0,156.0,45.0,12.0,22.0,34.0,646.0,17,031,220702,3,170312207023
102.0,35.0,123.0,57.0,79.0,33.0,15.0,54.0,43.0,126.0,84.0,146.0,88.0,46.0,56.0,51.0,1138.0,17,031,220702,4,170312207024
154.0,91.0,87.0,90.0,22.0,25.0,77.0,48.0,25.0,67.0,58.0,98.0,72.0,47.0,49.0,41.0,1051.0,17,031,220901,1,170312209011
52.0,80.0,45.0,54.0,36.0,25.0,15.0,34.0,9.0,103.0,82.0,137.0,109.0,52.0,33.0,27.0,893.0,17,031,220901,2,170312209012
96.0,21.0,87.0,86.0,101.0,24.0,114.0,133.0,107.0,52.0,94.0,159.0,56.0,85.0,57.0,67.0,1339.0,17,031,220901,3,170312209013
70.0,86.0,125.0,37.0,78.0,107.0,52.0,44.0,25.0,110.0,161.0,174.0,75.0,52.0,41.0,58.0,1295.0,17,031,220902,1,170312209021
109.0,109.0,95.0,78.0,114.0,72.0,85.0,122.0,110.0,119.0,208.0,223.0,161.0,79.0,207.0,125.0,2016.0,17,031,220902,2,170312209022
64.0,79.0,33.0,60.0,95.0,123.0,41.0,97.0,98.0,122.0,177.0,116.0,205.0,78.0,75.0,96.0,1559.0,17,031,221000,1,170312210001
143.0,86.0,132.0,162.0,140.0,68.0,76.0,89.0,82.0,85.0,164.0,146.0,152.0,51.0,51.0,54.0,1681.0,17,031,221000,2,170312210002
92.0,98.0,91.0,113.0,69.0,45.0,75.0,103.0,53.0,166.0,275.0,236.0,104.0,65.0,124.0,82.0,1791.0,17,031,221100,1,170312211001
142.0,113.0,91.0,142.0,81.0,107.0,73.0,53.0,74.0,119.0,100.0,201.0,123.0,76.0,139.0,63.0,1697.0,17,031,221100,2,170312211002
63.0,73.0,40.0,131.0,33.0,112.0,49.0,24.0,25.0,100.0,145.0,137.0,49.0,34.0,34.0,39.0,1088.0,17,031,221100,3,170312211003
78.0,101.0,29.0,60.0,93.0,101.0,101.0,35.0,27.0,93.0,110.0,123.0,88.0,95.0,115.0,77.0,1326.0,17,031,221200,1,170312212001
96.0,58.0,111.0,119.0,88.0,29.0,137.0,123.0,54.0,111.0,175.0,184.0,167.0,101.0,109.0,57.0,1719.0,17,031,221200,2,170312212002
100.0,69.0,53.0,183.0,85.0,80.0,36.0,38.0,28.0,71.0,149.0,142.0,121.0,70.0,74.0,89.0,1388.0,17,031,221300,1,170312213001
66.0,44.0,23.0,31.0,52.0,35.0,19.0,44.0,42.0,61.0,61.0,102.0,45.0,39.0,44.0,34.0,742.0,17,031,221300,2,170312213002
38.0,11.0,13.0,42.0,13.0,13.0,12.0,43.0,12.0,37.0,106.0,45.0,87.0,28.0,23.0,39.0,562.0,17,031,221300,3,170312213003
29.0,64.0,27.0,49.0,58.0,48.0,26.0,36.0,18.0,100.0,125.0,77.0,62.0,36.0,41.0,37.0,833.0,17,031,221400,1,170312214001
89.0,9.0,42.0,19.0,21.0,34.0,19.0,20.0,23.0,26.0,96.0,124.0,80.0,56.0,75.0,22.0,755.0,17,031,221400,2,170312214002
58.0,41.0,28.0,52.0,46.0,104.0,73.0,118.0,71.0,112.0,118.0,137.0,98.0,42.0,51.0,47.0,1196.0,17,031,221400,3,170312214003
122.0,60.0,71.0,56.0,26.0,59.0,30.0,26.0,15.0,112.0,97.0,80.0,74.0,51.0,68.0,40.0,987.0,17,031,221500,1,170312215001
153.0,77.0,64.0,71.0,93.0,134.0,85.0,72.0,51.0,149.0,111.0,193.0,88.0,70.0,69.0,91.0,1571.0,17,031,221500,2,170312215002
129.0,42.0,42.0,81.0,36.0,33.0,26.0,74.0,37.0,98.0,121.0,158.0,81.0,114.0,110.0,130.0,1312.0,17,031,221600,1,170312216001
99.0,77.0,92.0,83.0,107.0,78.0,65.0,40.0,43.0,121.0,134.0,274.0,140.0,147.0,121.0,171.0,1792.0,17,031,221600,2,170312216002
26.0,15.0,26.0,47.0,18.0,40.0,16.0,23.0,20.0,63.0,67.0,129.0,87.0,44.0,79.0,154.0,854.0,17,031,222200,1,170312222001
68.0,19.0,28.0,45.0,27.0,23.0,40.0,34.0,30.0,95.0,101.0,97.0,112.0,90.0,102.0,165.0,1076.0,17,031,222200,2,170312222002
137.0,34.0,68.0,80.0,65.0,64.0,113.0,52.0,47.0,89.0,129.0,127.0,150.0,73.0,92.0,62.0,1382.0,17,031,222500,1,170312225001
115.0,60.0,71.0,71.0,97.0,62.0,87.0,65.0,84.0,133.0,152.0,172.0,122.0,85.0,93.0,79.0,1548.0,17,031,222600,1,170312226001
86.0,68.0,42.0,34.0,40.0,34.0,15.0,119.0,23.0,169.0,95.0,134.0,71.0,61.0,43.0,61.0,1095.0,17,031,222700,1,170312227001
72.0,31.0,109.0,73.0,126.0,128.0,70.0,79.0,47.0,87.0,137.0,192.0,161.0,81.0,68.0,61.0,1522.0,17,031,222700,2,170312227002
79.0,105.0,94.0,75.0,63.0,22.0,52.0,34.0,20.0,125.0,81.0,76.0,55.0,53.0,35.0,37.0,1006.0,17,031,222800,1,170312228001
88.0,47.0,52.0,75.0,34.0,37.0,39.0,39.0,42.0,83.0,101.0,97.0,41.0,34.0,41.0,23.0,873.0,17,031,222900,1,170312229001
149.0,68.0,90.0,77.0,79.0,126.0,71.0,52.0,68.0,93.0,200.0,229.0,109.0,59.0,60.0,105.0,1635.0,17,031,230100,1,170312301001
141.0,109.0,68.0,155.0,74.0,109.0,41.0,141.0,71.0,113.0,192.0,278.0,127.0,126.0,88.0,89.0,1922.0,17,031,230200,1,170312302001
92.0,60.0,95.0,87.0,40.0,34.0,53.0,73.0,27.0,66.0,106.0,218.0,69.0,40.0,52.0,51.0,1163.0,17,031,230300,1,170312303001
171.0,52.0,64.0,88.0,58.0,25.0,80.0,65.0,46.0,77.0,184.0,228.0,148.0,90.0,69.0,47.0,1492.0,17,031,230400,1,170312304001
104.0,44.0,63.0,82.0,45.0,60.0,33.0,28.0,68.0,55.0,128.0,192.0,131.0,38.0,48.0,42.0,1161.0,17,031,230400,2,170312304002
296.0,215.0,111.0,106.0,209.0,127.0,138.0,119.0,97.0,218.0,195.0,306.0,123.0,84.0,95.0,98.0,2537.0,17,031,230500,1,170312305001
120.0,48.0,61.0,109.0,96.0,55.0,75.0,57.0,22.0,78.0,85.0,103.0,94.0,46.0,66.0,41.0,1156.0,17,031,230500,2,170312305002
24.0,94.0,38.0,24.0,48.0,75.0,47.0,72.0,15.0,16.0,91.0,47.0,45.0,30.0,25.0,28.0,719.0,17,031,230600,1,170312306001
178.0,59.0,49.0,96.0,66.0,121.0,88.0,139.0,38.0,159.0,143.0,108.0,66.0,81.0,83.0,77.0,1551.0,17,031,230600,2,170312306002
138.0,41.0,38.0,24.0,20.0,38.0,67.0,39.0,42.0,73.0,101.0,56.0,41.0,26.0,24.0,42.0,810.0,17,031,230600,3,170312306003
150.0,111.0,36.0,74.0,102.0,163.0,88.0,105.0,27.0,105.0,160.0,99.0,108.0,54.0,54.0,77.0,1513.0,17,031,230600,4,170312306004
193.0,128.0,38.0,61.0,46.0,40.0,49.0,57.0,22.0,62.0,147.0,224.0,68.0,47.0,87.0,100.0,1369.0,17,031,230600,5,170312306005
43.0,60.0,142.0,45.0,41.0,73.0,18.0,38.0,99.0,65.0,49.0,92.0,34.0,43.0,41.0,50.0,933.0,17,031,230600,6,170312306006
47.0,72.0,90.0,51.0,104.0,208.0,49.0,52.0,63.0,103.0,116.0,180.0,91.0,30.0,62.0,44.0,1362.0,17,031,230700,1,170312307001
113.0,89.0,93.0,105.0,27.0,28.0,30.0,31.0,115.0,103.0,87.0,172.0,70.0,32.0,43.0,70.0,1208.0,17,031,230700,2,170312307002
95.0,43.0,124.0,127.0,91.0,75.0,64.0,64.0,111.0,116.0,84.0,210.0,72.0,39.0,42.0,59.0,1416.0,17,031,230700,3,170312307003
119.0,69.0,83.0,78.0,47.0,35.0,76.0,51.0,56.0,69.0,153.0,92.0,72.0,36.0,55.0,52.0,1143.0,17,031,230700,4,170312307004
49.0,20.0,56.0,78.0,51.0,64.0,58.0,76.0,26.0,70.0,195.0,139.0,99.0,51.0,68.0,75.0,1175.0,17,031,230800,1,170312308001
243.0,84.0,111.0,89.0,43.0,41.0,112.0,74.0,40.0,90.0,254.0,222.0,100.0,65.0,79.0,104.0,1751.0,17,031,230900,1,170312309001
235.0,100.0,148.0,73.0,116.0,75.0,88.0,114.0,38.0,132.0,127.0,172.0,101.0,46.0,81.0,77.0,1723.0,17,031,230900,2,170312309002
118.0,102.0,58.0,49.0,102.0,86.0,145.0,87.0,44.0,113.0,181.0,160.0,169.0,64.0,55.0,57.0,1590.0,17,031,230900,3,170312309003
136.0,39.0,60.0,121.0,39.0,65.0,38.0,81.0,48.0,103.0,88.0,113.0,91.0,69.0,54.0,54.0,1199.0,17,031,231100,1,170312311001
144.0,34.0,54.0,71.0,57.0,79.0,22.0,44.0,52.0,74.0,89.0,113.0,51.0,28.0,33.0,36.0,981.0,17,031,231200,1,170312312001
237.0,50.0,215.0,65.0,30.0,57.0,78.0,69.0,46.0,226.0,130.0,151.0,101.0,52.0,70.0,61.0,1638.0,17,031,231200,2,170312312002
44.0,58.0,49.0,18.0,35.0,12.0,13.0,20.0,9.0,18.0,50.0,38.0,40.0,10.0,14.0,19.0,447.0,17,031,231200,3,170312312003
102.0,153.0,49.0,126.0,107.0,75.0,28.0,43.0,86.0,150.0,93.0,120.0,101.0,39.0,41.0,57.0,1370.0,17,031,231200,4,170312312004
70.0,58.0,55.0,31.0,27.0,17.0,34.0,14.0,48.0,49.0,69.0,42.0,34.0,30.0,28.0,19.0,625.0,17,031,231200,5,170312312005
162.0,62.0,124.0,63.0,14.0,21.0,24.0,51.0,16.0,80.0,31.0,70.0,40.0,29.0,32.0,32.0,851.0,17,031,231500,1,170312315001
288.0,69.0,39.0,173.0,42.0,26.0,28.0,64.0,43.0,43.0,66.0,94.0,46.0,37.0,89.0,48.0,1195.0,17,031,231500,2,170312315002
73.0,28.0,23.0,15.0,14.0,11.0,7.0,9.0,12.0,56.0,56.0,70.0,26.0,17.0,21.0,23.0,461.0,17,031,231500,3,170312315003
145.0,61.0,11.0,16.0,108.0,120.0,18.0,13.0,63.0,75.0,48.0,65.0,49.0,23.0,30.0,36.0,881.0,17,031,231500,4,170312315004
269.0,141.0,77.0,58.0,121.0,113.0,65.0,112.0,17.0,49.0,180.0,107.0,53.0,62.0,57.0,58.0,1539.0,17,031,231500,5,170312315005
122.0,181.0,40.0,106.0,160.0,116.0,102.0,203.0,107.0,106.0,158.0,254.0,83.0,57.0,66.0,64.0,1925.0,17,031,231500,6,170312315006
106.0,92.0,57.0,96.0,58.0,30.0,28.0,37.0,20.0,55.0,121.0,192.0,174.0,94.0,128.0,172.0,1460.0,17,031,240200,1,170312402001
67.0,31.0,65.0,47.0,50.0,42.0,30.0,46.0,43.0,105.0,103.0,195.0,118.0,97.0,136.0,219.0,1394.0,17,031,240300,1,170312403001
104.0,63.0,67.0,67.0,78.0,60.0,52.0,108.0,48.0,150.0,180.0,241.0,266.0,129.0,277.0,258.0,2148.0,17,031,240500,1,170312405001
54.0,69.0,94.0,36.0,72.0,91.0,23.0,28.0,43.0,63.0,129.0,109.0,210.0,70.0,91.0,151.0,1333.0,17,031,240600,1,170312406001
126.0,108.0,125.0,77.0,37.0,65.0,51.0,56.0,33.0,107.0,95.0,128.0,155.0,57.0,104.0,96.0,1420.0,17,031,240700,1,170312407001
130.0,42.0,73.0,21.0,63.0,44.0,19.0,58.0,27.0,101.0,88.0,133.0,77.0,41.0,45.0,43.0,1005.0,17,031,240800,1,170312408001
95.0,59.0,38.0,21.0,53.0,30.0,28.0,15.0,38.0,57.0,61.0,105.0,52.0,21.0,36.0,45.0,754.0,17,031,240800,2,170312408002
167.0,82.0,31.0,51.0,61.0,76.0,61.0,51.0,86.0,75.0,101.0,136.0,96.0,56.0,49.0,49.0,1228.0,17,031,240900,1,170312409001
65.0,55.0,52.0,25.0,29.0,82.0,21.0,38.0,42.0,79.0,94.0,95.0,67.0,55.0,44.0,56.0,899.0,17,031,241000,1,170312410001
123.0,48.0,26.0,83.0,14.0,24.0,82.0,60.0,41.0,39.0,81.0,89.0,57.0,47.0,85.0,64.0,963.0,17,031,241000,2,170312410002
103.0,53.0,125.0,101.0,40.0,82.0,70.0,119.0,96.0,170.0,225.0,231.0,170.0,182.0,89.0,83.0,1939.0,17,031,241100,1,170312411001
136.0,60.0,111.0,107.0,95.0,51.0,60.0,211.0,88.0,159.0,187.0,316.0,188.0,96.0,80.0,119.0,2064.0,17,031,241100,2,170312411002
75.0,20.0,24.0,27.0,31.0,44.0,31.0,32.0,53.0,110.0,88.0,150.0,170.0,84.0,90.0,140.0,1169.0,17,031,241200,1,170312412001
100.0,18.0,42.0,61.0,20.0,24.0,23.0,33.0,20.0,54.0,71.0,104.0,65.0,51.0,49.0,27.0,762.0,17,031,241200,2,170312412002
80.0,64.0,76.0,75.0,52.0,50.0,80.0,57.0,48.0,106.0,181.0,241.0,172.0,112.0,180.0,118.0,1692.0,17,031,241300,1,170312413001
197.0,193.0,46.0,59.0,45.0,43.0,82.0,39.0,55.0,97.0,100.0,170.0,179.0,72.0,89.0,140.0,1606.0,17,031,241400,1,170312414001
46.0,15.0,42.0,17.0,9.0,15.0,16.0,21.0,15.0,58.0,28.0,94.0,65.0,28.0,99.0,50.0,618.0,17,031,241400,2,170312414002
50.0,18.0,28.0,21.0,30.0,40.0,22.0,53.0,25.0,141.0,61.0,88.0,137.0,41.0,63.0,164.0,982.0,17,031,241400,3,170312414003
111.0,46.0,41.0,71.0,49.0,48.0,63.0,50.0,104.0,127.0,115.0,242.0,170.0,187.0,186.0,402.0,2012.0,17,031,241400,4,170312414004
60.0,37.0,58.0,32.0,46.0,78.0,35.0,59.0,22.0,116.0,129.0,233.0,123.0,69.0,156.0,207.0,1460.0,17,031,241500,1,170312415001
21.0,24.0,17.0,67.0,20.0,32.0,11.0,63.0,17.0,43.0,102.0,87.0,47.0,34.0,80.0,106.0,771.0,17,031,241500,2,170312415002
43.0,18.0,13.0,24.0,15.0,15.0,30.0,32.0,11.0,74.0,51.0,89.0,38.0,62.0,45.0,70.0,630.0,17,031,241500,3,170312415003
62.0,32.0,34.0,52.0,48.0,36.0,98.0,80.0,34.0,116.0,135.0,147.0,113.0,83.0,70.0,115.0,1255.0,17,031,241600,1,170312416001
138.0,54.0,82.0,91.0,70.0,101.0,102.0,76.0,102.0,194.0,238.0,294.0,167.0,120.0,167.0,172.0,2168.0,17,031,241600,2,170312416002
102.0,39.0,38.0,27.0,56.0,107.0,63.0,77.0,61.0,144.0,136.0,213.0,178.0,50.0,183.0,102.0,1576.0,17,031,242000,1,170312420001
282.0,96.0,99.0,92.0,71.0,42.0,31.0,59.0,63.0,104.0,183.0,133.0,201.0,92.0,144.0,103.0,1795.0,17,031,242000,2,170312420002
100.0,84.0,67.0,58.0,69.0,56.0,31.0,33.0,43.0,119.0,195.0,133.0,99.0,58.0,89.0,53.0,1287.0,17,031,242000,3,170312420003
24.0,10.0,60.0,37.0,21.0,20.0,11.0,27.0,18.0,63.0,82.0,67.0,63.0,51.0,61.0,101.0,716.0,17,031,242100,1,170312421001
51.0,41.0,44.0,38.0,91.0,38.0,47.0,33.0,15.0,114.0,64.0,262.0,136.0,88.0,75.0,134.0,1271.0,17,031,242100,2,170312421002
67.0,57.0,26.0,27.0,34.0,33.0,48.0,93.0,31.0,53.0,111.0,192.0,99.0,121.0,203.0,112.0,1307.0,17,031,242100,3,170312421003
98.0,131.0,47.0,97.0,72.0,60.0,49.0,169.0,53.0,103.0,206.0,222.0,200.0,191.0,144.0,214.0,2056.0,17,031,242200,1,170312422001
86.0,55.0,64.0,64.0,59.0,45.0,59.0,85.0,66.0,132.0,174.0,293.0,124.0,135.0,149.0,213.0,1803.0,17,031,242200,2,170312422002
52.0,27.0,44.0,75.0,54.0,72.0,29.0,105.0,52.0,84.0,235.0,195.0,130.0,66.0,77.0,125.0,1422.0,17,031,242300,1,170312423001
115.0,45.0,40.0,48.0,66.0,75.0,51.0,68.0,44.0,175.0,183.0,191.0,142.0,108.0,77.0,143.0,1571.0,17,031,242300,2,170312423002
35.0,48.0,41.0,30.0,46.0,35.0,54.0,39.0,60.0,71.0,137.0,169.0,94.0,100.0,107.0,41.0,1107.0,17,031,242400,1,170312424001
106.0,66.0,122.0,97.0,56.0,99.0,79.0,80.0,69.0,111.0,192.0,202.0,159.0,95.0,155.0,104.0,1792.0,17,031,242400,2,170312424002
170.0,117.0,95.0,95.0,128.0,69.0,99.0,122.0,83.0,194.0,140.0,229.0,219.0,103.0,130.0,88.0,2081.0,17,031,242500,1,170312425001
102.0,41.0,129.0,67.0,127.0,111.0,82.0,97.0,68.0,128.0,224.0,183.0,176.0,82.0,74.0,132.0,1823.0,17,031,242500,2,170312425002
132.0,37.0,51.0,143.0,123.0,67.0,35.0,28.0,65.0,59.0,151.0,131.0,139.0,29.0,42.0,54.0,1286.0,17,031,242600,1,170312426001
111.0,38.0,37.0,77.0,139.0,101.0,81.0,61.0,28.0,167.0,174.0,285.0,112.0,102.0,118.0,99.0,1730.0,17,031,242600,2,170312426002
59.0,48.0,42.0,138.0,59.0,94.0,51.0,121.0,64.0,103.0,177.0,160.0,141.0,49.0,175.0,55.0,1536.0,17,031,242600,3,170312426003
98.0,27.0,35.0,86.0,56.0,78.0,81.0,36.0,84.0,131.0,130.0,168.0,79.0,146.0,107.0,79.0,1421.0,17,031,242600,4,170312426004
176.0,203.0,91.0,111.0,84.0,49.0,49.0,106.0,57.0,84.0,140.0,164.0,92.0,102.0,92.0,80.0,1680.0,17,031,242700,1,170312427001
73.0,103.0,79.0,77.0,63.0,65.0,27.0,50.0,61.0,76.0,179.0,164.0,151.0,100.0,121.0,111.0,1500.0,17,031,242800,1,170312428001
97.0,51.0,29.0,104.0,38.0,38.0,46.0,66.0,54.0,104.0,89.0,139.0,127.0,78.0,68.0,112.0,1240.0,17,031,242900,1,170312429001
39.0,20.0,21.0,75.0,28.0,16.0,28.0,30.0,7.0,27.0,41.0,63.0,70.0,36.0,21.0,37.0,559.0,17,031,242900,2,170312429002
24.0,10.0,32.0,17.0,23.0,20.0,18.0,30.0,58.0,79.0,64.0,112.0,75.0,39.0,17.0,67.0,685.0,17,031,243000,1,170312430001
61.0,35.0,117.0,111.0,38.0,72.0,58.0,83.0,41.0,137.0,206.0,217.0,141.0,130.0,108.0,149.0,1704.0,17,031,243000,2,170312430002
92.0,89.0,72.0,75.0,47.0,166.0,59.0,61.0,63.0,126.0,271.0,279.0,254.0,79.0,158.0,166.0,2057.0,17,031,243100,1,170312431001
12.0,14.0,23.0,65.0,18.0,17.0,11.0,45.0,13.0,34.0,38.0,33.0,32.0,72.0,54.0,45.0,526.0,17,031,243100,2,170312431002
76.0,18.0,35.0,26.0,31.0,31.0,41.0,49.0,34.0,93.0,123.0,184.0,88.0,69.0,123.0,203.0,1224.0,17,031,243200,1,170312432001
49.0,37.0,45.0,32.0,17.0,20.0,31.0,21.0,39.0,64.0,94.0,149.0,64.0,88.0,87.0,104.0,941.0,17,031,243200,2,170312432002
31.0,35.0,37.0,73.0,23.0,71.0,30.0,51.0,40.0,80.0,104.0,118.0,60.0,71.0,38.0,74.0,936.0,17,031,243300,1,170312433001
68.0,53.0,49.0,71.0,44.0,38.0,105.0,65.0,62.0,103.0,121.0,151.0,153.0,139.0,66.0,111.0,1399.0,17,031,243300,2,170312433002
95.0,48.0,91.0,161.0,45.0,87.0,44.0,54.0,105.0,51.0,124.0,210.0,79.0,77.0,83.0,119.0,1473.0,17,031,243400,1,170312434001
28.0,10.0,12.0,21.0,3.0,46.0,3.0,11.0,8.0,26.0,42.0,58.0,21.0,35.0,12.0,31.0,367.0,17,031,243400,2,170312434002
36.0,23.0,56.0,49.0,34.0,33.0,52.0,43.0,40.0,62.0,112.0,191.0,72.0,75.0,137.0,85.0,1100.0,17,031,243400,3,170312434003
132.0,56.0,84.0,68.0,39.0,44.0,83.0,32.0,22.0,82.0,132.0,154.0,104.0,77.0,62.0,104.0,1275.0,17,031,243500,1,170312435001
83.0,33.0,45.0,71.0,76.0,64.0,73.0,36.0,64.0,178.0,133.0,251.0,240.0,138.0,164.0,246.0,1895.0,17,031,243500,2,170312435002
130.0,116.0,109.0,108.0,64.0,140.0,112.0,82.0,68.0,177.0,167.0,146.0,108.0,99.0,97.0,56.0,1779.0,17,031,250200,1,170312502001
106.0,54.0,94.0,71.0,72.0,30.0,44.0,44.0,51.0,129.0,94.0,133.0,83.0,67.0,47.0,58.0,1177.0,17,031,250200,2,170312502002
168.0,90.0,122.0,116.0,131.0,121.0,127.0,88.0,33.0,128.0,142.0,267.0,117.0,67.0,137.0,98.0,1952.0,17,031,250300,1,170312503001
155.0,60.0,49.0,32.0,85.0,21.0,50.0,61.0,21.0,91.0,81.0,53.0,89.0,46.0,30.0,40.0,964.0,17,031,250300,2,170312503002
106.0,72.0,105.0,41.0,83.0,75.0,99.0,70.0,80.0,70.0,128.0,153.0,71.0,50.0,51.0,38.0,1292.0,17,031,250300,3,170312503003
54.0,23.0,41.0,15.0,61.0,34.0,24.0,46.0,24.0,55.0,23.0,63.0,28.0,15.0,14.0,25.0,545.0,17,031,250300,4,170312503004
55.0,23.0,47.0,44.0,13.0,30.0,10.0,12.0,21.0,66.0,23.0,45.0,20.0,13.0,13.0,7.0,442.0,17,031,250400,1,170312504001
85.0,68.0,24.0,67.0,19.0,137.0,18.0,43.0,47.0,80.0,51.0,107.0,108.0,54.0,36.0,36.0,980.0,17,031,250400,2,170312504002
174.0,48.0,40.0,96.0,178.0,133.0,156.0,92.0,90.0,65.0,233.0,217.0,88.0,49.0,56.0,77.0,1792.0,17,031,250400,3,170312504003
81.0,106.0,41.0,57.0,30.0,26.0,48.0,64.0,101.0,121.0,81.0,164.0,63.0,41.0,34.0,48.0,1106.0,17,031,250400,4,170312504004
153.0,79.0,155.0,41.0,48.0,149.0,88.0,56.0,27.0,139.0,122.0,174.0,76.0,101.0,136.0,79.0,1623.0,17,031,250400,5,170312504005
63.0,82.0,55.0,58.0,150.0,57.0,45.0,49.0,38.0,130.0,153.0,256.0,252.0,62.0,95.0,65.0,1610.0,17,031,250500,1,170312505001
140.0,27.0,34.0,41.0,75.0,40.0,52.0,62.0,32.0,68.0,106.0,212.0,167.0,102.0,203.0,87.0,1448.0,17,031,250500,2,170312505002
30.0,19.0,46.0,83.0,42.0,11.0,22.0,27.0,34.0,60.0,110.0,87.0,51.0,73.0,60.0,28.0,783.0,17,031,250500,3,170312505003
18.0,9.0,22.0,39.0,35.0,10.0,46.0,11.0,11.0,55.0,79.0,115.0,62.0,61.0,39.0,79.0,691.0,17,031,250500,4,170312505004
20.0,7.0,19.0,52.0,15.0,16.0,27.0,22.0,15.0,71.0,105.0,44.0,28.0,68.0,63.0,52.0,624.0,17,031,250500,5,170312505005
134.0,60.0,168.0,82.0,45.0,63.0,26.0,38.0,79.0,46.0,83.0,157.0,77.0,39.0,105.0,34.0,1236.0,17,031,250500,6,170312505006
122.0,133.0,29.0,74.0,27.0,39.0,125.0,61.0,17.0,81.0,106.0,154.0,100.0,86.0,46.0,32.0,1232.0,17,031,250500,7,170312505007
54.0,62.0,77.0,61.0,24.0,71.0,38.0,32.0,43.0,90.0,125.0,81.0,86.0,69.0,36.0,51.0,1000.0,17,031,250600,1,170312506001
77.0,23.0,32.0,102.0,114.0,52.0,33.0,18.0,53.0,96.0,77.0,90.0,77.0,42.0,73.0,42.0,1001.0,17,031,250600,2,170312506002
52.0,76.0,39.0,106.0,63.0,38.0,51.0,24.0,40.0,80.0,56.0,149.0,124.0,82.0,62.0,40.0,1082.0,17,031,250600,3,170312506003
83.0,59.0,71.0,27.0,26.0,36.0,22.0,85.0,57.0,52.0,255.0,266.0,75.0,44.0,73.0,110.0,1341.0,17,031,250600,4,170312506004
121.0,67.0,54.0,58.0,120.0,29.0,68.0,19.0,13.0,153.0,88.0,98.0,60.0,44.0,38.0,41.0,1071.0,17,031,250700,1,170312507001
124.0,109.0,21.0,62.0,50.0,99.0,26.0,18.0,31.0,77.0,153.0,75.0,46.0,35.0,33.0,43.0,1002.0,17,031,250700,2,170312507002
40.0,59.0,43.0,50.0,45.0,83.0,42.0,12.0,30.0,43.0,83.0,139.0,56.0,29.0,34.0,36.0,824.0,17,031,250700,3,170312507003
161.0,117.0,176.0,73.0,72.0,61.0,90.0,63.0,19.0,89.0,112.0,118.0,84.0,38.0,55.0,70.0,1398.0,17,031,250700,4,170312507004
149.0,64.0,58.0,130.0,110.0,35.0,33.0,84.0,61.0,51.0,91.0,296.0,164.0,55.0,50.0,64.0,1495.0,17,031,250700,5,170312507005
110.0,66.0,49.0,57.0,81.0,109.0,54.0,66.0,40.0,61.0,137.0,132.0,57.0,56.0,42.0,30.0,1147.0,17,031,250800,1,170312508001
117.0,77.0,60.0,33.0,48.0,96.0,144.0,32.0,55.0,86.0,96.0,171.0,85.0,59.0,69.0,51.0,1279.0,17,031,250800,2,170312508002
123.0,44.0,169.0,45.0,116.0,42.0,34.0,68.0,84.0,69.0,140.0,122.0,65.0,42.0,42.0,75.0,1280.0,17,031,251000,1,170312510001
155.0,82.0,70.0,35.0,23.0,42.0,28.0,6.0,37.0,32.0,53.0,46.0,35.0,17.0,24.0,24.0,709.0,17,031,251100,1,170312511001
102.0,43.0,36.0,76.0,16.0,27.0,24.0,17.0,94.0,31.0,85.0,61.0,33.0,25.0,31.0,34.0,735.0,17,031,251100,2,170312511002
101.0,212.0,110.0,38.0,64.0,79.0,68.0,73.0,95.0,75.0,139.0,263.0,84.0,147.0,65.0,58.0,1671.0,17,031,251100,3,170312511003
139.0,18.0,65.0,35.0,62.0,49.0,66.0,19.0,60.0,83.0,259.0,91.0,100.0,37.0,54.0,54.0,1191.0,17,031,251100,4,170312511004
79.0,78.0,13.0,13.0,53.0,14.0,49.0,64.0,16.0,63.0,34.0,66.0,70.0,28.0,39.0,33.0,712.0,17,031,251200,1,170312512001
51.0,13.0,55.0,32.0,43.0,65.0,22.0,74.0,18.0,189.0,97.0,63.0,47.0,72.0,52.0,47.0,940.0,17,031,251200,2,170312512002
49.0,9.0,33.0,130.0,16.0,12.0,24.0,15.0,38.0,27.0,68.0,77.0,31.0,29.0,28.0,26.0,612.0,17,031,251200,3,170312512003
166.0,140.0,139.0,96.0,105.0,153.0,67.0,123.0,78.0,109.0,200.0,177.0,242.0,107.0,90.0,93.0,2085.0,17,031,251200,4,170312512004
116.0,16.0,34.0,74.0,77.0,63.0,51.0,33.0,13.0,56.0,44.0,100.0,67.0,26.0,26.0,43.0,839.0,17,031,251300,1,170312513001
163.0,25.0,49.0,75.0,70.0,77.0,20.0,59.0,50.0,34.0,56.0,76.0,63.0,30.0,28.0,29.0,904.0,17,031,251300,2,170312513002
56.0,40.0,85.0,125.0,75.0,24.0,25.0,67.0,35.0,99.0,86.0,90.0,80.0,61.0,31.0,36.0,1015.0,17,031,251300,3,170312513003
76.0,20.0,19.0,66.0,59.0,30.0,42.0,39.0,21.0,69.0,107.0,101.0,54.0,33.0,31.0,24.0,791.0,17,031,251300,4,170312513004
76.0,89.0,101.0,34.0,69.0,60.0,75.0,74.0,41.0,68.0,81.0,89.0,146.0,35.0,33.0,50.0,1121.0,17,031,251300,5,170312513005
62.0,32.0,21.0,63.0,90.0,99.0,79.0,70.0,32.0,71.0,64.0,107.0,48.0,39.0,34.0,40.0,951.0,17,031,251400,1,170312514001
68.0,82.0,12.0,25.0,31.0,18.0,98.0,25.0,11.0,69.0,33.0,52.0,41.0,25.0,19.0,23.0,632.0,17,031,251400,2,170312514002
107.0,129.0,82.0,97.0,73.0,45.0,60.0,73.0,94.0,78.0,130.0,163.0,69.0,45.0,55.0,45.0,1345.0,17,031,251400,3,170312514003
144.0,135.0,50.0,134.0,119.0,56.0,45.0,22.0,45.0,86.0,102.0,130.0,64.0,89.0,96.0,65.0,1382.0,17,031,251400,4,170312514004
43.0,76.0,52.0,22.0,24.0,77.0,73.0,20.0,44.0,54.0,86.0,61.0,39.0,61.0,32.0,31.0,795.0,17,031,251500,1,170312515001
100.0,64.0,67.0,20.0,53.0,19.0,21.0,23.0,88.0,67.0,87.0,77.0,69.0,25.0,54.0,21.0,855.0,17,031,251500,2,170312515002
118.0,124.0,39.0,72.0,46.0,73.0,34.0,23.0,32.0,32.0,94.0,50.0,48.0,32.0,48.0,33.0,898.0,17,031,251500,3,170312515003
228.0,37.0,67.0,83.0,76.0,54.0,90.0,154.0,33.0,69.0,106.0,117.0,127.0,48.0,46.0,99.0,1434.0,17,031,251500,4,170312515004
85.0,61.0,69.0,37.0,51.0,238.0,28.0,40.0,32.0,131.0,161.0,136.0,81.0,51.0,46.0,41.0,1288.0,17,031,251600,1,170312516001
115.0,17.0,70.0,37.0,24.0,37.0,53.0,47.0,10.0,91.0,71.0,71.0,41.0,25.0,51.0,23.0,783.0,17,031,251600,2,170312516002
147.0,252.0,42.0,74.0,146.0,83.0,43.0,88.0,26.0,123.0,137.0,137.0,73.0,91.0,47.0,70.0,1579.0,17,031,251600,3,170312516003
238.0,42.0,169.0,174.0,99.0,157.0,88.0,37.0,39.0,138.0,135.0,148.0,98.0,75.0,76.0,84.0,1797.0,17,031,251700,1,170312517001
244.0,80.0,59.0,138.0,59.0,64.0,34.0,64.0,26.0,81.0,86.0,113.0,77.0,31.0,49.0,49.0,1254.0,17,031,251800,1,170312518001
162.0,65.0,45.0,50.0,65.0,30.0,20.0,81.0,42.0,56.0,54.0,152.0,59.0,36.0,21.0,31.0,969.0,17,031,251800,2,170312518002
125.0,105.0,50.0,27.0,24.0,45.0,35.0,16.0,15.0,57.0,63.0,127.0,97.0,29.0,36.0,36.0,887.0,17,031,251800,3,170312518003
57.0,27.0,55.0,6.0,9.0,4.0,7.0,4.0,5.0,48.0,42.0,35.0,18.0,10.0,14.0,11.0,352.0,17,031,251800,4,170312518004
178.0,74.0,180.0,92.0,85.0,36.0,65.0,72.0,69.0,172.0,92.0,184.0,74.0,48.0,55.0,85.0,1561.0,17,031,251800,5,170312518005
21.0,73.0,46.0,38.0,71.0,14.0,7.0,9.0,11.0,46.0,42.0,37.0,29.0,19.0,16.0,20.0,499.0,17,031,251900,1,170312519001
239.0,55.0,58.0,172.0,152.0,72.0,70.0,71.0,72.0,116.0,121.0,111.0,112.0,60.0,65.0,70.0,1616.0,17,031,251900,2,170312519002
105.0,65.0,92.0,74.0,93.0,23.0,109.0,23.0,20.0,37.0,81.0,59.0,97.0,29.0,38.0,42.0,987.0,17,031,251900,3,170312519003
522.0,205.0,255.0,155.0,188.0,57.0,71.0,132.0,56.0,125.0,248.0,176.0,120.0,122.0,121.0,166.0,2719.0,17,031,251900,4,170312519004
94.0,61.0,20.0,48.0,96.0,24.0,42.0,35.0,23.0,67.0,37.0,67.0,25.0,29.0,31.0,29.0,728.0,17,031,252000,1,170312520001
295.0,152.0,204.0,214.0,60.0,106.0,98.0,115.0,107.0,177.0,231.0,180.0,130.0,115.0,72.0,92.0,2348.0,17,031,252000,2,170312520002
284.0,70.0,127.0,93.0,36.0,83.0,81.0,94.0,38.0,105.0,74.0,142.0,99.0,82.0,62.0,91.0,1561.0,17,031,252000,3,170312520003
191.0,96.0,38.0,102.0,133.0,153.0,44.0,54.0,33.0,139.0,86.0,192.0,113.0,51.0,55.0,55.0,1535.0,17,031,252000,4,170312520004
149.0,136.0,164.0,112.0,70.0,116.0,128.0,62.0,31.0,194.0,108.0,148.0,117.0,52.0,98.0,100.0,1785.0,17,031,252101,1,170312521011
83.0,218.0,233.0,75.0,173.0,168.0,90.0,145.0,122.0,184.0,162.0,348.0,165.0,91.0,103.0,100.0,2460.0,17,031,252102,1,170312521021
95.0,61.0,88.0,56.0,69.0,100.0,57.0,24.0,39.0,51.0,77.0,148.0,150.0,39.0,61.0,54.0,1169.0,17,031,252102,2,170312521022
108.0,100.0,102.0,125.0,65.0,63.0,58.0,76.0,44.0,98.0,83.0,118.0,65.0,46.0,48.0,41.0,1240.0,17,031,252102,3,170312521023
240.0,100.0,38.0,46.0,18.0,68.0,34.0,75.0,23.0,46.0,55.0,103.0,56.0,30.0,30.0,42.0,1004.0,17,031,252102,4,170312521024
121.0,125.0,65.0,29.0,21.0,27.0,15.0,32.0,10.0,19.0,33.0,58.0,38.0,26.0,25.0,20.0,664.0,17,031,252201,1,170312522011
108.0,80.0,78.0,11.0,51.0,13.0,37.0,19.0,12.0,78.0,32.0,67.0,34.0,22.0,11.0,26.0,679.0,17,031,252201,2,170312522012
69.0,85.0,66.0,42.0,48.0,107.0,55.0,62.0,74.0,61.0,101.0,193.0,138.0,48.0,75.0,54.0,1278.0,17,031,252201,3,170312522013
67.0,19.0,63.0,72.0,38.0,166.0,23.0,20.0,21.0,82.0,97.0,71.0,50.0,102.0,32.0,69.0,992.0,17,031,252202,1,170312522021
352.0,51.0,60.0,80.0,41.0,37.0,67.0,28.0,20.0,45.0,90.0,71.0,57.0,33.0,30.0,44.0,1106.0,17,031,252202,2,170312522022
119.0,49.0,93.0,86.0,82.0,55.0,70.0,34.0,19.0,58.0,119.0,106.0,43.0,61.0,31.0,45.0,1070.0,17,031,252202,3,170312522023
95.0,15.0,50.0,86.0,19.0,59.0,62.0,26.0,17.0,68.0,96.0,51.0,38.0,23.0,29.0,29.0,763.0,17,031,252202,4,170312522024
147.0,57.0,51.0,21.0,22.0,30.0,77.0,28.0,42.0,33.0,66.0,104.0,62.0,35.0,42.0,50.0,867.0,17,031,252202,5,170312522025
188.0,104.0,107.0,66.0,29.0,64.0,23.0,51.0,19.0,61.0,60.0,118.0,46.0,31.0,34.0,40.0,1041.0,17,031,260100,1,170312601001
201.0,78.0,70.0,108.0,60.0,41.0,102.0,31.0,24.0,123.0,84.0,127.0,79.0,44.0,42.0,47.0,1261.0,17,031,260200,1,170312602001
184.0,85.0,128.0,75.0,69.0,64.0,94.0,65.0,54.0,136.0,161.0,98.0,83.0,61.0,38.0,51.0,1446.0,17,031,260300,1,170312603001
188.0,83.0,143.0,122.0,124.0,126.0,46.0,54.0,58.0,95.0,137.0,140.0,92.0,44.0,53.0,51.0,1556.0,17,031,260400,1,170312604001
303.0,27.0,132.0,58.0,125.0,137.0,59.0,95.0,82.0,141.0,142.0,209.0,118.0,66.0,62.0,64.0,1820.0,17,031,260500,1,170312605001
117.0,99.0,114.0,30.0,22.0,16.0,27.0,57.0,32.0,100.0,83.0,177.0,50.0,48.0,37.0,42.0,1051.0,17,031,260600,1,170312606001
218.0,102.0,65.0,81.0,113.0,84.0,42.0,41.0,68.0,93.0,150.0,187.0,84.0,70.0,61.0,69.0,1528.0,17,031,260600,2,170312606002
122.0,67.0,22.0,86.0,90.0,42.0,28.0,25.0,62.0,73.0,63.0,61.0,38.0,55.0,27.0,33.0,894.0,17,031,260700,1,170312607001
191.0,39.0,76.0,124.0,79.0,43.0,30.0,77.0,28.0,76.0,99.0,180.0,53.0,50.0,54.0,43.0,1242.0,17,031,260700,2,170312607002
173.0,63.0,104.0,43.0,84.0,88.0,43.0,98.0,91.0,95.0,100.0,153.0,78.0,41.0,53.0,79.0,1386.0,17,031,260800,1,170312608001
132.0,97.0,72.0,77.0,43.0,92.0,53.0,26.0,26.0,70.0,131.0,89.0,46.0,51.0,46.0,45.0,1096.0,17,031,260800,2,170312608002
186.0,30.0,62.0,27.0,54.0,41.0,13.0,40.0,23.0,29.0,109.0,119.0,34.0,35.0,30.0,38.0,870.0,17,031,260900,1,170312609001
170.0,70.0,22.0,42.0,31.0,23.0,60.0,45.0,35.0,45.0,72.0,64.0,81.0,35.0,44.0,30.0,869.0,17,031,260900,2,170312609002
158.0,65.0,82.0,32.0,67.0,97.0,78.0,73.0,38.0,107.0,173.0,157.0,76.0,64.0,53.0,46.0,1366.0,17,031,261000,1,170312610001
172.0,81.0,64.0,60.0,54.0,65.0,43.0,75.0,25.0,62.0,145.0,113.0,83.0,82.0,52.0,35.0,1211.0,17,031,261000,2,170312610002
312.0,175.0,131.0,124.0,135.0,78.0,62.0,57.0,48.0,157.0,160.0,177.0,82.0,64.0,69.0,92.0,1923.0,17,031,270500,1,170312705001
132.0,83.0,68.0,55.0,89.0,61.0,30.0,41.0,20.0,69.0,86.0,91.0,43.0,70.0,42.0,40.0,1020.0,17,031,271200,1,170312712001
187.0,118.0,64.0,54.0,75.0,35.0,71.0,54.0,51.0,50.0,117.0,68.0,62.0,36.0,85.0,37.0,1164.0,17,031,271300,1,170312713001
195.0,46.0,51.0,79.0,38.0,37.0,38.0,65.0,42.0,69.0,109.0,150.0,69.0,36.0,33.0,44.0,1101.0,17,031,271400,1,170312714001
175.0,137.0,83.0,66.0,101.0,35.0,45.0,83.0,25.0,66.0,117.0,113.0,98.0,52.0,40.0,42.0,1278.0,17,031,271500,1,170312715001
80.0,143.0,104.0,25.0,103.0,75.0,44.0,70.0,97.0,62.0,65.0,104.0,68.0,40.0,94.0,52.0,1226.0,17,031,271800,1,170312718001
294.0,106.0,131.0,172.0,112.0,127.0,115.0,150.0,141.0,225.0,540.0,727.0,680.0,424.0,413.0,537.0,4894.0,17,031,280100,1,170312801001
88.0,39.0,52.0,40.0,48.0,44.0,32.0,63.0,62.0,75.0,216.0,232.0,197.0,112.0,168.0,139.0,1607.0,17,031,280100,2,170312801002
264.0,88.0,57.0,39.0,30.0,69.0,48.0,62.0,35.0,87.0,89.0,153.0,77.0,56.0,54.0,47.0,1255.0,17,031,280400,1,170312804001
127.0,72.0,61.0,30.0,47.0,32.0,24.0,19.0,20.0,30.0,96.0,104.0,51.0,40.0,40.0,27.0,820.0,17,031,280800,1,170312808001
139.0,82.0,30.0,78.0,15.0,20.0,24.0,18.0,21.0,24.0,47.0,119.0,45.0,29.0,33.0,49.0,773.0,17,031,280900,1,170312809001
62.0,37.0,29.0,22.0,22.0,27.0,13.0,36.0,23.0,76.0,77.0,149.0,196.0,147.0,118.0,175.0,1209.0,17,031,281900,1,170312819001
186.0,49.0,27.0,33.0,32.0,41.0,29.0,82.0,36.0,147.0,261.0,263.0,103.0,85.0,100.0,49.0,1523.0,17,031,281900,2,170312819002
232.0,61.0,71.0,54.0,50.0,49.0,108.0,51.0,74.0,146.0,233.0,304.0,227.0,146.0,138.0,120.0,2064.0,17,031,281900,3,170312819003
92.0,31.0,131.0,55.0,56.0,43.0,78.0,26.0,77.0,104.0,175.0,203.0,90.0,85.0,82.0,59.0,1387.0,17,031,282700,1,170312827001
99.0,36.0,42.0,69.0,48.0,31.0,21.0,31.0,56.0,73.0,132.0,144.0,79.0,46.0,55.0,40.0,1002.0,17,031,282700,2,170312827002
106.0,42.0,64.0,59.0,37.0,87.0,107.0,53.0,70.0,106.0,205.0,175.0,138.0,86.0,133.0,92.0,1560.0,17,031,282800,1,170312828001
150.0,84.0,54.0,79.0,109.0,56.0,42.0,74.0,149.0,125.0,156.0,176.0,122.0,63.0,89.0,80.0,1608.0,17,031,283100,1,170312831001
191.0,26.0,44.0,79.0,50.0,63.0,24.0,40.0,63.0,64.0,86.0,103.0,95.0,60.0,72.0,75.0,1135.0,17,031,283100,2,170312831002
177.0,58.0,30.0,98.0,78.0,72.0,24.0,55.0,49.0,112.0,111.0,200.0,123.0,93.0,105.0,84.0,1469.0,17,031,283200,1,170312832001
49.0,43.0,9.0,20.0,35.0,20.0,12.0,13.0,17.0,17.0,41.0,45.0,40.0,40.0,27.0,21.0,449.0,17,031,283800,1,170312838001
316.0,206.0,95.0,126.0,100.0,63.0,83.0,95.0,125.0,196.0,258.0,458.0,250.0,144.0,199.0,180.0,2894.0,17,031,283800,2,170312838002
227.0,35.0,56.0,20.0,19.0,32.0,12.0,87.0,12.0,32.0,55.0,82.0,34.0,29.0,26.0,30.0,788.0,17,031,290900,1,170312909001
107.0,80.0,74.0,71.0,60.0,19.0,22.0,40.0,17.0,58.0,155.0,84.0,37.0,26.0,28.0,40.0,918.0,17,031,290900,2,170312909002
103.0,47.0,152.0,31.0,43.0,20.0,21.0,55.0,21.0,21.0,29.0,61.0,48.0,51.0,21.0,29.0,753.0,17,031,290900,3,170312909003
113.0,42.0,42.0,54.0,67.0,76.0,73.0,62.0,16.0,62.0,62.0,104.0,101.0,34.0,33.0,28.0,969.0,17,031,290900,4,170312909004
185.0,93.0,74.0,28.0,39.0,57.0,41.0,57.0,35.0,68.0,92.0,68.0,59.0,36.0,31.0,37.0,1000.0,17,031,291200,1,170312912001
212.0,37.0,101.0,86.0,52.0,79.0,33.0,117.0,74.0,94.0,123.0,109.0,107.0,38.0,37.0,50.0,1349.0,17,031,291200,2,170312912002
66.0,69.0,30.0,59.0,44.0,52.0,34.0,19.0,28.0,75.0,30.0,130.0,51.0,30.0,50.0,33.0,800.0,17,031,291600,1,170312916001
234.0,42.0,34.0,33.0,25.0,15.0,18.0,44.0,30.0,29.0,46.0,73.0,36.0,51.0,17.0,37.0,764.0,17,031,292200,1,170312922001
236.0,94.0,84.0,51.0,127.0,38.0,38.0,59.0,48.0,72.0,123.0,97.0,81.0,41.0,73.0,47.0,1309.0,17,031,292200,2,170312922002
87.0,57.0,26.0,44.0,43.0,66.0,34.0,55.0,27.0,70.0,51.0,66.0,71.0,24.0,22.0,34.0,777.0,17,031,292200,3,170312922003
273.0,69.0,139.0,59.0,34.0,39.0,45.0,62.0,23.0,70.0,64.0,118.0,97.0,35.0,42.0,49.0,1218.0,17,031,292400,1,170312924001
80.0,67.0,30.0,42.0,84.0,80.0,35.0,46.0,37.0,73.0,60.0,73.0,53.0,48.0,35.0,45.0,888.0,17,031,292400,2,170312924002
65.0,42.0,67.0,164.0,97.0,48.0,21.0,35.0,18.0,58.0,131.0,59.0,105.0,37.0,42.0,49.0,1038.0,17,031,292500,1,170312925001
72.0,214.0,184.0,134.0,48.0,107.0,105.0,44.0,100.0,200.0,145.0,209.0,106.0,59.0,67.0,65.0,1859.0,17,031,292500,2,170312925002
241.0,36.0,75.0,19.0,25.0,38.0,36.0,58.0,15.0,126.0,107.0,109.0,103.0,55.0,43.0,37.0,1123.0,17,031,292500,3,170312925003
31.0,7.0,6.0,18.0,4.0,3.0,15.0,8.0,6.0,45.0,35.0,14.0,10.0,25.0,9.0,7.0,243.0,17,031,292500,4,170312925004
72.0,39.0,33.0,41.0,73.0,107.0,51.0,18.0,17.0,53.0,82.0,59.0,37.0,50.0,30.0,28.0,790.0,17,031,300500,1,170313005001
165.0,146.0,83.0,134.0,96.0,149.0,204.0,105.0,106.0,227.0,217.0,222.0,128.0,71.0,73.0,88.0,2214.0,17,031,300500,2,170313005002
113.0,81.0,63.0,86.0,64.0,66.0,90.0,37.0,51.0,136.0,197.0,147.0,67.0,83.0,55.0,68.0,1404.0,17,031,300600,1,170313006001
115.0,209.0,90.0,55.0,164.0,70.0,137.0,55.0,82.0,175.0,193.0,233.0,81.0,59.0,85.0,71.0,1874.0,17,031,300600,2,170313006002
178.0,255.0,170.0,136.0,143.0,77.0,97.0,50.0,142.0,161.0,177.0,270.0,112.0,149.0,88.0,93.0,2298.0,17,031,300700,1,170313007001
95.0,123.0,63.0,81.0,58.0,108.0,121.0,42.0,22.0,202.0,64.0,105.0,82.0,54.0,47.0,56.0,1323.0,17,031,300700,2,170313007002
144.0,36.0,66.0,33.0,84.0,45.0,119.0,60.0,18.0,41.0,111.0,95.0,51.0,75.0,46.0,35.0,1059.0,17,031,300700,3,170313007003
111.0,63.0,270.0,181.0,54.0,115.0,120.0,108.0,117.0,163.0,144.0,227.0,88.0,63.0,83.0,75.0,1982.0,17,031,300800,1,170313008001
175.0,97.0,367.0,170.0,208.0,123.0,128.0,82.0,90.0,275.0,213.0,244.0,195.0,129.0,97.0,87.0,2680.0,17,031,300800,2,170313008002
130.0,153.0,114.0,139.0,90.0,32.0,156.0,31.0,102.0,85.0,63.0,134.0,78.0,42.0,55.0,57.0,1461.0,17,031,300900,1,170313009001
187.0,126.0,57.0,110.0,98.0,80.0,81.0,30.0,78.0,130.0,89.0,125.0,87.0,54.0,42.0,57.0,1431.0,17,031,300900,2,170313009002
40.0,113.0,58.0,127.0,60.0,79.0,54.0,21.0,22.0,83.0,52.0,117.0,101.0,28.0,36.0,53.0,1044.0,17,031,300900,3,170313009003
123.0,61.0,59.0,86.0,140.0,44.0,83.0,47.0,75.0,105.0,120.0,136.0,55.0,64.0,57.0,47.0,1302.0,17,031,301100,1,170313011001
246.0,152.0,137.0,91.0,176.0,39.0,34.0,112.0,37.0,140.0,182.0,176.0,141.0,72.0,57.0,75.0,1867.0,17,031,301100,2,170313011002
110.0,72.0,87.0,98.0,32.0,42.0,25.0,69.0,26.0,99.0,122.0,84.0,93.0,56.0,51.0,38.0,1104.0,17,031,301200,1,170313012001
46.0,38.0,32.0,14.0,61.0,32.0,64.0,29.0,15.0,45.0,55.0,28.0,30.0,16.0,12.0,24.0,541.0,17,031,301200,2,170313012002
158.0,78.0,121.0,189.0,61.0,146.0,140.0,115.0,85.0,159.0,157.0,125.0,99.0,60.0,68.0,78.0,1839.0,17,031,301200,3,170313012003
249.0,145.0,316.0,129.0,189.0,94.0,63.0,117.0,182.0,131.0,145.0,172.0,162.0,136.0,89.0,93.0,2412.0,17,031,301600,1,170313016001
56.0,173.0,99.0,150.0,192.0,122.0,156.0,126.0,74.0,217.0,105.0,228.0,104.0,70.0,67.0,135.0,2074.0,17,031,301600,2,170313016002
63.0,36.0,147.0,71.0,60.0,49.0,35.0,26.0,123.0,31.0,74.0,57.0,39.0,27.0,32.0,44.0,914.0,17,031,301701,1,170313017011
58.0,156.0,45.0,61.0,163.0,148.0,89.0,88.0,172.0,214.0,116.0,124.0,184.0,66.0,70.0,73.0,1827.0,17,031,301701,2,170313017012
46.0,23.0,88.0,72.0,69.0,70.0,107.0,24.0,14.0,63.0,109.0,65.0,104.0,57.0,45.0,30.0,986.0,17,031,301701,3,170313017013
96.0,57.0,96.0,42.0,85.0,60.0,73.0,19.0,17.0,51.0,102.0,143.0,99.0,22.0,48.0,44.0,1054.0,17,031,301702,1,170313017021
100.0,123.0,39.0,325.0,132.0,36.0,72.0,94.0,42.0,56.0,112.0,102.0,65.0,72.0,47.0,60.0,1477.0,17,031,301702,2,170313017022
130.0,56.0,77.0,87.0,71.0,90.0,41.0,74.0,39.0,79.0,159.0,85.0,55.0,38.0,30.0,36.0,1147.0,17,031,301702,3,170313017023
62.0,50.0,102.0,52.0,27.0,149.0,153.0,52.0,62.0,96.0,80.0,80.0,103.0,37.0,49.0,39.0,1193.0,17,031,301801,1,170313018011
301.0,106.0,256.0,332.0,112.0,199.0,274.0,280.0,66.0,158.0,167.0,310.0,142.0,100.0,127.0,109.0,3039.0,17,031,301801,2,170313018012
63.0,15.0,77.0,28.0,19.0,91.0,51.0,85.0,13.0,64.0,88.0,82.0,66.0,22.0,25.0,25.0,814.0,17,031,301802,1,170313018021
61.0,142.0,23.0,57.0,46.0,45.0,68.0,72.0,23.0,120.0,60.0,198.0,58.0,28.0,30.0,43.0,1074.0,17,031,301802,2,170313018022
64.0,102.0,47.0,79.0,26.0,36.0,81.0,67.0,36.0,63.0,125.0,83.0,67.0,38.0,39.0,39.0,992.0,17,031,301802,3,170313018023
130.0,80.0,176.0,193.0,77.0,84.0,110.0,48.0,64.0,73.0,100.0,150.0,71.0,60.0,59.0,56.0,1531.0,17,031,301803,1,170313018031
143.0,48.0,184.0,91.0,102.0,258.0,269.0,160.0,47.0,298.0,191.0,199.0,107.0,67.0,141.0,90.0,2395.0,17,031,301803,2,170313018032
37.0,120.0,49.0,110.0,131.0,98.0,23.0,20.0,70.0,129.0,81.0,74.0,71.0,30.0,28.0,41.0,1112.0,17,031,301803,3,170313018033
46.0,39.0,73.0,25.0,53.0,37.0,15.0,19.0,16.0,44.0,110.0,104.0,81.0,79.0,42.0,39.0,822.0,17,031,310200,1,170313102001
31.0,35.0,25.0,18.0,32.0,31.0,9.0,34.0,55.0,64.0,92.0,68.0,73.0,36.0,40.0,45.0,688.0,17,031,310200,2,170313102002
159.0,71.0,63.0,66.0,60.0,73.0,87.0,47.0,69.0,88.0,128.0,190.0,151.0,87.0,97.0,53.0,1489.0,17,031,310300,1,170313103001
148.0,63.0,51.0,41.0,80.0,84.0,49.0,67.0,65.0,167.0,120.0,174.0,84.0,92.0,57.0,78.0,1420.0,17,031,310400,1,170313104001
92.0,96.0,171.0,136.0,47.0,98.0,100.0,90.0,47.0,140.0,162.0,213.0,111.0,66.0,71.0,76.0,1716.0,17,031,310500,1,170313105001
296.0,107.0,136.0,140.0,133.0,141.0,55.0,53.0,31.0,146.0,138.0,185.0,169.0,60.0,87.0,91.0,1968.0,17,031,310600,1,170313106001
109.0,96.0,76.0,173.0,70.0,76.0,74.0,37.0,81.0,153.0,72.0,114.0,84.0,48.0,75.0,74.0,1412.0,17,031,310600,2,170313106002
111.0,33.0,134.0,149.0,69.0,104.0,80.0,122.0,48.0,115.0,202.0,231.0,89.0,40.0,106.0,57.0,1690.0,17,031,310600,3,170313106003
119.0,81.0,72.0,56.0,69.0,92.0,55.0,72.0,13.0,56.0,161.0,147.0,88.0,39.0,40.0,48.0,1208.0,17,031,310700,1,170313107001
104.0,74.0,69.0,66.0,67.0,136.0,100.0,70.0,37.0,89.0,176.0,125.0,52.0,45.0,46.0,49.0,1305.0,17,031,310800,1,170313108001
76.0,33.0,47.0,39.0,154.0,59.0,31.0,87.0,26.0,62.0,184.0,117.0,70.0,33.0,44.0,54.0,1116.0,17,031,310800,2,170313108002
152.0,85.0,203.0,91.0,134.0,115.0,172.0,131.0,148.0,265.0,196.0,203.0,130.0,90.0,91.0,83.0,2289.0,17,031,310800,3,170313108003
142.0,119.0,59.0,106.0,162.0,59.0,47.0,63.0,148.0,59.0,164.0,115.0,87.0,73.0,46.0,59.0,1508.0,17,031,310900,1,170313109001
125.0,124.0,39.0,156.0,84.0,120.0,30.0,73.0,100.0,97.0,213.0,219.0,102.0,68.0,75.0,88.0,1713.0,17,031,310900,2,170313109002
130.0,109.0,166.0,175.0,43.0,69.0,59.0,37.0,43.0,160.0,238.0,193.0,105.0,112.0,91.0,94.0,1824.0,17,031,310900,3,170313109003
154.0,58.0,65.0,71.0,110.0,75.0,57.0,100.0,69.0,235.0,254.0,382.0,272.0,200.0,334.0,196.0,2632.0,17,031,320100,1,170313201001
200.0,44.0,50.0,54.0,67.0,123.0,72.0,113.0,92.0,114.0,132.0,226.0,252.0,67.0,214.0,174.0,1994.0,17,031,320100,2,170313201002
108.0,173.0,58.0,82.0,49.0,48.0,70.0,43.0,96.0,118.0,144.0,149.0,205.0,177.0,163.0,395.0,2078.0,17,031,320100,3,170313201003
239.0,74.0,95.0,111.0,155.0,119.0,87.0,197.0,70.0,239.0,233.0,505.0,525.0,266.0,286.0,323.0,3524.0,17,031,320100,4,170313201004
60.0,37.0,28.0,34.0,26.0,31.0,24.0,22.0,22.0,32.0,63.0,102.0,63.0,35.0,74.0,197.0,850.0,17,031,320400,1,170313204001
112.0,42.0,59.0,52.0,72.0,63.0,91.0,61.0,61.0,209.0,279.0,246.0,224.0,95.0,96.0,302.0,2064.0,17,031,320600,1,170313206001
225.0,204.0,97.0,52.0,41.0,48.0,49.0,82.0,69.0,125.0,196.0,349.0,233.0,224.0,151.0,219.0,2364.0,17,031,320600,2,170313206002
202.0,114.0,80.0,69.0,106.0,84.0,134.0,79.0,74.0,371.0,330.0,351.0,259.0,265.0,195.0,290.0,3003.0,17,031,330100,1,170313301001
226.0,86.0,191.0,123.0,177.0,119.0,146.0,337.0,241.0,389.0,556.0,709.0,489.0,244.0,428.0,410.0,4871.0,17,031,330100,2,170313301002
593.0,221.0,240.0,272.0,423.0,288.0,196.0,342.0,254.0,280.0,530.0,711.0,826.0,288.0,497.0,861.0,6822.0,17,031,330100,3,170313301003
122.0,133.0,177.0,93.0,142.0,67.0,115.0,107.0,99.0,161.0,276.0,392.0,286.0,102.0,172.0,212.0,2656.0,17,031,330100,4,170313301004
177.0,88.0,29.0,91.0,20.0,33.0,14.0,30.0,26.0,32.0,66.0,73.0,41.0,51.0,19.0,31.0,821.0,17,031,330200,1,170313302001
91.0,70.0,73.0,85.0,82.0,70.0,94.0,104.0,96.0,185.0,284.0,497.0,279.0,176.0,265.0,476.0,2927.0,17,031,330200,2,170313302002
254.0,122.0,78.0,110.0,110.0,61.0,67.0,54.0,58.0,102.0,132.0,173.0,90.0,123.0,108.0,86.0,1728.0,17,031,340300,1,170313403001
258.0,91.0,74.0,123.0,86.0,103.0,63.0,61.0,44.0,146.0,200.0,168.0,81.0,64.0,77.0,87.0,1726.0,17,031,340400,1,170313404001
278.0,153.0,61.0,64.0,92.0,43.0,47.0,58.0,29.0,157.0,106.0,242.0,116.0,90.0,71.0,70.0,1677.0,17,031,340500,1,170313405001
248.0,131.0,128.0,49.0,41.0,43.0,26.0,23.0,23.0,49.0,57.0,72.0,48.0,37.0,44.0,45.0,1064.0,17,031,340600,1,170313406001
93.0,45.0,16.0,51.0,25.0,28.0,30.0,41.0,54.0,66.0,58.0,73.0,58.0,34.0,35.0,30.0,737.0,17,031,350100,1,170313501001
141.0,37.0,43.0,49.0,48.0,53.0,35.0,64.0,78.0,161.0,194.0,123.0,74.0,42.0,48.0,47.0,1237.0,17,031,350100,2,170313501002
385.0,89.0,102.0,80.0,56.0,32.0,57.0,53.0,34.0,62.0,81.0,121.0,66.0,41.0,49.0,64.0,1372.0,17,031,350400,1,170313504001
75.0,18.0,90.0,23.0,86.0,26.0,46.0,60.0,53.0,58.0,106.0,93.0,89.0,62.0,78.0,42.0,1005.0,17,031,351000,1,170313510001
52.0,28.0,28.0,15.0,30.0,63.0,61.0,101.0,47.0,62.0,71.0,73.0,84.0,37.0,30.0,32.0,814.0,17,031,351000,2,170313510002
218.0,125.0,90.0,126.0,94.0,81.0,108.0,64.0,76.0,203.0,361.0,256.0,110.0,72.0,99.0,98.0,2181.0,17,031,351000,3,170313510003
382.0,196.0,111.0,113.0,45.0,55.0,52.0,54.0,31.0,93.0,115.0,131.0,83.0,44.0,63.0,78.0,1646.0,17,031,351100,1,170313511001
451.0,114.0,54.0,64.0,37.0,57.0,65.0,66.0,52.0,61.0,94.0,110.0,86.0,45.0,48.0,84.0,1488.0,17,031,351400,1,170313514001
39.0,27.0,32.0,41.0,18.0,35.0,13.0,19.0,14.0,23.0,21.0,26.0,47.0,16.0,17.0,20.0,408.0,17,031,351500,2,170313515002
318.0,106.0,112.0,57.0,101.0,87.0,94.0,80.0,68.0,109.0,89.0,130.0,93.0,65.0,46.0,58.0,1613.0,17,031,360200,1,170313602001
263.0,127.0,108.0,53.0,63.0,71.0,137.0,58.0,42.0,105.0,156.0,158.0,192.0,71.0,106.0,102.0,1812.0,17,031,380100,1,170313801001
28.0,4.0,0.0,5.0,8.0,40.0,3.0,3.0,6.0,21.0,16.0,18.0,17.0,4.0,7.0,11.0,191.0,17,031,380200,1,170313802001
246.0,162.0,108.0,127.0,46.0,75.0,69.0,39.0,66.0,79.0,108.0,124.0,86.0,59.0,63.0,93.0,1550.0,17,031,380200,2,170313802002
126.0,34.0,53.0,32.0,76.0,32.0,30.0,48.0,16.0,47.0,68.0,59.0,89.0,30.0,52.0,25.0,817.0,17,031,380500,1,170313805001
72.0,107.0,71.0,55.0,47.0,44.0,31.0,55.0,27.0,90.0,58.0,141.0,60.0,31.0,36.0,51.0,976.0,17,031,380700,1,170313807001
80.0,15.0,52.0,18.0,21.0,40.0,17.0,30.0,10.0,28.0,71.0,104.0,63.0,25.0,47.0,17.0,638.0,17,031,381200,1,170313812001
144.0,121.0,33.0,62.0,49.0,40.0,63.0,119.0,47.0,118.0,118.0,132.0,96.0,30.0,72.0,50.0,1294.0,17,031,381200,2,170313812002
197.0,75.0,57.0,124.0,112.0,50.0,98.0,51.0,69.0,142.0,149.0,324.0,104.0,60.0,50.0,80.0,1742.0,17,031,381400,1,170313814001
32.0,7.0,10.0,14.0,39.0,14.0,5.0,4.0,5.0,9.0,26.0,37.0,25.0,7.0,5.0,7.0,246.0,17,031,381500,1,170313815001
95.0,37.0,42.0,56.0,31.0,49.0,76.0,19.0,17.0,54.0,39.0,92.0,36.0,47.0,30.0,59.0,779.0,17,031,381800,1,170313818001
50.0,21.0,17.0,17.0,16.0,12.0,10.0,8.0,5.0,37.0,30.0,25.0,18.0,9.0,7.0,7.0,289.0,17,031,381800,2,170313818002
56.0,35.0,33.0,18.0,25.0,21.0,61.0,14.0,14.0,55.0,55.0,71.0,33.0,34.0,42.0,21.0,588.0,17,031,381900,1,170313819001
111.0,24.0,23.0,56.0,32.0,10.0,27.0,24.0,25.0,52.0,53.0,94.0,76.0,25.0,24.0,31.0,687.0,17,031,381900,2,170313819002
139.0,39.0,55.0,70.0,41.0,61.0,71.0,84.0,51.0,91.0,108.0,178.0,145.0,63.0,52.0,131.0,1379.0,17,031,390100,1,170313901001
98.0,64.0,75.0,23.0,53.0,50.0,38.0,47.0,18.0,60.0,117.0,72.0,99.0,42.0,67.0,68.0,991.0,17,031,390200,1,170313902001
36.0,48.0,13.0,16.0,18.0,55.0,39.0,15.0,13.0,14.0,56.0,102.0,88.0,37.0,36.0,41.0,627.0,17,031,390200,2,170313902002
243.0,55.0,57.0,97.0,51.0,71.0,35.0,18.0,50.0,35.0,60.0,69.0,46.0,46.0,34.0,41.0,1008.0,17,031,390300,1,170313903001
205.0,102.0,146.0,67.0,102.0,51.0,68.0,130.0,36.0,157.0,103.0,151.0,152.0,57.0,107.0,62.0,1696.0,17,031,390300,2,170313903002
93.0,94.0,64.0,51.0,63.0,132.0,72.0,74.0,18.0,65.0,54.0,101.0,66.0,27.0,54.0,99.0,1127.0,17,031,390400,1,170313904001
229.0,117.0,67.0,81.0,66.0,87.0,55.0,36.0,48.0,61.0,89.0,90.0,84.0,43.0,48.0,79.0,1280.0,17,031,390400,2,170313904002
140.0,91.0,78.0,87.0,77.0,74.0,121.0,73.0,44.0,106.0,98.0,158.0,82.0,125.0,110.0,168.0,1632.0,17,031,390500,1,170313905001
85.0,39.0,32.0,38.0,35.0,37.0,11.0,39.0,23.0,57.0,44.0,99.0,63.0,37.0,59.0,121.0,819.0,17,031,390600,1,170313906001
91.0,23.0,43.0,36.0,51.0,38.0,40.0,46.0,26.0,129.0,104.0,140.0,83.0,94.0,61.0,133.0,1138.0,17,031,390600,2,170313906002
33.0,26.0,104.0,82.0,21.0,28.0,24.0,61.0,44.0,106.0,138.0,124.0,199.0,55.0,92.0,134.0,1271.0,17,031,390700,1,170313907001
97.0,87.0,87.0,80.0,60.0,77.0,97.0,26.0,77.0,87.0,168.0,207.0,92.0,45.0,91.0,77.0,1455.0,17,031,390700,2,170313907002
445.0,136.0,133.0,155.0,166.0,131.0,77.0,247.0,102.0,291.0,337.0,383.0,298.0,149.0,215.0,135.0,3400.0,17,031,390700,3,170313907003
174.0,65.0,63.0,73.0,33.0,36.0,71.0,36.0,40.0,78.0,129.0,207.0,92.0,77.0,64.0,51.0,1289.0,17,031,400300,1,170314003001
149.0,71.0,124.0,107.0,38.0,45.0,49.0,26.0,20.0,69.0,75.0,106.0,58.0,43.0,52.0,41.0,1073.0,17,031,400400,1,170314004001
95.0,19.0,20.0,24.0,33.0,30.0,8.0,31.0,31.0,28.0,86.0,70.0,25.0,23.0,14.0,23.0,560.0,17,031,400400,2,170314004002
179.0,106.0,108.0,70.0,171.0,53.0,60.0,30.0,57.0,83.0,52.0,116.0,78.0,73.0,52.0,35.0,1323.0,17,031,400500,1,170314005001
132.0,85.0,77.0,35.0,58.0,66.0,66.0,64.0,29.0,69.0,59.0,123.0,94.0,38.0,41.0,49.0,1085.0,17,031,400500,2,170314005002
282.0,33.0,67.0,47.0,46.0,46.0,61.0,33.0,30.0,56.0,68.0,71.0,51.0,20.0,29.0,39.0,979.0,17,031,400800,1,170314008001
414.0,155.0,136.0,88.0,65.0,56.0,76.0,46.0,100.0,132.0,163.0,131.0,92.0,53.0,65.0,77.0,1849.0,17,031,400800,2,170314008002
103.0,25.0,23.0,68.0,66.0,52.0,62.0,47.0,36.0,25.0,67.0,65.0,40.0,25.0,29.0,35.0,768.0,17,031,410100,1,170314101001
122.0,106.0,71.0,36.0,45.0,49.0,73.0,45.0,25.0,96.0,117.0,93.0,86.0,87.0,57.0,51.0,1159.0,17,031,410100,2,170314101002
164.0,96.0,43.0,50.0,32.0,55.0,29.0,52.0,45.0,62.0,67.0,82.0,90.0,40.0,52.0,59.0,1018.0,17,031,410200,1,170314102001
109.0,25.0,33.0,61.0,26.0,51.0,38.0,42.0,72.0,73.0,178.0,152.0,100.0,46.0,62.0,74.0,1142.0,17,031,410500,1,170314105001
193.0,69.0,64.0,53.0,79.0,87.0,54.0,80.0,55.0,62.0,108.0,155.0,82.0,82.0,86.0,54.0,1363.0,17,031,410500,2,170314105002
140.0,114.0,45.0,49.0,43.0,81.0,68.0,30.0,96.0,143.0,103.0,133.0,108.0,53.0,83.0,95.0,1384.0,17,031,410600,1,170314106001
79.0,67.0,39.0,88.0,19.0,30.0,28.0,50.0,24.0,74.0,54.0,64.0,49.0,62.0,47.0,40.0,814.0,17,031,410600,2,170314106002
220.0,57.0,93.0,110.0,62.0,121.0,88.0,78.0,36.0,183.0,292.0,191.0,113.0,101.0,86.0,96.0,1927.0,17,031,410700,1,170314107001
157.0,49.0,69.0,109.0,94.0,35.0,65.0,22.0,27.0,72.0,104.0,135.0,99.0,49.0,72.0,66.0,1224.0,17,031,410800,1,170314108001
197.0,107.0,49.0,73.0,80.0,124.0,64.0,95.0,80.0,169.0,242.0,245.0,116.0,89.0,113.0,90.0,1933.0,17,031,410800,2,170314108002
74.0,41.0,24.0,29.0,43.0,36.0,16.0,25.0,17.0,69.0,79.0,125.0,57.0,31.0,43.0,76.0,785.0,17,031,410900,1,170314109001
67.0,41.0,12.0,27.0,38.0,30.0,19.0,30.0,3.0,47.0,28.0,37.0,38.0,23.0,26.0,23.0,489.0,17,031,410900,2,170314109002
76.0,60.0,69.0,69.0,49.0,106.0,49.0,43.0,38.0,138.0,248.0,134.0,135.0,59.0,127.0,97.0,1497.0,17,031,410900,3,170314109003
94.0,65.0,23.0,43.0,76.0,33.0,27.0,70.0,44.0,117.0,163.0,181.0,172.0,55.0,56.0,86.0,1305.0,17,031,411000,1,170314110001
23.0,11.0,10.0,28.0,34.0,15.0,19.0,7.0,23.0,62.0,50.0,60.0,39.0,38.0,36.0,21.0,476.0,17,031,411000,2,170314110002
110.0,57.0,58.0,63.0,81.0,73.0,34.0,45.0,34.0,68.0,113.0,102.0,102.0,77.0,46.0,81.0,1144.0,17,031,411000,3,170314110003
91.0,37.0,49.0,37.0,54.0,27.0,41.0,60.0,34.0,65.0,82.0,130.0,121.0,44.0,100.0,94.0,1066.0,17,031,411100,1,170314111001
69.0,21.0,27.0,28.0,41.0,25.0,18.0,22.0,16.0,59.0,66.0,78.0,82.0,103.0,62.0,116.0,833.0,17,031,411100,2,170314111002
125.0,42.0,55.0,44.0,40.0,31.0,38.0,29.0,41.0,82.0,79.0,136.0,123.0,74.0,67.0,212.0,1218.0,17,031,411200,1,170314112001
39.0,8.0,37.0,17.0,5.0,13.0,9.0,7.0,4.0,17.0,39.0,63.0,29.0,25.0,28.0,77.0,417.0,17,031,411200,2,170314112002
241.0,64.0,131.0,60.0,56.0,71.0,41.0,40.0,33.0,98.0,97.0,79.0,50.0,55.0,59.0,45.0,1220.0,17,031,420100,1,170314201001
174.0,89.0,91.0,66.0,97.0,91.0,53.0,85.0,25.0,119.0,116.0,220.0,86.0,72.0,52.0,47.0,1483.0,17,031,420200,1,170314202001
178.0,56.0,50.0,77.0,49.0,104.0,60.0,34.0,59.0,70.0,109.0,100.0,102.0,70.0,46.0,95.0,1259.0,17,031,420300,1,170314203001
220.0,84.0,150.0,43.0,28.0,45.0,30.0,51.0,30.0,63.0,127.0,114.0,60.0,57.0,67.0,49.0,1218.0,17,031,420400,1,170314204001
147.0,125.0,40.0,65.0,55.0,43.0,23.0,45.0,63.0,57.0,81.0,116.0,48.0,28.0,49.0,27.0,1012.0,17,031,420500,1,170314205001
153.0,57.0,63.0,66.0,103.0,21.0,37.0,79.0,25.0,61.0,121.0,103.0,52.0,37.0,43.0,51.0,1072.0,17,031,420500,2,170314205002
140.0,138.0,119.0,104.0,33.0,81.0,95.0,23.0,28.0,46.0,55.0,112.0,77.0,49.0,44.0,51.0,1195.0,17,031,420600,1,170314206001
164.0,54.0,93.0,36.0,69.0,62.0,21.0,13.0,24.0,40.0,48.0,83.0,56.0,28.0,28.0,35.0,854.0,17,031,420600,2,170314206002
68.0,14.0,86.0,57.0,32.0,58.0,10.0,31.0,17.0,26.0,29.0,65.0,30.0,36.0,19.0,17.0,595.0,17,031,420700,1,170314207001
58.0,14.0,16.0,26.0,38.0,14.0,17.0,61.0,39.0,15.0,49.0,77.0,22.0,18.0,25.0,19.0,508.0,17,031,420700,2,170314207002
47.0,78.0,62.0,9.0,27.0,4.0,30.0,31.0,15.0,16.0,33.0,48.0,38.0,11.0,21.0,12.0,482.0,17,031,420700,3,170314207003
155.0,58.0,26.0,69.0,76.0,90.0,23.0,51.0,51.0,107.0,45.0,90.0,47.0,29.0,44.0,43.0,1004.0,17,031,420700,4,170314207004
55.0,11.0,17.0,52.0,38.0,10.0,22.0,31.0,8.0,66.0,35.0,20.0,31.0,12.0,15.0,14.0,437.0,17,031,420700,5,170314207005
175.0,53.0,45.0,90.0,48.0,79.0,67.0,45.0,42.0,62.0,108.0,104.0,88.0,49.0,54.0,48.0,1157.0,17,031,420800,1,170314208001
143.0,101.0,110.0,96.0,23.0,34.0,65.0,57.0,39.0,69.0,80.0,118.0,41.0,52.0,62.0,32.0,1122.0,17,031,420800,2,170314208002
104.0,93.0,36.0,33.0,63.0,91.0,43.0,49.0,40.0,49.0,45.0,83.0,134.0,17.0,22.0,41.0,943.0,17,031,421200,1,170314212001
82.0,54.0,102.0,44.0,13.0,76.0,46.0,50.0,20.0,27.0,47.0,58.0,40.0,36.0,32.0,24.0,751.0,17,031,421200,2,170314212002
114.0,21.0,43.0,19.0,45.0,64.0,25.0,29.0,67.0,36.0,159.0,98.0,38.0,29.0,28.0,38.0,853.0,17,031,430101,1,170314301011
157.0,63.0,33.0,20.0,34.0,28.0,37.0,29.0,62.0,69.0,109.0,77.0,57.0,48.0,29.0,25.0,877.0,17,031,430101,2,170314301012
125.0,44.0,40.0,20.0,111.0,12.0,15.0,16.0,47.0,33.0,150.0,60.0,70.0,19.0,18.0,28.0,808.0,17,031,430101,3,170314301013
138.0,72.0,87.0,119.0,91.0,105.0,41.0,57.0,26.0,100.0,132.0,136.0,76.0,61.0,56.0,52.0,1349.0,17,031,430101,4,170314301014
156.0,59.0,136.0,62.0,82.0,84.0,87.0,172.0,64.0,95.0,163.0,198.0,102.0,54.0,56.0,83.0,1653.0,17,031,430102,1,170314301021
53.0,27.0,140.0,50.0,18.0,33.0,35.0,15.0,17.0,36.0,54.0,80.0,28.0,23.0,21.0,25.0,655.0,17,031,430102,2,170314301022
212.0,102.0,41.0,49.0,117.0,25.0,40.0,23.0,25.0,63.0,94.0,101.0,65.0,35.0,43.0,39.0,1074.0,17,031,430102,3,170314301023
17.0,83.0,11.0,32.0,39.0,8.0,10.0,58.0,12.0,22.0,23.0,37.0,49.0,9.0,16.0,47.0,473.0,17,031,430200,1,170314302001
28.0,13.0,13.0,12.0,34.0,12.0,67.0,53.0,11.0,29.0,105.0,49.0,33.0,13.0,19.0,83.0,574.0,17,031,430200,2,170314302002
181.0,78.0,25.0,110.0,65.0,29.0,33.0,39.0,49.0,70.0,44.0,135.0,59.0,24.0,41.0,43.0,1025.0,17,031,430200,3,170314302003
139.0,136.0,53.0,90.0,31.0,91.0,25.0,21.0,17.0,107.0,69.0,142.0,66.0,38.0,32.0,84.0,1141.0,17,031,430200,4,170314302004
404.0,198.0,169.0,27.0,30.0,107.0,42.0,38.0,33.0,115.0,80.0,117.0,130.0,58.0,58.0,71.0,1677.0,17,031,430200,5,170314302005
164.0,72.0,37.0,67.0,73.0,52.0,57.0,45.0,43.0,126.0,64.0,142.0,85.0,63.0,42.0,47.0,1179.0,17,031,430300,1,170314303001
86.0,75.0,36.0,36.0,42.0,16.0,40.0,46.0,15.0,36.0,34.0,35.0,40.0,13.0,17.0,27.0,594.0,17,031,430300,2,170314303002
104.0,58.0,7.0,41.0,17.0,13.0,9.0,13.0,5.0,55.0,22.0,49.0,20.0,19.0,13.0,27.0,472.0,17,031,430300,3,170314303003
96.0,34.0,30.0,46.0,25.0,18.0,43.0,8.0,34.0,64.0,53.0,81.0,27.0,23.0,32.0,40.0,654.0,17,031,430400,1,170314304001
68.0,21.0,48.0,12.0,39.0,6.0,32.0,12.0,12.0,16.0,22.0,33.0,20.0,16.0,11.0,15.0,383.0,17,031,430400,2,170314304002
158.0,59.0,38.0,70.0,63.0,17.0,18.0,46.0,31.0,59.0,134.0,71.0,46.0,35.0,39.0,37.0,921.0,17,031,430400,3,170314304003
197.0,27.0,115.0,80.0,25.0,21.0,18.0,56.0,22.0,33.0,136.0,100.0,62.0,86.0,36.0,51.0,1065.0,17,031,430400,4,170314304004
255.0,118.0,66.0,45.0,93.0,42.0,62.0,34.0,84.0,74.0,93.0,121.0,80.0,75.0,59.0,60.0,1361.0,17,031,430500,1,170314305001
200.0,36.0,105.0,89.0,52.0,79.0,47.0,91.0,28.0,91.0,164.0,113.0,61.0,70.0,52.0,47.0,1325.0,17,031,430500,2,170314305002
120.0,84.0,27.0,59.0,34.0,70.0,41.0,67.0,23.0,52.0,112.0,115.0,42.0,33.0,43.0,30.0,952.0,17,031,430500,3,170314305003
68.0,8.0,50.0,39.0,73.0,41.0,25.0,16.0,27.0,33.0,58.0,82.0,50.0,31.0,54.0,42.0,697.0,17,031,430600,1,170314306001
153.0,27.0,78.0,66.0,39.0,59.0,24.0,50.0,25.0,93.0,97.0,95.0,61.0,41.0,60.0,52.0,1020.0,17,031,430600,2,170314306002
177.0,78.0,72.0,82.0,87.0,134.0,83.0,36.0,27.0,148.0,147.0,154.0,66.0,88.0,58.0,55.0,1492.0,17,031,430700,1,170314307001
121.0,93.0,22.0,27.0,44.0,39.0,41.0,16.0,19.0,69.0,40.0,102.0,37.0,37.0,18.0,24.0,749.0,17,031,430700,2,170314307002
85.0,30.0,34.0,71.0,52.0,24.0,59.0,94.0,14.0,72.0,76.0,113.0,99.0,44.0,36.0,55.0,958.0,17,031,430800,1,170314308001
73.0,44.0,35.0,58.0,47.0,80.0,25.0,47.0,34.0,38.0,43.0,66.0,34.0,52.0,20.0,23.0,719.0,17,031,430800,2,170314308002
161.0,60.0,83.0,26.0,40.0,30.0,59.0,27.0,33.0,77.0,94.0,89.0,43.0,21.0,34.0,39.0,916.0,17,031,430900,1,170314309001
74.0,24.0,14.0,26.0,32.0,12.0,10.0,20.0,8.0,38.0,15.0,34.0,49.0,29.0,19.0,12.0,416.0,17,031,430900,2,170314309002
91.0,92.0,39.0,81.0,98.0,59.0,84.0,69.0,73.0,145.0,270.0,422.0,140.0,79.0,73.0,80.0,1895.0,17,031,431200,1,170314312001
121.0,79.0,55.0,66.0,83.0,40.0,157.0,38.0,66.0,95.0,114.0,222.0,60.0,57.0,59.0,64.0,1376.0,17,031,431200,2,170314312002
25.0,28.0,13.0,43.0,12.0,17.0,8.0,33.0,5.0,25.0,10.0,30.0,17.0,14.0,15.0,22.0,317.0,17,031,431301,1,170314313011
179.0,124.0,73.0,139.0,48.0,86.0,74.0,117.0,58.0,77.0,120.0,208.0,102.0,45.0,56.0,64.0,1570.0,17,031,431301,2,170314313012
189.0,75.0,156.0,259.0,27.0,30.0,64.0,69.0,35.0,74.0,69.0,142.0,86.0,36.0,66.0,63.0,1440.0,17,031,431301,3,170314313013
132.0,104.0,72.0,95.0,133.0,47.0,66.0,48.0,33.0,43.0,48.0,81.0,53.0,45.0,36.0,52.0,1088.0,17,031,431302,1,170314313021
121.0,61.0,79.0,14.0,12.0,27.0,26.0,9.0,15.0,47.0,70.0,73.0,28.0,16.0,24.0,20.0,642.0,17,031,431302,2,170314313022
281.0,112.0,72.0,83.0,79.0,64.0,97.0,63.0,57.0,104.0,100.0,167.0,166.0,74.0,65.0,63.0,1647.0,17,031,431302,3,170314313023
317.0,128.0,165.0,131.0,103.0,162.0,46.0,102.0,66.0,176.0,260.0,263.0,178.0,91.0,56.0,83.0,2327.0,17,031,431400,1,170314314001
141.0,80.0,66.0,53.0,26.0,111.0,80.0,27.0,22.0,43.0,91.0,53.0,69.0,32.0,50.0,29.0,973.0,17,031,431400,2,170314314002
330.0,64.0,181.0,113.0,60.0,39.0,135.0,57.0,46.0,105.0,122.0,91.0,121.0,55.0,68.0,76.0,1663.0,17,031,431400,3,170314314003
15.0,22.0,13.0,20.0,18.0,36.0,28.0,5.0,36.0,81.0,27.0,24.0,17.0,9.0,14.0,17.0,382.0,17,031,431400,4,170314314004
164.0,64.0,74.0,79.0,65.0,67.0,42.0,21.0,88.0,179.0,114.0,117.0,75.0,40.0,43.0,43.0,1275.0,17,031,440101,1,170314401011
82.0,85.0,23.0,46.0,61.0,18.0,79.0,51.0,45.0,57.0,86.0,118.0,41.0,31.0,36.0,46.0,905.0,17,031,440101,2,170314401012
30.0,58.0,28.0,10.0,81.0,11.0,22.0,18.0,14.0,22.0,34.0,60.0,39.0,19.0,55.0,13.0,514.0,17,031,440101,3,170314401013
184.0,40.0,74.0,54.0,60.0,62.0,77.0,29.0,12.0,87.0,68.0,87.0,43.0,42.0,42.0,36.0,997.0,17,031,440101,4,170314401014
143.0,122.0,139.0,35.0,43.0,135.0,59.0,74.0,29.0,43.0,115.0,82.0,71.0,45.0,51.0,43.0,1229.0,17,031,440102,1,170314401021
53.0,81.0,42.0,18.0,18.0,42.0,61.0,24.0,22.0,58.0,78.0,59.0,37.0,21.0,28.0,28.0,670.0,17,031,440102,2,170314401022
53.0,57.0,30.0,20.0,27.0,9.0,5.0,67.0,11.0,39.0,38.0,46.0,22.0,54.0,12.0,10.0,500.0,17,031,440102,3,170314401023
87.0,44.0,84.0,23.0,96.0,60.0,27.0,13.0,29.0,50.0,47.0,59.0,36.0,22.0,18.0,45.0,740.0,17,031,440102,4,170314401024
161.0,55.0,55.0,67.0,105.0,25.0,77.0,70.0,87.0,48.0,107.0,132.0,86.0,60.0,45.0,39.0,1219.0,17,031,440201,1,170314402011
290.0,59.0,136.0,71.0,99.0,56.0,151.0,39.0,136.0,65.0,87.0,260.0,90.0,57.0,62.0,56.0,1714.0,17,031,440201,2,170314402012
104.0,11.0,25.0,91.0,13.0,17.0,16.0,22.0,78.0,85.0,173.0,64.0,46.0,32.0,82.0,34.0,893.0,17,031,440201,3,170314402013
126.0,56.0,83.0,42.0,127.0,48.0,81.0,144.0,39.0,141.0,119.0,216.0,106.0,57.0,63.0,47.0,1495.0,17,031,440201,4,170314402014
267.0,39.0,107.0,116.0,136.0,65.0,104.0,41.0,57.0,116.0,154.0,179.0,129.0,74.0,89.0,63.0,1736.0,17,031,440202,1,170314402021
139.0,124.0,72.0,70.0,54.0,22.0,37.0,38.0,43.0,45.0,50.0,90.0,85.0,32.0,34.0,37.0,972.0,17,031,440202,2,170314402022
93.0,13.0,22.0,31.0,16.0,34.0,20.0,37.0,22.0,81.0,133.0,116.0,62.0,34.0,60.0,103.0,877.0,17,031,440202,3,170314402023
23.0,41.0,49.0,109.0,80.0,49.0,31.0,19.0,17.0,192.0,71.0,112.0,72.0,53.0,40.0,79.0,1037.0,17,031,440300,1,170314403001
49.0,66.0,74.0,79.0,57.0,45.0,67.0,87.0,65.0,134.0,188.0,183.0,168.0,103.0,96.0,57.0,1518.0,17,031,440300,2,170314403002
61.0,24.0,40.0,43.0,11.0,35.0,28.0,17.0,13.0,26.0,41.0,52.0,22.0,21.0,49.0,25.0,508.0,17,031,440300,3,170314403003
50.0,15.0,46.0,67.0,18.0,47.0,61.0,41.0,29.0,36.0,62.0,54.0,37.0,46.0,39.0,49.0,697.0,17,031,440300,4,170314403004
101.0,46.0,6.0,16.0,33.0,37.0,13.0,25.0,32.0,101.0,32.0,69.0,61.0,19.0,35.0,30.0,656.0,17,031,440300,5,170314403005
89.0,48.0,48.0,26.0,31.0,38.0,14.0,40.0,22.0,47.0,51.0,74.0,38.0,38.0,27.0,23.0,654.0,17,031,440600,1,170314406001
95.0,79.0,66.0,91.0,36.0,49.0,56.0,66.0,49.0,87.0,162.0,155.0,123.0,90.0,137.0,47.0,1388.0,17,031,440600,2,170314406002
42.0,15.0,88.0,28.0,51.0,28.0,24.0,82.0,23.0,55.0,52.0,59.0,52.0,34.0,28.0,36.0,697.0,17,031,440700,1,170314407001
83.0,25.0,26.0,27.0,28.0,37.0,39.0,39.0,9.0,87.0,84.0,114.0,50.0,59.0,47.0,36.0,790.0,17,031,440700,2,170314407002
128.0,30.0,45.0,66.0,15.0,50.0,27.0,32.0,21.0,62.0,40.0,91.0,48.0,32.0,23.0,32.0,742.0,17,031,440800,1,170314408001
199.0,80.0,66.0,38.0,38.0,72.0,31.0,68.0,72.0,62.0,75.0,73.0,47.0,29.0,36.0,35.0,1021.0,17,031,440800,2,170314408002
80.0,37.0,59.0,48.0,29.0,25.0,8.0,36.0,22.0,37.0,38.0,77.0,46.0,22.0,23.0,27.0,614.0,17,031,440900,1,170314409001
128.0,22.0,18.0,57.0,22.0,50.0,41.0,35.0,18.0,51.0,105.0,118.0,45.0,24.0,33.0,30.0,797.0,17,031,440900,2,170314409002
61.0,68.0,87.0,22.0,47.0,38.0,66.0,54.0,44.0,90.0,101.0,111.0,98.0,45.0,85.0,31.0,1048.0,17,031,440900,3,170314409003
177.0,67.0,74.0,59.0,70.0,97.0,82.0,73.0,108.0,52.0,126.0,160.0,146.0,147.0,75.0,81.0,1594.0,17,031,450300,1,170314503001
63.0,22.0,26.0,44.0,31.0,16.0,23.0,30.0,14.0,42.0,92.0,80.0,43.0,12.0,20.0,29.0,587.0,17,031,450300,2,170314503002
31.0,15.0,71.0,55.0,34.0,61.0,66.0,20.0,29.0,40.0,47.0,133.0,100.0,60.0,71.0,38.0,871.0,17,031,450300,3,170314503003
44.0,24.0,34.0,79.0,14.0,51.0,24.0,10.0,26.0,74.0,67.0,73.0,36.0,38.0,26.0,21.0,641.0,17,031,450300,4,170314503004
103.0,86.0,48.0,33.0,26.0,71.0,53.0,87.0,54.0,43.0,49.0,103.0,60.0,19.0,28.0,45.0,908.0,17,031,460100,1,170314601001
93.0,74.0,64.0,47.0,90.0,72.0,23.0,22.0,59.0,67.0,120.0,120.0,127.0,36.0,37.0,76.0,1127.0,17,031,460100,2,170314601002
132.0,49.0,14.0,68.0,14.0,39.0,14.0,48.0,40.0,78.0,70.0,67.0,42.0,17.0,31.0,38.0,761.0,17,031,460100,3,170314601003
84.0,50.0,37.0,91.0,43.0,13.0,21.0,44.0,32.0,53.0,73.0,77.0,84.0,28.0,26.0,34.0,790.0,17,031,460100,4,170314601004
143.0,38.0,74.0,78.0,28.0,111.0,25.0,93.0,15.0,77.0,62.0,125.0,60.0,31.0,40.0,40.0,1040.0,17,031,460200,1,170314602001
238.0,101.0,76.0,81.0,126.0,53.0,87.0,55.0,58.0,122.0,119.0,116.0,78.0,72.0,112.0,79.0,1573.0,17,031,460200,2,170314602002
94.0,41.0,58.0,117.0,73.0,92.0,65.0,33.0,83.0,83.0,134.0,133.0,51.0,40.0,72.0,49.0,1218.0,17,031,460301,1,170314603011
43.0,52.0,73.0,26.0,42.0,15.0,24.0,23.0,28.0,21.0,138.0,70.0,43.0,21.0,18.0,17.0,654.0,17,031,460301,2,170314603012
82.0,14.0,69.0,78.0,51.0,15.0,23.0,92.0,18.0,32.0,30.0,103.0,38.0,49.0,25.0,33.0,752.0,17,031,460301,3,170314603013
103.0,100.0,83.0,56.0,37.0,24.0,93.0,16.0,20.0,43.0,83.0,71.0,47.0,33.0,82.0,39.0,930.0,17,031,460302,1,170314603021
107.0,12.0,43.0,82.0,35.0,36.0,11.0,49.0,12.0,27.0,44.0,75.0,31.0,10.0,59.0,27.0,660.0,17,031,460302,2,170314603022
60.0,82.0,39.0,60.0,22.0,108.0,23.0,40.0,32.0,29.0,77.0,59.0,36.0,19.0,25.0,26.0,737.0,17,031,460302,3,170314603023
139.0,186.0,39.0,158.0,31.0,27.0,30.0,65.0,54.0,58.0,80.0,104.0,62.0,54.0,40.0,42.0,1169.0,17,031,460302,4,170314603024
92.0,45.0,42.0,47.0,14.0,39.0,53.0,56.0,16.0,41.0,80.0,110.0,46.0,30.0,37.0,28.0,776.0,17,031,460400,1,170314604001
110.0,61.0,30.0,58.0,45.0,48.0,32.0,70.0,17.0,62.0,91.0,135.0,66.0,63.0,62.0,39.0,989.0,17,031,460400,2,170314604002
44.0,13.0,40.0,23.0,56.0,34.0,14.0,14.0,27.0,47.0,39.0,82.0,48.0,11.0,17.0,35.0,544.0,17,031,460400,3,170314604003
100.0,16.0,24.0,40.0,50.0,45.0,49.0,30.0,48.0,35.0,78.0,143.0,52.0,21.0,73.0,15.0,819.0,17,031,460400,4,170314604004
10.0,35.0,8.0,17.0,6.0,32.0,13.0,33.0,49.0,20.0,19.0,20.0,19.0,9.0,14.0,14.0,318.0,17,031,460500,1,170314605001
23.0,25.0,28.0,11.0,38.0,27.0,20.0,19.0,18.0,24.0,43.0,71.0,27.0,21.0,46.0,21.0,462.0,17,031,460500,2,170314605002
79.0,22.0,97.0,117.0,39.0,26.0,27.0,121.0,36.0,87.0,84.0,72.0,82.0,44.0,30.0,35.0,998.0,17,031,460500,3,170314605003
34.0,15.0,65.0,31.0,39.0,17.0,15.0,45.0,16.0,79.0,115.0,46.0,30.0,25.0,17.0,21.0,610.0,17,031,460500,4,170314605004
21.0,11.0,18.0,17.0,16.0,18.0,80.0,13.0,13.0,54.0,61.0,152.0,64.0,59.0,23.0,21.0,641.0,17,031,460500,5,170314605005
46.0,11.0,58.0,49.0,20.0,33.0,16.0,72.0,25.0,45.0,41.0,59.0,102.0,35.0,25.0,20.0,657.0,17,031,460500,6,170314605006
77.0,59.0,73.0,34.0,80.0,114.0,73.0,58.0,65.0,48.0,105.0,103.0,59.0,36.0,36.0,59.0,1079.0,17,031,460500,7,170314605007
143.0,55.0,85.0,73.0,43.0,63.0,32.0,60.0,36.0,96.0,78.0,131.0,76.0,41.0,39.0,39.0,1090.0,17,031,460600,1,170314606001
291.0,178.0,75.0,92.0,99.0,45.0,89.0,57.0,36.0,92.0,114.0,113.0,69.0,48.0,65.0,56.0,1519.0,17,031,460700,1,170314607001
58.0,63.0,120.0,67.0,28.0,23.0,148.0,21.0,77.0,49.0,116.0,88.0,44.0,24.0,29.0,32.0,987.0,17,031,460700,2,170314607002
51.0,19.0,33.0,45.0,25.0,29.0,6.0,8.0,6.0,35.0,20.0,27.0,18.0,8.0,13.0,11.0,354.0,17,031,460700,3,170314607003
384.0,263.0,141.0,128.0,47.0,95.0,62.0,48.0,43.0,130.0,116.0,182.0,87.0,62.0,83.0,70.0,1941.0,17,031,461000,1,170314610001
63.0,50.0,159.0,23.0,42.0,90.0,17.0,25.0,17.0,198.0,72.0,105.0,104.0,30.0,51.0,40.0,1086.0,17,031,470100,1,170314701001
192.0,164.0,134.0,114.0,53.0,79.0,96.0,47.0,32.0,66.0,124.0,134.0,108.0,44.0,72.0,60.0,1519.0,17,031,470100,2,170314701002
55.0,26.0,49.0,43.0,32.0,70.0,56.0,28.0,18.0,53.0,112.0,115.0,75.0,61.0,52.0,62.0,907.0,17,031,480100,1,170314801001
45.0,30.0,68.0,63.0,29.0,103.0,59.0,52.0,35.0,68.0,146.0,155.0,121.0,43.0,60.0,44.0,1121.0,17,031,480100,2,170314801002
51.0,49.0,31.0,70.0,33.0,30.0,42.0,19.0,14.0,58.0,60.0,44.0,65.0,27.0,37.0,21.0,651.0,17,031,480200,1,170314802001
28.0,31.0,21.0,24.0,44.0,18.0,30.0,35.0,34.0,18.0,46.0,74.0,40.0,23.0,10.0,18.0,494.0,17,031,480200,2,170314802002
67.0,16.0,49.0,42.0,30.0,32.0,34.0,25.0,21.0,65.0,87.0,125.0,103.0,24.0,26.0,33.0,779.0,17,031,480300,1,170314803001
36.0,12.0,26.0,19.0,8.0,16.0,19.0,14.0,7.0,41.0,35.0,87.0,42.0,13.0,9.0,13.0,397.0,17,031,480300,2,170314803002
19.0,87.0,28.0,21.0,41.0,38.0,23.0,55.0,29.0,76.0,70.0,37.0,115.0,20.0,32.0,39.0,730.0,17,031,480400,1,170314804001
33.0,13.0,25.0,49.0,63.0,13.0,12.0,13.0,55.0,61.0,27.0,31.0,37.0,11.0,46.0,18.0,507.0,17,031,480400,2,170314804002
77.0,47.0,104.0,76.0,36.0,25.0,59.0,29.0,173.0,111.0,134.0,106.0,205.0,74.0,71.0,43.0,1370.0,17,031,480400,3,170314804003
57.0,19.0,30.0,37.0,46.0,80.0,64.0,69.0,138.0,105.0,127.0,174.0,55.0,92.0,70.0,85.0,1248.0,17,031,480400,4,170314804004
14.0,31.0,40.0,10.0,17.0,32.0,16.0,39.0,63.0,53.0,29.0,84.0,35.0,60.0,42.0,24.0,589.0,17,031,480400,5,170314804005
35.0,48.0,16.0,44.0,20.0,23.0,41.0,43.0,12.0,104.0,54.0,134.0,54.0,44.0,23.0,33.0,728.0,17,031,480400,6,170314804006
30.0,19.0,17.0,42.0,19.0,19.0,38.0,14.0,39.0,49.0,47.0,298.0,85.0,66.0,54.0,66.0,902.0,17,031,480400,7,170314804007
61.0,49.0,32.0,64.0,51.0,32.0,55.0,60.0,29.0,107.0,151.0,135.0,85.0,86.0,42.0,50.0,1089.0,17,031,480500,1,170314805001
51.0,43.0,18.0,60.0,37.0,59.0,24.0,40.0,34.0,67.0,87.0,106.0,39.0,24.0,30.0,26.0,745.0,17,031,480500,2,170314805002
146.0,35.0,75.0,47.0,60.0,31.0,59.0,22.0,22.0,81.0,55.0,183.0,76.0,44.0,63.0,51.0,1050.0,17,031,480500,3,170314805003
117.0,37.0,53.0,31.0,150.0,79.0,101.0,49.0,30.0,96.0,135.0,152.0,92.0,45.0,66.0,64.0,1297.0,17,031,490300,1,170314903001
51.0,43.0,70.0,26.0,35.0,26.0,22.0,10.0,53.0,75.0,127.0,140.0,119.0,88.0,55.0,41.0,981.0,17,031,490300,2,170314903002
72.0,48.0,59.0,40.0,30.0,28.0,27.0,22.0,50.0,119.0,77.0,157.0,82.0,77.0,38.0,41.0,967.0,17,031,490400,1,170314904001
53.0,15.0,25.0,47.0,15.0,15.0,62.0,38.0,45.0,90.0,61.0,117.0,55.0,19.0,26.0,24.0,707.0,17,031,490500,1,170314905001
127.0,33.0,97.0,70.0,42.0,34.0,53.0,70.0,31.0,171.0,168.0,227.0,97.0,37.0,52.0,51.0,1360.0,17,031,490500,2,170314905002
154.0,43.0,51.0,72.0,111.0,100.0,50.0,53.0,39.0,112.0,176.0,169.0,124.0,57.0,81.0,51.0,1443.0,17,031,490600,1,170314906001
20.0,26.0,37.0,74.0,29.0,24.0,55.0,21.0,23.0,50.0,63.0,63.0,37.0,20.0,25.0,22.0,589.0,17,031,490700,1,170314907001
122.0,39.0,48.0,62.0,15.0,58.0,15.0,65.0,36.0,51.0,96.0,63.0,53.0,27.0,32.0,29.0,811.0,17,031,490700,2,170314907002
129.0,126.0,77.0,47.0,45.0,70.0,79.0,51.0,42.0,137.0,118.0,246.0,99.0,62.0,78.0,65.0,1471.0,17,031,490700,3,170314907003
33.0,40.0,36.0,37.0,48.0,50.0,38.0,29.0,60.0,34.0,68.0,82.0,48.0,56.0,27.0,33.0,719.0,17,031,490800,1,170314908001
43.0,13.0,24.0,16.0,33.0,31.0,34.0,47.0,81.0,71.0,96.0,153.0,107.0,37.0,41.0,45.0,872.0,17,031,490800,2,170314908002
77.0,35.0,31.0,64.0,106.0,67.0,50.0,30.0,26.0,37.0,61.0,99.0,50.0,34.0,30.0,31.0,828.0,17,031,490800,3,170314908003
31.0,66.0,21.0,15.0,44.0,9.0,48.0,70.0,10.0,64.0,69.0,79.0,22.0,34.0,20.0,42.0,644.0,17,031,490800,4,170314908004
145.0,130.0,30.0,17.0,38.0,30.0,18.0,16.0,12.0,39.0,46.0,76.0,24.0,17.0,20.0,23.0,681.0,17,031,490800,5,170314908005
170.0,100.0,81.0,60.0,101.0,119.0,101.0,43.0,108.0,100.0,181.0,164.0,172.0,119.0,68.0,76.0,1763.0,17,031,490901,1,170314909011
198.0,55.0,109.0,48.0,25.0,118.0,33.0,77.0,39.0,154.0,59.0,80.0,74.0,35.0,42.0,53.0,1199.0,17,031,490901,2,170314909012
199.0,83.0,48.0,45.0,39.0,77.0,47.0,46.0,82.0,84.0,145.0,94.0,65.0,31.0,59.0,31.0,1175.0,17,031,490901,3,170314909013
59.0,20.0,47.0,94.0,30.0,48.0,47.0,52.0,38.0,164.0,120.0,73.0,97.0,49.0,39.0,46.0,1023.0,17,031,490902,1,170314909021
171.0,175.0,112.0,111.0,97.0,93.0,54.0,185.0,51.0,156.0,212.0,236.0,133.0,73.0,78.0,71.0,2008.0,17,031,490902,2,170314909022
54.0,67.0,60.0,24.0,46.0,34.0,24.0,18.0,17.0,39.0,61.0,71.0,47.0,38.0,26.0,30.0,656.0,17,031,490902,3,170314909023
46.0,22.0,50.0,91.0,43.0,32.0,88.0,90.0,17.0,126.0,115.0,189.0,52.0,63.0,46.0,40.0,1110.0,17,031,490902,4,170314909024
46.0,79.0,35.0,89.0,21.0,22.0,15.0,20.0,33.0,20.0,52.0,46.0,42.0,15.0,40.0,21.0,596.0,17,031,491000,1,170314910001
151.0,47.0,70.0,71.0,55.0,76.0,45.0,19.0,13.0,75.0,61.0,82.0,38.0,30.0,46.0,36.0,915.0,17,031,491000,2,170314910002
72.0,12.0,112.0,23.0,23.0,45.0,15.0,16.0,10.0,43.0,23.0,48.0,33.0,23.0,32.0,36.0,566.0,17,031,491000,3,170314910003
187.0,57.0,39.0,67.0,38.0,94.0,76.0,29.0,92.0,185.0,155.0,206.0,76.0,36.0,64.0,49.0,1450.0,17,031,491000,4,170314910004
363.0,98.0,101.0,133.0,136.0,137.0,68.0,44.0,100.0,131.0,177.0,176.0,118.0,63.0,75.0,59.0,1979.0,17,031,491000,5,170314910005
69.0,13.0,16.0,131.0,53.0,20.0,36.0,21.0,10.0,37.0,39.0,42.0,74.0,34.0,25.0,37.0,657.0,17,031,491100,1,170314911001
45.0,24.0,70.0,28.0,34.0,27.0,73.0,34.0,38.0,95.0,124.0,111.0,100.0,21.0,21.0,45.0,890.0,17,031,491100,2,170314911002
59.0,69.0,17.0,54.0,31.0,23.0,41.0,17.0,53.0,112.0,79.0,98.0,140.0,18.0,49.0,42.0,902.0,17,031,491100,3,170314911003
41.0,28.0,51.0,22.0,34.0,47.0,59.0,45.0,70.0,62.0,74.0,67.0,46.0,20.0,27.0,29.0,722.0,17,031,491100,4,170314911004
59.0,68.0,55.0,32.0,19.0,31.0,52.0,65.0,70.0,110.0,150.0,139.0,121.0,54.0,50.0,52.0,1127.0,17,031,491100,5,170314911005
113.0,86.0,43.0,53.0,28.0,42.0,118.0,42.0,41.0,165.0,101.0,167.0,82.0,71.0,54.0,71.0,1277.0,17,031,491200,1,170314912001
45.0,57.0,19.0,39.0,47.0,15.0,52.0,13.0,31.0,27.0,53.0,103.0,80.0,20.0,26.0,42.0,669.0,17,031,491200,2,170314912002
50.0,22.0,28.0,158.0,25.0,20.0,20.0,18.0,61.0,39.0,94.0,76.0,50.0,58.0,31.0,29.0,779.0,17,031,491200,3,170314912003
125.0,60.0,26.0,15.0,21.0,28.0,67.0,16.0,25.0,32.0,39.0,53.0,27.0,17.0,25.0,25.0,601.0,17,031,491300,1,170314913001
64.0,13.0,27.0,18.0,33.0,7.0,34.0,22.0,22.0,85.0,82.0,39.0,39.0,24.0,12.0,22.0,543.0,17,031,491300,2,170314913002
42.0,31.0,48.0,55.0,21.0,25.0,15.0,11.0,26.0,38.0,31.0,72.0,35.0,55.0,24.0,24.0,553.0,17,031,491300,3,170314913003
47.0,44.0,18.0,53.0,56.0,14.0,6.0,41.0,16.0,18.0,73.0,41.0,68.0,26.0,11.0,29.0,561.0,17,031,491300,4,170314913004
86.0,31.0,50.0,10.0,49.0,46.0,13.0,12.0,13.0,21.0,42.0,44.0,37.0,23.0,22.0,18.0,517.0,17,031,491400,1,170314914001
116.0,61.0,49.0,34.0,15.0,13.0,36.0,61.0,34.0,86.0,90.0,73.0,41.0,30.0,23.0,28.0,790.0,17,031,491400,2,170314914002
152.0,80.0,69.0,77.0,72.0,81.0,47.0,51.0,36.0,104.0,183.0,132.0,77.0,79.0,54.0,48.0,1342.0,17,031,491400,3,170314914003
86.0,80.0,25.0,26.0,17.0,20.0,32.0,19.0,54.0,38.0,66.0,76.0,111.0,27.0,19.0,28.0,724.0,17,031,500100,1,170315001001
30.0,31.0,18.0,26.0,48.0,30.0,10.0,39.0,13.0,102.0,56.0,148.0,52.0,31.0,26.0,23.0,683.0,17,031,500100,2,170315001002
24.0,53.0,39.0,29.0,89.0,27.0,19.0,24.0,13.0,32.0,91.0,67.0,51.0,30.0,31.0,21.0,640.0,17,031,500100,3,170315001003
144.0,122.0,41.0,50.0,40.0,67.0,31.0,72.0,75.0,142.0,113.0,123.0,90.0,45.0,42.0,43.0,1240.0,17,031,500100,4,170315001004
182.0,155.0,65.0,75.0,59.0,67.0,59.0,83.0,31.0,114.0,132.0,176.0,94.0,44.0,68.0,56.0,1460.0,17,031,500200,1,170315002001
95.0,15.0,19.0,28.0,29.0,40.0,60.0,16.0,25.0,27.0,51.0,83.0,66.0,15.0,19.0,33.0,621.0,17,031,500200,2,170315002002
65.0,32.0,47.0,32.0,23.0,71.0,11.0,45.0,27.0,23.0,80.0,82.0,44.0,39.0,27.0,40.0,688.0,17,031,500300,1,170315003001
92.0,93.0,28.0,18.0,52.0,35.0,22.0,26.0,38.0,93.0,81.0,124.0,58.0,35.0,41.0,28.0,864.0,17,031,500300,2,170315003002
162.0,69.0,79.0,67.0,146.0,132.0,121.0,34.0,26.0,91.0,161.0,143.0,161.0,70.0,78.0,86.0,1626.0,17,031,510100,1,170315101001
154.0,142.0,108.0,153.0,201.0,88.0,86.0,140.0,45.0,137.0,143.0,173.0,129.0,121.0,64.0,70.0,1954.0,17,031,510100,2,170315101002
33.0,32.0,15.0,42.0,18.0,22.0,53.0,51.0,51.0,31.0,93.0,88.0,30.0,59.0,41.0,26.0,685.0,17,031,510200,1,170315102001
20.0,46.0,28.0,81.0,23.0,59.0,54.0,39.0,19.0,41.0,102.0,164.0,57.0,19.0,21.0,30.0,803.0,17,031,510200,2,170315102002
188.0,80.0,66.0,42.0,32.0,51.0,53.0,54.0,38.0,66.0,127.0,117.0,80.0,74.0,45.0,31.0,1144.0,17,031,510200,3,170315102003
226.0,60.0,93.0,78.0,86.0,69.0,35.0,75.0,46.0,121.0,214.0,246.0,128.0,68.0,60.0,50.0,1655.0,17,031,510300,1,170315103001
101.0,38.0,93.0,41.0,92.0,89.0,70.0,114.0,34.0,61.0,146.0,110.0,119.0,49.0,93.0,34.0,1284.0,17,031,510300,2,170315103002
103.0,131.0,33.0,39.0,13.0,12.0,27.0,29.0,14.0,36.0,56.0,47.0,33.0,26.0,25.0,25.0,649.0,17,031,510300,3,170315103003
216.0,48.0,163.0,249.0,95.0,86.0,116.0,146.0,168.0,225.0,273.0,220.0,142.0,96.0,84.0,89.0,2416.0,17,031,510300,4,170315103004
190.0,100.0,149.0,169.0,168.0,137.0,117.0,88.0,118.0,141.0,221.0,214.0,174.0,65.0,108.0,104.0,2263.0,17,031,520100,1,170315201001
44.0,57.0,51.0,27.0,11.0,60.0,54.0,13.0,17.0,24.0,72.0,69.0,28.0,33.0,21.0,19.0,600.0,17,031,520200,1,170315202001
78.0,117.0,80.0,93.0,182.0,63.0,83.0,96.0,113.0,95.0,86.0,125.0,130.0,82.0,57.0,61.0,1541.0,17,031,520200,2,170315202002
109.0,99.0,91.0,138.0,201.0,88.0,145.0,87.0,72.0,172.0,191.0,162.0,79.0,65.0,63.0,64.0,1826.0,17,031,520200,3,170315202003
103.0,120.0,135.0,132.0,49.0,77.0,88.0,60.0,45.0,257.0,132.0,183.0,141.0,55.0,60.0,73.0,1710.0,17,031,520300,1,170315203001
174.0,107.0,74.0,101.0,81.0,145.0,72.0,87.0,43.0,80.0,213.0,253.0,137.0,73.0,66.0,72.0,1778.0,17,031,520300,2,170315203002
34.0,18.0,27.0,53.0,51.0,85.0,99.0,86.0,38.0,74.0,111.0,162.0,86.0,82.0,74.0,42.0,1122.0,17,031,520300,3,170315203003
89.0,65.0,123.0,70.0,43.0,57.0,84.0,35.0,58.0,146.0,189.0,180.0,156.0,56.0,71.0,57.0,1479.0,17,031,520300,4,170315203004
68.0,30.0,17.0,47.0,44.0,65.0,21.0,81.0,92.0,37.0,67.0,163.0,54.0,41.0,74.0,31.0,932.0,17,031,520400,1,170315204001
40.0,24.0,45.0,69.0,65.0,56.0,54.0,58.0,44.0,93.0,166.0,130.0,124.0,52.0,39.0,40.0,1099.0,17,031,520400,2,170315204002
93.0,23.0,51.0,38.0,81.0,56.0,31.0,23.0,53.0,80.0,81.0,119.0,150.0,26.0,36.0,47.0,988.0,17,031,520400,3,170315204003
89.0,24.0,58.0,51.0,24.0,33.0,15.0,98.0,15.0,38.0,46.0,90.0,32.0,32.0,15.0,29.0,689.0,17,031,520400,4,170315204004
63.0,15.0,29.0,52.0,25.0,24.0,10.0,14.0,10.0,47.0,58.0,59.0,22.0,60.0,24.0,43.0,555.0,17,031,520500,1,170315205001
90.0,57.0,86.0,103.0,126.0,97.0,125.0,110.0,54.0,62.0,294.0,306.0,200.0,154.0,104.0,99.0,2067.0,17,031,520500,2,170315205002
134.0,77.0,123.0,42.0,54.0,53.0,42.0,100.0,81.0,93.0,326.0,210.0,252.0,120.0,161.0,109.0,1977.0,17,031,520500,3,170315205003
143.0,122.0,222.0,216.0,107.0,202.0,220.0,150.0,108.0,212.0,261.0,373.0,183.0,114.0,249.0,123.0,3005.0,17,031,520600,1,170315206001
173.0,68.0,75.0,234.0,41.0,95.0,33.0,41.0,60.0,63.0,145.0,130.0,68.0,46.0,51.0,75.0,1398.0,17,031,530100,1,170315301001
122.0,56.0,58.0,18.0,14.0,24.0,37.0,21.0,39.0,86.0,42.0,43.0,46.0,22.0,22.0,28.0,678.0,17,031,530100,2,170315301002
36.0,129.0,33.0,17.0,103.0,44.0,50.0,21.0,12.0,35.0,83.0,103.0,67.0,26.0,38.0,35.0,832.0,17,031,530200,1,170315302001
134.0,82.0,148.0,145.0,121.0,35.0,37.0,28.0,28.0,119.0,102.0,96.0,89.0,53.0,54.0,55.0,1326.0,17,031,530200,2,170315302002
101.0,36.0,37.0,32.0,31.0,33.0,15.0,12.0,14.0,65.0,25.0,47.0,35.0,40.0,26.0,27.0,576.0,17,031,530200,3,170315302003
57.0,43.0,114.0,98.0,98.0,80.0,82.0,64.0,24.0,57.0,104.0,115.0,53.0,65.0,41.0,66.0,1161.0,17,031,530200,4,170315302004
179.0,104.0,106.0,33.0,32.0,60.0,32.0,23.0,46.0,79.0,49.0,63.0,50.0,31.0,41.0,33.0,961.0,17,031,530200,5,170315302005
76.0,10.0,12.0,29.0,16.0,73.0,33.0,20.0,16.0,45.0,150.0,66.0,58.0,16.0,21.0,18.0,659.0,17,031,530300,1,170315303001
96.0,56.0,64.0,37.0,46.0,95.0,19.0,28.0,32.0,72.0,124.0,106.0,84.0,28.0,41.0,34.0,962.0,17,031,530300,2,170315303002
47.0,109.0,74.0,94.0,70.0,107.0,56.0,27.0,35.0,99.0,128.0,171.0,111.0,57.0,54.0,68.0,1307.0,17,031,530300,3,170315303003
90.0,94.0,85.0,100.0,67.0,115.0,71.0,99.0,19.0,90.0,127.0,246.0,128.0,69.0,49.0,57.0,1506.0,17,031,530300,4,170315303004
167.0,41.0,43.0,29.0,52.0,53.0,53.0,52.0,45.0,25.0,67.0,137.0,64.0,36.0,48.0,35.0,947.0,17,031,530400,1,170315304001
68.0,31.0,55.0,42.0,31.0,46.0,25.0,61.0,28.0,85.0,115.0,226.0,91.0,72.0,54.0,29.0,1059.0,17,031,530400,2,170315304002
220.0,46.0,91.0,83.0,164.0,113.0,125.0,39.0,54.0,163.0,115.0,120.0,118.0,50.0,65.0,117.0,1683.0,17,031,530501,1,170315305011
148.0,74.0,65.0,101.0,67.0,48.0,25.0,59.0,45.0,161.0,78.0,108.0,61.0,99.0,50.0,49.0,1238.0,17,031,530501,2,170315305012
61.0,29.0,17.0,49.0,20.0,58.0,9.0,18.0,57.0,62.0,56.0,80.0,38.0,25.0,23.0,40.0,642.0,17,031,530501,3,170315305013
111.0,32.0,52.0,50.0,42.0,103.0,122.0,54.0,58.0,160.0,260.0,198.0,99.0,45.0,99.0,54.0,1539.0,17,031,530501,4,170315305014
103.0,61.0,111.0,68.0,104.0,59.0,77.0,67.0,53.0,145.0,162.0,197.0,106.0,66.0,57.0,52.0,1488.0,17,031,530502,1,170315305021
135.0,50.0,112.0,115.0,94.0,58.0,47.0,100.0,49.0,55.0,101.0,192.0,72.0,38.0,44.0,37.0,1299.0,17,031,530503,1,170315305031
144.0,79.0,163.0,52.0,38.0,98.0,48.0,156.0,67.0,123.0,207.0,230.0,128.0,82.0,91.0,62.0,1768.0,17,031,530503,2,170315305032
216.0,59.0,141.0,103.0,78.0,73.0,101.0,64.0,44.0,222.0,256.0,290.0,175.0,63.0,64.0,106.0,2055.0,17,031,530503,3,170315305033
202.0,76.0,172.0,52.0,36.0,90.0,23.0,58.0,78.0,69.0,95.0,101.0,105.0,41.0,42.0,35.0,1275.0,17,031,530600,1,170315306001
37.0,46.0,66.0,28.0,42.0,45.0,27.0,40.0,28.0,47.0,42.0,91.0,57.0,19.0,57.0,34.0,706.0,17,031,530600,2,170315306002
107.0,66.0,62.0,22.0,31.0,52.0,77.0,73.0,21.0,50.0,75.0,79.0,51.0,45.0,27.0,33.0,871.0,17,031,530600,3,170315306003
301.0,201.0,118.0,33.0,91.0,54.0,34.0,30.0,59.0,110.0,71.0,199.0,60.0,48.0,65.0,58.0,1532.0,17,031,540101,1,170315401011
39.0,97.0,31.0,35.0,27.0,21.0,8.0,11.0,23.0,20.0,41.0,63.0,25.0,20.0,15.0,14.0,490.0,17,031,540101,2,170315401012
342.0,165.0,127.0,33.0,89.0,134.0,70.0,72.0,32.0,105.0,112.0,142.0,83.0,53.0,61.0,62.0,1682.0,17,031,540101,3,170315401013
35.0,16.0,5.0,2.0,25.0,5.0,4.0,6.0,3.0,8.0,4.0,13.0,12.0,8.0,6.0,8.0,160.0,17,031,540101,4,170315401014
188.0,95.0,26.0,28.0,31.0,11.0,16.0,14.0,19.0,44.0,35.0,43.0,44.0,23.0,19.0,29.0,665.0,17,031,540102,1,170315401021
279.0,160.0,82.0,231.0,137.0,111.0,126.0,106.0,30.0,74.0,188.0,190.0,106.0,61.0,71.0,62.0,2014.0,17,031,540102,2,170315401022
75.0,71.0,23.0,43.0,60.0,18.0,26.0,25.0,8.0,52.0,43.0,41.0,31.0,15.0,25.0,24.0,580.0,17,031,540102,3,170315401023
51.0,109.0,50.0,32.0,25.0,34.0,61.0,30.0,39.0,73.0,235.0,255.0,122.0,84.0,124.0,61.0,1385.0,17,031,550100,1,170315501001
23.0,54.0,41.0,53.0,33.0,32.0,32.0,40.0,8.0,79.0,32.0,63.0,52.0,12.0,64.0,34.0,652.0,17,031,550100,2,170315501002
233.0,98.0,30.0,72.0,86.0,118.0,68.0,117.0,28.0,98.0,201.0,169.0,75.0,34.0,61.0,88.0,1576.0,17,031,550100,3,170315501003
31.0,38.0,67.0,87.0,171.0,40.0,25.0,23.0,26.0,87.0,61.0,86.0,70.0,31.0,79.0,30.0,952.0,17,031,550100,4,170315501004
30.0,14.0,9.0,11.0,28.0,12.0,45.0,14.0,7.0,35.0,32.0,62.0,105.0,25.0,43.0,37.0,509.0,17,031,550100,5,170315501005
293.0,30.0,57.0,36.0,53.0,107.0,57.0,132.0,135.0,97.0,109.0,175.0,86.0,128.0,74.0,67.0,1636.0,17,031,550100,6,170315501006
92.0,87.0,177.0,54.0,86.0,65.0,131.0,65.0,43.0,143.0,225.0,353.0,162.0,48.0,155.0,69.0,1955.0,17,031,550200,1,170315502001
61.0,16.0,40.0,50.0,19.0,16.0,20.0,37.0,9.0,33.0,51.0,85.0,114.0,15.0,20.0,21.0,607.0,17,031,550200,2,170315502002
83.0,57.0,49.0,61.0,43.0,33.0,31.0,45.0,50.0,161.0,100.0,145.0,50.0,50.0,50.0,60.0,1068.0,17,031,560100,1,170315601001
13.0,23.0,2.0,6.0,13.0,4.0,7.0,1.0,0.0,3.0,15.0,16.0,9.0,13.0,5.0,2.0,132.0,17,031,560200,1,170315602001
2.0,0.0,5.0,1.0,0.0,0.0,0.0,0.0,2.0,2.0,2.0,0.0,3.0,0.0,0.0,1.0,18.0,17,031,560200,2,170315602002
56.0,79.0,58.0,79.0,95.0,96.0,91.0,68.0,44.0,73.0,202.0,112.0,109.0,85.0,50.0,51.0,1348.0,17,031,560200,3,170315602003
74.0,91.0,60.0,61.0,77.0,95.0,124.0,81.0,69.0,151.0,220.0,290.0,117.0,86.0,136.0,77.0,1809.0,17,031,560300,1,170315603001
53.0,43.0,89.0,76.0,51.0,111.0,33.0,60.0,29.0,176.0,110.0,186.0,97.0,87.0,77.0,74.0,1352.0,17,031,560300,2,170315603002
87.0,45.0,48.0,79.0,63.0,125.0,91.0,62.0,45.0,128.0,183.0,177.0,118.0,46.0,75.0,43.0,1415.0,17,031,560400,1,170315604001
83.0,92.0,58.0,48.0,45.0,44.0,75.0,50.0,44.0,82.0,180.0,165.0,163.0,60.0,61.0,53.0,1303.0,17,031,560700,1,170315607001
118.0,122.0,161.0,55.0,117.0,70.0,115.0,87.0,59.0,212.0,272.0,307.0,166.0,121.0,93.0,89.0,2164.0,17,031,560700,2,170315607002
109.0,62.0,53.0,26.0,143.0,45.0,63.0,98.0,99.0,155.0,120.0,136.0,267.0,194.0,112.0,134.0,1816.0,17,031,560800,1,170315608001
88.0,50.0,75.0,99.0,74.0,87.0,34.0,50.0,31.0,97.0,110.0,134.0,102.0,26.0,55.0,80.0,1192.0,17,031,560800,2,170315608002
45.0,24.0,40.0,48.0,50.0,41.0,22.0,23.0,21.0,107.0,114.0,167.0,49.0,83.0,65.0,55.0,954.0,17,031,560800,3,170315608003
49.0,47.0,37.0,21.0,68.0,55.0,29.0,20.0,24.0,38.0,55.0,166.0,88.0,24.0,48.0,53.0,822.0,17,031,560800,4,170315608004
38.0,30.0,26.0,42.0,101.0,62.0,38.0,44.0,24.0,59.0,139.0,90.0,132.0,153.0,87.0,61.0,1126.0,17,031,560800,5,170315608005
74.0,33.0,37.0,72.0,43.0,105.0,57.0,44.0,33.0,117.0,112.0,181.0,143.0,106.0,135.0,61.0,1353.0,17,031,560900,1,170315609001
16.0,11.0,19.0,28.0,12.0,35.0,17.0,14.0,13.0,78.0,55.0,51.0,25.0,22.0,47.0,21.0,464.0,17,031,560900,2,170315609002
32.0,11.0,32.0,33.0,70.0,17.0,36.0,35.0,27.0,59.0,31.0,146.0,81.0,29.0,45.0,33.0,717.0,17,031,560900,3,170315609003
67.0,41.0,106.0,36.0,61.0,29.0,79.0,25.0,22.0,106.0,156.0,154.0,166.0,99.0,181.0,95.0,1423.0,17,031,560900,4,170315609004
24.0,19.0,57.0,44.0,29.0,14.0,67.0,35.0,20.0,62.0,69.0,136.0,94.0,52.0,86.0,62.0,870.0,17,031,560900,5,170315609005
49.0,32.0,10.0,44.0,24.0,15.0,18.0,17.0,40.0,24.0,42.0,58.0,47.0,24.0,26.0,48.0,518.0,17,031,560900,6,170315609006
122.0,79.0,22.0,45.0,65.0,30.0,32.0,26.0,46.0,63.0,84.0,169.0,89.0,59.0,98.0,38.0,1067.0,17,031,561000,1,170315610001
29.0,8.0,53.0,14.0,13.0,18.0,10.0,9.0,18.0,18.0,72.0,39.0,85.0,63.0,121.0,26.0,596.0,17,031,561000,2,170315610002
37.0,33.0,32.0,58.0,19.0,34.0,21.0,63.0,11.0,45.0,102.0,90.0,36.0,78.0,54.0,43.0,756.0,17,031,561000,3,170315610003
22.0,33.0,64.0,19.0,72.0,44.0,19.0,38.0,31.0,31.0,82.0,103.0,60.0,96.0,29.0,25.0,768.0,17,031,561000,4,170315610004
39.0,62.0,21.0,22.0,50.0,59.0,20.0,15.0,66.0,60.0,61.0,132.0,182.0,54.0,89.0,35.0,967.0,17,031,561000,5,170315610005
40.0,47.0,14.0,41.0,22.0,37.0,18.0,71.0,22.0,38.0,85.0,91.0,65.0,46.0,17.0,56.0,710.0,17,031,561000,6,170315610006
28.0,16.0,32.0,51.0,63.0,39.0,28.0,45.0,36.0,98.0,47.0,107.0,66.0,12.0,26.0,23.0,717.0,17,031,561100,1,170315611001
38.0,46.0,103.0,63.0,26.0,29.0,15.0,26.0,28.0,48.0,133.0,147.0,123.0,70.0,118.0,33.0,1046.0,17,031,561100,2,170315611002
46.0,19.0,19.0,62.0,37.0,20.0,23.0,23.0,15.0,117.0,63.0,161.0,88.0,124.0,35.0,39.0,891.0,17,031,561100,3,170315611003
126.0,41.0,41.0,43.0,85.0,70.0,35.0,22.0,50.0,71.0,142.0,207.0,131.0,34.0,79.0,85.0,1262.0,17,031,561100,4,170315611004
46.0,27.0,61.0,43.0,70.0,30.0,48.0,18.0,12.0,70.0,54.0,87.0,104.0,102.0,114.0,73.0,959.0,17,031,561100,5,170315611005
42.0,22.0,19.0,44.0,20.0,17.0,17.0,58.0,17.0,86.0,59.0,133.0,93.0,89.0,131.0,60.0,907.0,17,031,561100,6,170315611006
92.0,25.0,92.0,52.0,43.0,83.0,76.0,44.0,76.0,85.0,146.0,192.0,107.0,59.0,75.0,39.0,1286.0,17,031,570100,1,170315701001
138.0,103.0,89.0,81.0,169.0,79.0,141.0,50.0,89.0,145.0,190.0,223.0,113.0,124.0,92.0,43.0,1869.0,17,031,570200,1,170315702001
68.0,59.0,164.0,54.0,50.0,98.0,91.0,105.0,30.0,202.0,194.0,171.0,115.0,100.0,61.0,54.0,1616.0,17,031,570300,1,170315703001
38.0,28.0,65.0,57.0,98.0,83.0,96.0,58.0,36.0,67.0,147.0,94.0,72.0,62.0,60.0,40.0,1101.0,17,031,570300,2,170315703002
118.0,100.0,84.0,158.0,130.0,85.0,192.0,84.0,24.0,163.0,108.0,225.0,128.0,112.0,97.0,78.0,1886.0,17,031,570300,3,170315703003
163.0,33.0,45.0,100.0,118.0,33.0,75.0,105.0,98.0,167.0,187.0,155.0,157.0,97.0,106.0,67.0,1706.0,17,031,570300,4,170315703004
67.0,32.0,37.0,108.0,41.0,84.0,49.0,27.0,44.0,105.0,120.0,111.0,92.0,34.0,52.0,38.0,1041.0,17,031,570400,1,170315704001
33.0,17.0,17.0,61.0,33.0,141.0,44.0,60.0,60.0,55.0,88.0,68.0,82.0,20.0,37.0,54.0,870.0,17,031,570400,2,170315704002
67.0,32.0,56.0,95.0,56.0,14.0,42.0,88.0,38.0,106.0,113.0,130.0,91.0,116.0,93.0,39.0,1176.0,17,031,570500,1,170315705001
65.0,74.0,63.0,92.0,73.0,111.0,165.0,42.0,41.0,140.0,110.0,151.0,99.0,56.0,32.0,53.0,1367.0,17,031,570500,2,170315705002
66.0,114.0,133.0,117.0,97.0,59.0,42.0,146.0,47.0,103.0,133.0,203.0,123.0,70.0,66.0,69.0,1588.0,17,031,580100,1,170315801001
64.0,133.0,89.0,131.0,29.0,96.0,56.0,48.0,46.0,56.0,99.0,221.0,131.0,83.0,54.0,53.0,1389.0,17,031,580100,2,170315801002
109.0,60.0,103.0,90.0,60.0,155.0,58.0,62.0,75.0,156.0,185.0,190.0,133.0,62.0,112.0,71.0,1681.0,17,031,580200,1,170315802001
169.0,43.0,180.0,43.0,162.0,145.0,86.0,61.0,118.0,95.0,99.0,182.0,121.0,56.0,69.0,58.0,1687.0,17,031,580200,2,170315802002
183.0,143.0,90.0,157.0,208.0,153.0,89.0,178.0,77.0,130.0,207.0,330.0,127.0,100.0,73.0,83.0,2328.0,17,031,580300,1,170315803001
109.0,79.0,45.0,82.0,122.0,43.0,166.0,83.0,26.0,98.0,53.0,85.0,53.0,41.0,41.0,52.0,1178.0,17,031,580400,1,170315804001
90.0,142.0,61.0,146.0,108.0,41.0,39.0,72.0,65.0,115.0,76.0,94.0,65.0,35.0,54.0,54.0,1257.0,17,031,580400,2,170315804002
64.0,51.0,61.0,49.0,37.0,59.0,74.0,76.0,177.0,119.0,75.0,87.0,65.0,37.0,58.0,65.0,1154.0,17,031,580400,3,170315804003
21.0,8.0,30.0,17.0,34.0,61.0,40.0,11.0,19.0,23.0,81.0,33.0,13.0,16.0,11.0,20.0,438.0,17,031,580400,4,170315804004
71.0,41.0,45.0,97.0,131.0,55.0,54.0,154.0,119.0,105.0,148.0,88.0,129.0,50.0,53.0,61.0,1401.0,17,031,580501,1,170315805011
82.0,21.0,70.0,12.0,13.0,57.0,43.0,52.0,26.0,21.0,67.0,53.0,41.0,24.0,38.0,25.0,645.0,17,031,580501,2,170315805012
97.0,83.0,55.0,40.0,255.0,126.0,76.0,76.0,116.0,320.0,108.0,220.0,116.0,109.0,62.0,62.0,1921.0,17,031,580501,3,170315805013
105.0,75.0,49.0,70.0,39.0,76.0,36.0,58.0,19.0,104.0,64.0,127.0,84.0,38.0,37.0,87.0,1068.0,17,031,580501,4,170315805014
47.0,59.0,60.0,72.0,76.0,181.0,43.0,44.0,18.0,125.0,72.0,274.0,50.0,62.0,39.0,47.0,1269.0,17,031,580502,1,170315805021
110.0,20.0,122.0,41.0,118.0,82.0,129.0,32.0,165.0,80.0,69.0,165.0,94.0,53.0,89.0,51.0,1420.0,17,031,580502,2,170315805022
134.0,123.0,117.0,154.0,122.0,101.0,91.0,86.0,79.0,101.0,193.0,202.0,256.0,183.0,64.0,103.0,2109.0,17,031,580502,3,170315805023
52.0,59.0,20.0,70.0,58.0,69.0,54.0,107.0,35.0,94.0,105.0,86.0,48.0,54.0,34.0,46.0,991.0,17,031,580600,1,170315806001
40.0,54.0,42.0,69.0,123.0,63.0,110.0,23.0,24.0,154.0,189.0,158.0,62.0,43.0,46.0,48.0,1248.0,17,031,580600,2,170315806002
68.0,48.0,89.0,116.0,116.0,46.0,95.0,77.0,55.0,49.0,133.0,84.0,90.0,56.0,52.0,56.0,1230.0,17,031,580600,3,170315806003
192.0,128.0,49.0,138.0,268.0,77.0,189.0,252.0,46.0,150.0,231.0,192.0,134.0,110.0,87.0,85.0,2328.0,17,031,580600,4,170315806004
60.0,33.0,17.0,41.0,72.0,38.0,13.0,17.0,82.0,32.0,97.0,69.0,37.0,58.0,20.0,26.0,712.0,17,031,580700,1,170315807001
326.0,131.0,259.0,114.0,339.0,192.0,262.0,328.0,132.0,245.0,492.0,462.0,249.0,112.0,227.0,151.0,4021.0,17,031,580700,2,170315807002
105.0,36.0,95.0,182.0,175.0,129.0,36.0,132.0,27.0,130.0,124.0,134.0,76.0,46.0,60.0,51.0,1538.0,17,031,580700,3,170315807003
140.0,114.0,109.0,187.0,138.0,47.0,41.0,124.0,101.0,126.0,161.0,114.0,76.0,66.0,54.0,56.0,1654.0,17,031,580800,1,170315808001
89.0,78.0,69.0,89.0,95.0,103.0,73.0,45.0,156.0,181.0,224.0,169.0,160.0,118.0,95.0,75.0,1819.0,17,031,590500,1,170315905001
100.0,45.0,44.0,181.0,116.0,105.0,77.0,75.0,65.0,78.0,129.0,241.0,135.0,44.0,56.0,74.0,1565.0,17,031,590600,1,170315906001
93.0,87.0,137.0,78.0,40.0,92.0,146.0,34.0,101.0,75.0,274.0,127.0,118.0,46.0,61.0,70.0,1579.0,17,031,590600,2,170315906002
34.0,53.0,52.0,39.0,35.0,32.0,26.0,24.0,15.0,87.0,68.0,163.0,43.0,48.0,35.0,41.0,795.0,17,031,590600,3,170315906003
170.0,61.0,63.0,73.0,91.0,56.0,122.0,43.0,79.0,134.0,136.0,180.0,107.0,79.0,105.0,66.0,1565.0,17,031,590700,1,170315907001
158.0,123.0,63.0,86.0,86.0,65.0,66.0,81.0,118.0,103.0,217.0,212.0,85.0,53.0,76.0,51.0,1643.0,17,031,590700,2,170315907002
141.0,123.0,130.0,73.0,186.0,54.0,39.0,68.0,51.0,131.0,210.0,202.0,117.0,73.0,72.0,74.0,1744.0,17,031,600400,1,170316004001
60.0,46.0,32.0,31.0,36.0,96.0,74.0,62.0,18.0,96.0,66.0,269.0,65.0,19.0,33.0,46.0,1049.0,17,031,600400,2,170316004002
138.0,137.0,192.0,173.0,87.0,85.0,102.0,61.0,103.0,120.0,160.0,170.0,157.0,65.0,69.0,121.0,1940.0,17,031,600400,3,170316004003
149.0,108.0,143.0,81.0,109.0,121.0,56.0,86.0,60.0,156.0,162.0,190.0,105.0,57.0,66.0,74.0,1723.0,17,031,600600,1,170316006001
40.0,10.0,75.0,58.0,50.0,96.0,18.0,57.0,28.0,63.0,74.0,70.0,30.0,31.0,32.0,29.0,761.0,17,031,600600,2,170316006002
36.0,34.0,69.0,48.0,63.0,20.0,22.0,25.0,31.0,56.0,117.0,104.0,42.0,32.0,42.0,38.0,779.0,17,031,600700,1,170316007001
198.0,70.0,145.0,74.0,34.0,120.0,90.0,61.0,35.0,81.0,106.0,162.0,69.0,60.0,45.0,59.0,1409.0,17,031,600700,2,170316007002
65.0,200.0,40.0,52.0,30.0,35.0,26.0,20.0,33.0,87.0,83.0,93.0,49.0,32.0,36.0,41.0,922.0,17,031,600900,1,170316009001
72.0,54.0,20.0,15.0,71.0,34.0,29.0,60.0,41.0,61.0,77.0,90.0,97.0,23.0,24.0,34.0,802.0,17,031,600900,2,170316009002
32.0,57.0,18.0,17.0,45.0,13.0,57.0,16.0,41.0,62.0,111.0,64.0,42.0,45.0,72.0,27.0,719.0,17,031,600900,3,170316009003
47.0,21.0,30.0,63.0,45.0,68.0,79.0,78.0,65.0,127.0,140.0,128.0,154.0,52.0,40.0,45.0,1182.0,17,031,600900,4,170316009004
174.0,93.0,125.0,94.0,100.0,101.0,199.0,224.0,51.0,266.0,212.0,157.0,133.0,70.0,135.0,105.0,2239.0,17,031,610300,1,170316103001
188.0,172.0,170.0,106.0,77.0,134.0,149.0,70.0,48.0,145.0,251.0,269.0,99.0,72.0,76.0,112.0,2138.0,17,031,610300,2,170316103002
117.0,51.0,64.0,110.0,77.0,43.0,35.0,87.0,44.0,107.0,183.0,155.0,74.0,55.0,75.0,50.0,1327.0,17,031,610300,3,170316103003
153.0,147.0,201.0,179.0,162.0,91.0,104.0,80.0,56.0,149.0,124.0,164.0,89.0,64.0,65.0,60.0,1888.0,17,031,610400,1,170316104001
65.0,50.0,52.0,47.0,88.0,64.0,77.0,86.0,82.0,97.0,161.0,216.0,214.0,79.0,95.0,69.0,1542.0,17,031,610800,1,170316108001
137.0,127.0,115.0,100.0,28.0,60.0,120.0,32.0,41.0,71.0,57.0,121.0,55.0,35.0,44.0,40.0,1183.0,17,031,611000,1,170316110001
18.0,51.0,75.0,62.0,92.0,83.0,30.0,35.0,10.0,45.0,44.0,55.0,36.0,21.0,27.0,32.0,716.0,17,031,611100,1,170316111001
107.0,15.0,78.0,130.0,15.0,31.0,47.0,12.0,37.0,34.0,38.0,41.0,35.0,21.0,22.0,21.0,684.0,17,031,611100,2,170316111002
90.0,54.0,149.0,163.0,65.0,89.0,29.0,89.0,29.0,105.0,76.0,98.0,53.0,61.0,46.0,50.0,1246.0,17,031,611100,3,170316111003
96.0,51.0,133.0,27.0,64.0,46.0,57.0,82.0,77.0,33.0,58.0,52.0,38.0,37.0,22.0,33.0,906.0,17,031,611200,1,170316112001
125.0,36.0,58.0,148.0,100.0,64.0,50.0,74.0,58.0,42.0,193.0,156.0,69.0,61.0,54.0,44.0,1332.0,17,031,611200,2,170316112002
63.0,13.0,45.0,24.0,36.0,40.0,38.0,21.0,5.0,18.0,28.0,64.0,29.0,26.0,19.0,15.0,484.0,17,031,611300,1,170316113001
131.0,40.0,35.0,102.0,62.0,31.0,30.0,49.0,46.0,92.0,179.0,123.0,105.0,35.0,50.0,67.0,1177.0,17,031,611300,2,170316113002
82.0,71.0,97.0,60.0,122.0,68.0,24.0,54.0,46.0,91.0,75.0,107.0,68.0,30.0,37.0,33.0,1065.0,17,031,611300,3,170316113003
91.0,92.0,99.0,113.0,90.0,183.0,195.0,31.0,58.0,90.0,83.0,180.0,119.0,47.0,47.0,54.0,1572.0,17,031,611400,1,170316114001
21.0,16.0,63.0,49.0,93.0,123.0,27.0,12.0,19.0,15.0,36.0,32.0,32.0,20.0,28.0,32.0,618.0,17,031,611400,2,170316114002
97.0,68.0,61.0,113.0,105.0,120.0,102.0,52.0,31.0,151.0,94.0,110.0,77.0,42.0,44.0,59.0,1326.0,17,031,611400,3,170316114003
65.0,24.0,161.0,31.0,61.0,86.0,93.0,60.0,67.0,203.0,83.0,78.0,52.0,44.0,33.0,39.0,1180.0,17,031,611500,1,170316115001
189.0,83.0,146.0,146.0,79.0,162.0,57.0,52.0,36.0,131.0,109.0,151.0,120.0,69.0,73.0,59.0,1662.0,17,031,611500,2,170316115002
15.0,37.0,29.0,81.0,67.0,41.0,15.0,25.0,12.0,58.0,39.0,67.0,35.0,13.0,25.0,23.0,582.0,17,031,611600,1,170316116001
67.0,48.0,36.0,88.0,38.0,78.0,72.0,26.0,30.0,88.0,104.0,107.0,39.0,38.0,39.0,40.0,938.0,17,031,611600,2,170316116002
17.0,37.0,55.0,26.0,37.0,11.0,117.0,8.0,10.0,17.0,43.0,48.0,25.0,19.0,20.0,16.0,506.0,17,031,611700,1,170316117001
4.0,15.0,2.0,4.0,14.0,11.0,14.0,9.0,8.0,4.0,6.0,28.0,9.0,7.0,6.0,5.0,146.0,17,031,611700,2,170316117002
101.0,40.0,44.0,69.0,70.0,12.0,13.0,12.0,50.0,41.0,64.0,51.0,32.0,25.0,20.0,28.0,672.0,17,031,611700,3,170316117003
130.0,193.0,134.0,188.0,183.0,47.0,103.0,50.0,67.0,133.0,160.0,161.0,114.0,77.0,101.0,85.0,1926.0,17,031,611800,1,170316118001
83.0,6.0,50.0,16.0,18.0,41.0,24.0,19.0,52.0,22.0,37.0,47.0,30.0,16.0,21.0,20.0,502.0,17,031,611800,2,170316118002
79.0,132.0,128.0,52.0,120.0,54.0,74.0,115.0,64.0,88.0,91.0,137.0,105.0,36.0,46.0,50.0,1371.0,17,031,611900,1,170316119001
198.0,16.0,62.0,45.0,65.0,36.0,16.0,21.0,30.0,42.0,36.0,67.0,57.0,28.0,33.0,16.0,768.0,17,031,611900,2,170316119002
196.0,15.0,34.0,54.0,39.0,19.0,20.0,23.0,19.0,40.0,21.0,39.0,63.0,14.0,28.0,16.0,640.0,17,031,612000,1,170316120001
131.0,43.0,48.0,24.0,58.0,94.0,31.0,58.0,20.0,89.0,66.0,95.0,39.0,46.0,32.0,24.0,898.0,17,031,612000,2,170316120002
163.0,94.0,46.0,69.0,25.0,54.0,27.0,35.0,20.0,50.0,95.0,139.0,101.0,65.0,38.0,39.0,1060.0,17,031,612100,1,170316121001
66.0,62.0,31.0,59.0,106.0,119.0,40.0,54.0,130.0,61.0,184.0,167.0,169.0,49.0,63.0,53.0,1413.0,17,031,620100,1,170316201001
98.0,54.0,36.0,40.0,46.0,243.0,86.0,137.0,124.0,83.0,157.0,239.0,189.0,81.0,85.0,63.0,1761.0,17,031,620100,2,170316201002
105.0,37.0,55.0,176.0,33.0,118.0,110.0,66.0,80.0,155.0,167.0,130.0,93.0,94.0,90.0,63.0,1572.0,17,031,620100,3,170316201003
31.0,17.0,15.0,42.0,49.0,47.0,41.0,61.0,61.0,84.0,49.0,150.0,86.0,53.0,50.0,45.0,881.0,17,031,620200,1,170316202001
210.0,43.0,42.0,113.0,55.0,89.0,134.0,33.0,71.0,154.0,132.0,128.0,138.0,73.0,57.0,75.0,1547.0,17,031,620200,2,170316202002
73.0,21.0,27.0,59.0,21.0,82.0,48.0,49.0,34.0,63.0,131.0,92.0,66.0,43.0,34.0,33.0,876.0,17,031,620300,1,170316203001
47.0,105.0,74.0,57.0,57.0,81.0,58.0,25.0,56.0,34.0,83.0,120.0,80.0,35.0,36.0,36.0,984.0,17,031,620300,2,170316203002
66.0,28.0,49.0,63.0,32.0,52.0,60.0,53.0,25.0,93.0,188.0,205.0,64.0,53.0,45.0,43.0,1119.0,17,031,620300,3,170316203003
36.0,25.0,62.0,53.0,68.0,84.0,64.0,61.0,89.0,140.0,133.0,108.0,84.0,77.0,62.0,45.0,1191.0,17,031,620300,4,170316203004
42.0,51.0,42.0,65.0,28.0,17.0,25.0,26.0,40.0,114.0,113.0,167.0,115.0,69.0,57.0,47.0,1018.0,17,031,620300,5,170316203005
177.0,59.0,96.0,70.0,89.0,40.0,98.0,175.0,73.0,78.0,229.0,224.0,186.0,81.0,68.0,78.0,1821.0,17,031,620300,6,170316203006
62.0,65.0,173.0,91.0,65.0,51.0,248.0,61.0,26.0,100.0,81.0,255.0,133.0,109.0,59.0,45.0,1624.0,17,031,620400,1,170316204001
31.0,91.0,53.0,40.0,21.0,87.0,53.0,53.0,43.0,42.0,61.0,71.0,123.0,34.0,35.0,30.0,868.0,17,031,620400,2,170316204002
58.0,31.0,44.0,84.0,22.0,28.0,146.0,55.0,49.0,111.0,120.0,57.0,58.0,23.0,34.0,29.0,949.0,17,031,620400,3,170316204003
68.0,55.0,51.0,71.0,57.0,51.0,78.0,140.0,66.0,79.0,107.0,278.0,144.0,59.0,68.0,66.0,1438.0,17,031,620400,4,170316204004
53.0,82.0,91.0,83.0,91.0,47.0,34.0,56.0,35.0,84.0,136.0,95.0,110.0,33.0,39.0,60.0,1129.0,17,031,630100,1,170316301001
125.0,222.0,77.0,143.0,210.0,134.0,80.0,70.0,81.0,186.0,207.0,257.0,140.0,95.0,93.0,90.0,2210.0,17,031,630200,1,170316302001
132.0,71.0,168.0,105.0,91.0,148.0,118.0,147.0,53.0,105.0,199.0,216.0,124.0,72.0,82.0,76.0,1907.0,17,031,630300,1,170316303001
270.0,87.0,154.0,176.0,113.0,182.0,170.0,167.0,310.0,375.0,424.0,337.0,261.0,104.0,150.0,129.0,3409.0,17,031,630300,2,170316303002
75.0,140.0,127.0,171.0,118.0,36.0,41.0,37.0,56.0,74.0,226.0,343.0,86.0,99.0,56.0,73.0,1758.0,17,031,630400,1,170316304001
182.0,40.0,37.0,133.0,121.0,142.0,49.0,78.0,31.0,144.0,136.0,247.0,116.0,51.0,85.0,62.0,1654.0,17,031,630400,2,170316304002
201.0,49.0,153.0,125.0,98.0,94.0,48.0,114.0,87.0,83.0,133.0,140.0,70.0,48.0,64.0,52.0,1559.0,17,031,630400,3,170316304003
127.0,80.0,154.0,79.0,141.0,281.0,133.0,63.0,58.0,118.0,145.0,189.0,95.0,51.0,61.0,63.0,1838.0,17,031,630400,4,170316304004
101.0,48.0,48.0,110.0,152.0,188.0,86.0,72.0,176.0,184.0,207.0,308.0,150.0,56.0,57.0,100.0,2043.0,17,031,630500,1,170316305001
151.0,134.0,87.0,46.0,56.0,65.0,224.0,190.0,32.0,104.0,257.0,172.0,168.0,119.0,185.0,77.0,2067.0,17,031,630500,2,170316305002
65.0,46.0,203.0,59.0,184.0,73.0,128.0,55.0,128.0,60.0,79.0,124.0,65.0,51.0,47.0,51.0,1418.0,17,031,630500,3,170316305003
38.0,30.0,96.0,99.0,17.0,93.0,100.0,22.0,15.0,143.0,149.0,109.0,83.0,37.0,31.0,39.0,1101.0,17,031,630500,4,170316305004
122.0,72.0,117.0,89.0,191.0,225.0,72.0,91.0,88.0,94.0,205.0,244.0,139.0,89.0,74.0,75.0,1987.0,17,031,630800,1,170316308001
296.0,63.0,131.0,95.0,56.0,107.0,58.0,245.0,99.0,263.0,301.0,335.0,228.0,86.0,81.0,96.0,2540.0,17,031,630800,2,170316308002
110.0,111.0,98.0,112.0,88.0,57.0,60.0,30.0,62.0,106.0,87.0,210.0,75.0,91.0,59.0,64.0,1420.0,17,031,630800,3,170316308003
130.0,91.0,68.0,110.0,31.0,109.0,87.0,121.0,55.0,120.0,119.0,116.0,156.0,49.0,67.0,55.0,1484.0,17,031,630800,4,170316308004
88.0,59.0,179.0,87.0,139.0,85.0,123.0,98.0,101.0,205.0,194.0,238.0,184.0,212.0,66.0,87.0,2145.0,17,031,630900,1,170316309001
105.0,48.0,128.0,109.0,87.0,74.0,90.0,60.0,82.0,100.0,64.0,165.0,75.0,39.0,52.0,39.0,1317.0,17,031,630900,2,170316309002
49.0,59.0,123.0,124.0,70.0,103.0,102.0,63.0,71.0,83.0,348.0,127.0,168.0,59.0,82.0,56.0,1687.0,17,031,630900,3,170316309003
70.0,66.0,42.0,70.0,66.0,67.0,66.0,41.0,98.0,52.0,104.0,206.0,72.0,66.0,61.0,75.0,1222.0,17,031,640100,1,170316401001
54.0,91.0,25.0,50.0,59.0,28.0,22.0,16.0,79.0,148.0,125.0,105.0,179.0,83.0,43.0,36.0,1143.0,17,031,640300,1,170316403001
87.0,13.0,67.0,59.0,74.0,31.0,27.0,65.0,39.0,53.0,194.0,92.0,67.0,60.0,39.0,42.0,1009.0,17,031,640300,2,170316403002
32.0,19.0,45.0,10.0,47.0,6.0,12.0,13.0,28.0,23.0,92.0,77.0,88.0,64.0,26.0,52.0,634.0,17,031,640300,3,170316403003
62.0,32.0,152.0,36.0,115.0,63.0,38.0,43.0,39.0,131.0,234.0,263.0,195.0,128.0,222.0,79.0,1832.0,17,031,640300,4,170316403004
74.0,49.0,60.0,120.0,24.0,33.0,61.0,24.0,25.0,105.0,99.0,279.0,129.0,44.0,119.0,59.0,1304.0,17,031,640300,5,170316403005
45.0,17.0,37.0,55.0,34.0,31.0,75.0,25.0,44.0,35.0,109.0,144.0,184.0,49.0,72.0,34.0,990.0,17,031,640300,6,170316403006
75.0,34.0,79.0,74.0,37.0,76.0,57.0,48.0,46.0,128.0,219.0,254.0,175.0,104.0,76.0,85.0,1567.0,17,031,640400,1,170316404001
110.0,51.0,69.0,81.0,83.0,72.0,75.0,45.0,74.0,195.0,166.0,466.0,271.0,110.0,103.0,101.0,2072.0,17,031,640400,2,170316404002
109.0,72.0,51.0,103.0,71.0,74.0,71.0,74.0,46.0,184.0,190.0,259.0,146.0,92.0,90.0,62.0,1694.0,17,031,640500,1,170316405001
50.0,81.0,87.0,39.0,78.0,69.0,49.0,90.0,35.0,82.0,166.0,234.0,159.0,108.0,75.0,68.0,1470.0,17,031,640500,2,170316405002
45.0,62.0,65.0,149.0,73.0,62.0,30.0,88.0,23.0,136.0,57.0,197.0,55.0,78.0,56.0,53.0,1229.0,17,031,640600,1,170316406001
87.0,56.0,65.0,40.0,78.0,86.0,45.0,62.0,50.0,86.0,154.0,164.0,58.0,74.0,78.0,73.0,1256.0,17,031,640600,2,170316406002
122.0,109.0,186.0,122.0,72.0,72.0,72.0,72.0,122.0,114.0,193.0,223.0,178.0,118.0,92.0,59.0,1926.0,17,031,640600,3,170316406003
32.0,17.0,29.0,21.0,38.0,57.0,39.0,26.0,36.0,35.0,133.0,59.0,166.0,27.0,103.0,48.0,866.0,17,031,640700,1,170316407001
36.0,12.0,81.0,17.0,23.0,15.0,26.0,27.0,54.0,36.0,71.0,96.0,71.0,60.0,44.0,24.0,693.0,17,031,640700,2,170316407002
50.0,32.0,74.0,42.0,55.0,47.0,28.0,28.0,32.0,102.0,96.0,78.0,86.0,42.0,25.0,34.0,851.0,17,031,640700,3,170316407003
50.0,22.0,15.0,81.0,67.0,47.0,38.0,19.0,35.0,101.0,92.0,117.0,34.0,35.0,22.0,27.0,802.0,17,031,640700,4,170316407004
39.0,16.0,76.0,53.0,37.0,52.0,76.0,43.0,43.0,126.0,93.0,112.0,92.0,45.0,54.0,58.0,1015.0,17,031,640800,1,170316408001
38.0,35.0,19.0,31.0,18.0,33.0,26.0,39.0,49.0,111.0,78.0,89.0,74.0,24.0,22.0,54.0,740.0,17,031,640800,2,170316408002
76.0,48.0,71.0,44.0,79.0,56.0,109.0,77.0,92.0,131.0,81.0,149.0,80.0,46.0,46.0,54.0,1239.0,17,031,650100,1,170316501001
37.0,48.0,90.0,25.0,52.0,28.0,58.0,115.0,40.0,142.0,132.0,152.0,91.0,105.0,83.0,62.0,1260.0,17,031,650100,2,170316501002
52.0,29.0,41.0,154.0,32.0,56.0,101.0,107.0,40.0,67.0,89.0,152.0,130.0,42.0,53.0,52.0,1197.0,17,031,650100,3,170316501003
23.0,43.0,60.0,12.0,73.0,18.0,95.0,37.0,28.0,50.0,71.0,84.0,44.0,85.0,30.0,31.0,784.0,17,031,650100,4,170316501004
82.0,33.0,37.0,44.0,99.0,139.0,224.0,70.0,94.0,166.0,86.0,205.0,85.0,96.0,57.0,50.0,1567.0,17,031,650200,1,170316502001
198.0,45.0,178.0,138.0,71.0,109.0,92.0,70.0,40.0,203.0,186.0,178.0,386.0,89.0,154.0,83.0,2220.0,17,031,650200,2,170316502002
84.0,35.0,76.0,44.0,77.0,81.0,60.0,142.0,48.0,43.0,110.0,190.0,55.0,58.0,48.0,52.0,1203.0,17,031,650200,3,170316502003
184.0,94.0,38.0,28.0,37.0,26.0,38.0,26.0,29.0,226.0,163.0,286.0,127.0,42.0,58.0,55.0,1457.0,17,031,650200,4,170316502004
20.0,17.0,21.0,9.0,15.0,16.0,9.0,62.0,58.0,32.0,27.0,112.0,90.0,55.0,81.0,23.0,647.0,17,031,650200,5,170316502005
35.0,13.0,7.0,11.0,73.0,40.0,12.0,11.0,51.0,18.0,55.0,68.0,26.0,46.0,19.0,20.0,505.0,17,031,650200,6,170316502006
49.0,36.0,57.0,123.0,29.0,72.0,70.0,64.0,44.0,105.0,68.0,183.0,56.0,88.0,44.0,45.0,1133.0,17,031,650301,1,170316503011
115.0,43.0,58.0,71.0,68.0,194.0,53.0,76.0,65.0,252.0,155.0,279.0,184.0,126.0,109.0,69.0,1917.0,17,031,650301,2,170316503012
43.0,58.0,73.0,39.0,62.0,49.0,31.0,156.0,27.0,53.0,174.0,223.0,185.0,55.0,117.0,57.0,1402.0,17,031,650301,3,170316503013
78.0,18.0,27.0,109.0,66.0,85.0,79.0,25.0,25.0,109.0,103.0,229.0,98.0,92.0,57.0,66.0,1266.0,17,031,650301,4,170316503014
66.0,33.0,125.0,49.0,81.0,65.0,87.0,100.0,55.0,166.0,198.0,257.0,192.0,51.0,129.0,73.0,1727.0,17,031,650302,1,170316503021
92.0,44.0,58.0,134.0,190.0,183.0,167.0,133.0,160.0,201.0,166.0,246.0,312.0,127.0,104.0,98.0,2415.0,17,031,650302,2,170316503022
26.0,36.0,26.0,42.0,14.0,51.0,23.0,45.0,149.0,82.0,70.0,159.0,71.0,27.0,30.0,28.0,879.0,17,031,650400,1,170316504001
33.0,25.0,41.0,102.0,53.0,65.0,45.0,32.0,23.0,97.0,53.0,162.0,127.0,30.0,32.0,33.0,953.0,17,031,650400,2,170316504002
68.0,112.0,45.0,114.0,165.0,53.0,59.0,49.0,48.0,50.0,94.0,147.0,77.0,68.0,70.0,59.0,1278.0,17,031,650400,3,170316504003
167.0,200.0,52.0,129.0,64.0,93.0,68.0,56.0,219.0,179.0,414.0,510.0,128.0,161.0,87.0,91.0,2618.0,17,031,650400,4,170316504004
84.0,24.0,40.0,52.0,109.0,106.0,75.0,69.0,174.0,113.0,148.0,229.0,121.0,46.0,77.0,58.0,1525.0,17,031,650400,5,170316504005
35.0,58.0,51.0,48.0,105.0,50.0,21.0,32.0,22.0,39.0,143.0,286.0,88.0,27.0,49.0,63.0,1117.0,17,031,650500,1,170316505001
43.0,41.0,90.0,40.0,63.0,75.0,79.0,67.0,34.0,139.0,170.0,211.0,80.0,50.0,49.0,60.0,1291.0,17,031,650500,2,170316505002
162.0,98.0,70.0,84.0,70.0,92.0,136.0,64.0,62.0,109.0,225.0,198.0,111.0,126.0,61.0,75.0,1743.0,17,031,650500,3,170316505003
247.0,216.0,60.0,104.0,133.0,151.0,122.0,44.0,53.0,142.0,109.0,138.0,73.0,61.0,60.0,70.0,1783.0,17,031,660301,1,170316603011
87.0,97.0,37.0,45.0,61.0,196.0,31.0,150.0,101.0,144.0,77.0,268.0,88.0,57.0,84.0,70.0,1593.0,17,031,660302,1,170316603021
147.0,109.0,126.0,64.0,66.0,33.0,89.0,158.0,189.0,61.0,107.0,175.0,93.0,92.0,69.0,74.0,1652.0,17,031,660302,2,170316603022
94.0,89.0,44.0,108.0,77.0,25.0,38.0,60.0,26.0,82.0,137.0,113.0,42.0,29.0,30.0,39.0,1033.0,17,031,660302,3,170316603023
66.0,36.0,197.0,24.0,69.0,65.0,65.0,149.0,29.0,156.0,74.0,130.0,59.0,44.0,34.0,60.0,1257.0,17,031,660302,4,170316603024
91.0,39.0,65.0,70.0,157.0,119.0,109.0,101.0,77.0,131.0,114.0,157.0,87.0,113.0,68.0,74.0,1572.0,17,031,660400,1,170316604001
251.0,99.0,160.0,102.0,80.0,35.0,116.0,114.0,96.0,123.0,209.0,174.0,84.0,73.0,91.0,63.0,1870.0,17,031,660400,2,170316604002
34.0,14.0,86.0,47.0,133.0,38.0,19.0,53.0,58.0,80.0,39.0,145.0,89.0,46.0,32.0,42.0,955.0,17,031,660400,3,170316604003
93.0,77.0,78.0,92.0,83.0,129.0,103.0,54.0,34.0,61.0,217.0,266.0,78.0,69.0,59.0,59.0,1552.0,17,031,660400,4,170316604004
258.0,66.0,136.0,57.0,69.0,27.0,77.0,38.0,67.0,167.0,135.0,238.0,98.0,53.0,65.0,51.0,1602.0,17,031,660500,1,170316605001
104.0,79.0,67.0,91.0,47.0,65.0,78.0,76.0,44.0,90.0,99.0,159.0,62.0,29.0,42.0,44.0,1176.0,17,031,660500,2,170316605002
109.0,66.0,24.0,56.0,52.0,81.0,55.0,56.0,40.0,91.0,303.0,159.0,63.0,40.0,36.0,50.0,1281.0,17,031,660500,3,170316605003
65.0,33.0,71.0,133.0,111.0,130.0,70.0,41.0,103.0,130.0,122.0,302.0,117.0,74.0,63.0,60.0,1625.0,17,031,660500,4,170316605004
162.0,39.0,71.0,89.0,112.0,34.0,104.0,69.0,58.0,68.0,54.0,95.0,65.0,28.0,45.0,53.0,1146.0,17,031,660600,1,170316606001
33.0,67.0,26.0,142.0,20.0,75.0,42.0,16.0,78.0,26.0,104.0,90.0,34.0,25.0,25.0,36.0,839.0,17,031,660600,2,170316606002
135.0,122.0,67.0,49.0,79.0,112.0,31.0,86.0,17.0,55.0,138.0,98.0,65.0,40.0,44.0,45.0,1183.0,17,031,660600,3,170316606003
177.0,63.0,156.0,141.0,103.0,41.0,73.0,72.0,19.0,98.0,95.0,142.0,100.0,58.0,48.0,64.0,1450.0,17,031,660600,4,170316606004
154.0,39.0,104.0,99.0,37.0,221.0,84.0,80.0,51.0,98.0,113.0,196.0,62.0,43.0,72.0,66.0,1519.0,17,031,660600,5,170316606005
171.0,31.0,32.0,54.0,132.0,41.0,107.0,27.0,47.0,119.0,70.0,144.0,74.0,36.0,46.0,52.0,1183.0,17,031,660700,1,170316607001
209.0,49.0,137.0,52.0,45.0,69.0,63.0,65.0,30.0,104.0,123.0,128.0,107.0,48.0,43.0,44.0,1316.0,17,031,660700,2,170316607002
98.0,64.0,35.0,24.0,49.0,48.0,73.0,32.0,13.0,24.0,55.0,70.0,37.0,17.0,30.0,41.0,710.0,17,031,660800,1,170316608001
166.0,34.0,60.0,108.0,96.0,37.0,87.0,36.0,28.0,158.0,167.0,264.0,60.0,80.0,59.0,68.0,1508.0,17,031,660800,2,170316608002
139.0,178.0,118.0,71.0,50.0,80.0,101.0,34.0,43.0,125.0,125.0,216.0,78.0,44.0,48.0,59.0,1509.0,17,031,660800,3,170316608003
63.0,67.0,20.0,22.0,29.0,83.0,61.0,35.0,17.0,53.0,66.0,128.0,87.0,32.0,21.0,29.0,813.0,17,031,660800,4,170316608004
149.0,73.0,140.0,157.0,87.0,101.0,112.0,212.0,49.0,153.0,166.0,194.0,146.0,60.0,86.0,66.0,1951.0,17,031,660800,5,170316608005
254.0,103.0,150.0,142.0,67.0,87.0,100.0,91.0,33.0,145.0,147.0,171.0,88.0,43.0,97.0,75.0,1793.0,17,031,660900,1,170316609001
56.0,56.0,99.0,56.0,83.0,76.0,44.0,56.0,82.0,151.0,59.0,110.0,85.0,29.0,54.0,37.0,1133.0,17,031,660900,2,170316609002
162.0,52.0,90.0,89.0,79.0,68.0,55.0,53.0,90.0,70.0,82.0,129.0,109.0,49.0,62.0,66.0,1305.0,17,031,660900,3,170316609003
78.0,13.0,57.0,88.0,27.0,92.0,16.0,14.0,26.0,73.0,64.0,88.0,79.0,25.0,25.0,52.0,817.0,17,031,661000,1,170316610001
171.0,56.0,75.0,81.0,28.0,21.0,21.0,25.0,27.0,62.0,133.0,139.0,73.0,137.0,46.0,39.0,1134.0,17,031,661000,2,170316610002
98.0,14.0,27.0,16.0,104.0,20.0,16.0,56.0,31.0,54.0,56.0,71.0,33.0,55.0,35.0,46.0,732.0,17,031,661000,3,170316610003
234.0,179.0,50.0,36.0,47.0,63.0,152.0,47.0,61.0,52.0,130.0,152.0,109.0,94.0,69.0,67.0,1542.0,17,031,661000,4,170316610004
238.0,79.0,170.0,33.0,46.0,131.0,95.0,31.0,27.0,131.0,88.0,124.0,101.0,61.0,62.0,53.0,1470.0,17,031,661000,5,170316610005
40.0,49.0,101.0,142.0,85.0,99.0,55.0,81.0,34.0,84.0,151.0,143.0,72.0,56.0,62.0,49.0,1303.0,17,031,661100,1,170316611001
29.0,64.0,14.0,18.0,25.0,62.0,32.0,42.0,20.0,123.0,78.0,103.0,143.0,21.0,37.0,35.0,846.0,17,031,661100,2,170316611002
35.0,21.0,36.0,28.0,56.0,53.0,43.0,57.0,78.0,67.0,112.0,129.0,125.0,71.0,63.0,47.0,1021.0,17,031,661100,3,170316611003
128.0,31.0,105.0,30.0,58.0,49.0,140.0,49.0,49.0,174.0,59.0,157.0,64.0,32.0,66.0,55.0,1246.0,17,031,661100,4,170316611004
59.0,63.0,170.0,132.0,75.0,86.0,70.0,67.0,59.0,119.0,152.0,238.0,122.0,64.0,63.0,51.0,1590.0,17,031,661100,5,170316611005
30.0,40.0,69.0,63.0,58.0,47.0,40.0,39.0,73.0,37.0,44.0,55.0,86.0,18.0,36.0,20.0,755.0,17,031,670100,1,170316701001
172.0,22.0,36.0,39.0,59.0,35.0,46.0,62.0,18.0,65.0,43.0,68.0,83.0,31.0,26.0,32.0,837.0,17,031,670100,2,170316701002
118.0,113.0,78.0,67.0,43.0,49.0,36.0,83.0,39.0,43.0,70.0,76.0,66.0,26.0,41.0,30.0,978.0,17,031,670200,1,170316702001
33.0,69.0,25.0,16.0,10.0,29.0,10.0,44.0,11.0,38.0,92.0,48.0,21.0,17.0,24.0,19.0,506.0,17,031,670300,1,170316703001
131.0,64.0,94.0,19.0,26.0,22.0,31.0,50.0,37.0,60.0,91.0,71.0,41.0,26.0,26.0,20.0,809.0,17,031,670300,2,170316703002
191.0,166.0,173.0,83.0,100.0,111.0,74.0,100.0,35.0,91.0,157.0,182.0,147.0,67.0,73.0,84.0,1834.0,17,031,670400,1,170316704001
99.0,51.0,55.0,87.0,106.0,94.0,34.0,27.0,31.0,80.0,64.0,118.0,62.0,37.0,48.0,40.0,1033.0,17,031,670500,1,170316705001
117.0,82.0,64.0,49.0,50.0,33.0,46.0,50.0,33.0,75.0,64.0,67.0,70.0,40.0,35.0,28.0,903.0,17,031,670600,1,170316706001
102.0,42.0,16.0,63.0,66.0,39.0,60.0,12.0,21.0,52.0,78.0,50.0,35.0,23.0,26.0,31.0,716.0,17,031,670600,2,170316706002
97.0,24.0,87.0,9.0,60.0,19.0,54.0,12.0,49.0,81.0,88.0,103.0,48.0,43.0,23.0,33.0,830.0,17,031,670700,1,170316707001
85.0,32.0,114.0,60.0,20.0,39.0,32.0,38.0,14.0,57.0,39.0,42.0,43.0,13.0,44.0,30.0,702.0,17,031,670700,2,170316707002
59.0,35.0,21.0,24.0,13.0,23.0,39.0,8.0,19.0,43.0,71.0,42.0,20.0,16.0,12.0,23.0,468.0,17,031,670800,1,170316708001
177.0,130.0,101.0,71.0,100.0,14.0,51.0,19.0,25.0,75.0,85.0,119.0,57.0,84.0,47.0,55.0,1210.0,17,031,670800,2,170316708002
26.0,32.0,27.0,39.0,23.0,14.0,16.0,28.0,29.0,39.0,69.0,84.0,24.0,14.0,16.0,20.0,500.0,17,031,670900,1,170316709001
126.0,86.0,53.0,31.0,68.0,23.0,86.0,43.0,27.0,60.0,80.0,144.0,52.0,34.0,32.0,38.0,983.0,17,031,670900,2,170316709002
167.0,111.0,122.0,74.0,107.0,118.0,74.0,81.0,48.0,54.0,127.0,134.0,93.0,54.0,42.0,69.0,1475.0,17,031,671100,1,170316711001
65.0,43.0,26.0,30.0,77.0,18.0,37.0,13.0,8.0,16.0,41.0,40.0,23.0,13.0,13.0,21.0,484.0,17,031,671200,1,170316712001
116.0,38.0,34.0,39.0,52.0,19.0,20.0,11.0,8.0,52.0,67.0,43.0,26.0,13.0,17.0,15.0,570.0,17,031,671200,2,170316712002
65.0,36.0,94.0,116.0,79.0,70.0,70.0,40.0,73.0,99.0,71.0,131.0,163.0,38.0,56.0,44.0,1245.0,17,031,671300,1,170316713001
40.0,36.0,21.0,61.0,45.0,42.0,19.0,10.0,8.0,35.0,61.0,43.0,44.0,19.0,33.0,28.0,545.0,17,031,671300,2,170316713002
32.0,8.0,31.0,28.0,9.0,36.0,13.0,6.0,27.0,17.0,22.0,91.0,19.0,12.0,16.0,18.0,385.0,17,031,671300,3,170316713003
106.0,42.0,77.0,101.0,43.0,37.0,64.0,46.0,62.0,55.0,54.0,70.0,61.0,32.0,33.0,40.0,923.0,17,031,671400,1,170316714001
81.0,53.0,50.0,84.0,82.0,54.0,80.0,15.0,35.0,31.0,69.0,73.0,54.0,86.0,52.0,33.0,932.0,17,031,671400,2,170316714002
70.0,52.0,105.0,68.0,46.0,13.0,77.0,53.0,16.0,47.0,44.0,58.0,40.0,26.0,27.0,29.0,771.0,17,031,671500,1,170316715001
125.0,157.0,114.0,57.0,86.0,92.0,70.0,84.0,80.0,113.0,87.0,161.0,83.0,47.0,51.0,48.0,1455.0,17,031,671500,2,170316715002
95.0,74.0,120.0,83.0,45.0,11.0,36.0,37.0,31.0,49.0,89.0,149.0,56.0,33.0,41.0,48.0,997.0,17,031,671500,3,170316715003
104.0,82.0,110.0,119.0,83.0,28.0,42.0,70.0,22.0,46.0,95.0,70.0,70.0,40.0,32.0,52.0,1065.0,17,031,671600,1,170316716001
118.0,64.0,73.0,14.0,82.0,25.0,36.0,31.0,37.0,26.0,55.0,59.0,39.0,26.0,22.0,31.0,738.0,17,031,671600,2,170316716002
23.0,29.0,38.0,12.0,12.0,61.0,23.0,11.0,5.0,37.0,51.0,30.0,17.0,11.0,10.0,13.0,383.0,17,031,671600,3,170316716003
93.0,57.0,133.0,99.0,113.0,31.0,28.0,24.0,38.0,96.0,107.0,116.0,65.0,45.0,43.0,46.0,1134.0,17,031,671800,1,170316718001
134.0,39.0,97.0,58.0,30.0,66.0,83.0,77.0,83.0,72.0,187.0,136.0,63.0,76.0,67.0,39.0,1307.0,17,031,671900,1,170316719001
87.0,58.0,104.0,90.0,60.0,103.0,85.0,88.0,59.0,158.0,286.0,236.0,149.0,95.0,61.0,61.0,1780.0,17,031,672000,1,170316720001
25.0,20.0,75.0,24.0,24.0,55.0,59.0,88.0,17.0,47.0,74.0,69.0,41.0,20.0,25.0,31.0,694.0,17,031,672000,2,170316720002
144.0,33.0,62.0,40.0,36.0,90.0,78.0,89.0,34.0,78.0,148.0,110.0,56.0,107.0,76.0,46.0,1227.0,17,031,672000,3,170316720003
25.0,8.0,27.0,36.0,20.0,19.0,25.0,25.0,7.0,41.0,35.0,54.0,20.0,19.0,18.0,27.0,406.0,17,031,672000,4,170316720004
88.0,8.0,46.0,15.0,20.0,6.0,26.0,5.0,32.0,33.0,28.0,26.0,40.0,16.0,22.0,14.0,425.0,17,031,680500,1,170316805001
83.0,62.0,106.0,80.0,26.0,39.0,19.0,23.0,14.0,96.0,81.0,66.0,46.0,46.0,37.0,27.0,851.0,17,031,680500,2,170316805002
116.0,48.0,19.0,61.0,15.0,72.0,12.0,55.0,12.0,40.0,38.0,50.0,39.0,32.0,28.0,22.0,659.0,17,031,680600,1,170316806001
243.0,28.0,80.0,45.0,85.0,23.0,26.0,28.0,21.0,76.0,59.0,69.0,37.0,40.0,32.0,32.0,924.0,17,031,680600,2,170316806002
203.0,64.0,43.0,44.0,36.0,24.0,13.0,39.0,36.0,38.0,56.0,67.0,59.0,19.0,34.0,31.0,806.0,17,031,680900,1,170316809001
123.0,71.0,37.0,12.0,7.0,11.0,16.0,13.0,14.0,9.0,24.0,26.0,24.0,12.0,10.0,15.0,424.0,17,031,680900,2,170316809002
73.0,39.0,96.0,39.0,27.0,48.0,19.0,10.0,14.0,47.0,59.0,43.0,36.0,67.0,23.0,27.0,667.0,17,031,680900,3,170316809003
163.0,100.0,75.0,176.0,89.0,153.0,55.0,29.0,112.0,65.0,87.0,104.0,67.0,51.0,57.0,47.0,1430.0,17,031,680900,4,170316809004
111.0,82.0,21.0,31.0,26.0,42.0,36.0,10.0,6.0,64.0,46.0,44.0,30.0,18.0,19.0,29.0,615.0,17,031,681000,1,170316810001
79.0,45.0,17.0,31.0,15.0,17.0,39.0,33.0,47.0,38.0,34.0,48.0,60.0,18.0,21.0,30.0,572.0,17,031,681000,2,170316810002
106.0,28.0,19.0,27.0,11.0,10.0,13.0,8.0,13.0,48.0,17.0,21.0,39.0,11.0,17.0,25.0,413.0,17,031,681000,3,170316810003
356.0,108.0,92.0,33.0,58.0,65.0,51.0,62.0,37.0,94.0,50.0,66.0,62.0,47.0,34.0,38.0,1253.0,17,031,681000,4,170316810004
72.0,109.0,103.0,22.0,16.0,73.0,15.0,39.0,51.0,30.0,57.0,79.0,45.0,31.0,27.0,37.0,806.0,17,031,681100,1,170316811001
63.0,36.0,42.0,109.0,28.0,77.0,20.0,24.0,29.0,82.0,56.0,48.0,36.0,17.0,46.0,26.0,739.0,17,031,681100,2,170316811002
94.0,35.0,26.0,11.0,18.0,13.0,9.0,6.0,8.0,22.0,66.0,38.0,41.0,16.0,13.0,9.0,425.0,17,031,681100,3,170316811003
127.0,78.0,48.0,55.0,58.0,59.0,24.0,17.0,6.0,115.0,60.0,66.0,55.0,31.0,43.0,61.0,903.0,17,031,681100,4,170316811004
145.0,57.0,20.0,27.0,2.0,66.0,67.0,17.0,38.0,27.0,27.0,47.0,38.0,25.0,32.0,38.0,673.0,17,031,681100,5,170316811005
29.0,31.0,82.0,56.0,8.0,25.0,4.0,35.0,9.0,15.0,43.0,32.0,30.0,21.0,13.0,21.0,454.0,17,031,681200,1,170316812001
139.0,32.0,64.0,16.0,53.0,40.0,29.0,10.0,19.0,34.0,48.0,50.0,80.0,19.0,20.0,21.0,674.0,17,031,681200,2,170316812002
103.0,72.0,67.0,37.0,34.0,7.0,23.0,20.0,10.0,78.0,25.0,72.0,27.0,12.0,22.0,21.0,630.0,17,031,681200,3,170316812003
91.0,26.0,27.0,37.0,16.0,44.0,12.0,13.0,62.0,44.0,70.0,40.0,70.0,17.0,12.0,16.0,597.0,17,031,681200,4,170316812004
117.0,78.0,48.0,79.0,39.0,41.0,34.0,20.0,17.0,76.0,53.0,53.0,42.0,27.0,21.0,25.0,770.0,17,031,681300,1,170316813001
144.0,95.0,69.0,61.0,45.0,45.0,14.0,75.0,21.0,40.0,51.0,125.0,38.0,32.0,24.0,35.0,914.0,17,031,681300,2,170316813002
95.0,40.0,85.0,26.0,13.0,53.0,18.0,30.0,58.0,56.0,63.0,64.0,33.0,19.0,26.0,25.0,704.0,17,031,681300,3,170316813003
28.0,44.0,33.0,47.0,6.0,14.0,17.0,11.0,9.0,35.0,15.0,63.0,27.0,25.0,31.0,12.0,417.0,17,031,681400,1,170316814001
114.0,46.0,62.0,53.0,83.0,19.0,72.0,50.0,23.0,88.0,57.0,60.0,53.0,39.0,49.0,40.0,908.0,17,031,681400,2,170316814002
69.0,76.0,100.0,54.0,23.0,77.0,34.0,23.0,52.0,79.0,102.0,81.0,116.0,26.0,33.0,30.0,975.0,17,031,681400,3,170316814003
115.0,63.0,16.0,25.0,22.0,8.0,35.0,31.0,9.0,48.0,70.0,41.0,30.0,23.0,26.0,18.0,580.0,17,031,681400,4,170316814004
51.0,48.0,48.0,31.0,50.0,10.0,14.0,42.0,40.0,15.0,51.0,73.0,57.0,36.0,20.0,25.0,611.0,17,031,690300,1,170316903001
209.0,117.0,127.0,76.0,115.0,52.0,54.0,46.0,24.0,65.0,79.0,82.0,63.0,64.0,37.0,56.0,1266.0,17,031,690300,2,170316903002
84.0,65.0,111.0,50.0,46.0,79.0,17.0,19.0,11.0,34.0,86.0,58.0,54.0,27.0,31.0,56.0,828.0,17,031,690400,1,170316904001
83.0,28.0,111.0,53.0,46.0,23.0,20.0,24.0,61.0,72.0,82.0,91.0,97.0,19.0,52.0,43.0,905.0,17,031,690400,2,170316904002
145.0,32.0,57.0,90.0,46.0,50.0,23.0,39.0,20.0,57.0,97.0,82.0,34.0,30.0,32.0,31.0,865.0,17,031,690400,3,170316904003
117.0,56.0,50.0,103.0,55.0,26.0,80.0,36.0,41.0,60.0,59.0,63.0,71.0,41.0,65.0,29.0,952.0,17,031,690400,4,170316904004
71.0,30.0,41.0,62.0,80.0,42.0,80.0,69.0,37.0,96.0,81.0,91.0,40.0,60.0,31.0,34.0,945.0,17,031,690500,1,170316905001
160.0,58.0,61.0,99.0,22.0,52.0,79.0,17.0,23.0,56.0,97.0,80.0,45.0,32.0,33.0,31.0,945.0,17,031,690900,1,170316909001
43.0,10.0,12.0,89.0,6.0,54.0,30.0,9.0,36.0,18.0,48.0,65.0,33.0,15.0,19.0,24.0,511.0,17,031,690900,2,170316909002
100.0,14.0,214.0,54.0,28.0,53.0,63.0,34.0,10.0,43.0,87.0,82.0,48.0,32.0,37.0,41.0,940.0,17,031,690900,3,170316909003
115.0,25.0,42.0,69.0,56.0,58.0,17.0,40.0,58.0,77.0,139.0,118.0,47.0,33.0,30.0,42.0,966.0,17,031,690900,4,170316909004
168.0,86.0,32.0,71.0,26.0,41.0,20.0,45.0,39.0,147.0,72.0,125.0,70.0,32.0,48.0,42.0,1064.0,17,031,690900,5,170316909005
91.0,47.0,36.0,21.0,48.0,44.0,23.0,15.0,34.0,91.0,118.0,94.0,95.0,22.0,36.0,22.0,837.0,17,031,691000,1,170316910001
83.0,83.0,43.0,17.0,17.0,53.0,28.0,50.0,28.0,69.0,74.0,141.0,84.0,57.0,37.0,82.0,946.0,17,031,691000,2,170316910002
52.0,32.0,30.0,43.0,13.0,5.0,16.0,63.0,11.0,74.0,48.0,47.0,20.0,22.0,20.0,29.0,525.0,17,031,691000,3,170316910003
36.0,11.0,34.0,44.0,13.0,9.0,2.0,7.0,17.0,33.0,31.0,69.0,27.0,12.0,14.0,14.0,373.0,17,031,691000,4,170316910004
36.0,59.0,40.0,10.0,11.0,47.0,25.0,31.0,9.0,37.0,60.0,84.0,24.0,39.0,18.0,19.0,549.0,17,031,691100,1,170316911001
46.0,173.0,19.0,14.0,28.0,44.0,26.0,35.0,38.0,27.0,30.0,69.0,46.0,27.0,18.0,26.0,666.0,17,031,691100,2,170316911002
186.0,128.0,28.0,66.0,47.0,14.0,23.0,21.0,44.0,30.0,90.0,83.0,36.0,36.0,30.0,44.0,906.0,17,031,691100,3,170316911003
232.0,20.0,74.0,15.0,76.0,53.0,36.0,45.0,52.0,88.0,40.0,105.0,58.0,30.0,51.0,48.0,1023.0,17,031,691100,4,170316911004
241.0,77.0,74.0,97.0,103.0,27.0,76.0,43.0,63.0,53.0,123.0,77.0,56.0,52.0,42.0,64.0,1268.0,17,031,691200,1,170316912001
124.0,27.0,43.0,58.0,39.0,27.0,36.0,25.0,60.0,35.0,68.0,112.0,62.0,45.0,31.0,31.0,823.0,17,031,691200,2,170316912002
61.0,65.0,63.0,60.0,47.0,21.0,19.0,14.0,25.0,107.0,57.0,175.0,41.0,25.0,43.0,42.0,865.0,17,031,691200,3,170316912003
158.0,93.0,59.0,74.0,27.0,36.0,83.0,34.0,65.0,142.0,145.0,134.0,126.0,33.0,75.0,55.0,1339.0,17,031,691300,1,170316913001
141.0,45.0,73.0,139.0,71.0,122.0,55.0,34.0,52.0,164.0,158.0,130.0,104.0,65.0,72.0,63.0,1488.0,17,031,691300,2,170316913002
25.0,33.0,43.0,15.0,37.0,25.0,6.0,8.0,6.0,27.0,48.0,22.0,20.0,19.0,8.0,15.0,357.0,17,031,691400,1,170316914001
63.0,34.0,35.0,10.0,21.0,21.0,6.0,18.0,19.0,16.0,20.0,46.0,16.0,16.0,12.0,12.0,365.0,17,031,691400,2,170316914002
25.0,33.0,23.0,62.0,21.0,9.0,45.0,11.0,16.0,42.0,54.0,66.0,50.0,20.0,16.0,16.0,509.0,17,031,691400,3,170316914003
78.0,53.0,50.0,71.0,78.0,14.0,60.0,29.0,53.0,66.0,73.0,78.0,61.0,25.0,29.0,59.0,877.0,17,031,691400,4,170316914004
58.0,29.0,34.0,57.0,24.0,32.0,41.0,19.0,14.0,62.0,36.0,59.0,54.0,20.0,16.0,25.0,580.0,17,031,691400,5,170316914005
91.0,39.0,23.0,20.0,21.0,50.0,13.0,13.0,32.0,23.0,25.0,32.0,25.0,20.0,21.0,20.0,468.0,17,031,691500,1,170316915001
80.0,53.0,160.0,135.0,32.0,69.0,22.0,25.0,29.0,53.0,49.0,69.0,51.0,33.0,60.0,35.0,955.0,17,031,691500,2,170316915002
53.0,46.0,19.0,80.0,36.0,34.0,43.0,30.0,8.0,20.0,90.0,51.0,27.0,21.0,24.0,57.0,639.0,17,031,691500,3,170316915003
93.0,130.0,102.0,91.0,59.0,51.0,79.0,34.0,108.0,155.0,273.0,306.0,290.0,175.0,235.0,82.0,2263.0,17,031,700100,1,170317001001
84.0,28.0,89.0,109.0,25.0,197.0,41.0,49.0,19.0,122.0,89.0,132.0,89.0,41.0,49.0,50.0,1213.0,17,031,700100,2,170317001002
88.0,40.0,47.0,115.0,141.0,47.0,87.0,87.0,40.0,195.0,252.0,201.0,233.0,68.0,91.0,77.0,1809.0,17,031,700200,1,170317002001
146.0,32.0,120.0,126.0,163.0,122.0,120.0,58.0,83.0,91.0,240.0,182.0,90.0,61.0,186.0,65.0,1885.0,17,031,700200,2,170317002002
81.0,80.0,63.0,50.0,41.0,92.0,61.0,66.0,113.0,91.0,173.0,317.0,206.0,91.0,90.0,62.0,1677.0,17,031,700200,3,170317002003
78.0,45.0,50.0,55.0,62.0,143.0,27.0,39.0,85.0,109.0,140.0,212.0,200.0,82.0,80.0,58.0,1465.0,17,031,700200,4,170317002004
63.0,53.0,45.0,150.0,102.0,72.0,67.0,87.0,44.0,114.0,225.0,372.0,138.0,90.0,85.0,73.0,1780.0,17,031,700301,1,170317003011
79.0,73.0,84.0,115.0,106.0,81.0,53.0,83.0,48.0,162.0,181.0,328.0,323.0,157.0,100.0,119.0,2092.0,17,031,700301,2,170317003012
141.0,112.0,99.0,122.0,91.0,107.0,93.0,132.0,64.0,117.0,210.0,309.0,92.0,62.0,74.0,68.0,1893.0,17,031,700301,3,170317003013
69.0,42.0,24.0,93.0,29.0,58.0,19.0,150.0,19.0,118.0,89.0,227.0,69.0,78.0,77.0,51.0,1212.0,17,031,700302,1,170317003021
42.0,20.0,25.0,32.0,53.0,114.0,25.0,17.0,15.0,75.0,123.0,130.0,89.0,86.0,47.0,80.0,973.0,17,031,700302,2,170317003022
56.0,44.0,116.0,58.0,62.0,66.0,30.0,135.0,58.0,55.0,308.0,243.0,122.0,61.0,62.0,47.0,1523.0,17,031,700302,3,170317003023
101.0,74.0,112.0,62.0,100.0,68.0,71.0,55.0,51.0,151.0,222.0,223.0,278.0,133.0,117.0,139.0,1957.0,17,031,700302,4,170317003024
56.0,43.0,48.0,55.0,130.0,82.0,106.0,37.0,101.0,136.0,169.0,212.0,167.0,107.0,61.0,74.0,1584.0,17,031,700401,1,170317004011
135.0,62.0,76.0,63.0,91.0,78.0,66.0,76.0,154.0,172.0,141.0,410.0,138.0,97.0,193.0,98.0,2050.0,17,031,700401,2,170317004012
111.0,26.0,27.0,93.0,54.0,97.0,73.0,84.0,37.0,112.0,145.0,351.0,183.0,96.0,134.0,58.0,1681.0,17,031,700401,3,170317004013
50.0,56.0,57.0,24.0,11.0,17.0,32.0,23.0,18.0,66.0,57.0,132.0,156.0,82.0,105.0,28.0,914.0,17,031,700401,4,170317004014
39.0,30.0,32.0,29.0,22.0,25.0,76.0,69.0,50.0,101.0,137.0,168.0,81.0,31.0,41.0,43.0,974.0,17,031,700402,1,170317004021
38.0,54.0,39.0,55.0,84.0,43.0,49.0,21.0,20.0,90.0,147.0,113.0,289.0,60.0,39.0,59.0,1200.0,17,031,700402,2,170317004022
87.0,36.0,68.0,67.0,46.0,76.0,70.0,105.0,29.0,184.0,155.0,239.0,169.0,104.0,154.0,58.0,1647.0,17,031,700402,3,170317004023
110.0,36.0,36.0,33.0,134.0,33.0,39.0,56.0,30.0,296.0,105.0,223.0,186.0,42.0,56.0,138.0,1553.0,17,031,700501,1,170317005011
23.0,19.0,19.0,41.0,33.0,25.0,46.0,25.0,42.0,72.0,196.0,65.0,63.0,220.0,31.0,34.0,954.0,17,031,700501,2,170317005012
67.0,88.0,42.0,146.0,33.0,52.0,46.0,87.0,33.0,159.0,264.0,318.0,200.0,203.0,102.0,86.0,1926.0,17,031,700501,3,170317005013
175.0,28.0,96.0,40.0,131.0,85.0,76.0,41.0,53.0,74.0,116.0,268.0,170.0,130.0,60.0,72.0,1615.0,17,031,700501,4,170317005014
19.0,13.0,30.0,15.0,7.0,9.0,13.0,12.0,8.0,27.0,105.0,92.0,118.0,52.0,22.0,22.0,564.0,17,031,700501,5,170317005015
31.0,19.0,20.0,34.0,19.0,48.0,18.0,34.0,143.0,33.0,70.0,130.0,68.0,55.0,63.0,38.0,823.0,17,031,700501,6,170317005016
128.0,36.0,68.0,31.0,79.0,34.0,56.0,49.0,32.0,125.0,125.0,176.0,151.0,75.0,155.0,58.0,1378.0,17,031,700502,1,170317005021
81.0,40.0,50.0,85.0,64.0,57.0,42.0,31.0,36.0,112.0,147.0,203.0,217.0,104.0,126.0,50.0,1445.0,17,031,700502,2,170317005022
355.0,107.0,97.0,37.0,52.0,56.0,69.0,38.0,42.0,53.0,125.0,93.0,83.0,72.0,54.0,67.0,1400.0,17,031,710100,1,170317101001
63.0,83.0,66.0,106.0,100.0,48.0,45.0,13.0,15.0,56.0,50.0,85.0,39.0,27.0,33.0,33.0,862.0,17,031,710200,1,170317102001
83.0,17.0,37.0,96.0,77.0,53.0,18.0,68.0,32.0,37.0,117.0,66.0,51.0,31.0,33.0,32.0,848.0,17,031,710200,2,170317102002
137.0,84.0,78.0,147.0,36.0,38.0,66.0,69.0,87.0,72.0,93.0,150.0,70.0,49.0,35.0,56.0,1267.0,17,031,710200,3,170317102003
41.0,51.0,49.0,21.0,225.0,21.0,30.0,33.0,26.0,133.0,72.0,63.0,67.0,29.0,51.0,45.0,957.0,17,031,710200,4,170317102004
316.0,138.0,168.0,200.0,71.0,76.0,60.0,55.0,55.0,104.0,104.0,176.0,166.0,46.0,80.0,71.0,1886.0,17,031,710200,5,170317102005
141.0,91.0,113.0,142.0,99.0,53.0,77.0,48.0,29.0,118.0,108.0,117.0,77.0,61.0,44.0,43.0,1361.0,17,031,710300,1,170317103001
91.0,52.0,58.0,45.0,23.0,55.0,19.0,37.0,14.0,98.0,50.0,186.0,56.0,51.0,21.0,47.0,903.0,17,031,710400,1,170317104001
149.0,39.0,20.0,73.0,16.0,18.0,12.0,27.0,15.0,25.0,104.0,50.0,45.0,30.0,30.0,28.0,681.0,17,031,710400,2,170317104002
44.0,35.0,93.0,51.0,11.0,25.0,85.0,17.0,14.0,165.0,53.0,74.0,51.0,24.0,19.0,24.0,785.0,17,031,710400,3,170317104003
103.0,18.0,19.0,21.0,23.0,17.0,46.0,19.0,31.0,93.0,99.0,56.0,35.0,27.0,124.0,68.0,799.0,17,031,710400,4,170317104004
163.0,38.0,27.0,61.0,52.0,116.0,54.0,25.0,61.0,117.0,77.0,127.0,47.0,46.0,45.0,65.0,1121.0,17,031,710400,5,170317104005
34.0,23.0,61.0,23.0,111.0,12.0,19.0,19.0,17.0,114.0,82.0,150.0,37.0,16.0,26.0,30.0,774.0,17,031,710400,6,170317104006
128.0,70.0,91.0,72.0,32.0,24.0,31.0,75.0,49.0,47.0,88.0,95.0,49.0,32.0,54.0,38.0,975.0,17,031,710500,1,170317105001
122.0,150.0,58.0,125.0,67.0,87.0,103.0,56.0,89.0,85.0,115.0,131.0,78.0,42.0,73.0,56.0,1437.0,17,031,710500,2,170317105002
45.0,25.0,82.0,73.0,62.0,17.0,28.0,40.0,24.0,35.0,42.0,61.0,35.0,25.0,30.0,20.0,644.0,17,031,710500,3,170317105003
101.0,90.0,53.0,23.0,35.0,80.0,25.0,27.0,69.0,46.0,167.0,94.0,69.0,48.0,27.0,62.0,1016.0,17,031,710500,4,170317105004
188.0,50.0,74.0,88.0,46.0,22.0,23.0,56.0,20.0,57.0,136.0,91.0,51.0,34.0,32.0,47.0,1015.0,17,031,710600,1,170317106001
93.0,71.0,59.0,20.0,30.0,60.0,31.0,26.0,38.0,52.0,98.0,62.0,42.0,37.0,31.0,26.0,776.0,17,031,710600,2,170317106002
72.0,84.0,28.0,25.0,38.0,20.0,47.0,35.0,15.0,31.0,33.0,43.0,25.0,24.0,9.0,15.0,544.0,17,031,710700,1,170317107001
60.0,28.0,34.0,56.0,23.0,9.0,18.0,14.0,9.0,97.0,31.0,44.0,29.0,42.0,25.0,12.0,531.0,17,031,710700,2,170317107002
91.0,96.0,31.0,57.0,117.0,32.0,44.0,20.0,22.0,31.0,49.0,105.0,58.0,48.0,38.0,27.0,866.0,17,031,710700,3,170317107003
40.0,39.0,68.0,14.0,30.0,19.0,13.0,15.0,25.0,70.0,62.0,101.0,74.0,62.0,59.0,34.0,725.0,17,031,710700,4,170317107004
41.0,4.0,9.0,17.0,10.0,6.0,35.0,11.0,65.0,84.0,32.0,50.0,22.0,14.0,15.0,8.0,423.0,17,031,710800,1,170317108001
132.0,18.0,28.0,19.0,39.0,15.0,19.0,90.0,50.0,32.0,98.0,111.0,91.0,28.0,27.0,23.0,820.0,17,031,710800,2,170317108002
50.0,26.0,36.0,43.0,28.0,34.0,154.0,26.0,99.0,96.0,316.0,204.0,117.0,49.0,141.0,52.0,1471.0,17,031,710800,3,170317108003
110.0,55.0,55.0,124.0,58.0,26.0,85.0,29.0,19.0,38.0,72.0,87.0,43.0,67.0,32.0,36.0,936.0,17,031,710800,4,170317108004
57.0,27.0,45.0,82.0,40.0,48.0,37.0,28.0,10.0,23.0,26.0,45.0,36.0,16.0,25.0,26.0,571.0,17,031,710800,5,170317108005
46.0,18.0,32.0,56.0,16.0,22.0,15.0,34.0,16.0,69.0,122.0,107.0,46.0,22.0,26.0,23.0,670.0,17,031,710800,6,170317108006
162.0,48.0,55.0,107.0,73.0,30.0,31.0,36.0,22.0,38.0,61.0,48.0,65.0,32.0,28.0,35.0,871.0,17,031,710900,1,170317109001
278.0,82.0,124.0,112.0,44.0,46.0,86.0,78.0,41.0,91.0,114.0,129.0,95.0,90.0,92.0,102.0,1604.0,17,031,710900,2,170317109002
103.0,60.0,120.0,54.0,55.0,62.0,59.0,73.0,45.0,103.0,145.0,111.0,73.0,46.0,40.0,55.0,1204.0,17,031,711000,1,170317110001
205.0,41.0,95.0,118.0,99.0,89.0,56.0,39.0,27.0,198.0,124.0,176.0,74.0,64.0,64.0,60.0,1529.0,17,031,711000,2,170317110002
71.0,37.0,72.0,50.0,83.0,80.0,14.0,24.0,33.0,26.0,34.0,48.0,36.0,19.0,37.0,29.0,693.0,17,031,711000,3,170317110003
146.0,77.0,97.0,114.0,96.0,32.0,83.0,64.0,49.0,124.0,154.0,164.0,123.0,47.0,60.0,48.0,1478.0,17,031,711100,1,170317111001
99.0,64.0,53.0,26.0,31.0,43.0,44.0,81.0,36.0,94.0,104.0,62.0,52.0,75.0,43.0,38.0,945.0,17,031,711100,2,170317111002
43.0,61.0,29.0,49.0,58.0,35.0,94.0,30.0,15.0,33.0,49.0,69.0,61.0,15.0,22.0,30.0,693.0,17,031,711100,3,170317111003
170.0,95.0,144.0,48.0,44.0,101.0,60.0,97.0,61.0,131.0,115.0,125.0,84.0,57.0,63.0,57.0,1452.0,17,031,711200,1,170317112001
88.0,58.0,74.0,64.0,27.0,113.0,38.0,33.0,20.0,67.0,135.0,110.0,45.0,37.0,37.0,41.0,987.0,17,031,711200,2,170317112002
21.0,16.0,46.0,21.0,33.0,15.0,37.0,51.0,22.0,112.0,77.0,66.0,52.0,32.0,31.0,31.0,663.0,17,031,711200,3,170317112003
111.0,45.0,122.0,93.0,84.0,78.0,105.0,93.0,63.0,156.0,228.0,263.0,128.0,98.0,68.0,70.0,1805.0,17,031,711200,4,170317112004
66.0,60.0,21.0,54.0,43.0,36.0,19.0,17.0,16.0,46.0,104.0,65.0,60.0,29.0,33.0,24.0,693.0,17,031,711300,1,170317113001
91.0,58.0,22.0,27.0,20.0,21.0,28.0,37.0,61.0,105.0,85.0,120.0,54.0,34.0,26.0,38.0,827.0,17,031,711300,2,170317113002
151.0,20.0,95.0,87.0,37.0,53.0,87.0,34.0,35.0,118.0,92.0,132.0,52.0,54.0,46.0,42.0,1135.0,17,031,711400,1,170317114001
78.0,24.0,35.0,30.0,23.0,32.0,33.0,21.0,50.0,95.0,43.0,68.0,34.0,22.0,25.0,26.0,639.0,17,031,711400,2,170317114002
96.0,25.0,23.0,37.0,47.0,15.0,21.0,19.0,8.0,13.0,41.0,41.0,26.0,14.0,14.0,16.0,456.0,17,031,711400,3,170317114003
84.0,62.0,71.0,42.0,38.0,68.0,93.0,65.0,75.0,69.0,74.0,122.0,43.0,51.0,37.0,52.0,1046.0,17,031,711500,1,170317115001
79.0,130.0,125.0,82.0,59.0,43.0,43.0,84.0,43.0,102.0,136.0,194.0,89.0,89.0,89.0,79.0,1466.0,17,031,711500,2,170317115002
41.0,25.0,47.0,31.0,29.0,28.0,66.0,28.0,34.0,102.0,96.0,195.0,100.0,31.0,160.0,249.0,1262.0,17,031,720100,1,170317201001
44.0,27.0,31.0,32.0,48.0,37.0,23.0,53.0,30.0,62.0,150.0,186.0,103.0,97.0,157.0,171.0,1251.0,17,031,720100,2,170317201002
45.0,23.0,92.0,34.0,25.0,35.0,46.0,29.0,48.0,61.0,84.0,191.0,54.0,84.0,147.0,154.0,1152.0,17,031,720100,3,170317201003
59.0,11.0,54.0,47.0,26.0,24.0,6.0,61.0,51.0,59.0,69.0,104.0,79.0,61.0,65.0,40.0,816.0,17,031,720200,1,170317202001
88.0,53.0,34.0,66.0,38.0,64.0,65.0,37.0,56.0,75.0,82.0,162.0,122.0,72.0,80.0,49.0,1143.0,17,031,720200,2,170317202002
100.0,53.0,40.0,105.0,131.0,70.0,169.0,142.0,89.0,113.0,223.0,225.0,324.0,123.0,215.0,239.0,2361.0,17,031,720200,3,170317202003
28.0,17.0,27.0,24.0,35.0,20.0,16.0,41.0,21.0,66.0,43.0,70.0,46.0,58.0,191.0,70.0,773.0,17,031,720300,1,170317203001
39.0,35.0,35.0,22.0,24.0,23.0,52.0,11.0,16.0,68.0,79.0,152.0,58.0,66.0,29.0,172.0,881.0,17,031,720300,2,170317203002
50.0,29.0,53.0,56.0,32.0,26.0,38.0,41.0,20.0,44.0,80.0,167.0,192.0,115.0,150.0,94.0,1187.0,17,031,720300,3,170317203003
22.0,11.0,29.0,25.0,20.0,26.0,32.0,41.0,13.0,45.0,74.0,135.0,115.0,50.0,106.0,60.0,804.0,17,031,720300,4,170317203004
40.0,24.0,16.0,31.0,14.0,28.0,23.0,29.0,25.0,23.0,105.0,113.0,108.0,55.0,56.0,51.0,741.0,17,031,720400,1,170317204001
49.0,18.0,23.0,32.0,57.0,70.0,27.0,35.0,60.0,79.0,132.0,198.0,91.0,129.0,116.0,97.0,1213.0,17,031,720400,2,170317204002
39.0,20.0,20.0,12.0,8.0,19.0,25.0,18.0,15.0,60.0,79.0,110.0,81.0,32.0,91.0,83.0,712.0,17,031,720500,1,170317205001
48.0,43.0,54.0,51.0,55.0,58.0,35.0,41.0,32.0,91.0,152.0,225.0,181.0,133.0,129.0,136.0,1464.0,17,031,720500,2,170317205002
65.0,19.0,43.0,27.0,51.0,12.0,42.0,21.0,15.0,73.0,56.0,88.0,76.0,94.0,77.0,112.0,871.0,17,031,720600,1,170317206001
29.0,15.0,38.0,13.0,14.0,16.0,20.0,32.0,13.0,46.0,75.0,139.0,127.0,67.0,98.0,86.0,828.0,17,031,720600,2,170317206002
57.0,68.0,51.0,69.0,40.0,105.0,75.0,64.0,43.0,161.0,148.0,183.0,111.0,64.0,112.0,92.0,1443.0,17,031,720700,1,170317207001
93.0,21.0,65.0,26.0,36.0,30.0,48.0,88.0,59.0,124.0,125.0,211.0,123.0,175.0,86.0,44.0,1354.0,17,031,720700,2,170317207002
35.0,10.0,32.0,15.0,12.0,20.0,36.0,18.0,9.0,76.0,75.0,76.0,55.0,30.0,64.0,56.0,619.0,17,031,720700,3,170317207003
56.0,66.0,45.0,51.0,26.0,35.0,58.0,26.0,8.0,67.0,81.0,51.0,58.0,33.0,24.0,25.0,710.0,17,031,730100,1,170317301001
54.0,35.0,69.0,23.0,63.0,66.0,24.0,43.0,32.0,74.0,59.0,144.0,71.0,23.0,39.0,23.0,842.0,17,031,730100,2,170317301002
55.0,54.0,43.0,60.0,33.0,43.0,65.0,36.0,61.0,56.0,98.0,137.0,98.0,47.0,50.0,33.0,969.0,17,031,730100,3,170317301003
47.0,96.0,67.0,74.0,39.0,114.0,20.0,23.0,24.0,98.0,59.0,103.0,57.0,32.0,26.0,39.0,918.0,17,031,730201,1,170317302011
40.0,65.0,24.0,73.0,90.0,104.0,31.0,15.0,15.0,60.0,73.0,116.0,61.0,25.0,37.0,50.0,879.0,17,031,730201,2,170317302012
190.0,67.0,38.0,24.0,127.0,107.0,72.0,19.0,17.0,130.0,64.0,83.0,72.0,41.0,39.0,41.0,1131.0,17,031,730201,3,170317302013
72.0,82.0,226.0,224.0,124.0,172.0,102.0,132.0,92.0,142.0,114.0,147.0,187.0,59.0,80.0,71.0,2026.0,17,031,730201,4,170317302014
33.0,10.0,40.0,54.0,38.0,38.0,16.0,49.0,86.0,124.0,51.0,87.0,88.0,46.0,26.0,45.0,831.0,17,031,730201,5,170317302015
76.0,53.0,102.0,82.0,72.0,54.0,109.0,23.0,70.0,58.0,84.0,182.0,56.0,31.0,42.0,47.0,1141.0,17,031,730202,1,170317302021
104.0,33.0,119.0,47.0,35.0,199.0,26.0,61.0,26.0,48.0,88.0,232.0,184.0,117.0,69.0,54.0,1442.0,17,031,730202,2,170317302022
52.0,25.0,42.0,59.0,18.0,22.0,20.0,70.0,75.0,46.0,28.0,69.0,59.0,37.0,36.0,23.0,681.0,17,031,730202,3,170317302023
73.0,80.0,56.0,30.0,51.0,42.0,47.0,58.0,20.0,60.0,120.0,127.0,74.0,66.0,39.0,34.0,977.0,17,031,730300,1,170317303001
43.0,25.0,66.0,51.0,53.0,54.0,36.0,13.0,52.0,45.0,114.0,148.0,45.0,34.0,40.0,26.0,845.0,17,031,730400,1,170317304001
91.0,52.0,43.0,45.0,67.0,68.0,69.0,45.0,90.0,134.0,172.0,152.0,137.0,98.0,53.0,62.0,1378.0,17,031,730400,2,170317304002
69.0,29.0,20.0,12.0,27.0,18.0,36.0,10.0,39.0,42.0,88.0,90.0,64.0,37.0,41.0,23.0,645.0,17,031,730400,3,170317304003
60.0,111.0,53.0,22.0,32.0,38.0,17.0,57.0,54.0,75.0,58.0,127.0,72.0,43.0,40.0,34.0,893.0,17,031,730400,4,170317304004
64.0,46.0,46.0,82.0,23.0,50.0,84.0,59.0,93.0,88.0,109.0,112.0,94.0,50.0,59.0,34.0,1093.0,17,031,730500,1,170317305001
120.0,21.0,25.0,26.0,37.0,25.0,81.0,18.0,20.0,60.0,139.0,153.0,47.0,51.0,27.0,26.0,876.0,17,031,730500,2,170317305002
61.0,14.0,37.0,58.0,38.0,24.0,55.0,32.0,77.0,83.0,55.0,100.0,55.0,50.0,26.0,28.0,793.0,17,031,730500,3,170317305003
112.0,60.0,80.0,53.0,123.0,69.0,83.0,92.0,48.0,81.0,172.0,242.0,136.0,77.0,47.0,67.0,1542.0,17,031,730500,4,170317305004
20.0,52.0,39.0,60.0,9.0,14.0,37.0,15.0,12.0,44.0,79.0,120.0,133.0,27.0,83.0,33.0,777.0,17,031,730600,1,170317306001
88.0,68.0,35.0,121.0,24.0,30.0,70.0,49.0,37.0,88.0,110.0,136.0,60.0,31.0,33.0,51.0,1031.0,17,031,730600,2,170317306002
71.0,85.0,80.0,122.0,92.0,56.0,54.0,84.0,48.0,97.0,141.0,182.0,110.0,62.0,69.0,42.0,1395.0,17,031,730600,3,170317306003
72.0,75.0,24.0,101.0,37.0,52.0,25.0,94.0,25.0,41.0,155.0,165.0,103.0,64.0,42.0,33.0,1108.0,17,031,730700,1,170317307001
85.0,96.0,37.0,120.0,71.0,41.0,69.0,29.0,24.0,156.0,81.0,113.0,77.0,46.0,45.0,45.0,1135.0,17,031,730700,2,170317307002
10.0,11.0,25.0,23.0,5.0,25.0,6.0,11.0,23.0,16.0,44.0,82.0,47.0,32.0,85.0,18.0,463.0,17,031,740100,1,170317401001
26.0,6.0,27.0,16.0,22.0,10.0,5.0,4.0,6.0,13.0,50.0,90.0,17.0,14.0,21.0,15.0,342.0,17,031,740100,2,170317401002
42.0,41.0,40.0,36.0,55.0,32.0,18.0,13.0,20.0,55.0,62.0,130.0,157.0,63.0,133.0,47.0,944.0,17,031,740100,3,170317401003
83.0,35.0,41.0,32.0,58.0,20.0,53.0,20.0,25.0,46.0,114.0,117.0,122.0,97.0,127.0,53.0,1043.0,17,031,740100,4,170317401004
56.0,31.0,20.0,32.0,49.0,19.0,75.0,24.0,34.0,79.0,246.0,123.0,121.0,174.0,124.0,93.0,1300.0,17,031,740200,1,170317402001
87.0,33.0,45.0,62.0,23.0,27.0,38.0,14.0,37.0,36.0,55.0,131.0,96.0,135.0,84.0,44.0,947.0,17,031,740200,2,170317402002
105.0,62.0,51.0,28.0,48.0,27.0,27.0,42.0,16.0,68.0,130.0,371.0,140.0,76.0,141.0,55.0,1387.0,17,031,740200,3,170317402003
70.0,66.0,61.0,57.0,67.0,117.0,46.0,51.0,82.0,110.0,179.0,210.0,325.0,298.0,170.0,97.0,2006.0,17,031,740200,4,170317402004
40.0,14.0,63.0,26.0,25.0,16.0,58.0,34.0,30.0,31.0,119.0,159.0,98.0,62.0,65.0,36.0,876.0,17,031,740300,1,170317403001
41.0,34.0,26.0,38.0,22.0,34.0,79.0,29.0,33.0,101.0,122.0,170.0,179.0,80.0,95.0,61.0,1144.0,17,031,740300,2,170317403002
34.0,32.0,22.0,20.0,16.0,86.0,45.0,28.0,35.0,66.0,113.0,71.0,52.0,125.0,87.0,57.0,889.0,17,031,740300,3,170317403003
17.0,13.0,19.0,17.0,18.0,17.0,20.0,8.0,11.0,19.0,26.0,108.0,80.0,64.0,30.0,23.0,490.0,17,031,740300,4,170317403004
52.0,39.0,24.0,17.0,35.0,50.0,54.0,31.0,33.0,26.0,91.0,126.0,153.0,64.0,149.0,67.0,1011.0,17,031,740300,5,170317403005
23.0,33.0,27.0,10.0,8.0,10.0,13.0,29.0,20.0,42.0,69.0,88.0,121.0,57.0,46.0,15.0,611.0,17,031,740400,1,170317404001
43.0,34.0,31.0,42.0,43.0,37.0,64.0,59.0,14.0,52.0,196.0,141.0,121.0,58.0,45.0,91.0,1071.0,17,031,740400,2,170317404002
118.0,59.0,76.0,66.0,52.0,80.0,72.0,132.0,84.0,181.0,260.0,298.0,303.0,123.0,131.0,169.0,2204.0,17,031,740400,3,170317404003
69.0,28.0,27.0,57.0,40.0,20.0,23.0,18.0,17.0,56.0,55.0,129.0,143.0,42.0,91.0,77.0,892.0,17,031,740400,4,170317404004
60.0,58.0,22.0,47.0,31.0,48.0,44.0,32.0,25.0,33.0,89.0,157.0,112.0,47.0,83.0,36.0,924.0,17,031,750100,1,170317501001
72.0,52.0,69.0,50.0,34.0,48.0,37.0,31.0,29.0,75.0,91.0,188.0,88.0,33.0,88.0,34.0,1019.0,17,031,750100,2,170317501002
118.0,110.0,68.0,23.0,14.0,33.0,16.0,34.0,40.0,72.0,56.0,133.0,44.0,37.0,33.0,51.0,882.0,17,031,750100,3,170317501003
126.0,50.0,49.0,157.0,102.0,108.0,32.0,38.0,103.0,136.0,174.0,186.0,99.0,73.0,79.0,48.0,1560.0,17,031,750100,4,170317501004
22.0,11.0,11.0,22.0,43.0,58.0,17.0,18.0,26.0,106.0,121.0,74.0,88.0,42.0,29.0,37.0,725.0,17,031,750200,1,170317502001
72.0,30.0,41.0,59.0,22.0,25.0,21.0,19.0,14.0,26.0,72.0,83.0,85.0,24.0,78.0,28.0,699.0,17,031,750200,2,170317502002
48.0,15.0,28.0,13.0,18.0,15.0,18.0,13.0,12.0,88.0,41.0,135.0,42.0,39.0,82.0,124.0,731.0,17,031,750200,3,170317502003
37.0,23.0,30.0,59.0,22.0,16.0,40.0,49.0,11.0,68.0,49.0,116.0,49.0,33.0,37.0,55.0,694.0,17,031,750200,4,170317502004
20.0,23.0,18.0,19.0,20.0,20.0,31.0,13.0,21.0,64.0,46.0,115.0,99.0,76.0,66.0,35.0,686.0,17,031,750300,1,170317503001
54.0,36.0,33.0,48.0,76.0,19.0,59.0,32.0,26.0,54.0,68.0,181.0,68.0,58.0,77.0,60.0,949.0,17,031,750300,2,170317503002
28.0,17.0,61.0,43.0,29.0,21.0,46.0,36.0,72.0,86.0,60.0,135.0,107.0,54.0,155.0,55.0,1005.0,17,031,750300,3,170317503003
64.0,47.0,43.0,83.0,58.0,38.0,37.0,43.0,36.0,92.0,190.0,229.0,157.0,74.0,123.0,95.0,1409.0,17,031,750400,1,170317504001
44.0,43.0,23.0,31.0,57.0,27.0,55.0,35.0,19.0,40.0,111.0,216.0,76.0,33.0,91.0,116.0,1017.0,17,031,750400,2,170317504002
21.0,20.0,18.0,24.0,22.0,21.0,25.0,29.0,40.0,48.0,82.0,128.0,68.0,84.0,70.0,40.0,740.0,17,031,750400,3,170317504003
91.0,75.0,38.0,108.0,70.0,27.0,44.0,40.0,49.0,82.0,149.0,174.0,143.0,45.0,39.0,69.0,1243.0,17,031,750500,1,170317505001
35.0,26.0,18.0,32.0,26.0,29.0,107.0,20.0,32.0,85.0,55.0,109.0,187.0,132.0,61.0,42.0,996.0,17,031,750500,2,170317505002
239.0,64.0,124.0,104.0,112.0,98.0,78.0,174.0,108.0,167.0,130.0,234.0,270.0,72.0,74.0,74.0,2122.0,17,031,750500,3,170317505003
81.0,137.0,144.0,65.0,80.0,76.0,41.0,52.0,37.0,137.0,118.0,291.0,191.0,77.0,63.0,59.0,1649.0,17,031,750500,4,170317505004
99.0,48.0,44.0,25.0,26.0,95.0,22.0,46.0,27.0,69.0,166.0,132.0,111.0,70.0,42.0,58.0,1080.0,17,031,750600,1,170317506001
32.0,84.0,33.0,43.0,94.0,23.0,19.0,71.0,20.0,31.0,196.0,104.0,47.0,84.0,34.0,40.0,955.0,17,031,750600,2,170317506002
123.0,29.0,59.0,73.0,30.0,63.0,15.0,78.0,30.0,44.0,42.0,153.0,109.0,44.0,90.0,42.0,1024.0,17,031,750600,3,170317506003
65.0,37.0,24.0,54.0,46.0,43.0,21.0,16.0,25.0,29.0,107.0,49.0,40.0,21.0,21.0,25.0,623.0,17,031,750600,4,170317506004
112.0,165.0,80.0,240.0,148.0,128.0,45.0,156.0,76.0,173.0,284.0,429.0,172.0,110.0,128.0,112.0,2558.0,17,031,760801,1,170317608011
108.0,89.0,108.0,134.0,72.0,84.0,127.0,158.0,64.0,88.0,269.0,207.0,96.0,61.0,72.0,96.0,1833.0,17,031,760801,2,170317608012
135.0,145.0,189.0,100.0,115.0,165.0,122.0,47.0,126.0,187.0,221.0,348.0,133.0,139.0,108.0,108.0,2388.0,17,031,760802,1,170317608021
218.0,73.0,44.0,114.0,190.0,66.0,90.0,132.0,41.0,188.0,233.0,326.0,151.0,97.0,71.0,83.0,2117.0,17,031,760803,1,170317608031
228.0,60.0,182.0,88.0,56.0,99.0,76.0,87.0,50.0,143.0,182.0,146.0,97.0,58.0,102.0,54.0,1708.0,17,031,760803,2,170317608032
161.0,107.0,148.0,72.0,118.0,71.0,43.0,46.0,57.0,176.0,178.0,183.0,170.0,110.0,93.0,66.0,1799.0,17,031,760803,3,170317608033
138.0,53.0,110.0,119.0,46.0,89.0,39.0,38.0,71.0,125.0,104.0,364.0,188.0,71.0,58.0,68.0,1681.0,17,031,760803,4,170317608034
54.0,40.0,63.0,59.0,32.0,76.0,31.0,68.0,45.0,128.0,134.0,284.0,152.0,107.0,112.0,63.0,1448.0,17,031,770201,1,170317702011
99.0,84.0,140.0,46.0,77.0,142.0,105.0,89.0,38.0,130.0,231.0,253.0,278.0,246.0,158.0,132.0,2248.0,17,031,770201,2,170317702012
217.0,43.0,144.0,111.0,107.0,92.0,91.0,95.0,90.0,142.0,181.0,213.0,128.0,78.0,82.0,92.0,1906.0,17,031,770201,3,170317702013
87.0,56.0,80.0,90.0,54.0,69.0,147.0,61.0,118.0,166.0,155.0,326.0,154.0,95.0,102.0,61.0,1821.0,17,031,770202,1,170317702021
111.0,47.0,89.0,104.0,73.0,146.0,71.0,39.0,70.0,100.0,168.0,170.0,120.0,89.0,93.0,72.0,1562.0,17,031,770202,2,170317702022
125.0,117.0,58.0,33.0,40.0,60.0,39.0,176.0,20.0,51.0,81.0,154.0,280.0,114.0,76.0,108.0,1532.0,17,031,770202,3,170317702023
39.0,19.0,25.0,12.0,19.0,12.0,23.0,13.0,69.0,35.0,155.0,86.0,58.0,38.0,27.0,38.0,668.0,17,031,770300,1,170317703001
81.0,29.0,69.0,59.0,48.0,65.0,116.0,52.0,104.0,95.0,106.0,236.0,170.0,87.0,136.0,120.0,1573.0,17,031,770300,2,170317703002
61.0,29.0,166.0,65.0,50.0,83.0,30.0,45.0,57.0,131.0,93.0,307.0,118.0,184.0,116.0,60.0,1595.0,17,031,770300,3,170317703003
93.0,49.0,59.0,127.0,158.0,110.0,59.0,130.0,102.0,175.0,182.0,264.0,144.0,99.0,89.0,69.0,1909.0,17,031,770300,4,170317703004
46.0,93.0,72.0,36.0,37.0,48.0,31.0,70.0,43.0,154.0,208.0,174.0,214.0,123.0,88.0,66.0,1503.0,17,031,770300,5,170317703005
86.0,81.0,42.0,145.0,47.0,71.0,56.0,72.0,74.0,164.0,183.0,218.0,182.0,96.0,71.0,89.0,1677.0,17,031,770400,1,170317704001
84.0,36.0,99.0,151.0,37.0,81.0,122.0,35.0,52.0,94.0,128.0,223.0,153.0,94.0,81.0,116.0,1586.0,17,031,770400,2,170317704002
104.0,69.0,33.0,60.0,84.0,85.0,53.0,97.0,68.0,133.0,141.0,234.0,110.0,62.0,50.0,48.0,1431.0,17,031,770400,3,170317704003
169.0,201.0,185.0,173.0,231.0,111.0,93.0,156.0,155.0,522.0,317.0,416.0,319.0,124.0,106.0,110.0,3388.0,17,031,770500,1,170317705001
36.0,96.0,16.0,33.0,123.0,18.0,35.0,38.0,14.0,28.0,52.0,42.0,29.0,55.0,27.0,31.0,673.0,17,031,770500,2,170317705002
45.0,43.0,38.0,54.0,32.0,35.0,43.0,84.0,16.0,76.0,151.0,264.0,113.0,55.0,52.0,48.0,1149.0,17,031,770601,1,170317706011
32.0,39.0,21.0,75.0,49.0,20.0,48.0,76.0,19.0,91.0,55.0,110.0,53.0,79.0,34.0,92.0,893.0,17,031,770601,2,170317706012
42.0,21.0,41.0,72.0,34.0,35.0,34.0,23.0,18.0,69.0,144.0,106.0,91.0,65.0,29.0,39.0,863.0,17,031,770601,3,170317706013
70.0,110.0,129.0,95.0,107.0,89.0,80.0,40.0,78.0,165.0,255.0,121.0,114.0,83.0,81.0,117.0,1734.0,17,031,770602,1,170317706021
104.0,100.0,30.0,161.0,127.0,26.0,32.0,32.0,89.0,173.0,169.0,166.0,92.0,48.0,46.0,53.0,1448.0,17,031,770602,2,170317706022
34.0,66.0,40.0,42.0,49.0,51.0,39.0,24.0,26.0,117.0,274.0,181.0,160.0,106.0,79.0,76.0,1364.0,17,031,770602,3,170317706023
62.0,24.0,42.0,58.0,22.0,58.0,49.0,56.0,42.0,100.0,87.0,96.0,51.0,26.0,30.0,29.0,832.0,17,031,770700,1,170317707001
83.0,68.0,129.0,67.0,111.0,65.0,71.0,63.0,87.0,98.0,194.0,237.0,131.0,98.0,112.0,131.0,1745.0,17,031,770700,2,170317707002
82.0,75.0,159.0,220.0,63.0,58.0,45.0,96.0,89.0,103.0,321.0,221.0,100.0,90.0,155.0,126.0,2003.0,17,031,770800,1,170317708001
192.0,119.0,212.0,155.0,215.0,205.0,176.0,137.0,309.0,349.0,418.0,500.0,263.0,215.0,221.0,153.0,3839.0,17,031,770800,2,170317708002
33.0,18.0,52.0,139.0,56.0,26.0,11.0,30.0,50.0,98.0,92.0,150.0,63.0,94.0,35.0,61.0,1008.0,17,031,770901,1,170317709011
99.0,25.0,93.0,45.0,42.0,93.0,81.0,65.0,21.0,68.0,83.0,130.0,143.0,84.0,93.0,61.0,1226.0,17,031,770901,2,170317709012
95.0,47.0,80.0,26.0,44.0,26.0,24.0,19.0,51.0,57.0,76.0,126.0,182.0,32.0,45.0,20.0,950.0,17,031,770901,3,170317709013
75.0,81.0,91.0,138.0,119.0,118.0,78.0,94.0,81.0,118.0,210.0,232.0,243.0,98.0,141.0,107.0,2024.0,17,031,770901,4,170317709014
105.0,61.0,156.0,68.0,50.0,84.0,88.0,98.0,82.0,125.0,198.0,195.0,121.0,79.0,94.0,64.0,1668.0,17,031,770902,1,170317709021
92.0,55.0,113.0,47.0,71.0,84.0,77.0,37.0,54.0,150.0,203.0,235.0,173.0,109.0,72.0,102.0,1674.0,17,031,770902,2,170317709022
36.0,61.0,27.0,31.0,27.0,46.0,21.0,43.0,29.0,54.0,62.0,105.0,97.0,59.0,101.0,392.0,1191.0,17,031,800100,1,170318001001
53.0,25.0,25.0,40.0,48.0,51.0,33.0,39.0,27.0,94.0,77.0,127.0,130.0,106.0,151.0,366.0,1392.0,17,031,800100,2,170318001002
52.0,50.0,56.0,26.0,23.0,38.0,36.0,29.0,25.0,76.0,70.0,106.0,105.0,132.0,113.0,348.0,1285.0,17,031,800200,1,170318002001
80.0,32.0,29.0,42.0,86.0,34.0,55.0,27.0,84.0,37.0,101.0,164.0,77.0,32.0,125.0,287.0,1292.0,17,031,800200,2,170318002002
34.0,15.0,11.0,18.0,13.0,18.0,30.0,16.0,23.0,29.0,35.0,84.0,32.0,29.0,73.0,199.0,659.0,17,031,800200,3,170318002003
60.0,21.0,21.0,32.0,22.0,22.0,76.0,21.0,25.0,58.0,62.0,133.0,104.0,65.0,149.0,134.0,1005.0,17,031,800200,4,170318002004
41.0,29.0,20.0,35.0,21.0,53.0,22.0,70.0,16.0,64.0,83.0,139.0,176.0,51.0,102.0,192.0,1114.0,17,031,800200,5,170318002005
61.0,17.0,20.0,19.0,23.0,23.0,47.0,20.0,22.0,36.0,62.0,71.0,54.0,20.0,132.0,221.0,848.0,17,031,800200,6,170318002006
48.0,20.0,44.0,68.0,61.0,33.0,22.0,73.0,25.0,105.0,84.0,128.0,64.0,106.0,96.0,205.0,1182.0,17,031,800300,1,170318003001
21.0,16.0,23.0,15.0,17.0,13.0,23.0,14.0,8.0,21.0,40.0,38.0,56.0,56.0,65.0,66.0,492.0,17,031,800300,2,170318003002
63.0,32.0,44.0,62.0,50.0,63.0,45.0,41.0,22.0,83.0,77.0,152.0,163.0,96.0,89.0,536.0,1618.0,17,031,800300,3,170318003003
47.0,20.0,31.0,32.0,34.0,27.0,31.0,30.0,17.0,41.0,71.0,103.0,100.0,50.0,90.0,373.0,1097.0,17,031,800400,1,170318004001
67.0,37.0,32.0,64.0,48.0,53.0,91.0,54.0,49.0,102.0,120.0,97.0,103.0,53.0,156.0,364.0,1490.0,17,031,800400,2,170318004002
70.0,28.0,35.0,40.0,29.0,43.0,25.0,30.0,21.0,34.0,79.0,106.0,80.0,53.0,81.0,364.0,1118.0,17,031,800400,3,170318004003
53.0,15.0,44.0,24.0,39.0,39.0,26.0,41.0,12.0,38.0,48.0,49.0,114.0,64.0,58.0,166.0,830.0,17,031,800500,1,170318005001
48.0,47.0,42.0,26.0,29.0,28.0,30.0,34.0,31.0,46.0,70.0,92.0,113.0,59.0,111.0,283.0,1089.0,17,031,800500,2,170318005002
31.0,32.0,42.0,31.0,27.0,27.0,22.0,16.0,23.0,56.0,78.0,61.0,150.0,38.0,68.0,336.0,1038.0,17,031,800500,3,170318005003
50.0,33.0,36.0,51.0,46.0,35.0,20.0,48.0,38.0,50.0,74.0,124.0,74.0,76.0,85.0,424.0,1264.0,17,031,800500,4,170318005004
73.0,28.0,26.0,31.0,30.0,25.0,18.0,37.0,20.0,96.0,43.0,91.0,68.0,31.0,57.0,338.0,1012.0,17,031,800500,5,170318005005
54.0,19.0,36.0,43.0,35.0,34.0,34.0,62.0,27.0,85.0,103.0,200.0,159.0,76.0,100.0,439.0,1506.0,17,031,800600,1,170318006001
42.0,26.0,28.0,50.0,28.0,24.0,21.0,37.0,29.0,54.0,81.0,128.0,134.0,56.0,107.0,235.0,1080.0,17,031,800600,2,170318006002
29.0,23.0,18.0,36.0,21.0,19.0,10.0,14.0,19.0,57.0,56.0,67.0,45.0,36.0,45.0,205.0,700.0,17,031,800700,1,170318007001
88.0,35.0,70.0,48.0,78.0,63.0,73.0,61.0,57.0,120.0,179.0,177.0,244.0,138.0,269.0,456.0,2156.0,17,031,800700,2,170318007002
43.0,20.0,20.0,19.0,22.0,25.0,38.0,38.0,37.0,50.0,57.0,117.0,62.0,58.0,56.0,226.0,888.0,17,031,800700,3,170318007003
42.0,19.0,26.0,30.0,24.0,48.0,36.0,58.0,42.0,97.0,140.0,143.0,95.0,87.0,116.0,223.0,1226.0,17,031,800700,4,170318007004
97.0,61.0,74.0,85.0,50.0,83.0,105.0,93.0,77.0,181.0,218.0,220.0,189.0,184.0,149.0,283.0,2149.0,17,031,800800,1,170318008001
43.0,34.0,40.0,54.0,41.0,70.0,78.0,52.0,28.0,73.0,137.0,118.0,127.0,127.0,162.0,304.0,1488.0,17,031,800900,1,170318009001
26.0,8.0,29.0,28.0,13.0,35.0,19.0,22.0,11.0,21.0,61.0,58.0,43.0,17.0,49.0,71.0,511.0,17,031,800900,2,170318009002
40.0,38.0,36.0,34.0,42.0,28.0,39.0,47.0,37.0,67.0,162.0,232.0,145.0,128.0,168.0,164.0,1407.0,17,031,800900,3,170318009003
49.0,36.0,54.0,94.0,37.0,47.0,65.0,23.0,22.0,120.0,69.0,156.0,82.0,136.0,68.0,97.0,1155.0,17,031,800900,4,170318009004
19.0,33.0,10.0,17.0,16.0,33.0,24.0,45.0,12.0,75.0,49.0,86.0,75.0,24.0,37.0,97.0,652.0,17,031,801000,1,170318010001
99.0,32.0,30.0,56.0,35.0,38.0,30.0,68.0,20.0,70.0,126.0,114.0,138.0,54.0,133.0,117.0,1160.0,17,031,801000,2,170318010002
61.0,46.0,53.0,41.0,54.0,54.0,60.0,41.0,47.0,171.0,101.0,190.0,108.0,88.0,86.0,135.0,1336.0,17,031,801000,3,170318010003
96.0,34.0,31.0,51.0,76.0,59.0,30.0,59.0,31.0,77.0,91.0,190.0,174.0,167.0,178.0,287.0,1631.0,17,031,801000,4,170318010004
43.0,10.0,16.0,14.0,13.0,19.0,15.0,17.0,12.0,69.0,68.0,115.0,44.0,36.0,61.0,166.0,718.0,17,031,801100,1,170318011001
35.0,14.0,18.0,34.0,17.0,30.0,71.0,76.0,12.0,77.0,84.0,65.0,73.0,37.0,48.0,176.0,867.0,17,031,801100,2,170318011002
49.0,30.0,33.0,41.0,47.0,63.0,37.0,49.0,27.0,91.0,105.0,99.0,145.0,103.0,135.0,225.0,1279.0,17,031,801100,3,170318011003
72.0,38.0,76.0,44.0,33.0,97.0,48.0,51.0,36.0,120.0,109.0,175.0,220.0,51.0,183.0,374.0,1727.0,17,031,801100,4,170318011004
78.0,36.0,44.0,43.0,24.0,58.0,34.0,40.0,37.0,79.0,75.0,145.0,176.0,113.0,89.0,404.0,1475.0,17,031,801200,1,170318012001
78.0,17.0,11.0,18.0,10.0,12.0,14.0,19.0,11.0,41.0,49.0,53.0,33.0,39.0,34.0,237.0,676.0,17,031,801200,2,170318012002
62.0,24.0,38.0,32.0,64.0,74.0,65.0,38.0,42.0,73.0,94.0,131.0,96.0,112.0,63.0,266.0,1274.0,17,031,801200,3,170318012003
54.0,14.0,28.0,20.0,16.0,36.0,53.0,34.0,35.0,46.0,45.0,116.0,103.0,41.0,83.0,170.0,894.0,17,031,801300,1,170318013001
74.0,30.0,39.0,41.0,49.0,30.0,23.0,28.0,36.0,141.0,115.0,161.0,75.0,90.0,62.0,246.0,1240.0,17,031,801300,2,170318013002
35.0,31.0,19.0,19.0,27.0,20.0,17.0,48.0,31.0,32.0,61.0,131.0,87.0,58.0,98.0,276.0,990.0,17,031,801300,3,170318013003
68.0,56.0,52.0,39.0,36.0,29.0,27.0,64.0,52.0,71.0,133.0,205.0,80.0,48.0,187.0,225.0,1372.0,17,031,801300,4,170318013004
44.0,34.0,55.0,81.0,39.0,32.0,51.0,58.0,53.0,85.0,128.0,169.0,143.0,111.0,185.0,218.0,1486.0,17,031,801400,1,170318014001
51.0,85.0,48.0,39.0,36.0,75.0,41.0,54.0,31.0,124.0,160.0,179.0,179.0,151.0,143.0,117.0,1513.0,17,031,801400,2,170318014002
115.0,69.0,56.0,109.0,123.0,120.0,85.0,74.0,32.0,86.0,205.0,245.0,156.0,113.0,168.0,182.0,1938.0,17,031,801500,1,170318015001
88.0,45.0,98.0,73.0,54.0,75.0,140.0,66.0,49.0,138.0,183.0,219.0,214.0,161.0,280.0,567.0,2450.0,17,031,801500,2,170318015002
145.0,56.0,82.0,107.0,142.0,80.0,42.0,49.0,31.0,126.0,118.0,222.0,182.0,90.0,244.0,193.0,1909.0,17,031,801500,3,170318015003
96.0,88.0,90.0,67.0,103.0,86.0,55.0,129.0,44.0,133.0,203.0,229.0,251.0,203.0,210.0,316.0,2303.0,17,031,801601,1,170318016011
68.0,35.0,62.0,102.0,47.0,73.0,47.0,90.0,52.0,133.0,183.0,270.0,216.0,98.0,129.0,258.0,1863.0,17,031,801601,2,170318016012
49.0,31.0,34.0,40.0,35.0,45.0,42.0,16.0,41.0,100.0,187.0,150.0,150.0,39.0,77.0,99.0,1135.0,17,031,801603,1,170318016031
196.0,108.0,109.0,162.0,181.0,157.0,225.0,97.0,66.0,202.0,239.0,223.0,230.0,110.0,124.0,142.0,2571.0,17,031,801603,2,170318016032
68.0,65.0,68.0,55.0,37.0,45.0,70.0,60.0,28.0,98.0,90.0,158.0,146.0,63.0,86.0,150.0,1287.0,17,031,801605,1,170318016051
51.0,18.0,51.0,36.0,18.0,110.0,22.0,19.0,35.0,77.0,85.0,91.0,61.0,76.0,38.0,193.0,981.0,17,031,801605,2,170318016052
67.0,35.0,102.0,44.0,53.0,87.0,89.0,33.0,58.0,69.0,117.0,200.0,113.0,132.0,184.0,169.0,1552.0,17,031,801605,3,170318016053
27.0,30.0,37.0,16.0,47.0,24.0,18.0,23.0,17.0,34.0,71.0,65.0,80.0,92.0,96.0,120.0,797.0,17,031,801605,4,170318016054
25.0,16.0,27.0,8.0,19.0,15.0,17.0,25.0,19.0,36.0,40.0,118.0,59.0,48.0,102.0,204.0,778.0,17,031,801605,5,170318016055
20.0,39.0,51.0,14.0,13.0,17.0,13.0,10.0,7.0,27.0,50.0,76.0,39.0,54.0,74.0,164.0,668.0,17,031,801606,1,170318016061
38.0,22.0,39.0,43.0,30.0,38.0,20.0,36.0,32.0,45.0,80.0,94.0,133.0,80.0,220.0,154.0,1104.0,17,031,801606,2,170318016062
48.0,33.0,79.0,64.0,60.0,34.0,34.0,50.0,26.0,63.0,74.0,207.0,154.0,142.0,183.0,205.0,1456.0,17,031,801606,3,170318016063
41.0,59.0,58.0,27.0,24.0,27.0,24.0,37.0,19.0,63.0,48.0,122.0,94.0,155.0,101.0,109.0,1008.0,17,031,801606,4,170318016064
86.0,40.0,63.0,75.0,55.0,51.0,56.0,80.0,45.0,85.0,190.0,201.0,160.0,76.0,124.0,182.0,1569.0,17,031,801606,5,170318016065
56.0,59.0,29.0,38.0,78.0,62.0,25.0,82.0,38.0,125.0,72.0,161.0,118.0,133.0,128.0,231.0,1435.0,17,031,801607,1,170318016071
71.0,35.0,22.0,62.0,102.0,45.0,40.0,32.0,64.0,105.0,104.0,181.0,142.0,137.0,44.0,50.0,1236.0,17,031,801607,2,170318016072
108.0,94.0,94.0,151.0,54.0,64.0,108.0,138.0,130.0,138.0,202.0,285.0,225.0,240.0,222.0,389.0,2642.0,17,031,801607,3,170318016073
57.0,34.0,69.0,53.0,72.0,99.0,64.0,33.0,44.0,89.0,115.0,143.0,134.0,114.0,145.0,155.0,1420.0,17,031,801608,1,170318016081
89.0,25.0,53.0,111.0,93.0,43.0,34.0,64.0,41.0,66.0,117.0,125.0,148.0,59.0,86.0,132.0,1286.0,17,031,801608,2,170318016082
85.0,18.0,44.0,30.0,45.0,22.0,24.0,22.0,29.0,54.0,63.0,122.0,50.0,45.0,100.0,206.0,959.0,17,031,801608,3,170318016083
108.0,55.0,60.0,160.0,77.0,111.0,69.0,157.0,46.0,179.0,184.0,219.0,218.0,222.0,196.0,455.0,2516.0,17,031,801608,4,170318016084
100.0,60.0,54.0,79.0,42.0,44.0,37.0,75.0,49.0,98.0,160.0,235.0,172.0,183.0,198.0,317.0,1903.0,17,031,801701,1,170318017011
58.0,33.0,39.0,53.0,45.0,46.0,91.0,54.0,39.0,84.0,90.0,220.0,146.0,166.0,179.0,339.0,1682.0,17,031,801701,2,170318017012
58.0,45.0,53.0,33.0,36.0,46.0,35.0,39.0,32.0,65.0,104.0,139.0,141.0,127.0,227.0,245.0,1425.0,17,031,801702,1,170318017021
49.0,32.0,55.0,35.0,31.0,46.0,42.0,34.0,33.0,95.0,102.0,205.0,146.0,62.0,108.0,203.0,1278.0,17,031,801702,2,170318017022
126.0,48.0,48.0,41.0,74.0,74.0,68.0,55.0,48.0,81.0,142.0,140.0,112.0,124.0,164.0,169.0,1514.0,17,031,801702,3,170318017023
42.0,15.0,13.0,37.0,32.0,11.0,14.0,14.0,5.0,35.0,93.0,47.0,63.0,72.0,33.0,132.0,658.0,17,031,801702,4,170318017024
70.0,51.0,79.0,57.0,51.0,36.0,38.0,41.0,53.0,137.0,137.0,171.0,229.0,134.0,86.0,223.0,1593.0,17,031,801800,1,170318018001
39.0,28.0,32.0,30.0,24.0,37.0,31.0,53.0,45.0,39.0,104.0,150.0,71.0,91.0,88.0,220.0,1082.0,17,031,801800,2,170318018002
65.0,47.0,35.0,42.0,40.0,38.0,79.0,33.0,123.0,62.0,135.0,144.0,147.0,78.0,120.0,317.0,1505.0,17,031,801800,3,170318018003
54.0,38.0,54.0,34.0,37.0,34.0,38.0,53.0,44.0,79.0,131.0,157.0,130.0,73.0,115.0,106.0,1177.0,17,031,801800,4,170318018004
71.0,79.0,95.0,57.0,88.0,85.0,84.0,100.0,95.0,170.0,236.0,294.0,200.0,141.0,128.0,164.0,2087.0,17,031,801901,1,170318019011
63.0,62.0,90.0,66.0,53.0,60.0,46.0,57.0,88.0,89.0,116.0,199.0,140.0,83.0,71.0,126.0,1409.0,17,031,801901,2,170318019012
30.0,14.0,31.0,30.0,23.0,18.0,33.0,73.0,9.0,33.0,33.0,99.0,26.0,32.0,38.0,175.0,697.0,17,031,801901,3,170318019013
31.0,27.0,18.0,17.0,41.0,37.0,16.0,41.0,34.0,47.0,81.0,91.0,114.0,121.0,63.0,253.0,1032.0,17,031,801902,1,170318019021
61.0,22.0,34.0,57.0,59.0,41.0,36.0,34.0,43.0,110.0,94.0,109.0,165.0,105.0,92.0,383.0,1445.0,17,031,801902,2,170318019022
26.0,35.0,23.0,83.0,28.0,27.0,29.0,36.0,36.0,60.0,89.0,74.0,55.0,41.0,55.0,140.0,837.0,17,031,801902,3,170318019023
102.0,53.0,83.0,94.0,176.0,91.0,93.0,63.0,110.0,195.0,219.0,418.0,342.0,192.0,259.0,326.0,2816.0,17,031,802002,1,170318020021
81.0,57.0,83.0,69.0,93.0,88.0,114.0,63.0,55.0,125.0,293.0,335.0,208.0,166.0,217.0,302.0,2349.0,17,031,802002,2,170318020022
122.0,96.0,117.0,75.0,94.0,145.0,98.0,101.0,112.0,187.0,172.0,378.0,344.0,158.0,261.0,306.0,2766.0,17,031,802003,1,170318020031
34.0,20.0,28.0,19.0,38.0,47.0,49.0,42.0,35.0,89.0,134.0,115.0,48.0,21.0,24.0,26.0,769.0,17,031,802004,1,170318020041
110.0,40.0,305.0,74.0,34.0,140.0,83.0,32.0,141.0,68.0,99.0,110.0,75.0,67.0,116.0,69.0,1563.0,17,031,802004,2,170318020042
126.0,52.0,81.0,120.0,50.0,44.0,90.0,60.0,66.0,145.0,154.0,202.0,185.0,134.0,142.0,152.0,1803.0,17,031,802004,3,170318020043
130.0,35.0,52.0,29.0,96.0,83.0,26.0,88.0,49.0,126.0,152.0,175.0,96.0,40.0,39.0,49.0,1265.0,17,031,802004,4,170318020044
19.0,36.0,24.0,18.0,47.0,14.0,33.0,15.0,17.0,35.0,47.0,59.0,67.0,60.0,88.0,129.0,708.0,17,031,802100,1,170318021001
36.0,56.0,16.0,20.0,17.0,16.0,15.0,45.0,35.0,40.0,107.0,75.0,79.0,32.0,162.0,97.0,848.0,17,031,802100,2,170318021002
51.0,36.0,75.0,60.0,60.0,82.0,53.0,72.0,41.0,99.0,137.0,280.0,136.0,99.0,149.0,327.0,1757.0,17,031,802100,3,170318021003
47.0,21.0,39.0,79.0,33.0,43.0,27.0,39.0,26.0,47.0,90.0,103.0,68.0,64.0,123.0,318.0,1167.0,17,031,802200,1,170318022001
104.0,36.0,38.0,83.0,57.0,39.0,50.0,41.0,85.0,88.0,76.0,135.0,135.0,83.0,65.0,151.0,1266.0,17,031,802200,2,170318022002
65.0,71.0,48.0,47.0,41.0,119.0,49.0,80.0,51.0,103.0,123.0,230.0,116.0,130.0,166.0,281.0,1720.0,17,031,802200,3,170318022003
393.0,162.0,193.0,212.0,185.0,268.0,129.0,135.0,108.0,358.0,470.0,564.0,385.0,272.0,365.0,919.0,5118.0,17,031,802300,1,170318023001
67.0,68.0,192.0,86.0,65.0,100.0,71.0,66.0,40.0,144.0,176.0,183.0,94.0,77.0,125.0,91.0,1645.0,17,031,802402,1,170318024021
45.0,54.0,45.0,48.0,61.0,56.0,60.0,29.0,51.0,100.0,125.0,178.0,67.0,111.0,140.0,90.0,1260.0,17,031,802402,2,170318024022
163.0,60.0,85.0,35.0,34.0,48.0,35.0,25.0,37.0,87.0,79.0,117.0,96.0,40.0,44.0,70.0,1055.0,17,031,802402,3,170318024023
76.0,26.0,46.0,194.0,60.0,150.0,23.0,29.0,33.0,81.0,132.0,112.0,103.0,73.0,102.0,60.0,1300.0,17,031,802402,4,170318024024
69.0,61.0,35.0,82.0,49.0,61.0,94.0,67.0,71.0,141.0,167.0,169.0,168.0,90.0,60.0,63.0,1447.0,17,031,802403,1,170318024031
166.0,176.0,53.0,74.0,43.0,52.0,71.0,158.0,111.0,277.0,222.0,228.0,191.0,100.0,85.0,103.0,2110.0,17,031,802404,1,170318024041
214.0,80.0,79.0,97.0,185.0,133.0,109.0,131.0,80.0,322.0,212.0,199.0,186.0,87.0,158.0,77.0,2349.0,17,031,802404,2,170318024042
59.0,24.0,12.0,62.0,41.0,79.0,140.0,26.0,33.0,41.0,105.0,100.0,103.0,47.0,78.0,61.0,1011.0,17,031,802404,3,170318024043
153.0,211.0,77.0,90.0,73.0,123.0,65.0,102.0,32.0,152.0,136.0,217.0,107.0,76.0,99.0,65.0,1778.0,17,031,802404,4,170318024044
33.0,48.0,20.0,29.0,24.0,26.0,32.0,23.0,55.0,80.0,117.0,151.0,119.0,74.0,34.0,50.0,915.0,17,031,802503,1,170318025031
165.0,88.0,76.0,82.0,123.0,53.0,46.0,38.0,44.0,206.0,237.0,198.0,172.0,75.0,149.0,65.0,1817.0,17,031,802503,2,170318025032
97.0,50.0,52.0,63.0,49.0,107.0,46.0,55.0,43.0,104.0,234.0,270.0,221.0,160.0,172.0,191.0,1914.0,17,031,802503,3,170318025033
29.0,20.0,33.0,26.0,37.0,111.0,34.0,38.0,20.0,52.0,118.0,103.0,63.0,45.0,30.0,88.0,847.0,17,031,802503,4,170318025034
68.0,69.0,56.0,99.0,62.0,50.0,78.0,72.0,137.0,109.0,187.0,163.0,172.0,127.0,64.0,66.0,1579.0,17,031,802504,1,170318025041
51.0,32.0,43.0,50.0,27.0,61.0,17.0,53.0,20.0,147.0,142.0,257.0,154.0,36.0,43.0,39.0,1172.0,17,031,802504,2,170318025042
85.0,41.0,61.0,84.0,70.0,108.0,91.0,47.0,63.0,224.0,235.0,279.0,219.0,120.0,175.0,202.0,2104.0,17,031,802504,3,170318025043
85.0,47.0,90.0,96.0,61.0,41.0,56.0,42.0,41.0,90.0,173.0,192.0,136.0,216.0,130.0,101.0,1597.0,17,031,802504,4,170318025044
149.0,163.0,76.0,102.0,176.0,188.0,129.0,108.0,82.0,234.0,376.0,452.0,194.0,107.0,110.0,113.0,2759.0,17,031,802505,1,170318025051
25.0,7.0,31.0,17.0,19.0,88.0,14.0,24.0,79.0,74.0,112.0,210.0,39.0,55.0,26.0,33.0,853.0,17,031,802505,2,170318025052
193.0,145.0,111.0,139.0,204.0,142.0,179.0,174.0,140.0,288.0,335.0,432.0,272.0,167.0,162.0,168.0,3251.0,17,031,802505,3,170318025053
52.0,57.0,95.0,58.0,107.0,57.0,90.0,59.0,37.0,157.0,172.0,221.0,101.0,57.0,122.0,63.0,1505.0,17,031,802506,1,170318025061
167.0,27.0,35.0,43.0,114.0,73.0,26.0,57.0,80.0,115.0,110.0,148.0,105.0,57.0,113.0,119.0,1389.0,17,031,802506,2,170318025062
107.0,39.0,58.0,55.0,33.0,97.0,39.0,55.0,88.0,161.0,247.0,191.0,69.0,97.0,196.0,146.0,1678.0,17,031,802605,1,170318026051
50.0,47.0,59.0,77.0,63.0,130.0,69.0,47.0,37.0,128.0,177.0,144.0,83.0,84.0,81.0,61.0,1337.0,17,031,802605,2,170318026052
61.0,23.0,55.0,38.0,77.0,39.0,33.0,45.0,21.0,49.0,110.0,244.0,175.0,144.0,139.0,136.0,1389.0,17,031,802605,3,170318026053
54.0,37.0,37.0,34.0,56.0,31.0,86.0,73.0,22.0,83.0,161.0,317.0,112.0,127.0,131.0,78.0,1439.0,17,031,802605,4,170318026054
74.0,37.0,30.0,57.0,23.0,55.0,45.0,39.0,44.0,113.0,143.0,179.0,130.0,78.0,57.0,122.0,1226.0,17,031,802605,5,170318026055
54.0,22.0,48.0,38.0,65.0,50.0,47.0,73.0,117.0,65.0,162.0,186.0,111.0,52.0,103.0,130.0,1323.0,17,031,802607,1,170318026071
97.0,67.0,52.0,79.0,64.0,90.0,73.0,70.0,39.0,206.0,213.0,170.0,188.0,93.0,78.0,87.0,1666.0,17,031,802608,1,170318026081
126.0,105.0,104.0,186.0,117.0,115.0,98.0,70.0,135.0,204.0,294.0,330.0,244.0,226.0,240.0,174.0,2768.0,17,031,802608,2,170318026082
21.0,12.0,17.0,47.0,32.0,29.0,31.0,20.0,36.0,39.0,177.0,193.0,87.0,111.0,46.0,79.0,977.0,17,031,802608,3,170318026083
51.0,35.0,45.0,50.0,64.0,57.0,56.0,64.0,19.0,59.0,145.0,143.0,107.0,35.0,55.0,50.0,1035.0,17,031,802608,4,170318026084
136.0,49.0,83.0,80.0,110.0,46.0,45.0,103.0,58.0,237.0,279.0,314.0,165.0,123.0,128.0,103.0,2059.0,17,031,802609,1,170318026091
76.0,18.0,22.0,93.0,81.0,15.0,20.0,20.0,12.0,34.0,115.0,170.0,45.0,29.0,26.0,30.0,806.0,17,031,802609,2,170318026092
74.0,79.0,64.0,59.0,78.0,59.0,88.0,47.0,75.0,109.0,206.0,237.0,113.0,48.0,40.0,91.0,1467.0,17,031,802609,3,170318026093
188.0,57.0,78.0,124.0,129.0,150.0,137.0,147.0,120.0,145.0,176.0,292.0,123.0,81.0,87.0,89.0,2123.0,17,031,802609,4,170318026094
56.0,63.0,61.0,72.0,94.0,46.0,46.0,99.0,47.0,65.0,152.0,297.0,171.0,125.0,115.0,100.0,1609.0,17,031,802610,1,170318026101
122.0,40.0,54.0,81.0,210.0,97.0,128.0,88.0,108.0,277.0,409.0,220.0,174.0,82.0,92.0,109.0,2291.0,17,031,802701,1,170318027011
69.0,36.0,68.0,38.0,43.0,34.0,35.0,99.0,70.0,122.0,240.0,370.0,183.0,123.0,141.0,99.0,1770.0,17,031,802701,2,170318027012
36.0,44.0,24.0,38.0,34.0,34.0,14.0,41.0,14.0,31.0,62.0,156.0,145.0,55.0,123.0,42.0,893.0,17,031,802701,3,170318027013
85.0,43.0,53.0,40.0,69.0,36.0,80.0,121.0,33.0,122.0,157.0,214.0,140.0,141.0,204.0,189.0,1727.0,17,031,802701,4,170318027014
110.0,98.0,88.0,80.0,104.0,46.0,62.0,88.0,63.0,137.0,139.0,234.0,134.0,109.0,138.0,112.0,1742.0,17,031,802702,1,170318027021
102.0,104.0,42.0,45.0,61.0,48.0,102.0,94.0,42.0,102.0,133.0,382.0,234.0,128.0,148.0,196.0,1963.0,17,031,802702,2,170318027022
52.0,33.0,23.0,19.0,30.0,42.0,17.0,32.0,14.0,58.0,74.0,103.0,105.0,106.0,85.0,67.0,860.0,17,031,802702,3,170318027023
32.0,13.0,41.0,37.0,34.0,16.0,22.0,42.0,77.0,67.0,80.0,90.0,52.0,40.0,83.0,95.0,821.0,17,031,802801,1,170318028011
91.0,31.0,46.0,134.0,44.0,46.0,59.0,64.0,67.0,67.0,130.0,121.0,170.0,148.0,129.0,103.0,1450.0,17,031,802801,2,170318028012
40.0,29.0,27.0,23.0,19.0,31.0,17.0,16.0,15.0,58.0,148.0,88.0,62.0,36.0,111.0,87.0,807.0,17,031,802801,3,170318028013
50.0,17.0,49.0,33.0,59.0,33.0,30.0,34.0,37.0,60.0,119.0,145.0,77.0,86.0,151.0,86.0,1066.0,17,031,802801,4,170318028014
24.0,25.0,27.0,33.0,34.0,25.0,48.0,57.0,18.0,59.0,55.0,137.0,132.0,108.0,53.0,85.0,920.0,17,031,802801,5,170318028015
51.0,42.0,34.0,33.0,34.0,111.0,34.0,181.0,29.0,99.0,135.0,139.0,256.0,80.0,117.0,57.0,1432.0,17,031,802802,1,170318028021
108.0,27.0,26.0,46.0,30.0,29.0,31.0,98.0,87.0,110.0,94.0,201.0,171.0,69.0,58.0,100.0,1285.0,17,031,802802,2,170318028022
50.0,32.0,71.0,120.0,88.0,67.0,28.0,45.0,14.0,63.0,133.0,191.0,237.0,121.0,82.0,92.0,1434.0,17,031,802802,3,170318028023
31.0,42.0,50.0,52.0,23.0,48.0,20.0,23.0,16.0,110.0,110.0,137.0,85.0,120.0,56.0,77.0,1000.0,17,031,802802,4,170318028024
34.0,30.0,47.0,106.0,66.0,91.0,128.0,43.0,39.0,62.0,80.0,106.0,129.0,94.0,128.0,83.0,1266.0,17,031,802802,5,170318028025
86.0,17.0,17.0,36.0,25.0,56.0,26.0,59.0,30.0,87.0,67.0,99.0,63.0,78.0,78.0,68.0,892.0,17,031,802900,1,170318029001
81.0,75.0,35.0,45.0,34.0,54.0,73.0,20.0,29.0,83.0,96.0,254.0,117.0,101.0,141.0,198.0,1436.0,17,031,802900,2,170318029002
86.0,56.0,79.0,110.0,130.0,117.0,47.0,45.0,96.0,148.0,249.0,246.0,219.0,315.0,135.0,206.0,2284.0,17,031,802900,3,170318029003
59.0,22.0,29.0,41.0,56.0,40.0,26.0,28.0,64.0,68.0,160.0,168.0,136.0,91.0,218.0,151.0,1357.0,17,031,802900,4,170318029004
52.0,17.0,34.0,38.0,34.0,25.0,28.0,67.0,22.0,95.0,72.0,137.0,95.0,63.0,188.0,139.0,1106.0,17,031,803005,1,170318030051
110.0,84.0,81.0,63.0,67.0,80.0,58.0,120.0,65.0,135.0,186.0,208.0,108.0,76.0,86.0,99.0,1626.0,17,031,803005,2,170318030052
62.0,28.0,48.0,77.0,55.0,34.0,25.0,70.0,80.0,134.0,79.0,120.0,161.0,42.0,215.0,116.0,1346.0,17,031,803007,1,170318030071
84.0,20.0,36.0,35.0,24.0,25.0,58.0,27.0,18.0,104.0,106.0,136.0,51.0,213.0,115.0,130.0,1182.0,17,031,803007,2,170318030072
101.0,133.0,123.0,67.0,84.0,92.0,42.0,58.0,74.0,129.0,173.0,251.0,318.0,153.0,276.0,185.0,2259.0,17,031,803007,3,170318030073
78.0,58.0,56.0,45.0,48.0,80.0,30.0,138.0,50.0,141.0,121.0,185.0,218.0,78.0,146.0,136.0,1608.0,17,031,803008,1,170318030081
26.0,26.0,27.0,48.0,38.0,38.0,17.0,34.0,24.0,91.0,57.0,148.0,102.0,93.0,97.0,141.0,1007.0,17,031,803008,2,170318030082
96.0,63.0,59.0,59.0,101.0,72.0,64.0,54.0,70.0,149.0,158.0,243.0,236.0,134.0,161.0,180.0,1899.0,17,031,803008,3,170318030083
22.0,68.0,19.0,43.0,76.0,28.0,36.0,38.0,30.0,22.0,71.0,139.0,75.0,61.0,47.0,71.0,846.0,17,031,803010,1,170318030101
41.0,15.0,13.0,14.0,27.0,25.0,48.0,18.0,33.0,57.0,114.0,45.0,116.0,55.0,47.0,34.0,702.0,17,031,803010,2,170318030102
43.0,20.0,19.0,48.0,23.0,48.0,53.0,34.0,22.0,73.0,82.0,151.0,89.0,143.0,114.0,119.0,1081.0,17,031,803010,3,170318030103
118.0,45.0,49.0,39.0,84.0,53.0,69.0,58.0,48.0,154.0,208.0,251.0,224.0,156.0,181.0,312.0,2049.0,17,031,803010,4,170318030104
79.0,52.0,72.0,102.0,109.0,84.0,97.0,171.0,68.0,178.0,245.0,331.0,232.0,101.0,168.0,220.0,2309.0,17,031,803012,1,170318030121
141.0,87.0,151.0,122.0,148.0,70.0,146.0,150.0,102.0,112.0,197.0,248.0,145.0,110.0,130.0,110.0,2169.0,17,031,803013,1,170318030131
66.0,78.0,76.0,73.0,63.0,68.0,43.0,33.0,37.0,101.0,155.0,368.0,300.0,143.0,119.0,233.0,1956.0,17,031,803013,2,170318030132
33.0,15.0,46.0,45.0,32.0,40.0,22.0,59.0,24.0,68.0,87.0,189.0,142.0,183.0,94.0,42.0,1121.0,17,031,803013,3,170318030133
58.0,59.0,116.0,66.0,54.0,73.0,39.0,109.0,57.0,202.0,221.0,257.0,195.0,108.0,86.0,133.0,1833.0,17,031,803014,1,170318030141
108.0,70.0,126.0,55.0,45.0,80.0,49.0,80.0,42.0,108.0,123.0,181.0,139.0,100.0,78.0,68.0,1452.0,17,031,803014,2,170318030142
67.0,44.0,50.0,66.0,62.0,49.0,50.0,46.0,65.0,147.0,146.0,241.0,216.0,122.0,145.0,153.0,1669.0,17,031,803015,1,170318030151
86.0,159.0,88.0,165.0,80.0,70.0,121.0,53.0,29.0,189.0,136.0,138.0,151.0,114.0,109.0,143.0,1831.0,17,031,803015,2,170318030152
37.0,35.0,32.0,40.0,49.0,35.0,29.0,36.0,23.0,85.0,165.0,182.0,97.0,36.0,57.0,79.0,1017.0,17,031,803015,3,170318030153
122.0,77.0,113.0,60.0,84.0,78.0,94.0,83.0,72.0,159.0,294.0,372.0,220.0,151.0,187.0,177.0,2343.0,17,031,803016,1,170318030161
70.0,36.0,71.0,71.0,41.0,69.0,104.0,113.0,74.0,194.0,144.0,210.0,173.0,171.0,164.0,214.0,1919.0,17,031,803017,1,170318030171
83.0,46.0,93.0,106.0,51.0,90.0,65.0,52.0,66.0,250.0,182.0,377.0,155.0,211.0,233.0,303.0,2363.0,17,031,803017,2,170318030172
93.0,36.0,19.0,92.0,71.0,22.0,18.0,45.0,19.0,132.0,179.0,166.0,65.0,90.0,67.0,48.0,1162.0,17,031,803017,3,170318030173
107.0,46.0,68.0,47.0,51.0,37.0,98.0,69.0,36.0,102.0,205.0,210.0,261.0,151.0,162.0,144.0,1794.0,17,031,803100,1,170318031001
78.0,24.0,40.0,50.0,40.0,61.0,61.0,40.0,68.0,68.0,109.0,238.0,140.0,145.0,142.0,215.0,1519.0,17,031,803100,2,170318031002
89.0,43.0,31.0,66.0,40.0,88.0,67.0,34.0,88.0,94.0,196.0,264.0,151.0,95.0,194.0,135.0,1675.0,17,031,803200,1,170318032001
94.0,108.0,129.0,113.0,130.0,85.0,86.0,86.0,43.0,164.0,292.0,359.0,206.0,114.0,183.0,152.0,2344.0,17,031,803200,2,170318032002
44.0,110.0,51.0,71.0,24.0,75.0,33.0,57.0,63.0,73.0,88.0,144.0,187.0,49.0,119.0,131.0,1319.0,17,031,803200,3,170318032003
98.0,48.0,81.0,140.0,55.0,89.0,125.0,153.0,83.0,174.0,217.0,403.0,209.0,158.0,207.0,167.0,2407.0,17,031,803300,1,170318033001
189.0,122.0,90.0,55.0,78.0,76.0,96.0,49.0,42.0,99.0,92.0,229.0,195.0,130.0,137.0,143.0,1822.0,17,031,803300,2,170318033002
53.0,76.0,79.0,35.0,101.0,91.0,52.0,32.0,81.0,90.0,155.0,169.0,160.0,46.0,161.0,72.0,1453.0,17,031,803300,3,170318033003
69.0,32.0,21.0,69.0,20.0,33.0,24.0,23.0,91.0,162.0,73.0,161.0,53.0,65.0,67.0,71.0,1034.0,17,031,803400,1,170318034001
36.0,11.0,21.0,11.0,13.0,17.0,34.0,15.0,37.0,16.0,47.0,118.0,54.0,43.0,43.0,136.0,652.0,17,031,803400,2,170318034002
21.0,22.0,16.0,81.0,24.0,17.0,17.0,52.0,12.0,19.0,81.0,58.0,72.0,110.0,104.0,103.0,809.0,17,031,803400,3,170318034003
56.0,34.0,39.0,99.0,68.0,38.0,29.0,48.0,42.0,112.0,99.0,212.0,117.0,117.0,274.0,103.0,1487.0,17,031,803400,4,170318034004
25.0,39.0,32.0,41.0,60.0,25.0,19.0,19.0,27.0,75.0,96.0,179.0,103.0,46.0,56.0,187.0,1029.0,17,031,803400,5,170318034005
38.0,30.0,26.0,36.0,42.0,36.0,70.0,53.0,45.0,79.0,77.0,218.0,161.0,106.0,33.0,105.0,1155.0,17,031,803400,6,170318034006
52.0,18.0,76.0,33.0,23.0,12.0,47.0,13.0,17.0,45.0,82.0,79.0,50.0,18.0,70.0,64.0,699.0,17,031,803500,1,170318035001
31.0,20.0,46.0,14.0,20.0,22.0,21.0,18.0,19.0,40.0,100.0,143.0,116.0,147.0,110.0,111.0,978.0,17,031,803500,2,170318035002
59.0,74.0,98.0,82.0,66.0,65.0,41.0,72.0,56.0,130.0,121.0,321.0,122.0,48.0,118.0,85.0,1558.0,17,031,803500,3,170318035003
114.0,41.0,75.0,48.0,48.0,71.0,44.0,83.0,55.0,82.0,286.0,386.0,126.0,123.0,123.0,411.0,2116.0,17,031,803500,4,170318035004
32.0,15.0,20.0,46.0,22.0,24.0,38.0,57.0,19.0,27.0,110.0,60.0,129.0,114.0,124.0,34.0,871.0,17,031,803500,5,170318035005
66.0,64.0,48.0,122.0,117.0,68.0,142.0,66.0,66.0,103.0,216.0,261.0,183.0,135.0,128.0,256.0,2041.0,17,031,803603,1,170318036031
53.0,19.0,51.0,28.0,46.0,38.0,29.0,47.0,23.0,148.0,91.0,144.0,151.0,43.0,142.0,221.0,1274.0,17,031,803603,2,170318036032
99.0,71.0,55.0,62.0,58.0,43.0,82.0,67.0,55.0,125.0,163.0,258.0,300.0,212.0,283.0,266.0,2199.0,17,031,803603,3,170318036033
38.0,22.0,31.0,28.0,26.0,44.0,30.0,56.0,35.0,81.0,71.0,124.0,125.0,105.0,126.0,244.0,1186.0,17,031,803603,4,170318036034
66.0,31.0,46.0,48.0,72.0,38.0,41.0,74.0,41.0,100.0,137.0,165.0,83.0,46.0,48.0,45.0,1081.0,17,031,803604,1,170318036041
42.0,23.0,108.0,22.0,39.0,37.0,53.0,75.0,41.0,94.0,127.0,175.0,207.0,77.0,128.0,82.0,1330.0,17,031,803604,2,170318036042
45.0,31.0,63.0,80.0,35.0,29.0,31.0,25.0,29.0,78.0,131.0,160.0,107.0,75.0,182.0,105.0,1206.0,17,031,803604,3,170318036043
25.0,18.0,25.0,50.0,15.0,20.0,18.0,39.0,16.0,62.0,83.0,111.0,57.0,36.0,122.0,38.0,735.0,17,031,803604,4,170318036044
46.0,41.0,48.0,30.0,39.0,61.0,69.0,43.0,63.0,58.0,167.0,163.0,135.0,108.0,182.0,197.0,1450.0,17,031,803605,1,170318036051
111.0,43.0,26.0,30.0,31.0,46.0,41.0,48.0,28.0,75.0,98.0,91.0,144.0,140.0,187.0,211.0,1350.0,17,031,803605,2,170318036052
42.0,26.0,36.0,55.0,49.0,23.0,50.0,23.0,22.0,50.0,129.0,159.0,217.0,163.0,138.0,69.0,1251.0,17,031,803605,3,170318036053
261.0,159.0,111.0,166.0,76.0,140.0,116.0,88.0,181.0,198.0,565.0,478.0,397.0,108.0,169.0,169.0,3382.0,17,031,803605,4,170318036054
108.0,255.0,221.0,139.0,142.0,112.0,64.0,113.0,85.0,243.0,120.0,209.0,216.0,71.0,79.0,88.0,2265.0,17,031,803606,1,170318036061
159.0,38.0,165.0,126.0,240.0,51.0,145.0,82.0,121.0,299.0,182.0,251.0,168.0,85.0,78.0,92.0,2282.0,17,031,803606,2,170318036062
148.0,243.0,166.0,176.0,211.0,150.0,214.0,170.0,158.0,300.0,325.0,541.0,172.0,104.0,155.0,135.0,3368.0,17,031,803606,3,170318036063
39.0,53.0,133.0,63.0,25.0,61.0,76.0,40.0,62.0,168.0,151.0,155.0,61.0,37.0,59.0,43.0,1226.0,17,031,803606,4,170318036064
19.0,14.0,27.0,17.0,27.0,34.0,23.0,39.0,52.0,60.0,134.0,74.0,165.0,71.0,93.0,74.0,923.0,17,031,803607,1,170318036071
40.0,16.0,23.0,35.0,19.0,31.0,33.0,66.0,16.0,69.0,61.0,142.0,157.0,106.0,80.0,69.0,963.0,17,031,803607,2,170318036072
70.0,44.0,51.0,57.0,54.0,79.0,59.0,90.0,72.0,140.0,175.0,273.0,390.0,147.0,267.0,101.0,2069.0,17,031,803607,3,170318036073
58.0,16.0,27.0,26.0,27.0,33.0,43.0,17.0,18.0,99.0,120.0,192.0,98.0,84.0,114.0,83.0,1055.0,17,031,803607,4,170318036074
117.0,74.0,74.0,87.0,93.0,82.0,86.0,77.0,118.0,153.0,193.0,258.0,214.0,163.0,155.0,779.0,2723.0,17,031,803608,1,170318036081
153.0,97.0,96.0,134.0,87.0,133.0,89.0,126.0,149.0,219.0,400.0,301.0,277.0,115.0,85.0,208.0,2669.0,17,031,803608,2,170318036082
160.0,62.0,58.0,90.0,109.0,95.0,131.0,118.0,99.0,218.0,192.0,401.0,259.0,137.0,134.0,95.0,2358.0,17,031,803608,3,170318036083
80.0,33.0,31.0,49.0,55.0,53.0,36.0,52.0,51.0,82.0,135.0,239.0,250.0,101.0,167.0,173.0,1587.0,17,031,803610,1,170318036101
28.0,21.0,21.0,13.0,17.0,38.0,52.0,25.0,68.0,73.0,172.0,135.0,69.0,48.0,41.0,32.0,853.0,17,031,803610,2,170318036102
88.0,31.0,91.0,44.0,63.0,40.0,75.0,71.0,27.0,195.0,206.0,248.0,157.0,97.0,115.0,91.0,1639.0,17,031,803610,3,170318036103
281.0,83.0,198.0,143.0,99.0,167.0,154.0,137.0,138.0,225.0,313.0,422.0,300.0,146.0,416.0,162.0,3384.0,17,031,803610,4,170318036104
16.0,16.0,10.0,18.0,17.0,50.0,16.0,10.0,5.0,35.0,104.0,111.0,82.0,53.0,21.0,17.0,581.0,17,031,803611,1,170318036111
33.0,16.0,82.0,91.0,29.0,24.0,59.0,80.0,95.0,182.0,84.0,118.0,115.0,64.0,70.0,49.0,1191.0,17,031,803611,2,170318036112
90.0,42.0,63.0,137.0,98.0,34.0,134.0,40.0,97.0,104.0,179.0,242.0,146.0,76.0,147.0,58.0,1687.0,17,031,803611,3,170318036113
18.0,16.0,20.0,16.0,19.0,15.0,24.0,36.0,34.0,62.0,70.0,86.0,49.0,59.0,32.0,19.0,575.0,17,031,803611,4,170318036114
150.0,39.0,100.0,126.0,69.0,42.0,123.0,155.0,68.0,139.0,173.0,176.0,183.0,117.0,72.0,89.0,1821.0,17,031,803611,5,170318036115
111.0,45.0,154.0,127.0,209.0,154.0,114.0,109.0,108.0,186.0,336.0,221.0,109.0,126.0,92.0,73.0,2274.0,17,031,803612,1,170318036121
75.0,40.0,36.0,41.0,35.0,55.0,67.0,106.0,91.0,115.0,122.0,185.0,165.0,68.0,77.0,36.0,1314.0,17,031,803612,2,170318036122
66.0,30.0,20.0,65.0,60.0,24.0,25.0,77.0,47.0,93.0,140.0,98.0,101.0,49.0,81.0,112.0,1088.0,17,031,803701,1,170318037011
91.0,69.0,91.0,57.0,103.0,64.0,45.0,52.0,57.0,89.0,125.0,140.0,141.0,132.0,177.0,120.0,1553.0,17,031,803701,2,170318037012
29.0,38.0,14.0,28.0,32.0,9.0,21.0,22.0,44.0,79.0,111.0,67.0,32.0,57.0,113.0,70.0,766.0,17,031,803702,1,170318037021
139.0,41.0,63.0,38.0,40.0,60.0,70.0,30.0,80.0,92.0,97.0,184.0,154.0,212.0,279.0,201.0,1780.0,17,031,803702,2,170318037022
68.0,70.0,62.0,159.0,119.0,58.0,102.0,108.0,70.0,124.0,179.0,221.0,197.0,85.0,184.0,103.0,1909.0,17,031,803702,3,170318037023
98.0,27.0,38.0,100.0,39.0,134.0,62.0,87.0,25.0,157.0,69.0,159.0,151.0,113.0,79.0,80.0,1418.0,17,031,803702,4,170318037024
81.0,21.0,30.0,41.0,27.0,29.0,53.0,87.0,62.0,102.0,144.0,135.0,149.0,86.0,87.0,61.0,1195.0,17,031,803800,1,170318038001
26.0,25.0,27.0,26.0,37.0,41.0,16.0,13.0,44.0,45.0,99.0,147.0,143.0,36.0,128.0,44.0,897.0,17,031,803800,2,170318038002
69.0,49.0,102.0,90.0,46.0,69.0,40.0,80.0,53.0,135.0,252.0,251.0,202.0,145.0,155.0,136.0,1874.0,17,031,803800,3,170318038003
78.0,14.0,23.0,19.0,84.0,58.0,22.0,60.0,33.0,105.0,61.0,126.0,117.0,65.0,92.0,38.0,995.0,17,031,803800,4,170318038004
86.0,59.0,119.0,95.0,120.0,149.0,68.0,51.0,72.0,105.0,220.0,237.0,90.0,117.0,76.0,75.0,1739.0,17,031,803901,1,170318039011
76.0,49.0,68.0,100.0,67.0,72.0,35.0,60.0,86.0,105.0,121.0,196.0,181.0,117.0,119.0,114.0,1566.0,17,031,803901,2,170318039012
63.0,40.0,63.0,45.0,39.0,42.0,28.0,111.0,46.0,57.0,169.0,189.0,182.0,106.0,62.0,53.0,1295.0,17,031,803902,1,170318039021
41.0,37.0,19.0,72.0,35.0,44.0,66.0,26.0,34.0,112.0,100.0,134.0,121.0,57.0,42.0,77.0,1017.0,17,031,803902,2,170318039022
64.0,52.0,53.0,64.0,26.0,46.0,73.0,35.0,17.0,86.0,155.0,240.0,106.0,64.0,96.0,105.0,1282.0,17,031,803902,3,170318039023
88.0,29.0,81.0,65.0,70.0,83.0,49.0,45.0,113.0,166.0,224.0,245.0,206.0,136.0,60.0,72.0,1732.0,17,031,804000,1,170318040001
143.0,86.0,101.0,139.0,86.0,89.0,110.0,168.0,165.0,217.0,247.0,439.0,257.0,142.0,211.0,131.0,2731.0,17,031,804000,2,170318040002
108.0,49.0,64.0,56.0,60.0,69.0,60.0,69.0,91.0,90.0,132.0,362.0,300.0,137.0,222.0,282.0,2151.0,17,031,804102,1,170318041021
60.0,41.0,41.0,38.0,81.0,87.0,66.0,62.0,44.0,103.0,198.0,172.0,161.0,140.0,181.0,483.0,1958.0,17,031,804102,2,170318041022
132.0,44.0,79.0,63.0,103.0,74.0,85.0,151.0,62.0,208.0,163.0,205.0,228.0,209.0,201.0,404.0,2411.0,17,031,804102,3,170318041023
56.0,29.0,51.0,46.0,93.0,62.0,43.0,46.0,58.0,150.0,147.0,294.0,209.0,92.0,207.0,179.0,1762.0,17,031,804104,1,170318041041
67.0,88.0,50.0,74.0,81.0,50.0,80.0,58.0,79.0,153.0,144.0,274.0,308.0,162.0,165.0,153.0,1986.0,17,031,804104,2,170318041042
56.0,27.0,23.0,34.0,44.0,38.0,27.0,36.0,29.0,103.0,191.0,178.0,115.0,75.0,184.0,136.0,1296.0,17,031,804104,3,170318041043
65.0,45.0,39.0,52.0,46.0,35.0,72.0,31.0,49.0,107.0,115.0,210.0,283.0,172.0,272.0,223.0,1816.0,17,031,804105,1,170318041051
60.0,49.0,33.0,41.0,62.0,61.0,35.0,35.0,73.0,120.0,166.0,220.0,212.0,150.0,155.0,141.0,1613.0,17,031,804105,2,170318041052
40.0,32.0,20.0,13.0,22.0,36.0,18.0,29.0,29.0,72.0,66.0,99.0,64.0,103.0,111.0,118.0,872.0,17,031,804105,3,170318041053
89.0,54.0,117.0,44.0,44.0,50.0,36.0,59.0,40.0,127.0,146.0,224.0,209.0,135.0,168.0,331.0,1873.0,17,031,804106,1,170318041061
89.0,41.0,66.0,59.0,82.0,67.0,76.0,79.0,195.0,77.0,269.0,314.0,217.0,97.0,145.0,132.0,2005.0,17,031,804106,2,170318041062
84.0,56.0,59.0,82.0,31.0,36.0,34.0,37.0,75.0,49.0,142.0,192.0,118.0,78.0,172.0,252.0,1497.0,17,031,804106,3,170318041063
69.0,67.0,46.0,57.0,36.0,72.0,54.0,104.0,86.0,87.0,167.0,279.0,106.0,135.0,123.0,117.0,1605.0,17,031,804106,4,170318041064
112.0,34.0,40.0,26.0,37.0,29.0,44.0,53.0,62.0,104.0,79.0,163.0,85.0,35.0,77.0,82.0,1062.0,17,031,804108,1,170318041081
130.0,87.0,119.0,126.0,138.0,59.0,96.0,159.0,78.0,213.0,293.0,530.0,312.0,141.0,123.0,136.0,2740.0,17,031,804108,2,170318041082
52.0,49.0,28.0,24.0,39.0,37.0,32.0,27.0,24.0,56.0,151.0,149.0,138.0,101.0,110.0,185.0,1202.0,17,031,804109,1,170318041091
116.0,119.0,39.0,56.0,62.0,71.0,80.0,56.0,26.0,146.0,84.0,243.0,138.0,104.0,82.0,139.0,1561.0,17,031,804109,2,170318041092
112.0,68.0,119.0,62.0,68.0,61.0,47.0,65.0,60.0,119.0,144.0,214.0,231.0,134.0,113.0,430.0,2047.0,17,031,804201,1,170318042011
126.0,72.0,113.0,49.0,141.0,56.0,192.0,63.0,46.0,138.0,120.0,233.0,186.0,148.0,208.0,550.0,2441.0,17,031,804201,2,170318042012
120.0,41.0,94.0,37.0,46.0,44.0,57.0,64.0,76.0,77.0,144.0,233.0,222.0,113.0,81.0,512.0,1961.0,17,031,804201,3,170318042013
48.0,28.0,60.0,37.0,31.0,39.0,27.0,25.0,42.0,63.0,81.0,122.0,128.0,67.0,139.0,415.0,1352.0,17,031,804201,4,170318042014
79.0,38.0,49.0,30.0,30.0,14.0,15.0,36.0,10.0,23.0,53.0,51.0,48.0,18.0,36.0,51.0,581.0,17,031,804202,1,170318042021
107.0,81.0,89.0,84.0,142.0,98.0,69.0,73.0,127.0,171.0,305.0,356.0,399.0,227.0,240.0,584.0,3152.0,17,031,804202,2,170318042022
61.0,16.0,21.0,16.0,53.0,7.0,12.0,46.0,18.0,35.0,27.0,40.0,92.0,69.0,34.0,117.0,664.0,17,031,804202,3,170318042023
108.0,66.0,84.0,88.0,131.0,124.0,104.0,116.0,64.0,286.0,192.0,433.0,315.0,424.0,364.0,520.0,3419.0,17,031,804202,4,170318042024
80.0,50.0,133.0,57.0,99.0,44.0,40.0,124.0,108.0,182.0,401.0,206.0,306.0,104.0,79.0,84.0,2097.0,17,031,804305,1,170318043051
43.0,26.0,26.0,32.0,60.0,44.0,113.0,46.0,25.0,135.0,102.0,197.0,208.0,88.0,42.0,46.0,1233.0,17,031,804305,2,170318043052
74.0,37.0,60.0,129.0,142.0,70.0,78.0,47.0,80.0,137.0,258.0,314.0,243.0,59.0,140.0,78.0,1946.0,17,031,804305,3,170318043053
93.0,61.0,103.0,106.0,94.0,114.0,131.0,170.0,136.0,168.0,330.0,323.0,271.0,185.0,143.0,233.0,2661.0,17,031,804305,4,170318043054
79.0,49.0,163.0,86.0,72.0,80.0,144.0,79.0,88.0,260.0,255.0,312.0,241.0,181.0,136.0,86.0,2311.0,17,031,804306,1,170318043061
64.0,37.0,24.0,50.0,29.0,64.0,39.0,56.0,84.0,88.0,98.0,175.0,51.0,65.0,32.0,70.0,1026.0,17,031,804306,2,170318043062
101.0,35.0,49.0,95.0,81.0,48.0,78.0,185.0,50.0,79.0,370.0,279.0,109.0,133.0,102.0,88.0,1882.0,17,031,804306,3,170318043063
50.0,20.0,33.0,11.0,42.0,29.0,75.0,19.0,36.0,101.0,107.0,95.0,80.0,43.0,52.0,100.0,893.0,17,031,804306,4,170318043064
66.0,69.0,105.0,59.0,39.0,41.0,84.0,36.0,71.0,147.0,170.0,332.0,205.0,107.0,100.0,130.0,1761.0,17,031,804308,1,170318043081
83.0,88.0,127.0,71.0,54.0,127.0,87.0,107.0,52.0,225.0,318.0,285.0,297.0,174.0,121.0,97.0,2313.0,17,031,804308,2,170318043082
41.0,60.0,20.0,62.0,33.0,58.0,62.0,39.0,46.0,73.0,108.0,158.0,122.0,50.0,86.0,50.0,1068.0,17,031,804308,3,170318043083
63.0,43.0,93.0,53.0,57.0,111.0,99.0,108.0,154.0,172.0,238.0,238.0,162.0,80.0,66.0,70.0,1807.0,17,031,804309,1,170318043091
47.0,30.0,39.0,60.0,23.0,42.0,105.0,29.0,39.0,64.0,82.0,138.0,94.0,74.0,51.0,125.0,1042.0,17,031,804309,2,170318043092
180.0,58.0,52.0,79.0,81.0,124.0,82.0,51.0,38.0,226.0,246.0,380.0,152.0,125.0,122.0,168.0,2164.0,17,031,804310,1,170318043101
160.0,141.0,92.0,166.0,144.0,238.0,123.0,111.0,66.0,216.0,285.0,511.0,554.0,130.0,555.0,220.0,3712.0,17,031,804310,2,170318043102
63.0,33.0,45.0,42.0,37.0,69.0,51.0,30.0,62.0,94.0,116.0,183.0,347.0,145.0,298.0,152.0,1767.0,17,031,804310,3,170318043103
93.0,59.0,31.0,49.0,52.0,43.0,94.0,80.0,55.0,127.0,124.0,333.0,163.0,188.0,140.0,70.0,1701.0,17,031,804310,4,170318043104
66.0,35.0,27.0,34.0,44.0,57.0,70.0,47.0,37.0,110.0,158.0,303.0,126.0,188.0,240.0,276.0,1818.0,17,031,804311,1,170318043111
347.0,250.0,196.0,229.0,233.0,319.0,282.0,204.0,259.0,326.0,711.0,978.0,699.0,554.0,413.0,678.0,6678.0,17,031,804311,2,170318043112
140.0,35.0,95.0,24.0,64.0,27.0,119.0,52.0,82.0,145.0,120.0,155.0,66.0,29.0,42.0,50.0,1245.0,17,031,804403,1,170318044031
60.0,41.0,34.0,117.0,90.0,52.0,52.0,32.0,16.0,52.0,68.0,74.0,115.0,41.0,31.0,39.0,914.0,17,031,804403,2,170318044032
203.0,121.0,189.0,135.0,226.0,100.0,138.0,152.0,131.0,227.0,425.0,842.0,386.0,397.0,427.0,543.0,4642.0,17,031,804403,3,170318044033
48.0,35.0,54.0,143.0,38.0,117.0,56.0,33.0,34.0,102.0,168.0,342.0,168.0,61.0,138.0,119.0,1656.0,17,031,804404,1,170318044041
35.0,25.0,23.0,78.0,15.0,38.0,82.0,42.0,14.0,90.0,183.0,106.0,106.0,97.0,50.0,46.0,1030.0,17,031,804404,2,170318044042
160.0,38.0,78.0,35.0,52.0,50.0,33.0,44.0,28.0,122.0,96.0,182.0,229.0,155.0,116.0,74.0,1492.0,17,031,804404,3,170318044043
41.0,29.0,38.0,83.0,25.0,28.0,40.0,49.0,73.0,65.0,174.0,224.0,52.0,46.0,55.0,41.0,1063.0,17,031,804404,4,170318044044
112.0,54.0,130.0,181.0,88.0,101.0,102.0,51.0,118.0,377.0,227.0,295.0,226.0,155.0,74.0,89.0,2380.0,17,031,804405,1,170318044051
75.0,100.0,26.0,47.0,74.0,40.0,98.0,17.0,49.0,57.0,105.0,88.0,50.0,29.0,47.0,46.0,948.0,17,031,804405,2,170318044052
103.0,47.0,69.0,122.0,98.0,97.0,86.0,106.0,79.0,89.0,188.0,315.0,276.0,214.0,159.0,202.0,2250.0,17,031,804406,1,170318044061
129.0,62.0,56.0,60.0,88.0,90.0,93.0,159.0,246.0,354.0,367.0,353.0,201.0,155.0,89.0,116.0,2618.0,17,031,804406,2,170318044062
56.0,122.0,58.0,80.0,90.0,91.0,33.0,35.0,61.0,112.0,118.0,184.0,89.0,47.0,49.0,47.0,1272.0,17,031,804406,3,170318044063
67.0,64.0,30.0,67.0,15.0,77.0,34.0,75.0,65.0,60.0,46.0,124.0,128.0,76.0,44.0,52.0,1024.0,17,031,804505,1,170318045051
50.0,48.0,36.0,30.0,59.0,56.0,39.0,54.0,54.0,137.0,157.0,281.0,96.0,60.0,72.0,63.0,1292.0,17,031,804505,2,170318045052
44.0,50.0,28.0,96.0,54.0,72.0,54.0,88.0,35.0,70.0,189.0,195.0,118.0,50.0,89.0,86.0,1318.0,17,031,804505,3,170318045053
58.0,23.0,28.0,62.0,50.0,27.0,31.0,24.0,61.0,71.0,127.0,119.0,122.0,85.0,145.0,109.0,1142.0,17,031,804506,1,170318045061
57.0,37.0,43.0,47.0,31.0,33.0,32.0,25.0,38.0,45.0,128.0,165.0,166.0,159.0,64.0,136.0,1206.0,17,031,804506,2,170318045062
98.0,66.0,74.0,83.0,72.0,74.0,103.0,173.0,96.0,204.0,251.0,383.0,164.0,151.0,284.0,275.0,2551.0,17,031,804506,3,170318045063
159.0,105.0,84.0,182.0,80.0,85.0,82.0,132.0,288.0,191.0,399.0,412.0,426.0,262.0,316.0,230.0,3433.0,17,031,804507,1,170318045071
164.0,108.0,189.0,227.0,100.0,161.0,169.0,110.0,100.0,223.0,305.0,610.0,807.0,626.0,682.0,303.0,4884.0,17,031,804507,2,170318045072
220.0,122.0,119.0,146.0,153.0,125.0,122.0,110.0,100.0,263.0,258.0,576.0,366.0,384.0,448.0,238.0,3750.0,17,031,804507,3,170318045073
46.0,12.0,35.0,38.0,22.0,12.0,45.0,7.0,14.0,39.0,24.0,48.0,19.0,49.0,32.0,18.0,460.0,17,031,804507,4,170318045074
147.0,169.0,134.0,181.0,132.0,71.0,49.0,80.0,84.0,174.0,263.0,350.0,180.0,99.0,145.0,203.0,2461.0,17,031,804508,1,170318045081
67.0,34.0,35.0,37.0,84.0,32.0,41.0,91.0,146.0,149.0,151.0,372.0,189.0,49.0,89.0,55.0,1621.0,17,031,804509,1,170318045091
57.0,25.0,23.0,43.0,31.0,48.0,25.0,13.0,48.0,111.0,119.0,228.0,128.0,88.0,188.0,58.0,1233.0,17,031,804509,2,170318045092
35.0,19.0,37.0,33.0,18.0,80.0,87.0,19.0,23.0,81.0,111.0,154.0,94.0,43.0,31.0,62.0,927.0,17,031,804509,3,170318045093
180.0,45.0,59.0,35.0,52.0,96.0,36.0,52.0,34.0,182.0,125.0,197.0,223.0,99.0,99.0,82.0,1596.0,17,031,804509,4,170318045094
75.0,102.0,29.0,31.0,49.0,81.0,25.0,60.0,29.0,85.0,145.0,239.0,177.0,36.0,56.0,52.0,1271.0,17,031,804510,1,170318045101
28.0,24.0,25.0,23.0,25.0,45.0,53.0,26.0,99.0,101.0,189.0,142.0,58.0,73.0,35.0,91.0,1037.0,17,031,804510,2,170318045102
212.0,171.0,182.0,78.0,84.0,143.0,157.0,271.0,91.0,311.0,228.0,291.0,195.0,93.0,86.0,108.0,2701.0,17,031,804510,3,170318045103
123.0,51.0,51.0,46.0,95.0,31.0,80.0,135.0,60.0,71.0,223.0,282.0,113.0,98.0,139.0,81.0,1679.0,17,031,804510,4,170318045104
105.0,45.0,75.0,98.0,52.0,54.0,142.0,86.0,170.0,187.0,184.0,195.0,109.0,57.0,111.0,132.0,1802.0,17,031,804511,1,170318045111
66.0,21.0,86.0,17.0,43.0,10.0,27.0,40.0,53.0,42.0,117.0,89.0,103.0,48.0,35.0,29.0,826.0,17,031,804511,2,170318045112
112.0,93.0,68.0,196.0,120.0,89.0,129.0,106.0,48.0,312.0,285.0,204.0,252.0,75.0,118.0,106.0,2313.0,17,031,804603,1,170318046031
81.0,26.0,24.0,84.0,40.0,76.0,68.0,69.0,24.0,100.0,227.0,119.0,65.0,66.0,36.0,47.0,1152.0,17,031,804603,2,170318046032
118.0,34.0,41.0,128.0,93.0,103.0,40.0,158.0,49.0,103.0,267.0,241.0,191.0,64.0,90.0,73.0,1793.0,17,031,804603,3,170318046033
25.0,19.0,56.0,29.0,9.0,33.0,34.0,15.0,22.0,23.0,107.0,97.0,87.0,44.0,55.0,77.0,732.0,17,031,804606,1,170318046061
151.0,47.0,81.0,150.0,74.0,99.0,93.0,67.0,69.0,151.0,258.0,397.0,432.0,393.0,245.0,183.0,2890.0,17,031,804606,2,170318046062
45.0,19.0,38.0,79.0,71.0,46.0,29.0,38.0,27.0,103.0,93.0,172.0,137.0,121.0,69.0,32.0,1119.0,17,031,804606,3,170318046063
159.0,66.0,49.0,65.0,62.0,80.0,80.0,159.0,82.0,172.0,287.0,323.0,280.0,102.0,184.0,291.0,2441.0,17,031,804606,4,170318046064
69.0,36.0,76.0,71.0,62.0,55.0,45.0,68.0,69.0,146.0,214.0,318.0,231.0,166.0,223.0,164.0,2013.0,17,031,804607,1,170318046071
72.0,38.0,61.0,50.0,93.0,63.0,54.0,106.0,58.0,130.0,183.0,346.0,319.0,375.0,227.0,191.0,2366.0,17,031,804607,2,170318046072
64.0,35.0,47.0,51.0,43.0,73.0,53.0,39.0,78.0,131.0,170.0,254.0,161.0,139.0,219.0,47.0,1604.0,17,031,804607,3,170318046073
41.0,53.0,57.0,61.0,39.0,22.0,19.0,49.0,47.0,99.0,58.0,85.0,130.0,48.0,32.0,36.0,876.0,17,031,804607,4,170318046074
43.0,23.0,28.0,45.0,27.0,21.0,31.0,30.0,45.0,66.0,192.0,239.0,84.0,84.0,90.0,55.0,1103.0,17,031,804608,1,170318046081
74.0,10.0,26.0,20.0,53.0,17.0,64.0,10.0,40.0,62.0,91.0,91.0,97.0,55.0,39.0,73.0,822.0,17,031,804608,2,170318046082
51.0,75.0,76.0,79.0,45.0,42.0,43.0,67.0,71.0,185.0,204.0,214.0,182.0,55.0,111.0,168.0,1668.0,17,031,804608,3,170318046083
98.0,55.0,86.0,59.0,50.0,53.0,68.0,46.0,48.0,127.0,162.0,422.0,428.0,189.0,169.0,300.0,2360.0,17,031,804609,1,170318046091
52.0,25.0,47.0,53.0,63.0,27.0,59.0,83.0,49.0,75.0,276.0,255.0,190.0,87.0,113.0,76.0,1530.0,17,031,804609,2,170318046092
171.0,35.0,82.0,78.0,61.0,105.0,65.0,81.0,27.0,112.0,211.0,243.0,236.0,92.0,121.0,109.0,1829.0,17,031,804609,3,170318046093
118.0,43.0,40.0,110.0,54.0,61.0,90.0,46.0,66.0,155.0,163.0,268.0,180.0,129.0,108.0,122.0,1753.0,17,031,804610,1,170318046101
33.0,24.0,23.0,15.0,21.0,14.0,42.0,45.0,31.0,53.0,58.0,66.0,68.0,42.0,26.0,17.0,578.0,17,031,804610,2,170318046102
46.0,39.0,68.0,87.0,112.0,52.0,66.0,94.0,53.0,130.0,158.0,298.0,163.0,112.0,73.0,80.0,1631.0,17,031,804611,1,170318046111
96.0,36.0,36.0,47.0,103.0,84.0,54.0,91.0,44.0,122.0,202.0,303.0,184.0,116.0,74.0,146.0,1738.0,17,031,804611,2,170318046112
40.0,24.0,43.0,41.0,15.0,24.0,93.0,56.0,23.0,77.0,85.0,210.0,88.0,88.0,58.0,92.0,1057.0,17,031,804611,3,170318046113
81.0,43.0,25.0,30.0,58.0,180.0,36.0,28.0,41.0,52.0,175.0,197.0,142.0,51.0,219.0,46.0,1404.0,17,031,804701,1,170318047011
125.0,59.0,64.0,95.0,90.0,80.0,105.0,51.0,108.0,62.0,106.0,145.0,121.0,54.0,46.0,83.0,1394.0,17,031,804701,2,170318047012
112.0,56.0,37.0,58.0,35.0,28.0,94.0,31.0,32.0,42.0,166.0,91.0,95.0,29.0,50.0,35.0,991.0,17,031,804701,3,170318047013
105.0,54.0,67.0,94.0,166.0,160.0,96.0,146.0,211.0,107.0,203.0,406.0,404.0,221.0,96.0,218.0,2754.0,17,031,804701,4,170318047014
51.0,16.0,19.0,30.0,55.0,22.0,36.0,20.0,40.0,58.0,80.0,170.0,149.0,58.0,106.0,132.0,1042.0,17,031,804705,1,170318047051
56.0,83.0,78.0,52.0,72.0,198.0,156.0,103.0,52.0,209.0,202.0,230.0,152.0,53.0,98.0,73.0,1867.0,17,031,804705,2,170318047052
78.0,24.0,15.0,43.0,36.0,41.0,41.0,61.0,15.0,112.0,63.0,158.0,123.0,68.0,47.0,82.0,1007.0,17,031,804705,3,170318047053
71.0,45.0,57.0,97.0,85.0,43.0,34.0,60.0,41.0,97.0,105.0,215.0,190.0,127.0,145.0,112.0,1524.0,17,031,804706,1,170318047061
34.0,25.0,19.0,18.0,68.0,30.0,19.0,26.0,47.0,45.0,106.0,127.0,97.0,81.0,141.0,87.0,970.0,17,031,804706,2,170318047062
69.0,31.0,30.0,94.0,110.0,61.0,68.0,66.0,179.0,187.0,213.0,230.0,116.0,37.0,55.0,97.0,1643.0,17,031,804709,1,170318047091
91.0,27.0,84.0,91.0,58.0,53.0,83.0,77.0,69.0,115.0,140.0,168.0,117.0,40.0,63.0,59.0,1335.0,17,031,804709,2,170318047092
46.0,14.0,43.0,56.0,20.0,52.0,35.0,51.0,7.0,43.0,34.0,76.0,39.0,19.0,28.0,31.0,594.0,17,031,804709,3,170318047093
53.0,32.0,75.0,26.0,25.0,35.0,76.0,96.0,52.0,73.0,257.0,291.0,180.0,73.0,76.0,78.0,1498.0,17,031,804709,4,170318047094
41.0,34.0,13.0,41.0,20.0,24.0,15.0,26.0,18.0,55.0,102.0,153.0,96.0,46.0,45.0,43.0,772.0,17,031,804709,5,170318047095
76.0,23.0,61.0,40.0,18.0,40.0,34.0,31.0,61.0,101.0,124.0,248.0,124.0,60.0,112.0,81.0,1234.0,17,031,804710,1,170318047101
42.0,18.0,27.0,44.0,26.0,49.0,25.0,49.0,59.0,63.0,113.0,171.0,89.0,84.0,75.0,27.0,961.0,17,031,804710,2,170318047102
93.0,36.0,50.0,37.0,56.0,56.0,41.0,55.0,57.0,121.0,155.0,142.0,107.0,113.0,126.0,111.0,1356.0,17,031,804710,3,170318047103
27.0,10.0,36.0,29.0,48.0,15.0,22.0,22.0,88.0,45.0,94.0,129.0,64.0,77.0,64.0,46.0,816.0,17,031,804710,4,170318047104
204.0,189.0,63.0,115.0,207.0,94.0,149.0,327.0,117.0,210.0,372.0,503.0,194.0,142.0,107.0,107.0,3100.0,17,031,804711,1,170318047111
52.0,29.0,29.0,52.0,73.0,32.0,68.0,88.0,27.0,133.0,183.0,246.0,193.0,51.0,113.0,63.0,1432.0,17,031,804711,2,170318047112
190.0,73.0,77.0,102.0,91.0,118.0,115.0,90.0,126.0,287.0,336.0,327.0,224.0,244.0,115.0,129.0,2644.0,17,031,804711,3,170318047113
19.0,17.0,16.0,17.0,23.0,45.0,35.0,99.0,17.0,51.0,70.0,107.0,79.0,122.0,101.0,65.0,883.0,17,031,804711,4,170318047114
97.0,45.0,48.0,55.0,116.0,50.0,105.0,123.0,86.0,124.0,272.0,379.0,163.0,163.0,93.0,196.0,2115.0,17,031,804712,1,170318047121
36.0,30.0,31.0,28.0,24.0,43.0,27.0,15.0,27.0,76.0,97.0,125.0,81.0,76.0,61.0,51.0,828.0,17,031,804712,2,170318047122
91.0,106.0,76.0,75.0,61.0,79.0,61.0,104.0,86.0,161.0,227.0,274.0,302.0,232.0,338.0,374.0,2647.0,17,031,804712,3,170318047123
48.0,26.0,44.0,45.0,41.0,34.0,24.0,72.0,52.0,112.0,110.0,217.0,123.0,35.0,109.0,43.0,1135.0,17,031,804713,1,170318047131
132.0,50.0,63.0,95.0,78.0,45.0,63.0,46.0,40.0,226.0,174.0,306.0,201.0,62.0,129.0,80.0,1790.0,17,031,804713,2,170318047132
20.0,40.0,19.0,16.0,21.0,15.0,16.0,10.0,12.0,49.0,69.0,88.0,74.0,75.0,112.0,17.0,653.0,17,031,804713,3,170318047133
27.0,23.0,8.0,21.0,45.0,27.0,17.0,12.0,9.0,25.0,67.0,196.0,56.0,58.0,103.0,29.0,723.0,17,031,804713,4,170318047134
27.0,22.0,22.0,28.0,46.0,29.0,22.0,54.0,26.0,71.0,118.0,72.0,82.0,92.0,30.0,53.0,794.0,17,031,804714,1,170318047141
31.0,29.0,88.0,24.0,55.0,32.0,26.0,101.0,31.0,38.0,198.0,178.0,111.0,87.0,135.0,65.0,1229.0,17,031,804714,2,170318047142
45.0,26.0,67.0,29.0,43.0,47.0,78.0,17.0,65.0,100.0,70.0,166.0,271.0,91.0,123.0,138.0,1376.0,17,031,804714,3,170318047143
55.0,41.0,58.0,64.0,40.0,78.0,116.0,101.0,104.0,66.0,163.0,119.0,167.0,138.0,68.0,47.0,1425.0,17,031,804715,1,170318047151
107.0,42.0,101.0,137.0,66.0,116.0,127.0,96.0,48.0,105.0,230.0,389.0,127.0,74.0,94.0,70.0,1929.0,17,031,804715,2,170318047152
37.0,32.0,22.0,35.0,31.0,75.0,31.0,31.0,33.0,122.0,86.0,179.0,144.0,110.0,199.0,83.0,1250.0,17,031,804716,1,170318047161
80.0,58.0,80.0,96.0,170.0,70.0,90.0,69.0,62.0,202.0,232.0,319.0,213.0,328.0,284.0,246.0,2599.0,17,031,804716,2,170318047162
80.0,135.0,44.0,183.0,154.0,112.0,41.0,37.0,45.0,127.0,150.0,315.0,159.0,73.0,93.0,77.0,1825.0,17,031,804716,3,170318047163
38.0,31.0,56.0,30.0,61.0,30.0,27.0,73.0,31.0,56.0,139.0,170.0,129.0,92.0,119.0,115.0,1197.0,17,031,804803,1,170318048031
86.0,50.0,43.0,35.0,27.0,52.0,42.0,42.0,82.0,90.0,137.0,233.0,120.0,72.0,142.0,60.0,1313.0,17,031,804803,2,170318048032
248.0,72.0,160.0,97.0,73.0,102.0,166.0,224.0,123.0,284.0,256.0,339.0,376.0,335.0,233.0,193.0,3281.0,17,031,804803,3,170318048033
52.0,30.0,65.0,97.0,30.0,105.0,74.0,28.0,46.0,78.0,163.0,183.0,115.0,158.0,81.0,43.0,1348.0,17,031,804804,1,170318048041
108.0,131.0,61.0,80.0,67.0,64.0,107.0,110.0,213.0,149.0,317.0,373.0,301.0,144.0,190.0,94.0,2509.0,17,031,804804,2,170318048042
150.0,26.0,27.0,63.0,23.0,49.0,36.0,35.0,65.0,115.0,304.0,160.0,193.0,63.0,62.0,55.0,1426.0,17,031,804804,3,170318048043
132.0,33.0,73.0,32.0,40.0,42.0,93.0,74.0,70.0,99.0,275.0,183.0,136.0,118.0,95.0,100.0,1595.0,17,031,804804,4,170318048044
48.0,64.0,97.0,33.0,49.0,44.0,41.0,163.0,66.0,104.0,213.0,209.0,203.0,109.0,96.0,56.0,1595.0,17,031,804805,1,170318048051
38.0,13.0,13.0,47.0,16.0,38.0,35.0,15.0,107.0,69.0,55.0,198.0,43.0,21.0,35.0,112.0,855.0,17,031,804805,2,170318048052
39.0,37.0,98.0,29.0,35.0,107.0,42.0,115.0,27.0,70.0,120.0,304.0,128.0,63.0,116.0,79.0,1409.0,17,031,804805,3,170318048053
192.0,89.0,118.0,80.0,82.0,116.0,95.0,126.0,172.0,244.0,295.0,389.0,429.0,255.0,169.0,316.0,3167.0,17,031,804805,4,170318048054
22.0,14.0,29.0,15.0,52.0,63.0,14.0,18.0,17.0,33.0,70.0,169.0,117.0,42.0,38.0,28.0,741.0,17,031,804806,1,170318048061
51.0,22.0,55.0,28.0,23.0,40.0,53.0,24.0,52.0,168.0,122.0,222.0,48.0,107.0,114.0,44.0,1173.0,17,031,804806,2,170318048062
176.0,83.0,105.0,132.0,78.0,46.0,90.0,157.0,67.0,153.0,184.0,225.0,150.0,141.0,105.0,70.0,1962.0,17,031,804806,3,170318048063
26.0,26.0,82.0,22.0,21.0,52.0,45.0,40.0,18.0,52.0,98.0,116.0,116.0,65.0,39.0,42.0,860.0,17,031,804807,1,170318048071
87.0,13.0,82.0,18.0,24.0,40.0,34.0,25.0,28.0,57.0,139.0,174.0,98.0,74.0,84.0,50.0,1027.0,17,031,804807,2,170318048072
58.0,56.0,76.0,131.0,78.0,43.0,58.0,130.0,76.0,242.0,276.0,312.0,102.0,110.0,68.0,107.0,1923.0,17,031,804807,3,170318048073
42.0,23.0,49.0,29.0,36.0,79.0,27.0,35.0,49.0,128.0,155.0,233.0,108.0,71.0,62.0,43.0,1169.0,17,031,804807,4,170318048074
40.0,32.0,52.0,24.0,17.0,51.0,24.0,33.0,33.0,54.0,76.0,167.0,82.0,31.0,52.0,80.0,848.0,17,031,804808,1,170318048081
51.0,17.0,24.0,43.0,31.0,45.0,61.0,36.0,41.0,55.0,118.0,153.0,70.0,74.0,93.0,55.0,967.0,17,031,804808,2,170318048082
41.0,23.0,34.0,28.0,13.0,14.0,14.0,15.0,17.0,60.0,63.0,123.0,58.0,72.0,61.0,82.0,718.0,17,031,804808,3,170318048083
73.0,40.0,22.0,33.0,37.0,69.0,26.0,52.0,29.0,158.0,117.0,187.0,143.0,124.0,184.0,131.0,1425.0,17,031,804809,1,170318048091
56.0,50.0,67.0,30.0,74.0,82.0,40.0,78.0,60.0,100.0,179.0,261.0,138.0,112.0,222.0,129.0,1678.0,17,031,804809,2,170318048092
39.0,21.0,41.0,29.0,35.0,30.0,56.0,22.0,27.0,92.0,102.0,196.0,137.0,86.0,71.0,82.0,1066.0,17,031,804809,3,170318048093
44.0,19.0,44.0,28.0,57.0,50.0,40.0,119.0,20.0,71.0,104.0,168.0,101.0,89.0,57.0,42.0,1053.0,17,031,804810,1,170318048101
40.0,26.0,33.0,57.0,28.0,41.0,29.0,41.0,62.0,66.0,102.0,187.0,217.0,134.0,95.0,118.0,1276.0,17,031,804810,2,170318048102
160.0,45.0,89.0,116.0,39.0,65.0,82.0,78.0,85.0,173.0,220.0,474.0,234.0,113.0,102.0,184.0,2259.0,17,031,804810,3,170318048103
122.0,82.0,116.0,145.0,113.0,130.0,90.0,115.0,140.0,127.0,239.0,303.0,162.0,82.0,125.0,119.0,2210.0,17,031,804810,4,170318048104
79.0,55.0,35.0,95.0,42.0,100.0,55.0,56.0,61.0,160.0,158.0,381.0,212.0,57.0,130.0,164.0,1840.0,17,031,804901,1,170318049011
28.0,7.0,40.0,32.0,18.0,44.0,15.0,43.0,32.0,37.0,83.0,60.0,86.0,87.0,38.0,66.0,716.0,17,031,804901,2,170318049012
51.0,42.0,60.0,72.0,36.0,73.0,96.0,47.0,57.0,107.0,179.0,193.0,88.0,142.0,124.0,120.0,1487.0,17,031,804901,3,170318049013
21.0,19.0,35.0,32.0,74.0,21.0,9.0,12.0,14.0,44.0,113.0,134.0,32.0,20.0,83.0,40.0,703.0,17,031,804901,4,170318049014
36.0,19.0,25.0,67.0,63.0,23.0,50.0,36.0,35.0,56.0,143.0,135.0,79.0,123.0,93.0,87.0,1070.0,17,031,804901,5,170318049015
21.0,25.0,22.0,9.0,9.0,13.0,9.0,13.0,22.0,34.0,33.0,67.0,15.0,26.0,53.0,59.0,430.0,17,031,804901,6,170318049016
33.0,37.0,35.0,102.0,35.0,71.0,29.0,84.0,31.0,70.0,128.0,226.0,130.0,83.0,133.0,100.0,1327.0,17,031,804902,1,170318049021
97.0,29.0,55.0,54.0,39.0,43.0,24.0,73.0,38.0,104.0,121.0,227.0,221.0,134.0,145.0,71.0,1475.0,17,031,804902,2,170318049022
40.0,51.0,53.0,19.0,49.0,30.0,40.0,71.0,46.0,123.0,92.0,103.0,114.0,150.0,47.0,78.0,1106.0,17,031,804902,3,170318049023
45.0,21.0,15.0,78.0,46.0,35.0,61.0,20.0,19.0,39.0,88.0,58.0,77.0,45.0,144.0,56.0,847.0,17,031,804902,4,170318049024
56.0,16.0,24.0,21.0,59.0,27.0,25.0,40.0,38.0,62.0,103.0,181.0,166.0,63.0,44.0,35.0,960.0,17,031,804902,5,170318049025
45.0,25.0,73.0,26.0,49.0,23.0,24.0,41.0,18.0,62.0,84.0,127.0,87.0,62.0,43.0,62.0,851.0,17,031,805001,1,170318050011
77.0,37.0,30.0,54.0,38.0,36.0,22.0,40.0,47.0,54.0,135.0,107.0,105.0,62.0,92.0,119.0,1055.0,17,031,805001,2,170318050012
52.0,53.0,36.0,37.0,50.0,56.0,67.0,51.0,41.0,115.0,145.0,290.0,226.0,113.0,92.0,178.0,1602.0,17,031,805001,3,170318050013
41.0,45.0,41.0,74.0,41.0,29.0,59.0,76.0,38.0,75.0,87.0,190.0,177.0,82.0,107.0,162.0,1324.0,17,031,805001,4,170318050014
99.0,39.0,73.0,39.0,77.0,119.0,53.0,87.0,30.0,173.0,221.0,233.0,157.0,142.0,96.0,90.0,1728.0,17,031,805002,1,170318050021
137.0,87.0,73.0,68.0,139.0,52.0,86.0,86.0,63.0,191.0,245.0,161.0,119.0,58.0,57.0,88.0,1710.0,17,031,805002,2,170318050022
64.0,24.0,60.0,73.0,39.0,73.0,36.0,58.0,28.0,92.0,77.0,121.0,119.0,89.0,94.0,73.0,1120.0,17,031,805002,3,170318050023
36.0,50.0,32.0,25.0,20.0,177.0,22.0,48.0,20.0,97.0,150.0,131.0,129.0,39.0,39.0,48.0,1063.0,17,031,805002,4,170318050024
28.0,20.0,27.0,31.0,23.0,76.0,138.0,54.0,26.0,123.0,131.0,108.0,74.0,33.0,34.0,37.0,963.0,17,031,805002,5,170318050025
172.0,149.0,157.0,176.0,213.0,148.0,116.0,112.0,58.0,283.0,161.0,534.0,321.0,93.0,220.0,117.0,3030.0,17,031,805105,1,170318051051
75.0,33.0,62.0,53.0,26.0,49.0,31.0,48.0,39.0,125.0,198.0,154.0,155.0,38.0,64.0,52.0,1202.0,17,031,805105,2,170318051052
64.0,66.0,68.0,83.0,47.0,62.0,91.0,34.0,41.0,145.0,189.0,259.0,112.0,69.0,42.0,77.0,1449.0,17,031,805105,3,170318051053
57.0,166.0,73.0,65.0,107.0,88.0,47.0,70.0,51.0,86.0,183.0,174.0,122.0,140.0,68.0,71.0,1568.0,17,031,805105,4,170318051054
80.0,55.0,32.0,35.0,66.0,41.0,31.0,103.0,55.0,66.0,165.0,142.0,67.0,79.0,36.0,72.0,1125.0,17,031,805106,1,170318051061
65.0,42.0,45.0,56.0,41.0,42.0,51.0,33.0,46.0,98.0,153.0,208.0,184.0,112.0,144.0,144.0,1464.0,17,031,805106,2,170318051062
97.0,71.0,77.0,89.0,103.0,103.0,118.0,74.0,102.0,163.0,265.0,281.0,112.0,56.0,96.0,87.0,1894.0,17,031,805107,1,170318051071
46.0,103.0,81.0,71.0,85.0,65.0,39.0,67.0,112.0,84.0,128.0,159.0,152.0,92.0,47.0,64.0,1395.0,17,031,805107,2,170318051072
28.0,45.0,37.0,22.0,68.0,33.0,42.0,63.0,62.0,68.0,119.0,165.0,68.0,46.0,45.0,43.0,954.0,17,031,805107,3,170318051073
139.0,88.0,48.0,79.0,121.0,160.0,107.0,162.0,108.0,113.0,290.0,344.0,128.0,70.0,83.0,108.0,2148.0,17,031,805107,4,170318051074
56.0,10.0,18.0,12.0,35.0,54.0,8.0,10.0,14.0,35.0,38.0,80.0,21.0,70.0,39.0,25.0,525.0,17,031,805107,5,170318051075
129.0,166.0,132.0,271.0,151.0,301.0,206.0,243.0,273.0,200.0,259.0,261.0,238.0,211.0,156.0,170.0,3367.0,17,031,805108,1,170318051081
79.0,60.0,49.0,71.0,69.0,64.0,96.0,100.0,102.0,170.0,281.0,317.0,173.0,119.0,166.0,86.0,2002.0,17,031,805108,2,170318051082
28.0,15.0,17.0,55.0,36.0,24.0,59.0,80.0,38.0,39.0,112.0,129.0,46.0,86.0,45.0,46.0,855.0,17,031,805108,3,170318051083
35.0,27.0,30.0,19.0,39.0,31.0,16.0,43.0,100.0,41.0,164.0,108.0,108.0,44.0,47.0,43.0,895.0,17,031,805108,4,170318051084
59.0,27.0,60.0,43.0,50.0,41.0,65.0,54.0,65.0,129.0,150.0,185.0,97.0,82.0,96.0,134.0,1337.0,17,031,805109,1,170318051091
67.0,47.0,123.0,49.0,65.0,49.0,44.0,57.0,34.0,114.0,158.0,329.0,247.0,117.0,100.0,246.0,1846.0,17,031,805109,2,170318051092
126.0,23.0,70.0,49.0,26.0,71.0,57.0,60.0,32.0,57.0,124.0,155.0,89.0,66.0,49.0,64.0,1118.0,17,031,805109,3,170318051093
114.0,63.0,79.0,74.0,162.0,104.0,54.0,73.0,130.0,131.0,261.0,342.0,213.0,138.0,176.0,140.0,2254.0,17,031,805110,1,170318051101
28.0,73.0,34.0,51.0,38.0,22.0,27.0,39.0,42.0,106.0,56.0,77.0,52.0,55.0,44.0,51.0,795.0,17,031,805110,2,170318051102
30.0,8.0,8.0,18.0,8.0,22.0,13.0,2.0,8.0,34.0,48.0,51.0,24.0,16.0,27.0,10.0,327.0,17,031,805110,3,170318051103
33.0,8.0,23.0,20.0,22.0,46.0,22.0,28.0,23.0,50.0,52.0,141.0,41.0,38.0,38.0,101.0,686.0,17,031,805110,4,170318051104
40.0,17.0,43.0,54.0,102.0,55.0,27.0,33.0,95.0,68.0,80.0,185.0,113.0,46.0,100.0,64.0,1122.0,17,031,805111,1,170318051111
45.0,16.0,21.0,17.0,28.0,20.0,12.0,19.0,34.0,99.0,76.0,173.0,96.0,82.0,44.0,80.0,862.0,17,031,805111,2,170318051112
138.0,103.0,100.0,98.0,206.0,94.0,108.0,123.0,85.0,264.0,317.0,359.0,145.0,197.0,93.0,108.0,2538.0,17,031,805111,3,170318051113
56.0,55.0,31.0,106.0,59.0,126.0,96.0,33.0,150.0,93.0,207.0,83.0,72.0,45.0,54.0,51.0,1317.0,17,031,805111,4,170318051114
107.0,10.0,32.0,70.0,72.0,22.0,87.0,33.0,16.0,36.0,96.0,46.0,91.0,42.0,32.0,41.0,833.0,17,031,805111,5,170318051115
27.0,15.0,20.0,40.0,29.0,26.0,44.0,38.0,14.0,131.0,42.0,265.0,70.0,20.0,32.0,27.0,840.0,17,031,805111,6,170318051116
74.0,95.0,127.0,117.0,57.0,60.0,83.0,66.0,93.0,104.0,136.0,228.0,108.0,91.0,54.0,73.0,1566.0,17,031,805112,1,170318051121
81.0,36.0,37.0,52.0,80.0,74.0,63.0,58.0,34.0,109.0,128.0,179.0,161.0,76.0,120.0,76.0,1364.0,17,031,805112,2,170318051122
46.0,13.0,20.0,21.0,47.0,26.0,44.0,30.0,48.0,76.0,104.0,114.0,143.0,50.0,73.0,104.0,959.0,17,031,805201,1,170318052011
31.0,26.0,20.0,41.0,29.0,40.0,35.0,21.0,32.0,84.0,83.0,120.0,112.0,54.0,52.0,80.0,860.0,17,031,805201,2,170318052012
37.0,36.0,47.0,91.0,27.0,57.0,27.0,54.0,56.0,116.0,103.0,128.0,97.0,154.0,101.0,64.0,1195.0,17,031,805201,3,170318052013
45.0,18.0,21.0,26.0,41.0,28.0,31.0,25.0,25.0,89.0,76.0,130.0,60.0,50.0,122.0,124.0,911.0,17,031,805202,1,170318052021
21.0,17.0,12.0,22.0,16.0,17.0,31.0,23.0,21.0,33.0,38.0,93.0,35.0,68.0,66.0,31.0,544.0,17,031,805202,2,170318052022
57.0,58.0,38.0,54.0,73.0,48.0,78.0,43.0,55.0,116.0,162.0,187.0,194.0,92.0,96.0,95.0,1446.0,17,031,805202,3,170318052023
84.0,35.0,34.0,32.0,63.0,39.0,59.0,30.0,34.0,91.0,122.0,156.0,90.0,88.0,64.0,77.0,1098.0,17,031,805202,4,170318052024
54.0,15.0,28.0,39.0,25.0,92.0,26.0,14.0,24.0,51.0,92.0,107.0,145.0,64.0,51.0,60.0,887.0,17,031,805301,1,170318053011
78.0,37.0,61.0,81.0,79.0,68.0,91.0,63.0,57.0,91.0,252.0,259.0,179.0,86.0,48.0,116.0,1646.0,17,031,805301,2,170318053012
155.0,13.0,28.0,22.0,35.0,44.0,66.0,44.0,29.0,36.0,34.0,50.0,42.0,26.0,31.0,26.0,681.0,17,031,805301,3,170318053013
46.0,39.0,36.0,53.0,17.0,33.0,59.0,40.0,32.0,32.0,67.0,121.0,157.0,89.0,80.0,36.0,937.0,17,031,805302,1,170318053021
58.0,33.0,79.0,58.0,34.0,83.0,35.0,62.0,36.0,84.0,126.0,137.0,134.0,82.0,112.0,78.0,1231.0,17,031,805302,2,170318053022
69.0,36.0,44.0,84.0,24.0,79.0,70.0,72.0,51.0,69.0,160.0,207.0,90.0,116.0,99.0,62.0,1332.0,17,031,805302,3,170318053023
108.0,29.0,54.0,84.0,64.0,88.0,69.0,62.0,46.0,76.0,134.0,216.0,145.0,60.0,68.0,69.0,1372.0,17,031,805401,1,170318054011
63.0,49.0,39.0,46.0,47.0,55.0,89.0,110.0,45.0,77.0,151.0,182.0,124.0,133.0,136.0,66.0,1412.0,17,031,805401,2,170318054012
53.0,33.0,33.0,31.0,33.0,56.0,42.0,74.0,64.0,55.0,73.0,152.0,91.0,96.0,63.0,96.0,1045.0,17,031,805401,3,170318054013
51.0,19.0,46.0,58.0,53.0,76.0,50.0,43.0,34.0,66.0,59.0,110.0,89.0,27.0,37.0,31.0,849.0,17,031,805402,1,170318054021
44.0,10.0,18.0,47.0,58.0,21.0,84.0,21.0,42.0,62.0,63.0,187.0,73.0,100.0,40.0,29.0,899.0,17,031,805402,2,170318054022
55.0,45.0,10.0,15.0,17.0,40.0,50.0,41.0,30.0,35.0,37.0,87.0,135.0,69.0,40.0,21.0,727.0,17,031,805402,3,170318054023
116.0,90.0,79.0,66.0,46.0,71.0,89.0,105.0,88.0,150.0,190.0,154.0,220.0,68.0,91.0,69.0,1692.0,17,031,805402,4,170318054024
26.0,30.0,8.0,8.0,17.0,32.0,19.0,33.0,11.0,130.0,64.0,77.0,30.0,27.0,63.0,19.0,594.0,17,031,805402,5,170318054025
33.0,41.0,118.0,42.0,29.0,72.0,30.0,34.0,48.0,78.0,105.0,118.0,100.0,97.0,128.0,126.0,1199.0,17,031,805501,1,170318055011
53.0,45.0,66.0,92.0,85.0,53.0,57.0,72.0,55.0,141.0,177.0,206.0,234.0,104.0,77.0,83.0,1600.0,17,031,805501,2,170318055012
35.0,29.0,36.0,34.0,24.0,25.0,19.0,28.0,35.0,54.0,94.0,113.0,123.0,62.0,55.0,132.0,898.0,17,031,805501,3,170318055013
29.0,39.0,26.0,81.0,52.0,22.0,19.0,77.0,59.0,54.0,81.0,138.0,116.0,37.0,66.0,206.0,1102.0,17,031,805502,1,170318055021
20.0,10.0,21.0,18.0,19.0,23.0,17.0,48.0,17.0,47.0,64.0,95.0,121.0,39.0,96.0,148.0,803.0,17,031,805502,2,170318055022
36.0,23.0,37.0,71.0,40.0,53.0,28.0,29.0,25.0,77.0,96.0,145.0,121.0,67.0,58.0,154.0,1060.0,17,031,805502,3,170318055023
45.0,28.0,67.0,48.0,21.0,46.0,29.0,26.0,44.0,40.0,88.0,115.0,82.0,62.0,79.0,104.0,924.0,17,031,805502,4,170318055024
59.0,56.0,43.0,46.0,47.0,44.0,48.0,69.0,30.0,51.0,121.0,126.0,133.0,49.0,175.0,257.0,1354.0,17,031,805600,1,170318056001
57.0,23.0,36.0,59.0,34.0,43.0,48.0,41.0,37.0,53.0,87.0,138.0,75.0,52.0,129.0,207.0,1119.0,17,031,805600,2,170318056002
64.0,19.0,33.0,29.0,37.0,31.0,37.0,46.0,32.0,94.0,121.0,148.0,145.0,65.0,70.0,129.0,1100.0,17,031,805600,3,170318056003
30.0,49.0,19.0,24.0,59.0,29.0,38.0,28.0,45.0,45.0,117.0,119.0,146.0,54.0,102.0,175.0,1079.0,17,031,805600,4,170318056004
45.0,19.0,66.0,33.0,48.0,41.0,26.0,24.0,18.0,59.0,83.0,138.0,89.0,127.0,158.0,116.0,1090.0,17,031,805701,1,170318057011
12.0,10.0,14.0,15.0,39.0,10.0,11.0,9.0,25.0,8.0,26.0,94.0,53.0,61.0,63.0,24.0,474.0,17,031,805701,2,170318057012
84.0,37.0,88.0,32.0,28.0,47.0,34.0,111.0,38.0,54.0,121.0,192.0,150.0,74.0,128.0,184.0,1402.0,17,031,805701,3,170318057013
55.0,50.0,30.0,38.0,81.0,40.0,58.0,42.0,64.0,88.0,174.0,220.0,73.0,50.0,54.0,85.0,1202.0,17,031,805701,4,170318057014
59.0,26.0,36.0,41.0,21.0,19.0,29.0,25.0,25.0,61.0,52.0,125.0,172.0,47.0,73.0,144.0,955.0,17,031,805701,5,170318057015
53.0,31.0,34.0,53.0,29.0,41.0,44.0,21.0,27.0,70.0,128.0,192.0,87.0,62.0,122.0,147.0,1141.0,17,031,805702,1,170318057021
34.0,30.0,36.0,37.0,34.0,48.0,26.0,36.0,26.0,50.0,41.0,89.0,46.0,98.0,74.0,32.0,737.0,17,031,805702,2,170318057022
44.0,31.0,21.0,51.0,42.0,43.0,22.0,19.0,27.0,54.0,53.0,105.0,110.0,57.0,98.0,139.0,916.0,17,031,805801,1,170318058011
22.0,18.0,54.0,30.0,20.0,18.0,42.0,14.0,23.0,50.0,92.0,103.0,63.0,19.0,82.0,90.0,740.0,17,031,805801,2,170318058012
27.0,30.0,34.0,29.0,15.0,34.0,20.0,57.0,21.0,87.0,75.0,79.0,79.0,13.0,61.0,42.0,703.0,17,031,805801,3,170318058013
35.0,27.0,38.0,30.0,29.0,21.0,53.0,75.0,18.0,63.0,97.0,152.0,64.0,60.0,64.0,62.0,888.0,17,031,805802,1,170318058021
29.0,6.0,17.0,34.0,25.0,35.0,13.0,22.0,27.0,47.0,68.0,108.0,108.0,46.0,78.0,48.0,711.0,17,031,805802,2,170318058022
51.0,43.0,78.0,33.0,36.0,33.0,31.0,32.0,27.0,73.0,91.0,172.0,116.0,138.0,165.0,106.0,1225.0,17,031,805802,3,170318058023
34.0,58.0,23.0,63.0,59.0,55.0,67.0,22.0,21.0,49.0,188.0,159.0,111.0,117.0,53.0,102.0,1181.0,17,031,805802,4,170318058024
36.0,28.0,21.0,39.0,19.0,19.0,21.0,30.0,90.0,46.0,101.0,112.0,63.0,67.0,82.0,73.0,847.0,17,031,805802,5,170318058025
77.0,50.0,46.0,56.0,86.0,33.0,54.0,60.0,41.0,89.0,129.0,252.0,159.0,121.0,141.0,141.0,1535.0,17,031,805901,1,170318059011
93.0,61.0,65.0,84.0,54.0,71.0,97.0,61.0,34.0,119.0,177.0,172.0,236.0,51.0,87.0,93.0,1555.0,17,031,805901,2,170318059012
26.0,37.0,32.0,26.0,26.0,33.0,59.0,22.0,27.0,56.0,113.0,122.0,76.0,66.0,96.0,64.0,881.0,17,031,805901,3,170318059013
50.0,13.0,36.0,69.0,86.0,39.0,80.0,19.0,19.0,80.0,140.0,137.0,81.0,37.0,31.0,43.0,960.0,17,031,805902,1,170318059021
81.0,15.0,40.0,35.0,29.0,42.0,16.0,62.0,28.0,84.0,127.0,216.0,101.0,51.0,131.0,63.0,1121.0,17,031,805902,2,170318059022
29.0,9.0,25.0,26.0,23.0,67.0,22.0,40.0,11.0,40.0,105.0,91.0,96.0,45.0,92.0,97.0,818.0,17,031,805902,3,170318059023
57.0,33.0,55.0,43.0,95.0,60.0,29.0,144.0,55.0,113.0,90.0,245.0,180.0,107.0,75.0,113.0,1494.0,17,031,805902,4,170318059024
10.0,9.0,7.0,12.0,11.0,4.0,11.0,6.0,9.0,13.0,44.0,98.0,47.0,35.0,36.0,67.0,419.0,17,031,805902,5,170318059025
37.0,34.0,53.0,56.0,62.0,120.0,30.0,40.0,30.0,45.0,102.0,191.0,180.0,86.0,68.0,110.0,1244.0,17,031,805902,6,170318059026
84.0,19.0,21.0,28.0,39.0,29.0,56.0,26.0,27.0,122.0,48.0,176.0,108.0,69.0,72.0,83.0,1007.0,17,031,806001,1,170318060011
175.0,72.0,169.0,164.0,46.0,61.0,136.0,216.0,80.0,156.0,302.0,307.0,163.0,89.0,81.0,118.0,2335.0,17,031,806001,2,170318060012
139.0,154.0,91.0,126.0,43.0,66.0,105.0,114.0,99.0,208.0,349.0,187.0,162.0,56.0,78.0,74.0,2051.0,17,031,806001,3,170318060013
51.0,15.0,21.0,74.0,71.0,17.0,42.0,99.0,42.0,66.0,110.0,102.0,47.0,26.0,34.0,31.0,848.0,17,031,806001,4,170318060014
31.0,93.0,115.0,43.0,74.0,65.0,22.0,16.0,18.0,102.0,50.0,134.0,42.0,20.0,32.0,24.0,881.0,17,031,806002,1,170318060021
133.0,43.0,126.0,105.0,134.0,114.0,205.0,154.0,132.0,214.0,222.0,278.0,196.0,100.0,134.0,106.0,2396.0,17,031,806002,2,170318060022
59.0,68.0,79.0,47.0,99.0,52.0,80.0,73.0,27.0,107.0,261.0,307.0,99.0,79.0,193.0,71.0,1701.0,17,031,806002,3,170318060023
50.0,66.0,24.0,81.0,48.0,95.0,35.0,20.0,51.0,83.0,182.0,111.0,48.0,84.0,65.0,42.0,1085.0,17,031,806002,4,170318060024
57.0,112.0,38.0,63.0,50.0,96.0,37.0,69.0,29.0,104.0,239.0,216.0,72.0,76.0,73.0,50.0,1381.0,17,031,806002,5,170318060025
120.0,46.0,146.0,77.0,53.0,96.0,51.0,58.0,65.0,80.0,121.0,169.0,98.0,64.0,59.0,70.0,1373.0,17,031,806003,1,170318060031
92.0,38.0,53.0,101.0,57.0,33.0,119.0,138.0,61.0,390.0,96.0,167.0,174.0,54.0,80.0,58.0,1711.0,17,031,806003,2,170318060032
40.0,21.0,26.0,34.0,56.0,74.0,39.0,44.0,24.0,38.0,58.0,231.0,114.0,77.0,55.0,42.0,973.0,17,031,806003,3,170318060033
25.0,22.0,17.0,37.0,17.0,57.0,18.0,24.0,22.0,101.0,87.0,119.0,50.0,157.0,66.0,28.0,847.0,17,031,806003,4,170318060034
54.0,37.0,36.0,112.0,102.0,64.0,64.0,39.0,23.0,93.0,251.0,286.0,111.0,46.0,99.0,55.0,1472.0,17,031,806003,5,170318060035
138.0,92.0,46.0,66.0,84.0,73.0,42.0,29.0,81.0,55.0,149.0,184.0,64.0,26.0,53.0,45.0,1227.0,17,031,806003,6,170318060036
110.0,59.0,76.0,119.0,137.0,144.0,93.0,76.0,63.0,76.0,144.0,155.0,76.0,87.0,90.0,86.0,1591.0,17,031,806004,1,170318060041
150.0,77.0,147.0,142.0,132.0,276.0,88.0,123.0,289.0,147.0,205.0,305.0,197.0,124.0,78.0,128.0,2608.0,17,031,806004,2,170318060042
69.0,35.0,140.0,99.0,107.0,145.0,108.0,115.0,43.0,137.0,226.0,257.0,133.0,90.0,125.0,72.0,1901.0,17,031,806004,3,170318060043
36.0,43.0,23.0,154.0,34.0,117.0,56.0,31.0,27.0,142.0,164.0,137.0,76.0,44.0,41.0,118.0,1243.0,17,031,806004,4,170318060044
88.0,52.0,71.0,59.0,76.0,100.0,125.0,90.0,61.0,151.0,250.0,244.0,230.0,144.0,198.0,121.0,2060.0,17,031,806102,1,170318061021
36.0,26.0,37.0,31.0,69.0,46.0,55.0,76.0,24.0,95.0,93.0,136.0,98.0,67.0,63.0,91.0,1043.0,17,031,806102,2,170318061022
54.0,52.0,39.0,61.0,53.0,45.0,22.0,37.0,32.0,55.0,86.0,161.0,69.0,86.0,62.0,47.0,961.0,17,031,806102,3,170318061023
47.0,84.0,78.0,29.0,158.0,49.0,91.0,50.0,111.0,116.0,123.0,234.0,107.0,122.0,166.0,138.0,1703.0,17,031,806103,1,170318061031
84.0,49.0,30.0,37.0,37.0,26.0,50.0,21.0,22.0,47.0,126.0,179.0,59.0,51.0,56.0,43.0,917.0,17,031,806103,2,170318061032
81.0,24.0,55.0,25.0,74.0,31.0,38.0,96.0,41.0,69.0,121.0,239.0,184.0,101.0,107.0,125.0,1411.0,17,031,806103,3,170318061033
50.0,37.0,82.0,67.0,39.0,24.0,30.0,32.0,19.0,153.0,155.0,111.0,138.0,127.0,95.0,96.0,1255.0,17,031,806103,4,170318061034
134.0,96.0,45.0,68.0,102.0,154.0,147.0,149.0,103.0,123.0,211.0,171.0,166.0,62.0,69.0,71.0,1871.0,17,031,806104,1,170318061041
122.0,72.0,54.0,29.0,57.0,117.0,22.0,26.0,29.0,38.0,112.0,203.0,89.0,34.0,48.0,42.0,1094.0,17,031,806104,2,170318061042
149.0,146.0,82.0,128.0,99.0,79.0,73.0,84.0,74.0,154.0,191.0,180.0,118.0,93.0,81.0,103.0,1834.0,17,031,806104,3,170318061043
95.0,104.0,98.0,107.0,141.0,124.0,300.0,81.0,146.0,222.0,270.0,433.0,424.0,160.0,144.0,170.0,3019.0,17,031,806201,1,170318062011
71.0,91.0,93.0,63.0,59.0,70.0,65.0,54.0,87.0,105.0,206.0,266.0,74.0,62.0,63.0,76.0,1505.0,17,031,806201,2,170318062012
88.0,37.0,10.0,16.0,33.0,10.0,33.0,31.0,5.0,25.0,42.0,62.0,59.0,14.0,38.0,50.0,553.0,17,031,806202,1,170318062021
126.0,35.0,212.0,43.0,58.0,62.0,112.0,63.0,69.0,76.0,166.0,333.0,148.0,118.0,91.0,91.0,1803.0,17,031,806202,2,170318062022
115.0,74.0,112.0,105.0,70.0,87.0,70.0,65.0,117.0,145.0,245.0,309.0,141.0,126.0,141.0,112.0,2034.0,17,031,806202,3,170318062023
41.0,41.0,71.0,32.0,31.0,25.0,76.0,68.0,42.0,109.0,112.0,89.0,97.0,71.0,37.0,78.0,1020.0,17,031,806300,1,170318063001
44.0,22.0,22.0,40.0,43.0,112.0,49.0,32.0,51.0,41.0,94.0,81.0,116.0,79.0,40.0,88.0,954.0,17,031,806300,2,170318063002
19.0,22.0,17.0,28.0,20.0,38.0,46.0,34.0,37.0,25.0,53.0,89.0,68.0,25.0,28.0,27.0,576.0,17,031,806300,3,170318063003
26.0,20.0,17.0,34.0,31.0,13.0,38.0,22.0,15.0,58.0,44.0,85.0,65.0,66.0,33.0,24.0,591.0,17,031,806300,4,170318063004
50.0,13.0,18.0,27.0,31.0,32.0,39.0,29.0,28.0,48.0,94.0,126.0,95.0,55.0,42.0,44.0,771.0,17,031,806300,5,170318063005
46.0,13.0,20.0,47.0,19.0,28.0,38.0,30.0,20.0,47.0,112.0,146.0,62.0,51.0,105.0,110.0,894.0,17,031,806300,6,170318063006
41.0,23.0,71.0,47.0,77.0,39.0,67.0,73.0,22.0,91.0,103.0,146.0,102.0,84.0,76.0,76.0,1138.0,17,031,806400,1,170318064001
59.0,38.0,48.0,44.0,36.0,92.0,32.0,32.0,103.0,156.0,98.0,174.0,82.0,150.0,80.0,83.0,1307.0,17,031,806400,2,170318064002
39.0,39.0,72.0,34.0,38.0,34.0,38.0,111.0,54.0,98.0,158.0,134.0,53.0,46.0,63.0,51.0,1062.0,17,031,806501,1,170318065011
100.0,60.0,89.0,26.0,111.0,50.0,85.0,67.0,122.0,110.0,123.0,180.0,88.0,50.0,106.0,69.0,1436.0,17,031,806501,2,170318065012
76.0,19.0,33.0,28.0,21.0,46.0,59.0,53.0,28.0,60.0,124.0,144.0,57.0,45.0,59.0,65.0,917.0,17,031,806502,1,170318065021
28.0,6.0,14.0,34.0,14.0,31.0,9.0,25.0,26.0,82.0,51.0,104.0,39.0,20.0,37.0,19.0,539.0,17,031,806502,2,170318065022
34.0,19.0,43.0,31.0,66.0,65.0,116.0,15.0,37.0,62.0,56.0,159.0,99.0,42.0,33.0,33.0,910.0,17,031,806502,3,170318065023
95.0,63.0,84.0,88.0,107.0,188.0,71.0,88.0,50.0,121.0,259.0,295.0,147.0,162.0,112.0,55.0,1985.0,17,031,806502,4,170318065024
82.0,75.0,72.0,63.0,51.0,124.0,47.0,66.0,65.0,92.0,188.0,376.0,189.0,135.0,135.0,123.0,1883.0,17,031,806600,1,170318066001
62.0,56.0,76.0,57.0,44.0,59.0,77.0,55.0,61.0,202.0,177.0,221.0,140.0,91.0,76.0,81.0,1535.0,17,031,806600,2,170318066002
82.0,37.0,47.0,61.0,85.0,45.0,44.0,73.0,58.0,139.0,175.0,235.0,158.0,100.0,106.0,186.0,1631.0,17,031,806700,1,170318067001
51.0,23.0,31.0,34.0,44.0,33.0,24.0,35.0,44.0,33.0,104.0,132.0,109.0,31.0,113.0,294.0,1135.0,17,031,806700,2,170318067002
47.0,14.0,53.0,40.0,34.0,35.0,22.0,61.0,16.0,55.0,130.0,181.0,83.0,75.0,81.0,50.0,977.0,17,031,806700,3,170318067003
18.0,18.0,24.0,9.0,23.0,10.0,22.0,13.0,11.0,24.0,36.0,76.0,39.0,12.0,81.0,26.0,442.0,17,031,806700,4,170318067004
113.0,51.0,43.0,25.0,33.0,59.0,13.0,25.0,15.0,58.0,66.0,106.0,45.0,21.0,59.0,52.0,784.0,17,031,806801,1,170318068011
54.0,46.0,56.0,36.0,83.0,41.0,32.0,32.0,51.0,107.0,89.0,132.0,66.0,51.0,76.0,58.0,1010.0,17,031,806801,2,170318068012
30.0,19.0,21.0,42.0,28.0,43.0,21.0,57.0,20.0,68.0,159.0,97.0,96.0,111.0,62.0,91.0,965.0,17,031,806801,3,170318068013
45.0,23.0,16.0,21.0,18.0,13.0,18.0,59.0,24.0,48.0,33.0,63.0,39.0,55.0,67.0,29.0,571.0,17,031,806801,4,170318068014
37.0,14.0,36.0,14.0,54.0,27.0,37.0,18.0,30.0,43.0,61.0,147.0,47.0,48.0,96.0,185.0,894.0,17,031,806802,1,170318068021
76.0,46.0,32.0,32.0,75.0,57.0,58.0,106.0,42.0,104.0,125.0,180.0,108.0,28.0,68.0,43.0,1180.0,17,031,806802,2,170318068022
47.0,18.0,19.0,22.0,63.0,35.0,40.0,17.0,35.0,58.0,60.0,144.0,65.0,67.0,63.0,120.0,873.0,17,031,806802,3,170318068023
29.0,12.0,52.0,14.0,31.0,24.0,33.0,17.0,10.0,37.0,86.0,126.0,78.0,23.0,48.0,48.0,668.0,17,031,806900,1,170318069001
226.0,96.0,81.0,86.0,92.0,46.0,114.0,40.0,78.0,175.0,272.0,184.0,103.0,82.0,101.0,92.0,1868.0,17,031,806900,2,170318069002
112.0,46.0,49.0,106.0,62.0,128.0,60.0,95.0,43.0,122.0,241.0,464.0,176.0,146.0,137.0,135.0,2122.0,17,031,806900,3,170318069003
153.0,157.0,190.0,162.0,247.0,152.0,251.0,49.0,145.0,156.0,245.0,347.0,202.0,107.0,83.0,117.0,2763.0,17,031,807000,1,170318070001
66.0,101.0,33.0,27.0,20.0,39.0,65.0,19.0,52.0,47.0,96.0,130.0,201.0,66.0,46.0,58.0,1066.0,17,031,807000,2,170318070002
60.0,21.0,47.0,26.0,22.0,33.0,125.0,22.0,28.0,117.0,72.0,162.0,138.0,76.0,137.0,114.0,1200.0,17,031,807000,3,170318070003
83.0,109.0,20.0,40.0,42.0,14.0,70.0,13.0,9.0,50.0,40.0,89.0,91.0,21.0,29.0,19.0,739.0,17,031,807000,4,170318070004
55.0,27.0,23.0,20.0,19.0,23.0,17.0,15.0,21.0,43.0,49.0,60.0,85.0,58.0,70.0,93.0,678.0,17,031,807100,1,170318071001
65.0,32.0,30.0,30.0,36.0,62.0,58.0,32.0,80.0,74.0,98.0,197.0,161.0,100.0,103.0,109.0,1267.0,17,031,807100,2,170318071002
70.0,35.0,45.0,60.0,83.0,36.0,32.0,37.0,39.0,60.0,110.0,291.0,167.0,183.0,156.0,283.0,1687.0,17,031,807100,3,170318071003
38.0,30.0,38.0,14.0,42.0,19.0,20.0,36.0,29.0,37.0,67.0,110.0,72.0,67.0,174.0,91.0,884.0,17,031,807200,1,170318072001
90.0,121.0,95.0,57.0,169.0,48.0,123.0,52.0,71.0,115.0,250.0,218.0,191.0,75.0,235.0,89.0,1999.0,17,031,807200,2,170318072002
33.0,28.0,20.0,52.0,114.0,29.0,37.0,22.0,17.0,41.0,53.0,185.0,82.0,70.0,87.0,65.0,935.0,17,031,807200,3,170318072003
53.0,50.0,55.0,17.0,18.0,19.0,78.0,38.0,19.0,78.0,85.0,206.0,105.0,48.0,85.0,61.0,1015.0,17,031,807200,4,170318072004
39.0,13.0,21.0,34.0,40.0,62.0,51.0,25.0,29.0,56.0,70.0,89.0,76.0,97.0,130.0,131.0,963.0,17,031,807200,5,170318072005
306.0,100.0,137.0,99.0,107.0,118.0,140.0,68.0,85.0,171.0,212.0,242.0,170.0,76.0,147.0,115.0,2293.0,17,031,807300,1,170318073001
92.0,79.0,46.0,52.0,98.0,51.0,47.0,57.0,78.0,53.0,104.0,256.0,197.0,55.0,86.0,76.0,1427.0,17,031,807300,2,170318073002
101.0,83.0,45.0,50.0,37.0,40.0,51.0,27.0,97.0,92.0,120.0,185.0,151.0,95.0,118.0,59.0,1351.0,17,031,807300,3,170318073003
60.0,19.0,30.0,42.0,30.0,42.0,125.0,18.0,19.0,37.0,45.0,119.0,74.0,41.0,61.0,29.0,791.0,17,031,807300,4,170318073004
82.0,38.0,25.0,179.0,34.0,33.0,74.0,29.0,72.0,55.0,169.0,161.0,204.0,101.0,70.0,186.0,1512.0,17,031,807300,5,170318073005
44.0,32.0,37.0,14.0,30.0,34.0,17.0,35.0,19.0,30.0,107.0,113.0,87.0,40.0,77.0,23.0,739.0,17,031,807400,1,170318074001
70.0,31.0,104.0,37.0,43.0,29.0,54.0,49.0,29.0,126.0,137.0,139.0,238.0,77.0,81.0,75.0,1319.0,17,031,807400,2,170318074002
150.0,121.0,160.0,167.0,217.0,81.0,135.0,131.0,111.0,175.0,259.0,368.0,202.0,95.0,100.0,102.0,2574.0,17,031,807400,3,170318074003
65.0,90.0,47.0,51.0,26.0,57.0,26.0,18.0,15.0,192.0,85.0,76.0,96.0,35.0,42.0,85.0,1006.0,17,031,807400,4,170318074004
53.0,50.0,34.0,54.0,37.0,29.0,31.0,36.0,137.0,43.0,149.0,178.0,80.0,36.0,63.0,144.0,1154.0,17,031,807400,5,170318074005
89.0,43.0,36.0,25.0,57.0,46.0,72.0,28.0,27.0,127.0,75.0,172.0,223.0,76.0,105.0,79.0,1280.0,17,031,807500,1,170318075001
100.0,18.0,40.0,22.0,46.0,43.0,38.0,90.0,37.0,60.0,99.0,176.0,77.0,36.0,71.0,143.0,1096.0,17,031,807500,2,170318075002
43.0,14.0,23.0,54.0,24.0,37.0,34.0,20.0,87.0,71.0,127.0,144.0,127.0,59.0,84.0,73.0,1021.0,17,031,807500,3,170318075003
40.0,72.0,77.0,73.0,40.0,31.0,94.0,29.0,47.0,121.0,181.0,129.0,115.0,70.0,71.0,72.0,1262.0,17,031,807600,1,170318076001
47.0,85.0,108.0,49.0,64.0,46.0,53.0,34.0,28.0,106.0,186.0,167.0,161.0,113.0,151.0,146.0,1544.0,17,031,807600,2,170318076002
40.0,45.0,38.0,31.0,30.0,86.0,79.0,16.0,29.0,64.0,89.0,162.0,83.0,24.0,67.0,39.0,922.0,17,031,807600,3,170318076003
53.0,29.0,82.0,79.0,72.0,22.0,50.0,61.0,24.0,88.0,213.0,209.0,47.0,27.0,69.0,47.0,1172.0,17,031,807600,4,170318076004
94.0,27.0,97.0,48.0,39.0,45.0,109.0,44.0,52.0,56.0,245.0,116.0,83.0,153.0,132.0,78.0,1418.0,17,031,807600,5,170318076005
172.0,129.0,125.0,121.0,151.0,95.0,210.0,73.0,103.0,169.0,115.0,248.0,257.0,109.0,96.0,93.0,2266.0,17,031,807700,1,170318077001
88.0,61.0,48.0,64.0,204.0,49.0,23.0,115.0,37.0,77.0,150.0,183.0,120.0,66.0,74.0,87.0,1446.0,17,031,807700,2,170318077002
46.0,23.0,40.0,21.0,59.0,27.0,24.0,53.0,29.0,138.0,52.0,159.0,86.0,59.0,31.0,167.0,1014.0,17,031,807700,3,170318077003
133.0,137.0,72.0,39.0,43.0,31.0,30.0,49.0,42.0,169.0,131.0,160.0,121.0,64.0,108.0,154.0,1483.0,17,031,807700,4,170318077004
59.0,70.0,39.0,62.0,40.0,32.0,47.0,36.0,50.0,76.0,148.0,221.0,127.0,91.0,147.0,128.0,1373.0,17,031,807800,1,170318078001
50.0,38.0,40.0,27.0,74.0,45.0,90.0,56.0,39.0,112.0,150.0,158.0,190.0,94.0,91.0,74.0,1328.0,17,031,807800,2,170318078002
81.0,54.0,56.0,32.0,47.0,79.0,34.0,29.0,59.0,103.0,129.0,205.0,191.0,89.0,145.0,123.0,1456.0,17,031,807900,1,170318079001
79.0,35.0,38.0,33.0,40.0,61.0,53.0,39.0,54.0,107.0,186.0,157.0,191.0,147.0,72.0,130.0,1422.0,17,031,807900,2,170318079002
52.0,19.0,24.0,25.0,40.0,48.0,38.0,27.0,18.0,56.0,106.0,150.0,82.0,130.0,165.0,196.0,1176.0,17,031,807900,3,170318079003
42.0,27.0,62.0,56.0,53.0,56.0,30.0,32.0,45.0,56.0,74.0,158.0,99.0,131.0,90.0,114.0,1125.0,17,031,808001,1,170318080011
47.0,21.0,63.0,57.0,33.0,56.0,23.0,43.0,17.0,98.0,73.0,160.0,93.0,128.0,109.0,87.0,1108.0,17,031,808001,2,170318080012
52.0,65.0,57.0,51.0,77.0,107.0,39.0,34.0,35.0,87.0,185.0,216.0,200.0,155.0,139.0,142.0,1641.0,17,031,808001,3,170318080013
58.0,27.0,58.0,67.0,33.0,33.0,62.0,29.0,40.0,142.0,136.0,171.0,64.0,122.0,127.0,88.0,1257.0,17,031,808002,1,170318080021
52.0,56.0,25.0,64.0,44.0,30.0,100.0,52.0,45.0,58.0,122.0,107.0,149.0,91.0,105.0,124.0,1224.0,17,031,808002,2,170318080022
49.0,62.0,46.0,27.0,85.0,39.0,36.0,32.0,32.0,133.0,193.0,264.0,137.0,111.0,115.0,254.0,1615.0,17,031,808002,3,170318080023
35.0,18.0,30.0,12.0,16.0,11.0,31.0,21.0,6.0,16.0,92.0,69.0,22.0,33.0,43.0,63.0,518.0,17,031,808002,4,170318080024
52.0,63.0,41.0,53.0,57.0,100.0,27.0,30.0,118.0,109.0,94.0,87.0,135.0,87.0,52.0,63.0,1168.0,17,031,808100,1,170318081001
176.0,93.0,91.0,94.0,88.0,86.0,91.0,65.0,44.0,144.0,156.0,188.0,177.0,92.0,88.0,114.0,1787.0,17,031,808100,2,170318081002
96.0,66.0,152.0,61.0,70.0,80.0,72.0,114.0,104.0,140.0,268.0,315.0,234.0,209.0,126.0,105.0,2212.0,17,031,808200,1,170318082001
87.0,61.0,62.0,145.0,50.0,90.0,36.0,101.0,56.0,107.0,124.0,209.0,151.0,178.0,105.0,70.0,1632.0,17,031,808200,2,170318082002
143.0,68.0,94.0,81.0,48.0,131.0,65.0,86.0,45.0,123.0,192.0,260.0,134.0,82.0,95.0,83.0,1730.0,17,031,808200,3,170318082003
62.0,44.0,27.0,104.0,54.0,18.0,126.0,36.0,32.0,98.0,60.0,144.0,63.0,41.0,49.0,77.0,1035.0,17,031,808301,1,170318083011
127.0,73.0,100.0,204.0,72.0,78.0,75.0,82.0,101.0,174.0,303.0,498.0,340.0,212.0,184.0,143.0,2766.0,17,031,808301,2,170318083012
50.0,38.0,84.0,22.0,58.0,37.0,49.0,20.0,33.0,54.0,117.0,55.0,74.0,98.0,92.0,90.0,971.0,17,031,808301,3,170318083013
49.0,26.0,42.0,30.0,35.0,48.0,43.0,39.0,38.0,110.0,127.0,125.0,132.0,44.0,59.0,48.0,995.0,17,031,808301,4,170318083014
43.0,34.0,57.0,48.0,61.0,34.0,75.0,43.0,55.0,178.0,88.0,172.0,118.0,135.0,149.0,71.0,1361.0,17,031,808302,1,170318083021
158.0,71.0,76.0,147.0,70.0,63.0,111.0,69.0,69.0,100.0,252.0,272.0,184.0,123.0,137.0,89.0,1991.0,17,031,808302,2,170318083022
37.0,45.0,19.0,31.0,30.0,17.0,41.0,8.0,12.0,45.0,53.0,74.0,86.0,14.0,15.0,52.0,579.0,17,031,808302,3,170318083023
102.0,55.0,53.0,113.0,51.0,51.0,82.0,66.0,31.0,135.0,150.0,286.0,143.0,179.0,154.0,167.0,1818.0,17,031,808400,1,170318084001
54.0,37.0,115.0,32.0,50.0,23.0,55.0,26.0,36.0,92.0,86.0,119.0,132.0,131.0,82.0,58.0,1128.0,17,031,808400,2,170318084002
107.0,51.0,85.0,48.0,43.0,47.0,73.0,30.0,65.0,97.0,170.0,201.0,141.0,93.0,79.0,92.0,1422.0,17,031,808400,3,170318084003
68.0,38.0,49.0,37.0,77.0,106.0,43.0,64.0,47.0,122.0,137.0,250.0,105.0,102.0,74.0,105.0,1424.0,17,031,808500,1,170318085001
29.0,37.0,14.0,40.0,9.0,31.0,36.0,40.0,14.0,39.0,29.0,69.0,95.0,31.0,76.0,42.0,631.0,17,031,808500,2,170318085002
49.0,41.0,51.0,32.0,22.0,23.0,25.0,53.0,42.0,68.0,44.0,187.0,114.0,137.0,82.0,88.0,1058.0,17,031,808500,3,170318085003
38.0,32.0,46.0,21.0,18.0,39.0,28.0,35.0,54.0,52.0,110.0,130.0,131.0,67.0,52.0,72.0,925.0,17,031,808500,4,170318085004
44.0,27.0,29.0,62.0,24.0,41.0,21.0,28.0,65.0,62.0,76.0,130.0,108.0,85.0,87.0,278.0,1167.0,17,031,808600,1,170318086001
37.0,10.0,68.0,42.0,31.0,29.0,29.0,27.0,24.0,62.0,85.0,140.0,51.0,36.0,82.0,98.0,851.0,17,031,808600,2,170318086002
119.0,37.0,15.0,44.0,37.0,39.0,33.0,16.0,12.0,62.0,48.0,102.0,49.0,39.0,51.0,58.0,761.0,17,031,808702,1,170318087021
10.0,8.0,3.0,4.0,5.0,1.0,4.0,7.0,0.0,8.0,12.0,13.0,31.0,3.0,5.0,12.0,126.0,17,031,808702,2,170318087022
83.0,43.0,39.0,99.0,51.0,37.0,44.0,76.0,65.0,108.0,153.0,226.0,140.0,150.0,123.0,227.0,1664.0,17,031,808800,1,170318088001
119.0,65.0,30.0,81.0,34.0,33.0,31.0,51.0,65.0,121.0,86.0,116.0,141.0,133.0,115.0,269.0,1490.0,17,031,808800,2,170318088002
112.0,45.0,50.0,42.0,103.0,64.0,57.0,39.0,53.0,55.0,134.0,128.0,119.0,93.0,136.0,181.0,1411.0,17,031,808900,1,170318089001
36.0,26.0,19.0,35.0,18.0,60.0,25.0,14.0,16.0,46.0,46.0,89.0,69.0,37.0,55.0,94.0,685.0,17,031,808900,2,170318089002
83.0,42.0,69.0,41.0,82.0,95.0,37.0,35.0,51.0,104.0,151.0,210.0,194.0,135.0,178.0,324.0,1831.0,17,031,808900,3,170318089003
23.0,13.0,15.0,17.0,15.0,14.0,13.0,19.0,19.0,25.0,53.0,57.0,95.0,69.0,58.0,182.0,687.0,17,031,809000,1,170318090001
31.0,18.0,55.0,26.0,23.0,20.0,24.0,17.0,18.0,30.0,72.0,106.0,102.0,44.0,74.0,319.0,979.0,17,031,809000,2,170318090002
56.0,30.0,57.0,57.0,61.0,27.0,42.0,55.0,82.0,79.0,115.0,180.0,129.0,68.0,113.0,204.0,1355.0,17,031,809000,3,170318090003
35.0,17.0,20.0,15.0,27.0,41.0,17.0,36.0,14.0,52.0,84.0,151.0,119.0,65.0,170.0,119.0,982.0,17,031,809000,4,170318090004
36.0,32.0,44.0,37.0,36.0,18.0,23.0,71.0,35.0,77.0,122.0,135.0,98.0,117.0,76.0,138.0,1095.0,17,031,809100,1,170318091001
27.0,42.0,40.0,31.0,19.0,20.0,14.0,20.0,46.0,39.0,119.0,90.0,60.0,72.0,74.0,209.0,922.0,17,031,809100,2,170318091002
65.0,27.0,44.0,29.0,78.0,71.0,27.0,73.0,62.0,86.0,127.0,119.0,88.0,46.0,102.0,212.0,1256.0,17,031,809100,3,170318091003
141.0,80.0,29.0,63.0,51.0,30.0,34.0,69.0,89.0,157.0,73.0,168.0,102.0,73.0,74.0,37.0,1270.0,17,031,809200,1,170318092001
25.0,77.0,57.0,50.0,63.0,20.0,30.0,32.0,68.0,87.0,71.0,105.0,70.0,57.0,35.0,62.0,909.0,17,031,809200,2,170318092002
52.0,125.0,36.0,94.0,57.0,48.0,44.0,85.0,45.0,116.0,118.0,238.0,69.0,63.0,108.0,84.0,1382.0,17,031,809200,3,170318092003
78.0,103.0,45.0,35.0,43.0,85.0,27.0,48.0,120.0,86.0,200.0,276.0,123.0,102.0,120.0,57.0,1548.0,17,031,809200,4,170318092004
164.0,59.0,54.0,15.0,28.0,18.0,38.0,13.0,33.0,40.0,86.0,53.0,60.0,54.0,41.0,87.0,843.0,17,031,809300,1,170318093001
338.0,117.0,97.0,57.0,74.0,41.0,92.0,69.0,60.0,96.0,130.0,190.0,85.0,177.0,79.0,117.0,1819.0,17,031,809300,2,170318093002
367.0,98.0,114.0,56.0,88.0,73.0,67.0,30.0,47.0,65.0,89.0,191.0,99.0,69.0,95.0,130.0,1678.0,17,031,809300,3,170318093003
89.0,28.0,29.0,55.0,40.0,25.0,30.0,39.0,25.0,45.0,48.0,82.0,90.0,41.0,62.0,133.0,861.0,17,031,809400,1,170318094001
184.0,90.0,74.0,51.0,69.0,62.0,36.0,65.0,69.0,78.0,106.0,164.0,136.0,75.0,83.0,89.0,1431.0,17,031,809400,2,170318094002
112.0,30.0,57.0,47.0,64.0,44.0,49.0,53.0,47.0,46.0,110.0,123.0,105.0,90.0,85.0,179.0,1241.0,17,031,809400,3,170318094003
322.0,65.0,36.0,63.0,53.0,76.0,40.0,35.0,26.0,126.0,68.0,120.0,61.0,52.0,66.0,53.0,1262.0,17,031,809400,4,170318094004
143.0,34.0,70.0,35.0,50.0,46.0,43.0,40.0,46.0,80.0,111.0,174.0,93.0,93.0,89.0,136.0,1283.0,17,031,809500,1,170318095001
118.0,43.0,97.0,60.0,69.0,104.0,98.0,51.0,30.0,68.0,146.0,143.0,109.0,51.0,88.0,69.0,1344.0,17,031,809500,2,170318095002
40.0,24.0,16.0,42.0,16.0,18.0,18.0,53.0,59.0,64.0,71.0,57.0,63.0,78.0,53.0,66.0,738.0,17,031,809500,3,170318095003
33.0,28.0,26.0,17.0,19.0,39.0,28.0,12.0,17.0,48.0,48.0,104.0,107.0,32.0,104.0,175.0,837.0,17,031,809600,1,170318096001
112.0,38.0,90.0,52.0,65.0,118.0,141.0,85.0,54.0,72.0,181.0,155.0,94.0,76.0,123.0,125.0,1581.0,17,031,809600,2,170318096002
21.0,45.0,24.0,67.0,44.0,16.0,40.0,21.0,47.0,71.0,141.0,95.0,70.0,40.0,52.0,29.0,823.0,17,031,809600,3,170318096003
51.0,24.0,57.0,29.0,57.0,52.0,23.0,78.0,41.0,59.0,153.0,104.0,135.0,105.0,140.0,98.0,1206.0,17,031,809700,1,170318097001
66.0,89.0,66.0,91.0,75.0,99.0,48.0,76.0,81.0,140.0,250.0,298.0,241.0,188.0,158.0,170.0,2136.0,17,031,809700,2,170318097002
19.0,25.0,28.0,21.0,28.0,11.0,36.0,26.0,34.0,38.0,67.0,71.0,53.0,80.0,28.0,40.0,605.0,17,031,809700,3,170318097003
48.0,21.0,22.0,32.0,43.0,17.0,22.0,39.0,29.0,45.0,56.0,79.0,102.0,61.0,32.0,88.0,736.0,17,031,809800,1,170318098001
149.0,68.0,99.0,75.0,73.0,61.0,91.0,93.0,68.0,121.0,113.0,202.0,166.0,97.0,157.0,199.0,1832.0,17,031,809800,2,170318098002
205.0,73.0,96.0,79.0,70.0,83.0,80.0,78.0,101.0,200.0,278.0,433.0,287.0,202.0,257.0,479.0,3001.0,17,031,809900,1,170318099001
159.0,46.0,128.0,61.0,108.0,39.0,53.0,64.0,90.0,146.0,199.0,320.0,154.0,109.0,149.0,120.0,1945.0,17,031,810000,1,170318100001
119.0,61.0,65.0,55.0,34.0,105.0,57.0,41.0,109.0,99.0,135.0,219.0,177.0,102.0,143.0,193.0,1714.0,17,031,810000,2,170318100002
51.0,74.0,34.0,91.0,32.0,49.0,76.0,56.0,96.0,112.0,102.0,172.0,81.0,50.0,64.0,93.0,1233.0,17,031,810000,3,170318100003
17.0,55.0,36.0,14.0,25.0,14.0,16.0,18.0,25.0,50.0,67.0,112.0,95.0,18.0,44.0,36.0,642.0,17,031,810100,1,170318101001
61.0,52.0,36.0,63.0,35.0,89.0,84.0,50.0,70.0,116.0,51.0,97.0,124.0,47.0,104.0,43.0,1122.0,17,031,810100,2,170318101002
55.0,19.0,79.0,84.0,22.0,31.0,59.0,24.0,17.0,108.0,121.0,74.0,58.0,47.0,58.0,186.0,1042.0,17,031,810100,3,170318101003
23.0,10.0,38.0,9.0,12.0,22.0,12.0,11.0,15.0,63.0,25.0,28.0,92.0,37.0,51.0,31.0,479.0,17,031,810100,4,170318101004
61.0,46.0,58.0,45.0,77.0,101.0,27.0,69.0,97.0,68.0,168.0,203.0,136.0,85.0,140.0,77.0,1458.0,17,031,810100,5,170318101005
30.0,17.0,74.0,97.0,98.0,47.0,49.0,44.0,16.0,55.0,65.0,126.0,123.0,32.0,44.0,44.0,961.0,17,031,810200,1,170318102001
49.0,57.0,28.0,45.0,26.0,38.0,22.0,128.0,42.0,46.0,112.0,201.0,67.0,40.0,69.0,97.0,1067.0,17,031,810200,2,170318102002
51.0,91.0,46.0,33.0,48.0,125.0,63.0,95.0,20.0,53.0,78.0,133.0,86.0,131.0,53.0,77.0,1183.0,17,031,810200,3,170318102003
87.0,77.0,91.0,83.0,37.0,46.0,37.0,71.0,76.0,124.0,152.0,188.0,88.0,72.0,66.0,52.0,1347.0,17,031,810200,4,170318102004
65.0,13.0,15.0,10.0,10.0,9.0,37.0,15.0,21.0,39.0,31.0,58.0,103.0,50.0,12.0,23.0,511.0,17,031,810200,5,170318102005
21.0,16.0,51.0,75.0,23.0,20.0,22.0,73.0,24.0,50.0,70.0,179.0,61.0,67.0,31.0,49.0,832.0,17,031,810200,6,170318102006
56.0,20.0,61.0,17.0,22.0,22.0,22.0,53.0,27.0,114.0,64.0,156.0,100.0,88.0,41.0,84.0,947.0,17,031,810301,1,170318103011
24.0,52.0,35.0,77.0,20.0,25.0,17.0,59.0,18.0,92.0,100.0,123.0,105.0,63.0,47.0,63.0,920.0,17,031,810301,2,170318103012
45.0,27.0,35.0,13.0,29.0,71.0,38.0,76.0,27.0,70.0,116.0,115.0,77.0,45.0,42.0,53.0,879.0,17,031,810301,3,170318103013
22.0,30.0,22.0,51.0,40.0,26.0,47.0,28.0,14.0,84.0,117.0,71.0,55.0,40.0,46.0,39.0,732.0,17,031,810301,4,170318103014
68.0,25.0,31.0,26.0,48.0,135.0,65.0,80.0,62.0,85.0,145.0,146.0,93.0,87.0,177.0,79.0,1352.0,17,031,810302,1,170318103021
58.0,36.0,73.0,46.0,77.0,51.0,42.0,38.0,13.0,70.0,132.0,97.0,111.0,72.0,69.0,82.0,1067.0,17,031,810302,2,170318103022
23.0,15.0,18.0,27.0,35.0,19.0,26.0,31.0,31.0,71.0,48.0,85.0,82.0,95.0,65.0,63.0,734.0,17,031,810302,3,170318103023
24.0,55.0,15.0,21.0,18.0,64.0,21.0,23.0,27.0,41.0,53.0,91.0,107.0,55.0,99.0,58.0,772.0,17,031,810400,1,170318104001
30.0,21.0,31.0,66.0,34.0,30.0,62.0,17.0,17.0,62.0,97.0,149.0,167.0,69.0,116.0,165.0,1133.0,17,031,810400,2,170318104002
139.0,99.0,80.0,127.0,82.0,118.0,140.0,108.0,106.0,229.0,281.0,282.0,262.0,122.0,157.0,147.0,2479.0,17,031,810400,3,170318104003
94.0,10.0,36.0,29.0,38.0,45.0,41.0,27.0,14.0,67.0,62.0,199.0,97.0,35.0,114.0,60.0,968.0,17,031,810400,4,170318104004
49.0,42.0,52.0,47.0,28.0,48.0,43.0,43.0,8.0,58.0,46.0,105.0,94.0,50.0,54.0,38.0,805.0,17,031,810501,1,170318105011
21.0,32.0,57.0,48.0,59.0,36.0,42.0,30.0,20.0,42.0,110.0,91.0,93.0,57.0,64.0,35.0,837.0,17,031,810501,2,170318105012
38.0,20.0,37.0,60.0,21.0,66.0,26.0,18.0,50.0,66.0,103.0,110.0,51.0,43.0,39.0,72.0,820.0,17,031,810501,3,170318105013
37.0,72.0,70.0,35.0,41.0,43.0,66.0,24.0,41.0,44.0,169.0,186.0,121.0,57.0,49.0,55.0,1110.0,17,031,810501,4,170318105014
40.0,115.0,77.0,66.0,34.0,64.0,54.0,50.0,50.0,54.0,164.0,170.0,208.0,77.0,86.0,47.0,1356.0,17,031,810501,5,170318105015
32.0,16.0,64.0,15.0,48.0,41.0,15.0,87.0,41.0,34.0,57.0,44.0,76.0,17.0,30.0,27.0,644.0,17,031,810502,1,170318105021
72.0,16.0,58.0,25.0,25.0,21.0,36.0,24.0,33.0,63.0,169.0,173.0,93.0,44.0,36.0,59.0,947.0,17,031,810502,2,170318105022
99.0,126.0,90.0,50.0,104.0,98.0,66.0,86.0,94.0,141.0,137.0,192.0,65.0,74.0,50.0,52.0,1524.0,17,031,810502,3,170318105023
113.0,39.0,83.0,39.0,25.0,32.0,58.0,26.0,40.0,46.0,60.0,123.0,65.0,48.0,30.0,31.0,858.0,17,031,810502,4,170318105024
29.0,15.0,40.0,18.0,44.0,39.0,28.0,17.0,40.0,77.0,88.0,140.0,94.0,56.0,29.0,34.0,788.0,17,031,810502,5,170318105025
72.0,63.0,118.0,59.0,99.0,97.0,43.0,56.0,57.0,109.0,149.0,171.0,173.0,99.0,45.0,46.0,1456.0,17,031,810600,1,170318106001
124.0,142.0,51.0,88.0,57.0,47.0,71.0,196.0,78.0,213.0,172.0,223.0,119.0,105.0,132.0,104.0,1922.0,17,031,810600,2,170318106002
117.0,59.0,60.0,56.0,32.0,80.0,95.0,79.0,73.0,162.0,151.0,116.0,88.0,47.0,52.0,54.0,1321.0,17,031,810600,3,170318106003
69.0,76.0,87.0,92.0,41.0,86.0,93.0,49.0,88.0,91.0,165.0,161.0,208.0,66.0,58.0,62.0,1492.0,17,031,810701,1,170318107011
55.0,49.0,70.0,78.0,138.0,100.0,90.0,41.0,25.0,96.0,114.0,134.0,147.0,49.0,56.0,48.0,1290.0,17,031,810701,2,170318107012
75.0,66.0,94.0,69.0,43.0,65.0,64.0,51.0,60.0,91.0,145.0,142.0,67.0,37.0,37.0,63.0,1169.0,17,031,810701,3,170318107013
65.0,54.0,114.0,44.0,51.0,46.0,34.0,32.0,87.0,63.0,99.0,136.0,59.0,76.0,54.0,55.0,1069.0,17,031,810701,4,170318107014
64.0,79.0,80.0,79.0,78.0,79.0,42.0,67.0,146.0,143.0,147.0,166.0,182.0,56.0,105.0,62.0,1575.0,17,031,810702,1,170318107021
31.0,52.0,34.0,63.0,33.0,20.0,47.0,39.0,11.0,20.0,55.0,59.0,46.0,27.0,21.0,25.0,583.0,17,031,810702,2,170318107022
116.0,148.0,55.0,62.0,111.0,80.0,36.0,63.0,79.0,88.0,190.0,141.0,124.0,105.0,102.0,89.0,1589.0,17,031,810702,3,170318107023
54.0,47.0,68.0,21.0,25.0,33.0,81.0,34.0,17.0,47.0,83.0,155.0,85.0,55.0,56.0,55.0,916.0,17,031,810800,1,170318108001
126.0,64.0,118.0,100.0,92.0,79.0,83.0,59.0,57.0,115.0,117.0,219.0,232.0,144.0,75.0,89.0,1769.0,17,031,810800,2,170318108002
87.0,35.0,51.0,54.0,48.0,163.0,54.0,34.0,51.0,84.0,237.0,193.0,220.0,126.0,118.0,78.0,1633.0,17,031,810800,3,170318108003
52.0,26.0,90.0,47.0,42.0,33.0,26.0,57.0,25.0,54.0,179.0,204.0,131.0,51.0,89.0,62.0,1168.0,17,031,810800,4,170318108004
97.0,132.0,39.0,88.0,85.0,78.0,64.0,48.0,67.0,203.0,348.0,169.0,120.0,61.0,74.0,75.0,1748.0,17,031,810900,1,170318109001
100.0,96.0,51.0,71.0,115.0,67.0,225.0,62.0,95.0,110.0,154.0,230.0,179.0,50.0,71.0,128.0,1804.0,17,031,810900,2,170318109002
27.0,22.0,15.0,40.0,16.0,103.0,12.0,49.0,8.0,86.0,29.0,121.0,60.0,62.0,46.0,40.0,736.0,17,031,810900,3,170318109003
47.0,12.0,75.0,12.0,58.0,12.0,16.0,97.0,65.0,27.0,62.0,82.0,57.0,26.0,22.0,30.0,700.0,17,031,810900,4,170318109004
78.0,16.0,40.0,28.0,48.0,32.0,54.0,149.0,73.0,95.0,154.0,142.0,123.0,53.0,103.0,47.0,1235.0,17,031,810900,5,170318109005
29.0,82.0,19.0,26.0,14.0,11.0,27.0,26.0,38.0,43.0,78.0,114.0,64.0,44.0,27.0,38.0,680.0,17,031,811000,1,170318110001
48.0,22.0,18.0,59.0,50.0,35.0,22.0,18.0,32.0,59.0,117.0,97.0,144.0,53.0,101.0,68.0,943.0,17,031,811000,2,170318110002
108.0,12.0,35.0,9.0,39.0,20.0,25.0,15.0,18.0,31.0,47.0,178.0,83.0,27.0,58.0,66.0,771.0,17,031,811000,3,170318110003
58.0,43.0,38.0,22.0,39.0,61.0,20.0,21.0,53.0,39.0,88.0,147.0,97.0,52.0,51.0,52.0,881.0,17,031,811000,4,170318110004
32.0,14.0,37.0,63.0,20.0,48.0,14.0,25.0,71.0,58.0,84.0,146.0,94.0,45.0,62.0,66.0,879.0,17,031,811000,5,170318110005
15.0,21.0,5.0,8.0,51.0,4.0,5.0,28.0,40.0,31.0,13.0,58.0,11.0,7.0,8.0,11.0,316.0,17,031,811100,1,170318111001
61.0,112.0,157.0,56.0,72.0,70.0,84.0,36.0,51.0,114.0,268.0,166.0,117.0,70.0,89.0,66.0,1589.0,17,031,811100,2,170318111002
27.0,49.0,29.0,21.0,24.0,26.0,46.0,48.0,21.0,63.0,145.0,256.0,105.0,107.0,32.0,40.0,1039.0,17,031,811100,3,170318111003
118.0,76.0,55.0,56.0,184.0,67.0,32.0,34.0,22.0,91.0,67.0,102.0,107.0,39.0,51.0,66.0,1167.0,17,031,811100,4,170318111004
186.0,81.0,171.0,143.0,165.0,40.0,83.0,181.0,138.0,135.0,113.0,210.0,116.0,81.0,66.0,80.0,1989.0,17,031,811100,5,170318111005
39.0,52.0,54.0,20.0,40.0,27.0,34.0,20.0,45.0,107.0,125.0,155.0,62.0,51.0,55.0,30.0,916.0,17,031,811200,1,170318112001
152.0,48.0,66.0,62.0,103.0,77.0,45.0,85.0,87.0,157.0,149.0,245.0,182.0,58.0,105.0,64.0,1685.0,17,031,811200,2,170318112002
53.0,31.0,24.0,35.0,38.0,36.0,87.0,57.0,39.0,77.0,64.0,302.0,59.0,52.0,165.0,47.0,1166.0,17,031,811200,3,170318112003
76.0,59.0,44.0,33.0,58.0,25.0,68.0,58.0,79.0,92.0,86.0,80.0,114.0,40.0,49.0,38.0,999.0,17,031,811200,4,170318112004
35.0,59.0,18.0,55.0,81.0,47.0,25.0,20.0,69.0,35.0,112.0,195.0,41.0,36.0,50.0,35.0,913.0,17,031,811200,5,170318112005
86.0,123.0,49.0,118.0,39.0,31.0,62.0,92.0,20.0,72.0,164.0,157.0,144.0,116.0,59.0,72.0,1404.0,17,031,811301,1,170318113011
44.0,30.0,26.0,32.0,35.0,69.0,41.0,68.0,63.0,37.0,90.0,146.0,80.0,45.0,68.0,47.0,921.0,17,031,811301,2,170318113012
39.0,59.0,69.0,40.0,70.0,62.0,54.0,71.0,104.0,140.0,166.0,185.0,161.0,56.0,107.0,93.0,1476.0,17,031,811301,3,170318113013
44.0,39.0,70.0,45.0,53.0,85.0,105.0,91.0,39.0,83.0,135.0,269.0,137.0,44.0,62.0,69.0,1370.0,17,031,811301,4,170318113014
57.0,54.0,67.0,97.0,24.0,44.0,22.0,54.0,33.0,124.0,70.0,109.0,183.0,78.0,51.0,56.0,1123.0,17,031,811302,1,170318113021
145.0,133.0,186.0,146.0,205.0,121.0,121.0,146.0,133.0,126.0,256.0,307.0,151.0,88.0,93.0,84.0,2441.0,17,031,811302,2,170318113022
37.0,18.0,15.0,10.0,39.0,35.0,12.0,45.0,29.0,152.0,113.0,152.0,68.0,57.0,72.0,35.0,889.0,17,031,811401,1,170318114011
35.0,23.0,38.0,49.0,48.0,118.0,19.0,20.0,26.0,60.0,99.0,119.0,171.0,73.0,95.0,61.0,1054.0,17,031,811401,2,170318114012
34.0,23.0,16.0,50.0,47.0,35.0,66.0,57.0,15.0,143.0,76.0,111.0,82.0,40.0,26.0,24.0,845.0,17,031,811401,3,170318114013
45.0,40.0,72.0,34.0,109.0,72.0,26.0,54.0,158.0,126.0,78.0,200.0,116.0,64.0,105.0,48.0,1347.0,17,031,811401,4,170318114014
91.0,40.0,41.0,55.0,40.0,79.0,57.0,28.0,62.0,50.0,114.0,120.0,75.0,85.0,31.0,34.0,1002.0,17,031,811401,5,170318114015
81.0,46.0,51.0,75.0,37.0,93.0,49.0,133.0,74.0,102.0,138.0,157.0,129.0,58.0,62.0,72.0,1357.0,17,031,811402,1,170318114021
91.0,48.0,97.0,39.0,53.0,55.0,53.0,107.0,49.0,121.0,204.0,171.0,161.0,107.0,96.0,55.0,1507.0,17,031,811402,2,170318114022
68.0,71.0,56.0,134.0,114.0,64.0,52.0,58.0,45.0,94.0,149.0,215.0,156.0,92.0,137.0,59.0,1564.0,17,031,811402,3,170318114023
55.0,58.0,60.0,118.0,63.0,99.0,84.0,69.0,49.0,208.0,292.0,225.0,152.0,91.0,108.0,81.0,1812.0,17,031,811500,1,170318115001
55.0,100.0,51.0,81.0,44.0,76.0,42.0,95.0,71.0,66.0,216.0,225.0,152.0,129.0,51.0,78.0,1532.0,17,031,811500,2,170318115002
29.0,26.0,25.0,47.0,40.0,34.0,88.0,49.0,28.0,102.0,108.0,180.0,98.0,33.0,83.0,67.0,1037.0,17,031,811500,3,170318115003
62.0,66.0,158.0,39.0,54.0,82.0,57.0,44.0,46.0,116.0,167.0,333.0,115.0,68.0,81.0,88.0,1576.0,17,031,811500,4,170318115004
118.0,29.0,191.0,61.0,95.0,33.0,38.0,117.0,117.0,76.0,132.0,156.0,96.0,65.0,51.0,62.0,1437.0,17,031,811600,1,170318116001
49.0,47.0,71.0,163.0,113.0,69.0,47.0,163.0,43.0,138.0,90.0,159.0,96.0,44.0,108.0,82.0,1482.0,17,031,811600,2,170318116002
78.0,34.0,48.0,36.0,139.0,122.0,131.0,55.0,111.0,159.0,256.0,283.0,167.0,67.0,79.0,89.0,1854.0,17,031,811600,3,170318116003
68.0,50.0,86.0,37.0,80.0,104.0,64.0,87.0,43.0,63.0,154.0,129.0,86.0,45.0,48.0,37.0,1181.0,17,031,811600,4,170318116004
129.0,132.0,134.0,157.0,110.0,119.0,96.0,80.0,179.0,222.0,260.0,491.0,244.0,210.0,93.0,103.0,2759.0,17,031,811701,1,170318117011
158.0,60.0,106.0,31.0,16.0,20.0,56.0,132.0,35.0,83.0,78.0,75.0,82.0,29.0,34.0,39.0,1034.0,17,031,811701,2,170318117012
64.0,63.0,53.0,115.0,61.0,31.0,48.0,46.0,40.0,101.0,85.0,115.0,38.0,33.0,34.0,32.0,959.0,17,031,811702,1,170318117021
84.0,90.0,56.0,83.0,31.0,70.0,65.0,108.0,40.0,142.0,168.0,178.0,95.0,121.0,71.0,92.0,1494.0,17,031,811702,2,170318117022
106.0,57.0,112.0,67.0,53.0,90.0,155.0,111.0,84.0,72.0,395.0,229.0,285.0,135.0,136.0,100.0,2187.0,17,031,811702,3,170318117023
47.0,27.0,58.0,24.0,20.0,34.0,38.0,65.0,58.0,56.0,172.0,260.0,63.0,53.0,109.0,38.0,1122.0,17,031,811800,1,170318118001
76.0,61.0,93.0,70.0,71.0,53.0,50.0,53.0,105.0,141.0,112.0,294.0,241.0,171.0,110.0,88.0,1789.0,17,031,811800,2,170318118002
35.0,50.0,38.0,47.0,60.0,82.0,17.0,58.0,35.0,85.0,166.0,134.0,71.0,44.0,62.0,38.0,1022.0,17,031,811800,3,170318118003
64.0,24.0,53.0,29.0,74.0,70.0,93.0,30.0,44.0,95.0,127.0,286.0,130.0,108.0,80.0,49.0,1356.0,17,031,811800,4,170318118004
41.0,26.0,86.0,13.0,19.0,43.0,19.0,25.0,19.0,50.0,154.0,132.0,47.0,72.0,74.0,56.0,876.0,17,031,811900,1,170318119001
40.0,40.0,16.0,20.0,31.0,39.0,29.0,60.0,17.0,48.0,71.0,61.0,61.0,56.0,34.0,150.0,773.0,17,031,811900,2,170318119002
38.0,25.0,60.0,47.0,74.0,31.0,49.0,26.0,52.0,81.0,60.0,115.0,91.0,73.0,64.0,399.0,1285.0,17,031,811900,3,170318119003
148.0,64.0,91.0,79.0,55.0,100.0,67.0,137.0,45.0,81.0,158.0,234.0,129.0,70.0,172.0,461.0,2091.0,17,031,811900,4,170318119004
19.0,34.0,19.0,33.0,22.0,21.0,43.0,23.0,14.0,49.0,53.0,109.0,21.0,61.0,46.0,160.0,727.0,17,031,812000,1,170318120001
32.0,31.0,38.0,10.0,13.0,38.0,48.0,11.0,31.0,43.0,49.0,104.0,37.0,38.0,33.0,90.0,646.0,17,031,812000,2,170318120002
33.0,53.0,40.0,70.0,54.0,40.0,21.0,30.0,80.0,107.0,114.0,135.0,90.0,54.0,146.0,233.0,1300.0,17,031,812000,3,170318120003
24.0,5.0,18.0,20.0,39.0,18.0,89.0,14.0,18.0,88.0,130.0,87.0,59.0,62.0,68.0,52.0,791.0,17,031,812000,4,170318120004
35.0,43.0,24.0,27.0,25.0,17.0,28.0,34.0,14.0,64.0,76.0,48.0,135.0,96.0,47.0,131.0,844.0,17,031,812000,5,170318120005
48.0,19.0,23.0,22.0,17.0,41.0,16.0,45.0,24.0,68.0,49.0,138.0,87.0,80.0,50.0,194.0,921.0,17,031,812000,6,170318120006
61.0,19.0,102.0,24.0,78.0,44.0,22.0,91.0,37.0,112.0,107.0,132.0,87.0,79.0,69.0,78.0,1142.0,17,031,812100,1,170318121001
57.0,12.0,22.0,19.0,14.0,14.0,14.0,16.0,19.0,46.0,132.0,110.0,55.0,88.0,76.0,45.0,739.0,17,031,812100,2,170318121002
100.0,27.0,27.0,33.0,37.0,37.0,28.0,41.0,14.0,143.0,104.0,75.0,94.0,83.0,115.0,165.0,1123.0,17,031,812100,3,170318121003
24.0,13.0,16.0,32.0,16.0,16.0,19.0,40.0,15.0,42.0,68.0,114.0,112.0,64.0,62.0,68.0,721.0,17,031,812100,4,170318121004
19.0,29.0,13.0,10.0,24.0,19.0,15.0,41.0,36.0,25.0,100.0,57.0,50.0,30.0,91.0,41.0,600.0,17,031,812100,5,170318121005
39.0,29.0,29.0,30.0,22.0,36.0,22.0,27.0,25.0,63.0,95.0,134.0,51.0,78.0,116.0,392.0,1188.0,17,031,812200,1,170318122001
28.0,11.0,24.0,19.0,15.0,19.0,34.0,13.0,17.0,58.0,54.0,71.0,72.0,82.0,63.0,221.0,801.0,17,031,812200,2,170318122002
50.0,38.0,32.0,25.0,54.0,41.0,94.0,42.0,41.0,60.0,106.0,101.0,114.0,65.0,77.0,325.0,1265.0,17,031,812200,3,170318122003
19.0,32.0,21.0,23.0,9.0,23.0,20.0,27.0,32.0,39.0,83.0,82.0,68.0,68.0,62.0,184.0,792.0,17,031,812200,4,170318122004
22.0,38.0,24.0,43.0,17.0,19.0,12.0,20.0,21.0,42.0,99.0,74.0,41.0,32.0,37.0,46.0,587.0,17,031,812301,1,170318123011
90.0,46.0,60.0,53.0,41.0,65.0,111.0,122.0,158.0,83.0,153.0,205.0,159.0,118.0,57.0,99.0,1620.0,17,031,812301,2,170318123012
79.0,34.0,65.0,49.0,28.0,30.0,42.0,72.0,70.0,70.0,138.0,187.0,163.0,50.0,118.0,87.0,1282.0,17,031,812301,3,170318123013
38.0,15.0,21.0,20.0,19.0,49.0,21.0,10.0,10.0,35.0,34.0,118.0,113.0,44.0,74.0,98.0,719.0,17,031,812302,1,170318123021
94.0,48.0,21.0,14.0,62.0,38.0,85.0,41.0,28.0,56.0,75.0,110.0,70.0,104.0,89.0,132.0,1067.0,17,031,812302,2,170318123022
36.0,16.0,32.0,31.0,26.0,48.0,31.0,18.0,28.0,38.0,100.0,159.0,113.0,70.0,57.0,88.0,891.0,17,031,812302,3,170318123023
39.0,36.0,26.0,22.0,25.0,35.0,22.0,24.0,56.0,50.0,71.0,101.0,91.0,143.0,104.0,285.0,1130.0,17,031,812400,1,170318124001
32.0,21.0,50.0,44.0,44.0,57.0,42.0,28.0,20.0,58.0,99.0,137.0,99.0,45.0,81.0,238.0,1095.0,17,031,812400,2,170318124002
44.0,26.0,32.0,23.0,37.0,30.0,16.0,31.0,28.0,48.0,65.0,183.0,111.0,104.0,136.0,327.0,1241.0,17,031,812400,3,170318124003
91.0,53.0,69.0,78.0,37.0,22.0,32.0,27.0,20.0,59.0,162.0,136.0,67.0,60.0,79.0,63.0,1055.0,17,031,812500,1,170318125001
52.0,43.0,58.0,25.0,25.0,31.0,78.0,12.0,36.0,87.0,39.0,93.0,81.0,26.0,67.0,47.0,800.0,17,031,812500,2,170318125002
115.0,152.0,42.0,24.0,47.0,38.0,25.0,30.0,21.0,40.0,61.0,101.0,105.0,55.0,36.0,67.0,959.0,17,031,812500,3,170318125003
59.0,36.0,24.0,35.0,33.0,35.0,44.0,21.0,23.0,64.0,72.0,118.0,68.0,26.0,87.0,112.0,857.0,17,031,812500,4,170318125004
40.0,15.0,24.0,24.0,33.0,33.0,17.0,8.0,9.0,44.0,28.0,109.0,27.0,30.0,18.0,27.0,486.0,17,031,812600,1,170318126001
92.0,59.0,43.0,19.0,17.0,23.0,35.0,42.0,84.0,88.0,81.0,70.0,88.0,54.0,47.0,47.0,889.0,17,031,812600,2,170318126002
55.0,86.0,46.0,43.0,32.0,105.0,34.0,76.0,36.0,112.0,122.0,126.0,95.0,43.0,65.0,62.0,1138.0,17,031,812600,3,170318126003
33.0,16.0,50.0,46.0,45.0,21.0,21.0,34.0,18.0,116.0,60.0,88.0,71.0,49.0,50.0,132.0,850.0,17,031,812600,4,170318126004
38.0,23.0,32.0,32.0,39.0,23.0,36.0,56.0,45.0,34.0,159.0,82.0,65.0,76.0,43.0,127.0,910.0,17,031,812700,1,170318127001
27.0,16.0,53.0,32.0,23.0,49.0,15.0,39.0,12.0,62.0,99.0,123.0,120.0,38.0,73.0,90.0,871.0,17,031,812700,2,170318127002
104.0,84.0,54.0,35.0,85.0,52.0,70.0,29.0,32.0,106.0,101.0,208.0,103.0,66.0,47.0,133.0,1309.0,17,031,812700,3,170318127003
196.0,124.0,100.0,49.0,137.0,80.0,81.0,80.0,75.0,90.0,161.0,147.0,228.0,79.0,99.0,116.0,1842.0,17,031,812801,1,170318128011
67.0,49.0,64.0,35.0,35.0,49.0,26.0,20.0,18.0,117.0,89.0,90.0,53.0,35.0,77.0,65.0,889.0,17,031,812801,2,170318128012
48.0,27.0,17.0,16.0,28.0,18.0,30.0,60.0,16.0,40.0,27.0,90.0,51.0,36.0,35.0,63.0,602.0,17,031,812802,1,170318128021
52.0,59.0,24.0,52.0,61.0,55.0,39.0,20.0,18.0,64.0,82.0,98.0,105.0,37.0,61.0,131.0,958.0,17,031,812802,2,170318128022
74.0,139.0,48.0,29.0,108.0,36.0,51.0,31.0,31.0,73.0,76.0,148.0,94.0,60.0,90.0,48.0,1136.0,17,031,812802,3,170318128023
29.0,50.0,31.0,21.0,36.0,22.0,21.0,44.0,26.0,60.0,66.0,86.0,62.0,31.0,61.0,154.0,800.0,17,031,812900,1,170318129001
95.0,23.0,90.0,25.0,30.0,34.0,24.0,51.0,28.0,55.0,122.0,230.0,128.0,93.0,92.0,114.0,1234.0,17,031,812900,2,170318129002
101.0,41.0,38.0,64.0,26.0,25.0,78.0,39.0,43.0,68.0,154.0,157.0,124.0,120.0,115.0,220.0,1413.0,17,031,812900,3,170318129003
66.0,56.0,83.0,77.0,58.0,72.0,83.0,89.0,56.0,122.0,125.0,150.0,125.0,102.0,126.0,121.0,1511.0,17,031,812900,4,170318129004
23.0,19.0,15.0,40.0,15.0,18.0,18.0,24.0,16.0,30.0,63.0,104.0,65.0,55.0,42.0,67.0,614.0,17,031,813000,1,170318130001
83.0,30.0,22.0,35.0,54.0,21.0,40.0,22.0,39.0,73.0,66.0,115.0,87.0,66.0,75.0,75.0,903.0,17,031,813000,2,170318130002
35.0,14.0,24.0,12.0,10.0,8.0,28.0,16.0,5.0,41.0,71.0,67.0,57.0,42.0,131.0,22.0,583.0,17,031,813000,3,170318130003
38.0,46.0,34.0,33.0,16.0,74.0,27.0,43.0,38.0,37.0,61.0,145.0,82.0,45.0,48.0,96.0,863.0,17,031,813000,4,170318130004
14.0,10.0,13.0,6.0,4.0,9.0,9.0,12.0,20.0,27.0,52.0,47.0,74.0,26.0,49.0,52.0,424.0,17,031,813000,5,170318130005
75.0,38.0,50.0,21.0,115.0,27.0,20.0,37.0,49.0,124.0,59.0,108.0,66.0,48.0,53.0,40.0,930.0,17,031,813100,1,170318131001
92.0,15.0,37.0,18.0,38.0,17.0,13.0,14.0,26.0,44.0,83.0,135.0,83.0,66.0,65.0,35.0,781.0,17,031,813100,2,170318131002
33.0,25.0,16.0,17.0,10.0,95.0,19.0,28.0,53.0,57.0,82.0,118.0,198.0,66.0,56.0,46.0,919.0,17,031,813100,3,170318131003
54.0,24.0,20.0,32.0,36.0,19.0,63.0,31.0,68.0,47.0,86.0,83.0,106.0,88.0,31.0,27.0,815.0,17,031,813100,4,170318131004
82.0,24.0,40.0,33.0,39.0,33.0,39.0,19.0,37.0,56.0,123.0,244.0,173.0,81.0,147.0,154.0,1324.0,17,031,813100,5,170318131005
35.0,49.0,39.0,23.0,23.0,18.0,15.0,21.0,11.0,88.0,78.0,113.0,53.0,55.0,103.0,86.0,810.0,17,031,813200,1,170318132001
26.0,13.0,23.0,21.0,37.0,29.0,16.0,16.0,12.0,76.0,60.0,93.0,76.0,65.0,38.0,69.0,670.0,17,031,813200,2,170318132002
33.0,34.0,24.0,30.0,25.0,27.0,64.0,74.0,26.0,96.0,96.0,152.0,157.0,98.0,120.0,83.0,1139.0,17,031,813200,3,170318132003
34.0,15.0,44.0,49.0,44.0,16.0,111.0,26.0,39.0,26.0,53.0,101.0,109.0,41.0,101.0,76.0,885.0,17,031,813200,4,170318132004
37.0,18.0,19.0,40.0,45.0,43.0,24.0,32.0,67.0,37.0,54.0,138.0,153.0,78.0,93.0,140.0,1018.0,17,031,813200,5,170318132005
107.0,45.0,83.0,190.0,150.0,141.0,90.0,109.0,89.0,160.0,266.0,188.0,104.0,94.0,92.0,85.0,1993.0,17,031,813301,1,170318133011
64.0,89.0,52.0,21.0,63.0,109.0,16.0,21.0,21.0,23.0,79.0,49.0,26.0,11.0,23.0,27.0,694.0,17,031,813301,2,170318133012
61.0,20.0,33.0,49.0,86.0,89.0,12.0,18.0,19.0,50.0,91.0,55.0,71.0,17.0,30.0,29.0,730.0,17,031,813301,3,170318133013
135.0,62.0,118.0,50.0,47.0,206.0,38.0,75.0,140.0,177.0,228.0,171.0,83.0,115.0,68.0,109.0,1822.0,17,031,813302,1,170318133021
186.0,66.0,54.0,123.0,112.0,76.0,168.0,97.0,157.0,91.0,152.0,239.0,137.0,109.0,99.0,72.0,1938.0,17,031,813302,2,170318133022
142.0,121.0,53.0,67.0,99.0,50.0,111.0,61.0,73.0,155.0,138.0,310.0,106.0,61.0,76.0,70.0,1693.0,17,031,813400,1,170318134001
75.0,57.0,36.0,103.0,59.0,65.0,79.0,58.0,45.0,42.0,86.0,114.0,38.0,36.0,45.0,50.0,988.0,17,031,813400,2,170318134002
31.0,12.0,14.0,101.0,13.0,73.0,42.0,22.0,54.0,86.0,117.0,74.0,39.0,21.0,33.0,49.0,781.0,17,031,813400,3,170318134003
233.0,43.0,82.0,90.0,110.0,153.0,164.0,65.0,118.0,147.0,111.0,275.0,119.0,89.0,117.0,63.0,1979.0,17,031,813400,4,170318134004
28.0,15.0,70.0,20.0,19.0,96.0,35.0,32.0,14.0,120.0,164.0,157.0,49.0,28.0,30.0,35.0,912.0,17,031,813400,5,170318134005
49.0,33.0,149.0,98.0,91.0,49.0,153.0,77.0,69.0,118.0,178.0,208.0,82.0,56.0,62.0,65.0,1537.0,17,031,813400,6,170318134006
110.0,22.0,86.0,54.0,33.0,85.0,88.0,82.0,31.0,100.0,156.0,93.0,115.0,78.0,79.0,72.0,1284.0,17,031,813500,1,170318135001
88.0,98.0,120.0,81.0,114.0,84.0,133.0,91.0,66.0,56.0,189.0,199.0,111.0,72.0,173.0,61.0,1736.0,17,031,813500,2,170318135002
17.0,17.0,11.0,17.0,8.0,27.0,48.0,8.0,10.0,52.0,38.0,38.0,70.0,43.0,18.0,20.0,442.0,17,031,813500,3,170318135003
123.0,58.0,180.0,57.0,182.0,58.0,42.0,44.0,86.0,333.0,245.0,377.0,375.0,76.0,117.0,147.0,2500.0,17,031,813500,4,170318135004
69.0,137.0,39.0,97.0,96.0,173.0,55.0,222.0,46.0,159.0,214.0,257.0,156.0,217.0,189.0,82.0,2208.0,17,031,813500,5,170318135005
94.0,60.0,113.0,40.0,25.0,47.0,26.0,58.0,52.0,81.0,115.0,76.0,78.0,49.0,35.0,39.0,988.0,17,031,813600,1,170318136001
119.0,52.0,43.0,67.0,163.0,108.0,106.0,100.0,37.0,208.0,153.0,214.0,172.0,57.0,95.0,74.0,1768.0,17,031,813600,2,170318136002
161.0,89.0,46.0,56.0,199.0,170.0,156.0,112.0,142.0,192.0,324.0,301.0,211.0,101.0,90.0,84.0,2434.0,17,031,813600,3,170318136003
120.0,121.0,37.0,75.0,138.0,217.0,111.0,126.0,119.0,133.0,415.0,179.0,81.0,61.0,89.0,84.0,2106.0,17,031,813701,1,170318137011
63.0,74.0,54.0,98.0,89.0,113.0,32.0,56.0,98.0,149.0,168.0,128.0,73.0,51.0,46.0,56.0,1348.0,17,031,813701,2,170318137012
63.0,22.0,29.0,25.0,128.0,51.0,70.0,21.0,22.0,73.0,195.0,87.0,62.0,40.0,33.0,29.0,950.0,17,031,813702,1,170318137021
23.0,10.0,67.0,14.0,52.0,44.0,43.0,14.0,57.0,59.0,35.0,77.0,34.0,21.0,27.0,26.0,603.0,17,031,813702,2,170318137022
39.0,145.0,60.0,93.0,73.0,205.0,42.0,24.0,31.0,47.0,61.0,130.0,105.0,66.0,51.0,43.0,1215.0,17,031,813702,3,170318137023
44.0,57.0,60.0,65.0,71.0,27.0,59.0,63.0,65.0,137.0,199.0,174.0,64.0,84.0,50.0,45.0,1264.0,17,031,813702,4,170318137024
41.0,37.0,13.0,121.0,16.0,39.0,54.0,12.0,17.0,48.0,102.0,49.0,33.0,29.0,25.0,28.0,664.0,17,031,813801,1,170318138011
130.0,28.0,38.0,29.0,32.0,114.0,106.0,64.0,68.0,118.0,138.0,131.0,105.0,62.0,49.0,41.0,1253.0,17,031,813801,2,170318138012
57.0,24.0,127.0,55.0,75.0,62.0,45.0,65.0,94.0,101.0,148.0,101.0,119.0,31.0,42.0,37.0,1183.0,17,031,813801,3,170318138013
202.0,19.0,69.0,57.0,21.0,19.0,88.0,13.0,43.0,86.0,107.0,67.0,73.0,30.0,37.0,33.0,964.0,17,031,813802,1,170318138021
76.0,86.0,27.0,87.0,81.0,56.0,19.0,52.0,38.0,79.0,122.0,168.0,104.0,93.0,42.0,41.0,1171.0,17,031,813802,2,170318138022
44.0,49.0,168.0,38.0,50.0,39.0,86.0,32.0,96.0,138.0,101.0,248.0,148.0,69.0,139.0,44.0,1489.0,17,031,813802,3,170318138023
151.0,73.0,86.0,48.0,82.0,147.0,115.0,148.0,38.0,77.0,158.0,187.0,118.0,47.0,60.0,60.0,1595.0,17,031,813802,4,170318138024
113.0,81.0,112.0,113.0,118.0,148.0,113.0,135.0,130.0,144.0,237.0,215.0,137.0,74.0,114.0,72.0,2056.0,17,031,813900,1,170318139001
73.0,24.0,79.0,81.0,56.0,92.0,74.0,89.0,66.0,183.0,183.0,195.0,125.0,52.0,56.0,66.0,1494.0,17,031,813900,2,170318139002
89.0,23.0,87.0,40.0,121.0,91.0,23.0,96.0,25.0,79.0,123.0,66.0,68.0,83.0,36.0,44.0,1094.0,17,031,813900,3,170318139003
44.0,38.0,14.0,94.0,50.0,17.0,37.0,11.0,8.0,67.0,103.0,86.0,35.0,17.0,30.0,31.0,682.0,17,031,813900,4,170318139004
35.0,51.0,29.0,96.0,50.0,147.0,36.0,48.0,96.0,39.0,125.0,100.0,54.0,30.0,42.0,60.0,1038.0,17,031,813900,5,170318139005
50.0,123.0,39.0,56.0,47.0,83.0,78.0,23.0,60.0,59.0,60.0,177.0,44.0,81.0,34.0,43.0,1057.0,17,031,814000,1,170318140001
72.0,46.0,46.0,43.0,73.0,101.0,72.0,150.0,39.0,190.0,110.0,174.0,90.0,59.0,136.0,43.0,1444.0,17,031,814000,2,170318140002
63.0,37.0,141.0,117.0,78.0,92.0,55.0,36.0,51.0,207.0,112.0,215.0,157.0,87.0,125.0,49.0,1622.0,17,031,814000,3,170318140003
35.0,21.0,56.0,41.0,44.0,25.0,35.0,113.0,14.0,47.0,105.0,203.0,124.0,57.0,36.0,29.0,985.0,17,031,814000,4,170318140004
110.0,71.0,149.0,269.0,82.0,132.0,244.0,150.0,48.0,292.0,156.0,358.0,143.0,149.0,104.0,99.0,2556.0,17,031,814100,1,170318141001
80.0,31.0,47.0,73.0,88.0,45.0,48.0,35.0,11.0,62.0,158.0,105.0,73.0,30.0,22.0,37.0,945.0,17,031,814100,2,170318141002
72.0,51.0,68.0,54.0,16.0,62.0,25.0,29.0,91.0,36.0,92.0,82.0,35.0,22.0,27.0,27.0,789.0,17,031,814100,3,170318141003
137.0,100.0,121.0,61.0,144.0,115.0,121.0,92.0,166.0,139.0,333.0,175.0,102.0,120.0,112.0,129.0,2167.0,17,031,814200,1,170318142001
33.0,6.0,12.0,6.0,36.0,19.0,45.0,18.0,33.0,23.0,18.0,71.0,15.0,14.0,17.0,16.0,382.0,17,031,814200,2,170318142002
63.0,67.0,40.0,121.0,59.0,48.0,101.0,50.0,74.0,41.0,93.0,189.0,82.0,44.0,50.0,55.0,1177.0,17,031,814200,3,170318142003
136.0,61.0,113.0,62.0,100.0,60.0,26.0,20.0,40.0,72.0,75.0,125.0,75.0,50.0,63.0,49.0,1127.0,17,031,814200,4,170318142004
27.0,42.0,66.0,69.0,96.0,60.0,48.0,19.0,22.0,119.0,108.0,79.0,96.0,44.0,32.0,39.0,966.0,17,031,814200,5,170318142005
74.0,18.0,131.0,54.0,23.0,158.0,25.0,27.0,66.0,69.0,40.0,82.0,55.0,59.0,36.0,36.0,953.0,17,031,814200,6,170318142006
116.0,52.0,133.0,217.0,159.0,113.0,58.0,49.0,61.0,189.0,260.0,129.0,104.0,66.0,91.0,57.0,1854.0,17,031,814300,1,170318143001
180.0,203.0,187.0,161.0,148.0,119.0,105.0,136.0,143.0,175.0,248.0,332.0,176.0,132.0,202.0,93.0,2740.0,17,031,814300,2,170318143002
55.0,136.0,36.0,76.0,23.0,126.0,37.0,13.0,24.0,101.0,157.0,202.0,87.0,83.0,43.0,40.0,1239.0,17,031,814400,1,170318144001
46.0,28.0,79.0,100.0,36.0,140.0,41.0,197.0,101.0,93.0,143.0,216.0,159.0,55.0,59.0,52.0,1545.0,17,031,814400,2,170318144002
126.0,41.0,61.0,49.0,73.0,187.0,86.0,36.0,27.0,61.0,109.0,496.0,126.0,59.0,118.0,67.0,1722.0,17,031,814400,3,170318144003
34.0,39.0,17.0,23.0,62.0,79.0,21.0,86.0,15.0,89.0,189.0,67.0,69.0,23.0,29.0,27.0,869.0,17,031,814400,4,170318144004
78.0,35.0,80.0,199.0,126.0,122.0,76.0,122.0,102.0,89.0,70.0,274.0,95.0,58.0,74.0,73.0,1673.0,17,031,814400,5,170318144005
15.0,68.0,6.0,10.0,10.0,35.0,9.0,19.0,11.0,85.0,61.0,123.0,26.0,23.0,18.0,23.0,542.0,17,031,814400,6,170318144006
47.0,64.0,83.0,79.0,131.0,117.0,70.0,29.0,45.0,104.0,214.0,290.0,151.0,64.0,56.0,55.0,1599.0,17,031,814500,1,170318145001
63.0,31.0,83.0,88.0,62.0,158.0,31.0,47.0,27.0,68.0,200.0,197.0,157.0,50.0,76.0,104.0,1442.0,17,031,814500,2,170318145002
116.0,140.0,69.0,42.0,59.0,129.0,114.0,33.0,53.0,124.0,186.0,223.0,157.0,52.0,60.0,109.0,1666.0,17,031,814500,3,170318145003
70.0,65.0,40.0,67.0,49.0,23.0,46.0,84.0,29.0,85.0,140.0,166.0,64.0,41.0,70.0,32.0,1071.0,17,031,814600,1,170318146001
74.0,10.0,43.0,40.0,58.0,21.0,74.0,23.0,51.0,41.0,67.0,171.0,95.0,121.0,46.0,36.0,971.0,17,031,814600,2,170318146002
47.0,31.0,74.0,80.0,31.0,46.0,48.0,81.0,45.0,110.0,115.0,196.0,76.0,49.0,68.0,117.0,1214.0,17,031,814600,3,170318146003
44.0,77.0,27.0,25.0,89.0,38.0,91.0,28.0,34.0,169.0,114.0,165.0,88.0,39.0,35.0,50.0,1113.0,17,031,814600,4,170318146004
26.0,20.0,39.0,84.0,36.0,47.0,50.0,83.0,35.0,60.0,69.0,189.0,49.0,42.0,84.0,41.0,954.0,17,031,814600,5,170318146005
56.0,26.0,40.0,41.0,24.0,93.0,70.0,63.0,25.0,119.0,64.0,229.0,163.0,72.0,38.0,57.0,1180.0,17,031,814700,1,170318147001
73.0,73.0,34.0,30.0,61.0,34.0,86.0,65.0,81.0,172.0,140.0,188.0,157.0,73.0,111.0,64.0,1442.0,17,031,814700,2,170318147002
80.0,22.0,19.0,25.0,25.0,61.0,42.0,30.0,71.0,106.0,118.0,152.0,249.0,90.0,56.0,44.0,1190.0,17,031,814700,3,170318147003
87.0,70.0,28.0,48.0,73.0,48.0,70.0,27.0,81.0,113.0,125.0,187.0,69.0,55.0,49.0,46.0,1176.0,17,031,814700,4,170318147004
122.0,59.0,86.0,51.0,74.0,91.0,78.0,72.0,22.0,82.0,106.0,131.0,84.0,43.0,63.0,37.0,1201.0,17,031,814700,5,170318147005
157.0,38.0,59.0,123.0,50.0,62.0,67.0,49.0,81.0,90.0,257.0,233.0,155.0,141.0,76.0,84.0,1722.0,17,031,814800,1,170318148001
61.0,67.0,105.0,130.0,58.0,106.0,50.0,39.0,159.0,108.0,164.0,162.0,203.0,153.0,105.0,74.0,1744.0,17,031,814800,2,170318148002
51.0,18.0,32.0,12.0,46.0,19.0,62.0,18.0,9.0,51.0,116.0,111.0,47.0,36.0,59.0,21.0,708.0,17,031,814800,3,170318148003
36.0,54.0,86.0,45.0,59.0,23.0,18.0,18.0,15.0,131.0,90.0,125.0,113.0,26.0,55.0,41.0,935.0,17,031,814800,4,170318148004
19.0,21.0,22.0,15.0,16.0,71.0,9.0,14.0,33.0,48.0,150.0,139.0,143.0,26.0,28.0,24.0,778.0,17,031,814800,5,170318148005
81.0,22.0,36.0,71.0,55.0,24.0,44.0,37.0,27.0,139.0,121.0,178.0,50.0,57.0,74.0,43.0,1059.0,17,031,814900,1,170318149001
74.0,39.0,87.0,107.0,23.0,149.0,31.0,110.0,64.0,105.0,134.0,227.0,96.0,61.0,124.0,64.0,1495.0,17,031,814900,2,170318149002
244.0,71.0,121.0,141.0,237.0,108.0,104.0,118.0,82.0,138.0,172.0,260.0,101.0,84.0,87.0,81.0,2149.0,17,031,814900,3,170318149003
96.0,64.0,93.0,50.0,159.0,96.0,130.0,76.0,36.0,221.0,273.0,229.0,197.0,108.0,78.0,74.0,1980.0,17,031,814900,4,170318149004
65.0,82.0,57.0,20.0,18.0,18.0,24.0,38.0,69.0,45.0,111.0,75.0,55.0,26.0,31.0,25.0,759.0,17,031,815000,1,170318150001
47.0,35.0,80.0,99.0,77.0,76.0,127.0,31.0,127.0,98.0,89.0,154.0,74.0,113.0,76.0,55.0,1358.0,17,031,815000,2,170318150002
166.0,81.0,169.0,81.0,133.0,74.0,61.0,123.0,120.0,194.0,182.0,183.0,226.0,191.0,111.0,76.0,2171.0,17,031,815000,3,170318150003
34.0,45.0,65.0,90.0,31.0,53.0,51.0,131.0,56.0,120.0,238.0,135.0,102.0,83.0,118.0,42.0,1394.0,17,031,815100,1,170318151001
47.0,32.0,100.0,24.0,51.0,82.0,30.0,59.0,31.0,102.0,109.0,123.0,68.0,92.0,69.0,42.0,1061.0,17,031,815100,2,170318151002
94.0,56.0,67.0,167.0,82.0,83.0,103.0,138.0,67.0,112.0,228.0,200.0,131.0,51.0,82.0,103.0,1764.0,17,031,815100,3,170318151003
54.0,83.0,87.0,41.0,119.0,89.0,47.0,97.0,28.0,63.0,162.0,201.0,184.0,64.0,62.0,33.0,1414.0,17,031,815200,1,170318152001
79.0,101.0,42.0,95.0,84.0,55.0,37.0,55.0,31.0,183.0,324.0,139.0,184.0,44.0,80.0,54.0,1587.0,17,031,815200,2,170318152002
46.0,31.0,62.0,23.0,45.0,89.0,16.0,50.0,17.0,56.0,65.0,221.0,116.0,33.0,35.0,48.0,953.0,17,031,815200,3,170318152003
59.0,32.0,49.0,26.0,17.0,66.0,25.0,40.0,13.0,49.0,66.0,82.0,41.0,31.0,31.0,32.0,659.0,17,031,815200,4,170318152004
100.0,169.0,142.0,39.0,99.0,114.0,55.0,68.0,58.0,121.0,155.0,178.0,133.0,110.0,92.0,72.0,1705.0,17,031,815200,5,170318152005
91.0,53.0,25.0,27.0,43.0,38.0,51.0,33.0,60.0,69.0,248.0,219.0,96.0,202.0,129.0,47.0,1431.0,17,031,815300,1,170318153001
41.0,47.0,27.0,21.0,35.0,46.0,34.0,57.0,18.0,73.0,93.0,133.0,70.0,111.0,48.0,45.0,899.0,17,031,815300,2,170318153002
43.0,40.0,60.0,32.0,26.0,42.0,24.0,33.0,28.0,48.0,30.0,91.0,34.0,60.0,52.0,47.0,690.0,17,031,815300,3,170318153003
62.0,70.0,31.0,21.0,17.0,54.0,17.0,15.0,21.0,99.0,114.0,115.0,47.0,56.0,33.0,33.0,805.0,17,031,815300,4,170318153004
30.0,23.0,17.0,44.0,90.0,22.0,41.0,27.0,17.0,66.0,76.0,228.0,117.0,27.0,93.0,32.0,950.0,17,031,815400,1,170318154001
82.0,22.0,47.0,86.0,89.0,55.0,21.0,34.0,14.0,84.0,81.0,127.0,168.0,137.0,43.0,75.0,1165.0,17,031,815400,2,170318154002
132.0,70.0,71.0,189.0,93.0,61.0,36.0,120.0,48.0,133.0,344.0,274.0,188.0,123.0,225.0,95.0,2202.0,17,031,815400,3,170318154003
68.0,21.0,126.0,127.0,62.0,38.0,61.0,74.0,35.0,59.0,149.0,115.0,106.0,45.0,111.0,59.0,1256.0,17,031,815400,4,170318154004
56.0,29.0,79.0,78.0,63.0,65.0,24.0,31.0,35.0,202.0,94.0,296.0,144.0,97.0,159.0,61.0,1513.0,17,031,815500,1,170318155001
31.0,97.0,48.0,47.0,14.0,23.0,29.0,89.0,17.0,124.0,92.0,110.0,37.0,33.0,46.0,34.0,871.0,17,031,815500,2,170318155002
127.0,130.0,125.0,32.0,62.0,27.0,34.0,99.0,41.0,103.0,188.0,119.0,184.0,49.0,32.0,39.0,1391.0,17,031,815500,3,170318155003
110.0,41.0,41.0,23.0,36.0,109.0,26.0,50.0,35.0,114.0,97.0,281.0,89.0,68.0,94.0,54.0,1268.0,17,031,815500,4,170318155004
44.0,37.0,86.0,52.0,90.0,18.0,58.0,94.0,28.0,49.0,93.0,191.0,200.0,74.0,77.0,75.0,1266.0,17,031,815500,5,170318155005
90.0,15.0,39.0,24.0,31.0,52.0,79.0,19.0,29.0,65.0,134.0,96.0,72.0,28.0,37.0,112.0,922.0,17,031,815500,6,170318155006
44.0,24.0,42.0,117.0,17.0,70.0,42.0,15.0,15.0,72.0,114.0,75.0,90.0,24.0,29.0,66.0,856.0,17,031,815500,7,170318155007
44.0,19.0,20.0,34.0,39.0,37.0,21.0,34.0,16.0,171.0,59.0,195.0,50.0,32.0,20.0,31.0,822.0,17,031,815600,1,170318156001
76.0,24.0,69.0,43.0,53.0,48.0,128.0,58.0,83.0,46.0,122.0,146.0,128.0,25.0,64.0,35.0,1148.0,17,031,815600,2,170318156002
62.0,40.0,89.0,83.0,93.0,56.0,41.0,123.0,66.0,111.0,118.0,118.0,165.0,34.0,36.0,45.0,1280.0,17,031,815600,3,170318156003
109.0,13.0,78.0,59.0,31.0,25.0,18.0,24.0,16.0,34.0,68.0,146.0,72.0,28.0,70.0,31.0,822.0,17,031,815600,4,170318156004
54.0,93.0,46.0,52.0,32.0,55.0,28.0,18.0,45.0,28.0,87.0,142.0,88.0,53.0,47.0,94.0,962.0,17,031,815600,5,170318156005
49.0,50.0,58.0,30.0,54.0,81.0,39.0,37.0,39.0,88.0,86.0,142.0,129.0,115.0,104.0,173.0,1274.0,17,031,815701,1,170318157011
34.0,24.0,17.0,13.0,35.0,34.0,19.0,51.0,13.0,68.0,80.0,93.0,90.0,122.0,43.0,101.0,837.0,17,031,815701,2,170318157012
23.0,19.0,29.0,17.0,31.0,27.0,20.0,17.0,20.0,50.0,74.0,118.0,79.0,82.0,93.0,121.0,820.0,17,031,815701,3,170318157013
47.0,28.0,34.0,26.0,64.0,76.0,20.0,36.0,19.0,46.0,86.0,154.0,62.0,63.0,59.0,91.0,911.0,17,031,815701,4,170318157014
13.0,39.0,11.0,14.0,16.0,55.0,9.0,18.0,15.0,16.0,51.0,38.0,44.0,38.0,58.0,128.0,563.0,17,031,815702,1,170318157021
62.0,32.0,46.0,40.0,18.0,34.0,14.0,23.0,37.0,108.0,102.0,81.0,70.0,110.0,71.0,54.0,902.0,17,031,815702,2,170318157022
55.0,49.0,51.0,63.0,46.0,49.0,52.0,51.0,27.0,107.0,98.0,176.0,255.0,95.0,213.0,86.0,1473.0,17,031,815702,3,170318157023
22.0,26.0,29.0,8.0,16.0,40.0,61.0,39.0,26.0,23.0,107.0,70.0,58.0,25.0,42.0,34.0,626.0,17,031,815702,4,170318157024
103.0,42.0,33.0,93.0,65.0,47.0,84.0,39.0,29.0,153.0,97.0,166.0,144.0,145.0,73.0,162.0,1475.0,17,031,815702,5,170318157025
85.0,57.0,75.0,39.0,95.0,75.0,51.0,42.0,39.0,86.0,121.0,163.0,182.0,78.0,148.0,102.0,1438.0,17,031,815800,1,170318158001
87.0,112.0,46.0,43.0,68.0,77.0,56.0,77.0,81.0,55.0,116.0,149.0,122.0,70.0,73.0,133.0,1365.0,17,031,815900,1,170318159001
73.0,35.0,61.0,115.0,123.0,68.0,75.0,70.0,66.0,68.0,144.0,147.0,110.0,53.0,61.0,69.0,1338.0,17,031,815900,2,170318159002
118.0,71.0,96.0,148.0,79.0,57.0,60.0,172.0,96.0,163.0,240.0,171.0,135.0,67.0,71.0,109.0,1853.0,17,031,815900,3,170318159003
82.0,92.0,26.0,61.0,59.0,86.0,26.0,90.0,40.0,184.0,144.0,131.0,67.0,61.0,60.0,62.0,1271.0,17,031,816000,1,170318160001
43.0,56.0,67.0,36.0,27.0,65.0,62.0,45.0,42.0,116.0,176.0,105.0,84.0,47.0,47.0,57.0,1075.0,17,031,816000,2,170318160002
40.0,28.0,56.0,25.0,38.0,91.0,26.0,37.0,22.0,118.0,98.0,112.0,73.0,81.0,105.0,61.0,1011.0,17,031,816000,3,170318160003
54.0,11.0,11.0,51.0,16.0,13.0,23.0,42.0,34.0,34.0,85.0,55.0,23.0,27.0,13.0,31.0,523.0,17,031,816100,1,170318161001
34.0,103.0,60.0,83.0,22.0,135.0,78.0,19.0,36.0,62.0,119.0,171.0,61.0,103.0,34.0,73.0,1193.0,17,031,816100,2,170318161002
70.0,43.0,27.0,27.0,96.0,61.0,79.0,73.0,50.0,178.0,52.0,168.0,69.0,35.0,75.0,60.0,1163.0,17,031,816100,3,170318161003
67.0,22.0,43.0,35.0,18.0,25.0,56.0,13.0,15.0,120.0,44.0,109.0,105.0,31.0,52.0,30.0,785.0,17,031,816100,4,170318161004
46.0,74.0,41.0,27.0,20.0,28.0,53.0,59.0,96.0,103.0,136.0,180.0,168.0,84.0,56.0,49.0,1220.0,17,031,816100,5,170318161005
71.0,89.0,75.0,38.0,47.0,40.0,57.0,41.0,37.0,84.0,68.0,197.0,60.0,75.0,73.0,64.0,1116.0,17,031,816100,6,170318161006
166.0,141.0,147.0,103.0,72.0,40.0,99.0,59.0,48.0,83.0,109.0,164.0,96.0,57.0,50.0,74.0,1508.0,17,031,816200,1,170318162001
13.0,11.0,28.0,17.0,45.0,15.0,27.0,15.0,12.0,41.0,135.0,81.0,53.0,52.0,42.0,32.0,619.0,17,031,816200,2,170318162002
74.0,41.0,65.0,55.0,48.0,66.0,50.0,44.0,48.0,107.0,149.0,131.0,183.0,79.0,83.0,76.0,1299.0,17,031,816200,3,170318162003
43.0,27.0,65.0,42.0,64.0,41.0,77.0,32.0,63.0,109.0,97.0,148.0,94.0,32.0,28.0,36.0,998.0,17,031,816300,1,170318163001
86.0,38.0,68.0,93.0,38.0,76.0,145.0,86.0,73.0,183.0,187.0,308.0,166.0,64.0,145.0,124.0,1880.0,17,031,816300,2,170318163002
85.0,80.0,87.0,33.0,62.0,29.0,32.0,22.0,121.0,95.0,201.0,274.0,108.0,51.0,73.0,88.0,1441.0,17,031,816300,3,170318163003
26.0,19.0,40.0,57.0,92.0,48.0,23.0,79.0,48.0,78.0,80.0,128.0,139.0,68.0,38.0,47.0,1010.0,17,031,816300,4,170318163004
31.0,83.0,93.0,46.0,43.0,170.0,26.0,47.0,28.0,60.0,110.0,137.0,134.0,79.0,49.0,33.0,1169.0,17,031,816401,1,170318164011
25.0,22.0,97.0,81.0,44.0,20.0,49.0,63.0,65.0,56.0,107.0,75.0,47.0,57.0,34.0,43.0,885.0,17,031,816401,2,170318164012
57.0,63.0,57.0,28.0,71.0,151.0,72.0,49.0,53.0,136.0,163.0,150.0,151.0,37.0,67.0,41.0,1346.0,17,031,816401,3,170318164013
53.0,36.0,38.0,220.0,53.0,237.0,33.0,108.0,114.0,86.0,84.0,252.0,134.0,60.0,86.0,58.0,1652.0,17,031,816401,4,170318164014
144.0,91.0,25.0,96.0,66.0,39.0,127.0,76.0,92.0,199.0,71.0,139.0,83.0,60.0,50.0,58.0,1416.0,17,031,816402,1,170318164021
72.0,74.0,76.0,74.0,60.0,144.0,37.0,135.0,34.0,211.0,102.0,257.0,141.0,55.0,196.0,71.0,1739.0,17,031,816402,2,170318164022
37.0,52.0,40.0,29.0,18.0,23.0,30.0,82.0,24.0,110.0,63.0,86.0,101.0,56.0,78.0,34.0,863.0,17,031,816402,3,170318164023
19.0,13.0,23.0,62.0,18.0,44.0,106.0,34.0,15.0,33.0,33.0,83.0,44.0,19.0,20.0,26.0,592.0,17,031,816402,4,170318164024
62.0,44.0,67.0,45.0,90.0,94.0,88.0,34.0,98.0,142.0,234.0,166.0,88.0,169.0,87.0,86.0,1594.0,17,031,816500,1,170318165001
98.0,121.0,127.0,94.0,135.0,202.0,85.0,96.0,139.0,163.0,276.0,190.0,187.0,75.0,68.0,97.0,2153.0,17,031,816500,2,170318165002
51.0,47.0,47.0,59.0,47.0,51.0,37.0,49.0,60.0,41.0,106.0,74.0,40.0,29.0,28.0,20.0,786.0,17,031,816500,3,170318165003
59.0,29.0,70.0,93.0,63.0,116.0,87.0,25.0,126.0,75.0,106.0,148.0,109.0,65.0,46.0,57.0,1274.0,17,031,816600,1,170318166001
80.0,87.0,73.0,36.0,125.0,75.0,91.0,59.0,146.0,41.0,125.0,132.0,99.0,71.0,43.0,50.0,1333.0,17,031,816600,2,170318166002
170.0,95.0,176.0,178.0,151.0,104.0,90.0,121.0,44.0,163.0,225.0,172.0,173.0,131.0,80.0,74.0,2147.0,17,031,816600,3,170318166003
42.0,22.0,32.0,37.0,31.0,29.0,48.0,64.0,45.0,86.0,156.0,110.0,99.0,45.0,49.0,32.0,927.0,17,031,816700,1,170318167001
171.0,56.0,124.0,110.0,88.0,95.0,107.0,51.0,59.0,179.0,173.0,256.0,140.0,91.0,74.0,115.0,1889.0,17,031,816700,2,170318167002
109.0,28.0,97.0,101.0,75.0,83.0,29.0,96.0,32.0,142.0,130.0,150.0,133.0,72.0,50.0,45.0,1372.0,17,031,816800,1,170318168001
114.0,44.0,61.0,95.0,52.0,87.0,65.0,80.0,117.0,142.0,239.0,284.0,175.0,124.0,116.0,147.0,1942.0,17,031,816800,2,170318168002
65.0,23.0,48.0,42.0,57.0,42.0,18.0,79.0,43.0,50.0,167.0,231.0,145.0,33.0,117.0,57.0,1217.0,17,031,816800,3,170318168003
30.0,22.0,42.0,22.0,34.0,57.0,47.0,14.0,15.0,91.0,96.0,130.0,52.0,63.0,48.0,26.0,789.0,17,031,816800,4,170318168004
81.0,69.0,34.0,104.0,69.0,44.0,47.0,59.0,65.0,58.0,110.0,224.0,152.0,27.0,32.0,50.0,1225.0,17,031,816900,1,170318169001
36.0,74.0,44.0,79.0,142.0,66.0,48.0,37.0,67.0,157.0,161.0,163.0,145.0,140.0,51.0,62.0,1472.0,17,031,816900,2,170318169002
49.0,36.0,34.0,43.0,70.0,27.0,57.0,119.0,21.0,84.0,97.0,124.0,134.0,90.0,40.0,39.0,1064.0,17,031,816900,3,170318169003
82.0,123.0,66.0,76.0,73.0,108.0,52.0,164.0,95.0,162.0,207.0,448.0,152.0,138.0,95.0,63.0,2104.0,17,031,816900,4,170318169004
92.0,44.0,53.0,22.0,40.0,41.0,16.0,20.0,31.0,19.0,85.0,83.0,23.0,22.0,29.0,31.0,651.0,17,031,817000,1,170318170001
12.0,17.0,38.0,62.0,6.0,18.0,51.0,42.0,7.0,20.0,54.0,36.0,48.0,12.0,15.0,21.0,459.0,17,031,817000,2,170318170002
33.0,19.0,42.0,28.0,34.0,18.0,23.0,36.0,25.0,120.0,34.0,96.0,111.0,59.0,33.0,24.0,735.0,17,031,817000,3,170318170003
80.0,37.0,115.0,52.0,52.0,142.0,61.0,69.0,40.0,87.0,232.0,275.0,226.0,77.0,74.0,65.0,1684.0,17,031,817000,4,170318170004
46.0,77.0,45.0,101.0,39.0,93.0,89.0,68.0,55.0,100.0,217.0,128.0,156.0,95.0,56.0,53.0,1418.0,17,031,817000,5,170318170005
67.0,33.0,45.0,90.0,32.0,120.0,89.0,27.0,18.0,53.0,44.0,117.0,91.0,73.0,67.0,39.0,1005.0,17,031,817101,1,170318171011
56.0,35.0,101.0,35.0,22.0,72.0,52.0,22.0,84.0,71.0,87.0,133.0,82.0,37.0,40.0,46.0,975.0,17,031,817101,2,170318171012
140.0,100.0,72.0,108.0,95.0,99.0,65.0,50.0,40.0,83.0,147.0,171.0,99.0,45.0,49.0,35.0,1398.0,17,031,817101,3,170318171013
117.0,70.0,33.0,50.0,31.0,58.0,56.0,93.0,34.0,153.0,99.0,193.0,96.0,126.0,45.0,47.0,1301.0,17,031,817101,4,170318171014
39.0,89.0,31.0,65.0,28.0,24.0,31.0,90.0,20.0,93.0,184.0,71.0,67.0,82.0,50.0,32.0,996.0,17,031,817102,1,170318171021
22.0,22.0,76.0,28.0,24.0,27.0,95.0,71.0,62.0,106.0,107.0,171.0,43.0,42.0,38.0,41.0,975.0,17,031,817102,2,170318171022
52.0,32.0,86.0,43.0,77.0,42.0,190.0,102.0,29.0,144.0,166.0,229.0,115.0,80.0,47.0,46.0,1480.0,17,031,817102,3,170318171023
201.0,116.0,128.0,229.0,76.0,62.0,84.0,85.0,77.0,137.0,228.0,242.0,173.0,127.0,91.0,94.0,2150.0,17,031,817200,1,170318172001
51.0,69.0,44.0,75.0,90.0,23.0,72.0,46.0,16.0,124.0,94.0,173.0,68.0,72.0,68.0,44.0,1129.0,17,031,817200,2,170318172002
79.0,37.0,36.0,60.0,43.0,41.0,58.0,14.0,24.0,67.0,49.0,84.0,60.0,59.0,41.0,29.0,781.0,17,031,817200,3,170318172003
65.0,9.0,36.0,30.0,24.0,10.0,39.0,11.0,34.0,18.0,29.0,33.0,27.0,14.0,7.0,23.0,409.0,17,031,817200,4,170318172004
249.0,134.0,96.0,150.0,176.0,74.0,139.0,102.0,130.0,256.0,229.0,184.0,164.0,94.0,97.0,94.0,2368.0,17,031,817300,1,170318173001
62.0,109.0,42.0,68.0,56.0,60.0,46.0,20.0,25.0,121.0,89.0,137.0,51.0,49.0,55.0,33.0,1023.0,17,031,817400,1,170318174001
57.0,34.0,52.0,44.0,58.0,44.0,26.0,25.0,70.0,89.0,117.0,170.0,154.0,47.0,40.0,61.0,1088.0,17,031,817400,2,170318174002
107.0,54.0,76.0,98.0,67.0,83.0,132.0,162.0,149.0,72.0,309.0,332.0,190.0,101.0,107.0,95.0,2134.0,17,031,817400,3,170318174003
80.0,51.0,62.0,23.0,33.0,63.0,35.0,27.0,17.0,40.0,45.0,67.0,47.0,20.0,19.0,22.0,651.0,17,031,817500,1,170318175001
73.0,76.0,60.0,16.0,14.0,21.0,59.0,18.0,22.0,88.0,121.0,55.0,76.0,45.0,29.0,33.0,806.0,17,031,817500,2,170318175002
125.0,96.0,90.0,72.0,77.0,67.0,74.0,59.0,30.0,87.0,97.0,145.0,82.0,148.0,58.0,68.0,1375.0,17,031,817500,3,170318175003
145.0,50.0,49.0,95.0,51.0,22.0,22.0,12.0,17.0,100.0,96.0,136.0,82.0,44.0,29.0,36.0,986.0,17,031,817500,4,170318175004
119.0,55.0,106.0,95.0,47.0,30.0,47.0,61.0,75.0,87.0,199.0,137.0,90.0,73.0,47.0,51.0,1319.0,17,031,817600,1,170318176001
111.0,65.0,91.0,105.0,109.0,36.0,44.0,30.0,47.0,163.0,161.0,79.0,76.0,42.0,92.0,79.0,1330.0,17,031,817600,2,170318176002
82.0,32.0,36.0,103.0,51.0,107.0,80.0,67.0,28.0,67.0,76.0,178.0,132.0,46.0,69.0,42.0,1196.0,17,031,817600,3,170318176003
35.0,36.0,37.0,19.0,48.0,57.0,52.0,40.0,65.0,75.0,56.0,130.0,67.0,120.0,37.0,24.0,898.0,17,031,817700,1,170318177001
114.0,62.0,128.0,85.0,58.0,112.0,42.0,39.0,58.0,138.0,149.0,127.0,228.0,81.0,94.0,70.0,1585.0,17,031,817700,2,170318177002
60.0,107.0,71.0,85.0,76.0,53.0,39.0,63.0,120.0,141.0,211.0,145.0,146.0,84.0,100.0,106.0,1607.0,17,031,817700,3,170318177003
53.0,48.0,38.0,53.0,67.0,24.0,78.0,102.0,16.0,124.0,161.0,148.0,56.0,44.0,37.0,39.0,1088.0,17,031,817700,4,170318177004
76.0,56.0,120.0,216.0,44.0,87.0,80.0,102.0,30.0,76.0,79.0,182.0,101.0,39.0,77.0,52.0,1417.0,17,031,817900,1,170318179001
75.0,65.0,26.0,55.0,29.0,28.0,115.0,21.0,60.0,116.0,68.0,145.0,154.0,136.0,40.0,56.0,1189.0,17,031,817900,2,170318179002
34.0,49.0,68.0,43.0,25.0,36.0,39.0,27.0,34.0,169.0,120.0,278.0,54.0,40.0,44.0,34.0,1094.0,17,031,817900,3,170318179003
108.0,43.0,36.0,23.0,38.0,21.0,39.0,22.0,13.0,55.0,122.0,124.0,65.0,70.0,19.0,55.0,853.0,17,031,817900,4,170318179004
25.0,48.0,29.0,22.0,41.0,40.0,32.0,46.0,32.0,88.0,110.0,58.0,57.0,22.0,48.0,44.0,742.0,17,031,817900,5,170318179005
188.0,72.0,92.0,92.0,43.0,55.0,84.0,69.0,50.0,131.0,269.0,284.0,129.0,74.0,123.0,66.0,1821.0,17,031,818000,1,170318180001
62.0,27.0,82.0,66.0,48.0,28.0,52.0,27.0,67.0,87.0,152.0,82.0,87.0,83.0,53.0,51.0,1054.0,17,031,818000,2,170318180002
53.0,58.0,104.0,37.0,103.0,50.0,82.0,59.0,49.0,144.0,188.0,224.0,155.0,78.0,74.0,98.0,1556.0,17,031,818000,3,170318180003
29.0,31.0,71.0,66.0,43.0,46.0,25.0,46.0,19.0,77.0,151.0,221.0,153.0,63.0,42.0,56.0,1139.0,17,031,818100,1,170318181001
51.0,48.0,70.0,59.0,114.0,38.0,25.0,42.0,60.0,129.0,89.0,190.0,104.0,83.0,94.0,61.0,1257.0,17,031,818100,2,170318181002
59.0,30.0,88.0,66.0,29.0,38.0,36.0,75.0,44.0,125.0,154.0,137.0,225.0,99.0,92.0,90.0,1387.0,17,031,818200,1,170318182001
25.0,71.0,41.0,18.0,26.0,28.0,65.0,12.0,33.0,25.0,118.0,157.0,26.0,21.0,46.0,42.0,754.0,17,031,818200,2,170318182002
22.0,6.0,15.0,25.0,18.0,7.0,45.0,16.0,31.0,20.0,46.0,75.0,68.0,26.0,58.0,24.0,502.0,17,031,818200,3,170318182003
116.0,120.0,73.0,119.0,77.0,50.0,70.0,96.0,57.0,189.0,179.0,191.0,214.0,89.0,127.0,96.0,1863.0,17,031,818200,4,170318182004
161.0,47.0,31.0,38.0,30.0,93.0,96.0,55.0,56.0,160.0,189.0,132.0,137.0,98.0,116.0,85.0,1524.0,17,031,818300,1,170318183001
66.0,25.0,37.0,137.0,32.0,107.0,42.0,37.0,24.0,257.0,126.0,309.0,99.0,84.0,45.0,52.0,1479.0,17,031,818300,2,170318183002
65.0,118.0,116.0,141.0,57.0,95.0,125.0,68.0,51.0,148.0,217.0,287.0,217.0,139.0,74.0,71.0,1989.0,17,031,818300,3,170318183003
146.0,38.0,25.0,69.0,19.0,40.0,57.0,55.0,77.0,85.0,86.0,147.0,79.0,42.0,30.0,91.0,1086.0,17,031,818300,4,170318183004
33.0,26.0,76.0,20.0,67.0,59.0,99.0,32.0,21.0,104.0,85.0,120.0,162.0,41.0,34.0,38.0,1017.0,17,031,818401,1,170318184011
60.0,12.0,15.0,26.0,17.0,11.0,39.0,9.0,24.0,38.0,31.0,52.0,28.0,42.0,24.0,25.0,453.0,17,031,818401,2,170318184012
32.0,24.0,23.0,26.0,86.0,33.0,52.0,31.0,53.0,118.0,69.0,215.0,91.0,42.0,94.0,120.0,1109.0,17,031,818401,3,170318184013
65.0,35.0,19.0,34.0,28.0,40.0,23.0,33.0,15.0,56.0,120.0,107.0,102.0,23.0,31.0,26.0,757.0,17,031,818401,4,170318184014
30.0,35.0,46.0,28.0,34.0,41.0,37.0,54.0,43.0,81.0,128.0,149.0,97.0,42.0,56.0,42.0,943.0,17,031,818402,1,170318184021
36.0,40.0,44.0,12.0,93.0,41.0,41.0,57.0,23.0,86.0,64.0,112.0,86.0,68.0,50.0,49.0,902.0,17,031,818402,2,170318184022
50.0,30.0,35.0,68.0,79.0,32.0,38.0,38.0,57.0,136.0,116.0,207.0,115.0,64.0,64.0,85.0,1214.0,17,031,818402,3,170318184023
56.0,27.0,31.0,80.0,36.0,77.0,48.0,57.0,37.0,141.0,77.0,176.0,208.0,100.0,75.0,62.0,1288.0,17,031,818500,1,170318185001
73.0,41.0,130.0,40.0,84.0,37.0,52.0,48.0,83.0,77.0,127.0,152.0,197.0,75.0,106.0,63.0,1385.0,17,031,818500,2,170318185002
91.0,92.0,76.0,84.0,86.0,89.0,71.0,73.0,47.0,151.0,138.0,175.0,196.0,215.0,117.0,174.0,1875.0,17,031,818500,3,170318185003
27.0,19.0,32.0,36.0,16.0,37.0,16.0,60.0,64.0,70.0,115.0,138.0,44.0,83.0,76.0,32.0,865.0,17,031,818500,4,170318185004
97.0,70.0,49.0,58.0,72.0,26.0,48.0,51.0,33.0,99.0,58.0,173.0,166.0,112.0,71.0,132.0,1315.0,17,031,818600,1,170318186001
59.0,54.0,121.0,64.0,81.0,95.0,153.0,86.0,39.0,151.0,243.0,342.0,222.0,121.0,104.0,145.0,2080.0,17,031,818600,2,170318186002
148.0,53.0,25.0,100.0,87.0,57.0,77.0,49.0,76.0,84.0,94.0,124.0,89.0,71.0,139.0,64.0,1337.0,17,031,818600,3,170318186003
26.0,12.0,13.0,44.0,26.0,33.0,26.0,19.0,19.0,67.0,71.0,92.0,139.0,83.0,48.0,91.0,809.0,17,031,818700,1,170318187001
29.0,12.0,35.0,31.0,20.0,27.0,18.0,57.0,68.0,36.0,34.0,78.0,93.0,50.0,70.0,49.0,707.0,17,031,818700,2,170318187002
37.0,48.0,57.0,52.0,79.0,29.0,45.0,18.0,52.0,94.0,123.0,121.0,169.0,66.0,77.0,115.0,1182.0,17,031,818700,3,170318187003
63.0,41.0,59.0,17.0,19.0,21.0,19.0,37.0,51.0,78.0,89.0,125.0,72.0,46.0,63.0,37.0,837.0,17,031,818700,4,170318187004
37.0,86.0,69.0,26.0,29.0,78.0,24.0,17.0,59.0,62.0,80.0,216.0,82.0,49.0,87.0,38.0,1039.0,17,031,818800,1,170318188001
40.0,13.0,23.0,14.0,10.0,45.0,14.0,31.0,13.0,71.0,84.0,134.0,54.0,36.0,23.0,26.0,631.0,17,031,818800,2,170318188002
84.0,80.0,16.0,18.0,60.0,56.0,13.0,17.0,18.0,65.0,43.0,152.0,100.0,58.0,29.0,18.0,827.0,17,031,818800,3,170318188003
23.0,31.0,85.0,18.0,29.0,33.0,14.0,13.0,11.0,58.0,81.0,153.0,62.0,61.0,37.0,32.0,741.0,17,031,818800,4,170318188004
70.0,74.0,77.0,47.0,31.0,35.0,49.0,49.0,25.0,186.0,109.0,154.0,180.0,96.0,49.0,60.0,1291.0,17,031,818800,5,170318188005
41.0,27.0,32.0,42.0,32.0,40.0,23.0,60.0,26.0,136.0,65.0,173.0,169.0,34.0,47.0,73.0,1020.0,17,031,818800,6,170318188006
113.0,32.0,119.0,30.0,112.0,79.0,44.0,133.0,79.0,94.0,182.0,287.0,156.0,108.0,80.0,73.0,1721.0,17,031,818900,1,170318189001
155.0,77.0,70.0,69.0,95.0,69.0,79.0,95.0,98.0,143.0,197.0,250.0,148.0,88.0,129.0,90.0,1852.0,17,031,818900,2,170318189002
44.0,27.0,38.0,34.0,37.0,62.0,32.0,50.0,39.0,94.0,122.0,148.0,112.0,57.0,48.0,86.0,1030.0,17,031,818900,3,170318189003
40.0,20.0,15.0,19.0,19.0,23.0,24.0,18.0,19.0,37.0,52.0,115.0,101.0,36.0,81.0,88.0,707.0,17,031,819000,1,170318190001
63.0,31.0,52.0,32.0,37.0,40.0,34.0,42.0,37.0,74.0,86.0,194.0,171.0,170.0,110.0,242.0,1415.0,17,031,819000,2,170318190002
50.0,36.0,58.0,50.0,25.0,50.0,41.0,27.0,70.0,51.0,98.0,163.0,189.0,115.0,129.0,236.0,1388.0,17,031,819000,3,170318190003
41.0,68.0,70.0,75.0,27.0,20.0,60.0,43.0,58.0,90.0,62.0,86.0,93.0,62.0,77.0,76.0,1008.0,17,031,819000,4,170318190004
98.0,51.0,63.0,44.0,60.0,59.0,30.0,34.0,83.0,56.0,122.0,208.0,179.0,66.0,51.0,54.0,1258.0,17,031,819100,1,170318191001
31.0,35.0,21.0,32.0,49.0,39.0,63.0,36.0,31.0,50.0,73.0,201.0,88.0,31.0,43.0,25.0,848.0,17,031,819100,2,170318191002
112.0,73.0,33.0,28.0,51.0,70.0,27.0,76.0,59.0,151.0,119.0,157.0,68.0,47.0,40.0,35.0,1146.0,17,031,819100,3,170318191003
38.0,58.0,81.0,58.0,48.0,64.0,30.0,76.0,23.0,57.0,129.0,154.0,89.0,36.0,47.0,46.0,1034.0,17,031,819100,4,170318191004
26.0,39.0,77.0,12.0,58.0,17.0,28.0,72.0,17.0,49.0,113.0,88.0,39.0,27.0,28.0,25.0,715.0,17,031,819200,1,170318192001
75.0,78.0,76.0,40.0,91.0,188.0,44.0,35.0,35.0,240.0,146.0,201.0,126.0,60.0,77.0,71.0,1583.0,17,031,819200,2,170318192002
174.0,143.0,144.0,160.0,194.0,141.0,63.0,120.0,159.0,221.0,192.0,325.0,209.0,94.0,142.0,99.0,2580.0,17,031,819200,3,170318192003
63.0,45.0,43.0,119.0,101.0,78.0,70.0,54.0,42.0,103.0,165.0,244.0,98.0,111.0,71.0,55.0,1462.0,17,031,819200,4,170318192004
26.0,25.0,19.0,19.0,23.0,16.0,39.0,16.0,33.0,64.0,83.0,135.0,100.0,111.0,111.0,40.0,860.0,17,031,819300,1,170318193001
73.0,41.0,69.0,56.0,49.0,74.0,67.0,63.0,50.0,152.0,165.0,252.0,121.0,133.0,63.0,117.0,1545.0,17,031,819300,2,170318193002
32.0,37.0,18.0,60.0,23.0,26.0,57.0,14.0,30.0,31.0,56.0,57.0,50.0,46.0,21.0,44.0,602.0,17,031,819300,3,170318193003
119.0,24.0,60.0,35.0,76.0,50.0,29.0,40.0,32.0,73.0,69.0,329.0,65.0,34.0,90.0,42.0,1167.0,17,031,819400,1,170318194001
49.0,121.0,53.0,100.0,72.0,34.0,87.0,74.0,72.0,53.0,109.0,190.0,106.0,77.0,50.0,133.0,1380.0,17,031,819400,2,170318194002
45.0,18.0,31.0,22.0,35.0,15.0,12.0,42.0,34.0,54.0,60.0,55.0,95.0,89.0,127.0,30.0,764.0,17,031,819400,3,170318194003
32.0,42.0,57.0,21.0,30.0,114.0,34.0,36.0,22.0,93.0,83.0,144.0,151.0,183.0,75.0,104.0,1221.0,17,031,819400,4,170318194004
23.0,18.0,19.0,52.0,45.0,29.0,38.0,51.0,13.0,31.0,91.0,95.0,84.0,20.0,39.0,34.0,682.0,17,031,819400,5,170318194005
38.0,23.0,27.0,36.0,33.0,11.0,21.0,19.0,33.0,62.0,40.0,57.0,73.0,42.0,58.0,17.0,590.0,17,031,819500,1,170318195001
56.0,23.0,22.0,29.0,13.0,29.0,11.0,11.0,32.0,50.0,51.0,63.0,41.0,38.0,41.0,24.0,534.0,17,031,819500,2,170318195002
41.0,35.0,33.0,35.0,39.0,21.0,28.0,40.0,34.0,63.0,141.0,174.0,64.0,38.0,52.0,50.0,888.0,17,031,819500,3,170318195003
45.0,124.0,43.0,59.0,70.0,28.0,15.0,22.0,11.0,62.0,69.0,162.0,75.0,50.0,32.0,34.0,901.0,17,031,819500,4,170318195004
24.0,24.0,23.0,15.0,17.0,12.0,17.0,39.0,7.0,39.0,39.0,66.0,49.0,25.0,97.0,116.0,609.0,17,031,819600,1,170318196001
44.0,41.0,30.0,33.0,26.0,18.0,30.0,25.0,18.0,44.0,85.0,95.0,121.0,58.0,176.0,192.0,1036.0,17,031,819600,2,170318196002
45.0,22.0,30.0,41.0,24.0,43.0,23.0,47.0,24.0,56.0,115.0,145.0,164.0,57.0,58.0,137.0,1031.0,17,031,819600,3,170318196003
40.0,29.0,19.0,32.0,21.0,27.0,19.0,21.0,41.0,74.0,140.0,155.0,96.0,92.0,71.0,195.0,1072.0,17,031,819600,4,170318196004
78.0,37.0,29.0,46.0,72.0,58.0,30.0,28.0,25.0,74.0,71.0,185.0,164.0,98.0,175.0,212.0,1382.0,17,031,819700,1,170318197001
102.0,52.0,86.0,67.0,66.0,53.0,80.0,43.0,65.0,134.0,231.0,197.0,168.0,113.0,316.0,384.0,2157.0,17,031,819700,2,170318197002
48.0,32.0,34.0,63.0,59.0,31.0,59.0,27.0,51.0,60.0,111.0,236.0,115.0,101.0,205.0,308.0,1540.0,17,031,819700,3,170318197003
24.0,27.0,20.0,32.0,19.0,29.0,18.0,22.0,40.0,81.0,84.0,66.0,56.0,78.0,100.0,150.0,846.0,17,031,819700,4,170318197004
32.0,20.0,27.0,23.0,21.0,22.0,17.0,40.0,14.0,66.0,61.0,163.0,82.0,77.0,105.0,188.0,958.0,17,031,819801,1,170318198011
41.0,16.0,27.0,28.0,18.0,19.0,16.0,43.0,52.0,45.0,46.0,65.0,111.0,96.0,70.0,170.0,863.0,17,031,819801,2,170318198012
74.0,62.0,43.0,39.0,83.0,49.0,58.0,80.0,53.0,85.0,154.0,210.0,150.0,100.0,151.0,287.0,1678.0,17,031,819801,3,170318198013
25.0,10.0,27.0,25.0,18.0,16.0,24.0,8.0,12.0,31.0,39.0,89.0,22.0,57.0,78.0,95.0,576.0,17,031,819801,4,170318198014
51.0,29.0,41.0,29.0,36.0,42.0,31.0,26.0,21.0,63.0,96.0,149.0,117.0,92.0,102.0,351.0,1276.0,17,031,819801,5,170318198015
41.0,26.0,34.0,36.0,32.0,48.0,55.0,31.0,43.0,61.0,99.0,164.0,165.0,124.0,134.0,204.0,1297.0,17,031,819802,1,170318198021
65.0,17.0,35.0,28.0,36.0,43.0,38.0,34.0,36.0,81.0,129.0,213.0,125.0,158.0,78.0,214.0,1330.0,17,031,819802,2,170318198022
26.0,20.0,35.0,29.0,36.0,26.0,32.0,23.0,34.0,90.0,82.0,86.0,62.0,78.0,76.0,260.0,995.0,17,031,819900,1,170318199001
88.0,34.0,28.0,36.0,31.0,38.0,30.0,50.0,30.0,55.0,160.0,145.0,128.0,82.0,174.0,196.0,1305.0,17,031,819900,2,170318199002
35.0,42.0,22.0,35.0,48.0,33.0,24.0,25.0,22.0,135.0,63.0,110.0,59.0,144.0,72.0,232.0,1101.0,17,031,819900,3,170318199003
32.0,28.0,35.0,57.0,28.0,41.0,24.0,23.0,31.0,73.0,106.0,116.0,74.0,55.0,86.0,207.0,1016.0,17,031,820000,1,170318200001
30.0,22.0,26.0,33.0,18.0,24.0,23.0,42.0,16.0,56.0,70.0,112.0,81.0,44.0,93.0,294.0,984.0,17,031,820000,2,170318200002
34.0,24.0,57.0,62.0,62.0,88.0,67.0,21.0,18.0,56.0,54.0,101.0,70.0,48.0,43.0,57.0,862.0,17,031,820101,1,170318201011
39.0,31.0,28.0,62.0,54.0,29.0,68.0,69.0,40.0,88.0,105.0,75.0,109.0,48.0,147.0,166.0,1158.0,17,031,820101,2,170318201012
32.0,17.0,25.0,62.0,45.0,44.0,41.0,43.0,34.0,43.0,89.0,175.0,49.0,53.0,60.0,173.0,985.0,17,031,820101,3,170318201013
29.0,15.0,13.0,18.0,29.0,27.0,20.0,30.0,47.0,21.0,45.0,50.0,25.0,43.0,91.0,47.0,550.0,17,031,820101,4,170318201014
25.0,16.0,28.0,23.0,38.0,16.0,16.0,20.0,16.0,50.0,68.0,121.0,45.0,87.0,127.0,141.0,837.0,17,031,820101,5,170318201015
96.0,78.0,35.0,124.0,87.0,59.0,103.0,71.0,30.0,191.0,144.0,263.0,130.0,74.0,84.0,104.0,1673.0,17,031,820101,6,170318201016
42.0,21.0,46.0,32.0,24.0,21.0,97.0,72.0,39.0,56.0,74.0,146.0,133.0,56.0,109.0,107.0,1075.0,17,031,820101,7,170318201017
40.0,39.0,34.0,24.0,18.0,17.0,53.0,15.0,22.0,24.0,57.0,107.0,97.0,30.0,34.0,41.0,652.0,17,031,820103,1,170318201031
40.0,66.0,27.0,43.0,23.0,64.0,58.0,37.0,12.0,56.0,52.0,76.0,45.0,19.0,33.0,33.0,684.0,17,031,820103,2,170318201032
66.0,80.0,49.0,75.0,53.0,125.0,73.0,51.0,118.0,148.0,193.0,245.0,100.0,69.0,161.0,58.0,1664.0,17,031,820103,3,170318201033
37.0,21.0,24.0,74.0,9.0,47.0,23.0,24.0,15.0,59.0,47.0,69.0,70.0,60.0,75.0,67.0,721.0,17,031,820103,4,170318201034
85.0,135.0,37.0,64.0,60.0,76.0,70.0,26.0,77.0,112.0,139.0,134.0,53.0,53.0,47.0,50.0,1218.0,17,031,820104,1,170318201041
32.0,24.0,25.0,28.0,16.0,32.0,41.0,42.0,28.0,42.0,142.0,121.0,95.0,46.0,68.0,62.0,844.0,17,031,820104,2,170318201042
41.0,18.0,49.0,47.0,33.0,19.0,39.0,23.0,24.0,111.0,125.0,145.0,76.0,47.0,122.0,32.0,951.0,17,031,820104,3,170318201043
50.0,26.0,57.0,39.0,35.0,43.0,100.0,65.0,64.0,105.0,58.0,122.0,148.0,42.0,60.0,49.0,1063.0,17,031,820104,4,170318201044
118.0,84.0,71.0,62.0,183.0,89.0,50.0,63.0,100.0,98.0,177.0,187.0,172.0,130.0,97.0,86.0,1767.0,17,031,820201,1,170318202011
109.0,75.0,108.0,108.0,75.0,54.0,53.0,103.0,47.0,93.0,215.0,296.0,209.0,100.0,146.0,196.0,1987.0,17,031,820201,2,170318202012
73.0,20.0,26.0,66.0,50.0,24.0,25.0,45.0,25.0,104.0,79.0,155.0,65.0,64.0,90.0,292.0,1203.0,17,031,820201,3,170318202013
127.0,92.0,78.0,78.0,97.0,117.0,117.0,119.0,88.0,145.0,359.0,509.0,315.0,286.0,300.0,280.0,3107.0,17,031,820201,4,170318202014
146.0,69.0,76.0,94.0,85.0,127.0,105.0,119.0,92.0,275.0,216.0,234.0,221.0,109.0,126.0,86.0,2180.0,17,031,820202,1,170318202021
40.0,37.0,46.0,59.0,52.0,34.0,33.0,23.0,74.0,131.0,101.0,90.0,145.0,30.0,62.0,25.0,982.0,17,031,820202,2,170318202022
44.0,33.0,29.0,33.0,30.0,18.0,12.0,7.0,15.0,15.0,34.0,66.0,36.0,14.0,19.0,17.0,422.0,17,031,820202,3,170318202023
158.0,40.0,42.0,103.0,101.0,105.0,60.0,30.0,110.0,116.0,190.0,200.0,117.0,68.0,78.0,77.0,1595.0,17,031,820300,1,170318203001
68.0,58.0,110.0,77.0,38.0,65.0,14.0,85.0,49.0,127.0,113.0,193.0,102.0,64.0,69.0,51.0,1283.0,17,031,820300,2,170318203002
30.0,38.0,70.0,27.0,61.0,76.0,24.0,27.0,18.0,157.0,161.0,177.0,102.0,27.0,44.0,39.0,1078.0,17,031,820300,3,170318203003
41.0,34.0,81.0,54.0,72.0,113.0,66.0,50.0,23.0,84.0,167.0,183.0,81.0,63.0,49.0,51.0,1212.0,17,031,820300,4,170318203004
89.0,55.0,28.0,67.0,41.0,152.0,131.0,25.0,127.0,96.0,111.0,109.0,183.0,44.0,47.0,45.0,1350.0,17,031,820400,1,170318204001
83.0,70.0,58.0,167.0,89.0,131.0,82.0,114.0,50.0,224.0,203.0,218.0,149.0,147.0,67.0,121.0,1973.0,17,031,820400,2,170318204002
178.0,112.0,123.0,154.0,172.0,104.0,156.0,149.0,173.0,212.0,293.0,340.0,249.0,106.0,162.0,114.0,2797.0,17,031,820400,3,170318204003
58.0,29.0,52.0,17.0,26.0,96.0,35.0,53.0,24.0,66.0,73.0,102.0,44.0,28.0,43.0,20.0,766.0,17,031,820501,1,170318205011
91.0,22.0,68.0,24.0,47.0,67.0,66.0,16.0,21.0,85.0,104.0,198.0,135.0,67.0,57.0,67.0,1135.0,17,031,820501,2,170318205012
32.0,35.0,127.0,15.0,45.0,69.0,49.0,66.0,20.0,88.0,136.0,127.0,63.0,82.0,53.0,37.0,1044.0,17,031,820501,3,170318205013
63.0,52.0,36.0,62.0,168.0,101.0,36.0,89.0,45.0,165.0,168.0,188.0,118.0,64.0,111.0,134.0,1600.0,17,031,820501,4,170318205014
50.0,69.0,105.0,43.0,41.0,54.0,48.0,53.0,96.0,238.0,181.0,188.0,162.0,134.0,144.0,70.0,1676.0,17,031,820501,5,170318205015
107.0,36.0,134.0,49.0,82.0,104.0,33.0,30.0,42.0,207.0,238.0,208.0,133.0,45.0,75.0,100.0,1623.0,17,031,820502,1,170318205021
26.0,27.0,50.0,54.0,29.0,59.0,31.0,32.0,71.0,57.0,170.0,107.0,47.0,86.0,44.0,46.0,936.0,17,031,820502,2,170318205022
63.0,25.0,36.0,20.0,62.0,111.0,59.0,26.0,21.0,90.0,79.0,118.0,66.0,43.0,42.0,63.0,924.0,17,031,820502,3,170318205023
59.0,102.0,36.0,48.0,66.0,52.0,36.0,125.0,29.0,83.0,109.0,106.0,68.0,90.0,68.0,43.0,1120.0,17,031,820502,4,170318205024
48.0,41.0,127.0,64.0,84.0,43.0,82.0,23.0,25.0,73.0,68.0,213.0,63.0,71.0,38.0,30.0,1093.0,17,031,820603,1,170318206031
124.0,57.0,130.0,88.0,73.0,183.0,160.0,97.0,84.0,175.0,177.0,339.0,167.0,100.0,193.0,99.0,2246.0,17,031,820603,2,170318206032
84.0,72.0,93.0,44.0,72.0,66.0,103.0,74.0,65.0,132.0,181.0,361.0,257.0,151.0,94.0,71.0,1920.0,17,031,820603,3,170318206033
250.0,206.0,183.0,336.0,146.0,145.0,78.0,137.0,122.0,258.0,479.0,316.0,182.0,131.0,198.0,153.0,3320.0,17,031,820604,1,170318206041
52.0,36.0,31.0,57.0,74.0,24.0,25.0,45.0,14.0,60.0,98.0,125.0,52.0,39.0,42.0,42.0,816.0,17,031,820604,2,170318206042
127.0,77.0,26.0,31.0,77.0,102.0,35.0,70.0,38.0,91.0,87.0,234.0,101.0,39.0,63.0,41.0,1239.0,17,031,820605,1,170318206051
96.0,26.0,137.0,50.0,107.0,59.0,72.0,92.0,43.0,144.0,65.0,215.0,89.0,42.0,93.0,56.0,1386.0,17,031,820605,2,170318206052
132.0,36.0,50.0,76.0,63.0,48.0,68.0,149.0,77.0,194.0,211.0,133.0,94.0,84.0,54.0,61.0,1530.0,17,031,820605,3,170318206053
55.0,44.0,45.0,70.0,50.0,47.0,31.0,103.0,46.0,192.0,215.0,239.0,158.0,125.0,54.0,71.0,1545.0,17,031,820606,1,170318206061
151.0,121.0,48.0,119.0,137.0,85.0,104.0,64.0,58.0,168.0,380.0,244.0,180.0,111.0,134.0,85.0,2189.0,17,031,820606,2,170318206062
152.0,38.0,57.0,97.0,55.0,60.0,74.0,160.0,89.0,203.0,149.0,127.0,156.0,89.0,57.0,122.0,1685.0,17,031,820700,1,170318207001
26.0,18.0,42.0,20.0,42.0,116.0,17.0,29.0,32.0,138.0,88.0,139.0,105.0,32.0,42.0,36.0,922.0,17,031,820700,2,170318207002
257.0,50.0,120.0,69.0,33.0,50.0,152.0,93.0,36.0,130.0,258.0,147.0,212.0,81.0,64.0,69.0,1821.0,17,031,820700,3,170318207003
113.0,71.0,128.0,66.0,126.0,240.0,111.0,117.0,94.0,205.0,194.0,197.0,248.0,138.0,140.0,71.0,2259.0,17,031,820700,4,170318207004
74.0,44.0,34.0,142.0,76.0,77.0,95.0,53.0,55.0,135.0,237.0,389.0,213.0,189.0,98.0,73.0,1984.0,17,031,820800,1,170318208001
53.0,29.0,89.0,45.0,38.0,47.0,57.0,63.0,58.0,117.0,215.0,293.0,163.0,70.0,76.0,69.0,1482.0,17,031,820800,2,170318208002
35.0,28.0,32.0,46.0,32.0,35.0,43.0,35.0,25.0,49.0,61.0,134.0,49.0,66.0,38.0,24.0,732.0,17,031,820800,3,170318208003
118.0,64.0,155.0,138.0,117.0,80.0,64.0,177.0,58.0,214.0,322.0,242.0,118.0,125.0,78.0,92.0,2162.0,17,031,820901,1,170318209011
56.0,83.0,47.0,89.0,65.0,63.0,25.0,17.0,64.0,96.0,64.0,167.0,100.0,38.0,85.0,40.0,1099.0,17,031,820901,2,170318209012
66.0,34.0,39.0,43.0,94.0,43.0,52.0,49.0,175.0,182.0,115.0,86.0,65.0,26.0,42.0,43.0,1154.0,17,031,820901,3,170318209013
26.0,51.0,36.0,39.0,90.0,31.0,110.0,26.0,84.0,58.0,116.0,103.0,146.0,32.0,32.0,38.0,1018.0,17,031,820901,4,170318209014
33.0,51.0,18.0,35.0,59.0,55.0,25.0,80.0,41.0,72.0,103.0,135.0,95.0,20.0,34.0,61.0,917.0,17,031,820902,1,170318209021
95.0,105.0,64.0,67.0,68.0,33.0,80.0,23.0,96.0,80.0,94.0,269.0,128.0,82.0,42.0,49.0,1375.0,17,031,820902,2,170318209022
83.0,106.0,35.0,95.0,32.0,66.0,30.0,30.0,32.0,114.0,131.0,171.0,126.0,44.0,45.0,46.0,1186.0,17,031,820902,3,170318209023
55.0,58.0,44.0,81.0,50.0,86.0,56.0,61.0,74.0,116.0,83.0,198.0,81.0,52.0,106.0,68.0,1269.0,17,031,820902,4,170318209024
51.0,70.0,46.0,74.0,79.0,55.0,39.0,35.0,52.0,139.0,179.0,232.0,117.0,77.0,63.0,66.0,1374.0,17,031,821001,1,170318210011
96.0,19.0,97.0,58.0,36.0,46.0,61.0,38.0,68.0,110.0,115.0,257.0,137.0,88.0,239.0,51.0,1516.0,17,031,821001,2,170318210012
148.0,39.0,71.0,88.0,26.0,53.0,74.0,91.0,41.0,56.0,169.0,210.0,94.0,35.0,61.0,51.0,1307.0,17,031,821001,3,170318210013
55.0,39.0,51.0,43.0,59.0,54.0,66.0,29.0,49.0,47.0,102.0,232.0,93.0,45.0,55.0,41.0,1060.0,17,031,821001,4,170318210014
79.0,70.0,78.0,76.0,85.0,23.0,40.0,38.0,36.0,65.0,125.0,143.0,63.0,76.0,22.0,34.0,1053.0,17,031,821002,1,170318210021
32.0,78.0,81.0,30.0,54.0,54.0,51.0,32.0,96.0,63.0,87.0,205.0,86.0,66.0,49.0,101.0,1165.0,17,031,821002,2,170318210022
26.0,33.0,18.0,48.0,25.0,37.0,28.0,49.0,23.0,53.0,109.0,63.0,79.0,20.0,24.0,35.0,670.0,17,031,821002,3,170318210023
61.0,54.0,22.0,40.0,73.0,47.0,22.0,41.0,32.0,93.0,128.0,121.0,179.0,52.0,58.0,53.0,1076.0,17,031,821002,4,170318210024
52.0,61.0,166.0,52.0,76.0,71.0,52.0,80.0,38.0,169.0,145.0,274.0,144.0,106.0,58.0,61.0,1605.0,17,031,821002,5,170318210025
44.0,26.0,30.0,31.0,122.0,65.0,88.0,17.0,55.0,48.0,144.0,209.0,161.0,21.0,45.0,64.0,1170.0,17,031,821101,1,170318211011
30.0,25.0,42.0,15.0,29.0,38.0,14.0,18.0,14.0,76.0,101.0,139.0,123.0,36.0,40.0,50.0,790.0,17,031,821101,2,170318211012
45.0,15.0,24.0,21.0,43.0,68.0,25.0,83.0,70.0,52.0,38.0,126.0,111.0,32.0,80.0,40.0,873.0,17,031,821101,3,170318211013
128.0,53.0,38.0,35.0,69.0,73.0,33.0,112.0,52.0,71.0,196.0,257.0,239.0,119.0,58.0,55.0,1588.0,17,031,821101,4,170318211014
122.0,43.0,38.0,99.0,40.0,80.0,38.0,35.0,49.0,80.0,115.0,179.0,119.0,62.0,71.0,56.0,1226.0,17,031,821102,1,170318211021
53.0,37.0,49.0,25.0,71.0,74.0,147.0,89.0,47.0,71.0,138.0,98.0,140.0,60.0,57.0,42.0,1198.0,17,031,821102,2,170318211022
52.0,40.0,44.0,79.0,90.0,51.0,46.0,43.0,28.0,59.0,156.0,193.0,64.0,99.0,75.0,84.0,1203.0,17,031,821102,3,170318211023
49.0,39.0,14.0,51.0,10.0,12.0,10.0,13.0,18.0,42.0,70.0,83.0,52.0,31.0,14.0,25.0,533.0,17,031,821102,4,170318211024
106.0,108.0,60.0,77.0,43.0,72.0,23.0,19.0,37.0,130.0,109.0,135.0,84.0,35.0,41.0,67.0,1146.0,17,031,821200,1,170318212001
105.0,78.0,148.0,83.0,80.0,79.0,108.0,45.0,98.0,104.0,67.0,100.0,76.0,49.0,56.0,44.0,1320.0,17,031,821200,2,170318212002
107.0,279.0,145.0,125.0,131.0,103.0,88.0,153.0,49.0,176.0,151.0,240.0,228.0,105.0,73.0,146.0,2299.0,17,031,821200,3,170318212003
129.0,40.0,84.0,43.0,117.0,40.0,28.0,54.0,78.0,221.0,105.0,241.0,125.0,46.0,42.0,48.0,1441.0,17,031,821200,4,170318212004
106.0,12.0,17.0,19.0,81.0,57.0,42.0,20.0,17.0,39.0,40.0,83.0,23.0,23.0,28.0,26.0,633.0,17,031,821300,1,170318213001
138.0,190.0,185.0,173.0,97.0,86.0,142.0,152.0,89.0,223.0,289.0,332.0,167.0,104.0,95.0,97.0,2559.0,17,031,821300,2,170318213002
76.0,23.0,35.0,18.0,8.0,18.0,43.0,35.0,7.0,47.0,82.0,57.0,19.0,24.0,22.0,24.0,538.0,17,031,821300,3,170318213003
137.0,96.0,76.0,118.0,68.0,47.0,77.0,70.0,34.0,182.0,243.0,228.0,124.0,62.0,88.0,81.0,1731.0,17,031,821300,4,170318213004
106.0,14.0,39.0,35.0,51.0,30.0,60.0,25.0,27.0,67.0,80.0,124.0,61.0,27.0,40.0,34.0,820.0,17,031,821401,1,170318214011
16.0,23.0,24.0,16.0,49.0,24.0,26.0,14.0,11.0,14.0,76.0,52.0,48.0,9.0,13.0,19.0,434.0,17,031,821401,2,170318214012
23.0,19.0,42.0,41.0,43.0,85.0,24.0,19.0,23.0,79.0,67.0,132.0,53.0,28.0,65.0,49.0,792.0,17,031,821401,3,170318214013
81.0,27.0,70.0,56.0,181.0,66.0,174.0,50.0,90.0,80.0,108.0,143.0,73.0,45.0,69.0,58.0,1371.0,17,031,821401,4,170318214014
98.0,30.0,63.0,47.0,79.0,47.0,84.0,142.0,50.0,187.0,160.0,125.0,111.0,96.0,62.0,88.0,1469.0,17,031,821402,1,170318214021
66.0,50.0,84.0,79.0,36.0,166.0,36.0,53.0,122.0,191.0,165.0,224.0,141.0,56.0,62.0,48.0,1579.0,17,031,821402,2,170318214022
68.0,15.0,29.0,28.0,23.0,30.0,15.0,12.0,57.0,55.0,83.0,71.0,49.0,39.0,41.0,35.0,650.0,17,031,821402,3,170318214023
179.0,93.0,140.0,134.0,104.0,129.0,79.0,84.0,105.0,158.0,221.0,223.0,129.0,62.0,84.0,82.0,2006.0,17,031,821500,1,170318215001
75.0,22.0,18.0,58.0,29.0,40.0,22.0,26.0,28.0,51.0,216.0,263.0,171.0,28.0,43.0,49.0,1139.0,17,031,821600,1,170318216001
85.0,28.0,30.0,32.0,51.0,24.0,49.0,17.0,21.0,65.0,92.0,104.0,95.0,48.0,102.0,29.0,872.0,17,031,821600,2,170318216002
51.0,42.0,45.0,18.0,29.0,22.0,37.0,38.0,21.0,64.0,55.0,56.0,84.0,47.0,32.0,77.0,718.0,17,031,821600,3,170318216003
107.0,57.0,98.0,41.0,76.0,27.0,33.0,33.0,46.0,115.0,140.0,175.0,117.0,139.0,103.0,40.0,1347.0,17,031,821600,4,170318216004
49.0,23.0,32.0,16.0,31.0,6.0,21.0,6.0,12.0,27.0,38.0,85.0,16.0,18.0,13.0,16.0,409.0,17,031,821600,5,170318216005
99.0,29.0,15.0,15.0,12.0,9.0,9.0,18.0,12.0,28.0,26.0,92.0,78.0,55.0,34.0,18.0,549.0,17,031,821700,1,170318217001
136.0,81.0,59.0,31.0,79.0,40.0,70.0,87.0,58.0,132.0,137.0,210.0,137.0,63.0,73.0,87.0,1480.0,17,031,821700,2,170318217002
40.0,33.0,70.0,43.0,40.0,52.0,36.0,26.0,35.0,90.0,98.0,184.0,118.0,96.0,83.0,55.0,1099.0,17,031,821700,3,170318217003
36.0,27.0,25.0,68.0,17.0,27.0,22.0,33.0,51.0,65.0,150.0,119.0,82.0,89.0,95.0,125.0,1031.0,17,031,821700,4,170318217004
50.0,32.0,18.0,95.0,46.0,30.0,19.0,23.0,32.0,25.0,84.0,66.0,35.0,33.0,27.0,30.0,645.0,17,031,821700,5,170318217005
106.0,19.0,32.0,32.0,21.0,31.0,51.0,19.0,88.0,59.0,56.0,139.0,89.0,63.0,103.0,39.0,947.0,17,031,821800,1,170318218001
27.0,22.0,52.0,48.0,11.0,23.0,59.0,99.0,31.0,35.0,58.0,142.0,64.0,28.0,32.0,42.0,773.0,17,031,821800,2,170318218002
21.0,7.0,33.0,13.0,11.0,14.0,12.0,15.0,10.0,55.0,63.0,98.0,50.0,36.0,36.0,65.0,539.0,17,031,821800,3,170318218003
65.0,75.0,67.0,34.0,50.0,33.0,23.0,35.0,25.0,91.0,101.0,92.0,131.0,53.0,54.0,57.0,986.0,17,031,821800,4,170318218004
58.0,26.0,25.0,28.0,40.0,33.0,31.0,44.0,35.0,113.0,91.0,248.0,64.0,172.0,166.0,66.0,1240.0,17,031,821800,5,170318218005
34.0,13.0,35.0,22.0,38.0,66.0,32.0,21.0,45.0,49.0,41.0,152.0,74.0,161.0,65.0,61.0,909.0,17,031,821800,6,170318218006
41.0,35.0,46.0,48.0,155.0,101.0,36.0,41.0,43.0,99.0,124.0,106.0,142.0,49.0,46.0,42.0,1154.0,17,031,821900,1,170318219001
49.0,38.0,28.0,34.0,25.0,44.0,55.0,24.0,13.0,46.0,129.0,152.0,77.0,56.0,40.0,34.0,844.0,17,031,821900,2,170318219002
74.0,29.0,58.0,50.0,84.0,50.0,35.0,89.0,41.0,95.0,139.0,201.0,145.0,75.0,58.0,75.0,1298.0,17,031,821900,3,170318219003
24.0,27.0,46.0,38.0,61.0,23.0,28.0,32.0,35.0,22.0,39.0,80.0,60.0,37.0,80.0,48.0,680.0,17,031,821900,4,170318219004
43.0,89.0,42.0,25.0,39.0,47.0,29.0,62.0,33.0,77.0,122.0,77.0,139.0,49.0,40.0,44.0,957.0,17,031,821900,5,170318219005
35.0,59.0,32.0,52.0,23.0,67.0,22.0,35.0,35.0,75.0,79.0,217.0,63.0,41.0,35.0,34.0,904.0,17,031,822000,1,170318220001
10.0,11.0,60.0,11.0,42.0,53.0,49.0,20.0,7.0,50.0,67.0,38.0,20.0,18.0,18.0,28.0,502.0,17,031,822000,2,170318220002
94.0,85.0,68.0,44.0,49.0,73.0,39.0,35.0,22.0,119.0,76.0,188.0,63.0,67.0,51.0,50.0,1123.0,17,031,822000,3,170318220003
76.0,34.0,32.0,73.0,38.0,36.0,38.0,10.0,37.0,46.0,102.0,90.0,58.0,33.0,29.0,36.0,768.0,17,031,822000,4,170318220004
50.0,17.0,58.0,54.0,22.0,31.0,26.0,98.0,55.0,90.0,138.0,180.0,99.0,34.0,42.0,39.0,1033.0,17,031,822000,5,170318220005
85.0,26.0,50.0,94.0,95.0,78.0,52.0,105.0,30.0,121.0,108.0,129.0,101.0,110.0,66.0,38.0,1288.0,17,031,822101,1,170318221011
63.0,53.0,40.0,33.0,56.0,76.0,23.0,43.0,29.0,151.0,105.0,239.0,109.0,50.0,45.0,78.0,1193.0,17,031,822101,2,170318221012
45.0,77.0,24.0,67.0,18.0,33.0,16.0,36.0,36.0,43.0,52.0,199.0,67.0,33.0,44.0,26.0,816.0,17,031,822101,3,170318221013
43.0,17.0,26.0,40.0,40.0,41.0,44.0,56.0,32.0,62.0,186.0,201.0,85.0,72.0,86.0,53.0,1084.0,17,031,822101,4,170318221014
67.0,24.0,51.0,70.0,129.0,67.0,37.0,54.0,47.0,55.0,80.0,263.0,163.0,63.0,44.0,107.0,1321.0,17,031,822102,1,170318221021
73.0,94.0,96.0,50.0,98.0,72.0,49.0,83.0,116.0,91.0,104.0,186.0,88.0,119.0,47.0,49.0,1415.0,17,031,822102,2,170318221022
64.0,58.0,63.0,78.0,26.0,67.0,56.0,66.0,26.0,58.0,114.0,246.0,142.0,43.0,68.0,90.0,1265.0,17,031,822102,3,170318221023
35.0,18.0,37.0,31.0,31.0,121.0,69.0,14.0,15.0,27.0,50.0,57.0,24.0,22.0,26.0,21.0,598.0,17,031,822102,4,170318221024
62.0,103.0,49.0,132.0,114.0,119.0,62.0,86.0,105.0,181.0,224.0,345.0,301.0,145.0,77.0,103.0,2208.0,17,031,822200,1,170318222001
47.0,21.0,27.0,38.0,24.0,57.0,41.0,54.0,33.0,67.0,112.0,211.0,103.0,28.0,63.0,41.0,967.0,17,031,822200,2,170318222002
14.0,20.0,22.0,42.0,20.0,45.0,19.0,24.0,9.0,40.0,99.0,66.0,43.0,46.0,46.0,41.0,596.0,17,031,822200,3,170318222003
63.0,32.0,82.0,25.0,51.0,22.0,43.0,68.0,18.0,132.0,136.0,110.0,134.0,66.0,40.0,65.0,1087.0,17,031,822301,1,170318223011
27.0,26.0,32.0,34.0,82.0,18.0,52.0,27.0,40.0,70.0,120.0,65.0,67.0,43.0,29.0,31.0,763.0,17,031,822301,2,170318223012
35.0,15.0,14.0,21.0,21.0,15.0,49.0,28.0,12.0,129.0,155.0,85.0,75.0,27.0,40.0,37.0,758.0,17,031,822301,3,170318223013
105.0,36.0,59.0,72.0,86.0,41.0,41.0,54.0,33.0,120.0,203.0,226.0,159.0,124.0,79.0,50.0,1488.0,17,031,822301,4,170318223014
64.0,93.0,84.0,48.0,71.0,61.0,60.0,30.0,47.0,64.0,141.0,134.0,130.0,91.0,129.0,47.0,1294.0,17,031,822302,1,170318223021
60.0,38.0,43.0,49.0,24.0,20.0,68.0,50.0,27.0,47.0,74.0,100.0,68.0,66.0,79.0,41.0,854.0,17,031,822302,2,170318223022
83.0,25.0,18.0,51.0,103.0,56.0,35.0,99.0,50.0,60.0,159.0,162.0,133.0,42.0,28.0,44.0,1148.0,17,031,822302,3,170318223023
125.0,17.0,24.0,26.0,36.0,46.0,29.0,31.0,34.0,61.0,111.0,179.0,79.0,25.0,43.0,52.0,918.0,17,031,822302,4,170318223024
57.0,41.0,89.0,54.0,85.0,47.0,31.0,49.0,80.0,122.0,112.0,115.0,138.0,177.0,60.0,94.0,1351.0,17,031,822400,1,170318224001
156.0,143.0,239.0,97.0,183.0,94.0,67.0,80.0,43.0,138.0,179.0,184.0,194.0,129.0,151.0,91.0,2168.0,17,031,822400,2,170318224002
299.0,94.0,217.0,137.0,182.0,79.0,124.0,122.0,62.0,256.0,216.0,218.0,207.0,128.0,159.0,91.0,2591.0,17,031,822400,3,170318224003
34.0,11.0,27.0,19.0,12.0,14.0,14.0,12.0,30.0,119.0,27.0,60.0,41.0,63.0,27.0,20.0,530.0,17,031,822400,4,170318224004
28.0,26.0,63.0,20.0,18.0,39.0,28.0,86.0,29.0,98.0,139.0,62.0,114.0,143.0,91.0,33.0,1017.0,17,031,822500,1,170318225001
46.0,27.0,52.0,26.0,20.0,29.0,17.0,10.0,23.0,136.0,72.0,153.0,57.0,42.0,74.0,79.0,863.0,17,031,822500,2,170318225002
52.0,45.0,31.0,41.0,61.0,26.0,96.0,28.0,30.0,106.0,146.0,193.0,73.0,61.0,77.0,86.0,1152.0,17,031,822500,3,170318225003
81.0,37.0,53.0,35.0,60.0,43.0,50.0,74.0,29.0,105.0,127.0,175.0,150.0,78.0,95.0,87.0,1279.0,17,031,822500,4,170318225004
89.0,41.0,56.0,126.0,99.0,92.0,77.0,52.0,63.0,143.0,207.0,232.0,196.0,155.0,172.0,129.0,1929.0,17,031,822601,1,170318226011
72.0,80.0,68.0,129.0,96.0,89.0,116.0,59.0,94.0,155.0,208.0,140.0,185.0,120.0,134.0,90.0,1835.0,17,031,822601,2,170318226012
30.0,25.0,68.0,87.0,12.0,34.0,23.0,11.0,24.0,50.0,75.0,112.0,85.0,27.0,49.0,46.0,758.0,17,031,822601,3,170318226013
50.0,42.0,71.0,50.0,61.0,25.0,40.0,47.0,42.0,67.0,119.0,158.0,198.0,169.0,126.0,99.0,1364.0,17,031,822602,1,170318226021
131.0,99.0,165.0,81.0,91.0,133.0,102.0,130.0,44.0,181.0,373.0,473.0,216.0,283.0,264.0,246.0,3012.0,17,031,822602,2,170318226022
202.0,164.0,298.0,68.0,112.0,170.0,145.0,191.0,132.0,274.0,246.0,324.0,167.0,126.0,114.0,137.0,2870.0,17,031,822602,3,170318226023
116.0,84.0,122.0,75.0,55.0,112.0,43.0,48.0,35.0,103.0,162.0,171.0,65.0,66.0,46.0,46.0,1349.0,17,031,822701,1,170318227011
92.0,20.0,37.0,23.0,55.0,16.0,37.0,88.0,16.0,60.0,66.0,189.0,95.0,126.0,71.0,41.0,1032.0,17,031,822701,2,170318227012
30.0,12.0,14.0,17.0,108.0,11.0,34.0,15.0,29.0,41.0,33.0,80.0,102.0,49.0,41.0,26.0,642.0,17,031,822701,3,170318227013
66.0,81.0,48.0,74.0,25.0,52.0,140.0,92.0,66.0,71.0,54.0,126.0,87.0,44.0,33.0,44.0,1103.0,17,031,822701,4,170318227014
151.0,78.0,97.0,94.0,163.0,81.0,58.0,125.0,55.0,85.0,176.0,199.0,185.0,79.0,133.0,87.0,1846.0,17,031,822702,1,170318227021
46.0,55.0,19.0,44.0,18.0,19.0,23.0,35.0,19.0,41.0,72.0,146.0,53.0,70.0,68.0,28.0,756.0,17,031,822702,2,170318227022
36.0,48.0,62.0,32.0,18.0,20.0,14.0,65.0,10.0,29.0,46.0,54.0,44.0,27.0,34.0,27.0,566.0,17,031,822702,3,170318227023
93.0,79.0,91.0,80.0,112.0,110.0,142.0,144.0,111.0,140.0,209.0,233.0,125.0,132.0,85.0,84.0,1970.0,17,031,822801,1,170318228011
70.0,52.0,53.0,78.0,40.0,48.0,52.0,47.0,118.0,143.0,146.0,147.0,183.0,135.0,87.0,85.0,1484.0,17,031,822801,2,170318228012
84.0,69.0,58.0,109.0,57.0,61.0,77.0,48.0,90.0,188.0,104.0,239.0,105.0,105.0,87.0,82.0,1563.0,17,031,822802,1,170318228021
50.0,34.0,66.0,63.0,25.0,38.0,32.0,46.0,29.0,69.0,60.0,148.0,97.0,27.0,52.0,50.0,886.0,17,031,822802,2,170318228022
50.0,42.0,22.0,31.0,73.0,41.0,17.0,73.0,90.0,80.0,60.0,158.0,130.0,71.0,72.0,87.0,1097.0,17,031,822802,3,170318228023
144.0,49.0,118.0,100.0,84.0,87.0,54.0,98.0,65.0,157.0,258.0,315.0,160.0,94.0,81.0,104.0,1968.0,17,031,822900,1,170318229001
125.0,85.0,76.0,50.0,24.0,76.0,60.0,58.0,69.0,148.0,113.0,129.0,76.0,34.0,46.0,50.0,1219.0,17,031,823001,1,170318230011
59.0,19.0,88.0,24.0,56.0,98.0,101.0,61.0,59.0,68.0,88.0,120.0,49.0,38.0,24.0,44.0,996.0,17,031,823001,2,170318230012
41.0,47.0,39.0,39.0,62.0,37.0,19.0,33.0,41.0,161.0,74.0,216.0,169.0,43.0,31.0,46.0,1098.0,17,031,823001,3,170318230013
78.0,103.0,46.0,44.0,17.0,46.0,136.0,24.0,53.0,51.0,90.0,148.0,105.0,101.0,45.0,50.0,1137.0,17,031,823001,4,170318230014
129.0,42.0,96.0,56.0,41.0,57.0,69.0,29.0,34.0,85.0,64.0,113.0,119.0,91.0,48.0,39.0,1112.0,17,031,823001,5,170318230015
67.0,53.0,56.0,49.0,20.0,34.0,45.0,26.0,149.0,137.0,149.0,181.0,120.0,37.0,51.0,57.0,1231.0,17,031,823002,1,170318230021
120.0,23.0,25.0,18.0,71.0,31.0,24.0,69.0,21.0,86.0,135.0,168.0,56.0,36.0,117.0,73.0,1073.0,17,031,823002,2,170318230022
103.0,91.0,64.0,230.0,110.0,68.0,68.0,201.0,213.0,127.0,219.0,129.0,216.0,60.0,72.0,78.0,2049.0,17,031,823002,3,170318230023
60.0,33.0,83.0,71.0,77.0,86.0,48.0,26.0,152.0,112.0,155.0,228.0,226.0,83.0,111.0,62.0,1613.0,17,031,823002,4,170318230024
104.0,19.0,69.0,32.0,28.0,30.0,50.0,77.0,73.0,57.0,67.0,88.0,82.0,50.0,41.0,33.0,900.0,17,031,823101,1,170318231011
64.0,26.0,44.0,42.0,37.0,36.0,53.0,19.0,66.0,71.0,107.0,116.0,87.0,53.0,32.0,25.0,878.0,17,031,823101,2,170318231012
20.0,26.0,62.0,41.0,21.0,24.0,24.0,32.0,9.0,31.0,60.0,67.0,58.0,45.0,14.0,27.0,561.0,17,031,823101,3,170318231013
48.0,19.0,50.0,97.0,52.0,20.0,54.0,43.0,21.0,50.0,46.0,136.0,72.0,37.0,44.0,40.0,829.0,17,031,823101,4,170318231014
38.0,26.0,43.0,49.0,43.0,112.0,33.0,21.0,88.0,66.0,103.0,210.0,157.0,66.0,100.0,44.0,1199.0,17,031,823101,5,170318231015
116.0,113.0,123.0,162.0,61.0,109.0,143.0,78.0,80.0,144.0,248.0,229.0,140.0,100.0,157.0,114.0,2117.0,17,031,823102,1,170318231021
51.0,75.0,152.0,58.0,62.0,72.0,62.0,52.0,84.0,172.0,154.0,215.0,145.0,60.0,70.0,62.0,1546.0,17,031,823102,2,170318231022
100.0,65.0,109.0,104.0,72.0,139.0,118.0,82.0,71.0,159.0,220.0,323.0,253.0,120.0,157.0,107.0,2199.0,17,031,823200,1,170318232001
101.0,100.0,77.0,172.0,111.0,77.0,131.0,56.0,116.0,176.0,288.0,344.0,218.0,227.0,144.0,85.0,2423.0,17,031,823200,2,170318232002
193.0,66.0,122.0,42.0,74.0,64.0,60.0,44.0,51.0,141.0,175.0,327.0,183.0,133.0,78.0,66.0,1819.0,17,031,823302,1,170318233021
93.0,75.0,94.0,182.0,60.0,110.0,144.0,135.0,122.0,345.0,240.0,433.0,278.0,164.0,113.0,101.0,2689.0,17,031,823302,2,170318233022
77.0,65.0,122.0,170.0,134.0,136.0,47.0,75.0,67.0,126.0,135.0,175.0,104.0,144.0,56.0,72.0,1705.0,17,031,823302,3,170318233023
101.0,13.0,40.0,61.0,34.0,85.0,18.0,41.0,43.0,46.0,160.0,89.0,38.0,53.0,23.0,27.0,872.0,17,031,823303,1,170318233031
131.0,21.0,24.0,63.0,57.0,155.0,23.0,31.0,36.0,92.0,105.0,173.0,157.0,75.0,127.0,55.0,1325.0,17,031,823303,2,170318233032
64.0,12.0,36.0,80.0,24.0,41.0,62.0,12.0,12.0,52.0,41.0,50.0,73.0,29.0,18.0,31.0,637.0,17,031,823303,3,170318233033
35.0,36.0,17.0,64.0,42.0,94.0,40.0,19.0,53.0,60.0,142.0,158.0,106.0,50.0,36.0,46.0,998.0,17,031,823303,4,170318233034
73.0,49.0,40.0,84.0,36.0,31.0,16.0,25.0,17.0,54.0,116.0,101.0,57.0,42.0,42.0,36.0,819.0,17,031,823303,5,170318233035
39.0,51.0,57.0,49.0,58.0,15.0,52.0,19.0,16.0,85.0,56.0,55.0,36.0,38.0,48.0,29.0,703.0,17,031,823304,1,170318233041
51.0,17.0,33.0,31.0,31.0,34.0,38.0,25.0,41.0,83.0,82.0,133.0,59.0,38.0,58.0,26.0,780.0,17,031,823304,2,170318233042
50.0,50.0,38.0,57.0,27.0,31.0,36.0,37.0,47.0,48.0,36.0,60.0,26.0,19.0,25.0,25.0,612.0,17,031,823304,3,170318233043
54.0,73.0,65.0,52.0,89.0,55.0,102.0,197.0,52.0,84.0,167.0,153.0,123.0,42.0,42.0,75.0,1425.0,17,031,823304,4,170318233044
48.0,31.0,46.0,103.0,171.0,34.0,71.0,29.0,34.0,195.0,85.0,129.0,102.0,70.0,36.0,49.0,1233.0,17,031,823304,5,170318233045
91.0,24.0,91.0,53.0,57.0,113.0,33.0,77.0,34.0,77.0,162.0,172.0,94.0,75.0,107.0,52.0,1312.0,17,031,823304,6,170318233046
158.0,23.0,37.0,34.0,69.0,28.0,20.0,52.0,28.0,64.0,288.0,167.0,118.0,42.0,36.0,45.0,1209.0,17,031,823400,1,170318234001
80.0,80.0,106.0,43.0,87.0,90.0,74.0,51.0,89.0,111.0,98.0,141.0,80.0,58.0,60.0,47.0,1295.0,17,031,823400,2,170318234002
18.0,16.0,83.0,136.0,79.0,37.0,10.0,36.0,23.0,31.0,78.0,73.0,49.0,41.0,31.0,26.0,767.0,17,031,823400,3,170318234003
109.0,95.0,54.0,124.0,89.0,98.0,46.0,64.0,89.0,175.0,159.0,185.0,182.0,94.0,108.0,99.0,1770.0,17,031,823400,4,170318234004
64.0,54.0,110.0,61.0,21.0,50.0,68.0,54.0,42.0,184.0,148.0,182.0,111.0,82.0,58.0,45.0,1334.0,17,031,823500,1,170318235001
92.0,98.0,67.0,62.0,114.0,105.0,77.0,59.0,128.0,90.0,173.0,194.0,88.0,52.0,68.0,51.0,1518.0,17,031,823500,2,170318235002
43.0,88.0,30.0,48.0,74.0,51.0,146.0,125.0,31.0,92.0,163.0,202.0,126.0,88.0,47.0,61.0,1415.0,17,031,823500,3,170318235003
42.0,31.0,16.0,12.0,10.0,23.0,37.0,19.0,12.0,70.0,75.0,61.0,69.0,28.0,28.0,40.0,573.0,17,031,823500,4,170318235004
86.0,18.0,103.0,107.0,30.0,95.0,82.0,116.0,34.0,106.0,105.0,183.0,125.0,73.0,70.0,48.0,1381.0,17,031,823602,1,170318236021
40.0,48.0,33.0,102.0,55.0,47.0,24.0,23.0,40.0,144.0,209.0,134.0,90.0,100.0,69.0,41.0,1199.0,17,031,823602,2,170318236022
67.0,91.0,126.0,96.0,60.0,101.0,40.0,77.0,67.0,210.0,221.0,313.0,124.0,116.0,71.0,83.0,1863.0,17,031,823602,3,170318236023
56.0,54.0,32.0,49.0,93.0,63.0,67.0,24.0,51.0,86.0,127.0,206.0,86.0,94.0,77.0,112.0,1277.0,17,031,823602,4,170318236024
136.0,68.0,122.0,67.0,73.0,136.0,62.0,54.0,32.0,89.0,125.0,125.0,86.0,53.0,42.0,82.0,1352.0,17,031,823603,1,170318236031
136.0,23.0,38.0,51.0,45.0,25.0,40.0,103.0,28.0,113.0,93.0,111.0,63.0,56.0,34.0,37.0,996.0,17,031,823603,2,170318236032
39.0,34.0,15.0,16.0,39.0,38.0,34.0,23.0,42.0,54.0,68.0,116.0,56.0,28.0,89.0,66.0,757.0,17,031,823604,1,170318236041
35.0,21.0,30.0,35.0,73.0,82.0,38.0,68.0,38.0,75.0,79.0,151.0,133.0,21.0,32.0,48.0,959.0,17,031,823604,2,170318236042
83.0,61.0,68.0,51.0,45.0,72.0,59.0,53.0,70.0,157.0,181.0,259.0,167.0,163.0,119.0,246.0,1854.0,17,031,823604,3,170318236043
75.0,62.0,35.0,60.0,49.0,50.0,70.0,36.0,37.0,162.0,192.0,197.0,239.0,157.0,171.0,173.0,1765.0,17,031,823605,1,170318236051
36.0,28.0,67.0,51.0,61.0,71.0,22.0,75.0,52.0,84.0,77.0,156.0,121.0,110.0,84.0,48.0,1143.0,17,031,823605,2,170318236052
92.0,52.0,46.0,79.0,38.0,23.0,29.0,23.0,23.0,70.0,113.0,125.0,81.0,40.0,41.0,43.0,918.0,17,031,823605,3,170318236053
69.0,97.0,86.0,62.0,81.0,136.0,137.0,90.0,31.0,225.0,150.0,114.0,172.0,59.0,64.0,64.0,1637.0,17,031,823702,1,170318237021
204.0,54.0,86.0,112.0,71.0,90.0,91.0,160.0,110.0,229.0,213.0,391.0,183.0,122.0,113.0,143.0,2372.0,17,031,823702,2,170318237022
76.0,63.0,126.0,137.0,85.0,79.0,84.0,99.0,72.0,116.0,180.0,133.0,186.0,86.0,102.0,91.0,1715.0,17,031,823702,3,170318237023
63.0,23.0,90.0,88.0,43.0,23.0,37.0,28.0,18.0,77.0,167.0,123.0,137.0,57.0,88.0,37.0,1099.0,17,031,823702,4,170318237024
146.0,182.0,40.0,115.0,35.0,96.0,86.0,74.0,38.0,169.0,217.0,280.0,95.0,47.0,49.0,60.0,1729.0,17,031,823703,1,170318237031
51.0,43.0,54.0,53.0,46.0,128.0,42.0,83.0,26.0,137.0,198.0,248.0,181.0,38.0,104.0,57.0,1489.0,17,031,823703,2,170318237032
96.0,83.0,115.0,152.0,95.0,113.0,73.0,80.0,121.0,249.0,424.0,246.0,220.0,93.0,94.0,131.0,2385.0,17,031,823703,3,170318237033
204.0,98.0,136.0,136.0,63.0,143.0,73.0,75.0,79.0,119.0,162.0,244.0,103.0,51.0,48.0,63.0,1797.0,17,031,823703,4,170318237034
35.0,29.0,52.0,20.0,39.0,57.0,29.0,34.0,51.0,62.0,80.0,137.0,106.0,47.0,68.0,98.0,944.0,17,031,823704,1,170318237041
65.0,76.0,46.0,64.0,122.0,41.0,41.0,127.0,98.0,138.0,190.0,282.0,262.0,104.0,212.0,156.0,2024.0,17,031,823704,2,170318237042
89.0,27.0,50.0,31.0,32.0,88.0,56.0,39.0,52.0,113.0,149.0,148.0,117.0,77.0,69.0,55.0,1192.0,17,031,823704,3,170318237043
126.0,95.0,47.0,47.0,32.0,197.0,30.0,48.0,93.0,158.0,229.0,179.0,153.0,95.0,93.0,54.0,1676.0,17,031,823705,1,170318237051
34.0,56.0,13.0,17.0,20.0,16.0,27.0,23.0,90.0,88.0,70.0,114.0,111.0,59.0,46.0,48.0,832.0,17,031,823705,2,170318237052
87.0,90.0,27.0,23.0,50.0,44.0,49.0,43.0,16.0,53.0,57.0,93.0,40.0,19.0,50.0,62.0,803.0,17,031,823705,3,170318237053
70.0,63.0,87.0,60.0,73.0,132.0,61.0,99.0,46.0,100.0,143.0,133.0,157.0,55.0,99.0,69.0,1447.0,17,031,823705,4,170318237054
170.0,110.0,64.0,59.0,88.0,60.0,87.0,47.0,108.0,159.0,132.0,232.0,239.0,225.0,290.0,331.0,2401.0,17,031,823801,1,170318238011
189.0,47.0,137.0,184.0,123.0,100.0,93.0,57.0,44.0,147.0,195.0,207.0,214.0,107.0,116.0,133.0,2093.0,17,031,823801,2,170318238012
28.0,18.0,39.0,17.0,35.0,36.0,17.0,25.0,82.0,52.0,105.0,133.0,84.0,26.0,66.0,80.0,843.0,17,031,823801,3,170318238013
130.0,115.0,75.0,86.0,70.0,68.0,117.0,178.0,74.0,175.0,222.0,391.0,231.0,75.0,141.0,127.0,2275.0,17,031,823803,1,170318238031
36.0,23.0,93.0,60.0,27.0,41.0,38.0,87.0,51.0,93.0,42.0,141.0,103.0,78.0,102.0,28.0,1043.0,17,031,823803,2,170318238032
96.0,80.0,177.0,94.0,83.0,68.0,103.0,61.0,103.0,332.0,163.0,241.0,196.0,101.0,124.0,110.0,2132.0,17,031,823803,3,170318238033
45.0,36.0,52.0,37.0,77.0,25.0,32.0,97.0,110.0,117.0,127.0,196.0,127.0,71.0,145.0,89.0,1383.0,17,031,823803,4,170318238034
72.0,40.0,30.0,74.0,61.0,34.0,47.0,38.0,33.0,71.0,92.0,122.0,125.0,52.0,39.0,29.0,959.0,17,031,823805,1,170318238051
20.0,14.0,46.0,26.0,51.0,19.0,33.0,38.0,27.0,122.0,117.0,118.0,59.0,21.0,48.0,42.0,801.0,17,031,823805,2,170318238052
52.0,49.0,44.0,94.0,37.0,64.0,51.0,60.0,44.0,120.0,105.0,131.0,83.0,46.0,68.0,53.0,1101.0,17,031,823805,3,170318238053
90.0,26.0,66.0,25.0,40.0,23.0,32.0,50.0,63.0,162.0,68.0,285.0,112.0,44.0,50.0,33.0,1169.0,17,031,823806,1,170318238061
43.0,21.0,41.0,34.0,63.0,17.0,12.0,55.0,54.0,40.0,106.0,84.0,62.0,26.0,33.0,33.0,724.0,17,031,823806,2,170318238062
38.0,11.0,33.0,42.0,17.0,22.0,39.0,50.0,24.0,116.0,143.0,67.0,38.0,34.0,21.0,34.0,729.0,17,031,823806,3,170318238063
109.0,55.0,16.0,77.0,36.0,50.0,20.0,29.0,52.0,79.0,118.0,88.0,92.0,26.0,30.0,37.0,914.0,17,031,823806,4,170318238064
96.0,69.0,75.0,67.0,95.0,84.0,89.0,139.0,80.0,127.0,219.0,311.0,283.0,168.0,223.0,243.0,2368.0,17,031,823901,1,170318239011
57.0,44.0,36.0,61.0,45.0,65.0,90.0,79.0,27.0,123.0,139.0,224.0,98.0,69.0,71.0,98.0,1326.0,17,031,823901,2,170318239012
52.0,23.0,47.0,41.0,32.0,21.0,68.0,37.0,18.0,60.0,107.0,89.0,83.0,69.0,53.0,68.0,868.0,17,031,823903,1,170318239031
45.0,31.0,31.0,25.0,23.0,27.0,41.0,21.0,39.0,66.0,165.0,144.0,69.0,89.0,217.0,107.0,1140.0,17,031,823903,2,170318239032
36.0,23.0,32.0,26.0,41.0,25.0,68.0,46.0,38.0,89.0,68.0,102.0,220.0,102.0,157.0,125.0,1198.0,17,031,823903,3,170318239033
50.0,43.0,29.0,35.0,35.0,27.0,76.0,30.0,31.0,132.0,181.0,104.0,105.0,76.0,140.0,213.0,1307.0,17,031,823903,4,170318239034
23.0,19.0,15.0,9.0,36.0,24.0,31.0,11.0,14.0,43.0,90.0,71.0,143.0,57.0,33.0,42.0,661.0,17,031,823904,1,170318239041
31.0,16.0,39.0,21.0,21.0,37.0,53.0,25.0,27.0,29.0,101.0,94.0,97.0,121.0,61.0,31.0,804.0,17,031,823904,2,170318239042
16.0,24.0,13.0,40.0,17.0,30.0,22.0,42.0,14.0,36.0,57.0,56.0,137.0,24.0,80.0,111.0,719.0,17,031,823904,3,170318239043
88.0,48.0,127.0,122.0,104.0,116.0,71.0,89.0,103.0,160.0,203.0,163.0,139.0,127.0,160.0,106.0,1926.0,17,031,823904,4,170318239044
119.0,114.0,98.0,69.0,279.0,146.0,115.0,81.0,114.0,236.0,372.0,451.0,329.0,335.0,256.0,283.0,3397.0,17,031,824003,1,170318240031
21.0,38.0,24.0,57.0,25.0,37.0,60.0,24.0,36.0,84.0,125.0,220.0,109.0,119.0,43.0,46.0,1068.0,17,031,824003,2,170318240032
75.0,36.0,44.0,61.0,74.0,39.0,24.0,31.0,33.0,68.0,78.0,398.0,184.0,129.0,170.0,130.0,1574.0,17,031,824003,3,170318240033
208.0,118.0,86.0,88.0,83.0,77.0,70.0,71.0,95.0,191.0,146.0,179.0,203.0,273.0,166.0,314.0,2368.0,17,031,824004,1,170318240041
86.0,37.0,131.0,139.0,96.0,42.0,41.0,47.0,43.0,101.0,357.0,150.0,177.0,108.0,198.0,145.0,1898.0,17,031,824004,2,170318240042
116.0,25.0,50.0,100.0,159.0,17.0,35.0,25.0,29.0,36.0,61.0,65.0,111.0,33.0,75.0,58.0,995.0,17,031,824004,3,170318240043
99.0,33.0,74.0,69.0,70.0,75.0,62.0,110.0,51.0,164.0,128.0,269.0,176.0,115.0,159.0,123.0,1777.0,17,031,824005,1,170318240051
88.0,80.0,61.0,62.0,36.0,93.0,69.0,41.0,40.0,164.0,212.0,366.0,175.0,202.0,149.0,131.0,1969.0,17,031,824005,2,170318240052
72.0,54.0,90.0,39.0,59.0,46.0,91.0,102.0,28.0,67.0,149.0,347.0,142.0,222.0,162.0,135.0,1805.0,17,031,824005,3,170318240053
93.0,38.0,129.0,44.0,40.0,76.0,69.0,59.0,44.0,101.0,161.0,212.0,150.0,170.0,92.0,203.0,1681.0,17,031,824006,1,170318240061
100.0,67.0,67.0,77.0,83.0,63.0,85.0,54.0,79.0,290.0,202.0,308.0,299.0,196.0,159.0,317.0,2446.0,17,031,824006,2,170318240062
144.0,99.0,111.0,47.0,59.0,88.0,44.0,61.0,82.0,118.0,298.0,330.0,238.0,167.0,196.0,79.0,2161.0,17,031,824105,1,170318241051
175.0,71.0,138.0,115.0,96.0,105.0,77.0,151.0,56.0,285.0,305.0,559.0,470.0,225.0,229.0,180.0,3237.0,17,031,824105,2,170318241052
34.0,43.0,24.0,36.0,22.0,22.0,59.0,33.0,34.0,47.0,35.0,149.0,205.0,34.0,92.0,120.0,989.0,17,031,824105,3,170318241053
68.0,25.0,32.0,30.0,164.0,65.0,42.0,58.0,54.0,66.0,155.0,270.0,201.0,170.0,95.0,201.0,1696.0,17,031,824106,1,170318241061
96.0,134.0,147.0,123.0,120.0,99.0,91.0,79.0,86.0,266.0,321.0,315.0,271.0,219.0,166.0,146.0,2679.0,17,031,824106,2,170318241062
100.0,52.0,80.0,116.0,108.0,74.0,163.0,125.0,117.0,145.0,277.0,433.0,315.0,199.0,185.0,255.0,2744.0,17,031,824106,3,170318241063
37.0,18.0,34.0,29.0,28.0,27.0,17.0,28.0,14.0,29.0,50.0,142.0,62.0,33.0,27.0,88.0,663.0,17,031,824107,1,170318241071
43.0,26.0,37.0,36.0,27.0,37.0,47.0,53.0,13.0,73.0,191.0,205.0,183.0,125.0,108.0,90.0,1294.0,17,031,824107,2,170318241072
94.0,129.0,144.0,147.0,73.0,141.0,115.0,83.0,74.0,143.0,169.0,281.0,245.0,147.0,154.0,122.0,2261.0,17,031,824107,3,170318241073
140.0,105.0,62.0,122.0,61.0,128.0,68.0,86.0,84.0,188.0,161.0,369.0,246.0,124.0,182.0,232.0,2358.0,17,031,824107,4,170318241074
199.0,95.0,245.0,117.0,104.0,96.0,180.0,158.0,109.0,142.0,369.0,319.0,194.0,208.0,129.0,124.0,2788.0,17,031,824108,1,170318241081
103.0,66.0,40.0,105.0,87.0,116.0,86.0,84.0,181.0,195.0,183.0,446.0,315.0,244.0,238.0,106.0,2595.0,17,031,824108,2,170318241082
89.0,51.0,50.0,146.0,49.0,101.0,84.0,108.0,51.0,145.0,142.0,346.0,205.0,251.0,245.0,207.0,2270.0,17,031,824108,3,170318241083
66.0,67.0,21.0,28.0,22.0,33.0,61.0,67.0,25.0,67.0,161.0,206.0,131.0,31.0,95.0,132.0,1213.0,17,031,824113,1,170318241131
138.0,44.0,75.0,109.0,40.0,60.0,58.0,96.0,73.0,169.0,162.0,263.0,204.0,146.0,392.0,183.0,2212.0,17,031,824113,2,170318241132
154.0,66.0,167.0,115.0,156.0,142.0,155.0,217.0,163.0,148.0,355.0,466.0,384.0,334.0,404.0,300.0,3726.0,17,031,824113,3,170318241133
140.0,76.0,109.0,102.0,175.0,87.0,103.0,150.0,168.0,303.0,242.0,486.0,291.0,255.0,465.0,498.0,3650.0,17,031,824114,1,170318241141
42.0,29.0,32.0,106.0,44.0,32.0,32.0,103.0,47.0,105.0,172.0,196.0,153.0,58.0,60.0,63.0,1274.0,17,031,824114,2,170318241142
50.0,48.0,67.0,38.0,63.0,87.0,34.0,35.0,57.0,70.0,198.0,210.0,179.0,98.0,66.0,93.0,1393.0,17,031,824115,1,170318241151
69.0,42.0,107.0,91.0,104.0,143.0,67.0,80.0,89.0,135.0,210.0,244.0,200.0,175.0,93.0,95.0,1944.0,17,031,824115,2,170318241152
63.0,21.0,36.0,56.0,26.0,43.0,53.0,68.0,152.0,101.0,65.0,180.0,153.0,84.0,66.0,103.0,1270.0,17,031,824116,1,170318241161
35.0,22.0,33.0,12.0,28.0,25.0,36.0,16.0,7.0,57.0,73.0,51.0,43.0,47.0,52.0,35.0,572.0,17,031,824116,2,170318241162
132.0,53.0,97.0,82.0,95.0,146.0,164.0,111.0,135.0,106.0,160.0,406.0,92.0,79.0,98.0,91.0,2047.0,17,031,824116,3,170318241163
41.0,35.0,72.0,35.0,35.0,38.0,50.0,107.0,43.0,79.0,85.0,84.0,123.0,48.0,54.0,31.0,960.0,17,031,824116,4,170318241164
84.0,43.0,73.0,67.0,53.0,70.0,47.0,67.0,68.0,127.0,289.0,310.0,338.0,84.0,308.0,205.0,2233.0,17,031,824117,1,170318241171
185.0,118.0,101.0,97.0,93.0,117.0,108.0,94.0,87.0,205.0,546.0,582.0,548.0,269.0,532.0,410.0,4092.0,17,031,824117,2,170318241172
86.0,83.0,50.0,86.0,102.0,72.0,81.0,120.0,70.0,96.0,205.0,318.0,292.0,148.0,279.0,183.0,2271.0,17,031,824117,3,170318241173
61.0,47.0,40.0,25.0,50.0,47.0,22.0,94.0,32.0,152.0,148.0,143.0,110.0,58.0,143.0,83.0,1255.0,17,031,824117,4,170318241174
67.0,56.0,59.0,67.0,55.0,105.0,54.0,71.0,65.0,203.0,156.0,242.0,271.0,259.0,396.0,235.0,2361.0,17,031,824119,1,170318241191
202.0,104.0,128.0,159.0,90.0,155.0,102.0,132.0,74.0,440.0,346.0,554.0,384.0,148.0,291.0,311.0,3620.0,17,031,824119,2,170318241192
84.0,138.0,67.0,72.0,93.0,107.0,65.0,95.0,102.0,160.0,189.0,247.0,312.0,98.0,270.0,243.0,2342.0,17,031,824120,1,170318241201
91.0,89.0,68.0,69.0,105.0,40.0,65.0,72.0,55.0,97.0,255.0,244.0,279.0,102.0,179.0,176.0,1986.0,17,031,824120,2,170318241202
58.0,28.0,64.0,87.0,109.0,122.0,83.0,123.0,57.0,90.0,205.0,213.0,129.0,59.0,94.0,148.0,1669.0,17,031,824120,3,170318241203
135.0,45.0,146.0,74.0,158.0,74.0,148.0,79.0,87.0,139.0,247.0,334.0,209.0,139.0,167.0,239.0,2420.0,17,031,824120,4,170318241204
78.0,39.0,39.0,58.0,52.0,42.0,79.0,40.0,45.0,141.0,232.0,277.0,184.0,99.0,100.0,170.0,1675.0,17,031,824121,1,170318241211
79.0,62.0,35.0,31.0,39.0,71.0,49.0,114.0,49.0,132.0,203.0,251.0,238.0,113.0,83.0,60.0,1609.0,17,031,824121,2,170318241212
91.0,53.0,40.0,70.0,56.0,80.0,70.0,55.0,98.0,128.0,174.0,242.0,245.0,79.0,103.0,114.0,1698.0,17,031,824122,1,170318241221
88.0,74.0,52.0,140.0,190.0,152.0,87.0,84.0,60.0,235.0,269.0,401.0,344.0,199.0,245.0,114.0,2734.0,17,031,824122,2,170318241222
110.0,25.0,61.0,42.0,42.0,67.0,32.0,58.0,37.0,84.0,150.0,302.0,163.0,184.0,122.0,148.0,1627.0,17,031,824122,3,170318241223
61.0,21.0,52.0,33.0,97.0,22.0,24.0,28.0,55.0,95.0,147.0,187.0,171.0,99.0,70.0,64.0,1226.0,17,031,824123,1,170318241231
116.0,88.0,55.0,72.0,130.0,189.0,77.0,125.0,113.0,202.0,258.0,373.0,206.0,158.0,251.0,121.0,2534.0,17,031,824123,2,170318241232
98.0,59.0,61.0,90.0,93.0,93.0,147.0,72.0,77.0,221.0,252.0,344.0,152.0,204.0,299.0,109.0,2371.0,17,031,824123,3,170318241233
113.0,55.0,122.0,52.0,73.0,28.0,76.0,24.0,26.0,84.0,157.0,178.0,91.0,57.0,86.0,55.0,1277.0,17,031,824123,4,170318241234
32.0,28.0,30.0,40.0,58.0,32.0,22.0,21.0,41.0,46.0,114.0,215.0,301.0,54.0,32.0,43.0,1109.0,17,031,824123,5,170318241235
109.0,106.0,108.0,49.0,112.0,34.0,39.0,47.0,41.0,78.0,122.0,118.0,47.0,149.0,79.0,91.0,1329.0,17,031,824300,1,170318243001
242.0,181.0,146.0,61.0,63.0,52.0,65.0,65.0,105.0,92.0,104.0,229.0,86.0,44.0,67.0,56.0,1658.0,17,031,824300,2,170318243002
143.0,149.0,96.0,163.0,92.0,30.0,29.0,42.0,36.0,106.0,109.0,150.0,80.0,53.0,67.0,48.0,1393.0,17,031,824300,3,170318243003
157.0,191.0,147.0,130.0,99.0,78.0,56.0,65.0,66.0,145.0,182.0,299.0,119.0,96.0,96.0,108.0,2034.0,17,031,824400,1,170318244001
22.0,16.0,58.0,36.0,13.0,26.0,19.0,29.0,15.0,80.0,66.0,114.0,33.0,25.0,16.0,26.0,594.0,17,031,824503,1,170318245031
166.0,31.0,81.0,52.0,89.0,81.0,96.0,49.0,77.0,154.0,188.0,199.0,136.0,151.0,62.0,73.0,1685.0,17,031,824503,2,170318245032
60.0,12.0,57.0,23.0,18.0,85.0,17.0,59.0,23.0,102.0,111.0,188.0,106.0,52.0,50.0,31.0,994.0,17,031,824503,3,170318245033
73.0,56.0,96.0,98.0,42.0,38.0,74.0,53.0,39.0,160.0,207.0,193.0,198.0,194.0,158.0,427.0,2106.0,17,031,824503,4,170318245034
67.0,47.0,38.0,75.0,54.0,32.0,72.0,43.0,67.0,65.0,245.0,111.0,117.0,53.0,66.0,53.0,1205.0,17,031,824503,5,170318245035
174.0,174.0,126.0,137.0,208.0,121.0,195.0,213.0,86.0,335.0,300.0,544.0,283.0,193.0,184.0,113.0,3386.0,17,031,824505,1,170318245051
102.0,35.0,29.0,63.0,31.0,31.0,35.0,62.0,28.0,136.0,91.0,195.0,190.0,110.0,164.0,62.0,1364.0,17,031,824505,2,170318245052
86.0,58.0,65.0,73.0,169.0,172.0,53.0,81.0,47.0,162.0,181.0,458.0,198.0,241.0,225.0,103.0,2372.0,17,031,824505,3,170318245053
20.0,32.0,13.0,37.0,34.0,12.0,13.0,9.0,7.0,103.0,38.0,121.0,59.0,11.0,72.0,22.0,603.0,17,031,824506,1,170318245061
41.0,26.0,31.0,39.0,25.0,19.0,22.0,137.0,40.0,159.0,85.0,134.0,90.0,72.0,23.0,30.0,973.0,17,031,824506,2,170318245062
82.0,40.0,79.0,107.0,57.0,92.0,57.0,88.0,54.0,123.0,130.0,278.0,242.0,102.0,155.0,87.0,1773.0,17,031,824506,3,170318245063
93.0,47.0,127.0,78.0,72.0,168.0,53.0,71.0,45.0,120.0,167.0,232.0,233.0,115.0,130.0,64.0,1815.0,17,031,824506,4,170318245064
112.0,79.0,58.0,80.0,62.0,52.0,59.0,59.0,137.0,114.0,291.0,407.0,420.0,367.0,190.0,163.0,2650.0,17,031,824506,5,170318245065
157.0,164.0,155.0,78.0,99.0,89.0,85.0,98.0,63.0,154.0,189.0,207.0,144.0,135.0,121.0,97.0,2035.0,17,031,824507,1,170318245071
126.0,53.0,71.0,52.0,76.0,155.0,86.0,64.0,116.0,147.0,195.0,375.0,292.0,299.0,148.0,129.0,2384.0,17,031,824507,2,170318245072
33.0,25.0,25.0,74.0,22.0,39.0,25.0,27.0,17.0,66.0,180.0,189.0,63.0,118.0,32.0,52.0,987.0,17,031,824601,1,170318246011
51.0,10.0,39.0,30.0,44.0,17.0,56.0,40.0,24.0,94.0,139.0,135.0,69.0,63.0,79.0,79.0,969.0,17,031,824601,2,170318246012
28.0,34.0,33.0,20.0,21.0,39.0,26.0,35.0,30.0,73.0,145.0,180.0,133.0,69.0,53.0,41.0,960.0,17,031,824601,3,170318246013
155.0,39.0,105.0,38.0,139.0,42.0,74.0,100.0,58.0,147.0,173.0,295.0,231.0,90.0,110.0,69.0,1865.0,17,031,824601,4,170318246014
52.0,50.0,46.0,38.0,91.0,54.0,83.0,49.0,108.0,92.0,92.0,205.0,140.0,201.0,179.0,91.0,1571.0,17,031,824602,1,170318246021
192.0,55.0,48.0,80.0,104.0,107.0,94.0,40.0,89.0,147.0,139.0,219.0,178.0,93.0,134.0,73.0,1792.0,17,031,824602,2,170318246022
129.0,42.0,81.0,101.0,71.0,69.0,42.0,53.0,64.0,336.0,290.0,211.0,150.0,111.0,130.0,110.0,1990.0,17,031,824602,3,170318246023
33.0,15.0,38.0,38.0,22.0,41.0,15.0,14.0,29.0,86.0,48.0,144.0,118.0,25.0,18.0,45.0,729.0,17,031,824602,4,170318246024
51.0,48.0,36.0,25.0,57.0,21.0,16.0,16.0,15.0,116.0,75.0,85.0,64.0,45.0,29.0,36.0,735.0,17,031,824602,5,170318246025
98.0,30.0,72.0,78.0,71.0,130.0,118.0,99.0,59.0,129.0,142.0,364.0,139.0,57.0,83.0,65.0,1734.0,17,031,824701,1,170318247011
53.0,31.0,24.0,28.0,92.0,43.0,45.0,78.0,91.0,58.0,92.0,186.0,166.0,88.0,81.0,38.0,1194.0,17,031,824701,2,170318247012
129.0,30.0,37.0,110.0,26.0,31.0,84.0,26.0,82.0,51.0,136.0,109.0,44.0,43.0,28.0,36.0,1002.0,17,031,824701,3,170318247013
123.0,40.0,63.0,57.0,42.0,35.0,81.0,72.0,40.0,66.0,135.0,136.0,115.0,30.0,86.0,36.0,1157.0,17,031,824702,1,170318247021
132.0,97.0,85.0,92.0,77.0,114.0,71.0,72.0,143.0,103.0,200.0,406.0,87.0,101.0,71.0,97.0,1948.0,17,031,824702,2,170318247022
122.0,101.0,111.0,67.0,58.0,129.0,150.0,138.0,70.0,165.0,277.0,438.0,278.0,126.0,108.0,101.0,2439.0,17,031,824702,3,170318247023
150.0,77.0,176.0,161.0,51.0,204.0,118.0,78.0,33.0,208.0,242.0,241.0,140.0,101.0,124.0,78.0,2182.0,17,031,824800,1,170318248001
188.0,97.0,71.0,134.0,186.0,64.0,48.0,86.0,64.0,445.0,215.0,180.0,147.0,82.0,73.0,80.0,2160.0,17,031,824800,2,170318248002
273.0,36.0,117.0,186.0,81.0,39.0,278.0,74.0,32.0,191.0,158.0,131.0,83.0,82.0,78.0,68.0,1907.0,17,031,824800,3,170318248003
110.0,36.0,84.0,33.0,116.0,127.0,120.0,121.0,59.0,98.0,88.0,216.0,86.0,72.0,62.0,54.0,1482.0,17,031,824800,4,170318248004
96.0,71.0,87.0,46.0,48.0,65.0,105.0,73.0,40.0,70.0,187.0,157.0,117.0,41.0,43.0,50.0,1296.0,17,031,824900,1,170318249001
279.0,99.0,75.0,68.0,126.0,101.0,49.0,53.0,90.0,101.0,178.0,182.0,160.0,91.0,80.0,73.0,1805.0,17,031,824900,2,170318249002
186.0,73.0,136.0,125.0,69.0,87.0,83.0,60.0,141.0,126.0,154.0,317.0,208.0,118.0,116.0,118.0,2117.0,17,031,825000,1,170318250001
116.0,41.0,67.0,22.0,51.0,30.0,23.0,35.0,28.0,62.0,119.0,86.0,70.0,33.0,36.0,52.0,871.0,17,031,825000,2,170318250002
70.0,31.0,64.0,42.0,81.0,121.0,123.0,62.0,41.0,143.0,198.0,348.0,226.0,78.0,146.0,113.0,1887.0,17,031,825000,3,170318250003
65.0,22.0,23.0,44.0,18.0,21.0,22.0,15.0,31.0,44.0,60.0,82.0,61.0,31.0,29.0,26.0,594.0,17,031,825200,1,170318252001
40.0,43.0,61.0,42.0,37.0,57.0,63.0,69.0,56.0,94.0,87.0,143.0,212.0,95.0,81.0,60.0,1240.0,17,031,825200,2,170318252002
83.0,35.0,56.0,102.0,64.0,37.0,56.0,58.0,106.0,172.0,266.0,225.0,182.0,75.0,223.0,84.0,1824.0,17,031,825302,1,170318253021
59.0,100.0,94.0,57.0,40.0,93.0,64.0,144.0,70.0,177.0,114.0,197.0,145.0,125.0,108.0,48.0,1635.0,17,031,825302,2,170318253022
99.0,117.0,56.0,50.0,58.0,118.0,145.0,88.0,70.0,157.0,234.0,253.0,255.0,201.0,151.0,97.0,2149.0,17,031,825302,3,170318253023
176.0,74.0,108.0,72.0,86.0,54.0,164.0,107.0,76.0,106.0,211.0,258.0,85.0,70.0,99.0,64.0,1810.0,17,031,825303,1,170318253031
36.0,16.0,26.0,40.0,35.0,17.0,27.0,19.0,44.0,56.0,92.0,220.0,84.0,38.0,45.0,67.0,862.0,17,031,825303,2,170318253032
35.0,9.0,28.0,30.0,19.0,12.0,52.0,11.0,25.0,32.0,36.0,142.0,50.0,16.0,31.0,22.0,550.0,17,031,825303,3,170318253033
35.0,50.0,20.0,25.0,15.0,30.0,28.0,31.0,65.0,30.0,134.0,161.0,50.0,25.0,92.0,21.0,812.0,17,031,825303,4,170318253034
47.0,101.0,104.0,43.0,52.0,70.0,64.0,57.0,44.0,120.0,242.0,221.0,169.0,139.0,100.0,145.0,1718.0,17,031,825304,1,170318253041
109.0,73.0,56.0,57.0,105.0,105.0,57.0,95.0,54.0,152.0,307.0,334.0,251.0,205.0,124.0,114.0,2198.0,17,031,825304,2,170318253042
70.0,30.0,97.0,79.0,47.0,67.0,45.0,35.0,50.0,65.0,236.0,191.0,206.0,229.0,100.0,64.0,1611.0,17,031,825400,1,170318254001
85.0,74.0,117.0,142.0,49.0,51.0,76.0,114.0,87.0,282.0,236.0,326.0,167.0,73.0,134.0,84.0,2097.0,17,031,825400,2,170318254002
90.0,71.0,35.0,73.0,47.0,68.0,88.0,46.0,58.0,140.0,132.0,238.0,141.0,112.0,163.0,61.0,1563.0,17,031,825400,3,170318254003
58.0,51.0,65.0,52.0,30.0,38.0,38.0,52.0,20.0,59.0,62.0,65.0,43.0,32.0,34.0,32.0,731.0,17,031,825501,1,170318255011
90.0,181.0,122.0,104.0,80.0,122.0,141.0,67.0,141.0,258.0,203.0,353.0,194.0,119.0,122.0,97.0,2394.0,17,031,825501,2,170318255012
163.0,105.0,138.0,115.0,134.0,110.0,119.0,155.0,46.0,109.0,325.0,412.0,157.0,195.0,152.0,108.0,2543.0,17,031,825501,3,170318255013
14.0,38.0,5.0,15.0,14.0,30.0,9.0,11.0,6.0,44.0,43.0,76.0,16.0,12.0,13.0,16.0,362.0,17,031,825503,1,170318255031
152.0,57.0,76.0,31.0,140.0,55.0,20.0,26.0,25.0,129.0,57.0,111.0,52.0,33.0,85.0,35.0,1084.0,17,031,825503,2,170318255032
140.0,20.0,43.0,28.0,56.0,51.0,20.0,36.0,73.0,132.0,90.0,143.0,69.0,103.0,42.0,45.0,1091.0,17,031,825503,3,170318255033
144.0,142.0,105.0,112.0,56.0,137.0,168.0,50.0,112.0,148.0,311.0,353.0,225.0,123.0,81.0,134.0,2401.0,17,031,825503,4,170318255034
82.0,43.0,66.0,50.0,185.0,83.0,91.0,102.0,40.0,175.0,316.0,235.0,127.0,251.0,306.0,91.0,2243.0,17,031,825503,5,170318255035
176.0,66.0,81.0,63.0,68.0,144.0,42.0,104.0,120.0,214.0,286.0,180.0,288.0,79.0,179.0,112.0,2202.0,17,031,825504,1,170318255041
124.0,56.0,35.0,88.0,104.0,69.0,68.0,126.0,45.0,116.0,127.0,217.0,138.0,53.0,110.0,61.0,1537.0,17,031,825504,2,170318255042
143.0,37.0,139.0,90.0,36.0,78.0,57.0,48.0,28.0,185.0,117.0,170.0,104.0,80.0,95.0,51.0,1458.0,17,031,825505,1,170318255051
49.0,36.0,38.0,56.0,32.0,33.0,25.0,142.0,84.0,104.0,153.0,133.0,118.0,167.0,58.0,54.0,1282.0,17,031,825505,2,170318255052
22.0,18.0,34.0,37.0,30.0,46.0,14.0,52.0,42.0,85.0,186.0,106.0,61.0,32.0,69.0,52.0,886.0,17,031,825505,3,170318255053
136.0,32.0,75.0,85.0,117.0,40.0,72.0,120.0,41.0,101.0,247.0,170.0,87.0,67.0,59.0,73.0,1522.0,17,031,825505,4,170318255054
139.0,75.0,69.0,31.0,100.0,54.0,46.0,46.0,19.0,150.0,98.0,97.0,71.0,40.0,41.0,56.0,1132.0,17,031,825600,1,170318256001
218.0,130.0,135.0,75.0,122.0,110.0,203.0,115.0,55.0,143.0,247.0,249.0,113.0,101.0,75.0,101.0,2192.0,17,031,825600,2,170318256002
144.0,89.0,43.0,98.0,46.0,67.0,72.0,52.0,39.0,82.0,234.0,150.0,115.0,123.0,49.0,77.0,1480.0,17,031,825600,3,170318256003
97.0,24.0,55.0,49.0,56.0,31.0,15.0,21.0,13.0,54.0,79.0,81.0,98.0,33.0,31.0,31.0,768.0,17,031,825600,4,170318256004
104.0,59.0,47.0,72.0,22.0,38.0,37.0,63.0,61.0,85.0,100.0,113.0,58.0,33.0,37.0,49.0,978.0,17,031,825700,1,170318257001
159.0,118.0,125.0,99.0,121.0,111.0,56.0,100.0,55.0,157.0,138.0,192.0,157.0,65.0,97.0,65.0,1815.0,17,031,825700,2,170318257002
129.0,45.0,63.0,55.0,25.0,93.0,22.0,35.0,73.0,95.0,71.0,143.0,88.0,73.0,33.0,47.0,1090.0,17,031,825700,3,170318257003
93.0,53.0,110.0,61.0,18.0,24.0,35.0,15.0,16.0,22.0,92.0,51.0,50.0,35.0,28.0,33.0,736.0,17,031,825801,1,170318258011
137.0,90.0,58.0,74.0,54.0,117.0,76.0,126.0,83.0,165.0,212.0,274.0,92.0,70.0,73.0,66.0,1767.0,17,031,825801,2,170318258012
196.0,64.0,58.0,73.0,77.0,23.0,59.0,45.0,71.0,57.0,96.0,141.0,103.0,24.0,38.0,62.0,1187.0,17,031,825801,3,170318258013
154.0,39.0,148.0,119.0,46.0,85.0,122.0,156.0,54.0,157.0,172.0,207.0,154.0,87.0,69.0,61.0,1830.0,17,031,825802,1,170318258021
75.0,46.0,75.0,77.0,46.0,45.0,139.0,65.0,34.0,142.0,96.0,144.0,58.0,38.0,62.0,75.0,1217.0,17,031,825802,2,170318258022
142.0,55.0,92.0,70.0,166.0,89.0,158.0,157.0,72.0,115.0,184.0,201.0,137.0,175.0,207.0,140.0,2160.0,17,031,825802,3,170318258023
77.0,201.0,83.0,46.0,25.0,47.0,98.0,31.0,33.0,143.0,80.0,116.0,70.0,48.0,45.0,52.0,1195.0,17,031,825803,1,170318258031
12.0,9.0,23.0,13.0,12.0,11.0,10.0,19.0,10.0,54.0,74.0,75.0,46.0,9.0,14.0,18.0,409.0,17,031,825803,2,170318258032
96.0,58.0,31.0,39.0,98.0,33.0,28.0,31.0,51.0,42.0,113.0,185.0,63.0,38.0,66.0,35.0,1007.0,17,031,825803,3,170318258033
146.0,17.0,28.0,16.0,23.0,55.0,21.0,15.0,44.0,31.0,125.0,84.0,141.0,103.0,36.0,30.0,915.0,17,031,825803,4,170318258034
145.0,143.0,103.0,51.0,176.0,119.0,51.0,85.0,31.0,105.0,157.0,86.0,74.0,56.0,53.0,39.0,1474.0,17,031,825803,5,170318258035
144.0,90.0,95.0,75.0,110.0,154.0,65.0,100.0,55.0,59.0,169.0,147.0,91.0,51.0,59.0,57.0,1521.0,17,031,825900,1,170318259001
106.0,37.0,45.0,23.0,67.0,18.0,29.0,50.0,27.0,130.0,113.0,92.0,94.0,31.0,53.0,41.0,956.0,17,031,825900,2,170318259002
87.0,18.0,45.0,75.0,38.0,60.0,99.0,24.0,75.0,101.0,91.0,86.0,42.0,107.0,40.0,33.0,1021.0,17,031,825900,3,170318259003
162.0,59.0,122.0,65.0,33.0,41.0,25.0,49.0,62.0,70.0,108.0,146.0,67.0,40.0,54.0,48.0,1151.0,17,031,826000,1,170318260001
95.0,27.0,77.0,100.0,47.0,59.0,52.0,43.0,88.0,130.0,79.0,97.0,55.0,39.0,116.0,42.0,1146.0,17,031,826000,2,170318260002
104.0,41.0,71.0,54.0,101.0,42.0,70.0,130.0,35.0,80.0,104.0,96.0,69.0,28.0,70.0,53.0,1148.0,17,031,826000,3,170318260003
47.0,30.0,27.0,16.0,17.0,58.0,35.0,11.0,13.0,28.0,94.0,97.0,57.0,16.0,39.0,19.0,604.0,17,031,826100,1,170318261001
32.0,22.0,23.0,31.0,35.0,29.0,54.0,36.0,21.0,213.0,194.0,128.0,55.0,52.0,32.0,44.0,1001.0,17,031,826100,2,170318261002
46.0,65.0,103.0,59.0,36.0,121.0,39.0,43.0,21.0,108.0,111.0,173.0,145.0,82.0,94.0,41.0,1287.0,17,031,826100,3,170318261003
33.0,17.0,74.0,84.0,18.0,36.0,81.0,54.0,25.0,94.0,46.0,128.0,82.0,27.0,31.0,36.0,866.0,17,031,826100,4,170318261004
62.0,37.0,17.0,23.0,111.0,75.0,29.0,111.0,36.0,157.0,94.0,76.0,60.0,35.0,67.0,35.0,1025.0,17,031,826100,5,170318261005
92.0,170.0,308.0,96.0,64.0,82.0,51.0,80.0,116.0,173.0,291.0,188.0,178.0,289.0,80.0,82.0,2340.0,17,031,826100,6,170318261006
77.0,50.0,39.0,15.0,9.0,44.0,21.0,15.0,14.0,19.0,84.0,90.0,25.0,43.0,18.0,28.0,591.0,17,031,826201,1,170318262011
22.0,38.0,22.0,55.0,17.0,34.0,23.0,53.0,31.0,50.0,123.0,97.0,53.0,34.0,21.0,26.0,699.0,17,031,826201,2,170318262012
51.0,35.0,35.0,33.0,28.0,34.0,8.0,33.0,14.0,36.0,46.0,31.0,73.0,26.0,16.0,27.0,526.0,17,031,826201,3,170318262013
179.0,173.0,113.0,55.0,121.0,109.0,64.0,39.0,58.0,114.0,147.0,139.0,136.0,85.0,62.0,70.0,1664.0,17,031,826201,4,170318262014
74.0,40.0,51.0,58.0,20.0,24.0,99.0,28.0,83.0,60.0,140.0,187.0,71.0,39.0,46.0,37.0,1057.0,17,031,826202,1,170318262021
108.0,42.0,45.0,43.0,42.0,46.0,28.0,31.0,79.0,129.0,172.0,182.0,52.0,37.0,35.0,43.0,1114.0,17,031,826202,2,170318262022
69.0,26.0,119.0,100.0,43.0,120.0,62.0,71.0,120.0,155.0,149.0,456.0,102.0,93.0,92.0,82.0,1859.0,17,031,826202,3,170318262023
44.0,27.0,52.0,16.0,8.0,27.0,26.0,10.0,24.0,47.0,73.0,49.0,39.0,34.0,8.0,24.0,508.0,17,031,826202,4,170318262024
225.0,123.0,26.0,93.0,29.0,156.0,50.0,80.0,56.0,117.0,172.0,84.0,66.0,41.0,42.0,52.0,1412.0,17,031,826202,5,170318262025
99.0,82.0,41.0,51.0,27.0,33.0,58.0,47.0,63.0,129.0,139.0,306.0,132.0,47.0,77.0,64.0,1395.0,17,031,826301,1,170318263011
58.0,31.0,71.0,61.0,54.0,60.0,72.0,106.0,136.0,105.0,116.0,158.0,113.0,124.0,71.0,47.0,1383.0,17,031,826301,2,170318263012
205.0,22.0,33.0,50.0,69.0,51.0,64.0,69.0,22.0,66.0,183.0,215.0,120.0,54.0,72.0,56.0,1351.0,17,031,826301,3,170318263013
51.0,49.0,24.0,34.0,9.0,72.0,33.0,28.0,18.0,67.0,115.0,125.0,33.0,19.0,32.0,44.0,753.0,17,031,826303,1,170318263031
27.0,17.0,24.0,66.0,70.0,22.0,42.0,12.0,26.0,85.0,64.0,99.0,65.0,34.0,23.0,36.0,712.0,17,031,826303,2,170318263032
41.0,25.0,31.0,74.0,20.0,26.0,23.0,79.0,60.0,132.0,126.0,90.0,74.0,47.0,40.0,41.0,929.0,17,031,826303,3,170318263033
144.0,55.0,49.0,87.0,132.0,77.0,185.0,80.0,42.0,115.0,129.0,257.0,160.0,116.0,102.0,108.0,1838.0,17,031,826303,4,170318263034
98.0,32.0,61.0,33.0,12.0,25.0,23.0,20.0,33.0,44.0,62.0,92.0,58.0,27.0,46.0,26.0,692.0,17,031,826304,1,170318263041
76.0,121.0,21.0,23.0,21.0,94.0,29.0,39.0,130.0,121.0,127.0,114.0,43.0,40.0,48.0,31.0,1078.0,17,031,826304,2,170318263042
118.0,114.0,56.0,83.0,73.0,99.0,69.0,30.0,39.0,63.0,116.0,182.0,60.0,101.0,54.0,48.0,1305.0,17,031,826304,3,170318263043
99.0,98.0,120.0,40.0,43.0,50.0,101.0,169.0,54.0,188.0,153.0,201.0,133.0,121.0,159.0,63.0,1792.0,17,031,826401,1,170318264011
272.0,58.0,135.0,148.0,148.0,64.0,123.0,77.0,73.0,199.0,181.0,341.0,209.0,87.0,92.0,113.0,2320.0,17,031,826401,2,170318264012
60.0,17.0,45.0,56.0,24.0,15.0,72.0,19.0,50.0,63.0,91.0,94.0,61.0,32.0,33.0,27.0,759.0,17,031,826402,1,170318264021
56.0,39.0,96.0,21.0,45.0,48.0,46.0,57.0,52.0,78.0,92.0,79.0,63.0,26.0,40.0,46.0,884.0,17,031,826402,2,170318264022
81.0,38.0,62.0,59.0,47.0,76.0,60.0,65.0,65.0,117.0,157.0,97.0,109.0,106.0,77.0,53.0,1269.0,17,031,826402,3,170318264023
109.0,83.0,27.0,76.0,30.0,42.0,51.0,21.0,34.0,156.0,86.0,185.0,187.0,56.0,112.0,91.0,1346.0,17,031,826402,4,170318264024
34.0,55.0,20.0,25.0,56.0,74.0,72.0,32.0,29.0,107.0,71.0,104.0,44.0,66.0,26.0,35.0,850.0,17,031,826402,5,170318264025
360.0,57.0,85.0,142.0,117.0,173.0,68.0,71.0,120.0,186.0,300.0,253.0,171.0,57.0,81.0,69.0,2310.0,17,031,826500,1,170318265001
42.0,13.0,14.0,14.0,29.0,32.0,19.0,27.0,11.0,33.0,40.0,155.0,27.0,21.0,15.0,36.0,528.0,17,031,826500,2,170318265002
137.0,102.0,200.0,32.0,36.0,88.0,66.0,84.0,103.0,189.0,172.0,176.0,173.0,105.0,89.0,66.0,1818.0,17,031,826500,3,170318265003
131.0,103.0,171.0,59.0,97.0,59.0,69.0,161.0,97.0,138.0,122.0,232.0,112.0,71.0,59.0,103.0,1784.0,17,031,826500,4,170318265004
316.0,21.0,56.0,44.0,83.0,28.0,47.0,67.0,52.0,71.0,129.0,187.0,94.0,113.0,53.0,44.0,1405.0,17,031,826600,1,170318266001
33.0,86.0,132.0,35.0,41.0,24.0,22.0,24.0,18.0,73.0,82.0,177.0,114.0,31.0,26.0,56.0,974.0,17,031,826600,2,170318266002
149.0,84.0,154.0,156.0,63.0,44.0,64.0,113.0,63.0,178.0,283.0,249.0,95.0,63.0,87.0,59.0,1904.0,17,031,826600,3,170318266003
149.0,46.0,54.0,19.0,18.0,13.0,23.0,39.0,14.0,87.0,68.0,118.0,45.0,25.0,20.0,26.0,764.0,17,031,826600,4,170318266004
83.0,48.0,20.0,25.0,53.0,41.0,51.0,65.0,28.0,109.0,125.0,99.0,52.0,27.0,61.0,42.0,929.0,17,031,826600,5,170318266005
225.0,119.0,64.0,39.0,103.0,53.0,98.0,73.0,37.0,125.0,150.0,183.0,90.0,103.0,55.0,64.0,1581.0,17,031,826700,1,170318267001
316.0,74.0,41.0,86.0,70.0,79.0,54.0,39.0,26.0,205.0,147.0,168.0,125.0,52.0,64.0,65.0,1611.0,17,031,826700,2,170318267002
36.0,13.0,45.0,50.0,70.0,71.0,19.0,17.0,39.0,83.0,114.0,112.0,56.0,29.0,34.0,36.0,824.0,17,031,826700,3,170318267003
92.0,36.0,37.0,31.0,79.0,134.0,36.0,58.0,28.0,123.0,72.0,166.0,160.0,35.0,35.0,46.0,1168.0,17,031,826700,4,170318267004
130.0,40.0,26.0,39.0,90.0,63.0,89.0,45.0,54.0,151.0,78.0,76.0,53.0,42.0,27.0,41.0,1044.0,17,031,826800,1,170318268001
295.0,151.0,142.0,109.0,97.0,88.0,178.0,50.0,191.0,357.0,158.0,196.0,130.0,67.0,76.0,99.0,2384.0,17,031,826800,2,170318268002
32.0,59.0,58.0,85.0,46.0,41.0,43.0,10.0,11.0,46.0,93.0,96.0,35.0,27.0,38.0,21.0,741.0,17,031,826800,3,170318268003
18.0,16.0,17.0,76.0,34.0,11.0,36.0,41.0,50.0,47.0,48.0,40.0,27.0,22.0,21.0,65.0,569.0,17,031,826800,4,170318268004
324.0,82.0,114.0,123.0,54.0,63.0,41.0,76.0,28.0,75.0,179.0,154.0,112.0,38.0,46.0,58.0,1567.0,17,031,826901,1,170318269011
111.0,25.0,15.0,14.0,40.0,55.0,29.0,44.0,11.0,113.0,35.0,45.0,24.0,16.0,28.0,24.0,629.0,17,031,826902,1,170318269021
117.0,26.0,15.0,23.0,18.0,22.0,39.0,13.0,18.0,15.0,27.0,32.0,32.0,11.0,17.0,16.0,441.0,17,031,826902,2,170318269022
248.0,135.0,63.0,117.0,68.0,120.0,55.0,54.0,37.0,83.0,178.0,129.0,99.0,39.0,66.0,54.0,1545.0,17,031,827000,1,170318270001
158.0,53.0,74.0,40.0,88.0,26.0,20.0,22.0,27.0,168.0,64.0,82.0,117.0,41.0,54.0,35.0,1069.0,17,031,827000,2,170318270002
161.0,19.0,103.0,113.0,37.0,37.0,39.0,70.0,53.0,52.0,120.0,89.0,66.0,52.0,45.0,51.0,1107.0,17,031,827000,3,170318270003
119.0,17.0,36.0,14.0,40.0,28.0,10.0,16.0,15.0,44.0,50.0,40.0,29.0,20.0,11.0,16.0,505.0,17,031,827100,1,170318271001
89.0,65.0,79.0,38.0,93.0,55.0,22.0,24.0,61.0,63.0,88.0,98.0,51.0,51.0,30.0,28.0,935.0,17,031,827100,2,170318271002
136.0,69.0,44.0,59.0,128.0,56.0,26.0,43.0,29.0,64.0,177.0,103.0,72.0,43.0,41.0,46.0,1136.0,17,031,827100,3,170318271003
134.0,71.0,90.0,83.0,40.0,99.0,90.0,48.0,87.0,88.0,127.0,221.0,67.0,109.0,69.0,68.0,1491.0,17,031,827200,1,170318272001
125.0,34.0,59.0,55.0,25.0,52.0,37.0,36.0,30.0,57.0,77.0,79.0,45.0,30.0,41.0,45.0,827.0,17,031,827200,2,170318272002
71.0,98.0,45.0,76.0,53.0,78.0,31.0,30.0,31.0,77.0,94.0,113.0,80.0,33.0,43.0,42.0,995.0,17,031,827200,3,170318272003
126.0,69.0,83.0,56.0,21.0,52.0,34.0,40.0,109.0,62.0,50.0,93.0,50.0,70.0,44.0,33.0,992.0,17,031,827200,4,170318272004
26.0,12.0,24.0,20.0,29.0,8.0,9.0,3.0,2.0,19.0,11.0,12.0,8.0,18.0,10.0,7.0,218.0,17,031,827300,1,170318273001
582.0,50.0,45.0,95.0,56.0,102.0,36.0,123.0,42.0,68.0,154.0,110.0,168.0,64.0,63.0,55.0,1813.0,17,031,827300,2,170318273002
104.0,52.0,88.0,96.0,64.0,48.0,58.0,45.0,41.0,97.0,96.0,147.0,72.0,82.0,111.0,43.0,1244.0,17,031,827300,3,170318273003
180.0,39.0,26.0,21.0,8.0,13.0,9.0,10.0,11.0,19.0,28.0,62.0,23.0,20.0,19.0,22.0,510.0,17,031,827400,1,170318274001
193.0,72.0,86.0,80.0,81.0,68.0,110.0,103.0,35.0,75.0,86.0,300.0,113.0,44.0,77.0,85.0,1608.0,17,031,827400,2,170318274002
108.0,41.0,23.0,23.0,14.0,50.0,20.0,17.0,25.0,56.0,106.0,49.0,77.0,24.0,28.0,38.0,699.0,17,031,827400,3,170318274003
285.0,118.0,132.0,59.0,60.0,95.0,56.0,56.0,75.0,64.0,71.0,161.0,134.0,98.0,60.0,45.0,1569.0,17,031,827400,4,170318274004
136.0,95.0,72.0,65.0,53.0,103.0,56.0,97.0,15.0,104.0,139.0,123.0,95.0,43.0,38.0,54.0,1288.0,17,031,827500,1,170318275001
592.0,115.0,87.0,156.0,123.0,70.0,81.0,68.0,77.0,310.0,289.0,287.0,155.0,100.0,81.0,104.0,2695.0,17,031,827500,2,170318275002
147.0,118.0,37.0,111.0,171.0,85.0,55.0,62.0,52.0,69.0,84.0,125.0,74.0,44.0,42.0,40.0,1316.0,17,031,827500,3,170318275003
116.0,30.0,58.0,136.0,21.0,23.0,78.0,18.0,42.0,94.0,45.0,124.0,29.0,30.0,30.0,38.0,912.0,17,031,827600,1,170318276001
290.0,153.0,57.0,89.0,60.0,202.0,58.0,118.0,62.0,204.0,143.0,339.0,141.0,59.0,74.0,83.0,2132.0,17,031,827600,2,170318276002
52.0,60.0,13.0,84.0,21.0,10.0,19.0,10.0,29.0,28.0,35.0,27.0,40.0,15.0,16.0,24.0,483.0,17,031,827600,3,170318276003
179.0,39.0,69.0,68.0,93.0,72.0,149.0,96.0,74.0,156.0,152.0,160.0,96.0,74.0,109.0,62.0,1648.0,17,031,827700,1,170318277001
176.0,88.0,92.0,22.0,68.0,46.0,55.0,71.0,61.0,60.0,122.0,146.0,89.0,35.0,55.0,59.0,1245.0,17,031,827700,2,170318277002
15.0,16.0,42.0,46.0,22.0,26.0,42.0,32.0,10.0,13.0,33.0,31.0,63.0,17.0,21.0,8.0,437.0,17,031,827801,1,170318278011
35.0,23.0,25.0,50.0,18.0,36.0,25.0,93.0,38.0,73.0,121.0,127.0,68.0,27.0,25.0,34.0,818.0,17,031,827801,2,170318278012
86.0,44.0,61.0,24.0,27.0,56.0,23.0,42.0,60.0,89.0,116.0,151.0,109.0,48.0,71.0,103.0,1110.0,17,031,827801,3,170318278013
192.0,52.0,101.0,57.0,76.0,49.0,130.0,80.0,41.0,227.0,253.0,214.0,287.0,116.0,96.0,116.0,2087.0,17,031,827801,4,170318278014
67.0,62.0,116.0,51.0,51.0,73.0,71.0,71.0,47.0,121.0,276.0,312.0,188.0,101.0,146.0,51.0,1804.0,17,031,827802,1,170318278021
118.0,33.0,53.0,74.0,57.0,60.0,72.0,88.0,40.0,167.0,216.0,289.0,198.0,156.0,87.0,65.0,1773.0,17,031,827802,2,170318278022
54.0,60.0,73.0,79.0,59.0,143.0,94.0,23.0,31.0,90.0,177.0,167.0,161.0,75.0,84.0,98.0,1468.0,17,031,827804,1,170318278041
46.0,24.0,37.0,24.0,38.0,50.0,20.0,11.0,13.0,60.0,83.0,56.0,60.0,32.0,40.0,25.0,619.0,17,031,827804,2,170318278042
49.0,33.0,37.0,30.0,23.0,27.0,31.0,43.0,13.0,57.0,109.0,223.0,51.0,102.0,126.0,29.0,983.0,17,031,827804,3,170318278043
35.0,52.0,55.0,39.0,38.0,55.0,54.0,53.0,30.0,130.0,191.0,177.0,129.0,85.0,69.0,55.0,1247.0,17,031,827805,1,170318278051
45.0,59.0,37.0,89.0,42.0,28.0,43.0,72.0,24.0,106.0,156.0,280.0,96.0,112.0,78.0,50.0,1317.0,17,031,827805,2,170318278052
34.0,26.0,11.0,18.0,16.0,44.0,11.0,9.0,33.0,48.0,55.0,53.0,64.0,13.0,24.0,33.0,492.0,17,031,827805,3,170318278053
60.0,37.0,32.0,40.0,20.0,10.0,22.0,20.0,26.0,22.0,65.0,111.0,66.0,44.0,65.0,40.0,680.0,17,031,827901,1,170318279011
65.0,51.0,69.0,40.0,54.0,35.0,39.0,54.0,43.0,117.0,155.0,282.0,178.0,212.0,117.0,73.0,1584.0,17,031,827901,2,170318279012
37.0,13.0,13.0,15.0,19.0,68.0,31.0,35.0,13.0,46.0,175.0,143.0,87.0,21.0,46.0,23.0,785.0,17,031,827902,1,170318279021
53.0,51.0,111.0,57.0,35.0,85.0,86.0,35.0,78.0,114.0,83.0,94.0,85.0,41.0,51.0,46.0,1105.0,17,031,827902,2,170318279022
68.0,30.0,43.0,51.0,62.0,79.0,25.0,30.0,20.0,43.0,97.0,189.0,49.0,22.0,28.0,41.0,877.0,17,031,827902,3,170318279023
108.0,35.0,22.0,26.0,38.0,62.0,13.0,25.0,48.0,52.0,100.0,69.0,42.0,27.0,27.0,30.0,724.0,17,031,827902,4,170318279024
39.0,32.0,36.0,30.0,27.0,60.0,55.0,31.0,24.0,108.0,85.0,98.0,137.0,99.0,34.0,31.0,926.0,17,031,827902,5,170318279025
56.0,37.0,63.0,90.0,67.0,69.0,80.0,79.0,60.0,92.0,130.0,178.0,80.0,44.0,96.0,36.0,1257.0,17,031,828000,1,170318280001
47.0,43.0,37.0,43.0,85.0,79.0,87.0,39.0,37.0,37.0,101.0,127.0,72.0,18.0,39.0,65.0,956.0,17,031,828000,2,170318280002
233.0,40.0,65.0,69.0,111.0,37.0,56.0,49.0,44.0,156.0,120.0,111.0,121.0,83.0,65.0,109.0,1469.0,17,031,828000,3,170318280003
74.0,59.0,53.0,43.0,86.0,80.0,79.0,36.0,166.0,119.0,141.0,203.0,172.0,48.0,58.0,66.0,1483.0,17,031,828000,4,170318280004
51.0,114.0,24.0,30.0,38.0,15.0,22.0,45.0,54.0,87.0,119.0,43.0,62.0,55.0,33.0,27.0,819.0,17,031,828100,1,170318281001
120.0,62.0,115.0,111.0,94.0,119.0,74.0,44.0,51.0,158.0,204.0,266.0,131.0,84.0,66.0,72.0,1771.0,17,031,828100,2,170318281002
61.0,31.0,17.0,14.0,41.0,37.0,70.0,18.0,29.0,22.0,27.0,71.0,26.0,18.0,23.0,19.0,524.0,17,031,828100,3,170318281003
34.0,32.0,46.0,32.0,85.0,23.0,28.0,33.0,34.0,80.0,73.0,110.0,141.0,99.0,41.0,36.0,927.0,17,031,828100,4,170318281004
46.0,13.0,37.0,38.0,37.0,16.0,40.0,28.0,11.0,47.0,53.0,92.0,111.0,36.0,49.0,24.0,678.0,17,031,828100,5,170318281005
119.0,130.0,53.0,144.0,101.0,101.0,126.0,145.0,92.0,146.0,252.0,252.0,200.0,198.0,157.0,114.0,2330.0,17,031,828201,1,170318282011
72.0,22.0,44.0,35.0,29.0,20.0,62.0,50.0,21.0,41.0,143.0,99.0,90.0,53.0,29.0,22.0,832.0,17,031,828201,2,170318282012
61.0,41.0,46.0,23.0,68.0,45.0,42.0,37.0,96.0,87.0,75.0,164.0,161.0,36.0,84.0,46.0,1112.0,17,031,828201,3,170318282013
40.0,27.0,41.0,21.0,61.0,64.0,42.0,38.0,33.0,76.0,98.0,184.0,123.0,34.0,44.0,69.0,995.0,17,031,828202,1,170318282021
92.0,19.0,65.0,45.0,54.0,44.0,37.0,55.0,33.0,68.0,54.0,136.0,99.0,50.0,79.0,73.0,1003.0,17,031,828202,2,170318282022
91.0,90.0,103.0,103.0,41.0,44.0,18.0,120.0,21.0,80.0,58.0,71.0,62.0,43.0,73.0,49.0,1067.0,17,031,828202,3,170318282023
105.0,85.0,48.0,54.0,30.0,93.0,46.0,41.0,28.0,161.0,111.0,229.0,249.0,53.0,73.0,58.0,1464.0,17,031,828202,4,170318282024
130.0,90.0,131.0,142.0,74.0,151.0,63.0,113.0,82.0,170.0,198.0,322.0,191.0,126.0,84.0,86.0,2153.0,17,031,828300,1,170318283001
132.0,53.0,85.0,76.0,111.0,93.0,78.0,95.0,98.0,111.0,103.0,187.0,123.0,66.0,73.0,57.0,1541.0,17,031,828300,2,170318283002
63.0,12.0,40.0,22.0,63.0,37.0,42.0,41.0,34.0,73.0,58.0,94.0,64.0,20.0,34.0,28.0,725.0,17,031,828401,1,170318284011
66.0,36.0,57.0,35.0,41.0,42.0,57.0,62.0,75.0,100.0,135.0,199.0,88.0,135.0,100.0,113.0,1341.0,17,031,828401,2,170318284012
26.0,12.0,42.0,41.0,33.0,18.0,13.0,43.0,19.0,45.0,74.0,71.0,55.0,51.0,71.0,42.0,656.0,17,031,828401,3,170318284013
60.0,22.0,36.0,21.0,53.0,43.0,44.0,51.0,21.0,77.0,88.0,158.0,39.0,62.0,90.0,55.0,920.0,17,031,828401,4,170318284014
103.0,66.0,83.0,65.0,54.0,52.0,51.0,83.0,87.0,104.0,164.0,121.0,110.0,60.0,75.0,49.0,1327.0,17,031,828402,1,170318284021
70.0,84.0,105.0,110.0,99.0,86.0,49.0,43.0,118.0,94.0,170.0,196.0,111.0,98.0,106.0,133.0,1672.0,17,031,828402,2,170318284022
79.0,41.0,39.0,41.0,61.0,62.0,27.0,67.0,17.0,58.0,66.0,62.0,54.0,69.0,40.0,33.0,816.0,17,031,828402,3,170318284023
57.0,40.0,61.0,93.0,48.0,76.0,68.0,64.0,96.0,89.0,139.0,220.0,109.0,45.0,63.0,59.0,1327.0,17,031,828503,1,170318285031
130.0,30.0,53.0,33.0,121.0,89.0,61.0,23.0,47.0,128.0,180.0,244.0,134.0,44.0,72.0,73.0,1462.0,17,031,828503,2,170318285032
34.0,39.0,66.0,73.0,20.0,24.0,39.0,18.0,12.0,58.0,44.0,44.0,40.0,16.0,32.0,17.0,576.0,17,031,828503,3,170318285033
114.0,41.0,34.0,49.0,37.0,40.0,88.0,34.0,71.0,168.0,99.0,207.0,112.0,175.0,53.0,58.0,1380.0,17,031,828503,4,170318285034
272.0,61.0,83.0,96.0,117.0,102.0,130.0,62.0,100.0,120.0,198.0,204.0,167.0,76.0,124.0,103.0,2015.0,17,031,828504,1,170318285041
96.0,46.0,87.0,45.0,71.0,59.0,49.0,86.0,20.0,163.0,112.0,166.0,180.0,34.0,49.0,47.0,1310.0,17,031,828504,2,170318285042
114.0,23.0,30.0,61.0,94.0,68.0,34.0,54.0,53.0,87.0,276.0,119.0,108.0,31.0,33.0,57.0,1242.0,17,031,828504,3,170318285043
139.0,58.0,49.0,119.0,120.0,100.0,90.0,55.0,37.0,58.0,93.0,126.0,76.0,36.0,44.0,48.0,1248.0,17,031,828504,4,170318285044
87.0,37.0,86.0,48.0,128.0,63.0,19.0,18.0,22.0,41.0,81.0,111.0,81.0,28.0,42.0,30.0,922.0,17,031,828505,1,170318285051
55.0,38.0,66.0,53.0,20.0,47.0,15.0,18.0,33.0,108.0,41.0,96.0,53.0,48.0,37.0,32.0,760.0,17,031,828505,2,170318285052
31.0,18.0,23.0,23.0,57.0,17.0,41.0,16.0,50.0,74.0,78.0,162.0,91.0,42.0,49.0,31.0,803.0,17,031,828505,3,170318285053
61.0,81.0,49.0,65.0,73.0,33.0,50.0,27.0,52.0,58.0,134.0,177.0,141.0,82.0,67.0,67.0,1217.0,17,031,828505,4,170318285054
213.0,87.0,86.0,85.0,95.0,179.0,99.0,135.0,68.0,158.0,326.0,242.0,396.0,129.0,235.0,220.0,2753.0,17,031,828505,5,170318285055
304.0,82.0,142.0,167.0,75.0,233.0,118.0,208.0,137.0,151.0,258.0,554.0,247.0,493.0,262.0,122.0,3553.0,17,031,828506,1,170318285061
55.0,43.0,47.0,13.0,127.0,52.0,37.0,48.0,38.0,77.0,83.0,128.0,152.0,41.0,31.0,35.0,1007.0,17,031,828506,2,170318285062
116.0,46.0,54.0,37.0,37.0,42.0,45.0,89.0,23.0,159.0,78.0,145.0,134.0,57.0,45.0,47.0,1154.0,17,031,828506,3,170318285063
45.0,147.0,51.0,136.0,59.0,84.0,29.0,48.0,109.0,58.0,128.0,262.0,46.0,70.0,46.0,49.0,1367.0,17,031,828506,4,170318285064
28.0,94.0,62.0,13.0,123.0,72.0,89.0,17.0,12.0,43.0,40.0,105.0,41.0,27.0,29.0,39.0,834.0,17,031,828506,5,170318285065
138.0,58.0,95.0,178.0,31.0,64.0,46.0,143.0,106.0,79.0,96.0,78.0,69.0,42.0,42.0,46.0,1311.0,17,031,828506,6,170318285066
17.0,19.0,74.0,15.0,26.0,21.0,34.0,15.0,28.0,37.0,74.0,84.0,87.0,43.0,62.0,45.0,681.0,17,031,828601,1,170318286011
33.0,27.0,42.0,21.0,40.0,34.0,30.0,25.0,26.0,57.0,123.0,213.0,106.0,100.0,68.0,69.0,1014.0,17,031,828601,2,170318286012
46.0,27.0,15.0,60.0,53.0,82.0,16.0,15.0,13.0,40.0,41.0,115.0,75.0,59.0,64.0,58.0,779.0,17,031,828601,3,170318286013
84.0,65.0,66.0,69.0,52.0,62.0,31.0,68.0,51.0,65.0,158.0,327.0,100.0,170.0,83.0,85.0,1536.0,17,031,828601,4,170318286014
152.0,57.0,39.0,57.0,46.0,75.0,46.0,51.0,45.0,127.0,209.0,269.0,215.0,297.0,93.0,120.0,1898.0,17,031,828602,1,170318286021
177.0,62.0,94.0,93.0,130.0,112.0,58.0,123.0,84.0,223.0,201.0,364.0,253.0,186.0,184.0,267.0,2611.0,17,031,828602,2,170318286022
51.0,22.0,9.0,44.0,22.0,20.0,25.0,46.0,46.0,44.0,64.0,112.0,67.0,79.0,46.0,98.0,795.0,17,031,828701,1,170318287011
114.0,54.0,48.0,69.0,24.0,22.0,42.0,55.0,43.0,82.0,122.0,117.0,85.0,43.0,54.0,47.0,1021.0,17,031,828701,2,170318287012
44.0,39.0,24.0,27.0,32.0,70.0,20.0,139.0,34.0,84.0,115.0,114.0,66.0,33.0,95.0,25.0,961.0,17,031,828701,3,170318287013
68.0,25.0,62.0,19.0,31.0,13.0,13.0,52.0,34.0,64.0,48.0,64.0,61.0,15.0,31.0,27.0,627.0,17,031,828701,4,170318287014
64.0,67.0,62.0,66.0,58.0,70.0,44.0,51.0,56.0,147.0,154.0,158.0,84.0,36.0,55.0,51.0,1223.0,17,031,828702,1,170318287021
207.0,41.0,133.0,52.0,84.0,53.0,65.0,119.0,67.0,195.0,325.0,297.0,85.0,120.0,129.0,89.0,2061.0,17,031,828702,2,170318287022
112.0,69.0,101.0,105.0,119.0,100.0,77.0,45.0,59.0,142.0,249.0,248.0,103.0,91.0,90.0,67.0,1777.0,17,031,828702,3,170318287023
36.0,26.0,41.0,23.0,26.0,22.0,25.0,28.0,49.0,128.0,83.0,125.0,95.0,101.0,135.0,105.0,1048.0,17,031,828801,1,170318288011
64.0,19.0,26.0,17.0,19.0,25.0,37.0,15.0,20.0,25.0,58.0,87.0,58.0,54.0,49.0,113.0,686.0,17,031,828801,2,170318288012
86.0,62.0,72.0,46.0,117.0,65.0,43.0,37.0,77.0,167.0,131.0,407.0,269.0,115.0,117.0,115.0,1926.0,17,031,828801,3,170318288013
23.0,8.0,13.0,38.0,43.0,66.0,25.0,26.0,23.0,24.0,121.0,101.0,54.0,18.0,25.0,39.0,647.0,17,031,828801,4,170318288014
21.0,22.0,53.0,76.0,18.0,32.0,15.0,52.0,26.0,55.0,76.0,86.0,39.0,26.0,18.0,24.0,639.0,17,031,828801,5,170318288015
104.0,62.0,30.0,37.0,32.0,27.0,44.0,44.0,26.0,53.0,118.0,158.0,166.0,96.0,64.0,32.0,1093.0,17,031,828802,1,170318288021
124.0,81.0,72.0,32.0,81.0,29.0,42.0,45.0,24.0,118.0,218.0,146.0,124.0,50.0,65.0,61.0,1312.0,17,031,828802,2,170318288022
36.0,21.0,44.0,43.0,92.0,46.0,82.0,69.0,19.0,56.0,131.0,179.0,143.0,76.0,60.0,37.0,1134.0,17,031,828802,3,170318288023
214.0,93.0,90.0,66.0,130.0,102.0,113.0,63.0,148.0,149.0,142.0,147.0,113.0,93.0,96.0,98.0,1857.0,17,031,828900,1,170318289001
78.0,14.0,29.0,56.0,31.0,44.0,36.0,31.0,24.0,40.0,62.0,57.0,30.0,38.0,27.0,20.0,617.0,17,031,828900,2,170318289002
214.0,64.0,44.0,41.0,20.0,46.0,43.0,35.0,78.0,50.0,68.0,97.0,51.0,31.0,32.0,38.0,952.0,17,031,828900,3,170318289003
161.0,27.0,61.0,121.0,58.0,36.0,25.0,19.0,12.0,29.0,55.0,157.0,57.0,36.0,37.0,43.0,934.0,17,031,829000,1,170318290001
73.0,40.0,29.0,32.0,29.0,24.0,50.0,21.0,13.0,18.0,37.0,31.0,29.0,30.0,15.0,52.0,523.0,17,031,829000,2,170318290002
285.0,82.0,122.0,203.0,116.0,100.0,71.0,138.0,58.0,128.0,247.0,210.0,175.0,69.0,109.0,74.0,2187.0,17,031,829100,1,170318291001
265.0,85.0,49.0,152.0,81.0,80.0,35.0,105.0,34.0,82.0,141.0,195.0,72.0,61.0,77.0,51.0,1565.0,17,031,829100,2,170318291002
69.0,27.0,78.0,27.0,76.0,41.0,27.0,54.0,70.0,160.0,79.0,302.0,193.0,55.0,96.0,67.0,1421.0,17,031,829200,1,170318292001
46.0,34.0,70.0,61.0,66.0,35.0,94.0,38.0,63.0,189.0,150.0,107.0,214.0,56.0,72.0,83.0,1378.0,17,031,829200,2,170318292002
306.0,60.0,148.0,67.0,110.0,65.0,53.0,34.0,54.0,208.0,148.0,199.0,139.0,70.0,66.0,106.0,1833.0,17,031,829200,3,170318292003
172.0,28.0,30.0,63.0,29.0,23.0,127.0,62.0,218.0,61.0,92.0,90.0,66.0,42.0,41.0,52.0,1196.0,17,031,829200,4,170318292004
79.0,52.0,58.0,68.0,50.0,37.0,25.0,55.0,48.0,108.0,220.0,292.0,135.0,55.0,86.0,79.0,1447.0,17,031,829301,1,170318293011
186.0,66.0,63.0,108.0,53.0,137.0,68.0,83.0,99.0,201.0,313.0,364.0,159.0,116.0,104.0,107.0,2227.0,17,031,829301,2,170318293012
173.0,24.0,21.0,39.0,31.0,48.0,41.0,12.0,61.0,18.0,40.0,47.0,28.0,21.0,26.0,29.0,659.0,17,031,829302,1,170318293021
117.0,55.0,83.0,183.0,99.0,61.0,65.0,39.0,75.0,117.0,160.0,182.0,129.0,96.0,83.0,54.0,1598.0,17,031,829302,2,170318293022
159.0,108.0,52.0,45.0,58.0,98.0,84.0,49.0,45.0,145.0,181.0,139.0,161.0,49.0,60.0,58.0,1491.0,17,031,829302,3,170318293023
200.0,94.0,75.0,146.0,52.0,81.0,51.0,51.0,24.0,150.0,187.0,160.0,99.0,62.0,45.0,59.0,1536.0,17,031,829401,1,170318294011
51.0,67.0,52.0,101.0,15.0,112.0,45.0,55.0,44.0,73.0,140.0,135.0,64.0,41.0,58.0,31.0,1084.0,17,031,829402,1,170318294021
99.0,50.0,58.0,132.0,92.0,56.0,71.0,73.0,74.0,106.0,218.0,253.0,87.0,61.0,62.0,63.0,1555.0,17,031,829402,2,170318294022
101.0,64.0,48.0,59.0,40.0,54.0,15.0,24.0,18.0,44.0,67.0,52.0,37.0,40.0,28.0,26.0,717.0,17,031,829402,3,170318294023
288.0,144.0,95.0,122.0,174.0,136.0,156.0,91.0,61.0,269.0,217.0,367.0,142.0,107.0,109.0,98.0,2576.0,17,031,829500,1,170318295001
73.0,18.0,36.0,18.0,33.0,72.0,17.0,28.0,10.0,48.0,79.0,59.0,43.0,18.0,23.0,18.0,593.0,17,031,829500,2,170318295002
30.0,78.0,51.0,73.0,90.0,23.0,47.0,29.0,11.0,125.0,59.0,72.0,56.0,28.0,38.0,33.0,843.0,17,031,829500,3,170318295003
112.0,64.0,102.0,61.0,69.0,57.0,41.0,58.0,65.0,84.0,123.0,173.0,102.0,34.0,109.0,49.0,1303.0,17,031,829600,1,170318296001
79.0,13.0,20.0,22.0,19.0,18.0,21.0,26.0,53.0,48.0,51.0,40.0,31.0,15.0,73.0,20.0,549.0,17,031,829600,2,170318296002
76.0,40.0,40.0,46.0,101.0,70.0,33.0,46.0,44.0,94.0,117.0,196.0,99.0,31.0,88.0,42.0,1163.0,17,031,829600,3,170318296003
188.0,75.0,43.0,95.0,62.0,35.0,78.0,67.0,61.0,58.0,99.0,84.0,82.0,53.0,43.0,51.0,1174.0,17,031,829700,1,170318297001
181.0,95.0,72.0,93.0,64.0,78.0,41.0,44.0,78.0,76.0,75.0,99.0,67.0,61.0,84.0,47.0,1255.0,17,031,829700,2,170318297002
199.0,78.0,127.0,58.0,68.0,73.0,52.0,86.0,67.0,78.0,101.0,206.0,216.0,113.0,116.0,81.0,1719.0,17,031,829700,3,170318297003
110.0,78.0,74.0,76.0,103.0,86.0,74.0,62.0,218.0,123.0,236.0,231.0,267.0,111.0,236.0,107.0,2192.0,17,031,829800,1,170318298001
32.0,24.0,23.0,23.0,14.0,37.0,16.0,16.0,28.0,70.0,69.0,95.0,172.0,32.0,81.0,166.0,898.0,17,031,829800,2,170318298002
29.0,47.0,12.0,27.0,22.0,27.0,10.0,37.0,38.0,78.0,88.0,102.0,91.0,26.0,55.0,91.0,780.0,17,031,829800,3,170318298003
56.0,18.0,23.0,37.0,30.0,23.0,23.0,33.0,22.0,78.0,90.0,86.0,176.0,130.0,125.0,154.0,1104.0,17,031,829800,4,170318298004
147.0,28.0,33.0,73.0,56.0,53.0,34.0,54.0,33.0,126.0,188.0,117.0,213.0,121.0,88.0,165.0,1529.0,17,031,829800,5,170318298005
284.0,95.0,54.0,61.0,78.0,117.0,160.0,131.0,76.0,129.0,363.0,233.0,356.0,207.0,168.0,77.0,2589.0,17,031,829901,1,170318299011
10.0,6.0,18.0,27.0,25.0,20.0,12.0,7.0,20.0,16.0,11.0,67.0,14.0,35.0,11.0,14.0,313.0,17,031,829901,2,170318299012
81.0,33.0,48.0,45.0,72.0,105.0,151.0,39.0,36.0,156.0,375.0,238.0,148.0,77.0,91.0,56.0,1751.0,17,031,829901,3,170318299013
239.0,109.0,230.0,269.0,193.0,225.0,130.0,149.0,181.0,391.0,576.0,502.0,482.0,244.0,263.0,273.0,4456.0,17,031,829901,4,170318299014
54.0,25.0,29.0,32.0,21.0,25.0,63.0,39.0,13.0,58.0,156.0,80.0,101.0,52.0,158.0,30.0,936.0,17,031,829902,1,170318299021
128.0,64.0,53.0,75.0,54.0,69.0,62.0,88.0,37.0,109.0,211.0,253.0,326.0,179.0,143.0,175.0,2026.0,17,031,829902,2,170318299022
91.0,103.0,134.0,61.0,82.0,114.0,70.0,83.0,60.0,306.0,274.0,413.0,215.0,135.0,115.0,264.0,2520.0,17,031,829902,3,170318299023
75.0,35.0,29.0,45.0,34.0,52.0,25.0,69.0,79.0,48.0,124.0,135.0,40.0,25.0,32.0,31.0,878.0,17,031,829902,4,170318299024
134.0,83.0,169.0,125.0,179.0,152.0,138.0,84.0,105.0,159.0,177.0,301.0,194.0,77.0,89.0,85.0,2251.0,17,031,830001,1,170318300011
95.0,57.0,74.0,40.0,39.0,32.0,91.0,54.0,39.0,201.0,208.0,389.0,163.0,59.0,81.0,88.0,1710.0,17,031,830003,1,170318300031
73.0,59.0,104.0,85.0,129.0,44.0,146.0,74.0,41.0,162.0,149.0,400.0,242.0,108.0,174.0,84.0,2074.0,17,031,830003,2,170318300032
347.0,124.0,170.0,123.0,89.0,148.0,354.0,138.0,101.0,241.0,395.0,471.0,402.0,407.0,368.0,272.0,4150.0,17,031,830003,3,170318300033
88.0,64.0,78.0,111.0,147.0,53.0,23.0,57.0,52.0,49.0,95.0,162.0,70.0,55.0,86.0,57.0,1247.0,17,031,830004,1,170318300041
47.0,34.0,55.0,58.0,152.0,34.0,152.0,19.0,41.0,59.0,105.0,140.0,153.0,53.0,53.0,83.0,1238.0,17,031,830004,2,170318300042
227.0,99.0,303.0,218.0,107.0,100.0,190.0,151.0,124.0,288.0,277.0,612.0,556.0,527.0,453.0,246.0,4478.0,17,031,830004,3,170318300043
78.0,61.0,83.0,76.0,106.0,60.0,89.0,70.0,55.0,107.0,243.0,328.0,108.0,130.0,205.0,145.0,1944.0,17,031,830005,1,170318300051
131.0,43.0,134.0,81.0,56.0,55.0,61.0,82.0,102.0,162.0,117.0,288.0,233.0,111.0,283.0,262.0,2201.0,17,031,830005,2,170318300052
140.0,59.0,67.0,44.0,80.0,38.0,53.0,77.0,76.0,129.0,137.0,172.0,87.0,48.0,56.0,97.0,1360.0,17,031,830006,1,170318300061
66.0,22.0,23.0,39.0,23.0,43.0,31.0,51.0,30.0,154.0,81.0,132.0,82.0,34.0,38.0,36.0,885.0,17,031,830006,2,170318300062
69.0,77.0,134.0,78.0,73.0,40.0,83.0,57.0,32.0,88.0,144.0,217.0,77.0,62.0,79.0,118.0,1428.0,17,031,830007,1,170318300071
126.0,47.0,100.0,64.0,129.0,43.0,53.0,144.0,83.0,124.0,152.0,223.0,122.0,75.0,81.0,63.0,1629.0,17,031,830007,2,170318300072
81.0,61.0,25.0,73.0,67.0,63.0,70.0,54.0,28.0,79.0,155.0,212.0,131.0,70.0,45.0,50.0,1264.0,17,031,830007,3,170318300073
127.0,44.0,109.0,54.0,69.0,74.0,65.0,58.0,184.0,128.0,308.0,375.0,209.0,180.0,108.0,96.0,2188.0,17,031,830008,1,170318300081
35.0,20.0,42.0,29.0,19.0,15.0,17.0,12.0,19.0,66.0,170.0,106.0,90.0,17.0,97.0,42.0,796.0,17,031,830008,2,170318300082
94.0,68.0,36.0,114.0,38.0,29.0,68.0,56.0,42.0,137.0,142.0,312.0,87.0,182.0,105.0,88.0,1598.0,17,031,830008,3,170318300083
165.0,49.0,70.0,125.0,65.0,113.0,108.0,114.0,121.0,135.0,247.0,345.0,199.0,137.0,157.0,111.0,2261.0,17,031,830100,1,170318301001
37.0,64.0,43.0,35.0,52.0,65.0,69.0,26.0,20.0,79.0,91.0,147.0,109.0,79.0,80.0,39.0,1035.0,17,031,830100,2,170318301002
164.0,94.0,69.0,114.0,174.0,58.0,107.0,89.0,213.0,56.0,106.0,182.0,79.0,68.0,148.0,113.0,1834.0,17,031,830201,1,170318302011
155.0,142.0,76.0,105.0,94.0,170.0,94.0,83.0,163.0,219.0,416.0,369.0,262.0,179.0,164.0,128.0,2819.0,17,031,830201,2,170318302012
62.0,101.0,66.0,30.0,61.0,122.0,69.0,39.0,27.0,137.0,111.0,144.0,144.0,86.0,47.0,44.0,1290.0,17,031,830201,3,170318302013
80.0,122.0,50.0,43.0,60.0,39.0,47.0,88.0,38.0,143.0,185.0,255.0,218.0,183.0,98.0,111.0,1760.0,17,031,830202,1,170318302021
62.0,24.0,44.0,138.0,38.0,42.0,34.0,48.0,36.0,79.0,176.0,351.0,127.0,103.0,77.0,79.0,1458.0,17,031,830202,2,170318302022
183.0,86.0,79.0,76.0,101.0,23.0,75.0,84.0,29.0,88.0,256.0,269.0,116.0,47.0,59.0,68.0,1639.0,17,031,830300,1,170318303001
200.0,64.0,100.0,77.0,30.0,32.0,23.0,24.0,33.0,46.0,107.0,68.0,121.0,45.0,29.0,54.0,1053.0,17,031,830300,2,170318303002
63.0,119.0,47.0,122.0,65.0,50.0,74.0,88.0,21.0,72.0,126.0,98.0,56.0,46.0,40.0,47.0,1134.0,17,031,830300,3,170318303003
166.0,96.0,61.0,18.0,15.0,31.0,14.0,76.0,18.0,56.0,50.0,98.0,43.0,48.0,35.0,37.0,862.0,17,031,830300,4,170318303004
103.0,63.0,17.0,31.0,33.0,54.0,20.0,16.0,19.0,30.0,63.0,132.0,106.0,30.0,29.0,22.0,768.0,17,031,830400,1,170318304001
74.0,15.0,20.0,27.0,35.0,35.0,47.0,33.0,16.0,62.0,53.0,49.0,17.0,15.0,31.0,26.0,555.0,17,031,830400,2,170318304002
154.0,101.0,117.0,46.0,79.0,77.0,104.0,123.0,103.0,269.0,224.0,298.0,158.0,125.0,72.0,134.0,2184.0,17,031,830400,3,170318304003
77.0,44.0,33.0,15.0,77.0,24.0,29.0,28.0,23.0,125.0,79.0,143.0,43.0,30.0,26.0,24.0,820.0,17,031,830400,4,170318304004
48.0,65.0,104.0,51.0,41.0,62.0,82.0,113.0,163.0,142.0,131.0,125.0,65.0,51.0,45.0,67.0,1355.0,17,031,830500,1,170318305001
92.0,52.0,129.0,99.0,76.0,102.0,79.0,95.0,83.0,153.0,237.0,223.0,86.0,49.0,61.0,63.0,1679.0,17,031,830500,2,170318305002
46.0,99.0,36.0,108.0,104.0,114.0,30.0,45.0,59.0,70.0,126.0,131.0,77.0,49.0,39.0,56.0,1189.0,17,031,830500,3,170318305003
51.0,72.0,60.0,20.0,45.0,33.0,29.0,25.0,67.0,101.0,68.0,132.0,100.0,37.0,41.0,60.0,941.0,17,031,830600,1,170318306001
139.0,112.0,83.0,81.0,108.0,122.0,85.0,60.0,126.0,189.0,146.0,192.0,156.0,76.0,86.0,84.0,1845.0,17,031,830600,2,170318306002
55.0,50.0,50.0,77.0,20.0,54.0,73.0,55.0,34.0,61.0,119.0,126.0,62.0,46.0,23.0,52.0,957.0,17,031,830600,3,170318306003
39.0,29.0,40.0,91.0,69.0,79.0,35.0,63.0,69.0,53.0,49.0,167.0,101.0,71.0,47.0,64.0,1066.0,17,031,830600,4,170318306004
44.0,47.0,21.0,17.0,67.0,36.0,47.0,45.0,44.0,35.0,50.0,52.0,39.0,22.0,57.0,29.0,652.0,17,031,830700,1,170318307001
24.0,21.0,11.0,11.0,21.0,16.0,25.0,17.0,32.0,15.0,117.0,102.0,36.0,16.0,46.0,75.0,585.0,17,031,830700,2,170318307002
176.0,70.0,50.0,28.0,72.0,29.0,61.0,44.0,48.0,74.0,66.0,116.0,55.0,61.0,45.0,39.0,1034.0,17,031,830700,3,170318307003
190.0,21.0,45.0,52.0,54.0,57.0,23.0,14.0,34.0,46.0,64.0,68.0,39.0,33.0,55.0,43.0,838.0,17,031,830700,4,170318307004
60.0,18.0,27.0,20.0,21.0,29.0,45.0,57.0,23.0,56.0,93.0,106.0,54.0,49.0,61.0,82.0,801.0,17,031,830800,1,170318308001
58.0,11.0,14.0,16.0,12.0,30.0,35.0,20.0,15.0,33.0,73.0,65.0,78.0,11.0,25.0,20.0,516.0,17,031,830800,2,170318308002
62.0,53.0,42.0,37.0,66.0,49.0,47.0,50.0,37.0,117.0,140.0,180.0,58.0,59.0,70.0,96.0,1163.0,17,031,830800,3,170318308003
37.0,40.0,25.0,19.0,51.0,57.0,18.0,40.0,15.0,89.0,116.0,90.0,101.0,78.0,151.0,129.0,1056.0,17,031,830900,1,170318309001
34.0,48.0,54.0,50.0,18.0,35.0,21.0,32.0,36.0,40.0,99.0,93.0,123.0,48.0,71.0,74.0,876.0,17,031,830900,2,170318309002
26.0,39.0,30.0,40.0,58.0,31.0,17.0,35.0,21.0,69.0,139.0,145.0,87.0,59.0,87.0,28.0,911.0,17,031,830900,3,170318309003
27.0,19.0,20.0,33.0,25.0,31.0,24.0,29.0,19.0,29.0,72.0,116.0,53.0,69.0,168.0,153.0,887.0,17,031,831000,1,170318310001
43.0,44.0,33.0,58.0,79.0,48.0,65.0,36.0,47.0,98.0,161.0,100.0,106.0,113.0,191.0,209.0,1431.0,17,031,831000,2,170318310002
44.0,34.0,92.0,33.0,55.0,40.0,74.0,69.0,125.0,48.0,88.0,197.0,80.0,68.0,93.0,44.0,1184.0,17,031,831100,1,170318311001
125.0,26.0,84.0,27.0,45.0,182.0,77.0,34.0,48.0,70.0,106.0,194.0,159.0,46.0,77.0,54.0,1354.0,17,031,831100,2,170318311002
129.0,66.0,48.0,195.0,98.0,84.0,88.0,78.0,93.0,129.0,336.0,165.0,111.0,129.0,83.0,128.0,1960.0,17,031,831100,3,170318311003
246.0,76.0,81.0,193.0,167.0,131.0,118.0,173.0,187.0,350.0,439.0,235.0,254.0,134.0,184.0,145.0,3113.0,17,031,831100,4,170318311004
37.0,15.0,57.0,79.0,36.0,86.0,38.0,53.0,24.0,51.0,65.0,128.0,46.0,30.0,60.0,37.0,842.0,17,031,831200,1,170318312001
136.0,107.0,49.0,240.0,132.0,127.0,144.0,77.0,80.0,99.0,295.0,246.0,115.0,175.0,90.0,85.0,2197.0,17,031,831200,2,170318312002
232.0,56.0,176.0,155.0,132.0,111.0,88.0,73.0,62.0,151.0,226.0,141.0,118.0,78.0,68.0,81.0,1948.0,17,031,831200,3,170318312003
67.0,59.0,29.0,36.0,131.0,97.0,159.0,112.0,34.0,118.0,99.0,75.0,56.0,44.0,45.0,42.0,1203.0,17,031,831300,1,170318313001
55.0,51.0,46.0,8.0,13.0,43.0,27.0,17.0,28.0,20.0,41.0,51.0,32.0,14.0,27.0,26.0,499.0,17,031,831400,1,170318314001
208.0,61.0,187.0,131.0,76.0,145.0,82.0,99.0,78.0,129.0,232.0,201.0,137.0,93.0,84.0,71.0,2014.0,17,031,831400,2,170318314002
125.0,109.0,106.0,112.0,53.0,100.0,78.0,117.0,71.0,353.0,220.0,256.0,191.0,80.0,78.0,78.0,2127.0,17,031,831500,1,170318315001
153.0,58.0,39.0,33.0,35.0,48.0,58.0,64.0,46.0,61.0,125.0,237.0,159.0,179.0,103.0,47.0,1445.0,17,031,831500,2,170318315002
143.0,99.0,47.0,43.0,81.0,71.0,70.0,131.0,87.0,196.0,218.0,253.0,93.0,80.0,66.0,73.0,1751.0,17,031,831600,1,170318316001
80.0,25.0,24.0,73.0,20.0,100.0,72.0,85.0,66.0,90.0,46.0,167.0,79.0,36.0,83.0,36.0,1082.0,17,031,831600,2,170318316002
43.0,21.0,58.0,42.0,51.0,60.0,19.0,19.0,18.0,102.0,34.0,104.0,52.0,32.0,16.0,33.0,704.0,17,031,831600,3,170318316003
115.0,105.0,54.0,40.0,141.0,51.0,41.0,23.0,22.0,65.0,71.0,97.0,40.0,69.0,39.0,59.0,1032.0,17,031,831600,4,170318316004
47.0,107.0,85.0,23.0,76.0,44.0,120.0,99.0,51.0,131.0,63.0,198.0,129.0,34.0,50.0,47.0,1304.0,17,031,831600,5,170318316005
74.0,19.0,23.0,17.0,80.0,97.0,81.0,32.0,60.0,81.0,87.0,158.0,71.0,30.0,40.0,64.0,1014.0,17,031,831600,6,170318316006
224.0,71.0,123.0,140.0,89.0,85.0,120.0,94.0,89.0,154.0,252.0,232.0,255.0,95.0,164.0,117.0,2304.0,17,031,831700,1,170318317001
20.0,13.0,9.0,17.0,13.0,20.0,42.0,58.0,20.0,115.0,50.0,97.0,74.0,53.0,68.0,28.0,697.0,17,031,831800,1,170318318001
49.0,23.0,63.0,45.0,80.0,66.0,75.0,29.0,65.0,39.0,59.0,222.0,58.0,84.0,86.0,60.0,1103.0,17,031,831800,2,170318318002
143.0,93.0,60.0,60.0,31.0,86.0,29.0,36.0,32.0,56.0,143.0,238.0,177.0,62.0,133.0,108.0,1487.0,17,031,831800,3,170318318003
84.0,15.0,111.0,61.0,39.0,90.0,37.0,59.0,75.0,28.0,59.0,139.0,84.0,24.0,36.0,45.0,986.0,17,031,831800,4,170318318004
53.0,36.0,39.0,51.0,39.0,44.0,56.0,50.0,28.0,132.0,219.0,228.0,185.0,52.0,147.0,39.0,1398.0,17,031,831800,5,170318318005
53.0,30.0,30.0,51.0,38.0,44.0,58.0,87.0,57.0,68.0,111.0,259.0,143.0,152.0,102.0,213.0,1496.0,17,031,831900,1,170318319001
62.0,43.0,41.0,63.0,28.0,25.0,69.0,42.0,58.0,42.0,114.0,136.0,96.0,49.0,92.0,142.0,1102.0,17,031,831900,2,170318319002
101.0,81.0,63.0,119.0,91.0,56.0,66.0,92.0,96.0,111.0,162.0,259.0,206.0,157.0,236.0,262.0,2158.0,17,031,832000,1,170318320001
141.0,85.0,132.0,93.0,62.0,62.0,47.0,42.0,36.0,133.0,126.0,204.0,189.0,84.0,79.0,127.0,1642.0,17,031,832100,1,170318321001
24.0,20.0,18.0,20.0,29.0,27.0,39.0,45.0,21.0,36.0,68.0,109.0,47.0,53.0,66.0,110.0,732.0,17,031,832100,2,170318321002
89.0,17.0,29.0,27.0,21.0,26.0,53.0,24.0,35.0,76.0,105.0,124.0,60.0,44.0,62.0,59.0,851.0,17,031,832100,3,170318321003
62.0,38.0,12.0,42.0,52.0,23.0,23.0,42.0,49.0,36.0,88.0,108.0,67.0,35.0,90.0,57.0,824.0,17,031,832200,1,170318322001
102.0,82.0,54.0,67.0,59.0,49.0,41.0,48.0,69.0,73.0,203.0,159.0,121.0,86.0,183.0,179.0,1575.0,17,031,832200,2,170318322002
27.0,20.0,18.0,33.0,15.0,17.0,26.0,19.0,23.0,58.0,72.0,89.0,67.0,104.0,57.0,112.0,757.0,17,031,832200,3,170318322003
89.0,91.0,63.0,66.0,59.0,112.0,48.0,51.0,55.0,116.0,161.0,280.0,236.0,152.0,190.0,193.0,1962.0,17,031,832300,1,170318323001
103.0,77.0,109.0,55.0,110.0,131.0,62.0,69.0,72.0,146.0,122.0,245.0,207.0,125.0,205.0,216.0,2054.0,17,031,832400,1,170318324001
56.0,25.0,46.0,118.0,47.0,23.0,43.0,52.0,24.0,136.0,111.0,159.0,94.0,72.0,124.0,191.0,1321.0,17,031,832400,2,170318324002
257.0,91.0,61.0,50.0,72.0,45.0,33.0,40.0,80.0,112.0,82.0,133.0,126.0,65.0,103.0,121.0,1471.0,17,031,832500,1,170318325001
115.0,62.0,65.0,50.0,45.0,74.0,74.0,42.0,33.0,131.0,153.0,214.0,92.0,103.0,129.0,379.0,1761.0,17,031,832500,2,170318325002
37.0,29.0,25.0,26.0,24.0,29.0,28.0,21.0,27.0,33.0,76.0,92.0,111.0,64.0,169.0,221.0,1012.0,17,031,832600,1,170318326001
54.0,18.0,15.0,30.0,29.0,24.0,26.0,46.0,21.0,51.0,96.0,114.0,79.0,62.0,139.0,176.0,980.0,17,031,832600,2,170318326002
82.0,68.0,47.0,72.0,61.0,49.0,80.0,68.0,90.0,148.0,172.0,221.0,255.0,129.0,248.0,295.0,2085.0,17,031,832600,3,170318326003
228.0,113.0,64.0,50.0,93.0,62.0,64.0,51.0,66.0,84.0,111.0,169.0,95.0,83.0,109.0,156.0,1598.0,17,031,832900,1,170318329001
63.0,19.0,33.0,27.0,40.0,54.0,34.0,32.0,18.0,53.0,45.0,55.0,40.0,40.0,86.0,88.0,727.0,17,031,832900,2,170318329002
88.0,32.0,30.0,29.0,28.0,31.0,52.0,83.0,29.0,56.0,191.0,212.0,77.0,154.0,124.0,137.0,1353.0,17,031,833000,1,170318330001
123.0,72.0,40.0,44.0,30.0,35.0,36.0,30.0,29.0,43.0,95.0,152.0,147.0,57.0,246.0,127.0,1306.0,17,031,833000,2,170318330002
185.0,66.0,89.0,71.0,186.0,68.0,122.0,102.0,59.0,198.0,239.0,394.0,274.0,251.0,366.0,500.0,3170.0,17,031,833100,1,170318331001
202.0,35.0,66.0,51.0,40.0,31.0,36.0,32.0,29.0,56.0,112.0,135.0,150.0,164.0,121.0,194.0,1454.0,17,031,833100,2,170318331002
262.0,100.0,74.0,91.0,61.0,64.0,51.0,75.0,59.0,157.0,214.0,246.0,213.0,186.0,178.0,237.0,2268.0,17,031,833100,3,170318331003
261.0,55.0,141.0,105.0,206.0,68.0,89.0,49.0,89.0,173.0,150.0,350.0,204.0,164.0,131.0,184.0,2419.0,17,031,833300,1,170318333001
161.0,46.0,91.0,72.0,109.0,98.0,53.0,28.0,47.0,85.0,52.0,113.0,63.0,42.0,70.0,53.0,1183.0,17,031,833900,1,170318339001
114.0,91.0,138.0,49.0,26.0,19.0,39.0,54.0,25.0,58.0,107.0,61.0,76.0,18.0,54.0,36.0,965.0,17,031,833900,2,170318339002
234.0,170.0,119.0,126.0,144.0,268.0,206.0,115.0,125.0,205.0,222.0,224.0,225.0,89.0,138.0,101.0,2711.0,17,031,834000,1,170318340001
72.0,40.0,48.0,56.0,41.0,45.0,22.0,23.0,31.0,98.0,67.0,92.0,69.0,52.0,97.0,32.0,885.0,17,031,834000,2,170318340002
104.0,28.0,54.0,30.0,23.0,63.0,38.0,88.0,35.0,39.0,71.0,84.0,123.0,32.0,44.0,26.0,882.0,17,031,834200,1,170318342001
129.0,71.0,58.0,24.0,20.0,26.0,56.0,22.0,27.0,66.0,70.0,61.0,42.0,22.0,39.0,52.0,785.0,17,031,834200,2,170318342002
234.0,78.0,39.0,108.0,38.0,71.0,25.0,56.0,21.0,58.0,136.0,161.0,80.0,41.0,78.0,43.0,1267.0,17,031,834200,3,170318342003
193.0,94.0,160.0,98.0,46.0,39.0,44.0,21.0,26.0,148.0,119.0,92.0,90.0,36.0,45.0,50.0,1301.0,17,031,834200,4,170318342004
50.0,108.0,31.0,22.0,22.0,63.0,94.0,20.0,38.0,50.0,35.0,134.0,80.0,139.0,46.0,44.0,976.0,17,031,834300,1,170318343001
191.0,61.0,89.0,75.0,113.0,96.0,25.0,68.0,66.0,98.0,148.0,118.0,96.0,54.0,65.0,64.0,1427.0,17,031,834300,2,170318343002
63.0,34.0,8.0,24.0,12.0,8.0,10.0,19.0,22.0,39.0,37.0,63.0,17.0,9.0,14.0,25.0,404.0,17,031,834300,3,170318343003
30.0,26.0,25.0,62.0,16.0,39.0,21.0,95.0,58.0,54.0,43.0,119.0,63.0,32.0,49.0,36.0,768.0,17,031,834300,4,170318343004
122.0,48.0,55.0,100.0,28.0,36.0,80.0,58.0,23.0,108.0,105.0,222.0,178.0,36.0,69.0,41.0,1309.0,17,031,834300,5,170318343005
65.0,23.0,145.0,68.0,28.0,97.0,64.0,61.0,119.0,106.0,112.0,226.0,142.0,65.0,55.0,89.0,1465.0,17,031,834300,6,170318343006
123.0,93.0,60.0,11.0,55.0,74.0,51.0,24.0,41.0,49.0,50.0,69.0,57.0,28.0,34.0,36.0,855.0,17,031,834400,1,170318344001
147.0,106.0,66.0,103.0,103.0,40.0,75.0,64.0,60.0,123.0,200.0,188.0,201.0,116.0,89.0,80.0,1761.0,17,031,834400,2,170318344002
104.0,39.0,82.0,113.0,130.0,53.0,66.0,73.0,32.0,127.0,167.0,155.0,102.0,66.0,115.0,80.0,1504.0,17,031,834400,3,170318344003
262.0,75.0,89.0,88.0,66.0,83.0,72.0,114.0,38.0,94.0,128.0,176.0,101.0,46.0,52.0,60.0,1544.0,17,031,834500,1,170318345001
2.0,1.0,26.0,1.0,21.0,1.0,0.0,1.0,2.0,3.0,5.0,6.0,7.0,3.0,5.0,3.0,87.0,17,031,834600,1,170318346001
61.0,59.0,62.0,15.0,19.0,17.0,11.0,24.0,7.0,18.0,50.0,33.0,33.0,15.0,17.0,30.0,471.0,17,031,834600,2,170318346002
97.0,118.0,82.0,55.0,19.0,79.0,24.0,15.0,25.0,32.0,120.0,98.0,48.0,33.0,30.0,29.0,904.0,17,031,834600,3,170318346003
272.0,72.0,52.0,81.0,77.0,150.0,83.0,81.0,69.0,81.0,113.0,132.0,92.0,43.0,55.0,46.0,1499.0,17,031,834600,4,170318346004
45.0,71.0,10.0,27.0,25.0,37.0,39.0,36.0,20.0,33.0,25.0,46.0,19.0,17.0,14.0,17.0,481.0,17,031,834700,1,170318347001
155.0,10.0,35.0,27.0,45.0,22.0,26.0,39.0,14.0,20.0,65.0,82.0,41.0,23.0,25.0,23.0,652.0,17,031,834700,2,170318347002
96.0,64.0,65.0,73.0,64.0,20.0,55.0,43.0,57.0,27.0,98.0,84.0,40.0,39.0,29.0,35.0,889.0,17,031,834700,3,170318347003
69.0,13.0,20.0,40.0,5.0,11.0,9.0,13.0,38.0,45.0,26.0,28.0,18.0,18.0,18.0,24.0,395.0,17,031,834800,1,170318348001
103.0,37.0,42.0,55.0,36.0,17.0,22.0,37.0,21.0,32.0,39.0,32.0,28.0,24.0,16.0,18.0,559.0,17,031,834800,2,170318348002
181.0,12.0,55.0,17.0,48.0,43.0,14.0,17.0,20.0,60.0,136.0,119.0,38.0,25.0,34.0,34.0,853.0,17,031,834800,3,170318348003
134.0,79.0,30.0,34.0,33.0,55.0,40.0,39.0,13.0,66.0,39.0,93.0,64.0,35.0,35.0,42.0,831.0,17,031,834900,1,170318349001
230.0,173.0,119.0,90.0,77.0,45.0,62.0,47.0,36.0,48.0,143.0,127.0,71.0,40.0,51.0,63.0,1422.0,17,031,834900,2,170318349002
92.0,32.0,75.0,74.0,31.0,24.0,36.0,27.0,72.0,70.0,56.0,94.0,63.0,27.0,46.0,36.0,855.0,17,031,835000,1,170318350001
170.0,60.0,46.0,81.0,161.0,52.0,19.0,87.0,23.0,66.0,65.0,88.0,55.0,34.0,45.0,34.0,1086.0,17,031,835000,2,170318350002
133.0,45.0,108.0,59.0,126.0,95.0,70.0,46.0,29.0,128.0,120.0,124.0,88.0,42.0,46.0,45.0,1304.0,17,031,835000,3,170318350003
255.0,125.0,170.0,56.0,62.0,107.0,47.0,36.0,36.0,88.0,180.0,153.0,72.0,67.0,47.0,62.0,1563.0,17,031,835000,4,170318350004
113.0,53.0,61.0,45.0,94.0,18.0,19.0,70.0,37.0,71.0,52.0,139.0,87.0,36.0,37.0,34.0,966.0,17,031,835000,5,170318350005
82.0,37.0,99.0,88.0,80.0,63.0,35.0,70.0,99.0,98.0,168.0,133.0,90.0,48.0,51.0,48.0,1289.0,17,031,835100,1,170318351001
48.0,61.0,22.0,85.0,155.0,76.0,93.0,26.0,34.0,41.0,175.0,84.0,98.0,40.0,39.0,67.0,1144.0,17,031,835100,2,170318351002
91.0,67.0,142.0,73.0,83.0,84.0,138.0,34.0,89.0,179.0,72.0,222.0,71.0,50.0,60.0,57.0,1512.0,17,031,835100,3,170318351003
122.0,20.0,57.0,58.0,108.0,72.0,149.0,104.0,48.0,230.0,118.0,230.0,87.0,54.0,62.0,55.0,1574.0,17,031,835100,4,170318351004
97.0,69.0,155.0,80.0,98.0,106.0,75.0,64.0,72.0,153.0,276.0,173.0,149.0,106.0,99.0,89.0,1861.0,17,031,835200,1,170318352001
184.0,63.0,39.0,28.0,37.0,17.0,17.0,22.0,21.0,40.0,31.0,47.0,50.0,24.0,26.0,28.0,674.0,17,031,835500,1,170318355001
138.0,50.0,49.0,17.0,68.0,28.0,73.0,59.0,34.0,54.0,57.0,108.0,64.0,26.0,34.0,33.0,892.0,17,031,835500,2,170318355002
80.0,55.0,94.0,21.0,14.0,11.0,10.0,17.0,5.0,48.0,24.0,60.0,45.0,14.0,21.0,24.0,543.0,17,031,835600,1,170318356001
57.0,29.0,21.0,17.0,16.0,26.0,9.0,14.0,7.0,18.0,40.0,53.0,38.0,11.0,13.0,25.0,394.0,17,031,835600,2,170318356002
138.0,2.0,6.0,6.0,4.0,3.0,6.0,5.0,10.0,11.0,12.0,12.0,11.0,5.0,8.0,9.0,248.0,17,031,835700,1,170318357001
191.0,77.0,55.0,71.0,45.0,49.0,70.0,39.0,51.0,120.0,141.0,130.0,162.0,84.0,99.0,78.0,1462.0,17,031,835800,1,170318358001
291.0,136.0,111.0,83.0,53.0,41.0,52.0,35.0,54.0,86.0,83.0,122.0,124.0,50.0,120.0,39.0,1480.0,17,031,835900,1,170318359001
124.0,106.0,62.0,43.0,24.0,28.0,25.0,29.0,42.0,109.0,89.0,94.0,114.0,33.0,28.0,26.0,976.0,17,031,835900,2,170318359002
164.0,67.0,94.0,54.0,51.0,121.0,19.0,27.0,41.0,67.0,89.0,69.0,74.0,31.0,84.0,47.0,1099.0,17,031,835900,3,170318359003
161.0,40.0,25.0,34.0,27.0,38.0,28.0,40.0,19.0,115.0,60.0,117.0,48.0,19.0,41.0,33.0,845.0,17,031,836000,1,170318360001
32.0,20.0,13.0,22.0,32.0,18.0,25.0,9.0,19.0,44.0,85.0,199.0,39.0,44.0,55.0,57.0,713.0,17,031,836000,2,170318360002
97.0,52.0,61.0,102.0,36.0,23.0,57.0,27.0,116.0,100.0,99.0,87.0,61.0,43.0,78.0,43.0,1082.0,17,031,836000,3,170318360003
143.0,54.0,47.0,34.0,69.0,47.0,57.0,49.0,31.0,85.0,94.0,93.0,56.0,24.0,62.0,93.0,1038.0,17,031,836100,1,170318361001
115.0,47.0,73.0,36.0,32.0,20.0,22.0,12.0,21.0,90.0,110.0,60.0,34.0,23.0,39.0,49.0,783.0,17,031,836100,3,170318361003
10.0,6.0,13.0,6.0,5.0,9.0,10.0,7.0,5.0,12.0,34.0,31.0,44.0,9.0,9.0,13.0,223.0,17,031,836200,1,170318362001
64.0,10.0,41.0,39.0,30.0,29.0,19.0,20.0,28.0,77.0,117.0,117.0,35.0,27.0,26.0,39.0,718.0,17,031,836300,1,170318363001
52.0,20.0,37.0,45.0,39.0,39.0,24.0,36.0,25.0,48.0,79.0,122.0,65.0,68.0,64.0,41.0,804.0,17,031,836300,2,170318363002
163.0,53.0,79.0,24.0,32.0,30.0,17.0,25.0,36.0,25.0,78.0,54.0,44.0,20.0,19.0,59.0,758.0,17,031,836400,1,170318364001
281.0,69.0,46.0,24.0,31.0,57.0,83.0,134.0,30.0,81.0,125.0,125.0,73.0,50.0,125.0,83.0,1417.0,17,031,836400,2,170318364002
45.0,121.0,48.0,46.0,32.0,24.0,30.0,26.0,23.0,76.0,72.0,97.0,111.0,77.0,59.0,128.0,1015.0,17,031,836400,3,170318364003
127.0,109.0,99.0,121.0,89.0,69.0,80.0,34.0,45.0,43.0,81.0,72.0,55.0,46.0,52.0,42.0,1164.0,17,031,836500,1,170318365001
52.0,26.0,11.0,34.0,27.0,11.0,14.0,39.0,19.0,46.0,73.0,57.0,30.0,6.0,18.0,10.0,473.0,17,031,836500,2,170318365002
73.0,81.0,26.0,37.0,74.0,24.0,203.0,26.0,25.0,125.0,178.0,177.0,82.0,46.0,46.0,60.0,1283.0,17,031,836600,1,170318366001
200.0,64.0,46.0,96.0,32.0,23.0,31.0,37.0,31.0,52.0,114.0,110.0,133.0,56.0,48.0,53.0,1126.0,17,031,836600,2,170318366002
222.0,64.0,138.0,53.0,69.0,79.0,55.0,37.0,57.0,107.0,99.0,157.0,108.0,56.0,63.0,52.0,1416.0,17,031,836700,1,170318367001
144.0,42.0,72.0,84.0,64.0,100.0,67.0,35.0,25.0,115.0,68.0,132.0,87.0,36.0,44.0,51.0,1166.0,17,031,836700,2,170318367002
63.0,25.0,50.0,26.0,8.0,12.0,43.0,80.0,11.0,42.0,43.0,77.0,24.0,20.0,14.0,20.0,558.0,17,031,836800,1,170318368001
490.0,118.0,118.0,87.0,45.0,74.0,82.0,37.0,49.0,80.0,91.0,116.0,89.0,58.0,55.0,78.0,1667.0,17,031,836800,2,170318368002
111.0,40.0,27.0,56.0,57.0,18.0,15.0,14.0,49.0,61.0,137.0,106.0,62.0,20.0,32.0,30.0,835.0,17,031,836900,1,170318369001
63.0,53.0,36.0,37.0,33.0,14.0,29.0,69.0,13.0,83.0,54.0,55.0,40.0,69.0,20.0,38.0,706.0,17,031,836900,2,170318369002
269.0,70.0,56.0,56.0,60.0,56.0,56.0,70.0,28.0,80.0,94.0,103.0,91.0,39.0,46.0,78.0,1252.0,17,031,837000,1,170318370001
166.0,60.0,40.0,56.0,74.0,62.0,28.0,40.0,33.0,86.0,151.0,155.0,88.0,30.0,68.0,50.0,1187.0,17,031,837000,2,170318370002
82.0,52.0,11.0,32.0,32.0,19.0,20.0,18.0,8.0,11.0,47.0,65.0,29.0,22.0,23.0,24.0,495.0,17,031,837100,1,170318371001
154.0,161.0,67.0,65.0,55.0,52.0,93.0,46.0,34.0,65.0,106.0,155.0,119.0,71.0,86.0,52.0,1381.0,17,031,837100,2,170318371002
155.0,69.0,72.0,37.0,107.0,50.0,19.0,44.0,12.0,54.0,92.0,92.0,64.0,28.0,43.0,37.0,975.0,17,031,837300,1,170318373001
94.0,52.0,84.0,38.0,15.0,68.0,21.0,35.0,21.0,44.0,84.0,141.0,82.0,31.0,48.0,35.0,893.0,17,031,837300,2,170318373002
170.0,59.0,22.0,34.0,41.0,34.0,24.0,87.0,19.0,76.0,45.0,145.0,70.0,39.0,47.0,41.0,953.0,17,031,837400,1,170318374001
63.0,93.0,27.0,51.0,59.0,35.0,41.0,20.0,47.0,54.0,49.0,128.0,34.0,24.0,28.0,33.0,786.0,17,031,837400,2,170318374002
165.0,34.0,162.0,47.0,85.0,70.0,55.0,83.0,40.0,112.0,203.0,300.0,135.0,118.0,123.0,74.0,1806.0,17,031,837800,1,170318378001
99.0,74.0,96.0,66.0,84.0,98.0,36.0,85.0,53.0,90.0,167.0,107.0,110.0,50.0,39.0,78.0,1332.0,17,031,837800,2,170318378002
57.0,19.0,14.0,23.0,61.0,17.0,21.0,33.0,21.0,83.0,91.0,126.0,141.0,59.0,98.0,48.0,912.0,17,031,838000,1,170318380001
550.0,200.0,74.0,61.0,72.0,70.0,79.0,70.0,34.0,79.0,102.0,181.0,124.0,84.0,77.0,76.0,1933.0,17,031,838000,2,170318380002
166.0,82.0,77.0,54.0,41.0,21.0,48.0,25.0,34.0,79.0,88.0,123.0,81.0,60.0,59.0,93.0,1131.0,17,031,838100,1,170318381001
43.0,12.0,17.0,13.0,40.0,22.0,12.0,11.0,10.0,24.0,17.0,21.0,13.0,11.0,10.0,12.0,288.0,17,031,838100,2,170318381002
77.0,10.0,3.0,8.0,11.0,9.0,17.0,9.0,5.0,37.0,27.0,74.0,41.0,21.0,13.0,20.0,382.0,17,031,838100,3,170318381003
85.0,21.0,54.0,28.0,16.0,29.0,30.0,20.0,51.0,70.0,80.0,88.0,60.0,59.0,68.0,33.0,792.0,17,031,838200,1,170318382001
15.0,33.0,9.0,9.0,4.0,3.0,5.0,3.0,10.0,17.0,17.0,7.0,15.0,4.0,3.0,8.0,162.0,17,031,838200,2,170318382002
140.0,59.0,72.0,28.0,37.0,32.0,30.0,32.0,14.0,54.0,64.0,123.0,60.0,44.0,70.0,54.0,913.0,17,031,838300,1,170318383001
25.0,23.0,15.0,34.0,17.0,66.0,18.0,8.0,19.0,48.0,45.0,40.0,26.0,16.0,22.0,19.0,441.0,17,031,838300,2,170318383002
101.0,74.0,69.0,30.0,12.0,12.0,19.0,14.0,32.0,53.0,35.0,41.0,21.0,16.0,25.0,22.0,576.0,17,031,838600,1,170318386001
136.0,53.0,23.0,13.0,61.0,14.0,9.0,16.0,23.0,26.0,35.0,116.0,36.0,18.0,26.0,22.0,627.0,17,031,838600,2,170318386002
448.0,136.0,183.0,113.0,60.0,115.0,150.0,72.0,102.0,90.0,258.0,155.0,108.0,71.0,74.0,97.0,2232.0,17,031,838700,1,170318387001
72.0,88.0,84.0,53.0,49.0,68.0,41.0,23.0,35.0,55.0,61.0,94.0,38.0,24.0,23.0,40.0,848.0,17,031,838700,2,170318387002
216.0,80.0,22.0,79.0,51.0,24.0,56.0,38.0,22.0,70.0,154.0,86.0,63.0,40.0,42.0,47.0,1090.0,17,031,838700,3,170318387003
114.0,14.0,66.0,70.0,12.0,22.0,35.0,11.0,12.0,55.0,101.0,82.0,37.0,22.0,24.0,25.0,702.0,17,031,838700,4,170318387004
58.0,94.0,16.0,22.0,66.0,15.0,21.0,14.0,12.0,80.0,108.0,93.0,104.0,26.0,31.0,26.0,786.0,17,031,838800,1,170318388001
420.0,100.0,235.0,121.0,138.0,98.0,104.0,126.0,64.0,197.0,163.0,281.0,125.0,70.0,90.0,102.0,2434.0,17,031,838800,2,170318388002
161.0,166.0,43.0,81.0,137.0,130.0,94.0,62.0,130.0,152.0,249.0,398.0,212.0,156.0,431.0,203.0,2805.0,17,031,839000,1,170318390001
169.0,191.0,57.0,72.0,115.0,96.0,54.0,67.0,139.0,148.0,212.0,530.0,258.0,203.0,183.0,195.0,2689.0,17,031,839000,2,170318390002
173.0,36.0,42.0,85.0,21.0,46.0,20.0,77.0,29.0,51.0,117.0,124.0,99.0,73.0,62.0,99.0,1154.0,17,031,839000,3,170318390003
32.0,16.0,28.0,19.0,18.0,42.0,40.0,27.0,14.0,24.0,104.0,91.0,142.0,106.0,72.0,62.0,837.0,17,031,839000,4,170318390004
303.0,61.0,92.0,72.0,94.0,62.0,85.0,84.0,62.0,146.0,338.0,335.0,201.0,138.0,181.0,281.0,2535.0,17,031,839100,1,170318391001
90.0,73.0,71.0,43.0,67.0,41.0,44.0,64.0,32.0,85.0,112.0,265.0,114.0,116.0,155.0,128.0,1500.0,17,031,839100,2,170318391002
12.0,16.0,4.0,21.0,24.0,4.0,4.0,24.0,6.0,10.0,46.0,17.0,26.0,6.0,10.0,10.0,240.0,17,031,839200,1,170318392001
153.0,39.0,33.0,91.0,30.0,46.0,102.0,49.0,35.0,92.0,151.0,181.0,83.0,55.0,63.0,64.0,1267.0,17,031,839200,2,170318392002
117.0,37.0,19.0,50.0,50.0,27.0,20.0,42.0,14.0,34.0,71.0,76.0,43.0,20.0,23.0,24.0,667.0,17,031,839200,3,170318392003
191.0,122.0,79.0,69.0,32.0,54.0,17.0,43.0,34.0,65.0,124.0,110.0,82.0,46.0,78.0,64.0,1210.0,17,031,839500,1,170318395001
124.0,54.0,41.0,60.0,34.0,32.0,30.0,16.0,15.0,53.0,57.0,92.0,47.0,28.0,32.0,29.0,744.0,17,031,839600,1,170318396001
79.0,54.0,92.0,72.0,20.0,36.0,26.0,16.0,25.0,45.0,67.0,84.0,103.0,31.0,92.0,44.0,886.0,17,031,839600,2,170318396002
111.0,39.0,43.0,94.0,53.0,91.0,73.0,52.0,29.0,93.0,56.0,160.0,106.0,90.0,48.0,112.0,1250.0,17,031,839700,1,170318397001
81.0,92.0,53.0,64.0,93.0,150.0,98.0,31.0,87.0,121.0,146.0,246.0,64.0,83.0,51.0,53.0,1513.0,17,031,839700,2,170318397002
205.0,105.0,55.0,118.0,76.0,172.0,92.0,90.0,65.0,126.0,180.0,281.0,137.0,81.0,91.0,133.0,2007.0,17,031,839700,3,170318397003
29.0,12.0,68.0,61.0,34.0,26.0,22.0,24.0,30.0,81.0,64.0,65.0,67.0,19.0,59.0,25.0,686.0,17,031,839800,1,170318398001
50.0,63.0,78.0,36.0,96.0,54.0,43.0,57.0,30.0,108.0,99.0,129.0,99.0,44.0,77.0,32.0,1095.0,17,031,839800,2,170318398002
86.0,33.0,34.0,17.0,23.0,55.0,23.0,33.0,41.0,29.0,58.0,141.0,90.0,56.0,60.0,59.0,838.0,17,031,839800,3,170318398003
69.0,31.0,44.0,15.0,48.0,15.0,14.0,13.0,19.0,49.0,77.0,105.0,38.0,25.0,34.0,35.0,631.0,17,031,839900,1,170318399001
114.0,53.0,19.0,33.0,30.0,49.0,27.0,38.0,81.0,42.0,112.0,153.0,84.0,101.0,50.0,35.0,1021.0,17,031,839900,2,170318399002
63.0,28.0,34.0,51.0,20.0,18.0,28.0,48.0,49.0,34.0,59.0,57.0,50.0,33.0,57.0,30.0,659.0,17,031,839900,3,170318399003
31.0,46.0,18.0,20.0,21.0,27.0,53.0,51.0,13.0,55.0,86.0,107.0,59.0,54.0,56.0,25.0,722.0,17,031,839900,4,170318399004
139.0,12.0,18.0,25.0,36.0,14.0,24.0,23.0,25.0,87.0,51.0,82.0,97.0,28.0,47.0,30.0,738.0,17,031,839900,5,170318399005
115.0,105.0,86.0,151.0,84.0,62.0,82.0,53.0,149.0,162.0,159.0,262.0,119.0,114.0,82.0,112.0,1897.0,17,031,840000,1,170318400001
37.0,28.0,26.0,22.0,21.0,19.0,61.0,20.0,20.0,37.0,48.0,83.0,109.0,52.0,84.0,75.0,742.0,17,031,840000,2,170318400002
69.0,12.0,57.0,33.0,23.0,24.0,92.0,25.0,19.0,56.0,103.0,47.0,52.0,22.0,45.0,34.0,713.0,17,031,840100,1,170318401001
155.0,99.0,81.0,169.0,77.0,99.0,101.0,62.0,44.0,76.0,185.0,199.0,80.0,49.0,61.0,83.0,1620.0,17,031,840100,2,170318401002
249.0,113.0,118.0,157.0,120.0,161.0,86.0,98.0,117.0,173.0,301.0,308.0,189.0,144.0,132.0,109.0,2575.0,17,031,840200,1,170318402001
46.0,36.0,30.0,34.0,38.0,48.0,11.0,28.0,7.0,63.0,39.0,53.0,51.0,31.0,41.0,22.0,578.0,17,031,840300,1,170318403001
93.0,32.0,41.0,18.0,57.0,36.0,77.0,34.0,49.0,110.0,139.0,140.0,64.0,67.0,38.0,32.0,1027.0,17,031,840300,2,170318403002
198.0,107.0,117.0,153.0,84.0,157.0,175.0,148.0,85.0,302.0,253.0,239.0,142.0,135.0,117.0,109.0,2521.0,17,031,840300,3,170318403003
171.0,38.0,202.0,40.0,81.0,61.0,29.0,31.0,37.0,92.0,94.0,154.0,80.0,74.0,83.0,47.0,1314.0,17,031,840400,1,170318404001
176.0,103.0,124.0,78.0,79.0,117.0,92.0,76.0,136.0,124.0,220.0,240.0,98.0,96.0,86.0,88.0,1933.0,17,031,840400,2,170318404002
44.0,7.0,52.0,11.0,8.0,55.0,14.0,37.0,16.0,16.0,43.0,41.0,54.0,16.0,16.0,16.0,446.0,17,031,840700,1,170318407001
107.0,92.0,140.0,98.0,168.0,76.0,138.0,66.0,77.0,163.0,116.0,141.0,85.0,47.0,81.0,79.0,1674.0,17,031,840700,2,170318407002
188.0,106.0,82.0,259.0,100.0,127.0,61.0,108.0,135.0,93.0,120.0,119.0,174.0,59.0,63.0,84.0,1878.0,17,031,840700,3,170318407003
123.0,84.0,140.0,189.0,156.0,207.0,112.0,98.0,65.0,132.0,119.0,193.0,116.0,76.0,69.0,79.0,1958.0,17,031,840800,1,170318408001
109.0,101.0,133.0,80.0,73.0,91.0,117.0,52.0,85.0,79.0,149.0,146.0,84.0,49.0,51.0,48.0,1447.0,17,031,840800,2,170318408002
59.0,49.0,35.0,32.0,71.0,36.0,25.0,12.0,18.0,50.0,51.0,85.0,68.0,28.0,33.0,22.0,674.0,17,031,841000,1,170318410001
195.0,141.0,70.0,173.0,112.0,67.0,99.0,55.0,39.0,111.0,169.0,196.0,134.0,147.0,93.0,99.0,1900.0,17,031,841100,1,170318411001
343.0,251.0,110.0,69.0,122.0,130.0,118.0,98.0,50.0,172.0,349.0,175.0,106.0,125.0,103.0,103.0,2424.0,17,031,841100,2,170318411002
157.0,60.0,174.0,155.0,65.0,54.0,75.0,87.0,80.0,132.0,165.0,177.0,198.0,131.0,78.0,115.0,1903.0,17,031,841100,3,170318411003
307.0,136.0,69.0,38.0,79.0,159.0,30.0,44.0,20.0,73.0,98.0,90.0,69.0,50.0,55.0,54.0,1371.0,17,031,841100,4,170318411004
154.0,78.0,73.0,52.0,177.0,87.0,156.0,79.0,61.0,100.0,122.0,184.0,84.0,52.0,74.0,65.0,1598.0,17,031,841200,1,170318412001
100.0,38.0,99.0,128.0,145.0,171.0,56.0,53.0,92.0,268.0,175.0,235.0,113.0,88.0,83.0,68.0,1912.0,17,031,841200,2,170318412002
225.0,111.0,152.0,150.0,172.0,197.0,139.0,85.0,89.0,140.0,186.0,173.0,119.0,55.0,72.0,81.0,2146.0,17,031,841200,3,170318412003
34.0,38.0,22.0,129.0,40.0,62.0,105.0,68.0,47.0,75.0,87.0,200.0,53.0,74.0,42.0,56.0,1132.0,17,031,841300,1,170318413001
114.0,53.0,164.0,129.0,90.0,62.0,61.0,49.0,36.0,80.0,168.0,113.0,87.0,73.0,56.0,52.0,1387.0,17,031,841300,2,170318413002
98.0,81.0,77.0,50.0,41.0,66.0,42.0,35.0,56.0,67.0,89.0,92.0,57.0,28.0,54.0,45.0,978.0,17,031,841300,3,170318413003
79.0,34.0,25.0,80.0,19.0,40.0,46.0,28.0,23.0,84.0,36.0,67.0,65.0,19.0,23.0,24.0,692.0,17,031,841300,4,170318413004
109.0,35.0,52.0,28.0,26.0,38.0,71.0,18.0,14.0,43.0,104.0,63.0,32.0,33.0,24.0,26.0,716.0,17,031,841400,1,170318414001
68.0,8.0,24.0,37.0,76.0,12.0,11.0,31.0,15.0,29.0,61.0,78.0,27.0,29.0,25.0,23.0,554.0,17,031,841400,2,170318414002
300.0,126.0,47.0,72.0,111.0,72.0,34.0,44.0,54.0,65.0,97.0,131.0,105.0,55.0,69.0,72.0,1454.0,17,031,841500,1,170318415001
133.0,168.0,69.0,71.0,59.0,79.0,41.0,44.0,43.0,80.0,77.0,107.0,60.0,46.0,40.0,45.0,1162.0,17,031,841500,2,170318415002
175.0,21.0,40.0,100.0,28.0,20.0,18.0,31.0,37.0,40.0,57.0,68.0,85.0,28.0,28.0,35.0,811.0,17,031,841600,1,170318416001
205.0,218.0,124.0,90.0,96.0,53.0,77.0,79.0,41.0,100.0,140.0,113.0,94.0,61.0,60.0,55.0,1606.0,17,031,841700,1,170318417001
49.0,57.0,42.0,37.0,25.0,57.0,16.0,16.0,28.0,70.0,23.0,72.0,52.0,19.0,20.0,17.0,600.0,17,031,841800,1,170318418001
233.0,136.0,120.0,94.0,87.0,152.0,75.0,61.0,112.0,124.0,244.0,180.0,140.0,63.0,95.0,114.0,2030.0,17,031,841800,2,170318418002
85.0,35.0,18.0,45.0,27.0,30.0,29.0,25.0,30.0,109.0,147.0,171.0,190.0,66.0,150.0,117.0,1274.0,17,031,841900,1,170318419001
125.0,71.0,59.0,65.0,70.0,58.0,69.0,78.0,66.0,126.0,211.0,219.0,238.0,101.0,171.0,265.0,1992.0,17,031,841900,2,170318419002
53.0,17.0,36.0,22.0,7.0,16.0,31.0,13.0,45.0,34.0,70.0,100.0,68.0,21.0,39.0,38.0,610.0,17,031,842000,1,170318420001
15.0,3.0,5.0,10.0,6.0,3.0,5.0,9.0,5.0,6.0,10.0,8.0,15.0,10.0,23.0,30.0,163.0,17,031,842000,2,170318420002
192.0,55.0,182.0,88.0,60.0,118.0,37.0,39.0,37.0,196.0,135.0,244.0,96.0,68.0,89.0,84.0,1720.0,17,031,842100,1,170318421001
130.0,65.0,104.0,78.0,79.0,69.0,47.0,23.0,29.0,45.0,118.0,144.0,92.0,59.0,42.0,42.0,1166.0,17,031,842100,2,170318421002
86.0,13.0,16.0,13.0,48.0,89.0,15.0,16.0,16.0,18.0,97.0,52.0,26.0,25.0,11.0,37.0,578.0,17,031,842100,3,170318421003
142.0,144.0,149.0,35.0,118.0,92.0,37.0,37.0,33.0,112.0,78.0,136.0,105.0,76.0,40.0,49.0,1383.0,17,031,842100,4,170318421004
108.0,10.0,15.0,40.0,74.0,16.0,93.0,22.0,72.0,71.0,84.0,132.0,74.0,21.0,29.0,37.0,898.0,17,031,842100,5,170318421005
115.0,43.0,47.0,21.0,141.0,14.0,40.0,18.0,22.0,17.0,70.0,79.0,64.0,32.0,32.0,36.0,791.0,17,031,842100,6,170318421006
275.0,109.0,73.0,71.0,87.0,92.0,72.0,64.0,54.0,102.0,214.0,302.0,200.0,185.0,198.0,235.0,2333.0,17,031,842200,1,170318422001
104.0,49.0,52.0,50.0,82.0,43.0,39.0,28.0,53.0,87.0,96.0,143.0,198.0,121.0,95.0,121.0,1361.0,17,031,842300,1,170318423001
101.0,43.0,78.0,51.0,83.0,65.0,54.0,56.0,109.0,134.0,141.0,234.0,150.0,119.0,208.0,401.0,2027.0,17,031,842300,2,170318423002
45.0,59.0,100.0,58.0,42.0,50.0,64.0,37.0,27.0,49.0,187.0,123.0,71.0,58.0,38.0,56.0,1064.0,17,031,842400,1,170318424001
118.0,121.0,57.0,103.0,74.0,123.0,51.0,44.0,64.0,70.0,146.0,230.0,117.0,52.0,69.0,61.0,1500.0,17,031,842400,2,170318424002
137.0,50.0,15.0,49.0,62.0,19.0,67.0,23.0,21.0,34.0,122.0,80.0,38.0,31.0,27.0,24.0,799.0,17,031,842400,3,170318424003
589.0,180.0,203.0,119.0,150.0,105.0,85.0,53.0,60.0,93.0,146.0,216.0,131.0,72.0,67.0,97.0,2366.0,17,031,842500,1,170318425001
109.0,62.0,88.0,39.0,51.0,53.0,102.0,61.0,77.0,106.0,169.0,213.0,107.0,68.0,123.0,90.0,1518.0,17,031,842600,1,170318426001
82.0,26.0,50.0,60.0,101.0,36.0,20.0,42.0,7.0,63.0,46.0,106.0,43.0,53.0,44.0,26.0,805.0,17,031,842600,2,170318426002
72.0,42.0,56.0,90.0,30.0,28.0,28.0,74.0,25.0,93.0,141.0,229.0,91.0,38.0,100.0,63.0,1200.0,17,031,842600,3,170318426003
159.0,98.0,76.0,45.0,47.0,32.0,38.0,47.0,40.0,96.0,154.0,198.0,135.0,110.0,110.0,49.0,1434.0,17,031,842600,4,170318426004
97.0,31.0,30.0,102.0,83.0,84.0,58.0,17.0,14.0,37.0,102.0,73.0,48.0,26.0,35.0,27.0,864.0,17,031,842800,1,170318428001
72.0,211.0,61.0,34.0,98.0,78.0,40.0,43.0,103.0,102.0,126.0,148.0,70.0,34.0,51.0,81.0,1352.0,17,031,842800,2,170318428002
74.0,57.0,154.0,49.0,51.0,48.0,46.0,54.0,20.0,141.0,96.0,101.0,132.0,35.0,37.0,46.0,1141.0,17,031,842800,3,170318428003
165.0,29.0,41.0,155.0,30.0,56.0,71.0,41.0,23.0,44.0,113.0,353.0,126.0,79.0,48.0,53.0,1427.0,17,031,842800,4,170318428004
93.0,97.0,197.0,48.0,163.0,151.0,65.0,86.0,94.0,176.0,243.0,170.0,148.0,75.0,81.0,87.0,1974.0,17,031,842800,5,170318428005
32.0,19.0,19.0,92.0,72.0,37.0,179.0,33.0,22.0,28.0,115.0,45.0,44.0,34.0,28.0,37.0,836.0,17,031,842800,6,170318428006
87.0,25.0,44.0,7.0,11.0,16.0,9.0,25.0,9.0,19.0,32.0,46.0,24.0,5.0,24.0,22.0,405.0,17,031,842900,1,170318429001
198.0,58.0,170.0,125.0,55.0,89.0,22.0,26.0,25.0,98.0,77.0,101.0,63.0,49.0,40.0,54.0,1250.0,17,031,842900,3,170318429003
45.0,46.0,23.0,9.0,13.0,8.0,8.0,10.0,6.0,41.0,16.0,40.0,11.0,9.0,10.0,6.0,301.0,17,031,842900,4,170318429004
289.0,112.0,121.0,95.0,109.0,134.0,104.0,57.0,62.0,65.0,103.0,139.0,114.0,72.0,52.0,66.0,1694.0,17,031,843000,1,170318430001
190.0,81.0,94.0,80.0,77.0,107.0,44.0,106.0,64.0,80.0,109.0,130.0,97.0,52.0,52.0,64.0,1427.0,17,031,843000,2,170318430002
186.0,110.0,63.0,86.0,52.0,134.0,117.0,80.0,63.0,85.0,149.0,121.0,107.0,44.0,70.0,55.0,1522.0,17,031,843100,1,170318431001
30.0,37.0,28.0,28.0,33.0,41.0,23.0,29.0,14.0,47.0,32.0,78.0,71.0,41.0,30.0,30.0,592.0,17,031,843100,2,170318431002
61.0,28.0,112.0,86.0,168.0,127.0,51.0,40.0,115.0,76.0,146.0,143.0,114.0,77.0,55.0,52.0,1451.0,17,031,843200,1,170318432001
73.0,61.0,81.0,101.0,93.0,43.0,33.0,123.0,113.0,95.0,124.0,91.0,76.0,49.0,52.0,43.0,1251.0,17,031,843200,2,170318432002
125.0,107.0,100.0,65.0,24.0,121.0,60.0,75.0,81.0,115.0,166.0,107.0,56.0,43.0,58.0,50.0,1353.0,17,031,843300,1,170318433001
107.0,73.0,96.0,146.0,66.0,94.0,57.0,44.0,49.0,101.0,140.0,169.0,113.0,50.0,66.0,79.0,1450.0,17,031,843400,1,170318434001
76.0,103.0,51.0,95.0,44.0,35.0,60.0,60.0,57.0,48.0,93.0,86.0,60.0,35.0,27.0,47.0,977.0,17,031,843500,1,170318435001
187.0,75.0,99.0,31.0,56.0,61.0,86.0,44.0,40.0,40.0,124.0,113.0,58.0,46.0,60.0,89.0,1209.0,17,031,843600,1,170318436001
127.0,133.0,111.0,88.0,54.0,122.0,29.0,58.0,37.0,92.0,90.0,180.0,101.0,44.0,54.0,66.0,1386.0,17,031,843600,2,170318436002
119.0,44.0,40.0,37.0,26.0,49.0,21.0,32.0,40.0,66.0,101.0,134.0,94.0,38.0,61.0,140.0,1042.0,17,031,843700,1,170318437001
51.0,35.0,52.0,41.0,51.0,45.0,38.0,57.0,48.0,65.0,163.0,95.0,131.0,82.0,134.0,131.0,1219.0,17,031,843700,2,170318437002
113.0,15.0,45.0,17.0,84.0,76.0,39.0,42.0,18.0,82.0,96.0,108.0,54.0,36.0,20.0,27.0,872.0,17,031,843800,1,170318438001
81.0,71.0,56.0,92.0,74.0,38.0,95.0,44.0,21.0,38.0,76.0,114.0,62.0,37.0,30.0,45.0,974.0,17,031,843800,2,170318438002
99.0,62.0,66.0,52.0,18.0,20.0,26.0,48.0,9.0,24.0,41.0,41.0,45.0,26.0,23.0,25.0,625.0,17,031,843900,1,170318439001
44.0,15.0,11.0,14.0,19.0,4.0,11.0,16.0,5.0,31.0,19.0,39.0,59.0,22.0,11.0,11.0,331.0,17,031,843900,2,170318439002
140.0,22.0,66.0,76.0,89.0,56.0,28.0,32.0,25.0,71.0,69.0,104.0,66.0,22.0,36.0,37.0,939.0,17,031,843900,3,170318439003
162.0,33.0,64.0,94.0,27.0,30.0,66.0,49.0,16.0,39.0,71.0,114.0,62.0,79.0,90.0,35.0,1031.0,17,031,843900,4,170318439004
53.0,34.0,17.0,17.0,13.0,29.0,54.0,27.0,37.0,74.0,62.0,63.0,25.0,20.0,71.0,48.0,644.0,17,031,843900,5,170318439005
73.0,44.0,72.0,44.0,124.0,79.0,95.0,94.0,92.0,135.0,224.0,359.0,207.0,90.0,90.0,87.0,1909.0,17,043,840000,1,170438400001
88.0,38.0,56.0,21.0,61.0,49.0,23.0,143.0,46.0,45.0,118.0,164.0,81.0,32.0,40.0,69.0,1074.0,17,043,840000,2,170438400002
56.0,57.0,78.0,30.0,64.0,42.0,58.0,69.0,37.0,74.0,194.0,176.0,84.0,121.0,101.0,48.0,1289.0,17,043,840101,1,170438401011
105.0,34.0,36.0,76.0,82.0,51.0,51.0,114.0,44.0,103.0,157.0,182.0,142.0,62.0,62.0,87.0,1388.0,17,043,840101,2,170438401012
97.0,40.0,62.0,61.0,48.0,57.0,53.0,49.0,54.0,154.0,252.0,344.0,111.0,52.0,67.0,74.0,1575.0,17,043,840101,3,170438401013
63.0,32.0,99.0,122.0,64.0,65.0,32.0,33.0,84.0,76.0,168.0,271.0,140.0,101.0,102.0,61.0,1513.0,17,043,840101,4,170438401014
92.0,55.0,76.0,82.0,75.0,66.0,83.0,81.0,42.0,100.0,165.0,240.0,147.0,105.0,55.0,55.0,1519.0,17,043,840102,1,170438401021
70.0,81.0,82.0,68.0,51.0,92.0,121.0,97.0,62.0,142.0,281.0,278.0,125.0,80.0,105.0,99.0,1834.0,17,043,840102,2,170438401022
58.0,47.0,82.0,59.0,47.0,68.0,100.0,93.0,67.0,119.0,98.0,131.0,84.0,49.0,57.0,62.0,1221.0,17,043,840102,3,170438401023
61.0,59.0,111.0,106.0,76.0,59.0,62.0,61.0,32.0,96.0,187.0,251.0,176.0,64.0,119.0,81.0,1601.0,17,043,840103,1,170438401031
42.0,35.0,77.0,117.0,62.0,86.0,31.0,117.0,39.0,122.0,187.0,188.0,180.0,95.0,110.0,145.0,1633.0,17,043,840103,2,170438401032
38.0,31.0,38.0,54.0,28.0,30.0,92.0,18.0,35.0,186.0,162.0,224.0,111.0,99.0,124.0,94.0,1364.0,17,043,840103,3,170438401033
72.0,47.0,81.0,32.0,68.0,86.0,52.0,82.0,108.0,97.0,135.0,264.0,127.0,63.0,94.0,150.0,1558.0,17,043,840103,4,170438401034
108.0,78.0,81.0,25.0,86.0,61.0,39.0,50.0,42.0,63.0,161.0,169.0,78.0,73.0,57.0,46.0,1217.0,17,043,840104,1,170438401041
42.0,18.0,34.0,107.0,32.0,130.0,54.0,19.0,57.0,48.0,102.0,188.0,81.0,42.0,97.0,79.0,1130.0,17,043,840104,2,170438401042
86.0,22.0,110.0,53.0,97.0,31.0,38.0,22.0,132.0,70.0,93.0,122.0,67.0,61.0,115.0,44.0,1163.0,17,043,840104,3,170438401043
106.0,88.0,43.0,108.0,111.0,173.0,148.0,209.0,69.0,69.0,109.0,127.0,96.0,52.0,101.0,63.0,1672.0,17,043,840104,4,170438401044
98.0,54.0,50.0,24.0,164.0,62.0,92.0,37.0,19.0,61.0,60.0,176.0,75.0,27.0,49.0,62.0,1110.0,17,043,840104,5,170438401045
88.0,88.0,34.0,38.0,43.0,39.0,58.0,71.0,37.0,94.0,163.0,365.0,190.0,86.0,127.0,226.0,1747.0,17,043,840201,1,170438402011
49.0,39.0,31.0,160.0,60.0,73.0,58.0,92.0,74.0,110.0,203.0,265.0,197.0,180.0,191.0,145.0,1927.0,17,043,840201,2,170438402012
77.0,42.0,68.0,39.0,136.0,82.0,39.0,27.0,42.0,220.0,215.0,224.0,155.0,84.0,107.0,109.0,1666.0,17,043,840201,3,170438402013
61.0,33.0,82.0,63.0,68.0,42.0,51.0,56.0,59.0,114.0,123.0,237.0,260.0,128.0,130.0,127.0,1634.0,17,043,840202,1,170438402021
26.0,48.0,22.0,47.0,35.0,43.0,24.0,36.0,25.0,96.0,145.0,84.0,101.0,91.0,98.0,57.0,978.0,17,043,840202,2,170438402022
106.0,45.0,29.0,38.0,39.0,43.0,32.0,24.0,51.0,66.0,102.0,105.0,71.0,126.0,113.0,144.0,1134.0,17,043,840202,3,170438402023
66.0,41.0,38.0,52.0,76.0,38.0,61.0,126.0,43.0,72.0,133.0,336.0,145.0,146.0,132.0,91.0,1596.0,17,043,840202,4,170438402024
73.0,29.0,32.0,31.0,23.0,59.0,22.0,19.0,27.0,94.0,120.0,121.0,128.0,150.0,96.0,57.0,1081.0,17,043,840303,1,170438403031
93.0,104.0,83.0,61.0,66.0,46.0,105.0,84.0,33.0,130.0,120.0,331.0,182.0,40.0,79.0,61.0,1618.0,17,043,840303,2,170438403032
129.0,87.0,154.0,121.0,26.0,92.0,73.0,147.0,38.0,123.0,83.0,148.0,93.0,49.0,54.0,59.0,1476.0,17,043,840303,3,170438403033
73.0,90.0,140.0,102.0,116.0,80.0,122.0,106.0,107.0,139.0,251.0,268.0,174.0,130.0,273.0,167.0,2338.0,17,043,840304,1,170438403041
34.0,46.0,23.0,34.0,71.0,32.0,31.0,55.0,34.0,86.0,65.0,100.0,138.0,62.0,52.0,43.0,906.0,17,043,840304,2,170438403042
27.0,9.0,42.0,16.0,41.0,35.0,26.0,26.0,17.0,91.0,70.0,126.0,47.0,44.0,36.0,61.0,714.0,17,043,840304,3,170438403043
58.0,53.0,66.0,67.0,32.0,52.0,51.0,69.0,47.0,97.0,130.0,148.0,111.0,81.0,99.0,102.0,1263.0,17,043,840600,1,170438406001
72.0,22.0,58.0,59.0,31.0,51.0,34.0,47.0,37.0,70.0,121.0,160.0,208.0,163.0,89.0,153.0,1375.0,17,043,840600,2,170438406002
63.0,113.0,38.0,90.0,75.0,50.0,61.0,65.0,91.0,159.0,121.0,158.0,302.0,164.0,209.0,147.0,1906.0,17,043,840600,3,170438406003
150.0,93.0,52.0,74.0,68.0,47.0,73.0,103.0,94.0,121.0,152.0,268.0,157.0,80.0,144.0,92.0,1768.0,17,043,840703,1,170438407031
129.0,62.0,47.0,91.0,147.0,111.0,111.0,155.0,58.0,116.0,223.0,427.0,220.0,112.0,119.0,82.0,2210.0,17,043,840703,2,170438407032
34.0,58.0,34.0,42.0,61.0,26.0,47.0,34.0,41.0,61.0,107.0,163.0,73.0,57.0,76.0,84.0,998.0,17,043,840704,1,170438407041
144.0,79.0,138.0,120.0,111.0,75.0,172.0,209.0,103.0,103.0,157.0,263.0,196.0,56.0,96.0,94.0,2116.0,17,043,840704,2,170438407042
83.0,48.0,59.0,87.0,95.0,176.0,61.0,106.0,44.0,108.0,302.0,313.0,221.0,99.0,133.0,334.0,2269.0,17,043,840705,1,170438407051
50.0,40.0,50.0,39.0,51.0,55.0,44.0,45.0,132.0,108.0,77.0,145.0,145.0,50.0,137.0,42.0,1210.0,17,043,840705,2,170438407052
52.0,52.0,85.0,65.0,72.0,84.0,24.0,53.0,60.0,105.0,105.0,250.0,220.0,102.0,177.0,63.0,1569.0,17,043,840706,1,170438407061
97.0,36.0,68.0,72.0,78.0,39.0,38.0,73.0,37.0,177.0,348.0,190.0,226.0,87.0,187.0,130.0,1883.0,17,043,840706,2,170438407062
70.0,38.0,85.0,59.0,92.0,70.0,50.0,33.0,61.0,77.0,152.0,208.0,92.0,70.0,70.0,82.0,1309.0,17,043,840801,2,170438408012
179.0,75.0,58.0,23.0,47.0,60.0,38.0,41.0,57.0,58.0,69.0,153.0,96.0,77.0,48.0,34.0,1113.0,17,043,840801,3,170438408013
46.0,78.0,34.0,49.0,109.0,42.0,56.0,30.0,20.0,149.0,107.0,166.0,134.0,49.0,111.0,50.0,1230.0,17,043,840802,1,170438408021
59.0,28.0,58.0,10.0,43.0,24.0,81.0,18.0,16.0,39.0,93.0,129.0,84.0,57.0,69.0,25.0,833.0,17,043,840802,2,170438408022
60.0,32.0,44.0,62.0,84.0,70.0,34.0,67.0,55.0,89.0,154.0,134.0,67.0,108.0,44.0,86.0,1190.0,17,043,840802,3,170438408023
111.0,21.0,20.0,19.0,43.0,18.0,30.0,34.0,26.0,66.0,105.0,257.0,59.0,28.0,46.0,35.0,918.0,17,043,840802,4,170438408024
56.0,28.0,34.0,28.0,39.0,89.0,99.0,58.0,40.0,97.0,308.0,176.0,241.0,88.0,108.0,86.0,1575.0,17,043,840802,5,170438408025
120.0,88.0,83.0,93.0,66.0,118.0,58.0,124.0,64.0,198.0,139.0,257.0,131.0,70.0,88.0,88.0,1785.0,17,043,840901,1,170438409011
75.0,41.0,63.0,48.0,31.0,69.0,97.0,64.0,79.0,59.0,194.0,197.0,215.0,99.0,196.0,138.0,1665.0,17,043,840901,2,170438409012
92.0,87.0,116.0,181.0,215.0,70.0,103.0,146.0,91.0,163.0,216.0,182.0,223.0,77.0,78.0,98.0,2138.0,17,043,840904,1,170438409041
78.0,106.0,66.0,48.0,78.0,202.0,54.0,104.0,134.0,116.0,265.0,231.0,143.0,95.0,85.0,104.0,1909.0,17,043,840904,2,170438409042
67.0,70.0,113.0,73.0,102.0,34.0,184.0,56.0,127.0,154.0,83.0,170.0,83.0,51.0,53.0,59.0,1479.0,17,043,840906,1,170438409061
91.0,34.0,89.0,80.0,60.0,92.0,90.0,55.0,53.0,107.0,237.0,244.0,135.0,82.0,79.0,66.0,1594.0,17,043,840906,2,170438409062
98.0,122.0,62.0,115.0,91.0,104.0,114.0,142.0,103.0,146.0,363.0,319.0,211.0,137.0,179.0,186.0,2492.0,17,043,840907,1,170438409071
187.0,53.0,259.0,68.0,80.0,69.0,51.0,87.0,83.0,116.0,196.0,270.0,119.0,138.0,131.0,85.0,1992.0,17,043,840907,2,170438409072
53.0,26.0,147.0,36.0,77.0,35.0,43.0,47.0,31.0,50.0,204.0,138.0,185.0,102.0,77.0,53.0,1304.0,17,043,840908,1,170438409081
58.0,31.0,58.0,47.0,85.0,42.0,113.0,94.0,80.0,163.0,167.0,391.0,140.0,201.0,77.0,100.0,1847.0,17,043,840908,2,170438409082
153.0,26.0,31.0,56.0,91.0,53.0,127.0,74.0,38.0,81.0,88.0,158.0,84.0,49.0,63.0,54.0,1226.0,17,043,840908,3,170438409083
51.0,26.0,52.0,31.0,101.0,51.0,89.0,66.0,57.0,105.0,172.0,163.0,157.0,202.0,61.0,109.0,1493.0,17,043,840910,1,170438409101
63.0,59.0,55.0,30.0,86.0,130.0,75.0,42.0,71.0,208.0,178.0,272.0,118.0,55.0,109.0,61.0,1612.0,17,043,840910,2,170438409102
54.0,20.0,31.0,23.0,19.0,30.0,92.0,25.0,42.0,123.0,172.0,180.0,113.0,100.0,42.0,75.0,1141.0,17,043,840910,3,170438409103
51.0,24.0,91.0,48.0,85.0,129.0,81.0,42.0,72.0,45.0,118.0,107.0,68.0,28.0,41.0,27.0,1057.0,17,043,840910,4,170438409104
66.0,40.0,23.0,50.0,22.0,56.0,37.0,55.0,31.0,77.0,63.0,135.0,79.0,112.0,56.0,60.0,962.0,17,043,840911,1,170438409111
108.0,69.0,113.0,108.0,105.0,78.0,46.0,96.0,99.0,240.0,164.0,281.0,247.0,161.0,137.0,158.0,2210.0,17,043,840911,2,170438409112
53.0,13.0,58.0,74.0,47.0,73.0,47.0,78.0,53.0,154.0,169.0,268.0,87.0,77.0,156.0,124.0,1531.0,17,043,841002,1,170438410021
86.0,30.0,100.0,35.0,30.0,59.0,38.0,64.0,44.0,83.0,81.0,144.0,111.0,96.0,141.0,91.0,1233.0,17,043,841002,2,170438410022
70.0,47.0,94.0,50.0,74.0,54.0,107.0,58.0,99.0,104.0,240.0,204.0,146.0,154.0,121.0,84.0,1706.0,17,043,841003,1,170438410031
91.0,59.0,51.0,51.0,36.0,52.0,45.0,76.0,72.0,91.0,197.0,169.0,203.0,80.0,118.0,122.0,1513.0,17,043,841003,2,170438410032
71.0,39.0,135.0,72.0,35.0,75.0,68.0,96.0,132.0,155.0,150.0,279.0,120.0,82.0,78.0,108.0,1695.0,17,043,841004,1,170438410041
99.0,93.0,80.0,50.0,45.0,82.0,58.0,75.0,133.0,177.0,171.0,241.0,154.0,181.0,115.0,58.0,1812.0,17,043,841004,2,170438410042
47.0,28.0,41.0,39.0,47.0,48.0,42.0,64.0,23.0,173.0,68.0,124.0,233.0,55.0,109.0,86.0,1227.0,17,043,841102,1,170438411021
62.0,22.0,98.0,34.0,32.0,29.0,58.0,77.0,21.0,198.0,121.0,214.0,79.0,46.0,33.0,113.0,1237.0,17,043,841102,2,170438411022
80.0,31.0,61.0,57.0,35.0,53.0,52.0,118.0,37.0,114.0,147.0,255.0,208.0,69.0,86.0,64.0,1467.0,17,043,841102,3,170438411023
55.0,54.0,55.0,59.0,61.0,75.0,60.0,67.0,74.0,231.0,222.0,280.0,178.0,111.0,115.0,155.0,1852.0,17,043,841102,4,170438411024
66.0,92.0,109.0,81.0,52.0,124.0,66.0,69.0,72.0,163.0,189.0,369.0,251.0,87.0,109.0,72.0,1971.0,17,043,841103,1,170438411031
62.0,20.0,36.0,46.0,47.0,67.0,28.0,34.0,48.0,55.0,156.0,105.0,144.0,62.0,81.0,74.0,1065.0,17,043,841103,2,170438411032
35.0,37.0,27.0,19.0,26.0,61.0,29.0,46.0,30.0,68.0,107.0,137.0,98.0,110.0,104.0,68.0,1002.0,17,043,841103,3,170438411033
25.0,47.0,32.0,23.0,18.0,89.0,27.0,32.0,34.0,29.0,118.0,150.0,62.0,40.0,70.0,60.0,856.0,17,043,841104,1,170438411041
41.0,25.0,32.0,43.0,39.0,21.0,57.0,27.0,29.0,100.0,114.0,246.0,107.0,67.0,153.0,82.0,1183.0,17,043,841104,2,170438411042
46.0,21.0,40.0,70.0,15.0,19.0,16.0,21.0,19.0,93.0,92.0,150.0,153.0,72.0,44.0,70.0,941.0,17,043,841104,3,170438411043
30.0,28.0,44.0,82.0,93.0,39.0,20.0,38.0,52.0,141.0,192.0,193.0,162.0,74.0,78.0,103.0,1369.0,17,043,841104,4,170438411044
45.0,32.0,98.0,36.0,70.0,64.0,29.0,62.0,49.0,215.0,108.0,364.0,99.0,63.0,71.0,76.0,1481.0,17,043,841108,1,170438411081
113.0,30.0,30.0,37.0,37.0,98.0,80.0,111.0,28.0,111.0,113.0,192.0,142.0,78.0,64.0,87.0,1351.0,17,043,841108,2,170438411082
86.0,31.0,83.0,43.0,49.0,75.0,81.0,41.0,44.0,105.0,118.0,313.0,168.0,138.0,201.0,130.0,1706.0,17,043,841108,3,170438411083
31.0,21.0,38.0,34.0,25.0,50.0,48.0,44.0,41.0,82.0,134.0,91.0,249.0,48.0,102.0,53.0,1091.0,17,043,841109,1,170438411091
118.0,81.0,146.0,56.0,54.0,118.0,201.0,68.0,42.0,184.0,149.0,254.0,185.0,105.0,76.0,91.0,1928.0,17,043,841109,2,170438411092
64.0,30.0,60.0,26.0,61.0,117.0,47.0,58.0,40.0,50.0,208.0,144.0,96.0,61.0,128.0,51.0,1241.0,17,043,841109,3,170438411093
39.0,35.0,60.0,74.0,36.0,43.0,51.0,25.0,42.0,111.0,89.0,274.0,95.0,45.0,41.0,42.0,1102.0,17,043,841110,1,170438411101
90.0,56.0,43.0,20.0,60.0,27.0,106.0,55.0,40.0,132.0,109.0,168.0,157.0,71.0,45.0,73.0,1252.0,17,043,841110,2,170438411102
37.0,18.0,26.0,41.0,76.0,30.0,24.0,20.0,97.0,44.0,119.0,159.0,118.0,84.0,91.0,32.0,1016.0,17,043,841110,3,170438411103
101.0,52.0,84.0,107.0,55.0,69.0,86.0,106.0,71.0,153.0,144.0,223.0,187.0,187.0,176.0,130.0,1931.0,17,043,841111,1,170438411111
72.0,99.0,135.0,109.0,93.0,54.0,85.0,71.0,57.0,132.0,207.0,231.0,108.0,63.0,104.0,84.0,1704.0,17,043,841111,2,170438411112
63.0,29.0,35.0,37.0,52.0,37.0,73.0,94.0,72.0,87.0,209.0,328.0,153.0,131.0,116.0,74.0,1590.0,17,043,841112,1,170438411121
50.0,38.0,32.0,71.0,59.0,83.0,40.0,39.0,70.0,99.0,96.0,205.0,175.0,98.0,177.0,131.0,1463.0,17,043,841112,2,170438411122
57.0,31.0,63.0,64.0,78.0,30.0,58.0,68.0,40.0,131.0,128.0,114.0,200.0,132.0,172.0,270.0,1636.0,17,043,841113,1,170438411131
167.0,155.0,90.0,136.0,74.0,98.0,74.0,217.0,167.0,191.0,203.0,330.0,171.0,104.0,102.0,191.0,2470.0,17,043,841113,2,170438411132
32.0,17.0,59.0,35.0,38.0,43.0,33.0,75.0,66.0,64.0,106.0,190.0,62.0,34.0,66.0,74.0,994.0,17,043,841114,1,170438411141
57.0,42.0,30.0,33.0,38.0,49.0,36.0,42.0,67.0,112.0,142.0,184.0,134.0,143.0,79.0,106.0,1294.0,17,043,841114,2,170438411142
51.0,50.0,40.0,74.0,59.0,65.0,51.0,40.0,37.0,157.0,189.0,252.0,129.0,108.0,90.0,87.0,1479.0,17,043,841114,3,170438411143
29.0,14.0,51.0,18.0,68.0,14.0,23.0,29.0,38.0,31.0,74.0,173.0,73.0,73.0,84.0,57.0,849.0,17,043,841204,1,170438412041
79.0,70.0,82.0,51.0,80.0,98.0,117.0,63.0,53.0,150.0,93.0,156.0,157.0,185.0,84.0,65.0,1583.0,17,043,841204,2,170438412042
63.0,35.0,33.0,31.0,42.0,58.0,56.0,42.0,27.0,36.0,200.0,125.0,95.0,65.0,64.0,37.0,1009.0,17,043,841204,3,170438412043
104.0,47.0,50.0,91.0,49.0,41.0,31.0,57.0,43.0,186.0,271.0,336.0,190.0,142.0,81.0,74.0,1793.0,17,043,841204,4,170438412044
53.0,26.0,60.0,26.0,57.0,57.0,38.0,99.0,59.0,108.0,123.0,168.0,79.0,66.0,82.0,72.0,1173.0,17,043,841204,5,170438412045
87.0,57.0,46.0,44.0,140.0,114.0,110.0,74.0,99.0,201.0,121.0,300.0,238.0,198.0,125.0,81.0,2035.0,17,043,841205,1,170438412051
89.0,32.0,60.0,53.0,57.0,52.0,58.0,57.0,58.0,107.0,219.0,234.0,228.0,108.0,108.0,43.0,1563.0,17,043,841205,2,170438412052
79.0,24.0,23.0,27.0,40.0,56.0,54.0,28.0,33.0,76.0,110.0,174.0,199.0,160.0,84.0,81.0,1248.0,17,043,841205,3,170438412053
52.0,35.0,65.0,51.0,49.0,43.0,67.0,72.0,31.0,70.0,133.0,294.0,280.0,259.0,172.0,129.0,1802.0,17,043,841206,1,170438412061
79.0,51.0,68.0,35.0,56.0,45.0,83.0,87.0,52.0,108.0,190.0,221.0,252.0,54.0,139.0,122.0,1642.0,17,043,841206,2,170438412062
116.0,135.0,80.0,176.0,98.0,150.0,125.0,108.0,75.0,140.0,169.0,248.0,236.0,160.0,151.0,103.0,2270.0,17,043,841206,3,170438412063
101.0,37.0,55.0,59.0,70.0,58.0,99.0,105.0,47.0,84.0,283.0,500.0,173.0,113.0,137.0,88.0,2009.0,17,043,841207,1,170438412071
44.0,37.0,37.0,44.0,70.0,40.0,28.0,87.0,49.0,116.0,181.0,215.0,99.0,59.0,90.0,40.0,1236.0,17,043,841207,2,170438412072
123.0,74.0,117.0,39.0,90.0,79.0,67.0,91.0,89.0,254.0,249.0,422.0,176.0,125.0,143.0,88.0,2226.0,17,043,841208,1,170438412081
81.0,180.0,86.0,43.0,38.0,102.0,51.0,65.0,52.0,117.0,137.0,277.0,155.0,85.0,110.0,78.0,1657.0,17,043,841208,2,170438412082
36.0,25.0,37.0,75.0,49.0,85.0,21.0,86.0,52.0,73.0,200.0,144.0,110.0,59.0,111.0,41.0,1204.0,17,043,841208,3,170438412083
63.0,61.0,39.0,56.0,82.0,67.0,49.0,88.0,94.0,134.0,166.0,276.0,315.0,130.0,219.0,102.0,1941.0,17,043,841209,1,170438412091
84.0,69.0,161.0,90.0,56.0,79.0,59.0,89.0,42.0,86.0,107.0,381.0,214.0,146.0,178.0,98.0,1939.0,17,043,841209,2,170438412092
70.0,14.0,30.0,18.0,14.0,26.0,8.0,44.0,97.0,56.0,104.0,74.0,57.0,42.0,29.0,29.0,712.0,17,043,841210,1,170438412101
92.0,65.0,86.0,79.0,97.0,140.0,94.0,74.0,149.0,169.0,270.0,292.0,138.0,140.0,77.0,67.0,2029.0,17,043,841210,2,170438412102
47.0,68.0,25.0,46.0,26.0,156.0,106.0,65.0,30.0,65.0,116.0,144.0,105.0,74.0,67.0,52.0,1192.0,17,043,841210,3,170438412103
48.0,29.0,36.0,46.0,26.0,32.0,32.0,36.0,25.0,102.0,102.0,297.0,235.0,86.0,127.0,110.0,1369.0,17,043,841307,1,170438413071
79.0,60.0,83.0,45.0,136.0,78.0,68.0,85.0,55.0,160.0,149.0,259.0,217.0,128.0,107.0,127.0,1836.0,17,043,841307,2,170438413072
43.0,26.0,22.0,32.0,44.0,38.0,34.0,42.0,30.0,64.0,108.0,201.0,112.0,190.0,178.0,87.0,1251.0,17,043,841307,3,170438413073
57.0,36.0,38.0,37.0,43.0,57.0,46.0,71.0,33.0,104.0,206.0,261.0,387.0,119.0,179.0,60.0,1734.0,17,043,841307,4,170438413074
39.0,37.0,28.0,29.0,27.0,31.0,27.0,48.0,41.0,80.0,79.0,174.0,108.0,75.0,87.0,136.0,1046.0,17,043,841308,1,170438413081
57.0,52.0,65.0,59.0,65.0,34.0,117.0,37.0,60.0,134.0,79.0,213.0,251.0,165.0,107.0,139.0,1634.0,17,043,841308,2,170438413082
84.0,38.0,61.0,59.0,51.0,46.0,44.0,40.0,59.0,88.0,167.0,284.0,244.0,293.0,211.0,162.0,1931.0,17,043,841308,3,170438413083
146.0,64.0,74.0,104.0,110.0,109.0,110.0,179.0,117.0,221.0,268.0,469.0,384.0,425.0,407.0,647.0,3834.0,17,043,841310,1,170438413101
94.0,38.0,50.0,37.0,271.0,193.0,145.0,71.0,23.0,105.0,212.0,217.0,120.0,79.0,75.0,67.0,1797.0,17,043,841312,1,170438413121
111.0,51.0,49.0,112.0,75.0,106.0,40.0,57.0,34.0,180.0,215.0,331.0,183.0,198.0,196.0,247.0,2185.0,17,043,841312,2,170438413122
147.0,54.0,127.0,109.0,100.0,106.0,78.0,126.0,112.0,192.0,244.0,350.0,338.0,169.0,252.0,168.0,2672.0,17,043,841313,1,170438413131
54.0,53.0,40.0,45.0,53.0,61.0,57.0,77.0,42.0,49.0,184.0,377.0,143.0,143.0,195.0,171.0,1744.0,17,043,841314,1,170438413141
39.0,25.0,34.0,44.0,41.0,44.0,25.0,108.0,63.0,105.0,68.0,160.0,76.0,137.0,103.0,48.0,1120.0,17,043,841314,2,170438413142
33.0,21.0,20.0,57.0,76.0,15.0,22.0,22.0,41.0,33.0,140.0,121.0,117.0,31.0,58.0,43.0,850.0,17,043,841314,3,170438413143
58.0,25.0,42.0,33.0,19.0,40.0,57.0,124.0,22.0,50.0,229.0,180.0,168.0,190.0,54.0,65.0,1356.0,17,043,841314,4,170438413144
34.0,15.0,31.0,26.0,55.0,31.0,30.0,22.0,59.0,107.0,100.0,197.0,99.0,52.0,121.0,58.0,1037.0,17,043,841314,5,170438413145
64.0,48.0,58.0,34.0,134.0,62.0,56.0,182.0,53.0,123.0,133.0,273.0,211.0,98.0,92.0,138.0,1759.0,17,043,841315,1,170438413151
92.0,67.0,81.0,32.0,89.0,51.0,90.0,72.0,61.0,137.0,140.0,248.0,117.0,56.0,105.0,53.0,1491.0,17,043,841315,2,170438413152
54.0,61.0,54.0,70.0,62.0,67.0,41.0,58.0,67.0,72.0,180.0,173.0,158.0,138.0,266.0,243.0,1764.0,17,043,841316,1,170438413161
69.0,41.0,54.0,58.0,54.0,69.0,87.0,107.0,29.0,134.0,189.0,359.0,223.0,111.0,193.0,98.0,1875.0,17,043,841316,2,170438413162
80.0,38.0,37.0,60.0,79.0,76.0,78.0,127.0,34.0,78.0,98.0,162.0,122.0,135.0,84.0,59.0,1347.0,17,043,841318,1,170438413181
57.0,40.0,58.0,38.0,34.0,42.0,40.0,77.0,35.0,81.0,129.0,344.0,177.0,107.0,114.0,129.0,1502.0,17,043,841318,2,170438413182
51.0,76.0,87.0,37.0,53.0,171.0,106.0,60.0,20.0,73.0,170.0,348.0,136.0,108.0,63.0,76.0,1635.0,17,043,841320,1,170438413201
77.0,118.0,26.0,27.0,46.0,55.0,31.0,82.0,106.0,71.0,105.0,122.0,103.0,64.0,52.0,44.0,1129.0,17,043,841320,2,170438413202
106.0,72.0,68.0,74.0,56.0,88.0,97.0,72.0,48.0,124.0,202.0,490.0,347.0,352.0,244.0,160.0,2600.0,17,043,841321,1,170438413211
71.0,23.0,42.0,48.0,37.0,52.0,71.0,64.0,52.0,79.0,161.0,308.0,164.0,69.0,82.0,109.0,1432.0,17,043,841322,1,170438413221
59.0,31.0,31.0,38.0,68.0,22.0,35.0,64.0,80.0,51.0,168.0,201.0,286.0,73.0,103.0,152.0,1462.0,17,043,841322,2,170438413222
58.0,61.0,59.0,50.0,59.0,44.0,46.0,118.0,86.0,87.0,222.0,323.0,221.0,132.0,87.0,138.0,1791.0,17,043,841322,3,170438413223
56.0,53.0,80.0,64.0,36.0,110.0,25.0,41.0,88.0,60.0,229.0,302.0,181.0,176.0,161.0,148.0,1810.0,17,043,841323,1,170438413231
45.0,37.0,35.0,58.0,51.0,105.0,45.0,56.0,32.0,62.0,214.0,199.0,90.0,79.0,98.0,59.0,1265.0,17,043,841323,2,170438413232
78.0,42.0,59.0,46.0,37.0,40.0,53.0,54.0,60.0,92.0,92.0,230.0,198.0,166.0,243.0,166.0,1656.0,17,043,841324,1,170438413241
42.0,11.0,36.0,40.0,21.0,34.0,45.0,60.0,38.0,73.0,126.0,273.0,172.0,81.0,72.0,58.0,1182.0,17,043,841324,2,170438413242
53.0,27.0,32.0,22.0,119.0,40.0,24.0,23.0,26.0,51.0,59.0,322.0,106.0,85.0,67.0,151.0,1207.0,17,043,841325,1,170438413251
54.0,25.0,57.0,36.0,36.0,30.0,27.0,45.0,35.0,76.0,213.0,174.0,215.0,136.0,93.0,82.0,1334.0,17,043,841325,2,170438413252
70.0,49.0,40.0,70.0,36.0,87.0,73.0,76.0,23.0,83.0,155.0,211.0,216.0,81.0,158.0,88.0,1516.0,17,043,841325,3,170438413253
85.0,30.0,92.0,39.0,44.0,39.0,73.0,75.0,55.0,143.0,208.0,385.0,137.0,112.0,249.0,138.0,1904.0,17,043,841325,4,170438413254
46.0,50.0,41.0,50.0,57.0,56.0,38.0,84.0,52.0,84.0,151.0,166.0,181.0,165.0,249.0,234.0,1704.0,17,043,841326,1,170438413261
107.0,25.0,50.0,61.0,96.0,40.0,50.0,48.0,38.0,104.0,157.0,138.0,154.0,133.0,232.0,175.0,1608.0,17,043,841326,2,170438413262
61.0,24.0,24.0,38.0,29.0,41.0,58.0,23.0,26.0,78.0,105.0,209.0,166.0,113.0,64.0,289.0,1348.0,17,043,841327,1,170438413271
66.0,23.0,43.0,76.0,44.0,35.0,51.0,28.0,54.0,75.0,137.0,175.0,224.0,151.0,164.0,100.0,1446.0,17,043,841327,2,170438413272
69.0,31.0,48.0,49.0,84.0,59.0,54.0,29.0,53.0,77.0,117.0,195.0,256.0,111.0,253.0,130.0,1615.0,17,043,841327,3,170438413273
79.0,59.0,46.0,163.0,64.0,55.0,175.0,106.0,93.0,259.0,408.0,426.0,235.0,131.0,130.0,116.0,2545.0,17,043,841401,1,170438414011
74.0,46.0,24.0,29.0,34.0,54.0,30.0,15.0,55.0,59.0,172.0,121.0,96.0,36.0,67.0,76.0,988.0,17,043,841401,2,170438414012
61.0,36.0,39.0,40.0,29.0,59.0,30.0,22.0,72.0,76.0,149.0,176.0,143.0,127.0,108.0,185.0,1352.0,17,043,841401,3,170438414013
27.0,21.0,17.0,50.0,20.0,36.0,15.0,72.0,16.0,71.0,120.0,70.0,90.0,87.0,28.0,29.0,769.0,17,043,841401,4,170438414014
35.0,22.0,31.0,48.0,20.0,27.0,49.0,45.0,64.0,90.0,111.0,125.0,121.0,67.0,71.0,87.0,1013.0,17,043,841403,1,170438414031
58.0,21.0,30.0,107.0,27.0,24.0,39.0,31.0,22.0,93.0,103.0,121.0,93.0,128.0,155.0,146.0,1198.0,17,043,841403,2,170438414032
82.0,59.0,77.0,53.0,58.0,60.0,44.0,62.0,48.0,128.0,159.0,273.0,171.0,172.0,197.0,113.0,1756.0,17,043,841403,3,170438414033
61.0,43.0,38.0,31.0,25.0,29.0,49.0,26.0,36.0,66.0,104.0,109.0,212.0,171.0,112.0,96.0,1208.0,17,043,841404,1,170438414041
130.0,53.0,59.0,136.0,122.0,76.0,71.0,54.0,31.0,164.0,173.0,252.0,136.0,87.0,151.0,230.0,1925.0,17,043,841404,2,170438414042
76.0,19.0,48.0,29.0,86.0,31.0,65.0,21.0,27.0,87.0,113.0,150.0,160.0,81.0,76.0,31.0,1100.0,17,043,841501,1,170438415011
162.0,52.0,35.0,60.0,49.0,325.0,58.0,94.0,44.0,146.0,131.0,162.0,126.0,56.0,59.0,97.0,1656.0,17,043,841501,2,170438415012
60.0,29.0,91.0,98.0,125.0,80.0,67.0,51.0,141.0,79.0,198.0,357.0,206.0,119.0,60.0,76.0,1837.0,17,043,841501,3,170438415013
73.0,53.0,34.0,70.0,42.0,57.0,44.0,42.0,66.0,80.0,277.0,288.0,159.0,140.0,130.0,136.0,1691.0,17,043,841501,4,170438415014
93.0,83.0,50.0,48.0,89.0,114.0,117.0,100.0,45.0,177.0,224.0,254.0,123.0,81.0,69.0,76.0,1743.0,17,043,841503,1,170438415031
93.0,86.0,54.0,61.0,79.0,156.0,91.0,70.0,77.0,161.0,306.0,384.0,249.0,80.0,90.0,96.0,2133.0,17,043,841503,2,170438415032
73.0,70.0,44.0,65.0,105.0,100.0,86.0,80.0,30.0,205.0,122.0,246.0,177.0,100.0,170.0,88.0,1761.0,17,043,841504,1,170438415041
101.0,54.0,70.0,51.0,51.0,98.0,36.0,61.0,31.0,124.0,170.0,213.0,127.0,83.0,96.0,57.0,1423.0,17,043,841504,2,170438415042
67.0,37.0,48.0,44.0,34.0,33.0,40.0,41.0,38.0,59.0,162.0,129.0,167.0,115.0,139.0,266.0,1419.0,17,043,841603,1,170438416031
41.0,64.0,25.0,134.0,40.0,71.0,201.0,39.0,75.0,62.0,139.0,185.0,125.0,65.0,53.0,65.0,1384.0,17,043,841603,2,170438416032
113.0,55.0,70.0,54.0,81.0,51.0,41.0,46.0,62.0,119.0,123.0,197.0,166.0,73.0,122.0,76.0,1449.0,17,043,841603,3,170438416033
118.0,50.0,54.0,71.0,89.0,53.0,125.0,127.0,91.0,209.0,265.0,376.0,233.0,142.0,110.0,161.0,2274.0,17,043,841604,1,170438416041
119.0,35.0,109.0,46.0,53.0,143.0,105.0,125.0,82.0,182.0,273.0,270.0,189.0,119.0,116.0,139.0,2105.0,17,043,841604,2,170438416042
94.0,36.0,41.0,42.0,29.0,41.0,26.0,40.0,22.0,72.0,96.0,103.0,117.0,50.0,51.0,33.0,893.0,17,043,841605,1,170438416051
174.0,30.0,95.0,82.0,229.0,194.0,39.0,129.0,48.0,143.0,109.0,183.0,111.0,113.0,118.0,71.0,1868.0,17,043,841605,2,170438416052
35.0,32.0,30.0,29.0,27.0,52.0,36.0,22.0,29.0,137.0,116.0,217.0,151.0,87.0,59.0,126.0,1185.0,17,043,841605,3,170438416053
39.0,46.0,48.0,30.0,52.0,68.0,49.0,21.0,31.0,125.0,134.0,155.0,147.0,58.0,65.0,62.0,1130.0,17,043,841606,1,170438416061
31.0,25.0,28.0,28.0,23.0,26.0,34.0,27.0,20.0,82.0,88.0,196.0,151.0,99.0,117.0,142.0,1117.0,17,043,841606,2,170438416062
65.0,34.0,38.0,62.0,38.0,51.0,46.0,63.0,52.0,127.0,154.0,282.0,207.0,118.0,67.0,64.0,1468.0,17,043,841607,1,170438416071
90.0,25.0,54.0,56.0,51.0,51.0,60.0,149.0,93.0,193.0,175.0,266.0,112.0,74.0,112.0,72.0,1633.0,17,043,841607,2,170438416072
75.0,52.0,59.0,108.0,69.0,49.0,78.0,44.0,62.0,136.0,178.0,252.0,273.0,93.0,131.0,202.0,1861.0,17,043,841607,3,170438416073
78.0,115.0,87.0,115.0,46.0,49.0,73.0,83.0,56.0,112.0,195.0,276.0,204.0,113.0,98.0,90.0,1790.0,17,043,841703,1,170438417031
250.0,95.0,77.0,87.0,85.0,96.0,122.0,134.0,92.0,104.0,257.0,146.0,93.0,61.0,60.0,72.0,1831.0,17,043,841703,2,170438417032
53.0,188.0,66.0,98.0,71.0,144.0,78.0,94.0,40.0,127.0,167.0,188.0,89.0,72.0,59.0,47.0,1581.0,17,043,841703,3,170438417033
122.0,106.0,131.0,137.0,135.0,99.0,95.0,118.0,52.0,161.0,192.0,243.0,88.0,105.0,137.0,139.0,2060.0,17,043,841703,4,170438417034
53.0,27.0,40.0,44.0,56.0,88.0,38.0,22.0,48.0,43.0,109.0,194.0,112.0,151.0,131.0,296.0,1452.0,17,043,841704,1,170438417041
175.0,44.0,60.0,142.0,138.0,41.0,83.0,41.0,36.0,76.0,150.0,182.0,216.0,155.0,159.0,155.0,1853.0,17,043,841704,2,170438417042
38.0,22.0,33.0,25.0,22.0,35.0,25.0,28.0,19.0,89.0,85.0,161.0,186.0,90.0,87.0,197.0,1142.0,17,043,841704,3,170438417043
53.0,31.0,26.0,29.0,33.0,52.0,16.0,11.0,60.0,57.0,131.0,140.0,109.0,94.0,132.0,193.0,1167.0,17,043,841705,1,170438417051
196.0,145.0,84.0,135.0,167.0,157.0,108.0,130.0,141.0,326.0,404.0,456.0,215.0,179.0,151.0,148.0,3142.0,17,043,841705,2,170438417052
38.0,65.0,37.0,35.0,41.0,29.0,127.0,37.0,61.0,117.0,196.0,185.0,214.0,70.0,83.0,127.0,1462.0,17,043,841705,3,170438417053
99.0,65.0,59.0,97.0,112.0,134.0,96.0,90.0,48.0,289.0,246.0,344.0,232.0,117.0,144.0,156.0,2328.0,17,043,841706,1,170438417061
130.0,65.0,70.0,109.0,141.0,72.0,112.0,184.0,106.0,155.0,143.0,194.0,104.0,83.0,61.0,54.0,1783.0,17,043,841706,2,170438417062
52.0,31.0,40.0,68.0,39.0,53.0,27.0,55.0,45.0,83.0,118.0,144.0,199.0,50.0,94.0,125.0,1223.0,17,043,841801,1,170438418011
69.0,79.0,42.0,55.0,63.0,54.0,73.0,59.0,59.0,109.0,179.0,314.0,244.0,182.0,168.0,227.0,1976.0,17,043,841801,2,170438418012
80.0,94.0,81.0,68.0,81.0,64.0,83.0,76.0,37.0,117.0,254.0,187.0,193.0,112.0,177.0,175.0,1879.0,17,043,841801,3,170438418013
70.0,38.0,64.0,107.0,61.0,114.0,63.0,66.0,53.0,182.0,176.0,277.0,293.0,225.0,205.0,287.0,2281.0,17,043,841802,1,170438418021
76.0,26.0,73.0,50.0,67.0,60.0,72.0,75.0,49.0,108.0,139.0,215.0,130.0,111.0,121.0,144.0,1516.0,17,043,841802,2,170438418022
47.0,24.0,44.0,50.0,37.0,67.0,70.0,39.0,26.0,97.0,160.0,184.0,197.0,155.0,125.0,126.0,1448.0,17,043,841802,3,170438418023
55.0,23.0,55.0,36.0,45.0,40.0,51.0,28.0,50.0,101.0,95.0,150.0,105.0,79.0,214.0,290.0,1417.0,17,043,841901,1,170438419011
43.0,21.0,46.0,28.0,26.0,46.0,26.0,40.0,33.0,31.0,146.0,106.0,139.0,58.0,118.0,188.0,1095.0,17,043,841901,2,170438419012
56.0,39.0,48.0,38.0,38.0,66.0,43.0,31.0,46.0,75.0,131.0,108.0,99.0,85.0,82.0,65.0,1050.0,17,043,841902,1,170438419021
34.0,6.0,23.0,11.0,25.0,14.0,20.0,15.0,22.0,32.0,27.0,44.0,42.0,46.0,33.0,56.0,450.0,17,043,841902,2,170438419022
22.0,12.0,22.0,15.0,12.0,40.0,24.0,25.0,24.0,46.0,39.0,65.0,35.0,44.0,36.0,132.0,593.0,17,043,841902,3,170438419023
69.0,31.0,66.0,55.0,33.0,36.0,49.0,21.0,30.0,78.0,97.0,122.0,131.0,91.0,75.0,320.0,1304.0,17,043,842000,1,170438420001
80.0,47.0,31.0,42.0,48.0,46.0,34.0,35.0,32.0,87.0,114.0,218.0,179.0,122.0,213.0,243.0,1571.0,17,043,842000,2,170438420002
61.0,16.0,63.0,40.0,27.0,52.0,60.0,32.0,49.0,82.0,93.0,197.0,190.0,89.0,137.0,318.0,1506.0,17,043,842000,3,170438420003
46.0,29.0,40.0,44.0,20.0,27.0,20.0,49.0,30.0,71.0,79.0,121.0,249.0,182.0,69.0,125.0,1201.0,17,043,842100,1,170438421001
87.0,37.0,72.0,41.0,88.0,57.0,47.0,57.0,26.0,67.0,120.0,323.0,91.0,104.0,123.0,251.0,1591.0,17,043,842100,2,170438421002
164.0,47.0,151.0,96.0,64.0,108.0,70.0,99.0,47.0,146.0,120.0,252.0,157.0,113.0,154.0,182.0,1970.0,17,043,842100,3,170438421003
84.0,57.0,23.0,31.0,26.0,27.0,26.0,28.0,35.0,123.0,122.0,123.0,110.0,158.0,148.0,188.0,1309.0,17,043,842100,4,170438421004
171.0,141.0,87.0,83.0,85.0,74.0,44.0,49.0,29.0,89.0,105.0,173.0,89.0,87.0,81.0,227.0,1614.0,17,043,842200,1,170438422001
58.0,36.0,50.0,36.0,33.0,75.0,49.0,28.0,30.0,51.0,106.0,103.0,155.0,99.0,127.0,285.0,1321.0,17,043,842200,2,170438422002
88.0,52.0,90.0,81.0,54.0,50.0,94.0,51.0,96.0,138.0,228.0,116.0,131.0,79.0,215.0,237.0,1800.0,17,043,842200,3,170438422003
54.0,26.0,54.0,43.0,40.0,52.0,56.0,15.0,37.0,42.0,82.0,102.0,92.0,57.0,112.0,245.0,1109.0,17,043,842300,1,170438423001
38.0,33.0,27.0,46.0,52.0,44.0,17.0,48.0,21.0,41.0,73.0,155.0,222.0,155.0,81.0,165.0,1218.0,17,043,842300,2,170438423002
44.0,31.0,50.0,56.0,61.0,36.0,54.0,30.0,44.0,40.0,96.0,181.0,105.0,105.0,139.0,115.0,1187.0,17,043,842300,3,170438423003
108.0,89.0,63.0,60.0,81.0,64.0,64.0,56.0,92.0,96.0,126.0,199.0,99.0,97.0,189.0,141.0,1624.0,17,043,842400,1,170438424001
30.0,23.0,41.0,39.0,18.0,84.0,56.0,49.0,12.0,73.0,99.0,146.0,114.0,61.0,87.0,89.0,1021.0,17,043,842400,2,170438424002
106.0,42.0,118.0,52.0,140.0,178.0,98.0,50.0,72.0,147.0,217.0,160.0,131.0,102.0,132.0,129.0,1874.0,17,043,842400,3,170438424003
37.0,23.0,27.0,18.0,51.0,49.0,55.0,36.0,79.0,118.0,81.0,114.0,81.0,83.0,112.0,70.0,1034.0,17,043,842400,4,170438424004
62.0,150.0,68.0,54.0,48.0,47.0,61.0,86.0,90.0,107.0,200.0,172.0,206.0,71.0,92.0,88.0,1602.0,17,043,842500,1,170438425001
42.0,28.0,30.0,33.0,29.0,46.0,25.0,45.0,46.0,60.0,102.0,163.0,123.0,146.0,104.0,244.0,1266.0,17,043,842500,2,170438425002
61.0,34.0,60.0,79.0,33.0,73.0,55.0,37.0,26.0,119.0,162.0,262.0,137.0,138.0,174.0,192.0,1642.0,17,043,842601,1,170438426011
59.0,30.0,32.0,31.0,49.0,49.0,44.0,24.0,20.0,94.0,120.0,99.0,79.0,66.0,184.0,323.0,1303.0,17,043,842601,2,170438426012
37.0,37.0,31.0,38.0,37.0,58.0,32.0,43.0,50.0,107.0,110.0,112.0,122.0,197.0,198.0,231.0,1440.0,17,043,842601,3,170438426013
58.0,23.0,32.0,45.0,41.0,31.0,30.0,31.0,28.0,77.0,117.0,178.0,136.0,93.0,189.0,336.0,1445.0,17,043,842602,1,170438426021
40.0,28.0,50.0,45.0,48.0,36.0,41.0,26.0,25.0,58.0,120.0,147.0,143.0,55.0,235.0,209.0,1306.0,17,043,842602,2,170438426022
88.0,34.0,51.0,51.0,50.0,44.0,37.0,36.0,48.0,104.0,110.0,219.0,165.0,142.0,198.0,355.0,1732.0,17,043,842602,3,170438426023
30.0,19.0,25.0,14.0,28.0,15.0,15.0,37.0,17.0,34.0,93.0,171.0,92.0,26.0,54.0,36.0,706.0,17,043,842603,1,170438426031
48.0,32.0,44.0,32.0,49.0,42.0,52.0,62.0,31.0,94.0,170.0,219.0,234.0,130.0,104.0,106.0,1449.0,17,043,842603,2,170438426032
57.0,32.0,11.0,49.0,36.0,41.0,33.0,13.0,14.0,22.0,82.0,140.0,90.0,35.0,38.0,51.0,744.0,17,043,842603,3,170438426033
72.0,86.0,46.0,43.0,36.0,11.0,23.0,21.0,10.0,57.0,40.0,70.0,63.0,39.0,52.0,88.0,757.0,17,043,842604,1,170438426041
81.0,25.0,73.0,66.0,25.0,50.0,84.0,76.0,94.0,150.0,144.0,197.0,166.0,99.0,97.0,87.0,1514.0,17,043,842604,2,170438426042
34.0,51.0,25.0,43.0,61.0,93.0,46.0,35.0,66.0,78.0,65.0,146.0,125.0,82.0,93.0,104.0,1147.0,17,043,842604,3,170438426043
59.0,24.0,21.0,68.0,24.0,29.0,27.0,19.0,15.0,58.0,117.0,64.0,36.0,38.0,46.0,32.0,677.0,17,043,842604,4,170438426044
59.0,38.0,44.0,64.0,68.0,56.0,55.0,41.0,75.0,169.0,115.0,260.0,145.0,106.0,119.0,82.0,1496.0,17,043,842605,1,170438426051
60.0,26.0,46.0,41.0,32.0,41.0,50.0,54.0,24.0,50.0,153.0,145.0,117.0,91.0,164.0,198.0,1292.0,17,043,842605,2,170438426052
43.0,23.0,52.0,35.0,44.0,64.0,50.0,82.0,25.0,104.0,148.0,158.0,131.0,120.0,71.0,89.0,1239.0,17,043,842605,3,170438426053
129.0,28.0,65.0,39.0,54.0,53.0,68.0,44.0,56.0,180.0,145.0,179.0,82.0,92.0,79.0,82.0,1375.0,17,043,842702,1,170438427021
42.0,32.0,48.0,64.0,86.0,47.0,48.0,67.0,37.0,162.0,140.0,129.0,100.0,66.0,121.0,235.0,1424.0,17,043,842702,2,170438427022
125.0,66.0,55.0,115.0,50.0,113.0,81.0,46.0,60.0,159.0,253.0,287.0,156.0,117.0,102.0,117.0,1902.0,17,043,842702,3,170438427023
62.0,44.0,46.0,56.0,47.0,36.0,33.0,67.0,62.0,94.0,178.0,296.0,120.0,164.0,131.0,70.0,1506.0,17,043,842703,1,170438427031
38.0,42.0,34.0,35.0,34.0,32.0,18.0,41.0,21.0,81.0,98.0,155.0,129.0,84.0,241.0,141.0,1224.0,17,043,842703,2,170438427032
70.0,49.0,56.0,39.0,86.0,46.0,67.0,61.0,60.0,91.0,188.0,198.0,135.0,86.0,158.0,100.0,1490.0,17,043,842703,3,170438427033
89.0,53.0,56.0,60.0,84.0,70.0,87.0,83.0,99.0,125.0,131.0,184.0,146.0,82.0,84.0,56.0,1489.0,17,043,842704,1,170438427041
32.0,25.0,43.0,43.0,41.0,33.0,20.0,37.0,25.0,126.0,111.0,127.0,155.0,60.0,77.0,69.0,1024.0,17,043,842704,2,170438427042
31.0,14.0,41.0,23.0,68.0,55.0,22.0,18.0,16.0,75.0,103.0,70.0,61.0,56.0,137.0,85.0,875.0,17,043,842704,3,170438427043
106.0,133.0,65.0,58.0,29.0,104.0,35.0,59.0,148.0,136.0,98.0,255.0,121.0,85.0,124.0,94.0,1650.0,17,043,842704,4,170438427044
48.0,35.0,42.0,80.0,67.0,50.0,42.0,32.0,36.0,48.0,176.0,218.0,183.0,108.0,113.0,253.0,1531.0,17,043,842706,1,170438427061
65.0,22.0,59.0,38.0,29.0,26.0,24.0,37.0,26.0,58.0,132.0,163.0,95.0,71.0,90.0,165.0,1100.0,17,043,842706,2,170438427062
91.0,43.0,40.0,126.0,91.0,50.0,142.0,81.0,53.0,142.0,232.0,199.0,162.0,134.0,277.0,156.0,2019.0,17,043,842706,3,170438427063
43.0,18.0,37.0,54.0,27.0,14.0,38.0,46.0,22.0,67.0,108.0,171.0,120.0,81.0,53.0,115.0,1014.0,17,043,842708,1,170438427081
82.0,29.0,35.0,20.0,39.0,61.0,89.0,28.0,39.0,88.0,110.0,142.0,167.0,114.0,169.0,218.0,1430.0,17,043,842708,2,170438427082
68.0,30.0,15.0,90.0,29.0,17.0,13.0,40.0,12.0,122.0,111.0,70.0,78.0,46.0,36.0,46.0,823.0,17,043,842709,1,170438427091
62.0,39.0,34.0,40.0,49.0,53.0,38.0,99.0,90.0,70.0,152.0,271.0,171.0,112.0,142.0,145.0,1567.0,17,043,842709,2,170438427092
46.0,48.0,21.0,21.0,25.0,27.0,18.0,40.0,39.0,110.0,125.0,223.0,152.0,74.0,91.0,69.0,1129.0,17,043,842709,3,170438427093
42.0,19.0,22.0,61.0,46.0,44.0,33.0,16.0,18.0,61.0,70.0,194.0,110.0,72.0,76.0,128.0,1012.0,17,043,842710,1,170438427101
43.0,70.0,44.0,96.0,51.0,25.0,23.0,56.0,51.0,85.0,92.0,89.0,96.0,61.0,85.0,89.0,1056.0,17,043,842710,2,170438427102
160.0,57.0,52.0,78.0,124.0,66.0,76.0,48.0,40.0,124.0,109.0,151.0,102.0,82.0,86.0,61.0,1416.0,17,043,842710,3,170438427103
61.0,44.0,39.0,50.0,33.0,42.0,33.0,30.0,28.0,103.0,178.0,246.0,134.0,122.0,175.0,175.0,1493.0,17,043,842711,1,170438427111
49.0,27.0,34.0,62.0,40.0,42.0,32.0,54.0,72.0,73.0,181.0,128.0,124.0,93.0,222.0,103.0,1336.0,17,043,842711,2,170438427112
99.0,24.0,18.0,26.0,27.0,24.0,22.0,24.0,47.0,89.0,53.0,165.0,97.0,133.0,62.0,76.0,986.0,17,043,842800,1,170438428001
45.0,41.0,36.0,35.0,39.0,46.0,11.0,40.0,45.0,45.0,70.0,109.0,74.0,69.0,68.0,122.0,895.0,17,043,842800,2,170438428002
71.0,40.0,73.0,77.0,68.0,79.0,73.0,39.0,31.0,74.0,164.0,210.0,119.0,122.0,91.0,157.0,1488.0,17,043,842800,3,170438428003
42.0,22.0,30.0,26.0,29.0,32.0,30.0,32.0,20.0,112.0,98.0,143.0,104.0,63.0,232.0,241.0,1256.0,17,043,842800,4,170438428004
102.0,36.0,52.0,43.0,73.0,101.0,100.0,71.0,44.0,84.0,145.0,229.0,206.0,77.0,192.0,213.0,1768.0,17,043,842900,1,170438429001
115.0,99.0,118.0,89.0,81.0,114.0,110.0,95.0,57.0,121.0,156.0,224.0,287.0,184.0,165.0,317.0,2332.0,17,043,842900,2,170438429002
65.0,29.0,66.0,42.0,26.0,20.0,12.0,37.0,14.0,41.0,87.0,56.0,58.0,40.0,38.0,80.0,711.0,17,043,842900,3,170438429003
49.0,88.0,33.0,37.0,24.0,32.0,55.0,29.0,52.0,122.0,81.0,172.0,150.0,67.0,231.0,228.0,1450.0,17,043,843000,1,170438430001
78.0,75.0,71.0,111.0,73.0,44.0,89.0,75.0,52.0,79.0,214.0,237.0,155.0,141.0,71.0,199.0,1764.0,17,043,843000,2,170438430002
72.0,22.0,30.0,50.0,24.0,33.0,35.0,60.0,32.0,68.0,110.0,163.0,224.0,57.0,121.0,59.0,1160.0,17,043,843000,3,170438430003
113.0,32.0,64.0,106.0,54.0,84.0,94.0,59.0,42.0,137.0,113.0,195.0,124.0,68.0,72.0,41.0,1398.0,17,043,843100,1,170438431001
37.0,61.0,41.0,25.0,27.0,33.0,71.0,84.0,41.0,80.0,127.0,162.0,145.0,33.0,55.0,65.0,1087.0,17,043,843100,2,170438431002
76.0,19.0,71.0,105.0,74.0,41.0,39.0,62.0,33.0,100.0,133.0,228.0,145.0,135.0,98.0,116.0,1475.0,17,043,843100,3,170438431003
47.0,57.0,34.0,26.0,28.0,63.0,43.0,91.0,67.0,41.0,127.0,224.0,75.0,51.0,75.0,78.0,1127.0,17,043,843200,1,170438432001
96.0,32.0,56.0,48.0,52.0,53.0,96.0,28.0,38.0,88.0,124.0,144.0,59.0,50.0,44.0,59.0,1067.0,17,043,843200,2,170438432002
91.0,85.0,50.0,150.0,110.0,97.0,45.0,47.0,49.0,77.0,157.0,174.0,178.0,55.0,86.0,89.0,1540.0,17,043,843200,3,170438432003
63.0,19.0,73.0,33.0,48.0,99.0,32.0,54.0,86.0,103.0,150.0,219.0,198.0,65.0,84.0,52.0,1378.0,17,043,843200,4,170438432004
44.0,19.0,111.0,57.0,37.0,58.0,58.0,57.0,41.0,84.0,92.0,333.0,112.0,100.0,45.0,68.0,1316.0,17,043,843301,1,170438433011
104.0,39.0,26.0,80.0,58.0,100.0,47.0,54.0,35.0,107.0,163.0,298.0,172.0,84.0,117.0,68.0,1552.0,17,043,843301,2,170438433012
86.0,44.0,42.0,58.0,44.0,40.0,57.0,96.0,83.0,173.0,123.0,256.0,128.0,62.0,127.0,57.0,1476.0,17,043,843301,3,170438433013
62.0,31.0,55.0,75.0,65.0,50.0,88.0,56.0,71.0,120.0,161.0,386.0,217.0,157.0,88.0,66.0,1748.0,17,043,843302,1,170438433021
51.0,42.0,38.0,51.0,31.0,40.0,63.0,67.0,58.0,107.0,152.0,225.0,157.0,182.0,179.0,97.0,1540.0,17,043,843302,2,170438433022
41.0,34.0,34.0,44.0,60.0,77.0,26.0,59.0,29.0,96.0,104.0,194.0,122.0,78.0,164.0,64.0,1226.0,17,043,843400,1,170438434001
58.0,24.0,31.0,52.0,36.0,56.0,35.0,20.0,126.0,70.0,158.0,156.0,127.0,69.0,84.0,86.0,1188.0,17,043,843400,2,170438434002
75.0,14.0,49.0,54.0,20.0,73.0,60.0,20.0,40.0,108.0,97.0,142.0,98.0,56.0,53.0,56.0,1015.0,17,043,843400,3,170438434003
86.0,86.0,115.0,55.0,56.0,137.0,81.0,131.0,98.0,194.0,149.0,232.0,166.0,139.0,76.0,74.0,1875.0,17,043,843500,1,170438435001
67.0,40.0,66.0,42.0,68.0,77.0,44.0,74.0,46.0,221.0,167.0,249.0,171.0,173.0,111.0,107.0,1723.0,17,043,843500,2,170438435002
91.0,85.0,52.0,40.0,96.0,67.0,130.0,88.0,43.0,115.0,223.0,286.0,169.0,110.0,186.0,158.0,1939.0,17,043,843500,3,170438435003
105.0,42.0,86.0,53.0,38.0,75.0,80.0,64.0,78.0,103.0,124.0,235.0,99.0,93.0,145.0,52.0,1472.0,17,043,843601,1,170438436011
42.0,25.0,15.0,31.0,24.0,46.0,27.0,21.0,89.0,36.0,42.0,100.0,85.0,79.0,77.0,23.0,762.0,17,043,843601,2,170438436012
123.0,35.0,36.0,29.0,63.0,54.0,57.0,62.0,55.0,105.0,125.0,329.0,89.0,145.0,92.0,95.0,1494.0,17,043,843601,3,170438436013
140.0,52.0,51.0,60.0,64.0,68.0,59.0,66.0,33.0,149.0,195.0,253.0,228.0,118.0,193.0,94.0,1823.0,17,043,843602,1,170438436021
60.0,44.0,62.0,32.0,43.0,70.0,49.0,45.0,80.0,113.0,104.0,242.0,177.0,103.0,80.0,105.0,1409.0,17,043,843602,2,170438436022
39.0,41.0,47.0,48.0,33.0,34.0,17.0,41.0,64.0,73.0,126.0,218.0,115.0,137.0,70.0,78.0,1181.0,17,043,843700,1,170438437001
114.0,36.0,42.0,53.0,59.0,76.0,34.0,68.0,47.0,91.0,235.0,349.0,216.0,82.0,150.0,90.0,1742.0,17,043,843700,2,170438437002
59.0,34.0,38.0,92.0,85.0,83.0,42.0,72.0,40.0,112.0,164.0,154.0,261.0,168.0,68.0,98.0,1570.0,17,043,843700,3,170438437003
89.0,38.0,52.0,84.0,54.0,60.0,65.0,73.0,112.0,145.0,219.0,253.0,168.0,184.0,96.0,96.0,1788.0,17,043,843800,1,170438438001
63.0,27.0,40.0,43.0,45.0,61.0,42.0,42.0,48.0,122.0,244.0,162.0,141.0,108.0,142.0,60.0,1390.0,17,043,843800,2,170438438002
36.0,21.0,46.0,63.0,46.0,97.0,69.0,36.0,59.0,66.0,118.0,137.0,113.0,73.0,157.0,102.0,1239.0,17,043,843900,1,170438439001
34.0,32.0,30.0,29.0,49.0,64.0,50.0,28.0,58.0,40.0,114.0,165.0,75.0,100.0,129.0,142.0,1139.0,17,043,843900,2,170438439002
55.0,26.0,54.0,44.0,49.0,78.0,38.0,90.0,77.0,83.0,138.0,221.0,328.0,115.0,141.0,206.0,1743.0,17,043,843900,3,170438439003
68.0,38.0,62.0,150.0,40.0,87.0,37.0,56.0,40.0,87.0,225.0,210.0,279.0,116.0,205.0,298.0,1998.0,17,043,844001,1,170438440011
64.0,76.0,83.0,44.0,69.0,98.0,42.0,64.0,33.0,113.0,140.0,156.0,220.0,186.0,189.0,201.0,1778.0,17,043,844001,2,170438440012
41.0,21.0,29.0,44.0,27.0,21.0,22.0,22.0,62.0,53.0,107.0,125.0,170.0,45.0,90.0,225.0,1104.0,17,043,844002,1,170438440021
67.0,35.0,84.0,61.0,68.0,75.0,49.0,70.0,29.0,152.0,139.0,236.0,159.0,88.0,182.0,281.0,1775.0,17,043,844002,2,170438440022
85.0,35.0,59.0,52.0,41.0,49.0,62.0,77.0,66.0,63.0,117.0,181.0,181.0,170.0,158.0,432.0,1828.0,17,043,844002,3,170438440023
57.0,46.0,40.0,68.0,36.0,34.0,55.0,93.0,32.0,150.0,99.0,218.0,156.0,123.0,164.0,179.0,1550.0,17,043,844100,1,170438441001
45.0,31.0,30.0,103.0,64.0,49.0,23.0,47.0,42.0,130.0,142.0,170.0,115.0,91.0,103.0,115.0,1300.0,17,043,844100,2,170438441002
89.0,13.0,47.0,20.0,16.0,60.0,37.0,19.0,40.0,52.0,108.0,148.0,66.0,114.0,83.0,81.0,993.0,17,043,844100,3,170438441003
30.0,15.0,17.0,12.0,69.0,8.0,34.0,17.0,11.0,25.0,148.0,123.0,35.0,109.0,28.0,36.0,717.0,17,043,844201,1,170438442011
115.0,32.0,54.0,77.0,81.0,49.0,89.0,98.0,65.0,166.0,153.0,180.0,115.0,53.0,84.0,63.0,1474.0,17,043,844201,2,170438442012
95.0,96.0,104.0,85.0,79.0,70.0,72.0,98.0,40.0,129.0,196.0,384.0,244.0,153.0,168.0,121.0,2134.0,17,043,844201,3,170438442013
45.0,34.0,51.0,35.0,57.0,32.0,61.0,60.0,31.0,113.0,193.0,279.0,142.0,64.0,78.0,69.0,1344.0,17,043,844201,4,170438442014
71.0,44.0,82.0,48.0,66.0,51.0,40.0,73.0,60.0,87.0,129.0,189.0,120.0,132.0,116.0,86.0,1394.0,17,043,844202,1,170438442021
72.0,33.0,46.0,42.0,65.0,62.0,52.0,42.0,34.0,83.0,84.0,128.0,183.0,116.0,180.0,114.0,1336.0,17,043,844202,2,170438442022
42.0,38.0,43.0,20.0,75.0,15.0,18.0,36.0,18.0,65.0,90.0,137.0,51.0,93.0,99.0,204.0,1044.0,17,043,844301,1,170438443011
62.0,48.0,28.0,93.0,71.0,80.0,52.0,84.0,95.0,310.0,138.0,204.0,165.0,53.0,69.0,42.0,1594.0,17,043,844301,2,170438443012
55.0,32.0,43.0,64.0,25.0,26.0,29.0,31.0,18.0,101.0,98.0,248.0,123.0,103.0,121.0,127.0,1244.0,17,043,844301,3,170438443013
98.0,82.0,53.0,116.0,87.0,156.0,108.0,108.0,75.0,99.0,189.0,206.0,132.0,104.0,128.0,157.0,1898.0,17,043,844301,4,170438443014
118.0,39.0,37.0,36.0,31.0,43.0,56.0,33.0,38.0,203.0,132.0,240.0,107.0,89.0,135.0,111.0,1448.0,17,043,844304,1,170438443041
68.0,25.0,72.0,61.0,66.0,25.0,20.0,63.0,45.0,51.0,161.0,182.0,90.0,114.0,161.0,67.0,1271.0,17,043,844304,2,170438443042
65.0,48.0,29.0,66.0,82.0,51.0,44.0,68.0,51.0,115.0,127.0,169.0,136.0,31.0,35.0,53.0,1170.0,17,043,844304,3,170438443043
57.0,49.0,77.0,30.0,115.0,115.0,46.0,103.0,44.0,129.0,56.0,106.0,76.0,92.0,55.0,108.0,1258.0,17,043,844305,1,170438443051
67.0,28.0,50.0,43.0,28.0,71.0,22.0,71.0,62.0,101.0,117.0,180.0,183.0,131.0,84.0,107.0,1345.0,17,043,844305,2,170438443052
58.0,67.0,41.0,45.0,56.0,42.0,48.0,19.0,33.0,93.0,117.0,162.0,73.0,113.0,56.0,39.0,1062.0,17,043,844305,3,170438443053
50.0,53.0,47.0,39.0,87.0,46.0,51.0,38.0,43.0,108.0,137.0,128.0,51.0,84.0,83.0,70.0,1115.0,17,043,844306,1,170438443061
110.0,90.0,81.0,88.0,66.0,87.0,87.0,179.0,42.0,120.0,287.0,223.0,141.0,62.0,153.0,58.0,1874.0,17,043,844306,2,170438443062
68.0,63.0,61.0,68.0,61.0,55.0,45.0,35.0,44.0,129.0,174.0,167.0,97.0,41.0,119.0,81.0,1308.0,17,043,844306,3,170438443063
76.0,40.0,68.0,61.0,32.0,120.0,35.0,24.0,29.0,116.0,124.0,147.0,103.0,73.0,105.0,70.0,1223.0,17,043,844307,1,170438443071
9.0,5.0,14.0,17.0,26.0,29.0,11.0,26.0,13.0,23.0,45.0,25.0,37.0,17.0,13.0,12.0,322.0,17,043,844307,2,170438443072
132.0,63.0,35.0,103.0,39.0,78.0,95.0,59.0,107.0,98.0,208.0,247.0,153.0,103.0,130.0,105.0,1755.0,17,043,844307,3,170438443073
41.0,26.0,51.0,84.0,33.0,51.0,70.0,61.0,42.0,74.0,140.0,181.0,162.0,173.0,270.0,241.0,1700.0,17,043,844401,1,170438444011
58.0,31.0,20.0,41.0,28.0,28.0,22.0,47.0,26.0,89.0,78.0,84.0,69.0,57.0,58.0,65.0,801.0,17,043,844401,2,170438444012
34.0,35.0,24.0,26.0,23.0,32.0,56.0,39.0,45.0,35.0,71.0,136.0,69.0,37.0,51.0,91.0,804.0,17,043,844401,3,170438444013
53.0,34.0,29.0,27.0,25.0,61.0,17.0,36.0,18.0,40.0,62.0,116.0,56.0,62.0,151.0,300.0,1087.0,17,043,844402,1,170438444021
101.0,67.0,41.0,41.0,17.0,24.0,15.0,22.0,17.0,48.0,63.0,90.0,83.0,55.0,58.0,92.0,834.0,17,043,844402,2,170438444022
74.0,33.0,71.0,44.0,36.0,34.0,91.0,39.0,32.0,97.0,298.0,144.0,146.0,97.0,62.0,72.0,1370.0,17,043,844402,3,170438444023
58.0,20.0,18.0,42.0,22.0,24.0,41.0,35.0,26.0,40.0,112.0,137.0,58.0,104.0,65.0,209.0,1011.0,17,043,844402,4,170438444024
33.0,21.0,40.0,49.0,40.0,49.0,22.0,40.0,24.0,119.0,104.0,153.0,86.0,65.0,67.0,62.0,974.0,17,043,844501,1,170438445011
72.0,66.0,82.0,52.0,58.0,39.0,94.0,50.0,104.0,101.0,202.0,257.0,162.0,131.0,115.0,141.0,1726.0,17,043,844501,2,170438445012
71.0,35.0,71.0,53.0,28.0,49.0,28.0,47.0,32.0,91.0,133.0,190.0,136.0,48.0,50.0,47.0,1109.0,17,043,844501,3,170438445013
69.0,34.0,49.0,68.0,39.0,42.0,40.0,32.0,31.0,83.0,100.0,128.0,213.0,129.0,111.0,176.0,1344.0,17,043,844502,1,170438445021
89.0,84.0,103.0,58.0,121.0,42.0,30.0,24.0,23.0,27.0,45.0,66.0,41.0,39.0,40.0,36.0,868.0,17,043,844502,2,170438445022
31.0,21.0,29.0,22.0,21.0,35.0,20.0,16.0,24.0,67.0,54.0,135.0,69.0,74.0,91.0,248.0,957.0,17,043,844502,3,170438445023
48.0,40.0,43.0,50.0,33.0,46.0,62.0,60.0,43.0,99.0,155.0,137.0,134.0,65.0,92.0,151.0,1258.0,17,043,844601,1,170438446011
90.0,81.0,55.0,68.0,35.0,61.0,52.0,112.0,58.0,133.0,151.0,179.0,126.0,116.0,195.0,344.0,1856.0,17,043,844601,2,170438446012
30.0,40.0,34.0,63.0,30.0,43.0,33.0,20.0,16.0,58.0,55.0,95.0,55.0,22.0,37.0,40.0,671.0,17,043,844601,3,170438446013
63.0,32.0,84.0,46.0,91.0,50.0,41.0,34.0,72.0,78.0,112.0,215.0,93.0,60.0,188.0,127.0,1386.0,17,043,844602,1,170438446021
40.0,53.0,35.0,39.0,25.0,23.0,33.0,44.0,41.0,69.0,115.0,213.0,108.0,83.0,204.0,217.0,1342.0,17,043,844602,2,170438446022
80.0,17.0,57.0,66.0,39.0,84.0,91.0,44.0,53.0,87.0,79.0,147.0,116.0,59.0,95.0,68.0,1182.0,17,043,844602,3,170438446023
31.0,63.0,24.0,17.0,47.0,46.0,13.0,38.0,16.0,81.0,129.0,146.0,101.0,39.0,68.0,30.0,889.0,17,043,844701,1,170438447011
73.0,38.0,29.0,45.0,48.0,24.0,21.0,28.0,48.0,49.0,205.0,109.0,62.0,74.0,66.0,55.0,974.0,17,043,844701,2,170438447012
46.0,37.0,68.0,75.0,59.0,30.0,71.0,40.0,23.0,68.0,83.0,131.0,78.0,78.0,66.0,31.0,984.0,17,043,844701,3,170438447013
44.0,44.0,58.0,40.0,31.0,48.0,22.0,112.0,74.0,54.0,144.0,173.0,139.0,58.0,51.0,81.0,1173.0,17,043,844701,4,170438447014
59.0,42.0,47.0,44.0,54.0,52.0,39.0,54.0,49.0,102.0,138.0,168.0,155.0,71.0,172.0,455.0,1701.0,17,043,844702,1,170438447021
60.0,33.0,30.0,27.0,41.0,31.0,35.0,58.0,39.0,70.0,53.0,87.0,157.0,106.0,69.0,185.0,1081.0,17,043,844702,2,170438447022
54.0,27.0,32.0,81.0,31.0,24.0,29.0,32.0,23.0,70.0,137.0,152.0,61.0,47.0,124.0,412.0,1336.0,17,043,844702,3,170438447023
69.0,89.0,49.0,62.0,43.0,33.0,45.0,35.0,32.0,128.0,121.0,126.0,124.0,44.0,67.0,123.0,1190.0,17,043,844702,4,170438447024
93.0,41.0,25.0,45.0,27.0,93.0,26.0,40.0,28.0,83.0,175.0,148.0,165.0,62.0,95.0,151.0,1297.0,17,043,844801,1,170438448011
130.0,61.0,59.0,40.0,52.0,46.0,68.0,55.0,59.0,89.0,191.0,274.0,178.0,122.0,167.0,332.0,1923.0,17,043,844801,2,170438448012
53.0,37.0,24.0,48.0,22.0,88.0,25.0,43.0,18.0,63.0,151.0,117.0,108.0,99.0,110.0,139.0,1145.0,17,043,844801,3,170438448013
59.0,40.0,53.0,58.0,36.0,32.0,105.0,48.0,47.0,119.0,188.0,198.0,141.0,47.0,80.0,401.0,1652.0,17,043,844802,1,170438448021
75.0,58.0,87.0,116.0,68.0,88.0,80.0,52.0,157.0,84.0,138.0,218.0,115.0,67.0,106.0,76.0,1585.0,17,043,844802,2,170438448022
63.0,106.0,69.0,74.0,39.0,38.0,88.0,66.0,66.0,148.0,166.0,172.0,144.0,70.0,140.0,112.0,1561.0,17,043,844901,1,170438449011
60.0,100.0,71.0,50.0,53.0,46.0,73.0,30.0,85.0,102.0,252.0,175.0,264.0,144.0,100.0,223.0,1828.0,17,043,844901,2,170438449012
115.0,69.0,56.0,29.0,38.0,60.0,24.0,34.0,30.0,74.0,80.0,91.0,94.0,64.0,153.0,125.0,1136.0,17,043,844902,1,170438449021
49.0,27.0,30.0,33.0,31.0,45.0,40.0,50.0,49.0,57.0,150.0,234.0,140.0,73.0,134.0,218.0,1360.0,17,043,844902,2,170438449022
201.0,36.0,83.0,61.0,55.0,75.0,51.0,89.0,44.0,94.0,139.0,197.0,124.0,80.0,156.0,282.0,1767.0,17,043,844902,3,170438449023
106.0,28.0,28.0,63.0,36.0,80.0,150.0,28.0,26.0,103.0,193.0,156.0,66.0,63.0,42.0,61.0,1229.0,17,043,845000,1,170438450001
34.0,26.0,40.0,32.0,44.0,36.0,21.0,27.0,81.0,58.0,154.0,108.0,102.0,83.0,88.0,173.0,1107.0,17,043,845000,2,170438450002
51.0,80.0,74.0,40.0,91.0,72.0,35.0,49.0,47.0,53.0,206.0,155.0,123.0,37.0,54.0,72.0,1239.0,17,043,845000,3,170438450003
85.0,17.0,42.0,152.0,88.0,54.0,33.0,43.0,37.0,103.0,97.0,236.0,137.0,152.0,46.0,88.0,1410.0,17,043,845000,4,170438450004
78.0,151.0,54.0,53.0,133.0,46.0,34.0,47.0,34.0,120.0,159.0,205.0,100.0,122.0,104.0,298.0,1738.0,17,043,845100,1,170438451001
90.0,40.0,48.0,76.0,98.0,46.0,47.0,59.0,32.0,202.0,158.0,181.0,223.0,180.0,171.0,421.0,2072.0,17,043,845100,2,170438451002
39.0,48.0,48.0,51.0,18.0,18.0,20.0,18.0,13.0,36.0,99.0,191.0,43.0,103.0,148.0,188.0,1081.0,17,043,845100,3,170438451003
75.0,60.0,133.0,44.0,67.0,69.0,45.0,32.0,42.0,72.0,115.0,171.0,249.0,67.0,294.0,257.0,1792.0,17,043,845100,4,170438451004
59.0,25.0,38.0,47.0,34.0,33.0,68.0,37.0,62.0,91.0,99.0,104.0,107.0,102.0,140.0,321.0,1367.0,17,043,845200,1,170438452001
71.0,43.0,54.0,47.0,51.0,30.0,47.0,65.0,45.0,104.0,93.0,157.0,138.0,112.0,56.0,433.0,1546.0,17,043,845200,2,170438452002
71.0,56.0,50.0,63.0,30.0,67.0,38.0,58.0,40.0,117.0,177.0,255.0,168.0,123.0,133.0,585.0,2031.0,17,043,845200,3,170438452003
59.0,36.0,71.0,47.0,37.0,34.0,31.0,77.0,37.0,95.0,160.0,238.0,118.0,89.0,122.0,502.0,1753.0,17,043,845300,1,170438453001
80.0,60.0,55.0,54.0,92.0,48.0,32.0,42.0,34.0,61.0,110.0,142.0,70.0,59.0,87.0,379.0,1405.0,17,043,845300,2,170438453002
78.0,82.0,38.0,47.0,25.0,45.0,50.0,47.0,74.0,104.0,103.0,242.0,102.0,79.0,145.0,357.0,1618.0,17,043,845401,1,170438454011
58.0,17.0,33.0,26.0,22.0,44.0,16.0,50.0,16.0,25.0,92.0,88.0,40.0,33.0,78.0,96.0,734.0,17,043,845401,2,170438454012
84.0,117.0,43.0,24.0,33.0,62.0,27.0,16.0,36.0,51.0,75.0,109.0,65.0,84.0,108.0,232.0,1166.0,17,043,845401,3,170438454013
44.0,24.0,24.0,24.0,71.0,44.0,16.0,29.0,16.0,72.0,84.0,150.0,113.0,92.0,112.0,173.0,1088.0,17,043,845402,1,170438454021
130.0,44.0,127.0,75.0,67.0,48.0,56.0,90.0,36.0,61.0,148.0,259.0,224.0,134.0,211.0,194.0,1904.0,17,043,845402,2,170438454022
32.0,54.0,38.0,43.0,24.0,47.0,23.0,29.0,27.0,121.0,117.0,131.0,129.0,127.0,141.0,128.0,1211.0,17,043,845502,1,170438455021
64.0,98.0,57.0,75.0,94.0,79.0,143.0,115.0,125.0,217.0,371.0,267.0,145.0,120.0,64.0,99.0,2133.0,17,043,845502,2,170438455022
74.0,107.0,59.0,108.0,122.0,102.0,142.0,110.0,124.0,151.0,202.0,225.0,189.0,67.0,105.0,106.0,1993.0,17,043,845502,3,170438455023
50.0,18.0,40.0,23.0,27.0,59.0,25.0,20.0,31.0,83.0,195.0,58.0,76.0,56.0,130.0,133.0,1024.0,17,043,845505,1,170438455051
107.0,33.0,72.0,42.0,93.0,33.0,84.0,123.0,27.0,91.0,157.0,162.0,91.0,76.0,146.0,88.0,1425.0,17,043,845505,2,170438455052
56.0,51.0,68.0,66.0,44.0,69.0,61.0,45.0,77.0,91.0,170.0,257.0,201.0,153.0,80.0,120.0,1609.0,17,043,845505,3,170438455053
213.0,124.0,174.0,132.0,154.0,158.0,192.0,85.0,63.0,250.0,354.0,254.0,204.0,104.0,202.0,175.0,2838.0,17,043,845506,1,170438455061
71.0,60.0,59.0,58.0,64.0,55.0,96.0,54.0,33.0,100.0,141.0,233.0,113.0,47.0,104.0,90.0,1378.0,17,043,845506,2,170438455062
73.0,49.0,65.0,43.0,49.0,108.0,95.0,56.0,44.0,67.0,116.0,257.0,168.0,130.0,123.0,157.0,1600.0,17,043,845507,1,170438455071
60.0,45.0,53.0,47.0,61.0,44.0,117.0,98.0,47.0,133.0,143.0,205.0,326.0,200.0,101.0,148.0,1828.0,17,043,845507,2,170438455072
107.0,62.0,93.0,80.0,67.0,40.0,46.0,80.0,55.0,109.0,160.0,211.0,158.0,106.0,81.0,110.0,1565.0,17,043,845508,1,170438455081
106.0,73.0,77.0,65.0,138.0,81.0,50.0,123.0,56.0,145.0,226.0,247.0,202.0,141.0,137.0,174.0,2041.0,17,043,845508,2,170438455082
60.0,32.0,45.0,39.0,59.0,64.0,34.0,35.0,30.0,105.0,217.0,202.0,204.0,140.0,187.0,215.0,1668.0,17,043,845509,1,170438455091
69.0,41.0,41.0,61.0,141.0,133.0,47.0,35.0,64.0,116.0,144.0,194.0,100.0,159.0,105.0,122.0,1572.0,17,043,845509,2,170438455092
63.0,70.0,42.0,69.0,21.0,44.0,64.0,62.0,44.0,57.0,91.0,98.0,114.0,137.0,76.0,100.0,1152.0,17,043,845510,1,170438455101
95.0,52.0,77.0,112.0,81.0,119.0,93.0,109.0,90.0,146.0,298.0,316.0,174.0,80.0,86.0,123.0,2051.0,17,043,845510,2,170438455102
89.0,79.0,61.0,142.0,100.0,236.0,139.0,97.0,39.0,186.0,168.0,199.0,157.0,146.0,90.0,130.0,2058.0,17,043,845601,1,170438456011
37.0,38.0,47.0,37.0,34.0,48.0,28.0,42.0,53.0,96.0,107.0,197.0,129.0,96.0,103.0,114.0,1206.0,17,043,845601,2,170438456012
70.0,19.0,37.0,46.0,25.0,21.0,22.0,31.0,24.0,66.0,93.0,149.0,122.0,69.0,136.0,105.0,1035.0,17,043,845601,3,170438456013
72.0,57.0,48.0,71.0,70.0,41.0,30.0,37.0,64.0,63.0,163.0,234.0,178.0,81.0,104.0,66.0,1379.0,17,043,845602,1,170438456021
130.0,54.0,101.0,43.0,58.0,64.0,31.0,47.0,32.0,109.0,138.0,188.0,130.0,135.0,102.0,144.0,1506.0,17,043,845602,2,170438456022
123.0,74.0,62.0,189.0,68.0,83.0,75.0,88.0,50.0,67.0,132.0,223.0,206.0,110.0,206.0,219.0,1975.0,17,043,845602,3,170438456023
81.0,41.0,55.0,48.0,61.0,61.0,59.0,76.0,65.0,109.0,210.0,257.0,187.0,147.0,114.0,126.0,1697.0,17,043,845701,1,170438457011
55.0,17.0,36.0,34.0,39.0,52.0,23.0,38.0,34.0,63.0,88.0,161.0,82.0,55.0,121.0,105.0,1003.0,17,043,845701,2,170438457012
52.0,28.0,28.0,29.0,21.0,42.0,24.0,29.0,37.0,80.0,118.0,113.0,156.0,107.0,105.0,112.0,1081.0,17,043,845701,3,170438457013
55.0,23.0,46.0,25.0,32.0,35.0,27.0,32.0,37.0,68.0,106.0,124.0,144.0,54.0,133.0,186.0,1127.0,17,043,845702,1,170438457021
49.0,23.0,44.0,76.0,73.0,60.0,54.0,39.0,47.0,105.0,130.0,152.0,217.0,146.0,135.0,165.0,1515.0,17,043,845702,2,170438457022
49.0,45.0,39.0,29.0,45.0,36.0,29.0,18.0,44.0,105.0,112.0,158.0,137.0,108.0,63.0,151.0,1168.0,17,043,845702,3,170438457023
25.0,17.0,15.0,44.0,30.0,23.0,23.0,26.0,21.0,41.0,67.0,90.0,167.0,58.0,61.0,86.0,794.0,17,043,845702,4,170438457024
34.0,21.0,27.0,48.0,33.0,30.0,20.0,33.0,59.0,44.0,77.0,124.0,123.0,69.0,120.0,70.0,932.0,17,043,845703,1,170438457031
43.0,31.0,33.0,23.0,42.0,34.0,46.0,38.0,48.0,67.0,98.0,204.0,128.0,81.0,152.0,90.0,1158.0,17,043,845703,2,170438457032
47.0,18.0,20.0,26.0,27.0,36.0,29.0,18.0,42.0,59.0,107.0,107.0,212.0,46.0,167.0,101.0,1062.0,17,043,845703,3,170438457033
127.0,86.0,68.0,81.0,85.0,113.0,80.0,74.0,49.0,105.0,131.0,141.0,85.0,103.0,76.0,69.0,1473.0,17,043,845703,4,170438457034
108.0,68.0,33.0,74.0,43.0,53.0,69.0,50.0,27.0,96.0,92.0,261.0,183.0,66.0,47.0,43.0,1313.0,17,043,845704,1,170438457041
54.0,41.0,61.0,43.0,33.0,44.0,34.0,127.0,50.0,79.0,150.0,188.0,169.0,171.0,88.0,68.0,1400.0,17,043,845704,2,170438457042
97.0,36.0,48.0,95.0,52.0,44.0,100.0,36.0,44.0,125.0,201.0,282.0,201.0,262.0,119.0,174.0,1916.0,17,043,845704,3,170438457043
128.0,34.0,61.0,32.0,48.0,86.0,64.0,41.0,60.0,144.0,133.0,227.0,273.0,141.0,145.0,111.0,1728.0,17,043,845802,1,170438458021
77.0,21.0,17.0,34.0,21.0,37.0,47.0,48.0,48.0,44.0,67.0,129.0,73.0,99.0,62.0,74.0,898.0,17,043,845802,2,170438458022
63.0,31.0,55.0,51.0,25.0,31.0,45.0,35.0,47.0,105.0,102.0,186.0,87.0,50.0,71.0,75.0,1059.0,17,043,845802,3,170438458023
166.0,52.0,48.0,91.0,90.0,100.0,54.0,97.0,45.0,126.0,213.0,393.0,190.0,190.0,261.0,253.0,2369.0,17,043,845803,1,170438458031
125.0,74.0,72.0,79.0,149.0,112.0,201.0,74.0,79.0,231.0,167.0,559.0,160.0,84.0,85.0,84.0,2335.0,17,043,845803,2,170438458032
32.0,24.0,123.0,37.0,26.0,75.0,199.0,28.0,25.0,115.0,98.0,95.0,79.0,125.0,33.0,51.0,1165.0,17,043,845803,3,170438458033
70.0,42.0,34.0,45.0,45.0,25.0,33.0,22.0,34.0,65.0,101.0,254.0,152.0,84.0,114.0,73.0,1193.0,17,043,845805,1,170438458051
25.0,13.0,27.0,35.0,27.0,14.0,19.0,65.0,13.0,104.0,37.0,133.0,92.0,31.0,92.0,68.0,795.0,17,043,845805,2,170438458052
58.0,59.0,75.0,63.0,101.0,103.0,72.0,51.0,72.0,185.0,144.0,244.0,152.0,72.0,82.0,93.0,1626.0,17,043,845805,3,170438458053
120.0,145.0,23.0,25.0,49.0,33.0,39.0,102.0,31.0,82.0,66.0,161.0,173.0,51.0,89.0,96.0,1285.0,17,043,845807,1,170438458071
65.0,40.0,61.0,39.0,51.0,56.0,64.0,47.0,51.0,125.0,92.0,279.0,150.0,129.0,93.0,263.0,1605.0,17,043,845807,2,170438458072
76.0,13.0,55.0,29.0,26.0,35.0,42.0,20.0,19.0,79.0,141.0,157.0,93.0,42.0,119.0,89.0,1035.0,17,043,845807,3,170438458073
62.0,31.0,64.0,61.0,62.0,89.0,40.0,103.0,34.0,107.0,232.0,158.0,141.0,68.0,90.0,49.0,1391.0,17,043,845807,4,170438458074
46.0,35.0,65.0,25.0,40.0,21.0,22.0,22.0,51.0,58.0,89.0,59.0,81.0,147.0,90.0,112.0,963.0,17,043,845807,5,170438458075
57.0,29.0,58.0,49.0,29.0,48.0,36.0,38.0,33.0,80.0,131.0,186.0,189.0,151.0,124.0,225.0,1463.0,17,043,845808,1,170438458081
113.0,37.0,62.0,62.0,45.0,69.0,87.0,95.0,75.0,129.0,205.0,268.0,312.0,227.0,223.0,316.0,2325.0,17,043,845808,2,170438458082
48.0,36.0,25.0,63.0,23.0,45.0,30.0,33.0,50.0,92.0,94.0,146.0,119.0,61.0,63.0,55.0,983.0,17,043,845809,1,170438458091
35.0,38.0,23.0,38.0,50.0,25.0,62.0,16.0,24.0,69.0,112.0,108.0,127.0,86.0,53.0,43.0,909.0,17,043,845809,2,170438458092
70.0,41.0,37.0,66.0,46.0,62.0,70.0,109.0,144.0,170.0,195.0,350.0,107.0,148.0,292.0,188.0,2095.0,17,043,845809,3,170438458093
58.0,73.0,51.0,70.0,71.0,47.0,42.0,41.0,29.0,117.0,97.0,233.0,172.0,97.0,115.0,124.0,1437.0,17,043,845810,1,170438458101
94.0,36.0,65.0,82.0,93.0,38.0,60.0,39.0,41.0,64.0,180.0,191.0,104.0,58.0,110.0,89.0,1344.0,17,043,845810,2,170438458102
59.0,42.0,47.0,76.0,66.0,58.0,46.0,125.0,79.0,149.0,120.0,202.0,93.0,71.0,80.0,58.0,1371.0,17,043,845810,3,170438458103
130.0,79.0,45.0,78.0,131.0,72.0,84.0,58.0,60.0,105.0,179.0,284.0,123.0,81.0,190.0,102.0,1801.0,17,043,845811,1,170438458111
133.0,89.0,71.0,91.0,106.0,169.0,78.0,111.0,151.0,164.0,153.0,275.0,188.0,68.0,121.0,98.0,2066.0,17,043,845811,2,170438458112
81.0,39.0,39.0,39.0,30.0,27.0,37.0,55.0,26.0,72.0,133.0,89.0,136.0,70.0,90.0,214.0,1177.0,17,043,845901,1,170438459011
88.0,39.0,49.0,67.0,48.0,54.0,95.0,65.0,85.0,95.0,161.0,165.0,145.0,139.0,210.0,496.0,2001.0,17,043,845901,2,170438459012
105.0,25.0,54.0,58.0,51.0,52.0,36.0,71.0,78.0,112.0,163.0,124.0,93.0,116.0,80.0,182.0,1400.0,17,043,845902,1,170438459021
69.0,50.0,77.0,90.0,68.0,69.0,61.0,89.0,74.0,121.0,170.0,335.0,226.0,115.0,151.0,269.0,2034.0,17,043,845902,2,170438459022
56.0,37.0,75.0,91.0,121.0,52.0,52.0,43.0,31.0,79.0,132.0,216.0,235.0,86.0,122.0,100.0,1528.0,17,043,846002,1,170438460021
107.0,92.0,75.0,63.0,59.0,38.0,57.0,55.0,56.0,86.0,130.0,116.0,101.0,88.0,77.0,66.0,1266.0,17,043,846002,2,170438460022
58.0,41.0,132.0,80.0,44.0,44.0,36.0,48.0,76.0,222.0,158.0,270.0,183.0,100.0,78.0,133.0,1703.0,17,043,846002,3,170438460023
42.0,25.0,46.0,41.0,42.0,23.0,70.0,66.0,24.0,80.0,75.0,126.0,117.0,55.0,108.0,92.0,1032.0,17,043,846003,1,170438460031
51.0,37.0,40.0,70.0,26.0,28.0,20.0,32.0,47.0,137.0,87.0,149.0,223.0,123.0,90.0,211.0,1371.0,17,043,846003,2,170438460032
53.0,17.0,36.0,29.0,185.0,45.0,40.0,42.0,50.0,80.0,105.0,150.0,64.0,93.0,100.0,90.0,1179.0,17,043,846003,3,170438460033
33.0,27.0,33.0,50.0,27.0,20.0,62.0,25.0,14.0,90.0,110.0,91.0,48.0,44.0,43.0,49.0,766.0,17,043,846003,4,170438460034
27.0,11.0,34.0,20.0,26.0,14.0,33.0,31.0,60.0,82.0,147.0,98.0,77.0,64.0,86.0,66.0,876.0,17,043,846004,1,170438460041
104.0,131.0,81.0,81.0,89.0,48.0,73.0,100.0,68.0,104.0,91.0,115.0,89.0,84.0,45.0,47.0,1350.0,17,043,846004,2,170438460042
71.0,24.0,45.0,29.0,32.0,33.0,23.0,20.0,42.0,68.0,98.0,146.0,104.0,79.0,120.0,182.0,1116.0,17,043,846004,3,170438460043
54.0,24.0,16.0,15.0,33.0,30.0,42.0,41.0,30.0,67.0,48.0,37.0,30.0,20.0,33.0,78.0,598.0,17,043,846102,1,170438461021
136.0,56.0,109.0,67.0,71.0,77.0,73.0,110.0,75.0,102.0,127.0,171.0,139.0,140.0,133.0,203.0,1789.0,17,043,846102,2,170438461022
59.0,88.0,41.0,84.0,129.0,65.0,118.0,159.0,96.0,164.0,226.0,208.0,167.0,60.0,113.0,69.0,1846.0,17,043,846102,3,170438461023
58.0,53.0,37.0,39.0,58.0,37.0,50.0,37.0,97.0,80.0,118.0,210.0,158.0,161.0,179.0,113.0,1485.0,17,043,846103,1,170438461031
56.0,32.0,11.0,22.0,40.0,20.0,43.0,12.0,70.0,52.0,50.0,113.0,101.0,47.0,121.0,62.0,852.0,17,043,846103,2,170438461032
50.0,24.0,25.0,34.0,63.0,88.0,30.0,95.0,49.0,42.0,96.0,114.0,91.0,114.0,58.0,95.0,1068.0,17,043,846103,3,170438461033
129.0,87.0,32.0,69.0,59.0,32.0,69.0,27.0,51.0,103.0,79.0,134.0,105.0,86.0,78.0,157.0,1297.0,17,043,846103,4,170438461034
54.0,30.0,52.0,47.0,33.0,38.0,70.0,33.0,43.0,83.0,127.0,232.0,185.0,120.0,135.0,291.0,1573.0,17,043,846104,1,170438461041
148.0,79.0,160.0,99.0,166.0,130.0,66.0,115.0,74.0,186.0,207.0,410.0,339.0,252.0,257.0,268.0,2956.0,17,043,846104,2,170438461042
39.0,23.0,63.0,55.0,23.0,44.0,45.0,40.0,47.0,59.0,97.0,153.0,224.0,172.0,94.0,109.0,1287.0,17,043,846105,1,170438461051
56.0,31.0,35.0,45.0,47.0,34.0,19.0,24.0,43.0,87.0,141.0,123.0,88.0,129.0,107.0,103.0,1112.0,17,043,846105,2,170438461052
21.0,20.0,26.0,28.0,18.0,23.0,22.0,20.0,28.0,88.0,80.0,59.0,87.0,62.0,161.0,167.0,910.0,17,043,846105,3,170438461053
87.0,59.0,43.0,129.0,53.0,84.0,50.0,153.0,53.0,126.0,216.0,399.0,291.0,177.0,252.0,312.0,2484.0,17,043,846106,1,170438461061
52.0,58.0,59.0,32.0,27.0,48.0,57.0,39.0,73.0,116.0,82.0,208.0,112.0,147.0,115.0,226.0,1451.0,17,043,846106,2,170438461062
65.0,47.0,79.0,49.0,58.0,46.0,64.0,106.0,52.0,70.0,154.0,216.0,183.0,135.0,260.0,157.0,1741.0,17,043,846201,1,170438462011
56.0,35.0,49.0,94.0,31.0,42.0,29.0,37.0,31.0,99.0,140.0,161.0,265.0,98.0,161.0,167.0,1495.0,17,043,846201,2,170438462012
74.0,37.0,51.0,59.0,92.0,48.0,91.0,53.0,41.0,90.0,81.0,138.0,107.0,39.0,122.0,124.0,1247.0,17,043,846201,3,170438462013
80.0,34.0,69.0,56.0,32.0,57.0,70.0,72.0,47.0,101.0,116.0,177.0,159.0,145.0,134.0,96.0,1445.0,17,043,846201,4,170438462014
113.0,78.0,55.0,58.0,39.0,41.0,180.0,86.0,70.0,225.0,153.0,326.0,160.0,131.0,104.0,104.0,1923.0,17,043,846202,1,170438462021
58.0,46.0,43.0,49.0,42.0,65.0,34.0,44.0,25.0,104.0,155.0,200.0,216.0,117.0,124.0,262.0,1584.0,17,043,846202,2,170438462022
14.0,16.0,23.0,19.0,37.0,12.0,11.0,47.0,76.0,39.0,49.0,45.0,54.0,20.0,78.0,37.0,577.0,17,043,846202,3,170438462023
65.0,24.0,31.0,33.0,18.0,28.0,33.0,55.0,65.0,55.0,65.0,140.0,157.0,232.0,89.0,138.0,1228.0,17,043,846202,4,170438462024
88.0,21.0,57.0,59.0,60.0,41.0,54.0,40.0,58.0,86.0,93.0,207.0,193.0,155.0,277.0,173.0,1662.0,17,043,846203,1,170438462031
53.0,34.0,66.0,32.0,57.0,40.0,54.0,45.0,36.0,74.0,120.0,248.0,181.0,126.0,181.0,176.0,1523.0,17,043,846203,2,170438462032
75.0,29.0,30.0,27.0,27.0,14.0,27.0,49.0,34.0,53.0,102.0,151.0,119.0,45.0,76.0,50.0,908.0,17,043,846203,3,170438462033
47.0,23.0,26.0,30.0,46.0,46.0,19.0,41.0,17.0,49.0,91.0,85.0,146.0,74.0,141.0,176.0,1057.0,17,043,846205,1,170438462051
69.0,54.0,27.0,40.0,31.0,46.0,61.0,52.0,34.0,159.0,133.0,153.0,150.0,130.0,230.0,102.0,1471.0,17,043,846205,2,170438462052
58.0,23.0,28.0,49.0,39.0,51.0,35.0,50.0,21.0,63.0,64.0,154.0,125.0,76.0,142.0,316.0,1294.0,17,043,846205,3,170438462053
59.0,45.0,54.0,41.0,44.0,51.0,45.0,14.0,50.0,49.0,87.0,136.0,94.0,107.0,97.0,57.0,1030.0,17,043,846206,1,170438462061
93.0,79.0,38.0,89.0,72.0,45.0,128.0,53.0,47.0,96.0,210.0,262.0,150.0,199.0,294.0,135.0,1990.0,17,043,846206,2,170438462062
41.0,23.0,39.0,36.0,51.0,41.0,21.0,23.0,33.0,68.0,106.0,133.0,123.0,171.0,193.0,197.0,1299.0,17,043,846206,3,170438462063
76.0,32.0,68.0,59.0,62.0,73.0,118.0,34.0,82.0,135.0,186.0,204.0,133.0,186.0,115.0,110.0,1673.0,17,043,846207,1,170438462071
47.0,27.0,29.0,84.0,34.0,35.0,62.0,24.0,38.0,63.0,99.0,189.0,121.0,143.0,65.0,116.0,1176.0,17,043,846207,2,170438462072
50.0,35.0,38.0,48.0,45.0,56.0,54.0,28.0,54.0,85.0,91.0,293.0,154.0,106.0,174.0,209.0,1520.0,17,043,846207,3,170438462073
47.0,33.0,33.0,41.0,23.0,34.0,35.0,17.0,48.0,67.0,75.0,186.0,121.0,101.0,191.0,331.0,1383.0,17,043,846207,4,170438462074
49.0,65.0,36.0,37.0,40.0,84.0,52.0,27.0,35.0,96.0,98.0,256.0,167.0,164.0,133.0,187.0,1526.0,17,043,846208,1,170438462081
92.0,28.0,32.0,42.0,64.0,37.0,44.0,35.0,27.0,96.0,150.0,185.0,181.0,103.0,174.0,313.0,1603.0,17,043,846208,2,170438462082
80.0,35.0,35.0,54.0,42.0,50.0,61.0,95.0,74.0,123.0,122.0,289.0,193.0,100.0,178.0,268.0,1799.0,17,043,846209,1,170438462091
115.0,45.0,44.0,45.0,32.0,106.0,48.0,85.0,45.0,57.0,87.0,182.0,259.0,77.0,76.0,245.0,1548.0,17,043,846209,2,170438462092
81.0,42.0,23.0,37.0,76.0,54.0,26.0,26.0,21.0,109.0,72.0,72.0,79.0,55.0,85.0,161.0,1019.0,17,043,846304,1,170438463041
67.0,48.0,73.0,37.0,99.0,42.0,77.0,68.0,38.0,199.0,138.0,276.0,194.0,107.0,105.0,216.0,1784.0,17,043,846304,2,170438463042
33.0,17.0,24.0,17.0,22.0,44.0,21.0,44.0,25.0,62.0,108.0,173.0,155.0,86.0,93.0,210.0,1134.0,17,043,846304,3,170438463043
50.0,22.0,21.0,39.0,37.0,18.0,16.0,26.0,18.0,36.0,93.0,155.0,59.0,71.0,135.0,230.0,1026.0,17,043,846304,4,170438463044
39.0,25.0,23.0,29.0,54.0,27.0,28.0,50.0,26.0,89.0,120.0,106.0,199.0,104.0,154.0,144.0,1217.0,17,043,846304,5,170438463045
48.0,30.0,38.0,92.0,51.0,44.0,55.0,58.0,53.0,163.0,133.0,184.0,195.0,93.0,139.0,86.0,1462.0,17,043,846305,1,170438463051
70.0,64.0,109.0,36.0,106.0,75.0,90.0,36.0,56.0,172.0,202.0,244.0,192.0,141.0,106.0,50.0,1749.0,17,043,846305,2,170438463052
79.0,84.0,42.0,43.0,70.0,57.0,93.0,98.0,34.0,83.0,127.0,173.0,110.0,96.0,69.0,55.0,1313.0,17,043,846305,3,170438463053
31.0,17.0,20.0,111.0,25.0,26.0,97.0,42.0,24.0,68.0,96.0,87.0,162.0,49.0,48.0,35.0,938.0,17,043,846305,4,170438463054
89.0,38.0,55.0,51.0,31.0,63.0,48.0,65.0,46.0,151.0,110.0,174.0,120.0,62.0,80.0,84.0,1267.0,17,043,846307,1,170438463071
93.0,41.0,75.0,67.0,99.0,55.0,82.0,69.0,58.0,139.0,168.0,335.0,141.0,191.0,79.0,196.0,1888.0,17,043,846307,2,170438463072
68.0,55.0,72.0,45.0,75.0,82.0,40.0,62.0,114.0,84.0,209.0,135.0,114.0,49.0,60.0,44.0,1308.0,17,043,846307,3,170438463073
103.0,47.0,66.0,51.0,81.0,125.0,120.0,198.0,49.0,166.0,319.0,502.0,227.0,114.0,167.0,164.0,2499.0,17,043,846308,1,170438463081
41.0,13.0,20.0,27.0,53.0,33.0,29.0,24.0,69.0,127.0,135.0,126.0,62.0,103.0,68.0,56.0,986.0,17,043,846308,2,170438463082
200.0,100.0,120.0,93.0,119.0,193.0,143.0,104.0,184.0,269.0,252.0,464.0,162.0,119.0,118.0,110.0,2750.0,17,043,846310,1,170438463101
64.0,34.0,66.0,39.0,40.0,141.0,41.0,61.0,50.0,115.0,212.0,237.0,222.0,353.0,71.0,82.0,1828.0,17,043,846310,2,170438463102
46.0,19.0,56.0,80.0,27.0,58.0,40.0,27.0,25.0,103.0,129.0,83.0,94.0,121.0,63.0,124.0,1095.0,17,043,846311,1,170438463111
70.0,48.0,32.0,39.0,63.0,38.0,31.0,90.0,100.0,164.0,162.0,196.0,186.0,126.0,106.0,104.0,1555.0,17,043,846311,2,170438463112
67.0,33.0,85.0,90.0,61.0,85.0,56.0,37.0,82.0,163.0,151.0,201.0,124.0,195.0,79.0,111.0,1620.0,17,043,846311,3,170438463113
58.0,31.0,24.0,23.0,30.0,21.0,24.0,25.0,51.0,38.0,111.0,119.0,157.0,141.0,117.0,132.0,1102.0,17,043,846311,4,170438463114
129.0,61.0,54.0,60.0,108.0,146.0,73.0,83.0,39.0,159.0,222.0,221.0,118.0,83.0,59.0,80.0,1695.0,17,043,846312,1,170438463121
85.0,45.0,46.0,55.0,54.0,34.0,105.0,75.0,33.0,152.0,93.0,225.0,153.0,41.0,76.0,59.0,1331.0,17,043,846312,2,170438463122
67.0,64.0,39.0,58.0,66.0,29.0,59.0,80.0,40.0,76.0,110.0,202.0,105.0,82.0,97.0,88.0,1262.0,17,043,846312,3,170438463123
116.0,61.0,74.0,94.0,121.0,50.0,135.0,109.0,90.0,218.0,164.0,414.0,219.0,160.0,176.0,378.0,2579.0,17,043,846313,1,170438463131
35.0,12.0,16.0,46.0,20.0,21.0,17.0,17.0,26.0,36.0,94.0,113.0,60.0,55.0,196.0,103.0,867.0,17,043,846313,2,170438463132
66.0,25.0,26.0,50.0,24.0,54.0,18.0,24.0,96.0,43.0,77.0,209.0,135.0,90.0,82.0,87.0,1106.0,17,043,846313,3,170438463133
98.0,126.0,66.0,67.0,81.0,116.0,49.0,55.0,73.0,130.0,172.0,299.0,342.0,185.0,193.0,167.0,2219.0,17,043,846314,1,170438463141
59.0,22.0,29.0,33.0,23.0,36.0,62.0,79.0,40.0,81.0,168.0,136.0,131.0,151.0,84.0,139.0,1273.0,17,043,846314,2,170438463142
56.0,26.0,38.0,22.0,24.0,42.0,60.0,66.0,33.0,74.0,96.0,204.0,188.0,146.0,89.0,123.0,1287.0,17,043,846315,1,170438463151
33.0,29.0,24.0,29.0,31.0,54.0,79.0,23.0,20.0,81.0,53.0,140.0,138.0,70.0,144.0,76.0,1024.0,17,043,846315,2,170438463152
70.0,32.0,41.0,81.0,48.0,53.0,67.0,76.0,80.0,171.0,212.0,363.0,273.0,184.0,198.0,136.0,2085.0,17,043,846315,3,170438463153
93.0,95.0,145.0,54.0,57.0,65.0,29.0,95.0,54.0,58.0,146.0,232.0,121.0,56.0,82.0,103.0,1485.0,17,043,846404,1,170438464041
125.0,75.0,106.0,124.0,35.0,54.0,56.0,102.0,47.0,148.0,99.0,235.0,97.0,82.0,99.0,91.0,1575.0,17,043,846404,2,170438464042
32.0,40.0,59.0,45.0,96.0,56.0,54.0,28.0,29.0,63.0,104.0,149.0,97.0,58.0,99.0,148.0,1157.0,17,043,846404,3,170438464043
62.0,33.0,57.0,123.0,41.0,106.0,83.0,83.0,60.0,106.0,171.0,173.0,132.0,64.0,72.0,64.0,1430.0,17,043,846404,4,170438464044
72.0,43.0,65.0,52.0,48.0,79.0,67.0,40.0,47.0,112.0,215.0,220.0,233.0,112.0,214.0,355.0,1974.0,17,043,846405,1,170438464051
93.0,64.0,80.0,141.0,68.0,63.0,65.0,52.0,76.0,186.0,142.0,183.0,165.0,112.0,144.0,240.0,1874.0,17,043,846405,2,170438464052
85.0,45.0,54.0,61.0,69.0,47.0,48.0,65.0,38.0,122.0,188.0,318.0,325.0,191.0,230.0,251.0,2137.0,17,043,846408,1,170438464081
85.0,37.0,39.0,49.0,46.0,59.0,78.0,47.0,28.0,86.0,124.0,299.0,301.0,169.0,211.0,386.0,2044.0,17,043,846408,2,170438464082
66.0,39.0,73.0,71.0,64.0,72.0,58.0,84.0,166.0,177.0,179.0,211.0,231.0,128.0,149.0,173.0,1941.0,17,043,846409,1,170438464091
92.0,71.0,73.0,71.0,76.0,99.0,120.0,64.0,62.0,113.0,166.0,189.0,286.0,192.0,223.0,683.0,2580.0,17,043,846409,2,170438464092
101.0,88.0,62.0,72.0,68.0,199.0,57.0,83.0,173.0,175.0,294.0,517.0,233.0,225.0,167.0,205.0,2719.0,17,043,846410,1,170438464101
114.0,87.0,82.0,123.0,69.0,98.0,123.0,113.0,111.0,148.0,423.0,366.0,163.0,110.0,96.0,138.0,2364.0,17,043,846410,2,170438464102
130.0,87.0,77.0,78.0,149.0,122.0,106.0,120.0,106.0,182.0,313.0,359.0,330.0,163.0,204.0,141.0,2667.0,17,043,846411,1,170438464111
60.0,20.0,20.0,27.0,58.0,42.0,23.0,68.0,25.0,70.0,106.0,113.0,122.0,60.0,79.0,41.0,934.0,17,043,846411,2,170438464112
83.0,37.0,47.0,41.0,35.0,36.0,38.0,61.0,38.0,136.0,170.0,302.0,195.0,129.0,143.0,167.0,1658.0,17,043,846412,1,170438464121
72.0,17.0,52.0,36.0,38.0,43.0,20.0,54.0,34.0,48.0,106.0,123.0,147.0,65.0,89.0,64.0,1008.0,17,043,846412,2,170438464122
140.0,30.0,31.0,41.0,53.0,49.0,60.0,91.0,105.0,122.0,179.0,299.0,141.0,101.0,176.0,82.0,1700.0,17,043,846412,3,170438464123
74.0,45.0,66.0,102.0,119.0,54.0,75.0,62.0,99.0,211.0,133.0,238.0,180.0,78.0,128.0,75.0,1739.0,17,043,846413,1,170438464131
104.0,28.0,63.0,43.0,52.0,53.0,56.0,41.0,60.0,135.0,141.0,325.0,145.0,165.0,182.0,224.0,1817.0,17,043,846413,2,170438464132
113.0,22.0,30.0,53.0,45.0,15.0,44.0,63.0,26.0,89.0,96.0,128.0,136.0,48.0,55.0,129.0,1092.0,17,043,846504,1,170438465041
77.0,76.0,99.0,42.0,64.0,31.0,48.0,89.0,53.0,104.0,75.0,173.0,130.0,92.0,113.0,162.0,1428.0,17,043,846504,2,170438465042
43.0,35.0,24.0,30.0,127.0,83.0,95.0,44.0,34.0,52.0,145.0,103.0,126.0,111.0,148.0,195.0,1395.0,17,043,846504,3,170438465043
83.0,57.0,134.0,58.0,63.0,194.0,166.0,116.0,132.0,112.0,154.0,205.0,182.0,79.0,118.0,126.0,1979.0,17,043,846504,4,170438465044
133.0,48.0,69.0,97.0,78.0,156.0,159.0,97.0,83.0,151.0,260.0,475.0,284.0,141.0,193.0,211.0,2635.0,17,043,846507,1,170438465071
45.0,92.0,75.0,45.0,20.0,55.0,44.0,77.0,94.0,50.0,74.0,120.0,121.0,40.0,30.0,26.0,1008.0,17,043,846509,1,170438465091
66.0,46.0,58.0,38.0,116.0,75.0,124.0,50.0,61.0,81.0,146.0,210.0,115.0,43.0,42.0,42.0,1313.0,17,043,846509,2,170438465092
92.0,56.0,77.0,105.0,54.0,54.0,107.0,64.0,63.0,152.0,137.0,295.0,454.0,227.0,207.0,116.0,2260.0,17,043,846509,3,170438465093
133.0,29.0,64.0,56.0,66.0,94.0,44.0,88.0,36.0,47.0,257.0,179.0,176.0,71.0,76.0,79.0,1495.0,17,043,846510,1,170438465101
36.0,32.0,34.0,51.0,32.0,65.0,29.0,108.0,105.0,115.0,177.0,193.0,139.0,77.0,65.0,41.0,1299.0,17,043,846510,2,170438465102
79.0,73.0,45.0,136.0,35.0,37.0,107.0,96.0,74.0,172.0,206.0,287.0,145.0,90.0,58.0,79.0,1719.0,17,043,846511,1,170438465111
66.0,39.0,109.0,37.0,46.0,81.0,138.0,85.0,24.0,122.0,171.0,133.0,264.0,62.0,109.0,101.0,1587.0,17,043,846511,2,170438465112
100.0,38.0,72.0,56.0,105.0,53.0,103.0,68.0,89.0,168.0,271.0,233.0,376.0,66.0,182.0,205.0,2185.0,17,043,846511,3,170438465113
52.0,30.0,35.0,74.0,63.0,29.0,67.0,42.0,198.0,159.0,153.0,187.0,129.0,72.0,318.0,51.0,1659.0,17,043,846511,4,170438465114
59.0,40.0,44.0,53.0,54.0,27.0,60.0,48.0,23.0,59.0,101.0,230.0,134.0,87.0,147.0,270.0,1436.0,17,043,846513,1,170438465131
47.0,42.0,35.0,25.0,30.0,31.0,33.0,32.0,25.0,70.0,85.0,116.0,206.0,59.0,219.0,289.0,1344.0,17,043,846513,2,170438465132
60.0,42.0,42.0,43.0,45.0,51.0,50.0,32.0,38.0,185.0,153.0,356.0,201.0,247.0,254.0,126.0,1925.0,17,043,846514,1,170438465141
100.0,65.0,55.0,80.0,75.0,84.0,72.0,55.0,52.0,154.0,161.0,275.0,380.0,228.0,291.0,288.0,2415.0,17,043,846514,2,170438465142
148.0,66.0,59.0,43.0,36.0,76.0,32.0,110.0,194.0,205.0,159.0,186.0,95.0,69.0,90.0,56.0,1624.0,17,043,846515,1,170438465151
49.0,11.0,39.0,25.0,19.0,16.0,19.0,32.0,26.0,51.0,141.0,126.0,120.0,70.0,47.0,22.0,813.0,17,043,846515,2,170438465152
57.0,43.0,46.0,42.0,92.0,105.0,22.0,94.0,20.0,148.0,200.0,130.0,144.0,41.0,68.0,58.0,1310.0,17,043,846515,3,170438465153
78.0,37.0,40.0,53.0,38.0,44.0,33.0,27.0,35.0,133.0,143.0,277.0,277.0,194.0,157.0,117.0,1683.0,17,043,846515,4,170438465154
53.0,31.0,31.0,26.0,20.0,31.0,24.0,23.0,16.0,78.0,72.0,222.0,117.0,159.0,150.0,167.0,1220.0,17,043,846517,1,170438465171
88.0,43.0,85.0,96.0,64.0,93.0,49.0,75.0,171.0,282.0,344.0,335.0,119.0,128.0,180.0,108.0,2260.0,17,043,846517,2,170438465172
106.0,45.0,61.0,101.0,65.0,89.0,84.0,58.0,71.0,152.0,270.0,383.0,338.0,318.0,242.0,266.0,2649.0,17,043,846517,3,170438465173
20.0,19.0,10.0,23.0,14.0,25.0,18.0,15.0,17.0,48.0,47.0,88.0,108.0,104.0,91.0,155.0,802.0,17,043,846518,1,170438465181
64.0,27.0,32.0,34.0,43.0,31.0,47.0,23.0,32.0,91.0,139.0,209.0,139.0,150.0,177.0,146.0,1384.0,17,043,846518,2,170438465182
56.0,50.0,36.0,45.0,39.0,45.0,55.0,30.0,47.0,72.0,165.0,244.0,182.0,68.0,188.0,221.0,1543.0,17,043,846518,3,170438465183
53.0,22.0,38.0,96.0,22.0,93.0,33.0,49.0,17.0,64.0,61.0,123.0,196.0,114.0,187.0,72.0,1240.0,17,043,846519,1,170438465191
102.0,38.0,124.0,112.0,79.0,46.0,54.0,57.0,59.0,134.0,150.0,344.0,238.0,120.0,152.0,132.0,1941.0,17,043,846519,2,170438465192
29.0,23.0,29.0,32.0,23.0,31.0,22.0,23.0,18.0,40.0,74.0,144.0,110.0,129.0,138.0,153.0,1018.0,17,043,846521,1,170438465211
45.0,15.0,36.0,22.0,19.0,32.0,27.0,80.0,16.0,68.0,113.0,72.0,104.0,63.0,55.0,111.0,878.0,17,043,846521,2,170438465212
67.0,25.0,34.0,34.0,35.0,19.0,76.0,20.0,24.0,44.0,145.0,101.0,141.0,151.0,150.0,242.0,1308.0,17,043,846521,3,170438465213
65.0,49.0,91.0,66.0,91.0,108.0,87.0,49.0,111.0,146.0,193.0,348.0,187.0,160.0,125.0,178.0,2054.0,17,043,846521,4,170438465214
103.0,68.0,87.0,52.0,73.0,71.0,55.0,72.0,57.0,149.0,240.0,246.0,216.0,127.0,155.0,203.0,1974.0,17,043,846522,1,170438465221
48.0,42.0,65.0,51.0,54.0,41.0,63.0,36.0,25.0,134.0,150.0,171.0,215.0,132.0,137.0,100.0,1464.0,17,043,846522,2,170438465222
60.0,24.0,58.0,31.0,43.0,46.0,84.0,35.0,71.0,76.0,106.0,145.0,200.0,116.0,149.0,166.0,1410.0,17,043,846523,1,170438465231
53.0,51.0,53.0,36.0,42.0,51.0,83.0,34.0,36.0,83.0,113.0,200.0,167.0,130.0,150.0,124.0,1406.0,17,043,846523,2,170438465232
66.0,47.0,119.0,54.0,31.0,51.0,105.0,71.0,49.0,94.0,108.0,208.0,111.0,78.0,104.0,182.0,1478.0,17,043,846524,1,170438465241
38.0,19.0,24.0,23.0,23.0,59.0,29.0,40.0,19.0,50.0,100.0,108.0,152.0,87.0,81.0,192.0,1044.0,17,043,846524,2,170438465242
88.0,73.0,64.0,57.0,66.0,76.0,124.0,56.0,33.0,92.0,137.0,340.0,316.0,164.0,225.0,314.0,2225.0,17,043,846524,3,170438465243
153.0,33.0,107.0,33.0,79.0,26.0,99.0,35.0,22.0,145.0,125.0,183.0,80.0,77.0,105.0,73.0,1375.0,17,043,846603,1,170438466031
48.0,40.0,90.0,22.0,74.0,97.0,100.0,104.0,104.0,104.0,113.0,263.0,85.0,69.0,65.0,63.0,1441.0,17,043,846603,2,170438466032
64.0,71.0,124.0,135.0,199.0,174.0,121.0,126.0,205.0,105.0,108.0,148.0,103.0,51.0,65.0,60.0,1859.0,17,043,846603,3,170438466033
98.0,41.0,40.0,139.0,57.0,151.0,58.0,58.0,57.0,122.0,210.0,168.0,154.0,61.0,110.0,105.0,1629.0,17,043,846604,1,170438466041
30.0,40.0,60.0,35.0,55.0,61.0,25.0,38.0,27.0,66.0,101.0,141.0,123.0,57.0,38.0,36.0,933.0,17,043,846604,2,170438466042
120.0,17.0,36.0,41.0,46.0,50.0,43.0,57.0,26.0,66.0,137.0,130.0,97.0,61.0,54.0,42.0,1023.0,17,043,846604,3,170438466043
206.0,70.0,110.0,240.0,108.0,81.0,104.0,100.0,94.0,143.0,314.0,353.0,166.0,145.0,218.0,107.0,2559.0,17,043,846701,1,170438467011
29.0,18.0,35.0,34.0,14.0,33.0,43.0,45.0,22.0,70.0,70.0,63.0,46.0,31.0,31.0,35.0,619.0,17,043,846701,2,170438467012
83.0,70.0,36.0,58.0,25.0,102.0,47.0,65.0,32.0,70.0,180.0,258.0,109.0,51.0,39.0,99.0,1324.0,17,043,846701,3,170438467013
49.0,39.0,67.0,37.0,43.0,40.0,121.0,68.0,68.0,64.0,119.0,227.0,196.0,82.0,50.0,186.0,1456.0,17,043,846702,1,170438467021
66.0,32.0,44.0,30.0,97.0,44.0,104.0,59.0,47.0,179.0,148.0,170.0,116.0,49.0,72.0,79.0,1336.0,17,043,846702,2,170438467022
121.0,32.0,49.0,173.0,49.0,38.0,133.0,58.0,38.0,114.0,97.0,196.0,94.0,94.0,139.0,83.0,1508.0,17,043,846702,3,170438467023
137.0,57.0,205.0,204.0,83.0,62.0,178.0,121.0,216.0,303.0,154.0,217.0,444.0,90.0,104.0,109.0,2684.0,17,089,850101,1,170898501011
172.0,178.0,98.0,116.0,217.0,118.0,162.0,259.0,114.0,276.0,413.0,728.0,418.0,368.0,277.0,381.0,4295.0,17,089,850101,2,170898501012
154.0,142.0,105.0,125.0,90.0,87.0,148.0,197.0,231.0,217.0,380.0,636.0,686.0,410.0,484.0,344.0,4436.0,17,089,850103,1,170898501031
70.0,36.0,42.0,57.0,55.0,64.0,95.0,66.0,34.0,123.0,224.0,293.0,206.0,98.0,90.0,149.0,1702.0,17,089,850103,2,170898501032
210.0,91.0,75.0,70.0,98.0,99.0,71.0,71.0,85.0,156.0,272.0,250.0,317.0,189.0,321.0,350.0,2725.0,17,089,850105,1,170898501051
188.0,129.0,176.0,128.0,112.0,100.0,120.0,140.0,273.0,230.0,453.0,716.0,569.0,381.0,467.0,480.0,4662.0,17,089,850105,2,170898501052
48.0,32.0,133.0,48.0,29.0,50.0,274.0,71.0,31.0,123.0,143.0,231.0,136.0,124.0,66.0,70.0,1609.0,17,089,850106,1,170898501061
43.0,45.0,154.0,90.0,39.0,25.0,119.0,21.0,101.0,60.0,130.0,269.0,131.0,35.0,50.0,46.0,1358.0,17,089,850106,2,170898501062
108.0,58.0,91.0,109.0,64.0,92.0,102.0,61.0,87.0,198.0,186.0,299.0,310.0,228.0,372.0,428.0,2793.0,17,089,850106,3,170898501063
192.0,37.0,54.0,49.0,65.0,60.0,83.0,117.0,110.0,126.0,250.0,275.0,235.0,204.0,184.0,239.0,2280.0,17,089,850106,4,170898501064
210.0,132.0,118.0,94.0,102.0,212.0,79.0,135.0,189.0,241.0,360.0,251.0,330.0,154.0,208.0,117.0,2932.0,17,089,850201,1,170898502011
49.0,102.0,33.0,35.0,70.0,35.0,69.0,82.0,64.0,121.0,223.0,248.0,77.0,98.0,75.0,61.0,1442.0,17,089,850201,2,170898502012
36.0,17.0,37.0,33.0,103.0,22.0,57.0,106.0,28.0,86.0,104.0,131.0,107.0,46.0,32.0,25.0,970.0,17,089,850202,1,170898502021
157.0,73.0,175.0,299.0,97.0,119.0,93.0,129.0,141.0,285.0,276.0,349.0,163.0,162.0,101.0,110.0,2729.0,17,089,850202,2,170898502022
169.0,185.0,121.0,247.0,149.0,161.0,142.0,107.0,106.0,242.0,327.0,375.0,166.0,110.0,127.0,156.0,2890.0,17,089,850202,3,170898502023
580.0,158.0,40.0,47.0,128.0,38.0,36.0,29.0,58.0,60.0,87.0,130.0,93.0,69.0,52.0,58.0,1663.0,17,089,850301,1,170898503011
73.0,118.0,71.0,97.0,59.0,156.0,95.0,38.0,213.0,402.0,135.0,208.0,134.0,71.0,108.0,84.0,2062.0,17,089,850301,2,170898503012
29.0,18.0,19.0,42.0,40.0,55.0,39.0,41.0,57.0,85.0,88.0,210.0,116.0,49.0,51.0,42.0,981.0,17,089,850301,3,170898503013
103.0,54.0,42.0,115.0,160.0,132.0,270.0,128.0,153.0,167.0,281.0,476.0,164.0,88.0,75.0,93.0,2501.0,17,089,850301,4,170898503014
111.0,61.0,153.0,312.0,207.0,215.0,86.0,159.0,74.0,245.0,162.0,314.0,170.0,123.0,104.0,82.0,2578.0,17,089,850302,1,170898503021
90.0,61.0,82.0,82.0,114.0,70.0,59.0,103.0,85.0,173.0,273.0,335.0,231.0,96.0,187.0,103.0,2144.0,17,089,850302,2,170898503022
43.0,39.0,45.0,23.0,42.0,85.0,28.0,42.0,32.0,70.0,181.0,130.0,124.0,76.0,59.0,59.0,1078.0,17,089,850400,1,170898504001
44.0,40.0,74.0,126.0,85.0,60.0,53.0,39.0,32.0,141.0,84.0,83.0,141.0,70.0,48.0,53.0,1173.0,17,089,850400,2,170898504002
44.0,24.0,46.0,34.0,27.0,64.0,36.0,31.0,32.0,88.0,72.0,162.0,79.0,60.0,47.0,68.0,914.0,17,089,850500,1,170898505001
33.0,51.0,83.0,20.0,32.0,57.0,23.0,55.0,33.0,85.0,69.0,144.0,96.0,68.0,57.0,46.0,952.0,17,089,850500,2,170898505002
33.0,24.0,14.0,14.0,30.0,17.0,22.0,32.0,34.0,65.0,66.0,129.0,63.0,59.0,64.0,112.0,778.0,17,089,850500,3,170898505003
47.0,64.0,24.0,30.0,46.0,65.0,25.0,71.0,40.0,112.0,159.0,115.0,88.0,69.0,54.0,41.0,1050.0,17,089,850500,4,170898505004
122.0,86.0,142.0,94.0,99.0,181.0,130.0,129.0,79.0,217.0,353.0,371.0,339.0,192.0,177.0,222.0,2933.0,17,089,850600,1,170898506001
163.0,45.0,64.0,80.0,61.0,89.0,74.0,76.0,142.0,146.0,182.0,405.0,360.0,250.0,289.0,289.0,2715.0,17,089,850600,2,170898506002
68.0,37.0,71.0,44.0,45.0,41.0,45.0,121.0,85.0,132.0,189.0,409.0,267.0,82.0,60.0,101.0,1797.0,17,089,850600,3,170898506003
92.0,54.0,50.0,49.0,101.0,46.0,55.0,40.0,45.0,96.0,220.0,492.0,269.0,182.0,394.0,233.0,2418.0,17,089,850701,1,170898507011
457.0,255.0,250.0,373.0,261.0,314.0,285.0,341.0,249.0,557.0,1586.0,1979.0,1649.0,1145.0,601.0,668.0,10970.0,17,089,850701,2,170898507012
164.0,130.0,96.0,128.0,95.0,88.0,159.0,95.0,120.0,263.0,272.0,585.0,618.0,422.0,596.0,419.0,4250.0,17,089,850701,3,170898507013
44.0,23.0,42.0,93.0,59.0,44.0,69.0,90.0,100.0,117.0,120.0,275.0,131.0,80.0,216.0,112.0,1615.0,17,089,850701,4,170898507014
288.0,177.0,357.0,303.0,380.0,470.0,355.0,372.0,231.0,713.0,973.0,1020.0,777.0,498.0,473.0,385.0,7772.0,17,089,850702,1,170898507021
95.0,55.0,78.0,145.0,137.0,99.0,240.0,46.0,87.0,178.0,213.0,362.0,326.0,150.0,364.0,114.0,2689.0,17,089,850702,2,170898507022
81.0,30.0,86.0,48.0,29.0,47.0,122.0,27.0,61.0,64.0,293.0,235.0,141.0,59.0,53.0,86.0,1462.0,17,089,850702,3,170898507023
117.0,175.0,52.0,67.0,143.0,69.0,91.0,58.0,39.0,165.0,223.0,238.0,408.0,182.0,268.0,154.0,2449.0,17,089,850702,4,170898507024
78.0,57.0,51.0,56.0,74.0,69.0,94.0,60.0,58.0,138.0,147.0,221.0,159.0,117.0,177.0,157.0,1713.0,17,089,850703,1,170898507031
19.0,19.0,29.0,25.0,44.0,18.0,10.0,40.0,18.0,39.0,63.0,87.0,67.0,34.0,39.0,32.0,583.0,17,089,850703,2,170898507032
19.0,11.0,52.0,33.0,65.0,11.0,13.0,27.0,12.0,89.0,58.0,37.0,37.0,19.0,36.0,41.0,560.0,17,089,850800,1,170898508001
59.0,119.0,28.0,80.0,105.0,45.0,96.0,29.0,50.0,130.0,76.0,235.0,165.0,110.0,216.0,114.0,1657.0,17,089,850800,2,170898508002
36.0,77.0,18.0,26.0,49.0,134.0,29.0,61.0,18.0,55.0,121.0,155.0,140.0,36.0,52.0,42.0,1049.0,17,089,850800,3,170898508003
29.0,50.0,26.0,27.0,61.0,23.0,113.0,22.0,60.0,54.0,225.0,71.0,108.0,43.0,38.0,30.0,980.0,17,089,850800,4,170898508004
106.0,25.0,37.0,73.0,92.0,108.0,72.0,142.0,191.0,95.0,91.0,227.0,127.0,123.0,49.0,65.0,1623.0,17,089,850800,5,170898508005
22.0,37.0,21.0,15.0,27.0,22.0,100.0,41.0,39.0,56.0,67.0,79.0,60.0,135.0,29.0,57.0,807.0,17,089,850800,6,170898508006
122.0,65.0,83.0,83.0,157.0,68.0,157.0,176.0,110.0,167.0,263.0,315.0,193.0,152.0,197.0,108.0,2416.0,17,089,851000,1,170898510001
219.0,71.0,48.0,324.0,57.0,174.0,79.0,49.0,119.0,259.0,264.0,423.0,143.0,115.0,98.0,136.0,2578.0,17,089,851000,2,170898510002
67.0,80.0,115.0,41.0,45.0,88.0,38.0,88.0,44.0,70.0,123.0,95.0,105.0,47.0,103.0,49.0,1198.0,17,089,851000,3,170898510003
38.0,4.0,8.0,12.0,3.0,2.0,6.0,5.0,3.0,10.0,40.0,48.0,23.0,7.0,13.0,9.0,231.0,17,089,851101,1,170898511011
36.0,25.0,12.0,59.0,43.0,88.0,78.0,36.0,52.0,59.0,72.0,173.0,63.0,34.0,35.0,43.0,908.0,17,089,851101,2,170898511012
78.0,47.0,58.0,70.0,134.0,80.0,60.0,32.0,128.0,83.0,120.0,259.0,98.0,39.0,64.0,63.0,1413.0,17,089,851101,3,170898511013
18.0,11.0,16.0,24.0,8.0,43.0,16.0,13.0,32.0,45.0,71.0,74.0,59.0,34.0,25.0,18.0,507.0,17,089,851101,4,170898511014
66.0,14.0,21.0,102.0,31.0,48.0,59.0,26.0,38.0,36.0,107.0,141.0,179.0,39.0,33.0,28.0,968.0,17,089,851101,5,170898511015
85.0,46.0,57.0,54.0,124.0,19.0,18.0,63.0,41.0,45.0,60.0,67.0,82.0,92.0,27.0,37.0,917.0,17,089,851102,1,170898511021
190.0,18.0,35.0,91.0,65.0,126.0,42.0,22.0,32.0,77.0,79.0,173.0,113.0,104.0,49.0,78.0,1294.0,17,089,851102,2,170898511022
59.0,36.0,44.0,38.0,54.0,53.0,34.0,48.0,65.0,100.0,210.0,249.0,121.0,102.0,80.0,77.0,1370.0,17,089,851102,3,170898511023
59.0,46.0,53.0,47.0,84.0,14.0,15.0,18.0,65.0,102.0,76.0,85.0,66.0,41.0,27.0,30.0,828.0,17,089,851301,1,170898513011
248.0,99.0,150.0,110.0,92.0,110.0,177.0,122.0,107.0,167.0,264.0,260.0,208.0,151.0,143.0,111.0,2519.0,17,089,851301,2,170898513012
59.0,38.0,40.0,61.0,49.0,54.0,37.0,65.0,39.0,43.0,89.0,89.0,91.0,63.0,34.0,37.0,888.0,17,089,851301,3,170898513013
37.0,36.0,52.0,87.0,19.0,49.0,67.0,74.0,71.0,95.0,63.0,127.0,130.0,52.0,42.0,47.0,1048.0,17,089,851302,1,170898513021
37.0,21.0,21.0,28.0,30.0,34.0,39.0,30.0,55.0,70.0,58.0,59.0,31.0,22.0,23.0,31.0,589.0,17,089,851302,2,170898513022
47.0,54.0,13.0,56.0,51.0,22.0,79.0,90.0,65.0,71.0,93.0,94.0,63.0,34.0,27.0,43.0,902.0,17,089,851302,3,170898513023
61.0,8.0,16.0,84.0,71.0,13.0,13.0,50.0,19.0,22.0,91.0,59.0,34.0,15.0,28.0,26.0,610.0,17,089,851302,4,170898513024
74.0,38.0,45.0,29.0,23.0,119.0,103.0,126.0,24.0,78.0,221.0,138.0,67.0,47.0,56.0,61.0,1249.0,17,089,851400,1,170898514001
73.0,67.0,31.0,56.0,100.0,64.0,38.0,72.0,111.0,69.0,213.0,182.0,143.0,86.0,67.0,76.0,1448.0,17,089,851400,2,170898514002
55.0,39.0,78.0,91.0,40.0,70.0,27.0,115.0,94.0,179.0,115.0,126.0,99.0,66.0,38.0,57.0,1289.0,17,089,851400,3,170898514003
28.0,58.0,46.0,18.0,11.0,66.0,14.0,28.0,56.0,76.0,62.0,60.0,31.0,21.0,19.0,25.0,619.0,17,089,851400,4,170898514004
53.0,38.0,20.0,17.0,49.0,41.0,43.0,39.0,86.0,37.0,85.0,80.0,93.0,26.0,33.0,26.0,766.0,17,089,851400,5,170898514005
133.0,54.0,61.0,56.0,79.0,30.0,82.0,72.0,42.0,81.0,131.0,215.0,55.0,78.0,74.0,91.0,1334.0,17,089,851400,6,170898514006
66.0,51.0,46.0,123.0,56.0,50.0,92.0,29.0,18.0,102.0,105.0,140.0,72.0,40.0,42.0,46.0,1078.0,17,089,851500,1,170898515001
277.0,197.0,115.0,96.0,151.0,86.0,45.0,55.0,40.0,120.0,169.0,202.0,200.0,59.0,77.0,81.0,1970.0,17,089,851600,1,170898516001
52.0,20.0,59.0,22.0,94.0,21.0,16.0,18.0,84.0,45.0,69.0,156.0,78.0,51.0,31.0,37.0,853.0,17,089,851600,2,170898516002
256.0,24.0,113.0,114.0,33.0,122.0,28.0,57.0,32.0,61.0,105.0,183.0,89.0,41.0,47.0,82.0,1387.0,17,089,851600,3,170898516003
52.0,53.0,15.0,15.0,24.0,46.0,101.0,22.0,15.0,143.0,85.0,141.0,109.0,73.0,33.0,54.0,981.0,17,089,851600,4,170898516004
41.0,23.0,67.0,21.0,49.0,49.0,71.0,98.0,19.0,69.0,69.0,303.0,118.0,47.0,47.0,41.0,1132.0,17,089,851600,5,170898516005
104.0,144.0,94.0,68.0,74.0,73.0,103.0,110.0,78.0,241.0,374.0,364.0,461.0,270.0,232.0,117.0,2907.0,17,089,851801,1,170898518011
61.0,25.0,49.0,64.0,38.0,49.0,24.0,91.0,48.0,98.0,213.0,181.0,163.0,55.0,97.0,72.0,1328.0,17,089,851801,2,170898518012
63.0,48.0,31.0,25.0,45.0,29.0,54.0,46.0,20.0,30.0,169.0,267.0,117.0,101.0,71.0,42.0,1158.0,17,089,851801,3,170898518013
159.0,61.0,63.0,118.0,140.0,84.0,48.0,76.0,78.0,139.0,268.0,270.0,340.0,156.0,157.0,126.0,2283.0,17,089,851801,4,170898518014
184.0,37.0,107.0,121.0,289.0,165.0,77.0,72.0,94.0,118.0,120.0,113.0,142.0,65.0,70.0,82.0,1856.0,17,089,851904,1,170898519041
62.0,79.0,70.0,154.0,294.0,51.0,38.0,145.0,131.0,107.0,150.0,154.0,174.0,89.0,64.0,88.0,1850.0,17,089,851904,2,170898519042
73.0,56.0,42.0,78.0,38.0,120.0,75.0,50.0,87.0,133.0,135.0,147.0,233.0,110.0,130.0,114.0,1621.0,17,089,851904,3,170898519043
93.0,85.0,41.0,45.0,54.0,65.0,119.0,45.0,39.0,109.0,195.0,243.0,278.0,254.0,252.0,174.0,2091.0,17,089,851904,4,170898519044
579.0,185.0,218.0,194.0,285.0,269.0,316.0,240.0,332.0,569.0,999.0,1428.0,911.0,934.0,886.0,722.0,9067.0,17,089,851905,1,170898519051
127.0,288.0,77.0,75.0,191.0,72.0,145.0,92.0,129.0,199.0,313.0,415.0,345.0,407.0,237.0,227.0,3339.0,17,089,851905,2,170898519052
15.0,35.0,8.0,16.0,14.0,26.0,13.0,31.0,25.0,29.0,67.0,107.0,45.0,38.0,35.0,20.0,524.0,17,089,851907,1,170898519071
115.0,169.0,97.0,67.0,118.0,84.0,94.0,93.0,211.0,247.0,434.0,461.0,277.0,216.0,213.0,111.0,3007.0,17,089,851907,2,170898519072
160.0,100.0,96.0,105.0,90.0,165.0,86.0,172.0,143.0,289.0,557.0,371.0,489.0,248.0,298.0,256.0,3625.0,17,089,851907,3,170898519073
54.0,40.0,57.0,116.0,93.0,39.0,57.0,33.0,45.0,88.0,153.0,128.0,207.0,62.0,39.0,44.0,1255.0,17,089,851908,1,170898519081
127.0,118.0,148.0,103.0,71.0,99.0,52.0,77.0,51.0,177.0,225.0,321.0,222.0,154.0,69.0,79.0,2093.0,17,089,851908,2,170898519082
62.0,54.0,58.0,31.0,43.0,62.0,52.0,41.0,48.0,150.0,322.0,210.0,204.0,109.0,85.0,64.0,1595.0,17,089,851908,3,170898519083
14.0,24.0,29.0,35.0,20.0,34.0,88.0,20.0,49.0,60.0,106.0,75.0,58.0,94.0,70.0,39.0,815.0,17,089,851909,1,170898519091
30.0,32.0,59.0,18.0,69.0,21.0,28.0,26.0,17.0,146.0,92.0,126.0,114.0,59.0,40.0,22.0,899.0,17,089,851909,2,170898519092
93.0,102.0,68.0,91.0,93.0,125.0,83.0,142.0,100.0,257.0,314.0,423.0,236.0,268.0,142.0,130.0,2667.0,17,089,851909,3,170898519093
115.0,82.0,52.0,76.0,90.0,130.0,104.0,167.0,56.0,136.0,388.0,487.0,262.0,175.0,131.0,126.0,2577.0,17,089,851910,1,170898519101
65.0,47.0,25.0,45.0,34.0,35.0,71.0,26.0,36.0,64.0,121.0,145.0,77.0,72.0,142.0,56.0,1061.0,17,089,851910,2,170898519102
118.0,45.0,80.0,66.0,82.0,143.0,83.0,100.0,83.0,110.0,139.0,176.0,69.0,106.0,76.0,79.0,1555.0,17,089,851910,3,170898519103
29.0,54.0,32.0,33.0,59.0,31.0,27.0,15.0,14.0,99.0,69.0,144.0,82.0,41.0,42.0,36.0,807.0,17,089,852001,1,170898520011
42.0,21.0,23.0,28.0,49.0,61.0,36.0,31.0,23.0,32.0,68.0,124.0,94.0,69.0,38.0,292.0,1031.0,17,089,852001,2,170898520012
63.0,61.0,39.0,56.0,27.0,24.0,48.0,51.0,38.0,145.0,146.0,209.0,120.0,102.0,50.0,70.0,1249.0,17,089,852001,3,170898520013
24.0,20.0,26.0,78.0,17.0,21.0,34.0,48.0,17.0,31.0,109.0,112.0,132.0,44.0,32.0,82.0,827.0,17,089,852001,4,170898520014
87.0,52.0,93.0,81.0,54.0,69.0,174.0,45.0,153.0,93.0,226.0,373.0,246.0,89.0,108.0,107.0,2050.0,17,089,852002,1,170898520021
44.0,34.0,32.0,71.0,30.0,68.0,67.0,29.0,86.0,86.0,98.0,167.0,119.0,115.0,59.0,71.0,1176.0,17,089,852002,2,170898520022
52.0,31.0,24.0,120.0,53.0,80.0,41.0,131.0,60.0,164.0,127.0,256.0,203.0,105.0,153.0,71.0,1671.0,17,089,852002,3,170898520023
80.0,53.0,61.0,50.0,40.0,108.0,177.0,61.0,49.0,230.0,445.0,276.0,226.0,150.0,129.0,163.0,2298.0,17,089,852002,4,170898520024
142.0,67.0,94.0,94.0,67.0,90.0,43.0,62.0,58.0,110.0,165.0,251.0,213.0,170.0,304.0,370.0,2300.0,17,089,852003,1,170898520031
105.0,66.0,75.0,146.0,95.0,68.0,94.0,87.0,53.0,140.0,228.0,278.0,310.0,214.0,205.0,281.0,2445.0,17,089,852003,2,170898520032
119.0,67.0,57.0,82.0,158.0,106.0,58.0,81.0,56.0,205.0,226.0,271.0,257.0,270.0,444.0,543.0,3000.0,17,089,852003,3,170898520033
36.0,26.0,81.0,30.0,26.0,60.0,29.0,22.0,29.0,81.0,104.0,249.0,79.0,66.0,112.0,214.0,1244.0,17,089,852101,1,170898521011
212.0,110.0,213.0,198.0,156.0,188.0,158.0,195.0,203.0,336.0,318.0,724.0,639.0,613.0,694.0,1162.0,6119.0,17,089,852101,2,170898521012
23.0,34.0,15.0,15.0,8.0,12.0,31.0,15.0,76.0,22.0,50.0,49.0,59.0,23.0,33.0,41.0,506.0,17,089,852102,1,170898521021
60.0,39.0,26.0,21.0,23.0,27.0,23.0,94.0,26.0,49.0,185.0,94.0,176.0,137.0,92.0,240.0,1312.0,17,089,852102,2,170898521022
131.0,75.0,85.0,146.0,73.0,102.0,199.0,164.0,86.0,212.0,297.0,624.0,421.0,323.0,405.0,365.0,3708.0,17,089,852102,3,170898521023
60.0,67.0,74.0,48.0,53.0,72.0,66.0,53.0,48.0,136.0,197.0,206.0,199.0,144.0,286.0,219.0,1928.0,17,089,852102,4,170898521024
61.0,37.0,42.0,62.0,85.0,41.0,27.0,39.0,41.0,123.0,158.0,207.0,174.0,164.0,153.0,499.0,1913.0,17,089,852102,5,170898521025
69.0,50.0,31.0,72.0,82.0,97.0,66.0,91.0,127.0,102.0,125.0,326.0,223.0,84.0,68.0,83.0,1696.0,17,089,852201,1,170898522011
25.0,15.0,30.0,50.0,29.0,37.0,14.0,20.0,31.0,42.0,64.0,147.0,73.0,55.0,34.0,44.0,710.0,17,089,852201,2,170898522012
50.0,53.0,32.0,19.0,22.0,34.0,39.0,34.0,45.0,60.0,78.0,135.0,135.0,39.0,56.0,65.0,896.0,17,089,852201,3,170898522013
51.0,42.0,77.0,47.0,40.0,36.0,31.0,34.0,36.0,95.0,162.0,203.0,290.0,93.0,116.0,191.0,1544.0,17,089,852201,4,170898522014
114.0,100.0,159.0,124.0,183.0,142.0,144.0,290.0,144.0,250.0,308.0,427.0,234.0,264.0,278.0,247.0,3408.0,17,089,852202,1,170898522021
178.0,36.0,61.0,40.0,121.0,61.0,67.0,87.0,90.0,178.0,162.0,177.0,150.0,81.0,94.0,53.0,1636.0,17,089,852202,2,170898522022
116.0,141.0,77.0,93.0,112.0,72.0,111.0,132.0,108.0,187.0,288.0,314.0,258.0,178.0,279.0,243.0,2709.0,17,089,852202,3,170898522023
39.0,29.0,20.0,18.0,36.0,53.0,81.0,26.0,48.0,33.0,59.0,86.0,37.0,18.0,23.0,64.0,670.0,17,089,852300,1,170898523001
73.0,68.0,76.0,42.0,36.0,83.0,28.0,50.0,26.0,167.0,111.0,164.0,100.0,67.0,37.0,149.0,1277.0,17,089,852300,2,170898523002
141.0,102.0,86.0,103.0,93.0,76.0,153.0,91.0,101.0,166.0,244.0,415.0,449.0,165.0,368.0,632.0,3385.0,17,089,852401,1,170898524011
93.0,41.0,51.0,47.0,44.0,51.0,38.0,68.0,41.0,209.0,135.0,312.0,203.0,282.0,180.0,179.0,1974.0,17,089,852401,2,170898524012
95.0,15.0,63.0,39.0,25.0,35.0,77.0,29.0,107.0,66.0,51.0,143.0,66.0,58.0,73.0,81.0,1023.0,17,089,852401,3,170898524013
83.0,35.0,74.0,79.0,58.0,138.0,61.0,114.0,70.0,97.0,207.0,220.0,229.0,160.0,331.0,250.0,2206.0,17,089,852401,4,170898524014
153.0,117.0,79.0,104.0,130.0,88.0,90.0,116.0,117.0,155.0,353.0,534.0,332.0,377.0,407.0,593.0,3745.0,17,089,852402,1,170898524021
65.0,45.0,87.0,47.0,67.0,58.0,40.0,74.0,35.0,74.0,186.0,308.0,214.0,101.0,176.0,292.0,1869.0,17,089,852402,2,170898524022
244.0,79.0,114.0,109.0,139.0,129.0,112.0,122.0,71.0,249.0,196.0,368.0,303.0,186.0,245.0,194.0,2860.0,17,089,852402,3,170898524023
56.0,52.0,98.0,67.0,116.0,43.0,59.0,70.0,70.0,95.0,263.0,271.0,149.0,66.0,81.0,118.0,1674.0,17,089,852403,1,170898524031
29.0,29.0,67.0,19.0,34.0,24.0,36.0,22.0,28.0,60.0,82.0,53.0,63.0,22.0,38.0,30.0,636.0,17,089,852403,2,170898524032
50.0,38.0,44.0,55.0,40.0,31.0,51.0,66.0,44.0,184.0,182.0,134.0,203.0,120.0,80.0,85.0,1407.0,17,089,852403,3,170898524033
19.0,14.0,25.0,10.0,16.0,17.0,12.0,11.0,23.0,44.0,37.0,58.0,49.0,38.0,15.0,38.0,426.0,17,089,852403,4,170898524034
58.0,29.0,61.0,22.0,54.0,83.0,40.0,39.0,50.0,92.0,117.0,123.0,125.0,76.0,68.0,72.0,1109.0,17,089,852403,5,170898524035
70.0,38.0,34.0,47.0,28.0,44.0,25.0,46.0,24.0,164.0,107.0,139.0,174.0,73.0,67.0,126.0,1206.0,17,089,852500,1,170898525001
60.0,34.0,10.0,14.0,16.0,9.0,8.0,15.0,12.0,34.0,69.0,68.0,21.0,61.0,39.0,56.0,526.0,17,089,852500,2,170898525002
65.0,53.0,70.0,50.0,79.0,94.0,40.0,36.0,75.0,110.0,116.0,222.0,63.0,104.0,79.0,67.0,1323.0,17,089,852500,3,170898525003
59.0,53.0,87.0,48.0,58.0,147.0,41.0,99.0,100.0,113.0,132.0,200.0,220.0,139.0,237.0,182.0,1915.0,17,089,852500,4,170898525004
64.0,44.0,65.0,73.0,58.0,137.0,57.0,92.0,69.0,86.0,104.0,209.0,132.0,105.0,160.0,91.0,1546.0,17,089,852500,5,170898525005
101.0,95.0,79.0,67.0,27.0,64.0,22.0,57.0,60.0,244.0,133.0,170.0,121.0,55.0,78.0,62.0,1435.0,17,089,852601,1,170898526011
136.0,144.0,92.0,181.0,124.0,97.0,74.0,157.0,91.0,200.0,171.0,338.0,355.0,196.0,216.0,202.0,2774.0,17,089,852601,2,170898526012
59.0,53.0,38.0,35.0,70.0,45.0,34.0,64.0,24.0,54.0,150.0,219.0,98.0,215.0,155.0,171.0,1484.0,17,089,852601,3,170898526013
62.0,22.0,31.0,80.0,29.0,21.0,79.0,27.0,21.0,79.0,64.0,241.0,115.0,55.0,99.0,106.0,1131.0,17,089,852601,4,170898526014
34.0,14.0,19.0,18.0,14.0,20.0,12.0,12.0,11.0,66.0,108.0,80.0,55.0,36.0,17.0,29.0,545.0,17,089,852601,5,170898526015
92.0,97.0,86.0,84.0,114.0,107.0,38.0,82.0,39.0,165.0,211.0,241.0,229.0,85.0,159.0,305.0,2134.0,17,089,852606,1,170898526061
68.0,52.0,54.0,70.0,49.0,44.0,50.0,71.0,37.0,101.0,162.0,233.0,203.0,177.0,285.0,395.0,2051.0,17,089,852606,2,170898526062
39.0,40.0,32.0,19.0,21.0,97.0,12.0,33.0,13.0,23.0,68.0,46.0,158.0,29.0,18.0,23.0,671.0,17,089,852700,1,170898527001
86.0,42.0,76.0,28.0,24.0,23.0,51.0,47.0,17.0,53.0,59.0,157.0,137.0,28.0,123.0,50.0,1001.0,17,089,852700,2,170898527002
69.0,23.0,64.0,45.0,35.0,45.0,38.0,69.0,54.0,66.0,75.0,133.0,147.0,63.0,34.0,71.0,1031.0,17,089,852700,3,170898527003
37.0,49.0,45.0,89.0,66.0,42.0,31.0,66.0,60.0,158.0,110.0,143.0,112.0,70.0,106.0,82.0,1266.0,17,089,852700,4,170898527004
48.0,22.0,26.0,21.0,17.0,17.0,18.0,16.0,23.0,54.0,51.0,148.0,89.0,40.0,103.0,62.0,755.0,17,089,852700,5,170898527005
151.0,57.0,74.0,80.0,102.0,96.0,103.0,112.0,73.0,194.0,337.0,321.0,276.0,253.0,295.0,125.0,2649.0,17,089,852700,6,170898527006
135.0,170.0,155.0,71.0,94.0,134.0,117.0,77.0,51.0,134.0,214.0,453.0,396.0,292.0,276.0,228.0,2997.0,17,089,852803,1,170898528031
206.0,130.0,128.0,70.0,84.0,80.0,71.0,42.0,32.0,99.0,197.0,217.0,147.0,152.0,100.0,89.0,1844.0,17,089,852803,2,170898528032
79.0,59.0,66.0,53.0,65.0,83.0,62.0,49.0,36.0,146.0,239.0,334.0,324.0,229.0,322.0,366.0,2512.0,17,089,852805,1,170898528051
59.0,27.0,48.0,49.0,46.0,84.0,41.0,24.0,44.0,38.0,119.0,157.0,59.0,32.0,35.0,41.0,903.0,17,089,852805,2,170898528052
63.0,46.0,45.0,90.0,33.0,65.0,56.0,87.0,35.0,171.0,228.0,289.0,192.0,112.0,142.0,113.0,1767.0,17,089,852805,3,170898528053
151.0,72.0,101.0,113.0,81.0,108.0,126.0,124.0,101.0,238.0,356.0,431.0,259.0,264.0,395.0,436.0,3356.0,17,089,852806,1,170898528061
62.0,21.0,10.0,15.0,12.0,17.0,20.0,30.0,14.0,50.0,44.0,124.0,85.0,57.0,202.0,89.0,852.0,17,089,852806,2,170898528062
110.0,83.0,68.0,100.0,180.0,74.0,70.0,97.0,107.0,157.0,214.0,459.0,274.0,211.0,452.0,296.0,2952.0,17,089,852806,3,170898528063
119.0,91.0,97.0,78.0,109.0,101.0,69.0,83.0,94.0,181.0,292.0,344.0,348.0,238.0,252.0,581.0,3077.0,17,089,852807,1,170898528071
127.0,70.0,68.0,141.0,58.0,76.0,62.0,76.0,47.0,180.0,302.0,504.0,281.0,173.0,316.0,222.0,2703.0,17,089,852808,1,170898528081
79.0,34.0,51.0,47.0,34.0,41.0,54.0,91.0,128.0,69.0,102.0,313.0,134.0,141.0,148.0,231.0,1697.0,17,089,852808,2,170898528082
62.0,68.0,46.0,23.0,52.0,40.0,69.0,47.0,49.0,97.0,140.0,205.0,150.0,100.0,199.0,105.0,1452.0,17,089,852808,3,170898528083
110.0,94.0,94.0,36.0,26.0,48.0,93.0,77.0,103.0,74.0,160.0,125.0,85.0,141.0,129.0,38.0,1433.0,17,089,852808,4,170898528084
66.0,52.0,81.0,67.0,48.0,65.0,93.0,69.0,130.0,142.0,192.0,261.0,382.0,163.0,181.0,78.0,2070.0,17,089,852903,1,170898529031
312.0,174.0,147.0,112.0,208.0,199.0,272.0,271.0,193.0,316.0,533.0,553.0,314.0,146.0,156.0,226.0,4132.0,17,089,852903,2,170898529032
227.0,78.0,151.0,90.0,229.0,95.0,181.0,136.0,60.0,254.0,211.0,288.0,175.0,134.0,87.0,99.0,2495.0,17,089,852904,1,170898529041
217.0,81.0,49.0,69.0,43.0,108.0,102.0,33.0,27.0,63.0,125.0,142.0,74.0,86.0,76.0,48.0,1343.0,17,089,852905,1,170898529051
126.0,169.0,97.0,134.0,110.0,132.0,87.0,96.0,115.0,257.0,242.0,361.0,150.0,94.0,112.0,93.0,2375.0,17,089,852905,2,170898529052
129.0,67.0,55.0,113.0,26.0,36.0,31.0,42.0,57.0,79.0,85.0,77.0,72.0,57.0,47.0,47.0,1020.0,17,089,852905,3,170898529053
51.0,105.0,96.0,147.0,161.0,109.0,204.0,48.0,25.0,119.0,119.0,187.0,119.0,70.0,82.0,77.0,1719.0,17,089,852906,1,170898529061
55.0,31.0,24.0,39.0,34.0,33.0,40.0,29.0,83.0,140.0,82.0,122.0,106.0,77.0,48.0,65.0,1008.0,17,089,852906,2,170898529062
167.0,131.0,105.0,71.0,89.0,71.0,112.0,53.0,105.0,157.0,296.0,287.0,341.0,169.0,194.0,162.0,2510.0,17,089,852906,3,170898529063
147.0,321.0,139.0,135.0,116.0,329.0,160.0,86.0,181.0,176.0,291.0,415.0,232.0,144.0,110.0,115.0,3097.0,17,089,852907,1,170898529071
137.0,79.0,98.0,60.0,32.0,91.0,23.0,18.0,23.0,88.0,69.0,128.0,62.0,52.0,53.0,78.0,1091.0,17,089,852907,2,170898529072
113.0,33.0,27.0,110.0,66.0,111.0,201.0,89.0,28.0,85.0,229.0,105.0,73.0,44.0,112.0,47.0,1473.0,17,089,852907,3,170898529073
118.0,83.0,79.0,89.0,58.0,141.0,96.0,120.0,92.0,278.0,351.0,420.0,283.0,201.0,136.0,101.0,2646.0,17,089,853001,1,170898530011
70.0,25.0,41.0,82.0,36.0,69.0,109.0,43.0,62.0,138.0,211.0,196.0,113.0,125.0,95.0,75.0,1490.0,17,089,853004,1,170898530041
12.0,40.0,13.0,26.0,27.0,19.0,19.0,26.0,8.0,23.0,67.0,53.0,38.0,18.0,15.0,49.0,453.0,17,089,853004,2,170898530042
28.0,28.0,40.0,40.0,36.0,72.0,46.0,60.0,24.0,52.0,54.0,99.0,49.0,28.0,27.0,28.0,711.0,17,089,853004,3,170898530043
141.0,116.0,130.0,119.0,136.0,68.0,104.0,122.0,73.0,195.0,231.0,534.0,238.0,214.0,307.0,116.0,2844.0,17,089,853005,1,170898530051
196.0,193.0,175.0,194.0,98.0,81.0,216.0,74.0,174.0,195.0,252.0,293.0,143.0,87.0,94.0,108.0,2573.0,17,089,853005,2,170898530052
28.0,11.0,39.0,17.0,16.0,17.0,13.0,139.0,19.0,49.0,63.0,137.0,43.0,16.0,70.0,24.0,701.0,17,089,853005,3,170898530053
80.0,38.0,45.0,27.0,57.0,46.0,96.0,58.0,33.0,116.0,229.0,237.0,133.0,130.0,99.0,116.0,1540.0,17,089,853006,1,170898530061
67.0,87.0,117.0,34.0,67.0,77.0,50.0,21.0,49.0,46.0,71.0,114.0,65.0,38.0,70.0,46.0,1019.0,17,089,853006,2,170898530062
101.0,27.0,74.0,28.0,39.0,29.0,27.0,33.0,64.0,112.0,88.0,133.0,106.0,44.0,42.0,47.0,994.0,17,089,853006,3,170898530063
75.0,63.0,40.0,51.0,49.0,32.0,85.0,69.0,49.0,145.0,111.0,167.0,93.0,66.0,128.0,58.0,1281.0,17,089,853007,1,170898530071
189.0,119.0,137.0,219.0,149.0,113.0,125.0,182.0,173.0,236.0,235.0,355.0,254.0,221.0,131.0,197.0,3035.0,17,089,853007,2,170898530072
127.0,29.0,70.0,131.0,169.0,171.0,59.0,83.0,47.0,76.0,154.0,120.0,78.0,154.0,78.0,56.0,1602.0,17,089,853007,3,170898530073
42.0,33.0,54.0,30.0,93.0,52.0,17.0,21.0,91.0,91.0,197.0,201.0,84.0,37.0,36.0,39.0,1118.0,17,089,853008,1,170898530081
166.0,98.0,169.0,253.0,175.0,127.0,176.0,174.0,191.0,287.0,492.0,489.0,409.0,142.0,186.0,151.0,3685.0,17,089,853008,2,170898530082
66.0,25.0,34.0,60.0,65.0,114.0,98.0,114.0,81.0,110.0,146.0,248.0,99.0,46.0,49.0,58.0,1413.0,17,089,853100,1,170898531001
79.0,36.0,100.0,87.0,92.0,73.0,30.0,78.0,117.0,119.0,188.0,189.0,120.0,49.0,111.0,64.0,1532.0,17,089,853100,2,170898531002
112.0,66.0,88.0,101.0,101.0,69.0,58.0,24.0,43.0,52.0,73.0,120.0,90.0,43.0,48.0,44.0,1132.0,17,089,853200,1,170898532001
163.0,141.0,106.0,157.0,141.0,204.0,111.0,168.0,71.0,218.0,374.0,340.0,223.0,173.0,132.0,163.0,2885.0,17,089,853200,2,170898532002
166.0,66.0,163.0,158.0,98.0,136.0,131.0,132.0,74.0,288.0,343.0,359.0,168.0,104.0,84.0,97.0,2567.0,17,089,853200,3,170898532003
64.0,63.0,73.0,104.0,56.0,92.0,37.0,43.0,28.0,180.0,81.0,103.0,147.0,81.0,61.0,51.0,1264.0,17,089,853300,1,170898533001
22.0,50.0,15.0,46.0,99.0,46.0,43.0,31.0,9.0,80.0,72.0,55.0,129.0,47.0,28.0,27.0,799.0,17,089,853300,2,170898533002
108.0,59.0,133.0,127.0,151.0,250.0,293.0,123.0,62.0,242.0,323.0,432.0,202.0,103.0,216.0,122.0,2946.0,17,089,853300,3,170898533003
17.0,58.0,43.0,65.0,24.0,15.0,64.0,55.0,66.0,83.0,123.0,62.0,41.0,24.0,37.0,39.0,816.0,17,089,853400,1,170898534001
80.0,94.0,48.0,48.0,147.0,228.0,109.0,65.0,104.0,251.0,231.0,271.0,163.0,110.0,67.0,80.0,2096.0,17,089,853400,2,170898534002
92.0,157.0,194.0,253.0,68.0,51.0,129.0,152.0,193.0,186.0,331.0,425.0,188.0,121.0,106.0,100.0,2746.0,17,089,853400,3,170898534003
124.0,40.0,175.0,50.0,115.0,107.0,229.0,30.0,28.0,106.0,171.0,98.0,101.0,114.0,44.0,110.0,1642.0,17,089,853400,4,170898534004
99.0,36.0,121.0,95.0,33.0,21.0,69.0,82.0,20.0,45.0,102.0,110.0,265.0,77.0,52.0,34.0,1261.0,17,089,853400,5,170898534005
52.0,17.0,99.0,57.0,64.0,29.0,50.0,29.0,22.0,83.0,38.0,189.0,34.0,25.0,28.0,40.0,856.0,17,089,853400,6,170898534006
85.0,35.0,72.0,20.0,33.0,99.0,42.0,27.0,21.0,103.0,89.0,74.0,52.0,47.0,29.0,25.0,853.0,17,089,853500,1,170898535001
56.0,34.0,152.0,110.0,91.0,143.0,38.0,74.0,34.0,171.0,109.0,358.0,185.0,53.0,107.0,73.0,1788.0,17,089,853500,2,170898535002
105.0,102.0,193.0,163.0,216.0,128.0,172.0,144.0,79.0,268.0,276.0,333.0,132.0,136.0,102.0,111.0,2660.0,17,089,853500,3,170898535003
115.0,72.0,58.0,93.0,116.0,129.0,26.0,45.0,68.0,137.0,122.0,84.0,70.0,38.0,47.0,38.0,1258.0,17,089,853500,4,170898535004
215.0,41.0,48.0,41.0,38.0,67.0,139.0,125.0,61.0,238.0,293.0,224.0,74.0,70.0,81.0,69.0,1824.0,17,089,853600,1,170898536001
219.0,47.0,79.0,65.0,180.0,74.0,64.0,53.0,77.0,150.0,183.0,360.0,88.0,55.0,72.0,77.0,1843.0,17,089,853600,2,170898536002
187.0,280.0,177.0,103.0,129.0,88.0,162.0,276.0,143.0,249.0,173.0,329.0,152.0,128.0,109.0,115.0,2800.0,17,089,853600,3,170898536003
124.0,46.0,161.0,165.0,262.0,108.0,88.0,106.0,118.0,208.0,176.0,154.0,259.0,109.0,107.0,90.0,2281.0,17,089,853600,4,170898536004
32.0,49.0,77.0,26.0,56.0,38.0,38.0,64.0,20.0,121.0,72.0,111.0,76.0,60.0,96.0,39.0,975.0,17,089,853900,1,170898539001
86.0,57.0,18.0,30.0,57.0,26.0,43.0,31.0,44.0,33.0,145.0,177.0,48.0,97.0,69.0,62.0,1023.0,17,089,853900,2,170898539002
48.0,58.0,65.0,156.0,61.0,79.0,70.0,51.0,61.0,106.0,140.0,214.0,138.0,87.0,129.0,143.0,1606.0,17,089,853900,3,170898539003
29.0,14.0,22.0,16.0,20.0,19.0,33.0,12.0,40.0,100.0,177.0,133.0,68.0,26.0,94.0,113.0,916.0,17,089,853900,4,170898539004
52.0,78.0,48.0,39.0,94.0,74.0,62.0,69.0,52.0,137.0,136.0,276.0,179.0,74.0,155.0,110.0,1635.0,17,089,853900,5,170898539005
136.0,90.0,87.0,98.0,84.0,90.0,69.0,72.0,86.0,180.0,197.0,433.0,202.0,268.0,307.0,159.0,2558.0,17,089,854001,1,170898540011
76.0,67.0,63.0,34.0,92.0,52.0,36.0,43.0,66.0,67.0,177.0,315.0,110.0,147.0,99.0,83.0,1527.0,17,089,854001,2,170898540012
28.0,8.0,29.0,18.0,65.0,34.0,23.0,19.0,27.0,40.0,45.0,59.0,22.0,18.0,7.0,19.0,461.0,17,089,854001,3,170898540013
19.0,15.0,160.0,15.0,17.0,91.0,13.0,11.0,10.0,54.0,35.0,85.0,39.0,57.0,42.0,26.0,689.0,17,089,854002,1,170898540021
16.0,103.0,35.0,46.0,16.0,10.0,37.0,16.0,12.0,43.0,88.0,32.0,25.0,18.0,25.0,24.0,546.0,17,089,854002,2,170898540022
41.0,113.0,82.0,98.0,44.0,57.0,57.0,91.0,51.0,72.0,171.0,195.0,242.0,83.0,85.0,57.0,1539.0,17,089,854002,3,170898540023
82.0,22.0,69.0,85.0,30.0,60.0,59.0,19.0,92.0,95.0,183.0,105.0,159.0,33.0,48.0,43.0,1184.0,17,089,854002,4,170898540024
70.0,31.0,62.0,21.0,33.0,18.0,32.0,52.0,45.0,84.0,107.0,113.0,86.0,72.0,31.0,95.0,952.0,17,089,854002,5,170898540025
37.0,111.0,81.0,29.0,70.0,26.0,65.0,132.0,118.0,89.0,113.0,117.0,67.0,76.0,75.0,47.0,1253.0,17,089,854100,1,170898541001
86.0,52.0,47.0,46.0,48.0,115.0,27.0,54.0,90.0,180.0,93.0,238.0,117.0,91.0,70.0,59.0,1413.0,17,089,854100,2,170898541002
32.0,37.0,31.0,41.0,49.0,28.0,95.0,78.0,48.0,97.0,91.0,202.0,107.0,30.0,34.0,40.0,1040.0,17,089,854100,3,170898541003
66.0,30.0,81.0,50.0,45.0,163.0,116.0,118.0,37.0,186.0,59.0,100.0,114.0,44.0,41.0,46.0,1296.0,17,089,854100,4,170898541004
208.0,40.0,85.0,96.0,117.0,103.0,50.0,89.0,129.0,85.0,85.0,108.0,72.0,39.0,51.0,56.0,1413.0,17,089,854200,1,170898542001
129.0,39.0,112.0,44.0,76.0,89.0,95.0,78.0,35.0,135.0,198.0,205.0,89.0,36.0,58.0,63.0,1481.0,17,089,854200,2,170898542002
55.0,38.0,37.0,85.0,130.0,95.0,95.0,65.0,89.0,152.0,115.0,248.0,202.0,51.0,60.0,97.0,1614.0,17,089,854200,3,170898542003
53.0,77.0,22.0,54.0,79.0,50.0,28.0,52.0,24.0,99.0,178.0,193.0,113.0,143.0,36.0,49.0,1250.0,17,089,854200,4,170898542004
30.0,31.0,41.0,25.0,62.0,57.0,33.0,31.0,68.0,208.0,58.0,131.0,44.0,47.0,38.0,36.0,940.0,17,089,854301,1,170898543011
66.0,81.0,23.0,29.0,75.0,72.0,77.0,51.0,62.0,47.0,125.0,134.0,92.0,32.0,55.0,92.0,1113.0,17,089,854301,2,170898543012
104.0,42.0,207.0,49.0,113.0,113.0,40.0,88.0,93.0,126.0,280.0,237.0,160.0,76.0,109.0,104.0,1941.0,17,089,854301,3,170898543013
224.0,99.0,215.0,201.0,218.0,246.0,149.0,221.0,231.0,294.0,278.0,308.0,196.0,125.0,173.0,188.0,3366.0,17,089,854301,4,170898543014
54.0,41.0,104.0,83.0,216.0,173.0,71.0,98.0,26.0,97.0,131.0,306.0,163.0,72.0,53.0,70.0,1758.0,17,089,854302,1,170898543021
64.0,61.0,52.0,171.0,71.0,88.0,101.0,73.0,42.0,106.0,129.0,216.0,86.0,47.0,40.0,50.0,1397.0,17,089,854302,2,170898543022
93.0,39.0,70.0,142.0,190.0,113.0,173.0,151.0,70.0,285.0,206.0,326.0,188.0,105.0,75.0,106.0,2332.0,17,089,854302,3,170898543023
21.0,15.0,18.0,130.0,17.0,16.0,100.0,104.0,15.0,86.0,63.0,51.0,42.0,24.0,32.0,19.0,753.0,17,089,854400,1,170898544001
144.0,95.0,38.0,115.0,184.0,85.0,182.0,46.0,212.0,114.0,236.0,255.0,105.0,226.0,86.0,82.0,2205.0,17,089,854400,2,170898544002
140.0,42.0,80.0,47.0,172.0,201.0,27.0,43.0,30.0,254.0,224.0,178.0,84.0,47.0,66.0,66.0,1701.0,17,089,854400,3,170898544003
301.0,138.0,305.0,377.0,217.0,230.0,389.0,356.0,224.0,600.0,784.0,1032.0,618.0,432.0,306.0,322.0,6631.0,17,089,854400,4,170898544004
137.0,32.0,176.0,152.0,60.0,132.0,42.0,96.0,36.0,149.0,119.0,193.0,140.0,115.0,90.0,88.0,1757.0,17,089,854400,5,170898544005
276.0,129.0,92.0,73.0,57.0,17.0,52.0,29.0,109.0,41.0,171.0,90.0,75.0,52.0,53.0,66.0,1382.0,17,089,854400,6,170898544006
96.0,30.0,85.0,151.0,44.0,49.0,31.0,67.0,37.0,116.0,231.0,177.0,230.0,130.0,168.0,120.0,1762.0,17,089,854501,1,170898545011
150.0,68.0,108.0,97.0,68.0,174.0,101.0,81.0,104.0,186.0,392.0,573.0,388.0,311.0,402.0,237.0,3440.0,17,089,854501,2,170898545012
121.0,91.0,112.0,145.0,101.0,139.0,102.0,134.0,145.0,196.0,192.0,620.0,451.0,269.0,412.0,366.0,3596.0,17,089,854501,3,170898545013
322.0,140.0,215.0,261.0,164.0,182.0,165.0,185.0,142.0,373.0,428.0,977.0,684.0,639.0,834.0,872.0,6583.0,17,089,854501,4,170898545014
42.0,57.0,78.0,70.0,31.0,30.0,23.0,27.0,61.0,136.0,99.0,180.0,115.0,82.0,116.0,151.0,1298.0,17,089,854503,1,170898545031
52.0,32.0,90.0,50.0,46.0,69.0,39.0,95.0,45.0,125.0,184.0,270.0,186.0,149.0,120.0,65.0,1617.0,17,089,854503,2,170898545032
93.0,66.0,139.0,67.0,64.0,86.0,85.0,40.0,48.0,185.0,254.0,297.0,384.0,203.0,479.0,183.0,2673.0,17,089,854503,3,170898545033
279.0,117.0,130.0,187.0,167.0,238.0,184.0,222.0,123.0,428.0,739.0,1205.0,814.0,645.0,405.0,443.0,6326.0,17,089,854503,4,170898545034
73.0,55.0,47.0,48.0,62.0,46.0,50.0,35.0,34.0,96.0,125.0,267.0,282.0,283.0,193.0,203.0,1899.0,17,089,854504,1,170898545041
264.0,153.0,148.0,161.0,190.0,197.0,181.0,172.0,207.0,439.0,499.0,747.0,622.0,595.0,732.0,571.0,5878.0,17,089,854504,2,170898545042
79.0,97.0,127.0,88.0,95.0,54.0,155.0,43.0,130.0,68.0,239.0,166.0,77.0,78.0,59.0,59.0,1614.0,17,089,854600,1,170898546001
100.0,44.0,100.0,61.0,91.0,106.0,100.0,53.0,29.0,140.0,98.0,136.0,115.0,76.0,58.0,50.0,1357.0,17,089,854600,2,170898546002
23.0,27.0,29.0,48.0,52.0,32.0,18.0,26.0,21.0,115.0,76.0,66.0,45.0,55.0,28.0,27.0,688.0,17,089,854600,3,170898546003
94.0,29.0,23.0,25.0,77.0,67.0,45.0,33.0,19.0,59.0,45.0,85.0,113.0,33.0,27.0,40.0,814.0,17,089,854700,1,170898547001
105.0,29.0,73.0,9.0,65.0,34.0,30.0,35.0,20.0,24.0,57.0,62.0,32.0,24.0,34.0,21.0,654.0,17,089,854700,2,170898547002
65.0,55.0,84.0,39.0,70.0,30.0,38.0,9.0,24.0,43.0,123.0,85.0,64.0,24.0,28.0,21.0,802.0,17,089,854700,3,170898547003
98.0,79.0,63.0,35.0,45.0,48.0,70.0,40.0,39.0,148.0,181.0,225.0,230.0,222.0,237.0,180.0,1940.0,17,089,854800,1,170898548001
118.0,86.0,93.0,101.0,86.0,108.0,82.0,103.0,133.0,315.0,247.0,512.0,412.0,235.0,460.0,515.0,3606.0,17,089,854800,2,170898548002
99.0,68.0,85.0,73.0,89.0,96.0,101.0,81.0,56.0,101.0,294.0,354.0,209.0,193.0,285.0,413.0,2597.0,17,089,854800,3,170898548003
50.0,21.0,45.0,35.0,34.0,41.0,43.0,51.0,102.0,106.0,144.0,179.0,111.0,94.0,65.0,42.0,1163.0,17,089,854900,2,170898549002
247.0,121.0,177.0,82.0,68.0,64.0,65.0,65.0,63.0,179.0,212.0,369.0,220.0,70.0,115.0,96.0,2213.0,17,089,854900,3,170898549003
48.0,41.0,50.0,65.0,72.0,88.0,104.0,129.0,70.0,122.0,290.0,217.0,197.0,78.0,63.0,60.0,1694.0,17,089,854900,4,170898549004
717.0,431.0,495.0,589.0,440.0,600.0,524.0,604.0,415.0,1252.0,1970.0,2413.0,1898.0,1545.0,1611.0,1410.0,16914.0,17,093,890101,1,170938901011
74.0,52.0,55.0,45.0,54.0,55.0,50.0,51.0,105.0,136.0,296.0,263.0,207.0,149.0,369.0,297.0,2258.0,17,093,890101,2,170938901012
17.0,10.0,56.0,8.0,10.0,124.0,11.0,8.0,9.0,15.0,29.0,63.0,65.0,17.0,16.0,14.0,472.0,17,093,890102,1,170938901021
45.0,13.0,63.0,65.0,31.0,55.0,23.0,89.0,20.0,38.0,130.0,156.0,152.0,65.0,99.0,55.0,1099.0,17,093,890102,2,170938901022
175.0,95.0,95.0,113.0,94.0,129.0,184.0,132.0,85.0,295.0,530.0,477.0,517.0,439.0,673.0,502.0,4535.0,17,093,890102,3,170938901023
45.0,31.0,46.0,87.0,29.0,28.0,56.0,38.0,31.0,53.0,267.0,164.0,132.0,99.0,291.0,99.0,1496.0,17,093,890102,4,170938901024
150.0,27.0,25.0,42.0,33.0,86.0,97.0,48.0,23.0,106.0,93.0,274.0,114.0,84.0,186.0,50.0,1438.0,17,093,890102,5,170938901025
160.0,90.0,170.0,213.0,75.0,138.0,94.0,131.0,146.0,223.0,263.0,898.0,541.0,338.0,399.0,358.0,4237.0,17,093,890102,6,170938901026
125.0,75.0,88.0,66.0,138.0,59.0,87.0,102.0,153.0,173.0,302.0,267.0,228.0,146.0,131.0,131.0,2271.0,17,093,890201,1,170938902011
77.0,39.0,109.0,58.0,93.0,49.0,71.0,109.0,107.0,124.0,164.0,196.0,154.0,80.0,121.0,75.0,1626.0,17,093,890201,2,170938902012
51.0,26.0,31.0,15.0,11.0,94.0,18.0,11.0,19.0,46.0,115.0,96.0,53.0,36.0,29.0,35.0,686.0,17,093,890201,3,170938902013
21.0,21.0,37.0,17.0,46.0,23.0,52.0,38.0,53.0,73.0,180.0,120.0,59.0,96.0,56.0,38.0,930.0,17,093,890202,1,170938902021
49.0,24.0,46.0,54.0,31.0,46.0,59.0,79.0,40.0,65.0,155.0,199.0,82.0,77.0,46.0,34.0,1086.0,17,093,890202,2,170938902022
49.0,40.0,60.0,82.0,60.0,34.0,27.0,32.0,45.0,73.0,138.0,168.0,99.0,50.0,62.0,45.0,1064.0,17,093,890202,3,170938902023
118.0,66.0,103.0,96.0,100.0,117.0,146.0,125.0,92.0,225.0,260.0,755.0,302.0,212.0,261.0,187.0,3165.0,17,093,890301,1,170938903011
247.0,76.0,84.0,97.0,79.0,164.0,195.0,172.0,152.0,262.0,280.0,459.0,341.0,193.0,220.0,157.0,3178.0,17,093,890301,2,170938903012
55.0,47.0,32.0,141.0,89.0,77.0,107.0,70.0,43.0,101.0,213.0,374.0,227.0,92.0,140.0,150.0,1958.0,17,093,890302,1,170938903021
39.0,12.0,35.0,19.0,45.0,17.0,27.0,66.0,23.0,61.0,101.0,225.0,209.0,110.0,86.0,40.0,1115.0,17,093,890302,2,170938903022
101.0,107.0,115.0,45.0,76.0,33.0,58.0,74.0,39.0,84.0,103.0,249.0,134.0,98.0,60.0,37.0,1413.0,17,093,890302,3,170938903023
42.0,27.0,43.0,32.0,22.0,30.0,42.0,29.0,82.0,151.0,129.0,244.0,194.0,153.0,80.0,40.0,1340.0,17,093,890302,4,170938903024
777.0,416.0,451.0,500.0,756.0,611.0,551.0,521.0,685.0,1181.0,2174.0,3096.0,1925.0,1209.0,1060.0,923.0,16836.0,17,093,890400,1,170938904001
235.0,178.0,149.0,281.0,200.0,243.0,190.0,190.0,226.0,426.0,607.0,746.0,1217.0,647.0,574.0,442.0,6551.0,17,093,890400,2,170938904002
181.0,39.0,78.0,201.0,51.0,60.0,71.0,110.0,195.0,207.0,178.0,346.0,227.0,74.0,67.0,153.0,2238.0,17,093,890400,3,170938904003
54.0,34.0,36.0,36.0,34.0,61.0,22.0,221.0,28.0,98.0,110.0,147.0,196.0,72.0,121.0,45.0,1315.0,17,093,890400,4,170938904004
45.0,46.0,34.0,29.0,52.0,74.0,63.0,24.0,23.0,45.0,186.0,231.0,123.0,32.0,123.0,28.0,1158.0,17,093,890500,1,170938905001
12.0,42.0,11.0,38.0,8.0,56.0,7.0,57.0,9.0,41.0,27.0,20.0,19.0,10.0,9.0,14.0,380.0,17,093,890500,2,170938905002
49.0,20.0,22.0,75.0,113.0,67.0,23.0,27.0,20.0,133.0,195.0,115.0,43.0,36.0,32.0,44.0,1014.0,17,093,890500,3,170938905003
112.0,40.0,56.0,102.0,87.0,53.0,121.0,102.0,42.0,85.0,209.0,396.0,241.0,142.0,139.0,131.0,2058.0,17,093,890500,4,170938905004
305.0,98.0,89.0,97.0,157.0,91.0,60.0,92.0,157.0,514.0,120.0,147.0,207.0,74.0,79.0,90.0,2377.0,17,093,890500,5,170938905005
236.0,387.0,145.0,203.0,263.0,155.0,354.0,374.0,244.0,575.0,612.0,848.0,800.0,429.0,318.0,333.0,6276.0,17,093,890500,6,170938905006
130.0,235.0,132.0,75.0,149.0,100.0,117.0,91.0,108.0,421.0,268.0,561.0,407.0,219.0,299.0,156.0,3468.0,17,093,890600,1,170938906001
125.0,95.0,159.0,112.0,129.0,101.0,157.0,80.0,102.0,218.0,234.0,583.0,616.0,306.0,240.0,220.0,3477.0,17,093,890600,2,170938906002
74.0,29.0,59.0,44.0,40.0,46.0,42.0,85.0,74.0,81.0,155.0,151.0,205.0,97.0,113.0,91.0,1386.0,17,093,890600,3,170938906003
38.0,33.0,54.0,70.0,94.0,90.0,26.0,73.0,38.0,70.0,154.0,119.0,64.0,29.0,127.0,83.0,1162.0,17,093,890600,4,170938906004
70.0,46.0,116.0,69.0,82.0,127.0,82.0,98.0,63.0,354.0,139.0,224.0,194.0,130.0,137.0,422.0,2353.0,17,093,890700,1,170938907001
507.0,333.0,242.0,320.0,476.0,451.0,287.0,467.0,353.0,598.0,1202.0,1478.0,1542.0,828.0,897.0,667.0,10648.0,17,093,890700,2,170938907002
50.0,31.0,25.0,29.0,46.0,29.0,40.0,42.0,35.0,42.0,132.0,150.0,116.0,67.0,63.0,56.0,953.0,17,093,890700,3,170938907003
39.0,43.0,32.0,42.0,31.0,39.0,44.0,32.0,40.0,107.0,89.0,142.0,80.0,77.0,70.0,40.0,947.0,17,093,890700,4,170938907004
57.0,38.0,33.0,44.0,41.0,25.0,23.0,44.0,49.0,40.0,97.0,138.0,66.0,34.0,39.0,53.0,821.0,17,093,890700,5,170938907005
154.0,363.0,107.0,194.0,78.0,145.0,166.0,115.0,115.0,219.0,487.0,550.0,269.0,226.0,232.0,159.0,3579.0,17,097,860101,1,170978601011
189.0,116.0,82.0,200.0,89.0,132.0,85.0,160.0,182.0,366.0,305.0,921.0,478.0,294.0,208.0,160.0,3967.0,17,097,860101,2,170978601012
125.0,83.0,32.0,125.0,29.0,36.0,64.0,34.0,39.0,55.0,101.0,233.0,204.0,55.0,135.0,80.0,1430.0,17,097,860101,3,170978601013
49.0,19.0,15.0,46.0,26.0,33.0,26.0,64.0,43.0,61.0,78.0,160.0,70.0,50.0,98.0,70.0,908.0,17,097,860103,1,170978601031
41.0,10.0,32.0,22.0,14.0,13.0,41.0,15.0,13.0,59.0,63.0,89.0,72.0,32.0,32.0,22.0,570.0,17,097,860103,2,170978601032
81.0,54.0,51.0,68.0,87.0,77.0,48.0,79.0,60.0,133.0,189.0,226.0,219.0,246.0,138.0,116.0,1872.0,17,097,860103,3,170978601033
175.0,54.0,117.0,103.0,81.0,148.0,86.0,75.0,70.0,175.0,218.0,267.0,272.0,131.0,166.0,106.0,2244.0,17,097,860104,1,170978601041
50.0,58.0,66.0,43.0,41.0,89.0,36.0,36.0,25.0,193.0,205.0,177.0,109.0,64.0,86.0,46.0,1324.0,17,097,860104,2,170978601042
53.0,32.0,14.0,40.0,83.0,67.0,7.0,25.0,13.0,41.0,46.0,103.0,33.0,61.0,25.0,41.0,684.0,17,097,860200,1,170978602001
93.0,72.0,21.0,56.0,18.0,99.0,27.0,68.0,106.0,81.0,89.0,141.0,87.0,34.0,46.0,48.0,1086.0,17,097,860200,2,170978602002
44.0,38.0,94.0,38.0,27.0,98.0,73.0,72.0,43.0,141.0,238.0,188.0,163.0,110.0,78.0,69.0,1514.0,17,097,860200,3,170978602003
145.0,23.0,39.0,49.0,25.0,41.0,31.0,34.0,19.0,80.0,135.0,234.0,84.0,98.0,45.0,38.0,1120.0,17,097,860301,1,170978603011
196.0,115.0,24.0,32.0,53.0,28.0,73.0,59.0,19.0,140.0,81.0,94.0,134.0,41.0,86.0,46.0,1221.0,17,097,860301,2,170978603012
51.0,29.0,49.0,39.0,24.0,53.0,79.0,24.0,34.0,31.0,107.0,64.0,112.0,33.0,134.0,32.0,895.0,17,097,860301,3,170978603013
70.0,17.0,14.0,47.0,47.0,39.0,27.0,21.0,33.0,74.0,65.0,129.0,69.0,22.0,30.0,25.0,729.0,17,097,860302,1,170978603021
90.0,83.0,155.0,60.0,92.0,95.0,95.0,106.0,73.0,152.0,126.0,132.0,119.0,108.0,65.0,78.0,1629.0,17,097,860302,2,170978603022
10.0,22.0,21.0,104.0,19.0,54.0,13.0,21.0,77.0,87.0,122.0,83.0,37.0,47.0,32.0,20.0,769.0,17,097,860302,3,170978603023
172.0,61.0,161.0,122.0,146.0,83.0,87.0,161.0,85.0,263.0,293.0,324.0,291.0,208.0,114.0,240.0,2811.0,17,097,860400,1,170978604001
190.0,28.0,36.0,29.0,130.0,51.0,25.0,68.0,30.0,221.0,63.0,160.0,84.0,39.0,36.0,57.0,1247.0,17,097,860400,2,170978604002
62.0,27.0,46.0,27.0,23.0,89.0,27.0,42.0,24.0,126.0,181.0,320.0,93.0,117.0,67.0,83.0,1354.0,17,097,860400,3,170978604003
85.0,80.0,27.0,57.0,19.0,111.0,15.0,83.0,59.0,52.0,71.0,109.0,49.0,33.0,52.0,31.0,933.0,17,097,860500,1,170978605001
141.0,88.0,36.0,41.0,51.0,112.0,26.0,28.0,55.0,148.0,139.0,129.0,84.0,75.0,51.0,43.0,1247.0,17,097,860500,2,170978605002
85.0,35.0,13.0,38.0,34.0,29.0,13.0,43.0,15.0,27.0,67.0,183.0,33.0,57.0,31.0,30.0,733.0,17,097,860500,3,170978605003
28.0,10.0,22.0,20.0,63.0,56.0,13.0,60.0,4.0,49.0,76.0,52.0,42.0,18.0,22.0,25.0,560.0,17,097,860500,4,170978605004
154.0,42.0,56.0,143.0,28.0,39.0,112.0,28.0,15.0,111.0,68.0,108.0,55.0,36.0,49.0,35.0,1079.0,17,097,860500,5,170978605005
76.0,51.0,71.0,76.0,99.0,86.0,116.0,62.0,52.0,135.0,262.0,313.0,133.0,93.0,103.0,97.0,1825.0,17,097,860600,1,170978606001
45.0,26.0,32.0,28.0,33.0,36.0,27.0,35.0,39.0,95.0,144.0,244.0,216.0,110.0,152.0,99.0,1361.0,17,097,860600,2,170978606002
138.0,53.0,191.0,58.0,47.0,31.0,40.0,37.0,11.0,75.0,94.0,107.0,69.0,34.0,74.0,47.0,1106.0,17,097,860600,3,170978606003
120.0,55.0,87.0,68.0,155.0,200.0,62.0,170.0,208.0,107.0,200.0,596.0,284.0,143.0,148.0,172.0,2775.0,17,097,860600,4,170978606004
32.0,51.0,36.0,25.0,23.0,55.0,42.0,71.0,47.0,61.0,94.0,102.0,44.0,53.0,48.0,32.0,816.0,17,097,860805,1,170978608051
42.0,21.0,14.0,19.0,12.0,40.0,56.0,24.0,46.0,38.0,88.0,108.0,66.0,26.0,38.0,39.0,677.0,17,097,860805,2,170978608052
143.0,139.0,174.0,112.0,105.0,120.0,86.0,87.0,95.0,254.0,235.0,401.0,262.0,191.0,167.0,140.0,2711.0,17,097,860806,1,170978608061
80.0,99.0,67.0,52.0,84.0,77.0,103.0,125.0,73.0,230.0,276.0,268.0,307.0,348.0,156.0,101.0,2446.0,17,097,860806,2,170978608062
119.0,101.0,87.0,126.0,119.0,88.0,106.0,100.0,71.0,187.0,174.0,315.0,196.0,148.0,148.0,108.0,2193.0,17,097,860807,1,170978608071
97.0,35.0,121.0,73.0,31.0,80.0,54.0,46.0,43.0,71.0,184.0,209.0,87.0,47.0,63.0,51.0,1292.0,17,097,860807,2,170978608072
117.0,37.0,76.0,68.0,114.0,60.0,80.0,83.0,36.0,159.0,166.0,313.0,236.0,66.0,99.0,125.0,1835.0,17,097,860808,1,170978608081
44.0,36.0,43.0,22.0,19.0,18.0,30.0,29.0,20.0,64.0,112.0,110.0,59.0,37.0,40.0,32.0,715.0,17,097,860808,2,170978608082
73.0,33.0,55.0,46.0,49.0,109.0,76.0,40.0,33.0,106.0,132.0,213.0,134.0,86.0,338.0,77.0,1600.0,17,097,860809,1,170978608091
51.0,54.0,69.0,98.0,41.0,53.0,50.0,32.0,47.0,82.0,230.0,342.0,100.0,135.0,141.0,109.0,1634.0,17,097,860809,2,170978608092
519.0,78.0,153.0,172.0,107.0,113.0,180.0,155.0,183.0,190.0,312.0,651.0,409.0,402.0,416.0,229.0,4269.0,17,097,860810,1,170978608101
93.0,51.0,36.0,132.0,52.0,36.0,137.0,54.0,25.0,75.0,186.0,198.0,183.0,88.0,181.0,82.0,1609.0,17,097,860810,2,170978608102
98.0,30.0,63.0,45.0,116.0,95.0,26.0,32.0,75.0,133.0,224.0,180.0,136.0,91.0,102.0,60.0,1506.0,17,097,860810,3,170978608103
88.0,60.0,50.0,30.0,80.0,46.0,105.0,25.0,27.0,86.0,86.0,193.0,92.0,101.0,90.0,99.0,1258.0,17,097,860811,1,170978608111
143.0,65.0,129.0,84.0,102.0,86.0,110.0,110.0,81.0,240.0,208.0,400.0,410.0,272.0,282.0,217.0,2939.0,17,097,860811,2,170978608112
120.0,159.0,112.0,80.0,72.0,114.0,147.0,72.0,78.0,152.0,220.0,342.0,161.0,76.0,80.0,87.0,2072.0,17,097,860903,1,170978609031
110.0,181.0,104.0,74.0,38.0,85.0,82.0,50.0,42.0,61.0,96.0,102.0,63.0,80.0,43.0,47.0,1258.0,17,097,860903,2,170978609032
174.0,64.0,54.0,85.0,48.0,140.0,62.0,40.0,105.0,158.0,179.0,232.0,121.0,103.0,53.0,76.0,1694.0,17,097,860903,3,170978609033
36.0,19.0,25.0,55.0,54.0,54.0,33.0,108.0,21.0,113.0,79.0,131.0,42.0,45.0,55.0,45.0,915.0,17,097,860903,4,170978609034
137.0,36.0,81.0,39.0,38.0,69.0,103.0,52.0,67.0,161.0,191.0,272.0,125.0,106.0,144.0,106.0,1727.0,17,097,860904,1,170978609041
211.0,136.0,92.0,146.0,156.0,226.0,144.0,152.0,115.0,287.0,535.0,585.0,311.0,283.0,282.0,183.0,3844.0,17,097,860904,2,170978609042
106.0,134.0,96.0,105.0,78.0,103.0,65.0,142.0,119.0,210.0,230.0,235.0,189.0,207.0,221.0,100.0,2340.0,17,097,860905,1,170978609051
38.0,39.0,38.0,32.0,75.0,131.0,61.0,61.0,61.0,98.0,121.0,130.0,84.0,52.0,33.0,39.0,1093.0,17,097,860905,2,170978609052
84.0,30.0,56.0,68.0,85.0,125.0,42.0,41.0,48.0,64.0,191.0,189.0,216.0,79.0,119.0,67.0,1504.0,17,097,860905,3,170978609053
34.0,35.0,16.0,28.0,23.0,19.0,10.0,46.0,46.0,92.0,110.0,82.0,51.0,39.0,28.0,59.0,718.0,17,097,860905,4,170978609054
444.0,295.0,264.0,292.0,319.0,298.0,306.0,343.0,303.0,739.0,1092.0,1382.0,1405.0,681.0,662.0,602.0,9427.0,17,097,860906,1,170978609061
77.0,51.0,82.0,108.0,91.0,82.0,75.0,89.0,60.0,210.0,276.0,319.0,391.0,194.0,348.0,196.0,2649.0,17,097,861007,1,170978610071
50.0,32.0,32.0,87.0,59.0,28.0,86.0,35.0,72.0,62.0,161.0,211.0,187.0,116.0,103.0,168.0,1489.0,17,097,861007,2,170978610072
80.0,25.0,33.0,64.0,50.0,69.0,40.0,39.0,90.0,111.0,205.0,212.0,161.0,92.0,129.0,74.0,1474.0,17,097,861008,1,170978610081
65.0,23.0,22.0,23.0,52.0,26.0,36.0,33.0,30.0,69.0,147.0,189.0,119.0,90.0,100.0,64.0,1088.0,17,097,861008,2,170978610082
47.0,24.0,36.0,81.0,54.0,67.0,27.0,48.0,88.0,103.0,149.0,227.0,168.0,161.0,68.0,62.0,1410.0,17,097,861008,3,170978610083
35.0,27.0,38.0,38.0,40.0,40.0,36.0,71.0,63.0,95.0,109.0,237.0,116.0,72.0,157.0,49.0,1223.0,17,097,861008,4,170978610084
104.0,106.0,70.0,64.0,164.0,88.0,79.0,96.0,103.0,174.0,252.0,328.0,303.0,294.0,351.0,274.0,2850.0,17,097,861009,1,170978610091
91.0,88.0,54.0,124.0,62.0,105.0,116.0,76.0,194.0,114.0,224.0,330.0,229.0,124.0,142.0,147.0,2220.0,17,097,861009,2,170978610092
27.0,39.0,34.0,53.0,15.0,42.0,38.0,16.0,22.0,51.0,90.0,87.0,144.0,39.0,62.0,46.0,805.0,17,097,861010,1,170978610101
97.0,27.0,66.0,45.0,52.0,53.0,52.0,43.0,31.0,65.0,162.0,203.0,75.0,41.0,59.0,52.0,1123.0,17,097,861010,2,170978610102
123.0,98.0,111.0,135.0,91.0,128.0,135.0,132.0,119.0,248.0,405.0,577.0,466.0,409.0,363.0,214.0,3754.0,17,097,861010,3,170978610103
86.0,40.0,117.0,74.0,72.0,52.0,96.0,63.0,78.0,182.0,143.0,754.0,286.0,269.0,201.0,169.0,2682.0,17,097,861011,1,170978610111
94.0,78.0,84.0,60.0,81.0,133.0,55.0,99.0,132.0,137.0,407.0,316.0,314.0,235.0,173.0,119.0,2517.0,17,097,861011,2,170978610112
104.0,69.0,60.0,85.0,111.0,70.0,47.0,52.0,104.0,318.0,301.0,307.0,236.0,315.0,318.0,206.0,2703.0,17,097,861011,3,170978610113
129.0,140.0,79.0,129.0,181.0,99.0,71.0,101.0,48.0,211.0,253.0,323.0,246.0,148.0,150.0,154.0,2462.0,17,097,861012,1,170978610121
134.0,50.0,85.0,65.0,96.0,90.0,87.0,156.0,59.0,166.0,185.0,200.0,217.0,208.0,163.0,93.0,2054.0,17,097,861012,2,170978610122
30.0,21.0,23.0,60.0,23.0,18.0,32.0,17.0,16.0,54.0,63.0,117.0,137.0,44.0,98.0,101.0,854.0,17,097,861012,3,170978610123
113.0,102.0,112.0,106.0,128.0,123.0,154.0,116.0,112.0,223.0,430.0,412.0,326.0,186.0,233.0,156.0,3032.0,17,097,861013,1,170978610131
67.0,51.0,57.0,50.0,70.0,41.0,46.0,40.0,63.0,86.0,245.0,231.0,135.0,94.0,138.0,93.0,1507.0,17,097,861014,1,170978610141
83.0,70.0,120.0,80.0,60.0,46.0,51.0,61.0,59.0,88.0,348.0,496.0,228.0,229.0,125.0,110.0,2254.0,17,097,861014,2,170978610142
67.0,36.0,41.0,67.0,69.0,32.0,111.0,81.0,47.0,227.0,195.0,226.0,121.0,67.0,198.0,107.0,1692.0,17,097,861105,1,170978611051
169.0,55.0,116.0,105.0,92.0,65.0,182.0,119.0,92.0,157.0,270.0,410.0,309.0,153.0,181.0,161.0,2636.0,17,097,861105,2,170978611052
87.0,33.0,66.0,62.0,54.0,54.0,59.0,94.0,54.0,135.0,255.0,290.0,359.0,164.0,232.0,266.0,2264.0,17,097,861106,1,170978611061
95.0,66.0,66.0,69.0,79.0,90.0,96.0,100.0,81.0,124.0,166.0,477.0,307.0,311.0,517.0,274.0,2918.0,17,097,861106,2,170978611062
127.0,57.0,159.0,76.0,87.0,130.0,93.0,136.0,107.0,272.0,342.0,504.0,371.0,259.0,133.0,197.0,3050.0,17,097,861106,3,170978611063
49.0,24.0,34.0,57.0,32.0,68.0,47.0,36.0,18.0,115.0,144.0,181.0,180.0,45.0,170.0,81.0,1281.0,17,097,861107,1,170978611071
105.0,75.0,68.0,63.0,111.0,52.0,61.0,91.0,103.0,130.0,257.0,337.0,293.0,173.0,373.0,281.0,2573.0,17,097,861107,2,170978611072
110.0,45.0,67.0,51.0,39.0,62.0,53.0,77.0,42.0,121.0,128.0,312.0,196.0,225.0,332.0,326.0,2186.0,17,097,861108,1,170978611081
194.0,118.0,110.0,66.0,37.0,94.0,172.0,49.0,97.0,96.0,206.0,209.0,198.0,118.0,103.0,152.0,2019.0,17,097,861108,2,170978611082
67.0,43.0,49.0,86.0,39.0,39.0,111.0,43.0,106.0,176.0,219.0,270.0,229.0,183.0,235.0,204.0,2099.0,17,097,861108,3,170978611083
86.0,59.0,167.0,197.0,108.0,60.0,228.0,219.0,152.0,252.0,196.0,386.0,279.0,174.0,173.0,102.0,2838.0,17,097,861201,1,170978612011
41.0,24.0,28.0,53.0,25.0,26.0,41.0,23.0,14.0,42.0,205.0,197.0,149.0,159.0,43.0,38.0,1108.0,17,097,861201,2,170978612012
176.0,140.0,22.0,40.0,33.0,24.0,24.0,30.0,26.0,96.0,105.0,119.0,75.0,26.0,43.0,54.0,1033.0,17,097,861201,3,170978612013
151.0,87.0,103.0,74.0,74.0,69.0,106.0,109.0,128.0,303.0,187.0,235.0,150.0,138.0,83.0,77.0,2074.0,17,097,861201,4,170978612014
112.0,58.0,198.0,52.0,124.0,135.0,91.0,67.0,76.0,86.0,245.0,305.0,207.0,155.0,136.0,133.0,2180.0,17,097,861202,1,170978612021
140.0,118.0,115.0,62.0,96.0,217.0,75.0,56.0,65.0,172.0,187.0,363.0,174.0,111.0,117.0,81.0,2149.0,17,097,861202,2,170978612022
192.0,93.0,115.0,224.0,72.0,76.0,83.0,107.0,53.0,206.0,231.0,253.0,221.0,163.0,86.0,104.0,2279.0,17,097,861301,1,170978613011
207.0,106.0,90.0,107.0,127.0,117.0,174.0,101.0,112.0,191.0,219.0,298.0,197.0,97.0,84.0,96.0,2323.0,17,097,861301,2,170978613012
90.0,41.0,115.0,109.0,40.0,198.0,73.0,124.0,96.0,302.0,228.0,330.0,172.0,97.0,147.0,91.0,2253.0,17,097,861303,1,170978613031
194.0,103.0,167.0,197.0,186.0,208.0,54.0,184.0,77.0,213.0,269.0,408.0,244.0,107.0,93.0,123.0,2827.0,17,097,861303,2,170978613032
84.0,53.0,30.0,83.0,37.0,128.0,102.0,113.0,30.0,182.0,126.0,171.0,87.0,75.0,90.0,57.0,1448.0,17,097,861304,1,170978613041
93.0,120.0,88.0,150.0,78.0,112.0,78.0,102.0,66.0,162.0,277.0,204.0,136.0,68.0,69.0,77.0,1880.0,17,097,861304,2,170978613042
115.0,71.0,105.0,101.0,85.0,56.0,223.0,150.0,136.0,290.0,303.0,369.0,214.0,122.0,150.0,152.0,2642.0,17,097,861402,1,170978614021
390.0,154.0,246.0,269.0,228.0,244.0,287.0,395.0,319.0,501.0,593.0,786.0,563.0,444.0,353.0,421.0,6193.0,17,097,861402,2,170978614022
55.0,57.0,64.0,89.0,38.0,58.0,56.0,74.0,67.0,121.0,106.0,83.0,45.0,73.0,51.0,34.0,1071.0,17,097,861403,1,170978614031
97.0,44.0,122.0,55.0,46.0,152.0,92.0,52.0,33.0,118.0,136.0,407.0,171.0,61.0,73.0,70.0,1729.0,17,097,861403,2,170978614032
105.0,35.0,68.0,55.0,63.0,104.0,80.0,54.0,116.0,187.0,317.0,260.0,119.0,91.0,90.0,58.0,1802.0,17,097,861404,1,170978614041
40.0,78.0,27.0,39.0,82.0,28.0,31.0,33.0,25.0,44.0,102.0,52.0,50.0,21.0,46.0,24.0,722.0,17,097,861404,2,170978614042
244.0,88.0,141.0,151.0,107.0,164.0,181.0,110.0,170.0,291.0,437.0,375.0,283.0,200.0,189.0,141.0,3272.0,17,097,861404,3,170978614043
145.0,83.0,154.0,195.0,147.0,105.0,96.0,211.0,232.0,93.0,304.0,384.0,152.0,114.0,84.0,115.0,2614.0,17,097,861504,1,170978615041
77.0,33.0,74.0,39.0,53.0,68.0,168.0,66.0,112.0,103.0,134.0,148.0,67.0,58.0,198.0,54.0,1452.0,17,097,861504,2,170978615042
69.0,48.0,54.0,125.0,57.0,44.0,72.0,55.0,102.0,142.0,213.0,195.0,164.0,101.0,116.0,63.0,1620.0,17,097,861504,3,170978615043
77.0,46.0,56.0,73.0,99.0,97.0,43.0,76.0,117.0,118.0,352.0,294.0,360.0,180.0,129.0,105.0,2222.0,17,097,861504,4,170978615044
105.0,48.0,78.0,89.0,79.0,141.0,80.0,94.0,60.0,169.0,205.0,361.0,225.0,178.0,244.0,267.0,2423.0,17,097,861505,1,170978615051
52.0,34.0,32.0,35.0,29.0,31.0,30.0,53.0,45.0,86.0,142.0,272.0,125.0,59.0,227.0,150.0,1402.0,17,097,861505,2,170978615052
219.0,30.0,97.0,40.0,26.0,52.0,51.0,22.0,58.0,118.0,127.0,124.0,155.0,36.0,44.0,45.0,1244.0,17,097,861506,1,170978615061
141.0,79.0,84.0,100.0,97.0,101.0,98.0,126.0,156.0,252.0,318.0,424.0,389.0,271.0,386.0,212.0,3234.0,17,097,861506,2,170978615062
36.0,16.0,20.0,102.0,64.0,19.0,38.0,97.0,66.0,50.0,108.0,96.0,43.0,40.0,59.0,33.0,887.0,17,097,861506,3,170978615063
78.0,65.0,48.0,84.0,43.0,117.0,56.0,56.0,62.0,97.0,216.0,301.0,173.0,165.0,156.0,96.0,1813.0,17,097,861507,1,170978615071
70.0,41.0,73.0,98.0,29.0,65.0,32.0,71.0,36.0,69.0,91.0,154.0,154.0,66.0,78.0,42.0,1169.0,17,097,861507,2,170978615072
210.0,90.0,95.0,139.0,153.0,137.0,121.0,127.0,138.0,191.0,210.0,361.0,218.0,184.0,173.0,153.0,2700.0,17,097,861508,1,170978615081
42.0,9.0,30.0,99.0,82.0,68.0,47.0,25.0,31.0,94.0,119.0,193.0,97.0,58.0,78.0,64.0,1136.0,17,097,861508,2,170978615082
67.0,33.0,33.0,27.0,27.0,34.0,34.0,44.0,58.0,66.0,115.0,141.0,151.0,120.0,115.0,219.0,1284.0,17,097,861509,1,170978615091
164.0,156.0,126.0,81.0,96.0,163.0,234.0,78.0,115.0,214.0,228.0,292.0,188.0,137.0,140.0,118.0,2530.0,17,097,861509,2,170978615092
50.0,13.0,46.0,30.0,35.0,24.0,37.0,14.0,15.0,90.0,54.0,121.0,106.0,97.0,70.0,51.0,853.0,17,097,861510,1,170978615101
50.0,47.0,76.0,65.0,53.0,33.0,81.0,36.0,39.0,68.0,128.0,176.0,228.0,87.0,144.0,166.0,1477.0,17,097,861510,2,170978615102
186.0,94.0,106.0,171.0,110.0,100.0,135.0,79.0,126.0,174.0,315.0,283.0,182.0,131.0,225.0,209.0,2626.0,17,097,861510,3,170978615103
118.0,80.0,71.0,124.0,105.0,71.0,76.0,94.0,45.0,216.0,327.0,289.0,267.0,126.0,159.0,218.0,2386.0,17,097,861603,1,170978616031
109.0,103.0,109.0,83.0,58.0,82.0,84.0,58.0,81.0,205.0,183.0,412.0,384.0,246.0,285.0,209.0,2691.0,17,097,861603,2,170978616032
19.0,48.0,18.0,53.0,25.0,37.0,24.0,44.0,31.0,31.0,58.0,86.0,90.0,49.0,21.0,24.0,658.0,17,097,861603,3,170978616033
169.0,101.0,96.0,77.0,71.0,109.0,96.0,73.0,91.0,272.0,283.0,363.0,252.0,246.0,349.0,367.0,3015.0,17,097,861604,1,170978616041
38.0,29.0,36.0,28.0,107.0,40.0,65.0,98.0,33.0,167.0,153.0,129.0,241.0,111.0,70.0,61.0,1406.0,17,097,861604,2,170978616042
67.0,32.0,47.0,44.0,37.0,62.0,40.0,54.0,49.0,99.0,102.0,198.0,148.0,169.0,179.0,208.0,1535.0,17,097,861604,3,170978616043
58.0,93.0,50.0,150.0,84.0,127.0,81.0,63.0,56.0,126.0,260.0,285.0,168.0,131.0,109.0,111.0,1952.0,17,097,861607,1,170978616071
56.0,47.0,61.0,143.0,57.0,77.0,77.0,57.0,60.0,143.0,219.0,193.0,144.0,60.0,95.0,58.0,1547.0,17,097,861607,2,170978616072
39.0,31.0,30.0,60.0,41.0,22.0,42.0,45.0,37.0,156.0,151.0,139.0,144.0,70.0,113.0,75.0,1195.0,17,097,861607,3,170978616073
106.0,60.0,56.0,100.0,59.0,66.0,59.0,56.0,72.0,145.0,232.0,336.0,255.0,219.0,160.0,160.0,2141.0,17,097,861608,1,170978616081
78.0,90.0,74.0,52.0,33.0,65.0,35.0,45.0,27.0,45.0,139.0,169.0,129.0,26.0,49.0,56.0,1112.0,17,097,861608,2,170978616082
142.0,167.0,89.0,219.0,77.0,90.0,121.0,62.0,73.0,282.0,233.0,409.0,183.0,183.0,147.0,148.0,2625.0,17,097,861609,1,170978616091
91.0,44.0,47.0,69.0,61.0,104.0,83.0,71.0,62.0,80.0,191.0,288.0,201.0,117.0,283.0,232.0,2024.0,17,097,861609,2,170978616092
84.0,39.0,61.0,62.0,41.0,40.0,38.0,67.0,28.0,138.0,141.0,201.0,183.0,262.0,162.0,263.0,1810.0,17,097,861610,1,170978616101
81.0,43.0,42.0,43.0,54.0,61.0,59.0,79.0,44.0,84.0,243.0,226.0,180.0,166.0,172.0,108.0,1685.0,17,097,861610,2,170978616102
49.0,32.0,30.0,40.0,40.0,22.0,47.0,37.0,30.0,76.0,126.0,171.0,143.0,153.0,142.0,81.0,1219.0,17,097,861611,1,170978616111
79.0,32.0,35.0,46.0,71.0,29.0,35.0,53.0,41.0,79.0,160.0,199.0,216.0,193.0,222.0,276.0,1766.0,17,097,861611,2,170978616112
36.0,27.0,15.0,16.0,34.0,42.0,22.0,21.0,24.0,45.0,77.0,102.0,135.0,57.0,189.0,254.0,1096.0,17,097,861611,3,170978616113
73.0,32.0,62.0,30.0,29.0,61.0,70.0,76.0,120.0,100.0,200.0,260.0,157.0,123.0,46.0,68.0,1507.0,17,097,861701,1,170978617011
38.0,5.0,72.0,24.0,25.0,22.0,10.0,19.0,17.0,27.0,49.0,91.0,35.0,30.0,57.0,19.0,540.0,17,097,861701,2,170978617012
64.0,34.0,24.0,49.0,114.0,32.0,28.0,32.0,57.0,58.0,63.0,157.0,42.0,45.0,66.0,37.0,902.0,17,097,861702,1,170978617021
82.0,97.0,104.0,139.0,90.0,68.0,58.0,129.0,138.0,263.0,228.0,514.0,207.0,120.0,167.0,132.0,2536.0,17,097,861702,2,170978617022
12.0,33.0,26.0,20.0,25.0,24.0,28.0,11.0,68.0,42.0,56.0,69.0,31.0,19.0,22.0,36.0,522.0,17,097,861702,3,170978617023
136.0,64.0,165.0,167.0,97.0,150.0,102.0,165.0,130.0,200.0,235.0,287.0,304.0,177.0,197.0,128.0,2704.0,17,097,861803,1,170978618031
181.0,196.0,152.0,162.0,225.0,300.0,100.0,184.0,66.0,319.0,307.0,398.0,257.0,188.0,144.0,169.0,3348.0,17,097,861803,2,170978618032
47.0,39.0,34.0,32.0,75.0,67.0,16.0,28.0,15.0,25.0,25.0,34.0,59.0,15.0,24.0,20.0,555.0,17,097,861803,3,170978618033
116.0,198.0,50.0,81.0,119.0,94.0,128.0,198.0,71.0,167.0,170.0,177.0,112.0,97.0,74.0,83.0,1935.0,17,097,861804,1,170978618041
121.0,115.0,67.0,49.0,97.0,52.0,94.0,47.0,26.0,72.0,133.0,204.0,103.0,86.0,122.0,58.0,1446.0,17,097,861804,2,170978618042
39.0,32.0,62.0,25.0,41.0,137.0,49.0,39.0,111.0,101.0,197.0,298.0,106.0,65.0,67.0,53.0,1422.0,17,097,861901,1,170978619011
35.0,42.0,23.0,28.0,54.0,46.0,57.0,26.0,23.0,92.0,85.0,198.0,80.0,97.0,43.0,38.0,967.0,17,097,861901,2,170978619012
59.0,102.0,33.0,54.0,55.0,103.0,54.0,94.0,57.0,113.0,247.0,290.0,228.0,170.0,116.0,91.0,1866.0,17,097,861901,3,170978619013
92.0,101.0,113.0,98.0,105.0,238.0,196.0,122.0,290.0,122.0,331.0,324.0,262.0,78.0,113.0,90.0,2675.0,17,097,861902,1,170978619021
35.0,9.0,48.0,14.0,16.0,17.0,9.0,13.0,52.0,52.0,65.0,156.0,26.0,89.0,21.0,28.0,650.0,17,097,861902,2,170978619022
119.0,62.0,151.0,99.0,137.0,80.0,210.0,104.0,110.0,247.0,134.0,156.0,85.0,91.0,72.0,78.0,1935.0,17,097,861902,3,170978619023
185.0,41.0,71.0,45.0,52.0,43.0,12.0,24.0,18.0,52.0,41.0,51.0,34.0,18.0,30.0,30.0,747.0,17,097,861902,4,170978619024
112.0,17.0,80.0,72.0,25.0,66.0,60.0,34.0,25.0,43.0,63.0,215.0,52.0,53.0,52.0,44.0,1013.0,17,097,862000,1,170978620001
118.0,69.0,41.0,97.0,25.0,51.0,46.0,49.0,86.0,91.0,153.0,119.0,102.0,81.0,53.0,51.0,1232.0,17,097,862000,2,170978620002
83.0,77.0,46.0,83.0,113.0,94.0,98.0,82.0,72.0,223.0,175.0,251.0,131.0,76.0,59.0,68.0,1731.0,17,097,862000,3,170978620003
67.0,59.0,73.0,159.0,134.0,65.0,78.0,98.0,67.0,112.0,209.0,232.0,93.0,59.0,69.0,63.0,1637.0,17,097,862000,4,170978620004
76.0,41.0,61.0,107.0,65.0,23.0,59.0,27.0,22.0,74.0,120.0,148.0,78.0,33.0,41.0,35.0,1010.0,17,097,862100,1,170978621001
99.0,96.0,43.0,131.0,47.0,102.0,80.0,53.0,80.0,93.0,128.0,145.0,71.0,64.0,47.0,87.0,1366.0,17,097,862100,2,170978621002
86.0,22.0,17.0,20.0,98.0,21.0,28.0,37.0,41.0,103.0,52.0,103.0,59.0,36.0,33.0,26.0,782.0,17,097,862100,3,170978621003
60.0,69.0,61.0,142.0,83.0,125.0,113.0,119.0,73.0,125.0,227.0,173.0,134.0,53.0,55.0,70.0,1682.0,17,097,862100,4,170978621004
185.0,31.0,124.0,62.0,59.0,86.0,78.0,50.0,66.0,169.0,164.0,234.0,131.0,106.0,117.0,100.0,1762.0,17,097,862200,1,170978622001
206.0,145.0,121.0,93.0,37.0,98.0,56.0,36.0,39.0,140.0,95.0,160.0,109.0,130.0,70.0,56.0,1591.0,17,097,862200,2,170978622002
112.0,114.0,31.0,21.0,112.0,31.0,37.0,35.0,12.0,48.0,78.0,95.0,39.0,21.0,32.0,30.0,848.0,17,097,862300,1,170978623001
158.0,72.0,98.0,60.0,103.0,70.0,26.0,24.0,47.0,80.0,128.0,88.0,94.0,62.0,41.0,34.0,1185.0,17,097,862300,2,170978623002
133.0,72.0,83.0,65.0,52.0,31.0,132.0,70.0,27.0,90.0,100.0,70.0,53.0,25.0,53.0,38.0,1094.0,17,097,862300,3,170978623003
72.0,55.0,127.0,105.0,69.0,94.0,27.0,99.0,71.0,94.0,213.0,77.0,129.0,55.0,61.0,54.0,1402.0,17,097,862401,1,170978624011
271.0,168.0,185.0,143.0,91.0,98.0,94.0,74.0,40.0,133.0,184.0,225.0,105.0,66.0,68.0,71.0,2016.0,17,097,862401,2,170978624012
179.0,46.0,69.0,24.0,56.0,48.0,106.0,28.0,48.0,63.0,44.0,89.0,69.0,23.0,30.0,45.0,967.0,17,097,862402,1,170978624021
82.0,24.0,64.0,87.0,91.0,144.0,99.0,41.0,37.0,90.0,142.0,92.0,65.0,45.0,65.0,52.0,1220.0,17,097,862402,2,170978624022
74.0,52.0,98.0,74.0,47.0,57.0,53.0,25.0,38.0,89.0,105.0,152.0,131.0,31.0,56.0,39.0,1121.0,17,097,862402,3,170978624023
127.0,67.0,87.0,45.0,126.0,84.0,135.0,72.0,140.0,235.0,224.0,196.0,137.0,92.0,80.0,108.0,1955.0,17,097,862501,1,170978625011
48.0,48.0,84.0,54.0,54.0,167.0,50.0,80.0,89.0,122.0,187.0,251.0,117.0,78.0,56.0,64.0,1549.0,17,097,862501,2,170978625012
38.0,18.0,40.0,77.0,61.0,134.0,90.0,15.0,20.0,131.0,92.0,86.0,109.0,51.0,33.0,37.0,1032.0,17,097,862502,1,170978625021
51.0,30.0,75.0,31.0,87.0,66.0,66.0,77.0,112.0,86.0,105.0,168.0,108.0,46.0,35.0,53.0,1196.0,17,097,862502,2,170978625022
41.0,14.0,15.0,32.0,80.0,37.0,62.0,15.0,19.0,21.0,66.0,63.0,90.0,29.0,28.0,20.0,632.0,17,097,862603,1,170978626031
244.0,77.0,175.0,135.0,107.0,298.0,216.0,256.0,67.0,117.0,347.0,185.0,155.0,90.0,99.0,112.0,2680.0,17,097,862603,2,170978626032
95.0,37.0,41.0,82.0,36.0,42.0,41.0,29.0,58.0,145.0,341.0,333.0,136.0,60.0,278.0,71.0,1825.0,17,097,862603,3,170978626033
50.0,29.0,133.0,159.0,34.0,79.0,38.0,39.0,69.0,208.0,247.0,177.0,186.0,87.0,78.0,63.0,1676.0,17,097,862603,4,170978626034
44.0,55.0,36.0,43.0,69.0,110.0,30.0,21.0,52.0,147.0,233.0,263.0,74.0,54.0,75.0,81.0,1387.0,17,097,862603,5,170978626035
138.0,154.0,172.0,127.0,61.0,55.0,71.0,56.0,157.0,271.0,189.0,183.0,116.0,77.0,92.0,123.0,2042.0,17,097,862604,1,170978626041
41.0,87.0,26.0,114.0,46.0,32.0,57.0,40.0,29.0,202.0,106.0,96.0,80.0,45.0,43.0,36.0,1080.0,17,097,862604,2,170978626042
80.0,43.0,47.0,45.0,73.0,150.0,110.0,97.0,58.0,92.0,106.0,123.0,142.0,117.0,96.0,83.0,1462.0,17,097,862604,3,170978626043
560.0,95.0,112.0,50.0,45.0,75.0,43.0,37.0,25.0,93.0,144.0,170.0,74.0,64.0,63.0,70.0,1720.0,17,097,862605,1,170978626051
101.0,30.0,77.0,64.0,101.0,40.0,35.0,84.0,56.0,151.0,156.0,137.0,74.0,58.0,57.0,70.0,1291.0,17,097,862605,2,170978626052
83.0,149.0,110.0,182.0,53.0,99.0,54.0,85.0,46.0,117.0,111.0,89.0,98.0,48.0,40.0,55.0,1419.0,17,097,862605,3,170978626053
45.0,57.0,16.0,35.0,32.0,14.0,10.0,14.0,6.0,25.0,49.0,66.0,25.0,14.0,10.0,18.0,436.0,17,097,862700,1,170978627001
155.0,123.0,44.0,256.0,71.0,106.0,77.0,90.0,31.0,76.0,199.0,126.0,94.0,50.0,86.0,56.0,1640.0,17,097,862700,2,170978627002
55.0,18.0,57.0,85.0,60.0,128.0,34.0,74.0,21.0,88.0,38.0,97.0,42.0,32.0,40.0,34.0,903.0,17,097,862700,3,170978627003
28.0,18.0,25.0,32.0,32.0,52.0,60.0,12.0,7.0,82.0,46.0,70.0,32.0,21.0,19.0,30.0,566.0,17,097,862700,4,170978627004
271.0,100.0,118.0,107.0,111.0,112.0,97.0,69.0,99.0,265.0,171.0,200.0,207.0,102.0,70.0,114.0,2213.0,17,097,862800,1,170978628001
118.0,105.0,99.0,72.0,102.0,91.0,122.0,65.0,78.0,82.0,156.0,152.0,128.0,89.0,78.0,54.0,1591.0,17,097,862901,1,170978629011
149.0,47.0,68.0,124.0,83.0,59.0,85.0,52.0,103.0,49.0,121.0,133.0,108.0,62.0,58.0,42.0,1343.0,17,097,862901,2,170978629012
72.0,22.0,36.0,54.0,63.0,43.0,19.0,10.0,51.0,61.0,64.0,40.0,34.0,28.0,17.0,20.0,634.0,17,097,862901,3,170978629013
197.0,93.0,98.0,78.0,110.0,74.0,39.0,33.0,36.0,93.0,79.0,102.0,82.0,45.0,42.0,42.0,1243.0,17,097,862902,1,170978629021
86.0,102.0,25.0,84.0,65.0,43.0,76.0,63.0,103.0,123.0,162.0,97.0,83.0,41.0,59.0,53.0,1265.0,17,097,862902,2,170978629022
4.0,2.0,4.0,3.0,2.0,2.0,4.0,2.0,7.0,2.0,8.0,7.0,5.0,3.0,49.0,5.0,109.0,17,097,863003,1,170978630031
73.0,41.0,92.0,60.0,41.0,60.0,57.0,127.0,75.0,221.0,218.0,256.0,315.0,64.0,67.0,89.0,1856.0,17,097,863004,1,170978630041
150.0,36.0,39.0,34.0,25.0,33.0,100.0,43.0,47.0,66.0,80.0,154.0,66.0,137.0,47.0,52.0,1109.0,17,097,863004,2,170978630042
25.0,21.0,18.0,56.0,63.0,12.0,34.0,47.0,105.0,100.0,103.0,117.0,94.0,31.0,35.0,46.0,907.0,17,097,863004,3,170978630043
30.0,104.0,17.0,45.0,89.0,79.0,24.0,24.0,14.0,26.0,82.0,63.0,59.0,28.0,28.0,26.0,738.0,17,097,863100,1,170978631001
173.0,153.0,102.0,127.0,110.0,182.0,129.0,158.0,102.0,194.0,152.0,198.0,114.0,96.0,83.0,88.0,2161.0,17,097,863100,2,170978631002
89.0,65.0,117.0,52.0,55.0,73.0,44.0,72.0,27.0,57.0,78.0,135.0,75.0,32.0,47.0,29.0,1047.0,17,097,863201,1,170978632011
88.0,89.0,32.0,35.0,38.0,50.0,53.0,23.0,28.0,43.0,66.0,152.0,90.0,36.0,69.0,32.0,924.0,17,097,863201,2,170978632012
70.0,47.0,112.0,88.0,53.0,116.0,95.0,123.0,38.0,101.0,223.0,172.0,170.0,81.0,73.0,108.0,1670.0,17,097,863201,3,170978632013
79.0,24.0,41.0,100.0,64.0,53.0,50.0,64.0,45.0,52.0,167.0,168.0,164.0,117.0,145.0,167.0,1500.0,17,097,863202,1,170978632021
31.0,22.0,33.0,12.0,24.0,20.0,18.0,34.0,30.0,63.0,66.0,112.0,72.0,61.0,55.0,66.0,719.0,17,097,863202,2,170978632022
46.0,93.0,40.0,33.0,61.0,30.0,37.0,59.0,47.0,114.0,98.0,167.0,151.0,144.0,188.0,199.0,1507.0,17,097,863202,3,170978632023
121.0,34.0,30.0,30.0,119.0,49.0,36.0,54.0,30.0,51.0,112.0,205.0,85.0,59.0,120.0,208.0,1343.0,17,097,863202,4,170978632024
60.0,44.0,26.0,36.0,28.0,22.0,35.0,29.0,13.0,63.0,79.0,137.0,61.0,70.0,96.0,195.0,994.0,17,097,863300,1,170978633001
48.0,11.0,25.0,14.0,14.0,13.0,14.0,15.0,12.0,27.0,47.0,90.0,63.0,37.0,60.0,204.0,694.0,17,097,863300,2,170978633002
27.0,32.0,25.0,23.0,51.0,40.0,35.0,26.0,18.0,56.0,81.0,71.0,113.0,66.0,101.0,180.0,945.0,17,097,863300,3,170978633003
33.0,15.0,10.0,13.0,42.0,21.0,37.0,11.0,8.0,19.0,31.0,75.0,47.0,33.0,47.0,100.0,542.0,17,097,863400,1,170978634001
116.0,31.0,37.0,31.0,72.0,27.0,40.0,77.0,33.0,98.0,110.0,222.0,126.0,159.0,95.0,428.0,1702.0,17,097,863400,2,170978634002
78.0,30.0,33.0,47.0,41.0,25.0,33.0,26.0,30.0,151.0,114.0,119.0,122.0,56.0,74.0,333.0,1312.0,17,097,863400,3,170978634003
44.0,40.0,54.0,33.0,35.0,71.0,31.0,60.0,63.0,75.0,98.0,111.0,117.0,61.0,56.0,143.0,1092.0,17,097,863500,1,170978635001
52.0,38.0,41.0,22.0,22.0,22.0,27.0,19.0,17.0,39.0,50.0,135.0,115.0,88.0,57.0,261.0,1005.0,17,097,863500,2,170978635002
89.0,34.0,67.0,75.0,60.0,41.0,43.0,39.0,38.0,108.0,169.0,174.0,195.0,123.0,105.0,381.0,1741.0,17,097,863500,3,170978635003
100.0,57.0,81.0,87.0,56.0,69.0,48.0,66.0,48.0,135.0,202.0,230.0,240.0,199.0,315.0,712.0,2645.0,17,097,863601,1,170978636011
34.0,28.0,20.0,41.0,20.0,46.0,55.0,19.0,44.0,59.0,76.0,165.0,74.0,48.0,83.0,167.0,979.0,17,097,863601,2,170978636012
87.0,34.0,57.0,65.0,100.0,59.0,44.0,99.0,47.0,85.0,159.0,216.0,175.0,112.0,291.0,321.0,1951.0,17,097,863603,1,170978636031
46.0,34.0,44.0,32.0,26.0,27.0,26.0,34.0,27.0,55.0,133.0,153.0,82.0,180.0,277.0,279.0,1455.0,17,097,863603,2,170978636032
64.0,40.0,44.0,63.0,47.0,57.0,58.0,52.0,53.0,91.0,129.0,186.0,107.0,136.0,167.0,309.0,1603.0,17,097,863604,1,170978636041
49.0,25.0,22.0,60.0,20.0,71.0,39.0,22.0,87.0,87.0,151.0,105.0,123.0,87.0,98.0,125.0,1171.0,17,097,863604,2,170978636042
105.0,38.0,78.0,52.0,52.0,52.0,86.0,43.0,59.0,68.0,158.0,187.0,225.0,93.0,157.0,294.0,1747.0,17,097,863701,1,170978637011
58.0,38.0,26.0,31.0,30.0,37.0,60.0,38.0,40.0,53.0,119.0,198.0,81.0,106.0,122.0,121.0,1158.0,17,097,863701,2,170978637012
132.0,83.0,38.0,37.0,66.0,70.0,63.0,47.0,66.0,78.0,92.0,227.0,112.0,77.0,95.0,183.0,1466.0,17,097,863701,3,170978637013
70.0,59.0,36.0,109.0,66.0,82.0,77.0,52.0,92.0,243.0,173.0,242.0,129.0,102.0,113.0,121.0,1766.0,17,097,863702,1,170978637021
71.0,31.0,58.0,43.0,65.0,38.0,71.0,59.0,63.0,97.0,112.0,240.0,162.0,120.0,218.0,405.0,1853.0,17,097,863702,2,170978637022
124.0,65.0,88.0,64.0,77.0,85.0,84.0,64.0,58.0,144.0,212.0,266.0,203.0,121.0,193.0,434.0,2282.0,17,097,863801,1,170978638011
88.0,57.0,64.0,63.0,91.0,101.0,44.0,49.0,88.0,177.0,210.0,312.0,214.0,174.0,267.0,278.0,2277.0,17,097,863801,2,170978638012
125.0,69.0,86.0,113.0,111.0,92.0,88.0,72.0,75.0,123.0,325.0,232.0,214.0,207.0,211.0,141.0,2284.0,17,097,863902,1,170978639021
31.0,12.0,18.0,35.0,16.0,18.0,20.0,92.0,18.0,100.0,76.0,158.0,140.0,21.0,74.0,43.0,872.0,17,097,863902,2,170978639022
38.0,39.0,76.0,59.0,36.0,60.0,64.0,28.0,211.0,117.0,171.0,122.0,119.0,90.0,43.0,82.0,1355.0,17,097,863902,3,170978639023
52.0,49.0,69.0,49.0,60.0,76.0,78.0,85.0,84.0,55.0,129.0,121.0,69.0,56.0,46.0,40.0,1118.0,17,097,863902,4,170978639024
44.0,20.0,29.0,29.0,23.0,35.0,96.0,18.0,18.0,151.0,89.0,114.0,57.0,74.0,102.0,66.0,965.0,17,097,863903,1,170978639031
63.0,28.0,40.0,59.0,84.0,35.0,58.0,51.0,36.0,79.0,133.0,179.0,109.0,117.0,144.0,227.0,1442.0,17,097,863903,2,170978639032
65.0,32.0,25.0,33.0,29.0,81.0,29.0,59.0,28.0,101.0,123.0,97.0,79.0,37.0,111.0,121.0,1050.0,17,097,863903,3,170978639033
49.0,25.0,22.0,24.0,22.0,27.0,35.0,27.0,26.0,35.0,73.0,97.0,243.0,92.0,51.0,162.0,1010.0,17,097,863903,4,170978639034
142.0,97.0,123.0,101.0,118.0,99.0,102.0,104.0,103.0,199.0,258.0,441.0,394.0,420.0,443.0,970.0,4114.0,17,097,863904,1,170978639041
82.0,29.0,53.0,59.0,127.0,41.0,35.0,43.0,43.0,122.0,157.0,200.0,172.0,176.0,252.0,340.0,1931.0,17,097,863904,2,170978639042
73.0,37.0,56.0,45.0,93.0,82.0,70.0,36.0,92.0,154.0,130.0,291.0,161.0,165.0,270.0,149.0,1904.0,17,097,864001,1,170978640011
91.0,51.0,124.0,147.0,121.0,103.0,110.0,188.0,47.0,271.0,288.0,321.0,179.0,163.0,145.0,169.0,2518.0,17,097,864001,2,170978640012
114.0,56.0,142.0,84.0,65.0,51.0,107.0,95.0,126.0,101.0,205.0,199.0,170.0,198.0,169.0,106.0,1988.0,17,097,864001,3,170978640013
74.0,55.0,14.0,73.0,30.0,40.0,78.0,21.0,40.0,144.0,140.0,114.0,63.0,36.0,82.0,54.0,1058.0,17,097,864002,1,170978640021
120.0,54.0,100.0,126.0,70.0,90.0,64.0,50.0,52.0,149.0,205.0,347.0,158.0,51.0,118.0,67.0,1821.0,17,097,864002,2,170978640022
66.0,47.0,115.0,116.0,62.0,40.0,96.0,114.0,129.0,95.0,137.0,196.0,122.0,122.0,67.0,51.0,1575.0,17,097,864002,3,170978640023
97.0,178.0,91.0,61.0,38.0,67.0,39.0,126.0,81.0,131.0,189.0,264.0,121.0,145.0,137.0,93.0,1858.0,17,097,864002,4,170978640024
182.0,88.0,132.0,153.0,175.0,160.0,105.0,188.0,243.0,211.0,326.0,384.0,210.0,196.0,147.0,303.0,3203.0,17,097,864101,1,170978641011
214.0,151.0,211.0,278.0,139.0,323.0,209.0,163.0,166.0,450.0,588.0,1151.0,630.0,553.0,627.0,704.0,6557.0,17,097,864101,2,170978641012
48.0,42.0,59.0,36.0,37.0,63.0,58.0,39.0,42.0,108.0,198.0,129.0,137.0,113.0,118.0,337.0,1564.0,17,097,864101,3,170978641013
117.0,131.0,112.0,114.0,97.0,158.0,163.0,72.0,90.0,336.0,342.0,552.0,344.0,330.0,372.0,393.0,3723.0,17,097,864105,1,170978641051
85.0,52.0,67.0,58.0,49.0,73.0,105.0,130.0,79.0,104.0,216.0,349.0,278.0,247.0,294.0,338.0,2524.0,17,097,864105,2,170978641052
54.0,18.0,34.0,51.0,62.0,61.0,30.0,44.0,29.0,57.0,101.0,161.0,141.0,68.0,92.0,191.0,1194.0,17,097,864106,1,170978641061
26.0,14.0,16.0,32.0,23.0,36.0,19.0,11.0,40.0,20.0,56.0,90.0,59.0,57.0,33.0,43.0,575.0,17,097,864106,2,170978641062
89.0,41.0,44.0,54.0,74.0,64.0,99.0,124.0,50.0,107.0,180.0,248.0,132.0,148.0,175.0,70.0,1699.0,17,097,864106,3,170978641063
40.0,17.0,47.0,16.0,23.0,33.0,17.0,32.0,38.0,54.0,113.0,83.0,125.0,63.0,69.0,33.0,803.0,17,097,864106,4,170978641064
70.0,40.0,78.0,103.0,120.0,109.0,57.0,97.0,63.0,210.0,216.0,255.0,280.0,175.0,155.0,142.0,2170.0,17,097,864107,1,170978641071
180.0,60.0,117.0,134.0,70.0,60.0,48.0,155.0,60.0,153.0,257.0,296.0,186.0,231.0,248.0,348.0,2603.0,17,097,864107,2,170978641072
92.0,58.0,82.0,92.0,144.0,75.0,150.0,68.0,70.0,160.0,268.0,424.0,326.0,249.0,206.0,187.0,2651.0,17,097,864108,1,170978641081
69.0,88.0,105.0,65.0,95.0,57.0,87.0,94.0,27.0,142.0,132.0,245.0,179.0,132.0,89.0,71.0,1677.0,17,097,864108,2,170978641082
48.0,27.0,62.0,77.0,30.0,27.0,104.0,78.0,75.0,84.0,106.0,131.0,74.0,172.0,100.0,126.0,1321.0,17,097,864108,3,170978641083
97.0,99.0,51.0,53.0,63.0,54.0,132.0,22.0,42.0,119.0,228.0,249.0,170.0,98.0,83.0,87.0,1647.0,17,097,864203,1,170978642031
149.0,88.0,105.0,89.0,85.0,89.0,122.0,117.0,109.0,231.0,315.0,406.0,287.0,176.0,213.0,223.0,2804.0,17,097,864203,2,170978642032
67.0,22.0,96.0,168.0,112.0,48.0,113.0,46.0,103.0,125.0,161.0,281.0,109.0,82.0,70.0,77.0,1680.0,17,097,864204,1,170978642041
176.0,82.0,41.0,93.0,48.0,54.0,41.0,48.0,36.0,90.0,135.0,199.0,117.0,95.0,71.0,75.0,1401.0,17,097,864204,2,170978642042
76.0,32.0,58.0,32.0,45.0,42.0,45.0,60.0,27.0,114.0,122.0,171.0,143.0,134.0,160.0,94.0,1355.0,17,097,864204,3,170978642043
334.0,118.0,164.0,187.0,166.0,208.0,198.0,155.0,186.0,292.0,589.0,772.0,679.0,449.0,557.0,514.0,5568.0,17,097,864205,1,170978642051
110.0,63.0,30.0,52.0,53.0,94.0,76.0,78.0,38.0,112.0,167.0,234.0,166.0,83.0,72.0,98.0,1526.0,17,097,864205,2,170978642052
173.0,57.0,104.0,43.0,98.0,54.0,98.0,68.0,111.0,191.0,262.0,308.0,195.0,157.0,211.0,125.0,2255.0,17,097,864205,3,170978642053
167.0,102.0,106.0,82.0,216.0,132.0,124.0,134.0,79.0,175.0,239.0,309.0,303.0,132.0,114.0,107.0,2521.0,17,097,864206,1,170978642061
44.0,53.0,71.0,56.0,46.0,33.0,83.0,48.0,29.0,87.0,99.0,158.0,78.0,34.0,49.0,66.0,1034.0,17,097,864206,2,170978642062
44.0,29.0,27.0,32.0,43.0,53.0,36.0,66.0,45.0,85.0,109.0,174.0,145.0,83.0,146.0,267.0,1384.0,17,097,864303,1,170978643031
59.0,33.0,50.0,43.0,40.0,29.0,60.0,31.0,33.0,115.0,100.0,188.0,121.0,83.0,117.0,235.0,1337.0,17,097,864303,2,170978643032
128.0,33.0,44.0,47.0,40.0,39.0,39.0,55.0,61.0,151.0,185.0,245.0,104.0,173.0,136.0,256.0,1736.0,17,097,864303,3,170978643033
94.0,84.0,81.0,98.0,109.0,63.0,89.0,102.0,125.0,126.0,229.0,248.0,239.0,140.0,154.0,450.0,2431.0,17,097,864305,1,170978643051
66.0,58.0,72.0,61.0,75.0,62.0,61.0,59.0,61.0,133.0,151.0,205.0,143.0,97.0,148.0,150.0,1602.0,17,097,864305,2,170978643052
44.0,48.0,36.0,25.0,46.0,42.0,44.0,46.0,27.0,40.0,99.0,162.0,120.0,105.0,103.0,216.0,1203.0,17,097,864306,1,170978643061
56.0,23.0,28.0,24.0,44.0,44.0,53.0,21.0,24.0,78.0,76.0,109.0,126.0,115.0,135.0,223.0,1179.0,17,097,864306,2,170978643062
93.0,86.0,91.0,51.0,53.0,85.0,76.0,37.0,70.0,123.0,126.0,273.0,116.0,138.0,156.0,265.0,1839.0,17,097,864307,1,170978643071
37.0,36.0,31.0,75.0,38.0,33.0,42.0,39.0,47.0,96.0,139.0,175.0,162.0,88.0,64.0,209.0,1311.0,17,097,864308,1,170978643081
63.0,40.0,51.0,34.0,42.0,39.0,58.0,49.0,28.0,132.0,82.0,128.0,86.0,50.0,62.0,118.0,1062.0,17,097,864308,2,170978643082
61.0,45.0,101.0,44.0,87.0,42.0,41.0,45.0,34.0,77.0,146.0,255.0,112.0,82.0,214.0,206.0,1592.0,17,097,864308,3,170978643083
149.0,83.0,211.0,73.0,88.0,126.0,86.0,72.0,113.0,253.0,200.0,287.0,394.0,240.0,420.0,903.0,3698.0,17,097,864402,1,170978644021
100.0,68.0,52.0,62.0,92.0,143.0,53.0,68.0,88.0,171.0,221.0,221.0,170.0,221.0,236.0,175.0,2141.0,17,097,864402,2,170978644022
45.0,33.0,54.0,56.0,42.0,61.0,53.0,36.0,138.0,85.0,100.0,201.0,227.0,139.0,200.0,162.0,1632.0,17,097,864402,3,170978644023
49.0,40.0,34.0,37.0,53.0,37.0,70.0,28.0,43.0,52.0,129.0,179.0,102.0,61.0,240.0,271.0,1425.0,17,097,864403,1,170978644031
126.0,49.0,63.0,56.0,77.0,53.0,45.0,59.0,47.0,83.0,128.0,277.0,229.0,136.0,176.0,440.0,2044.0,17,097,864403,2,170978644032
46.0,24.0,53.0,28.0,63.0,47.0,22.0,31.0,23.0,75.0,96.0,99.0,135.0,48.0,130.0,266.0,1186.0,17,097,864403,3,170978644033
119.0,52.0,69.0,101.0,94.0,104.0,110.0,68.0,51.0,198.0,189.0,343.0,424.0,212.0,349.0,596.0,3079.0,17,097,864407,1,170978644071
136.0,54.0,97.0,93.0,68.0,58.0,68.0,88.0,91.0,184.0,156.0,362.0,206.0,312.0,289.0,494.0,2756.0,17,097,864407,2,170978644072
60.0,42.0,42.0,44.0,57.0,61.0,28.0,93.0,56.0,105.0,250.0,175.0,212.0,149.0,111.0,189.0,1674.0,17,097,864408,1,170978644081
126.0,71.0,75.0,85.0,105.0,99.0,44.0,61.0,72.0,172.0,234.0,308.0,351.0,119.0,250.0,192.0,2364.0,17,097,864408,2,170978644082
80.0,53.0,60.0,135.0,54.0,45.0,82.0,119.0,59.0,101.0,187.0,160.0,172.0,94.0,172.0,151.0,1724.0,17,097,864408,3,170978644083
53.0,22.0,14.0,33.0,49.0,30.0,39.0,66.0,17.0,42.0,92.0,183.0,172.0,114.0,86.0,97.0,1109.0,17,097,864409,1,170978644091
141.0,81.0,103.0,90.0,96.0,120.0,63.0,104.0,51.0,173.0,206.0,251.0,189.0,141.0,171.0,173.0,2153.0,17,097,864409,2,170978644092
52.0,40.0,27.0,45.0,28.0,103.0,22.0,30.0,28.0,81.0,99.0,168.0,137.0,96.0,175.0,148.0,1279.0,17,097,864409,3,170978644093
65.0,40.0,95.0,74.0,50.0,52.0,43.0,40.0,74.0,121.0,134.0,258.0,280.0,227.0,254.0,191.0,1998.0,17,097,864410,1,170978644101
140.0,53.0,72.0,106.0,57.0,100.0,58.0,51.0,68.0,114.0,116.0,348.0,282.0,189.0,439.0,357.0,2550.0,17,097,864410,2,170978644102
17.0,13.0,16.0,16.0,14.0,17.0,26.0,21.0,20.0,38.0,37.0,45.0,35.0,85.0,103.0,77.0,580.0,17,097,864410,3,170978644103
62.0,32.0,34.0,26.0,42.0,28.0,60.0,32.0,39.0,69.0,67.0,197.0,160.0,30.0,111.0,230.0,1219.0,17,097,864411,1,170978644111
67.0,45.0,63.0,47.0,51.0,52.0,62.0,36.0,45.0,110.0,90.0,282.0,196.0,179.0,185.0,351.0,1861.0,17,097,864411,2,170978644112
61.0,40.0,45.0,56.0,48.0,54.0,48.0,38.0,34.0,113.0,116.0,172.0,130.0,250.0,184.0,371.0,1760.0,17,097,864411,3,170978644113
68.0,39.0,70.0,75.0,43.0,47.0,49.0,56.0,69.0,104.0,128.0,248.0,233.0,127.0,209.0,251.0,1816.0,17,097,864412,1,170978644121
76.0,60.0,78.0,61.0,69.0,98.0,83.0,67.0,94.0,147.0,210.0,309.0,235.0,222.0,227.0,300.0,2336.0,17,097,864412,2,170978644122
35.0,16.0,26.0,25.0,48.0,23.0,28.0,20.0,22.0,49.0,59.0,191.0,176.0,84.0,121.0,199.0,1122.0,17,097,864505,1,170978645051
103.0,69.0,68.0,74.0,87.0,42.0,104.0,46.0,78.0,166.0,161.0,347.0,150.0,155.0,207.0,160.0,2017.0,17,097,864505,2,170978645052
145.0,64.0,82.0,82.0,97.0,100.0,71.0,91.0,50.0,174.0,137.0,389.0,296.0,99.0,87.0,120.0,2084.0,17,097,864505,3,170978645053
88.0,39.0,48.0,35.0,51.0,75.0,41.0,32.0,67.0,143.0,164.0,220.0,157.0,108.0,206.0,127.0,1601.0,17,097,864505,4,170978645054
58.0,41.0,48.0,97.0,85.0,89.0,91.0,70.0,44.0,143.0,195.0,332.0,174.0,139.0,125.0,106.0,1837.0,17,097,864510,1,170978645101
113.0,56.0,95.0,179.0,111.0,120.0,130.0,73.0,113.0,217.0,282.0,396.0,318.0,195.0,183.0,133.0,2714.0,17,097,864510,2,170978645102
38.0,27.0,38.0,29.0,29.0,29.0,103.0,26.0,21.0,36.0,60.0,95.0,127.0,57.0,118.0,327.0,1160.0,17,097,864511,1,170978645111
122.0,155.0,113.0,147.0,171.0,83.0,260.0,123.0,45.0,168.0,263.0,272.0,229.0,156.0,219.0,305.0,2831.0,17,097,864511,2,170978645112
27.0,7.0,16.0,22.0,18.0,19.0,35.0,84.0,22.0,72.0,35.0,93.0,62.0,71.0,49.0,51.0,683.0,17,097,864511,3,170978645113
47.0,60.0,38.0,43.0,54.0,68.0,29.0,24.0,35.0,66.0,159.0,242.0,188.0,170.0,194.0,150.0,1567.0,17,097,864511,4,170978645114
126.0,68.0,54.0,107.0,62.0,79.0,63.0,43.0,71.0,109.0,125.0,253.0,257.0,167.0,284.0,632.0,2500.0,17,097,864512,1,170978645121
111.0,63.0,62.0,45.0,67.0,157.0,51.0,108.0,45.0,94.0,181.0,241.0,183.0,131.0,171.0,282.0,1992.0,17,097,864512,2,170978645122
53.0,42.0,59.0,39.0,64.0,79.0,40.0,26.0,43.0,70.0,114.0,168.0,177.0,133.0,278.0,392.0,1777.0,17,097,864513,1,170978645131
47.0,47.0,46.0,58.0,36.0,29.0,40.0,38.0,26.0,48.0,115.0,180.0,158.0,129.0,129.0,58.0,1184.0,17,097,864513,2,170978645132
24.0,25.0,26.0,22.0,20.0,34.0,34.0,40.0,19.0,85.0,87.0,168.0,125.0,89.0,127.0,80.0,1005.0,17,097,864513,3,170978645133
43.0,27.0,40.0,23.0,29.0,50.0,24.0,48.0,51.0,88.0,110.0,131.0,179.0,122.0,164.0,119.0,1248.0,17,097,864513,4,170978645134
114.0,79.0,79.0,80.0,73.0,113.0,160.0,79.0,54.0,140.0,295.0,329.0,252.0,254.0,296.0,388.0,2785.0,17,097,864514,1,170978645141
57.0,36.0,43.0,52.0,31.0,35.0,34.0,33.0,34.0,107.0,112.0,184.0,113.0,162.0,200.0,296.0,1529.0,17,097,864515,1,170978645151
26.0,42.0,28.0,43.0,40.0,22.0,30.0,34.0,19.0,37.0,96.0,185.0,131.0,108.0,90.0,64.0,995.0,17,097,864515,2,170978645152
49.0,29.0,20.0,47.0,38.0,25.0,22.0,73.0,40.0,41.0,55.0,118.0,166.0,70.0,91.0,94.0,978.0,17,097,864516,1,170978645161
48.0,32.0,40.0,52.0,53.0,28.0,52.0,83.0,63.0,51.0,141.0,163.0,194.0,85.0,212.0,160.0,1457.0,17,097,864516,2,170978645162
111.0,50.0,72.0,104.0,75.0,74.0,44.0,50.0,53.0,150.0,196.0,217.0,199.0,116.0,209.0,165.0,1885.0,17,097,864516,3,170978645163
94.0,42.0,65.0,53.0,72.0,51.0,78.0,102.0,44.0,131.0,238.0,223.0,201.0,205.0,205.0,607.0,2411.0,17,097,864517,1,170978645171
89.0,29.0,23.0,37.0,25.0,49.0,29.0,33.0,28.0,97.0,98.0,125.0,200.0,73.0,100.0,156.0,1191.0,17,097,864517,2,170978645172
64.0,38.0,45.0,32.0,20.0,72.0,37.0,37.0,29.0,134.0,169.0,161.0,118.0,107.0,103.0,202.0,1368.0,17,097,864518,1,170978645181
76.0,53.0,60.0,39.0,42.0,52.0,74.0,112.0,49.0,109.0,141.0,238.0,251.0,152.0,149.0,115.0,1712.0,17,097,864518,2,170978645182
33.0,17.0,16.0,17.0,30.0,25.0,19.0,58.0,41.0,45.0,60.0,109.0,99.0,69.0,49.0,101.0,788.0,17,097,864518,3,170978645183
38.0,23.0,31.0,29.0,58.0,24.0,33.0,24.0,28.0,94.0,98.0,238.0,147.0,66.0,76.0,84.0,1091.0,17,097,864518,4,170978645184
157.0,69.0,67.0,43.0,53.0,89.0,50.0,66.0,113.0,207.0,154.0,324.0,201.0,226.0,210.0,184.0,2213.0,17,097,864519,1,170978645191
135.0,78.0,61.0,114.0,67.0,74.0,86.0,72.0,85.0,160.0,219.0,329.0,251.0,268.0,274.0,327.0,2600.0,17,097,864519,2,170978645192
104.0,45.0,86.0,65.0,47.0,85.0,75.0,73.0,54.0,136.0,290.0,278.0,179.0,186.0,389.0,439.0,2531.0,17,097,864520,1,170978645201
53.0,31.0,34.0,38.0,19.0,47.0,34.0,84.0,47.0,78.0,134.0,104.0,123.0,102.0,137.0,181.0,1246.0,17,097,864520,2,170978645202
57.0,30.0,76.0,47.0,39.0,59.0,61.0,42.0,60.0,107.0,143.0,196.0,195.0,148.0,247.0,168.0,1675.0,17,097,864520,3,170978645203
95.0,71.0,101.0,105.0,93.0,127.0,94.0,95.0,92.0,219.0,167.0,354.0,126.0,118.0,240.0,190.0,2287.0,17,097,864521,1,170978645211
72.0,44.0,47.0,27.0,68.0,51.0,42.0,74.0,63.0,121.0,131.0,204.0,174.0,117.0,150.0,374.0,1759.0,17,097,864522,1,170978645221
62.0,51.0,34.0,44.0,42.0,40.0,30.0,34.0,43.0,79.0,82.0,117.0,173.0,84.0,188.0,365.0,1468.0,17,097,864522,2,170978645222
61.0,39.0,31.0,43.0,35.0,62.0,49.0,39.0,32.0,92.0,137.0,104.0,177.0,69.0,162.0,223.0,1355.0,17,097,864522,3,170978645223
53.0,27.0,38.0,28.0,23.0,29.0,22.0,17.0,33.0,72.0,70.0,146.0,103.0,100.0,233.0,190.0,1184.0,17,097,864601,1,170978646011
122.0,68.0,77.0,79.0,71.0,77.0,79.0,56.0,76.0,136.0,165.0,309.0,188.0,186.0,216.0,714.0,2619.0,17,097,864601,2,170978646012
66.0,66.0,82.0,77.0,56.0,45.0,54.0,83.0,49.0,125.0,169.0,188.0,193.0,110.0,181.0,593.0,2137.0,17,097,864602,1,170978646021
53.0,43.0,109.0,92.0,42.0,45.0,34.0,39.0,38.0,98.0,128.0,174.0,151.0,72.0,238.0,324.0,1680.0,17,097,864602,2,170978646022
44.0,24.0,19.0,24.0,38.0,34.0,34.0,39.0,14.0,59.0,74.0,70.0,59.0,63.0,105.0,229.0,929.0,17,097,864700,1,170978647001
25.0,21.0,8.0,21.0,21.0,14.0,14.0,20.0,31.0,29.0,41.0,99.0,46.0,97.0,94.0,96.0,677.0,17,097,864700,2,170978647002
35.0,27.0,59.0,62.0,25.0,27.0,37.0,32.0,63.0,57.0,73.0,120.0,122.0,80.0,97.0,241.0,1157.0,17,097,864700,3,170978647003
60.0,21.0,35.0,43.0,38.0,35.0,38.0,42.0,26.0,75.0,86.0,97.0,79.0,67.0,89.0,223.0,1054.0,17,097,864801,1,170978648011
37.0,25.0,30.0,26.0,25.0,37.0,26.0,53.0,55.0,67.0,100.0,242.0,148.0,93.0,90.0,161.0,1215.0,17,097,864801,2,170978648012
60.0,48.0,42.0,40.0,58.0,41.0,71.0,28.0,48.0,100.0,108.0,149.0,129.0,100.0,227.0,237.0,1486.0,17,097,864801,3,170978648013
38.0,39.0,39.0,45.0,30.0,26.0,43.0,25.0,40.0,75.0,106.0,146.0,114.0,84.0,198.0,161.0,1209.0,17,097,864801,4,170978648014
116.0,68.0,49.0,88.0,85.0,54.0,112.0,61.0,55.0,136.0,250.0,261.0,221.0,218.0,202.0,758.0,2734.0,17,097,864802,1,170978648021
113.0,97.0,63.0,56.0,117.0,72.0,45.0,94.0,63.0,150.0,188.0,313.0,232.0,124.0,339.0,557.0,2623.0,17,097,864901,1,170978649011
62.0,41.0,46.0,52.0,70.0,38.0,62.0,67.0,33.0,95.0,107.0,178.0,102.0,119.0,160.0,247.0,1479.0,17,097,864901,2,170978649012
100.0,69.0,111.0,53.0,53.0,90.0,65.0,49.0,47.0,118.0,196.0,252.0,232.0,158.0,257.0,603.0,2453.0,17,097,864903,1,170978649031
34.0,31.0,27.0,41.0,33.0,27.0,27.0,34.0,21.0,71.0,57.0,107.0,121.0,104.0,126.0,263.0,1124.0,17,097,864903,2,170978649032
65.0,38.0,37.0,23.0,56.0,46.0,25.0,65.0,60.0,71.0,102.0,121.0,116.0,85.0,106.0,156.0,1172.0,17,097,864903,3,170978649033
99.0,103.0,81.0,115.0,81.0,99.0,52.0,119.0,103.0,155.0,199.0,328.0,233.0,163.0,180.0,255.0,2365.0,17,097,864904,1,170978649041
44.0,21.0,32.0,39.0,28.0,46.0,35.0,59.0,26.0,74.0,142.0,151.0,132.0,59.0,46.0,322.0,1256.0,17,097,865000,1,170978650001
45.0,70.0,49.0,94.0,46.0,24.0,35.0,20.0,39.0,78.0,131.0,137.0,179.0,39.0,53.0,45.0,1084.0,17,097,865200,1,170978652001
138.0,29.0,23.0,46.0,24.0,75.0,175.0,54.0,39.0,152.0,103.0,147.0,85.0,55.0,35.0,55.0,1235.0,17,097,865200,2,170978652002
106.0,42.0,67.0,34.0,89.0,32.0,40.0,63.0,24.0,94.0,114.0,267.0,80.0,137.0,74.0,58.0,1321.0,17,097,865200,3,170978652003
134.0,44.0,94.0,118.0,49.0,86.0,176.0,44.0,45.0,218.0,207.0,187.0,135.0,129.0,76.0,212.0,1954.0,17,097,865200,4,170978652004
60.0,49.0,46.0,48.0,58.0,53.0,81.0,48.0,38.0,117.0,107.0,163.0,216.0,89.0,125.0,286.0,1584.0,17,097,865300,1,170978653001
24.0,13.0,20.0,12.0,19.0,14.0,16.0,21.0,14.0,36.0,74.0,52.0,62.0,61.0,75.0,125.0,638.0,17,097,865300,2,170978653002
51.0,21.0,33.0,65.0,40.0,29.0,46.0,21.0,10.0,39.0,54.0,93.0,133.0,88.0,97.0,219.0,1039.0,17,097,865300,3,170978653003
63.0,18.0,26.0,94.0,60.0,40.0,65.0,40.0,41.0,69.0,84.0,122.0,150.0,58.0,68.0,52.0,1050.0,17,097,865400,1,170978654001
72.0,52.0,22.0,32.0,17.0,22.0,63.0,38.0,18.0,37.0,101.0,92.0,62.0,38.0,24.0,58.0,748.0,17,097,865400,2,170978654002
68.0,90.0,76.0,134.0,82.0,75.0,90.0,59.0,72.0,111.0,268.0,347.0,222.0,116.0,160.0,264.0,2234.0,17,097,865400,3,170978654003
56.0,54.0,43.0,42.0,29.0,41.0,51.0,63.0,26.0,70.0,105.0,140.0,107.0,107.0,89.0,225.0,1248.0,17,097,865501,1,170978655011
54.0,40.0,36.0,44.0,17.0,28.0,30.0,50.0,24.0,55.0,87.0,147.0,147.0,78.0,63.0,126.0,1026.0,17,097,865501,2,170978655012
69.0,26.0,66.0,56.0,36.0,73.0,23.0,71.0,27.0,65.0,73.0,128.0,101.0,56.0,60.0,82.0,1012.0,17,097,865502,1,170978655021
57.0,31.0,43.0,24.0,33.0,36.0,37.0,60.0,64.0,50.0,145.0,138.0,147.0,75.0,124.0,400.0,1464.0,17,097,865502,2,170978655022
28.0,19.0,23.0,21.0,22.0,19.0,21.0,30.0,17.0,57.0,55.0,60.0,33.0,97.0,53.0,237.0,792.0,17,097,865600,1,170978656001
22.0,20.0,13.0,24.0,21.0,12.0,20.0,13.0,36.0,22.0,45.0,52.0,45.0,28.0,88.0,167.0,628.0,17,097,865600,2,170978656002
54.0,35.0,32.0,15.0,12.0,50.0,28.0,66.0,17.0,42.0,43.0,73.0,45.0,58.0,65.0,148.0,783.0,17,097,865600,3,170978656003
60.0,22.0,34.0,88.0,39.0,43.0,34.0,27.0,47.0,76.0,89.0,135.0,72.0,99.0,115.0,326.0,1306.0,17,097,865600,4,170978656004
61.0,48.0,47.0,92.0,29.0,55.0,33.0,66.0,33.0,74.0,143.0,200.0,113.0,62.0,119.0,178.0,1353.0,17,097,865700,1,170978657001
100.0,41.0,40.0,44.0,59.0,107.0,41.0,58.0,58.0,145.0,181.0,152.0,112.0,189.0,252.0,285.0,1864.0,17,097,865700,2,170978657002
119.0,79.0,96.0,155.0,114.0,118.0,62.0,113.0,106.0,155.0,189.0,286.0,268.0,141.0,276.0,648.0,2925.0,17,097,865700,3,170978657003
60.0,28.0,31.0,12.0,38.0,27.0,23.0,26.0,30.0,89.0,86.0,133.0,96.0,36.0,70.0,70.0,855.0,17,097,865801,1,170978658011
80.0,63.0,85.0,44.0,34.0,65.0,37.0,98.0,43.0,112.0,95.0,300.0,272.0,106.0,107.0,175.0,1716.0,17,097,865801,2,170978658012
22.0,14.0,18.0,15.0,11.0,9.0,57.0,27.0,34.0,52.0,35.0,49.0,39.0,36.0,72.0,79.0,569.0,17,097,865801,3,170978658013
20.0,9.0,13.0,11.0,33.0,40.0,11.0,13.0,10.0,40.0,24.0,72.0,47.0,42.0,51.0,204.0,640.0,17,097,865802,1,170978658021
98.0,65.0,57.0,82.0,57.0,100.0,92.0,70.0,61.0,108.0,169.0,195.0,141.0,146.0,290.0,530.0,2261.0,17,097,865802,2,170978658022
203.0,110.0,158.0,121.0,116.0,182.0,115.0,239.0,134.0,411.0,448.0,664.0,446.0,246.0,352.0,401.0,4346.0,17,097,866000,1,170978660001
50.0,32.0,56.0,46.0,37.0,76.0,24.0,26.0,30.0,72.0,89.0,82.0,82.0,92.0,78.0,144.0,1016.0,17,097,866000,2,170978660002
45.0,38.0,26.0,33.0,69.0,28.0,35.0,69.0,48.0,72.0,144.0,138.0,109.0,112.0,265.0,171.0,1402.0,17,097,866000,3,170978660003
124.0,141.0,132.0,144.0,112.0,211.0,109.0,44.0,159.0,153.0,186.0,204.0,88.0,77.0,80.0,81.0,2045.0,17,097,866100,1,170978661001
118.0,27.0,112.0,134.0,112.0,23.0,75.0,108.0,60.0,61.0,151.0,174.0,68.0,67.0,102.0,75.0,1467.0,17,097,866100,2,170978661002
167.0,130.0,144.0,123.0,115.0,201.0,93.0,78.0,96.0,200.0,274.0,298.0,312.0,150.0,200.0,704.0,3285.0,17,097,866200,1,170978662001
25.0,9.0,19.0,17.0,13.0,13.0,15.0,14.0,38.0,18.0,56.0,73.0,48.0,67.0,46.0,193.0,664.0,17,097,866200,2,170978662002
45.0,31.0,36.0,36.0,42.0,49.0,39.0,30.0,43.0,71.0,81.0,114.0,99.0,68.0,126.0,182.0,1092.0,17,097,866200,3,170978662003
140.0,107.0,117.0,109.0,142.0,171.0,93.0,127.0,162.0,216.0,271.0,345.0,256.0,151.0,212.0,240.0,2859.0,17,111,870101,1,171118701011
88.0,48.0,58.0,74.0,96.0,117.0,71.0,64.0,61.0,181.0,130.0,242.0,179.0,144.0,98.0,108.0,1759.0,17,111,870101,2,171118701012
48.0,24.0,40.0,31.0,78.0,24.0,23.0,70.0,40.0,107.0,78.0,151.0,105.0,88.0,84.0,51.0,1042.0,17,111,870101,3,171118701013
79.0,31.0,76.0,82.0,62.0,78.0,37.0,35.0,62.0,95.0,102.0,131.0,95.0,64.0,61.0,36.0,1126.0,17,111,870101,4,171118701014
59.0,48.0,67.0,78.0,45.0,53.0,144.0,65.0,31.0,96.0,211.0,147.0,226.0,68.0,123.0,103.0,1564.0,17,111,870102,1,171118701021
120.0,90.0,87.0,140.0,109.0,59.0,90.0,84.0,104.0,109.0,334.0,280.0,438.0,279.0,409.0,275.0,3007.0,17,111,870102,2,171118701022
93.0,88.0,85.0,77.0,62.0,90.0,81.0,87.0,47.0,137.0,256.0,407.0,228.0,163.0,180.0,164.0,2245.0,17,111,870102,3,171118701023
186.0,78.0,72.0,81.0,90.0,141.0,116.0,106.0,134.0,434.0,288.0,315.0,289.0,121.0,111.0,117.0,2679.0,17,111,870200,1,171118702001
57.0,31.0,17.0,37.0,41.0,26.0,70.0,30.0,22.0,76.0,149.0,169.0,90.0,53.0,84.0,47.0,999.0,17,111,870200,2,171118702002
51.0,56.0,39.0,129.0,37.0,206.0,70.0,38.0,84.0,130.0,95.0,319.0,168.0,102.0,104.0,77.0,1705.0,17,111,870200,3,171118702003
55.0,15.0,27.0,43.0,42.0,42.0,52.0,58.0,19.0,84.0,116.0,124.0,43.0,26.0,157.0,35.0,938.0,17,111,870200,4,171118702004
80.0,121.0,103.0,95.0,249.0,141.0,120.0,62.0,95.0,198.0,158.0,310.0,257.0,84.0,100.0,92.0,2265.0,17,111,870301,1,171118703011
23.0,17.0,15.0,11.0,80.0,39.0,19.0,30.0,29.0,65.0,29.0,109.0,73.0,34.0,49.0,19.0,641.0,17,111,870301,2,171118703012
182.0,58.0,50.0,84.0,190.0,87.0,52.0,62.0,108.0,102.0,291.0,157.0,120.0,79.0,99.0,66.0,1787.0,17,111,870301,3,171118703013
198.0,45.0,89.0,120.0,46.0,142.0,133.0,93.0,75.0,150.0,286.0,234.0,102.0,56.0,64.0,71.0,1904.0,17,111,870302,1,171118703021
76.0,66.0,95.0,55.0,125.0,55.0,42.0,36.0,40.0,69.0,111.0,276.0,89.0,57.0,139.0,105.0,1436.0,17,111,870302,2,171118703022
83.0,49.0,40.0,36.0,173.0,60.0,41.0,45.0,25.0,94.0,64.0,86.0,79.0,31.0,34.0,38.0,978.0,17,111,870302,3,171118703023
156.0,164.0,143.0,132.0,184.0,113.0,108.0,159.0,126.0,258.0,234.0,708.0,295.0,192.0,202.0,162.0,3336.0,17,111,870401,1,171118704011
89.0,48.0,156.0,49.0,51.0,98.0,76.0,96.0,86.0,126.0,278.0,294.0,337.0,132.0,166.0,107.0,2189.0,17,111,870401,2,171118704012
74.0,38.0,76.0,76.0,58.0,87.0,77.0,122.0,145.0,94.0,236.0,505.0,308.0,289.0,175.0,127.0,2487.0,17,111,870401,3,171118704013
323.0,134.0,169.0,185.0,133.0,214.0,187.0,109.0,61.0,343.0,343.0,495.0,308.0,126.0,180.0,160.0,3470.0,17,111,870402,1,171118704021
85.0,56.0,125.0,52.0,113.0,55.0,71.0,84.0,89.0,307.0,232.0,361.0,145.0,157.0,84.0,122.0,2138.0,17,111,870402,2,171118704022
80.0,57.0,57.0,121.0,46.0,87.0,83.0,54.0,93.0,93.0,252.0,274.0,341.0,265.0,275.0,227.0,2405.0,17,111,870500,1,171118705001
144.0,19.0,46.0,20.0,88.0,104.0,50.0,29.0,30.0,66.0,227.0,212.0,145.0,30.0,79.0,50.0,1339.0,17,111,870500,2,171118705002
72.0,44.0,75.0,93.0,67.0,40.0,68.0,58.0,64.0,101.0,136.0,229.0,200.0,127.0,172.0,143.0,1689.0,17,111,870500,3,171118705003
29.0,12.0,41.0,137.0,49.0,27.0,24.0,46.0,16.0,120.0,121.0,154.0,80.0,42.0,54.0,50.0,1002.0,17,111,870500,4,171118705004
68.0,82.0,52.0,92.0,122.0,61.0,29.0,54.0,45.0,87.0,85.0,267.0,156.0,41.0,99.0,44.0,1384.0,17,111,870500,5,171118705005
43.0,6.0,18.0,14.0,18.0,33.0,10.0,7.0,1.0,30.0,64.0,46.0,53.0,20.0,24.0,18.0,405.0,17,111,870500,6,171118705006
14.0,8.0,12.0,29.0,67.0,47.0,28.0,15.0,27.0,16.0,46.0,77.0,45.0,16.0,14.0,21.0,482.0,17,111,870500,7,171118705007
134.0,90.0,143.0,207.0,115.0,164.0,116.0,103.0,135.0,186.0,287.0,433.0,251.0,125.0,100.0,96.0,2685.0,17,111,870603,1,171118706031
61.0,87.0,80.0,47.0,97.0,59.0,96.0,63.0,67.0,146.0,304.0,315.0,247.0,63.0,60.0,72.0,1864.0,17,111,870603,2,171118706032
139.0,35.0,40.0,93.0,67.0,34.0,122.0,112.0,53.0,156.0,198.0,235.0,326.0,109.0,104.0,69.0,1892.0,17,111,870604,1,171118706041
132.0,112.0,173.0,76.0,114.0,62.0,75.0,124.0,100.0,268.0,183.0,325.0,225.0,103.0,212.0,121.0,2405.0,17,111,870604,2,171118706042
78.0,71.0,71.0,82.0,64.0,143.0,21.0,46.0,50.0,190.0,91.0,207.0,162.0,86.0,78.0,44.0,1484.0,17,111,870604,3,171118706043
155.0,139.0,107.0,132.0,106.0,134.0,179.0,125.0,117.0,211.0,317.0,550.0,255.0,136.0,163.0,169.0,2995.0,17,111,870605,1,171118706051
189.0,96.0,165.0,241.0,161.0,202.0,155.0,263.0,105.0,272.0,427.0,628.0,255.0,131.0,258.0,231.0,3779.0,17,111,870605,2,171118706052
83.0,39.0,63.0,62.0,53.0,70.0,81.0,68.0,36.0,94.0,106.0,71.0,69.0,70.0,60.0,49.0,1074.0,17,111,870606,1,171118706061
143.0,175.0,199.0,160.0,135.0,80.0,89.0,75.0,49.0,134.0,190.0,343.0,116.0,141.0,100.0,95.0,2224.0,17,111,870606,2,171118706062
36.0,40.0,51.0,111.0,36.0,42.0,48.0,50.0,28.0,76.0,191.0,206.0,111.0,119.0,62.0,76.0,1283.0,17,111,870606,3,171118706063
72.0,27.0,60.0,67.0,44.0,37.0,35.0,71.0,45.0,138.0,159.0,149.0,140.0,92.0,134.0,94.0,1364.0,17,111,870702,1,171118707021
137.0,88.0,60.0,96.0,52.0,53.0,129.0,53.0,43.0,210.0,236.0,356.0,226.0,166.0,281.0,167.0,2353.0,17,111,870702,2,171118707022
41.0,21.0,144.0,46.0,40.0,29.0,89.0,37.0,115.0,44.0,92.0,134.0,139.0,63.0,26.0,55.0,1115.0,17,111,870702,3,171118707023
168.0,58.0,112.0,72.0,67.0,109.0,108.0,126.0,116.0,260.0,262.0,517.0,279.0,95.0,138.0,91.0,2578.0,17,111,870702,4,171118707024
39.0,23.0,25.0,10.0,12.0,17.0,13.0,25.0,15.0,49.0,42.0,133.0,42.0,32.0,50.0,21.0,548.0,17,111,870703,1,171118707031
110.0,79.0,143.0,121.0,90.0,96.0,95.0,101.0,76.0,243.0,299.0,382.0,309.0,328.0,184.0,205.0,2861.0,17,111,870703,2,171118707032
98.0,47.0,63.0,71.0,69.0,60.0,82.0,136.0,77.0,120.0,156.0,284.0,190.0,189.0,176.0,150.0,1968.0,17,111,870703,3,171118707033
19.0,16.0,15.0,37.0,32.0,23.0,35.0,67.0,17.0,67.0,62.0,163.0,56.0,60.0,40.0,31.0,740.0,17,111,870704,1,171118707041
42.0,22.0,38.0,42.0,50.0,49.0,43.0,27.0,40.0,85.0,68.0,116.0,108.0,85.0,75.0,52.0,942.0,17,111,870704,2,171118707042
58.0,105.0,132.0,30.0,41.0,58.0,33.0,58.0,20.0,176.0,148.0,208.0,129.0,58.0,86.0,59.0,1399.0,17,111,870704,3,171118707043
37.0,25.0,24.0,48.0,11.0,19.0,16.0,14.0,7.0,67.0,81.0,131.0,48.0,41.0,50.0,35.0,654.0,17,111,870704,4,171118707044
61.0,45.0,57.0,36.0,44.0,65.0,97.0,58.0,44.0,148.0,209.0,195.0,205.0,139.0,178.0,160.0,1741.0,17,111,870803,1,171118708031
55.0,44.0,41.0,33.0,40.0,73.0,32.0,59.0,46.0,134.0,127.0,234.0,78.0,177.0,198.0,251.0,1622.0,17,111,870803,2,171118708032
49.0,60.0,42.0,43.0,45.0,38.0,24.0,61.0,49.0,122.0,155.0,223.0,151.0,182.0,286.0,187.0,1717.0,17,111,870803,3,171118708033
117.0,96.0,149.0,121.0,53.0,165.0,95.0,103.0,182.0,151.0,253.0,332.0,248.0,148.0,174.0,171.0,2558.0,17,111,870803,4,171118708034
131.0,74.0,51.0,81.0,46.0,78.0,107.0,48.0,83.0,90.0,211.0,167.0,161.0,98.0,134.0,104.0,1664.0,17,111,870807,1,171118708071
212.0,82.0,101.0,164.0,244.0,166.0,88.0,142.0,220.0,268.0,337.0,536.0,383.0,323.0,225.0,261.0,3752.0,17,111,870807,2,171118708072
83.0,60.0,65.0,91.0,93.0,92.0,73.0,78.0,75.0,145.0,160.0,285.0,223.0,191.0,251.0,143.0,2108.0,17,111,870808,1,171118708081
73.0,40.0,82.0,101.0,62.0,50.0,72.0,93.0,82.0,104.0,139.0,225.0,149.0,110.0,223.0,107.0,1712.0,17,111,870808,2,171118708082
215.0,121.0,91.0,154.0,159.0,142.0,109.0,192.0,134.0,368.0,338.0,706.0,498.0,239.0,175.0,186.0,3827.0,17,111,870809,1,171118708091
267.0,176.0,145.0,153.0,95.0,75.0,133.0,89.0,113.0,195.0,206.0,332.0,386.0,190.0,255.0,317.0,3127.0,17,111,870809,2,171118708092
43.0,17.0,29.0,49.0,18.0,19.0,17.0,72.0,26.0,56.0,96.0,132.0,84.0,53.0,42.0,70.0,823.0,17,111,870810,1,171118708101
173.0,35.0,81.0,89.0,57.0,93.0,96.0,82.0,35.0,95.0,190.0,277.0,254.0,143.0,230.0,190.0,2120.0,17,111,870810,2,171118708102
57.0,41.0,73.0,73.0,92.0,67.0,46.0,45.0,62.0,82.0,194.0,270.0,155.0,91.0,131.0,132.0,1611.0,17,111,870810,3,171118708103
70.0,35.0,70.0,83.0,103.0,149.0,85.0,123.0,65.0,251.0,180.0,261.0,177.0,113.0,116.0,103.0,1984.0,17,111,870811,1,171118708111
45.0,53.0,32.0,77.0,43.0,53.0,42.0,52.0,46.0,84.0,123.0,137.0,159.0,42.0,48.0,67.0,1103.0,17,111,870811,2,171118708112
71.0,71.0,104.0,46.0,56.0,29.0,90.0,58.0,61.0,103.0,196.0,229.0,124.0,40.0,143.0,74.0,1495.0,17,111,870811,3,171118708113
41.0,19.0,19.0,52.0,46.0,69.0,34.0,81.0,24.0,88.0,120.0,177.0,120.0,37.0,48.0,42.0,1017.0,17,111,870812,1,171118708121
72.0,33.0,26.0,23.0,41.0,29.0,63.0,29.0,90.0,72.0,95.0,144.0,114.0,81.0,47.0,31.0,990.0,17,111,870812,2,171118708122
66.0,30.0,73.0,31.0,67.0,21.0,29.0,38.0,44.0,78.0,142.0,131.0,109.0,77.0,106.0,77.0,1119.0,17,111,870812,3,171118708123
77.0,34.0,43.0,92.0,39.0,36.0,43.0,42.0,68.0,291.0,167.0,239.0,148.0,101.0,57.0,61.0,1538.0,17,111,870812,4,171118708124
96.0,67.0,51.0,91.0,60.0,50.0,48.0,95.0,50.0,95.0,156.0,204.0,245.0,133.0,170.0,160.0,1771.0,17,111,870902,1,171118709021
86.0,93.0,185.0,112.0,110.0,186.0,74.0,140.0,74.0,230.0,307.0,613.0,275.0,128.0,252.0,365.0,3230.0,17,111,870902,2,171118709022
244.0,138.0,102.0,127.0,130.0,126.0,87.0,98.0,87.0,160.0,482.0,303.0,300.0,167.0,211.0,134.0,2896.0,17,111,870902,3,171118709023
89.0,106.0,71.0,83.0,26.0,68.0,78.0,88.0,137.0,95.0,107.0,201.0,84.0,40.0,60.0,48.0,1381.0,17,111,870903,1,171118709031
63.0,10.0,27.0,32.0,37.0,24.0,18.0,58.0,56.0,36.0,60.0,59.0,55.0,25.0,21.0,29.0,610.0,17,111,870903,2,171118709032
52.0,29.0,25.0,32.0,69.0,71.0,83.0,88.0,25.0,40.0,110.0,99.0,98.0,47.0,37.0,45.0,950.0,17,111,870903,3,171118709033
72.0,9.0,22.0,23.0,27.0,11.0,28.0,36.0,9.0,34.0,89.0,77.0,58.0,18.0,21.0,46.0,580.0,17,111,870904,1,171118709041
75.0,71.0,88.0,120.0,69.0,83.0,78.0,109.0,83.0,166.0,229.0,220.0,235.0,167.0,98.0,152.0,2043.0,17,111,870904,2,171118709042
141.0,35.0,50.0,156.0,94.0,84.0,84.0,104.0,52.0,115.0,220.0,258.0,159.0,83.0,96.0,121.0,1852.0,17,111,870904,3,171118709043
159.0,85.0,93.0,150.0,98.0,70.0,123.0,90.0,156.0,272.0,244.0,257.0,216.0,119.0,132.0,80.0,2344.0,17,111,870905,1,171118709051
229.0,120.0,110.0,144.0,86.0,144.0,116.0,178.0,170.0,222.0,287.0,341.0,319.0,222.0,169.0,161.0,3018.0,17,111,870905,2,171118709052
43.0,44.0,27.0,33.0,24.0,24.0,60.0,53.0,20.0,67.0,107.0,106.0,148.0,90.0,75.0,110.0,1031.0,17,111,871003,1,171118710031
32.0,27.0,52.0,21.0,20.0,31.0,37.0,71.0,28.0,63.0,95.0,114.0,69.0,22.0,25.0,32.0,739.0,17,111,871003,2,171118710032
143.0,52.0,76.0,136.0,90.0,189.0,72.0,79.0,46.0,205.0,258.0,351.0,155.0,118.0,142.0,123.0,2235.0,17,111,871003,3,171118710033
202.0,115.0,76.0,165.0,170.0,228.0,76.0,88.0,163.0,326.0,413.0,509.0,253.0,135.0,251.0,148.0,3318.0,17,111,871004,1,171118710041
181.0,136.0,84.0,88.0,112.0,64.0,90.0,44.0,109.0,223.0,171.0,279.0,227.0,96.0,136.0,125.0,2165.0,17,111,871004,2,171118710042
30.0,21.0,35.0,72.0,14.0,62.0,77.0,140.0,18.0,93.0,78.0,96.0,74.0,46.0,37.0,72.0,965.0,17,111,871004,3,171118710043
573.0,260.0,329.0,642.0,368.0,373.0,357.0,278.0,501.0,874.0,864.0,1832.0,1483.0,1170.0,1387.0,982.0,12273.0,17,111,871104,1,171118711041
38.0,66.0,60.0,24.0,31.0,46.0,26.0,59.0,32.0,113.0,154.0,230.0,224.0,70.0,120.0,50.0,1343.0,17,111,871104,2,171118711042
35.0,21.0,25.0,25.0,69.0,20.0,49.0,18.0,28.0,45.0,149.0,149.0,90.0,124.0,151.0,45.0,1043.0,17,111,871104,3,171118711043
127.0,66.0,188.0,77.0,58.0,118.0,59.0,100.0,90.0,260.0,419.0,423.0,436.0,311.0,257.0,112.0,3101.0,17,111,871104,4,171118711044
135.0,73.0,101.0,115.0,64.0,91.0,93.0,139.0,123.0,258.0,306.0,367.0,384.0,292.0,443.0,304.0,3288.0,17,111,871105,1,171118711051
41.0,41.0,23.0,58.0,25.0,26.0,47.0,62.0,28.0,131.0,123.0,216.0,139.0,74.0,40.0,112.0,1186.0,17,111,871105,2,171118711052
32.0,32.0,18.0,102.0,31.0,31.0,18.0,63.0,10.0,50.0,115.0,114.0,83.0,44.0,30.0,45.0,818.0,17,111,871105,3,171118711053
224.0,164.0,136.0,136.0,157.0,255.0,160.0,217.0,126.0,428.0,635.0,817.0,679.0,553.0,534.0,519.0,5740.0,17,111,871106,1,171118711061
70.0,39.0,123.0,96.0,49.0,49.0,46.0,43.0,65.0,180.0,164.0,193.0,244.0,140.0,158.0,355.0,2014.0,17,111,871106,2,171118711062
78.0,58.0,93.0,32.0,37.0,82.0,43.0,36.0,92.0,67.0,164.0,173.0,120.0,43.0,131.0,83.0,1332.0,17,111,871106,3,171118711063
88.0,35.0,53.0,106.0,48.0,53.0,39.0,62.0,152.0,121.0,171.0,303.0,266.0,218.0,198.0,179.0,2092.0,17,111,871107,1,171118711071
122.0,64.0,78.0,90.0,95.0,97.0,73.0,87.0,127.0,219.0,330.0,341.0,377.0,259.0,401.0,479.0,3239.0,17,111,871107,2,171118711072
126.0,62.0,126.0,103.0,77.0,95.0,104.0,71.0,96.0,298.0,253.0,520.0,484.0,229.0,393.0,226.0,3263.0,17,111,871108,1,171118711081
91.0,49.0,64.0,75.0,149.0,53.0,43.0,44.0,54.0,94.0,181.0,335.0,205.0,147.0,232.0,414.0,2230.0,17,111,871108,2,171118711082
108.0,78.0,79.0,85.0,67.0,83.0,82.0,107.0,147.0,186.0,374.0,624.0,376.0,263.0,433.0,234.0,3326.0,17,111,871109,1,171118711091
72.0,33.0,32.0,44.0,48.0,57.0,40.0,48.0,35.0,143.0,230.0,387.0,291.0,228.0,103.0,57.0,1848.0,17,111,871109,2,171118711092
53.0,25.0,32.0,33.0,62.0,124.0,27.0,56.0,22.0,69.0,147.0,177.0,112.0,78.0,67.0,122.0,1206.0,17,111,871201,1,171118712011
80.0,72.0,89.0,86.0,92.0,102.0,162.0,93.0,61.0,194.0,242.0,325.0,224.0,110.0,194.0,96.0,2222.0,17,111,871201,2,171118712012
15.0,20.0,6.0,17.0,7.0,16.0,7.0,7.0,22.0,31.0,95.0,65.0,18.0,14.0,35.0,13.0,388.0,17,111,871201,3,171118712013
107.0,66.0,95.0,87.0,87.0,71.0,68.0,53.0,87.0,127.0,347.0,620.0,304.0,280.0,265.0,153.0,2817.0,17,111,871201,4,171118712014
52.0,55.0,35.0,29.0,77.0,81.0,45.0,54.0,103.0,59.0,144.0,157.0,258.0,77.0,90.0,48.0,1364.0,17,111,871202,1,171118712021
107.0,132.0,89.0,162.0,150.0,83.0,112.0,107.0,69.0,210.0,142.0,342.0,238.0,123.0,92.0,78.0,2236.0,17,111,871202,2,171118712022
66.0,56.0,25.0,33.0,50.0,42.0,23.0,59.0,69.0,97.0,146.0,231.0,227.0,28.0,74.0,54.0,1280.0,17,111,871202,3,171118712023
30.0,17.0,32.0,36.0,25.0,34.0,55.0,19.0,21.0,149.0,64.0,177.0,89.0,26.0,39.0,62.0,875.0,17,111,871202,4,171118712024
135.0,74.0,102.0,88.0,68.0,103.0,173.0,92.0,84.0,171.0,264.0,280.0,309.0,140.0,157.0,109.0,2349.0,17,111,871205,1,171118712051
55.0,25.0,35.0,77.0,34.0,90.0,59.0,58.0,120.0,115.0,174.0,255.0,227.0,89.0,111.0,51.0,1575.0,17,111,871205,2,171118712052
21.0,22.0,18.0,33.0,24.0,49.0,50.0,32.0,26.0,94.0,102.0,129.0,73.0,73.0,35.0,22.0,803.0,17,111,871205,3,171118712053
47.0,33.0,50.0,39.0,33.0,32.0,34.0,33.0,25.0,173.0,92.0,152.0,131.0,149.0,223.0,214.0,1460.0,17,111,871206,1,171118712061
100.0,70.0,125.0,103.0,108.0,144.0,110.0,103.0,145.0,230.0,322.0,446.0,431.0,237.0,417.0,265.0,3356.0,17,111,871206,2,171118712062
48.0,25.0,81.0,37.0,30.0,39.0,39.0,27.0,21.0,114.0,92.0,218.0,192.0,131.0,139.0,165.0,1398.0,17,111,871206,3,171118712063
87.0,65.0,106.0,64.0,59.0,78.0,89.0,117.0,61.0,153.0,334.0,355.0,226.0,120.0,253.0,247.0,2414.0,17,111,871207,1,171118712071
38.0,57.0,59.0,45.0,70.0,86.0,26.0,52.0,53.0,73.0,135.0,148.0,159.0,50.0,100.0,95.0,1246.0,17,111,871207,2,171118712072
39.0,30.0,45.0,53.0,33.0,38.0,54.0,13.0,72.0,109.0,125.0,175.0,215.0,102.0,138.0,132.0,1373.0,17,111,871207,3,171118712073
150.0,44.0,61.0,84.0,84.0,97.0,63.0,69.0,65.0,121.0,215.0,385.0,337.0,173.0,118.0,103.0,2169.0,17,111,871208,1,171118712081
63.0,27.0,41.0,40.0,44.0,85.0,48.0,39.0,35.0,92.0,275.0,263.0,227.0,115.0,212.0,138.0,1744.0,17,111,871208,2,171118712082
127.0,60.0,105.0,144.0,140.0,95.0,131.0,125.0,81.0,237.0,365.0,366.0,162.0,168.0,135.0,112.0,2553.0,17,111,871209,1,171118712091
31.0,57.0,9.0,41.0,9.0,19.0,17.0,13.0,26.0,56.0,39.0,118.0,51.0,27.0,22.0,25.0,560.0,17,111,871209,2,171118712092
32.0,21.0,19.0,33.0,46.0,86.0,26.0,50.0,34.0,111.0,147.0,130.0,131.0,94.0,55.0,59.0,1074.0,17,111,871301,1,171118713011
32.0,20.0,35.0,41.0,39.0,44.0,13.0,22.0,41.0,38.0,38.0,105.0,69.0,78.0,61.0,27.0,703.0,17,111,871301,2,171118713012
92.0,118.0,88.0,60.0,63.0,29.0,56.0,60.0,41.0,104.0,137.0,307.0,92.0,34.0,59.0,87.0,1427.0,17,111,871301,3,171118713013
46.0,45.0,55.0,32.0,55.0,127.0,38.0,40.0,26.0,125.0,122.0,153.0,186.0,154.0,172.0,140.0,1516.0,17,111,871301,4,171118713014
99.0,61.0,84.0,137.0,59.0,82.0,79.0,89.0,91.0,164.0,273.0,389.0,277.0,144.0,205.0,160.0,2393.0,17,111,871304,1,171118713041
24.0,14.0,10.0,40.0,18.0,38.0,38.0,34.0,13.0,36.0,52.0,130.0,32.0,28.0,16.0,16.0,539.0,17,111,871304,2,171118713042
188.0,136.0,89.0,98.0,126.0,100.0,90.0,76.0,68.0,166.0,228.0,380.0,507.0,259.0,393.0,689.0,3593.0,17,111,871305,1,171118713051
63.0,49.0,50.0,47.0,122.0,33.0,59.0,33.0,30.0,82.0,143.0,112.0,107.0,164.0,140.0,124.0,1358.0,17,111,871305,2,171118713052
77.0,37.0,29.0,52.0,57.0,30.0,81.0,50.0,65.0,155.0,136.0,139.0,109.0,39.0,47.0,65.0,1168.0,17,111,871305,3,171118713053
151.0,55.0,83.0,72.0,86.0,49.0,131.0,68.0,42.0,156.0,191.0,278.0,432.0,361.0,206.0,177.0,2538.0,17,111,871306,1,171118713061
63.0,33.0,48.0,33.0,34.0,33.0,38.0,59.0,57.0,123.0,201.0,306.0,287.0,151.0,189.0,132.0,1787.0,17,111,871306,2,171118713062
115.0,48.0,88.0,81.0,73.0,121.0,74.0,104.0,47.0,140.0,202.0,320.0,372.0,190.0,361.0,276.0,2612.0,17,111,871306,3,171118713063
72.0,43.0,39.0,98.0,89.0,59.0,76.0,100.0,67.0,75.0,229.0,165.0,76.0,49.0,78.0,78.0,1393.0,17,111,871306,4,171118713064
92.0,53.0,51.0,46.0,53.0,89.0,75.0,72.0,39.0,151.0,171.0,272.0,254.0,117.0,356.0,227.0,2118.0,17,111,871307,1,171118713071
17.0,14.0,35.0,19.0,25.0,6.0,20.0,21.0,8.0,30.0,47.0,101.0,76.0,19.0,69.0,29.0,536.0,17,111,871307,2,171118713072
93.0,106.0,124.0,151.0,130.0,192.0,81.0,80.0,93.0,151.0,217.0,299.0,284.0,144.0,178.0,144.0,2467.0,17,111,871307,3,171118713073
45.0,27.0,48.0,31.0,78.0,44.0,32.0,32.0,72.0,122.0,148.0,155.0,164.0,173.0,102.0,78.0,1351.0,17,111,871310,1,171118713101
64.0,18.0,24.0,37.0,34.0,23.0,38.0,37.0,14.0,49.0,76.0,185.0,84.0,71.0,38.0,118.0,910.0,17,111,871310,2,171118713102
17.0,8.0,28.0,20.0,64.0,14.0,13.0,45.0,8.0,65.0,57.0,47.0,35.0,39.0,24.0,29.0,513.0,17,111,871310,3,171118713103
67.0,31.0,40.0,41.0,51.0,70.0,93.0,63.0,86.0,96.0,134.0,332.0,242.0,128.0,91.0,103.0,1668.0,17,111,871310,4,171118713104
83.0,46.0,99.0,49.0,88.0,45.0,120.0,120.0,77.0,265.0,192.0,376.0,353.0,170.0,96.0,117.0,2296.0,17,111,871311,1,171118713111
58.0,29.0,21.0,115.0,57.0,62.0,31.0,53.0,31.0,113.0,150.0,161.0,70.0,52.0,80.0,109.0,1192.0,17,111,871311,2,171118713112
44.0,27.0,28.0,31.0,27.0,24.0,27.0,52.0,23.0,108.0,75.0,168.0,182.0,79.0,48.0,53.0,996.0,17,111,871311,3,171118713113
135.0,55.0,105.0,40.0,58.0,48.0,82.0,109.0,83.0,131.0,127.0,296.0,168.0,136.0,151.0,139.0,1863.0,17,111,871402,1,171118714021
12.0,7.0,39.0,10.0,24.0,17.0,24.0,71.0,8.0,23.0,46.0,60.0,64.0,14.0,44.0,45.0,508.0,17,111,871402,2,171118714022
97.0,48.0,54.0,118.0,55.0,72.0,63.0,63.0,115.0,97.0,205.0,230.0,223.0,133.0,266.0,233.0,2072.0,17,111,871402,3,171118714023
44.0,17.0,15.0,20.0,52.0,22.0,38.0,60.0,18.0,59.0,98.0,35.0,49.0,36.0,35.0,151.0,749.0,17,111,871402,4,171118714024
89.0,27.0,53.0,36.0,42.0,23.0,45.0,54.0,43.0,103.0,144.0,90.0,122.0,158.0,61.0,44.0,1134.0,17,111,871402,5,171118714025
114.0,116.0,99.0,97.0,109.0,145.0,57.0,82.0,116.0,171.0,239.0,347.0,238.0,172.0,250.0,109.0,2461.0,17,111,871404,1,171118714041
78.0,75.0,71.0,53.0,41.0,100.0,56.0,118.0,86.0,199.0,184.0,281.0,318.0,234.0,196.0,152.0,2242.0,17,111,871404,2,171118714042
134.0,114.0,124.0,109.0,119.0,97.0,78.0,140.0,67.0,158.0,206.0,440.0,373.0,182.0,235.0,247.0,2823.0,17,111,871500,1,171118715001
27.0,18.0,21.0,20.0,34.0,29.0,27.0,14.0,18.0,64.0,48.0,115.0,70.0,17.0,21.0,25.0,568.0,17,111,871500,2,171118715002
251.0,237.0,182.0,219.0,211.0,316.0,261.0,176.0,279.0,414.0,636.0,696.0,428.0,370.0,271.0,270.0,5217.0,17,111,871500,3,171118715003
86.0,36.0,41.0,42.0,89.0,48.0,123.0,29.0,61.0,91.0,138.0,203.0,222.0,227.0,77.0,107.0,1620.0,17,111,871500,4,171118715004
62.0,57.0,45.0,25.0,22.0,59.0,51.0,116.0,24.0,151.0,84.0,184.0,111.0,64.0,114.0,48.0,1217.0,17,111,871500,5,171118715005
30.0,24.0,41.0,29.0,26.0,84.0,44.0,14.0,26.0,40.0,61.0,133.0,90.0,19.0,111.0,142.0,914.0,17,111,871600,1,171118716001
42.0,21.0,65.0,31.0,20.0,22.0,42.0,76.0,30.0,42.0,87.0,132.0,142.0,87.0,104.0,96.0,1039.0,17,111,871600,2,171118716002
37.0,16.0,44.0,86.0,20.0,25.0,15.0,30.0,36.0,48.0,93.0,124.0,57.0,75.0,128.0,108.0,942.0,17,111,871600,3,171118716003
70.0,23.0,28.0,38.0,56.0,41.0,34.0,41.0,33.0,77.0,134.0,136.0,158.0,42.0,71.0,102.0,1084.0,17,111,871600,4,171118716004
33.0,37.0,51.0,36.0,18.0,15.0,41.0,15.0,33.0,88.0,95.0,122.0,104.0,75.0,178.0,50.0,991.0,17,111,871600,5,171118716005
90.0,75.0,67.0,65.0,95.0,105.0,73.0,131.0,45.0,190.0,279.0,620.0,269.0,182.0,243.0,93.0,2622.0,17,197,880105,1,171978801051
85.0,138.0,59.0,75.0,40.0,126.0,79.0,111.0,160.0,123.0,200.0,306.0,227.0,182.0,73.0,108.0,2092.0,17,197,880105,2,171978801052
62.0,31.0,46.0,71.0,26.0,24.0,41.0,83.0,65.0,120.0,223.0,245.0,188.0,79.0,97.0,117.0,1518.0,17,197,880105,3,171978801053
65.0,27.0,40.0,36.0,35.0,32.0,48.0,47.0,41.0,176.0,176.0,367.0,275.0,118.0,107.0,83.0,1673.0,17,197,880105,4,171978801054
89.0,81.0,41.0,28.0,73.0,42.0,123.0,87.0,52.0,112.0,142.0,171.0,106.0,77.0,52.0,48.0,1324.0,17,197,880106,1,171978801061
59.0,24.0,37.0,37.0,53.0,29.0,44.0,80.0,39.0,52.0,116.0,225.0,228.0,91.0,100.0,48.0,1262.0,17,197,880106,2,171978801062
150.0,72.0,111.0,92.0,99.0,60.0,116.0,38.0,174.0,155.0,230.0,271.0,261.0,81.0,138.0,65.0,2113.0,17,197,880106,3,171978801063
101.0,36.0,107.0,40.0,70.0,67.0,97.0,105.0,100.0,276.0,265.0,294.0,131.0,65.0,91.0,167.0,2012.0,17,197,880107,1,171978801071
48.0,25.0,49.0,29.0,111.0,47.0,45.0,122.0,57.0,175.0,146.0,117.0,171.0,115.0,82.0,56.0,1395.0,17,197,880107,2,171978801072
42.0,26.0,87.0,36.0,26.0,23.0,26.0,77.0,26.0,147.0,107.0,172.0,85.0,70.0,38.0,43.0,1031.0,17,197,880107,3,171978801073
29.0,26.0,35.0,36.0,15.0,18.0,27.0,46.0,45.0,88.0,69.0,179.0,99.0,39.0,48.0,31.0,830.0,17,197,880107,4,171978801074
47.0,59.0,42.0,17.0,54.0,36.0,28.0,19.0,23.0,62.0,76.0,163.0,76.0,90.0,35.0,60.0,887.0,17,197,880109,1,171978801091
70.0,31.0,25.0,33.0,32.0,128.0,52.0,36.0,31.0,81.0,116.0,289.0,144.0,65.0,110.0,102.0,1345.0,17,197,880109,2,171978801092
34.0,22.0,34.0,38.0,32.0,32.0,21.0,29.0,59.0,151.0,103.0,153.0,147.0,105.0,129.0,132.0,1221.0,17,197,880109,3,171978801093
173.0,40.0,38.0,85.0,88.0,81.0,54.0,125.0,71.0,148.0,230.0,210.0,181.0,50.0,95.0,65.0,1734.0,17,197,880109,4,171978801094
70.0,24.0,32.0,14.0,16.0,16.0,29.0,21.0,25.0,48.0,56.0,89.0,41.0,23.0,71.0,57.0,632.0,17,197,880109,5,171978801095
55.0,73.0,50.0,39.0,65.0,63.0,114.0,74.0,74.0,63.0,200.0,236.0,145.0,109.0,97.0,54.0,1511.0,17,197,880111,1,171978801111
25.0,19.0,24.0,53.0,16.0,78.0,60.0,41.0,32.0,93.0,58.0,163.0,123.0,31.0,23.0,47.0,886.0,17,197,880111,2,171978801112
56.0,19.0,27.0,38.0,50.0,57.0,44.0,89.0,34.0,80.0,197.0,108.0,110.0,35.0,143.0,52.0,1139.0,17,197,880111,3,171978801113
40.0,23.0,87.0,75.0,38.0,44.0,27.0,82.0,61.0,146.0,100.0,167.0,138.0,106.0,36.0,52.0,1222.0,17,197,880112,1,171978801121
45.0,21.0,24.0,14.0,44.0,26.0,56.0,40.0,20.0,59.0,92.0,222.0,123.0,80.0,42.0,77.0,985.0,17,197,880112,2,171978801122
75.0,85.0,116.0,128.0,57.0,74.0,45.0,65.0,84.0,88.0,235.0,191.0,148.0,66.0,96.0,79.0,1632.0,17,197,880113,1,171978801131
50.0,79.0,81.0,20.0,55.0,39.0,52.0,31.0,16.0,77.0,146.0,143.0,184.0,95.0,61.0,43.0,1172.0,17,197,880113,2,171978801132
80.0,14.0,39.0,37.0,23.0,43.0,19.0,20.0,22.0,48.0,150.0,91.0,25.0,27.0,32.0,11.0,681.0,17,197,880113,3,171978801133
83.0,138.0,153.0,137.0,160.0,203.0,121.0,62.0,63.0,163.0,84.0,181.0,122.0,81.0,66.0,63.0,1880.0,17,197,880114,1,171978801141
19.0,12.0,23.0,17.0,19.0,15.0,15.0,42.0,25.0,52.0,78.0,182.0,52.0,41.0,40.0,23.0,655.0,17,197,880114,2,171978801142
79.0,85.0,99.0,121.0,95.0,152.0,176.0,169.0,33.0,84.0,289.0,265.0,107.0,88.0,93.0,90.0,2025.0,17,197,880115,1,171978801151
149.0,26.0,27.0,30.0,37.0,25.0,29.0,47.0,40.0,37.0,105.0,198.0,128.0,117.0,36.0,78.0,1109.0,17,197,880115,2,171978801152
45.0,32.0,51.0,42.0,50.0,36.0,48.0,68.0,60.0,88.0,163.0,314.0,182.0,97.0,73.0,96.0,1445.0,17,197,880116,1,171978801161
98.0,39.0,59.0,40.0,42.0,28.0,51.0,140.0,55.0,125.0,89.0,164.0,118.0,108.0,91.0,68.0,1315.0,17,197,880116,2,171978801162
70.0,32.0,45.0,94.0,70.0,36.0,61.0,48.0,35.0,34.0,66.0,106.0,82.0,19.0,68.0,36.0,902.0,17,197,880117,1,171978801171
41.0,24.0,56.0,41.0,31.0,28.0,45.0,66.0,57.0,59.0,114.0,194.0,117.0,79.0,63.0,70.0,1085.0,17,197,880117,2,171978801172
184.0,197.0,214.0,126.0,124.0,84.0,54.0,79.0,32.0,130.0,136.0,107.0,82.0,55.0,58.0,66.0,1728.0,17,197,880117,3,171978801173
50.0,30.0,27.0,26.0,36.0,22.0,20.0,22.0,24.0,61.0,110.0,160.0,120.0,119.0,160.0,223.0,1210.0,17,197,880118,1,171978801181
29.0,23.0,38.0,20.0,24.0,22.0,26.0,32.0,23.0,28.0,49.0,160.0,132.0,91.0,130.0,136.0,963.0,17,197,880118,2,171978801182
56.0,20.0,46.0,33.0,20.0,41.0,42.0,29.0,36.0,59.0,176.0,209.0,135.0,57.0,174.0,218.0,1351.0,17,197,880118,3,171978801183
35.0,30.0,43.0,29.0,31.0,35.0,20.0,30.0,30.0,96.0,103.0,215.0,229.0,166.0,248.0,116.0,1456.0,17,197,880118,4,171978801184
137.0,51.0,63.0,52.0,73.0,89.0,105.0,87.0,82.0,119.0,183.0,214.0,304.0,135.0,150.0,154.0,1998.0,17,197,880119,1,171978801191
43.0,32.0,38.0,40.0,39.0,31.0,19.0,23.0,45.0,47.0,74.0,167.0,100.0,58.0,123.0,233.0,1112.0,17,197,880119,2,171978801192
46.0,30.0,30.0,40.0,32.0,33.0,46.0,37.0,48.0,68.0,76.0,210.0,92.0,156.0,136.0,397.0,1477.0,17,197,880119,3,171978801193
157.0,87.0,120.0,114.0,192.0,113.0,149.0,197.0,110.0,181.0,414.0,616.0,577.0,340.0,358.0,285.0,4010.0,17,197,880120,1,171978801201
152.0,80.0,117.0,148.0,145.0,112.0,103.0,149.0,171.0,219.0,326.0,513.0,500.0,352.0,408.0,321.0,3816.0,17,197,880120,2,171978801202
52.0,25.0,50.0,40.0,25.0,49.0,56.0,37.0,54.0,53.0,108.0,381.0,192.0,110.0,260.0,121.0,1613.0,17,197,880120,3,171978801203
31.0,12.0,31.0,29.0,26.0,50.0,51.0,29.0,23.0,33.0,141.0,109.0,170.0,77.0,142.0,53.0,1007.0,17,197,880121,1,171978801211
97.0,65.0,120.0,48.0,59.0,57.0,103.0,109.0,40.0,96.0,386.0,304.0,210.0,229.0,314.0,129.0,2366.0,17,197,880121,2,171978801212
152.0,70.0,75.0,76.0,147.0,114.0,81.0,89.0,91.0,200.0,267.0,607.0,676.0,341.0,413.0,341.0,3740.0,17,197,880121,3,171978801213
81.0,52.0,63.0,64.0,112.0,47.0,56.0,105.0,51.0,161.0,216.0,407.0,264.0,399.0,194.0,148.0,2420.0,17,197,880121,4,171978801214
49.0,29.0,60.0,14.0,12.0,13.0,31.0,107.0,15.0,44.0,59.0,96.0,77.0,23.0,54.0,23.0,706.0,17,197,880202,1,171978802021
54.0,67.0,35.0,61.0,39.0,47.0,76.0,120.0,104.0,122.0,146.0,361.0,153.0,99.0,62.0,62.0,1608.0,17,197,880202,2,171978802022
100.0,69.0,136.0,40.0,155.0,76.0,118.0,60.0,53.0,153.0,195.0,354.0,174.0,122.0,112.0,103.0,2020.0,17,197,880202,3,171978802023
108.0,62.0,107.0,132.0,46.0,54.0,107.0,83.0,212.0,247.0,153.0,196.0,121.0,87.0,129.0,73.0,1917.0,17,197,880203,1,171978802031
62.0,51.0,54.0,63.0,105.0,106.0,122.0,40.0,58.0,178.0,198.0,211.0,176.0,105.0,107.0,65.0,1701.0,17,197,880203,2,171978802032
10.0,17.0,19.0,16.0,54.0,25.0,18.0,11.0,34.0,61.0,67.0,42.0,18.0,18.0,13.0,8.0,431.0,17,197,880203,3,171978802033
42.0,20.0,35.0,49.0,13.0,14.0,61.0,44.0,17.0,53.0,49.0,110.0,159.0,18.0,30.0,25.0,739.0,17,197,880204,1,171978802041
204.0,82.0,118.0,131.0,104.0,132.0,195.0,171.0,134.0,434.0,390.0,690.0,434.0,305.0,380.0,203.0,4107.0,17,197,880204,2,171978802042
74.0,14.0,37.0,105.0,85.0,26.0,97.0,46.0,22.0,84.0,57.0,61.0,56.0,43.0,31.0,41.0,879.0,17,197,880204,3,171978802043
70.0,48.0,68.0,40.0,48.0,61.0,33.0,36.0,21.0,37.0,108.0,151.0,165.0,146.0,97.0,106.0,1235.0,17,197,880303,1,171978803031
75.0,27.0,54.0,50.0,34.0,64.0,36.0,43.0,32.0,125.0,113.0,249.0,189.0,126.0,224.0,177.0,1618.0,17,197,880303,2,171978803032
41.0,25.0,44.0,34.0,30.0,60.0,38.0,38.0,43.0,109.0,99.0,247.0,137.0,144.0,183.0,102.0,1374.0,17,197,880303,3,171978803033
47.0,26.0,34.0,35.0,33.0,36.0,34.0,39.0,17.0,73.0,128.0,189.0,166.0,77.0,142.0,323.0,1399.0,17,197,880304,1,171978803041
86.0,30.0,32.0,28.0,33.0,35.0,52.0,35.0,19.0,63.0,148.0,124.0,101.0,174.0,249.0,304.0,1513.0,17,197,880304,2,171978803042
46.0,23.0,25.0,101.0,28.0,47.0,26.0,27.0,31.0,56.0,78.0,162.0,131.0,130.0,160.0,128.0,1199.0,17,197,880304,3,171978803043
32.0,49.0,46.0,18.0,28.0,22.0,14.0,26.0,21.0,55.0,80.0,144.0,169.0,153.0,99.0,113.0,1069.0,17,197,880304,4,171978803044
59.0,24.0,40.0,27.0,34.0,32.0,22.0,34.0,28.0,69.0,91.0,152.0,95.0,138.0,164.0,270.0,1279.0,17,197,880305,1,171978803051
66.0,23.0,47.0,35.0,44.0,29.0,37.0,50.0,59.0,63.0,142.0,160.0,125.0,91.0,222.0,200.0,1393.0,17,197,880305,2,171978803052
54.0,16.0,26.0,23.0,24.0,24.0,21.0,14.0,21.0,45.0,136.0,67.0,47.0,78.0,150.0,145.0,891.0,17,197,880305,3,171978803053
49.0,38.0,39.0,39.0,43.0,37.0,41.0,50.0,42.0,84.0,142.0,157.0,200.0,194.0,127.0,367.0,1649.0,17,197,880305,4,171978803054
176.0,29.0,39.0,51.0,62.0,128.0,71.0,87.0,31.0,130.0,142.0,210.0,233.0,120.0,123.0,302.0,1934.0,17,197,880306,1,171978803061
80.0,51.0,62.0,66.0,92.0,55.0,54.0,86.0,68.0,95.0,191.0,336.0,283.0,211.0,278.0,359.0,2367.0,17,197,880306,2,171978803062
111.0,60.0,139.0,104.0,145.0,121.0,83.0,83.0,78.0,181.0,234.0,329.0,265.0,430.0,373.0,275.0,3011.0,17,197,880306,3,171978803063
68.0,36.0,54.0,37.0,32.0,102.0,26.0,32.0,25.0,63.0,107.0,133.0,297.0,120.0,112.0,192.0,1436.0,17,197,880307,1,171978803071
160.0,87.0,93.0,58.0,32.0,52.0,50.0,54.0,80.0,82.0,289.0,258.0,218.0,108.0,150.0,71.0,1842.0,17,197,880307,2,171978803072
153.0,45.0,97.0,102.0,70.0,53.0,56.0,148.0,74.0,218.0,148.0,209.0,159.0,104.0,278.0,475.0,2389.0,17,197,880307,3,171978803073
77.0,79.0,66.0,53.0,128.0,57.0,50.0,191.0,60.0,107.0,232.0,286.0,352.0,187.0,476.0,259.0,2660.0,17,197,880308,1,171978803081
210.0,80.0,129.0,158.0,154.0,115.0,147.0,112.0,143.0,261.0,255.0,688.0,598.0,528.0,593.0,432.0,4603.0,17,197,880308,2,171978803082
42.0,24.0,28.0,37.0,26.0,35.0,19.0,30.0,31.0,45.0,105.0,124.0,141.0,106.0,293.0,193.0,1279.0,17,197,880308,3,171978803083
56.0,38.0,56.0,50.0,35.0,40.0,39.0,33.0,35.0,67.0,149.0,214.0,121.0,122.0,327.0,461.0,1843.0,17,197,880309,1,171978803091
30.0,20.0,18.0,25.0,37.0,27.0,36.0,26.0,16.0,83.0,81.0,118.0,123.0,84.0,58.0,97.0,879.0,17,197,880309,2,171978803092
32.0,21.0,29.0,26.0,56.0,32.0,14.0,27.0,43.0,46.0,66.0,67.0,215.0,174.0,165.0,51.0,1064.0,17,197,880309,3,171978803093
36.0,33.0,44.0,27.0,38.0,30.0,24.0,39.0,31.0,61.0,76.0,150.0,140.0,157.0,145.0,400.0,1431.0,17,197,880309,4,171978803094
471.0,288.0,380.0,421.0,391.0,302.0,329.0,365.0,511.0,954.0,983.0,1776.0,1175.0,1377.0,1454.0,1068.0,12245.0,17,197,880310,1,171978803101
293.0,143.0,155.0,184.0,180.0,172.0,151.0,158.0,135.0,304.0,779.0,616.0,625.0,656.0,1099.0,1283.0,6933.0,17,197,880312,1,171978803121
121.0,63.0,65.0,60.0,90.0,78.0,70.0,91.0,79.0,211.0,191.0,272.0,176.0,210.0,329.0,693.0,2799.0,17,197,880312,2,171978803122
186.0,97.0,110.0,130.0,105.0,95.0,130.0,112.0,153.0,207.0,383.0,702.0,595.0,464.0,492.0,559.0,4520.0,17,197,880313,1,171978803131
297.0,136.0,168.0,191.0,261.0,291.0,173.0,244.0,261.0,450.0,935.0,801.0,762.0,786.0,861.0,448.0,7065.0,17,197,880313,2,171978803132
58.0,30.0,26.0,39.0,40.0,68.0,46.0,43.0,37.0,106.0,146.0,178.0,207.0,63.0,115.0,197.0,1399.0,17,197,880314,1,171978803141
208.0,114.0,171.0,169.0,126.0,182.0,170.0,201.0,110.0,247.0,418.0,697.0,671.0,846.0,1068.0,624.0,6022.0,17,197,880314,2,171978803142
484.0,168.0,201.0,204.0,171.0,208.0,229.0,257.0,336.0,930.0,616.0,858.0,679.0,671.0,677.0,443.0,7132.0,17,197,880404,1,171978804041
42.0,45.0,74.0,51.0,38.0,33.0,66.0,36.0,82.0,109.0,184.0,192.0,148.0,85.0,68.0,67.0,1320.0,17,197,880404,2,171978804042
99.0,29.0,77.0,98.0,37.0,43.0,61.0,38.0,34.0,114.0,242.0,173.0,214.0,75.0,72.0,72.0,1478.0,17,197,880404,3,171978804043
76.0,26.0,37.0,29.0,30.0,47.0,29.0,46.0,56.0,48.0,132.0,175.0,168.0,171.0,103.0,168.0,1341.0,17,197,880404,4,171978804044
75.0,42.0,81.0,44.0,37.0,59.0,63.0,147.0,69.0,83.0,152.0,298.0,367.0,124.0,186.0,63.0,1890.0,17,197,880408,1,171978804081
182.0,38.0,41.0,124.0,65.0,46.0,71.0,86.0,96.0,99.0,148.0,306.0,339.0,76.0,104.0,81.0,1902.0,17,197,880408,2,171978804082
80.0,33.0,83.0,56.0,49.0,78.0,85.0,60.0,25.0,134.0,179.0,201.0,87.0,99.0,50.0,47.0,1346.0,17,197,880408,3,171978804083
99.0,54.0,97.0,201.0,166.0,77.0,185.0,74.0,180.0,319.0,242.0,419.0,407.0,652.0,147.0,146.0,3465.0,17,197,880410,1,171978804101
221.0,111.0,136.0,143.0,95.0,182.0,159.0,298.0,135.0,333.0,744.0,920.0,663.0,373.0,404.0,202.0,5119.0,17,197,880410,2,171978804102
42.0,17.0,26.0,82.0,42.0,25.0,29.0,17.0,23.0,57.0,101.0,147.0,146.0,59.0,206.0,33.0,1052.0,17,197,880411,1,171978804111
75.0,42.0,50.0,49.0,66.0,62.0,62.0,48.0,68.0,132.0,174.0,255.0,240.0,192.0,174.0,184.0,1873.0,17,197,880411,2,171978804112
8.0,5.0,14.0,9.0,8.0,3.0,11.0,19.0,6.0,41.0,59.0,26.0,56.0,14.0,12.0,13.0,304.0,17,197,880411,3,171978804113
44.0,40.0,31.0,38.0,22.0,21.0,22.0,30.0,95.0,110.0,69.0,219.0,195.0,74.0,51.0,90.0,1151.0,17,197,880412,1,171978804121
30.0,40.0,20.0,47.0,34.0,17.0,20.0,53.0,16.0,41.0,212.0,210.0,77.0,41.0,31.0,32.0,921.0,17,197,880412,2,171978804122
77.0,80.0,68.0,42.0,48.0,65.0,81.0,73.0,39.0,242.0,176.0,365.0,310.0,150.0,153.0,168.0,2137.0,17,197,880412,3,171978804123
58.0,29.0,43.0,46.0,32.0,26.0,69.0,52.0,68.0,69.0,157.0,276.0,202.0,90.0,46.0,43.0,1306.0,17,197,880414,1,171978804141
71.0,27.0,45.0,42.0,47.0,141.0,16.0,29.0,53.0,75.0,139.0,138.0,80.0,58.0,152.0,47.0,1160.0,17,197,880414,2,171978804142
78.0,72.0,53.0,73.0,135.0,76.0,118.0,66.0,67.0,119.0,199.0,231.0,156.0,154.0,115.0,178.0,1890.0,17,197,880414,3,171978804143
222.0,140.0,177.0,273.0,278.0,190.0,144.0,280.0,301.0,556.0,861.0,1021.0,668.0,375.0,561.0,324.0,6371.0,17,197,880415,1,171978804151
88.0,42.0,30.0,52.0,46.0,35.0,68.0,55.0,19.0,52.0,145.0,262.0,166.0,80.0,149.0,46.0,1335.0,17,197,880415,2,171978804152
44.0,31.0,39.0,27.0,57.0,79.0,19.0,35.0,42.0,201.0,181.0,187.0,74.0,58.0,71.0,62.0,1207.0,17,197,880416,1,171978804161
56.0,35.0,93.0,94.0,35.0,167.0,49.0,55.0,46.0,210.0,131.0,394.0,106.0,145.0,67.0,72.0,1755.0,17,197,880416,2,171978804162
57.0,33.0,51.0,24.0,20.0,34.0,30.0,55.0,55.0,75.0,136.0,141.0,106.0,47.0,126.0,77.0,1067.0,17,197,880417,1,171978804171
66.0,35.0,49.0,43.0,56.0,50.0,53.0,32.0,70.0,141.0,164.0,255.0,172.0,68.0,150.0,130.0,1534.0,17,197,880417,2,171978804172
39.0,25.0,29.0,39.0,36.0,42.0,63.0,26.0,24.0,110.0,117.0,176.0,106.0,97.0,314.0,136.0,1379.0,17,197,880418,1,171978804181
90.0,55.0,69.0,92.0,94.0,61.0,72.0,58.0,99.0,330.0,160.0,290.0,322.0,184.0,318.0,214.0,2508.0,17,197,880418,2,171978804182
60.0,30.0,39.0,31.0,22.0,26.0,58.0,47.0,66.0,73.0,87.0,157.0,169.0,111.0,186.0,68.0,1230.0,17,197,880418,3,171978804183
140.0,73.0,74.0,97.0,53.0,69.0,150.0,54.0,55.0,235.0,208.0,310.0,214.0,116.0,208.0,110.0,2166.0,17,197,880419,1,171978804191
212.0,145.0,155.0,214.0,220.0,149.0,230.0,155.0,276.0,622.0,645.0,1453.0,667.0,436.0,586.0,397.0,6562.0,17,197,880419,2,171978804192
197.0,77.0,80.0,120.0,120.0,106.0,188.0,80.0,97.0,174.0,578.0,907.0,393.0,258.0,320.0,140.0,3835.0,17,197,880420,1,171978804201
296.0,165.0,301.0,176.0,280.0,163.0,121.0,229.0,288.0,510.0,954.0,1104.0,696.0,758.0,456.0,371.0,6868.0,17,197,880420,2,171978804202
110.0,91.0,196.0,83.0,74.0,116.0,67.0,125.0,149.0,134.0,249.0,547.0,414.0,381.0,445.0,346.0,3527.0,17,197,880421,1,171978804211
59.0,60.0,85.0,46.0,53.0,47.0,43.0,62.0,56.0,89.0,227.0,325.0,145.0,139.0,128.0,171.0,1735.0,17,197,880421,2,171978804212
32.0,22.0,29.0,66.0,10.0,17.0,47.0,34.0,61.0,66.0,79.0,109.0,59.0,41.0,51.0,47.0,770.0,17,197,880421,3,171978804213
58.0,40.0,47.0,45.0,65.0,119.0,69.0,26.0,67.0,90.0,186.0,243.0,221.0,75.0,70.0,117.0,1538.0,17,197,880502,1,171978805021
74.0,20.0,75.0,71.0,66.0,61.0,44.0,40.0,27.0,101.0,179.0,82.0,74.0,89.0,113.0,48.0,1164.0,17,197,880502,2,171978805022
127.0,30.0,42.0,36.0,24.0,35.0,35.0,28.0,39.0,77.0,116.0,267.0,144.0,32.0,75.0,49.0,1156.0,17,197,880502,3,171978805023
46.0,26.0,54.0,44.0,30.0,58.0,32.0,40.0,33.0,84.0,196.0,158.0,177.0,44.0,148.0,96.0,1266.0,17,197,880502,4,171978805024
61.0,57.0,62.0,112.0,85.0,60.0,65.0,54.0,170.0,189.0,139.0,362.0,128.0,68.0,62.0,83.0,1757.0,17,197,880503,1,171978805031
38.0,38.0,21.0,48.0,28.0,31.0,25.0,54.0,21.0,173.0,63.0,142.0,125.0,165.0,83.0,85.0,1140.0,17,197,880503,2,171978805032
52.0,54.0,88.0,45.0,42.0,45.0,79.0,80.0,31.0,123.0,92.0,129.0,67.0,64.0,41.0,43.0,1075.0,17,197,880503,3,171978805033
28.0,14.0,18.0,84.0,49.0,12.0,48.0,11.0,55.0,32.0,140.0,137.0,76.0,32.0,33.0,30.0,799.0,17,197,880505,1,171978805051
168.0,101.0,107.0,109.0,301.0,184.0,219.0,129.0,77.0,374.0,689.0,929.0,593.0,233.0,223.0,182.0,4618.0,17,197,880505,2,171978805052
33.0,29.0,22.0,22.0,23.0,18.0,19.0,17.0,104.0,68.0,139.0,127.0,119.0,86.0,46.0,36.0,908.0,17,197,880505,3,171978805053
41.0,35.0,55.0,30.0,58.0,55.0,53.0,59.0,71.0,183.0,129.0,164.0,79.0,67.0,84.0,44.0,1207.0,17,197,880505,4,171978805054
475.0,142.0,163.0,201.0,171.0,209.0,235.0,309.0,145.0,582.0,615.0,1040.0,744.0,350.0,245.0,311.0,5937.0,17,197,880507,1,171978805071
91.0,97.0,83.0,65.0,28.0,204.0,79.0,68.0,42.0,113.0,157.0,172.0,112.0,67.0,62.0,52.0,1492.0,17,197,880507,2,171978805072
59.0,54.0,140.0,61.0,65.0,97.0,108.0,75.0,79.0,175.0,149.0,267.0,205.0,176.0,99.0,161.0,1970.0,17,197,880601,1,171978806011
36.0,24.0,26.0,53.0,26.0,62.0,65.0,51.0,62.0,83.0,82.0,256.0,99.0,128.0,88.0,76.0,1217.0,17,197,880601,2,171978806012
57.0,18.0,25.0,43.0,21.0,99.0,18.0,56.0,46.0,62.0,85.0,143.0,33.0,55.0,32.0,48.0,841.0,17,197,880602,1,171978806021
61.0,54.0,82.0,64.0,65.0,43.0,77.0,28.0,35.0,89.0,136.0,305.0,95.0,94.0,77.0,60.0,1365.0,17,197,880602,2,171978806022
86.0,23.0,101.0,83.0,33.0,40.0,32.0,31.0,28.0,107.0,105.0,121.0,133.0,119.0,109.0,65.0,1216.0,17,197,880602,3,171978806023
174.0,66.0,92.0,146.0,101.0,82.0,143.0,119.0,74.0,166.0,360.0,354.0,269.0,229.0,155.0,103.0,2633.0,17,197,880701,1,171978807011
109.0,60.0,139.0,65.0,67.0,124.0,34.0,62.0,57.0,183.0,143.0,302.0,266.0,105.0,135.0,124.0,1975.0,17,197,880701,2,171978807012
84.0,73.0,37.0,92.0,56.0,86.0,71.0,40.0,37.0,87.0,187.0,136.0,59.0,33.0,43.0,90.0,1211.0,17,197,880702,1,171978807021
33.0,12.0,20.0,29.0,23.0,38.0,57.0,20.0,16.0,109.0,112.0,98.0,41.0,51.0,55.0,42.0,756.0,17,197,880702,2,171978807022
58.0,83.0,33.0,72.0,58.0,21.0,50.0,47.0,62.0,27.0,92.0,106.0,80.0,21.0,47.0,29.0,886.0,17,197,880702,3,171978807023
291.0,197.0,214.0,223.0,332.0,237.0,175.0,188.0,300.0,326.0,497.0,626.0,341.0,278.0,203.0,170.0,4598.0,17,197,880901,1,171978809011
84.0,27.0,130.0,40.0,52.0,56.0,118.0,73.0,38.0,94.0,256.0,250.0,193.0,152.0,77.0,63.0,1703.0,17,197,880901,2,171978809012
192.0,81.0,119.0,96.0,82.0,104.0,105.0,42.0,77.0,94.0,97.0,139.0,88.0,78.0,59.0,56.0,1509.0,17,197,880903,1,171978809031
93.0,63.0,29.0,26.0,118.0,40.0,65.0,59.0,25.0,148.0,99.0,142.0,68.0,45.0,26.0,43.0,1089.0,17,197,880903,2,171978809032
58.0,53.0,43.0,39.0,40.0,37.0,41.0,116.0,39.0,108.0,139.0,167.0,146.0,117.0,64.0,38.0,1245.0,17,197,880905,1,171978809051
41.0,35.0,87.0,43.0,23.0,25.0,70.0,80.0,44.0,139.0,197.0,190.0,82.0,43.0,53.0,58.0,1210.0,17,197,880905,2,171978809052
40.0,19.0,61.0,75.0,77.0,44.0,39.0,37.0,20.0,69.0,129.0,106.0,122.0,92.0,63.0,50.0,1043.0,17,197,881001,1,171978810011
74.0,35.0,57.0,44.0,50.0,46.0,46.0,113.0,35.0,158.0,238.0,203.0,244.0,133.0,120.0,174.0,1770.0,17,197,881001,2,171978810012
41.0,19.0,57.0,40.0,28.0,40.0,35.0,31.0,24.0,50.0,107.0,198.0,240.0,67.0,106.0,84.0,1167.0,17,197,881001,3,171978810013
55.0,27.0,29.0,19.0,33.0,51.0,31.0,78.0,29.0,74.0,137.0,162.0,101.0,94.0,79.0,72.0,1071.0,17,197,881001,4,171978810014
31.0,25.0,18.0,35.0,25.0,42.0,17.0,19.0,35.0,90.0,136.0,179.0,125.0,79.0,53.0,43.0,952.0,17,197,881002,1,171978810021
67.0,17.0,37.0,25.0,29.0,20.0,37.0,60.0,54.0,93.0,75.0,129.0,145.0,64.0,81.0,77.0,1010.0,17,197,881002,2,171978810022
75.0,32.0,33.0,55.0,28.0,91.0,53.0,29.0,28.0,89.0,104.0,257.0,207.0,151.0,101.0,110.0,1443.0,17,197,881002,3,171978810023
87.0,143.0,122.0,67.0,78.0,46.0,52.0,34.0,47.0,95.0,155.0,260.0,125.0,132.0,152.0,136.0,1731.0,17,197,881002,4,171978810024
55.0,47.0,30.0,57.0,33.0,48.0,49.0,44.0,36.0,73.0,80.0,232.0,144.0,140.0,222.0,91.0,1381.0,17,197,881005,1,171978810051
40.0,37.0,63.0,28.0,34.0,61.0,53.0,42.0,32.0,71.0,171.0,108.0,133.0,99.0,96.0,67.0,1135.0,17,197,881005,2,171978810052
40.0,16.0,26.0,16.0,18.0,50.0,22.0,36.0,46.0,53.0,64.0,88.0,161.0,52.0,81.0,70.0,839.0,17,197,881005,3,171978810053
65.0,29.0,32.0,50.0,74.0,42.0,47.0,69.0,46.0,84.0,137.0,239.0,99.0,93.0,74.0,77.0,1257.0,17,197,881006,1,171978810061
50.0,39.0,53.0,46.0,74.0,60.0,35.0,36.0,19.0,97.0,142.0,256.0,149.0,120.0,122.0,54.0,1352.0,17,197,881006,2,171978810062
103.0,63.0,67.0,96.0,61.0,93.0,111.0,74.0,121.0,118.0,304.0,588.0,345.0,217.0,300.0,346.0,3007.0,17,197,881007,1,171978810071
140.0,61.0,67.0,96.0,149.0,72.0,113.0,99.0,96.0,156.0,420.0,300.0,406.0,295.0,257.0,276.0,3003.0,17,197,881007,2,171978810072
143.0,90.0,107.0,220.0,145.0,98.0,67.0,77.0,83.0,224.0,294.0,453.0,586.0,202.0,246.0,303.0,3338.0,17,197,881009,1,171978810091
140.0,86.0,103.0,128.0,99.0,99.0,166.0,115.0,93.0,401.0,665.0,509.0,488.0,216.0,350.0,267.0,3925.0,17,197,881009,2,171978810092
153.0,70.0,130.0,104.0,173.0,114.0,179.0,246.0,132.0,291.0,378.0,489.0,428.0,201.0,259.0,253.0,3600.0,17,197,881010,1,171978810101
62.0,33.0,39.0,79.0,47.0,62.0,50.0,48.0,46.0,122.0,219.0,186.0,103.0,130.0,81.0,96.0,1403.0,17,197,881011,1,171978810111
98.0,28.0,100.0,76.0,35.0,70.0,68.0,49.0,42.0,97.0,131.0,200.0,210.0,128.0,146.0,97.0,1575.0,17,197,881011,2,171978810112
38.0,16.0,28.0,26.0,27.0,22.0,56.0,29.0,17.0,86.0,128.0,181.0,86.0,75.0,104.0,46.0,965.0,17,197,881012,1,171978810121
35.0,32.0,20.0,18.0,31.0,16.0,19.0,33.0,34.0,59.0,104.0,121.0,98.0,201.0,121.0,117.0,1059.0,17,197,881012,2,171978810122
36.0,37.0,55.0,26.0,42.0,19.0,37.0,39.0,26.0,59.0,91.0,185.0,124.0,121.0,70.0,48.0,1015.0,17,197,881012,3,171978810123
151.0,59.0,44.0,87.0,116.0,43.0,51.0,71.0,111.0,173.0,198.0,304.0,140.0,106.0,204.0,196.0,2054.0,17,197,881105,1,171978811051
67.0,27.0,37.0,59.0,51.0,54.0,54.0,78.0,53.0,48.0,134.0,192.0,128.0,225.0,128.0,126.0,1461.0,17,197,881105,2,171978811052
85.0,56.0,74.0,72.0,56.0,48.0,87.0,38.0,88.0,231.0,118.0,259.0,286.0,245.0,232.0,448.0,2423.0,17,197,881105,3,171978811053
87.0,85.0,52.0,90.0,44.0,67.0,85.0,45.0,36.0,122.0,159.0,278.0,169.0,102.0,118.0,91.0,1630.0,17,197,881107,1,171978811071
57.0,32.0,59.0,106.0,51.0,35.0,72.0,47.0,44.0,88.0,142.0,219.0,165.0,94.0,94.0,56.0,1361.0,17,197,881107,2,171978811072
221.0,106.0,144.0,132.0,178.0,167.0,146.0,86.0,126.0,283.0,457.0,706.0,479.0,324.0,425.0,354.0,4334.0,17,197,881108,1,171978811081
57.0,35.0,53.0,48.0,107.0,37.0,98.0,63.0,76.0,84.0,197.0,209.0,146.0,207.0,170.0,127.0,1714.0,17,197,881108,2,171978811082
48.0,18.0,60.0,47.0,41.0,32.0,64.0,51.0,36.0,71.0,111.0,321.0,137.0,129.0,130.0,65.0,1361.0,17,197,881109,1,171978811091
20.0,31.0,15.0,33.0,17.0,13.0,36.0,71.0,42.0,82.0,99.0,104.0,23.0,28.0,34.0,24.0,672.0,17,197,881109,2,171978811092
102.0,77.0,64.0,48.0,77.0,112.0,137.0,63.0,51.0,140.0,329.0,287.0,557.0,200.0,173.0,321.0,2738.0,17,197,881109,3,171978811093
53.0,23.0,31.0,45.0,38.0,37.0,33.0,35.0,39.0,93.0,110.0,109.0,69.0,54.0,121.0,33.0,923.0,17,197,881111,1,171978811111
45.0,64.0,64.0,34.0,33.0,30.0,47.0,41.0,31.0,55.0,88.0,180.0,187.0,97.0,200.0,223.0,1419.0,17,197,881111,2,171978811112
39.0,40.0,33.0,35.0,30.0,63.0,48.0,20.0,79.0,58.0,225.0,165.0,115.0,50.0,81.0,67.0,1148.0,17,197,881111,3,171978811113
72.0,54.0,37.0,35.0,79.0,45.0,65.0,41.0,52.0,134.0,155.0,318.0,257.0,161.0,95.0,138.0,1738.0,17,197,881112,1,171978811121
127.0,94.0,113.0,160.0,187.0,80.0,145.0,99.0,132.0,161.0,383.0,578.0,392.0,281.0,319.0,217.0,3468.0,17,197,881112,2,171978811122
31.0,22.0,50.0,33.0,27.0,42.0,22.0,24.0,49.0,143.0,101.0,165.0,131.0,54.0,106.0,111.0,1111.0,17,197,881113,1,171978811131
32.0,20.0,13.0,16.0,16.0,20.0,62.0,42.0,49.0,57.0,57.0,115.0,112.0,56.0,63.0,78.0,808.0,17,197,881113,2,171978811132
77.0,136.0,76.0,48.0,40.0,49.0,56.0,51.0,40.0,90.0,148.0,343.0,186.0,64.0,149.0,163.0,1716.0,17,197,881113,3,171978811133
101.0,38.0,73.0,96.0,172.0,82.0,99.0,52.0,81.0,109.0,189.0,203.0,214.0,153.0,225.0,141.0,2028.0,17,197,881115,1,171978811151
28.0,17.0,22.0,32.0,16.0,21.0,18.0,52.0,63.0,50.0,127.0,226.0,96.0,129.0,58.0,56.0,1011.0,17,197,881115,2,171978811152
67.0,16.0,60.0,29.0,21.0,30.0,32.0,90.0,38.0,93.0,111.0,172.0,254.0,73.0,75.0,120.0,1281.0,17,197,881115,3,171978811153
83.0,120.0,59.0,76.0,53.0,106.0,87.0,84.0,78.0,151.0,193.0,294.0,281.0,176.0,339.0,175.0,2355.0,17,197,881116,1,171978811161
60.0,43.0,28.0,33.0,99.0,82.0,39.0,71.0,34.0,167.0,114.0,217.0,252.0,249.0,128.0,106.0,1722.0,17,197,881116,2,171978811162
315.0,59.0,94.0,84.0,84.0,103.0,114.0,86.0,44.0,71.0,121.0,119.0,169.0,55.0,61.0,52.0,1631.0,17,197,881200,1,171978812001
62.0,58.0,66.0,24.0,70.0,36.0,38.0,37.0,25.0,106.0,95.0,165.0,43.0,33.0,24.0,51.0,933.0,17,197,881200,2,171978812002
56.0,47.0,74.0,82.0,71.0,77.0,63.0,72.0,25.0,97.0,122.0,261.0,147.0,45.0,61.0,89.0,1389.0,17,197,881200,3,171978812003
129.0,54.0,85.0,71.0,104.0,47.0,67.0,65.0,42.0,61.0,101.0,145.0,85.0,38.0,59.0,39.0,1192.0,17,197,881200,4,171978812004
88.0,31.0,48.0,51.0,140.0,66.0,26.0,41.0,70.0,107.0,88.0,160.0,137.0,32.0,44.0,50.0,1179.0,17,197,881301,1,171978813011
82.0,79.0,150.0,159.0,136.0,195.0,114.0,59.0,61.0,68.0,193.0,164.0,97.0,70.0,90.0,69.0,1786.0,17,197,881301,2,171978813012
42.0,59.0,77.0,43.0,22.0,103.0,77.0,30.0,65.0,56.0,103.0,90.0,99.0,48.0,58.0,50.0,1022.0,17,197,881302,1,171978813021
64.0,28.0,57.0,102.0,64.0,18.0,13.0,33.0,30.0,104.0,62.0,55.0,76.0,26.0,27.0,31.0,790.0,17,197,881302,2,171978813022
34.0,14.0,41.0,96.0,71.0,35.0,109.0,40.0,67.0,70.0,90.0,86.0,49.0,22.0,33.0,41.0,898.0,17,197,881401,1,171978814011
28.0,10.0,9.0,34.0,30.0,9.0,44.0,51.0,22.0,51.0,104.0,71.0,28.0,16.0,17.0,23.0,547.0,17,197,881401,2,171978814012
92.0,30.0,49.0,67.0,29.0,135.0,143.0,118.0,31.0,126.0,167.0,183.0,79.0,94.0,42.0,61.0,1446.0,17,197,881401,3,171978814013
58.0,28.0,40.0,43.0,59.0,70.0,53.0,51.0,18.0,124.0,110.0,186.0,105.0,58.0,38.0,33.0,1074.0,17,197,881402,1,171978814021
50.0,16.0,56.0,70.0,29.0,63.0,36.0,28.0,44.0,37.0,118.0,111.0,61.0,45.0,28.0,29.0,821.0,17,197,881402,2,171978814022
31.0,66.0,63.0,22.0,20.0,122.0,43.0,15.0,26.0,43.0,68.0,174.0,70.0,55.0,31.0,75.0,924.0,17,197,881402,3,171978814023
80.0,26.0,58.0,59.0,44.0,84.0,79.0,40.0,90.0,109.0,151.0,215.0,107.0,68.0,71.0,64.0,1345.0,17,197,881500,1,171978815001
41.0,33.0,26.0,42.0,22.0,29.0,22.0,56.0,62.0,60.0,205.0,147.0,114.0,87.0,42.0,50.0,1038.0,17,197,881500,2,171978815002
57.0,43.0,61.0,28.0,33.0,35.0,25.0,26.0,65.0,34.0,70.0,127.0,90.0,74.0,69.0,21.0,858.0,17,197,881500,3,171978815003
29.0,19.0,30.0,25.0,43.0,20.0,17.0,16.0,24.0,59.0,60.0,105.0,53.0,73.0,77.0,71.0,721.0,17,197,881601,1,171978816011
56.0,71.0,50.0,29.0,78.0,81.0,48.0,13.0,31.0,86.0,106.0,190.0,84.0,70.0,47.0,40.0,1080.0,17,197,881601,2,171978816012
42.0,35.0,33.0,35.0,85.0,31.0,55.0,94.0,41.0,63.0,187.0,195.0,186.0,40.0,46.0,62.0,1230.0,17,197,881603,1,171978816031
87.0,127.0,125.0,137.0,128.0,68.0,117.0,110.0,127.0,195.0,189.0,170.0,96.0,61.0,78.0,66.0,1881.0,17,197,881603,2,171978816032
58.0,26.0,29.0,41.0,25.0,50.0,32.0,58.0,30.0,132.0,128.0,321.0,112.0,85.0,47.0,38.0,1212.0,17,197,881604,1,171978816041
95.0,72.0,72.0,54.0,164.0,67.0,112.0,98.0,40.0,121.0,167.0,174.0,75.0,74.0,53.0,61.0,1499.0,17,197,881604,2,171978816042
30.0,29.0,26.0,41.0,16.0,32.0,32.0,12.0,13.0,69.0,49.0,64.0,59.0,25.0,35.0,23.0,555.0,17,197,881700,1,171978817001
69.0,41.0,37.0,51.0,78.0,41.0,67.0,30.0,55.0,66.0,145.0,184.0,98.0,102.0,72.0,66.0,1202.0,17,197,881700,2,171978817002
79.0,19.0,22.0,35.0,73.0,49.0,54.0,20.0,26.0,74.0,140.0,241.0,116.0,77.0,125.0,69.0,1219.0,17,197,881700,3,171978817003
53.0,83.0,45.0,125.0,125.0,30.0,43.0,93.0,87.0,105.0,135.0,210.0,128.0,54.0,101.0,45.0,1462.0,17,197,881800,1,171978818001
38.0,18.0,54.0,40.0,32.0,57.0,25.0,34.0,20.0,116.0,88.0,78.0,37.0,27.0,29.0,35.0,728.0,17,197,881800,2,171978818002
29.0,42.0,17.0,15.0,43.0,100.0,50.0,65.0,10.0,29.0,71.0,55.0,27.0,19.0,33.0,22.0,627.0,17,197,881800,3,171978818003
45.0,33.0,64.0,85.0,40.0,27.0,99.0,60.0,19.0,142.0,120.0,178.0,79.0,77.0,45.0,50.0,1163.0,17,197,881800,4,171978818004
56.0,34.0,78.0,180.0,35.0,89.0,51.0,47.0,94.0,75.0,184.0,195.0,56.0,44.0,36.0,51.0,1305.0,17,197,881900,1,171978819001
88.0,29.0,29.0,65.0,13.0,40.0,27.0,54.0,21.0,32.0,48.0,75.0,38.0,14.0,32.0,43.0,648.0,17,197,881900,2,171978819002
233.0,21.0,22.0,26.0,15.0,21.0,12.0,10.0,14.0,18.0,19.0,39.0,31.0,18.0,29.0,18.0,546.0,17,197,881900,3,171978819003
139.0,55.0,124.0,103.0,35.0,118.0,66.0,29.0,79.0,49.0,130.0,111.0,66.0,40.0,48.0,60.0,1252.0,17,197,881900,4,171978819004
74.0,43.0,136.0,108.0,45.0,46.0,107.0,28.0,59.0,58.0,118.0,131.0,47.0,34.0,39.0,43.0,1116.0,17,197,882000,1,171978820001
85.0,17.0,75.0,25.0,114.0,33.0,48.0,43.0,25.0,61.0,61.0,80.0,44.0,65.0,50.0,22.0,848.0,17,197,882000,2,171978820002
183.0,90.0,47.0,43.0,25.0,30.0,45.0,25.0,15.0,43.0,48.0,61.0,51.0,22.0,43.0,29.0,800.0,17,197,882000,3,171978820003
58.0,36.0,111.0,138.0,33.0,72.0,41.0,45.0,67.0,87.0,147.0,145.0,116.0,45.0,77.0,58.0,1276.0,17,197,882100,1,171978821001
170.0,97.0,113.0,114.0,46.0,63.0,53.0,53.0,66.0,111.0,116.0,203.0,59.0,66.0,61.0,50.0,1441.0,17,197,882100,2,171978821002
37.0,64.0,9.0,32.0,14.0,13.0,57.0,42.0,32.0,25.0,28.0,59.0,27.0,13.0,21.0,13.0,486.0,17,197,882200,1,171978822001
63.0,46.0,17.0,59.0,15.0,25.0,11.0,18.0,62.0,64.0,74.0,101.0,52.0,23.0,23.0,29.0,682.0,17,197,882200,2,171978822002
84.0,89.0,145.0,229.0,85.0,155.0,101.0,198.0,86.0,131.0,220.0,326.0,173.0,129.0,84.0,94.0,2329.0,17,197,882200,3,171978822003
106.0,57.0,122.0,37.0,78.0,83.0,32.0,72.0,37.0,46.0,100.0,138.0,50.0,31.0,31.0,46.0,1066.0,17,197,882200,4,171978822004
100.0,57.0,110.0,74.0,109.0,76.0,51.0,102.0,108.0,105.0,168.0,280.0,151.0,77.0,47.0,65.0,1680.0,17,197,882300,1,171978823001
78.0,53.0,59.0,80.0,81.0,143.0,127.0,42.0,59.0,102.0,191.0,144.0,102.0,85.0,55.0,48.0,1449.0,17,197,882300,2,171978823002
90.0,79.0,89.0,37.0,63.0,109.0,61.0,20.0,18.0,108.0,104.0,165.0,54.0,38.0,48.0,51.0,1134.0,17,197,882300,3,171978823003
129.0,47.0,86.0,98.0,109.0,61.0,169.0,162.0,123.0,72.0,158.0,181.0,122.0,66.0,70.0,54.0,1707.0,17,197,882400,1,171978824001
58.0,125.0,18.0,64.0,70.0,27.0,50.0,57.0,23.0,52.0,187.0,140.0,48.0,74.0,30.0,37.0,1060.0,17,197,882400,2,171978824002
64.0,27.0,54.0,125.0,38.0,45.0,51.0,27.0,24.0,39.0,64.0,91.0,70.0,35.0,30.0,42.0,826.0,17,197,882400,3,171978824003
221.0,172.0,83.0,61.0,70.0,92.0,46.0,33.0,31.0,58.0,86.0,111.0,114.0,33.0,49.0,45.0,1305.0,17,197,882500,1,171978825001
60.0,45.0,73.0,53.0,24.0,27.0,80.0,30.0,87.0,71.0,83.0,165.0,45.0,56.0,37.0,57.0,993.0,17,197,882500,2,171978825002
83.0,25.0,63.0,42.0,42.0,27.0,43.0,44.0,53.0,74.0,111.0,221.0,95.0,26.0,82.0,45.0,1076.0,17,197,882601,1,171978826011
45.0,17.0,32.0,52.0,29.0,28.0,18.0,80.0,23.0,56.0,239.0,103.0,124.0,78.0,91.0,47.0,1062.0,17,197,882601,2,171978826012
41.0,56.0,79.0,56.0,48.0,60.0,37.0,66.0,93.0,110.0,101.0,198.0,137.0,48.0,88.0,49.0,1267.0,17,197,882601,3,171978826013
63.0,120.0,194.0,143.0,39.0,92.0,29.0,95.0,38.0,54.0,104.0,176.0,78.0,92.0,48.0,44.0,1409.0,17,197,882602,1,171978826021
83.0,67.0,164.0,73.0,115.0,172.0,76.0,130.0,85.0,207.0,140.0,201.0,111.0,74.0,71.0,73.0,1842.0,17,197,882602,2,171978826022
29.0,17.0,35.0,14.0,21.0,14.0,26.0,15.0,11.0,102.0,45.0,92.0,34.0,64.0,55.0,54.0,628.0,17,197,882701,1,171978827011
77.0,72.0,45.0,106.0,65.0,59.0,72.0,85.0,70.0,112.0,282.0,350.0,183.0,84.0,61.0,66.0,1789.0,17,197,882701,2,171978827012
50.0,53.0,46.0,29.0,20.0,65.0,41.0,62.0,20.0,82.0,57.0,91.0,61.0,28.0,46.0,33.0,784.0,17,197,882702,1,171978827021
29.0,23.0,60.0,99.0,27.0,160.0,29.0,42.0,196.0,51.0,107.0,156.0,62.0,37.0,37.0,42.0,1157.0,17,197,882702,2,171978827022
29.0,49.0,106.0,23.0,77.0,45.0,28.0,34.0,81.0,99.0,78.0,105.0,136.0,26.0,45.0,43.0,1004.0,17,197,882702,3,171978827023
154.0,56.0,75.0,51.0,84.0,53.0,100.0,44.0,57.0,80.0,157.0,198.0,97.0,57.0,66.0,46.0,1375.0,17,197,882801,1,171978828011
86.0,34.0,16.0,33.0,132.0,37.0,69.0,35.0,39.0,62.0,159.0,126.0,90.0,52.0,43.0,38.0,1051.0,17,197,882801,2,171978828012
63.0,37.0,77.0,49.0,58.0,39.0,40.0,60.0,28.0,156.0,220.0,104.0,110.0,52.0,33.0,35.0,1161.0,17,197,882802,1,171978828021
47.0,26.0,85.0,87.0,102.0,27.0,23.0,25.0,104.0,247.0,84.0,120.0,52.0,56.0,56.0,49.0,1190.0,17,197,882802,2,171978828022
71.0,31.0,88.0,64.0,17.0,43.0,20.0,25.0,32.0,51.0,46.0,53.0,32.0,20.0,28.0,28.0,649.0,17,197,882802,3,171978828023
59.0,41.0,35.0,65.0,68.0,42.0,44.0,58.0,28.0,118.0,141.0,164.0,71.0,63.0,38.0,45.0,1080.0,17,197,882900,1,171978829001
96.0,50.0,68.0,60.0,30.0,75.0,49.0,54.0,65.0,95.0,195.0,141.0,130.0,51.0,53.0,73.0,1285.0,17,197,882900,2,171978829002
74.0,30.0,66.0,24.0,69.0,36.0,64.0,46.0,28.0,64.0,90.0,105.0,82.0,41.0,32.0,34.0,885.0,17,197,883000,1,171978830001
25.0,25.0,47.0,18.0,15.0,15.0,29.0,46.0,14.0,113.0,71.0,86.0,49.0,76.0,30.0,35.0,694.0,17,197,883000,2,171978830002
112.0,93.0,109.0,54.0,66.0,55.0,38.0,94.0,35.0,167.0,217.0,167.0,89.0,78.0,60.0,57.0,1491.0,17,197,883000,3,171978830003
103.0,118.0,114.0,71.0,86.0,134.0,84.0,71.0,77.0,143.0,241.0,268.0,143.0,69.0,108.0,53.0,1883.0,17,197,883100,1,171978831001
38.0,20.0,58.0,55.0,85.0,54.0,60.0,47.0,45.0,69.0,135.0,140.0,100.0,95.0,61.0,48.0,1110.0,17,197,883100,2,171978831002
95.0,38.0,58.0,65.0,59.0,44.0,52.0,80.0,52.0,145.0,108.0,129.0,111.0,51.0,72.0,62.0,1221.0,17,197,883100,3,171978831003
113.0,37.0,63.0,48.0,62.0,125.0,58.0,80.0,32.0,103.0,153.0,195.0,225.0,146.0,56.0,112.0,1608.0,17,197,883206,1,171978832061
110.0,41.0,29.0,36.0,88.0,78.0,94.0,79.0,55.0,158.0,168.0,194.0,121.0,74.0,46.0,69.0,1440.0,17,197,883206,2,171978832062
54.0,75.0,35.0,48.0,98.0,35.0,47.0,83.0,58.0,174.0,123.0,165.0,121.0,51.0,119.0,58.0,1344.0,17,197,883206,3,171978832063
87.0,71.0,73.0,82.0,43.0,47.0,55.0,52.0,46.0,206.0,97.0,190.0,158.0,58.0,50.0,111.0,1426.0,17,197,883208,1,171978832081
107.0,87.0,62.0,69.0,54.0,93.0,49.0,128.0,85.0,146.0,206.0,218.0,113.0,81.0,68.0,58.0,1624.0,17,197,883208,2,171978832082
49.0,63.0,31.0,42.0,27.0,56.0,29.0,35.0,47.0,69.0,175.0,176.0,145.0,81.0,166.0,107.0,1298.0,17,197,883209,1,171978832091
25.0,28.0,78.0,62.0,33.0,75.0,26.0,15.0,23.0,70.0,89.0,75.0,69.0,41.0,69.0,30.0,808.0,17,197,883209,2,171978832092
45.0,25.0,44.0,29.0,28.0,43.0,97.0,39.0,35.0,106.0,65.0,106.0,169.0,108.0,83.0,44.0,1066.0,17,197,883209,3,171978832093
110.0,72.0,51.0,63.0,48.0,59.0,58.0,56.0,25.0,79.0,91.0,112.0,94.0,57.0,102.0,129.0,1206.0,17,197,883210,1,171978832101
47.0,41.0,71.0,57.0,68.0,81.0,40.0,34.0,45.0,194.0,75.0,198.0,85.0,55.0,54.0,117.0,1262.0,17,197,883210,2,171978832102
74.0,49.0,58.0,98.0,65.0,93.0,106.0,250.0,49.0,128.0,377.0,426.0,245.0,203.0,119.0,128.0,2468.0,17,197,883211,1,171978832111
82.0,52.0,51.0,101.0,74.0,84.0,125.0,65.0,43.0,120.0,182.0,330.0,181.0,177.0,111.0,63.0,1841.0,17,197,883211,2,171978832112
67.0,61.0,69.0,58.0,80.0,44.0,99.0,54.0,61.0,177.0,165.0,214.0,263.0,134.0,83.0,56.0,1685.0,17,197,883211,3,171978832113
305.0,132.0,294.0,201.0,166.0,147.0,234.0,152.0,136.0,308.0,612.0,916.0,754.0,584.0,418.0,488.0,5847.0,17,197,883212,1,171978832121
132.0,37.0,74.0,103.0,54.0,46.0,56.0,80.0,80.0,165.0,172.0,315.0,165.0,279.0,163.0,78.0,1999.0,17,197,883213,1,171978832131
43.0,23.0,29.0,39.0,24.0,35.0,42.0,21.0,50.0,101.0,75.0,140.0,160.0,142.0,91.0,167.0,1182.0,17,197,883213,2,171978832132
135.0,165.0,85.0,61.0,61.0,122.0,54.0,87.0,63.0,144.0,211.0,296.0,244.0,182.0,219.0,147.0,2276.0,17,197,883213,3,171978832133
114.0,99.0,165.0,134.0,134.0,70.0,87.0,166.0,87.0,151.0,307.0,438.0,228.0,161.0,166.0,142.0,2649.0,17,197,883214,1,171978832141
416.0,293.0,348.0,334.0,327.0,328.0,299.0,452.0,364.0,812.0,943.0,1585.0,1499.0,1022.0,801.0,572.0,10395.0,17,197,883215,1,171978832151
58.0,24.0,27.0,34.0,39.0,35.0,21.0,26.0,21.0,76.0,60.0,161.0,167.0,78.0,95.0,70.0,992.0,17,197,883216,1,171978832161
26.0,24.0,24.0,44.0,28.0,72.0,34.0,18.0,33.0,50.0,103.0,158.0,131.0,46.0,30.0,38.0,859.0,17,197,883216,2,171978832162
29.0,20.0,24.0,34.0,40.0,77.0,38.0,21.0,42.0,45.0,85.0,213.0,106.0,79.0,80.0,55.0,988.0,17,197,883216,3,171978832163
45.0,16.0,22.0,42.0,22.0,48.0,48.0,23.0,54.0,65.0,127.0,200.0,168.0,94.0,115.0,96.0,1185.0,17,197,883303,1,171978833031
89.0,70.0,59.0,81.0,60.0,73.0,74.0,99.0,101.0,163.0,197.0,503.0,374.0,263.0,206.0,151.0,2563.0,17,197,883303,2,171978833032
85.0,71.0,85.0,89.0,47.0,43.0,64.0,81.0,86.0,127.0,239.0,250.0,204.0,101.0,93.0,116.0,1781.0,17,197,883304,1,171978833041
51.0,35.0,39.0,49.0,35.0,40.0,61.0,41.0,31.0,179.0,180.0,212.0,136.0,133.0,162.0,110.0,1494.0,17,197,883305,1,171978833051
46.0,30.0,37.0,50.0,29.0,70.0,36.0,55.0,47.0,94.0,70.0,247.0,203.0,131.0,163.0,65.0,1373.0,17,197,883305,2,171978833052
114.0,72.0,84.0,73.0,124.0,141.0,98.0,74.0,80.0,141.0,228.0,410.0,466.0,261.0,274.0,146.0,2786.0,17,197,883306,1,171978833061
26.0,34.0,27.0,32.0,44.0,54.0,60.0,73.0,22.0,43.0,98.0,220.0,90.0,58.0,28.0,38.0,947.0,17,197,883306,2,171978833062
72.0,121.0,89.0,122.0,132.0,120.0,82.0,68.0,89.0,151.0,244.0,280.0,293.0,163.0,130.0,154.0,2310.0,17,197,883307,1,171978833071
57.0,65.0,40.0,57.0,114.0,46.0,88.0,82.0,122.0,73.0,242.0,295.0,183.0,107.0,109.0,87.0,1767.0,17,197,883307,2,171978833072
84.0,38.0,24.0,18.0,73.0,17.0,18.0,33.0,38.0,85.0,101.0,115.0,49.0,22.0,26.0,37.0,778.0,17,197,883401,1,171978834011
42.0,50.0,85.0,37.0,55.0,30.0,33.0,44.0,30.0,68.0,158.0,195.0,97.0,70.0,84.0,45.0,1123.0,17,197,883401,2,171978834012
30.0,87.0,77.0,51.0,55.0,33.0,34.0,38.0,35.0,148.0,42.0,57.0,60.0,64.0,30.0,43.0,884.0,17,197,883401,3,171978834013
55.0,55.0,49.0,48.0,33.0,27.0,42.0,51.0,76.0,65.0,85.0,59.0,113.0,67.0,44.0,50.0,919.0,17,197,883401,4,171978834014
34.0,57.0,16.0,13.0,23.0,67.0,22.0,63.0,51.0,44.0,95.0,83.0,55.0,41.0,44.0,49.0,757.0,17,197,883402,1,171978834021
92.0,42.0,75.0,74.0,60.0,89.0,41.0,67.0,67.0,175.0,193.0,181.0,127.0,96.0,66.0,82.0,1527.0,17,197,883402,2,171978834022
89.0,59.0,89.0,151.0,80.0,103.0,112.0,91.0,58.0,147.0,200.0,386.0,312.0,190.0,319.0,262.0,2648.0,17,197,883504,1,171978835041
35.0,12.0,16.0,35.0,43.0,21.0,16.0,19.0,37.0,82.0,78.0,120.0,37.0,41.0,74.0,79.0,745.0,17,197,883504,2,171978835042
53.0,46.0,61.0,108.0,53.0,70.0,63.0,41.0,83.0,164.0,131.0,183.0,148.0,106.0,89.0,63.0,1462.0,17,197,883504,3,171978835043
69.0,37.0,32.0,39.0,41.0,143.0,52.0,42.0,58.0,63.0,113.0,189.0,281.0,211.0,288.0,84.0,1742.0,17,197,883505,1,171978835051
255.0,75.0,75.0,103.0,57.0,46.0,78.0,92.0,44.0,101.0,151.0,254.0,170.0,201.0,225.0,189.0,2116.0,17,197,883505,2,171978835052
16.0,15.0,32.0,12.0,8.0,26.0,14.0,23.0,23.0,29.0,66.0,98.0,24.0,17.0,62.0,70.0,535.0,17,197,883505,3,171978835053
68.0,72.0,66.0,92.0,92.0,123.0,77.0,103.0,48.0,98.0,187.0,500.0,276.0,186.0,331.0,439.0,2758.0,17,197,883505,4,171978835054
39.0,25.0,27.0,32.0,62.0,65.0,46.0,35.0,114.0,90.0,206.0,211.0,210.0,82.0,75.0,58.0,1377.0,17,197,883505,5,171978835055
78.0,39.0,67.0,53.0,55.0,84.0,41.0,49.0,55.0,145.0,140.0,299.0,256.0,130.0,181.0,100.0,1772.0,17,197,883507,1,171978835071
66.0,51.0,65.0,151.0,69.0,78.0,68.0,62.0,63.0,132.0,144.0,266.0,423.0,145.0,194.0,236.0,2213.0,17,197,883507,2,171978835072
73.0,114.0,52.0,112.0,34.0,84.0,49.0,75.0,75.0,152.0,148.0,212.0,240.0,128.0,140.0,93.0,1781.0,17,197,883509,1,171978835091
85.0,57.0,72.0,101.0,91.0,133.0,85.0,78.0,141.0,213.0,237.0,327.0,250.0,90.0,151.0,149.0,2260.0,17,197,883509,2,171978835092
76.0,92.0,87.0,124.0,96.0,89.0,149.0,59.0,45.0,140.0,228.0,264.0,227.0,369.0,223.0,140.0,2408.0,17,197,883510,1,171978835101
123.0,53.0,65.0,76.0,65.0,95.0,66.0,74.0,125.0,319.0,272.0,541.0,390.0,277.0,176.0,129.0,2846.0,17,197,883510,2,171978835102
109.0,26.0,62.0,46.0,51.0,47.0,104.0,51.0,36.0,46.0,253.0,163.0,107.0,86.0,57.0,64.0,1308.0,17,197,883511,1,171978835111
52.0,44.0,64.0,72.0,48.0,79.0,60.0,40.0,24.0,167.0,177.0,395.0,208.0,106.0,202.0,181.0,1919.0,17,197,883511,2,171978835112
49.0,33.0,63.0,38.0,32.0,55.0,55.0,60.0,72.0,87.0,108.0,214.0,181.0,100.0,92.0,73.0,1312.0,17,197,883511,3,171978835113
56.0,33.0,86.0,48.0,37.0,54.0,58.0,66.0,44.0,122.0,213.0,348.0,179.0,194.0,189.0,117.0,1844.0,17,197,883513,1,171978835131
73.0,125.0,192.0,87.0,42.0,46.0,107.0,71.0,118.0,91.0,112.0,340.0,200.0,154.0,96.0,135.0,1989.0,17,197,883513,2,171978835132
54.0,43.0,48.0,67.0,45.0,39.0,49.0,93.0,124.0,95.0,131.0,224.0,189.0,165.0,108.0,86.0,1560.0,17,197,883513,3,171978835133
167.0,93.0,119.0,191.0,225.0,81.0,46.0,74.0,100.0,256.0,288.0,532.0,297.0,287.0,396.0,385.0,3537.0,17,197,883514,1,171978835141
157.0,99.0,99.0,181.0,121.0,124.0,129.0,84.0,76.0,262.0,414.0,515.0,512.0,458.0,377.0,278.0,3886.0,17,197,883514,2,171978835142
67.0,56.0,64.0,57.0,53.0,51.0,84.0,50.0,69.0,109.0,120.0,310.0,250.0,147.0,253.0,228.0,1968.0,17,197,883515,1,171978835151
39.0,32.0,48.0,43.0,33.0,48.0,56.0,48.0,27.0,136.0,185.0,192.0,57.0,94.0,78.0,96.0,1212.0,17,197,883515,2,171978835152
23.0,16.0,22.0,24.0,26.0,28.0,26.0,16.0,9.0,59.0,84.0,126.0,79.0,55.0,79.0,82.0,754.0,17,197,883515,3,171978835153
317.0,152.0,208.0,276.0,185.0,161.0,132.0,135.0,223.0,429.0,489.0,720.0,674.0,493.0,729.0,944.0,6267.0,17,197,883516,1,171978835161
33.0,12.0,45.0,18.0,14.0,13.0,25.0,16.0,33.0,45.0,112.0,84.0,58.0,48.0,78.0,47.0,681.0,17,197,883516,2,171978835162
49.0,40.0,38.0,30.0,103.0,57.0,47.0,49.0,22.0,110.0,167.0,375.0,144.0,160.0,134.0,213.0,1738.0,17,197,883517,1,171978835171
67.0,25.0,62.0,31.0,48.0,72.0,56.0,45.0,63.0,106.0,170.0,241.0,197.0,99.0,63.0,70.0,1415.0,17,197,883517,2,171978835172
89.0,69.0,77.0,100.0,130.0,186.0,82.0,123.0,139.0,200.0,241.0,389.0,269.0,306.0,315.0,139.0,2854.0,17,197,883519,1,171978835191
51.0,33.0,48.0,32.0,61.0,49.0,40.0,39.0,19.0,69.0,268.0,137.0,89.0,209.0,75.0,57.0,1276.0,17,197,883519,2,171978835192
51.0,30.0,82.0,37.0,33.0,115.0,39.0,31.0,30.0,75.0,169.0,142.0,171.0,92.0,124.0,204.0,1425.0,17,197,883519,3,171978835193
51.0,29.0,57.0,25.0,41.0,74.0,36.0,76.0,103.0,62.0,209.0,217.0,84.0,122.0,91.0,89.0,1366.0,17,197,883521,1,171978835211
44.0,11.0,42.0,29.0,61.0,44.0,31.0,30.0,18.0,55.0,99.0,166.0,173.0,103.0,204.0,124.0,1234.0,17,197,883521,2,171978835212
28.0,39.0,28.0,70.0,35.0,26.0,18.0,44.0,36.0,40.0,118.0,142.0,87.0,146.0,129.0,52.0,1038.0,17,197,883521,3,171978835213
41.0,31.0,30.0,28.0,27.0,49.0,48.0,18.0,50.0,46.0,130.0,152.0,244.0,34.0,61.0,106.0,1095.0,17,197,883522,1,171978835221
81.0,18.0,28.0,47.0,20.0,46.0,16.0,20.0,23.0,60.0,61.0,86.0,84.0,36.0,96.0,43.0,765.0,17,197,883522,2,171978835222
83.0,27.0,33.0,37.0,37.0,32.0,54.0,47.0,47.0,93.0,167.0,182.0,192.0,156.0,129.0,122.0,1438.0,17,197,883522,3,171978835223
58.0,24.0,62.0,93.0,61.0,21.0,35.0,62.0,42.0,56.0,166.0,140.0,86.0,91.0,71.0,45.0,1113.0,17,197,883602,1,171978836021
36.0,23.0,22.0,51.0,53.0,40.0,26.0,29.0,18.0,126.0,161.0,136.0,130.0,194.0,83.0,90.0,1218.0,17,197,883602,2,171978836022
83.0,52.0,39.0,41.0,119.0,57.0,76.0,105.0,142.0,111.0,378.0,249.0,100.0,91.0,98.0,153.0,1894.0,17,197,883602,3,171978836023
32.0,11.0,26.0,57.0,73.0,47.0,44.0,33.0,19.0,63.0,118.0,171.0,62.0,123.0,129.0,56.0,1064.0,17,197,883602,4,171978836024
80.0,32.0,87.0,51.0,156.0,79.0,56.0,29.0,40.0,98.0,239.0,201.0,157.0,77.0,74.0,74.0,1530.0,17,197,883603,1,171978836031
124.0,53.0,100.0,59.0,159.0,51.0,84.0,59.0,43.0,83.0,126.0,299.0,93.0,117.0,72.0,72.0,1594.0,17,197,883603,2,171978836032
108.0,36.0,35.0,61.0,85.0,81.0,41.0,62.0,133.0,126.0,175.0,177.0,145.0,74.0,49.0,61.0,1449.0,17,197,883605,1,171978836051
302.0,126.0,115.0,168.0,64.0,59.0,34.0,81.0,158.0,156.0,130.0,176.0,145.0,71.0,79.0,71.0,1935.0,17,197,883605,2,171978836052
65.0,94.0,70.0,82.0,53.0,85.0,115.0,42.0,157.0,145.0,254.0,345.0,282.0,208.0,74.0,100.0,2171.0,17,197,883606,1,171978836061
173.0,52.0,41.0,47.0,99.0,37.0,76.0,120.0,49.0,178.0,151.0,168.0,163.0,84.0,87.0,60.0,1585.0,17,197,883606,2,171978836062
108.0,89.0,52.0,38.0,34.0,41.0,63.0,65.0,41.0,186.0,80.0,129.0,88.0,44.0,91.0,47.0,1196.0,17,197,883700,1,171978837001
64.0,24.0,59.0,50.0,71.0,47.0,26.0,37.0,18.0,35.0,80.0,106.0,36.0,23.0,46.0,29.0,751.0,17,197,883700,2,171978837002
96.0,40.0,41.0,52.0,18.0,60.0,44.0,41.0,22.0,57.0,128.0,152.0,68.0,29.0,29.0,41.0,918.0,17,197,883700,3,171978837003
114.0,100.0,95.0,73.0,36.0,97.0,78.0,101.0,79.0,146.0,81.0,105.0,60.0,52.0,48.0,43.0,1308.0,17,197,883803,1,171978838031
64.0,27.0,49.0,61.0,134.0,28.0,33.0,99.0,78.0,234.0,220.0,161.0,90.0,126.0,54.0,68.0,1526.0,17,197,883803,2,171978838032
58.0,103.0,98.0,64.0,30.0,35.0,96.0,58.0,30.0,38.0,91.0,228.0,135.0,58.0,27.0,57.0,1206.0,17,197,883804,1,171978838041
110.0,35.0,58.0,69.0,35.0,49.0,47.0,107.0,43.0,223.0,160.0,234.0,110.0,62.0,66.0,41.0,1449.0,17,197,883804,2,171978838042
85.0,36.0,20.0,58.0,16.0,73.0,27.0,34.0,55.0,70.0,114.0,140.0,179.0,34.0,88.0,82.0,1111.0,17,197,883806,1,171978838061
35.0,42.0,65.0,24.0,13.0,35.0,58.0,16.0,24.0,40.0,109.0,77.0,73.0,50.0,31.0,33.0,725.0,17,197,883806,2,171978838062
87.0,49.0,32.0,56.0,154.0,76.0,68.0,72.0,101.0,140.0,99.0,309.0,234.0,132.0,121.0,188.0,1918.0,17,197,883806,3,171978838063
72.0,82.0,105.0,83.0,84.0,64.0,90.0,66.0,95.0,172.0,187.0,311.0,208.0,93.0,93.0,114.0,1919.0,17,197,883808,1,171978838081
90.0,67.0,54.0,46.0,76.0,82.0,110.0,36.0,47.0,85.0,165.0,84.0,90.0,33.0,45.0,48.0,1158.0,17,197,883809,1,171978838091
58.0,58.0,79.0,106.0,80.0,65.0,112.0,81.0,62.0,116.0,103.0,286.0,153.0,83.0,141.0,98.0,1681.0,17,197,883809,2,171978838092
76.0,28.0,37.0,33.0,23.0,37.0,31.0,55.0,31.0,64.0,120.0,313.0,120.0,125.0,98.0,52.0,1243.0,17,197,883810,1,171978838101
39.0,23.0,89.0,105.0,44.0,54.0,60.0,51.0,79.0,59.0,114.0,230.0,97.0,48.0,64.0,63.0,1219.0,17,197,883810,2,171978838102
55.0,57.0,29.0,62.0,69.0,49.0,33.0,26.0,54.0,97.0,75.0,157.0,97.0,48.0,113.0,119.0,1140.0,17,197,883810,3,171978838103
126.0,34.0,54.0,56.0,36.0,96.0,38.0,47.0,60.0,66.0,104.0,188.0,88.0,85.0,76.0,76.0,1230.0,17,197,883811,1,171978838111
120.0,87.0,70.0,74.0,50.0,42.0,90.0,81.0,157.0,117.0,212.0,324.0,169.0,72.0,120.0,73.0,1858.0,17,197,883811,2,171978838112
114.0,58.0,122.0,185.0,121.0,121.0,120.0,166.0,86.0,263.0,374.0,552.0,341.0,141.0,126.0,195.0,3085.0,17,197,883902,1,171978839021
81.0,106.0,40.0,67.0,52.0,69.0,36.0,52.0,35.0,114.0,172.0,232.0,195.0,123.0,118.0,94.0,1586.0,17,197,883902,2,171978839022
24.0,85.0,62.0,37.0,32.0,55.0,15.0,34.0,27.0,69.0,93.0,141.0,55.0,36.0,34.0,27.0,826.0,17,197,883902,3,171978839023
40.0,41.0,15.0,22.0,15.0,15.0,13.0,76.0,49.0,44.0,68.0,59.0,101.0,40.0,73.0,24.0,695.0,17,197,883902,4,171978839024
78.0,68.0,55.0,58.0,94.0,82.0,59.0,96.0,58.0,180.0,319.0,298.0,191.0,112.0,129.0,97.0,1974.0,17,197,883903,1,171978839031
95.0,58.0,55.0,127.0,76.0,41.0,54.0,80.0,85.0,193.0,206.0,312.0,342.0,136.0,152.0,78.0,2090.0,17,197,883904,1,171978839041
78.0,17.0,46.0,59.0,38.0,24.0,54.0,57.0,64.0,112.0,98.0,136.0,100.0,29.0,73.0,63.0,1048.0,17,197,883904,2,171978839042
51.0,53.0,48.0,110.0,48.0,25.0,68.0,51.0,44.0,111.0,90.0,287.0,68.0,98.0,68.0,57.0,1277.0,17,197,883904,3,171978839043
89.0,119.0,116.0,139.0,75.0,121.0,67.0,53.0,52.0,161.0,250.0,381.0,223.0,90.0,81.0,91.0,2108.0,17,197,884003,1,171978840031
39.0,38.0,39.0,26.0,31.0,59.0,15.0,43.0,30.0,46.0,46.0,134.0,82.0,33.0,49.0,27.0,737.0,17,197,884003,2,171978840032
41.0,36.0,41.0,50.0,27.0,122.0,81.0,50.0,53.0,132.0,98.0,199.0,125.0,82.0,47.0,59.0,1243.0,17,197,884003,3,171978840033
110.0,22.0,43.0,58.0,92.0,47.0,24.0,33.0,42.0,57.0,103.0,129.0,63.0,117.0,49.0,44.0,1033.0,17,197,884004,1,171978840041
69.0,102.0,63.0,83.0,106.0,85.0,75.0,85.0,74.0,158.0,212.0,258.0,195.0,96.0,108.0,56.0,1825.0,17,197,884004,2,171978840042
59.0,42.0,90.0,80.0,53.0,45.0,43.0,56.0,29.0,155.0,136.0,234.0,122.0,77.0,84.0,46.0,1351.0,17,197,884005,1,171978840051
64.0,38.0,20.0,18.0,28.0,32.0,32.0,17.0,15.0,59.0,71.0,186.0,92.0,88.0,73.0,34.0,867.0,17,197,884006,1,171978840061
44.0,50.0,76.0,106.0,31.0,41.0,45.0,98.0,29.0,84.0,114.0,186.0,116.0,87.0,93.0,60.0,1260.0,17,197,884006,2,171978840062
164.0,161.0,90.0,117.0,94.0,161.0,144.0,152.0,176.0,325.0,388.0,373.0,237.0,150.0,160.0,164.0,3056.0,17,197,884101,1,171978841011
172.0,72.0,140.0,155.0,73.0,211.0,136.0,71.0,158.0,252.0,326.0,491.0,352.0,175.0,220.0,204.0,3208.0,17,197,884103,1,171978841031
18.0,1.0,1.0,4.0,6.0,6.0,1.0,0.0,1.0,5.0,10.0,22.0,4.0,6.0,22.0,35.0,142.0,17,197,980100,1,171979801001
