B19001_002E,B19001_003E,B19001_004E,B19001_005E,B19001_006E,B19001_007E,B19001_008E,B19001_009E,B19001_010E,B19001_011E,B19001_012E,B19001_013E,B19001_014E,B19001_015E,B19001_016E,B19001_017E,B01003_001E,B19001_001E,B25010_001E,state,county,tract,block group,GEOID
28,20,87,63,11,31,0,0,9,5,1,6,0,4,12,4,1008,281,3.42,17,031,691500,2,170316915002
24,27,5,54,14,12,25,0,0,0,46,6,0,0,0,30,643,243,2.65,17,031,691500,3,170316915003
232,63,51,0,19,12,30,6,11,4,34,11,14,15,0,0,1406,502,2.8,17,031,710100,1,170317101001
0,27,0,0,10,14,0,14,0,91,20,32,0,10,37,0,598,255,2.35,17,031,805402,5,170318054025
27,0,26,25,33,54,25,19,13,30,22,55,52,0,0,0,855,381,2.24,17,031,805402,1,170318054021
39,46,37,13,0,25,32,54,36,66,57,18,109,9,31,6,1701,578,2.94,17,031,805402,4,170318054024
12,0,0,18,23,0,46,0,14,23,12,108,23,55,12,0,904,346,2.61,17,031,805402,2,170318054022
13,26,0,0,0,11,31,13,10,0,0,27,91,39,14,0,732,275,2.66,17,031,805402,3,170318054023
0,10,0,8,0,18,26,9,19,0,17,42,37,7,8,8,582,209,2.78,17,031,806300,3,170318063003
18,0,0,9,10,18,27,9,8,8,47,70,59,27,27,23,776,360,2.16,17,031,806300,5,170318063005
0,0,0,15,0,9,8,8,0,11,42,48,17,10,41,45,900,254,3.54,17,031,806300,6,170318063006
0,8,0,10,16,0,16,9,9,37,8,39,33,46,16,0,598,247,2.42,17,031,806300,4,170318063004
6,16,29,0,16,0,29,29,8,52,35,18,25,19,0,33,1023,315,3.25,17,031,806300,1,170318063001
8,0,0,15,25,0,0,0,6,2,9,100,52,93,66,134,1695,510,3.32,17,031,807100,3,170318071003
16,6,0,10,8,30,28,8,41,18,17,82,78,41,24,54,1272,461,2.76,17,031,807100,2,170318071002
54,28,33,30,14,66,18,31,11,42,66,102,44,21,23,10,1737,593,2.93,17,031,808200,3,170318082003
16,16,76,8,19,14,24,47,49,36,119,137,104,96,45,23,2224,829,2.68,17,031,808200,1,170318082001
115,97,20,41,27,20,0,16,43,24,41,44,0,0,12,0,1021,500,2.04,17,031,420500,1,170314205001
85,30,8,36,25,0,0,22,9,18,62,8,0,0,9,0,926,312,2.97,17,031,430400,3,170314304003
109,0,52,39,0,0,0,25,0,0,62,24,0,33,0,0,1124,344,3.11,17,031,430400,4,170314304004
33,62,74,88,13,43,69,25,23,43,108,90,45,31,51,16,2169,814,2.61,17,031,823102,1,170318231021
0,0,0,0,14,8,19,20,7,8,105,82,27,37,31,0,1087,358,3.04,17,031,822101,4,170318221014
18,27,0,0,23,36,0,15,0,73,35,107,37,9,10,22,1199,412,2.91,17,031,822101,2,170318221012
8,24,66,15,23,22,13,7,36,66,56,63,56,17,13,0,1553,485,3.2,17,031,823102,2,170318231022
0,0,13,40,88,0,36,0,0,81,6,31,26,15,0,0,1236,336,3.68,17,031,823304,5,170318233045
27,0,40,14,14,47,0,23,12,18,53,39,17,20,41,0,1318,365,3.61,17,031,823304,6,170318233046
44,42,45,55,25,32,19,29,51,34,5,18,0,0,0,0,620,399,1.55,17,031,823304,3,170318233043
13,29,26,15,46,15,62,120,13,30,73,36,44,0,0,0,1428,522,2.74,17,031,823304,4,170318233044
104,0,33,72,13,0,125,16,0,67,27,0,0,16,0,0,1910,473,4.04,17,031,824800,3,170318248003
53,0,31,0,61,70,66,66,28,28,16,84,12,0,0,0,1490,515,2.89,17,031,824800,4,170318248004
218,106,25,61,0,12,26,44,0,36,69,79,90,89,13,64,1749,932,1.88,17,031,031700,2,170310317002
187,78,41,89,132,51,15,75,11,24,62,113,58,11,26,14,1566,987,1.46,17,031,031700,3,170310317003
0,21,30,0,14,0,0,0,0,0,54,20,62,18,12,57,507,288,1.76,17,031,081300,2,170310813002
45,14,0,20,45,30,54,11,0,17,23,52,59,60,14,38,706,482,1.46,17,031,081300,1,170310813001
19,57,0,0,0,60,32,44,30,32,25,63,119,29,12,14,1225,536,2.29,17,031,100200,1,170311002001
0,0,0,0,0,0,0,0,18,0,0,67,57,13,26,0,571,181,3.15,17,031,100200,2,170311002002
34,0,18,0,15,0,16,57,0,59,39,146,0,0,11,27,868,422,2.06,17,031,100200,4,170311002004
0,0,67,32,0,0,45,40,18,21,38,107,33,84,9,0,763,494,1.54,17,031,100200,5,170311002005
16,0,0,0,27,0,0,15,0,0,25,32,45,0,0,47,740,207,3.57,17,031,100300,3,170311003003
81,14,14,15,13,0,0,0,0,9,0,145,26,31,10,69,1314,427,2.77,17,031,100300,4,170311003004
15,0,0,13,17,0,15,14,0,105,74,21,40,28,13,25,1061,380,2.38,17,031,100300,2,170311003002
8,43,39,26,0,9,0,12,9,17,22,20,46,127,92,19,1443,489,2.95,17,031,110300,4,170311103004
9,35,8,10,15,57,0,0,0,16,54,10,31,24,19,29,946,317,2.98,17,031,110300,3,170311103003
12,24,14,9,15,7,3,29,0,24,36,55,42,37,71,0,1024,378,2.71,17,031,110300,5,170311103005
15,0,58,7,0,14,37,25,0,24,70,123,20,23,33,12,1319,461,2.86,17,031,110300,2,170311103002
46,0,0,17,0,67,13,12,17,23,42,16,49,65,0,15,776,382,1.46,17,031,031400,6,170310314006
0,80,45,29,24,0,0,76,0,19,14,30,30,50,12,69,954,478,1.97,17,031,032100,5,170310321005
123,43,12,32,14,16,30,6,16,62,59,28,87,31,30,21,1469,610,2.41,17,031,835800,1,170318358001
60,46,23,10,4,10,0,5,17,44,41,18,41,0,0,0,983,319,3.08,17,031,835900,2,170318359002
131,50,48,37,18,80,5,8,15,22,26,0,13,0,30,7,1120,490,2.26,17,031,835900,3,170318359003
239,100,73,41,18,15,15,0,26,21,19,20,46,8,39,0,1492,680,2.19,17,031,835900,1,170318359001
145,32,30,33,19,27,21,47,8,26,28,54,22,0,0,0,1563,492,3.15,17,031,834500,1,170318345001
27,0,14,12,12,13,0,11,14,28,64,51,0,0,3,6,723,255,2.84,17,031,836300,1,170318363001
37,3,14,33,25,22,6,12,5,25,47,56,27,45,27,16,860,400,2.03,17,031,836300,2,170318363002
87,97,66,62,31,71,0,20,17,34,21,55,22,0,0,10,1393,593,2.35,17,031,843600,2,170318436002
0,0,13,0,10,0,0,0,0,0,0,0,0,0,0,0,88,23,3.83,17,031,834600,1,170318346001
65,53,58,7,7,8,0,17,0,9,17,0,6,0,0,0,510,247,1.93,17,031,834600,2,170318346002
23,39,23,10,0,18,0,0,0,0,25,17,0,0,0,0,906,155,5.85,17,031,834600,3,170318346003
35,0,65,28,8,52,10,27,40,0,8,53,22,0,0,0,1312,348,2.85,17,031,831800,4,170318318004
83,42,25,16,0,32,0,0,0,8,41,87,75,13,56,23,1493,501,2.98,17,031,831800,3,170318318003
45,0,44,17,0,0,12,52,32,16,95,108,122,14,86,38,1297,681,1.89,17,031,812301,3,170318123013
92,0,25,16,0,0,38,0,20,30,35,6,9,0,0,0,967,271,3.57,17,031,813802,1,170318138021
59,27,20,0,38,76,58,66,0,7,51,60,26,0,0,0,1600,488,3.28,17,031,813802,4,170318138024
49,15,32,18,0,38,89,111,178,45,124,112,109,84,0,52,1649,1056,1.54,17,031,812301,2,170318123012
46,37,57,32,8,31,0,9,0,103,55,45,19,0,67,41,922,550,1.63,17,031,812801,2,170318128012
28,13,0,0,10,10,19,39,0,26,9,55,35,12,24,46,609,326,1.87,17,031,812802,1,170318128021
22,36,0,20,42,32,12,0,0,19,35,27,62,16,24,85,963,432,2.23,17,031,812802,2,170318128022
0,0,0,0,7,15,12,0,12,0,37,72,74,38,21,32,1046,320,2.8,17,031,812302,3,170318123023
37,49,67,102,32,51,66,110,35,24,174,86,0,0,12,11,1838,856,2.15,17,031,760801,2,170317608012
58,29,29,38,0,0,0,28,0,28,42,75,13,0,28,26,775,394,1.97,17,031,010201,3,170310102013
45,65,85,43,15,0,32,40,27,0,69,37,42,38,23,29,1716,590,2.8,17,031,010201,1,170310102011
52,23,70,40,42,75,85,47,89,72,61,22,17,12,36,0,2245,743,3.02,17,031,020901,1,170310209011
54,16,121,32,99,41,56,85,48,56,24,38,51,0,0,26,2085,747,2.78,17,031,020901,3,170310209013
23,0,5,5,41,9,0,2,0,17,75,58,3,10,10,46,1075,304,3.53,17,031,020701,2,170310207012
16,0,5,5,0,19,13,13,22,4,43,60,13,41,48,4,818,306,2.67,17,031,020701,1,170310207011
0,101,103,9,65,62,24,51,35,41,10,88,21,5,0,0,2457,615,4.0,17,031,252102,1,170312521021
172,19,24,33,8,15,25,0,0,0,14,0,0,0,0,0,1110,310,3.58,17,031,252202,2,170312522022
59,30,53,40,35,18,31,4,0,8,40,30,0,16,0,0,1123,364,2.95,17,031,252202,3,170312522023
103,38,35,59,36,57,16,27,45,52,104,93,27,43,22,14,2589,771,3.35,17,031,840200,1,170318402001
202,124,38,15,43,52,44,22,0,35,152,14,0,36,12,0,2428,789,3.08,17,031,841100,2,170318411002
95,70,31,102,54,14,44,16,10,30,47,53,45,50,10,13,1905,684,2.79,17,031,841100,1,170318411001
64,25,86,74,24,0,15,33,30,30,46,20,86,47,0,19,1911,599,3.19,17,031,841100,3,170318411003
102,39,68,71,78,96,57,24,24,51,39,13,13,0,0,0,2161,675,3.19,17,031,841200,3,170318412003
25,0,27,45,63,83,7,8,41,112,45,54,17,21,7,0,1918,555,3.46,17,031,841200,2,170318412002
60,7,34,13,0,13,12,7,24,27,37,27,20,28,27,0,1189,336,2.38,17,031,838200,1,170318382001
19,28,70,0,13,64,52,32,0,35,105,66,139,117,53,33,2274,826,2.73,17,031,770201,2,170317702012
165,0,162,97,93,62,80,72,75,95,118,90,54,27,26,35,1912,1251,1.53,17,031,770201,3,170317702013
132,49,41,28,30,20,71,7,74,161,25,8,0,0,0,0,2389,646,3.7,17,031,826800,2,170318268002
64,0,0,92,43,64,0,113,22,38,163,138,98,12,26,14,1805,887,2.03,17,031,804603,3,170318046033
19,0,6,0,13,11,42,0,15,49,41,30,33,14,7,41,898,321,2.8,17,031,804306,4,170318043064
36,38,9,83,42,34,61,42,13,171,105,24,90,0,36,18,2320,802,2.89,17,031,804603,1,170318046031
54,0,0,64,19,68,66,64,14,63,226,43,11,27,0,0,1160,719,1.61,17,031,804603,2,170318046032
12,0,0,0,35,0,40,41,27,32,111,158,24,53,14,73,2118,620,3.42,17,031,804712,1,170318047121
0,9,10,0,11,15,7,0,12,35,39,55,19,36,28,19,834,295,2.83,17,031,804712,2,170318047122
0,37,11,6,0,8,0,18,16,36,56,72,132,106,178,180,2657,856,3.1,17,031,804712,3,170318047123
81,27,29,50,23,0,26,78,20,51,62,77,38,52,23,0,1971,637,3.09,17,031,804806,3,170318048063
0,0,16,0,0,10,22,0,16,63,30,87,0,43,36,0,1176,323,3.64,17,031,804806,2,170318048062
0,0,5,0,20,25,0,0,0,0,20,64,54,9,9,0,744,206,3.61,17,031,804806,1,170318048061
0,0,27,14,22,20,10,9,14,16,14,59,24,72,31,61,1133,393,2.88,17,031,808001,1,170318080011
8,0,27,18,7,24,0,8,3,30,7,56,25,54,38,37,1115,342,3.26,17,031,808001,2,170318080012
0,16,9,5,28,44,10,0,8,13,57,68,78,65,51,54,1643,506,3.25,17,031,808001,3,170318080013
0,41,14,27,45,83,0,6,90,60,33,7,67,65,9,24,1487,571,2.06,17,031,808100,1,170318081001
143,81,71,76,50,79,62,45,15,107,80,108,75,37,44,27,2065,1100,1.63,17,031,808100,2,170318081002
43,40,15,26,36,0,16,27,9,53,0,73,92,57,28,67,1323,582,2.27,17,031,818600,1,170318186001
0,0,0,8,17,0,14,0,14,8,13,72,29,30,102,156,1548,463,3.34,17,031,819700,3,170318197003
0,7,0,6,0,5,0,0,17,45,21,0,15,46,59,83,851,304,2.8,17,031,819700,4,170318197004
0,0,0,7,5,8,16,5,13,0,23,59,72,61,69,107,1304,445,2.93,17,031,819802,1,170318198021
20,45,0,24,7,39,43,20,0,31,4,39,20,0,8,9,692,309,2.24,17,031,820103,2,170318201032
7,8,4,59,0,32,0,16,0,25,12,21,36,26,48,35,971,329,2.21,17,031,820103,4,170318201034
157,0,60,13,0,0,89,39,0,57,129,28,91,13,0,0,1827,676,2.7,17,031,820700,3,170318207003
0,0,19,0,17,89,6,0,9,93,53,54,65,0,13,0,926,418,2.22,17,031,820700,2,170318207002
25,13,71,19,47,137,35,65,34,108,61,21,108,60,45,0,2308,849,2.67,17,031,820700,4,170318207004
99,98,144,80,27,123,12,29,14,74,135,84,0,15,0,0,1355,934,1.45,17,031,822701,1,170318227011
28,36,12,41,0,14,95,59,26,27,0,36,26,8,0,0,1109,408,2.72,17,031,822701,4,170318227014
37,0,6,0,20,0,10,49,0,17,11,83,32,66,34,0,1038,365,2.84,17,031,822701,2,170318227012
44,55,45,19,53,1,0,10,8,7,39,20,0,70,29,36,1333,436,3.06,17,031,824300,1,170318243001
61,9,12,5,12,52,0,41,39,73,105,16,100,8,67,19,2210,619,3.57,17,031,825504,1,170318255041
51,28,0,38,60,27,28,63,13,40,42,92,46,0,48,0,1570,576,2.68,17,031,825504,2,170318255042
54,30,16,32,0,7,13,30,27,26,38,40,10,0,3,13,984,339,2.9,17,031,825700,1,170318257001
54,22,11,25,79,0,0,5,38,0,63,101,28,12,20,0,1011,458,2.21,17,031,825803,3,170318258033
112,0,0,0,0,31,0,0,21,0,79,15,85,60,0,0,919,403,2.28,17,031,825803,4,170318258034
0,7,7,30,0,0,0,53,27,64,60,27,17,7,13,7,935,319,2.93,17,031,826303,3,170318263033
0,0,0,26,32,5,17,0,10,29,12,25,20,9,0,7,719,192,3.74,17,031,826303,2,170318263032
71,18,10,30,58,26,90,30,8,29,20,80,42,41,18,28,1843,599,3.08,17,031,826303,4,170318263034
26,15,18,16,20,0,6,0,0,14,0,0,0,9,0,0,222,124,1.79,17,031,827300,1,170318273001
71,39,67,8,69,33,8,0,8,12,9,0,0,0,0,0,745,324,2.3,17,031,440102,4,170314401024
95,13,36,65,18,22,48,34,22,42,92,55,99,23,66,28,2313,758,3.05,17,031,831700,1,170318317001
41,0,0,0,0,5,0,16,0,32,55,43,14,9,24,45,884,284,3.11,17,031,440202,3,170314402023
153,121,62,53,49,16,33,20,38,20,23,0,48,0,0,0,982,636,1.54,17,031,440202,2,170314402022
32,8,105,31,0,9,21,0,0,9,40,31,0,0,0,0,660,286,2.31,17,031,430102,2,170314301022
225,89,23,26,123,0,25,0,0,32,56,31,12,8,0,0,1091,650,1.66,17,031,430102,3,170314301023
110,22,47,12,0,52,8,28,16,60,0,6,13,0,0,0,1259,374,3.22,17,031,490901,2,170314909012
44,12,51,27,50,11,34,19,13,50,51,69,27,3,9,0,1495,470,3.18,17,031,530502,1,170315305021
0,0,0,51,72,64,56,36,55,63,15,44,92,22,19,0,2418,589,4.11,17,031,650302,2,170316503022
14,0,16,0,22,14,0,11,72,14,61,55,37,0,27,48,878,391,2.18,17,031,823801,3,170318238013
45,3,5,0,0,43,39,14,21,31,32,23,22,13,0,0,1260,291,4.33,17,031,813801,2,170318138012
0,0,16,0,0,0,0,0,0,0,54,41,64,29,0,0,568,204,2.78,17,031,700501,5,170317005015
0,31,0,59,0,0,0,27,0,55,98,114,63,80,23,0,1932,550,3.51,17,031,700501,3,170317005013
32,0,0,0,56,0,9,16,0,138,14,74,63,0,0,48,1616,450,3.46,17,031,700501,1,170317005011
0,0,0,14,0,32,0,14,106,0,14,56,27,39,16,0,826,318,2.6,17,031,700501,6,170317005016
0,70,5,23,14,36,31,0,33,10,7,80,9,23,0,0,1063,341,3.12,17,031,814000,1,170318140001
22,47,33,0,0,0,5,18,42,9,48,20,16,0,10,0,765,270,2.83,17,031,815000,1,170318150001
41,23,61,11,40,17,13,37,45,61,34,22,75,69,18,0,2179,567,3.84,17,031,815000,3,170318150003
7,0,30,34,23,30,65,0,69,32,16,47,12,34,12,0,1363,411,3.32,17,031,815000,2,170318150002
0,0,0,16,57,0,16,0,0,24,13,130,55,0,42,0,988,353,2.7,17,031,815400,1,170318154001
14,0,87,104,32,19,34,59,6,19,79,20,38,10,73,11,1265,605,2.09,17,031,815400,4,170318154004
32,0,10,45,33,21,0,0,0,27,22,23,67,78,0,27,1169,385,3.04,17,031,815400,2,170318154002
48,23,16,111,38,17,0,70,14,33,181,104,68,34,120,14,2234,891,2.48,17,031,815400,3,170318154003
6,0,19,37,15,45,32,0,59,17,20,33,28,11,0,6,1278,328,3.9,17,031,816600,1,170318166001
56,32,70,81,65,26,21,49,0,50,69,10,38,33,0,0,2154,600,3.59,17,031,816600,3,170318166003
17,29,20,7,54,21,38,10,65,0,28,24,14,19,0,0,1338,346,3.87,17,031,816600,2,170318166002
73,48,31,60,56,63,28,10,9,10,63,59,35,0,8,0,1405,553,2.54,17,031,817101,3,170318171013
22,20,68,19,0,42,32,0,56,26,25,53,35,0,10,6,981,414,2.37,17,031,817101,2,170318171012
19,0,17,0,34,0,6,45,3,0,31,121,95,31,49,58,1415,509,2.78,17,031,806103,3,170318061033
26,12,45,63,37,0,68,64,17,31,83,54,50,39,40,8,1734,637,2.71,17,031,221200,2,170312212002
45,39,34,34,31,0,16,14,21,0,33,11,0,0,0,5,893,283,3.16,17,031,834700,3,170318347003
41,17,9,6,13,3,25,0,5,12,62,80,11,20,11,8,924,323,2.86,17,031,806103,2,170318061032
7,0,0,0,0,0,0,0,0,0,0,0,0,0,0,0,7,7,-666666666.0,17,031,351100,2,170313511002
0,0,0,0,0,0,0,0,0,0,0,0,0,0,0,0,0,0,-666666666.0,17,031,351100,3,170313511003
631,37,58,0,55,30,0,0,19,26,42,60,16,39,98,63,2754,1174,2.32,17,031,080400,1,170310804001
237,13,0,45,0,0,0,20,0,0,0,0,0,0,0,0,659,315,2.09,17,031,080400,2,170310804002
0,0,0,0,24,0,0,0,0,30,0,0,0,56,240,207,1494,557,2.68,17,031,080400,3,170310804003
45,5,20,30,6,46,79,16,27,43,110,80,67,33,65,22,1565,694,2.26,17,031,282800,1,170312828001
52,48,53,8,0,3,0,18,0,42,12,53,0,0,0,0,1057,289,3.66,17,031,260600,1,170312606001
73,39,16,19,41,25,0,8,20,22,34,51,0,5,0,0,1535,353,4.35,17,031,260600,2,170312606002
0,0,20,17,0,24,0,0,4,17,43,38,36,14,23,124,885,360,2.46,17,031,071700,1,170310717001
25,0,21,0,10,18,5,0,0,6,10,17,70,48,46,106,928,382,2.4,17,031,071700,2,170310717002
33,28,26,42,16,0,18,0,38,0,0,59,136,40,88,0,1689,524,3.22,17,031,020200,3,170310202003
13,0,18,5,17,5,5,4,13,36,26,53,43,21,26,50,831,335,2.19,17,031,040800,2,170310408002
15,4,21,5,8,16,21,18,5,80,70,84,56,16,21,16,984,456,2.16,17,031,040800,1,170310408001
36,25,25,23,5,9,16,12,18,47,36,15,4,4,5,0,878,280,3.14,17,031,222900,1,170312229001
11,62,92,27,0,0,61,25,0,124,38,127,47,76,14,11,1845,715,2.54,17,031,030200,4,170310302004
9,0,0,0,0,12,31,66,11,0,0,12,42,9,58,157,1018,407,2.5,17,031,030200,3,170310302003
48,0,93,26,119,50,0,46,28,42,65,89,33,50,43,14,1366,746,1.81,17,031,030200,1,170310302001
14,0,0,0,73,39,10,43,26,45,23,76,35,0,39,87,1045,510,2.04,17,031,030200,2,170310302002
22,19,16,28,37,19,19,18,20,29,51,94,96,30,63,61,1309,622,2.1,17,031,061100,1,170310611001
111,39,10,57,37,31,0,22,14,45,33,97,31,58,51,15,1481,651,2.27,17,031,283200,1,170312832001
92,84,0,29,115,14,71,175,37,56,173,221,30,41,0,0,3111,1138,2.73,17,031,804711,1,170318047111
0,0,0,0,0,13,13,56,0,13,8,26,23,67,52,22,889,293,3.03,17,031,804711,4,170318047114
12,8,8,15,0,14,18,8,15,27,59,89,93,54,64,78,1536,562,2.62,17,031,805106,2,170318051062
48,39,9,11,45,12,7,91,35,42,105,57,17,44,0,14,1132,576,1.97,17,031,805106,1,170318051061
0,0,17,8,18,5,29,20,28,55,59,56,33,26,40,61,1344,455,2.95,17,031,805109,1,170318051091
90,7,40,19,8,37,28,35,9,17,65,65,30,19,7,20,1126,496,2.27,17,031,805109,3,170318051093
28,0,29,0,25,56,9,43,0,87,103,76,50,68,24,11,1762,609,2.85,17,031,805002,1,170318050021
0,13,0,0,0,70,0,15,0,31,42,35,34,0,0,13,1067,253,4.22,17,031,805002,4,170318050024
0,0,0,9,0,36,70,29,0,52,61,39,13,0,0,0,968,309,3.13,17,031,805002,5,170318050025
34,17,10,7,0,21,17,29,41,38,53,128,51,29,78,0,1321,553,2.39,17,031,804803,2,170318048032
13,8,21,2,0,24,5,12,10,11,17,65,25,7,13,22,857,255,3.36,17,031,804808,1,170318048081
15,5,9,11,0,0,0,3,0,28,23,61,19,43,21,36,723,274,2.64,17,031,804808,3,170318048083
7,0,0,46,15,12,34,0,0,0,34,0,37,17,88,14,852,304,2.8,17,031,804902,4,170318049024
0,14,0,53,8,18,0,37,9,19,35,96,53,32,61,37,1334,472,2.83,17,031,804902,1,170318049021
20,0,30,15,14,16,67,8,71,35,25,135,77,33,60,49,1579,655,2.41,17,031,770300,2,170317703002
13,90,75,0,22,36,0,0,27,38,54,76,194,67,177,87,2261,956,2.37,17,031,803007,3,170318030073
27,0,10,48,22,10,0,54,56,68,14,28,98,0,170,55,1353,660,2.05,17,031,803007,1,170318030071
0,0,6,23,0,13,54,8,0,6,0,26,4,0,0,0,595,140,4.25,17,031,816402,4,170318164024
4,16,14,18,5,49,0,43,0,66,4,61,18,0,59,6,1751,363,4.81,17,031,816402,2,170318164022
402,87,31,30,4,12,38,28,18,15,13,17,30,6,0,11,1551,742,2.01,17,031,351400,1,170313514001
63,38,66,30,0,53,31,25,5,0,5,11,4,15,5,0,758,351,2.16,17,031,421200,2,170314212002
17,0,6,113,2,0,5,0,25,6,34,26,9,18,9,0,786,270,2.91,17,031,491200,3,170314912003
7,18,8,17,17,17,52,69,15,13,55,69,38,53,62,8,1417,518,2.74,17,031,805401,2,170318054012
43,0,9,38,24,42,29,19,16,22,54,98,72,13,27,16,1378,522,2.64,17,031,805401,1,170318054011
133,42,7,46,20,39,22,57,78,57,37,27,28,0,8,0,743,601,1.24,17,031,350100,1,170313501001
48,0,33,44,0,0,22,55,10,35,14,0,28,37,25,0,1033,351,2.94,17,031,190200,4,170311902004
0,42,0,11,34,24,38,17,55,89,41,42,33,59,9,0,1726,494,3.49,17,031,190200,2,170311902002
26,17,19,40,29,18,0,9,0,32,56,30,14,0,0,0,1424,290,4.89,17,031,190200,1,170311902001
0,0,76,33,10,71,7,9,18,95,39,17,23,8,0,19,1511,425,3.56,17,031,190200,3,170311902003
8,0,0,29,0,0,0,23,0,17,54,7,49,7,0,8,581,202,2.8,17,031,221300,3,170312213003
65,36,0,16,38,14,7,26,37,46,24,75,20,18,17,9,787,448,1.67,17,031,221300,2,170312213002
40,32,25,131,49,43,8,7,0,9,59,59,54,23,17,30,1394,586,2.38,17,031,221300,1,170312213001
45,86,29,49,99,18,86,106,15,175,108,239,110,68,52,0,3416,1285,2.64,17,031,824505,1,170318245051
9,0,0,14,61,68,0,21,0,52,38,207,59,106,84,12,2378,731,3.25,17,031,824505,3,170318245053
38,0,13,35,10,36,48,0,38,46,21,12,0,47,0,0,1029,344,2.99,17,031,825900,3,170318259003
58,34,37,27,43,67,19,41,18,0,52,11,6,0,0,0,1529,413,3.7,17,031,825900,1,170318259001
37,14,25,15,43,6,26,62,9,18,26,13,8,0,17,0,1156,319,3.62,17,031,826000,3,170318260003
37,0,38,42,18,27,25,9,40,47,7,23,0,0,37,0,1152,350,3.29,17,031,826000,2,170318260002
31,15,18,0,3,36,18,0,0,0,54,41,23,0,12,0,607,251,2.42,17,031,826100,1,170318261001
0,30,56,16,0,87,0,10,0,49,48,73,72,29,41,0,1292,511,2.53,17,031,826100,3,170318261003
0,57,126,14,9,15,0,17,41,37,84,16,32,99,0,0,2352,547,4.29,17,031,826100,6,170318261006
60,81,21,51,34,72,30,4,11,9,32,78,0,47,5,0,1310,535,2.45,17,031,826304,3,170318263043
23,67,0,0,0,56,0,9,80,60,55,31,0,10,0,0,1084,391,2.77,17,031,826304,2,170318263042
56,14,0,9,39,41,16,39,28,137,137,96,95,43,15,103,1583,868,1.82,17,031,242300,2,170312423002
59,0,0,30,84,50,62,29,30,0,79,49,0,0,0,13,1794,485,3.7,17,031,250400,3,170312504003
50,65,17,28,0,0,13,41,61,58,24,64,0,0,0,8,1113,429,2.59,17,031,250400,4,170312504004
112,17,16,0,0,29,55,12,0,54,90,17,64,64,216,238,1493,984,1.52,17,031,081402,2,170310814022
0,16,44,0,28,25,78,16,41,93,279,61,85,132,309,147,2103,1354,1.55,17,031,081402,1,170310814021
29,63,80,55,27,10,52,20,23,34,9,99,37,0,0,0,1075,538,1.88,17,031,010202,2,170310102022
86,89,59,67,38,0,0,7,4,6,52,65,36,22,0,0,1427,531,2.21,17,031,010202,1,170310102021
116,35,113,74,93,16,55,50,54,74,92,13,0,77,73,86,1570,1021,1.54,17,031,061902,2,170310619022
91,16,22,0,127,31,28,28,51,108,102,76,123,34,161,60,1433,1058,1.35,17,031,061902,3,170310619023
86,0,0,27,17,10,0,17,0,52,80,14,112,61,27,85,1550,588,2.61,17,031,829800,5,170318298005
6,0,8,15,5,16,17,39,8,9,29,13,61,29,26,13,947,294,3.22,17,031,150600,3,170311506003
0,8,14,33,0,7,8,51,9,37,79,20,20,17,26,0,1399,329,4.25,17,031,815100,1,170318151001
34,13,28,86,34,22,37,68,25,31,92,50,20,0,11,37,1776,588,3.01,17,031,815100,3,170318151003
10,7,52,0,20,39,6,28,7,34,24,30,11,35,18,0,1069,321,3.33,17,031,815100,2,170318151002
0,6,38,40,8,13,0,13,0,26,77,101,61,24,0,11,1144,418,2.74,17,031,818100,1,170318181001
0,18,30,30,56,6,0,6,36,78,20,83,21,40,43,12,1273,479,2.64,17,031,818100,2,170318181002
0,37,17,0,8,0,34,0,14,0,68,95,1,0,11,11,759,296,2.56,17,031,818200,2,170318182002
0,0,35,19,0,10,5,26,7,50,68,28,118,39,25,22,1391,452,3.08,17,031,818200,1,170318182001
53,71,31,62,28,16,28,49,18,104,76,60,107,25,52,9,1895,789,2.37,17,031,818200,4,170318182004
10,0,0,18,7,0,33,8,16,0,14,44,46,8,43,0,509,247,2.06,17,031,818200,3,170318182003
0,7,17,7,13,33,9,28,17,44,62,61,66,16,7,58,1035,445,2.33,17,031,818900,3,170318189003
87,38,16,35,65,26,24,60,60,65,109,125,56,29,64,18,1988,877,2.12,17,031,818900,2,170318189002
49,0,59,0,52,29,0,68,35,30,63,111,40,39,19,8,1728,602,2.87,17,031,818900,1,170318189001
47,0,39,63,7,64,0,0,15,30,13,27,30,0,0,6,821,341,2.41,17,031,661000,1,170316610001
67,15,25,37,0,0,4,0,0,6,32,29,8,56,0,0,1137,279,4.08,17,031,661000,2,170316610002
148,47,103,0,17,78,48,0,0,52,0,32,17,8,11,0,1475,561,2.63,17,031,661000,5,170316610005
68,59,40,30,15,10,13,44,11,5,7,7,10,0,3,0,985,322,3.06,17,031,670200,1,170316702001
225,83,77,28,35,29,82,23,7,24,80,42,93,9,39,39,1822,915,1.99,17,031,380100,1,170313801001
300,199,85,80,6,41,28,4,16,44,15,48,2,0,15,6,2034,889,2.19,17,031,461000,1,170314610001
57,0,0,13,0,8,0,8,26,30,26,32,67,18,31,34,643,350,1.75,17,031,063000,3,170310630003
116,23,42,4,6,35,19,7,0,46,36,33,42,38,53,105,1055,605,1.74,17,031,063100,2,170310631002
56,21,114,81,40,22,24,18,14,19,66,10,7,28,0,6,1392,526,2.65,17,031,841300,2,170318413002
65,0,8,35,24,4,25,96,32,105,75,31,12,27,0,9,1534,548,2.8,17,031,820605,3,170318206053
32,0,35,0,14,0,6,19,28,80,10,128,42,0,0,0,1174,394,2.98,17,031,823806,1,170318238061
69,42,0,60,17,23,0,16,39,47,62,30,52,0,0,0,932,457,2.01,17,031,823806,4,170318238064
0,8,4,50,12,10,6,53,24,34,72,76,64,14,13,11,1280,451,2.84,17,031,824114,2,170318241142
15,0,7,16,0,11,24,32,94,30,0,68,72,33,10,40,1276,452,2.82,17,031,824116,1,170318241161
8,17,64,15,16,23,32,99,29,41,27,20,77,24,12,0,969,504,1.92,17,031,824116,4,170318241164
36,0,40,24,37,62,89,46,64,21,32,216,0,9,13,0,2050,689,2.98,17,031,824116,3,170318241163
142,47,69,16,42,63,88,9,0,127,155,93,0,40,12,34,3127,937,3.33,17,031,020601,2,170310206012
0,0,0,0,0,11,0,22,0,27,12,23,42,42,63,151,1190,393,3.03,17,031,803603,4,170318036034
11,26,27,10,10,0,0,101,36,91,120,94,75,56,110,74,1219,841,1.45,17,031,071400,3,170310714003
64,0,77,0,0,0,0,0,0,43,27,95,28,15,46,35,496,430,1.15,17,031,071500,5,170310715005
0,10,0,0,0,10,0,9,0,14,70,23,0,29,27,79,605,271,2.23,17,031,071800,2,170310718002
39,0,0,20,40,0,18,0,23,149,38,98,103,0,21,99,895,648,1.38,17,031,080100,6,170310801006
76,0,0,12,0,0,12,12,0,0,58,92,115,29,44,216,1308,666,1.96,17,031,080300,4,170310803004
24,0,0,21,12,0,15,0,0,11,0,41,74,26,65,85,915,374,2.44,17,031,080300,3,170310803003
275,59,83,127,23,0,0,27,0,57,101,135,112,0,0,93,1380,1092,1.26,17,031,081000,6,170310810006
21,28,0,36,5,10,0,33,0,12,0,9,0,0,0,0,322,154,2.09,17,031,431301,1,170314313011
72,69,25,52,95,56,79,84,50,122,123,187,103,50,40,27,3259,1234,2.64,17,031,802505,3,170318025053
48,70,13,16,88,86,59,42,12,95,154,168,32,12,0,0,2768,895,3.09,17,031,802505,1,170318025051
13,8,32,34,8,28,16,12,10,45,96,104,53,59,13,24,1575,555,2.84,17,031,640400,1,170316404001
288,6,0,28,8,35,0,52,0,0,38,0,44,0,0,0,1821,499,3.64,17,031,827300,2,170318273002
11,12,26,45,8,36,27,32,60,23,57,105,31,0,11,0,1338,484,2.75,17,031,828503,1,170318285031
48,0,15,0,60,38,15,0,12,37,67,99,37,0,6,0,1479,434,3.38,17,031,828503,2,170318285032
22,8,21,29,23,16,24,8,21,54,35,217,130,18,18,33,2078,677,3.07,17,031,640400,2,170316404002
70,27,27,26,41,16,47,40,0,35,86,114,37,14,28,32,815,640,1.27,17,031,070200,3,170310702003
178,17,18,32,42,39,4,0,31,9,21,25,8,9,28,16,872,477,1.77,17,031,830700,4,170318307004
167,55,33,0,50,9,35,23,32,27,13,52,0,29,26,3,1323,554,1.88,17,031,830700,3,170318307003
11,10,11,6,23,11,14,10,47,31,26,51,76,0,38,0,1120,365,3.07,17,031,828201,3,170318282013
38,0,21,18,11,0,45,22,0,12,83,29,40,21,0,0,835,340,2.46,17,031,828201,2,170318282012
38,64,0,74,39,40,55,81,42,48,89,65,64,96,54,30,2335,879,2.66,17,031,828201,1,170318282011
0,9,0,0,5,7,8,0,8,10,0,34,54,10,48,98,842,291,2.89,17,031,809600,1,170318096001
32,0,22,9,24,53,70,39,12,12,71,25,0,9,43,46,1812,467,3.4,17,031,809600,2,170318096002
0,24,0,27,16,0,17,8,25,27,67,39,23,17,14,0,829,304,2.73,17,031,809600,3,170318096003
42,38,22,51,38,40,61,40,46,111,119,76,122,28,49,55,2491,938,2.65,17,031,810400,3,170318104003
0,33,0,0,0,37,11,0,10,11,10,39,62,29,53,17,777,312,2.49,17,031,810400,1,170318104001
0,0,0,37,8,0,38,0,0,11,45,56,95,25,57,99,1141,471,2.42,17,031,810400,2,170318104002
51,0,9,8,10,21,17,11,0,31,8,113,35,0,73,18,972,405,2.4,17,031,810400,4,170318104004
18,27,70,17,52,53,8,24,13,47,45,50,89,39,0,0,1467,552,2.65,17,031,810600,1,170318106001
42,95,0,31,14,0,17,111,32,97,64,57,34,31,48,21,1926,694,2.78,17,031,810600,2,170318106002
82,46,28,36,0,63,78,64,39,126,84,52,24,0,0,10,1325,732,1.81,17,031,810600,3,170318106003
15,0,58,0,39,0,0,64,41,0,36,36,29,0,0,0,703,318,2.21,17,031,810900,4,170318109004
0,0,0,16,0,68,0,22,0,54,0,56,17,41,16,10,741,300,2.47,17,031,810900,3,170318109003
37,44,0,20,63,27,149,26,45,32,61,70,93,0,0,43,1811,710,2.55,17,031,810900,2,170318109002
25,0,11,0,16,0,21,77,33,23,55,28,45,15,34,0,1241,383,3.24,17,031,810900,5,170318109005
0,9,9,6,21,11,12,20,40,45,46,41,55,0,36,18,1479,369,4.01,17,031,811301,3,170318113013
0,7,22,7,10,29,47,41,8,12,34,95,40,0,5,9,1381,366,3.76,17,031,811301,4,170318113014
46,45,82,58,105,44,47,57,63,13,84,72,29,7,6,0,2446,758,3.23,17,031,811302,2,170318113022
23,30,0,16,37,21,29,16,29,51,103,189,34,20,4,0,1908,602,3.16,17,031,431200,1,170314312001
34,0,20,0,12,23,0,0,0,41,31,49,0,35,51,15,1460,311,4.27,17,031,020200,2,170310202002
257,46,119,30,26,59,9,19,11,68,24,8,0,17,4,8,1224,705,1.74,17,031,420100,1,170314201001
176,69,113,19,2,9,8,31,5,10,59,49,7,24,24,4,1216,609,2.0,17,031,420400,1,170314204001
0,0,0,0,0,0,54,0,0,29,15,73,23,25,0,0,644,219,2.94,17,031,460500,5,170314605005
36,0,57,77,13,0,3,74,14,47,23,0,16,10,0,0,1003,370,2.71,17,031,460500,3,170314605003
46,45,52,9,50,80,55,46,62,15,32,30,0,0,0,13,1085,535,2.03,17,031,460500,7,170314605007
13,0,46,13,30,0,0,30,0,49,82,0,0,0,0,0,613,263,2.33,17,031,460500,4,170314605004
14,4,16,59,13,0,22,14,0,0,30,34,40,14,0,18,565,278,2.03,17,031,242900,2,170312429002
0,0,0,34,9,89,15,32,26,15,32,9,19,1,0,13,880,294,2.99,17,031,570400,2,170315704002
15,30,20,26,0,0,41,22,9,25,30,53,11,31,49,0,859,362,2.37,17,031,822302,2,170318223022
60,0,0,0,8,24,7,0,15,20,50,84,24,0,9,10,925,311,2.97,17,031,822302,4,170318223024
19,50,44,14,24,15,17,8,15,8,60,43,36,29,66,0,1591,448,2.9,17,031,822302,1,170318223021
28,0,19,23,9,8,48,20,0,37,50,28,45,38,29,41,1053,423,2.07,17,031,823903,1,170318239031
5,0,8,0,0,0,16,0,9,9,67,39,8,32,104,48,1145,345,3.32,17,031,823903,2,170318239032
68,43,10,50,8,13,29,12,10,29,120,37,22,35,0,18,1496,504,2.95,17,031,825600,3,170318256003
47,0,14,21,20,8,0,6,0,11,24,11,42,0,0,0,773,204,3.79,17,031,825600,4,170318256004
102,68,60,26,63,40,114,45,8,64,79,81,14,16,0,0,2203,780,2.82,17,031,825600,2,170318256002
13,0,16,0,0,7,15,17,24,33,45,82,16,61,29,38,1345,396,3.4,17,031,828401,2,170318284012
0,0,24,18,16,0,0,17,7,15,26,32,20,24,30,16,661,245,2.7,17,031,828401,3,170318284013
9,26,0,17,25,9,33,9,18,26,67,79,95,44,35,20,1456,512,2.84,17,031,805202,3,170318052023
143,63,36,46,53,106,54,8,0,95,84,72,9,29,12,0,1523,810,1.85,17,031,430700,1,170314307001
42,27,24,10,6,5,6,5,30,56,31,53,26,37,0,6,972,364,2.67,17,031,490400,1,170314904001
21,36,31,85,31,24,24,25,21,50,20,44,0,0,0,0,963,412,2.34,17,031,811702,1,170318117021
24,8,27,15,5,20,64,40,25,0,179,66,103,39,45,7,2194,667,3.29,17,031,811702,3,170318117023
30,54,0,28,27,47,0,47,19,89,73,32,17,20,21,13,1285,517,2.47,17,031,816000,1,170318160001
0,12,33,8,15,118,0,19,10,84,50,44,21,43,79,23,1032,559,1.82,17,031,816000,3,170318160003
11,0,17,9,8,21,0,21,6,74,21,7,5,24,8,0,948,232,4.09,17,031,251200,2,170312512002
20,0,8,78,0,0,6,0,21,5,23,25,0,6,6,0,617,198,3.12,17,031,251200,3,170312512003
10,6,61,0,15,26,25,18,17,68,11,0,0,0,0,0,1185,257,4.61,17,031,611500,1,170316115001
0,12,0,4,19,11,13,5,0,0,0,14,0,0,0,0,150,78,1.92,17,031,611700,2,170316117002
37,16,13,27,25,0,0,0,19,12,12,0,0,0,0,0,675,161,4.19,17,031,611700,3,170316117003
84,11,5,45,8,31,65,4,22,72,29,7,48,12,0,14,1556,457,3.4,17,031,620200,2,170316202002
34,16,70,42,41,28,45,22,41,33,0,52,0,0,0,0,1322,424,3.12,17,031,630900,2,170316309002
84,36,0,0,0,0,0,0,0,78,45,97,18,0,0,0,1462,358,4.08,17,031,650200,4,170316502004
0,0,0,0,0,0,0,23,23,0,0,30,29,12,26,0,651,143,4.55,17,031,650200,5,170316502005
41,17,29,10,42,42,27,98,9,0,45,90,0,22,0,0,1208,472,2.56,17,031,650200,3,170316502003
9,0,0,0,38,51,99,22,42,50,0,54,15,23,0,0,1570,403,3.9,17,031,650200,1,170316502001
101,19,59,11,5,25,19,19,0,40,40,23,24,0,0,0,1322,385,3.43,17,031,660700,2,170316607002
63,0,5,11,43,8,33,0,16,39,10,29,10,0,0,0,1355,267,4.45,17,031,660700,1,170316607001
91,18,45,45,30,24,17,21,46,16,15,32,30,0,6,9,1416,445,2.95,17,031,660900,3,170316609003
125,51,80,62,18,29,31,28,0,41,34,22,0,0,23,0,1803,544,3.31,17,031,660900,1,170316609001
0,34,41,20,40,0,0,0,0,72,18,48,47,0,15,0,937,335,2.8,17,031,814800,4,170318148004
49,21,140,49,70,25,33,9,17,83,38,28,31,19,0,0,2689,612,4.39,17,031,300800,2,170313008002
90,9,12,32,21,0,26,18,21,72,26,130,129,65,141,110,2235,902,2.48,17,031,061200,1,170310612001
36,0,14,14,25,4,7,58,15,99,86,78,95,96,79,100,1859,806,2.31,17,031,061500,1,170310615001
13,0,0,27,8,9,0,18,0,11,0,90,71,96,103,172,1415,618,2.29,17,031,062900,1,170310629001
0,19,40,7,29,28,0,0,0,54,34,59,88,13,35,157,1146,563,2.04,17,031,062900,2,170310629002
45,0,0,0,0,31,0,7,18,69,86,55,56,56,120,124,1615,667,2.42,17,031,062900,3,170310629003
19,8,36,23,0,43,0,23,9,47,27,36,15,43,21,0,908,350,2.59,17,031,210700,1,170312107001
33,78,55,17,42,57,8,28,30,24,54,85,30,73,45,10,1725,669,2.58,17,031,210700,3,170312107003
61,0,66,0,97,7,8,65,32,50,45,28,46,29,18,27,1345,579,2.32,17,031,210700,2,170312107002
18,30,6,62,0,46,17,0,0,37,57,41,0,0,0,0,1094,314,3.48,17,031,221100,3,170312211003
34,63,39,56,20,10,31,51,9,90,181,126,21,9,50,9,2003,799,2.25,17,031,221100,1,170312211001
83,89,45,98,40,54,45,21,33,54,28,89,22,20,55,6,1713,782,2.18,17,031,221100,2,170312211002
30,55,0,19,43,51,68,0,4,40,34,25,23,41,63,28,1331,524,2.54,17,031,221200,1,170312212001
50,28,42,7,26,16,51,0,29,32,70,108,47,66,56,77,1324,705,1.87,17,031,063000,1,170310630001
36,18,15,0,0,14,16,0,15,18,18,31,69,79,18,76,940,423,2.21,17,031,071200,1,170310712001
96,43,64,26,35,18,41,22,23,49,50,0,14,9,0,0,1483,490,2.96,17,031,260300,1,170312603001
74,27,19,20,20,21,8,19,0,14,43,8,9,15,10,0,1220,307,3.97,17,031,261000,2,170312610002
184,114,66,66,55,26,10,21,0,66,25,30,0,0,0,16,1929,679,2.84,17,031,270500,1,170312705001
89,72,37,25,44,5,17,36,0,10,35,18,18,8,0,0,1286,414,3.11,17,031,271500,1,170312715001
57,29,0,22,28,57,26,29,0,27,39,0,14,0,0,0,1519,328,4.63,17,031,230600,4,170312306004
64,19,9,34,10,48,28,62,0,48,32,15,0,12,18,0,1558,399,3.9,17,031,230600,2,170312306002
26,25,0,8,17,10,8,7,18,98,51,149,150,49,31,187,1900,834,2.27,17,031,071000,2,170310710002
16,4,11,12,0,10,5,5,0,21,9,48,19,0,0,0,407,160,2.52,17,031,480300,2,170314803002
31,6,0,35,16,14,22,11,32,40,62,87,80,21,97,143,1610,697,2.31,17,031,051000,1,170310510001
0,37,29,19,4,0,38,39,13,15,41,53,68,66,25,133,1571,580,2.71,17,031,051400,1,170310514001
0,0,13,10,11,50,0,11,0,24,7,28,25,40,9,23,622,251,2.48,17,031,090100,3,170310901003
19,13,9,11,0,8,0,8,24,0,21,25,38,22,27,12,503,237,2.12,17,031,090100,4,170310901004
10,11,19,11,0,17,0,13,31,55,56,33,20,7,56,35,1097,374,2.93,17,031,090100,2,170310901002
55,45,90,13,2,46,92,32,0,45,32,101,50,32,19,0,2202,654,3.37,17,031,200100,3,170312001003
40,9,24,6,17,31,66,42,0,43,48,106,53,38,42,31,1347,596,2.25,17,031,160900,1,170311609001
10,18,5,13,44,62,0,6,30,15,16,15,13,29,45,87,925,408,2.27,17,031,160900,2,170311609002
4,39,6,13,9,0,6,0,2,36,11,72,53,28,15,64,1027,358,2.87,17,031,220300,2,170312203002
10,40,38,26,38,17,4,17,12,22,48,19,19,0,0,0,1135,310,3.66,17,031,630100,1,170316301001
41,19,0,9,0,18,14,48,7,71,18,62,20,54,0,0,1308,381,3.43,17,031,817101,4,170318171014
14,24,9,28,43,0,35,15,0,48,25,59,6,16,11,0,1135,333,3.41,17,031,817200,2,170318172002
44,0,26,15,11,0,28,0,32,0,3,9,6,0,0,0,412,174,2.37,17,031,817200,4,170318172004
18,56,7,29,21,18,23,0,0,53,24,51,0,16,13,0,1039,329,3.13,17,031,817400,1,170318174001
9,6,24,13,19,9,0,0,29,36,41,67,77,12,5,10,1102,357,3.07,17,031,817400,2,170318174002
35,0,0,10,0,9,0,16,0,7,59,37,49,33,102,103,1310,460,2.85,17,031,819900,2,170318199002
0,8,0,8,9,0,0,0,0,41,9,20,9,58,26,109,1108,297,3.73,17,031,819900,3,170318199003
0,11,0,22,83,39,0,31,8,57,58,37,21,0,30,49,1610,446,3.6,17,031,820501,4,170318205014
0,12,46,0,0,13,8,17,46,111,63,60,62,51,52,0,1683,541,3.11,17,031,820501,5,170318205015
146,48,12,0,98,81,51,0,0,93,0,15,0,13,0,0,1136,557,2.04,17,031,730201,3,170317302013
13,26,128,141,64,96,57,74,43,45,18,0,59,0,0,0,2036,764,2.66,17,031,730201,4,170317302014
14,60,38,50,20,73,0,0,0,55,7,36,8,6,0,13,925,380,2.43,17,031,730201,1,170317302011
0,0,26,19,9,12,0,32,57,81,0,35,27,14,0,14,837,326,2.57,17,031,730201,5,170317302015
12,30,0,35,42,57,13,0,0,8,12,32,17,0,0,12,890,270,3.27,17,031,730201,2,170317302012
37,44,37,59,52,31,25,16,34,21,46,38,85,64,0,10,2193,599,3.53,17,031,580502,3,170315805023
7,22,22,20,17,84,11,8,0,39,0,97,0,10,0,0,1275,337,3.78,17,031,580502,1,170315805021
148,27,13,27,101,30,69,15,0,0,57,10,43,0,0,0,993,540,1.84,17,031,030101,1,170310301011
0,61,12,39,0,0,19,7,62,0,8,40,17,26,7,0,919,298,3.07,17,031,160601,2,170311606012
69,0,0,45,44,7,18,20,7,63,23,56,18,50,8,23,1441,451,3.2,17,031,160601,1,170311606011
23,0,25,13,70,28,16,41,61,0,28,18,0,28,6,0,1281,357,3.59,17,031,210501,1,170312105011
14,0,0,0,35,0,0,41,82,46,52,157,76,0,13,0,1627,516,3.15,17,031,804509,1,170318045091
0,0,0,0,0,9,10,4,34,28,66,33,0,22,0,21,1041,227,4.59,17,031,804510,2,170318045102
32,8,8,0,21,0,20,36,15,0,67,77,14,23,35,9,1688,365,4.62,17,031,804510,4,170318045104
18,40,0,0,13,32,0,21,0,21,51,93,73,0,6,0,1278,368,3.47,17,031,804510,1,170318045101
0,0,5,42,0,32,6,0,0,15,37,96,36,0,34,32,1663,335,4.96,17,031,804404,1,170318044041
70,0,28,0,10,11,0,15,0,56,29,66,117,67,46,18,1558,533,2.81,17,031,804404,3,170318044043
79,55,53,21,70,81,48,19,67,101,44,44,66,15,16,9,1854,788,2.35,17,031,830600,2,170318306002
46,42,28,8,42,24,18,40,14,82,100,139,0,36,36,59,1171,714,1.64,17,031,830800,3,170318308003
51,0,2,7,0,27,29,11,7,14,55,31,66,0,0,0,520,300,1.73,17,031,830800,2,170318308002
19,34,36,53,0,29,43,39,18,22,65,57,8,14,0,9,962,446,2.16,17,031,830600,3,170318306003
17,46,18,0,12,0,8,3,32,49,19,48,52,4,11,24,965,343,2.76,17,031,830600,1,170318306001
16,13,0,67,0,16,32,0,0,12,45,4,0,3,0,0,670,208,3.22,17,031,813801,1,170318138011
99,63,15,50,0,34,33,23,81,44,266,166,158,0,27,41,3384,1100,3.08,17,031,803605,4,170318036054
23,0,5,9,0,39,0,0,0,19,20,35,6,26,8,16,370,206,1.8,17,031,243400,2,170312434002
124,46,83,26,55,24,41,59,0,59,22,51,24,0,16,8,1806,638,2.71,17,031,230900,2,170312309002
0,32,53,3,34,53,3,6,9,13,54,30,139,31,44,97,1340,601,2.23,17,031,240600,1,170312406001
10,0,19,22,7,8,26,25,14,17,61,120,15,35,131,40,1106,550,2.0,17,031,243400,3,170312434003
41,16,41,31,29,0,5,10,17,56,20,40,11,12,0,7,1182,336,3.52,17,031,250200,2,170312502002
70,35,23,23,58,0,39,0,0,68,24,28,0,0,0,0,1074,368,2.92,17,031,250700,1,170312507001
0,18,7,6,41,9,48,11,44,8,50,21,74,0,0,0,1025,337,3.04,17,031,820901,4,170318209014
18,37,16,51,28,36,0,0,26,34,8,59,29,0,29,0,1104,371,2.98,17,031,820901,2,170318209012
14,0,7,10,34,7,9,18,88,73,28,15,4,0,0,0,1161,307,3.78,17,031,820901,3,170318209013
10,0,19,18,0,0,8,53,29,42,59,75,28,0,0,0,1038,341,3.04,17,031,822000,5,170318220005
0,0,49,0,26,47,31,11,0,30,49,9,8,0,0,0,504,260,1.94,17,031,822000,2,170318220002
0,25,13,12,30,10,0,10,14,86,17,106,85,0,0,0,1100,408,2.7,17,031,823001,3,170318230013
97,41,86,35,23,27,64,0,15,63,0,57,87,59,0,0,1116,654,1.71,17,031,823001,5,170318230015
0,0,33,23,29,40,0,0,80,33,56,85,106,32,33,0,1619,550,2.94,17,031,823002,4,170318230024
56,0,0,0,31,0,0,35,0,34,63,76,0,0,46,24,1076,365,2.95,17,031,823002,2,170318230022
18,20,18,16,0,0,14,0,103,82,95,95,42,0,0,20,1296,523,2.36,17,031,823002,1,170318230021
0,10,31,27,9,6,8,21,0,8,17,32,16,23,0,0,568,208,2.73,17,031,823101,3,170318231013
0,0,8,18,11,59,0,0,56,16,27,98,76,20,35,0,1204,424,2.84,17,031,823101,5,170318231015
10,0,19,59,22,8,30,20,0,9,0,49,20,9,8,9,835,272,3.07,17,031,823101,4,170318231014
28,30,91,131,104,103,16,32,32,62,38,76,26,82,0,0,1709,851,2.01,17,031,823302,3,170318233023
0,14,17,76,0,32,62,59,58,153,92,177,100,52,13,0,2696,905,2.98,17,031,823302,2,170318233022
0,13,19,18,11,59,8,38,0,59,100,105,81,0,32,0,1494,543,2.75,17,031,823703,2,170318237032
237,65,28,36,0,12,0,9,14,72,117,143,115,147,99,205,2672,1299,1.75,17,031,833100,3,170318331003
75,0,14,0,126,10,42,30,0,90,96,214,162,167,308,451,3211,1785,1.78,17,031,833100,1,170318331001
159,14,49,9,14,0,0,0,0,0,41,43,88,118,79,120,1534,734,1.99,17,031,833100,2,170318331002
79,54,50,16,32,11,17,32,0,50,31,198,61,81,140,114,2033,966,1.56,17,031,839100,2,170318391002
223,20,37,26,45,0,34,48,27,82,269,205,104,63,117,251,3233,1551,1.64,17,031,839100,1,170318391001
22,24,29,14,30,15,30,19,21,66,141,175,68,65,90,65,2361,874,2.69,17,031,803016,1,170318030161
28,25,11,45,19,38,69,42,44,91,117,109,105,53,26,13,1457,835,1.74,17,031,802403,1,170318024031
5,0,11,5,16,12,15,38,61,12,68,62,55,10,37,63,1329,470,2.83,17,031,802607,1,170318026071
0,6,16,46,44,30,50,106,45,81,111,170,88,16,82,99,2319,990,2.34,17,031,803012,1,170318030121
29,0,27,58,8,44,45,27,0,23,88,152,18,9,18,0,1942,546,3.55,17,031,804715,2,170318047152
93,20,14,0,19,10,24,37,44,78,39,119,36,0,38,36,1068,607,1.76,17,031,804108,1,170318041081
51,15,47,61,59,10,33,107,27,132,163,382,211,61,24,27,2747,1410,1.95,17,031,804108,2,170318041082
48,28,54,27,46,31,9,10,27,29,39,48,53,61,110,65,1562,685,2.28,17,031,803701,2,170318037012
45,5,0,48,40,5,9,54,25,54,83,55,69,19,57,58,1096,626,1.75,17,031,803701,1,170318037011
6,9,17,72,6,30,26,28,12,36,0,72,0,32,12,0,1144,358,3.18,17,031,650301,1,170316503011
33,0,16,16,10,87,12,18,21,83,35,71,50,30,35,0,1921,517,3.72,17,031,650301,2,170316503012
79,37,41,0,45,6,17,9,14,0,15,6,0,0,0,0,743,269,2.76,17,031,671600,2,170316716002
7,16,18,0,0,33,14,0,0,11,14,7,0,0,0,0,386,120,3.22,17,031,671600,3,170316716003
13,0,13,17,12,8,16,12,0,21,19,20,0,0,5,14,424,170,2.42,17,031,672000,4,170316720004
8,11,21,21,7,26,24,24,10,42,79,49,23,22,0,0,1787,367,4.87,17,031,672000,1,170316720001
10,18,37,0,4,3,0,0,5,31,17,25,32,20,27,5,731,234,3.12,17,031,710700,4,170317107004
57,86,10,41,102,13,29,0,0,0,15,56,12,26,0,0,873,447,1.95,17,031,710700,3,170317107003
165,39,50,47,4,10,31,27,11,10,18,9,20,22,33,22,1611,518,3.11,17,031,710900,2,170317109002
91,32,24,52,33,5,16,12,4,3,16,0,7,0,0,0,880,295,2.98,17,031,710900,1,170317109001
12,78,9,9,10,0,9,39,0,54,81,98,115,108,32,36,2294,690,2.56,17,031,830202,1,170318302021
60,19,19,24,50,67,13,49,0,43,35,6,10,54,6,0,823,455,1.81,17,031,828402,3,170318284023
0,0,34,0,10,7,15,10,15,19,33,42,47,17,38,9,715,296,2.32,17,031,828601,1,170318286011
15,21,18,24,9,32,0,23,9,12,56,174,26,82,17,18,1543,536,2.88,17,031,828601,4,170318286014
11,14,33,0,0,0,35,12,0,113,100,229,63,0,19,13,1718,642,2.67,17,031,830003,1,170318300031
0,12,41,27,60,0,78,18,0,62,42,171,120,33,61,0,2078,725,2.87,17,031,830003,2,170318300032
0,30,7,7,16,35,23,0,0,32,21,53,51,41,26,0,1038,342,3.04,17,031,830100,2,170318301002
64,6,17,46,0,49,48,39,53,31,77,139,64,46,38,6,2268,723,3.14,17,031,830100,1,170318301001
31,88,24,95,38,16,49,47,0,43,83,21,0,19,0,0,1172,554,2.06,17,031,830300,3,170318303003
129,48,34,34,53,0,38,30,0,17,143,147,21,0,0,0,1645,694,2.37,17,031,830300,1,170318303001
37,0,34,24,32,0,12,24,11,21,112,14,10,25,0,0,1015,356,2.85,17,031,640300,2,170316403002
13,19,11,61,0,0,24,0,0,42,34,113,43,0,39,0,1314,399,3.28,17,031,640300,5,170316403005
0,0,74,0,44,13,0,0,0,40,87,108,75,43,111,0,1839,595,3.09,17,031,640300,4,170316403004
44,6,7,8,0,20,0,0,21,15,22,0,20,0,0,0,601,163,3.69,17,031,681200,4,170316812004
66,44,43,17,8,3,9,0,0,41,0,32,0,0,0,0,635,263,2.41,17,031,681200,3,170316812003
36,16,45,37,52,44,0,7,15,0,0,5,0,0,7,0,697,264,2.64,17,031,711000,3,170317110003
110,7,45,72,42,41,17,8,0,100,31,40,8,8,0,0,1533,529,2.9,17,031,711000,2,170317110002
13,5,4,18,0,0,0,4,0,18,15,22,61,11,50,136,1086,357,3.04,17,031,800600,2,170318006002
0,0,0,0,25,12,50,16,0,67,18,79,96,44,0,0,1241,407,3.04,17,031,804305,2,170318043052
0,0,32,37,23,36,50,93,59,48,159,113,123,56,26,101,2665,956,2.79,17,031,804305,4,170318043054
0,0,13,57,63,20,15,0,22,29,94,105,107,0,51,0,1953,576,3.39,17,031,804305,3,170318043053
27,14,14,63,7,27,0,0,8,37,9,0,0,0,18,0,745,224,3.33,17,031,681100,2,170316811002
93,49,31,22,18,16,0,37,9,4,0,43,0,0,0,0,921,322,2.86,17,031,681300,2,170316813002
49,16,57,6,0,22,3,11,22,20,19,5,0,0,0,0,711,230,3.09,17,031,681300,3,170316813003
73,49,24,44,16,22,18,0,0,39,6,4,0,0,0,0,777,295,2.63,17,031,681300,1,170316813001
0,78,15,54,39,0,42,38,42,0,40,74,25,35,0,74,1382,556,2.49,17,031,819400,2,170318194002
12,0,11,0,11,0,0,19,13,15,23,0,51,43,76,0,769,274,2.81,17,031,819400,3,170318194003
0,16,18,0,0,69,0,0,0,37,15,37,60,99,21,35,1219,407,3.0,17,031,819400,4,170318194004
0,0,0,36,26,15,19,34,0,0,41,48,48,9,12,13,688,301,2.29,17,031,819400,5,170318194005
44,0,14,0,26,16,0,12,0,22,11,174,6,0,46,0,1174,371,3.16,17,031,819400,1,170318194001
21,54,91,73,21,32,31,90,20,115,79,29,48,23,35,36,2054,798,2.57,17,031,210900,1,170312109001
0,56,0,8,22,6,9,27,12,11,34,87,19,62,16,36,1169,405,2.89,17,031,210900,2,170312109002
105,32,28,48,18,9,59,4,0,40,5,44,0,0,4,0,1266,396,3.2,17,031,260200,1,170312602001
0,9,43,25,34,0,12,45,0,0,22,61,82,18,27,12,1270,390,3.26,17,031,815500,5,170318155005
12,0,14,60,0,36,12,0,0,30,47,10,38,0,0,31,862,290,2.97,17,031,815500,7,170318155007
0,71,13,15,0,0,12,61,0,76,47,39,0,0,20,0,876,354,2.47,17,031,815500,2,170318155002
0,0,29,32,26,26,0,0,0,111,23,136,40,35,67,0,1517,525,2.89,17,031,815500,1,170318155001
38,46,50,0,14,0,0,34,9,32,64,12,60,0,0,0,1398,359,3.89,17,031,815500,3,170318155003
41,9,55,45,24,10,21,0,52,44,85,26,27,32,10,0,1058,481,2.2,17,031,818000,2,170318180002
10,17,54,11,57,0,38,21,9,60,90,95,58,24,8,36,1571,588,2.66,17,031,818000,3,170318180003
43,9,57,32,24,25,6,41,21,52,99,116,41,19,9,10,1974,604,3.27,17,031,822900,1,170318229001
0,0,14,12,0,35,13,10,0,31,22,90,56,48,13,114,1336,458,2.92,17,031,110100,5,170311101005
7,28,74,17,20,41,0,15,54,24,0,14,0,8,0,4,940,306,3.07,17,031,230600,6,170312306006
0,54,38,47,91,84,17,29,13,32,60,23,35,52,15,0,1864,590,3.16,17,031,190900,1,170311909001
27,32,5,13,36,30,13,40,10,0,51,24,0,0,12,0,1070,293,3.65,17,031,200300,2,170312003002
24,0,0,26,0,23,15,40,65,27,10,12,14,26,11,41,1000,334,2.99,17,031,110100,4,170311101004
47,0,71,15,28,66,33,6,15,74,72,181,60,19,0,17,1631,704,2.31,17,031,110200,1,170311102001
44,80,57,42,48,25,17,45,47,39,59,80,23,24,47,0,2747,677,4.06,17,031,814300,2,170318143002
27,101,27,15,53,39,24,52,41,16,39,53,58,38,26,67,1375,676,2.03,17,031,815900,1,170318159001
67,52,73,135,64,22,13,167,78,124,205,77,74,14,11,33,1868,1209,1.54,17,031,815900,3,170318159003
84,17,0,21,20,19,14,4,4,33,24,46,18,13,18,23,2924,358,2.15,17,031,808702,1,170318087021
62,65,21,15,39,66,0,35,0,8,62,9,0,0,9,0,1189,391,3.04,17,031,660600,3,170316606003
74,11,28,30,49,7,41,25,28,12,0,7,0,0,0,0,1151,312,3.69,17,031,660600,1,170316606001
87,8,67,54,0,125,28,43,7,28,30,88,0,0,10,0,1525,575,2.65,17,031,660600,5,170316606005
70,0,8,11,17,6,10,24,0,21,0,11,24,3,0,0,841,205,4.1,17,031,670100,2,170316701002
41,17,8,11,0,8,16,0,10,19,31,0,3,0,0,0,472,164,2.88,17,031,670800,1,170316708001
31,16,9,8,33,7,19,0,0,0,5,0,4,0,0,4,488,136,3.59,17,031,671200,1,170316712001
57,17,36,56,5,10,23,13,30,9,10,14,8,9,0,0,929,297,3.13,17,031,671400,1,170316714001
29,20,14,39,37,20,31,0,9,0,11,0,7,22,12,0,935,251,3.73,17,031,671400,2,170316714002
43,70,45,13,32,36,20,31,31,32,13,30,0,0,0,0,1460,396,3.69,17,031,671500,2,170316715002
46,44,61,39,14,0,10,9,11,6,12,46,6,0,0,0,1007,304,3.3,17,031,671500,3,170316715003
139,0,9,0,18,16,0,28,15,16,21,87,93,47,36,321,1375,846,1.63,17,031,081500,2,170310815002
152,46,152,78,48,32,107,14,26,9,77,39,0,19,10,19,1203,828,1.41,17,031,100300,6,170311003006
54,17,9,38,0,54,25,0,8,31,56,54,43,57,49,0,1552,495,3.14,17,031,120400,3,170311204003
38,0,0,74,14,14,0,0,24,27,44,73,0,69,19,17,1152,413,2.79,17,031,120400,2,170311204002
60,24,10,0,33,0,0,0,13,44,81,145,31,0,0,0,1042,441,2.36,17,031,150300,6,170311503006
26,0,66,38,0,25,0,12,0,46,24,140,51,31,50,0,1032,509,2.03,17,031,150300,1,170311503001
26,8,0,0,11,0,0,30,14,23,61,0,66,0,0,20,788,259,3.04,17,031,150300,5,170311503005
26,0,0,27,0,14,0,15,0,44,54,57,0,35,62,0,1222,334,3.66,17,031,150300,3,170311503003
19,0,9,0,0,0,0,0,0,48,0,58,10,10,50,64,734,268,2.74,17,031,750200,3,170317502003
55,7,34,5,95,42,58,22,6,28,53,49,22,5,18,7,1303,506,2.58,17,031,490300,1,170314903001
13,17,37,0,10,0,5,0,25,29,53,56,50,34,16,0,987,345,2.86,17,031,490300,2,170314903002
66,78,36,8,5,26,37,7,6,57,36,100,19,16,9,0,1478,506,2.92,17,031,490700,3,170314907003
43,13,9,12,0,16,0,18,8,10,31,6,10,0,0,0,817,176,4.64,17,031,490700,2,170314907002
36,46,12,7,0,0,18,0,24,16,23,25,59,0,0,0,729,266,2.74,17,031,500100,1,170315001001
104,89,13,18,9,32,7,37,66,62,51,47,30,0,0,0,1249,565,2.21,17,031,500100,4,170315001004
0,45,22,15,92,7,10,12,0,11,61,20,19,13,0,0,648,327,1.98,17,031,500100,3,170315001003
41,8,19,9,53,19,5,0,21,30,23,41,70,0,0,0,994,339,2.93,17,031,520400,3,170315204003
0,0,8,26,26,23,22,26,19,36,75,35,45,10,0,0,1107,351,3.15,17,031,520400,2,170315204002
0,16,0,8,23,32,0,48,11,34,47,39,28,0,0,16,925,302,3.06,17,031,820902,1,170318209021
10,23,7,30,7,38,18,15,28,38,12,68,20,6,34,6,1279,360,3.55,17,031,820902,4,170318209024
20,15,18,17,28,14,26,7,13,4,37,113,34,8,12,0,1070,366,2.92,17,031,821001,4,170318210014
23,0,30,8,3,9,12,6,18,22,30,72,24,18,82,1,1523,358,4.25,17,031,821001,2,170318210012
65,12,27,49,0,16,32,44,13,5,78,65,19,0,16,0,1314,441,2.98,17,031,821001,3,170318210013
19,24,36,31,38,0,17,7,15,13,37,38,6,23,0,0,1109,304,3.48,17,031,821002,1,170318210021
13,15,0,24,10,14,14,33,11,21,63,20,45,0,5,7,676,295,2.29,17,031,821002,3,170318210023
94,73,41,49,65,14,41,64,32,104,26,91,92,30,45,9,2096,870,2.4,17,031,242500,1,170312425001
24,7,65,23,67,56,25,47,23,52,116,61,77,16,0,50,1832,709,2.58,17,031,242500,2,170312425002
42,13,0,22,104,52,39,23,0,88,67,142,35,30,42,11,1737,710,2.45,17,031,242600,2,170312426002
0,8,44,59,0,16,0,0,11,22,29,50,46,0,18,22,778,325,2.35,17,031,822601,3,170318226013
10,44,67,19,13,9,4,47,7,12,25,20,9,9,13,0,572,308,1.86,17,031,822702,3,170318227023
17,24,11,73,19,47,11,64,40,45,86,52,64,0,107,0,1546,660,2.34,17,031,242600,3,170312426003
0,0,9,43,5,10,0,20,2,8,4,5,5,33,28,28,532,200,2.66,17,031,243100,2,170312431002
18,39,15,21,0,87,13,6,8,23,109,107,120,5,58,52,2062,681,3.03,17,031,243100,1,170312431001
36,8,26,30,14,10,66,41,27,62,74,63,94,92,11,68,1411,722,1.95,17,031,243300,2,170312433002
56,30,49,58,58,57,57,34,0,40,10,79,19,0,41,8,1959,596,3.29,17,031,250300,1,170312503001
55,35,61,10,36,39,53,33,43,16,46,44,0,8,0,0,1299,479,2.71,17,031,250300,3,170312503003
17,9,21,0,36,14,11,18,10,24,0,16,0,0,0,0,549,176,3.12,17,031,250300,4,170312503004
33,18,18,0,17,0,0,0,28,16,15,8,17,0,9,0,860,179,4.8,17,031,251500,2,170312515002
52,25,26,0,76,0,0,0,16,70,75,42,42,0,16,46,714,486,1.47,17,031,063200,5,170310632005
25,0,0,0,26,52,0,0,0,13,16,46,0,57,22,0,529,257,2.06,17,031,805107,5,170318051075
158,103,0,20,0,35,155,30,78,46,93,69,153,98,81,11,1891,1130,1.6,17,031,063200,6,170310632006
15,21,26,0,26,0,39,60,52,66,29,141,0,1,0,71,911,547,1.67,17,031,063200,3,170310632003
68,75,0,43,56,23,0,13,0,0,365,287,376,28,311,226,2704,1871,1.45,17,031,081403,3,170310814033
104,31,31,0,43,71,25,102,51,106,129,0,74,33,72,74,1294,946,1.37,17,031,081403,2,170310814032
91,15,31,31,43,70,27,28,22,14,8,9,25,0,22,9,1038,445,2.33,17,031,030603,1,170310306031
77,135,92,48,79,46,5,17,38,37,68,200,84,5,0,0,1734,931,1.63,17,031,030701,1,170310307011
119,29,90,33,29,0,0,0,0,30,0,24,0,0,0,9,544,363,1.45,17,031,030703,2,170310307032
41,58,34,31,24,32,25,97,62,38,145,62,43,13,11,23,1279,739,1.73,17,031,030703,3,170310307033
40,40,41,29,27,30,45,8,32,18,39,18,0,0,0,0,1455,367,3.96,17,031,840800,2,170318408002
86,20,11,6,10,11,6,20,0,70,20,38,0,0,5,6,850,309,2.75,17,031,836000,1,170318360001
93,7,29,26,74,43,51,0,11,55,0,10,13,0,0,30,1688,442,3.82,17,031,530501,1,170315305011
59,28,71,0,0,41,9,70,21,39,76,63,26,19,9,0,1775,531,3.34,17,031,530503,2,170315305032
107,14,62,33,15,15,39,10,0,99,109,90,52,6,7,6,2068,664,3.11,17,031,530503,3,170315305033
29,12,0,28,8,29,0,0,44,28,24,35,10,9,0,18,650,274,2.37,17,031,530501,3,170315305013
87,46,36,65,27,14,0,27,18,88,8,31,0,43,0,0,1308,490,2.54,17,031,530501,2,170315305012
146,15,118,43,13,62,42,43,11,52,75,16,19,0,36,0,1714,691,2.48,17,031,760803,2,170317608032
62,14,46,66,0,33,0,1,26,34,16,165,75,15,0,0,1696,553,3.05,17,031,760803,4,170317608034
17,34,52,8,16,0,6,7,8,0,95,22,9,0,0,0,660,274,2.41,17,031,460301,2,170314603012
68,10,19,0,28,8,48,19,0,0,23,19,0,19,0,0,1065,261,4.08,17,031,300700,3,170313007003
182,7,12,64,35,37,7,9,40,16,35,38,39,18,45,34,1146,618,1.85,17,031,283100,2,170312831002
11,66,24,0,38,88,47,0,0,69,45,66,75,42,0,0,1294,571,2.27,17,031,830201,3,170318302013
120,47,34,20,66,32,61,12,86,68,38,7,15,23,22,20,1867,671,2.78,17,031,828900,1,170318289001
0,0,11,18,24,20,0,0,18,0,0,79,0,34,0,0,317,204,1.55,17,031,829901,2,170318299012
0,0,0,0,19,36,53,0,0,64,162,67,36,27,13,0,1754,477,3.68,17,031,829901,3,170318299013
17,0,14,10,0,0,30,12,0,13,72,21,35,24,80,0,940,328,2.87,17,031,829902,1,170318299021
0,31,46,0,16,32,14,12,16,148,110,166,67,42,13,127,2520,840,3.0,17,031,829902,3,170318299023
80,111,69,15,126,62,22,44,0,40,63,0,0,0,0,0,1481,632,2.34,17,031,825803,5,170318258035
78,22,19,0,73,0,0,0,25,0,76,0,24,0,0,0,810,317,2.56,17,031,430101,3,170314301013
129,90,29,87,52,20,79,68,5,74,127,71,25,0,0,15,1669,871,1.91,17,031,010501,2,170310105012
10,0,12,22,45,16,40,30,15,26,47,207,108,58,9,11,1643,656,2.5,17,031,170500,1,170311705001
10,14,11,9,0,17,26,10,0,19,67,64,35,25,8,0,851,315,2.7,17,031,821900,2,170318219002
14,7,31,10,46,21,0,54,10,42,62,101,84,27,7,20,1302,536,2.43,17,031,821900,3,170318219003
0,11,17,14,91,53,7,9,13,25,47,23,69,7,0,9,1160,395,2.94,17,031,821900,1,170318219001
7,12,22,11,42,9,8,19,21,0,6,23,16,19,35,27,857,277,2.48,17,031,821900,4,170318219004
46,0,75,89,0,73,59,93,10,47,31,109,55,23,28,0,1385,738,1.88,17,031,823602,1,170318236021
0,20,0,53,14,18,0,0,11,78,116,46,14,55,21,0,1530,446,2.7,17,031,823602,2,170318236022
88,19,171,37,39,18,98,69,47,25,185,94,54,98,38,0,2804,1080,2.59,17,031,824108,1,170318241081
7,13,0,32,20,29,24,16,83,60,27,163,115,96,91,0,2599,776,3.35,17,031,824108,2,170318241082
33,39,0,0,23,25,0,0,0,28,0,80,45,22,0,0,831,295,2.82,17,031,818800,3,170318188003
0,44,28,0,0,43,0,0,27,13,23,90,27,11,36,0,1044,342,3.05,17,031,818800,1,170318188001
17,0,8,0,0,25,0,12,0,39,47,86,27,15,0,0,654,276,2.3,17,031,818800,2,170318188002
12,48,39,13,0,13,25,29,0,87,32,53,92,40,16,14,1331,513,2.53,17,031,818800,5,170318188005
0,0,8,13,0,16,0,27,0,85,15,84,97,0,12,31,1025,388,2.64,17,031,818800,6,170318188006
15,18,0,9,0,36,14,10,0,76,9,22,16,0,0,0,824,225,3.66,17,031,191100,6,170311911006
0,36,8,20,35,47,26,25,24,73,6,13,0,13,5,0,1381,331,4.17,17,031,191100,3,170311911003
19,67,36,20,0,35,8,19,27,43,36,43,32,9,8,0,1462,402,3.64,17,031,191100,4,170311911004
0,0,0,33,6,0,0,15,35,28,53,71,0,0,8,0,1162,249,4.67,17,031,191100,1,170311911001
30,11,15,28,9,23,5,6,28,4,45,60,37,0,0,0,1167,301,3.88,17,031,230400,2,170312304002
52,19,40,37,0,13,0,0,13,45,0,17,0,0,0,0,446,236,1.89,17,031,250400,1,170312504001
79,0,47,14,0,20,30,21,0,59,17,22,10,0,15,0,789,334,2.36,17,031,251600,2,170312516002
81,130,0,21,58,18,0,32,0,47,30,25,0,16,0,0,1584,458,3.46,17,031,251600,3,170312516003
0,5,4,0,5,0,8,0,8,25,5,49,45,36,35,9,693,234,2.96,17,031,750300,1,170317503001
0,0,0,0,29,31,0,0,10,53,71,18,41,12,0,7,730,272,2.68,17,031,750200,1,170317502001
19,9,12,43,10,0,26,25,0,30,12,64,23,12,16,29,701,330,2.12,17,031,750200,4,170317502004
36,10,24,40,9,10,10,0,0,0,10,32,58,0,48,0,710,287,2.45,17,031,750200,2,170317502002
48,33,0,95,47,55,17,15,0,119,11,55,19,0,12,13,1242,539,1.93,17,031,031300,1,170310313001
44,14,16,65,30,26,15,40,94,87,133,105,49,30,27,28,1305,803,1.63,17,031,031300,2,170310313002
16,0,0,0,0,15,7,0,17,27,29,37,95,22,6,0,1196,271,4.41,17,031,814700,3,170318147003
31,28,0,7,33,14,24,0,42,50,44,78,7,23,0,0,1181,381,3.1,17,031,814700,4,170318147004
14,19,2,0,13,9,25,24,21,45,34,41,48,12,25,0,1468,332,4.36,17,031,814700,2,170318147002
15,8,6,8,0,18,0,5,6,14,0,40,87,53,30,269,1482,559,2.65,17,031,801200,1,170318012001
14,0,7,0,30,32,30,13,19,22,31,37,22,56,20,203,1291,536,2.39,17,031,801200,3,170318012003
0,22,0,0,17,0,9,0,12,0,34,33,62,10,37,96,1084,332,3.27,17,031,805600,4,170318056004
20,0,0,0,7,10,0,13,8,35,37,51,70,19,22,59,1107,351,3.15,17,031,805600,3,170318056003
45,15,70,63,53,164,19,57,178,33,72,89,55,19,0,27,2621,959,2.73,17,031,806004,2,170318060042
0,0,65,51,58,78,44,44,11,52,104,77,35,29,45,0,1915,693,2.75,17,031,806004,3,170318060043
0,9,0,24,66,10,11,7,0,6,5,87,28,36,37,18,947,344,2.73,17,031,807200,3,170318072003
15,42,33,0,81,0,50,14,20,24,103,65,60,14,125,0,2001,646,3.1,17,031,807200,2,170318072002
0,0,0,6,10,29,24,0,8,16,16,13,21,53,66,64,968,326,2.97,17,031,807200,5,170318072005
17,21,16,0,0,6,35,6,0,18,17,98,33,7,31,15,1029,320,3.19,17,031,807200,4,170318072004
27,11,9,0,14,9,29,0,0,44,8,48,105,20,47,18,1287,389,3.31,17,031,807500,1,170318075001
71,61,46,48,73,33,102,10,40,59,14,72,116,10,12,11,2276,778,2.92,17,031,807700,1,170318077001
66,90,34,0,0,0,0,12,12,85,39,54,40,10,50,68,1491,560,2.66,17,031,807700,4,170318077004
19,45,11,44,8,0,0,0,9,0,10,0,11,0,14,0,600,171,3.51,17,031,491000,1,170314910001
25,0,20,11,31,19,0,6,18,28,8,34,31,0,0,7,551,238,2.32,17,031,460400,3,170314604003
66,33,28,39,0,28,33,35,0,8,54,41,8,6,9,0,775,388,2.0,17,031,460400,1,170314604001
40,0,0,10,26,11,20,10,22,7,29,50,8,0,26,0,825,259,3.19,17,031,460400,4,170314604004
29,40,9,11,8,8,23,16,9,19,69,49,69,12,10,0,1315,381,3.44,17,031,560700,1,170315607001
34,18,50,67,15,16,0,0,0,55,69,102,125,18,0,27,1665,596,2.79,17,031,150200,2,170311502002
94,15,16,0,81,30,94,29,0,60,156,28,52,0,16,0,1761,671,2.62,17,031,150200,5,170311502005
51,15,18,50,0,13,41,16,0,47,25,117,100,0,24,0,1314,517,2.54,17,031,834300,5,170318343005
18,31,15,28,65,57,12,24,13,54,65,63,23,17,0,0,1474,485,3.04,17,031,220701,3,170312207013
92,78,36,29,46,130,96,35,56,64,54,24,62,0,27,0,2723,829,3.28,17,031,834000,1,170318340001
29,16,0,0,15,38,22,0,33,15,39,15,24,33,29,15,1393,323,4.27,17,031,020601,3,170310206013
6,50,50,9,0,20,17,13,45,1,7,8,19,12,28,13,926,298,3.11,17,031,020602,3,170310206023
36,11,14,20,61,26,30,26,12,12,22,30,22,8,5,5,680,340,2.0,17,031,220601,1,170312206011
166,98,50,7,0,18,0,81,0,48,15,43,0,30,0,0,870,556,1.56,17,031,830300,4,170318303004
55,6,7,52,13,16,48,24,37,81,58,138,97,68,41,52,1763,793,2.22,17,031,804610,1,170318046101
79,82,18,47,20,44,16,0,16,0,40,0,0,0,8,0,904,370,2.44,17,031,251500,3,170312515003
5,46,28,19,44,0,0,0,0,20,21,0,10,0,0,0,502,193,2.6,17,031,251900,1,170312519001
15,9,7,0,14,0,37,40,33,34,44,43,43,36,12,0,585,367,1.59,17,031,804610,2,170318046102
0,0,20,12,0,26,61,48,48,13,58,7,72,51,9,0,1433,425,3.37,17,031,804715,1,170318047151
0,0,12,37,31,10,88,62,42,38,93,205,140,93,63,120,2751,1034,2.66,17,031,824106,3,170318241063
10,57,14,0,23,7,19,53,0,14,20,17,19,0,8,11,565,272,2.08,17,031,150401,4,170311504014
27,8,0,74,14,46,0,36,9,9,0,92,55,8,21,51,1162,450,2.58,17,031,150401,3,170311504013
91,10,39,74,14,0,6,0,41,25,22,79,66,28,48,8,1582,551,2.87,17,031,150401,2,170311504012
49,9,70,7,26,0,8,16,8,46,106,99,79,8,7,9,1496,547,2.73,17,031,150401,1,170311504011
0,8,16,8,26,32,21,0,0,15,105,74,35,32,3,0,902,375,2.41,17,031,150501,2,170311505012
31,29,44,26,20,15,6,61,36,60,64,18,29,43,0,8,1272,490,2.59,17,031,150501,1,170311505011
0,16,25,7,0,23,6,16,0,10,15,110,85,78,64,0,1569,455,3.45,17,031,150501,3,170311505013
20,27,18,0,15,0,11,0,24,14,0,0,0,0,0,20,272,149,1.83,17,031,842900,2,170318429002
163,33,144,105,32,47,0,0,0,49,3,0,0,0,0,0,1257,576,2.18,17,031,842900,3,170318429003
116,23,53,0,7,0,13,24,3,4,32,24,6,3,19,0,413,327,1.26,17,031,842900,1,170318429001
52,6,0,11,0,0,5,5,0,70,92,109,175,25,149,87,2459,786,1.63,17,031,841900,1,170318419001
6,22,10,12,16,19,12,6,0,20,6,28,34,25,7,6,601,229,2.62,17,031,843100,2,170318431002
167,64,71,39,41,70,48,3,18,5,5,16,24,0,0,0,1704,571,2.98,17,031,843000,1,170318430001
90,41,55,53,56,33,16,0,0,0,45,63,25,15,0,0,1173,492,2.38,17,031,842100,2,170318421002
55,14,16,0,70,0,15,0,0,0,17,12,14,0,0,0,794,213,3.73,17,031,842100,6,170318421006
25,12,27,36,19,0,15,0,0,20,70,57,45,109,35,30,1602,500,3.2,17,031,802504,4,170318025044
55,13,8,0,9,54,23,36,43,29,62,57,55,6,22,0,1360,472,2.88,17,031,020301,2,170310203012
105,35,0,39,16,0,22,7,0,22,67,0,13,0,0,9,1100,335,3.27,17,031,838700,3,170318387003
66,0,35,33,0,0,10,0,0,15,36,22,0,0,0,0,705,217,3.25,17,031,838700,4,170318387004
45,111,107,100,50,20,78,74,28,99,114,111,39,14,0,0,2571,990,2.59,17,031,821300,2,170318213002
55,16,32,11,0,0,30,26,5,37,58,8,0,0,0,0,541,278,1.95,17,031,821300,3,170318213003
50,33,23,42,16,11,27,19,0,66,92,73,17,9,23,0,1738,501,3.47,17,031,821300,4,170318213004
160,5,53,16,53,54,9,39,45,39,25,51,8,0,0,0,1837,557,3.28,17,031,260500,1,170312605001
135,20,17,42,5,13,10,18,19,23,48,71,12,0,0,0,1151,433,2.56,17,031,271400,1,170312714001
31,17,16,0,24,0,0,20,46,16,163,140,146,67,131,120,1615,937,1.72,17,031,280100,2,170312801002
178,27,20,62,11,28,0,30,90,58,335,535,592,349,345,482,4909,3142,1.56,17,031,280100,1,170312801001
0,19,28,58,26,6,15,61,36,133,120,120,8,37,16,29,1928,712,2.71,17,031,804807,3,170318048073
0,8,44,0,0,16,9,19,0,23,30,42,58,21,15,11,867,296,2.93,17,031,804807,1,170318048071
7,0,18,0,0,34,0,8,20,54,57,103,27,23,16,0,1174,367,3.2,17,031,804807,4,170318048074
40,0,39,0,0,10,8,9,8,15,58,78,23,28,30,9,1034,355,2.91,17,031,804807,2,170318048072
8,6,0,0,0,24,0,7,0,69,39,59,52,47,90,65,1431,466,3.07,17,031,804809,1,170318048091
0,6,14,0,22,29,0,20,16,22,57,122,41,54,123,57,1682,583,2.89,17,031,804809,2,170318048092
6,0,12,0,0,6,15,0,11,40,27,96,72,44,26,30,1075,385,2.79,17,031,804809,3,170318048093
11,9,8,0,38,0,9,23,9,17,52,58,51,22,59,152,1686,518,3.25,17,031,819801,3,170318198013
0,0,0,0,0,0,0,10,0,20,9,61,24,25,49,107,961,305,3.15,17,031,819801,1,170318198011
12,0,0,8,0,0,0,19,21,8,0,10,48,53,33,106,896,318,2.73,17,031,819801,2,170318198012
39,10,83,10,25,44,0,0,12,106,115,68,38,0,15,20,1632,585,2.79,17,031,820502,1,170318205021
11,52,10,10,45,20,14,63,6,31,44,18,0,44,18,0,1432,386,2.92,17,031,820502,4,170318205024
0,48,0,20,45,0,13,19,9,0,17,75,33,32,12,26,853,349,2.44,17,031,803010,1,170318030101
0,0,0,9,0,18,27,0,0,20,23,56,38,93,67,65,1087,416,2.61,17,031,803010,3,170318030103
126,32,45,0,16,9,43,74,0,74,144,53,6,91,26,7,1102,746,1.47,17,031,030604,1,170310306041
55,10,37,48,98,39,78,27,12,66,41,84,77,54,12,26,1143,764,1.5,17,031,030604,2,170310306042
61,19,54,111,10,20,52,0,0,88,60,65,41,35,0,55,1580,671,2.32,17,031,040201,2,170310402012
0,46,18,30,81,50,207,14,76,127,120,219,289,53,26,66,3033,1422,2.13,17,031,806201,1,170318062011
30,75,66,41,22,40,55,23,61,56,157,202,0,40,27,0,1516,895,1.69,17,031,806201,2,170318062012
102,37,0,0,29,0,34,21,0,14,16,44,53,0,15,26,559,391,1.43,17,031,806202,1,170318062021
74,0,165,0,16,12,70,28,44,0,87,233,64,50,26,23,1815,892,2.03,17,031,806202,2,170318062022
51,47,81,59,32,52,31,28,84,87,197,206,64,103,104,34,2060,1260,1.62,17,031,806202,3,170318062023
9,70,0,99,69,45,0,0,9,34,43,120,50,0,21,9,1833,578,3.17,17,031,804716,3,170318047163
0,0,0,0,0,26,0,0,11,51,22,64,52,50,115,31,1255,422,2.97,17,031,804716,1,170318047161
0,0,14,24,62,10,14,8,0,70,73,93,56,138,100,81,2598,743,3.5,17,031,804716,2,170318047162
0,8,23,34,59,0,28,51,19,53,51,161,57,45,26,15,1635,630,2.6,17,031,804611,1,170318046111
49,0,0,9,56,44,7,46,19,78,132,225,81,62,8,74,1741,890,1.96,17,031,804611,2,170318046112
29,0,7,0,28,0,33,0,13,19,35,24,34,20,9,27,829,278,2.98,17,031,804608,2,170318046082
0,0,15,32,31,0,42,47,16,26,191,139,109,37,61,15,1534,761,2.02,17,031,804609,2,170318046092
110,0,34,46,35,55,26,37,0,44,114,91,143,26,27,31,1837,819,2.24,17,031,804609,3,170318046093
25,0,39,0,19,0,8,10,12,0,41,12,35,10,0,0,832,211,3.94,17,031,804511,2,170318045112
78,0,20,12,28,18,15,11,43,52,74,131,115,23,0,0,2372,620,3.83,17,031,020702,1,170310207021
55,91,116,43,63,116,70,0,64,104,95,188,20,53,36,33,2401,1147,2.09,17,031,760802,1,170317608021
46,9,31,8,50,0,59,17,56,48,38,0,75,0,0,0,1167,437,2.57,17,031,150502,2,170311505022
80,0,0,35,19,87,16,49,8,50,27,74,10,9,62,17,1705,543,3.14,17,031,150502,3,170311505023
58,68,68,79,28,36,28,36,13,41,16,14,0,0,0,0,1248,485,2.57,17,031,252102,3,170312521023
32,9,19,31,10,11,70,37,101,85,55,43,9,8,39,40,1811,599,3.02,17,031,804511,1,170318045111
0,0,0,10,0,24,0,14,64,13,108,89,45,19,19,40,990,445,2.22,17,031,040401,4,170310404014
11,26,8,8,20,24,0,50,0,0,40,26,29,0,16,43,698,301,2.32,17,031,040401,1,170310404011
14,11,10,0,20,11,22,9,0,13,25,0,50,14,35,0,485,234,2.07,17,031,040401,2,170310404012
0,17,0,24,34,24,16,0,32,0,15,18,26,0,13,18,663,237,2.8,17,031,040401,3,170310404013
176,101,84,49,130,0,14,111,24,30,112,90,28,65,41,29,2795,1084,2.58,17,031,040202,2,170310402022
228,40,55,0,24,29,70,21,24,36,118,72,62,0,14,6,1677,799,1.9,17,031,040202,4,170310402024
32,0,10,0,0,0,0,0,20,13,4,41,68,67,56,12,943,323,2.92,17,031,020801,2,170310208012
0,0,110,0,23,58,21,14,0,97,68,106,51,31,21,0,1470,600,2.45,17,031,020801,1,170310208011
29,16,55,109,13,14,138,9,41,15,60,58,41,15,0,0,1330,613,2.17,17,031,020801,4,170310208014
78,18,0,63,43,33,49,15,32,28,15,23,24,13,78,9,1346,521,2.58,17,031,818600,3,170318186003
47,44,46,31,33,21,0,0,16,60,120,29,32,13,26,8,1401,526,2.46,17,031,242000,3,170312420003
0,7,5,35,0,6,12,13,23,17,64,89,0,8,7,0,1071,286,3.74,17,031,804404,4,170318044044
28,83,22,49,67,67,5,20,41,65,42,73,32,11,0,0,1279,605,2.11,17,031,804406,3,170318044063
17,9,6,29,20,25,19,34,20,8,34,81,82,81,45,70,2254,580,3.89,17,031,804406,1,170318044061
0,0,0,0,0,38,14,18,18,35,40,49,39,95,44,169,807,559,1.44,17,031,081300,3,170310813003
102,0,63,21,0,26,60,120,37,130,72,82,183,174,103,58,3282,1231,2.67,17,031,804803,3,170318048033
77,0,39,0,14,0,56,45,21,29,181,91,40,70,41,23,1606,727,2.2,17,031,804804,4,170318048044
13,0,50,37,14,0,14,0,0,26,64,25,49,18,35,0,1105,345,3.2,17,031,823702,4,170318237024
65,50,30,14,47,26,4,15,3,25,19,19,0,17,0,0,1104,334,3.07,17,031,271200,1,170312712001
71,49,18,0,0,17,9,0,0,18,10,37,35,0,0,0,898,264,3.38,17,031,251800,3,170312518003
134,35,29,79,22,28,0,31,0,20,19,12,0,0,0,0,1260,409,3.08,17,031,251800,1,170312518001
90,10,24,0,21,14,0,13,6,0,39,32,0,0,0,0,981,249,3.5,17,031,260900,1,170312609001
306,132,52,76,58,85,24,13,25,7,30,0,17,0,8,31,1385,864,1.49,17,031,390400,2,170313904002
14,12,9,0,8,20,15,47,0,29,181,69,92,0,32,0,1348,528,2.55,17,031,170500,3,170311705003
24,0,25,0,17,93,0,26,0,67,56,62,54,0,15,47,1295,486,2.66,17,031,171000,2,170311710002
28,0,8,0,0,9,0,20,0,30,61,69,8,40,69,131,1168,473,2.47,17,031,062800,2,170310628002
52,0,16,0,7,0,23,34,0,8,5,33,65,16,60,154,1195,473,2.53,17,031,062800,1,170310628001
129,8,6,33,0,14,14,14,0,45,41,122,70,22,46,95,1143,659,1.73,17,031,063400,1,170310634001
49,61,8,64,0,50,6,33,0,0,32,24,27,16,13,121,1124,504,1.71,17,031,070500,2,170310705002
60,20,10,41,20,27,9,0,16,13,28,74,52,37,39,268,1715,714,2.4,17,031,071600,1,170310716001
59,40,0,8,10,41,37,0,12,0,24,52,97,92,116,264,2065,852,2.42,17,031,071800,1,170310718001
35,19,0,37,0,0,21,0,0,0,76,177,0,40,151,195,1461,751,1.95,17,031,080100,2,170310801002
102,12,41,69,21,25,8,19,8,20,51,23,0,0,0,0,871,399,2.18,17,031,690400,3,170316904003
65,27,18,52,19,5,38,10,8,11,0,0,19,10,17,0,969,299,3.2,17,031,690400,4,170316904004
11,30,19,9,0,33,17,19,42,4,43,109,52,16,12,0,1686,416,4.05,17,031,700200,3,170317002003
12,9,8,19,19,68,0,8,32,36,35,53,63,22,12,0,1475,396,3.72,17,031,700200,4,170317002004
39,36,44,21,13,32,46,30,39,16,13,39,0,7,0,4,1051,379,2.77,17,031,711500,1,170317115001
0,29,11,34,0,0,8,0,0,10,23,53,72,0,36,0,780,276,2.83,17,031,730600,1,170317306001
49,44,8,93,0,4,43,27,16,36,43,64,0,0,0,0,1037,427,2.43,17,031,730600,2,170317306002
0,19,14,0,11,46,0,0,26,24,48,39,145,148,49,26,2011,595,3.38,17,031,740200,4,170317402004
51,34,0,9,7,33,0,0,8,7,6,58,47,0,0,0,775,260,2.98,17,031,830400,1,170318304001
49,0,0,13,19,27,33,17,0,55,20,10,0,0,5,8,560,256,2.19,17,031,830400,2,170318304002
58,44,54,14,25,17,31,59,47,137,95,108,27,38,0,48,2199,802,2.73,17,031,830400,3,170318304003
26,23,8,0,32,10,11,9,0,59,26,67,0,7,0,0,825,278,2.97,17,031,830400,4,170318304004
0,0,8,0,20,0,10,9,9,21,38,24,86,53,131,263,2221,672,3.22,17,031,800700,2,170318007002
10,0,0,0,0,0,8,9,13,12,8,63,12,21,19,134,894,309,2.89,17,031,800700,3,170318007003
100,53,38,31,74,27,9,0,0,120,147,97,83,11,87,0,1820,877,2.08,17,031,802503,2,170318025032
27,12,0,12,11,47,0,12,0,29,101,97,111,73,79,96,1920,707,2.72,17,031,802503,3,170318025033
0,24,0,0,0,0,10,10,29,27,53,65,55,41,0,12,918,326,2.82,17,031,802503,1,170318025031
0,0,0,9,0,7,35,10,8,8,0,74,31,77,68,190,1684,517,3.26,17,031,801701,2,170318017012
0,19,6,47,13,9,7,7,15,17,46,12,20,8,20,83,846,329,2.57,17,031,801902,3,170318019023
35,8,10,8,0,98,32,43,0,10,40,0,31,14,0,7,846,336,2.52,17,031,170300,3,170311703003
12,48,45,43,9,0,0,39,23,16,40,18,89,0,31,14,1212,427,2.84,17,031,160700,2,170311607002
0,0,31,28,0,55,55,17,17,11,38,45,30,49,0,0,1154,376,3.07,17,031,160700,4,170311607004
24,10,6,24,10,32,35,48,4,18,56,40,22,40,27,13,838,409,2.05,17,031,161000,1,170311610001
7,63,18,0,37,8,15,38,27,37,10,119,8,33,22,0,1285,442,2.91,17,031,170300,5,170311703005
30,0,7,7,24,19,7,0,41,36,58,41,9,0,0,10,741,289,2.55,17,031,170300,1,170311703001
53,37,0,0,22,8,27,24,28,33,23,58,52,36,20,8,1110,429,2.59,17,031,170500,4,170311705004
0,46,0,0,0,9,0,8,6,15,7,53,65,46,0,9,787,264,2.98,17,031,170500,2,170311705002
0,0,10,0,12,0,0,15,0,74,16,57,65,0,76,138,1281,463,2.76,17,031,803603,2,170318036032
0,14,0,53,66,13,69,15,10,18,70,108,76,53,43,165,2047,773,2.65,17,031,803603,1,170318036031
134,12,87,37,14,73,68,51,51,65,91,165,111,39,231,36,3394,1265,2.68,17,031,803610,4,170318036104
18,0,0,13,22,13,0,23,17,14,43,107,133,29,72,109,1595,613,2.6,17,031,803610,1,170318036101
30,18,56,17,10,0,0,12,18,42,38,74,100,45,34,272,2055,766,2.68,17,031,804201,1,170318042011
21,18,54,0,62,0,106,0,0,30,0,64,64,63,88,350,2612,920,2.66,17,031,804201,2,170318042012
70,14,0,9,46,32,55,8,28,90,19,0,10,0,0,0,1047,381,2.75,17,031,826800,1,170318268001
9,54,23,66,41,31,35,0,0,9,48,43,0,0,0,0,758,359,2.08,17,031,826800,3,170318268003
83,6,0,0,28,39,13,16,0,75,0,0,2,0,0,0,635,262,2.42,17,031,826902,1,170318269021
0,23,4,61,0,49,28,30,0,10,54,88,6,0,0,0,808,353,2.29,17,031,510200,2,170315102002
12,4,14,38,17,0,4,42,11,37,19,31,30,38,19,0,1181,316,3.74,17,031,570500,1,170315705001
15,0,48,33,34,76,4,35,14,18,32,21,0,5,5,0,766,340,2.25,17,031,600600,2,170316006002
7,20,20,33,39,6,17,44,8,13,34,168,84,67,56,49,1614,665,2.43,17,031,802610,1,170318026101
23,9,0,11,14,38,50,66,0,121,154,237,65,64,87,82,1332,1021,1.3,17,031,080201,2,170310802012
42,50,42,13,55,63,27,35,46,65,155,90,194,12,14,99,1540,1002,1.54,17,031,080201,1,170310802011
23,12,18,0,0,0,19,0,0,65,34,50,104,16,0,4,534,345,1.55,17,031,080202,1,170310802021
48,12,18,0,12,0,45,0,0,44,106,225,151,12,171,115,1363,959,1.42,17,031,070101,1,170310701011
36,7,57,30,0,8,18,12,53,35,40,22,0,0,0,19,986,337,2.91,17,031,210601,2,170312106012
30,0,8,47,18,43,57,7,21,65,85,55,19,0,15,12,1435,482,2.98,17,031,210601,3,170312106013
22,10,9,40,15,14,9,0,0,48,66,79,103,52,60,0,1617,527,2.75,17,031,700502,2,170317005022
61,0,32,0,30,0,19,19,4,44,47,76,67,17,90,8,1384,514,2.69,17,031,700502,1,170317005021
81,18,22,4,28,19,33,14,9,25,24,15,6,0,10,38,1038,346,3.0,17,031,836100,1,170318361001
78,26,52,18,14,0,0,0,7,50,54,0,0,0,10,9,790,318,2.48,17,031,836100,3,170318361003
335,63,52,86,91,53,0,158,33,171,163,182,134,33,83,17,3400,1654,2.06,17,031,390700,3,170313907003
105,89,42,15,32,27,68,21,8,68,75,13,32,70,15,11,1180,691,1.69,17,031,410100,2,170314101002
33,0,34,0,13,26,38,0,0,40,45,81,60,29,14,13,1143,426,2.68,17,031,820501,2,170318205012
0,13,83,0,18,41,18,35,0,28,84,51,12,31,15,0,1052,429,2.45,17,031,820501,3,170318205013
146,26,105,49,79,12,54,41,0,88,62,27,43,37,30,0,2594,799,3.25,17,031,822400,3,170318224003
55,70,103,23,77,20,12,19,0,34,34,29,61,34,47,0,2176,618,3.52,17,031,822400,2,170318224002
13,0,10,0,0,0,0,0,24,83,9,12,16,39,0,0,533,206,2.59,17,031,822400,4,170318224004
14,16,37,10,31,9,0,6,42,55,30,28,43,89,0,34,1372,444,3.06,17,031,822400,1,170318224001
15,24,16,52,16,29,45,7,51,90,38,119,41,42,32,19,1570,636,2.47,17,031,822802,1,170318228021
10,10,0,0,35,8,0,36,50,26,16,56,63,31,23,41,1105,405,2.73,17,031,822802,3,170318228023
68,0,0,11,41,21,0,15,38,23,18,34,15,7,40,35,1393,366,3.81,17,031,802506,2,170318025062
0,12,38,16,51,22,35,16,4,76,53,86,26,13,39,10,1511,497,3.04,17,031,802506,1,170318025061
63,0,41,25,43,0,0,50,19,135,119,126,36,47,42,11,2067,757,2.73,17,031,802609,1,170318026091
85,10,13,63,65,66,63,87,64,48,59,100,17,10,0,0,2128,750,2.84,17,031,802609,4,170318026094
130,22,0,0,0,15,65,0,0,13,113,95,62,43,29,142,999,729,1.37,17,031,081600,2,170310816002
68,0,19,27,13,26,42,33,19,28,31,75,67,17,9,61,1386,535,2.59,17,031,390100,1,170313901001
47,109,58,32,26,28,6,39,0,42,19,74,25,0,0,9,1216,514,1.91,17,031,380700,1,170313807001
62,0,41,0,8,18,0,26,0,7,45,61,21,0,17,0,644,306,2.1,17,031,381200,1,170313812001
73,47,53,0,47,27,20,27,0,24,68,15,65,12,32,24,999,534,1.87,17,031,390200,1,170313902001
0,0,0,18,18,12,0,90,38,15,14,32,0,0,0,0,573,237,2.42,17,031,020500,2,170310205002
94,0,15,31,24,31,52,60,53,31,29,33,17,29,0,0,1344,499,2.69,17,031,020500,4,170310205004
70,102,35,67,33,7,22,50,54,100,60,58,84,71,6,29,2969,848,3.5,17,031,140601,1,170311406011
59,0,34,4,32,22,17,5,25,22,36,49,91,36,23,28,1254,483,2.59,17,031,140701,1,170311407011
24,36,33,30,55,0,33,35,65,30,55,57,78,0,52,7,2093,590,3.55,17,031,140602,2,170311406022
96,11,16,19,79,14,0,0,11,12,66,5,10,0,0,0,1133,339,3.34,17,031,140602,4,170311406024
24,88,34,44,11,18,7,7,21,69,70,16,74,23,0,7,1463,513,2.82,17,031,140702,2,170311407022
52,0,0,6,0,48,24,24,74,18,43,69,3,0,25,28,1409,414,3.4,17,031,140702,4,170311407024
35,52,111,47,40,13,30,0,0,17,59,73,90,0,0,7,1852,574,3.23,17,031,140702,1,170311407021
31,44,21,0,32,0,0,16,0,23,17,37,32,14,45,17,1080,329,3.28,17,031,140301,1,170311403011
0,33,68,85,30,43,19,27,65,146,275,64,94,0,18,42,2387,1009,2.37,17,031,823703,3,170318237033
0,9,9,0,22,28,7,13,15,17,42,53,58,11,26,42,950,352,2.7,17,031,823704,1,170318237041
0,29,0,9,56,0,0,45,37,33,47,100,105,28,79,47,2042,615,3.3,17,031,823704,2,170318237042
28,0,9,0,0,41,20,9,18,35,59,44,42,30,20,13,1195,368,3.25,17,031,823704,3,170318237043
13,14,17,23,25,33,63,48,0,72,71,133,45,15,21,55,1459,648,2.06,17,031,823901,2,170318239012
0,8,8,11,30,22,39,61,30,25,86,113,129,66,98,122,2392,848,2.8,17,031,823901,1,170318239011
18,0,13,27,50,41,38,29,18,31,18,21,5,41,7,0,1578,357,4.42,17,031,660400,1,170316604001
11,0,0,0,35,5,13,0,12,22,13,65,17,30,27,57,879,307,2.86,17,031,806802,3,170318068023
12,56,61,48,42,24,23,13,44,129,143,97,111,98,48,50,2699,999,2.69,17,031,824106,2,170318241062
0,0,0,0,93,24,0,10,15,0,52,134,102,79,20,108,1699,637,2.67,17,031,824106,1,170318241061
0,0,11,0,21,0,11,0,8,0,13,55,0,13,46,116,900,294,3.06,17,031,806802,1,170318068021
32,18,8,0,20,21,35,68,16,38,49,80,46,0,24,0,1186,455,2.61,17,031,806802,2,170318068022
157,65,54,14,41,38,0,62,57,24,50,77,71,58,58,35,1604,861,1.67,17,031,809400,2,170318094002
94,11,29,28,48,14,26,36,38,0,59,30,76,71,54,162,1246,776,1.61,17,031,809400,3,170318094003
59,10,12,36,24,11,11,26,12,27,13,25,68,9,34,125,879,502,1.73,17,031,809400,1,170318094001
68,18,40,21,24,21,81,95,12,100,44,9,14,0,30,0,2244,577,3.89,17,031,610300,1,170316103001
53,65,56,34,13,37,43,10,0,28,64,51,0,0,0,17,2141,471,4.55,17,031,610300,2,170316103002
52,16,18,53,26,13,0,33,11,46,88,42,4,0,25,0,1332,427,3.12,17,031,610300,3,170316103003
38,89,47,82,79,17,30,0,7,34,33,21,0,0,11,0,1934,488,3.96,17,031,611800,1,170316118001
44,2,29,6,4,15,7,7,25,3,6,4,1,0,0,0,509,153,3.33,17,031,611800,2,170316118002
12,35,44,48,24,12,0,25,40,76,23,26,109,28,0,0,878,502,1.75,17,031,804607,4,170318046074
0,0,12,0,0,18,13,13,29,41,86,113,72,79,117,0,1606,593,2.71,17,031,804607,3,170318046073
0,0,0,0,22,0,0,26,11,25,49,108,123,173,75,50,2368,662,3.58,17,031,804607,2,170318046072
46,10,66,60,24,18,57,53,39,59,64,83,52,0,18,13,1344,662,2.03,17,031,804709,2,170318047092
46,10,56,78,16,49,46,62,0,45,0,49,24,10,0,0,819,491,1.22,17,031,804709,3,170318047093
11,14,0,22,0,0,0,12,0,14,43,78,47,23,14,12,777,290,2.68,17,031,804709,5,170318047095
8,14,0,0,6,5,33,15,16,36,49,139,113,47,33,98,1611,612,2.63,17,031,805001,3,170318050013
28,8,8,32,7,7,0,7,19,14,49,43,41,16,36,69,1058,384,2.76,17,031,805001,2,170318050012
7,0,8,8,0,22,6,9,7,28,7,75,15,12,9,53,691,266,2.6,17,031,805110,4,170318051104
20,0,0,17,0,7,11,0,0,27,27,27,12,6,16,0,332,170,1.95,17,031,805110,3,170318051103
0,9,0,9,10,18,10,0,9,36,32,52,58,15,26,48,867,332,2.61,17,031,805201,2,170318052012
0,10,23,60,0,18,8,17,26,69,22,44,25,91,51,13,1485,477,2.52,17,031,805201,3,170318052013
55,8,9,10,34,11,35,8,9,50,55,73,30,45,16,37,1107,485,2.28,17,031,805202,4,170318052024
73,0,50,33,6,19,46,5,6,45,14,33,0,10,8,0,1143,348,3.28,17,031,711400,1,170317114001
40,8,18,12,11,18,14,6,26,55,7,15,0,0,0,0,649,230,2.8,17,031,711400,2,170317114002
0,0,12,25,0,0,0,14,0,0,20,74,105,49,75,45,1195,419,2.84,17,031,720300,3,170317203003
0,0,6,11,6,10,9,22,0,0,31,57,43,19,44,19,809,277,2.92,17,031,720300,4,170317203004
6,7,11,0,0,0,26,0,0,22,12,62,14,28,4,91,889,283,3.14,17,031,720300,2,170317203002
8,11,8,8,25,5,0,0,0,21,11,49,74,15,71,7,947,313,3.03,17,031,740100,3,170317401003
10,0,21,12,14,0,0,0,0,0,30,96,0,7,10,0,343,200,1.72,17,031,740100,2,170317401002
39,21,23,0,30,0,19,0,0,10,43,38,55,55,73,8,1047,414,2.53,17,031,740100,4,170317401004
40,22,0,7,12,0,10,12,0,11,36,60,76,35,27,0,1098,348,3.16,17,031,828802,1,170318288021
57,43,21,10,32,0,12,8,0,57,127,40,55,12,11,11,1321,496,2.66,17,031,828802,2,170318288022
52,0,8,40,7,20,26,20,10,8,19,20,0,9,5,0,636,244,2.55,17,031,828900,2,170318289002
155,31,79,83,183,44,38,60,34,49,49,113,0,15,0,0,2156,933,2.31,17,031,814900,3,170318149003
0,28,41,56,10,51,17,0,80,32,49,37,71,51,19,0,1751,542,3.23,17,031,814800,2,170318148002
9,0,10,0,19,0,25,0,0,13,42,45,15,11,27,0,713,216,3.3,17,031,814800,3,170318148003
15,15,31,0,83,34,55,24,0,98,121,59,63,27,0,0,1988,625,3.18,17,031,814900,4,170318149004
16,15,36,58,0,82,0,50,28,40,53,109,15,0,60,0,1503,562,2.67,17,031,814900,2,170318149002
32,0,0,26,19,0,13,8,0,44,27,55,0,15,20,0,1064,259,4.11,17,031,814900,1,170318149001
26,44,13,6,0,35,0,0,12,58,78,74,0,25,0,0,809,371,2.18,17,031,815300,4,170318153004
16,9,0,0,8,5,11,0,9,7,74,55,12,63,29,0,1436,298,4.82,17,031,815300,1,170318153001
8,21,0,0,8,20,8,37,0,32,39,60,17,67,11,0,902,328,2.75,17,031,815300,2,170318153002
17,25,38,7,3,19,17,17,10,16,0,27,0,29,22,22,698,269,2.59,17,031,815300,3,170318153003
0,9,44,35,44,21,11,65,34,53,34,28,75,0,0,0,1346,453,2.84,17,031,815600,3,170318156003
85,0,48,32,11,0,0,0,0,0,16,91,21,10,38,0,828,352,2.35,17,031,815600,4,170318156004
15,0,31,19,22,20,72,27,46,0,46,57,53,0,21,0,1154,429,2.69,17,031,815600,2,170318156002
22,75,24,24,11,36,12,0,18,0,34,77,27,13,16,51,966,440,2.2,17,031,815600,5,170318156005
80,6,0,7,0,47,57,27,27,76,73,20,48,22,41,14,1531,545,2.81,17,031,818300,1,170318183001
0,50,43,57,17,42,59,11,8,46,74,109,86,33,0,0,1991,635,3.14,17,031,818300,3,170318183003
76,5,0,34,0,13,27,24,38,39,23,58,19,11,0,41,1097,408,2.68,17,031,818300,4,170318183004
0,15,39,0,31,0,11,46,0,16,59,33,0,8,0,0,739,258,2.79,17,031,819200,1,170318192001
51,58,48,58,81,53,0,41,72,73,52,96,61,11,40,0,2587,795,3.25,17,031,819200,3,170318192003
46,42,0,89,57,14,80,41,0,157,62,165,40,27,28,54,1682,902,1.86,17,031,820101,6,170318201016
0,8,0,18,0,13,6,15,0,11,20,0,75,0,34,56,725,256,2.83,17,031,823904,3,170318239043
40,15,23,23,0,0,17,0,15,0,0,61,41,81,35,0,952,351,2.71,17,031,740200,2,170317402002
0,0,0,0,18,0,38,0,0,14,146,20,49,87,57,38,1954,467,2.79,17,031,740200,1,170317402001
57,18,10,81,49,45,3,0,54,50,54,50,0,20,13,0,1567,504,3.11,17,031,750100,4,170317501004
16,0,62,57,63,76,44,52,61,83,106,59,46,55,86,29,1929,895,2.16,17,031,823904,4,170318239044
0,0,0,0,9,8,13,0,0,6,43,29,75,35,13,13,666,244,2.73,17,031,823904,1,170318239041
38,43,0,25,0,5,15,0,0,64,17,60,69,10,29,19,1350,394,3.43,17,031,826402,4,170318264024
22,10,23,19,13,34,15,23,25,35,65,10,34,35,21,0,1274,384,3.32,17,031,826402,3,170318264023
6,26,0,0,35,37,44,6,7,47,18,46,0,22,0,0,856,294,2.91,17,031,826402,5,170318264025
102,36,27,69,10,31,9,13,0,55,62,32,6,6,0,0,1544,458,3.37,17,031,829401,1,170318294011
0,0,7,33,15,26,0,8,7,23,24,62,51,29,10,89,1067,384,2.78,17,031,805502,3,170318055023
9,0,18,9,74,18,11,8,36,60,42,144,125,73,87,150,2827,864,3.27,17,031,802002,1,170318020021
37,0,10,16,0,9,0,30,0,33,30,78,88,58,66,20,1488,475,3.12,17,031,804902,2,170318049022
34,56,89,83,25,37,36,28,48,35,58,106,41,37,8,0,1575,721,2.18,17,031,805112,1,170318051121
16,8,34,19,0,33,22,0,28,8,31,38,48,22,40,76,963,423,2.2,17,031,805502,4,170318055024
0,6,0,40,15,0,0,42,24,14,17,42,45,5,17,114,1109,381,2.91,17,031,805502,1,170318055021
0,0,21,8,0,9,24,0,7,17,43,37,27,0,44,48,750,285,2.62,17,031,805801,2,170318058012
7,8,0,19,20,14,0,0,11,15,9,33,52,26,53,80,925,347,2.66,17,031,805801,1,170318058011
9,0,0,10,19,0,0,10,8,0,23,40,38,0,57,171,1140,385,2.96,17,031,806700,2,170318067002
18,9,8,19,36,9,11,26,27,54,72,69,73,53,46,105,1639,635,2.58,17,031,806700,1,170318067001
0,14,5,0,27,13,38,21,9,40,47,65,72,39,27,11,1361,428,3.12,17,031,807800,2,170318078002
0,0,0,0,0,0,0,9,0,0,17,12,42,29,22,121,690,252,2.74,17,031,809000,1,170318090001
0,0,0,0,0,8,0,18,0,10,29,48,55,23,97,63,987,351,2.81,17,031,809000,4,170318090004
11,11,17,0,0,7,9,9,32,15,36,48,55,25,10,29,933,314,2.97,17,031,808500,4,170318085004
11,0,9,10,27,40,7,23,6,44,42,87,21,33,25,31,1437,416,3.44,17,031,808500,1,170318085001
0,17,6,0,13,0,0,19,12,23,15,32,21,7,21,99,806,285,2.83,17,031,812900,1,170318129001
38,0,45,0,0,0,0,20,0,9,42,124,52,34,37,43,1262,444,2.79,17,031,812900,2,170318129002
0,17,0,0,17,17,11,20,25,74,57,149,24,10,17,9,1298,447,2.9,17,031,804505,2,170318045052
25,37,6,28,0,36,9,39,28,16,7,49,55,32,0,22,1029,389,2.65,17,031,804505,1,170318045051
13,13,0,0,17,112,0,0,6,0,60,84,52,12,127,0,1408,496,2.84,17,031,804701,1,170318047011
13,37,0,0,0,45,0,24,43,80,200,131,76,49,120,189,1475,1007,1.44,17,031,081500,1,170310815001
14,7,5,59,9,10,9,26,14,37,22,112,73,28,58,39,1325,522,2.54,17,031,090300,1,170310903001
9,0,9,12,0,20,35,0,5,26,47,55,42,35,20,21,1027,336,3.06,17,031,130300,2,170311303002
67,20,52,63,0,14,0,24,114,85,39,106,27,20,45,6,1997,682,2.93,17,031,130300,4,170311303004
29,6,7,30,38,28,20,13,7,79,36,75,68,67,19,21,1684,543,3.1,17,031,130300,3,170311303003
0,0,0,0,0,0,0,0,0,0,0,38,17,18,62,138,780,273,2.86,17,031,801605,5,170318016055
0,13,22,0,14,0,0,0,0,0,27,10,41,62,58,79,805,326,2.46,17,031,801605,4,170318016054
15,13,62,0,25,42,51,16,31,0,26,95,40,88,118,85,1556,707,2.2,17,031,801605,3,170318016053
43,5,40,0,23,0,16,0,15,29,22,17,0,5,0,0,835,215,3.88,17,031,670700,1,170316707001
61,42,23,5,20,0,38,17,6,16,15,49,0,0,0,0,990,292,3.39,17,031,670900,2,170316709002
72,55,82,32,52,67,21,30,14,65,54,49,10,0,5,21,1728,629,2.75,17,031,600600,1,170316006001
33,19,68,0,23,9,21,26,34,0,9,3,0,0,0,0,912,245,3.72,17,031,611200,1,170316112001
9,10,0,12,0,15,6,15,22,48,31,17,17,4,0,17,748,223,3.35,17,031,640800,2,170316408002
88,38,17,25,8,7,32,0,23,52,52,30,40,0,17,5,1347,434,3.1,17,031,691300,1,170316913001
63,21,32,65,29,58,21,3,12,77,52,25,22,15,21,5,1495,521,2.87,17,031,691300,2,170316913002
47,0,8,25,8,43,0,19,20,13,72,14,0,14,0,0,878,283,3.1,17,031,823303,1,170318233031
10,10,27,31,0,17,8,17,7,34,18,63,51,0,19,12,899,324,2.76,17,031,822802,2,170318228022
65,0,0,26,19,81,0,7,11,21,18,61,56,34,49,0,1331,448,2.97,17,031,823303,2,170318233032
0,9,0,21,8,33,15,0,19,12,46,48,31,12,0,0,1003,254,3.95,17,031,823303,4,170318233034
58,37,9,32,15,55,20,71,33,69,81,102,0,8,11,0,1771,601,2.95,17,031,825801,2,170318258012
133,35,23,38,45,0,32,9,38,10,16,44,29,0,0,10,1194,462,2.58,17,031,825801,3,170318258013
102,10,21,21,33,28,84,44,27,69,47,39,5,13,32,0,1655,575,2.88,17,031,827700,1,170318277001
100,26,0,13,28,46,0,10,40,37,71,23,13,0,8,0,731,415,1.76,17,031,827902,4,170318279024
27,10,8,20,22,34,0,6,0,12,35,95,6,0,0,0,879,275,3.2,17,031,827902,3,170318279023
0,0,0,0,0,34,8,7,0,13,90,56,23,0,8,0,788,239,3.3,17,031,827902,1,170318279021
17,0,12,21,17,0,16,15,0,16,11,46,73,11,23,0,683,278,2.46,17,031,828100,5,170318281005
0,16,32,0,61,0,9,12,15,32,18,38,101,71,15,0,931,420,2.22,17,031,828100,4,170318281004
50,15,68,60,52,72,29,0,12,91,93,120,32,20,0,0,1777,714,2.49,17,031,828100,2,170318281002
54,10,17,24,49,35,0,43,27,91,69,144,81,74,51,107,2761,876,2.99,17,031,828602,2,170318286022
38,14,32,0,8,14,51,19,42,30,51,75,20,0,55,27,1530,476,3.21,17,031,842600,1,170318426001
123,68,58,29,32,75,27,5,57,23,129,23,35,0,5,36,2037,725,2.81,17,031,841800,2,170318418002
382,89,106,31,76,32,15,11,10,0,33,15,10,0,0,0,2375,810,2.93,17,031,842500,1,170318425001
20,7,16,34,0,0,0,30,6,29,49,84,20,0,29,0,1209,324,3.72,17,031,842600,3,170318426003
70,42,22,9,9,0,0,12,8,23,41,54,38,35,35,0,1439,398,3.62,17,031,842600,4,170318426004
26,10,15,11,0,0,20,0,28,9,29,50,37,8,17,13,958,273,2.25,17,031,842000,1,170318420001
26,53,14,50,6,11,24,26,22,5,26,23,5,0,0,0,8881,291,3.38,17,031,843500,1,170318435001
17,16,23,41,40,9,0,42,46,33,26,4,8,6,8,5,1262,324,3.88,17,031,843200,2,170318432002
60,47,91,10,0,56,17,58,8,56,52,68,75,55,31,21,1459,705,2.07,17,031,803014,2,170318030142
22,105,34,101,35,29,79,18,0,111,42,0,60,57,32,77,1834,802,2.29,17,031,803015,2,170318030152
40,27,26,48,10,0,31,6,65,40,37,0,5,13,29,0,1090,377,2.89,17,031,836000,3,170318360003
115,69,9,38,20,0,0,0,17,0,21,13,0,0,0,0,914,302,3.0,17,031,691100,3,170316911003
35,24,64,55,61,4,0,3,9,38,32,24,7,0,5,0,1139,361,3.16,17,031,671800,1,170316718001
15,94,0,0,17,21,8,9,19,0,0,9,0,0,0,0,715,192,3.48,17,031,691100,2,170316911002
143,0,34,0,44,25,17,12,23,25,0,24,8,0,14,9,1027,378,2.72,17,031,691100,4,170316911004
16,39,26,0,0,30,9,17,0,13,39,36,0,18,0,0,553,243,2.28,17,031,691100,1,170316911001
40,0,0,9,0,35,10,0,0,11,70,7,11,0,0,0,663,193,3.44,17,031,530300,1,170315303001
48,21,19,0,11,50,0,0,8,18,48,22,20,0,9,0,966,274,3.53,17,031,530300,2,170315303002
37,21,13,46,15,8,0,9,0,14,47,38,17,17,8,0,826,290,2.85,17,031,823303,5,170318233035
0,0,9,8,35,38,9,37,10,29,21,63,61,0,10,8,967,338,2.86,17,031,823604,2,170318236042
7,18,0,0,15,22,8,8,17,17,19,50,14,0,50,27,762,272,2.8,17,031,823604,1,170318236041
9,16,0,9,8,20,17,0,0,70,78,50,106,89,69,96,2171,637,2.78,17,031,823605,1,170318236051
0,0,16,0,31,0,0,39,54,45,36,72,40,24,59,31,1390,447,3.11,17,031,823803,4,170318238034
15,44,118,29,32,13,50,15,53,222,49,115,84,34,36,55,2144,964,2.22,17,031,823803,3,170318238033
0,0,0,10,0,0,0,76,17,73,27,45,23,34,0,0,976,305,3.2,17,031,824506,2,170318245062
12,15,0,10,0,0,0,8,53,10,112,138,200,174,40,48,2657,820,3.24,17,031,824506,5,170318245065
17,0,58,66,11,47,13,40,23,62,48,144,161,33,98,15,1795,836,2.13,17,031,824506,3,170318245063
0,16,0,18,17,0,0,0,0,67,0,60,18,0,37,0,607,233,2.61,17,031,824506,1,170318245061
78,7,7,58,0,0,44,0,46,10,67,30,0,8,0,10,1008,365,2.76,17,031,824701,3,170318247013
0,0,0,0,48,10,8,36,49,16,31,65,82,38,38,0,1198,421,2.85,17,031,824701,2,170318247012
40,9,10,24,0,5,10,0,14,22,24,33,39,8,0,4,603,242,2.49,17,031,825200,1,170318252001
89,53,109,48,11,12,8,0,0,0,65,9,10,0,0,0,740,414,1.79,17,031,825801,1,170318258011
78,20,0,17,34,20,0,5,6,49,50,89,21,9,17,54,796,469,1.69,17,031,410900,1,170314109001
33,9,49,17,0,11,8,16,0,14,0,0,4,0,9,0,712,170,4.16,17,031,670700,2,170316707002
15,32,19,10,0,60,0,18,20,28,75,161,64,53,47,34,1892,636,2.97,17,031,806600,1,170318066001
8,28,35,24,17,20,41,16,17,112,84,94,43,25,18,19,1544,601,2.57,17,031,806600,2,170318066002
68,53,16,13,22,0,24,29,5,16,11,0,12,0,0,0,601,269,2.23,17,031,430300,2,170314303002
57,35,0,21,5,0,0,0,0,26,0,11,0,0,0,0,474,155,3.06,17,031,430300,3,170314303003
7,18,66,52,26,80,32,26,22,22,19,133,52,30,31,4,1761,620,2.84,17,031,170600,2,170311706002
0,18,29,10,24,0,8,25,49,21,51,83,63,23,83,132,1506,619,2.2,17,031,809000,3,170318090003
0,19,15,2,0,0,0,0,20,0,40,16,14,38,31,130,925,325,2.85,17,031,809100,2,170318091002
21,0,17,6,43,48,10,43,35,42,49,31,21,8,60,167,1317,601,2.1,17,031,809100,3,170318091003
13,8,31,27,48,23,15,11,0,19,59,24,50,25,23,32,1071,408,2.63,17,031,810302,2,170318103022
9,0,0,0,25,80,27,40,19,28,57,44,29,30,100,26,1357,514,2.64,17,031,810302,1,170318103021
0,0,0,9,27,5,9,8,0,0,54,71,26,7,32,70,835,318,2.63,17,031,062700,2,170310627002
0,6,0,0,9,18,0,0,0,38,33,43,65,9,34,99,782,354,2.11,17,031,062700,1,170310627001
15,28,26,26,13,14,38,30,0,41,14,65,95,12,43,88,1291,548,2.36,17,031,801605,1,170318016051
8,20,15,39,21,10,22,27,68,31,63,31,71,37,7,10,1585,480,3.3,17,031,802504,1,170318025041
0,9,9,20,0,19,0,17,0,70,60,120,60,0,0,0,1174,384,3.06,17,031,802504,2,170318025042
43,53,54,40,60,11,28,47,35,68,50,119,40,47,67,37,1773,799,2.19,17,031,802702,1,170318027021
13,10,0,0,9,9,0,11,0,9,29,37,48,44,36,19,867,274,3.16,17,031,802702,3,170318027023
65,82,105,63,0,43,15,132,25,75,170,17,33,0,0,0,3078,825,3.57,17,031,020702,2,170310207022
94,8,33,25,16,39,12,34,25,118,0,65,98,0,0,0,2285,567,4.01,17,031,020802,2,170310208022
12,41,0,0,0,0,0,0,0,0,119,24,0,30,20,50,1480,296,5.0,17,031,020802,1,170310208021
192,50,44,7,23,17,21,62,113,45,86,78,76,33,27,17,1619,891,1.82,17,031,020301,1,170310203011
0,0,0,0,18,8,0,0,0,0,16,73,11,15,46,0,725,187,3.88,17,031,804713,4,170318047134
81,12,10,65,42,0,30,17,0,166,100,196,111,15,78,13,1794,936,1.92,17,031,804713,2,170318047132
42,53,34,16,11,0,39,0,0,0,18,12,0,0,27,0,934,252,3.71,17,031,460302,1,170314603021
8,4,0,0,0,0,0,6,0,0,5,9,19,0,4,8,2677,63,2.03,17,031,808702,2,170318087022
42,0,29,35,15,0,7,50,0,0,0,27,0,16,0,0,755,221,3.42,17,031,460301,3,170314603013
39,60,18,30,0,75,0,25,8,0,25,0,0,0,0,0,739,280,2.64,17,031,460302,3,170314603023
84,118,4,98,0,5,0,30,24,1,16,9,0,17,0,0,1173,406,2.89,17,031,460302,4,170314603024
90,48,70,0,0,7,16,0,0,16,38,27,0,0,0,0,646,312,2.07,17,031,431302,2,170314313022
101,70,47,41,100,17,29,14,9,0,0,37,0,0,0,0,1091,465,2.35,17,031,431302,1,170314313021
8,0,29,0,0,33,6,7,0,34,9,32,86,9,79,195,1740,527,3.29,17,031,801100,4,170318011004
0,0,0,16,7,24,9,14,0,19,36,22,61,52,58,133,1286,451,2.85,17,031,801100,3,170318011003
8,0,0,0,0,0,0,8,0,20,19,34,6,9,19,97,721,220,3.28,17,031,801100,1,170318011001
9,7,0,7,0,9,32,46,0,34,33,0,30,9,8,123,875,347,2.52,17,031,801100,2,170318011002
42,25,9,51,68,70,33,35,0,21,83,99,44,52,77,109,2362,818,2.38,17,031,801500,1,170318015001
0,0,23,0,0,17,67,10,0,25,23,28,56,65,106,315,2458,735,3.34,17,031,801500,2,170318015002
58,10,28,49,80,28,10,11,0,35,10,72,74,20,152,109,1915,746,2.57,17,031,801500,3,170318015003
104,46,42,74,110,93,146,28,16,95,102,54,95,27,22,34,2588,1088,2.37,17,031,801603,2,170318016032
0,0,0,18,9,13,9,0,17,37,94,53,82,0,28,47,1284,407,2.8,17,031,801603,1,170318016031
0,15,41,12,35,59,52,0,18,39,50,67,68,59,86,109,1427,710,2.0,17,031,801608,1,170318016081
26,0,14,0,14,0,0,0,0,11,16,28,0,11,41,116,963,277,3.48,17,031,801608,3,170318016083
12,0,0,66,14,49,22,90,0,74,44,63,86,114,90,297,2521,1021,2.47,17,031,801608,4,170318016084
55,0,26,79,73,0,12,49,12,25,62,34,104,18,45,101,1397,695,1.86,17,031,801608,2,170318016082
0,47,42,0,40,41,18,35,68,101,136,145,86,81,50,80,2111,970,2.16,17,031,801901,1,170318019011
17,21,44,28,24,32,9,16,48,35,33,104,57,31,24,57,1413,580,2.44,17,031,801901,2,170318019012
152,41,63,29,19,37,15,7,22,56,29,53,38,0,14,23,1226,598,1.78,17,031,802402,3,170318024023
22,0,13,95,20,66,0,0,10,12,30,20,16,26,32,0,1302,362,3.6,17,031,802402,4,170318024024
0,31,13,14,30,18,24,0,18,45,52,78,18,67,84,28,1269,520,2.44,17,031,802402,2,170318024022
6,0,0,0,8,9,8,0,0,7,26,48,27,55,93,111,1181,398,2.97,17,031,807900,3,170318079003
18,9,16,0,8,28,0,0,21,32,38,78,68,33,73,47,1465,469,3.12,17,031,807900,1,170318079001
25,38,17,12,34,0,0,0,0,83,35,20,44,18,0,12,739,338,2.19,17,031,824602,5,170318246025
82,14,0,24,39,43,23,0,40,56,33,66,61,30,56,11,1795,578,3.11,17,031,824602,2,170318246022
61,0,25,47,36,30,0,14,12,228,165,68,57,38,48,24,1994,853,2.34,17,031,824602,3,170318246023
35,0,40,21,82,17,80,86,17,17,55,42,23,71,96,45,2172,727,2.98,17,031,825802,3,170318258023
71,0,78,49,0,31,74,93,12,69,56,51,65,16,0,0,1837,665,2.76,17,031,825802,1,170318258021
70,11,27,80,0,0,42,0,16,38,0,40,0,0,0,3,917,327,2.8,17,031,827600,1,170318276001
27,69,2,18,48,21,75,0,29,27,55,12,15,0,18,10,988,426,2.24,17,031,804405,2,170318044052
46,77,56,85,50,6,5,10,25,56,70,121,52,21,27,72,2469,779,3.17,17,031,804508,1,170318045081
9,7,0,24,8,0,12,6,36,13,43,28,43,43,83,57,1150,412,2.79,17,031,804506,1,170318045061
20,8,9,20,0,9,0,6,10,0,54,74,78,96,14,62,1276,460,2.64,17,031,804506,2,170318045062
0,42,0,46,14,47,35,15,31,60,74,115,79,29,56,0,1072,643,1.67,17,031,804308,3,170318043083
0,44,60,15,0,0,58,0,41,87,115,253,126,57,52,73,1765,981,1.8,17,031,804308,1,170318043081
25,57,8,155,53,0,13,31,8,0,15,0,0,14,0,0,1480,379,3.91,17,031,301702,2,170313017022
33,18,38,12,31,18,33,0,0,9,26,38,18,0,0,0,1061,274,3.87,17,031,301702,1,170313017021
33,59,40,57,35,50,35,63,10,35,85,111,0,0,10,0,1907,623,3.05,17,031,700301,3,170317003013
11,15,45,9,0,70,74,9,18,36,20,0,14,0,0,0,1197,321,3.73,17,031,301801,1,170313018011
97,18,90,124,21,78,99,116,0,19,9,48,8,0,10,0,3049,737,4.13,17,031,301801,2,170313018012
30,62,46,8,31,15,5,0,0,16,26,39,21,23,0,0,664,322,2.06,17,031,490902,3,170314909023
7,0,18,53,15,0,48,43,0,53,36,85,0,17,8,0,1113,383,2.91,17,031,490902,4,170314909024
123,51,8,19,8,43,15,20,55,31,70,20,0,0,16,0,1185,479,2.47,17,031,490901,3,170314909013
0,43,9,53,21,27,19,0,0,25,0,28,25,0,0,11,1050,261,4.01,17,031,300900,3,170313009003
75,44,37,22,68,0,0,30,0,32,43,28,20,10,0,0,1872,409,4.58,17,031,301100,2,170313011002
53,17,43,79,10,58,53,31,25,45,26,0,0,0,0,0,1862,440,4.19,17,031,301200,3,170313012003
0,10,0,14,19,13,0,14,8,35,94,110,45,11,25,40,1024,438,2.34,17,031,803015,3,170318030153
0,0,0,13,11,0,11,0,13,11,76,81,21,66,10,29,982,342,2.87,17,031,802608,3,170318026083
29,36,23,48,47,48,51,55,13,188,151,85,105,53,11,19,1674,962,1.74,17,031,802608,1,170318026081
0,22,26,17,12,13,0,0,0,20,56,164,151,56,39,115,1962,691,2.84,17,031,803013,2,170318030132
79,49,106,74,108,16,94,106,63,27,98,93,26,54,50,30,2178,1073,2.03,17,031,803013,1,170318030131
107,26,14,33,115,58,43,71,25,192,83,47,87,0,60,0,2383,961,2.45,17,031,802404,2,170318024042
11,0,0,30,11,39,77,0,13,0,39,18,43,13,44,14,1018,352,2.89,17,031,802404,3,170318024043
0,33,66,20,0,26,20,0,50,21,78,64,8,12,5,0,1153,403,2.86,17,031,140302,1,170311403021
5,0,0,33,22,0,28,50,0,8,107,104,63,52,0,7,1517,479,3.17,17,031,140302,2,170311403022
66,45,0,0,19,27,55,26,11,53,58,10,31,8,14,0,1196,423,2.83,17,031,150402,2,170311504022
46,0,23,32,0,0,0,0,14,8,35,28,18,0,20,0,570,224,2.54,17,031,150402,1,170311504021
12,0,22,0,0,9,0,23,0,0,47,16,46,0,0,0,396,175,2.23,17,031,110501,4,170311105014
14,10,0,0,7,19,50,37,2,7,17,83,56,14,40,41,1053,397,2.65,17,031,110501,1,170311105011
0,33,10,0,9,0,6,12,26,17,7,0,18,49,1,0,433,188,2.26,17,031,110501,5,170311105015
0,129,9,29,0,55,44,33,0,27,120,137,37,28,23,11,2148,682,3.15,17,031,110501,3,170311105013
198,29,99,69,46,87,70,82,55,31,75,26,21,57,33,23,2468,1001,2.46,17,031,010502,2,170310105022
51,12,28,41,24,21,0,26,0,38,6,70,0,0,0,0,691,317,1.91,17,031,010503,2,170310105032
95,56,86,8,0,0,19,55,0,42,8,22,6,0,0,9,1099,406,2.71,17,031,010702,4,170310107024
65,25,0,80,10,11,76,0,33,9,34,62,41,73,13,17,1499,549,2.73,17,031,010702,1,170310107021
54,6,112,40,5,43,0,0,0,17,25,48,23,36,0,0,1492,409,3.48,17,031,010702,2,170310107022
234,75,63,62,40,36,30,9,34,34,17,17,38,35,0,0,1064,724,1.47,17,031,010501,3,170310105013
77,83,32,65,44,33,19,35,25,63,73,50,24,27,11,16,1842,677,2.72,17,031,806104,3,170318061043
58,46,0,29,44,82,80,85,65,38,95,39,44,0,0,0,1875,705,2.66,17,031,806104,1,170318061041
0,0,16,40,8,17,11,0,0,35,70,34,41,31,0,5,868,308,2.82,17,031,770601,3,170317706013
0,8,4,18,1,8,10,38,0,23,59,115,41,18,5,0,1158,348,3.32,17,031,770601,1,170317706011
0,26,0,0,16,11,9,0,0,37,145,68,57,37,21,18,1371,445,3.08,17,031,770602,3,170317706023
7,26,0,0,15,0,11,38,3,41,42,51,29,18,8,14,916,303,3.02,17,031,220601,2,170312206012
0,0,16,37,26,0,51,29,27,49,32,0,26,0,5,0,1066,298,3.58,17,031,210502,3,170312105023
68,81,0,93,37,28,26,26,37,52,30,68,8,7,11,0,1879,572,3.27,17,031,210502,1,170312105021
32,140,14,12,142,32,58,7,13,42,31,49,51,0,7,0,1964,630,3.12,17,031,210502,2,170312105022
8,28,0,31,0,8,0,0,0,24,0,31,28,22,0,9,329,189,1.74,17,031,220602,1,170312206021
0,0,9,21,9,27,0,0,0,0,0,0,82,42,55,0,658,245,2.69,17,031,220602,2,170312206022
0,0,0,0,0,30,37,28,0,101,0,10,0,46,0,0,703,252,2.79,17,031,220602,5,170312206025
161,92,0,32,22,59,88,12,46,27,66,9,26,11,0,18,1102,669,1.63,17,031,220602,3,170312206023
68,53,21,43,25,28,40,9,0,106,58,74,0,17,17,0,1342,559,2.4,17,031,210602,1,170312106021
98,56,52,42,0,0,43,15,8,15,0,14,5,10,0,0,1056,358,2.95,17,031,220901,1,170312209011
22,0,24,20,32,0,43,50,47,0,13,34,0,17,0,9,1342,311,4.32,17,031,220901,3,170312209013
32,39,33,23,35,14,23,46,47,14,60,51,30,5,81,27,2022,560,3.61,17,031,220902,2,170312209022
0,0,29,54,42,0,39,9,14,19,0,41,25,0,0,0,954,272,3.51,17,031,200401,1,170312004011
16,0,16,76,24,35,49,27,29,20,71,69,35,9,53,0,2212,529,4.18,17,031,160501,2,170311605012
64,30,86,9,35,100,53,52,85,67,39,41,49,15,36,36,2286,797,2.87,17,031,160501,1,170311605011
10,0,0,10,0,6,0,0,9,37,30,72,35,27,77,0,1427,313,3.96,17,031,804509,2,170318045092
74,9,11,0,0,27,0,9,0,60,27,50,86,21,29,15,1601,418,3.83,17,031,804509,4,170318045094
85,57,21,45,44,13,21,24,23,116,35,277,141,211,256,76,3762,1445,2.6,17,031,804507,3,170318045073
32,20,49,18,87,0,38,37,31,25,130,371,110,175,199,218,4666,1540,3.02,17,031,804403,3,170318044033
0,0,17,15,0,0,70,37,14,16,14,70,72,25,71,51,1248,472,2.29,17,031,820101,7,170318201017
106,39,53,21,34,0,20,67,54,107,65,75,26,8,0,48,1371,723,1.89,17,031,830006,1,170318300061
27,17,8,10,0,20,16,22,8,92,32,44,26,10,3,0,892,335,2.66,17,031,830006,2,170318300062
46,71,17,36,16,82,20,12,92,99,255,189,114,67,68,29,2829,1213,2.33,17,031,830201,2,170318302012
19,13,18,14,40,0,6,22,32,22,62,51,48,17,20,9,919,393,2.34,17,031,220500,3,170312205003
16,8,14,35,7,9,0,43,7,24,61,61,22,32,37,0,814,376,2.16,17,031,220500,2,170312205002
23,0,53,22,64,60,25,35,11,19,34,64,66,21,5,3,1529,505,3.03,17,031,222700,2,170312227002
51,41,34,18,9,0,23,0,36,34,23,0,0,0,0,0,629,269,2.34,17,031,231200,5,170312312005
36,73,9,44,43,20,0,11,34,49,9,14,24,0,0,0,1393,366,3.76,17,031,231200,4,170312312004
30,48,36,17,15,0,0,10,0,0,14,0,16,0,0,0,450,186,2.42,17,031,231200,3,170312312003
80,27,66,32,0,0,0,15,0,29,0,0,5,0,0,0,856,254,3.37,17,031,231500,1,170312315001
77,30,0,0,58,71,0,0,30,26,0,12,0,0,0,0,884,304,2.91,17,031,231500,4,170312315004
162,32,13,91,14,0,0,29,14,0,0,0,0,0,34,0,1291,389,3.08,17,031,231500,2,170312315002
32,60,0,30,54,36,30,58,29,16,31,52,0,0,0,0,1926,428,4.5,17,031,231500,6,170312315006
44,18,18,16,39,0,0,59,9,82,88,119,176,77,226,188,2154,1159,1.86,17,031,240500,1,170312405001
111,15,99,12,74,0,21,26,69,62,109,215,62,54,88,61,1949,1078,1.81,17,031,810000,1,170318100001
0,0,30,43,0,0,10,44,13,29,25,108,14,36,0,12,839,364,2.3,17,031,810200,6,170318102006
45,0,0,0,0,0,13,0,10,14,0,32,71,33,0,0,515,218,2.36,17,031,810200,5,170318102005
29,45,65,43,0,27,13,36,45,83,93,89,39,25,13,0,1354,645,2.1,17,031,810200,4,170318102004
0,0,51,55,74,24,31,17,0,15,14,50,71,0,7,0,967,409,2.36,17,031,810200,1,170318102001
9,0,9,39,0,24,0,0,36,27,35,66,39,17,28,34,884,363,2.44,17,031,811000,5,170318110005
26,27,18,0,18,31,0,8,36,9,48,88,44,19,27,19,887,418,2.12,17,031,811000,4,170318110004
8,54,0,8,0,0,9,9,18,20,49,46,19,20,7,10,688,277,2.48,17,031,811000,1,170318110001
67,0,135,26,47,0,14,76,82,26,45,52,33,32,0,0,1440,635,2.27,17,031,811600,1,170318116001
0,24,0,57,0,10,0,62,12,13,15,12,22,13,0,57,998,297,3.36,17,031,171000,3,170311710003
0,61,46,0,0,27,7,0,16,11,56,85,52,13,11,0,1129,385,2.93,17,031,171000,4,170311710004
0,9,13,43,25,28,53,76,0,0,49,70,47,0,13,0,1285,426,3.02,17,031,171000,6,170311710006
34,0,25,33,0,0,48,0,14,114,47,94,80,80,0,13,1906,582,3.27,17,031,171000,1,170311710001
16,0,80,16,0,0,23,36,43,0,19,90,74,9,68,12,1336,486,2.72,17,031,171000,5,170311710005
46,20,18,34,72,9,31,9,35,26,34,29,0,13,0,0,1310,376,3.48,17,031,301100,1,170313011001
0,63,26,47,71,34,59,42,16,75,0,43,0,0,0,25,2080,501,4.15,17,031,301600,2,170313016002
95,61,159,45,93,31,0,40,81,23,14,0,29,36,0,0,2433,707,3.42,17,031,301600,1,170313016001
101,28,35,13,21,39,49,10,31,46,43,89,79,31,36,8,1493,659,2.27,17,031,310300,1,170313103001
214,0,0,0,28,111,44,98,56,45,37,109,221,11,182,144,2007,1300,1.54,17,031,320100,2,170313201002
86,192,0,54,0,0,11,0,100,46,60,15,181,161,127,477,2109,1510,1.38,17,031,320100,3,170313201003
149,75,13,0,43,45,111,8,15,339,284,221,166,219,114,261,3006,2063,1.46,17,031,330100,1,170313301001
80,0,85,14,86,0,36,253,148,237,368,379,278,101,297,261,5070,2623,1.86,17,031,330100,2,170313301002
0,10,7,0,0,7,0,0,0,21,79,23,14,10,54,48,827,273,2.98,17,031,802801,3,170318028013
0,8,0,8,10,0,18,16,0,18,12,50,47,53,21,33,925,294,3.15,17,031,802801,5,170318028015
35,0,7,75,0,0,22,34,23,9,40,14,65,68,50,37,1456,479,3.04,17,031,802801,2,170318028012
26,11,23,0,19,7,38,42,0,17,90,71,130,90,78,55,1808,697,2.58,17,031,803100,1,170318031001
9,0,0,10,0,9,11,25,0,18,6,46,90,47,33,21,982,325,2.99,17,031,803607,2,170318036072
0,0,0,9,9,23,8,27,18,34,48,124,215,62,144,15,2079,736,2.82,17,031,803607,3,170318036073
0,0,10,0,0,12,0,12,22,9,62,12,70,31,44,23,926,307,3.02,17,031,803607,1,170318036071
0,0,30,0,0,16,22,0,0,0,59,33,53,16,31,51,751,311,2.37,17,031,804606,1,170318046061
47,6,0,17,15,22,14,26,6,50,9,77,40,36,10,41,1015,416,2.44,17,031,804705,3,170318047053
14,0,0,0,19,0,9,0,15,15,24,61,66,15,47,60,1048,345,3.04,17,031,804705,1,170318047051
37,0,0,0,0,0,0,0,0,0,6,7,0,12,11,137,681,210,3.24,17,031,801200,2,170318012002
0,10,19,36,0,0,11,13,10,22,44,55,52,43,101,119,1495,535,2.79,17,031,801400,1,170318014001
9,47,10,0,9,25,7,9,0,46,68,64,93,66,73,48,1522,574,2.65,17,031,801400,2,170318014002
17,0,0,17,9,0,0,0,0,8,40,0,25,41,7,88,663,252,2.63,17,031,801702,4,170318017024
7,8,10,0,8,0,0,9,0,0,18,27,39,47,111,122,1429,406,3.52,17,031,801702,1,170318017021
53,18,11,0,32,36,26,7,16,22,76,30,27,53,76,102,1519,585,2.6,17,031,801702,3,170318017023
12,7,20,0,0,11,9,0,0,24,31,67,58,16,45,118,1282,418,3.07,17,031,801702,2,170318017022
15,26,14,6,14,61,8,32,8,33,38,68,39,72,78,176,1730,688,2.51,17,031,802200,3,170318022003
0,0,0,38,8,8,0,10,0,0,15,27,14,17,49,196,1174,382,3.07,17,031,802200,1,170318022001
15,0,15,0,32,0,0,0,0,0,26,138,68,89,76,59,1391,518,2.69,17,031,802605,3,170318026053
47,0,16,16,0,41,0,20,49,87,161,57,0,40,117,85,1713,736,2.29,17,031,802605,1,170318026051
0,16,43,56,50,129,45,32,17,95,103,89,27,54,34,0,1418,790,1.7,17,031,802605,2,170318026052
0,0,0,0,11,0,34,19,0,16,48,124,31,62,54,16,1446,415,3.48,17,031,802605,4,170318026054
0,0,0,46,0,0,0,25,0,0,25,0,15,60,45,51,813,267,3.04,17,031,803400,3,170318034003
10,0,0,0,0,0,15,0,14,0,24,52,16,26,16,88,660,261,2.5,17,031,803400,2,170318034002
0,16,0,13,19,0,0,0,0,20,29,81,27,13,15,120,1034,353,2.93,17,031,803400,5,170318034005
12,0,0,48,27,12,0,12,11,33,14,76,39,58,173,42,1492,557,2.68,17,031,803400,4,170318034004
35,31,45,7,16,18,38,25,8,20,73,48,48,0,0,0,1302,412,3.16,17,031,824900,1,170318249001
13,0,48,39,0,13,0,0,18,13,125,59,97,133,30,0,1619,588,2.75,17,031,825400,1,170318254001
35,43,13,31,0,37,41,14,26,69,51,108,53,55,92,0,1670,668,2.35,17,031,825400,3,170318254003
31,39,56,36,18,19,27,43,8,28,24,0,8,13,8,0,738,358,2.06,17,031,825501,1,170318255011
172,0,10,0,25,0,11,25,22,9,30,58,19,48,0,0,1411,429,3.29,17,031,826600,1,170318266001
96,21,25,8,9,0,11,18,0,36,26,52,0,0,0,0,770,302,2.55,17,031,826600,4,170318266004
58,29,0,0,30,22,23,36,10,60,79,34,11,0,27,0,935,419,2.23,17,031,826600,5,170318266005
0,0,0,41,12,0,17,23,26,21,14,0,0,0,0,27,573,181,3.17,17,031,826800,4,170318268004
0,0,24,13,0,0,14,6,40,28,8,48,41,13,76,16,1011,327,3.09,17,031,750300,3,170317503003
0,24,0,0,28,0,22,19,0,0,40,116,14,0,31,58,1020,352,2.9,17,031,750400,2,170317504002
0,0,21,0,0,8,40,0,23,30,0,51,132,24,56,49,1381,434,3.18,17,031,804714,3,170318047143
11,0,28,16,27,21,0,71,32,82,59,165,76,0,91,0,1138,679,1.68,17,031,804713,1,170318047131
0,17,0,0,0,0,0,0,0,15,29,28,33,39,73,0,656,234,2.8,17,031,804713,3,170318047133
0,0,33,0,12,0,8,43,0,0,74,66,25,34,64,16,1234,375,3.29,17,031,804714,2,170318047142
0,12,0,15,26,12,7,29,10,37,71,33,43,65,11,25,798,396,2.02,17,031,804714,1,170318047141
0,16,8,0,8,8,0,0,0,9,62,53,69,46,56,102,1310,437,2.76,17,031,804109,1,170318041091
61,101,9,34,27,22,43,9,0,82,17,144,51,43,29,82,1682,754,2.08,17,031,804109,2,170318041092
43,0,12,86,17,98,42,50,0,91,0,86,113,69,29,33,1421,769,1.85,17,031,803702,4,170318037024
73,44,0,16,33,8,37,18,0,54,50,78,103,90,52,94,1311,750,1.74,17,031,062100,3,170310621003
30,11,48,11,45,10,36,32,25,23,43,126,24,49,27,166,1456,706,2.06,17,031,070101,2,170310701012
264,161,38,0,0,76,13,90,41,88,61,23,74,13,0,35,1169,977,1.2,17,031,070101,3,170310701013
62,0,11,46,12,0,9,40,24,118,96,42,0,9,10,17,704,496,1.42,17,031,063301,2,170310633012
43,84,30,27,55,0,77,47,0,23,76,65,68,74,10,20,1100,699,1.57,17,031,063301,1,170310633011
7,0,9,15,9,7,18,59,28,43,75,169,59,31,17,21,898,567,1.41,17,031,070102,3,170310701023
15,0,7,15,7,6,14,0,10,69,36,118,71,8,49,58,665,483,1.38,17,031,063303,2,170310633032
41,150,80,34,41,15,59,0,0,120,201,97,111,68,61,69,1625,1147,1.42,17,031,081201,3,170310812013
76,20,42,0,0,68,18,57,23,154,115,64,58,17,104,285,1899,1101,1.47,17,031,081201,2,170310812012
0,0,10,25,21,7,61,21,7,8,75,121,20,22,26,85,742,509,1.46,17,031,081202,2,170310812022
19,0,8,15,58,76,29,32,28,34,39,48,132,0,58,52,1110,628,1.77,17,031,081202,3,170310812023
4,8,9,0,0,43,0,18,11,27,20,29,55,14,111,112,905,461,1.96,17,031,081202,4,170310812024
62,91,37,6,64,14,18,0,9,13,7,13,58,0,6,0,844,398,1.63,17,031,031501,1,170310315011
178,31,20,14,8,21,7,49,31,42,6,55,7,0,9,18,1221,496,1.7,17,031,031501,3,170310315013
245,111,138,111,47,23,13,35,17,23,31,55,61,0,10,0,1715,920,1.82,17,031,031502,3,170310315023
193,53,112,10,23,11,16,0,34,30,35,62,9,14,11,30,1112,643,1.73,17,031,031502,2,170310315022
0,0,0,0,12,0,13,20,35,24,156,128,12,21,0,13,881,434,2.03,17,031,040402,2,170310404022
32,12,34,54,0,39,73,9,14,0,102,45,56,29,62,79,1168,640,1.83,17,031,040402,3,170310404023
33,66,42,22,15,44,0,16,35,25,90,49,20,4,0,0,1800,461,3.85,17,031,220702,1,170312207021
37,10,75,26,31,0,0,19,18,52,14,48,10,0,11,10,1144,361,3.17,17,031,220702,4,170312207024
16,31,28,35,39,17,31,8,0,38,17,23,0,0,15,0,810,298,2.72,17,031,220702,2,170312207022
75,18,31,23,48,8,8,5,29,37,26,41,116,70,48,59,1366,642,2.13,17,031,842300,1,170318423001
31,6,26,0,23,11,18,5,60,58,36,75,74,59,124,344,2133,950,2.14,17,031,842300,2,170318423002
58,25,11,12,0,21,0,9,21,12,32,60,36,0,15,87,1049,399,2.63,17,031,843700,1,170318437001
48,29,7,10,5,22,16,12,0,20,0,21,9,0,0,5,836,204,4.1,17,031,834900,1,170318349001
57,17,60,19,62,44,18,19,0,49,40,16,12,0,0,0,1315,413,3.17,17,031,835000,3,170318350003
53,0,40,8,74,0,37,47,15,50,58,127,90,31,38,0,1869,668,2.8,17,031,824601,4,170318246014
161,75,12,33,5,103,9,48,23,73,32,120,24,0,0,0,2142,718,2.98,17,031,827600,2,170318276002
17,0,9,9,9,0,32,18,10,46,66,51,13,24,26,33,976,363,2.69,17,031,824601,2,170318246012
0,9,11,0,0,10,10,9,10,22,70,62,64,21,10,8,969,316,3.06,17,031,824601,3,170318246013
11,33,51,10,16,50,66,64,21,54,112,201,114,32,18,0,2444,853,2.87,17,031,824702,3,170318247023
47,9,34,19,81,21,24,28,32,46,63,33,8,0,0,0,1530,445,3.44,17,031,200200,2,170312002002
24,67,55,7,0,33,55,9,14,19,52,63,33,0,0,15,1520,446,3.41,17,031,200200,4,170312002004
0,41,3,24,33,22,10,14,0,51,77,17,18,6,7,11,837,334,2.51,17,031,221400,1,170312214001
72,0,11,0,9,15,0,0,9,0,58,76,41,22,56,0,761,369,2.06,17,031,221400,2,170312214002
29,18,37,34,12,0,13,24,7,7,27,71,14,0,4,0,1170,297,3.94,17,031,230300,1,170312303001
12,6,29,64,24,31,51,46,30,18,63,84,13,16,42,0,1266,529,2.39,17,031,828000,1,170318280001
166,8,29,38,62,8,20,19,20,88,26,12,41,27,17,47,1544,628,2.35,17,031,828000,3,170318280003
8,24,18,0,42,35,34,9,107,60,50,96,66,0,9,8,1486,566,2.63,17,031,828000,4,170318280004
74,98,90,79,10,16,0,106,12,55,13,0,9,0,25,0,1075,587,1.83,17,031,828202,3,170318282023
0,5,14,0,27,32,33,21,9,29,40,88,55,6,12,24,1005,395,2.54,17,031,828202,1,170318282021
166,11,10,34,13,37,20,0,47,0,0,11,0,0,0,0,663,349,1.9,17,031,829302,1,170318293021
81,16,3,41,33,17,72,30,69,12,30,59,17,33,10,0,1946,523,3.72,17,031,813302,2,170318133022
225,60,72,37,0,28,64,9,27,0,96,0,0,0,0,0,2235,618,3.62,17,031,838700,1,170318387001
130,62,10,29,49,19,4,10,18,0,15,22,14,5,9,9,1457,405,3.6,17,031,841500,1,170318415001
20,0,48,0,11,11,11,24,0,61,47,27,119,28,26,32,1323,465,2.85,17,031,807400,2,170318074002
20,39,12,10,0,13,0,0,0,83,22,0,24,8,0,12,1016,243,4.16,17,031,807400,4,170318074004
45,49,68,72,104,9,59,37,38,66,78,152,54,0,7,0,2583,838,3.08,17,031,807400,3,170318074003
12,9,15,0,9,10,0,12,0,0,44,44,42,12,29,0,748,238,3.13,17,031,807400,1,170318074001
10,12,12,14,0,0,9,12,74,0,46,51,25,0,12,61,1166,338,3.43,17,031,807400,5,170318074005
35,42,10,0,33,44,44,9,14,50,84,17,9,0,0,0,1117,391,2.86,17,031,151002,1,170311510021
10,7,0,8,43,16,16,35,54,23,16,58,48,74,0,0,1251,408,3.07,17,031,151002,2,170311510022
0,16,41,0,24,65,15,19,0,42,39,47,23,11,15,0,1083,357,3.03,17,031,160602,2,170311606022
50,35,8,58,43,28,27,39,64,78,76,68,36,0,28,17,1590,655,2.43,17,031,160602,3,170311606023
28,31,0,31,28,0,0,53,27,100,34,82,36,7,9,30,1608,496,3.24,17,031,160502,3,170311605023
35,8,0,0,0,0,22,13,44,29,0,24,52,0,22,0,896,249,3.59,17,031,160502,1,170311605021
17,13,12,11,21,36,0,12,0,31,5,13,14,11,11,0,583,207,2.82,17,031,840300,1,170318403001
32,0,9,2,17,13,25,8,10,40,45,43,9,24,0,0,1034,277,3.73,17,031,840300,2,170318403002
0,0,25,0,14,0,0,16,0,0,27,52,46,28,66,152,755,426,1.77,17,031,081300,6,170310813006
93,0,20,36,30,21,0,0,0,12,139,40,15,14,72,52,840,544,1.54,17,031,030800,3,170310308003
0,0,7,8,26,0,0,8,44,15,35,47,14,32,27,6,824,269,3.06,17,031,804710,4,170318047104
0,0,0,0,11,17,46,15,14,11,30,58,46,82,74,43,1074,447,2.09,17,031,030800,2,170310308002
13,27,0,75,27,13,0,0,0,101,62,12,44,28,32,124,1300,558,2.33,17,031,030800,4,170310308004
0,0,8,0,44,0,13,0,0,14,52,33,36,15,67,88,1116,370,3.02,17,031,050500,4,170310505004
46,0,17,0,0,0,0,0,0,28,36,23,83,14,22,73,585,342,1.71,17,031,050500,3,170310505003
0,0,0,13,0,13,0,65,16,41,26,179,0,40,13,64,1215,470,2.59,17,031,050500,5,170310505005
0,53,45,55,38,0,0,0,16,6,67,97,0,21,0,0,1765,398,4.43,17,031,630400,1,170316304001
58,9,0,41,36,51,6,23,0,37,26,54,15,0,17,0,1661,373,4.45,17,031,630400,2,170316304002
11,35,4,2,0,9,0,18,0,13,38,6,0,0,2,0,511,138,3.7,17,031,670300,1,170316703001
99,17,0,21,0,0,0,0,0,26,0,0,25,0,0,8,418,196,2.12,17,031,681000,3,170316810003
241,66,55,0,14,32,10,32,15,39,0,0,0,8,0,0,1259,512,2.46,17,031,681000,4,170316810004
45,0,17,74,60,26,0,44,6,0,59,8,12,0,0,0,852,351,2.43,17,031,710200,2,170317102002
57,44,32,71,9,8,24,24,33,15,18,38,0,0,0,0,1271,373,3.41,17,031,710200,3,170317102003
7,21,12,0,112,0,7,7,0,46,10,0,13,0,9,0,962,244,3.94,17,031,710200,4,170317102004
12,0,6,11,73,72,13,46,117,14,59,160,177,112,0,80,2761,952,2.9,17,031,804701,4,170318047014
0,0,0,0,29,4,4,9,13,0,34,42,38,29,69,30,975,301,3.24,17,031,804706,2,170318047062
8,4,15,36,29,9,0,8,11,23,22,76,78,44,52,32,1531,447,3.43,17,031,804706,1,170318047061
27,22,38,22,0,35,0,8,50,0,43,25,0,0,0,0,795,270,2.94,17,031,814100,3,170318141003
16,14,45,105,13,38,90,42,0,72,7,94,0,37,12,0,2561,585,4.38,17,031,814100,1,170318141001
32,39,4,37,23,23,17,0,10,35,0,64,9,0,13,0,804,306,2.63,17,031,291600,1,170312916001
117,19,58,24,0,8,5,18,0,10,0,20,18,3,0,0,1229,300,4.08,17,031,292400,1,170312924001
38,40,11,21,43,53,15,20,20,24,19,15,0,12,0,6,895,337,2.66,17,031,292400,2,170312924002
24,15,0,24,57,8,7,8,29,45,24,88,71,62,0,0,1259,462,2.69,17,031,801607,2,170318016072
13,27,15,31,17,6,5,13,9,34,99,105,73,23,57,33,1421,560,2.53,17,031,750400,1,170317504001
17,0,5,6,0,15,0,0,0,0,15,20,11,17,27,252,1123,385,2.92,17,031,800400,3,170318004003
0,0,0,0,0,0,7,0,0,0,16,29,24,7,37,245,1099,365,3.01,17,031,800400,1,170318004001
9,24,0,0,0,0,0,19,10,9,43,16,20,5,94,39,860,288,2.96,17,031,802100,2,170318021002
0,0,24,13,8,30,12,27,9,24,42,106,33,26,65,189,1764,608,2.9,17,031,802100,3,170318021003
43,15,24,9,43,0,0,23,13,17,0,32,15,0,0,0,972,234,4.15,17,031,835000,5,170318350005
85,22,16,37,91,17,0,40,0,16,10,0,0,0,0,0,1091,334,3.27,17,031,835000,2,170318350002
9,0,48,34,27,13,0,10,24,47,31,26,36,4,34,0,693,343,2.02,17,031,839800,1,170318398001
22,35,45,9,57,38,23,30,6,45,33,57,44,11,34,0,1114,489,2.26,17,031,839800,2,170318398002
92,48,10,48,32,100,39,27,13,36,66,99,33,8,7,44,2018,702,2.87,17,031,839700,3,170318397003
27,53,23,26,39,96,42,0,35,51,48,109,0,25,8,0,1518,582,2.61,17,031,839700,2,170318397002
6,30,0,0,8,8,28,28,0,30,37,42,16,23,32,0,731,288,2.53,17,031,839900,4,170318399004
40,19,14,37,4,0,10,26,28,7,13,20,25,15,34,8,666,300,2.22,17,031,839900,3,170318399003
67,32,0,15,6,20,0,9,53,3,61,86,23,67,7,10,1028,459,2.24,17,031,839900,2,170318399002
19,22,82,33,45,49,23,15,25,56,108,22,45,21,21,15,1871,601,3.11,17,031,835200,1,170318352001
70,9,40,20,49,44,13,5,15,20,0,28,0,5,16,0,1190,334,3.56,17,031,833900,1,170318339001
155,41,16,72,0,0,19,7,10,22,64,33,87,21,8,8,1127,563,2.0,17,031,836600,2,170318366002
15,34,0,0,31,0,113,0,0,40,78,47,19,0,0,13,1299,390,3.3,17,031,836600,1,170318366001
0,19,79,22,0,28,44,7,25,80,56,45,0,0,11,0,1231,416,2.96,17,031,803606,4,170318036064
27,112,46,70,86,54,83,68,57,108,110,229,0,0,18,0,3377,1068,3.16,17,031,803606,3,170318036063
332,52,0,57,27,88,23,30,0,77,0,46,0,12,26,18,1465,788,1.61,17,031,809400,4,170318094004
146,72,65,8,11,24,0,11,22,0,59,9,7,0,0,27,767,461,1.66,17,031,836400,1,170318364001
35,6,0,17,13,0,4,22,10,20,39,7,15,0,0,0,477,188,2.54,17,031,836500,2,170318365002
142,45,38,54,20,26,28,5,0,42,20,51,10,16,20,0,748,517,1.45,17,031,839600,1,170318396001
7,11,0,0,0,0,39,7,8,5,10,31,47,18,49,29,749,261,2.87,17,031,840000,2,170318400002
41,29,48,23,38,44,15,31,19,33,70,15,36,9,0,18,1383,469,2.86,17,031,837800,2,170318378002
101,62,73,12,0,8,0,3,24,25,0,0,0,0,0,0,578,308,1.88,17,031,838600,1,170318386001
61,17,4,0,24,0,0,0,4,0,0,36,0,0,0,0,826,146,4.31,17,031,838600,2,170318386002
80,38,34,11,63,17,0,15,0,6,34,30,6,0,10,0,982,344,2.85,17,031,837300,1,170318373001
69,18,6,26,29,0,0,0,20,24,58,34,15,0,0,0,840,299,2.81,17,031,836900,1,170318369001
23,23,9,14,11,0,10,27,0,30,10,5,6,17,0,0,713,185,3.85,17,031,836900,2,170318369002
46,18,78,11,31,0,36,0,0,21,77,73,34,22,39,0,1281,486,2.64,17,031,824123,4,170318241234
21,11,0,12,67,80,10,51,43,74,71,142,49,30,101,13,2541,775,3.28,17,031,824123,2,170318241232
18,13,0,14,24,33,65,12,23,91,92,136,40,80,151,26,2384,818,2.91,17,031,824123,3,170318241233
0,36,0,29,28,13,27,39,23,13,68,129,131,61,129,76,2275,802,2.84,17,031,824117,3,170318241173
11,18,0,0,0,12,13,0,0,35,187,176,192,71,226,149,4100,1090,3.76,17,031,824117,2,170318241172
18,23,12,0,14,17,0,65,10,99,74,52,51,18,81,38,1266,572,2.21,17,031,824117,4,170318241174
24,16,0,0,47,42,8,39,16,39,140,125,116,107,43,17,2203,779,2.83,17,031,825304,2,170318253042
0,11,0,55,85,63,42,12,0,98,81,151,136,89,97,12,2740,932,2.94,17,031,824122,2,170318241222
27,14,0,22,12,41,34,18,42,50,105,104,151,39,52,40,1704,751,2.27,17,031,824122,1,170318241221
18,20,0,0,9,19,19,79,10,60,112,130,135,37,22,0,1616,670,2.41,17,031,824121,2,170318241212
46,0,15,43,0,0,13,23,14,46,25,78,45,45,213,56,2216,662,3.35,17,031,824113,2,170318241132
26,0,49,0,0,17,19,14,6,31,49,68,47,77,26,90,1689,519,3.25,17,031,824006,1,170318240061
0,8,0,0,13,4,22,0,22,142,58,89,136,92,47,143,2454,776,3.16,17,031,824006,2,170318240062
28,27,16,42,5,0,44,29,40,21,59,67,47,17,58,113,1116,613,1.81,17,031,831900,2,170318319002
0,13,10,13,26,9,7,7,0,19,62,61,26,27,42,0,919,322,2.85,17,031,830900,3,170318309003
0,0,12,13,0,11,0,25,41,28,52,58,0,39,37,0,872,316,2.75,17,031,818500,4,170318185004
15,43,0,4,8,37,24,0,0,0,16,49,62,12,19,16,638,305,2.08,17,031,390200,2,170313902002
0,29,39,28,12,0,44,0,13,44,72,21,33,16,17,21,1265,389,3.25,17,031,807600,1,170318076001
12,0,29,41,24,0,16,20,0,26,86,69,0,0,19,0,1183,342,3.44,17,031,807600,4,170318076004
0,15,11,0,0,45,39,0,12,23,21,67,20,0,18,0,927,271,3.42,17,031,807600,3,170318076003
119,31,29,39,5,10,32,14,16,15,54,108,16,19,18,0,1329,525,2.47,17,031,400300,1,170314003001
81,52,49,28,96,12,26,0,17,29,5,15,6,10,0,0,1329,426,3.12,17,031,400500,1,170314005001
22,8,8,20,6,20,21,16,0,32,82,70,4,11,0,0,1124,320,3.51,17,031,620300,3,170316203003
23,0,0,23,0,40,18,18,8,24,44,20,13,7,0,0,888,238,3.7,17,031,620300,1,170316203001
12,53,25,24,30,40,21,0,26,4,14,38,26,0,0,0,989,313,3.16,17,031,620300,2,170316203002
9,19,16,19,8,0,0,0,12,45,33,56,35,18,7,0,1022,277,3.69,17,031,620300,5,170316203005
0,13,66,30,13,8,97,12,0,18,0,77,24,31,0,0,1628,389,4.19,17,031,620400,1,170316204001
9,7,8,32,0,4,60,18,14,34,47,0,11,0,0,0,953,244,3.91,17,031,620400,3,170316204003
27,100,20,46,83,31,15,14,18,43,54,71,24,15,0,0,2217,561,3.95,17,031,630200,1,170316302001
21,14,0,16,33,10,0,0,38,0,36,11,0,22,0,0,717,201,3.57,17,031,580700,1,170315807001
25,31,48,25,0,33,66,0,44,11,109,5,24,0,0,0,1584,421,3.76,17,031,590600,2,170315906002
8,35,16,20,18,16,9,0,0,35,23,89,0,8,4,9,800,290,2.76,17,031,590600,3,170315906003
5,18,45,31,39,0,7,14,5,22,67,36,8,9,11,0,785,317,2.48,17,031,600700,1,170316007001
146,35,96,39,4,79,51,33,6,34,45,56,8,0,0,11,1415,643,2.2,17,031,600700,2,170316007002
15,28,0,37,15,62,14,0,23,44,102,30,0,41,16,0,1213,427,2.56,17,031,806002,4,170318060024
0,94,15,28,12,48,0,45,0,41,140,109,0,29,20,0,1388,581,2.39,17,031,806002,5,170318060025
86,77,16,34,45,45,14,0,43,0,87,73,11,0,12,0,1244,543,2.27,17,031,806003,6,170318060036
0,0,0,77,58,29,30,13,0,26,138,162,27,0,36,0,1480,596,2.48,17,031,806003,5,170318060035
16,0,0,43,14,0,53,68,17,217,0,23,56,0,11,0,1716,518,3.31,17,031,806003,2,170318060032
8,6,13,13,0,28,0,6,49,58,16,45,13,69,28,22,1314,374,3.51,17,031,806400,2,170318064002
4,14,23,10,4,10,11,50,13,29,67,34,0,14,20,8,1076,311,3.44,17,031,806501,1,170318065011
36,16,18,0,0,39,0,17,0,14,67,51,48,26,0,0,1085,332,3.27,17,031,750600,1,170317506001
33,22,8,35,29,32,7,0,9,9,66,9,8,0,0,0,629,267,2.36,17,031,750600,4,170317506004
0,34,9,15,43,0,0,46,0,0,87,29,0,33,0,0,959,296,3.24,17,031,750600,2,170317506002
20,25,42,4,28,12,0,5,0,21,42,34,39,44,0,7,831,323,2.57,17,031,310200,1,170313102001
113,30,22,38,44,0,31,10,29,0,31,0,0,0,0,8,1275,356,3.58,17,031,691200,1,170316912001
88,10,31,31,24,5,9,3,58,16,31,57,27,16,0,0,830,406,2.04,17,031,691200,2,170316912002
14,55,34,17,0,0,16,0,45,39,76,84,105,61,98,8,2267,652,3.48,17,031,700100,1,170317001001
185,101,55,133,13,35,19,28,20,0,36,0,62,0,16,0,1525,703,2.11,17,031,010100,2,170310101002
61,48,41,48,95,197,17,34,21,47,157,161,173,27,13,0,2243,1140,1.88,17,031,010100,3,170310101003
0,14,36,110,62,30,18,99,0,58,14,33,15,0,55,13,1487,557,2.67,17,031,811600,2,170318116002
33,27,59,15,57,76,41,55,14,14,77,51,26,13,0,0,1196,558,2.13,17,031,811600,4,170318116004
14,0,0,0,71,63,62,17,50,53,110,88,48,12,12,14,1859,614,3.03,17,031,811600,3,170318116003
8,12,26,16,18,8,0,9,47,39,23,89,98,64,32,0,2042,489,3.67,17,031,811800,2,170318118002
15,0,15,0,25,27,39,0,6,21,24,110,39,49,16,0,1364,386,3.53,17,031,811800,4,170318118004
0,18,15,16,28,33,0,27,11,29,82,46,20,9,12,0,1029,346,2.97,17,031,811800,3,170318118003
0,8,19,0,0,0,10,20,19,11,61,91,9,13,38,0,1126,299,3.77,17,031,811800,1,170318118001
0,13,0,0,26,40,0,46,0,49,124,8,11,0,0,0,876,317,2.75,17,031,814400,4,170318144004
0,62,0,23,0,49,0,0,0,34,51,63,11,29,0,0,1242,322,3.86,17,031,814400,1,170318144001
13,0,21,98,47,49,22,44,35,11,0,91,8,0,0,0,1676,439,3.82,17,031,814400,5,170318144005
0,32,0,0,0,12,0,0,0,38,20,48,0,0,0,0,544,150,3.63,17,031,814400,6,170318144006
22,0,10,0,20,80,23,0,0,0,8,219,27,0,21,0,1724,430,4.01,17,031,814400,3,170318144003
60,6,0,37,0,11,35,0,29,46,49,45,68,18,70,78,1429,552,2.41,17,031,071100,2,170310711002
0,7,33,0,0,14,0,0,6,0,57,53,42,81,13,196,1503,502,2.32,17,031,071100,1,170310711001
154,64,52,27,0,62,0,53,13,53,97,96,104,104,60,80,1817,1019,1.52,17,031,071400,2,170310714002
0,0,0,0,0,0,53,0,12,35,0,23,87,70,17,0,1019,297,3.36,17,031,750500,2,170317505002
8,0,0,0,5,7,0,7,4,18,0,15,47,42,75,223,1396,451,3.1,17,031,800100,2,170318001002
0,9,0,0,0,0,0,10,8,0,0,55,18,11,38,153,997,302,3.29,17,031,801300,3,170318013003
18,8,8,8,8,0,0,9,10,69,38,66,17,30,8,141,1248,438,2.85,17,031,801300,2,170318013002
21,28,19,0,0,8,0,20,24,9,40,86,17,13,112,140,1460,537,2.57,17,031,801300,4,170318013004
42,32,96,55,91,122,40,21,49,65,183,143,22,69,10,0,1772,1040,1.68,17,031,803901,1,170318039011
23,17,17,38,0,0,0,0,28,0,52,69,40,20,82,134,1501,520,2.89,17,031,804106,3,170318041063
16,13,62,0,0,0,0,17,0,44,28,85,94,69,82,207,1881,717,2.62,17,031,804106,1,170318041061
10,0,10,10,41,9,11,0,21,7,75,83,53,0,13,22,834,365,2.28,17,031,050100,1,170310501001
21,0,12,8,0,7,0,0,0,8,10,38,32,16,78,146,959,376,2.55,17,031,062100,1,170310621001
27,0,11,94,0,41,46,16,31,54,40,11,8,24,8,0,1580,411,3.84,17,031,620100,3,170316201003
17,7,0,0,0,99,30,55,50,6,33,57,53,13,9,0,1768,429,4.12,17,031,620100,2,170316201002
35,51,37,46,31,15,18,0,18,26,6,79,0,19,0,0,1426,381,3.74,17,031,630800,3,170316308003
26,16,26,26,72,90,16,21,19,9,61,54,17,17,0,0,1995,470,4.24,17,031,630800,1,170316308001
71,0,16,14,0,15,0,73,23,60,64,56,33,0,0,0,2544,425,5.99,17,031,630800,2,170316308002
13,12,38,20,19,26,7,0,9,55,32,14,26,12,0,0,858,283,3.03,17,031,640700,3,170316407003
17,18,28,27,31,41,25,42,44,35,59,35,16,0,10,0,2062,428,4.82,17,031,813900,1,170318139001
27,0,36,13,54,34,0,41,0,23,31,0,19,16,0,0,1100,294,3.74,17,031,813900,3,170318139003
23,33,6,45,16,0,17,40,9,40,68,65,8,0,19,0,1076,389,2.77,17,031,814600,1,170318146001
26,0,13,10,23,0,33,10,18,9,9,56,31,52,0,0,977,290,3.37,17,031,814600,2,170318146002
30,95,87,0,48,55,12,25,14,62,38,40,37,36,15,0,1711,594,2.88,17,031,815200,5,170318152005
0,0,0,0,0,0,0,0,0,0,0,0,0,0,0,0,0,0,-666666666.0,17,031,060900,2,170310609002
0,0,32,42,38,23,69,0,36,51,92,97,83,15,0,0,756,578,1.31,17,031,060900,1,170310609001
11,0,0,9,0,0,7,34,0,37,10,32,26,36,91,75,1111,368,3.02,17,031,803005,1,170318030051
66,43,44,17,28,45,25,91,34,75,90,123,19,40,29,32,1633,801,2.04,17,031,803005,2,170318030052
8,43,60,0,79,54,20,0,53,46,97,88,110,15,124,20,1477,817,1.79,17,031,803300,3,170318033003
153,95,82,19,11,21,5,0,13,4,0,0,0,0,0,0,1066,403,2.65,17,031,340600,1,170313406001
161,66,22,55,54,13,41,17,29,34,34,29,1,41,35,13,1734,645,2.69,17,031,340300,1,170313403001
30,0,46,0,56,0,17,31,12,22,47,29,31,30,26,0,1011,377,2.68,17,031,351000,1,170313510001
32,22,0,0,14,78,51,105,47,69,38,37,64,0,0,0,817,557,1.47,17,031,351000,2,170313510002
183,92,47,108,38,29,56,19,39,134,273,128,16,0,41,0,2194,1203,1.82,17,031,351000,3,170313510003
0,18,34,14,59,8,13,7,39,55,31,52,5,9,38,15,1498,397,2.56,17,031,806801,2,170318068012
5,13,17,13,11,26,11,17,8,12,12,47,11,67,46,3,745,319,2.34,17,031,805702,2,170318057022
0,12,8,19,0,10,9,0,5,18,51,85,25,26,62,77,1154,407,2.82,17,031,805702,1,170318057021
88,30,33,0,17,47,0,4,6,23,18,57,6,0,24,9,831,362,2.18,17,031,806801,1,170318068011
0,0,0,10,8,8,0,30,0,23,92,33,37,67,15,34,971,357,2.72,17,031,806801,3,170318068013
62,0,0,13,0,17,0,0,18,32,147,38,69,0,16,0,1430,412,3.47,17,031,804804,3,170318048043
36,42,43,57,78,42,23,15,0,86,0,170,84,0,50,0,3033,726,4.18,17,031,805105,1,170318051051
33,0,35,30,0,12,13,13,12,81,133,77,100,0,15,0,1209,554,2.18,17,031,805105,2,170318051052
0,0,0,26,12,0,25,49,11,0,59,50,0,47,15,12,860,306,2.81,17,031,805108,3,170318051083
0,12,11,0,21,11,0,23,74,0,115,40,60,11,12,0,900,390,2.31,17,031,805108,4,170318051084
12,13,0,22,22,14,54,48,52,73,148,138,60,38,76,15,2009,785,2.56,17,031,805108,2,170318051082
26,0,39,0,0,0,0,47,13,0,39,51,58,17,72,93,1408,455,3.09,17,031,805701,3,170318057013
32,23,8,8,49,9,36,28,34,60,104,172,12,17,0,28,1210,620,1.95,17,031,805701,4,170318057014
8,95,77,55,0,30,32,0,30,74,23,48,9,0,9,0,1862,490,3.8,17,031,292500,2,170312925002
19,9,19,73,45,11,0,7,0,17,37,0,30,0,0,0,1040,267,3.9,17,031,292500,1,170312925001
18,5,0,7,0,0,10,0,0,23,14,0,0,16,0,0,246,93,2.65,17,031,292500,4,170312925004
58,0,13,27,0,12,0,52,13,36,55,115,116,50,141,132,1201,820,1.46,17,031,071500,2,170310715002
0,14,0,14,13,13,13,12,0,13,98,92,55,34,50,197,873,618,1.41,17,031,071500,1,170310715001
60,21,16,16,18,23,0,18,0,23,5,42,24,9,27,84,826,386,2.14,17,031,390600,1,170313906001
50,0,8,6,17,14,10,18,5,73,39,57,29,50,12,91,1150,479,2.39,17,031,390600,2,170313906002
36,62,14,0,4,11,43,0,22,0,34,65,129,26,0,22,1074,468,2.29,17,031,807000,2,170318070002
15,0,10,0,0,0,56,0,0,43,0,35,50,21,52,43,1204,325,3.7,17,031,807000,3,170318070003
195,23,56,60,25,95,61,37,9,118,200,70,18,46,13,32,1959,1058,1.83,17,031,410700,1,170314107001
25,14,0,82,27,0,121,13,14,53,13,67,16,18,0,28,1164,491,2.12,17,031,808301,1,170318083011
13,0,16,0,14,26,10,14,14,59,70,56,70,14,14,16,1003,406,2.47,17,031,808301,4,170318083014
0,0,11,0,0,0,20,0,9,27,31,66,22,0,65,113,1271,364,3.48,17,031,720100,1,170317201001
32,0,40,17,3,12,0,57,36,19,28,59,23,55,47,0,828,428,1.92,17,031,720200,1,170317202001
41,11,0,30,9,28,28,9,31,25,8,64,45,23,29,0,1146,381,3.01,17,031,720200,2,170317202002
10,4,0,6,0,6,0,5,5,0,46,51,72,29,28,21,746,283,2.64,17,031,720400,1,170317204001
6,0,0,0,18,28,6,9,22,20,61,89,27,62,54,39,1228,441,2.77,17,031,720400,2,170317204002
10,55,9,41,0,61,54,33,8,104,65,100,46,26,58,47,1445,717,2.02,17,031,720700,1,170317207001
20,0,20,0,0,10,21,0,0,47,30,24,32,9,37,19,623,269,2.32,17,031,720700,3,170317207003
36,34,22,39,23,0,0,38,12,14,0,117,21,26,12,16,1254,410,3.06,17,031,140400,4,170311404004
0,0,11,82,59,0,35,30,0,21,48,66,0,33,49,0,1432,434,3.3,17,031,140400,1,170311404001
41,67,46,73,36,17,27,21,96,65,50,83,29,55,20,35,1901,761,2.5,17,031,840000,1,170318400001
46,17,11,15,6,17,0,9,0,9,13,10,5,0,0,8,399,166,2.4,17,031,835600,2,170318356002
0,0,11,10,0,10,22,66,18,11,18,119,81,99,42,146,1503,653,2.3,17,031,831900,1,170318319001
0,0,12,14,56,18,0,0,51,17,5,84,43,9,46,16,1127,371,3.04,17,031,805111,1,170318051111
13,11,0,44,15,55,40,0,68,27,72,0,0,0,0,0,1322,345,3.83,17,031,805111,4,170318051114
0,8,0,20,14,0,17,14,0,68,10,194,24,0,0,0,844,369,2.29,17,031,805111,6,170318051116
8,0,0,0,0,5,0,0,12,41,18,72,35,23,6,25,868,245,3.54,17,031,805111,2,170318051112
41,51,25,37,119,25,34,38,35,143,144,146,27,95,0,12,2550,972,2.62,17,031,805111,3,170318051113
42,26,47,42,17,39,73,24,9,62,86,65,146,10,33,38,1579,759,2.06,17,031,805901,2,170318059012
17,9,9,28,34,9,16,29,11,29,51,110,65,62,76,70,1599,625,2.47,17,031,805901,1,170318059011
0,18,18,0,7,12,32,8,9,15,55,56,16,27,55,19,890,347,2.56,17,031,805901,3,170318059013
41,0,69,43,59,48,107,95,77,91,84,106,80,15,25,10,2570,950,2.53,17,031,806002,2,170318060022
0,29,12,0,41,0,30,28,0,13,108,103,0,14,95,13,1708,486,3.51,17,031,806002,3,170318060023
0,46,51,16,37,29,0,0,0,40,0,57,0,0,0,0,883,276,3.2,17,031,806002,1,170318060021
0,38,22,21,22,37,20,0,9,12,26,56,10,0,0,0,830,273,3.04,17,031,250700,3,170312507003
75,58,97,20,35,25,46,22,0,24,35,13,18,0,0,10,1403,478,2.94,17,031,250700,4,170312507004
11,9,0,7,18,0,16,28,25,88,135,263,131,82,165,344,2929,1322,2.22,17,031,330200,2,170313302002
225,122,14,30,47,13,14,23,0,71,30,130,37,34,11,9,1688,810,2.08,17,031,340500,1,170313405001
0,0,0,0,0,0,0,0,0,0,0,0,0,0,0,0,0,0,-666666666.0,17,031,351500,1,170313515001
239,32,50,81,19,45,18,0,36,0,0,0,0,7,0,0,1013,527,1.92,17,031,390300,1,170313903001
202,11,42,21,17,20,36,8,9,21,20,0,0,0,0,0,986,407,2.42,17,031,400800,1,170314008001
127,25,45,78,80,10,47,0,0,20,45,34,47,0,30,15,1258,603,2.04,17,031,410800,1,170314108001
161,65,0,32,39,85,18,62,49,87,138,109,20,37,43,20,1943,965,2.01,17,031,410800,2,170314108002
0,70,0,24,24,0,0,50,0,0,0,0,16,0,0,34,475,218,2.18,17,031,430200,1,170314302001
0,0,0,0,24,0,49,42,0,0,68,15,0,0,9,45,576,252,2.29,17,031,430200,2,170314302002
9,0,35,0,31,9,0,11,28,73,10,151,86,7,22,9,1429,481,2.97,17,031,829200,1,170318292001
85,18,10,41,0,65,29,24,36,115,160,164,36,37,0,20,2261,840,2.66,17,031,829301,2,170318293012
245,60,62,17,61,37,60,31,38,26,0,21,8,3,0,0,1616,669,2.42,17,031,360200,1,170313602001
41,11,9,25,0,4,0,0,20,19,13,0,0,0,0,0,398,142,2.8,17,031,834800,1,170318348001
82,0,18,0,16,9,0,0,0,9,46,24,0,0,0,0,856,204,4.2,17,031,834800,3,170318348003
44,15,13,0,5,25,10,7,22,6,14,54,37,18,20,16,846,306,2.76,17,031,839800,3,170318398003
0,59,0,10,62,52,18,19,75,73,9,0,54,0,0,0,1830,431,4.25,17,031,301701,2,170313017012
4,0,0,20,0,11,19,12,0,57,119,117,86,0,63,0,1401,508,2.76,17,031,831800,5,170318318005
101,23,29,9,12,10,6,9,8,14,19,51,13,17,26,20,916,367,2.5,17,031,838300,1,170318383001
7,21,9,21,8,55,7,0,11,35,23,21,13,4,4,0,590,239,1.87,17,031,838300,2,170318383002
22,37,16,31,21,52,5,8,14,32,67,142,138,66,119,109,1975,879,2.24,17,031,832300,1,170318323001
9,25,10,28,14,8,33,20,52,61,66,88,137,53,163,194,2098,961,2.18,17,031,832600,3,170318326003
20,0,0,9,18,0,7,28,7,8,41,49,22,35,91,127,992,462,2.14,17,031,832600,2,170318326002
57,26,17,9,0,32,18,5,0,33,70,66,30,44,53,244,2257,704,2.51,17,031,832500,2,170318325002
28,37,9,58,41,17,33,40,49,20,54,111,79,82,127,156,2181,941,2.3,17,031,832000,1,170318320001
27,0,13,24,0,16,0,14,0,91,69,81,39,36,0,37,623,447,1.39,17,031,061901,1,170310619011
71,132,28,6,7,0,42,17,0,37,0,12,7,0,8,0,760,367,1.93,17,031,030104,2,170310301042
118,51,7,0,58,0,226,94,6,67,108,56,17,40,16,0,2928,864,1.54,17,031,030104,1,170310301041
184,102,40,25,49,0,24,41,90,79,0,45,9,0,0,0,1143,688,1.64,17,031,030101,3,170310301013
11,0,18,2,33,27,56,12,0,59,182,167,41,33,66,62,1273,769,1.66,17,031,030101,4,170310301014
24,54,37,34,43,28,51,15,45,41,122,136,50,0,0,32,1474,712,2.07,17,031,802609,3,170318026093
31,0,0,37,31,0,0,0,0,0,42,73,0,0,0,0,808,214,3.78,17,031,802609,2,170318026092
131,23,9,11,6,0,0,21,6,0,0,15,0,10,0,0,770,232,3.32,17,031,292200,1,170312922001
43,24,0,16,20,27,11,24,5,23,10,11,30,0,0,0,780,244,3.2,17,031,292200,3,170312922003
119,41,32,15,62,0,6,21,17,15,49,5,10,0,15,0,1316,407,3.23,17,031,292200,2,170312922002
0,0,28,10,41,9,0,15,19,14,0,42,23,10,0,0,959,211,4.55,17,031,660400,3,170316604003
110,35,70,45,19,0,42,54,39,36,64,35,0,0,6,0,1877,555,3.38,17,031,660400,2,170316604002
16,26,25,25,18,41,33,6,0,6,58,76,0,7,7,0,1561,344,4.53,17,031,660400,4,170316604004
51,32,8,0,27,20,37,14,0,0,17,17,0,0,0,9,714,232,3.08,17,031,660800,1,170316608001
82,0,23,48,41,0,38,0,0,63,50,95,0,15,0,0,1510,455,3.32,17,031,660800,2,170316608002
41,75,39,16,6,28,36,0,0,33,28,51,0,0,0,0,1516,353,4.29,17,031,660800,3,170316608003
42,15,64,60,27,34,43,87,0,45,37,32,33,0,7,0,1958,526,3.72,17,031,660800,5,170316608005
18,39,0,0,8,40,31,8,0,17,16,29,30,0,0,0,819,236,3.47,17,031,660800,4,170316608004
8,19,7,29,24,27,4,0,0,6,20,3,12,0,0,0,550,159,3.46,17,031,671300,2,170316713002
24,0,40,38,31,29,22,5,28,36,5,29,48,0,0,0,1252,335,3.73,17,031,671300,1,170316713001
15,39,16,0,14,41,74,31,16,50,98,89,107,101,44,11,2153,746,2.89,17,031,825302,3,170318253023
0,58,51,14,0,50,17,98,40,97,20,64,60,59,39,0,1640,667,2.46,17,031,825302,2,170318253022
166,0,17,48,35,75,7,17,41,53,88,65,35,0,0,0,2315,647,3.58,17,031,826500,1,170318265001
48,48,81,0,0,24,14,26,39,66,51,22,50,23,21,0,1825,513,3.56,17,031,826500,3,170318265003
10,0,0,0,8,12,0,7,0,8,11,66,6,0,0,10,537,138,3.86,17,031,826500,2,170318265002
129,67,17,0,52,14,49,29,0,63,40,51,0,40,0,0,1585,551,2.88,17,031,826700,1,170318267001
33,10,10,0,41,85,10,18,0,48,10,50,78,0,0,0,1174,393,2.99,17,031,826700,4,170318267004
50,29,50,11,52,24,0,0,26,18,43,16,0,10,0,0,940,329,2.86,17,031,827100,2,170318271002
27,44,16,17,41,38,30,16,61,16,43,53,9,0,11,0,1526,422,3.62,17,031,823500,2,170318235002
24,11,59,24,0,10,33,20,8,96,75,62,31,28,11,10,1341,502,2.67,17,031,823500,1,170318235001
6,31,0,11,23,9,71,53,0,26,54,73,38,22,0,10,1449,427,3.33,17,031,823500,3,170318235003
24,56,38,9,22,14,11,23,10,51,48,26,79,15,13,19,995,458,2.17,17,031,821800,4,170318218004
49,0,10,0,0,14,10,0,48,18,10,62,37,25,58,7,956,348,2.73,17,031,821800,1,170318218001
10,0,0,0,9,0,0,7,9,36,17,98,0,75,71,13,1244,345,3.61,17,031,821800,5,170318218005
0,0,11,0,12,35,8,0,27,14,0,56,22,91,32,23,912,331,2.76,17,031,821800,6,170318218006
30,39,14,70,29,44,7,11,33,79,44,48,69,30,36,41,1776,624,2.85,17,031,823400,4,170318234004
0,0,40,84,39,13,0,8,6,0,27,18,0,10,0,0,772,245,3.15,17,031,823400,3,170318234003
16,17,69,78,31,37,46,48,38,26,79,30,83,30,32,26,1761,686,2.51,17,031,823702,3,170318237023
15,53,41,14,51,112,106,65,0,164,51,0,102,11,8,12,1643,805,2.04,17,031,823702,1,170318237021
102,46,44,0,57,56,0,0,12,0,20,20,10,0,0,0,521,367,1.42,17,031,491400,1,170314914001
81,36,22,39,37,27,10,10,17,42,90,24,0,26,11,0,1370,472,2.86,17,031,491400,3,170314914003
22,42,116,15,22,11,74,14,0,70,95,176,46,0,70,0,1967,773,2.54,17,031,550200,1,170315502001
87,15,27,28,23,19,49,37,0,10,0,129,17,0,15,16,1741,472,3.42,17,031,827400,2,170318274002
178,63,77,19,28,33,20,13,34,0,0,52,58,35,0,0,1638,610,2.58,17,031,827400,4,170318274004
58,34,0,66,0,0,0,13,48,38,130,55,33,12,0,11,1255,498,2.51,17,031,150300,2,170311503002
0,37,47,26,0,35,0,0,120,18,33,26,98,22,25,13,1340,500,2.68,17,031,150300,7,170311503007
20,48,40,28,0,26,14,0,15,13,63,68,24,42,27,0,934,428,2.18,17,031,151200,3,170311512003
18,15,19,10,18,26,48,7,11,44,70,51,0,28,0,0,1152,365,3.14,17,031,151200,1,170311512001
7,41,3,0,0,0,9,34,0,38,44,82,0,13,3,0,959,274,3.5,17,031,160200,2,170311602002
48,9,0,16,30,0,7,0,16,33,29,41,35,29,32,42,910,367,2.48,17,031,813000,2,170318130002
67,26,53,25,59,26,0,0,14,28,8,48,13,0,16,0,1134,383,2.96,17,031,814200,4,170318142004
16,36,10,65,19,19,50,19,30,0,24,70,22,0,0,0,1182,380,3.11,17,031,814200,3,170318142003
17,0,54,16,0,68,0,0,26,17,0,12,0,12,0,0,956,222,4.31,17,031,814200,6,170318142006
17,0,0,0,20,14,32,7,23,8,0,36,0,0,0,0,384,157,2.45,17,031,814200,2,170318142002
0,15,30,31,53,18,17,0,0,48,45,0,25,14,0,0,970,296,3.28,17,031,814200,5,170318142005
22,25,32,0,49,29,37,14,57,25,114,6,0,24,13,24,2182,471,4.62,17,031,814200,1,170318142001
29,51,40,60,25,42,28,16,81,72,54,180,59,67,0,0,2765,804,3.44,17,031,811701,1,170318117011
73,26,51,8,0,0,15,65,9,28,23,0,26,0,0,0,1066,324,3.21,17,031,811701,2,170318117012
130,119,104,92,50,15,55,26,24,30,51,68,30,12,0,9,1527,815,1.86,17,031,816200,1,170318162001
0,0,16,0,23,0,8,0,0,9,70,34,19,23,10,8,622,220,2.83,17,031,816200,2,170318162002
26,7,26,15,19,22,18,17,16,42,58,44,86,30,24,15,1305,465,2.81,17,031,816200,3,170318162003
8,22,0,50,8,0,15,0,0,23,38,25,0,0,8,0,685,197,3.48,17,031,813900,4,170318139004
0,0,24,28,8,28,29,25,16,50,64,47,27,0,8,0,1501,354,4.24,17,031,813900,2,170318139002
42,86,175,37,112,21,69,76,32,80,160,244,194,23,105,130,2659,1586,1.68,17,031,330100,4,170313301004
453,75,72,175,330,160,47,204,150,60,185,313,639,96,312,745,6847,4016,1.7,17,031,330100,3,170313301003
4,18,0,0,0,0,7,9,38,17,51,83,69,56,80,133,1427,565,2.53,17,031,050800,1,170310508001
30,9,23,17,10,27,7,36,5,68,89,76,116,14,55,104,1660,686,2.42,17,031,050900,1,170310509001
8,0,6,12,8,0,0,7,24,27,28,56,122,33,148,115,1400,594,2.36,17,031,051300,2,170310513002
0,13,0,21,0,40,0,0,17,100,0,8,53,53,0,27,657,332,1.98,17,031,063200,2,170310632002
74,36,11,0,170,19,12,32,94,51,140,56,52,20,25,0,1012,792,1.28,17,031,063200,1,170310632001
0,8,52,32,15,0,14,26,27,15,39,9,0,18,0,7,911,262,3.4,17,031,816401,2,170318164012
0,36,39,0,50,36,9,41,0,6,53,61,78,13,10,0,1421,432,3.29,17,031,815200,1,170318152001
0,32,37,14,11,79,0,9,0,6,26,32,46,21,6,0,1173,319,3.68,17,031,816401,1,170318164011
7,24,14,0,22,66,27,8,18,51,60,32,49,0,15,0,1352,393,3.44,17,031,816401,3,170318164013
35,0,18,38,11,38,29,33,57,51,118,121,61,30,35,61,1952,736,2.65,17,031,816800,2,170318168002
0,8,16,0,14,21,24,0,0,40,36,45,23,28,16,0,795,271,2.93,17,031,816800,4,170318168004
22,0,29,33,0,0,0,0,10,20,18,52,9,0,0,0,376,193,1.95,17,031,691000,4,170316910004
43,15,46,104,68,43,10,7,9,64,101,8,7,0,11,0,1861,536,3.47,17,031,814300,1,170318143001
40,47,10,0,0,16,0,16,0,34,27,36,17,22,0,33,950,298,3.19,17,031,691000,2,170316910002
37,21,17,37,0,0,8,45,0,54,16,15,0,0,0,0,530,250,2.12,17,031,691000,3,170316910003
112,25,10,60,0,0,0,16,0,0,57,12,11,0,0,0,686,303,2.26,17,031,710400,2,170317104002
104,21,0,29,20,78,22,0,26,56,18,56,0,14,0,9,1129,453,2.49,17,031,710400,5,170317104005
36,0,0,0,4,0,12,0,14,28,24,0,0,0,44,25,802,187,4.29,17,031,710400,4,170317104004
38,22,29,14,0,23,0,15,0,35,0,78,12,15,0,0,909,281,3.23,17,031,710400,1,170317104001
0,13,9,0,0,0,0,10,0,12,21,29,75,30,22,0,614,221,2.78,17,031,740400,1,170317404001
10,10,0,11,14,7,39,32,0,8,99,43,48,20,10,33,1076,384,2.8,17,031,740400,2,170317404002
150,105,62,14,35,34,70,15,0,45,10,121,118,98,110,108,1830,1095,1.67,17,031,803300,2,170318033002
11,0,23,58,0,31,55,76,25,67,80,193,69,70,74,65,2422,897,2.69,17,031,803300,1,170318033001
0,15,11,0,0,15,30,0,37,0,66,54,48,45,85,106,1455,512,2.84,17,031,803605,1,170318036051
52,17,0,0,0,17,19,11,0,17,16,0,59,65,114,113,1367,500,2.71,17,031,803605,2,170318036052
158,24,0,0,0,12,0,69,0,95,228,176,37,30,43,0,1523,872,1.75,17,031,281900,2,170312819002
13,18,19,43,0,17,0,23,7,46,13,24,86,27,13,11,1129,360,3.14,17,031,811302,1,170318113021
20,0,0,0,0,0,0,0,10,18,77,48,18,48,47,10,741,296,2.5,17,031,812100,2,170318121002
0,0,0,11,0,0,5,18,0,8,24,45,58,22,28,34,725,253,2.87,17,031,812100,4,170318121004
46,11,0,12,8,11,0,10,0,74,20,0,24,25,59,85,1130,385,2.93,17,031,812100,3,170318121003
36,0,31,14,0,30,36,29,0,34,56,11,22,30,11,19,1294,359,3.59,17,031,813500,1,170318135001
19,0,52,0,52,0,0,0,22,105,50,92,108,0,11,13,2503,524,4.78,17,031,813500,4,170318135004
16,31,38,19,38,18,44,24,12,0,50,27,7,9,46,0,1743,379,4.6,17,031,813500,2,170318135002
41,23,0,0,59,58,43,32,39,50,81,53,33,17,0,0,2440,529,4.61,17,031,813600,3,170318136003
34,7,0,15,68,41,32,27,0,69,23,41,34,0,16,0,1776,407,4.36,17,031,813600,2,170318136002
0,15,8,36,6,45,0,6,15,24,29,107,18,8,48,22,1091,387,2.82,17,031,150700,1,170311507001
0,0,7,0,30,24,9,15,11,38,31,35,27,21,32,0,937,280,3.35,17,031,150700,3,170311507003
18,8,14,34,24,43,42,7,0,0,8,13,0,20,0,3,719,234,3.07,17,031,161300,3,170311613003
58,57,0,9,42,24,42,35,27,25,28,32,5,0,7,0,1081,391,2.66,17,031,161300,2,170311613002
75,18,56,34,94,73,66,13,30,37,62,63,33,31,21,0,2062,706,2.87,17,031,210400,1,170312104001
20,15,33,5,28,0,14,6,42,8,36,34,11,0,6,15,1066,273,3.9,17,031,210400,2,170312104002
136,108,93,14,0,0,15,0,16,0,30,94,14,31,56,40,1242,647,1.92,17,031,031200,1,170310312001
124,34,14,26,0,0,24,0,17,38,23,24,0,0,13,17,1200,354,2.54,17,031,031200,2,170310312002
4,8,15,0,4,0,15,25,48,12,54,35,42,24,6,4,1068,296,3.59,17,031,160100,2,170311601002
57,16,0,87,0,52,20,27,24,24,7,62,5,0,27,0,1374,408,3.37,17,031,151100,4,170311511004
7,20,12,19,50,37,9,22,16,63,68,89,48,54,14,10,1651,538,3.07,17,031,151100,1,170311511001
50,14,23,34,20,22,44,0,104,61,70,84,71,19,5,17,1558,638,2.44,17,031,160100,1,170311601001
150,133,109,20,61,30,79,66,22,60,73,8,47,58,0,26,2484,942,2.64,17,031,160400,1,170311604001
16,27,0,55,6,10,15,37,0,39,5,65,27,34,7,12,1088,355,3.06,17,031,160400,3,170311604003
50,43,90,87,0,21,18,0,7,53,101,49,8,32,11,15,1833,585,3.13,17,031,310900,3,170313109003
38,54,0,61,21,45,0,18,36,28,72,56,9,0,11,19,1716,468,3.67,17,031,310900,2,170313109002
92,6,48,35,15,36,0,47,28,17,35,16,25,0,0,0,1366,400,3.39,17,031,291200,2,170312912002
113,52,28,10,12,19,15,21,14,12,18,0,14,5,0,0,1002,333,3.01,17,031,291200,1,170312912001
9,7,20,0,9,7,0,62,9,8,84,70,77,49,17,0,1303,428,3.04,17,031,803902,1,170318039021
0,42,8,19,29,9,28,13,30,67,48,98,186,74,73,55,1995,779,2.56,17,031,804104,2,170318041042
14,10,0,0,0,9,0,0,12,25,17,37,21,64,42,65,877,316,2.78,17,031,804105,3,170318041053
8,12,0,0,14,12,0,0,30,26,49,87,85,57,76,60,1620,516,3.14,17,031,804105,2,170318041052
74,27,32,12,22,0,0,31,0,0,23,14,23,0,16,27,586,301,1.95,17,031,804202,1,170318042021
0,11,11,0,38,23,0,0,37,21,103,95,186,90,85,309,3158,1009,3.13,17,031,804202,2,170318042022
0,0,0,13,28,29,13,25,0,93,23,165,101,207,153,258,3426,1108,3.09,17,031,804202,4,170318042024
48,13,13,0,27,31,43,11,45,158,184,129,114,32,36,293,2075,1177,1.76,17,031,320600,1,170313206001
275,44,50,40,18,0,20,19,12,3,16,11,0,0,0,0,1379,508,2.71,17,031,350400,1,170313504001
35,27,50,67,48,55,29,39,76,23,108,112,42,7,37,9,2213,764,2.9,17,031,804810,4,170318048104
62,0,28,47,0,25,17,22,40,73,87,234,110,32,29,86,2461,892,2.54,17,031,804810,3,170318048103
0,0,24,10,32,25,15,105,0,31,65,86,60,60,20,0,1062,533,1.99,17,031,804810,1,170318048101
0,0,15,11,0,18,0,17,18,13,43,0,50,49,14,33,719,281,2.56,17,031,804901,2,170318049012
14,14,0,43,0,46,13,17,14,81,61,202,97,0,56,93,1849,751,2.46,17,031,804901,1,170318049011
11,0,9,20,0,51,0,0,9,8,26,38,73,30,10,19,893,304,2.94,17,031,805301,1,170318053011
117,0,9,9,18,29,51,18,11,9,0,8,10,0,0,7,689,296,2.33,17,031,805301,3,170318053013
12,0,9,30,0,35,31,36,12,11,61,76,21,53,40,17,1337,444,3.01,17,031,805302,3,170318053023
10,10,11,13,0,8,23,11,15,6,24,36,75,54,28,0,943,324,2.91,17,031,805302,1,170318053021
12,11,0,0,0,10,34,0,71,0,40,40,74,30,57,180,1510,559,2.7,17,031,801800,3,170318018003
13,12,25,0,0,0,11,32,20,42,64,59,45,35,57,47,1181,462,2.56,17,031,801800,4,170318018004
12,0,0,0,0,22,12,21,24,0,53,62,15,58,63,188,1154,530,2.05,17,031,801800,2,170318018002
38,0,0,12,0,24,12,25,10,36,14,28,12,46,36,36,898,329,2.73,17,031,802900,1,170318029001
22,45,0,0,8,0,47,32,0,25,29,206,103,49,53,97,2078,716,2.75,17,031,802702,2,170318027022
0,0,0,16,9,9,0,15,8,43,7,52,35,48,41,80,1012,363,2.79,17,031,803008,2,170318030082
19,9,8,7,47,20,18,17,15,46,50,101,104,57,72,93,1912,683,2.79,17,031,803008,3,170318030083
26,11,16,8,9,28,0,86,8,67,44,64,96,25,66,63,1618,617,2.62,17,031,803008,1,170318030081
10,54,82,55,77,26,28,41,0,83,140,211,104,43,94,78,2889,1126,2.09,17,031,803200,2,170318032002
21,10,0,16,11,26,33,0,39,37,56,104,47,35,111,68,1683,614,2.74,17,031,803200,1,170318032001
21,0,14,0,0,14,0,16,14,0,96,146,13,30,36,201,2122,601,3.53,17,031,803500,4,170318035004
0,0,14,0,0,0,0,0,0,0,35,57,44,78,48,45,983,321,3.06,17,031,803500,2,170318035002
28,0,56,16,0,0,30,0,0,15,44,37,14,0,49,42,721,331,2.13,17,031,803500,1,170318035001
14,54,45,29,14,40,14,28,27,73,47,193,55,15,54,33,1605,735,2.13,17,031,803500,3,170318035003
0,0,0,14,0,0,15,30,0,0,50,0,55,50,54,0,896,268,3.26,17,031,803500,5,170318035005
44,16,15,0,40,17,37,64,11,104,49,14,106,95,93,247,2431,952,2.54,17,031,804102,3,170318041023
0,0,0,0,27,27,13,25,0,29,73,38,64,52,103,322,2038,773,2.54,17,031,804102,2,170318041022
21,0,0,14,13,15,11,15,52,0,24,156,134,57,105,150,2152,767,2.81,17,031,804102,1,170318041021
22,0,18,7,8,0,9,0,7,23,81,72,27,10,0,18,950,302,3.15,17,031,810502,2,170318105022
47,77,57,8,50,56,20,46,63,59,46,88,0,25,12,0,1811,654,2.34,17,031,810502,3,170318105023
0,0,18,0,18,19,6,0,22,39,40,73,50,22,0,0,791,307,2.58,17,031,810502,5,170318105025
23,36,48,36,16,28,36,22,20,37,60,65,6,0,0,16,1175,449,2.62,17,031,810701,3,170318107013
34,31,80,20,22,18,7,0,46,16,34,58,14,41,13,0,1075,434,2.48,17,031,810701,4,170318107014
16,43,41,43,0,35,48,0,46,33,78,39,83,0,8,0,1500,513,2.92,17,031,810701,1,170318107011
14,0,9,7,10,75,8,0,9,6,75,47,81,41,24,8,1641,414,3.96,17,031,810800,3,170318108003
30,13,13,32,8,55,26,89,46,46,47,48,54,12,15,10,1360,544,2.5,17,031,811402,1,170318114021
12,35,10,70,62,19,10,10,9,40,55,82,56,34,56,0,1567,560,2.8,17,031,811402,3,170318114023
0,6,0,11,7,9,52,16,10,34,34,76,37,5,37,17,1047,351,2.98,17,031,811500,3,170318115003
0,40,20,20,7,27,0,36,31,8,86,96,43,46,0,9,1537,469,3.28,17,031,811500,2,170318115002
7,21,71,0,14,27,15,9,12,37,63,169,39,0,23,18,1578,525,3.01,17,031,811500,4,170318115004
0,0,17,10,28,0,14,0,21,19,0,9,28,32,23,252,1293,453,2.85,17,031,811900,3,170318119003
53,9,24,20,8,29,18,77,9,0,29,55,17,1,72,284,2380,705,2.98,17,031,811900,4,170318119004
35,133,11,19,11,17,0,0,14,38,25,17,0,6,8,0,927,334,2.78,17,031,600900,1,170316009001
38,37,7,0,42,22,12,44,21,22,39,33,55,0,0,0,821,372,2.17,17,031,600900,2,170316009002
7,34,9,0,30,0,46,0,27,36,83,14,0,24,45,0,725,355,2.04,17,031,600900,3,170316009003
81,13,39,42,23,50,49,49,128,115,111,36,41,12,11,0,3416,800,4.27,17,031,630300,2,170316303002
86,0,59,0,17,8,14,45,24,68,149,89,0,42,32,11,2069,644,3.21,17,031,828702,2,170318287022
61,47,139,67,133,81,83,37,65,82,82,143,72,15,0,0,2263,1107,2.04,17,031,830001,1,170318300011
22,62,97,95,63,37,48,67,12,25,55,68,27,11,4,0,2916,693,4.2,17,031,191200,1,170311912001
90,19,42,40,31,12,0,15,9,20,37,24,91,0,15,0,1637,445,3.67,17,031,190800,3,170311908003
31,42,0,58,53,0,12,0,43,27,42,71,17,0,20,0,1538,416,3.7,17,031,190800,5,170311908005
25,14,42,51,54,0,25,9,0,0,61,5,27,24,0,0,1205,337,3.58,17,031,190800,1,170311908001
62,45,57,0,24,0,19,0,0,37,2,11,0,0,0,0,818,257,2.66,17,031,252201,2,170312522012
24,48,11,3,21,72,25,33,39,3,25,84,52,8,9,0,1521,457,2.81,17,031,252201,3,170312522013
41,14,13,0,0,12,0,62,0,28,26,51,82,13,0,0,489,342,1.43,17,031,063302,3,170310633023
101,12,73,51,0,81,11,56,26,70,73,48,0,17,71,32,970,722,1.34,17,031,063302,4,170310633024
58,39,0,15,60,6,18,29,20,37,88,113,15,6,100,32,1004,636,1.58,17,031,070103,1,170310701031
83,44,19,26,9,13,53,16,59,85,78,63,8,0,0,0,675,556,1.21,17,031,070103,2,170310701032
50,0,15,10,0,0,15,25,16,77,18,100,0,0,0,0,924,326,2.81,17,031,220701,1,170312207011
413,77,84,52,5,35,41,13,8,9,7,0,10,0,0,0,1699,754,2.22,17,031,836800,2,170318368002
36,9,25,3,0,0,24,47,0,19,10,30,0,0,0,0,562,203,2.77,17,031,836800,1,170318368001
73,15,26,36,28,42,21,3,6,30,11,23,29,0,0,0,1173,343,3.42,17,031,836700,2,170318367002
7,7,0,9,0,0,5,0,11,24,22,40,27,68,23,70,764,313,2.44,17,031,832200,3,170318322003
34,10,0,32,37,9,7,10,42,12,55,54,30,15,46,33,834,426,1.95,17,031,832200,1,170318322001
0,5,0,8,0,20,0,15,0,0,28,62,4,47,142,108,892,439,2.03,17,031,831000,1,170318310001
20,22,42,7,45,67,10,12,28,48,25,70,66,43,99,114,2061,718,2.87,17,031,832400,1,170318324001
13,0,10,63,19,0,9,18,0,66,21,38,32,21,63,104,1326,477,2.78,17,031,832400,2,170318324002
33,9,16,63,34,9,11,0,21,33,34,33,24,17,12,0,1613,349,4.6,17,031,829302,2,170318293022
48,78,43,60,29,0,63,0,41,19,0,20,12,0,0,0,1466,413,3.55,17,031,300900,1,170313009001
93,72,19,54,51,36,25,0,36,53,0,28,12,13,0,0,1447,492,2.92,17,031,300900,2,170313009002
47,37,49,41,9,14,0,31,9,36,51,21,27,0,0,0,1112,372,2.99,17,031,301200,1,170313012001
17,20,19,0,31,20,31,14,0,18,17,0,0,0,0,0,544,187,2.91,17,031,301200,2,170313012002
49,20,98,24,52,30,87,55,75,121,43,39,28,10,5,0,2295,736,3.12,17,031,310800,3,170313108003
39,34,24,28,21,67,47,26,8,30,74,21,7,0,0,0,1316,426,3.08,17,031,310800,1,170313108001
19,12,9,6,84,22,13,44,5,17,78,10,9,0,0,0,1123,328,3.42,17,031,310800,2,170313108002
111,28,78,61,20,34,13,13,75,32,39,151,103,41,42,37,2140,878,2.42,17,031,825000,1,170318250001
9,0,9,0,32,54,53,11,7,45,68,133,88,16,52,19,1898,596,3.18,17,031,825000,3,170318250003
92,31,53,0,38,0,7,24,10,27,83,33,24,0,8,34,895,464,1.89,17,031,825000,2,170318250002
32,29,18,0,0,20,7,0,0,0,65,43,0,18,0,0,600,232,2.56,17,031,826201,1,170318262011
47,38,31,25,13,28,2,31,0,18,13,0,54,0,0,0,532,300,1.77,17,031,826201,3,170318262013
75,39,59,20,24,48,39,20,64,25,81,61,21,21,10,13,1954,620,3.13,17,031,840400,2,170318404002
35,0,37,20,7,7,57,6,0,24,36,5,9,0,7,0,722,250,2.87,17,031,840100,1,170318401001
34,0,42,11,9,40,31,28,0,17,21,38,53,29,23,15,1233,391,3.15,17,031,770901,2,170317709012
0,0,21,101,32,9,0,14,38,48,21,69,20,51,0,9,1015,433,2.34,17,031,770901,1,170317709011
78,54,38,21,33,55,20,34,0,9,78,57,27,0,0,0,1241,504,2.41,17,031,310700,1,170313107001
11,28,13,76,47,39,51,24,39,69,103,52,77,56,56,17,1841,758,2.43,17,031,822601,2,170318226012
54,58,15,51,22,70,93,38,33,74,55,27,10,0,0,0,2219,600,3.7,17,031,300500,2,170313005002
32,28,12,31,19,21,35,9,16,42,70,29,4,22,6,5,1515,381,3.71,17,031,300600,1,170313006001
0,61,31,38,20,50,12,3,0,34,30,47,22,10,7,8,1312,373,3.52,17,031,530300,3,170315303003
0,0,6,10,0,15,8,8,0,57,23,25,7,0,25,0,470,184,2.55,17,031,560900,2,170315609002
26,24,0,27,8,0,9,0,28,8,15,26,14,0,13,24,525,222,2.36,17,031,560900,6,170315609006
0,0,26,17,0,0,26,8,0,17,19,55,30,17,33,16,874,264,3.31,17,031,560900,5,170315609005
14,57,75,35,47,44,27,0,40,77,132,2,20,28,8,41,1909,647,2.69,17,031,770602,1,170317706021
24,13,20,41,14,22,77,29,63,66,51,161,62,32,20,0,1827,695,2.63,17,031,770202,1,170317702021
69,23,56,76,37,126,45,8,55,45,112,63,62,39,52,18,1571,886,1.77,17,031,770202,2,170317702022
53,70,15,0,0,20,0,114,0,0,12,46,146,37,33,39,1538,585,2.63,17,031,770202,3,170317702023
18,48,20,0,31,65,0,5,4,0,23,0,0,0,0,0,698,214,3.26,17,031,813301,2,170318133012
27,0,9,21,37,44,0,4,0,13,35,0,26,0,0,0,734,216,3.4,17,031,813301,3,170318133013
17,5,22,75,53,41,18,37,24,35,79,32,0,28,5,6,1999,477,4.19,17,031,813301,1,170318133011
19,0,0,0,59,19,29,0,0,18,79,10,7,0,0,0,954,240,3.98,17,031,813702,1,170318137021
0,0,35,0,19,18,18,0,26,20,1,20,0,0,0,0,606,157,3.86,17,031,813702,2,170318137022
0,64,17,35,24,90,12,0,0,1,6,29,26,16,0,0,1222,320,3.82,17,031,813702,3,170318137023
0,20,10,19,19,0,18,20,15,43,73,42,8,28,0,0,1268,315,4.03,17,031,813702,4,170318137024
61,70,86,36,26,48,58,24,0,89,19,16,15,2,15,18,1787,583,3.07,17,031,252101,1,170312521011
177,57,20,15,0,40,15,46,0,7,0,31,0,0,0,0,1007,408,2.47,17,031,252102,4,170312521024
91,14,0,15,26,58,25,0,10,137,137,199,46,64,48,66,2170,936,2.32,17,031,804310,1,170318043101
0,0,0,0,0,17,0,0,21,16,15,40,169,56,171,61,1770,566,3.13,17,031,804310,3,170318043103
91,0,75,0,7,22,29,14,0,83,43,45,31,0,26,0,1940,466,4.16,17,031,200402,3,170312004023
48,82,10,0,11,34,27,11,33,21,23,36,9,0,25,0,1461,370,3.95,17,031,191301,3,170311913013
128,68,53,44,0,113,85,14,15,26,47,0,31,0,0,0,1228,624,1.57,17,031,431400,2,170314314002
7,28,6,39,7,61,15,34,31,17,38,120,53,93,253,326,2878,1128,2.55,17,031,070700,1,170310707001
72,55,0,26,13,42,20,37,8,20,61,31,0,0,0,0,960,385,2.49,17,031,430500,3,170314305003
284,100,123,96,72,110,0,66,35,89,206,158,76,16,0,0,2496,1431,1.63,17,031,431400,1,170314314001
13,0,46,12,26,12,8,55,4,28,7,16,5,6,7,0,703,245,2.87,17,031,440700,1,170314407001
96,95,77,49,19,39,51,18,0,0,36,19,18,0,17,6,1529,540,2.83,17,031,470100,2,170314701002
14,5,29,23,17,47,25,8,0,18,63,56,31,32,23,27,917,418,2.19,17,031,480100,1,170314801001
15,31,18,17,5,25,10,32,15,43,62,9,0,12,0,0,1059,294,3.6,17,031,191200,2,170311912002
44,9,5,7,25,17,34,50,21,16,23,64,17,43,17,0,1129,392,2.87,17,031,210100,2,170312101002
60,31,35,28,24,21,20,11,9,39,30,113,27,21,31,50,1381,550,2.51,17,031,210100,1,170312101001
0,7,7,9,9,5,27,28,29,15,59,93,45,56,9,29,1089,427,2.55,17,031,220400,1,170312204001
55,26,27,9,25,11,14,0,21,27,28,42,13,0,3,20,781,321,2.37,17,031,240800,2,170312408002
61,18,29,0,30,14,0,21,4,34,28,39,22,5,10,0,1035,315,3.21,17,031,240800,1,170312408001
65,37,23,4,13,48,99,0,22,31,31,51,9,14,13,0,1285,460,2.79,17,031,250800,2,170312508002
93,0,69,78,42,53,33,4,0,44,37,19,0,6,0,0,1805,478,3.77,17,031,251700,1,170312517001
8,30,61,37,24,36,7,62,6,16,72,74,32,5,11,8,1041,489,2.13,17,031,819100,4,170318191004
0,11,0,0,0,0,0,18,0,13,15,22,19,6,65,78,672,247,2.48,17,031,819600,1,170318196001
6,0,6,17,0,13,8,14,6,8,55,48,83,14,22,70,1041,370,2.81,17,031,819600,3,170318196003
0,0,0,5,0,0,0,0,10,16,46,51,27,46,27,90,1096,318,3.39,17,031,819600,4,170318196004
0,9,0,0,0,0,7,0,0,0,30,16,50,16,95,95,1040,318,3.27,17,031,819600,2,170318196002
7,9,7,8,0,8,12,9,0,8,35,100,8,35,56,0,988,302,3.27,17,031,827804,3,170318278043
0,20,28,35,18,83,52,0,8,31,77,37,60,32,27,26,1477,534,2.76,17,031,827804,1,170318278041
27,9,20,8,18,46,9,0,0,33,38,9,30,9,15,8,624,279,2.24,17,031,827804,2,170318278042
354,34,19,79,36,0,11,0,16,152,123,53,17,10,0,0,2753,904,2.99,17,031,827500,2,170318275002
9,14,0,38,11,5,25,0,12,8,17,18,14,18,0,11,609,200,3.05,17,031,819300,3,170318193003
8,18,0,69,24,49,19,45,0,81,68,37,32,38,0,25,2005,513,3.86,17,031,820400,2,170318204002
3,0,30,7,0,8,14,21,13,43,75,106,56,9,14,0,1488,399,3.73,17,031,820800,2,170318208002
5,19,2,27,11,17,26,11,7,19,20,70,13,42,5,0,742,294,2.52,17,031,820800,3,170318208003
17,6,14,7,0,0,0,8,23,15,33,49,75,28,24,81,905,380,2.38,17,031,805501,3,170318055013
6,9,15,50,39,0,21,32,27,59,72,72,125,34,16,16,1647,593,2.71,17,031,805501,2,170318055012
0,28,0,39,29,15,32,0,0,0,99,66,33,69,13,50,1189,473,2.51,17,031,805802,4,170318058024
5,7,10,17,0,8,0,14,50,6,31,43,21,23,27,25,856,287,2.98,17,031,805802,5,170318058025
0,0,0,9,10,10,0,0,6,5,27,47,55,22,35,19,716,245,2.92,17,031,805802,2,170318058022
0,8,17,7,6,0,28,52,0,27,59,86,26,24,37,31,899,408,2.19,17,031,805802,1,170318058021
0,8,41,0,11,0,0,5,0,24,24,63,54,77,89,36,1279,432,2.85,17,031,805802,3,170318058023
0,0,0,0,0,0,0,0,0,0,17,53,21,12,19,46,424,168,2.52,17,031,805902,5,170318059025
0,0,17,0,40,18,0,61,14,30,0,82,67,30,20,41,1763,420,3.57,17,031,805902,4,170318059024
36,0,17,10,0,0,0,37,0,32,53,114,19,16,72,11,1223,417,2.7,17,031,805902,2,170318059022
0,0,0,0,0,29,0,21,0,8,54,38,43,15,48,56,824,312,2.63,17,031,805902,3,170318059023
10,0,11,27,48,13,50,0,0,28,58,54,28,0,0,0,966,327,2.95,17,031,805902,1,170318059021
0,10,14,17,20,78,0,7,0,0,33,95,102,37,31,54,1248,498,2.51,17,031,805902,6,170318059026
26,19,15,7,26,43,48,41,11,61,110,85,119,69,95,30,2126,805,2.57,17,031,806102,1,170318061021
16,17,8,33,22,9,0,9,11,13,32,80,24,50,33,5,965,362,2.67,17,031,806102,3,170318061023
40,0,0,47,7,76,21,32,0,35,117,247,59,59,53,48,2138,841,2.53,17,031,806900,3,170318069003
175,60,44,56,53,11,84,0,51,101,173,60,20,25,35,28,1875,976,1.92,17,031,806900,2,170318069002
39,14,34,6,7,7,33,0,26,37,68,68,50,40,25,38,1428,492,2.9,17,031,808400,3,170318084003
8,8,58,8,7,0,24,0,15,23,17,16,36,57,31,8,1136,316,3.59,17,031,808400,2,170318084002
8,4,10,28,30,29,30,26,24,32,21,66,14,21,61,44,1147,448,2.56,17,031,030400,2,170310304002
15,8,20,40,50,27,8,21,7,49,27,121,25,20,78,20,1017,536,1.9,17,031,030900,2,170310309002
0,6,8,12,0,6,15,12,17,0,47,153,53,23,47,15,1055,414,2.55,17,031,030900,3,170310309003
31,21,20,38,17,23,0,0,0,18,0,5,0,0,0,0,389,173,2.06,17,031,460700,3,170314607003
14,0,15,26,8,0,7,7,19,34,21,20,52,27,38,7,594,295,2.01,17,031,819500,1,170318195001
17,79,18,31,35,0,0,0,0,22,12,76,34,10,0,0,1090,334,2.71,17,031,819500,4,170318195004
12,25,51,30,0,0,65,0,34,6,40,7,0,0,0,0,990,270,3.67,17,031,460700,2,170314607002
64,8,0,15,6,31,18,0,26,57,35,38,0,0,0,0,1457,298,4.88,17,031,491000,4,170314910004
77,16,27,37,24,43,19,0,0,21,7,11,0,0,8,0,922,290,3.18,17,031,491000,2,170314910002
132,34,25,41,51,46,13,0,30,24,37,11,7,0,0,0,1986,451,4.4,17,031,491000,5,170314910005
41,38,67,45,7,11,0,0,0,47,13,13,0,15,0,0,855,297,2.88,17,031,680500,2,170316805002
33,0,23,6,11,0,6,0,9,11,0,0,15,0,0,0,430,114,3.77,17,031,680500,1,170316805001
125,108,14,33,50,73,48,3,12,41,15,0,0,6,0,0,1790,528,3.39,17,031,660301,1,170316603011
54,23,102,23,13,38,44,53,52,52,76,78,34,20,39,0,1681,701,2.39,17,031,770902,1,170317709021
19,6,15,19,0,10,0,33,49,10,0,14,6,13,11,0,885,205,3.35,17,031,730202,3,170317302023
32,0,50,7,0,93,0,11,0,0,7,85,64,38,16,0,1447,403,3.59,17,031,730202,2,170317302022
13,28,0,0,7,62,0,38,29,33,0,73,0,0,8,0,1597,291,5.49,17,031,660302,1,170316603021
70,5,22,0,16,36,0,8,40,10,93,33,0,0,0,0,859,333,2.58,17,031,430101,1,170314301011
117,46,22,0,9,6,5,8,38,27,61,0,8,23,0,0,886,370,2.39,17,031,430101,2,170314301012
0,18,0,28,0,33,16,0,27,76,0,0,0,0,0,0,384,198,1.94,17,031,431400,4,170314314004
97,132,32,24,25,16,63,25,0,5,23,60,35,20,20,0,1439,577,2.4,17,031,837100,2,170318371002
81,59,3,28,21,5,4,12,0,0,23,31,0,0,0,0,500,267,1.87,17,031,837100,1,170318371001
211,42,27,17,26,25,29,37,5,35,18,9,28,0,0,20,1265,529,2.38,17,031,837000,1,170318370001
124,15,116,71,21,82,38,37,33,38,102,61,44,18,5,0,2278,805,2.51,17,031,831400,2,170318314002
21,19,2,8,69,32,85,54,6,46,25,0,0,0,0,0,1206,367,3.29,17,031,831300,1,170318313001
33,7,45,45,10,2,17,9,34,23,8,23,12,5,17,0,864,290,2.98,17,031,835000,1,170318350001
10,18,0,25,61,25,31,0,8,0,52,0,20,0,0,9,1149,259,4.44,17,031,835100,2,170318351002
35,0,10,9,34,16,47,29,12,81,22,55,0,0,0,0,1578,350,4.51,17,031,835100,4,170318351004
17,15,45,18,22,19,51,0,32,62,0,61,0,7,0,0,1530,349,4.35,17,031,835100,3,170318351003
34,11,40,31,33,16,0,24,39,29,53,27,8,6,0,0,1298,351,3.69,17,031,835100,1,170318351001
94,112,49,36,9,98,72,26,9,24,35,76,80,59,8,0,1425,787,1.65,17,031,030103,2,170310301032
105,0,20,53,25,21,10,30,0,67,99,105,36,0,0,0,1127,571,1.88,17,031,030102,3,170310301023
48,24,0,0,53,89,26,24,23,23,97,105,37,24,29,29,994,631,1.58,17,031,030102,1,170310301021
139,8,62,65,63,0,47,53,0,27,20,29,21,0,0,16,835,550,1.52,17,031,030102,2,170310301022
14,16,58,23,5,27,6,10,94,0,16,36,7,0,0,0,1057,312,3.39,17,031,020602,2,170310206022
35,20,18,24,16,13,21,15,40,61,59,63,11,0,0,0,1003,396,2.51,17,031,020602,1,170310206021
15,0,14,8,0,8,0,8,67,8,27,17,104,16,42,19,1121,353,3.18,17,031,020302,2,170310203022
30,17,137,64,19,29,8,79,23,85,108,89,116,41,45,80,2517,970,2.34,17,031,020302,3,170310203023
6,37,83,67,40,54,29,10,17,102,62,110,0,69,37,20,2105,743,2.83,17,031,010701,1,170310107011
18,54,21,45,10,25,0,0,31,79,9,25,10,0,0,0,813,327,1.53,17,031,030103,1,170310301031
30,44,0,14,0,0,26,10,28,41,46,169,51,8,21,6,1405,494,2.84,17,031,826301,1,170318263011
160,203,120,39,131,93,56,10,36,77,89,34,52,31,0,0,1674,1131,1.48,17,031,826201,4,170318262014
0,19,2,28,0,16,15,32,16,21,60,53,7,0,0,1,885,270,2.61,17,031,826201,2,170318262012
108,0,10,11,35,11,24,22,0,11,91,85,35,14,24,0,1371,481,2.82,17,031,826301,3,170318263013
8,0,0,9,0,28,8,32,7,16,44,96,47,0,27,0,974,322,3.02,17,031,822200,2,170318222002
25,8,22,9,39,10,23,40,6,53,71,82,84,31,40,28,1288,571,2.25,17,031,822500,4,170318225004
8,7,22,7,0,6,0,0,8,77,18,80,17,16,31,37,868,334,2.6,17,031,822500,2,170318225002
12,11,12,34,8,11,9,17,54,42,48,40,67,59,30,31,1495,485,3.08,17,031,822801,2,170318228012
17,9,44,38,10,69,59,25,20,61,77,130,119,42,70,15,2204,805,2.74,17,031,823200,1,170318232001
15,46,19,98,45,23,53,9,51,68,112,133,73,108,41,0,2445,894,2.72,17,031,823200,2,170318232002
50,0,5,11,11,4,10,54,5,42,25,20,6,13,0,0,1002,256,3.91,17,031,823603,2,170318236032
0,33,0,0,0,0,7,0,57,34,11,38,53,23,6,11,901,273,3.07,17,031,823705,2,170318237052
45,53,9,0,23,26,22,14,0,17,14,36,0,0,13,17,809,289,2.8,17,031,823705,3,170318237053
18,25,40,27,26,79,20,45,21,43,55,32,71,0,36,0,1452,538,2.7,17,031,823705,4,170318237054
51,41,0,57,8,57,12,27,28,78,36,168,116,33,80,118,2375,910,2.6,17,031,824107,4,170318241074
11,0,16,16,15,13,9,14,0,0,13,78,22,8,0,38,669,253,2.64,17,031,824107,1,170318241071
4,0,0,10,55,23,35,0,20,0,44,83,62,0,6,8,1189,350,3.36,17,031,821101,1,170318211011
0,8,21,0,10,17,0,9,0,38,40,55,56,5,16,14,798,289,2.76,17,031,821101,2,170318211012
35,28,28,24,24,9,0,0,6,6,14,34,15,7,7,0,430,237,1.81,17,031,820202,3,170318202023
7,12,16,36,35,13,10,0,48,71,55,5,89,0,33,0,989,430,2.3,17,031,820202,2,170318202022
57,10,9,33,45,52,20,0,46,25,72,59,22,9,0,0,1602,459,3.49,17,031,820300,1,170318203001
14,31,43,30,11,25,0,32,12,54,30,63,18,8,15,0,1294,386,3.34,17,031,820300,2,170318203002
9,9,8,21,38,12,9,8,0,0,61,76,7,37,21,20,1208,336,3.6,17,031,821102,3,170318211023
8,11,18,0,32,50,92,50,19,21,59,11,57,18,0,0,1206,446,2.7,17,031,821102,2,170318211022
40,12,0,31,9,25,8,0,9,21,21,47,33,13,10,0,1239,279,4.42,17,031,821102,1,170318211021
13,18,0,17,19,14,25,20,40,31,36,41,60,48,48,445,2732,875,3.12,17,031,803608,1,170318036081
26,0,43,17,14,40,14,16,62,88,87,93,94,71,9,8,1745,682,2.55,17,031,804000,1,170318040001
20,9,0,17,8,24,9,21,39,29,25,61,6,26,0,13,1033,307,3.36,17,031,804306,2,170318043062
0,5,69,11,13,22,50,17,38,95,92,96,81,68,27,0,2319,684,3.39,17,031,804306,1,170318043061
23,0,10,21,32,24,16,51,14,73,39,90,66,54,81,41,1786,635,2.81,17,031,824005,1,170318240051
11,31,10,17,0,24,20,0,0,70,68,150,56,106,56,48,1976,667,2.96,17,031,824005,2,170318240052
0,34,0,0,145,51,28,9,30,48,163,184,125,160,98,119,3407,1194,2.85,17,031,824003,1,170318240031
14,0,0,15,17,0,0,0,0,0,0,185,76,48,78,41,1729,474,3.33,17,031,824003,3,170318240033
0,17,0,17,0,11,51,0,13,45,83,142,49,79,0,12,1072,519,2.07,17,031,824003,2,170318240032
103,65,17,14,23,24,14,13,20,65,24,20,64,160,72,203,2473,901,2.64,17,031,824004,1,170318240041
65,0,30,58,134,0,20,0,12,0,16,0,48,0,37,27,1132,447,2.24,17,031,824004,3,170318240043
11,0,54,69,51,0,0,0,0,13,182,12,49,34,92,63,1902,630,3.02,17,031,824004,2,170318240042
65,80,0,36,0,0,79,27,0,36,49,60,34,27,0,0,1238,493,2.51,17,031,250500,7,170312505007
0,0,0,35,0,0,17,16,0,40,61,0,0,32,33,29,625,263,2.38,17,031,250500,5,170312505005
48,12,75,11,56,11,4,20,36,14,48,19,0,0,4,8,1284,366,3.51,17,031,251000,1,170312510001
104,89,19,84,74,20,7,0,23,12,15,30,0,49,27,12,1389,565,2.46,17,031,251400,4,170312514004
18,7,0,24,37,40,27,24,9,17,14,26,0,0,0,0,960,243,3.93,17,031,251400,1,170312514001
72,45,37,38,15,43,21,0,0,20,45,14,0,13,0,0,1101,363,3.03,17,031,260800,2,170312608002
0,14,14,0,0,36,54,29,13,0,68,27,25,0,27,25,631,332,1.9,17,031,815702,4,170318157024
32,15,12,14,0,13,0,0,15,57,27,29,28,57,28,15,911,342,2.66,17,031,815702,2,170318157022
44,16,0,45,27,14,36,0,0,69,25,45,56,71,28,67,1481,543,2.73,17,031,815702,5,170318157025
20,31,26,7,51,33,19,12,6,46,47,73,108,26,71,29,1557,605,2.39,17,031,815800,1,170318158001
0,49,15,0,0,0,29,30,58,49,64,90,84,34,0,13,1232,515,2.38,17,031,816100,5,170318161005
42,0,33,16,0,17,45,0,0,107,0,55,95,12,23,9,790,454,1.74,17,031,816100,4,170318161004
0,58,27,35,0,70,36,0,0,17,43,71,12,45,3,27,1197,444,2.7,17,031,816100,2,170318161002
42,0,0,42,0,0,18,34,30,15,67,17,0,12,0,16,531,293,1.8,17,031,816100,1,170318161001
0,0,12,26,42,14,0,37,13,24,19,41,56,22,0,6,1014,312,3.25,17,031,816300,4,170318163004
0,8,21,52,0,7,40,38,0,10,32,9,18,0,0,0,473,235,1.98,17,031,817000,2,170318170002
5,0,12,6,8,5,10,12,6,66,0,38,44,25,0,0,741,237,3.13,17,031,817000,3,170318170003
55,24,22,0,18,21,0,0,11,0,45,21,0,0,0,0,654,217,3.01,17,031,817000,1,170318170001
29,27,98,0,66,0,14,26,53,27,67,77,124,14,81,0,1393,703,1.98,17,031,818500,2,170318185002
29,44,28,42,53,45,29,37,0,73,50,43,121,167,50,125,1998,936,2.01,17,031,818500,3,170318185003
0,0,0,14,0,7,0,0,0,21,26,32,64,44,22,49,813,279,2.91,17,031,818700,1,170318187001
69,23,28,51,105,61,101,0,57,42,79,24,107,0,8,0,2798,755,3.71,17,031,191302,2,170311913022
32,60,20,38,0,24,17,50,11,75,6,55,0,0,16,0,1500,404,3.71,17,031,191301,2,170311913012
31,32,14,0,32,0,22,0,7,21,27,13,25,24,0,0,1062,248,4.28,17,031,190601,2,170311906012
0,70,55,70,0,16,21,21,52,92,107,65,20,23,22,0,2707,634,4.27,17,031,190601,3,170311906013
0,38,15,54,62,24,8,25,16,22,38,55,7,7,11,0,1271,382,3.33,17,031,190701,2,170311907012
7,29,12,22,45,68,27,28,10,16,83,36,46,6,16,10,1801,461,3.91,17,031,190701,1,170311907011
19,5,0,0,25,17,69,0,0,5,34,40,0,10,0,0,845,224,3.77,17,031,190702,1,170311907021
0,21,49,34,63,49,37,28,0,29,140,20,63,14,0,0,2267,547,4.14,17,031,190702,2,170311907022
70,45,49,34,46,59,34,86,23,68,50,39,114,48,15,0,2635,780,3.38,17,031,190401,2,170311904012
8,0,62,23,57,8,35,42,45,19,53,55,38,0,0,0,1521,445,3.42,17,031,190602,3,170311906023
19,45,46,66,74,118,22,79,58,28,25,52,91,59,5,21,2703,808,3.35,17,031,190402,2,170311904022
103,130,152,101,32,27,0,58,0,29,48,52,0,16,15,0,1316,763,1.34,17,031,010300,3,170310103003
54,6,32,43,0,20,43,0,28,98,64,59,14,0,0,0,858,461,1.86,17,031,010400,2,170310104002
110,53,13,56,33,13,43,0,14,35,0,66,27,14,34,19,2240,530,1.61,17,031,010400,3,170310104003
0,0,9,18,9,0,0,0,0,0,80,10,14,15,24,50,844,229,2.98,17,031,010600,2,170310106002
45,80,93,102,59,55,73,49,29,46,51,69,38,22,12,25,1490,848,1.76,17,031,010600,4,170310106004
0,29,15,103,57,13,57,49,30,41,59,100,89,15,100,31,1915,788,2.43,17,031,803702,3,170318037023
52,0,13,0,0,16,23,0,34,17,0,64,61,121,151,86,1788,638,2.8,17,031,803702,2,170318037022
0,16,0,13,11,0,0,0,27,44,65,26,0,43,78,37,828,360,2.14,17,031,803702,1,170318037021
16,0,54,51,82,63,34,38,30,59,129,47,0,18,0,0,2281,621,3.67,17,031,803612,1,170318036121
33,7,7,10,9,21,44,81,63,78,53,98,92,26,20,0,1325,642,2.06,17,031,803612,2,170318036122
0,0,38,34,0,0,11,29,46,76,12,24,27,16,13,0,1195,326,3.67,17,031,803611,2,170318036112
30,0,17,77,43,0,67,0,44,27,61,73,49,10,53,0,1694,551,3.07,17,031,803611,3,170318036113
0,0,12,0,15,0,12,24,28,46,37,49,26,25,9,0,581,283,2.05,17,031,803611,4,170318036114
0,0,0,0,0,26,0,0,0,13,64,74,37,13,0,0,583,227,2.57,17,031,803611,1,170318036111
57,14,0,83,38,0,0,24,0,90,116,76,15,44,18,0,1170,575,2.03,17,031,803017,3,170318030173
0,0,27,10,8,12,55,57,34,103,43,82,82,89,72,121,1921,795,2.42,17,031,803017,1,170318030171
84,32,32,10,40,66,4,40,42,74,31,69,24,31,11,18,1906,608,3.13,17,031,151001,1,170311510011
46,4,28,46,16,0,4,20,13,4,29,22,0,0,0,0,632,232,2.72,17,031,151001,2,170311510012
51,46,6,15,45,24,6,13,43,14,74,61,49,39,0,39,849,525,1.62,17,031,030702,1,170310307021
13,57,14,0,0,108,9,40,36,87,29,14,26,7,21,0,611,461,1.33,17,031,030702,2,170310307022
51,26,46,63,17,0,0,18,0,60,28,62,56,91,24,140,1031,682,1.51,17,031,081401,1,170310814011
0,0,11,0,0,0,0,0,14,12,0,16,49,17,69,254,1356,442,3.07,17,031,804201,4,170318042014
33,14,27,48,14,8,25,25,7,16,47,91,43,0,16,7,1062,421,2.52,17,031,170700,3,170311707003
90,84,51,126,46,53,40,36,81,45,77,121,38,46,23,7,1871,964,1.83,17,031,170100,1,170311701001
29,7,39,19,7,45,8,0,5,10,31,44,6,39,18,0,963,307,3.14,17,031,170700,1,170311707001
9,71,8,0,42,9,20,0,0,5,23,26,10,0,0,0,839,223,3.76,17,031,530200,1,170315302001
85,42,41,7,7,26,6,0,18,26,0,7,0,0,0,0,968,265,3.65,17,031,530200,5,170315302005
26,26,16,20,14,7,4,11,20,68,20,48,5,14,7,4,1263,310,3.47,17,031,560100,1,170315601001
14,70,42,56,0,42,18,15,13,0,10,73,32,18,0,5,1402,408,3.42,17,031,580100,2,170315801002
7,22,0,20,24,25,20,39,9,25,21,8,0,12,0,10,996,242,4.12,17,031,580600,1,170315806001
0,18,0,18,57,23,48,0,0,71,84,44,0,0,0,0,1253,363,3.45,17,031,580600,2,170315806002
60,38,0,34,104,9,66,92,0,31,53,9,9,18,0,0,2339,523,4.46,17,031,580600,4,170315806004
29,69,95,97,39,38,37,8,47,42,44,29,31,7,9,20,1947,641,3.04,17,031,600400,3,170316004003
7,18,0,10,8,59,39,32,0,46,0,146,15,0,6,0,1053,386,2.73,17,031,600400,2,170316004002
0,45,10,66,0,27,51,33,92,72,24,143,32,17,17,76,1259,705,1.76,17,031,810000,3,170318100003
78,53,29,30,16,63,12,42,0,26,71,22,28,0,0,0,1291,470,2.75,17,031,827500,1,170318275001
0,11,10,19,0,8,9,65,19,29,69,66,13,6,0,0,822,324,2.54,17,031,827801,2,170318278012
30,15,24,0,0,19,0,15,18,44,45,55,37,8,19,49,1115,378,2.95,17,031,827801,3,170318278013
16,16,32,0,98,37,17,17,15,33,31,57,81,9,0,0,1016,459,2.21,17,031,828506,2,170318285062
0,59,11,51,14,23,0,13,38,0,33,80,0,17,0,0,1373,339,4.05,17,031,828506,4,170318285064
70,31,54,120,0,20,13,82,70,21,19,0,0,0,0,0,1316,500,2.63,17,031,828506,6,170318285066
72,17,26,13,0,17,15,58,0,114,18,49,86,16,10,0,1160,511,2.27,17,031,828506,3,170318285063
132,16,43,93,44,26,9,77,8,29,78,48,51,0,17,0,2193,671,3.27,17,031,829100,1,170318291001
48,0,22,7,22,48,8,6,0,28,33,16,10,0,0,0,598,248,2.41,17,031,829500,2,170318295002
127,58,29,45,74,31,67,24,7,101,67,133,15,19,10,0,2704,807,3.2,17,031,829500,1,170318295001
63,45,49,86,155,38,0,18,23,0,36,83,0,20,33,14,1253,663,1.89,17,031,830004,1,170318300041
33,25,9,38,0,8,7,7,0,25,61,19,39,10,31,35,1023,347,2.95,17,031,040100,3,170310401003
38,10,15,36,36,0,0,0,0,24,81,117,51,27,85,36,1144,556,2.06,17,031,031900,2,170310319002
38,0,12,25,46,17,16,45,48,27,251,131,82,41,55,133,2121,967,2.19,17,031,050200,2,170310502002
33,10,33,18,46,38,0,0,7,25,51,74,8,6,60,82,1328,491,2.29,17,031,040100,1,170310401001
23,5,7,0,37,5,21,7,0,7,30,52,90,13,58,47,995,402,2.48,17,031,050300,1,170310503001
0,7,0,5,0,13,0,24,9,56,30,60,52,10,37,9,766,312,2.46,17,031,050300,3,170310503003
19,0,4,3,8,0,9,6,0,38,5,59,57,32,20,66,836,326,2.36,17,031,051200,2,170310512002
33,24,23,36,40,0,30,9,25,22,41,69,30,6,32,73,1234,493,2.5,17,031,060200,2,170310602002
53,4,9,32,19,4,69,51,20,45,37,124,114,35,131,98,1716,845,2.03,17,031,061000,1,170310610001
12,30,45,1,7,19,10,7,6,29,67,75,61,86,92,175,1622,722,2.25,17,031,062400,1,170310624001
39,34,56,0,24,0,12,0,9,0,68,88,136,0,94,262,2109,822,2.38,17,031,070200,1,170310702001
93,12,13,0,0,21,17,0,16,66,37,56,36,55,89,93,1263,604,2.09,17,031,070300,2,170310703002
0,0,0,24,4,7,0,0,22,6,15,37,28,44,33,151,1200,371,3.16,17,031,808600,1,170318086001
13,33,0,12,37,57,7,35,38,41,58,0,78,18,19,16,1565,462,3.39,17,031,221000,1,170312210001
50,46,20,69,21,35,1,67,23,27,64,82,27,34,11,7,1972,584,3.3,17,031,230200,1,170312302001
124,84,30,31,79,39,51,42,29,56,41,89,0,0,0,0,2545,695,3.66,17,031,230500,1,170312305001
23,0,0,6,5,9,2,12,17,49,22,43,72,25,34,68,1178,387,3.04,17,031,241200,1,170312412001
30,54,44,48,36,25,0,11,27,17,99,46,57,50,55,40,1515,639,2.36,17,031,242800,1,170312428001
36,0,5,0,6,5,9,20,5,25,48,86,15,16,63,120,1228,459,2.68,17,031,243200,1,170312432001
28,16,0,11,7,0,7,29,16,45,33,37,19,38,86,18,1055,390,2.71,17,031,120100,4,170311201004
0,0,0,35,46,7,6,46,0,13,9,59,34,30,16,20,1240,321,3.86,17,031,180100,1,170311801001
86,0,43,48,41,0,29,40,51,19,26,24,116,13,8,0,1714,544,3.15,17,031,180100,5,170311801005
6,43,18,23,15,39,20,0,18,21,81,51,57,26,24,0,1339,442,3.03,17,031,171100,2,170311711002
8,0,26,23,0,22,8,71,9,56,48,53,45,92,5,0,1703,466,3.65,17,031,171100,1,170311711001
28,18,19,0,43,72,50,0,0,41,10,39,44,12,31,0,1339,407,3.29,17,031,190300,4,170311903004
32,29,21,41,24,5,22,24,0,73,51,76,5,8,11,9,1361,431,3.16,17,031,190300,3,170311903003
57,64,27,9,9,43,21,65,37,8,5,34,8,0,6,7,917,400,2.29,17,031,460100,1,170314601001
40,31,13,9,44,26,0,0,16,17,33,29,37,0,0,28,1134,323,3.51,17,031,460100,2,170314601002
30,33,40,44,0,26,0,0,17,85,14,48,15,20,0,0,765,372,2.06,17,031,828505,2,170318285052
10,35,12,16,31,0,15,0,18,15,45,72,56,34,15,11,1226,385,3.18,17,031,828505,4,170318285054
37,19,70,19,101,45,0,0,0,0,33,56,34,0,0,0,929,414,2.24,17,031,828505,1,170318285051
10,0,0,0,32,2,19,0,28,25,37,84,43,11,15,0,809,306,2.64,17,031,828505,3,170318285053
14,0,0,19,0,0,0,23,16,19,28,29,23,49,9,55,801,284,2.82,17,031,828701,1,170318287011
54,17,66,0,16,0,0,58,19,40,15,27,54,0,0,3,814,369,1.71,17,031,828701,4,170318287014
54,19,10,13,17,16,34,6,0,0,9,5,0,7,0,16,530,206,2.57,17,031,829000,2,170318290002
89,6,21,49,23,9,0,0,0,0,0,51,5,9,0,0,951,262,3.58,17,031,829000,1,170318290001
59,45,28,44,26,38,0,7,0,17,24,0,0,14,0,0,721,302,2.39,17,031,829402,3,170318294023
64,11,13,9,10,9,12,12,43,20,22,0,0,0,30,0,555,255,2.18,17,031,829600,2,170318296002
92,27,13,50,21,5,26,23,27,11,27,0,7,5,0,5,1180,339,3.48,17,031,829700,1,170318297001
123,29,63,16,24,36,18,48,28,17,10,65,106,44,49,20,1726,696,2.48,17,031,829700,3,170318297003
11,0,0,0,0,0,0,0,0,15,18,12,89,68,72,87,1107,372,2.98,17,031,829800,4,170318298004
0,18,0,0,0,0,0,17,18,33,43,44,33,0,25,50,785,281,2.79,17,031,829800,3,170318298003
33,25,19,26,41,25,27,16,155,36,118,90,142,32,150,13,2199,948,2.32,17,031,829800,1,170318298001
0,0,8,16,0,14,0,16,29,17,39,68,37,45,31,0,967,320,3.02,17,031,804710,2,170318047102
20,0,27,0,0,8,8,0,19,48,45,109,45,18,47,22,1239,416,2.98,17,031,804710,1,170318047101
0,0,0,16,22,0,30,41,0,57,88,122,75,0,42,0,1434,493,2.91,17,031,804711,2,170318047112
12,0,85,15,14,25,0,0,17,51,14,152,33,93,47,0,1600,558,2.87,17,031,770300,3,170317703003
31,18,14,91,116,62,13,97,72,121,81,147,76,38,0,0,1919,977,1.96,17,031,770300,4,170317703004
12,0,0,0,0,0,12,0,46,0,76,30,22,17,0,12,673,227,2.96,17,031,770300,1,170317703001
35,16,16,28,0,0,75,13,69,18,76,86,24,0,0,0,1062,456,2.33,17,031,826202,1,170318262021
89,25,44,0,91,26,0,0,0,76,0,29,0,0,48,0,1088,428,2.54,17,031,825503,2,170318255032
0,13,10,12,0,0,0,70,36,30,50,20,40,68,8,0,1286,357,3.6,17,031,825505,2,170318255052
71,0,33,34,69,9,27,54,7,30,132,54,5,11,11,13,1548,560,2.73,17,031,825505,4,170318255054
140,65,0,43,0,99,12,30,15,40,61,0,0,0,0,0,1416,505,2.8,17,031,826202,5,170318262025
39,15,8,11,12,13,0,0,42,69,85,67,0,0,0,0,1119,361,3.1,17,031,826202,2,170318262022
15,15,30,0,0,14,14,0,12,21,41,0,12,11,0,0,515,185,2.78,17,031,826202,4,170318262024
45,14,0,22,0,31,0,18,0,13,4,0,7,5,0,0,663,159,4.17,17,031,680600,1,170316806001
228,146,13,64,39,0,26,34,63,75,81,265,122,70,95,54,2909,1375,2.11,17,031,283800,2,170312838002
24,44,15,61,57,20,87,23,0,52,7,50,32,31,22,0,1890,525,3.6,17,031,570300,3,170315703003
0,18,72,7,0,28,36,33,0,63,60,30,26,22,0,0,1625,395,4.11,17,031,570300,1,170315703001
69,0,0,37,42,0,23,38,38,53,52,18,46,20,18,0,1716,454,3.77,17,031,570300,4,170315703004
14,14,14,12,28,13,25,26,24,0,15,31,15,0,0,0,500,231,2.16,17,031,480200,2,170314802002
81,12,17,18,71,51,11,28,17,50,70,57,39,4,23,4,1452,553,2.62,17,031,490600,1,170314906001
73,66,8,0,10,6,0,0,0,5,0,15,0,0,0,0,685,183,3.74,17,031,490800,5,170314908005
9,35,9,0,25,0,20,44,0,21,32,20,0,8,0,10,650,233,2.79,17,031,490800,4,170314908004
22,17,21,22,36,31,21,14,42,9,30,33,10,29,0,0,724,337,2.15,17,031,490800,1,170314908001
114,102,23,34,27,23,17,35,0,43,45,49,17,0,12,0,1467,541,2.71,17,031,500200,1,170315002001
101,0,84,119,25,17,37,63,82,96,118,31,9,2,0,0,2419,784,3.09,17,031,510300,4,170315103004
102,10,34,22,30,13,0,18,9,30,68,88,33,9,0,0,1676,466,3.56,17,031,510300,1,170315103001
35,10,33,6,39,40,25,52,0,12,48,21,33,0,38,0,1289,392,3.29,17,031,510300,2,170315103002
0,0,0,19,21,44,43,42,8,28,39,46,15,34,27,0,1129,366,3.08,17,031,520300,3,170315203003
18,44,47,40,8,28,29,13,7,99,21,27,34,0,0,0,1719,415,4.14,17,031,520300,1,170315203001
62,39,17,33,24,55,15,22,3,8,66,73,27,9,0,0,1785,453,3.94,17,031,520300,2,170315203002
14,16,12,61,19,12,15,0,0,15,162,51,41,108,70,195,1170,791,1.47,17,031,081100,1,170310811001
180,51,22,90,0,43,0,45,0,0,59,76,7,8,33,0,1272,614,2.07,17,031,834200,3,170318342003
0,14,0,33,0,17,0,78,39,12,0,70,28,0,25,0,771,316,2.44,17,031,834300,4,170318343004
11,65,0,0,0,26,45,0,17,0,0,52,26,83,13,8,982,346,2.84,17,031,834300,1,170318343001
135,26,40,39,66,47,0,29,36,42,67,13,15,7,0,0,1433,562,2.55,17,031,834300,2,170318343002
74,13,39,13,10,34,31,70,25,0,49,25,80,0,13,0,889,476,1.87,17,031,834200,1,170318342001
129,58,57,9,0,10,38,5,11,38,36,6,4,0,0,18,830,419,1.89,17,031,834200,2,170318342002
56,0,37,59,86,10,36,24,9,43,63,52,23,7,49,15,1516,569,2.66,17,031,834400,3,170318344003
54,47,10,49,52,0,36,19,12,46,90,65,93,45,21,14,1823,653,2.71,17,031,834400,2,170318344002
152,9,60,58,81,45,0,9,8,44,42,41,20,0,0,0,947,569,1.66,17,031,843900,3,170318439003
29,24,3,0,0,11,47,9,32,62,43,23,0,0,48,19,652,350,1.86,17,031,843900,5,170318439005
3,3,0,3,0,4,9,0,0,3,16,12,33,0,0,6,1590,92,2.49,17,031,836200,1,170318362001
8,0,19,32,9,29,11,15,0,10,8,32,0,0,20,0,846,193,4.38,17,031,831200,1,170318312001
26,34,0,108,53,53,47,18,23,7,101,48,0,54,9,10,2204,591,3.73,17,031,831200,2,170318312002
86,100,38,21,116,30,15,0,0,23,20,35,0,34,0,22,1037,540,1.92,17,031,831600,4,170318316004
71,34,0,32,42,21,11,23,0,53,13,6,24,6,7,0,517,343,1.45,17,031,410900,2,170314109002
35,34,40,40,22,71,0,7,16,100,176,34,60,11,76,54,1610,776,1.94,17,031,410900,3,170314109003
52,38,65,31,57,43,41,72,0,8,131,170,7,89,32,11,2547,847,3.01,17,031,825501,3,170318255013
214,216,29,12,0,68,19,26,0,13,35,42,135,86,65,41,1363,1001,1.35,17,031,081100,2,170310811002
164,27,41,14,69,92,0,25,66,97,13,94,124,12,15,0,1124,853,1.32,17,031,081100,3,170310811003
139,22,53,29,27,43,48,0,0,48,21,15,0,0,0,0,1032,445,2.25,17,031,440101,4,170314401014
106,21,51,53,34,43,9,0,51,103,40,37,17,0,0,0,1283,565,2.27,17,031,440101,1,170314401011
59,79,5,25,48,0,53,28,24,24,47,30,0,0,0,0,913,422,2.16,17,031,440101,2,170314401012
10,40,5,0,41,0,9,9,0,0,0,9,10,0,28,0,519,161,3.22,17,031,440101,3,170314401013
36,0,58,16,13,82,105,57,0,109,22,12,0,0,27,5,2399,542,4.43,17,031,301803,2,170313018032
0,46,13,41,52,39,0,0,19,43,12,0,6,0,0,0,1116,271,4.12,17,031,301803,3,170313018033
7,7,43,26,14,16,8,0,12,70,17,45,30,17,33,0,1628,345,4.72,17,031,814000,3,170318140003
8,0,9,12,0,10,6,36,51,4,0,27,58,21,34,14,716,290,2.47,17,031,818700,2,170318187002
28,22,30,0,0,8,0,21,29,43,42,63,25,24,30,5,857,370,2.28,17,031,818700,4,170318187004
5,0,16,14,16,0,9,52,0,2,28,80,56,13,0,0,989,291,3.4,17,031,814000,4,170318140004
30,0,37,45,0,109,7,10,0,49,12,47,20,0,0,0,1219,366,3.33,17,031,700100,2,170317001002
56,47,33,6,8,40,6,4,17,11,46,11,8,0,5,0,784,298,2.63,17,031,710600,2,170317106002
36,33,21,35,12,14,14,24,25,22,67,44,49,24,48,0,1396,468,2.98,17,031,440600,2,170314406002
85,0,16,18,28,9,0,4,5,9,0,10,8,0,4,0,776,196,3.95,17,031,611900,2,170316119002
169,84,22,23,17,26,6,30,29,28,27,15,39,7,25,20,1248,567,1.81,17,031,410200,1,170314102001
97,97,10,17,8,41,47,0,73,123,19,28,46,9,34,34,1423,683,2.04,17,031,410600,1,170314106001
0,0,0,24,33,0,8,0,15,43,25,18,19,26,24,10,552,245,1.96,17,031,411000,2,170314110002
102,56,43,55,80,60,11,29,13,49,55,34,41,33,20,49,1375,730,1.58,17,031,411000,3,170314110003
38,13,10,45,26,5,33,72,2,39,31,38,28,15,11,14,965,420,2.3,17,031,430800,1,170314308001
56,20,10,13,17,11,5,11,0,22,5,11,24,10,0,0,423,215,1.97,17,031,430900,2,170314309002
120,37,52,12,26,11,31,0,13,39,47,33,6,0,0,0,922,427,2.16,17,031,430900,1,170314309001
0,12,26,76,44,14,0,0,0,118,14,33,13,14,0,37,1044,401,2.6,17,031,440300,1,170314403001
50,17,22,32,0,16,15,0,0,0,11,24,0,9,28,0,514,224,2.29,17,031,440300,3,170314403003
58,35,41,17,0,14,4,13,58,14,0,16,0,23,7,0,996,300,3.32,17,031,827200,4,170318272004
79,32,60,46,9,54,38,18,37,13,58,81,0,41,9,15,1499,590,2.54,17,031,827200,1,170318272001
32,71,16,26,13,34,9,12,4,30,26,41,36,0,0,0,1000,350,2.86,17,031,827200,3,170318272003
39,7,5,25,10,8,20,28,0,80,78,115,94,73,31,0,1789,613,2.9,17,031,827802,2,170318278022
10,18,33,14,28,72,24,29,42,54,19,126,148,45,118,118,2785,898,3.09,17,031,802003,1,170318020031
59,68,61,5,52,34,0,0,0,31,0,25,21,12,0,0,1387,368,3.77,17,031,842100,4,170318421004
44,0,170,26,0,67,38,0,66,0,0,11,0,12,42,11,1698,487,3.22,17,031,802004,2,170318020042
86,9,15,0,57,48,8,48,26,67,80,74,30,0,0,0,1271,548,2.32,17,031,802004,4,170318020044
67,55,49,11,151,16,20,13,35,101,147,57,0,53,60,14,1455,849,1.69,17,031,010600,3,170310106003
24,77,0,39,20,6,0,105,6,32,87,54,88,110,55,118,2062,821,2.51,17,031,242200,1,170312422001
23,23,8,23,16,0,10,58,34,71,85,187,45,90,73,164,1813,910,1.99,17,031,242200,2,170312422002
15,0,0,10,27,21,35,8,28,119,43,149,192,114,110,210,1904,1081,1.76,17,031,243500,2,170312435002
84,30,48,32,22,0,47,8,0,18,87,78,41,30,9,60,1294,594,2.16,17,031,243500,1,170312435001
0,28,12,17,72,13,13,0,0,28,41,98,104,11,34,0,1617,471,3.43,17,031,250500,1,170312505001
70,0,0,0,25,0,10,17,0,13,27,98,81,53,95,32,1454,521,2.79,17,031,250500,2,170312505002
46,0,63,55,30,43,8,56,14,73,52,50,58,19,0,0,1380,567,2.43,17,031,816800,1,170318168001
11,28,0,48,18,8,9,18,28,6,23,84,46,0,0,0,1233,327,3.77,17,031,816900,1,170318169001
0,29,0,30,70,17,8,0,21,62,47,35,56,61,0,8,1478,444,3.33,17,031,816900,2,170318169002
0,57,15,18,19,31,10,65,26,42,43,173,20,40,19,0,2111,578,3.65,17,031,816900,4,170318169004
11,8,11,7,36,0,19,62,0,26,26,31,47,35,0,0,1073,319,3.36,17,031,816900,3,170318169003
321,171,69,66,5,21,15,27,0,14,27,0,0,0,0,14,1649,750,2.2,17,031,351100,1,170313511001
85,13,20,7,43,12,6,24,0,6,13,7,31,0,20,0,820,287,2.86,17,031,380500,1,170313805001
112,34,14,68,53,7,55,5,19,73,51,131,10,0,0,6,1746,638,2.74,17,031,381400,1,170313814001
59,18,23,36,17,29,49,0,6,24,0,33,5,14,7,19,788,339,2.32,17,031,381800,1,170313818001
55,12,20,13,12,9,6,0,0,37,28,11,11,0,0,0,314,214,1.37,17,031,381800,2,170313818002
76,43,46,35,26,30,74,39,8,43,21,57,15,55,38,107,1643,713,2.3,17,031,390500,1,170313905001
0,0,103,86,0,12,0,41,14,67,79,58,175,24,69,101,1276,829,1.54,17,031,390700,1,170313907001
55,59,61,61,43,54,82,0,55,53,126,140,22,0,40,19,1466,870,1.68,17,031,390700,2,170313907002
67,7,9,29,0,24,16,16,42,25,112,61,47,19,33,25,1257,532,2.16,17,031,410500,1,170314105001
20,0,23,4,0,5,0,0,0,4,13,22,9,5,11,52,450,168,2.51,17,031,411200,2,170314112002
32,51,58,0,22,0,21,20,0,0,0,19,8,0,9,0,486,240,2.03,17,031,420700,3,170314207003
25,0,0,11,44,44,23,21,89,28,43,77,12,0,13,0,1530,430,3.56,17,031,650400,5,170316504005
122,14,53,8,23,0,27,0,15,63,31,64,8,0,0,0,1604,428,3.75,17,031,660500,1,170316605001
39,30,23,34,8,15,28,28,11,22,24,47,7,0,0,0,1182,316,3.74,17,031,660500,2,170316605002
0,18,62,42,22,29,16,14,18,36,49,66,37,0,0,0,1594,409,3.9,17,031,661100,5,170316611005
0,19,54,83,59,56,19,40,13,30,57,37,5,8,7,0,1309,487,2.69,17,031,661100,1,170316611001
51,0,45,0,15,14,68,15,23,79,4,36,0,0,7,0,1249,357,3.5,17,031,661100,4,170316611004
8,0,7,0,18,20,14,20,26,6,34,35,36,32,9,0,1027,265,3.88,17,031,661100,3,170316611003
44,57,120,70,37,18,23,17,65,42,97,76,72,36,10,0,1934,784,2.47,17,031,640600,3,170316406003
47,24,33,9,36,54,17,22,6,31,69,62,8,25,28,17,1264,488,2.59,17,031,640600,2,170316406002
8,24,39,76,25,28,0,31,0,50,0,77,0,18,0,0,1234,376,3.28,17,031,640600,1,170316406001
19,49,14,50,71,10,16,11,15,0,15,34,10,15,0,8,1283,337,3.81,17,031,650400,3,170316504003
0,0,13,46,15,24,8,7,0,34,0,64,46,0,0,0,956,257,3.72,17,031,650400,2,170316504002
14,24,42,33,0,41,15,0,17,39,40,6,19,17,0,0,1008,307,3.28,17,031,250600,1,170312506001
27,0,8,50,64,15,8,0,30,41,24,27,5,9,23,0,1007,331,3.04,17,031,250600,2,170312506002
6,30,9,52,22,8,10,0,15,22,0,52,48,27,17,0,1088,318,3.42,17,031,250600,3,170312506003
18,17,26,0,0,0,0,27,15,0,95,96,7,6,7,25,1347,339,3.97,17,031,250600,4,170312506004
137,72,55,17,10,27,17,0,19,0,21,0,0,0,0,0,714,375,1.9,17,031,251100,1,170312511001
24,101,40,0,15,19,14,16,27,9,30,92,0,43,0,9,1694,439,3.82,17,031,251100,3,170312511003
63,0,24,6,21,16,20,0,17,31,109,10,27,0,0,0,1197,344,3.48,17,031,251100,4,170312511004
46,19,17,38,0,7,11,0,57,6,40,0,0,0,0,0,741,241,3.07,17,031,251100,2,170312511002
120,53,0,46,74,90,16,20,0,50,13,68,27,0,0,0,1541,577,2.67,17,031,252000,4,170312520004
85,49,15,24,74,0,30,16,0,46,0,34,0,0,0,0,776,373,1.96,17,031,252000,1,170312520001
83,5,31,55,20,9,0,26,10,12,19,53,0,0,0,0,1246,323,3.86,17,031,260700,2,170312607002
59,35,5,38,48,10,5,0,30,18,5,5,0,14,0,0,901,272,3.31,17,031,260700,1,170312607001
0,0,32,5,0,6,8,21,6,39,24,56,27,68,16,42,1085,350,3.1,17,031,100600,3,170311006003
0,38,49,28,19,11,15,36,0,34,26,43,41,66,9,6,1090,421,2.59,17,031,100600,1,170311006001
13,17,0,39,58,17,20,65,70,58,51,73,94,33,36,9,1634,653,2.5,17,031,100600,4,170311006004
0,25,34,21,41,81,53,17,21,34,63,81,60,30,44,36,1694,641,2.62,17,031,110400,2,170311104002
134,73,19,63,24,60,14,8,0,32,77,17,21,0,0,0,1551,542,2.86,17,031,827000,1,170318270001
90,21,35,21,89,49,44,56,55,58,37,71,52,18,31,0,1563,727,2.13,17,031,828300,2,170318283002
50,38,68,60,41,77,13,44,40,79,67,140,70,49,5,0,2165,841,2.57,17,031,828300,1,170318283001
0,0,8,8,6,7,7,0,0,0,7,70,50,38,13,6,494,220,2.25,17,031,740300,4,170317403004
0,7,0,6,0,7,37,0,7,38,36,67,89,27,32,6,1155,359,3.2,17,031,740300,2,170317403002
0,22,17,0,31,18,19,21,21,55,72,0,13,0,17,19,746,325,2.3,17,031,817900,5,170318179005
0,36,52,20,0,0,20,0,15,129,58,186,0,0,0,0,1101,516,2.13,17,031,817900,3,170318179003
21,20,0,17,0,0,65,0,39,56,0,56,66,70,0,7,1351,417,2.86,17,031,817900,2,170318179002
62,38,9,25,68,14,98,40,0,29,0,15,11,0,9,0,1185,418,2.83,17,031,580400,1,170315804001
0,29,0,0,0,14,61,13,33,40,53,36,0,0,24,74,1110,377,2.94,17,031,140400,3,170311404003
64,20,18,35,31,17,10,11,64,39,27,55,68,35,33,33,1718,560,3.07,17,031,140400,5,170311404005
12,0,11,40,33,53,0,32,0,101,150,170,85,57,123,89,2956,956,3.09,17,031,140800,5,170311408005
0,41,102,10,0,12,0,16,13,50,12,63,52,16,0,0,1047,387,2.71,17,031,140800,1,170311408001
24,26,0,37,45,76,0,11,0,36,80,0,74,0,12,17,1235,438,2.82,17,031,140800,4,170311408004
55,20,0,61,0,15,0,0,0,15,90,64,30,29,55,126,1241,560,2.22,17,031,140800,3,170311408003
0,56,14,27,10,47,0,0,0,0,0,25,70,0,27,73,730,349,2.09,17,031,140800,2,170311408002
72,70,0,31,31,28,0,46,16,53,36,116,78,23,42,29,1589,671,2.37,17,031,150200,4,170311502004
85,14,53,66,12,111,0,0,52,44,100,18,50,74,15,9,1637,703,2.32,17,031,150200,3,170311502003
14,16,50,43,24,24,44,46,16,51,49,52,57,33,80,53,1547,652,2.33,17,031,812900,4,170318129004
20,8,0,22,0,0,33,8,9,0,57,46,39,61,46,115,1422,464,3.06,17,031,812900,3,170318129003
43,9,29,0,84,10,0,32,25,87,8,43,14,12,27,7,938,430,2.18,17,031,813100,1,170318131001
0,0,0,0,0,43,0,8,21,12,20,35,90,20,13,8,923,270,3.42,17,031,813100,3,170318131003
21,0,0,12,16,0,40,8,42,7,34,14,50,42,7,0,821,293,2.8,17,031,813100,4,170318131004
50,0,15,0,7,0,0,0,8,13,25,67,34,25,34,0,787,278,2.83,17,031,813100,2,170318131002
0,0,17,16,11,0,58,10,16,0,14,22,47,8,36,31,892,286,3.12,17,031,813200,4,170318132004
0,0,0,0,0,0,26,33,0,41,42,43,72,39,48,27,1144,371,3.08,17,031,813200,3,170318132003
0,0,0,9,18,18,0,10,34,0,8,46,69,23,37,80,1021,352,2.9,17,031,813200,5,170318132005
53,50,11,8,30,8,42,16,21,53,31,105,18,0,7,0,1698,453,3.75,17,031,813400,1,170318134001
29,20,7,46,22,26,31,25,12,0,21,22,0,0,9,0,993,270,3.68,17,031,813400,2,170318134002
0,0,0,37,0,23,14,0,14,27,40,10,0,0,0,8,783,173,4.53,17,031,813400,3,170318134003
83,0,27,21,32,46,57,10,30,30,6,74,7,9,25,0,1983,457,4.34,17,031,813400,4,170318134004
38,12,23,44,49,15,14,0,0,16,73,19,20,0,0,0,950,323,2.94,17,031,814100,2,170318141002
197,23,66,27,56,56,73,18,51,76,72,76,40,0,52,26,2296,909,2.53,17,031,807300,1,170318073001
50,59,12,16,0,0,12,0,53,29,52,86,73,43,65,14,1383,564,2.41,17,031,807300,3,170318073003
15,0,0,63,0,0,14,0,14,0,32,27,66,29,14,57,1517,331,4.58,17,031,807300,5,170318073005
8,26,0,37,18,9,64,18,26,9,52,24,58,48,48,53,1286,498,2.47,17,031,808002,2,170318080022
15,8,10,0,0,0,17,7,0,0,52,26,7,8,18,26,523,194,2.7,17,031,808002,4,170318080024
55,16,15,8,60,33,29,12,28,8,53,35,21,56,75,130,1421,634,2.24,17,031,808900,1,170318089001
25,0,35,0,16,27,8,0,19,28,58,76,81,64,107,216,1904,760,2.42,17,031,808900,3,170318089003
18,13,8,16,25,0,8,24,24,17,16,28,68,45,5,53,739,368,2.01,17,031,809800,1,170318098001
22,0,38,40,0,13,28,7,0,42,61,0,7,15,12,103,1048,388,2.7,17,031,810100,3,170318101003
0,0,18,0,0,7,0,0,5,29,0,0,60,18,28,18,484,183,2.64,17,031,810100,4,170318101004
0,38,22,0,13,0,0,0,13,14,23,65,49,6,20,12,645,275,2.35,17,031,810100,1,170318101001
32,24,8,37,8,57,61,26,37,71,0,19,58,12,65,0,1142,515,2.19,17,031,810100,2,170318101002
22,0,0,8,15,63,8,37,7,60,18,46,57,17,0,34,984,392,2.51,17,031,150600,4,170311506004
21,7,6,0,10,9,0,8,27,22,55,55,7,0,0,0,687,227,3.03,17,031,150600,2,170311506002
0,15,37,61,125,18,0,0,13,53,20,22,24,0,36,0,958,424,2.26,17,031,550100,4,170315501004
0,0,0,0,9,0,0,0,0,0,0,58,27,29,62,191,1244,376,3.31,17,031,812400,3,170318124003
0,0,10,19,18,11,11,3,0,28,47,57,40,10,38,179,1170,471,2.34,17,031,812400,2,170318124002
0,12,0,0,0,0,0,0,15,0,0,17,37,70,46,162,1136,359,3.16,17,031,812400,1,170318124001
13,0,40,33,22,80,0,7,0,11,84,51,45,0,10,40,1448,436,3.32,17,031,814500,2,170318145002
34,69,15,9,10,70,48,0,8,34,72,73,45,0,4,37,1673,528,3.17,17,031,814500,3,170318145003
6,20,25,24,51,35,18,0,0,27,80,103,42,10,0,0,1958,441,3.64,17,031,814500,1,170318145001
8,26,20,0,14,49,0,7,9,34,17,29,45,63,54,103,1281,478,2.68,17,031,815701,1,170318157011
0,0,8,0,8,9,0,0,0,18,36,54,28,29,51,70,823,311,2.65,17,031,815701,3,170318157013
8,7,8,0,33,50,0,12,0,17,33,71,18,25,19,53,924,354,2.59,17,031,815701,4,170318157014
0,0,0,0,9,9,0,28,0,18,29,26,27,72,13,52,844,283,2.98,17,031,815701,2,170318157012
56,10,41,39,23,21,36,10,15,59,45,69,25,15,0,16,1897,480,3.95,17,031,816700,2,170318167002
4,4,5,5,6,7,10,17,16,33,56,26,26,8,11,3,935,237,3.95,17,031,816700,1,170318167001
45,60,42,0,0,0,28,0,9,39,72,0,36,12,0,0,852,343,2.36,17,031,817500,2,170318175002
71,22,19,49,23,0,0,0,0,51,34,44,15,0,0,0,992,328,3.02,17,031,817500,4,170318175004
53,51,29,41,23,22,27,19,0,19,24,32,13,62,0,9,1409,424,3.26,17,031,817500,3,170318175003
7,21,8,0,23,27,24,13,27,34,0,55,17,52,0,0,904,308,2.94,17,031,817700,1,170318177001
0,49,22,34,17,19,0,22,54,65,89,24,42,19,27,31,1613,514,3.14,17,031,817700,3,170318177003
39,20,93,170,16,57,59,61,0,21,0,99,22,0,24,0,1426,681,2.09,17,031,817900,1,170318179001
15,0,0,56,0,31,10,0,25,0,11,24,10,0,0,0,515,182,2.83,17,031,690900,2,170316909002
41,0,143,28,0,25,28,24,0,10,18,27,0,0,8,0,944,352,2.68,17,031,690900,3,170316909003
135,69,0,51,0,20,0,19,8,90,21,65,16,0,0,0,1068,494,2.16,17,031,690900,5,170316909005
7,26,7,35,9,0,33,0,5,20,17,25,17,0,0,0,515,201,2.56,17,031,691400,3,170316914003
35,16,16,29,12,13,28,5,0,27,11,23,22,0,0,0,585,237,2.47,17,031,691400,5,170316914005
25,9,41,46,36,3,12,22,11,10,8,22,0,8,0,0,694,253,2.58,17,031,710500,3,170317105003
75,42,68,47,21,7,0,36,30,0,21,22,0,0,18,8,980,395,2.48,17,031,710500,1,170317105001
48,84,23,73,33,48,66,14,46,24,40,29,0,0,6,0,1442,534,2.7,17,031,710500,2,170317105002
71,35,39,47,35,10,32,25,16,45,44,31,37,0,0,0,1486,467,3.18,17,031,711100,1,170317111001
10,44,5,34,27,19,67,10,4,8,10,25,14,0,0,0,699,277,2.52,17,031,711100,3,170317111003
95,50,94,18,7,39,18,35,25,63,39,13,14,15,11,0,1456,536,2.72,17,031,711200,1,170317112001
32,12,61,40,25,36,45,45,22,82,98,96,40,48,0,12,1813,694,2.61,17,031,711200,4,170317112004
57,32,23,12,13,3,52,0,7,22,30,25,9,7,10,0,599,302,1.98,17,031,381900,1,170313819001
51,16,25,13,38,0,27,37,11,19,47,31,63,13,73,69,1070,533,2.01,17,031,411100,1,170314111001
94,0,17,36,39,34,1,24,20,0,11,0,8,0,0,0,918,284,3.2,17,031,251300,2,170312513002
14,9,40,67,26,0,0,14,12,36,24,8,19,10,0,0,1022,279,3.66,17,031,251300,3,170312513003
61,0,20,36,48,32,19,17,0,14,9,28,14,0,0,11,843,309,2.73,17,031,251300,1,170312513001
70,5,19,38,10,0,6,0,32,41,79,71,34,21,18,0,1007,444,2.27,17,031,282700,2,170312827002
30,0,50,13,23,10,32,0,18,43,54,63,14,24,9,4,1395,387,3.6,17,031,282700,1,170312827001
184,69,0,89,50,0,10,44,32,50,0,59,0,0,11,0,1030,598,1.72,17,031,430200,3,170314302003
81,85,22,43,0,40,0,0,0,53,0,52,15,0,0,32,1164,423,2.71,17,031,430200,4,170314302004
0,0,4,22,8,13,0,9,0,11,18,61,35,36,42,113,860,372,2.31,17,031,222200,1,170312222001
20,0,6,11,3,0,14,16,9,58,49,22,51,46,62,111,1104,478,2.27,17,031,222200,2,170312222002
71,0,22,41,23,21,67,29,14,12,48,18,59,18,43,10,1424,496,2.8,17,031,222500,1,170312225001
39,60,53,26,27,3,19,7,0,64,12,16,9,5,3,0,1014,343,2.96,17,031,222800,1,170312228001
33,9,57,60,40,31,23,19,53,42,9,70,0,0,0,0,1436,446,3.19,17,031,230700,3,170312307003
58,31,52,35,19,9,38,14,25,10,79,8,0,0,21,0,1150,399,2.88,17,031,230700,4,170312307004
0,23,30,11,40,115,16,13,25,24,29,66,16,0,8,0,1379,416,3.29,17,031,230700,1,170312307001
77,71,19,50,23,0,0,17,0,8,56,99,120,57,74,135,1469,806,1.82,17,031,240200,1,170312402001
14,0,0,0,0,9,0,46,0,99,13,14,91,13,27,152,991,478,2.07,17,031,241400,3,170312414003
21,0,28,0,0,0,10,0,0,38,0,53,31,11,74,42,623,308,2.02,17,031,241400,2,170312414002
173,116,67,41,9,23,0,24,0,5,96,53,30,20,44,27,1379,728,1.67,17,031,839500,1,170318395001
52,47,89,90,31,43,48,8,17,11,23,32,0,0,2,0,1539,493,3.12,17,031,301803,1,170313018031
214,65,38,11,31,10,3,14,8,17,0,7,16,0,0,0,683,434,1.57,17,031,835500,1,170318355001
71,26,26,3,39,7,38,25,16,5,15,33,18,0,0,0,910,322,2.79,17,031,835500,2,170318355002
165,22,11,79,8,23,87,28,16,62,114,147,12,32,33,8,1277,847,1.5,17,031,839200,2,170318392002
105,37,0,32,35,8,0,34,0,12,58,52,10,0,0,0,670,383,1.75,17,031,839200,3,170318392003
5,9,0,9,22,0,0,16,0,0,27,0,5,0,0,0,244,93,2.62,17,031,839200,1,170318392001
54,34,39,40,58,0,59,0,0,0,23,0,28,0,0,0,1153,335,2.96,17,031,251900,3,170312519003
274,85,101,57,74,0,18,44,0,17,65,0,0,17,0,34,2725,786,3.47,17,031,251900,4,170312519004
34,0,47,0,38,21,60,0,64,12,5,37,7,0,11,0,1425,336,4.24,17,031,580502,2,170315805022
8,7,8,39,54,15,10,68,48,31,56,0,39,0,0,0,1404,383,3.67,17,031,580501,1,170315805011
40,36,20,34,10,43,8,22,0,37,9,23,15,0,0,27,1082,324,3.32,17,031,580501,4,170315805014
6,0,0,6,21,64,5,0,0,27,43,29,30,41,14,23,979,309,3.17,17,031,700302,2,170317003022
25,9,0,32,0,15,0,81,0,50,24,90,0,22,24,6,1217,378,3.22,17,031,700302,1,170317003021
21,18,42,8,30,6,14,6,12,57,70,75,111,39,34,40,1962,583,3.37,17,031,700302,4,170317003024
13,15,7,0,0,0,25,41,19,43,58,66,21,0,0,0,979,308,3.18,17,031,700402,1,170317004021
9,22,22,0,0,0,12,0,0,16,13,38,52,27,39,0,920,250,3.68,17,031,700401,4,170317004014
30,0,0,30,12,31,22,29,0,36,34,139,45,19,30,0,1688,457,3.69,17,031,700401,3,170317004013
0,8,19,19,60,32,50,0,48,45,66,67,54,33,0,0,1595,501,3.17,17,031,700401,1,170317004011
0,21,38,11,0,17,26,48,64,47,31,13,0,0,0,0,1360,316,4.3,17,031,830500,1,170318305001
13,46,0,43,47,53,0,16,14,17,35,30,10,0,0,0,1262,324,3.69,17,031,830500,3,170318305003
50,12,24,8,3,6,37,0,0,7,39,10,0,4,0,0,722,200,3.61,17,031,841400,1,170318414001
144,158,73,38,58,12,36,34,21,33,50,22,9,4,7,0,1613,699,2.31,17,031,841700,1,170318417001
22,0,32,8,0,29,0,18,9,0,11,11,18,0,0,0,451,158,2.85,17,031,840700,1,170318407001
84,45,26,141,34,62,18,45,58,13,7,0,34,6,0,0,1939,573,3.29,17,031,840700,3,170318407003
55,45,48,18,10,26,16,9,34,17,31,33,8,0,16,0,992,366,2.69,17,031,841300,3,170318413003
166,51,142,106,160,0,62,149,100,82,17,69,36,13,0,0,2027,1153,1.73,17,031,811100,5,170318111005
0,0,8,0,8,0,0,6,10,62,25,34,28,50,63,48,1068,342,3.08,17,031,828801,1,170318288011
66,22,8,65,64,50,34,21,0,0,20,30,11,0,0,0,1252,391,3.2,17,031,828504,4,170318285044
37,0,0,12,29,12,9,15,11,15,104,18,21,0,0,0,1247,283,4.41,17,031,828504,3,170318285043
0,12,33,61,0,24,0,32,15,26,43,54,10,0,0,0,723,310,2.08,17,031,828801,5,170318288015
11,17,11,0,40,12,0,1,27,46,25,140,102,35,28,23,1980,518,3.73,17,031,828801,3,170318288013
0,0,0,22,28,33,13,12,9,0,73,58,9,0,0,9,653,266,2.45,17,031,828801,4,170318288014
0,20,29,0,12,12,6,7,0,54,83,62,48,28,18,0,1271,379,3.31,17,031,827805,1,170318278051
0,26,0,37,0,0,11,32,0,31,62,140,29,46,24,0,1323,438,3.02,17,031,827805,2,170318278052
26,0,18,0,10,55,28,0,51,29,56,137,112,154,39,20,2389,735,3.25,17,031,824507,2,170318245072
0,0,10,0,0,0,0,0,0,28,96,41,43,0,58,11,801,287,2.79,17,031,830008,2,170318300082
29,29,0,49,0,0,23,14,10,61,52,140,7,99,38,18,1603,569,2.82,17,031,830008,3,170318300083
54,0,38,0,12,19,8,18,105,33,134,135,54,68,12,0,2191,690,3.18,17,031,830008,1,170318300081
107,66,53,80,63,80,148,32,16,77,42,148,85,26,11,0,1731,1034,1.49,17,031,030601,3,170310306013
77,59,44,37,22,0,29,73,0,0,12,0,22,36,20,14,1035,445,2.33,17,031,030601,2,170310306012
84,14,40,0,29,0,94,16,49,80,26,52,0,0,0,0,1248,484,2.58,17,031,804403,1,170318044031
19,12,0,0,0,0,37,33,14,42,25,157,44,96,47,12,1705,538,3.17,17,031,804310,4,170318043104
40,34,12,18,30,0,9,12,0,25,7,0,0,0,0,0,583,187,3.12,17,031,540102,3,170315401023
139,71,20,109,59,33,44,30,0,0,42,20,0,0,0,0,2019,567,3.56,17,031,540102,2,170315401022
33,8,0,0,24,0,0,0,0,0,0,0,0,0,0,0,162,65,2.49,17,031,540101,4,170315401014
162,106,58,0,36,8,0,0,15,26,0,60,0,0,0,0,1583,471,3.26,17,031,540101,1,170315401011
159,83,50,0,24,58,26,21,0,22,9,0,0,0,0,0,1684,452,3.73,17,031,540101,3,170315401013
201,31,81,32,53,6,115,0,90,0,0,122,0,0,0,0,1716,731,2.35,17,031,440201,2,170314402012
59,27,44,14,95,11,38,89,0,76,33,98,21,0,0,0,1503,605,2.48,17,031,440201,4,170314402014
24,9,9,28,10,47,18,8,0,52,25,63,45,46,57,10,1354,451,3.0,17,031,560900,1,170315609001
17,0,15,17,38,0,16,15,8,33,0,94,41,0,16,7,726,317,2.28,17,031,560900,3,170315609003
59,53,15,63,86,59,25,77,30,24,57,96,7,13,1,0,2334,665,3.51,17,031,580300,1,170315803001
26,0,20,10,14,16,22,12,0,0,0,21,5,6,0,0,488,152,3.21,17,031,611300,1,170316113001
46,10,11,42,20,0,5,19,7,25,61,10,30,0,0,0,1211,286,4.14,17,031,611300,2,170316113002
37,46,62,24,73,31,5,24,20,33,11,23,0,0,0,0,1069,389,2.75,17,031,611300,3,170316113003
15,14,15,38,6,30,15,2,7,23,33,21,0,0,0,0,943,219,4.31,17,031,611600,2,170316116002
0,35,39,8,46,32,12,66,1,36,72,79,115,102,104,228,2469,975,2.37,17,031,801601,1,170318016011
8,0,16,48,10,16,0,32,10,44,69,107,90,32,47,146,1873,675,2.77,17,031,801601,2,170318016012
0,0,28,22,12,0,0,14,0,9,0,65,59,67,83,108,1462,467,3.13,17,031,801606,3,170318016063
0,0,16,13,10,0,0,9,12,0,26,10,55,32,127,70,1110,380,2.92,17,031,801606,2,170318016062
36,23,35,62,28,23,27,48,16,13,118,89,89,36,82,92,1574,817,1.93,17,031,801606,5,170318016065
0,32,37,0,0,9,0,9,0,14,0,39,30,74,43,49,1013,336,3.01,17,031,801606,4,170318016064
0,16,20,0,0,0,0,0,0,0,11,20,10,22,33,76,671,208,3.23,17,031,801606,1,170318016061
35,0,63,33,18,32,0,21,0,8,0,15,0,7,0,0,598,232,2.58,17,031,420700,1,170314207001
57,95,44,82,0,20,43,57,44,116,243,31,54,0,0,0,2058,886,2.32,17,031,806001,3,170318060013
33,0,7,0,0,15,34,26,6,19,56,63,14,5,15,26,923,319,2.89,17,031,806502,1,170318065021
17,10,22,27,44,103,18,29,7,17,93,87,34,44,32,0,1989,584,3.41,17,031,806502,4,170318065024
10,0,0,18,0,13,0,0,9,44,24,65,6,3,17,0,544,209,2.6,17,031,806502,2,170318065022
16,0,24,0,19,21,0,36,15,9,62,27,48,47,72,39,1212,435,2.79,17,031,809700,1,170318097001
25,26,14,23,30,38,21,0,17,33,36,63,17,10,6,19,919,378,2.43,17,031,170400,3,170311704003
0,0,37,15,0,31,49,61,8,9,22,56,110,26,41,88,1633,553,2.87,17,031,160200,4,170311602004
10,34,23,0,46,21,31,10,23,36,15,7,7,11,0,0,605,274,2.21,17,031,160200,1,170311602001
21,44,11,24,0,12,0,30,8,0,10,8,0,9,26,82,625,285,2.19,17,031,160200,3,170311602003
0,15,29,11,24,15,6,7,6,14,37,81,15,32,0,0,681,292,2.33,17,031,170400,4,170311704004
79,8,44,0,6,6,8,25,15,32,29,52,37,56,16,0,1170,413,2.83,17,031,170400,2,170311704002
20,40,19,16,7,0,19,35,0,17,74,47,0,20,5,16,950,335,2.84,17,031,170400,1,170311704001
23,21,14,29,62,18,19,19,11,62,87,63,23,13,19,21,1384,504,2.75,17,031,170800,3,170311708003
28,0,55,44,0,27,0,0,28,20,51,63,40,8,24,17,1159,405,2.86,17,031,170800,2,170311708002
57,4,9,28,25,58,16,9,15,8,61,41,126,0,9,9,1207,475,2.54,17,031,170800,1,170311708001
57,0,46,8,48,0,25,39,0,27,14,56,0,0,11,0,746,331,2.25,17,031,180100,2,170311801002
39,21,10,10,17,43,76,16,0,82,25,0,80,0,0,50,1398,469,2.79,17,031,180100,3,170311801003
53,7,11,0,54,27,12,0,0,37,0,35,52,37,0,0,820,325,2.52,17,031,180100,4,170311801004
70,66,72,21,35,35,17,23,0,20,37,33,24,0,8,11,1858,472,3.9,17,031,670400,1,170316704001
82,40,23,88,38,86,12,0,45,6,8,0,0,0,0,0,1433,428,3.35,17,031,680900,4,170316809004
27,0,15,44,0,22,38,0,46,58,46,135,55,0,12,34,791,532,1.49,17,031,031400,3,170310314003
47,31,45,0,17,38,0,0,0,0,15,82,62,38,20,62,1371,457,3.0,17,031,100100,5,170311001005
64,44,29,14,20,7,18,22,8,26,15,0,30,4,0,0,915,301,3.01,17,031,670600,1,170316706001
27,5,8,28,44,12,40,33,7,36,26,24,0,20,0,4,952,314,3.03,17,031,690500,1,170316905001
58,23,59,89,0,63,81,94,0,168,111,147,164,140,146,253,2632,1596,1.65,17,031,081700,2,170310817002
15,37,69,0,13,15,28,0,0,26,55,45,30,43,27,0,846,403,2.1,17,031,100100,1,170311001001
0,16,0,0,17,0,0,0,0,0,59,15,31,52,33,16,785,239,3.28,17,031,100100,4,170311001004
0,16,0,0,32,0,16,0,0,0,25,3,39,0,50,64,775,245,3.16,17,031,100500,2,170311005002
0,16,15,25,0,0,30,0,29,25,37,72,80,17,40,59,1102,445,2.48,17,031,100500,4,170311005004
12,15,14,39,13,14,84,31,12,80,0,102,75,61,113,52,1897,717,2.63,17,031,100500,5,170311005005
233,204,275,138,88,90,0,17,68,23,72,17,27,0,43,12,2393,1307,1.61,17,031,130100,2,170311301002
13,0,0,37,23,16,27,15,50,9,42,31,24,20,86,51,1807,444,4.07,17,031,130100,3,170311301003
195,26,16,36,40,11,35,11,17,9,52,70,36,3,0,0,1306,557,2.34,17,031,140200,2,170311402002
62,45,5,28,88,59,40,23,53,55,33,77,38,86,24,16,1908,732,2.61,17,031,020400,3,170310204003
9,7,60,25,23,39,27,8,15,84,102,62,25,40,29,0,996,555,1.74,17,031,031000,2,170310310002
48,40,14,11,12,36,6,47,33,83,79,126,50,24,58,62,1347,729,1.85,17,031,031000,3,170310310003
17,28,0,10,11,42,0,31,12,5,6,45,31,29,44,79,1020,390,2.62,17,031,040300,1,170310403001
25,6,9,8,0,0,0,28,10,15,14,39,28,45,54,34,812,315,2.46,17,031,040300,3,170310403003
35,9,0,47,0,5,15,20,9,41,27,90,96,43,30,41,1145,508,2.25,17,031,050600,2,170310506002
157,86,56,24,18,11,33,44,0,25,48,51,49,16,26,78,1235,722,1.63,17,031,060500,1,170310605001
508,54,103,22,0,13,0,0,0,14,0,40,0,12,0,0,1055,766,1.38,17,031,031200,3,170310312003
26,0,23,14,23,0,0,8,0,39,18,35,37,34,9,34,761,300,2.54,17,031,040700,4,170310407004
15,22,0,37,30,7,21,15,28,23,23,84,48,34,25,17,957,429,2.23,17,031,040700,1,170310407001
0,0,0,31,15,7,0,8,5,67,70,36,24,28,0,25,781,316,2.47,17,031,040700,3,170310407003
18,0,26,0,40,8,0,16,31,26,35,56,69,38,24,66,854,453,1.89,17,031,040700,2,170310407002
21,33,35,27,19,6,83,22,7,86,60,114,43,58,11,92,1443,717,2.01,17,031,040900,1,170310409001
0,0,16,0,28,10,2,62,10,3,22,50,6,51,29,40,675,329,2.04,17,031,040900,2,170310409002
7,37,8,0,0,0,30,8,0,49,9,27,31,20,10,94,723,330,2.19,17,031,060100,1,170310601001
8,0,0,0,21,9,0,0,8,9,90,56,43,20,77,154,1101,495,2.22,17,031,060100,2,170310601002
24,17,0,9,0,13,0,18,10,20,38,21,20,0,30,95,772,315,2.45,17,031,060100,3,170310601003
0,11,47,21,21,36,8,3,8,17,28,166,62,39,53,68,1342,588,2.28,17,031,060300,2,170310603002
7,7,7,0,0,19,13,9,4,65,26,50,163,85,50,194,1834,699,2.62,17,031,060300,1,170310603001
67,14,9,0,8,41,15,9,33,36,83,122,85,24,51,173,1956,770,2.54,17,031,060400,1,170310604001
19,6,5,0,10,0,0,8,22,0,55,21,46,18,47,133,1125,390,2.88,17,031,060400,2,170310604002
8,0,0,0,10,12,0,0,0,6,42,55,22,73,88,79,922,395,2.33,17,031,060400,3,170310604003
60,0,4,0,0,12,0,51,13,20,42,120,126,75,15,109,1593,647,2.46,17,031,062200,1,170310622001
44,0,12,7,0,18,41,16,0,49,114,136,63,62,101,81,1344,744,1.81,17,031,063100,1,170310631001
21,15,12,0,0,14,0,13,0,29,11,69,169,140,108,183,1220,784,1.55,17,031,281900,1,170312819001
34,18,9,45,21,24,14,49,21,41,72,29,40,31,0,0,2318,448,2.92,17,031,140200,1,170311402001
43,0,0,15,65,20,22,65,9,74,77,75,9,4,46,51,2271,575,3.69,17,031,140200,3,170311402003
3,0,18,37,30,20,59,9,48,81,23,77,18,12,34,0,1685,469,3.59,17,031,140500,2,170311405002
19,29,10,22,22,0,21,22,34,9,49,60,64,0,31,19,1112,411,2.71,17,031,160300,3,170311603003
71,13,103,58,117,36,70,90,42,71,100,88,46,11,0,0,1734,916,1.75,17,031,160300,1,170311603001
0,0,9,0,7,30,21,53,13,12,14,80,21,20,13,8,1149,301,3.82,17,031,160800,3,170311608003
26,1,6,36,73,0,34,8,47,55,0,66,50,0,39,0,1065,441,2.41,17,031,160800,1,170311608001
23,0,7,21,13,10,38,0,7,42,48,90,95,49,14,15,1339,472,2.84,17,031,160800,2,170311608002
13,0,29,6,0,46,15,7,16,23,38,29,29,12,45,77,988,385,2.48,17,031,161100,1,170311611001
12,0,39,27,37,81,19,5,21,14,30,46,20,5,21,5,1106,382,2.9,17,031,161200,1,170311612001
0,0,20,26,21,0,6,30,32,21,107,26,52,75,18,0,1519,434,3.49,17,031,170200,3,170311702003
6,0,5,23,47,6,0,8,0,48,43,86,59,32,26,19,1488,408,3.64,17,031,170200,1,170311702001
57,76,10,53,25,16,27,42,43,43,80,80,59,36,11,21,1130,679,1.53,17,031,061800,1,170310618001
197,105,33,59,8,23,0,15,13,35,34,45,52,19,46,91,1353,775,1.75,17,031,070400,1,170310704001
42,0,8,0,7,40,0,0,0,29,51,7,46,33,16,142,936,421,2.22,17,031,070400,2,170310704002
18,7,0,0,8,7,25,5,10,0,50,120,40,40,88,136,1251,554,2.26,17,031,070600,2,170310706002
7,0,0,0,0,9,0,8,16,68,28,46,82,49,167,267,1832,747,2.45,17,031,070600,1,170310706001
33,35,0,9,33,32,8,9,47,14,10,112,120,71,39,187,1465,759,1.92,17,031,071300,1,170310713001
0,0,25,41,43,40,0,0,48,36,74,55,78,159,48,87,2350,734,3.12,17,031,802900,3,170318029003
13,0,0,0,25,0,0,0,26,10,70,49,51,33,109,74,1363,460,2.96,17,031,802900,4,170318029004
14,40,0,13,10,12,39,0,0,11,26,124,39,50,63,131,1441,572,2.52,17,031,802900,2,170318029002
0,0,65,0,0,4,22,27,16,29,39,48,113,22,63,32,1335,480,2.78,17,031,803604,2,170318036042
0,0,11,25,0,0,0,12,0,27,32,35,19,13,72,12,740,258,2.87,17,031,803604,4,170318036044
10,6,28,40,0,0,0,0,9,29,48,53,40,33,102,49,1215,447,2.71,17,031,803604,3,170318036043
27,9,28,21,52,28,20,54,21,67,98,95,28,21,15,0,1160,584,1.86,17,031,803604,1,170318036041
0,0,0,0,7,15,0,0,17,9,27,54,63,8,52,9,902,261,3.46,17,031,803800,2,170318038002
7,15,43,37,0,17,0,22,14,59,107,93,91,82,76,55,1894,718,2.62,17,031,803800,3,170318038003
29,0,0,0,39,22,0,16,10,35,7,47,49,20,35,0,1002,309,3.24,17,031,803800,4,170318038004
27,0,0,9,0,10,17,49,33,39,58,24,69,50,34,21,1202,440,2.73,17,031,803800,1,170318038001
65,21,0,40,0,4,40,21,16,9,28,20,5,9,26,13,1129,317,3.06,17,031,241000,2,170312410002
38,21,59,41,0,27,25,59,47,83,93,73,60,95,14,8,1945,743,2.62,17,031,241100,1,170312411001
196,44,50,40,27,0,0,14,15,34,76,0,106,27,73,45,1802,747,2.41,17,031,242000,2,170312420002
52,0,0,0,25,64,18,50,22,81,34,113,110,0,136,34,1583,739,2.14,17,031,242000,1,170312420001
18,27,0,0,6,7,31,74,0,9,67,107,45,83,183,65,1312,722,1.82,17,031,242100,3,170312421003
75,33,11,4,37,34,14,25,26,90,40,51,12,30,11,22,1426,515,2.77,17,031,310400,1,170313104001
30,0,65,90,12,47,33,70,14,30,89,66,0,0,30,0,1692,576,2.94,17,031,310600,3,170313106003
50,47,30,91,29,28,29,0,42,72,0,16,25,0,27,13,1474,499,2.84,17,031,310600,2,170313106002
39,14,8,4,10,13,13,5,17,14,18,51,36,18,58,193,2523,511,1.68,17,031,320400,1,170313204001
103,47,68,95,25,21,25,44,56,44,60,100,59,30,128,29,1717,934,1.83,17,031,031800,1,170310318001
113,109,19,0,27,0,16,0,0,128,185,202,161,51,0,75,1593,1086,1.38,17,031,032100,1,170310321001
7,0,14,12,0,27,8,7,0,0,23,23,15,0,33,45,518,214,2.42,17,031,800900,2,170318009002
16,6,31,0,20,0,0,22,0,45,45,19,53,21,0,12,1092,290,3.77,17,031,822301,1,170318223011
0,14,7,15,48,0,29,12,18,29,65,14,24,10,0,0,769,285,2.7,17,031,822301,2,170318223012
30,0,13,19,28,10,0,16,0,39,84,85,55,51,21,0,1492,451,3.31,17,031,822301,4,170318223014
0,12,29,14,26,0,0,14,12,13,48,56,91,92,52,32,1374,491,2.79,17,031,822602,1,170318226021
14,24,62,15,19,46,30,64,0,57,158,203,52,132,116,90,3016,1082,2.79,17,031,822602,2,170318226022
47,42,11,0,12,0,31,0,53,48,18,47,107,105,142,197,2413,860,2.8,17,031,823801,1,170318238011
0,13,0,5,0,0,30,11,15,11,0,67,129,13,43,69,995,406,2.45,17,031,824105,3,170318241053
55,13,41,36,0,24,0,58,0,120,96,245,250,110,97,70,3238,1215,2.67,17,031,824105,2,170318241052
0,0,62,27,0,16,8,14,0,74,57,91,9,16,0,0,600,374,1.6,17,031,824503,1,170318245031
40,15,8,38,26,12,52,21,54,24,180,40,47,39,39,0,1210,635,1.91,17,031,824503,5,170318245035
101,38,88,60,15,23,26,0,0,6,28,37,0,8,0,0,1077,430,2.5,17,031,400400,1,170314004001
65,12,6,4,18,20,0,20,15,9,48,31,0,5,0,6,584,259,2.19,17,031,400400,2,170314004002
116,52,53,34,0,60,9,5,0,72,40,26,51,18,35,7,993,578,1.72,17,031,221500,1,170312215001
16,27,47,41,23,30,0,47,0,27,105,154,65,54,85,9,1903,730,2.61,17,031,110400,1,170311104001
0,6,9,0,0,14,0,7,0,20,9,8,28,72,35,32,666,240,2.78,17,031,120200,2,170311202002
25,0,31,8,36,23,0,8,42,15,43,51,48,7,46,33,1027,416,2.47,17,031,120200,4,170311202004
72,29,31,27,31,71,27,24,26,37,83,86,32,13,4,25,1646,618,2.66,17,031,230100,1,170312301001
13,12,32,22,17,13,0,13,14,52,27,82,48,49,88,170,1402,652,2.15,17,031,240300,1,170312403001
0,8,0,55,0,8,0,41,0,27,70,29,12,7,43,77,777,377,2.06,17,031,241500,2,170312415002
22,0,0,9,0,0,20,22,0,47,19,67,0,36,23,56,634,321,1.98,17,031,241500,3,170312415003
17,7,0,28,29,9,70,43,17,75,59,72,60,41,33,81,1263,641,1.97,17,031,241600,1,170312416001
56,23,32,33,24,54,51,27,56,104,120,135,54,42,87,87,2175,985,2.21,17,031,241600,2,170312416002
42,48,75,87,49,34,43,8,29,34,72,46,17,19,20,19,1450,642,2.26,17,031,030300,1,170310303001
76,6,86,0,78,61,32,14,53,14,6,37,22,0,0,6,1692,491,3.45,17,031,580200,2,170315802002
170,0,18,0,16,50,15,64,62,15,29,46,11,54,18,0,1653,568,2.89,17,031,550100,6,170315501006
12,0,0,0,17,0,33,0,0,15,0,19,77,12,34,12,515,231,2.23,17,031,550100,5,170315501005
11,44,13,37,50,35,42,19,6,15,82,7,35,26,15,0,1356,437,3.1,17,031,560200,3,170315602003
20,6,6,24,21,57,36,20,10,35,68,47,36,0,19,0,1417,405,3.5,17,031,560400,1,170315604001
63,50,42,86,68,10,0,62,45,32,43,5,0,8,0,0,1661,514,3.23,17,031,580800,1,170315808001
58,67,44,40,0,14,58,0,7,11,0,27,0,0,0,0,1188,326,3.64,17,031,611000,1,170316110001
33,46,53,0,5,6,41,79,11,77,46,73,27,39,78,0,1802,614,2.93,17,031,826401,1,170318264011
245,40,72,89,13,38,6,40,0,17,88,38,32,0,0,0,1579,718,2.19,17,031,826901,1,170318269011
111,0,76,61,18,0,11,46,27,14,39,0,0,18,0,0,1110,421,2.64,17,031,827000,3,170318270003
56,58,94,83,80,24,34,20,14,39,7,15,0,7,0,0,1897,531,3.57,17,031,610400,1,170316104001
26,93,21,90,53,3,16,32,26,49,9,0,0,0,0,0,1261,418,3.02,17,031,580400,2,170315804002
66,57,29,27,24,13,15,29,52,23,80,56,6,6,16,0,1660,499,3.31,17,031,590700,2,170315907002
63,18,16,22,37,27,63,15,24,49,34,46,31,15,27,8,1574,495,3.18,17,031,590700,1,170315907001
11,16,20,15,34,17,29,44,32,20,54,74,92,15,29,0,1549,502,3.09,17,031,610800,1,170316108001
85,0,9,21,12,0,4,8,2,12,0,0,17,0,0,0,642,170,3.78,17,031,612000,1,170316120001
83,59,17,37,4,24,0,10,1,9,14,48,38,19,0,0,1068,363,2.94,17,031,612100,1,170316121001
0,38,44,7,34,34,9,43,0,25,76,112,77,39,17,0,1482,555,2.66,17,031,640500,2,170316405002
5,12,19,50,11,23,22,0,0,49,0,54,17,69,21,33,1158,385,3.01,17,031,800900,4,170318009004
13,15,0,0,7,16,25,8,0,0,22,34,75,20,93,15,1016,343,2.96,17,031,740300,5,170317403005
8,0,26,14,0,0,28,11,8,0,67,84,52,36,21,7,878,362,2.43,17,031,740300,1,170317403001
54,32,23,0,7,18,41,36,0,8,17,10,0,10,0,0,876,256,3.42,17,031,530600,3,170315306003
10,20,47,13,23,20,5,20,11,15,0,37,14,0,26,0,712,261,2.73,17,031,530600,2,170315306002
62,50,0,13,40,0,12,0,15,27,28,98,50,28,39,5,1074,467,2.3,17,031,561000,1,170315610001
0,29,0,0,17,35,0,0,46,16,7,46,101,17,46,0,971,360,2.7,17,031,561000,5,170315610005
0,18,16,39,0,15,0,55,0,15,51,39,13,50,21,17,762,349,2.18,17,031,561000,3,170315610003
55,25,57,61,88,78,73,28,157,141,145,133,61,66,54,15,3851,1237,3.11,17,031,770800,2,170317708002
31,11,20,34,11,30,51,50,28,92,99,73,90,102,48,185,2157,955,2.26,17,031,800800,1,170318008001
14,0,0,0,0,0,0,0,0,53,28,19,61,35,0,46,332,256,1.3,17,031,081000,1,170310810001
56,17,0,0,0,0,43,27,10,26,37,233,137,0,23,40,1157,649,1.78,17,031,081000,2,170310810002
0,15,20,0,34,14,9,0,0,0,52,20,21,0,0,0,436,185,2.36,17,031,821401,2,170318214012
82,0,19,18,26,9,31,9,10,31,36,60,25,0,11,0,825,367,2.25,17,031,821401,1,170318214011
0,0,17,22,7,0,9,0,7,56,55,67,21,16,68,0,955,345,2.77,17,031,820104,3,170318201043
46,84,7,21,29,36,33,0,35,47,63,46,0,11,0,0,1222,458,2.67,17,031,820104,1,170318201041
8,0,33,11,6,7,67,38,36,46,12,52,83,17,22,13,1069,451,2.37,17,031,820104,4,170318201044
18,0,0,15,15,0,0,15,0,44,15,52,9,17,36,181,1207,417,2.89,17,031,820201,3,170318202013
32,62,14,38,14,35,0,0,11,59,30,45,19,0,0,20,1154,379,3.04,17,031,821200,1,170318212001
50,16,29,16,60,10,0,14,32,111,21,98,33,0,0,0,1447,490,2.95,17,031,821200,4,170318212004
63,44,108,40,47,42,81,13,53,48,0,13,12,0,0,0,1332,564,2.35,17,031,821200,2,170318212002
47,27,44,8,29,0,0,0,10,52,51,65,46,70,50,0,1350,499,2.71,17,031,821600,4,170318216004
24,18,24,6,9,0,9,0,9,9,26,49,0,0,0,0,413,183,2.26,17,031,821600,5,170318216005
21,19,19,0,9,0,21,19,7,31,10,0,41,21,12,50,722,280,2.58,17,031,821600,3,170318216003
62,20,0,0,0,0,0,0,0,6,6,52,33,29,12,5,553,225,2.46,17,031,821700,1,170318217001
0,18,39,0,15,0,0,96,28,30,87,69,79,43,19,0,1600,523,3.06,17,031,804805,1,170318048051
18,16,0,0,49,0,22,0,0,0,49,17,35,18,0,74,813,298,2.73,17,031,120300,4,170311203004
6,0,0,0,0,0,0,0,0,0,12,0,37,36,61,47,552,199,2.77,17,031,120300,5,170311203005
0,0,0,17,0,11,11,0,70,26,12,106,0,0,0,55,858,308,2.79,17,031,804805,2,170318048052
67,16,37,17,0,34,10,49,82,76,94,146,195,125,52,154,3173,1154,2.75,17,031,804805,4,170318048054
43,27,0,27,65,90,31,80,53,13,142,147,0,0,14,13,2154,745,2.89,17,031,805107,4,170318051074
0,63,38,36,46,28,11,34,70,25,55,56,48,34,0,14,1402,558,2.51,17,031,805107,2,170318051072
148,79,81,34,77,18,22,14,0,19,11,0,5,14,0,6,1668,528,2.41,17,031,690300,2,170316903002
23,27,22,8,24,0,4,18,20,0,17,11,15,0,0,0,616,189,3.26,17,031,690300,1,170316903001
25,28,0,29,15,30,9,18,18,27,43,40,9,0,0,0,751,291,2.58,17,031,480500,2,170314805002
0,7,16,10,10,0,30,9,9,82,9,51,25,55,65,12,1367,390,3.5,17,031,808302,1,170318083021
281,54,53,17,43,33,16,0,27,0,0,52,14,14,33,62,1789,699,2.41,17,031,809300,3,170318093003
124,42,26,0,9,0,24,0,14,0,35,0,11,17,6,50,851,358,2.37,17,031,809300,1,170318093001
68,32,9,20,37,13,0,26,95,39,50,53,42,0,29,18,1612,531,3.04,17,031,283100,1,170312831001
26,57,25,22,17,46,54,7,0,72,0,0,15,0,0,0,1326,341,3.89,17,031,300700,2,170313007002
18,18,120,79,13,36,39,41,41,45,28,56,3,0,0,0,1985,537,3.7,17,031,300800,1,170313008001
86,54,56,92,45,14,52,10,0,59,32,14,15,5,0,0,1365,534,2.56,17,031,710300,1,170317103001
7,0,9,18,18,16,0,11,3,23,57,88,62,61,66,58,1470,497,2.96,17,031,720500,2,170317205002
11,2,4,0,0,8,13,0,0,25,29,49,34,5,52,41,719,273,2.63,17,031,720500,1,170317205001
0,0,9,0,0,0,0,6,0,7,31,59,62,26,46,47,832,293,2.84,17,031,720600,2,170317206002
18,9,38,3,32,37,6,21,5,35,9,62,21,0,12,0,850,308,2.76,17,031,730100,2,170317301002
26,27,16,26,16,13,19,9,29,17,23,43,40,14,10,0,981,328,2.99,17,031,730100,3,170317301003
0,10,32,41,37,54,44,9,8,21,10,28,16,17,11,22,868,360,2.41,17,031,820101,1,170318201011
15,0,0,0,15,11,0,14,31,12,14,0,0,39,83,41,550,275,2.0,17,031,820101,4,170318201014
34,0,8,10,10,10,0,0,31,29,31,19,19,15,10,10,658,236,2.79,17,031,821402,3,170318214023
8,0,27,24,0,97,0,11,67,118,63,81,46,8,8,0,1586,558,2.84,17,031,821402,2,170318214022
56,14,31,35,4,60,0,46,0,23,0,31,7,0,0,0,1044,307,3.4,17,031,460200,1,170314602001
116,62,56,15,65,51,12,46,4,49,47,122,8,18,4,0,1707,675,2.21,17,031,420200,1,170314202001
79,74,55,49,0,39,40,0,0,0,0,30,11,0,0,0,1198,377,3.18,17,031,420600,1,170314206001
124,51,31,11,8,27,2,32,39,29,14,11,0,0,0,0,1028,379,2.71,17,031,440800,2,170314408002
15,33,0,19,0,0,18,25,0,77,17,75,14,20,0,0,731,313,2.34,17,031,480400,6,170314804006
92,29,26,15,19,41,35,34,54,0,23,26,40,65,10,16,1603,525,3.05,17,031,450300,1,170314503001
51,30,56,39,0,84,12,6,0,24,64,33,0,0,12,6,994,417,2.38,17,031,711200,2,170317112002
28,46,11,62,32,6,30,5,3,76,7,29,15,8,0,0,1143,358,3.19,17,031,730700,2,170317307002
18,32,6,67,0,22,17,23,18,65,60,70,56,36,10,17,1686,517,3.26,17,031,770400,1,170317704001
73,70,55,57,11,47,49,99,221,134,302,289,192,131,147,180,3308,2057,1.61,17,031,060800,3,170310608003
0,0,0,0,0,0,0,0,0,0,0,0,0,0,0,0,0,0,-666666666.0,17,031,060800,2,170310608002
162,77,96,44,46,48,39,222,105,262,369,347,275,129,139,138,3564,2498,1.43,17,031,060900,4,170310609004
35,78,60,30,0,0,40,34,93,73,46,163,108,76,26,106,1671,968,1.73,17,031,060900,3,170310609003
79,26,0,81,80,44,27,0,27,25,0,0,0,0,25,0,767,414,1.85,17,031,060900,5,170310609005
9,34,0,11,19,30,0,21,15,49,74,117,28,38,17,45,928,507,1.83,17,031,062000,2,170310620002
82,48,54,36,54,22,0,28,20,107,11,13,48,43,0,0,1222,566,2.15,17,031,010502,1,170310105021
14,16,42,41,45,33,100,18,106,15,126,125,28,47,77,53,2243,886,2.53,17,031,040201,4,170310402014
31,0,17,65,0,17,15,29,41,81,92,26,92,16,73,51,1350,646,2.09,17,031,040201,3,170310402013
243,123,33,58,37,55,49,0,0,91,13,56,38,15,0,54,1363,865,1.58,17,031,031200,4,170310312004
94,65,145,26,46,58,29,47,15,29,57,266,79,0,60,29,1973,1045,1.89,17,031,031300,5,170310313005
13,55,33,26,0,26,0,15,55,148,46,37,106,15,16,74,1161,665,1.73,17,031,031400,5,170310314005
50,35,8,4,11,0,8,18,25,41,30,41,8,6,0,0,832,285,2.92,17,031,711300,2,170317113002
40,0,0,18,0,0,0,16,50,41,24,84,57,98,77,228,2014,733,2.75,17,031,241400,4,170312414004
10,36,23,0,29,9,23,7,43,22,66,80,30,68,70,14,1121,530,2.1,17,031,242400,1,170312424001
32,21,0,32,10,10,4,3,5,16,41,11,18,7,11,0,748,221,3.18,17,031,711300,1,170317113001
41,31,33,12,70,32,42,36,11,20,66,117,55,29,0,0,1546,595,2.6,17,031,730500,4,170317305004
35,38,105,27,63,18,41,21,58,34,94,114,50,51,39,59,1754,847,2.07,17,031,770700,2,170317707002
28,0,0,13,47,0,13,0,56,0,13,64,0,0,66,202,1295,502,2.58,17,031,800200,2,170318002002
13,0,0,0,0,0,14,0,0,0,0,24,0,10,34,124,667,219,3.02,17,031,800200,3,170318002003
0,0,0,0,0,14,0,33,0,15,13,48,92,17,63,113,1117,408,2.74,17,031,800200,5,170318002005
0,7,7,0,7,0,15,0,0,0,13,10,27,31,34,43,497,194,2.56,17,031,800300,2,170318003002
7,9,7,24,25,0,0,35,0,42,9,26,8,55,37,121,1188,405,2.93,17,031,800300,1,170318003001
7,14,8,0,0,0,4,0,10,6,5,13,44,16,53,160,1102,340,3.22,17,031,800500,2,170318005002
0,0,8,25,9,0,0,8,6,0,14,24,10,21,34,257,1270,416,3.05,17,031,800500,4,170318005004
18,6,23,4,9,17,6,16,0,4,6,0,52,33,25,94,835,313,2.67,17,031,800500,1,170318005001
0,0,8,0,0,0,0,0,0,7,16,0,59,6,25,190,1043,311,3.35,17,031,800500,3,170318005003
88,41,13,14,0,9,0,7,7,0,36,64,89,17,190,102,1311,677,1.94,17,031,833000,2,170318330002
38,8,0,0,0,0,28,58,0,9,156,144,25,137,102,134,1457,839,1.62,17,031,833000,1,170318330001
0,16,54,27,40,9,42,0,9,17,11,85,0,18,0,0,1098,328,3.35,17,031,820603,1,170318206031
5,26,32,0,15,15,41,14,23,42,53,149,105,59,16,5,1926,600,3.21,17,031,820603,3,170318206033
26,13,59,18,6,88,75,34,30,59,41,133,33,0,70,10,2253,695,3.24,17,031,820603,2,170318206032
112,101,81,187,55,39,9,47,28,89,203,61,6,7,58,22,3329,1105,3.01,17,031,820604,1,170318206041
12,12,11,29,35,0,5,17,0,26,41,48,11,7,12,0,823,266,3.09,17,031,820604,2,170318206042
59,57,3,64,68,29,35,10,13,59,198,75,56,33,44,14,2199,817,2.69,17,031,820606,2,170318206062
10,19,14,23,9,22,0,91,16,134,136,122,81,73,2,19,1549,771,2.01,17,031,820606,1,170318206061
17,27,15,34,30,45,0,13,46,53,51,20,16,0,0,0,1353,367,3.69,17,031,813701,2,170318137012
33,53,0,19,53,92,31,53,47,26,181,17,0,0,0,0,2112,605,3.49,17,031,813701,1,170318137011
0,11,60,0,4,0,29,0,33,28,12,69,33,8,27,3,1495,317,4.72,17,031,813802,3,170318138023
22,32,0,28,27,17,0,13,5,18,31,50,23,23,7,0,1181,296,3.99,17,031,813802,2,170318138022
200,22,12,75,0,29,0,74,19,25,79,54,74,40,33,70,1159,806,1.44,17,031,839000,3,170318390003
78,117,0,0,72,44,4,0,91,41,83,334,131,126,84,78,2694,1283,2.1,17,031,839000,2,170318390002
133,14,82,31,99,4,20,3,29,60,30,124,67,55,41,78,2442,870,2.79,17,031,833300,1,170318333001
148,72,9,16,44,28,22,15,27,19,33,51,10,28,61,73,1608,656,2.45,17,031,832900,1,170318329001
458,135,24,12,29,9,38,36,0,15,9,39,30,8,0,5,1943,847,2.29,17,031,838000,2,170318380002
21,0,0,4,40,0,0,16,7,35,36,55,89,39,60,10,918,412,2.23,17,031,838000,1,170318380001
58,13,13,7,49,23,7,10,8,17,9,8,0,0,0,0,313,222,1.32,17,031,838100,2,170318381002
11,26,21,74,65,82,19,36,36,32,88,81,123,31,54,31,2037,810,2.51,17,031,770901,4,170317709014
53,20,54,7,9,0,0,0,27,19,20,61,109,10,0,0,952,389,2.45,17,031,770901,3,170317709013
16,29,69,24,28,0,35,18,10,26,45,89,10,4,16,41,1435,460,3.12,17,031,830007,1,170318300071
50,23,0,41,34,36,49,27,0,22,73,103,67,25,0,0,1270,550,2.31,17,031,830007,3,170318300073
58,16,60,21,69,7,8,87,46,53,65,102,39,20,9,0,1860,660,2.48,17,031,830007,2,170318300072
13,33,0,0,0,9,12,8,59,0,72,101,11,0,65,0,816,383,2.13,17,031,825303,4,170318253034
15,0,12,22,16,0,45,0,0,6,16,108,22,0,13,0,550,275,2.0,17,031,825303,3,170318253033
102,23,54,25,22,12,102,58,20,25,76,104,10,19,29,0,1817,681,2.67,17,031,825303,1,170318253031
8,0,0,13,9,0,8,0,19,12,32,112,25,13,8,28,865,287,3.01,17,031,825303,2,170318253032
58,15,79,13,81,15,76,29,46,43,99,120,81,50,60,96,2436,961,2.53,17,031,824120,4,170318241204
14,28,13,15,43,0,15,16,13,14,102,84,114,43,88,90,2146,692,2.88,17,031,824120,2,170318241202
0,56,14,10,27,27,14,32,38,55,44,57,137,17,127,116,2355,771,3.05,17,031,824120,1,170318241201
0,0,14,68,71,80,56,79,13,35,134,78,56,0,18,98,1675,800,2.09,17,031,824120,3,170318241203
0,0,0,0,0,26,0,22,4,52,26,47,89,86,169,89,2369,610,3.88,17,031,824119,1,170318241191
73,37,45,55,15,45,16,43,0,253,111,242,197,27,130,133,3631,1422,2.55,17,031,824119,2,170318241192
9,9,45,50,59,88,27,25,49,49,95,101,94,95,18,36,1953,849,2.3,17,031,824115,2,170318241152
22,26,32,86,11,42,23,36,17,70,66,64,47,14,21,19,1109,596,1.86,17,031,823805,3,170318238053
0,0,24,13,29,0,16,19,17,79,65,50,31,0,22,0,807,365,2.21,17,031,823805,2,170318238052
16,0,39,5,0,39,18,40,0,13,23,10,12,0,0,0,820,215,3.81,17,031,301802,1,170313018021
11,8,44,24,44,30,0,0,0,66,0,62,0,10,0,0,713,299,2.37,17,031,831600,3,170318316003
36,9,0,26,0,52,33,43,32,34,0,58,26,0,32,0,1088,381,2.85,17,031,831600,2,170318316002
41,32,0,0,15,15,17,45,23,61,65,61,0,11,0,0,1755,386,4.55,17,031,831600,1,170318316001
49,10,0,0,4,10,15,10,12,5,33,67,45,58,27,0,1454,345,4.2,17,031,831500,2,170318315002
49,19,0,118,44,45,29,31,39,43,184,27,15,53,0,35,1968,731,2.69,17,031,831100,3,170318311003
101,18,0,73,58,36,31,67,72,145,170,28,68,31,56,18,3121,972,3.21,17,031,831100,4,170318311004
3,12,56,7,24,5,39,26,70,4,32,74,11,27,35,0,1190,425,2.8,17,031,831100,1,170318311001
0,17,0,0,0,0,12,13,0,26,29,0,78,49,15,74,848,313,2.71,17,031,812000,5,170318120005
0,31,9,21,23,34,0,19,23,35,97,99,68,69,50,51,2147,629,3.41,17,031,809700,2,170318097002
69,108,30,22,66,28,9,18,47,39,99,33,38,49,33,48,1798,736,2.17,17,031,810702,3,170318107023
14,14,27,0,0,30,30,0,14,23,16,56,0,14,14,71,645,323,2.0,17,031,812000,2,170318120002
13,0,0,0,0,11,0,24,0,21,0,53,40,39,11,116,947,328,2.82,17,031,812000,6,170318120006
0,0,0,0,12,0,51,0,0,45,66,20,18,23,24,16,796,275,2.89,17,031,812000,4,170318120004
0,0,0,0,0,7,0,0,0,8,25,42,0,21,34,197,1191,334,3.57,17,031,812200,1,170318122001
0,0,0,0,0,0,8,0,0,21,10,7,21,28,24,135,814,254,3.17,17,031,812200,2,170318122002
16,0,42,0,7,0,6,9,29,6,29,38,21,24,13,0,698,240,2.91,17,031,640700,2,170316407002
8,6,0,72,6,24,43,39,12,7,15,33,51,0,9,0,1202,325,3.7,17,031,650100,3,170316501003
22,25,31,16,32,19,61,29,40,49,6,50,14,0,0,0,1247,394,3.16,17,031,650100,1,170316501001
0,8,35,0,6,0,16,37,12,29,34,31,13,30,20,5,1272,276,4.59,17,031,650100,2,170316501002
55,4,36,7,3,19,23,27,28,19,66,39,0,17,10,0,1313,353,3.72,17,031,671900,1,170316719001
20,32,45,17,0,31,8,0,21,24,24,9,26,0,0,0,980,257,3.81,17,031,681400,3,170316814003
18,31,15,21,0,10,8,0,0,15,0,29,0,9,0,0,421,156,2.7,17,031,681400,1,170316814001
252,170,94,119,9,49,43,10,47,7,38,30,20,11,13,37,1558,949,1.64,17,031,380200,2,170313802002
66,75,9,10,28,12,5,15,17,48,41,63,22,10,0,0,870,421,2.07,17,031,500300,2,170315003002
22,15,25,43,39,43,43,36,11,7,136,118,61,56,27,7,2067,689,3.0,17,031,520500,2,170315205002
35,28,44,0,9,0,0,25,18,19,130,39,72,40,49,25,1985,533,3.72,17,031,520500,3,170315205003
92,12,17,5,22,17,22,20,15,0,5,40,14,5,10,0,954,296,3.22,17,031,530400,1,170315304001
0,37,18,33,18,17,20,19,0,55,4,19,19,0,36,0,658,295,2.23,17,031,550100,2,170315501002
117,48,0,19,36,46,16,58,0,17,70,31,0,0,0,20,1584,478,3.31,17,031,550100,3,170315501003
81,34,58,82,21,71,71,14,0,10,71,62,35,19,15,7,1939,651,2.96,17,031,190402,1,170311904021
8,0,7,7,12,10,22,31,4,12,21,52,13,34,42,79,741,354,2.09,17,031,832100,2,170318321002
60,0,14,12,7,7,30,16,21,38,70,70,31,14,41,45,859,476,1.8,17,031,832100,3,170318321003
92,79,110,71,23,25,12,5,8,64,53,107,129,40,22,72,1652,912,1.81,17,031,832100,1,170318321001
43,0,14,0,43,28,16,17,0,31,31,34,10,7,0,0,878,274,3.2,17,031,843800,1,170318438001
23,29,18,42,30,4,42,14,3,2,12,26,12,0,0,0,978,257,3.81,17,031,843800,2,170318438002
46,0,4,37,0,7,17,6,0,0,11,91,21,12,0,0,1431,252,5.68,17,031,842800,4,170318428004
14,20,72,14,15,9,10,15,0,57,27,16,39,0,0,0,1146,308,3.72,17,031,842800,3,170318428003
0,0,0,41,32,9,96,9,0,0,40,0,0,0,0,0,837,227,3.69,17,031,842800,6,170318428006
19,33,99,7,68,57,16,28,31,60,84,16,27,8,0,0,1997,553,3.58,17,031,842800,5,170318428005
16,95,14,0,45,25,9,8,36,28,31,29,0,0,0,15,1358,351,3.87,17,031,842800,2,170318428002
56,18,10,68,46,44,29,0,0,0,44,0,8,0,0,0,869,323,2.69,17,031,842800,1,170318428001
0,0,0,0,0,0,0,0,0,0,0,0,0,0,0,0,0,0,-666666666.0,17,031,980100,1,170319801001
58,17,0,22,20,0,38,0,0,10,39,10,0,0,0,0,802,214,3.75,17,031,842400,3,170318424003
8,36,66,26,27,35,37,10,10,8,149,37,8,0,14,9,1070,480,2.23,17,031,842400,1,170318424001
81,74,25,37,34,98,70,29,83,42,248,324,246,207,104,276,6684,1978,3.38,17,031,804311,2,170318043112
155,39,30,0,27,62,61,17,14,0,24,15,13,0,30,0,1526,487,2.83,17,031,020500,3,170310205003
178,92,44,19,0,7,9,8,0,0,0,0,0,0,0,0,449,357,1.2,17,031,680900,2,170316809002
51,35,68,24,8,34,0,0,3,22,11,8,0,43,0,0,697,307,2.19,17,031,680900,3,170316809003
59,31,15,20,19,23,0,0,0,42,9,0,0,0,0,14,924,232,3.91,17,031,681100,4,170316811004
28,0,14,0,0,0,16,23,17,64,52,118,34,28,88,14,832,496,1.68,17,031,031400,2,170310314002
0,0,99,61,24,30,17,24,57,149,40,93,221,105,97,44,1564,1061,1.47,17,031,031400,1,170310314001
0,0,0,0,0,0,0,0,0,0,0,0,0,0,0,0,136,0,-666666666.0,17,031,031400,4,170310314004
16,41,48,56,0,0,0,0,29,9,41,55,8,30,18,16,757,367,2.06,17,031,040600,1,170310406001
13,9,10,0,0,0,37,15,0,18,67,74,47,44,13,44,1045,391,2.67,17,031,040600,3,170310406003
29,7,0,49,12,52,38,29,0,14,16,67,55,10,14,0,1215,392,3.07,17,031,817600,3,170318176003
0,11,15,0,7,7,7,26,17,27,53,60,27,0,12,0,949,269,3.53,17,031,818402,1,170318184021
0,19,26,0,51,15,23,36,0,40,18,52,32,25,16,19,912,372,2.44,17,031,818402,2,170318184022
10,53,49,58,9,0,30,21,39,51,20,25,42,38,50,48,1070,543,1.87,17,031,819000,4,170318190004
9,0,12,0,0,0,8,0,8,13,9,61,56,83,45,123,1420,427,3.33,17,031,819000,2,170318190002
0,0,14,16,0,9,10,0,28,0,8,40,64,43,58,132,1393,422,3.3,17,031,819000,3,170318190003
16,10,18,12,0,24,19,23,9,69,57,122,36,51,12,56,1552,534,2.91,17,031,819300,2,170318193002
12,25,0,16,0,0,10,0,22,35,21,18,53,0,11,0,908,223,4.07,17,031,491100,3,170314911003
24,31,15,8,0,0,27,31,44,55,69,49,56,10,9,0,1136,428,2.65,17,031,491100,5,170314911005
5,0,29,0,9,0,31,10,12,37,43,27,35,0,0,10,893,248,3.6,17,031,491100,2,170314911002
80,41,15,5,0,13,42,0,14,0,7,0,0,0,5,0,605,222,2.73,17,031,491300,1,170314913001
21,17,30,30,11,9,0,0,13,4,0,18,5,32,0,0,558,190,2.94,17,031,491300,3,170314913003
26,0,11,4,4,0,11,5,4,26,32,0,9,8,0,0,614,140,3.91,17,031,491300,2,170314913002
56,23,57,55,52,45,36,22,37,33,59,38,25,0,13,10,2278,561,4.05,17,031,520100,1,170315201001
114,44,38,3,0,8,11,0,29,50,9,6,7,0,0,0,684,319,2.14,17,031,530100,2,170315301002
69,18,21,19,8,14,0,0,0,32,0,0,0,16,0,10,579,207,2.8,17,031,530200,3,170315302003
0,0,41,0,37,33,61,10,0,49,23,41,79,12,0,0,1021,386,2.65,17,031,818401,1,170318184011
28,15,7,9,9,15,7,9,0,16,69,64,46,0,6,0,764,300,2.55,17,031,818401,4,170318184014
26,30,28,28,31,27,18,31,37,13,44,11,0,0,0,0,795,324,2.45,17,031,816500,3,170318165003
0,6,13,8,28,28,20,0,29,30,71,19,13,49,25,16,1605,355,4.5,17,031,816500,1,170318165001
0,0,36,0,0,0,41,29,26,39,38,52,0,9,0,0,979,270,3.63,17,031,817102,2,170318171022
0,37,6,34,0,0,5,37,0,36,67,11,6,37,11,0,1002,287,3.49,17,031,817102,1,170318171021
47,24,16,16,23,16,0,9,35,10,25,104,81,31,0,0,1262,437,2.89,17,031,819100,1,170318191001
0,0,16,16,79,0,90,0,18,0,30,43,71,14,6,37,1351,420,2.96,17,031,830004,2,170318300042
53,0,131,79,0,0,60,36,17,76,32,192,215,259,185,49,4504,1384,3.24,17,031,830004,3,170318300043
35,0,50,19,10,6,9,22,34,62,20,115,101,35,153,129,2228,800,2.76,17,031,830005,2,170318300052
0,9,16,0,9,9,0,16,10,39,12,10,27,9,26,144,944,336,2.81,17,031,120100,2,170311201002
139,17,19,12,0,44,0,0,13,23,46,214,159,39,84,245,1673,1054,1.59,17,031,080300,2,170310803002
131,28,67,22,25,47,56,0,28,106,142,211,34,81,183,382,2178,1543,1.41,17,031,081600,1,170310816001
138,0,0,42,27,67,66,0,73,156,109,432,249,44,149,356,2689,1908,1.41,17,031,081800,2,170310818002
75,60,52,44,0,5,32,18,13,10,21,25,0,6,12,0,1129,373,3.02,17,031,420800,2,170314208002
0,8,82,16,0,39,0,0,14,29,30,34,44,41,79,72,1207,488,2.47,17,031,805501,1,170318055011
26,0,7,7,39,0,0,39,0,42,11,45,68,75,102,18,1452,479,3.02,17,031,120100,1,170311201001
23,0,0,8,30,0,0,8,0,10,8,54,11,25,39,54,542,270,2.01,17,031,120100,3,170311201003
54,8,67,99,45,26,16,45,15,54,39,9,0,16,0,11,1935,504,3.84,17,031,140100,1,170311401001
79,32,8,103,8,21,33,6,30,103,93,87,30,0,36,0,2144,669,3.2,17,031,140100,2,170311401002
0,26,0,0,0,13,8,0,7,6,26,48,52,7,19,0,601,212,2.83,17,031,150800,5,170311508005
10,36,17,0,41,32,32,26,20,16,25,58,17,35,23,18,1248,406,3.05,17,031,150800,3,170311508003
26,0,17,0,0,46,50,34,0,21,57,27,36,23,27,22,992,386,2.57,17,031,150800,1,170311508001
0,21,0,8,0,46,48,13,0,21,144,149,0,0,14,0,1581,464,3.41,17,031,150800,4,170311508004
16,0,46,17,39,37,0,0,8,28,21,51,31,8,9,0,1029,311,3.31,17,031,150800,2,170311508002
0,49,66,16,33,25,31,0,48,49,21,62,19,0,8,0,1383,427,3.22,17,031,151100,2,170311511002
21,6,0,30,47,54,19,9,58,52,32,65,17,0,0,11,2051,421,4.87,17,031,630500,1,170316305001
27,11,74,83,16,31,0,43,0,30,10,8,0,0,0,0,1250,333,3.75,17,031,611100,3,170316111003
0,0,27,22,49,53,6,0,0,0,8,0,0,0,0,0,622,165,3.77,17,031,611400,2,170316114002
32,28,17,48,44,45,37,9,8,57,8,7,9,0,0,0,1342,349,3.82,17,031,611400,3,170316114003
14,7,102,17,86,24,56,10,54,0,0,19,0,0,0,0,1432,389,3.66,17,031,630500,3,170316305003
38,37,18,0,0,0,66,61,0,7,62,13,25,21,38,0,2074,386,5.37,17,031,630500,2,170316305002
15,23,12,41,26,26,20,18,59,16,31,85,15,22,17,15,1230,441,2.79,17,031,640100,1,170316401001
20,20,9,92,31,8,7,6,24,5,56,23,13,8,0,8,656,330,1.99,17,031,821700,5,170318217005
0,15,39,8,0,20,5,0,13,31,44,81,55,41,25,12,1106,389,2.84,17,031,821700,3,170318217003
61,45,17,0,33,0,33,46,18,53,32,61,54,10,16,21,1502,500,2.97,17,031,821700,2,170318217002
50,45,0,27,46,48,28,45,34,79,46,121,47,17,0,0,1437,633,2.27,17,031,770400,3,170317704003
17,8,48,77,9,32,54,0,24,30,47,88,55,34,24,44,1593,591,2.7,17,031,770400,2,170317704002
216,51,69,70,73,116,27,12,12,137,199,191,132,90,143,634,5174,2172,2.36,17,031,802300,1,170318023001
0,17,0,13,6,12,0,13,0,0,14,82,69,21,76,0,897,323,2.78,17,031,802701,3,170318027013
21,0,12,0,25,0,21,63,0,39,51,72,52,69,104,106,1742,635,2.73,17,031,802701,4,170318027014
24,0,0,29,116,18,59,27,42,126,199,26,45,0,0,23,2300,734,3.13,17,031,802701,1,170318027011
0,19,16,16,0,17,0,0,0,61,44,55,29,69,11,18,1003,355,2.83,17,031,802802,4,170318028024
0,12,0,0,0,51,0,113,0,25,47,26,139,39,45,0,1436,497,2.89,17,031,802802,1,170318028021
47,0,0,17,0,0,0,52,54,46,29,98,91,22,13,46,1302,515,2.5,17,031,802802,2,170318028022
0,0,0,62,41,54,65,17,13,19,16,20,58,43,73,34,1273,515,2.47,17,031,802802,5,170318028025
105,8,32,0,22,18,9,10,17,34,42,78,40,57,52,94,1289,618,2.09,17,031,809500,1,170318095001
19,8,0,16,0,0,0,43,38,35,33,0,42,49,27,29,779,339,2.19,17,031,809500,3,170318095003
70,21,100,14,23,0,0,30,7,0,0,0,0,18,0,0,759,283,2.67,17,031,290900,3,170312909003
193,22,36,0,0,6,0,60,0,0,18,18,0,0,0,0,792,353,2.24,17,031,290900,1,170312909001
57,13,13,22,27,33,25,29,0,10,11,33,28,0,0,0,974,301,3.24,17,031,290900,4,170312909004
0,0,17,13,20,47,24,0,10,0,41,0,1,0,0,0,442,173,2.55,17,031,580400,4,170315804004
15,20,27,15,10,18,24,31,103,41,11,0,8,0,11,16,1163,350,3.32,17,031,580400,3,170315804003
14,16,24,30,0,38,21,36,0,15,29,142,71,0,18,45,1280,499,2.55,17,031,822102,3,170318221023
15,67,45,12,75,37,19,62,68,48,25,75,27,70,0,0,1419,645,2.2,17,031,822102,2,170318221022
71,32,26,38,69,20,49,24,36,61,66,63,44,25,27,10,1554,661,2.35,17,031,222600,1,170312226001
78,50,90,45,5,33,12,7,9,44,19,29,70,17,45,41,1427,594,2.4,17,031,240700,1,170312407001
13,0,23,47,79,43,41,24,23,53,106,158,105,42,63,18,1714,838,2.05,17,031,090200,3,170310902003
15,23,13,25,0,69,72,13,0,66,120,162,52,44,102,80,1841,856,2.15,17,031,090200,4,170310902004
0,0,12,0,0,10,23,0,0,10,0,0,23,0,23,100,544,201,2.68,17,031,090200,5,170310902005
54,9,18,0,32,17,8,15,15,32,32,70,41,87,60,27,1250,517,2.4,17,031,100400,3,170311004003
50,0,0,16,11,18,0,0,9,74,48,31,7,22,62,17,954,365,2.61,17,031,100400,2,170311004002
15,35,25,0,29,11,17,0,17,62,45,107,24,7,24,18,987,436,2.25,17,031,100700,5,170311007005
7,9,32,41,34,8,12,0,9,47,29,52,25,39,21,0,1047,365,2.85,17,031,100700,4,170311007004
0,30,0,24,0,0,0,0,12,10,25,63,73,25,0,22,844,284,2.97,17,031,100700,1,170311007001
0,0,16,17,0,0,0,33,0,0,21,15,13,21,17,128,826,281,2.89,17,031,120300,6,170311203006
34,35,17,52,19,19,24,12,0,31,26,11,27,0,11,0,657,318,2.07,17,031,480200,1,170314802001
44,4,72,32,15,6,28,32,6,96,65,98,24,4,12,0,1368,538,2.54,17,031,490500,2,170314905002
24,16,17,26,12,11,0,0,14,42,8,9,15,9,41,6,893,250,3.57,17,031,834000,2,170318340002
18,0,37,64,43,10,6,34,23,43,65,0,16,5,10,6,1116,380,2.91,17,031,020602,4,170310206024
63,155,0,24,78,84,29,0,70,65,142,254,86,84,420,129,2817,1683,1.67,17,031,839000,1,170318390001
0,0,0,0,0,36,20,0,9,0,84,60,112,95,51,43,1198,510,1.65,17,031,839000,4,170318390004
32,0,12,11,13,36,13,17,4,13,12,4,15,20,42,48,739,292,2.51,17,031,832900,2,170318329002
226,91,67,34,19,4,19,0,15,44,49,45,42,35,23,51,1139,764,1.49,17,031,838100,1,170318381001
0,19,23,12,24,45,0,7,29,20,136,104,96,45,16,33,1649,609,2.3,17,031,824115,1,170318241151
34,28,0,73,34,13,29,9,13,54,49,90,83,22,0,0,982,531,1.82,17,031,823805,1,170318238051
16,40,17,32,0,7,32,29,10,10,47,9,11,0,0,0,996,260,3.83,17,031,301802,3,170313018023
8,55,35,0,29,0,56,50,15,58,0,80,35,0,0,0,1311,421,3.11,17,031,831600,5,170318316005
36,54,42,37,0,42,26,50,24,224,84,75,60,12,7,0,2141,773,2.76,17,031,831500,1,170318315001
71,0,50,0,16,104,28,0,14,14,39,58,67,0,26,0,1364,487,2.79,17,031,831100,2,170318311002
170,0,42,69,87,19,54,0,22,32,35,67,29,10,26,0,1738,662,2.63,17,031,440202,1,170314402021
109,87,128,15,15,83,21,59,0,0,46,0,8,0,0,0,1233,571,2.16,17,031,440102,1,170314401021
37,59,18,0,0,34,59,9,7,34,27,8,0,0,0,0,674,292,2.31,17,031,440102,2,170314401022
93,57,33,17,46,51,60,16,65,30,64,34,61,44,7,0,1771,678,2.61,17,031,490901,1,170314909011
14,0,43,0,24,24,29,43,11,50,65,81,68,0,37,3,1730,492,3.52,17,031,650302,1,170316503021
8,0,54,10,25,13,6,22,39,34,47,8,38,0,0,0,1190,304,3.91,17,031,813801,3,170318138013
102,0,52,0,79,43,45,0,12,20,27,161,77,66,0,15,1623,699,2.32,17,031,700501,4,170317005014
0,0,0,12,0,0,16,13,12,24,81,0,10,105,0,0,1306,273,3.5,17,031,700501,2,170317005012
8,37,48,18,4,43,35,34,21,83,135,46,32,16,11,17,1079,588,1.84,17,031,816000,2,170318160002
13,0,0,37,42,15,85,63,30,23,64,52,126,35,97,102,2370,784,3.02,17,031,720200,3,170317202003
29,0,17,0,0,0,17,32,24,37,27,76,28,75,18,0,1361,380,3.58,17,031,720700,2,170317207002
0,9,13,29,14,17,26,22,14,0,37,24,43,30,129,15,1672,422,3.96,17,031,140400,2,170311404002
0,0,0,0,10,33,12,9,11,0,59,7,75,0,42,10,872,268,3.25,17,031,640700,1,170316407001
0,4,0,7,6,14,15,34,4,51,69,69,73,104,98,160,1753,708,2.48,17,031,050700,1,170310507001
9,24,0,9,37,40,7,9,44,0,61,43,51,0,7,0,1417,341,4.16,17,031,620100,1,170316201001
40,37,17,44,0,41,35,52,9,34,23,8,44,0,9,0,1491,393,3.79,17,031,630800,4,170316308004
17,0,0,36,34,19,11,0,14,37,32,49,0,0,0,0,807,249,3.24,17,031,640700,4,170316407004
0,0,28,37,5,0,9,36,15,43,25,61,0,8,9,44,1219,320,3.81,17,031,814600,3,170318146003
0,0,9,42,10,17,10,40,8,13,16,63,0,9,28,0,959,265,3.62,17,031,814600,5,170318146005
10,9,23,0,21,57,0,35,0,18,27,142,61,0,0,0,987,403,2.38,17,031,815200,3,170318152003
33,10,34,13,0,46,13,35,0,21,32,40,12,10,10,10,666,319,2.09,17,031,815200,4,170318152004
0,0,0,69,8,81,0,27,30,7,0,55,26,0,16,0,1656,319,5.19,17,031,816401,4,170318164014
17,0,9,8,22,0,0,32,11,14,55,99,57,0,39,12,1237,375,3.26,17,031,816800,3,170318168003
39,12,0,0,0,43,0,15,0,35,15,115,17,14,20,0,1274,325,3.92,17,031,815500,4,170318155004
39,0,13,0,11,22,36,0,0,22,65,33,20,0,0,45,926,306,3.03,17,031,815500,6,170318155006
67,22,38,45,0,11,24,19,8,46,115,123,33,10,46,0,1822,607,3.0,17,031,818000,1,170318180001
144,42,21,17,0,11,19,9,42,11,31,24,7,0,0,0,991,378,2.54,17,031,828900,3,170318289003
95,15,142,173,83,122,30,37,81,214,334,198,282,99,93,127,4467,2125,2.1,17,031,829901,4,170318299014
41,12,0,25,0,14,0,32,0,24,79,79,165,101,56,56,2032,684,2.97,17,031,829902,2,170318299022
61,11,11,32,14,36,0,64,93,19,106,90,0,15,0,0,885,552,1.6,17,031,829902,4,170318299024
0,0,10,14,0,0,9,13,28,0,13,26,12,20,67,30,363,242,1.5,17,031,080201,3,170310802013
53,0,13,0,31,28,44,118,14,124,68,85,55,98,227,231,2093,1189,1.76,17,031,080202,3,170310802023
122,55,37,77,30,113,136,77,49,128,71,133,32,22,8,11,3288,1101,2.99,17,031,210501,2,170312105012
6,0,0,0,0,22,0,0,37,0,9,21,0,22,0,11,645,128,5.04,17,031,210601,1,170312106011
0,0,0,0,0,0,0,0,4,0,0,0,0,0,0,0,5,4,-666666666.0,17,031,836100,2,170318361002
100,0,0,0,0,0,0,0,0,0,0,0,0,0,0,0,248,100,2.48,17,031,835700,1,170318357001
11,12,36,23,6,39,40,64,0,41,103,72,0,11,9,0,1131,467,2.42,17,031,140701,2,170311407012
54,38,0,73,0,7,46,8,89,66,0,43,15,0,18,7,1236,464,2.66,17,031,140602,3,170311406023
31,62,0,42,0,28,33,0,7,36,69,76,25,35,23,24,1528,491,3.11,17,031,140702,3,170311407023
13,28,5,3,56,13,32,5,0,38,11,73,47,28,10,21,1668,383,4.36,17,031,140301,2,170311403012
30,31,19,10,9,27,0,0,10,28,0,11,23,0,0,0,609,198,3.06,17,031,841800,1,170318418001
38,0,14,24,52,7,0,13,0,18,11,34,0,20,9,0,810,240,3.38,17,031,842600,2,170318426002
8,0,0,4,0,0,0,4,0,2,5,0,12,6,14,23,2059,78,2.15,17,031,842000,2,170318420002
28,29,44,72,24,38,16,0,10,27,51,45,35,0,8,11,1460,438,3.33,17,031,843400,1,170318434001
8,13,55,9,10,28,0,53,21,89,101,111,80,27,19,45,1837,669,2.75,17,031,803014,1,170318030141
9,12,8,23,28,12,16,0,23,88,70,110,129,79,97,87,1677,791,2.12,17,031,803015,1,170318030151
59,29,0,0,40,56,12,41,10,33,25,115,33,0,13,0,1243,466,2.67,17,031,820605,1,170318206051
9,16,17,10,0,17,38,83,41,90,89,164,30,44,138,121,2562,907,2.82,17,031,804506,3,170318045063
8,0,36,62,15,17,23,0,41,152,45,73,62,36,0,0,2388,570,4.19,17,031,804405,1,170318044051
97,95,30,0,12,101,9,74,13,51,114,54,103,0,79,12,1898,844,2.25,17,031,220602,4,170312206024
33,47,0,0,24,0,23,32,0,23,6,11,22,11,7,6,717,245,2.93,17,031,251200,1,170312512001
103,42,80,87,39,106,15,18,9,46,23,29,23,0,0,0,1793,620,2.69,17,031,611500,2,170316115002
0,17,32,11,20,0,74,0,0,0,13,10,0,0,0,0,510,177,2.88,17,031,611700,1,170316117001
9,10,64,19,40,9,37,21,23,56,30,51,33,73,0,0,2174,475,4.53,17,031,630900,1,170316309001
0,7,38,39,14,31,35,10,21,0,108,10,43,0,9,0,1692,365,4.64,17,031,630900,3,170316309003
11,0,0,0,38,25,0,0,30,0,32,22,0,28,0,0,507,186,2.73,17,031,650200,6,170316502006
49,23,13,37,84,45,22,0,12,9,11,33,11,6,0,0,833,355,2.35,17,031,490800,3,170314908003
10,0,0,0,11,10,10,21,40,27,45,72,46,0,9,0,877,301,2.91,17,031,490800,2,170314908002
57,0,5,14,12,10,32,0,7,5,13,32,30,0,0,0,624,217,2.88,17,031,500200,2,170315002002
81,111,11,15,0,0,11,18,0,0,19,0,0,7,0,0,653,273,2.39,17,031,510300,3,170315103003
26,25,58,26,9,18,30,0,18,61,61,44,63,0,13,0,1483,452,3.28,17,031,520300,4,170315203004
10,8,27,3,3,0,11,11,12,45,60,121,76,129,48,8,1772,572,2.78,17,031,827901,2,170318279012
25,0,9,0,0,9,30,23,0,24,8,46,22,24,12,10,582,242,2.4,17,031,110300,1,170311103001
0,0,16,0,10,0,0,39,15,80,83,18,82,23,0,22,1215,388,3.13,17,031,171100,3,170311711003
8,54,45,0,8,19,38,29,0,41,46,34,8,12,51,0,1176,393,2.99,17,031,190300,1,170311903001
24,23,32,46,36,29,13,21,47,52,23,66,26,14,38,11,1569,501,3.13,17,031,190300,2,170311903002
45,34,20,51,16,0,0,25,16,8,33,25,39,0,0,9,798,321,2.48,17,031,460100,4,170314601004
16,39,0,30,29,24,23,22,37,45,38,38,36,0,9,0,1595,386,4.13,17,031,191000,2,170311910002
80,12,12,11,17,81,24,54,18,27,113,32,167,25,82,97,2759,852,3.24,17,031,828505,5,170318285055
10,18,0,0,8,35,0,82,8,50,42,34,17,0,47,0,964,351,2.75,17,031,828701,3,170318287013
26,0,15,6,17,0,10,0,0,21,10,27,33,41,34,69,877,309,2.84,17,031,720600,1,170317206001
21,29,21,16,4,15,38,5,0,29,41,3,18,8,0,0,717,248,2.89,17,031,730100,1,170317301001
0,0,0,28,14,0,31,36,12,26,40,0,44,13,84,97,1163,425,2.74,17,031,820101,2,170318201012
45,0,36,19,45,7,44,89,12,114,51,29,32,37,0,23,1474,583,2.53,17,031,821402,1,170318214021
27,0,17,51,58,36,20,49,8,63,44,33,26,43,15,0,1294,490,2.64,17,031,822101,1,170318221011
21,44,0,42,8,14,0,17,24,11,9,122,24,0,25,0,849,361,2.28,17,031,822101,3,170318221013
13,23,30,32,30,0,21,11,5,46,21,11,0,14,19,0,708,276,2.57,17,031,823304,1,170318233041
11,0,9,8,10,16,22,3,22,46,31,67,27,12,25,4,786,313,2.51,17,031,823304,2,170318233042
92,134,108,41,45,50,38,57,34,82,74,60,55,96,64,17,2060,1047,1.95,17,031,824507,1,170318245071
40,19,91,75,0,106,41,21,0,82,102,64,15,22,42,0,2191,720,3.04,17,031,824800,1,170318248001
137,71,66,47,42,51,48,54,0,20,131,132,90,26,33,46,2108,994,2.11,17,031,031700,1,170310317001
57,13,0,0,24,0,0,24,20,42,74,60,49,21,53,74,1102,511,2.16,17,031,031700,4,170310317004
12,17,0,19,0,0,0,0,0,12,12,147,75,34,40,19,1109,387,2.87,17,031,100200,6,170311002006
10,0,41,0,54,20,0,0,0,17,15,48,10,0,34,13,581,262,2.2,17,031,100200,7,170311002007
0,15,0,17,17,0,52,23,0,0,79,48,17,99,47,26,1488,440,2.97,17,031,100200,3,170311002003
23,0,63,10,0,0,0,0,0,0,38,37,29,47,48,10,850,305,2.69,17,031,100300,1,170311003001
0,0,15,14,16,27,34,0,18,14,28,40,95,0,14,40,861,355,2.43,17,031,100300,5,170311003005
74,71,15,45,94,22,16,27,87,0,65,34,10,18,0,0,1516,578,2.62,17,031,310900,1,170313109001
38,24,50,41,68,28,34,5,48,42,47,77,20,20,20,23,1518,585,2.58,17,031,160400,2,170311604002
19,44,88,58,5,39,40,33,9,45,49,65,18,10,0,7,1722,529,3.26,17,031,310500,1,170313105001
10,13,27,32,0,20,39,8,0,27,68,124,32,15,37,42,1383,494,2.61,17,031,803902,3,170318039023
8,0,0,40,14,18,35,9,9,62,47,46,63,27,7,20,1024,405,2.53,17,031,803902,2,170318039022
0,0,0,0,10,0,0,9,9,36,91,66,38,17,102,63,1302,441,2.95,17,031,804104,3,170318041043
0,8,0,0,0,0,22,0,7,22,19,58,136,83,138,106,1823,599,3.04,17,031,804105,1,170318041051
26,0,0,0,28,0,0,34,0,14,0,0,56,36,11,73,668,278,2.4,17,031,804202,3,170318042023
179,180,36,0,0,0,0,27,20,27,88,240,131,164,78,170,2376,1340,1.77,17,031,320600,2,170313206002
0,0,0,12,0,14,0,13,25,13,12,71,102,61,38,44,1281,405,3.16,17,031,804810,2,170318048102
0,0,13,13,42,0,0,0,0,11,54,72,0,0,44,9,725,258,2.74,17,031,804901,4,170318049014
0,0,22,33,0,38,66,9,21,37,96,94,17,66,53,47,1489,599,2.49,17,031,804901,3,170318049013
0,0,0,30,27,0,14,17,14,14,66,49,27,62,37,38,1119,395,2.72,17,031,804901,5,170318049015
19,10,18,37,21,30,34,18,11,26,119,124,63,26,0,34,1654,590,2.8,17,031,805301,2,170318053012
10,6,38,18,16,40,8,30,7,33,62,41,54,30,54,20,1239,467,2.65,17,031,805302,2,170318053022
6,11,27,12,14,0,9,11,13,50,37,40,107,61,18,102,1599,518,3.09,17,031,801800,1,170318018001
11,23,12,0,27,38,14,0,0,11,17,85,44,0,25,15,828,322,2.57,17,031,560800,4,170315608004
0,59,30,28,33,1,8,9,51,46,26,48,19,26,10,21,918,415,2.21,17,031,809200,2,170318092002
0,41,6,29,18,13,9,25,13,28,20,71,6,12,25,10,1389,326,4.26,17,031,809200,3,170318092003
28,22,33,29,11,38,29,36,0,22,10,54,54,27,22,0,812,415,1.96,17,031,810501,1,170318105011
55,35,23,27,118,32,6,0,0,28,0,11,38,0,0,14,1172,387,3.03,17,031,811100,4,170318111004
23,66,126,19,45,28,43,0,32,45,176,53,56,19,37,11,1600,779,2.05,17,031,811100,2,170318111002
8,19,22,0,9,9,9,0,20,51,60,61,8,10,9,0,921,295,3.12,17,031,811200,1,170318112001
26,37,9,8,42,9,39,22,50,45,18,8,59,9,12,8,1003,401,2.5,17,031,811200,4,170318112004
26,19,7,10,12,7,27,0,0,27,18,39,26,0,44,69,867,331,2.61,17,031,812500,4,170318125004
8,8,9,7,16,0,9,40,30,9,119,25,13,50,10,84,918,437,2.1,17,031,812700,1,170318127001
0,0,24,40,0,59,0,90,31,13,40,60,50,0,0,0,1547,407,3.8,17,031,814400,2,170318144002
26,35,36,48,54,61,104,96,76,66,130,102,37,75,24,9,1978,979,2.02,17,031,822801,1,170318228011
51,23,59,22,25,53,19,12,6,15,35,17,5,4,0,16,1382,362,3.75,17,031,823603,1,170318236031
51,49,8,9,0,116,0,8,43,64,91,46,45,25,15,5,1687,575,2.93,17,031,823705,1,170318237051
13,77,89,91,19,78,60,27,14,49,56,129,135,49,69,49,2273,1004,2.26,17,031,824107,3,170318241073
0,0,0,0,0,9,13,11,0,14,95,75,86,58,34,35,1300,430,3.02,17,031,824107,2,170318241072
24,0,13,51,0,15,18,17,8,84,41,5,28,17,5,0,1031,326,3.16,17,031,490902,1,170314909021
0,25,57,13,0,57,29,46,9,97,151,87,119,82,36,15,2320,823,2.82,17,031,804308,2,170318043082
66,17,25,45,30,50,12,27,9,17,69,5,0,0,0,0,1153,372,3.1,17,031,301702,3,170313017023
0,10,0,51,36,12,24,33,14,27,99,144,27,27,18,0,1787,522,3.42,17,031,700301,1,170317003011
79,101,64,40,44,54,13,131,0,68,108,84,10,0,0,0,2017,796,2.53,17,031,490902,2,170314909022
105,57,56,57,15,78,31,30,37,43,52,101,6,0,0,0,1802,668,2.7,17,031,823703,4,170318237034
0,62,38,80,100,72,70,12,35,67,83,79,0,11,0,0,2860,709,4.03,17,031,200401,2,170312004012
24,20,84,53,16,135,31,53,27,43,62,31,35,8,20,0,1757,642,2.74,17,031,210602,3,170312106023
22,38,22,24,14,0,0,12,0,55,39,47,44,23,0,0,899,340,2.64,17,031,220901,2,170312209012
29,41,68,12,29,51,19,9,0,48,58,73,5,8,0,7,1303,457,2.85,17,031,220902,1,170312209021
0,0,12,10,0,26,45,0,0,35,38,47,25,13,0,16,939,267,3.49,17,031,804509,3,170318045093
0,0,46,53,0,30,40,0,0,21,33,165,311,269,292,61,4886,1321,3.7,17,031,804507,2,170318045072
20,20,9,78,68,30,29,13,0,12,24,12,54,18,0,0,920,387,2.38,17,031,804403,2,170318044032
37,114,24,10,78,8,26,9,12,40,33,90,35,27,90,9,1141,642,1.78,17,031,812802,3,170318128023
8,0,9,0,0,16,0,0,0,6,5,56,54,15,41,53,728,263,2.75,17,031,812302,1,170318123021
27,120,12,207,81,48,0,87,26,80,159,264,30,32,47,19,2561,1239,2.07,17,031,760801,1,170317608011
127,121,67,179,71,99,130,96,53,156,153,121,55,3,43,48,4592,1522,2.96,17,031,010201,2,170310102012
0,13,17,17,69,40,11,20,0,13,25,27,6,0,0,0,683,258,2.6,17,031,020901,2,170310209012
36,32,67,16,44,64,36,2,26,13,20,54,78,0,17,0,1176,505,2.33,17,031,252102,2,170312521022
40,0,17,41,0,21,30,5,0,16,26,0,0,0,0,0,769,196,3.92,17,031,252202,4,170312522024
80,32,18,0,0,0,46,7,15,6,17,32,23,0,0,0,873,276,3.16,17,031,252202,5,170312522025
261,102,41,0,48,119,0,15,0,14,16,0,0,0,0,0,1378,616,2.23,17,031,841100,4,170318411004
54,27,16,14,95,27,69,29,16,25,16,46,0,0,10,0,1606,444,3.62,17,031,841200,1,170318412001
11,19,4,6,0,0,0,0,7,7,5,0,0,0,0,0,677,59,2.81,17,031,838200,2,170318382002
82,0,24,63,11,18,29,11,42,13,119,106,62,71,14,0,1729,665,2.6,17,031,814800,1,170318148001
78,0,56,42,9,27,28,18,0,55,29,17,135,15,33,0,2230,542,4.11,17,031,650200,2,170316502002
15,18,48,17,22,35,16,17,40,71,0,23,25,0,0,0,1138,347,3.28,17,031,660900,2,170316609002
0,8,0,0,0,26,0,0,11,12,63,49,64,0,0,0,781,233,3.35,17,031,814800,5,170318148005
97,32,28,42,29,10,9,32,13,4,6,0,0,0,0,0,579,302,1.87,17,031,834800,2,170318348002
8,0,38,19,20,25,54,0,0,18,45,0,29,17,0,0,992,273,3.63,17,031,301701,3,170313017013
0,13,57,0,12,13,0,0,0,20,40,86,23,36,0,0,745,300,2.48,17,031,818800,4,170318188004
0,76,22,58,50,30,48,56,0,86,36,72,0,0,0,0,2210,534,4.14,17,031,191100,5,170311911005
0,0,8,55,0,5,0,0,15,28,77,17,0,0,0,0,897,205,4.38,17,031,191100,2,170311911002
56,10,17,25,8,0,32,17,10,13,49,68,36,19,11,0,1499,371,4.04,17,031,230400,1,170312304001
31,19,0,14,24,56,35,42,54,52,113,98,172,48,86,155,1969,999,1.97,17,031,062000,1,170310620001
18,17,0,14,4,14,4,15,52,38,28,89,132,33,78,131,1342,667,2.01,17,031,062500,1,170310625001
212,26,26,12,0,0,79,11,52,76,161,194,168,86,80,58,2077,1241,1.67,17,031,281900,3,170312819003
0,8,0,8,58,36,33,0,0,29,55,76,16,23,11,31,1184,384,3.08,17,031,140500,1,170311405001
25,10,59,18,24,21,0,5,20,39,37,27,37,26,8,31,1252,387,3.24,17,031,140500,3,170311405003
131,71,38,0,11,10,38,22,55,51,18,45,0,0,0,0,1031,490,2.1,17,031,160300,2,170311603002
22,0,26,0,0,39,17,0,42,8,20,12,28,7,14,0,671,235,2.86,17,031,160800,4,170311608004
0,0,6,0,8,14,8,0,0,31,16,97,90,56,13,29,1038,368,2.82,17,031,161100,2,170311611002
28,17,29,37,28,26,20,15,9,76,53,57,24,38,26,4,1558,487,3.2,17,031,161200,2,170311612002
52,7,9,34,0,8,30,40,13,41,33,24,44,48,23,20,1359,426,3.19,17,031,170200,2,170311702002
6,61,0,38,0,5,18,12,4,30,29,48,152,33,64,191,1716,691,2.48,17,031,062300,1,170310623001
14,8,16,0,0,0,0,0,8,18,23,34,49,30,63,161,1151,424,2.71,17,031,070400,3,170310704003
64,30,20,70,20,92,62,31,0,73,79,148,120,14,143,143,1949,1109,1.74,17,031,071300,2,170310713002
0,10,23,0,25,29,0,0,0,69,69,64,28,0,0,0,1083,317,3.41,17,031,820300,3,170318203003
15,0,0,0,12,27,0,41,27,17,0,46,46,6,29,8,968,274,3.2,17,031,821101,3,170318211013
45,16,21,23,23,43,40,37,38,115,65,51,59,26,28,6,2188,636,3.44,17,031,820202,1,170318202021
8,7,30,22,29,52,24,17,5,26,66,57,15,7,0,0,1224,365,3.34,17,031,820300,4,170318203004
25,18,0,28,0,0,0,0,7,16,21,48,11,15,0,0,538,189,2.85,17,031,821102,4,170318211024
49,43,34,64,18,59,20,51,82,96,234,122,125,24,4,95,2674,1120,2.39,17,031,803608,2,170318036082
31,27,17,62,20,30,50,102,89,99,99,194,128,44,104,13,2742,1109,2.47,17,031,804000,2,170318040002
12,0,0,27,22,0,25,73,8,0,143,62,5,30,19,0,1888,426,4.43,17,031,804306,3,170318043063
0,32,0,20,56,36,46,0,24,28,56,96,28,61,35,55,1284,573,2.24,17,031,823602,4,170318236024
220,113,112,74,0,0,75,0,0,52,63,89,73,40,42,0,2473,953,1.45,17,031,081000,5,170310810005
27,15,0,21,0,27,21,21,16,56,62,105,77,29,15,49,1236,541,2.28,17,031,802605,5,170318026055
46,8,37,0,0,27,26,29,13,0,22,0,7,0,0,0,648,215,3.01,17,031,580501,2,170315805012
18,15,8,0,101,38,16,14,38,114,0,42,12,18,0,0,1925,434,4.44,17,031,580501,3,170315805013
0,7,49,11,10,17,0,50,12,0,118,80,21,7,6,0,1528,388,3.94,17,031,700302,3,170317003023
0,23,6,14,37,11,14,0,0,19,62,28,130,15,0,10,1207,369,3.27,17,031,700402,2,170317004022
35,9,15,13,21,26,13,10,75,51,25,162,16,31,82,23,2058,607,3.39,17,031,700401,2,170317004012
39,14,36,21,4,58,0,26,24,0,36,30,13,10,0,7,695,318,2.19,17,031,500300,1,170315003001
36,6,12,26,8,9,0,5,0,22,16,20,0,29,0,18,561,207,2.71,17,031,520500,1,170315205001
23,0,21,15,0,23,5,30,5,30,41,128,34,30,15,6,1063,406,2.62,17,031,530400,2,170315304002
58,91,31,63,38,80,27,11,34,16,60,107,41,11,16,0,1502,684,2.2,17,031,842400,2,170318424002
11,0,0,0,0,0,13,0,0,15,42,111,33,90,111,140,1823,566,3.22,17,031,804311,1,170318043111
100,0,16,10,21,0,9,20,5,0,21,24,5,0,0,0,670,231,2.84,17,031,834700,2,170318347002
9,9,32,27,7,0,0,0,0,68,61,20,54,49,37,39,1259,412,3.06,17,031,806103,4,170318061034
4,27,21,0,79,8,38,0,44,26,37,103,34,52,72,49,1710,594,2.88,17,031,806103,1,170318061031
17,34,25,71,0,4,40,69,62,38,56,93,78,118,99,211,2648,1015,2.61,17,031,801607,3,170318016073
0,0,26,27,0,46,0,53,13,57,54,168,104,37,60,0,1454,645,2.25,17,031,770201,1,170317702011
0,7,0,62,18,28,45,26,18,17,15,76,0,27,0,9,1139,348,3.27,17,031,841300,1,170318413001
41,0,66,16,54,18,29,59,11,78,0,85,11,0,31,0,1392,499,2.79,17,031,820605,2,170318206052
33,0,9,23,9,8,20,39,15,108,125,20,7,8,0,7,738,431,1.71,17,031,823806,3,170318238063
18,0,16,7,45,7,21,50,75,109,43,151,102,123,252,255,3661,1274,2.87,17,031,824114,1,170318241141
16,9,13,0,18,9,19,0,0,43,34,15,20,23,21,13,579,253,2.29,17,031,824116,2,170318241162
24,13,32,0,10,103,45,63,0,44,25,50,49,58,17,45,2177,578,3.75,17,031,020601,1,170310206011
14,0,55,29,0,0,30,13,0,40,58,46,26,34,27,43,689,415,1.66,17,031,071400,4,170310714004
16,19,0,40,0,13,0,0,47,81,61,102,47,16,50,16,714,508,1.41,17,031,071500,6,170310715006
13,0,0,0,0,93,0,10,22,40,107,46,78,75,21,45,878,550,1.6,17,031,080100,5,170310801005
0,0,0,16,0,0,0,24,0,0,35,79,36,0,13,173,638,376,1.7,17,031,080100,7,170310801007
195,112,0,89,97,25,38,31,0,51,20,125,53,0,32,0,1139,868,1.31,17,031,081000,4,170310810004
89,71,27,72,15,28,36,72,13,27,24,74,13,0,0,0,1578,561,2.81,17,031,431301,2,170314313012
0,0,0,0,0,47,0,0,39,28,34,107,0,20,0,0,861,275,3.11,17,031,802505,2,170318025052
26,73,0,38,41,31,39,0,21,107,230,46,39,7,0,20,1752,718,2.44,17,031,810900,1,170318109001
11,9,0,11,8,30,11,26,24,0,19,64,26,11,22,9,928,281,3.3,17,031,811301,2,170318113012
31,54,9,53,9,0,14,42,0,17,59,43,53,44,10,10,1412,448,3.15,17,031,811301,1,170318113011
39,41,26,10,51,44,71,30,16,35,64,26,54,12,6,0,1594,525,3.04,17,031,230900,3,170312309003
52,7,14,52,9,21,7,29,16,33,23,20,23,13,18,4,1227,341,3.54,17,031,231100,1,170312311001
37,14,46,106,11,42,16,11,57,9,38,93,7,30,37,47,1479,601,2.46,17,031,243400,1,170312434001
29,54,35,32,16,51,38,22,16,50,43,17,18,7,12,0,1786,440,4.06,17,031,250200,1,170312502001
28,16,78,80,63,33,15,89,14,84,184,67,12,49,0,0,2172,812,2.67,17,031,820901,1,170318209011
0,47,13,28,0,45,0,12,19,25,27,140,12,0,0,0,910,368,2.47,17,031,822000,1,170318220001
41,18,17,48,21,11,19,0,22,19,59,27,18,0,0,0,777,320,2.42,17,031,822000,4,170318220004
28,0,56,0,40,63,60,28,36,28,35,31,0,0,0,0,1002,405,2.47,17,031,823001,2,170318230012
0,13,11,25,5,25,0,15,0,22,60,16,15,17,30,14,599,268,2.24,17,031,822200,3,170318222003
12,0,23,21,20,21,21,51,68,36,31,44,25,53,15,0,1389,441,3.15,17,031,826301,2,170318263012
0,42,0,49,36,40,7,27,40,53,82,133,110,35,4,15,2213,673,3.29,17,031,822200,1,170318222001
0,0,28,0,0,12,0,45,9,46,71,0,35,70,40,0,1023,356,2.87,17,031,822500,1,170318225001
70,38,63,59,36,52,17,35,42,44,73,72,20,0,6,0,2020,627,3.21,17,031,821500,1,170318215001
0,0,26,28,0,0,33,72,10,7,27,62,30,8,0,0,779,303,2.57,17,031,821800,2,170318218002
0,0,11,0,0,0,0,0,0,25,22,39,19,11,7,21,542,155,3.5,17,031,821800,3,170318218003
72,0,8,0,30,0,0,15,0,5,141,52,36,0,0,0,1215,359,3.38,17,031,823400,1,170318234001
92,0,28,47,11,37,23,85,52,110,70,171,53,27,16,28,2379,850,2.8,17,031,823702,2,170318237022
71,56,59,21,32,41,23,12,8,72,32,135,15,36,8,0,1129,621,1.82,17,031,822000,3,170318220003
25,11,12,6,30,54,19,0,0,12,23,5,0,12,0,0,796,209,3.81,17,031,300500,1,170313005001
28,79,19,11,48,16,51,6,21,51,41,43,0,0,5,0,1883,419,4.49,17,031,300600,2,170313006002
41,47,43,45,20,61,19,55,10,31,54,113,25,15,8,0,1512,587,2.58,17,031,530300,4,170315303004
0,8,33,0,28,0,26,0,0,25,61,51,61,30,80,32,1428,435,3.28,17,031,560900,4,170315609004
14,42,0,43,30,71,26,20,0,42,61,150,217,0,245,52,3713,1013,3.67,17,031,804310,2,170318043102
22,33,54,0,17,88,9,0,18,29,31,42,0,40,0,0,1268,383,3.31,17,031,200402,2,170312004022
9,0,92,30,36,66,69,23,26,111,10,91,105,10,0,0,2980,678,4.38,17,031,191301,1,170311913011
29,22,7,6,0,21,20,28,46,19,35,56,10,15,0,0,1008,314,3.21,17,031,190601,1,170311906011
28,49,24,57,0,32,43,55,41,39,107,27,0,4,30,8,2290,544,4.21,17,031,191302,1,170311913021
66,0,22,0,113,0,62,81,26,93,59,0,17,34,13,0,1978,586,3.38,17,031,190702,3,170311907023
11,6,6,11,60,17,21,0,0,53,72,107,41,0,18,0,1548,423,3.66,17,031,190401,1,170311904011
0,29,53,22,0,7,61,0,28,39,52,80,20,8,25,16,1832,440,4.16,17,031,190602,1,170311906021
45,0,37,46,16,0,47,76,21,40,61,30,55,42,12,13,1828,541,3.38,17,031,803611,5,170318036115
8,0,23,49,0,33,0,0,20,139,72,187,34,118,137,171,2413,991,2.39,17,031,803017,2,170318030172
0,0,0,0,79,13,31,28,0,51,118,51,9,114,127,0,2249,621,3.62,17,031,825503,5,170318255035
119,23,118,25,44,53,68,146,32,32,88,76,38,0,0,16,1663,878,1.89,17,031,430102,1,170314301021
176,39,52,64,14,12,8,10,12,59,14,52,111,135,8,124,1485,890,1.62,17,031,081401,2,170310814012
81,41,11,28,28,24,17,11,17,62,11,43,25,13,0,0,1187,412,2.88,17,031,430300,1,170314303001
6,27,14,16,17,6,19,22,9,24,17,60,38,18,42,6,1013,341,2.96,17,031,170600,1,170311706001
9,14,22,8,12,0,0,52,14,39,68,53,38,73,37,101,1103,540,2.04,17,031,809100,1,170318091001
0,0,0,7,12,0,8,9,16,35,9,39,42,49,29,21,832,276,2.68,17,031,810302,3,170318103023
71,40,31,7,7,22,8,0,0,21,14,43,69,37,75,74,1140,519,2.2,17,031,062700,3,170310627003
18,129,117,78,67,34,11,41,26,116,0,31,51,0,0,0,2269,719,3.16,17,031,803606,1,170318036061
0,0,11,19,25,28,24,0,11,84,86,86,86,31,55,80,2315,626,3.37,17,031,802504,3,170318025043
9,13,0,0,0,69,23,0,13,0,13,90,26,0,49,58,584,363,1.61,17,031,080300,1,170310803001
137,0,24,0,0,0,19,0,9,0,152,175,96,85,132,168,1364,997,1.37,17,031,081800,3,170310818003
60,16,40,45,0,15,0,0,24,88,93,107,114,31,50,17,1736,700,2.48,17,031,020200,4,170310202004
0,16,0,44,0,20,9,0,9,0,19,75,34,45,96,24,1370,391,3.5,17,031,020200,1,170310202001
62,46,22,21,37,12,108,5,37,33,42,103,0,9,6,8,1383,551,2.51,17,031,431200,2,170314312002
31,0,46,31,0,15,0,55,9,15,8,26,69,0,0,0,663,305,2.17,17,031,460500,6,170314605006
12,30,12,0,33,16,15,12,9,15,10,38,0,0,36,0,470,238,1.97,17,031,460500,2,170314605002
0,45,0,17,0,28,0,30,49,10,10,0,10,0,0,0,320,199,1.61,17,031,460500,1,170314605001
15,6,6,41,14,23,10,0,13,34,42,21,22,0,8,0,1053,255,4.11,17,031,570400,1,170315704001
27,0,0,18,46,8,7,39,27,8,57,62,46,10,0,0,1155,355,3.25,17,031,822302,3,170318223023
0,0,0,0,11,0,27,22,10,33,16,26,130,60,85,57,1202,477,2.52,17,031,823903,3,170318239033
0,6,0,0,7,0,38,0,10,66,76,16,23,33,67,117,1315,459,2.86,17,031,823903,4,170318239034
100,35,31,10,58,23,32,14,0,88,25,6,16,0,0,9,1140,447,2.55,17,031,825600,1,170318256001
26,0,14,0,30,20,13,22,8,33,30,77,0,30,44,26,929,373,2.49,17,031,828401,4,170318284014
34,0,15,8,42,16,22,23,15,39,13,43,21,3,6,0,746,300,2.44,17,031,828401,1,170318284011
0,15,12,33,35,15,0,5,0,22,6,13,0,0,5,0,586,161,3.64,17,031,611600,1,170316116001
78,48,34,0,26,11,15,24,22,6,29,42,17,3,0,6,1252,361,3.47,17,031,827700,2,170318277002
15,32,78,29,10,62,62,14,55,89,19,14,32,6,5,0,1110,522,2.13,17,031,827902,2,170318279022
0,10,12,10,9,34,33,9,9,53,28,26,68,51,0,0,934,352,2.65,17,031,827902,5,170318279025
18,72,0,11,14,0,0,21,30,50,58,0,21,23,0,0,823,318,2.59,17,031,828100,1,170318281001
56,19,14,0,18,26,61,9,16,0,0,32,0,0,11,0,526,262,2.01,17,031,828100,3,170318281003
71,0,11,41,47,0,58,17,0,0,45,0,44,11,0,0,837,345,2.43,17,031,805111,5,170318051115
44,45,44,9,45,0,49,14,0,53,101,114,78,45,26,24,2364,691,3.39,17,031,020802,3,170310208023
50,26,127,65,29,9,40,27,0,54,31,44,0,12,0,0,1813,514,3.53,17,031,020802,4,170310208024
43,15,0,32,9,8,9,7,0,23,94,17,72,59,24,57,1102,469,2.35,17,031,062100,2,170310621002
197,31,8,70,0,0,26,48,16,40,56,70,10,14,35,0,822,621,1.32,17,031,063301,3,170310633013
47,8,0,0,19,0,9,46,0,34,8,33,47,29,66,70,763,416,1.83,17,031,070102,2,170310701022
25,4,7,58,28,23,31,35,0,4,49,65,16,4,0,60,492,409,1.2,17,031,063303,1,170310633031
0,0,14,16,19,0,18,15,0,37,41,0,63,36,36,266,1028,561,1.83,17,031,081201,1,170310812011
16,0,0,9,0,29,0,0,0,35,35,18,0,0,17,149,464,308,1.51,17,031,081202,1,170310812021
50,0,46,9,0,0,19,47,39,18,15,27,21,22,9,10,907,332,2.73,17,031,823101,1,170318231011
24,53,14,15,0,13,73,0,18,6,26,44,29,40,9,0,1143,364,3.14,17,031,823001,4,170318230014
37,39,14,138,39,21,17,136,151,36,92,0,86,0,0,0,2054,806,2.55,17,031,823002,3,170318230023
36,8,18,19,16,12,29,8,46,29,59,60,27,17,8,0,881,392,2.25,17,031,823101,2,170318231012
88,22,59,0,12,13,19,7,15,60,69,138,82,70,0,0,1829,654,2.79,17,031,823302,1,170318233021
44,69,0,30,0,25,21,14,0,46,48,70,0,0,0,0,1731,367,4.72,17,031,823703,1,170318237031
0,15,19,0,23,10,0,76,0,0,58,65,62,7,39,0,1405,374,3.76,17,031,650301,3,170316503013
77,9,68,64,51,18,13,55,22,8,33,88,15,0,0,0,1304,521,2.5,17,031,530503,1,170315305031
43,0,12,7,0,45,56,14,19,64,136,52,16,0,30,0,1546,494,3.13,17,031,530501,4,170315305014
92,57,100,42,59,32,10,6,15,107,86,51,81,52,20,0,1807,810,2.23,17,031,760803,3,170317608033
38,0,0,13,31,0,37,0,26,17,24,33,15,0,0,0,900,234,3.85,17,031,842100,5,170318421005
15,0,12,0,11,26,14,21,15,46,71,50,14,0,0,0,773,295,2.62,17,031,802004,1,170318020041
217,65,27,31,18,9,0,16,21,9,12,12,9,0,0,0,810,446,1.82,17,031,680900,1,170316809001
24,53,54,4,0,33,0,12,19,0,7,9,0,0,0,0,810,215,3.77,17,031,681100,1,170316811001
77,32,0,6,0,44,31,0,20,0,0,0,0,0,0,0,677,210,3.22,17,031,681100,5,170316811005
28,0,8,0,0,7,12,0,0,5,37,117,91,22,86,83,1330,496,2.68,17,031,813100,5,170318131005
0,0,0,10,18,10,0,0,0,55,23,47,39,38,13,40,674,293,2.3,17,031,813200,2,170318132002
9,32,18,0,7,0,0,0,0,49,37,50,9,20,62,63,814,356,2.29,17,031,813200,1,170318132001
0,0,22,0,0,42,7,9,0,45,61,47,0,0,0,0,915,233,3.93,17,031,813400,5,170318134005
89,22,13,53,0,0,21,17,16,46,71,44,22,0,23,0,1025,437,2.35,17,031,828701,2,170318287012
49,5,21,71,45,20,23,41,21,40,122,118,12,12,0,0,1558,600,2.6,17,031,829402,2,170318294022
17,46,23,84,0,78,29,23,25,41,90,43,16,6,21,0,1084,542,2.0,17,031,829402,1,170318294021
58,28,45,22,33,23,12,28,40,23,38,88,43,0,37,0,1317,518,2.53,17,031,829600,1,170318296001
115,56,32,43,28,44,8,12,41,10,6,26,0,13,21,0,1262,455,2.77,17,031,829700,2,170318297002
0,0,0,0,0,10,0,0,12,19,23,30,83,7,38,103,902,325,2.78,17,031,829800,2,170318298002
42,8,17,7,17,23,7,31,17,67,60,44,34,57,58,40,1363,529,2.58,17,031,804710,3,170318047103
59,13,20,26,25,33,42,17,70,152,152,121,81,140,0,28,2657,979,2.71,17,031,804711,3,170318047113
0,47,32,0,0,15,0,24,14,62,75,69,81,48,14,9,1511,490,3.08,17,031,770300,5,170317703005
85,12,27,13,11,15,10,5,14,41,26,39,54,30,25,153,1241,560,2.19,17,031,411200,1,170314112001
83,26,0,30,27,44,0,17,26,42,0,19,4,0,0,0,1007,318,3.17,17,031,420700,4,170314207004
8,0,21,31,33,38,20,0,34,31,20,80,11,9,0,0,1630,336,4.85,17,031,660500,4,170316605004
29,17,0,9,11,19,7,9,7,19,87,29,0,0,0,0,1286,243,5.29,17,031,660500,3,170316605003
0,36,0,0,0,27,8,17,0,54,18,23,65,0,6,0,850,254,3.35,17,031,661100,2,170316611002
39,19,4,24,26,14,29,0,0,11,23,0,0,0,0,0,721,189,3.81,17,031,670600,2,170316706002
44,29,9,6,21,20,7,0,12,53,65,23,47,0,4,0,847,340,2.48,17,031,691000,1,170316910001
58,18,0,15,14,43,60,12,25,15,189,99,13,0,44,49,1724,654,2.63,17,031,100100,2,170311001002
14,0,14,44,0,16,0,30,54,47,15,63,21,43,46,14,940,421,2.23,17,031,100100,3,170311001003
0,0,27,66,44,14,0,10,0,11,56,68,141,67,29,41,1454,574,2.51,17,031,802802,3,170318028023
85,14,77,56,49,77,103,29,9,38,104,72,47,0,45,25,1478,830,1.63,17,031,809500,2,170318095002
63,36,37,31,21,0,0,14,0,8,70,17,0,0,0,0,924,297,3.11,17,031,290900,2,170312909002
22,13,28,20,12,57,12,9,19,39,48,35,23,9,17,0,1690,363,4.65,17,031,580200,1,170315802001
0,0,0,34,0,0,0,8,22,10,58,31,30,40,41,51,1038,325,3.19,17,031,821700,4,170318217004
15,0,14,26,66,25,0,14,9,0,0,107,62,24,0,35,1451,397,3.34,17,031,822102,1,170318221021
10,3,12,28,8,21,22,36,0,15,88,42,18,6,13,13,1195,335,3.53,17,031,230800,1,170312308001
11,24,11,0,0,0,23,0,12,0,37,67,111,85,58,0,1202,439,2.74,17,031,090200,2,170310902002
14,0,11,12,0,40,13,40,0,20,11,70,27,0,18,68,1105,344,3.21,17,031,090200,1,170310902001
11,0,9,18,0,7,8,21,0,7,25,71,70,27,44,30,823,348,2.36,17,031,100400,1,170311004001
94,54,92,64,5,34,24,0,0,3,23,139,104,0,16,13,1365,665,1.92,17,031,031501,2,170310315012
96,12,88,38,48,77,30,24,21,46,69,95,27,32,19,0,1559,722,2.15,17,031,031502,1,170310315021
0,26,43,12,12,10,12,0,0,20,63,33,49,37,70,59,1564,446,3.48,17,031,807600,2,170318076002
69,45,36,5,22,21,28,28,0,16,5,25,23,0,5,0,1093,328,3.33,17,031,400500,2,170314005002
80,8,7,58,59,43,47,36,23,0,40,9,7,0,0,0,776,417,1.86,17,031,410100,1,170314101001
0,0,16,10,23,39,24,14,35,44,32,7,20,25,8,0,1196,297,4.03,17,031,620300,4,170316203004
58,15,31,23,34,0,31,86,20,5,82,57,51,11,0,7,1831,511,3.58,17,031,620300,6,170316203006
7,13,11,20,11,11,23,49,14,6,12,93,44,0,0,0,1450,314,4.6,17,031,620400,4,170316204004
27,0,30,85,79,50,0,63,0,40,38,21,0,0,0,0,1542,433,3.56,17,031,580700,3,170315807003
98,19,76,9,125,51,92,121,36,56,152,82,28,0,40,0,4033,985,4.09,17,031,580700,2,170315807002
33,8,8,79,55,46,34,25,21,17,41,87,31,0,0,0,1570,485,3.24,17,031,590600,1,170315906001
21,50,52,15,43,19,22,38,18,12,13,27,7,0,0,0,1378,337,4.09,17,031,611900,1,170316119001
0,0,0,17,0,18,0,0,0,33,26,26,0,64,13,0,849,197,4.31,17,031,806003,4,170318060034
83,21,120,47,14,67,18,39,40,38,67,57,40,19,14,11,1384,695,1.99,17,031,806003,1,170318060031
6,6,41,6,48,7,38,47,0,38,42,63,34,35,31,34,1145,476,2.41,17,031,806400,1,170318064001
27,25,31,2,48,5,31,20,50,39,30,47,16,9,38,8,1443,426,3.39,17,031,806501,2,170318065012
53,8,18,37,6,26,0,32,8,6,0,53,33,0,24,0,1032,304,3.38,17,031,750600,3,170317506003
11,19,11,3,18,25,0,18,46,36,64,24,29,5,14,21,695,344,2.01,17,031,310200,2,170313102002
22,32,29,31,10,0,0,0,0,47,13,78,0,0,9,0,870,271,3.21,17,031,691200,3,170316912003
8,0,0,0,0,0,11,0,0,0,23,31,45,35,122,186,1012,461,2.2,17,031,832600,1,170318326001
196,63,25,6,46,7,0,4,37,48,12,23,66,10,59,76,1517,678,2.18,17,031,832500,1,170318325001
0,0,10,8,0,11,0,0,15,0,10,45,16,15,58,0,468,188,2.49,17,031,740100,1,170317401001
70,14,15,23,43,12,10,10,0,0,20,7,4,0,0,0,457,228,2.0,17,031,711400,3,170317114003
0,0,0,0,13,5,0,15,5,16,6,18,7,19,105,30,779,239,3.26,17,031,720300,1,170317203001
29,58,26,4,28,15,24,27,4,22,52,40,13,27,9,0,983,378,2.6,17,031,730300,1,170317303001
0,0,17,9,39,8,46,26,0,16,53,80,62,32,25,0,1138,413,2.76,17,031,828802,3,170318288023
8,9,39,6,19,29,25,21,0,43,61,57,15,0,7,7,1296,346,3.75,17,031,650500,2,170316505002
88,64,33,43,29,33,77,32,29,37,130,83,33,47,0,9,1749,767,2.28,17,031,650500,3,170316505003
90,23,99,14,38,0,11,16,16,15,14,59,17,21,70,0,1305,503,2.59,17,031,040202,3,170310402023
0,4,33,15,68,20,9,27,0,96,54,31,15,0,0,0,769,372,2.05,17,031,020801,3,170310208013
17,16,17,29,41,5,18,0,1,14,0,50,34,31,0,0,912,273,3.34,17,031,020702,4,170310207024
21,0,0,0,13,19,14,52,110,127,106,91,35,34,0,24,2661,646,4.06,17,031,804406,2,170318044062
19,25,0,84,0,0,0,52,185,51,200,164,218,116,154,81,3438,1349,2.55,17,031,804507,1,170318045071
0,0,0,0,0,0,22,0,0,33,25,133,19,0,22,85,489,339,1.44,17,031,081300,5,170310813005
16,0,20,22,0,0,28,0,7,66,57,44,8,50,45,36,1261,399,3.16,17,031,808002,1,170318080021
0,0,51,29,22,9,54,20,21,34,47,34,0,0,0,0,1542,321,4.8,17,031,813400,6,170318134006
15,7,7,5,0,0,6,35,6,14,0,23,14,33,30,12,578,207,2.79,17,031,806801,4,170318068014
52,44,16,30,61,31,27,30,39,0,14,163,102,14,31,23,1434,677,2.12,17,031,807300,2,170318073002
0,15,8,0,24,0,0,0,0,51,66,90,41,36,30,118,1618,479,3.38,17,031,808002,3,170318080023
8,18,0,23,0,37,16,0,0,22,8,35,28,23,33,60,689,311,2.22,17,031,808900,2,170318089002
78,31,39,27,40,12,41,38,21,31,25,58,45,27,84,113,2286,710,2.59,17,031,809800,2,170318098002
6,13,27,12,41,57,0,32,57,4,83,105,65,53,93,44,1504,692,2.12,17,031,810100,5,170318101005
0,27,14,52,0,0,0,31,0,46,35,30,46,27,15,13,927,336,2.76,17,031,810301,2,170318103012
9,25,0,15,11,0,16,0,8,15,11,35,53,0,0,17,584,215,2.72,17,031,808302,3,170318083023
221,57,55,11,27,0,50,22,15,24,39,56,0,99,12,20,1889,708,2.58,17,031,809300,2,170318093002
70,11,40,12,23,0,25,0,0,28,0,82,10,9,24,0,1054,334,3.16,17,031,480500,3,170314805003
56,138,71,43,54,18,27,0,50,40,30,69,7,35,9,0,2303,647,3.56,17,031,300700,1,170313007001
47,0,0,27,0,0,0,30,0,61,16,81,107,53,83,15,1367,520,2.63,17,031,824505,2,170318245052
58,18,24,0,49,0,9,27,0,88,57,16,40,0,22,0,962,408,2.36,17,031,825900,2,170318259002
56,32,78,0,11,73,29,14,0,50,28,37,0,32,49,0,1626,489,3.33,17,031,250400,5,170312504005
27,14,19,0,9,114,0,8,0,45,54,22,8,0,0,0,1316,320,4.04,17,031,251600,1,170312516001
84,27,84,27,29,0,20,16,38,64,6,50,0,0,0,20,1569,465,3.37,17,031,251800,5,170312518005
72,28,18,19,24,0,0,44,15,17,7,45,9,0,0,0,981,298,3.27,17,031,251800,2,170312518002
67,16,0,11,5,0,15,12,9,5,13,7,20,3,0,0,877,183,4.79,17,031,260900,2,170312609002
67,71,26,22,50,105,50,58,0,19,0,23,21,6,8,52,1139,578,1.96,17,031,390400,1,170313904001
0,19,0,0,0,32,81,0,0,9,100,80,101,19,10,32,1339,483,2.77,17,031,120300,2,170311203002
15,8,0,10,27,11,0,20,0,64,24,27,37,13,32,44,750,332,2.26,17,031,100700,2,170311007002
36,11,14,13,44,7,8,0,18,14,18,68,89,22,30,37,1121,429,2.61,17,031,100700,3,170311007003
42,0,0,0,86,0,13,36,0,0,26,84,25,47,11,127,1016,497,2.02,17,031,120300,1,170311203001
0,0,43,0,0,51,0,55,0,12,29,136,39,24,53,11,1412,453,3.12,17,031,804805,3,170318048053
0,26,15,0,39,11,15,43,38,28,75,98,34,15,15,0,962,452,2.13,17,031,805107,3,170318051073
45,18,12,38,56,73,73,25,70,92,156,132,11,0,21,16,1906,838,2.27,17,031,805107,1,170318051071
111,30,5,20,4,0,0,5,10,24,10,49,34,48,83,138,1152,571,2.02,17,031,081900,1,170310819001
107,22,13,39,15,41,31,12,15,19,32,13,23,7,11,0,1163,400,2.91,17,031,420800,1,170314208001
53,16,16,28,21,41,27,10,49,0,70,47,24,42,0,0,1009,444,2.27,17,031,811401,5,170318114015
0,0,10,10,11,48,0,0,7,9,26,35,70,28,36,6,1059,296,3.58,17,031,811401,2,170318114012
0,70,23,18,0,7,24,36,0,61,84,53,0,15,39,0,1250,430,2.91,17,031,150600,1,170311506001
52,42,35,7,18,43,18,9,0,14,0,29,21,0,0,0,658,288,2.28,17,031,817500,1,170318175001
35,23,60,23,14,45,6,0,20,41,33,19,84,20,28,8,1592,459,3.47,17,031,817700,2,170318177002
8,12,7,11,27,0,28,41,0,55,67,52,0,0,0,0,1092,308,3.55,17,031,817700,4,170318177004
104,34,31,60,0,30,41,0,0,17,39,6,0,0,0,0,947,362,2.62,17,031,690900,1,170316909001
68,0,10,36,29,36,0,15,28,30,86,39,0,10,0,0,968,387,2.5,17,031,690900,4,170316909004
28,36,37,8,33,17,0,0,0,18,19,0,0,15,0,0,363,211,1.72,17,031,691400,1,170316914001
50,32,29,33,51,0,30,6,36,38,11,7,18,0,0,26,884,367,2.41,17,031,691400,4,170316914004
58,58,23,0,2,41,0,9,41,9,91,25,16,17,0,7,1020,397,2.57,17,031,710500,4,170317105004
53,40,26,0,11,12,11,49,18,42,35,0,10,40,9,0,951,356,2.67,17,031,711100,2,170317111002
0,0,18,0,13,0,17,29,8,67,26,19,18,0,6,0,665,221,3.01,17,031,711200,3,170317112003
15,6,50,33,21,36,27,26,29,46,94,65,4,0,0,0,1684,452,3.73,17,031,830500,2,170318305002
42,0,8,18,33,0,0,8,0,5,28,32,0,6,0,0,587,180,3.11,17,031,841400,2,170318414002
100,6,15,48,2,4,0,9,14,3,5,8,27,0,0,0,817,241,3.39,17,031,841600,1,170318416001
26,23,47,37,70,19,51,17,24,49,19,17,0,0,9,9,1680,417,4.03,17,031,840700,2,170318407002
39,17,7,44,0,14,22,7,0,35,0,9,19,0,0,0,698,213,3.28,17,031,841300,4,170318413004
32,17,27,26,7,20,55,0,15,100,55,105,6,20,61,40,1639,586,2.8,17,031,160601,3,170311606013
59,64,50,8,12,36,48,99,24,98,30,67,19,0,0,0,2706,614,4.41,17,031,804510,3,170318045103
5,6,6,23,0,7,46,0,10,20,24,36,22,27,6,43,1145,281,3.73,17,031,804309,2,170318043092
0,0,0,23,0,6,29,8,0,27,56,26,20,32,8,0,1034,235,4.4,17,031,804404,2,170318044042
0,12,17,45,21,12,31,6,11,20,30,19,4,0,0,0,593,228,2.6,17,031,490700,1,170314907001
0,15,8,10,24,8,0,13,0,71,10,84,19,10,0,0,688,272,2.53,17,031,500100,2,170315001002
18,10,0,16,15,27,10,37,45,0,1,59,9,0,33,0,939,280,3.35,17,031,520400,1,170315204001
42,9,30,24,9,8,0,53,0,4,14,28,0,0,0,0,695,221,3.14,17,031,520400,4,170315204004
20,42,15,18,31,0,27,0,46,8,15,107,31,25,0,0,1381,385,3.59,17,031,820902,2,170318209022
0,23,7,21,25,22,6,0,18,54,72,87,34,15,14,8,1380,406,3.4,17,031,821001,1,170318210011
14,21,0,8,23,15,0,7,8,35,57,27,81,16,12,7,1116,331,3.27,17,031,821002,4,170318210024
0,31,30,0,17,14,15,0,39,7,15,61,13,17,6,32,1169,297,3.94,17,031,821002,2,170318210022
36,0,0,42,16,33,43,0,40,54,46,69,0,69,45,15,1425,508,2.81,17,031,242600,4,170312426004
15,37,11,21,0,0,4,14,0,18,28,85,9,36,33,0,762,311,2.45,17,031,822702,2,170318227022
101,40,58,57,126,39,23,88,18,5,84,77,90,28,76,12,1856,922,2.01,17,031,822702,1,170318227021
109,144,58,67,34,12,5,62,18,23,42,27,12,37,35,28,1689,713,2.37,17,031,242700,1,170312427001
0,13,26,46,10,41,0,18,32,42,37,56,13,42,6,38,942,420,2.24,17,031,243300,1,170312433001
89,33,34,0,52,0,21,24,0,39,31,0,29,0,0,0,968,352,2.75,17,031,250300,2,170312503002
17,44,26,0,0,38,41,0,14,9,34,6,0,25,0,0,801,254,3.15,17,031,251500,1,170312515001
109,17,22,21,21,9,36,67,0,20,14,14,33,0,0,33,1519,416,3.46,17,031,251500,4,170312515004
56,14,30,64,0,0,44,27,27,56,41,77,70,52,50,67,1812,675,2.68,17,031,802004,3,170318020043
54,67,114,12,0,53,49,40,10,32,53,65,22,7,19,27,1445,624,2.23,17,031,020100,2,170310201002
0,0,0,9,0,0,0,0,6,20,20,18,9,10,21,138,702,251,2.8,17,031,800700,1,170318007001
0,0,0,0,0,12,0,20,17,35,57,35,25,42,54,140,1233,437,2.82,17,031,800700,4,170318007004
0,0,10,11,11,61,15,14,0,14,47,38,14,12,0,33,854,280,3.05,17,031,802503,4,170318025034
19,17,0,19,0,0,0,31,15,15,39,78,60,83,101,168,1906,645,2.96,17,031,801701,1,170318017011
6,0,0,6,18,6,0,0,0,32,13,14,54,28,29,205,1451,411,3.53,17,031,801902,2,170318019022
0,10,27,10,25,19,51,9,9,20,103,118,51,59,81,133,2648,725,3.25,17,031,802002,2,170318020022
19,5,5,16,45,34,33,37,5,48,41,78,69,27,52,16,1372,530,2.59,17,031,805112,2,170318051122
0,0,0,0,0,0,0,18,0,8,13,25,48,8,41,73,808,234,3.45,17,031,805502,2,170318055022
6,20,19,14,8,23,7,46,10,56,42,30,45,0,44,14,710,384,1.85,17,031,805801,3,170318058013
0,8,8,0,12,0,9,0,0,8,15,44,19,0,64,9,454,196,2.27,17,031,806700,4,170318067004
77,18,35,17,0,8,9,0,17,10,23,36,26,7,22,0,697,305,2.29,17,031,826304,1,170318263041
88,33,79,29,6,16,0,15,26,22,34,58,9,0,0,0,1158,415,2.79,17,031,826000,1,170318260001
0,0,0,0,11,0,25,10,0,126,97,32,0,14,0,7,1006,322,3.12,17,031,826100,2,170318261002
11,13,0,0,57,31,0,53,10,60,21,0,0,0,22,0,1029,278,3.7,17,031,826100,5,170318261005
6,0,11,37,21,41,0,60,22,7,193,117,56,37,25,78,1420,711,2.0,17,031,242300,1,170312423001
22,7,27,7,23,22,19,5,6,42,6,57,5,21,27,5,1306,301,4.34,17,031,191000,1,170311910001
32,0,7,0,0,0,14,0,12,7,8,16,8,23,95,179,1026,401,2.56,17,031,070500,3,170310705003
16,14,37,28,16,0,0,7,17,19,26,101,76,126,24,119,1429,626,2.28,17,031,062800,3,170310628003
0,6,0,0,0,56,0,45,7,26,52,25,30,7,36,114,872,404,2.16,17,031,070500,1,170310705001
0,0,21,21,0,40,26,47,48,0,43,203,83,17,25,53,877,627,1.4,17,031,080100,3,170310801003
45,33,69,24,33,43,0,0,0,0,37,0,0,0,0,17,830,301,2.76,17,031,690400,1,170316904001
42,8,75,28,26,0,0,0,36,32,27,19,31,0,13,0,911,337,2.7,17,031,690400,2,170316904002
47,0,49,48,75,43,54,11,34,12,78,26,7,0,63,0,1893,547,3.46,17,031,700200,2,170317002002
20,69,66,37,17,4,4,34,8,28,46,57,8,22,20,6,1472,446,3.3,17,031,711500,2,170317115002
13,52,31,83,48,20,25,36,20,37,53,65,34,20,17,0,1401,554,2.53,17,031,730600,3,170317306003
43,16,10,0,15,0,0,13,0,23,35,186,57,15,67,0,1390,480,2.9,17,031,740200,3,170317402003
29,19,29,25,9,10,11,7,5,21,29,92,27,0,40,0,1025,353,2.9,17,031,750100,2,170317501002
60,58,29,0,0,12,0,16,13,28,0,49,0,5,0,11,888,281,3.16,17,031,750100,3,170317501003
0,0,15,0,0,10,17,0,9,0,35,30,37,62,24,0,817,239,3.38,17,031,823904,2,170318239042
16,16,56,0,21,26,23,27,17,41,46,24,21,0,0,21,889,355,2.5,17,031,826402,2,170318264022
27,0,22,33,0,0,50,0,27,28,52,48,10,16,0,0,839,313,2.44,17,031,826402,1,170318264021
159,79,118,118,10,38,28,49,47,45,83,19,14,31,0,0,2387,838,2.81,17,031,252000,2,170312520002
175,84,92,33,3,44,7,23,0,18,0,39,0,0,0,0,1047,518,2.02,17,031,260100,1,170312601001
88,59,21,19,19,8,22,17,16,3,31,0,0,0,23,0,1169,326,3.59,17,031,271300,1,170312713001
6,0,20,43,8,0,101,9,27,61,44,27,74,0,31,16,1445,467,3.09,17,031,100600,2,170311006002
25,42,60,56,9,20,0,18,0,11,46,22,82,0,0,19,842,410,2.05,17,031,110400,3,170311104003
9,38,43,8,16,8,38,9,51,17,42,70,92,37,82,61,1601,621,2.58,17,031,120200,1,170311202001
8,8,0,0,8,10,9,29,0,0,78,29,45,56,15,82,1258,377,3.34,17,031,120200,3,170311202003
97,31,29,44,50,87,66,38,22,91,37,77,21,21,8,26,1581,745,2.12,17,031,221500,2,170312215002
10,34,46,17,12,6,24,16,18,32,93,108,98,61,110,67,1878,752,2.26,17,031,241300,1,170312413001
0,7,19,0,0,38,0,20,0,53,50,116,51,25,94,137,1470,610,2.4,17,031,241500,1,170312415001
109,93,37,35,10,41,21,82,28,27,84,85,32,33,0,23,1599,740,2.16,17,031,030300,2,170310303002
51,20,39,31,9,11,28,13,5,59,38,132,21,42,48,62,1598,609,2.62,17,031,130200,1,170311302001
0,59,17,0,0,0,18,0,13,17,114,124,36,25,66,0,1391,489,2.84,17,031,550100,1,170315501001
7,17,0,0,9,0,0,0,0,0,5,6,3,8,0,0,135,55,2.45,17,031,560200,1,170315602001
28,1,27,19,7,42,31,13,22,16,54,58,27,13,14,0,1296,372,3.48,17,031,570100,1,170315701001
109,0,44,60,74,16,45,15,21,87,42,113,61,6,0,14,2338,707,3.29,17,031,826401,2,170318264012
80,24,36,5,53,0,0,0,0,78,10,9,41,0,16,0,1074,352,3.05,17,031,827000,2,170318270002
0,0,0,5,0,0,0,10,0,4,9,33,14,18,39,173,987,305,3.24,17,031,820000,2,170318200002
0,8,54,14,23,39,91,38,0,55,99,171,115,58,39,55,2104,859,2.43,17,031,818600,2,170318186002
26,5,16,0,15,0,17,0,15,37,75,43,40,44,156,209,2198,698,3.1,17,031,819700,2,170318197002
17,0,0,8,23,8,0,0,0,15,7,48,55,28,63,108,1388,380,3.65,17,031,819700,1,170318197001
7,24,8,26,6,49,21,5,58,62,69,70,9,15,64,0,1670,493,3.39,17,031,820103,3,170318201033
14,29,11,7,0,7,22,0,8,0,21,60,68,7,9,7,656,270,2.43,17,031,820103,1,170318201031
63,0,13,36,15,10,19,75,32,85,39,9,40,19,0,42,1749,497,3.4,17,031,820700,1,170318207001
0,0,0,0,67,0,21,0,12,19,0,16,53,22,13,0,646,223,2.9,17,031,822701,3,170318227013
99,108,67,121,49,0,0,11,12,40,31,66,12,0,0,0,1406,616,2.27,17,031,824300,3,170318243003
164,156,106,18,31,12,32,21,77,26,16,94,0,0,0,0,2146,753,2.21,17,031,824300,2,170318243002
0,8,0,10,0,7,17,9,9,9,9,49,9,45,38,10,549,229,2.4,17,031,805202,2,170318052022
47,42,56,71,44,0,15,34,0,0,18,5,13,0,0,0,1162,345,3.1,17,031,671600,1,170316716001
59,9,10,9,7,35,30,37,10,8,49,7,4,34,23,0,1234,331,3.73,17,031,672000,3,170316720003
46,20,32,39,14,0,5,9,0,68,0,0,0,28,0,0,536,261,2.05,17,031,710700,2,170317107002
68,88,16,6,31,12,32,19,0,12,0,0,0,5,0,0,555,289,1.9,17,031,710700,1,170317107001
10,0,0,61,0,9,0,9,8,27,63,194,24,36,10,11,1463,462,3.17,17,031,830202,2,170318302022
57,31,51,28,22,19,22,46,51,38,78,46,39,15,16,0,1335,559,2.39,17,031,828402,1,170318284021
0,6,14,0,20,7,7,7,6,16,60,94,47,40,20,20,1021,364,2.8,17,031,828601,2,170318286012
12,6,0,34,26,58,0,0,0,0,0,56,37,32,31,20,779,312,2.5,17,031,828601,3,170318286013
118,28,43,12,0,36,172,27,13,47,117,103,128,170,127,74,4156,1215,3.42,17,031,830003,3,170318300033
171,45,99,54,0,14,0,0,10,10,51,0,62,0,0,0,1056,516,2.05,17,031,830300,2,170318303002
11,0,23,0,23,0,0,0,12,0,43,22,36,31,0,16,637,217,2.94,17,031,640300,3,170316403003
13,0,13,21,13,13,28,0,14,0,33,49,87,17,20,0,995,321,3.1,17,031,640300,6,170316403006
87,10,40,0,24,18,11,0,6,7,6,5,28,0,0,0,681,242,2.81,17,031,681200,2,170316812002
9,16,42,29,0,8,0,15,0,0,11,0,0,0,0,0,458,130,3.52,17,031,681200,1,170316812001
29,35,62,16,18,25,37,34,16,44,48,23,15,0,0,12,1215,414,2.93,17,031,711000,1,170317110001
5,0,0,0,0,0,0,13,3,12,12,53,45,14,26,254,1512,437,3.46,17,031,800600,1,170318006001
11,0,38,0,36,0,0,42,28,44,160,38,102,15,0,0,2103,514,4.09,17,031,804305,1,170318043051
0,0,34,0,0,0,13,13,0,91,21,0,13,20,0,40,515,245,2.1,17,031,040402,4,170310404024
48,0,56,38,10,49,56,34,55,36,45,157,84,72,70,59,1551,869,1.78,17,031,040402,5,170310404025
0,13,24,19,5,16,0,16,20,0,30,87,0,0,0,0,672,230,2.83,17,031,220702,3,170312207023
244,73,32,24,27,56,33,16,19,23,128,230,107,148,162,188,2344,1510,1.55,17,031,842200,1,170318422001
13,8,23,9,17,23,11,32,17,11,90,23,67,35,82,75,1230,536,2.29,17,031,843700,2,170318437002
167,138,65,69,40,11,32,11,0,8,54,21,0,0,4,0,1456,620,2.3,17,031,834900,2,170318349002
111,60,76,15,8,32,11,0,0,26,60,24,0,0,0,0,1569,423,3.71,17,031,835000,4,170318350004
64,41,18,32,7,41,35,18,11,12,39,6,12,0,0,0,1672,336,4.55,17,031,843100,1,170318431001
117,9,15,73,60,29,19,18,24,37,20,0,29,0,0,0,1619,450,3.6,17,031,251900,2,170312519002
35,51,14,0,4,0,2,9,0,32,0,21,0,0,0,0,304,168,1.81,17,031,842900,4,170318429004
49,25,14,10,22,7,26,23,22,52,93,71,122,43,86,190,3315,855,2.34,17,031,841900,2,170318419002
50,43,35,19,0,44,21,30,34,39,47,18,0,0,15,0,1772,395,3.44,17,031,843300,1,170318433001
64,0,0,0,35,58,0,0,0,0,49,20,0,0,0,0,580,226,2.57,17,031,842100,3,170318421003
0,13,8,20,22,47,25,33,79,36,34,110,27,8,36,111,2260,609,3.7,17,031,020301,3,170310203013
32,44,35,24,25,29,8,0,8,11,15,21,0,0,0,0,851,252,3.38,17,031,838700,2,170318387002
109,39,70,12,0,27,67,0,4,28,17,12,0,0,14,38,772,437,1.77,17,031,030601,1,170310306011
129,83,38,80,26,22,0,8,0,0,0,34,8,41,15,0,716,484,1.48,17,031,030604,3,170310306043
117,38,98,14,136,45,59,7,8,53,69,41,26,56,63,0,1303,830,1.57,17,031,030706,2,170310307062
36,0,0,9,26,0,0,35,20,0,17,30,0,0,0,0,512,173,2.96,17,031,420700,2,170314207002
44,0,0,0,13,0,25,0,4,64,0,92,49,31,31,38,1013,391,2.59,17,031,806001,1,170318060011
112,29,105,112,0,0,76,170,49,56,176,133,42,15,0,14,2340,1089,2.15,17,031,806001,2,170318060012
9,7,17,9,37,29,82,0,19,19,5,72,29,8,0,5,916,347,2.64,17,031,806502,3,170318065023
0,8,9,7,6,0,14,8,15,18,29,15,16,43,8,5,612,201,3.04,17,031,809700,3,170318097003
7,37,41,38,24,33,7,29,89,67,52,63,83,11,40,0,1585,621,2.55,17,031,810702,1,170318107021
0,22,0,28,27,14,0,0,38,42,51,37,36,15,89,162,1308,561,2.33,17,031,812000,3,170318120003
0,13,0,15,0,11,10,0,0,14,25,49,0,36,15,110,732,298,2.46,17,031,812000,1,170318120001
5,8,8,0,12,0,45,9,15,8,29,16,25,17,21,198,1302,416,3.06,17,031,812200,3,170318122003
0,9,8,0,0,0,0,0,9,17,30,32,16,34,29,131,855,315,2.53,17,031,812200,4,170318122004
0,16,20,0,28,0,49,14,9,12,24,8,7,30,0,0,789,217,3.64,17,031,650100,4,170316501004
40,22,24,39,62,50,11,4,7,27,17,30,0,0,0,0,1040,333,3.12,17,031,670500,1,170316705001
53,16,33,20,40,0,34,17,0,32,9,0,0,12,8,10,915,284,3.22,17,031,681400,2,170316814002
37,0,0,0,0,44,0,0,0,29,9,0,16,0,0,7,194,142,1.37,17,031,380200,1,170313802001
22,10,0,34,0,0,0,0,47,96,18,66,0,29,27,34,1038,383,2.71,17,031,803400,1,170318034001
0,0,0,13,16,12,42,15,16,22,12,104,92,69,0,61,1160,474,2.45,17,031,803400,6,170318034006
184,47,17,17,78,52,0,13,40,18,73,60,71,28,12,0,1822,710,2.55,17,031,824900,2,170318249002
17,25,54,86,10,13,17,67,34,191,121,171,53,10,55,0,2106,924,2.28,17,031,825400,2,170318254002
0,25,0,0,0,20,0,0,0,25,18,40,0,0,0,0,376,128,2.84,17,031,825503,1,170318255031
14,0,14,14,0,0,9,0,0,0,35,161,20,21,0,0,870,288,3.02,17,031,100500,1,170311005001
0,0,20,0,0,15,22,61,6,37,42,26,15,0,28,0,512,272,1.88,17,031,100500,3,170311005003
18,0,0,0,17,30,33,0,14,26,35,80,7,31,14,55,958,360,2.66,17,031,130100,1,170311301001
113,25,107,73,157,80,35,76,48,137,71,88,99,39,54,0,2724,1202,2.27,17,031,010600,1,170310106001
24,16,18,10,9,3,34,19,16,7,34,55,63,10,15,8,693,341,2.03,17,031,020400,1,170310204001
41,0,55,16,44,15,15,24,11,7,27,90,77,25,29,84,1179,560,2.11,17,031,031000,1,170310310001
38,36,0,34,16,7,0,2,0,7,37,36,40,11,9,21,824,294,2.64,17,031,040300,2,170310403002
49,0,0,20,0,28,31,9,11,75,42,63,55,62,48,62,1269,555,2.29,17,031,050600,1,170310506001
0,22,0,47,15,74,9,18,37,0,43,16,0,0,0,10,1118,291,3.59,17,031,813900,5,170318139005
12,0,7,0,15,0,92,9,0,175,58,60,15,19,23,0,998,485,1.85,17,031,010300,1,170310103001
29,27,38,4,14,12,21,5,27,39,66,88,46,40,106,115,1526,677,2.25,17,031,051100,1,170310511001
0,0,16,14,5,47,9,29,13,0,32,21,76,6,39,255,1553,562,2.76,17,031,051300,1,170310513001
127,25,31,0,25,0,0,23,0,10,47,25,65,18,34,83,1105,513,2.15,17,031,070700,2,170310707002
268,109,42,9,62,10,33,0,61,26,34,6,12,31,13,0,1368,716,1.91,17,031,430500,1,170314305001
316,38,159,82,18,0,96,23,15,41,42,0,58,10,0,0,1742,898,1.86,17,031,431400,3,170314314003
63,7,7,9,17,15,20,17,0,47,37,62,16,41,18,0,798,376,2.12,17,031,440700,2,170314407002
10,25,90,6,7,44,0,0,0,107,11,21,30,0,10,0,1089,361,3.02,17,031,470100,1,170314701001
3,0,33,23,6,65,35,27,15,17,74,61,56,8,13,8,1128,444,2.54,17,031,480100,2,170314801002
7,23,0,47,32,27,17,4,9,86,58,79,9,12,9,10,937,429,2.18,17,031,210100,3,170312101003
50,57,0,56,14,17,30,0,7,78,76,81,118,22,60,26,1476,692,2.13,17,031,220400,2,170312204002
8,0,8,0,4,0,0,13,45,51,34,61,22,8,0,32,688,286,2.41,17,031,243000,1,170312430001
49,26,11,17,33,56,21,29,12,0,43,28,0,18,0,0,1153,343,3.36,17,031,250800,1,170312508001
52,0,0,8,10,0,37,0,17,23,8,8,9,25,8,0,523,205,2.24,17,031,818401,2,170318184012
20,16,0,21,7,64,58,0,52,23,27,7,61,0,0,0,1356,356,3.81,17,031,820400,1,170318204001
19,34,0,2,22,0,0,0,0,18,32,24,31,0,0,0,790,182,4.34,17,031,838800,1,170318388001
51,8,16,43,25,54,38,21,0,36,0,62,37,44,0,47,1258,482,2.61,17,031,839700,1,170318397001
92,0,5,8,17,0,11,8,8,41,6,38,38,8,17,7,744,304,2.45,17,031,839900,5,170318399005
40,27,24,0,35,0,0,0,7,20,35,59,13,6,6,8,638,280,2.28,17,031,839900,1,170318399001
53,51,82,15,0,0,5,27,7,12,34,0,18,0,10,0,981,314,3.09,17,031,833900,2,170318339002
37,0,58,38,90,0,54,17,39,97,28,41,32,0,0,0,2289,531,4.31,17,031,803606,2,170318036062
69,7,14,29,46,45,60,55,35,105,51,194,126,48,29,15,2367,928,2.55,17,031,803608,3,170318036083
205,46,14,0,0,20,39,84,0,23,43,10,12,0,68,21,1419,585,2.43,17,031,836400,2,170318364002
67,80,41,68,53,29,38,4,14,3,22,2,0,3,0,0,1171,424,2.76,17,031,836500,1,170318365001
43,33,56,43,6,17,5,6,4,5,23,29,31,4,40,19,1083,364,2.46,17,031,839600,2,170318396002
39,26,56,2,4,0,0,5,0,18,0,17,17,0,0,0,551,184,2.99,17,031,835600,1,170318356001
64,77,0,35,27,61,0,0,10,37,70,0,0,0,0,0,1005,381,2.64,17,031,250700,2,170312507002
43,8,0,47,35,18,27,18,0,20,56,45,0,5,0,0,825,322,2.48,17,031,251300,4,170312513004
207,101,36,81,11,33,0,17,11,0,0,5,11,25,0,6,827,544,1.52,17,031,330200,1,170313302001
168,70,110,25,82,16,36,105,0,96,16,23,66,0,43,0,1896,856,1.99,17,031,390300,2,170313903002
255,91,66,39,19,14,26,0,42,38,42,5,0,0,0,0,1853,637,2.91,17,031,400800,2,170314008002
131,28,20,40,25,59,30,12,26,16,57,31,29,18,0,46,2275,568,2.23,17,031,420300,1,170314203001
164,11,75,10,45,17,10,0,16,99,48,50,29,0,0,37,1833,611,3.0,17,031,829200,3,170318292003
8,9,25,31,22,0,52,8,37,97,50,16,107,0,12,29,1681,503,2.75,17,031,829200,2,170318292002
152,41,32,65,28,48,27,27,11,53,62,36,6,11,5,0,1740,604,2.87,17,031,340400,1,170313404001
64,11,9,48,27,47,50,10,14,134,43,39,9,4,0,0,1693,509,3.33,17,031,190800,4,170311908004
132,27,70,15,79,98,31,39,71,14,12,0,13,15,0,107,1329,723,1.84,17,031,061901,4,170310619014
60,12,0,0,60,0,58,61,0,15,27,50,55,0,40,102,793,540,1.47,17,031,061901,3,170310619013
31,47,14,0,33,0,24,29,0,7,34,17,0,0,0,0,318,236,1.35,17,031,030101,2,170310301012
37,0,9,68,10,24,49,0,0,33,7,6,45,10,0,0,644,298,2.16,17,031,823303,3,170318233033
31,16,31,0,0,23,21,10,33,70,64,123,61,84,50,130,1858,747,2.49,17,031,823604,3,170318236043
14,0,0,31,25,0,13,46,19,23,40,16,0,0,0,0,852,227,3.75,17,031,806001,4,170318060014
10,0,0,10,18,16,0,11,0,102,16,123,6,0,0,0,826,312,2.65,17,031,815600,1,170318156001
8,0,0,77,0,58,7,0,0,149,35,135,18,18,0,0,1708,505,2.94,17,031,818300,2,170318183002
15,27,28,0,32,105,0,0,10,122,51,72,44,0,13,16,1588,535,2.97,17,031,819200,2,170318192002
0,0,0,31,13,12,13,13,14,0,26,80,0,11,15,99,1062,327,3.03,17,031,820101,3,170318201013
7,10,52,9,18,8,14,10,0,36,50,137,110,26,31,114,1852,632,2.93,17,031,805109,2,170318051092
19,0,35,35,8,52,16,44,12,48,30,48,57,51,58,24,1129,537,2.1,17,031,805002,3,170318050023
102,60,48,38,136,21,42,58,21,149,203,54,44,0,0,16,1721,992,1.73,17,031,805002,2,170318050022
15,0,0,10,11,20,27,16,11,10,53,69,20,30,45,7,975,344,2.83,17,031,804808,2,170318048082
12,0,0,0,26,0,0,16,15,18,44,96,88,14,18,0,966,347,2.78,17,031,804902,5,170318049025
0,14,13,0,16,0,12,29,17,43,28,23,33,79,0,28,1113,335,3.32,17,031,804902,3,170318049023
35,0,12,0,0,0,20,0,0,44,26,43,0,121,57,64,1188,422,2.81,17,031,803007,2,170318030072
54,38,0,41,13,5,65,30,44,87,4,29,20,7,0,0,1420,437,3.25,17,031,816402,1,170318164021
0,21,16,0,0,0,7,38,0,42,12,16,33,13,24,0,903,222,3.91,17,031,816402,3,170318164023
43,39,9,9,26,36,11,12,14,0,6,12,49,0,0,0,949,266,3.57,17,031,421200,1,170314212001
9,0,5,8,0,33,26,21,0,39,6,75,54,16,2,0,1185,294,4.03,17,031,814700,1,170318147001
73,22,44,12,33,58,39,32,3,30,33,34,24,0,7,0,1208,444,2.72,17,031,814700,5,170318147005
128,9,19,1,11,25,63,27,37,150,59,163,46,43,51,35,2545,867,2.94,17,031,020100,1,170310201001
41,16,38,52,30,0,15,133,34,59,69,147,80,29,13,40,2070,796,2.6,17,031,241100,2,170312411002
0,15,8,8,51,15,17,0,0,57,16,168,76,52,41,89,1278,613,2.08,17,031,242100,2,170312421002
0,0,34,18,0,0,0,13,0,40,38,20,34,27,31,65,721,320,2.25,17,031,242100,1,170312421001
229,85,98,80,104,73,0,0,0,80,30,61,57,0,6,15,1975,918,2.15,17,031,310600,1,170313106001
96,93,26,170,15,14,88,67,0,113,63,63,47,17,0,0,2561,872,2.82,17,031,020500,1,170310205001
277,81,26,0,25,24,50,32,0,110,72,46,13,0,135,0,1607,891,1.8,17,031,032100,2,170310321002
4,4,0,18,0,23,30,4,0,7,40,8,40,44,56,164,1493,442,3.38,17,031,800900,1,170318009001
7,0,0,7,6,6,18,10,0,67,79,18,33,0,0,6,766,257,2.98,17,031,822301,3,170318223013
115,120,224,0,49,110,86,126,74,184,93,127,37,47,0,19,2884,1411,2.04,17,031,822602,3,170318226023
109,16,99,171,78,63,47,16,14,73,105,37,135,34,32,65,2103,1094,1.92,17,031,823801,2,170318238012
57,45,44,0,0,35,0,17,26,34,135,138,110,87,102,0,2166,830,2.61,17,031,824105,1,170318241051
13,0,30,0,0,41,0,26,0,66,53,105,52,18,14,0,997,418,2.39,17,031,824503,3,170318245033
0,0,31,31,0,0,28,15,0,46,67,26,67,74,58,229,2109,672,3.14,17,031,824503,4,170318245034
0,24,33,28,51,42,8,13,0,9,0,0,9,0,0,0,723,217,3.33,17,031,611100,1,170316111001
45,0,30,54,0,9,15,0,12,6,0,0,0,0,0,0,685,171,4.01,17,031,611100,2,170316111002
18,25,32,45,31,90,82,0,17,15,7,35,14,0,0,0,1580,411,3.84,17,031,611400,1,170316114001
0,0,38,41,0,30,42,0,0,56,43,12,12,0,0,0,1106,274,4.03,17,031,630500,4,170316305004
40,10,0,16,9,14,0,26,0,17,41,42,49,14,71,54,1169,403,2.89,17,031,801000,2,170318010002
87,0,0,0,14,0,0,55,37,0,44,31,33,0,0,0,823,301,2.73,17,031,710800,2,170317108002
21,0,0,5,0,0,13,0,46,49,8,9,0,0,0,0,426,151,2.82,17,031,710800,1,170317108001
30,21,10,9,23,19,32,6,47,62,67,41,47,46,5,0,1388,465,2.98,17,031,730400,2,170317304002
20,59,17,0,8,12,0,21,26,31,10,28,26,9,0,0,908,267,3.36,17,031,730400,4,170317304004
16,51,66,17,23,27,0,9,0,26,21,90,57,0,0,0,1655,403,4.11,17,031,750500,4,170317505004
68,7,8,6,42,31,7,0,26,16,63,86,41,0,30,32,1268,463,2.74,17,031,561100,4,170315611004
11,0,0,31,17,0,0,7,0,53,23,70,26,76,0,0,895,314,2.85,17,031,561100,3,170315611003
48,31,15,21,73,31,55,8,38,46,59,74,20,34,21,0,1878,574,3.27,17,031,570200,1,170315702001
87,102,0,0,13,0,30,30,42,70,85,35,59,63,51,67,1429,734,1.95,17,031,030500,3,170310305003
70,6,5,40,10,0,16,2,10,26,10,46,36,0,0,6,694,283,2.45,17,031,381900,2,170313819002
54,0,10,10,10,5,0,0,0,21,21,17,35,79,30,103,1176,395,2.12,17,031,411100,2,170314111002
113,31,60,23,40,41,0,4,5,0,16,12,0,0,0,0,858,345,2.49,17,031,420600,2,170314206002
130,50,25,30,62,9,27,14,20,41,22,0,5,14,40,11,1582,500,3.16,17,031,460200,2,170314602002
18,9,17,61,0,32,0,0,9,43,31,19,7,20,0,0,646,266,2.43,17,031,450300,4,170314503004
45,7,16,22,17,0,9,15,0,28,52,43,8,0,0,0,592,262,2.26,17,031,450300,2,170314503002
18,43,0,39,5,14,4,50,0,0,50,54,30,24,4,0,1116,335,3.33,17,031,730700,1,170317307001
14,0,0,54,0,33,23,39,0,42,12,121,70,131,105,52,2281,696,3.27,17,031,824108,3,170318241083
0,0,0,0,0,0,0,0,0,0,0,0,0,0,0,0,0,0,-666666666.0,17,031,980000,1,170319800001
124,0,18,0,52,15,31,16,0,0,51,11,40,18,49,94,1022,519,1.97,17,031,040201,1,170310402011
89,0,0,0,0,56,33,0,0,0,0,7,40,0,0,0,596,225,2.65,17,031,031300,3,170310313003
517,133,83,85,104,76,90,13,0,59,107,2,9,40,43,57,2427,1418,1.52,17,031,031300,4,170310313004
31,53,76,88,0,66,27,79,10,75,25,130,26,0,0,0,1069,686,1.56,17,031,032100,4,170310321004
143,14,56,25,16,31,17,45,72,174,168,79,33,0,0,10,1246,883,1.41,17,031,350100,2,170313501002
115,29,50,0,29,21,33,7,15,0,57,29,0,9,15,41,1216,450,2.7,17,031,843600,1,170318436001
142,17,8,26,24,77,31,34,20,17,8,25,9,0,0,0,1506,438,3.44,17,031,834600,4,170318346004
0,0,28,10,42,29,37,0,23,8,0,103,0,34,34,19,1136,367,3.02,17,031,831800,2,170318318002
121,8,142,17,52,28,0,0,8,42,10,56,19,20,27,0,1318,550,2.4,17,031,840400,1,170318404001
52,44,39,17,91,26,9,4,0,28,18,25,55,14,20,3,683,445,1.53,17,031,841000,1,170318410001
94,27,131,44,19,34,0,14,45,11,12,64,24,0,48,0,1241,567,2.19,17,031,250500,6,170312505006
0,0,21,50,15,0,0,16,11,27,59,20,10,36,24,8,791,297,2.66,17,031,250500,3,170312505003
65,90,51,59,32,12,31,49,49,5,34,60,8,0,0,0,1351,545,2.48,17,031,251400,3,170312514003
22,48,0,10,16,0,63,8,0,34,0,9,10,0,0,0,647,220,2.89,17,031,251400,2,170312514002
72,26,40,10,23,28,7,33,35,24,17,33,2,0,0,13,1393,363,3.84,17,031,260800,1,170312608001
0,16,15,16,14,13,16,16,0,41,13,56,118,44,109,29,1482,516,2.87,17,031,815702,3,170318157023
5,21,3,25,10,0,11,4,12,13,59,85,28,20,64,52,1394,412,3.35,17,031,807800,1,170318078001
0,0,23,0,4,0,0,0,0,0,19,26,31,6,32,185,981,326,3.01,17,031,809000,2,170318090002
12,17,19,0,0,0,0,20,17,19,0,72,43,63,42,47,1064,371,2.87,17,031,808500,3,170318085003
0,18,0,14,0,14,15,17,0,10,0,17,48,13,40,13,638,219,2.9,17,031,808500,2,170318085002
10,19,0,61,23,43,29,48,15,17,112,124,46,0,47,37,1325,631,2.1,17,031,804505,3,170318045053
98,39,23,53,13,0,95,18,21,13,141,36,72,0,5,0,1227,627,1.59,17,031,804701,3,170318047013
47,17,21,34,34,29,44,13,47,11,25,20,35,0,0,16,1398,393,3.56,17,031,804701,2,170318047012
14,17,28,9,17,0,27,52,19,38,39,60,24,9,46,59,882,458,1.93,17,031,040600,2,170310406002
36,27,48,52,57,0,9,0,23,70,61,0,17,1,30,25,1334,456,2.93,17,031,817600,2,170318176002
18,7,8,43,48,8,16,9,41,106,57,151,45,17,18,29,1224,621,1.97,17,031,818402,3,170318184023
10,0,0,0,0,14,9,0,7,0,18,41,55,6,39,48,712,247,2.88,17,031,819000,1,170318190001
0,6,0,0,0,0,8,0,8,14,25,47,35,51,46,0,867,240,3.6,17,031,819300,1,170318193001
14,14,28,9,18,22,30,21,39,27,43,10,9,0,6,0,977,290,2.5,17,031,491100,4,170314911004
44,0,0,76,28,6,19,11,0,5,0,0,32,7,0,8,663,236,2.81,17,031,491100,1,170314911001
21,21,6,27,28,0,0,14,6,0,27,8,21,0,0,0,566,179,3.16,17,031,491300,4,170314913004
63,22,23,13,63,50,58,0,0,22,32,19,50,10,19,12,1685,456,3.58,17,031,510100,1,170315101001
75,31,31,121,9,43,4,7,25,2,38,20,0,8,0,13,1407,427,3.29,17,031,530100,1,170315301001
0,0,0,0,40,14,22,0,18,48,17,115,33,12,48,67,1117,434,2.57,17,031,818401,3,170318184013
16,45,48,35,50,91,27,29,66,62,93,15,45,0,0,0,2175,622,3.47,17,031,816500,2,170318165002
0,8,36,7,26,7,112,40,0,55,66,85,34,23,0,0,1487,499,2.98,17,031,817102,3,170318171023
109,57,26,64,74,13,62,39,50,113,74,21,29,5,4,0,2377,740,3.21,17,031,817300,1,170318173001
10,15,0,7,25,20,32,21,15,9,32,114,40,0,8,0,854,348,2.45,17,031,819100,2,170318191002
0,0,8,8,30,9,19,35,0,35,22,54,36,30,28,27,1049,341,3.08,17,031,806102,2,170318061022
0,0,27,0,10,11,12,0,0,11,52,61,29,0,16,9,672,238,2.82,17,031,806900,1,170318069001
22,17,7,52,0,7,31,15,0,38,47,123,48,84,67,61,1823,619,2.95,17,031,808400,1,170318084001
195,43,95,25,49,27,23,31,8,78,43,72,31,36,25,13,1536,794,1.93,17,031,030400,1,170310304001
14,0,0,8,0,7,0,25,18,37,79,69,0,17,0,33,761,307,2.45,17,031,030900,4,170310309004
76,50,48,18,23,0,66,50,9,36,55,127,54,30,11,81,1211,734,1.63,17,031,031900,1,170310319001
10,6,9,0,0,0,10,0,0,11,35,23,19,11,83,0,589,217,2.71,17,031,813000,3,170318130003
136,63,0,11,76,6,44,0,65,35,21,0,3,0,71,0,777,531,1.46,17,031,031100,2,170310311002
11,30,65,52,25,14,69,15,16,14,31,101,85,96,37,44,1415,705,1.88,17,031,031100,3,170310311003
0,0,27,13,18,0,0,19,0,61,24,34,23,21,25,91,853,356,2.4,17,031,812600,4,170318126004
62,15,22,20,0,48,5,9,27,35,24,60,19,22,0,14,1097,382,2.87,17,031,825700,3,170318257003
0,0,14,0,0,0,0,9,0,35,52,36,21,0,0,0,412,167,2.47,17,031,825803,2,170318258032
53,206,67,29,8,47,100,0,15,95,17,64,23,12,0,19,1203,755,1.59,17,031,825803,1,170318258031
11,32,9,10,0,41,10,10,7,37,61,53,0,0,8,12,763,301,2.52,17,031,826303,1,170318263031
47,14,33,51,28,6,19,11,12,36,21,47,15,25,36,0,1252,401,3.12,17,031,827300,3,170318273003
34,7,0,9,0,4,28,7,22,76,12,58,20,68,0,0,1382,345,4.01,17,031,828503,4,170318285034
8,20,47,56,8,14,27,1,0,29,24,6,8,0,8,0,582,256,2.27,17,031,828503,3,170318285033
75,0,0,9,61,39,30,7,0,24,0,35,0,0,0,0,638,280,2.28,17,031,821300,1,170318213001
28,42,0,0,65,32,45,35,35,21,23,23,14,0,53,14,656,430,1.53,17,031,830700,1,170318307001
11,9,0,0,11,0,10,0,18,0,92,63,11,0,16,58,710,299,1.98,17,031,830700,2,170318307002
25,0,10,0,0,10,42,45,10,28,56,55,21,30,22,61,809,415,1.95,17,031,830800,1,170318308001
0,1,17,31,27,26,8,25,29,13,0,41,17,23,0,12,1073,270,3.97,17,031,830600,4,170318306004
0,14,0,71,0,52,24,0,0,60,63,25,20,0,0,42,1251,371,3.36,17,031,806004,4,170318060044
12,134,31,19,69,57,19,31,14,12,95,56,41,73,10,0,1575,673,2.34,17,031,805105,4,170318051054
15,17,14,29,7,18,4,13,8,4,0,0,11,7,5,8,415,160,2.59,17,031,351500,2,170313515002
0,0,0,0,0,0,0,0,0,0,0,0,0,0,0,0,0,0,-666666666.0,17,031,990000,0,170319900000
27,8,18,59,31,52,26,0,42,22,48,26,0,8,17,0,1224,384,3.19,17,031,460301,1,170314603011
46,0,19,49,15,16,0,27,0,0,5,20,0,0,23,0,660,220,3.0,17,031,460302,2,170314603022
178,62,27,35,35,15,64,25,14,33,7,48,63,16,0,0,1664,622,2.66,17,031,431302,3,170314313023
105,25,86,169,0,3,27,32,0,21,0,27,10,0,11,0,1521,516,2.8,17,031,431301,3,170314313013
0,8,38,26,24,56,0,38,25,33,19,68,52,53,34,9,1151,483,2.38,17,031,823605,2,170318236052
46,58,18,16,11,14,37,87,16,56,71,143,90,12,52,22,2429,749,3.05,17,031,823803,1,170318238031
0,0,45,24,0,12,15,49,20,36,0,32,41,26,35,0,1048,335,3.13,17,031,823803,2,170318238032
29,18,77,40,26,142,16,34,10,42,77,134,167,68,69,9,1820,958,1.9,17,031,824506,4,170318245064
20,0,24,20,35,72,61,50,16,53,52,202,53,0,14,0,1743,672,2.59,17,031,824701,1,170318247011
66,33,72,78,11,0,19,63,9,83,128,77,0,0,10,0,1932,649,2.94,17,031,826600,3,170318266003
9,51,79,0,11,0,0,0,0,33,27,81,54,0,0,23,978,368,2.66,17,031,826600,2,170318266002
15,15,11,22,50,4,30,9,4,15,8,92,21,25,23,23,953,367,2.6,17,031,750300,2,170317503002
0,5,0,0,0,7,8,8,18,11,39,69,16,36,38,8,746,263,2.84,17,031,750400,3,170317504003
10,65,0,20,78,0,19,15,0,0,10,0,0,26,0,0,679,243,2.79,17,031,770500,2,170317705002
10,0,0,23,9,0,44,14,9,40,33,0,26,5,71,211,1494,495,3.02,17,031,800400,2,170318004002
9,13,0,0,35,23,0,41,0,49,7,49,52,74,51,125,1442,528,2.73,17,031,801607,1,170318016071
0,16,4,0,22,0,8,0,0,7,7,9,13,25,55,81,711,247,2.88,17,031,802100,1,170318021001
13,0,8,6,7,16,13,9,25,16,29,82,50,64,61,107,1523,506,3.01,17,031,803100,2,170318031002
0,0,15,14,16,0,8,16,46,33,26,25,11,18,44,55,828,327,2.53,17,031,802801,1,170318028011
0,0,18,0,26,16,0,7,17,16,53,53,11,38,100,33,1069,388,2.76,17,031,802801,4,170318028014
11,0,0,0,10,0,19,0,0,49,36,93,45,48,51,28,1059,390,2.72,17,031,803607,4,170318036074
0,0,14,45,34,19,0,11,0,41,30,74,68,79,31,0,1125,446,2.52,17,031,804606,3,170318046063
20,0,58,0,29,24,0,74,23,12,18,9,46,0,0,0,648,313,2.07,17,031,810502,1,170318105021
50,11,51,11,0,10,30,10,16,9,19,56,15,18,0,0,864,306,2.82,17,031,810502,4,170318105024
16,26,39,46,67,55,54,13,0,38,39,36,64,13,6,13,1296,525,2.47,17,031,810701,2,170318107012
32,28,65,48,43,34,41,26,16,44,11,51,112,56,8,13,1779,628,2.83,17,031,810800,2,170318108002
8,0,41,16,6,0,7,22,7,9,75,85,39,13,34,25,1173,387,3.03,17,031,810800,4,170318108004
32,11,38,0,13,10,21,52,11,41,76,41,55,46,25,0,1512,472,3.2,17,031,811402,2,170318114022
0,18,7,49,9,30,35,17,12,89,141,87,67,33,25,0,1821,619,2.94,17,031,811500,1,170318115001
8,16,0,0,9,11,7,36,0,8,30,11,14,29,10,93,1380,282,2.76,17,031,811900,2,170318119002
7,0,59,0,0,16,0,0,0,21,82,61,8,39,45,19,882,357,2.47,17,031,811900,1,170318119001
4,0,0,26,16,21,32,40,25,47,51,53,66,8,0,0,1185,389,3.05,17,031,600900,4,170316009004
33,18,61,19,20,43,41,46,8,17,48,42,8,0,5,0,1916,409,4.68,17,031,630300,1,170316303001
30,28,32,34,17,43,19,18,31,97,88,52,9,12,9,0,1358,519,2.37,17,031,828702,1,170318287021
21,22,14,15,14,7,0,16,18,20,79,102,41,9,20,16,894,414,2.16,17,031,819500,3,170318195003
45,11,22,16,0,15,0,8,27,37,28,26,20,18,32,6,541,311,1.74,17,031,819500,2,170318195002
149,78,24,37,44,0,31,18,0,22,12,0,0,0,0,0,1522,415,3.67,17,031,460700,1,170314607001
32,0,51,8,8,18,0,0,0,8,3,0,0,0,9,7,571,144,3.97,17,031,491000,3,170314910003
6,3,8,5,0,0,15,12,0,27,38,67,32,24,35,43,726,315,2.3,17,031,051200,1,170310512001
71,0,55,92,29,24,14,28,39,49,0,74,54,26,38,191,1863,784,2.38,17,031,050200,3,170310502003
29,8,78,41,19,42,47,56,25,65,52,127,68,21,41,26,1647,745,2.21,17,031,040100,2,170310401002
18,18,0,0,6,33,0,47,17,26,10,39,65,23,19,51,805,372,2.16,17,031,050300,2,170310503002
33,28,36,0,24,20,24,41,7,34,89,138,27,37,9,16,892,563,1.58,17,031,060200,1,170310602001
0,49,0,0,0,15,0,27,42,0,56,48,58,105,16,76,1013,492,2.0,17,031,070200,2,170310702002
135,0,0,0,37,14,25,33,13,34,109,79,136,92,125,183,2120,1015,2.07,17,031,070300,1,170310703001
56,29,53,61,58,16,22,29,30,16,53,14,41,0,0,0,1689,478,3.53,17,031,221000,2,170312210002
48,17,19,57,47,13,33,20,0,14,29,16,19,7,18,0,1165,357,3.26,17,031,230500,2,170312305002
80,0,33,35,3,6,0,16,4,23,30,44,31,25,19,4,774,353,2.18,17,031,241200,2,170312412002
12,8,17,7,4,0,11,0,24,26,53,64,29,47,38,60,962,400,2.37,17,031,243200,2,170312432002
54,37,30,52,55,28,60,45,67,59,80,91,49,7,26,0,2803,740,3.79,17,031,820400,3,170318204003
5,0,6,47,24,13,26,6,6,31,78,122,41,55,8,3,1993,471,4.23,17,031,820800,1,170318208001
23,5,0,7,0,41,31,7,17,51,57,31,10,0,23,3,806,306,2.63,17,031,170700,2,170311707002
22,17,69,58,47,37,42,26,7,0,24,20,0,22,0,23,1177,414,2.82,17,031,530200,4,170315302004
37,22,48,45,38,0,0,0,0,31,15,0,12,0,0,0,1330,248,5.36,17,031,530200,2,170315302002
11,53,67,39,28,12,11,72,9,27,27,54,24,5,0,0,1594,439,3.63,17,031,580100,1,170315801001
17,9,37,62,60,0,43,32,18,12,38,9,19,0,0,0,1236,356,3.47,17,031,580600,3,170315806003
16,29,22,36,37,47,22,5,89,66,92,39,50,48,17,0,1842,615,2.97,17,031,590500,1,170315905001
52,52,47,19,98,13,0,16,15,43,75,51,29,12,0,0,1748,522,3.35,17,031,600400,1,170316004001
73,63,0,62,95,24,13,26,19,18,11,18,10,0,0,0,1324,432,3.06,17,031,827500,3,170318275003
80,10,44,7,13,0,58,20,6,83,106,45,132,38,20,20,2240,682,3.07,17,031,827801,4,170318278014
0,54,31,0,69,34,49,0,0,11,0,30,0,0,0,0,834,278,3.0,17,031,828506,5,170318285065
103,0,37,56,10,95,20,76,36,20,23,203,39,220,78,0,3553,1016,3.5,17,031,828506,1,170318285061
161,44,12,91,38,29,0,56,6,21,41,43,0,10,14,0,1600,566,2.78,17,031,829100,2,170318291002
13,63,33,49,73,0,32,8,0,88,13,9,9,0,11,0,852,401,2.12,17,031,829500,3,170318295003
8,38,27,29,13,13,11,40,32,124,143,80,86,13,50,98,1676,805,2.08,17,031,804608,3,170318046083
134,0,14,0,59,0,30,59,9,40,31,49,115,28,76,217,1395,861,1.52,17,031,063200,4,170310632004
32,14,0,15,28,15,0,82,0,68,24,140,31,25,36,54,1015,564,1.8,17,031,063400,2,170310634002
0,0,17,22,0,0,61,27,0,35,19,104,22,29,23,43,1061,402,2.64,17,031,804611,3,170318046113
14,0,13,0,0,0,13,0,0,28,33,182,216,84,55,158,2368,796,2.97,17,031,804609,1,170318046091
77,56,31,0,10,24,44,59,9,72,30,105,52,0,17,11,1870,597,3.1,17,031,020702,3,170310207023
36,11,29,47,0,70,14,17,14,131,53,17,51,0,25,27,1418,542,2.62,17,031,150502,1,170311505021
0,0,16,12,11,0,0,17,16,45,74,121,87,75,111,66,2018,651,3.1,17,031,804607,1,170318046071
9,0,0,41,49,13,16,21,101,96,94,84,25,0,0,30,1653,579,2.85,17,031,804709,1,170318047091
0,0,42,0,0,0,31,51,25,11,127,128,73,11,13,12,1507,524,2.87,17,031,804709,4,170318047094
7,6,48,0,24,7,8,21,7,31,35,59,44,39,17,28,857,381,2.25,17,031,805001,1,170318050011
0,16,6,30,8,0,21,30,7,15,7,75,74,31,38,81,1330,439,3.03,17,031,805001,4,170318050014
10,62,21,42,26,0,17,25,26,75,10,29,10,33,30,40,933,456,1.76,17,031,805110,2,170318051102
8,0,0,0,19,0,9,8,25,23,37,34,56,14,35,50,963,318,3.03,17,031,805201,1,170318052011
8,0,0,0,12,7,7,0,0,34,25,50,14,10,48,62,913,277,3.3,17,031,805202,1,170318052021
78,41,47,79,61,75,0,20,0,39,54,43,17,18,0,0,1358,572,2.37,17,031,430101,4,170314301014
79,98,31,78,43,0,55,16,36,10,61,41,8,36,48,0,1098,640,1.7,17,031,010501,1,170310105011
9,0,0,11,20,15,26,18,11,23,34,0,42,9,16,0,808,234,3.45,17,031,190800,2,170311908002
30,41,57,6,38,18,32,31,10,24,11,19,69,0,0,0,1127,386,2.92,17,031,251300,5,170312513005
11,16,0,0,0,0,0,34,87,104,197,145,70,93,57,198,1717,1012,1.7,17,031,063302,1,170310633021
13,14,0,0,29,11,0,42,43,55,155,140,139,29,14,0,1010,684,1.48,17,031,063302,2,170310633022
17,0,40,30,0,21,15,0,67,0,13,52,59,14,15,0,1061,343,3.09,17,031,220701,2,170312207012
111,24,79,16,24,29,10,4,20,33,19,45,16,0,0,0,1425,430,3.31,17,031,836700,1,170318367001
39,59,18,25,18,9,0,26,48,20,121,69,25,42,136,131,1576,786,2.01,17,031,832200,2,170318322002
0,14,0,26,49,8,20,0,14,35,80,19,57,73,131,155,1434,681,2.11,17,031,831000,2,170318310002
32,22,62,0,33,43,29,11,21,90,109,110,81,44,8,42,1682,737,2.28,17,031,770902,2,170317709022
18,25,51,29,24,16,46,0,25,10,16,67,8,0,0,0,1147,335,3.42,17,031,730202,1,170317302021
46,46,58,15,14,0,35,72,85,0,21,41,0,25,8,0,1657,466,3.56,17,031,660302,2,170316603022
13,10,107,0,27,17,27,78,0,73,8,10,0,0,0,0,1262,370,3.41,17,031,660302,4,170316603024
102,86,8,8,26,24,24,0,0,38,10,41,8,9,0,0,957,384,1.97,17,031,430700,2,170314307002
82,26,10,16,33,19,0,6,6,23,53,39,25,0,5,0,1192,343,3.48,17,031,837000,2,170318370002
37,32,26,0,0,25,16,6,15,3,21,13,0,0,9,0,503,203,2.48,17,031,831400,1,170318314001
0,15,17,10,0,5,27,33,16,35,16,52,95,31,29,5,1259,386,3.23,17,031,825200,2,170318252002
12,17,30,29,42,40,46,44,0,27,115,75,85,0,32,0,1037,594,1.75,17,031,802608,4,170318026084
0,0,14,13,7,13,0,27,5,23,16,98,80,133,49,0,1129,478,2.36,17,031,803013,3,170318030133
73,106,0,16,0,0,22,94,47,174,69,83,71,28,15,16,2116,814,2.6,17,031,802404,1,170318024041
88,142,32,37,37,69,29,48,0,86,50,101,20,14,39,0,1868,792,2.25,17,031,802404,4,170318024044
37,34,27,9,67,29,25,0,0,83,76,18,12,25,0,26,1802,468,3.12,17,031,140302,3,170311403023
0,7,34,0,6,83,21,22,29,22,106,89,54,15,96,0,1929,584,3.29,17,031,150402,3,170311504023
14,21,8,0,18,21,0,0,9,10,33,6,18,63,10,0,606,231,2.62,17,031,110501,2,170311105012
98,18,83,59,86,82,20,0,81,42,42,75,31,0,8,18,1418,743,1.91,17,031,110502,1,170311105021
242,123,48,38,8,8,14,51,0,28,52,19,44,60,15,23,1537,773,1.98,17,031,010503,1,170310105031
53,0,64,6,38,8,32,18,34,42,50,47,26,31,24,0,1184,473,2.5,17,031,010702,3,170310107023
72,39,23,0,24,76,0,0,0,0,44,132,33,0,11,0,1224,454,2.42,17,031,806104,2,170318061042
0,8,0,56,27,0,23,55,0,54,0,44,6,47,7,57,1137,384,2.34,17,031,770601,2,170317706012
26,25,11,11,0,6,35,7,4,51,11,30,9,11,8,10,1283,255,5.03,17,031,491200,1,170314912001
15,10,7,0,9,19,11,36,43,18,11,54,40,43,23,34,1052,373,2.82,17,031,805401,3,170318054013
8,0,36,0,73,0,0,3,0,63,30,73,0,0,0,0,777,286,2.72,17,031,710400,6,170317104006
10,8,53,24,0,11,39,0,0,97,8,12,8,0,0,0,789,270,2.92,17,031,710400,3,170317104003
45,10,21,10,13,21,17,71,39,84,113,114,161,42,38,63,2221,862,2.57,17,031,740400,3,170317404003
24,0,7,33,10,6,0,0,0,16,7,60,63,17,46,43,898,332,2.7,17,031,740400,4,170317404004
0,0,0,13,17,0,14,0,0,9,51,54,113,98,81,13,1256,463,2.71,17,031,803605,3,170318036053
21,57,34,0,40,24,7,12,40,6,3,8,0,0,24,0,1230,276,4.46,17,031,271800,1,170312718001
83,53,10,50,0,4,0,3,0,3,13,64,7,0,0,11,790,301,2.59,17,031,280900,1,170312809001
0,18,0,0,8,0,0,25,24,0,60,23,19,7,53,12,606,249,2.43,17,031,812100,5,170318121005
11,0,66,0,38,5,0,40,14,53,40,46,28,35,24,27,1149,427,2.69,17,031,812100,1,170318121001
0,42,0,22,27,53,8,84,0,40,42,38,20,66,46,0,2215,488,4.54,17,031,813500,5,170318135005
0,8,6,7,0,18,35,0,0,30,8,21,31,29,0,0,448,193,2.32,17,031,813500,3,170318135003
44,32,54,8,0,17,0,21,30,34,56,9,12,6,0,0,996,323,3.08,17,031,813600,1,170318136001
8,0,0,9,20,54,25,9,26,0,27,10,53,39,8,35,964,323,2.98,17,031,806300,2,170318063002
26,8,0,0,8,5,0,0,8,20,7,10,47,25,34,64,685,262,2.61,17,031,807100,1,170318071001
47,0,0,0,99,0,0,11,51,17,0,71,17,36,31,135,793,515,1.54,17,031,081402,3,170310814023
0,0,0,0,0,0,0,0,0,0,0,0,0,0,0,0,0,0,-666666666.0,17,031,061902,4,170310619024
47,70,34,42,24,28,91,27,0,58,58,0,44,15,53,121,1042,712,1.46,17,031,061902,1,170310619021
138,110,11,0,9,21,89,8,10,0,40,35,32,29,11,8,1549,551,2.81,17,031,661000,4,170316610004
51,38,8,22,50,61,14,30,17,120,147,93,31,59,10,35,1841,786,2.34,17,031,010701,2,170310107012
0,17,46,0,14,55,24,48,15,34,7,33,60,9,0,0,1013,362,2.45,17,031,020302,1,170310203021
57,45,31,77,0,34,104,31,16,62,43,113,27,41,9,0,1934,690,2.8,17,031,020902,2,170310209022
42,19,0,14,0,0,0,13,13,22,20,33,0,0,0,0,411,176,2.31,17,031,834300,3,170318343003
14,0,87,22,0,34,18,29,63,28,32,64,46,11,0,19,1471,467,3.15,17,031,834300,6,170318343006
84,41,79,39,13,0,4,0,0,67,38,0,13,0,0,0,1307,378,3.46,17,031,834200,4,170318342004
110,90,41,0,40,52,35,0,26,8,0,12,22,0,9,0,858,445,1.93,17,031,834400,1,170318344001
99,9,31,58,0,0,33,26,0,0,9,41,5,35,48,0,1035,394,2.63,17,031,843900,4,170318439004
91,54,60,43,0,9,14,38,0,6,13,0,8,7,0,0,638,343,1.84,17,031,843900,1,170318439001
98,8,79,68,48,35,28,19,11,51,74,0,18,9,0,0,1967,546,3.58,17,031,831200,3,170318312003
28,0,0,0,47,58,53,0,33,37,29,76,11,0,0,14,1018,386,2.64,17,031,831600,6,170318316006
19,14,0,0,57,33,46,38,22,101,0,75,9,0,33,11,1168,458,2.55,17,031,816100,3,170318161003
37,66,41,7,16,18,34,13,12,43,0,137,11,36,36,36,1295,543,2.07,17,031,816100,6,170318161006
26,30,38,0,21,0,7,0,58,29,82,107,32,0,13,12,1446,455,3.18,17,031,816300,3,170318163003
20,0,13,27,0,13,51,25,15,64,57,83,39,0,36,15,1888,458,4.12,17,031,816300,2,170318163002
4,28,10,41,11,43,42,23,17,28,96,31,48,32,13,0,1493,467,3.05,17,031,817000,5,170318170005
15,0,35,14,9,59,11,16,7,16,98,97,84,17,12,0,1693,490,3.45,17,031,817000,4,170318170004
12,0,11,47,12,37,12,25,13,65,15,63,113,52,16,15,1294,508,2.55,17,031,818500,1,170318185001
0,22,33,16,30,7,12,0,20,30,44,40,97,28,28,58,1189,465,2.56,17,031,818700,3,170318187003
0,39,15,0,49,17,0,0,26,7,28,31,22,0,17,11,963,262,3.68,17,031,200100,1,170312001001
14,0,6,8,21,37,17,57,8,73,17,40,0,0,41,0,1457,339,4.28,17,031,814000,2,170318140002
73,36,33,5,15,21,0,26,6,22,27,22,15,16,4,0,660,321,2.06,17,031,440600,1,170314406001
80,25,41,30,18,25,10,26,4,33,8,46,16,0,0,0,1107,362,3.03,17,031,460600,1,170314606001
63,46,22,66,0,12,9,32,10,39,20,13,10,40,14,11,942,407,2.0,17,031,410600,2,170314106002
82,48,0,21,66,0,0,71,36,108,115,136,167,24,13,43,1386,930,1.41,17,031,411000,1,170314110001
54,30,22,41,34,61,5,19,14,4,2,14,3,28,4,0,727,335,2.17,17,031,430800,2,170314308002
93,38,0,0,14,27,0,11,23,80,0,43,20,0,17,0,663,366,1.81,17,031,440300,5,170314403005
18,0,24,42,0,17,43,17,14,0,32,0,15,12,13,15,703,262,2.68,17,031,440300,4,170314403004
67,12,31,23,9,26,14,8,20,17,43,21,13,0,11,5,835,320,2.61,17,031,827200,2,170318272002
0,20,44,6,6,26,23,17,12,37,103,105,55,24,47,0,1813,525,3.45,17,031,827802,1,170318278021
163,14,32,50,55,55,54,18,41,27,61,40,44,8,35,18,2051,715,2.83,17,031,828504,1,170318285041
28,12,27,10,23,18,4,35,0,69,23,52,74,0,0,0,1312,375,3.5,17,031,828504,2,170318285042
28,7,6,0,7,10,22,0,0,0,22,31,17,36,30,88,693,304,2.28,17,031,828801,2,170318288012
112,0,0,26,0,0,81,34,164,12,17,7,0,0,0,0,1200,453,2.65,17,031,829200,4,170318292004
52,29,14,11,0,0,9,30,10,31,24,14,0,0,0,0,807,224,3.55,17,031,491400,2,170314914002
34,0,25,30,9,0,7,20,0,11,26,41,83,5,0,0,612,291,2.1,17,031,550200,2,170315502002
173,33,13,0,0,0,0,0,0,0,0,17,0,0,0,0,512,236,2.17,17,031,827400,1,170318274001
78,27,10,0,0,32,0,0,10,15,61,0,30,0,12,0,703,275,2.56,17,031,827400,3,170318274003
0,11,12,35,0,0,0,17,33,13,14,101,40,15,38,8,847,337,2.51,17,031,150300,4,170311503004
17,8,66,9,7,8,39,12,35,54,47,45,56,0,36,18,1594,457,3.49,17,031,151200,2,170311512002
59,19,32,4,20,31,28,21,10,36,47,40,5,15,4,0,1374,371,3.7,17,031,261000,1,170312610001
103,56,10,9,10,0,22,11,9,7,36,111,41,45,24,107,1076,601,1.79,17,031,071200,2,170310712002
70,34,49,40,52,54,4,10,9,21,35,15,0,0,4,0,1567,397,3.94,17,031,260400,1,170312604001
76,16,10,0,0,17,29,14,17,30,36,0,0,0,0,0,813,245,3.32,17,031,230600,3,170312306003
0,32,13,0,13,36,17,23,0,0,33,0,0,0,0,0,722,167,4.32,17,031,230600,1,170312306001
42,26,6,17,28,13,31,0,12,38,53,23,52,0,7,0,1331,348,3.82,17,031,200300,1,170312003001
47,27,0,25,23,0,0,0,12,53,14,65,56,73,110,86,1805,591,3.05,17,031,110100,1,170311101001
39,0,0,39,12,0,0,36,0,39,13,0,14,0,0,0,448,192,2.33,17,031,110100,3,170311101003
17,71,61,19,12,36,15,0,16,44,31,80,33,34,29,6,1386,504,2.75,17,031,110200,2,170311102002
37,14,51,117,132,44,65,39,61,42,104,100,75,16,12,13,1350,922,1.46,17,031,815900,2,170318159002
0,24,0,54,0,25,13,0,28,0,25,12,0,0,0,0,842,181,4.65,17,031,660600,2,170316606002
80,17,83,68,48,5,25,27,0,10,11,22,17,7,0,0,1457,420,3.47,17,031,660600,4,170316606004
9,17,36,22,17,27,11,13,25,5,0,5,21,0,0,0,760,208,3.65,17,031,670100,1,170316701001
80,65,42,28,47,0,10,0,0,12,6,29,0,27,0,0,1216,346,3.51,17,031,670800,2,170316708002
70,17,13,17,23,4,5,2,0,24,20,0,0,0,0,0,575,195,2.95,17,031,671200,2,170316712002
26,24,56,41,18,0,33,22,0,10,0,10,0,0,0,0,787,240,3.23,17,031,671500,1,170316715001
129,32,86,15,66,0,0,0,31,45,49,101,90,93,46,252,1550,1035,1.5,17,031,081500,3,170310815003
0,18,8,7,9,7,12,21,0,0,37,15,42,7,79,132,1361,394,3.45,17,031,805600,1,170318056001
9,0,7,31,6,9,17,11,6,16,27,60,28,10,65,128,1127,430,2.62,17,031,805600,2,170318056002
46,31,43,76,84,111,57,39,34,14,67,49,0,35,41,30,1884,757,2.11,17,031,806004,1,170318060041
4,7,7,0,18,0,4,10,12,0,9,32,22,25,79,36,891,265,3.36,17,031,807200,1,170318072001
37,0,6,0,11,11,14,41,9,8,25,70,20,0,28,68,1115,348,3.17,17,031,807500,2,170318075002
12,0,11,0,36,0,0,25,0,91,0,62,32,21,0,111,1017,401,2.54,17,031,807700,3,170318077003
29,32,12,17,126,11,0,62,0,19,57,67,43,10,15,23,1455,523,2.78,17,031,807700,2,170318077002
17,53,23,0,9,26,10,39,9,40,43,24,69,16,8,7,968,393,2.45,17,031,821900,5,170318219005
53,35,0,23,10,19,0,38,0,20,25,65,9,23,28,0,1003,348,2.86,17,031,460400,2,170314604002
0,10,22,0,14,22,15,37,25,19,31,139,59,18,14,0,1169,425,2.74,17,031,150200,1,170311502001
0,0,0,84,37,51,0,0,0,0,71,40,0,0,0,0,1089,283,3.85,17,031,160700,5,170311607005
37,0,0,28,18,0,55,0,37,16,84,44,44,84,81,51,1696,579,2.83,17,031,160700,3,170311607003
27,0,24,8,35,3,45,31,15,14,34,50,25,15,20,41,888,387,2.28,17,031,161000,2,170311610002
9,0,0,49,7,47,10,0,0,16,25,65,98,50,41,0,1165,417,2.79,17,031,170300,4,170311703004
22,0,8,0,47,0,0,25,10,7,12,66,30,34,46,16,881,323,2.73,17,031,170300,2,170311703002
59,15,0,0,0,15,24,81,35,76,113,131,124,15,90,171,2445,949,2.58,17,031,804606,4,170318046064
0,35,25,14,21,112,87,33,17,103,72,83,44,9,22,0,1874,677,2.77,17,031,804705,2,170318047052
63,17,25,0,9,0,15,68,75,13,46,98,64,0,0,19,1191,512,2.3,17,031,030800,1,170310308001
0,0,0,0,0,48,0,0,0,13,59,28,0,117,0,118,860,383,2.25,17,031,050500,1,170310505001
0,0,0,9,10,13,6,13,39,26,64,181,70,84,12,80,1589,607,2.58,17,031,050500,2,170310505002
35,18,9,7,19,0,40,17,51,45,28,59,17,31,33,31,949,440,2.16,17,031,220500,1,170312205001
40,31,9,9,4,10,0,53,3,86,34,28,10,21,0,17,1131,355,3.1,17,031,222700,1,170312227001
69,10,19,27,16,40,0,18,20,32,19,24,0,0,0,0,986,294,3.35,17,031,231200,1,170312312001
122,12,100,18,0,14,23,18,0,96,31,16,0,0,0,0,1644,450,3.65,17,031,231200,2,170312312002
102,59,22,12,50,35,15,29,0,0,45,0,0,0,0,0,1544,369,4.18,17,031,231500,5,170312315005
56,15,16,0,0,0,0,0,0,29,30,33,0,0,0,0,464,179,2.59,17,031,231500,3,170312315003
69,14,28,18,0,64,19,0,67,34,35,88,112,55,71,149,1717,823,2.09,17,031,810000,2,170318100002
12,50,10,0,14,75,25,49,0,0,11,45,10,70,10,20,1191,401,2.97,17,031,810200,3,170318102003
16,25,0,14,9,11,0,83,14,0,39,90,21,5,21,41,1073,389,2.76,17,031,810200,2,170318102002
49,0,10,0,10,0,7,0,0,8,8,102,39,4,29,32,775,298,2.6,17,031,811000,3,170318110003
9,0,0,29,18,9,0,0,7,17,47,18,80,17,47,28,947,326,2.9,17,031,811000,2,170318110002
40,0,19,19,50,18,0,0,10,0,11,11,13,14,23,11,705,239,2.94,17,031,430600,1,170314306001
13,21,23,75,11,34,0,40,16,28,34,63,48,88,34,6,1639,534,3.07,17,031,808200,2,170318082002
96,44,33,32,61,0,27,38,0,28,55,22,0,0,0,0,1078,436,2.47,17,031,420500,2,170314205002
56,9,46,0,33,0,24,0,0,0,0,0,9,0,0,0,408,177,2.18,17,031,430400,2,170314304002
68,8,0,28,8,19,22,14,0,19,49,53,9,0,0,0,802,297,2.7,17,031,440900,2,170314409002
0,9,0,12,0,14,0,10,74,32,15,64,10,0,0,0,884,240,3.68,17,031,650400,1,170316504001
41,0,26,29,21,14,21,12,0,31,47,59,55,0,0,0,785,356,2.2,17,031,480300,1,170314803001
51,0,0,0,64,0,0,31,16,16,12,25,0,28,0,10,735,253,2.91,17,031,661000,3,170316610003
48,26,79,77,100,0,93,59,54,0,44,90,54,33,56,33,1632,846,1.93,17,031,010400,1,170310104001
15,0,28,10,0,20,5,8,22,55,21,34,35,15,29,7,603,304,1.98,17,031,051400,2,170310514002
44,0,0,51,27,36,106,51,24,39,98,128,240,90,12,60,1532,1006,1.52,17,031,060800,1,170310608001
43,0,28,0,0,10,0,0,0,8,0,25,11,20,44,9,2377,198,2.85,17,031,071000,1,170310710001
0,13,0,19,0,21,42,9,14,39,42,99,37,22,67,5,1040,429,2.42,17,031,090100,1,170310901001
30,34,8,24,14,29,8,21,33,44,51,8,35,32,14,0,1438,385,3.74,17,031,200100,2,170312001002
69,46,18,29,12,11,12,36,13,20,120,79,99,22,36,8,1729,630,2.74,17,031,170900,1,170311709001
34,7,24,27,19,12,11,32,35,31,87,55,89,41,18,78,1382,600,2.27,17,031,220300,1,170312203001
29,13,19,56,11,75,58,0,0,9,0,37,27,32,18,0,1009,384,2.63,17,031,817101,1,170318171011
68,47,45,96,14,16,13,22,19,34,71,51,33,37,9,0,2170,575,3.75,17,031,817200,1,170318172001
18,8,7,24,8,17,41,56,48,0,97,90,40,13,14,0,2140,481,4.45,17,031,817400,3,170318174003
0,0,0,0,10,0,8,0,15,28,26,22,11,32,39,166,998,357,2.8,17,031,819900,1,170318199001
7,9,26,0,7,64,9,27,8,27,39,33,17,7,17,2,772,299,2.58,17,031,820501,1,170318205011
210,0,123,31,0,138,41,123,32,165,141,260,28,5,124,666,3006,2087,1.44,17,031,081403,1,170310814031
167,52,84,17,60,59,25,71,0,39,42,12,6,20,24,0,1010,678,1.49,17,031,030603,2,170310306032
110,35,52,0,17,0,13,6,0,48,42,54,11,0,74,58,756,520,1.45,17,031,030703,1,170310307031
36,25,59,81,60,97,41,25,11,30,9,49,12,0,0,0,1964,535,3.67,17,031,840800,1,170318408001
19,10,0,0,0,40,0,0,23,27,34,17,38,0,8,8,498,224,2.22,17,031,827805,3,170318278053
101,25,0,52,107,15,42,65,0,85,105,143,48,32,0,0,2126,820,2.59,17,031,760803,1,170317608031
175,112,15,11,22,0,0,0,0,29,0,0,15,0,0,0,666,379,1.76,17,031,540102,1,170315401021
25,70,18,17,19,10,0,0,13,0,11,12,0,0,0,0,493,195,2.53,17,031,540101,2,170315401012
8,0,14,7,9,0,13,46,0,9,0,48,4,8,10,119,818,295,2.38,17,031,801901,3,170318019013
0,25,115,37,18,48,27,33,9,56,73,65,33,30,37,25,1656,631,2.62,17,031,802402,1,170318024021
33,8,0,0,0,20,8,9,17,33,82,37,103,69,19,63,1428,501,2.85,17,031,807900,2,170318079002
0,21,83,8,19,24,7,33,0,61,38,112,43,31,0,0,1625,480,3.36,17,031,821002,5,170318210025
0,14,0,0,34,13,38,14,69,12,0,72,61,120,81,23,1578,551,2.86,17,031,824602,1,170318246021
0,0,28,20,0,22,0,0,17,48,12,74,60,0,0,11,732,292,2.51,17,031,824602,4,170318246024
30,27,33,48,21,23,94,38,13,91,46,55,0,0,15,17,1225,551,2.22,17,031,825802,2,170318258022
24,46,7,59,10,0,6,0,20,10,13,0,12,0,0,0,486,207,2.35,17,031,827600,3,170318276003
0,0,3,35,0,13,0,6,0,10,99,84,9,65,0,0,991,324,3.06,17,031,824601,1,170318246011
62,12,25,21,11,9,48,45,8,22,64,54,62,0,30,0,1162,473,2.46,17,031,824702,1,170318247021
39,18,0,55,0,31,10,54,0,10,35,32,0,0,0,0,883,284,3.11,17,031,200200,3,170312002003
18,17,46,0,68,42,0,0,0,24,49,55,32,12,0,9,1035,372,2.78,17,031,200200,1,170312002001
13,20,4,23,15,77,36,88,37,61,52,40,37,7,2,0,1201,512,2.35,17,031,221400,3,170312214003
33,68,0,16,0,0,54,53,145,48,159,185,165,52,96,0,2510,1074,2.34,17,031,804804,2,170318048042
25,45,40,50,13,37,69,0,0,100,105,165,45,12,0,0,1451,706,2.06,17,031,805105,3,170318051053
12,53,31,122,42,142,78,109,125,33,54,28,47,55,16,34,3375,981,3.44,17,031,805108,1,170318051081
0,0,0,0,15,0,0,0,9,0,9,43,17,32,42,16,478,183,2.61,17,031,805701,2,170318057012
0,0,28,0,20,10,0,0,0,10,24,44,36,75,79,51,1095,377,2.9,17,031,805701,1,170318057011
149,10,43,0,0,7,18,21,0,48,42,26,40,6,0,0,1128,410,2.75,17,031,292500,3,170312925003
53,12,39,55,0,51,42,12,38,87,74,76,164,61,0,58,1319,822,1.6,17,031,071500,3,170310715003
11,16,0,13,0,0,27,16,12,26,41,107,134,88,151,135,2207,777,2.84,17,031,803603,3,170318036033
26,0,53,0,41,0,42,49,0,112,125,136,106,54,61,26,1643,831,1.98,17,031,803610,3,170318036103
0,0,0,0,0,14,36,11,57,41,148,78,34,20,15,0,859,454,1.89,17,031,803610,2,170318036102
38,0,26,0,0,0,12,14,16,0,32,56,87,36,13,271,1966,601,3.27,17,031,804201,3,170318042013
107,20,10,11,18,14,40,8,8,0,0,7,0,0,0,0,455,243,1.84,17,031,826902,2,170318269022
10,12,0,17,0,6,18,24,30,11,34,39,0,32,13,5,693,251,2.76,17,031,510200,1,170315102001
14,29,25,40,19,46,86,16,10,40,31,38,16,6,0,3,1373,419,3.28,17,031,570500,2,170315705002
44,5,21,56,36,17,11,15,14,0,76,34,0,4,0,0,1428,333,4.01,17,031,611200,2,170316112002
9,0,34,11,9,18,34,15,12,44,24,20,25,12,4,11,1024,282,3.63,17,031,640800,1,170316408001
11,20,13,30,5,5,5,10,15,11,31,34,0,0,0,0,506,190,2.66,17,031,670900,1,170316709001
70,37,0,8,0,17,19,7,0,24,13,8,0,0,0,7,620,210,2.95,17,031,681000,1,170316810001
33,22,62,21,54,126,47,8,17,17,25,22,0,0,0,0,1844,454,4.06,17,031,630400,4,170316304004
91,8,62,62,29,27,9,43,38,13,26,26,0,0,0,0,1565,434,3.61,17,031,630400,3,170316304003
61,41,10,15,0,0,22,15,24,15,0,9,34,0,0,0,576,246,2.34,17,031,681000,2,170316810002
23,48,36,60,62,19,22,0,0,17,0,14,0,0,0,0,866,301,2.88,17,031,710200,1,170317102001
207,94,96,118,37,15,16,16,9,23,0,37,46,0,11,0,1894,725,2.61,17,031,710200,5,170317102005
51,42,38,11,13,26,0,22,0,18,97,14,28,32,13,28,632,433,1.46,17,031,071400,1,170310714001
0,21,0,0,0,11,0,14,0,8,0,10,26,20,41,230,1197,381,3.14,17,031,800100,1,170318001001
21,0,8,0,0,8,23,10,8,7,9,45,38,11,42,106,900,336,2.68,17,031,801300,1,170318013001
19,8,25,55,28,24,0,26,49,27,37,82,84,57,60,47,1591,628,2.5,17,031,803901,2,170318039012
14,17,16,16,0,40,20,59,44,34,65,137,23,64,70,62,1615,681,2.37,17,031,804106,4,170318041064
26,19,38,30,45,9,15,27,11,45,107,104,95,59,72,64,1572,766,2.05,17,031,050100,2,170310501002
63,14,17,2,35,49,4,21,0,40,21,16,0,17,0,0,944,299,3.02,17,031,612000,2,170316120002
41,40,19,52,31,33,28,40,14,129,86,129,64,28,16,11,1701,761,2.24,17,031,640500,1,170316405001
0,5,0,0,15,0,7,10,14,8,66,94,47,56,83,71,1414,476,2.97,17,031,800900,3,170318009003
0,6,0,0,0,45,26,10,12,33,52,14,8,74,29,16,893,325,2.75,17,031,740300,3,170317403003
134,40,108,18,0,49,0,23,44,7,27,14,55,0,0,0,1284,519,2.47,17,031,530600,1,170315306001
0,18,42,0,48,24,0,13,16,0,46,39,28,58,0,0,775,332,2.33,17,031,561000,4,170315610004
28,38,0,27,0,29,0,58,11,12,38,42,30,22,0,20,712,355,2.01,17,031,561000,6,170315610006
11,41,100,135,19,13,0,41,53,22,173,81,0,30,62,40,2009,821,2.45,17,031,770800,1,170317708001
111,19,0,82,0,23,21,78,78,26,45,182,0,0,21,65,946,751,1.02,17,031,081000,3,170310810003
74,21,26,0,10,0,16,0,0,11,58,55,21,39,0,14,858,345,2.49,17,031,817900,4,170318179004
28,0,28,19,93,27,102,11,44,13,26,37,12,0,17,0,1371,457,3.0,17,031,821401,4,170318214014
0,8,9,8,0,16,17,21,16,0,81,53,50,7,31,30,877,347,2.45,17,031,820104,2,170318201042
48,48,84,65,29,0,15,66,0,14,115,179,120,30,101,146,1990,1060,1.88,17,031,820201,2,170318202012
26,10,0,0,17,28,31,27,22,14,109,202,89,118,132,130,3118,955,3.26,17,031,820201,4,170318202014
32,164,54,50,53,35,34,83,0,64,36,57,104,44,0,35,2307,845,2.73,17,031,821200,3,170318212003
20,0,0,22,0,8,0,0,0,0,103,121,77,0,0,0,1141,351,3.25,17,031,821600,1,170318216001
39,10,11,8,21,0,21,0,0,28,42,32,40,20,50,0,877,322,2.72,17,031,821600,2,170318216002
0,0,9,0,8,0,0,0,0,10,19,38,35,33,38,188,1280,378,3.39,17,031,819801,5,170318198015
0,0,8,9,0,0,9,0,0,7,10,30,0,23,47,47,582,190,3.06,17,031,819801,4,170318198014
0,0,30,31,11,25,16,8,48,22,109,48,0,53,7,9,943,417,2.26,17,031,820502,2,170318205022
42,7,8,0,24,0,15,17,9,50,96,97,121,79,97,202,2055,864,2.38,17,031,803010,4,170318030104
10,0,0,0,10,0,14,0,13,23,59,0,63,22,20,0,703,234,3.0,17,031,803010,2,170318030102
0,0,0,0,0,0,0,0,0,0,0,0,0,0,0,0,0,0,-666666666.0,17,031,381700,1,170313817001
120,98,3,34,18,8,36,93,21,64,66,42,22,0,38,0,1302,663,1.96,17,031,381200,2,170313812002
84,21,18,10,9,16,22,18,27,69,123,232,134,98,147,346,3009,1374,2.19,17,031,809900,1,170318099001
23,45,12,30,0,33,15,52,7,62,62,47,29,56,9,16,1496,498,3.0,17,031,811702,2,170318117022
68,50,8,9,14,44,28,17,17,53,65,22,61,10,8,0,1691,474,3.16,17,031,829302,3,170318293023
7,12,14,9,50,50,50,11,8,7,30,40,17,0,0,20,962,325,2.96,17,031,828000,2,170318280002
35,46,8,11,0,39,9,11,0,85,24,102,148,0,9,0,1470,527,2.79,17,031,828202,4,170318282024
48,0,42,19,16,20,19,18,9,21,9,49,41,21,35,24,1008,391,2.58,17,031,828202,2,170318282022
41,15,32,0,0,85,0,22,55,57,63,13,0,28,0,13,1826,424,4.31,17,031,813302,1,170318133021
67,110,31,31,35,30,12,8,11,27,12,9,0,0,0,0,1215,383,3.05,17,031,841500,2,170318415002
47,16,59,11,0,30,0,11,0,10,27,48,32,5,11,0,1176,307,2.93,17,031,837300,2,170318373002
93,0,92,6,33,17,9,31,0,31,78,122,55,40,48,0,2035,655,2.77,17,031,837800,1,170318378001
29,48,7,23,31,11,16,0,24,18,0,40,0,0,0,0,1074,247,3.2,17,031,837400,2,170318374002
10,0,12,0,47,0,0,0,15,25,73,71,75,35,17,16,1232,396,3.11,17,031,824123,1,170318241231
0,0,0,11,27,0,0,0,14,0,39,110,172,12,0,0,1114,385,2.89,17,031,824123,5,170318241235
0,0,12,12,0,14,0,0,15,40,115,112,158,13,169,94,2242,754,2.97,17,031,824117,1,170318241171
0,59,54,0,17,25,28,31,0,73,140,106,80,77,38,81,1723,809,2.13,17,031,825304,1,170318253041
41,0,14,0,0,19,0,17,0,15,45,140,67,81,42,54,1631,535,3.05,17,031,824122,3,170318241223
11,10,3,8,10,10,19,0,9,50,97,109,65,39,27,65,1681,532,3.16,17,031,824121,1,170318241211
17,30,0,0,0,0,18,29,0,16,62,69,52,0,32,45,1218,370,3.29,17,031,824113,1,170318241131
10,11,23,0,10,0,28,44,0,0,30,149,32,89,65,48,1809,539,3.36,17,031,824005,3,170318240053
0,16,26,29,0,7,0,17,19,8,58,31,80,26,47,30,886,394,2.24,17,031,830900,2,170318309002
0,16,0,26,36,0,15,9,0,17,15,13,22,0,0,0,581,169,3.44,17,031,151002,4,170311510024
39,15,7,28,127,7,16,87,11,5,69,45,38,20,27,0,1310,541,2.42,17,031,160602,1,170311606021
32,17,20,32,67,22,15,28,40,27,20,163,42,37,0,8,2064,570,3.62,17,031,160502,2,170311605022
65,29,35,50,13,54,61,50,22,114,68,48,5,25,25,12,2530,676,3.74,17,031,840300,3,170318403003
110,51,18,14,31,41,15,25,44,37,88,98,79,66,137,271,1789,1125,1.59,17,031,081300,4,170310813004
167,5,42,54,0,0,154,10,44,41,81,37,35,54,0,29,2200,753,2.26,17,031,010300,2,170310103002
12,12,42,0,37,15,16,0,10,15,44,10,26,47,46,51,985,383,2.55,17,031,808301,3,170318083013
16,26,12,0,0,0,16,29,0,27,62,101,92,23,88,39,1107,531,2.08,17,031,071500,4,170310715004
28,71,99,54,127,70,129,0,68,31,82,121,45,15,0,5,2903,945,2.93,17,031,807000,1,170318070001
15,4,5,4,24,9,0,0,0,0,12,12,8,0,0,0,250,93,2.69,17,031,381500,1,170313815001
0,8,4,0,17,8,0,13,0,23,55,78,39,48,90,91,1255,474,2.65,17,031,720100,2,170317201002
0,8,40,0,4,8,13,0,17,9,24,76,4,43,83,86,1159,415,2.79,17,031,720100,3,170317201003
94,0,24,0,22,19,0,16,57,84,45,73,13,68,0,0,1098,515,2.13,17,031,825503,3,170318255033
67,0,77,41,0,29,19,11,0,89,32,58,31,24,34,0,1563,512,2.86,17,031,825505,1,170318255051
0,0,11,11,14,16,0,33,27,44,131,43,9,9,33,7,894,388,2.3,17,031,825505,3,170318255053
0,0,48,29,0,50,16,26,49,65,37,189,10,19,12,0,1865,550,3.39,17,031,826202,3,170318262023
136,5,42,23,48,4,4,5,0,25,5,0,0,2,0,0,931,299,3.11,17,031,680600,2,170316806002
38,58,0,19,26,21,0,7,8,8,14,16,22,25,10,0,458,272,1.68,17,031,283800,1,170312838001
0,7,27,23,43,37,43,29,9,16,41,19,9,8,9,0,1106,320,3.46,17,031,570300,2,170315703002
40,20,24,8,44,22,25,8,15,71,22,98,0,0,38,11,1413,446,3.17,17,031,150700,2,170311507002
54,32,13,8,13,73,25,19,70,80,23,90,12,23,16,2,1361,553,2.46,17,031,161300,4,170311613004
0,8,0,13,25,13,12,24,28,17,7,71,7,0,15,0,782,240,3.26,17,031,161300,1,170311613001
0,17,31,19,27,10,13,67,19,28,51,8,3,19,40,9,1028,361,2.83,17,031,210800,1,170312108001
49,25,44,35,45,28,29,0,7,42,35,113,35,79,54,77,1799,697,2.58,17,031,221600,2,170312216002
11,0,11,15,20,15,0,0,0,52,54,79,0,57,16,14,959,344,2.79,17,031,560800,3,170315608003
35,35,31,36,0,0,5,0,45,24,24,39,10,0,0,9,1212,293,4.14,17,031,230700,2,170312307002
153,162,0,16,13,0,40,0,26,46,14,60,106,23,31,77,1610,767,2.1,17,031,241400,1,170312414001
66,24,85,53,14,49,25,48,41,36,107,72,75,52,76,26,1805,849,2.12,17,031,242400,2,170312424002
102,22,33,47,20,0,0,27,0,15,56,16,0,0,0,0,1019,338,3.01,17,031,710600,1,170317106001
11,10,12,37,0,15,42,25,50,34,43,31,31,15,13,0,1099,369,2.98,17,031,730500,1,170317305001
59,0,0,0,14,1,48,0,0,23,63,71,0,13,0,0,880,292,3.0,17,031,730500,2,170317305002
0,17,12,0,0,14,0,0,0,15,0,17,29,70,52,233,1291,459,2.81,17,031,800200,1,170318002001
19,0,0,0,0,0,37,0,0,16,14,45,33,26,79,72,1008,341,2.96,17,031,800200,4,170318002004
20,0,0,0,0,0,19,0,0,0,15,8,15,0,73,141,853,291,2.93,17,031,800200,6,170318002006
0,0,0,10,15,22,0,7,0,8,0,29,55,31,22,333,1625,532,3.05,17,031,800300,3,170318003003
17,0,0,0,8,0,0,17,0,23,0,8,10,0,15,178,1016,276,3.68,17,031,800500,5,170318005005
12,26,15,45,0,0,0,15,13,28,76,58,15,17,16,47,591,383,1.54,17,031,812301,1,170318123011
166,112,60,15,117,58,77,57,51,16,88,39,174,8,53,52,1847,1143,1.62,17,031,812801,1,170318128011
63,0,0,45,0,0,0,0,38,34,88,0,0,0,38,0,897,306,2.93,17,031,440201,3,170314402013
16,5,24,15,0,20,0,0,16,0,0,55,0,0,0,0,388,151,2.57,17,031,671300,3,170316713003
14,0,16,52,16,0,15,16,61,75,133,89,75,17,130,17,1832,726,2.52,17,031,825302,1,170318253021
65,51,98,10,54,14,22,87,32,51,28,89,16,16,10,31,1792,674,2.66,17,031,826500,4,170318265004
266,44,0,59,22,50,9,18,0,122,62,59,43,0,0,8,1615,762,2.12,17,031,826700,2,170318267002
13,0,22,18,58,57,0,0,22,43,59,56,18,0,0,0,830,366,2.27,17,031,826700,3,170318267003
71,40,20,30,79,21,0,18,5,24,78,14,4,0,0,0,1143,404,2.83,17,031,827100,3,170318271003
21,22,0,0,0,5,26,0,0,36,36,19,35,12,11,29,580,252,2.3,17,031,823500,4,170318235004
14,0,40,40,21,39,51,8,8,0,0,69,48,28,36,5,875,407,2.15,17,031,450300,3,170314503003
35,10,20,44,4,47,35,32,16,41,35,37,14,0,0,0,836,370,2.26,17,031,770700,1,170317707001
40,0,49,19,10,12,53,10,13,0,121,15,13,77,59,11,1427,502,2.84,17,031,807600,5,170318076005
29,34,46,8,37,45,31,16,44,36,14,22,17,6,15,0,1301,400,3.25,17,031,823400,2,170318234002
38,10,0,43,21,0,8,19,0,41,8,0,14,0,0,0,447,202,2.19,17,031,420700,5,170314207005
50,45,40,20,28,45,5,39,12,13,40,19,68,16,0,8,2093,448,4.67,17,031,251200,4,170312512004
0,8,41,6,7,26,29,51,0,19,23,20,5,0,0,0,703,235,2.99,17,031,672000,2,170316720002
0,6,0,0,8,7,0,10,7,11,23,9,36,55,16,141,1037,329,3.15,17,031,801902,1,170318019021
9,0,38,8,8,10,0,21,0,15,61,91,32,28,37,20,984,378,2.6,17,031,806700,3,170318067003
18,0,9,11,0,0,7,0,7,23,9,49,99,14,24,68,960,338,2.84,17,031,805701,5,170318057015
37,13,35,103,14,13,14,28,39,42,123,234,160,116,86,27,2771,1084,2.56,17,031,808301,2,170318083012
31,0,13,16,12,16,85,0,0,0,0,64,26,13,26,0,795,302,2.63,17,031,807300,4,170318073004
77,24,25,92,19,16,66,19,17,28,140,134,90,63,60,17,1996,887,2.25,17,031,808302,2,170318083022
45,7,29,31,17,8,20,45,25,8,20,86,95,61,33,95,1088,625,1.74,17,031,063000,2,170310630002
56,0,12,54,54,58,11,24,0,28,11,46,50,12,83,19,1334,518,2.58,17,031,110100,2,170311101002
69,43,55,22,37,36,25,25,9,3,30,14,4,0,0,0,1486,372,3.99,17,031,671100,1,170316711001
0,41,43,12,13,13,30,0,11,0,90,92,52,17,0,11,1128,425,2.63,17,031,810501,4,170318105014
67,28,30,78,27,0,59,13,0,0,14,16,0,40,0,0,941,372,2.53,17,031,710800,4,170317108004
13,36,53,25,0,41,20,9,0,39,83,85,87,93,13,20,1407,617,2.28,17,031,030500,1,170310305001
7,10,7,14,19,0,45,7,6,54,53,75,8,13,24,29,1245,371,3.13,17,031,822500,3,170318225003
42,10,0,0,21,26,0,45,14,5,67,78,106,44,4,0,1593,462,3.45,17,031,821101,4,170318211014
0,47,77,53,12,51,0,35,24,122,119,184,50,47,11,10,1953,842,2.22,17,031,823602,3,170318236023
22,8,17,16,0,14,25,43,0,67,50,105,61,34,83,9,1654,554,2.99,17,031,700402,3,170317004023
10,0,0,9,0,4,5,3,9,16,40,89,43,80,35,133,1333,476,2.8,17,031,819802,2,170318198022
85,59,60,48,68,52,8,47,15,67,54,42,56,0,14,0,2144,675,2.7,17,031,825700,2,170318257002
9,10,0,0,13,35,0,19,0,53,62,12,51,53,112,91,1063,520,2.04,17,031,830900,1,170318309001
6,5,0,0,6,5,12,0,6,16,38,151,6,12,25,29,723,317,2.27,17,031,836000,2,170318360002
6,3,0,12,17,14,12,24,33,26,0,53,22,15,6,4,887,247,3.59,17,031,620200,1,170316202001
82,39,35,14,10,11,6,0,0,3,35,25,4,13,6,0,850,283,2.92,17,031,280800,1,170312808001
7,0,0,41,22,13,0,16,0,61,50,58,41,34,0,0,1180,343,3.44,17,031,150700,4,170311507004
124,13,60,42,20,45,20,60,0,35,73,15,0,24,0,0,1333,531,2.5,17,031,430500,2,170314305002
64,35,8,6,23,38,0,39,24,76,43,51,6,7,0,7,1201,427,2.7,17,031,819100,3,170318191003
10,16,48,22,49,11,40,25,18,75,133,199,21,79,133,83,1964,962,2.03,17,031,830005,1,170318300051
15,36,0,38,26,14,0,15,0,70,134,11,66,0,10,0,1592,435,3.66,17,031,815200,2,170318152002
0,0,15,13,0,65,0,0,18,25,28,27,11,32,0,127,989,361,2.73,17,031,801605,2,170318016052
16,20,32,0,0,8,44,6,0,5,18,84,24,21,16,11,922,305,3.02,17,031,810800,1,170318108001
38,30,43,48,55,40,30,6,10,63,118,94,16,19,21,0,1785,631,2.83,17,031,828702,3,170318287023
28,0,20,0,8,12,23,0,80,53,9,24,0,38,0,0,1152,295,3.91,17,031,140602,1,170311406021
35,0,19,4,38,80,45,0,0,64,28,77,33,0,9,36,1085,468,1.99,17,031,820502,3,170318205023
17,0,54,30,88,61,20,0,58,5,48,27,31,23,0,0,1463,462,3.15,17,031,843200,1,170318432001
10,24,19,29,29,17,10,19,0,33,35,110,109,47,19,11,2102,521,4.03,17,031,700301,2,170317003012
0,51,25,17,0,43,26,22,26,10,7,13,53,0,0,0,876,293,2.99,17,031,620400,2,170316204002
0,0,0,11,21,27,16,13,0,0,8,120,40,32,15,0,979,303,3.23,17,031,806003,3,170318060033
61,0,14,0,14,0,60,53,90,33,58,133,80,51,11,15,1040,673,1.55,17,031,061901,2,170310619012
0,90,0,16,0,48,27,0,0,45,20,59,14,46,32,0,914,397,2.3,17,031,040202,1,170310402021
16,13,0,60,43,33,27,14,15,34,79,116,27,52,1,0,1469,530,2.77,17,031,819200,4,170318192004
21,0,16,6,6,0,0,32,11,30,24,88,107,56,109,201,1394,707,1.97,17,031,062200,2,170310622002
7,9,41,61,8,74,25,10,25,41,24,44,20,70,4,32,1164,495,2.35,17,031,160800,5,170311608005
71,72,0,67,0,0,49,119,82,68,173,280,344,244,226,578,3435,2373,1.45,17,031,081800,1,170310818001
0,13,0,0,7,9,12,7,30,4,45,22,26,26,0,0,374,201,1.86,17,031,030900,1,170310309001
12,0,33,16,9,5,7,2,14,13,33,63,8,7,44,58,860,324,2.65,17,031,808600,2,170318086002
124,23,0,0,19,42,71,55,18,22,142,25,146,73,49,0,2598,809,3.21,17,031,829901,1,170318299011
78,14,16,48,8,0,0,42,18,63,61,73,20,62,60,104,1319,667,1.98,17,031,221600,1,170312216001
34,0,0,39,11,0,92,0,0,14,39,105,11,39,23,111,1136,518,2.19,17,031,050200,1,170310502001
44,7,9,71,18,21,16,4,13,21,16,17,27,14,0,22,983,320,3.07,17,031,151100,3,170311511003
26,35,31,9,10,42,4,11,17,31,38,18,8,18,12,19,907,329,2.75,17,031,241000,1,170312410001
0,13,20,24,17,53,0,14,10,37,23,70,15,0,34,10,800,340,2.35,17,031,821401,3,170318214013
0,0,10,0,0,0,0,37,18,35,81,148,53,42,45,27,1776,496,3.58,17,031,802701,2,170318027012
75,28,8,12,9,38,0,0,31,7,0,0,3,0,0,0,473,211,2.24,17,031,691500,1,170316915001
13,41,28,32,74,16,28,35,46,23,7,11,27,16,0,0,1550,397,3.9,17,031,520200,2,170315202002
10,0,24,0,0,0,0,22,7,46,8,60,40,37,8,35,950,297,3.2,17,031,810301,1,170318103011
79,32,14,52,88,0,0,23,14,229,72,21,37,18,0,0,2167,679,3.19,17,031,824800,2,170318248002
0,0,0,0,15,0,0,0,0,20,14,51,19,52,73,98,842,342,2.46,17,031,820101,5,170318201015
0,0,10,0,31,8,0,11,20,52,42,128,86,35,89,95,1782,607,2.91,17,031,804104,1,170318041041
0,15,10,0,0,0,0,0,16,14,17,27,0,13,26,35,433,173,2.5,17,031,804901,6,170318049016
0,0,0,14,14,0,24,0,0,15,39,47,25,26,12,49,697,265,2.63,17,031,250500,4,170312505004
75,44,38,112,39,50,52,35,16,16,74,66,0,5,0,21,1624,643,2.53,17,031,840100,2,170318401002
10,0,31,8,23,9,32,8,25,48,35,53,28,0,0,0,1003,310,3.24,17,031,816300,1,170318163001
0,37,47,48,14,12,23,29,34,79,103,86,95,63,17,0,1531,687,2.22,17,031,440300,2,170314403002
151,49,36,50,91,0,57,52,80,0,51,65,33,23,0,0,1227,738,1.66,17,031,440201,1,170314402011
66,0,0,0,0,0,7,0,0,23,6,46,19,12,0,9,385,188,2.05,17,031,838100,3,170318381003
21,65,0,22,10,11,23,25,0,37,0,82,0,0,0,0,1081,296,3.64,17,031,301802,2,170313018022
52,57,22,13,19,0,0,70,0,45,22,10,0,41,0,0,504,351,1.44,17,031,440102,3,170314401023
154,53,62,34,8,0,63,27,10,11,124,89,10,7,10,30,1755,692,2.54,17,031,230900,1,170312309001
87,82,55,19,0,61,39,40,51,113,68,63,21,0,0,0,1648,699,1.75,17,031,823001,1,170318230011
15,0,0,41,17,24,27,0,0,30,23,64,17,28,7,8,1274,301,4.23,17,031,650301,4,170316503014
155,116,40,66,52,207,72,88,48,124,210,156,123,44,44,31,2157,1576,1.37,17,031,030706,1,170310307061
67,42,19,62,7,10,9,0,13,50,62,70,29,0,7,8,946,455,2.03,17,031,823605,3,170318236053
38,45,22,98,42,45,32,12,62,78,139,118,88,96,123,51,2772,1089,2.55,17,031,802608,2,170318026082
51,34,0,50,59,31,22,9,69,53,102,112,65,50,23,0,2228,730,3.05,17,031,110502,2,170311105022
36,42,0,79,70,0,0,0,35,75,58,41,11,0,0,0,1453,447,3.25,17,031,770602,2,170317706022
100,0,51,0,38,40,38,17,46,91,91,91,52,96,0,0,1686,751,2.25,17,031,824503,2,170318245032
142,197,0,88,0,86,14,52,0,14,0,103,115,60,14,87,1544,972,1.55,17,031,032100,3,170310321003
151,27,72,39,0,36,29,36,0,29,0,41,20,21,0,16,1664,517,3.03,17,031,252000,3,170312520003
80,62,0,16,15,10,17,17,3,0,46,69,0,0,33,27,1381,395,3.48,17,031,230600,5,170312306005
0,0,5,0,0,0,0,0,0,0,0,0,4,0,0,0,19,9,2.11,17,031,560200,2,170315602002
0,0,29,0,0,0,0,0,4,0,35,0,42,29,74,0,598,213,2.81,17,031,561000,2,170315610002
59,46,28,16,150,47,15,36,61,12,104,69,91,73,41,0,1772,848,2.09,17,031,820201,1,170318202011
43,64,0,11,11,0,39,0,0,13,0,16,38,0,0,0,743,235,3.16,17,031,807000,4,170318070004
69,87,34,6,5,7,0,11,0,0,0,7,0,0,0,0,668,226,2.96,17,031,252201,1,170312522011
34,0,10,34,73,0,0,0,37,20,25,52,17,16,0,9,1027,327,3.14,17,031,210602,2,170312106022
54,0,23,39,12,0,51,0,13,57,0,27,0,39,23,0,466,338,1.38,17,031,804507,4,170318045074
8,109,61,47,15,57,77,12,72,129,60,174,50,26,12,0,2438,909,2.64,17,031,825501,2,170318255012
33,75,70,39,84,14,11,36,54,214,91,102,61,0,0,0,3394,884,3.84,17,031,770500,1,170317705001
50,79,33,45,0,46,80,0,44,45,141,116,81,22,0,31,2404,813,2.96,17,031,825503,4,170318255034
22,0,6,17,0,0,33,16,21,54,25,48,11,5,0,0,972,258,2.76,17,031,490500,1,170314905001
29,17,12,15,3,0,7,10,12,1,35,50,25,19,27,12,684,274,2.5,17,031,827901,1,170318279011
0,0,38,39,0,15,45,20,0,42,0,42,30,0,0,0,870,271,3.21,17,031,826100,4,170318261004
35,9,27,0,0,0,0,0,0,24,9,9,0,0,0,0,361,113,3.14,17,031,251800,4,170312518004
0,0,0,3,23,0,11,15,0,9,40,55,27,38,59,84,1050,364,2.88,17,031,120400,1,170311204001
17,0,23,23,15,113,74,0,0,0,29,16,0,0,0,0,602,310,1.94,17,031,822102,4,170318221024
15,11,0,0,15,16,0,14,25,0,57,21,97,52,47,144,1633,514,3.18,17,031,120300,3,170311203003
117,5,66,31,18,24,0,18,6,53,52,39,5,11,27,5,1037,477,2.16,17,031,430600,2,170314306002
47,33,0,42,0,86,0,19,18,24,0,28,46,14,0,0,984,357,2.76,17,031,250400,2,170312504002
100,0,0,0,0,0,0,22,36,56,0,0,137,0,36,137,997,524,1.9,17,031,080100,1,170310801001
0,21,13,9,41,11,0,4,0,0,47,107,19,0,0,7,1118,279,4.01,17,031,650500,1,170316505001
29,49,32,32,62,8,42,51,26,86,45,46,50,0,0,7,1736,565,3.07,17,031,151002,3,170311510023
75,29,42,14,0,41,49,29,47,0,66,117,26,78,32,49,1699,694,2.43,17,031,010300,4,170310103004
93,6,18,0,31,24,0,0,5,19,26,5,0,0,0,0,509,227,2.24,17,031,827100,1,170318271001
24,0,7,57,33,42,35,9,9,48,67,49,87,65,65,42,1936,639,3.03,17,031,822601,1,170318226011
37,0,23,0,35,25,0,58,28,0,22,19,21,6,0,0,825,274,3.01,17,031,200402,1,170312004021
15,31,0,37,12,8,11,97,30,0,58,59,56,9,26,0,1912,449,3.68,17,031,190602,2,170311906022
103,0,92,29,16,48,0,0,0,87,30,85,13,0,22,14,1739,539,3.2,17,031,842100,1,170318421001
8,31,14,36,25,7,32,25,0,0,23,22,12,14,0,0,587,249,2.36,17,031,810702,2,170318107022
86,49,0,9,9,0,18,9,0,21,33,0,0,0,0,0,582,234,2.49,17,031,681400,4,170316814004
25,36,0,9,5,11,15,13,5,8,0,0,0,0,0,0,485,127,3.81,17,031,834700,1,170318347001
45,27,8,65,16,16,16,40,20,55,28,48,58,36,17,68,1253,563,2.22,17,031,242900,1,170312429001
9,42,73,64,54,44,9,7,64,35,69,85,30,34,31,59,1792,709,2.37,17,031,828402,2,170318284022
349,159,123,0,0,70,18,0,0,32,0,18,47,0,0,0,1682,816,2.06,17,031,430200,5,170314302005
5,0,65,72,0,32,17,34,7,62,92,81,54,57,26,79,1710,683,2.5,17,031,243000,2,170312430002
45,70,101,115,76,57,92,22,23,34,29,79,32,13,14,0,2720,802,3.39,17,031,190100,1,170311901001
0,17,37,38,16,16,31,28,0,0,6,9,37,0,8,0,575,243,1.82,17,031,827801,1,170318278011
56,22,47,39,13,0,12,24,31,20,81,26,10,19,0,0,1325,400,3.31,17,031,817600,1,170318176001
60,75,45,60,106,21,20,54,0,41,42,28,18,35,0,0,1961,605,3.24,17,031,510100,2,170315101002
112,46,5,27,23,31,23,25,56,30,33,44,28,21,11,6,1236,521,2.37,17,031,240900,1,170312409001
18,0,12,10,21,25,28,27,127,0,119,124,100,26,53,41,2012,731,2.75,17,031,804106,2,170318041062
7,42,0,0,38,8,36,0,8,78,45,48,17,0,0,0,1119,327,3.42,17,031,814600,4,170318146004
156,36,34,20,48,49,27,46,25,8,33,72,19,17,28,8,1373,626,2.19,17,031,410500,2,170314105002
17,12,0,70,0,0,0,0,0,51,55,107,127,17,93,69,975,618,1.58,17,031,081700,1,170310817001
9,38,15,59,18,16,22,14,27,15,34,101,96,56,90,16,1693,626,2.68,17,031,020400,2,170310204002
75,28,16,0,8,0,0,0,0,0,37,0,17,0,0,0,427,181,2.36,17,031,681100,3,170316811003
8,0,0,25,0,12,12,0,63,24,46,54,53,17,29,17,1035,360,2.85,17,031,807500,3,170318075003
8,32,22,69,0,29,21,0,0,15,56,30,0,0,0,34,857,316,2.28,17,031,160700,1,170311607001
105,34,23,11,10,26,27,16,15,7,40,29,26,32,0,0,1154,401,2.87,17,031,510200,3,170315102003
12,46,0,25,12,0,0,0,34,69,48,21,80,23,0,0,1147,370,3.1,17,031,640300,1,170316403001
10,0,0,15,0,0,0,0,19,8,121,130,28,35,53,15,1107,434,2.55,17,031,804608,1,170318046081
40,21,23,35,113,42,9,23,80,58,135,181,104,39,114,34,2258,1051,2.15,17,031,805110,1,170318051101
52,25,51,8,11,18,0,7,10,0,0,26,0,12,0,0,369,220,1.68,17,031,691400,2,170316914002
99,16,36,42,0,24,13,18,5,26,4,37,13,6,0,0,749,339,2.21,17,031,440800,1,170314408001
191,0,0,39,74,63,18,164,0,158,59,364,515,229,228,284,3533,2386,1.48,17,031,320100,4,170313201004
0,0,0,0,0,0,30,33,0,91,8,32,39,18,42,0,700,293,2.39,17,031,831800,1,170318318001
200,38,21,11,7,27,18,18,5,36,30,37,14,9,5,0,1366,476,2.65,17,031,280400,1,170312804001
12,31,16,34,12,6,25,14,19,103,101,138,77,36,50,279,2281,953,2.39,17,031,062600,1,170310626001
68,18,18,49,31,34,46,0,8,39,14,31,20,41,9,0,787,426,1.85,17,031,817200,3,170318172003
31,28,0,17,8,24,18,0,8,6,25,65,44,7,33,4,931,318,2.93,17,031,750100,1,170317501001
27,0,11,55,0,18,22,0,16,20,71,126,184,195,102,39,3042,886,3.27,17,031,804606,2,170318046062
68,27,51,0,9,3,11,25,18,21,35,10,2,0,0,0,870,280,2.91,17,031,670300,2,170316703002
45,19,0,20,0,16,0,15,10,23,16,0,5,0,0,0,765,169,4.53,17,031,460100,3,170314601003
27,19,10,7,61,35,0,18,19,44,40,81,32,0,30,0,1171,423,2.77,17,031,829600,3,170318296003
40,52,78,34,0,0,0,0,46,88,102,133,114,15,11,67,906,780,1.16,17,031,080202,2,170310802022
59,17,0,11,8,26,9,0,9,32,92,98,77,148,9,30,1909,625,3.05,17,031,828602,1,170318286021
51,66,29,59,0,48,17,63,0,74,71,88,74,87,8,15,995,750,1.33,17,031,070102,1,170310701021
0,0,13,0,0,0,45,31,34,8,35,13,0,25,36,11,586,251,2.33,17,031,040402,1,170310404021
249,56,125,42,62,29,33,57,16,72,14,72,6,0,0,6,2442,839,2.91,17,031,838800,2,170318388002
24,87,28,16,13,0,14,8,3,37,26,24,48,45,19,91,1023,483,2.12,17,031,836400,3,170318364003
72,26,23,69,47,0,0,31,29,0,12,142,79,0,0,0,1501,530,2.83,17,031,250700,5,170312507005
31,24,18,19,21,0,0,23,9,48,103,156,57,10,27,20,1455,566,2.57,17,031,829301,1,170318293011
30,40,10,49,27,0,9,14,0,29,48,15,0,0,0,0,1038,271,3.83,17,031,660302,3,170316603023
20,0,9,32,46,0,35,19,0,67,76,34,87,0,15,0,1814,440,4.12,17,031,700200,1,170317002001
117,17,0,0,48,0,0,58,24,179,155,269,174,147,342,141,2885,1671,1.58,17,031,320100,1,170313201001
0,0,20,35,0,38,21,0,14,14,76,53,34,68,18,0,1351,391,3.46,17,031,804804,1,170318048041
19,25,12,33,24,10,13,30,15,64,57,37,27,36,0,7,1095,409,2.68,17,031,480500,1,170314805001
56,0,6,7,21,0,17,13,0,0,21,7,25,0,0,5,552,178,3.1,17,031,130300,1,170311303001
0,73,27,29,0,39,13,35,34,16,19,47,102,0,61,69,1326,564,2.35,17,031,803200,3,170318032003
72,17,8,37,27,22,32,15,52,44,18,62,84,45,28,115,1278,678,1.88,17,031,802200,2,170318022002
0,0,11,0,21,0,0,33,8,9,48,59,46,33,53,42,1202,363,3.31,17,031,804803,1,170318048031
17,28,0,18,19,1,30,3,11,7,11,37,33,0,6,10,677,231,2.93,17,031,491200,2,170314912002
43,71,148,55,19,81,28,72,33,75,87,71,14,0,17,0,2261,814,2.19,17,031,020902,1,170310209021
44,13,0,8,20,0,4,11,0,17,0,15,42,0,0,0,356,174,1.93,17,031,843900,2,170318439002
41,0,12,28,18,0,31,6,44,51,9,35,22,16,0,0,798,313,2.55,17,031,730500,3,170317305003
48,13,0,0,19,0,53,16,11,7,22,24,12,54,38,66,1078,383,2.81,17,031,812302,2,170318123022
26,0,26,38,8,100,0,0,0,31,41,30,0,53,0,19,996,372,2.68,17,031,252202,1,170312522021
21,0,28,29,42,8,0,39,46,27,73,33,23,6,0,0,731,375,1.95,17,031,823806,2,170318238062
21,33,43,0,0,0,20,0,0,77,27,0,63,0,48,258,911,590,1.54,17,031,080100,4,170310801004
7,6,27,11,6,55,40,44,80,68,101,72,47,16,5,0,1812,585,3.1,17,031,804309,1,170318043091
15,47,8,38,0,21,0,5,8,50,40,51,38,0,0,7,1189,328,3.63,17,031,820902,3,170318209023
61,12,24,76,62,27,0,0,30,0,61,24,55,0,0,0,1291,432,2.99,17,031,242600,1,170312426001
99,44,46,34,29,54,9,47,21,15,24,26,0,0,0,0,1434,448,3.2,17,031,843000,2,170318430002
92,126,83,64,51,27,17,22,30,47,55,164,18,23,22,14,2309,855,2.39,17,031,824400,1,170318244001
45,45,21,32,12,41,11,21,75,23,58,193,0,22,0,10,2044,609,3.21,17,031,824702,2,170318247022
112,26,5,12,16,10,0,51,0,39,0,67,10,7,3,6,960,364,2.64,17,031,837400,1,170318374001
15,0,51,15,29,33,50,87,56,0,102,164,134,158,166,121,3732,1181,3.16,17,031,824113,3,170318241133
20,8,74,33,29,17,16,0,79,0,10,0,0,0,0,0,922,286,3.21,17,031,301701,1,170313017011
18,0,0,0,10,42,17,26,90,44,39,64,0,46,28,40,1251,464,2.7,17,031,480400,4,170314804004
18,10,44,37,0,0,18,0,101,41,46,11,91,22,14,0,1378,453,3.04,17,031,480400,3,170314804003
0,0,0,15,0,0,14,0,26,15,0,206,32,25,17,21,906,371,2.44,17,031,480400,7,170314804007
0,65,11,0,20,11,0,38,13,44,32,0,84,0,0,12,735,330,2.23,17,031,480400,1,170314804001
11,0,15,34,39,0,0,0,34,30,0,0,14,0,17,0,513,194,2.64,17,031,480400,2,170314804002
0,15,26,0,0,18,0,16,40,28,0,42,0,36,18,0,592,239,2.48,17,031,480400,5,170314804005
16,26,22,9,0,25,26,0,0,0,20,23,0,10,0,0,607,177,3.42,17,031,520200,1,170315202001
27,33,22,52,77,23,55,21,20,54,57,27,0,0,0,0,1830,468,3.91,17,031,520200,3,170315202003
29,28,87,86,22,60,94,46,23,47,51,120,38,0,79,0,3010,810,3.72,17,031,520600,1,170315206001
4,37,14,8,26,29,47,24,19,54,64,103,20,13,46,7,1817,515,3.53,17,031,560300,1,170315603001
12,4,37,22,6,44,5,23,0,75,39,60,24,20,18,8,1357,397,3.42,17,031,560300,2,170315603002
23,11,0,0,63,0,15,42,30,61,12,12,103,73,20,47,1823,512,3.56,17,031,560800,1,170315608001
0,0,0,12,60,38,11,15,0,12,65,11,65,86,25,11,1132,411,2.75,17,031,560800,5,170315608005
34,42,49,74,42,66,10,24,0,45,43,50,41,0,8,29,1195,557,2.15,17,031,560800,2,170315608002
26,0,0,57,14,0,10,42,28,37,51,94,50,91,58,154,1676,712,2.35,17,031,808800,1,170318088001
54,19,0,33,0,0,0,17,38,73,9,9,76,66,52,218,2017,664,2.25,17,031,808800,2,170318088002
20,41,7,0,9,22,0,3,48,15,50,84,27,22,32,7,1570,387,4.01,17,031,809200,4,170318092004
58,28,0,24,17,7,0,26,32,58,10,39,27,20,20,0,1276,366,3.49,17,031,809200,1,170318092001
14,0,8,35,0,28,10,0,36,27,45,48,9,17,8,31,827,316,2.62,17,031,810501,3,170318105013
0,54,36,22,0,27,18,18,19,0,64,54,86,31,19,0,1362,448,3.04,17,031,810501,5,170318105015
11,7,0,9,0,0,39,16,9,15,13,136,0,10,68,0,1172,333,3.52,17,031,811200,3,170318112003
0,15,28,19,28,11,21,9,0,8,50,23,35,25,27,0,976,299,2.82,17,031,810501,2,170318105012
0,11,0,0,32,0,0,15,29,14,0,27,0,0,0,0,319,128,2.49,17,031,811100,1,170318111001
0,15,0,0,0,0,16,14,0,9,62,124,44,61,0,0,1043,345,3.02,17,031,811100,3,170318111003
9,34,0,31,34,19,0,0,40,0,68,116,0,0,11,0,916,362,2.53,17,031,811200,5,170318112005
56,17,18,16,44,25,12,46,29,84,51,78,70,0,27,9,1696,582,2.91,17,031,811200,2,170318112002
39,25,35,8,5,9,47,0,17,48,8,40,29,0,40,14,808,364,2.22,17,031,812500,2,170318125002
80,125,24,0,17,12,7,8,0,13,26,26,57,35,5,52,970,487,1.99,17,031,812500,3,170318125003
38,25,31,47,17,0,7,0,5,14,93,48,18,19,30,18,1063,410,2.59,17,031,812500,1,170318125001
62,74,33,14,64,26,53,7,8,63,44,111,49,27,0,104,1350,739,1.78,17,031,812700,3,170318127003
0,0,31,10,0,23,0,8,0,24,49,59,76,15,46,50,887,391,2.24,17,031,812700,2,170318127002
0,15,0,0,0,32,0,0,0,0,14,0,11,13,29,72,568,186,3.05,17,031,815702,1,170318157021
102,50,16,50,115,17,52,51,149,0,19,49,0,19,83,46,1844,818,2.25,17,031,830201,1,170318302011
26,51,0,24,0,8,7,0,54,32,96,122,0,27,0,0,2631,447,5.87,17,031,650400,4,170316504004
74,21,4,29,7,0,32,0,21,34,20,25,0,0,0,7,661,274,2.41,17,031,430400,1,170314304001
48,26,44,33,17,8,0,22,8,16,9,14,21,8,0,0,622,274,2.25,17,031,440900,1,170314409001
23,38,42,0,9,10,29,17,16,37,36,27,41,0,34,0,1056,359,2.94,17,031,440900,3,170314409003
0,16,0,36,33,13,38,22,0,63,81,30,26,19,13,18,737,408,1.81,17,031,810301,4,170318103014
10,7,20,0,0,40,14,40,9,29,64,41,27,20,13,13,994,347,2.55,17,031,810301,3,170318103013
0,0,0,0,9,9,0,15,9,64,35,44,17,20,24,0,896,246,3.64,17,031,811401,1,170318114011
12,0,0,19,25,11,38,24,0,86,33,40,24,8,0,0,850,320,2.66,17,031,811401,3,170318114013
0,10,29,0,52,26,0,19,83,47,0,69,39,10,21,0,1363,405,3.34,17,031,811401,4,170318114014
4,0,7,24,4,5,0,0,4,18,32,32,18,18,33,111,1021,310,3.29,17,031,820000,1,170318200001
0,14,0,0,0,8,10,22,0,40,18,30,33,0,22,64,653,261,2.5,17,031,801000,1,170318010001
9,33,28,18,30,14,26,16,15,112,31,103,41,50,47,85,1345,658,2.04,17,031,801000,3,170318010003
25,8,0,9,21,9,0,13,0,9,0,59,56,80,95,182,1638,566,2.89,17,031,801000,4,170318010004
0,0,0,0,0,0,64,0,39,17,122,55,25,0,50,0,1472,372,3.96,17,031,710800,3,170317108003
12,0,11,29,0,9,0,22,0,35,64,58,18,0,0,0,679,258,2.62,17,031,710800,6,170317108006
39,13,43,85,45,41,21,13,0,0,0,23,0,0,0,0,576,323,1.78,17,031,710800,5,170317108005
35,7,0,0,10,6,10,0,15,13,39,26,31,12,11,0,650,215,3.02,17,031,730400,3,170317304003
12,8,37,22,26,29,10,0,29,11,45,64,7,7,8,0,855,315,2.71,17,031,730400,1,170317304001
110,11,48,38,39,28,19,78,45,59,19,56,117,0,0,0,2128,667,3.19,17,031,750500,3,170317505003
55,67,0,79,49,0,30,18,27,23,101,95,99,0,3,19,1567,665,1.88,17,031,750500,1,170317505001
33,58,75,15,48,18,46,44,8,93,118,115,37,52,7,8,2171,775,2.8,17,031,560700,2,170315607002
0,0,7,20,24,21,9,23,9,39,7,38,24,0,0,0,724,221,3.28,17,031,561100,1,170315611001
9,14,54,23,0,8,0,9,7,6,47,40,62,33,73,0,1052,385,2.73,17,031,561100,2,170315611002
6,0,0,7,0,0,0,27,0,27,8,43,31,32,54,20,912,255,3.58,17,031,561100,6,170315611006
0,0,23,16,38,6,17,0,0,26,7,16,50,45,51,29,965,324,2.98,17,031,561100,5,170315611005
107,55,33,49,0,0,0,0,0,22,11,0,13,14,0,0,421,304,1.38,17,031,010100,1,170310101001
0,38,13,0,30,20,13,65,24,106,24,108,113,25,54,20,1439,653,2.2,17,031,030500,4,170310305004
17,39,89,38,31,28,42,12,35,95,41,148,46,36,118,21,1994,836,2.22,17,031,030500,2,170310305002
23,49,37,0,21,14,50,50,75,25,154,139,167,64,74,110,1944,1052,1.84,17,031,031100,1,170310311001
23,0,26,19,30,25,8,0,0,33,8,96,6,21,0,19,496,314,1.57,17,031,812600,1,170318126001
11,79,8,18,6,79,10,66,16,65,67,70,44,17,17,21,1148,594,1.93,17,031,812600,3,170318126003
54,31,16,0,0,0,10,16,55,47,33,25,48,28,18,8,898,389,2.3,17,031,812600,2,170318126002
12,24,12,7,0,32,8,12,15,0,23,58,30,10,15,48,868,306,2.84,17,031,813000,4,170318130004
0,0,0,0,0,0,0,0,9,7,25,9,49,17,29,24,429,169,2.54,17,031,813000,5,170318130005
0,0,11,16,0,0,4,8,0,9,24,47,31,18,11,24,619,203,3.05,17,031,813000,1,170318130001
13,0,0,27,0,0,12,0,12,11,43,59,97,72,87,40,1453,473,3.07,17,043,841327,2,170438413272
0,0,15,6,30,22,0,0,10,16,20,44,118,41,129,37,1622,488,3.32,17,043,841327,3,170438413273
8,0,0,0,0,0,21,0,0,16,30,82,74,46,13,173,1352,463,2.92,17,043,841327,1,170438413271
0,8,0,0,25,0,0,22,28,0,48,60,140,14,45,59,1467,449,3.27,17,043,841322,2,170438413222
0,17,9,0,7,6,10,42,35,0,88,118,80,42,17,44,1798,515,3.49,17,043,841322,3,170438413223
8,0,12,0,9,13,24,20,23,10,48,116,61,17,16,32,1441,409,3.52,17,043,841322,1,170438413221
51,15,0,58,15,22,8,0,0,38,87,23,15,11,29,7,868,379,1.8,17,043,842604,4,170438426044
20,20,21,7,16,17,7,15,9,49,39,107,58,72,95,39,1769,591,2.99,17,043,841403,3,170438414033
20,0,11,0,0,0,0,0,9,18,22,58,36,23,54,112,1123,363,3.09,17,043,846004,3,170438460043
93,136,51,53,91,22,49,83,62,53,31,52,23,56,9,0,1462,864,1.57,17,043,846004,2,170438460042
17,0,7,27,0,0,0,0,10,57,20,34,105,61,39,118,1385,495,2.78,17,043,846003,2,170438460032
15,0,0,0,121,11,15,14,20,33,36,51,6,39,49,37,1184,447,2.65,17,043,846003,3,170438460033
0,0,7,19,0,0,23,22,41,40,44,53,59,27,34,33,1018,402,2.53,17,043,841403,1,170438414031
30,38,18,29,19,28,20,95,0,23,119,64,37,0,55,0,1882,575,3.27,17,043,844306,2,170438443062
8,22,11,15,48,9,13,11,16,44,71,32,0,29,32,17,1122,378,2.97,17,043,844306,1,170438443061
51,0,37,0,27,0,37,0,0,55,30,43,12,15,31,18,1382,356,3.88,17,043,846603,1,170438466031
0,0,6,26,27,15,23,0,7,24,29,36,86,67,54,61,1523,461,3.3,17,043,845702,2,170438457022
15,16,16,0,17,9,6,0,20,42,42,61,54,42,32,83,1173,455,2.58,17,043,845702,3,170438457023
8,0,0,7,34,56,10,66,23,8,38,34,45,82,15,62,1245,488,2.2,17,043,846103,3,170438461033
0,0,0,28,0,0,0,0,0,23,43,35,119,38,63,65,1498,414,3.62,17,043,846201,2,170438462012
38,40,19,18,0,0,124,47,28,146,63,195,84,68,46,44,1934,960,2.01,17,043,846202,1,170438462021
0,0,0,0,0,26,0,11,0,32,53,63,117,42,40,158,1590,542,2.93,17,043,846202,2,170438462022
20,15,0,0,0,9,14,7,0,60,39,32,51,51,111,38,1473,447,3.3,17,043,846205,2,170438462052
5,11,0,0,0,13,6,5,29,34,44,53,48,72,27,35,1396,382,3.4,17,043,841114,2,170438411142
0,0,27,13,29,23,25,52,44,34,51,138,27,9,35,46,1000,553,1.81,17,043,841114,1,170438411141
22,0,0,0,13,0,35,43,27,22,97,173,59,69,59,19,1598,638,2.5,17,043,841112,1,170438411121
0,10,0,4,0,0,16,0,6,11,64,106,75,15,94,124,1548,525,2.95,17,043,846518,3,170438465183
0,0,0,0,10,28,47,0,0,29,0,43,75,27,104,38,1027,401,2.56,17,043,846315,2,170438463152
39,33,9,16,72,23,33,10,19,33,51,119,30,22,101,24,1808,634,2.85,17,043,845811,1,170438458111
43,31,10,26,57,127,46,63,92,77,44,137,90,17,43,22,2076,925,2.24,17,043,845811,2,170438458112
56,21,55,40,23,11,10,44,17,49,60,107,80,52,19,58,1775,702,2.24,17,043,845508,1,170438455081
31,34,30,22,90,47,0,59,38,58,119,102,90,66,63,86,2044,935,2.19,17,043,845508,2,170438455082
14,16,11,20,57,68,41,34,9,164,125,147,84,20,41,65,2339,916,2.55,17,043,841706,1,170438417061
0,17,0,0,0,0,0,12,9,43,53,88,73,32,36,19,1135,382,2.97,17,043,842709,3,170438427093
10,0,0,0,9,6,0,43,38,10,40,123,63,39,63,63,1570,507,3.1,17,043,842709,2,170438427092
44,8,23,47,84,20,50,115,46,74,48,48,0,23,0,0,1792,630,2.84,17,043,841706,2,170438417062
8,42,0,19,0,94,59,37,11,17,26,45,49,34,12,7,1200,460,2.61,17,043,841210,3,170438412103
56,0,12,0,0,11,0,32,63,20,63,30,24,12,0,0,716,323,2.22,17,043,841210,1,170438412101
0,0,8,34,16,39,0,47,18,25,105,55,30,19,49,0,1210,445,2.72,17,043,841208,3,170438412083
49,21,59,0,30,34,25,37,47,135,129,267,78,63,60,0,2229,1034,2.16,17,043,841208,1,170438412081
0,0,6,0,11,33,0,0,15,0,31,59,39,69,49,190,1456,502,2.9,17,043,841704,1,170438417041
26,60,102,78,50,19,58,37,34,59,124,138,29,8,49,20,1740,891,1.92,17,043,841111,2,170438411112
0,0,17,10,29,0,17,14,0,55,20,6,87,65,78,147,1643,545,3.01,17,043,841113,1,170438411131
18,13,6,9,9,0,0,25,15,30,83,125,35,83,53,14,1515,518,2.92,17,043,842703,1,170438427031
0,11,0,0,3,0,0,9,5,37,23,54,49,29,136,61,1229,417,2.95,17,043,842703,2,170438427032
14,15,16,0,46,7,33,27,19,29,100,79,64,33,90,39,1494,611,2.45,17,043,842703,3,170438427033
0,0,0,46,26,13,0,15,11,52,43,61,44,35,35,43,1308,424,3.08,17,043,844100,2,170438441002
0,0,14,25,0,0,15,49,0,63,12,70,46,50,72,96,1557,512,3.04,17,043,844100,1,170438441001
0,10,17,9,10,0,49,0,14,49,0,65,117,83,33,48,1637,504,3.25,17,043,841308,2,170438413082
0,34,65,32,44,20,34,37,46,36,94,85,47,52,130,59,2354,815,2.88,17,043,840304,1,170438403041
8,0,25,0,20,9,10,8,0,44,24,72,10,13,13,23,724,279,2.59,17,043,840304,3,170438403043
70,52,13,27,28,0,35,47,51,34,73,117,48,29,81,17,1778,722,2.46,17,043,840703,1,170438407031
0,13,26,23,21,29,0,12,24,28,22,94,98,35,87,0,1577,512,3.08,17,043,840706,1,170438407061
4,7,16,11,25,24,14,14,80,46,16,58,64,0,68,0,1214,447,2.72,17,043,840705,2,170438407052
0,23,10,9,25,6,27,14,18,30,44,63,13,14,23,30,1010,349,2.88,17,043,840704,1,170438407041
40,29,63,44,54,10,78,119,52,17,48,99,76,0,13,0,2124,742,2.86,17,043,840704,2,170438407042
0,36,16,9,0,4,16,0,23,22,96,38,114,50,21,101,1847,546,3.36,17,043,844901,2,170438449012
11,9,0,15,0,53,0,19,0,19,79,31,34,45,49,72,1152,436,2.64,17,043,844801,3,170438448013
50,16,10,0,9,0,17,10,16,16,63,106,58,37,61,181,1945,650,2.97,17,043,844801,2,170438448012
0,0,7,0,0,10,0,0,0,29,81,65,108,61,87,104,1672,552,3.03,17,043,845509,1,170438455091
0,0,10,0,12,0,75,33,8,40,38,79,187,97,25,56,1838,660,2.78,17,043,845507,2,170438455072
11,17,23,0,10,80,62,12,9,10,44,127,88,83,63,75,1610,714,2.25,17,043,845507,1,170438455071
7,16,29,25,0,14,26,8,34,18,75,90,96,92,32,58,1620,620,2.61,17,043,845505,3,170438455053
61,11,37,8,67,11,41,74,1,47,86,73,9,30,104,26,1445,686,2.09,17,043,845505,2,170438455052
0,0,17,0,0,63,0,14,14,29,81,81,81,196,0,0,1839,576,3.18,17,043,846310,2,170438463102
23,0,9,15,9,8,21,93,54,102,85,116,29,15,28,0,1640,607,2.7,17,043,841607,2,170438416072
0,7,0,51,20,0,33,0,17,41,51,94,139,21,53,93,1874,620,3.01,17,043,841607,3,170438416073
39,0,47,3,0,61,41,42,27,67,100,107,52,28,24,43,2112,681,3.1,17,043,841604,2,170438416042
29,0,0,12,15,0,64,57,31,75,100,152,81,44,35,45,2391,740,3.08,17,043,841604,1,170438416041
0,15,0,0,0,10,0,0,4,56,40,86,59,35,12,78,1189,395,3.01,17,043,841605,3,170438416053
62,18,13,24,15,28,13,26,0,51,54,56,91,19,23,20,1185,513,1.75,17,043,841605,1,170438416051
24,15,9,6,24,33,39,30,5,61,70,75,6,15,9,0,1752,421,4.16,17,043,841503,1,170438415031
54,26,33,12,29,49,5,21,3,52,66,86,37,39,38,9,1437,559,2.56,17,043,841504,2,170438415042
18,8,9,60,0,0,7,0,0,38,30,28,23,66,70,84,1207,441,2.73,17,043,841403,2,170438414032
0,24,16,5,27,46,20,0,12,76,54,77,87,17,20,29,1136,510,2.23,17,043,841606,1,170438416061
0,0,0,17,7,7,7,0,3,7,25,17,106,20,24,39,797,279,2.86,17,043,845702,4,170438457024
17,40,0,0,0,0,17,18,8,23,59,198,63,27,43,129,1765,642,2.73,17,043,840201,1,170438402011
23,21,26,31,24,29,31,23,4,27,59,93,46,51,7,4,1526,499,3.06,17,043,840102,1,170438401021
19,19,45,23,20,35,64,41,42,78,21,42,26,10,20,4,1232,509,2.42,17,043,840102,3,170438401023
25,16,16,0,74,40,0,0,0,119,101,84,52,26,35,36,1672,624,2.68,17,043,840201,3,170438402013
9,38,37,25,0,47,9,10,15,52,54,144,105,15,27,0,1977,587,3.37,17,043,841103,1,170438411031
0,9,0,0,7,26,12,26,9,17,38,56,32,62,46,28,1008,368,2.74,17,043,841103,3,170438411033
0,0,13,10,0,0,16,11,0,0,30,103,123,115,69,35,1806,525,3.44,17,043,841206,1,170438412061
0,0,0,63,0,0,65,14,10,32,42,32,86,21,11,0,940,376,2.5,17,043,846305,4,170438463054
16,0,0,15,0,0,0,0,0,0,27,42,0,34,65,150,1029,349,2.95,17,043,846304,4,170438463044
0,0,0,0,0,14,0,14,0,17,29,58,62,31,29,95,1137,349,3.26,17,043,846304,3,170438463043
7,15,15,0,5,12,30,7,5,17,34,72,69,65,64,49,1421,466,3.03,17,043,846523,2,170438465232
0,0,34,13,36,47,29,0,49,58,61,167,68,66,46,78,2062,752,2.74,17,043,846521,4,170438465214
0,0,0,0,0,0,0,0,0,0,13,54,40,78,69,77,1018,331,3.08,17,043,846521,1,170438465211
14,0,14,0,0,15,14,58,0,30,64,10,78,32,31,72,899,432,2.05,17,043,846521,2,170438465212
0,0,0,30,0,18,13,0,11,27,78,144,146,154,106,113,2652,840,3.16,17,043,846517,3,170438465173
0,30,0,0,0,122,0,22,115,42,134,271,74,143,55,90,2732,1098,2.48,17,043,846410,1,170438464101
50,0,26,8,17,12,0,33,17,12,66,45,99,37,59,12,1018,493,2.06,17,043,846412,2,170438464122
13,0,7,0,0,0,0,23,8,56,68,150,84,54,75,78,1665,616,2.7,17,043,846412,1,170438464121
0,22,0,12,11,26,21,13,31,145,106,150,92,68,51,71,1862,819,2.27,17,043,841102,4,170438411024
107,8,28,0,0,30,0,50,9,22,32,55,30,25,75,176,1845,647,2.74,17,043,844902,3,170438449023
70,39,27,9,10,40,0,9,9,36,22,14,36,26,104,80,1142,531,2.15,17,043,844902,1,170438449021
35,15,29,55,90,8,45,29,84,146,59,128,99,31,73,18,1924,944,1.85,17,043,846413,1,170438464131
0,0,21,17,32,11,10,7,44,9,48,103,47,26,0,0,1971,375,4.91,17,043,841501,3,170438415013
16,0,15,0,32,0,21,0,0,23,23,44,76,22,22,0,1104,294,3.76,17,043,841501,1,170438415011
67,9,0,10,0,175,16,34,0,49,23,29,25,0,0,16,1661,453,3.67,17,043,841501,2,170438415012
0,0,19,7,10,48,23,56,0,51,74,46,70,69,25,49,1249,547,2.28,17,043,842605,3,170438426053
30,15,29,21,47,28,64,54,68,64,62,89,54,36,28,11,1498,700,2.14,17,043,842704,1,170438427041
0,0,20,13,16,10,0,14,0,66,42,48,96,12,28,28,1029,393,2.62,17,043,842704,2,170438427042
52,95,21,8,0,76,0,37,114,67,11,138,47,31,65,27,1657,789,2.1,17,043,842704,4,170438427044
32,0,18,28,0,30,27,0,7,50,40,64,44,13,19,20,1018,392,2.6,17,043,843400,3,170438434003
0,0,10,23,25,37,0,22,0,40,36,64,45,22,89,22,1232,435,2.83,17,043,843400,1,170438434001
0,18,12,0,52,0,0,12,0,22,24,38,0,37,59,125,1060,399,2.63,17,043,844301,1,170438443011
12,14,0,37,0,0,0,0,11,43,14,135,44,64,65,63,1250,502,2.49,17,043,844301,3,170438443013
40,63,12,84,48,141,77,86,43,40,97,112,41,57,67,88,1914,1096,1.74,17,043,844301,4,170438443014
0,0,13,0,0,4,0,23,0,20,38,63,29,20,40,278,1820,528,3.33,17,043,845300,1,170438453001
9,0,0,61,39,8,86,41,7,55,129,50,53,40,172,57,2026,807,2.51,17,043,842706,3,170438427063
26,0,20,13,10,8,0,14,10,15,60,50,31,32,53,89,1108,431,2.57,17,043,842706,2,170438427062
9,27,0,7,12,0,24,8,8,21,63,142,116,75,75,114,1985,701,2.83,17,043,841801,2,170438418012
55,9,23,46,20,37,45,14,10,72,34,73,39,13,14,7,1404,511,2.75,17,043,843100,1,170438431001
23,0,27,55,29,7,0,25,8,31,41,95,50,66,35,39,1483,531,2.79,17,043,843100,3,170438431003
53,7,18,15,27,22,56,0,18,35,47,54,6,26,0,14,1085,398,2.7,17,043,843200,2,170438432002
35,48,8,98,66,43,8,16,24,20,76,54,69,12,25,27,1545,629,2.46,17,043,843200,3,170438432003
0,0,6,29,21,56,20,11,23,23,40,33,46,40,80,49,1243,477,2.61,17,043,843900,1,170438439001
0,0,14,0,8,26,0,32,29,17,29,55,150,37,49,94,1750,540,3.24,17,043,843900,3,170438439003
0,0,13,0,14,15,0,0,48,26,89,22,43,26,41,107,1112,444,2.5,17,043,845000,2,170438450002
15,83,0,15,62,0,0,0,0,34,49,59,15,53,27,167,1747,579,3.01,17,043,845100,1,170438451001
0,0,0,16,49,0,0,0,0,73,29,36,90,71,60,213,2080,637,3.26,17,043,845100,2,170438451002
0,13,13,15,0,0,0,0,0,0,21,63,0,45,79,111,1085,360,3.01,17,043,845100,3,170438451003
0,60,13,28,35,28,85,66,97,142,263,113,34,59,11,15,2135,1049,2.04,17,043,845502,2,170438455022
10,0,14,8,0,0,0,5,7,18,36,59,56,31,70,46,1041,360,2.89,17,043,845601,3,170438456013
0,14,45,0,43,37,43,0,10,72,85,108,97,65,36,0,1756,655,2.68,17,043,846305,2,170438463052
0,0,0,0,0,0,0,0,0,7,6,30,51,61,35,68,804,258,3.12,17,043,846518,1,170438465181
0,0,0,0,0,0,13,0,0,25,47,84,47,80,86,64,1392,446,3.11,17,043,846518,2,170438465182
7,0,0,17,0,20,0,61,74,64,81,119,82,34,28,0,1305,587,2.22,17,043,846510,2,170438465102
63,0,11,13,28,47,8,44,7,0,148,86,77,19,20,23,1502,594,2.53,17,043,846510,1,170438465101
0,0,22,7,15,0,16,0,0,75,54,66,112,69,70,32,1469,538,2.73,17,043,846522,2,170438465222
33,17,19,7,32,23,8,24,17,49,112,101,91,51,66,107,1980,757,2.62,17,043,846522,1,170438465221
0,0,14,6,7,20,15,33,91,75,63,63,92,53,57,85,1950,674,2.89,17,043,846409,1,170438464091
0,6,0,0,12,18,53,5,6,11,18,9,122,70,88,456,2587,874,2.96,17,043,846409,2,170438464092
0,0,0,0,0,0,10,0,0,62,35,126,63,108,95,31,1930,530,3.64,17,043,846514,1,170438465141
9,0,0,12,0,16,6,0,0,36,10,69,156,98,114,141,2420,667,3.63,17,043,846514,2,170438465142
7,17,0,0,5,0,7,0,0,7,10,17,88,16,113,158,1350,445,3.03,17,043,846513,2,170438465132
0,9,5,19,17,0,19,6,0,0,15,85,39,28,68,143,1439,453,3.18,17,043,846513,1,170438465131
0,0,14,0,6,6,10,0,14,31,19,26,29,30,100,141,1422,426,3.34,17,043,841901,1,170438419011
14,0,0,0,0,0,17,41,10,35,70,38,53,98,31,72,1278,479,2.67,17,043,846314,2,170438463142
34,13,36,20,9,19,5,22,10,48,87,96,91,24,0,0,1116,514,2.17,17,043,844501,3,170438445013
1,0,9,21,9,23,3,15,5,54,46,62,26,29,28,22,1118,353,2.78,17,043,844501,1,170438445011
0,7,16,0,3,2,58,23,23,13,23,69,72,27,0,78,1520,414,3.53,17,043,846702,1,170438467021
32,34,76,18,15,59,135,14,9,89,63,123,91,22,14,16,1952,810,2.39,17,043,841109,2,170438411092
0,0,8,0,0,15,11,15,13,27,41,24,117,20,39,14,1098,344,3.19,17,043,841109,1,170438411091
9,52,22,9,34,124,20,65,84,31,159,70,33,31,16,30,1918,789,2.43,17,043,840904,2,170438409042
92,9,150,14,27,22,0,40,26,27,72,114,15,61,44,10,2001,723,2.77,17,043,840907,2,170438409072
22,69,14,56,24,52,46,78,41,57,207,130,82,36,95,92,2670,1101,2.27,17,043,840907,1,170438409071
48,22,11,0,31,0,64,18,21,64,47,81,69,35,4,12,1355,527,2.39,17,043,841110,2,170438411102
99,37,48,19,50,120,68,52,124,149,100,208,56,18,0,0,2757,1148,2.4,17,043,846310,1,170438463101
7,0,15,0,25,43,50,96,8,49,139,215,76,15,57,49,2510,844,2.97,17,043,846308,1,170438463081
0,0,0,0,27,8,0,8,42,73,68,52,19,64,39,10,994,410,2.42,17,043,846308,2,170438463082
88,14,45,134,40,20,23,30,42,22,123,124,32,37,99,0,2570,873,2.94,17,043,846701,1,170438467011
20,18,10,15,0,47,8,21,9,13,68,103,12,0,0,29,1331,373,3.57,17,043,846701,3,170438467013
0,8,15,6,0,0,42,11,7,32,57,43,38,0,19,211,1658,489,3.39,17,043,844802,1,170438448021
16,25,49,85,39,62,54,26,126,22,70,128,60,28,63,22,1595,875,1.82,17,043,844802,2,170438448022
0,9,0,10,0,0,0,0,0,26,71,115,59,50,86,83,1499,509,2.94,17,043,842711,1,170438427111
0,0,0,25,0,7,0,21,26,17,88,42,40,55,127,49,1342,497,2.7,17,043,842711,2,170438427112
0,7,0,57,0,7,0,68,11,45,56,160,112,77,127,168,2498,895,2.78,17,043,846106,1,170438461061
0,12,8,0,0,13,15,7,38,42,9,69,45,81,37,130,1457,506,2.88,17,043,846106,2,170438461062
21,8,27,13,0,48,0,45,31,59,54,106,101,108,18,42,1354,681,1.99,17,043,844305,2,170438443052
26,13,23,12,11,20,26,0,16,39,57,36,37,36,43,33,1227,428,2.47,17,043,841902,1,170438419021
0,0,6,0,0,22,10,5,5,19,6,15,5,15,12,64,1274,184,3.25,17,043,841902,3,170438419023
40,25,19,20,80,63,37,60,57,86,194,192,198,85,87,55,2671,1298,2.06,17,043,846411,1,170438464111
0,0,0,0,17,0,0,8,0,14,25,80,41,108,95,29,1249,417,3.0,17,043,841307,3,170438413073
0,0,0,0,5,14,6,19,4,23,77,104,224,51,79,0,1742,606,2.87,17,043,841307,4,170438413074
47,34,34,28,46,15,26,17,38,68,40,104,91,26,47,33,1458,694,2.1,17,043,841603,3,170438416033
16,0,19,110,8,106,66,54,35,38,111,85,91,14,30,25,1441,808,1.78,17,043,846404,4,170438464044
8,0,0,0,0,8,17,0,0,8,10,107,134,74,91,204,2049,661,3.1,17,043,846408,2,170438464082
0,0,9,78,0,23,0,10,0,0,77,39,118,32,96,179,2000,661,3.03,17,043,844001,1,170438440011
29,0,0,0,0,18,53,0,10,16,23,22,73,55,85,154,1437,538,2.67,17,043,842708,2,170438427082
168,52,45,51,37,53,63,94,46,31,150,12,18,0,0,0,1838,820,2.24,17,043,841703,2,170438417032
79,76,105,107,106,25,58,89,18,87,99,87,0,44,51,51,2062,1082,1.91,17,043,841703,4,170438417034
15,73,46,82,12,0,28,54,20,45,119,130,127,60,24,20,1796,855,2.1,17,043,841703,1,170438417031
0,0,0,0,0,0,0,0,0,32,28,73,67,40,58,60,1122,358,3.13,17,043,841606,2,170438416062
11,8,18,0,9,0,23,26,9,39,69,65,123,0,48,41,1649,489,3.37,17,043,841206,2,170438412062
32,63,30,90,34,76,60,57,30,41,37,87,120,64,65,18,2345,904,2.52,17,043,841206,3,170438412063
12,0,22,0,25,20,27,36,11,37,41,78,45,59,61,76,1525,550,2.77,17,043,841802,2,170438418022
0,0,0,10,0,20,24,0,0,36,55,62,80,77,42,52,1453,458,3.17,17,043,841802,3,170438418023
0,0,0,39,9,33,17,8,8,58,35,76,123,101,83,136,2289,726,3.15,17,043,841802,1,170438418021
11,9,15,0,0,28,13,0,0,0,26,11,52,28,51,141,1328,385,3.45,17,043,842200,2,170438422002
141,105,48,51,39,47,9,17,10,46,46,51,17,38,16,182,1637,863,1.88,17,043,842200,1,170438422001
15,8,27,30,19,9,52,10,57,50,110,4,29,16,122,148,1807,706,2.56,17,043,842200,3,170438422003
0,0,0,0,17,12,25,10,33,55,16,31,16,31,55,16,1045,317,3.28,17,043,842400,4,170438424004
8,9,8,18,0,43,27,27,0,26,41,57,66,21,51,37,1026,439,2.34,17,043,842400,2,170438424002
24,0,41,9,61,83,32,6,20,41,63,24,23,25,31,37,1881,520,3.62,17,043,842400,3,170438424003
46,53,21,21,29,19,17,23,40,36,31,47,31,30,89,60,1753,593,2.75,17,043,842400,1,170438424001
7,6,28,29,20,35,35,8,0,14,63,80,37,66,33,77,1494,538,2.78,17,043,842800,3,170438428003
6,0,0,0,0,0,11,0,0,25,33,34,27,17,122,124,1261,399,3.16,17,043,842800,4,170438428004
20,0,25,22,0,20,23,31,13,34,26,70,69,97,74,37,1453,561,2.59,17,043,846201,4,170438462014
35,8,23,31,66,15,60,20,10,37,19,39,35,6,91,66,1256,561,2.24,17,043,846201,3,170438462013
25,0,12,0,0,27,0,0,8,30,46,25,48,71,55,10,1086,357,3.04,17,043,840303,1,170438403031
8,0,14,10,0,9,26,34,10,41,27,27,10,10,12,8,624,246,2.54,17,043,846701,2,170438467012
63,41,80,68,0,38,20,89,0,38,10,35,10,0,0,0,1513,492,3.0,17,043,840303,3,170438403033
24,58,37,9,24,0,52,38,0,50,42,168,84,0,9,0,1622,595,2.73,17,043,840303,2,170438403032
0,7,0,10,30,12,7,32,42,39,50,109,169,48,121,19,1943,695,2.8,17,043,841209,1,170438412091
7,19,89,37,13,26,0,20,0,19,8,197,89,77,77,24,1945,702,2.77,17,043,841209,2,170438412092
45,7,0,0,0,7,0,0,20,27,0,83,43,78,30,34,1023,374,2.65,17,043,842800,1,170438428001
0,0,8,22,0,8,16,7,9,0,36,38,55,64,131,126,1708,520,3.28,17,043,844401,1,170438444011
0,0,28,24,11,0,9,10,12,29,29,88,112,55,47,43,1734,497,3.3,17,043,840202,1,170438402021
39,12,0,8,8,9,8,0,21,7,36,19,10,65,54,70,1141,366,3.12,17,043,840202,3,170438402023
31,0,47,0,0,18,11,30,10,27,18,44,48,50,61,22,1270,417,2.97,17,043,841002,2,170438410022
13,0,29,28,0,34,0,15,98,184,202,149,13,29,91,37,2266,922,2.46,17,043,846517,2,170438465172
0,0,0,0,0,0,0,0,0,23,0,107,50,96,83,83,1225,442,2.77,17,043,846517,1,170438465171
15,0,11,0,28,0,36,15,24,45,98,46,157,0,55,77,2193,607,3.61,17,043,846511,3,170438465113
16,21,0,64,0,0,56,44,27,87,86,124,44,16,0,0,1725,585,2.95,17,043,846511,1,170438465111
0,69,55,10,7,37,21,55,60,0,25,54,63,13,0,0,1015,469,2.16,17,043,846509,1,170438465091
18,7,19,14,64,44,88,17,31,42,60,92,59,0,0,0,1319,555,2.38,17,043,846509,2,170438465092
31,0,58,43,22,0,7,8,16,45,49,161,116,30,63,47,1946,696,2.8,17,043,846519,2,170438465192
10,0,7,60,0,42,7,13,0,15,5,28,87,65,108,17,1246,464,2.69,17,043,846519,1,170438465191
24,31,53,11,41,53,10,42,91,37,142,45,47,0,7,7,1315,641,2.05,17,043,846307,3,170438463073
0,0,0,44,14,0,19,20,15,77,55,51,93,28,65,23,1465,504,2.91,17,043,846305,1,170438463051
47,8,24,14,10,22,23,32,14,90,29,82,53,16,41,33,1277,538,2.37,17,043,846307,1,170438463071
22,0,24,11,45,14,28,15,17,53,76,152,36,85,13,103,1968,694,2.73,17,043,846307,2,170438463072
47,59,94,13,18,17,0,55,23,0,44,114,40,20,33,40,1658,617,2.42,17,043,846404,1,170438464041
64,38,64,88,0,18,29,69,19,78,22,108,29,28,38,30,1578,722,2.19,17,043,846404,2,170438464042
0,0,34,20,78,37,30,0,0,9,57,72,33,30,45,128,1223,573,2.03,17,043,846404,3,170438464043
4,0,0,0,7,7,0,15,6,22,23,30,43,17,73,264,1707,511,3.34,17,043,844702,1,170438447021
9,13,0,0,15,5,0,16,8,22,0,18,69,50,26,108,1227,359,3.02,17,043,844702,2,170438447022
11,0,0,25,0,0,0,0,0,16,43,43,0,7,52,237,1343,434,3.09,17,043,844702,3,170438447023
40,61,24,28,19,12,21,8,16,65,59,49,61,10,17,70,1278,560,2.14,17,043,844702,4,170438447024
32,10,26,8,17,11,24,31,31,57,105,118,96,76,18,57,1707,717,2.38,17,043,845701,1,170438457011
15,0,10,0,0,10,0,0,15,25,50,30,61,56,46,56,1084,374,2.9,17,043,845701,3,170438457013
20,0,7,10,18,26,8,10,12,9,43,80,28,12,70,49,1007,402,2.5,17,043,845701,2,170438457012
0,0,7,11,7,0,0,9,23,6,21,45,53,32,61,30,940,305,3.08,17,043,845703,1,170438457031
7,0,0,0,7,0,0,0,13,12,22,29,105,11,93,44,1068,343,3.11,17,043,845703,3,170438457033
40,0,9,0,11,27,18,7,18,46,32,63,111,60,61,38,1735,541,3.21,17,043,845802,1,170438458021
9,0,0,30,0,0,24,0,7,9,29,80,37,62,23,50,1182,360,3.28,17,043,846207,2,170438462072
31,17,0,17,32,15,0,0,0,44,13,0,18,19,38,88,1027,332,3.09,17,043,846304,1,170438463041
0,12,34,0,59,0,29,26,12,87,50,129,67,33,48,113,1790,699,2.56,17,043,846304,2,170438463042
0,8,10,9,0,25,27,0,0,14,78,66,99,34,105,196,1980,671,2.95,17,043,846405,1,170438464051
16,0,30,0,38,29,14,30,9,125,54,118,60,90,49,47,1730,709,2.44,17,043,843500,2,170438435002
29,52,74,16,19,118,45,77,71,154,67,125,92,93,25,7,1884,1064,1.77,17,043,843500,1,170438435001
0,0,21,0,12,0,26,25,0,39,105,138,50,13,16,23,1348,468,2.88,17,043,844201,4,170438442014
0,0,0,0,0,24,0,12,0,9,33,26,80,36,32,131,1049,383,2.74,17,043,846524,2,170438465242
13,9,74,20,0,13,62,45,16,30,33,89,23,33,36,113,1484,609,2.44,17,043,846524,1,170438465241
13,74,14,65,76,56,120,71,104,99,124,107,126,15,32,61,2007,1157,1.73,17,043,845502,3,170438455023
25,0,0,0,10,0,9,0,0,18,42,56,82,32,104,196,1608,574,2.8,17,043,846208,2,170438462082
21,0,0,7,0,0,19,30,30,43,32,110,65,31,80,157,1805,625,2.89,17,043,846209,1,170438462091
62,10,0,8,0,43,15,39,7,0,0,64,147,20,19,148,2048,582,2.67,17,043,846209,2,170438462092
0,23,0,70,10,27,116,0,24,9,47,57,33,10,10,0,1390,436,3.19,17,043,841603,2,170438416032
0,0,16,12,0,0,9,11,8,13,74,22,63,71,56,171,1429,526,2.71,17,043,841603,1,170438416031
5,0,18,0,0,10,21,0,11,26,12,59,66,27,66,190,1515,511,2.96,17,043,842000,3,170438420003
11,0,20,8,0,0,24,0,0,15,19,29,45,40,22,218,1310,451,2.9,17,043,842000,1,170438420001
18,6,0,0,10,9,0,0,10,16,30,75,78,48,110,126,1577,536,2.94,17,043,842000,2,170438420002
7,0,0,0,8,9,5,0,0,24,32,11,6,14,98,162,1310,376,3.48,17,043,842601,2,170438426012
0,0,8,9,16,0,9,0,0,8,33,31,51,14,120,102,1319,401,3.27,17,043,842602,2,170438426022
18,19,50,0,23,40,18,46,65,37,37,145,44,12,27,105,1568,686,2.28,17,043,840103,4,170438401034
13,38,48,17,21,27,13,34,0,32,70,156,93,59,85,15,2143,721,2.97,17,043,844201,3,170438442013
16,0,17,11,17,15,15,5,4,29,26,23,84,47,87,43,1342,439,3.06,17,043,844202,2,170438442022
7,9,0,14,0,9,0,0,0,23,34,70,40,28,35,298,2033,567,3.59,17,043,845200,3,170438452003
0,0,0,16,0,0,42,0,11,73,70,103,39,33,63,30,1367,480,2.85,17,043,840103,3,170438401033
57,0,0,25,33,28,0,39,0,26,64,180,49,97,126,127,2376,851,2.79,17,043,845803,1,170438458031
50,43,44,0,60,34,12,15,26,12,95,92,18,20,22,0,1221,543,2.25,17,043,840104,1,170438401041
0,0,0,58,0,89,19,0,28,0,42,100,15,0,51,29,1135,431,2.63,17,043,840104,2,170438401042
22,23,0,31,37,66,52,81,15,0,13,0,0,0,16,0,1677,356,4.71,17,043,840104,4,170438401044
14,8,8,13,0,14,12,53,12,31,43,129,104,11,22,0,1472,474,3.11,17,043,841102,3,170438411023
5,0,10,8,0,23,9,26,0,114,4,43,143,18,52,23,1234,478,2.58,17,043,841102,1,170438411021
0,5,9,12,0,8,0,7,26,22,43,99,43,67,12,25,1187,378,3.14,17,043,843700,1,170438437001
0,38,0,0,7,0,12,0,7,44,0,58,51,9,100,101,1456,427,3.41,17,043,843000,1,170438430001
28,26,25,58,32,0,45,18,27,23,111,100,42,65,25,116,1771,741,2.39,17,043,843000,2,170438430002
15,0,4,29,35,31,0,25,0,37,55,40,117,79,24,27,1575,518,3.04,17,043,843700,3,170438437003
32,0,10,34,14,20,18,27,62,74,104,123,59,116,30,19,1794,742,2.42,17,043,843800,1,170438438001
22,0,0,10,8,20,9,12,21,73,159,53,45,49,67,2,1397,550,2.54,17,043,843800,2,170438438002
0,31,0,17,53,14,19,0,0,60,17,46,38,6,37,5,1234,343,3.6,17,043,840802,1,170438408021
46,18,0,33,34,32,17,3,0,0,42,92,63,7,17,26,748,430,1.74,17,043,842603,3,170438426033
80,0,21,7,17,17,37,14,28,132,69,88,23,50,32,31,1383,646,2.14,17,043,842702,1,170438427021
25,7,43,25,8,0,0,17,0,10,36,0,21,17,22,51,1617,282,2.54,17,043,842900,3,170438429003
26,37,53,27,27,45,50,41,10,19,18,67,155,106,72,154,2346,907,2.58,17,043,842900,2,170438429002
38,22,14,112,19,31,22,37,9,0,24,65,73,40,93,102,1984,701,2.83,17,043,845602,3,170438456023
0,0,6,0,33,8,34,26,12,22,62,28,46,84,0,21,1497,382,3.92,17,043,840910,1,170438409101
13,0,0,0,0,0,0,15,27,12,0,34,76,136,36,59,1233,408,3.02,17,043,846202,4,170438462024
0,0,0,0,0,0,0,0,14,8,0,44,34,39,85,176,1389,400,3.47,17,043,846207,4,170438462074
0,0,0,8,15,15,11,0,15,14,15,132,42,45,80,110,1527,502,3.04,17,043,846207,3,170438462073
11,0,46,15,42,70,34,11,41,0,54,32,3,0,0,0,1061,359,2.96,17,043,840910,4,170438409104
0,0,0,0,0,5,52,0,17,51,56,66,29,37,0,20,1144,333,3.44,17,043,840910,3,170438409103
0,11,6,0,33,63,23,5,24,96,58,111,25,0,28,0,1618,483,3.35,17,043,840910,2,170438409102
0,0,0,0,0,18,0,0,26,0,58,31,38,44,63,101,1173,379,3.09,17,043,841705,1,170438417051
82,71,0,48,81,61,33,60,61,163,206,190,62,48,38,12,3155,1216,2.59,17,043,841705,2,170438417052
0,15,0,0,10,0,51,0,14,36,65,41,85,15,19,50,1469,401,3.66,17,043,841705,3,170438417053
10,7,39,21,18,55,41,15,11,41,100,84,37,23,21,8,1599,531,3.01,17,043,840906,2,170438409062
15,31,64,32,35,0,109,15,80,78,8,55,17,0,0,0,1481,539,2.75,17,043,840906,1,170438409061
11,7,7,0,0,7,14,9,19,13,8,64,94,73,110,79,1664,515,3.23,17,043,841324,1,170438413241
25,70,3,6,22,10,0,28,55,21,32,36,27,19,0,0,1137,354,3.21,17,043,841320,2,170438413202
10,0,0,0,142,91,58,21,0,16,71,62,27,0,7,0,1802,505,3.57,17,043,841312,1,170438413121
97,25,19,0,0,22,0,54,133,115,48,65,8,16,11,0,1633,613,2.66,17,043,846515,1,170438465151
8,0,0,0,0,0,0,0,0,49,40,93,119,97,69,33,1685,508,3.32,17,043,846515,4,170438465154
11,6,8,0,44,42,0,39,0,58,101,15,53,0,13,10,1317,400,3.29,17,043,846515,3,170438465153
8,0,0,8,19,0,20,60,8,7,45,148,60,66,40,23,1605,512,3.13,17,043,840202,4,170438402024
122,40,24,0,17,38,15,11,34,8,14,67,23,32,0,0,1271,445,2.52,17,043,840801,3,170438408013
0,0,0,0,0,25,32,17,8,22,111,40,82,19,28,19,1579,403,3.92,17,043,840802,5,170438408025
36,7,26,18,7,86,0,0,0,72,53,61,56,26,62,20,1228,530,2.32,17,043,844307,1,170438443071
55,0,0,0,17,14,21,20,16,22,35,140,16,61,34,15,1501,466,3.22,17,043,843601,3,170438436013
12,8,0,8,8,19,13,0,50,11,0,26,33,37,35,0,784,260,2.95,17,043,843601,2,170438436012
67,0,6,8,21,12,11,22,0,61,74,99,107,45,100,21,1828,654,2.8,17,043,843602,1,170438436021
0,11,25,0,7,28,26,12,41,47,24,130,81,44,31,44,1417,551,2.57,17,043,843602,2,170438436022
0,0,24,13,22,23,11,23,0,54,39,76,46,21,95,157,1780,604,2.95,17,043,844002,2,170438440022
0,0,0,15,0,0,0,0,24,0,42,43,76,9,32,132,1108,373,2.97,17,043,844002,1,170438440021
21,29,0,36,45,36,24,42,36,73,53,91,90,9,0,0,1177,585,2.01,17,043,844304,3,170438443043
53,11,47,22,20,22,28,42,23,36,31,34,38,51,46,83,1797,587,3.06,17,043,846102,2,170438461022
46,11,0,0,15,17,41,24,23,50,26,0,8,6,11,80,604,358,1.69,17,043,846102,1,170438461021
0,7,36,27,59,19,16,10,0,7,40,100,143,40,57,33,1532,594,2.58,17,043,846002,1,170438460021
82,86,54,27,27,9,33,36,48,40,91,52,45,67,24,23,1273,744,1.71,17,043,846002,2,170438460022
17,6,11,0,18,24,20,11,5,0,113,34,25,28,14,8,1016,334,3.04,17,043,841204,3,170438412043
11,0,21,0,23,20,15,53,30,47,43,60,8,20,24,25,1179,400,2.95,17,043,841204,5,170438412045
6,17,0,0,0,0,0,14,12,1,38,111,37,23,122,132,1349,513,2.63,17,043,844602,2,170438446022
8,0,33,16,43,13,11,0,34,18,29,93,20,4,119,60,1391,501,2.78,17,043,844602,1,170438446021
74,0,40,62,16,53,72,17,54,59,53,104,64,31,59,24,1298,782,1.52,17,043,844602,3,170438446023
0,0,0,6,0,10,0,12,16,19,28,8,35,106,106,122,1447,468,3.09,17,043,842601,3,170438426013
8,11,21,16,27,9,12,0,15,0,20,79,36,64,79,52,1193,449,2.66,17,043,842300,3,170438423003
11,0,14,7,8,10,22,0,8,4,13,30,24,15,48,139,1114,353,3.16,17,043,842300,1,170438423001
10,0,11,0,11,0,0,7,7,0,46,96,40,11,17,7,1297,263,2.71,17,043,842603,1,170438426031
0,0,6,0,11,0,9,22,0,20,70,89,111,51,53,39,1650,481,3.02,17,043,842603,2,170438426032
0,0,8,5,67,9,5,94,12,52,39,113,91,24,25,51,1765,595,2.97,17,043,841315,1,170438413151
35,27,39,0,35,9,36,32,21,58,32,106,24,9,36,6,1501,505,2.97,17,043,841315,2,170438413152
7,0,11,0,44,0,0,0,0,0,0,143,29,26,20,61,1212,341,3.55,17,043,841325,1,170438413251
12,0,25,0,0,0,21,22,11,43,74,155,32,43,109,42,1907,589,3.24,17,043,841325,4,170438413254
18,16,0,19,0,37,36,31,0,24,73,103,138,27,89,39,1518,650,2.34,17,043,841325,3,170438413253
33,8,33,10,0,11,54,10,8,40,216,82,65,31,16,18,1375,635,2.17,17,043,844402,3,170438444023
18,0,0,7,0,0,11,12,0,0,38,53,11,53,16,129,1017,348,2.92,17,043,844402,4,170438444024
9,7,0,0,0,29,0,7,0,0,5,31,5,25,92,191,1091,401,2.72,17,043,844402,1,170438444021
82,60,24,28,0,0,5,0,9,7,7,33,42,28,44,80,1106,449,1.87,17,043,844402,2,170438444022
25,25,18,29,0,10,12,62,23,56,51,47,27,54,111,237,1862,787,2.37,17,043,844601,2,170438446012
34,15,0,22,16,0,0,0,15,18,125,37,8,37,29,20,977,376,2.6,17,043,844701,2,170438447012
32,0,16,93,38,20,0,14,0,32,38,106,51,69,0,33,1420,542,2.61,17,043,845000,4,170438450004
16,49,43,0,61,37,0,14,29,23,120,52,49,0,13,23,1242,529,2.35,17,043,845000,3,170438450003
15,16,63,21,57,43,8,30,10,61,54,130,148,98,98,108,2991,960,3.09,17,043,846104,2,170438461042
0,2,9,0,8,0,18,0,9,16,40,68,88,46,42,158,1580,504,3.13,17,043,846104,1,170438461041
45,26,0,37,16,18,34,15,0,44,20,134,109,28,0,0,1314,526,2.5,17,043,845704,1,170438457041
25,8,6,7,20,0,14,0,9,10,30,119,76,41,54,25,1199,444,2.7,17,043,845805,1,170438458051
0,0,7,7,0,0,6,32,0,51,0,48,37,5,44,23,809,260,3.08,17,043,845805,2,170438458052
35,31,21,17,0,19,8,63,39,38,114,69,127,30,61,70,1521,742,2.05,17,043,841003,2,170438410032
19,0,87,32,0,39,28,44,87,79,58,152,41,25,10,23,1704,724,2.35,17,043,841004,1,170438410041
24,28,27,8,8,25,15,31,76,87,66,84,60,91,51,5,1819,686,2.65,17,043,841004,2,170438410042
0,12,10,9,0,0,17,17,16,35,61,93,58,83,89,28,1547,528,2.93,17,043,843302,2,170438433022
0,0,9,35,16,12,39,9,32,32,40,214,89,90,32,0,1751,649,2.7,17,043,843302,1,170438433021
0,14,0,11,25,7,3,38,19,51,79,79,29,7,27,0,1239,389,3.19,17,043,841207,2,170438412072
20,0,0,6,13,7,35,37,0,6,96,178,42,22,38,9,2016,509,3.96,17,043,841207,1,170438412071
12,15,0,13,5,13,12,22,6,29,11,49,25,46,20,8,970,286,3.39,17,043,840911,1,170438409111
0,0,0,0,28,0,43,31,19,48,45,148,22,85,7,22,1851,498,3.72,17,043,840908,2,170438409082
75,6,0,28,51,23,70,34,19,24,32,74,31,0,0,0,1258,467,2.64,17,043,840908,3,170438409083
17,7,9,13,7,0,13,29,39,71,29,89,35,0,31,0,1482,389,3.81,17,043,843301,3,170438433013
35,0,0,29,10,42,9,7,0,37,46,144,59,22,33,11,1557,484,3.22,17,043,843301,2,170438433012
10,0,35,41,17,36,23,0,43,96,54,72,37,119,26,40,1628,649,2.51,17,043,846311,3,170438463113
0,0,19,31,0,11,14,0,0,36,47,19,26,45,11,43,1099,302,3.64,17,043,846311,1,170438463111
13,13,0,0,15,0,0,42,45,85,64,59,85,44,38,32,1560,535,2.92,17,043,846311,2,170438463112
0,10,0,7,20,0,34,0,9,27,58,40,61,46,15,14,913,341,2.68,17,043,845809,2,170438458092
37,13,19,51,58,0,30,27,11,14,100,117,46,17,40,20,1348,600,2.25,17,043,845810,2,170438458102
8,9,21,37,30,22,20,94,57,76,41,128,32,18,32,0,1385,625,2.21,17,043,845810,3,170438458103
19,16,33,0,19,0,0,0,26,13,33,4,25,89,41,71,994,389,2.49,17,043,845807,5,170438458075
31,0,36,0,0,15,14,0,0,36,68,91,23,12,86,46,1040,458,2.27,17,043,845807,3,170438458073
66,124,0,0,14,0,18,75,0,17,0,67,104,15,37,39,1290,576,2.24,17,043,845807,1,170438458071
10,5,13,0,0,9,7,33,7,17,43,151,51,38,38,43,1506,465,3.24,17,043,841318,2,170438413182
23,5,6,21,31,25,36,66,6,24,20,41,44,65,31,11,1355,455,2.98,17,043,841318,1,170438413181
0,0,0,0,9,9,0,20,9,0,49,56,64,77,119,117,1711,529,3.23,17,043,841326,1,170438413261
41,0,9,16,38,0,10,9,10,28,64,31,60,69,129,104,1611,618,2.61,17,043,841326,2,170438413262
0,13,21,9,0,38,0,0,31,0,104,116,66,94,63,40,1812,595,3.05,17,043,841323,1,170438413231
0,0,23,51,17,34,0,55,0,27,77,48,60,32,44,54,1641,522,3.14,17,043,840103,2,170438401032
0,0,0,0,0,0,0,0,0,0,0,0,0,0,0,0,0,0,-666666666.0,17,043,840801,1,170438408011
15,6,29,7,42,30,11,10,19,15,55,79,17,15,14,29,1315,393,3.35,17,043,840801,2,170438408012
9,6,14,0,41,16,36,30,30,41,69,139,82,12,14,12,1918,551,3.48,17,043,840000,1,170438400001
32,7,24,0,18,10,0,73,11,5,38,55,21,0,5,14,1080,313,3.45,17,043,840000,2,170438400002
46,8,0,33,36,10,18,59,7,36,55,68,57,17,0,10,1394,460,3.03,17,043,840101,2,170438401012
7,25,30,0,32,8,20,27,9,17,75,59,14,54,43,0,1311,420,3.09,17,043,840101,1,170438401011
17,9,9,17,10,14,10,9,10,50,91,123,17,0,14,10,1582,410,3.86,17,043,840101,3,170438401013
16,0,44,67,24,16,0,10,40,7,75,111,45,42,44,0,1519,541,2.81,17,043,840101,4,170438401014
0,32,24,62,24,36,16,13,0,25,29,62,40,0,24,18,676,405,1.67,17,043,844601,3,170438446013
8,0,13,0,46,6,49,23,7,79,58,44,28,8,14,20,1340,403,3.33,17,043,846702,2,170438467022
62,39,35,14,43,14,119,79,0,127,48,191,115,0,53,16,1337,955,1.4,17,043,846312,2,170438463122
33,40,0,24,44,0,45,53,19,43,49,113,37,50,64,50,1285,664,1.91,17,043,846312,3,170438463123
23,10,6,11,18,9,0,0,15,27,51,28,33,69,49,50,1118,399,2.8,17,043,846105,2,170438461052
0,0,0,9,0,0,4,0,10,29,32,0,27,30,119,109,914,369,2.48,17,043,846105,3,170438461053
25,7,31,32,8,8,31,19,18,86,62,128,34,16,30,26,1068,561,1.9,17,043,845802,3,170438458023
33,13,10,0,71,19,41,14,0,11,0,68,13,0,0,13,1115,306,3.64,17,043,840104,5,170438401045
29,29,0,0,0,11,15,13,27,29,17,100,12,11,68,237,1628,598,2.72,17,043,845401,1,170438454011
31,10,16,10,0,27,0,27,0,0,50,30,8,8,45,59,738,321,2.3,17,043,845401,2,170438454012
16,0,0,10,7,0,38,8,25,3,45,26,42,78,98,328,2015,724,2.77,17,043,845901,2,170438459012
58,0,57,14,16,0,8,37,0,0,46,94,89,59,99,93,1908,670,2.85,17,043,845402,2,170438454022
0,0,0,0,36,16,0,0,0,8,20,59,43,34,59,94,1093,369,2.96,17,043,845402,1,170438454021
94,57,87,48,60,75,100,25,13,118,162,53,43,10,87,58,2841,1090,2.61,17,043,845506,1,170438455061
25,37,12,27,0,12,35,24,14,8,32,28,46,87,27,48,1153,462,2.5,17,043,845510,1,170438455101
25,11,26,43,26,72,50,55,42,64,190,180,77,20,15,38,2058,934,2.2,17,043,845510,2,170438455102
24,0,20,32,22,7,15,0,0,19,30,29,116,80,59,117,1349,570,2.37,17,043,844502,1,170438445021
118,131,161,66,146,33,8,0,0,0,0,19,0,8,22,15,874,727,1.2,17,043,844502,2,170438445022
19,0,0,27,0,24,0,0,57,0,13,108,76,47,49,44,1110,464,2.39,17,043,846313,3,170438463133
48,0,13,58,67,0,74,58,24,137,37,282,87,71,109,318,2580,1383,1.87,17,043,846313,1,170438463131
0,0,0,0,0,7,27,30,13,12,17,90,91,73,35,55,1293,450,2.87,17,043,846315,1,170438463151
39,8,6,0,7,0,8,39,16,26,43,84,63,13,47,17,1084,416,2.2,17,043,846203,3,170438462033
12,0,0,0,8,10,18,63,17,37,55,123,119,181,150,298,3839,1091,3.52,17,043,841310,1,170438413101
66,0,13,21,16,25,20,36,14,11,71,63,40,24,13,0,1031,433,2.38,17,043,846604,3,170438466043
28,8,0,72,10,70,9,13,29,51,110,52,54,8,34,30,1663,578,2.83,17,043,846604,1,170438466041
28,42,65,8,29,0,10,50,26,49,0,87,63,47,76,117,1601,697,2.06,17,043,846504,2,170438465042
13,10,53,0,13,80,74,58,61,32,30,38,57,11,39,44,2034,613,3.24,17,043,846504,4,170438465044
12,31,32,33,9,27,22,34,20,41,64,67,65,46,66,50,1351,619,2.05,17,043,840600,1,170438406001
0,0,0,11,10,0,20,0,11,26,30,110,32,18,79,20,1189,367,3.24,17,043,841104,2,170438411042
12,0,10,32,0,0,0,0,11,36,22,78,69,33,6,29,1017,338,2.8,17,043,841104,3,170438411043
0,0,10,34,40,8,0,9,17,74,90,75,54,16,20,34,1381,481,2.86,17,043,841104,4,170438411044
13,0,20,5,0,20,30,4,6,33,32,131,58,55,76,28,1711,511,3.35,17,043,841108,3,170438411083
46,0,0,0,10,35,28,38,0,37,28,58,42,16,11,17,1357,366,3.71,17,043,841108,2,170438411082
12,9,0,0,59,46,37,17,37,77,16,88,81,90,40,8,2043,617,3.31,17,043,841205,1,170438412051
14,0,9,10,14,12,20,20,18,38,105,93,118,50,34,0,1570,555,2.83,17,043,841205,2,170438412052
14,0,0,10,0,16,0,0,51,16,57,90,49,68,57,122,1360,550,2.47,17,043,841401,3,170438414013
37,26,0,13,13,43,0,0,44,19,125,44,49,0,45,47,997,505,1.97,17,043,841401,2,170438414012
17,24,24,9,23,37,39,9,7,40,6,22,35,63,14,0,1590,369,4.31,17,043,841204,2,170438412042
22,0,6,28,11,0,6,15,8,66,116,151,53,52,13,5,1797,552,3.26,17,043,841204,4,170438412044
0,0,12,0,28,0,0,7,10,0,18,75,15,35,38,10,854,248,3.44,17,043,841204,1,170438412041
47,73,28,33,12,0,8,0,0,16,15,16,25,20,34,58,794,385,1.99,17,043,842604,1,170438426041
7,16,0,14,30,49,18,8,36,16,9,47,71,50,46,52,1154,469,2.46,17,043,842604,3,170438426043
52,0,37,28,0,23,41,32,61,92,57,84,75,35,48,14,1518,679,2.24,17,043,842604,2,170438426042
10,34,15,40,19,0,6,27,28,38,20,10,27,14,35,34,1083,357,2.99,17,043,842710,2,170438427102
9,0,0,33,16,17,9,0,0,9,11,104,55,34,31,85,1042,413,2.46,17,043,842710,1,170438427101
8,9,6,0,0,9,5,18,9,23,18,87,45,30,43,76,1053,386,2.73,17,043,841308,1,170438413081
9,0,0,0,0,0,0,0,9,11,36,87,86,126,88,52,1934,504,3.84,17,043,841308,3,170438413083
0,0,17,0,19,0,15,8,15,17,21,101,79,50,98,100,1526,540,2.83,17,043,846203,2,170438462032
36,22,12,31,39,6,8,0,35,24,90,105,90,32,66,9,1384,605,2.29,17,043,845602,1,170438456021
66,31,53,14,15,31,0,13,12,41,56,66,62,70,48,72,1512,650,2.33,17,043,845602,2,170438456022
15,0,0,15,13,6,15,7,9,20,0,50,72,66,140,82,1670,510,3.27,17,043,846203,1,170438462031
21,10,26,10,15,14,18,0,26,7,38,48,39,65,46,24,1039,407,2.55,17,043,846206,1,170438462061
18,26,0,28,16,0,54,4,11,12,72,104,29,110,149,44,1998,677,2.95,17,043,846206,2,170438462062
0,0,0,9,7,10,0,0,0,9,25,32,50,74,109,101,1305,426,3.06,17,043,846206,3,170438462063
62,33,37,43,15,66,23,68,16,132,57,116,28,10,20,8,1793,734,2.44,17,043,840901,1,170438409011
12,8,23,8,0,24,49,26,38,15,87,72,113,32,104,56,1667,667,2.5,17,043,840901,2,170438409012
7,11,23,9,53,20,19,28,14,61,42,77,81,46,38,35,1846,564,3.27,17,043,841307,2,170438413072
0,0,0,13,0,0,0,0,0,37,22,106,98,30,40,42,1372,388,3.54,17,043,841307,1,170438413071
8,92,28,20,7,19,25,49,40,29,112,47,100,18,33,27,1677,654,2.46,17,043,842500,1,170438425001
20,0,31,0,33,12,9,16,0,11,29,174,10,34,55,171,1598,605,2.64,17,043,842100,2,170438421002
117,0,87,44,15,71,22,60,14,70,40,98,41,39,75,122,1983,915,2.16,17,043,842100,3,170438421003
0,17,8,18,11,17,0,12,21,0,55,35,54,61,141,117,1769,567,3.12,17,043,841316,1,170438413161
61,20,12,71,66,22,28,7,0,82,80,106,39,21,67,133,1931,815,2.37,17,043,841404,2,170438414042
10,12,0,0,0,0,14,6,8,14,26,28,102,86,38,40,1212,384,3.16,17,043,841404,1,170438414041
0,0,0,15,11,13,0,56,31,49,0,65,29,63,56,0,1125,388,2.9,17,043,841314,2,170438413142
15,0,0,0,0,0,23,60,0,0,91,47,58,83,0,14,1362,391,3.48,17,043,841314,4,170438413144
0,0,0,0,27,0,0,0,31,38,31,90,28,18,56,15,1043,334,3.12,17,043,841314,5,170438413145
0,0,0,0,14,0,18,12,0,0,66,205,31,67,102,90,1751,605,2.89,17,043,841314,1,170438413141
0,0,9,26,45,0,1,0,17,0,86,49,78,0,30,21,853,362,2.36,17,043,841314,3,170438413143
85,0,0,0,11,15,25,48,71,55,95,157,63,42,107,9,2131,783,2.18,17,043,846412,3,170438464123
12,0,19,0,11,0,0,0,7,19,32,28,50,11,66,110,1131,365,3.1,17,043,845702,1,170438457021
23,10,0,0,14,0,21,0,46,10,0,48,54,17,89,24,1360,356,2.41,17,043,846103,2,170438461032
73,50,0,32,24,0,33,0,19,42,12,45,41,42,31,108,1305,552,2.36,17,043,846103,4,170438461034
5,0,18,0,0,0,14,41,22,0,40,65,62,52,128,58,1749,505,3.46,17,043,846201,1,170438462011
9,10,30,36,12,10,59,9,0,65,81,54,13,23,18,39,778,468,1.66,17,043,846003,4,170438460034
0,0,0,0,0,18,13,10,5,0,54,99,67,14,70,119,1366,469,2.91,17,043,844902,2,170438449022
33,0,14,0,7,0,11,0,26,44,34,148,51,87,82,114,1824,651,2.8,17,043,846413,2,170438464132
15,0,23,0,16,51,11,20,10,8,109,44,29,22,48,0,1245,406,3.07,17,043,841109,3,170438411093
19,28,48,104,126,11,41,75,29,52,100,45,85,14,0,15,2148,792,2.71,17,043,840904,1,170438409041
11,11,32,45,18,13,25,0,26,63,26,174,36,0,6,0,1343,486,2.28,17,043,841110,1,170438411101
8,8,7,7,16,15,0,16,23,9,18,42,17,27,28,54,902,295,3.06,17,043,842800,2,170438428002
18,17,0,0,0,0,0,0,0,39,31,25,30,84,49,80,1314,373,3.52,17,043,842100,4,170438421004
0,11,13,6,14,12,59,8,0,0,19,117,140,61,101,154,2228,715,3.12,17,043,846524,3,170438465243
86,65,53,37,46,108,52,45,21,51,63,38,12,52,24,27,1484,780,1.9,17,043,845703,4,170438457034
0,34,0,0,7,34,10,0,5,25,16,118,71,83,48,104,1531,555,2.76,17,043,846208,1,170438462081
10,0,15,41,0,25,8,17,0,34,64,135,52,65,99,121,1643,686,2.4,17,043,842601,1,170438426011
18,0,12,3,0,0,0,0,6,33,21,69,77,56,102,210,1735,607,2.86,17,043,842602,3,170438426023
21,0,8,12,0,10,21,21,8,10,45,63,145,20,48,10,1168,442,2.64,17,043,843000,3,170438430003
32,0,0,5,13,19,0,21,16,15,100,144,98,27,64,26,1748,580,3.01,17,043,843700,2,170438437002
25,17,38,0,10,0,58,0,0,0,40,64,39,23,29,0,838,343,2.44,17,043,840802,2,170438408022
18,11,26,24,48,33,7,33,24,29,80,50,10,68,8,29,1198,498,2.41,17,043,840802,3,170438408023
11,0,18,19,45,6,15,32,9,88,56,36,36,18,53,167,1430,609,2.35,17,043,842702,2,170438427022
27,8,0,0,28,48,46,23,11,16,38,89,88,24,122,128,1774,696,2.55,17,043,842900,1,170438429001
8,6,55,9,33,7,50,21,55,29,105,64,36,87,57,17,1713,639,2.68,17,043,841003,1,170438410031
16,0,0,0,0,0,0,0,27,0,64,42,72,89,64,63,1104,437,2.53,17,043,846311,4,170438463114
0,0,0,12,0,11,16,44,57,65,60,142,19,50,170,81,2116,727,2.89,17,043,845809,3,170438458093
8,27,8,25,14,16,7,9,0,54,26,100,75,43,47,55,1443,514,2.81,17,043,845810,1,170438458101
0,0,14,0,11,15,25,0,15,49,14,124,50,60,27,143,1607,547,2.94,17,043,845807,2,170438458072
9,14,26,30,20,51,18,66,10,64,163,55,71,27,39,0,1400,663,2.11,17,043,845807,4,170438458074
13,0,0,0,13,9,0,12,0,8,24,17,59,23,56,92,1063,326,3.25,17,043,846205,1,170438462051
71,0,0,0,19,0,0,6,9,26,38,129,14,0,15,0,922,327,2.82,17,043,840802,4,170438408024
0,0,6,12,17,15,0,13,10,12,28,0,21,8,0,0,327,142,2.3,17,043,844307,2,170438443072
50,0,33,21,7,31,33,26,33,45,41,99,25,39,61,6,1482,550,2.69,17,043,843601,1,170438436011
9,3,0,0,0,0,6,21,25,0,18,32,52,64,56,199,1832,485,3.78,17,043,844002,3,170438440023
49,9,10,0,0,0,21,0,9,126,61,129,45,44,63,42,1455,608,2.39,17,043,844304,1,170438443041
10,20,43,0,85,76,17,75,13,78,9,13,13,52,12,48,1467,564,2.24,17,043,844305,1,170438443051
13,0,10,0,12,0,12,6,4,7,4,11,15,24,5,27,1586,150,3.01,17,043,841902,2,170438419022
33,0,0,0,30,17,0,39,12,36,50,43,67,33,40,9,1003,409,2.3,17,043,846411,2,170438464112
0,0,0,16,0,14,0,32,0,25,43,15,35,47,0,0,771,227,3.4,17,043,841401,4,170438414014
7,8,21,0,11,18,0,69,42,10,62,70,60,10,20,36,1179,444,2.66,17,043,844701,4,170438447014
9,27,41,0,17,49,0,10,0,20,26,34,90,95,95,98,1790,611,2.92,17,043,844001,2,170438440012
4,0,6,15,0,0,12,14,0,22,30,72,46,29,10,45,1018,305,3.34,17,043,842708,1,170438427081
0,131,28,68,38,90,35,33,11,54,71,75,13,13,0,0,1587,660,2.4,17,043,841703,3,170438417033
0,26,0,8,43,8,9,25,13,33,14,18,65,23,13,12,910,310,2.94,17,043,840304,2,170438403042
16,0,16,18,20,0,0,8,0,57,126,44,83,20,58,37,1885,503,3.75,17,043,840706,2,170438407062
0,0,0,29,32,82,7,37,7,23,112,112,75,29,32,167,2445,744,3.06,17,043,840705,1,170438407051
15,83,33,35,0,7,57,33,28,93,74,73,102,19,85,67,1575,804,1.95,17,043,844901,1,170438449011
42,10,0,10,0,47,0,9,0,20,66,45,61,10,35,85,1304,440,2.96,17,043,844801,1,170438448011
9,6,10,12,107,80,11,8,26,57,53,70,20,99,29,56,1752,653,2.42,17,043,845509,2,170438455092
14,0,18,0,0,26,0,0,8,29,111,0,33,17,65,72,1030,393,2.62,17,043,845505,1,170438455051
3,14,17,25,10,21,33,37,24,34,74,55,96,21,40,117,1264,621,2.04,17,043,844601,1,170438446011
0,37,0,0,15,22,0,16,0,42,52,61,43,11,37,0,893,336,2.66,17,043,844701,1,170438447011
51,0,0,26,0,48,102,0,0,50,105,56,7,21,0,10,1235,476,2.59,17,043,845000,1,170438450001
25,0,0,38,0,0,43,0,11,50,61,123,106,161,54,67,1925,739,2.6,17,043,845704,3,170438457043
7,9,7,9,8,8,46,20,31,6,25,87,15,11,29,59,906,377,2.15,17,043,844401,3,170438444013
0,24,0,17,10,10,0,9,0,38,59,20,53,51,46,12,985,349,2.82,17,043,840202,2,170438402022
10,0,11,30,9,38,13,39,25,81,99,163,18,33,100,40,1632,709,2.17,17,043,841002,1,170438410021
15,27,43,23,76,80,37,17,50,119,46,143,69,30,29,8,1635,812,2.01,17,043,845805,3,170438458053
0,15,20,12,0,12,0,97,18,15,83,79,101,119,45,14,1402,630,2.23,17,043,845704,2,170438457042
0,0,0,21,0,0,0,0,0,0,28,32,9,22,96,47,870,255,3.41,17,043,846313,2,170438463132
0,0,0,11,0,0,11,26,26,66,75,169,129,97,97,34,2086,741,2.82,17,043,846315,3,170438463153
0,0,0,0,0,8,0,9,21,10,23,65,46,69,54,133,1270,438,2.9,17,043,842500,2,170438425002
9,15,8,5,5,9,22,11,5,23,40,189,150,162,110,32,2605,795,3.28,17,043,841321,1,170438413211
0,0,10,22,18,67,25,14,3,12,131,77,24,21,40,10,1268,474,2.68,17,043,841323,2,170438413232
0,0,10,11,0,0,0,15,0,22,9,20,125,94,27,47,1208,380,3.18,17,043,842100,1,170438421001
22,0,0,0,0,7,19,29,20,35,39,78,112,101,101,145,2326,708,3.29,17,043,845808,2,170438458082
0,0,0,0,16,0,0,16,0,38,26,15,93,50,66,63,1221,383,3.19,17,043,846304,5,170438463045
0,13,0,0,19,0,0,26,60,16,15,14,19,0,67,13,1210,262,2.22,17,043,846202,3,170438462023
6,0,13,0,7,5,27,0,28,10,35,36,92,49,63,99,1416,470,3.01,17,043,846523,1,170438465231
14,0,0,0,0,0,20,0,0,0,54,0,51,72,70,121,1311,402,3.26,17,043,846521,3,170438465213
0,10,0,22,14,11,11,0,24,0,142,139,56,60,51,64,1699,604,2.81,17,043,841501,4,170438415014
8,0,0,9,7,11,9,8,0,9,45,56,35,29,96,118,1299,440,2.95,17,043,842605,2,170438426052
0,0,19,0,38,25,0,0,0,45,54,0,11,28,89,29,880,338,2.6,17,043,842704,3,170438427043
7,0,7,21,10,21,7,0,78,19,73,57,60,27,30,44,1194,461,2.59,17,043,843400,2,170438434002
12,22,0,62,24,50,13,63,84,316,78,118,100,12,27,0,1652,981,1.63,17,043,844301,2,170438443012
15,18,6,12,38,7,0,0,5,0,21,33,13,9,24,232,1410,433,3.26,17,043,845300,2,170438453002
0,0,0,26,23,18,8,0,0,0,68,79,77,50,37,138,1537,524,2.93,17,043,842706,1,170438427061
12,0,0,26,7,34,6,18,16,31,37,45,116,8,48,63,1228,467,2.63,17,043,841801,1,170438418011
0,36,13,0,0,0,37,48,15,43,64,66,84,0,14,24,1094,444,2.46,17,043,843100,2,170438431002
7,18,0,0,7,26,15,47,27,0,54,87,19,7,25,19,1130,358,3.16,17,043,843200,1,170438432001
10,0,28,0,12,39,0,20,32,28,50,86,92,21,23,0,1385,441,3.14,17,043,843200,4,170438432004
0,0,0,0,16,26,16,0,23,0,45,60,10,42,58,68,1143,364,3.14,17,043,843900,2,170438439002
0,0,0,0,66,38,54,3,0,0,44,9,38,51,72,90,1394,465,3.0,17,043,846504,3,170438465043
66,0,15,29,23,0,15,50,9,36,27,52,76,12,24,97,1219,531,2.07,17,043,846504,1,170438465041
10,0,18,19,7,8,0,18,6,17,37,44,106,85,32,73,1382,480,2.88,17,043,840600,2,170438406002
0,17,12,9,0,40,11,19,11,0,51,72,20,10,29,18,860,319,2.7,17,043,841104,1,170438411041
0,0,41,0,28,16,0,18,10,90,21,141,11,7,19,11,1488,413,3.6,17,043,841108,1,170438411081
25,0,0,0,12,17,16,0,11,19,22,65,85,83,30,25,1256,410,3.06,17,043,841205,3,170438412053
0,0,0,49,0,0,52,23,23,76,131,125,42,23,14,16,2694,574,4.44,17,043,841401,1,170438414011
8,30,0,41,76,28,76,97,53,73,106,75,74,9,30,0,1854,776,2.39,17,043,846102,3,170438461023
0,14,85,28,0,0,0,0,31,128,73,136,80,40,21,56,1707,692,2.47,17,043,846002,3,170438460023
41,48,8,14,37,27,51,74,20,14,52,88,43,42,34,13,1322,606,2.18,17,043,846305,3,170438463053
14,15,73,0,13,17,15,0,0,15,26,36,113,0,189,145,1797,671,2.68,17,043,845100,4,170438451004
0,18,0,14,0,17,0,0,0,56,48,35,45,67,70,67,1217,437,2.78,17,043,845502,1,170438455021
0,8,10,0,4,9,7,7,29,58,21,92,60,44,40,46,1215,435,2.79,17,043,845601,2,170438456012
141,24,26,59,95,40,51,26,23,106,45,76,65,51,25,36,1420,889,1.6,17,043,842710,3,170438427103
12,0,0,42,24,36,0,0,0,61,65,120,49,69,64,110,2190,652,3.36,17,043,841312,2,170438413122
0,0,7,11,0,11,13,19,0,19,41,122,76,26,21,13,1189,379,3.14,17,043,841324,2,170438413242
12,0,16,0,0,0,0,8,11,19,91,56,80,31,10,0,817,334,2.45,17,043,846515,2,170438465152
0,0,0,8,9,12,9,9,0,10,0,38,50,24,64,185,1302,418,3.11,17,043,846205,3,170438462053
0,0,0,10,21,12,0,11,0,0,0,43,98,81,27,71,1223,374,3.27,17,043,842300,2,170438423002
0,0,20,10,0,0,0,8,0,18,93,68,89,66,30,22,1346,424,3.16,17,043,841325,2,170438413252
0,0,9,14,11,22,33,40,0,40,80,158,84,29,98,19,1881,637,2.95,17,043,841316,2,170438413162
0,0,8,0,7,0,8,11,28,35,73,20,30,29,29,21,920,299,2.95,17,043,846004,1,170438460041
9,0,8,9,9,8,36,37,4,34,11,39,47,16,63,51,1042,381,2.73,17,043,846003,1,170438460031
6,0,48,0,26,45,43,41,44,23,27,93,6,11,14,0,1447,427,3.39,17,043,846603,2,170438466032
0,21,47,46,102,78,37,46,108,26,0,0,8,0,0,0,1877,519,3.59,17,043,846603,3,170438466033
15,56,10,10,22,44,9,12,24,34,60,131,167,98,110,75,2227,877,2.54,17,043,846314,1,170438463141
0,30,24,19,13,7,35,9,55,29,85,99,62,55,33,63,1729,618,2.8,17,043,844501,2,170438445012
7,16,4,12,33,34,17,20,0,72,15,57,42,31,52,13,1769,425,4.16,17,043,841504,1,170438415041
13,0,0,11,6,7,11,19,19,59,37,119,99,40,15,7,1472,462,3.19,17,043,841607,1,170438416071
66,0,19,20,93,80,0,45,10,42,0,36,11,26,25,0,1871,473,3.96,17,043,841605,2,170438416052
4,16,0,10,16,55,22,6,17,31,98,108,83,5,15,6,2140,492,4.35,17,043,841503,2,170438415032
30,20,0,26,62,42,121,20,21,105,35,289,23,0,0,0,2342,794,2.95,17,043,845803,2,170438458032
40,0,77,16,50,0,8,0,89,16,25,36,0,22,77,0,1168,456,2.56,17,043,840104,3,170438401043
13,0,65,5,0,0,24,34,0,117,37,99,12,0,0,56,1243,462,2.69,17,043,841102,2,170438411022
0,13,12,31,22,36,10,10,21,113,151,171,79,71,45,55,1485,840,1.77,17,043,841114,3,170438411143
7,7,0,27,18,39,0,0,25,29,13,71,65,37,94,50,1476,482,3.05,17,043,841112,2,170438411122
34,9,0,55,9,6,0,10,0,74,62,18,27,16,0,7,831,327,2.54,17,043,842709,1,170438427091
20,29,49,36,43,107,37,24,88,107,155,136,38,77,0,0,2035,946,2.15,17,043,841210,2,170438412102
8,60,21,9,0,31,9,15,13,29,25,82,33,10,31,11,1665,387,4.3,17,043,841208,2,170438412082
77,0,10,61,80,0,27,0,0,8,44,32,106,63,73,51,1856,632,2.94,17,043,841704,2,170438417042
18,14,33,44,4,19,39,38,44,72,47,76,94,122,98,70,1938,832,2.33,17,043,841111,1,170438411111
62,66,29,43,5,27,18,105,89,66,48,124,41,19,10,58,2480,810,3.06,17,043,841113,2,170438411132
33,0,12,0,0,32,9,0,16,11,37,59,18,60,27,24,996,338,2.95,17,043,844100,3,170438441003
0,10,22,9,25,25,0,21,0,18,38,61,65,17,0,0,937,311,3.01,17,043,846604,2,170438466042
0,41,19,14,11,44,61,39,9,57,144,101,25,30,31,34,1839,660,2.79,17,043,840102,2,170438401022
0,0,0,102,13,19,0,32,35,32,94,132,101,103,109,69,1935,841,2.3,17,043,840201,2,170438402012
24,0,7,10,20,29,10,10,25,19,88,21,73,21,36,34,1071,427,2.51,17,043,841103,2,170438411032
0,0,0,20,12,0,14,0,80,45,38,36,20,9,128,0,1664,402,4.14,17,043,846511,4,170438465114
0,0,46,0,0,29,73,22,0,41,67,10,115,10,43,33,1593,489,3.26,17,043,846511,2,170438465112
14,7,12,36,10,0,42,8,15,39,11,101,258,121,105,11,2266,790,2.87,17,043,846509,3,170438465093
46,0,0,33,9,97,83,46,24,54,85,279,163,60,96,109,2642,1184,2.23,17,043,846507,1,170438465071
0,7,0,0,8,7,9,12,20,13,24,76,61,36,75,38,1162,386,3.01,17,043,845703,2,170438457032
47,0,0,11,0,22,28,27,30,8,19,71,27,80,25,38,905,433,2.09,17,043,845802,2,170438458022
15,0,36,24,15,34,57,0,38,60,77,68,41,117,48,37,1681,667,2.52,17,043,846207,1,170438462071
19,27,51,70,29,30,19,11,38,103,35,55,59,54,60,134,1879,794,2.37,17,043,846405,2,170438464052
19,15,32,36,35,21,0,32,43,76,29,92,77,48,44,36,2214,635,3.49,17,043,840911,2,170438409112
9,0,89,0,27,0,7,9,0,9,98,27,79,53,24,9,1311,440,2.98,17,043,840908,1,170438409081
7,0,60,27,6,26,22,10,7,21,21,164,36,31,0,15,1325,453,2.92,17,043,843301,1,170438433011
35,0,5,75,10,0,61,12,15,37,11,49,13,29,48,20,1510,420,3.6,17,043,846702,3,170438467023
85,38,13,12,83,110,47,54,0,124,159,135,49,31,0,11,1706,951,1.79,17,043,846312,1,170438463121
0,0,19,21,0,8,7,7,19,11,33,40,129,94,44,44,1297,476,2.72,17,043,846105,1,170438461051
0,0,68,12,0,37,118,0,0,55,24,6,21,73,0,0,1170,414,2.83,17,043,845803,3,170438458033
28,59,15,0,0,29,0,0,11,7,6,10,0,30,58,148,1170,401,2.92,17,043,845401,3,170438454013
33,23,0,19,0,0,5,15,0,11,49,24,58,20,37,134,1183,428,2.76,17,043,845901,1,170438459011
47,0,15,9,20,16,0,35,43,38,77,27,22,75,26,124,1531,574,2.45,17,043,845902,1,170438459021
16,17,25,30,25,20,66,22,0,45,76,135,47,6,53,35,1505,618,2.24,17,043,845506,2,170438455062
0,0,0,0,0,0,0,0,8,26,0,58,18,34,47,158,961,349,2.75,17,043,844502,3,170438445023
24,22,32,29,31,45,19,0,23,95,123,87,51,8,83,43,1316,715,1.84,17,043,844306,3,170438443063
13,37,0,0,42,26,67,31,0,30,97,122,42,35,92,72,2016,706,2.76,17,043,843500,3,170438435003
62,0,24,34,43,11,52,47,22,100,77,79,77,0,21,0,1478,649,2.28,17,043,844201,2,170438442012
17,16,36,13,24,16,3,34,24,36,33,83,51,69,45,24,1398,524,2.67,17,043,844202,1,170438442021
0,0,0,12,0,0,30,8,20,28,17,15,24,46,68,172,1373,440,3.12,17,043,845200,1,170438452001
0,30,53,65,47,30,29,27,0,31,85,150,94,14,68,32,1610,755,2.13,17,043,840103,1,170438401031
9,0,9,10,0,0,8,17,12,22,8,27,45,37,6,220,1552,430,3.61,17,043,845200,2,170438452002
16,9,0,29,0,16,10,16,21,29,40,62,52,32,20,23,989,375,2.64,17,043,845809,1,170438458091
0,0,0,12,33,0,0,0,49,0,41,55,49,48,42,0,1037,329,3.1,17,043,841110,3,170438411103
25,29,7,23,17,7,10,36,10,54,40,44,45,36,37,34,806,454,1.78,17,043,844401,2,170438444012
0,20,25,0,10,92,42,13,0,15,55,135,34,38,0,9,1638,488,3.36,17,043,841320,1,170438413201
0,11,8,0,17,0,27,7,52,8,40,76,70,92,105,47,1490,560,2.66,17,043,846103,1,170438461031
40,11,0,30,78,42,37,95,4,24,85,220,97,35,38,0,2213,836,2.65,17,043,840703,2,170438407032
0,0,20,0,0,5,0,0,0,19,41,59,81,75,51,125,1465,476,3.08,17,043,845808,1,170438458081
19,7,8,18,26,15,18,10,30,97,46,134,61,59,48,28,1504,624,2.41,17,043,842605,1,170438426051
8,30,25,20,23,13,33,28,0,36,97,41,65,37,69,68,1886,593,3.18,17,043,841801,3,170438418013
18,32,14,86,46,177,63,42,16,111,66,62,39,73,11,45,2060,901,2.29,17,043,845601,1,170438456011
43,0,61,39,32,42,0,62,52,80,88,142,170,61,144,64,2888,1080,2.48,17,043,841313,1,170438413131
8,18,42,64,39,9,56,25,0,35,42,55,26,37,20,0,1009,476,2.08,17,043,844701,3,170438447013
10,0,0,0,50,0,12,0,0,0,104,67,7,80,0,0,866,330,2.18,17,043,844201,1,170438442011
65,23,0,45,4,31,39,26,64,25,86,106,49,47,51,32,1759,693,2.54,17,043,844307,3,170438443073
0,53,0,31,28,7,9,16,31,62,18,31,171,77,106,59,1919,699,2.74,17,043,840600,3,170438406003
14,0,31,22,25,0,0,17,23,0,66,51,32,45,91,16,1277,433,2.95,17,043,844304,2,170438443042
0,0,9,0,0,9,0,0,0,20,17,54,81,26,38,116,1148,370,3.1,17,043,841704,3,170438417043
31,43,16,34,15,34,63,47,57,71,290,193,40,52,12,42,2368,1040,2.28,17,043,846410,2,170438464102
21,77,15,19,50,32,22,0,9,79,74,109,41,94,12,13,1169,667,1.6,17,043,844305,3,170438443053
13,0,0,0,12,0,0,15,0,27,44,107,140,71,95,97,2144,621,3.45,17,043,846408,1,170438464081
0,18,32,27,13,18,12,26,19,34,54,169,106,36,63,149,2038,776,2.63,17,043,845902,2,170438459022
6,0,10,0,0,11,0,5,8,0,50,31,60,21,63,107,1101,372,2.96,17,043,841901,2,170438419012
0,0,0,8,0,0,0,0,0,8,28,59,54,28,101,190,1448,476,3.04,17,043,842602,1,170438426021
62,26,15,62,0,55,34,6,28,87,145,148,69,37,31,48,1912,853,2.24,17,043,842702,3,170438427023
8,30,0,0,29,23,29,19,25,0,44,40,20,0,12,24,1117,303,3.69,17,089,854301,2,170898543012
0,9,9,0,34,24,7,12,33,98,8,43,0,11,0,0,948,288,3.28,17,089,854301,1,170898543011
0,0,0,10,0,32,0,0,23,17,45,32,28,6,0,0,511,193,2.65,17,089,851101,4,170898511014
19,0,0,6,0,0,0,0,0,9,24,23,12,0,0,0,247,93,2.52,17,089,851101,1,170898511011
0,0,0,31,18,46,43,16,23,13,17,90,20,0,0,0,914,317,2.88,17,089,851101,2,170898511012
24,0,0,52,9,17,27,0,15,4,33,49,92,7,0,0,973,329,2.96,17,089,851101,5,170898511015
17,20,24,17,40,0,0,0,22,41,16,9,16,7,0,0,833,229,3.64,17,089,851301,1,170898513011
30,6,6,5,24,27,13,3,0,16,0,14,34,0,0,7,970,185,4.43,17,089,854700,1,170898547001
94,26,66,0,51,24,27,15,11,0,42,22,0,0,16,0,724,394,1.67,17,089,854700,2,170898547002
0,0,0,0,0,0,0,0,0,0,0,0,0,0,0,0,371,0,-666666666.0,17,089,854900,1,170898549001
0,0,0,12,14,30,37,54,37,39,125,61,74,17,0,0,1700,500,3.4,17,089,854900,4,170898549004
157,64,128,22,28,8,20,7,16,80,92,198,101,10,32,12,2224,975,2.28,17,089,854900,3,170898549003
0,0,7,34,64,21,56,39,12,94,46,83,29,11,0,9,2338,505,4.63,17,089,854302,3,170898543023
10,20,14,87,33,35,46,32,12,23,39,73,19,0,0,0,1405,443,3.17,17,089,854302,2,170898543022
46,14,215,131,227,338,235,270,84,485,640,564,453,329,208,132,7776,4371,1.78,17,089,850702,1,170898507021
32,0,35,12,0,0,73,0,29,0,191,127,70,0,0,25,1466,594,2.47,17,089,850702,3,170898507023
174,0,0,19,61,26,85,32,95,136,375,584,297,463,397,290,9072,3034,2.99,17,089,851905,1,170898519051
20,18,19,25,25,24,7,30,12,13,20,29,27,27,0,0,891,296,3.01,17,089,851301,3,170898513013
0,66,27,0,28,11,19,26,124,104,189,183,92,92,96,0,3009,1057,2.85,17,089,851907,2,170898519072
0,22,0,0,8,17,0,19,12,0,37,78,17,15,9,0,529,234,2.26,17,089,851907,1,170898519071
81,135,121,114,40,16,145,15,91,99,104,85,14,0,0,14,2601,1074,2.4,17,089,853005,2,170898530052
43,42,45,39,36,0,24,32,8,50,67,227,67,84,123,7,2852,894,3.19,17,089,853005,1,170898530051
0,0,18,0,0,0,0,76,0,21,17,65,0,0,28,0,705,225,3.13,17,089,853005,3,170898530053
11,20,0,20,18,0,36,39,30,20,30,18,10,0,0,6,905,258,3.51,17,089,851302,3,170898513023
16,0,5,46,36,0,0,24,5,0,35,18,0,0,0,0,614,185,3.32,17,089,851302,4,170898513024
6,0,13,42,0,18,25,29,25,26,7,31,46,10,0,5,1052,283,3.72,17,089,851302,1,170898513021
8,6,5,7,6,11,15,11,28,30,16,21,5,0,0,0,597,169,3.53,17,089,851302,2,170898513022
34,46,54,29,16,21,0,19,0,52,69,97,56,45,0,0,2131,538,3.9,17,089,851908,2,170898519082
7,9,31,82,64,14,9,12,17,52,75,42,139,19,0,0,1263,572,2.21,17,089,851908,1,170898519081
0,10,21,0,0,13,9,9,13,67,162,78,85,41,25,5,1604,538,2.98,17,089,851908,3,170898519083
54,8,29,8,26,85,35,51,37,26,39,32,0,35,14,8,1571,487,3.21,17,089,851910,3,170898519103
37,32,8,9,12,13,52,0,13,13,52,83,29,40,105,28,1076,526,2.03,17,089,851910,2,170898519102
8,7,0,7,16,27,15,47,0,21,109,138,56,36,16,12,2582,515,5.01,17,089,851910,1,170898519101
0,29,11,27,36,10,13,0,0,55,12,87,37,14,9,0,813,340,2.39,17,089,852001,1,170898520011
6,8,6,2,17,2,0,19,4,7,36,33,27,10,17,10,590,204,2.89,17,089,850703,2,170898507032
23,15,7,20,19,24,35,13,19,42,48,90,67,56,67,66,1732,611,2.82,17,089,850703,1,170898507031
119,41,18,17,8,53,48,6,0,0,24,33,4,28,18,0,1353,417,3.24,17,089,852905,1,170898529051
22,65,27,57,43,52,23,31,35,101,72,105,22,11,11,11,2379,688,3.46,17,089,852905,2,170898529052
104,44,32,97,0,16,11,24,33,40,25,19,10,23,16,0,1172,494,2.08,17,089,852905,3,170898529053
10,0,9,31,0,23,51,0,20,66,99,85,41,56,25,7,1497,523,2.86,17,089,853004,1,170898530041
0,28,0,23,18,9,17,11,0,11,46,32,23,7,0,23,460,248,1.85,17,089,853004,2,170898530042
9,22,45,21,30,87,28,52,22,37,0,61,15,8,0,0,828,437,1.64,17,089,853004,3,170898530043
0,0,41,24,23,33,0,19,0,40,8,85,42,0,16,0,1793,331,5.42,17,089,853500,2,170898535002
26,9,28,0,8,39,10,4,0,39,29,18,0,15,0,0,858,225,3.81,17,089,853500,1,170898535001
0,0,31,19,80,69,10,32,0,13,26,85,43,9,0,0,1765,417,4.23,17,089,854302,1,170898543021
21,0,0,0,11,0,47,12,6,29,85,93,33,69,38,50,1553,494,3.13,17,089,853006,1,170898530061
30,64,69,0,37,47,17,0,26,8,10,42,15,6,19,0,1027,390,2.63,17,089,853006,2,170898530062
0,7,19,0,38,15,0,0,40,30,87,65,16,0,0,0,1121,317,3.54,17,089,853008,1,170898530081
37,0,0,50,19,50,109,40,0,22,84,0,0,5,34,0,1474,450,3.28,17,089,852907,3,170898529073
20,0,11,27,0,17,34,40,17,72,125,127,48,112,200,227,3391,1077,3.12,17,089,852806,1,170898528061
0,18,0,9,74,0,0,13,20,35,46,196,84,60,248,133,2956,936,3.16,17,089,852806,3,170898528063
0,28,10,0,15,0,27,13,16,25,52,88,77,47,120,42,1455,560,2.6,17,089,852808,3,170898528083
21,14,0,60,0,12,12,0,0,54,106,190,108,47,128,87,3038,839,3.23,17,089,852808,1,170898528081
44,64,56,0,0,16,48,30,70,18,78,39,12,93,66,0,1439,634,2.27,17,089,852808,4,170898528084
5,0,0,13,0,0,11,12,0,20,32,62,70,59,144,204,2054,632,3.25,17,089,852606,2,170898526062
0,0,0,0,16,0,10,0,0,16,17,104,124,159,95,96,1902,637,2.99,17,089,854504,1,170898545041
0,0,0,32,0,0,69,44,16,36,64,234,177,129,195,136,3717,1132,3.28,17,089,852102,3,170898521023
0,0,0,0,24,0,0,0,0,23,29,36,48,55,52,254,1916,521,3.68,17,089,852102,5,170898521025
0,9,0,0,0,0,0,50,0,0,79,0,76,65,23,121,1315,423,3.11,17,089,852102,2,170898521022
102,0,12,42,24,69,16,0,0,20,12,64,33,43,0,8,1298,445,2.92,17,089,851102,2,170898511022
0,25,82,48,82,36,56,53,11,90,89,85,0,21,0,0,2664,678,3.93,17,089,853500,3,170898535003
8,12,13,0,12,18,0,14,23,34,106,103,40,40,17,13,1376,453,3.04,17,089,851102,3,170898511023
0,13,59,26,0,0,38,0,33,0,35,84,33,0,0,0,1360,321,4.24,17,089,850106,2,170898501062
10,0,15,22,0,12,20,0,13,50,40,71,125,94,189,236,2799,897,3.12,17,089,850106,3,170898501063
0,0,10,35,0,0,12,24,0,8,50,44,66,18,6,33,832,306,2.72,17,089,852001,4,170898520014
16,32,11,19,10,0,17,18,10,93,70,91,56,37,0,21,1254,501,2.5,17,089,852001,3,170898520013
0,34,9,0,44,28,31,19,10,60,33,116,78,23,75,33,1642,593,2.77,17,089,853900,5,170898539005
0,21,39,0,25,10,9,25,0,60,12,39,25,22,38,0,980,325,3.0,17,089,853900,1,170898539001
0,19,13,74,18,32,24,15,20,32,49,84,43,36,52,43,2108,554,2.91,17,089,853900,3,170898539003
29,26,0,0,26,0,20,0,21,0,64,75,0,41,24,9,1030,335,3.07,17,089,853900,2,170898539002
0,0,0,0,0,0,0,0,10,53,95,41,23,0,48,65,919,335,2.74,17,089,853900,4,170898539004
22,23,48,33,25,74,47,49,18,86,148,129,123,98,54,96,2939,1073,2.74,17,089,850600,1,170898506001
43,0,5,13,0,13,4,9,60,22,28,164,146,108,124,142,2724,881,3.09,17,089,850600,2,170898506002
0,0,30,0,12,0,0,64,31,58,82,230,149,39,0,38,1806,733,2.46,17,089,850600,3,170898506003
0,19,18,60,48,15,0,38,33,116,51,70,55,24,61,38,1272,646,1.97,17,089,852700,4,170898527004
12,0,14,0,0,0,0,0,14,14,15,94,43,13,68,31,759,318,2.39,17,089,852700,5,170898527005
49,0,44,14,13,17,18,55,32,30,33,57,101,24,0,45,1040,532,1.95,17,089,852700,3,170898527003
10,16,14,0,0,59,0,13,0,0,14,0,88,7,0,0,677,221,3.06,17,089,852700,1,170898527001
22,48,15,45,36,74,18,45,10,51,111,68,32,39,22,21,2892,657,4.4,17,089,853200,2,170898532002
81,55,61,77,56,51,33,0,17,16,19,51,35,14,0,0,1185,566,2.0,17,089,853200,1,170898532001
53,0,52,53,30,47,42,42,24,93,131,116,23,11,0,0,2576,717,3.59,17,089,853200,3,170898532003
0,51,52,87,0,0,24,49,69,27,102,114,23,13,0,0,2788,611,4.5,17,089,853400,3,170898534003
0,29,12,30,8,0,26,26,28,32,42,0,0,0,0,0,819,233,3.52,17,089,853400,1,170898534001
133,94,85,26,32,31,26,8,0,22,90,75,65,79,33,20,1855,819,2.26,17,089,852803,2,170898528032
20,72,52,0,11,36,29,0,0,15,30,186,191,144,118,84,3008,988,3.04,17,089,852803,1,170898528031
32,0,32,45,11,29,29,0,50,38,104,9,80,0,8,0,1189,467,2.55,17,089,854002,4,170898540024
30,0,65,0,41,40,91,0,0,20,45,0,7,32,0,20,1648,391,4.21,17,089,853400,4,170898534004
0,27,0,0,51,78,30,10,36,82,60,58,32,19,0,0,2102,483,4.35,17,089,853400,2,170898534002
17,0,50,22,27,7,20,0,0,24,0,87,0,0,0,0,862,254,3.39,17,089,853400,6,170898534006
0,106,17,36,8,0,22,0,0,24,68,6,0,0,7,0,549,294,1.87,17,089,854002,2,170898540022
16,0,0,31,53,33,109,40,55,37,88,143,17,0,0,0,2509,622,4.03,17,089,850301,4,170898503014
30,57,25,95,37,44,44,26,20,60,86,89,11,0,9,25,2892,658,4.4,17,089,850202,3,170898502023
52,0,49,56,11,13,15,22,0,64,51,304,241,251,382,416,6592,1927,3.42,17,089,854501,4,170898545014
0,0,9,9,47,0,21,59,5,23,35,37,36,11,0,0,974,292,3.34,17,089,850202,1,170898502021
45,7,70,146,29,45,18,39,69,116,89,93,10,43,5,0,2732,824,3.32,17,089,850202,2,170898502022
9,8,26,0,11,59,10,18,0,24,116,60,63,43,25,15,1088,487,2.23,17,089,850400,1,170898504001
35,0,39,9,23,29,30,27,7,40,72,43,14,0,0,0,1486,368,4.04,17,089,854200,2,170898542002
106,10,33,26,44,41,13,35,58,11,9,0,5,0,0,0,1421,391,3.63,17,089,854200,1,170898542001
0,9,37,8,0,6,0,0,2,26,58,60,168,35,35,113,1550,557,2.78,17,089,852201,4,170898522014
0,27,16,0,0,34,0,8,26,33,19,12,0,0,0,0,707,175,3.56,17,089,851400,4,170898514004
8,16,0,16,33,19,6,23,45,13,68,63,34,20,8,8,1457,380,3.83,17,089,851400,2,170898514002
55,17,10,12,25,0,35,24,14,19,35,69,0,19,7,16,1339,357,3.75,17,089,851400,6,170898514006
0,14,0,41,37,54,9,50,96,25,30,191,105,38,0,31,1763,721,2.36,17,089,852201,1,170898522011
11,33,40,24,29,16,70,0,50,8,78,42,0,16,0,0,1624,417,3.88,17,089,854600,1,170898546001
49,25,63,18,54,60,69,21,9,76,23,41,53,32,12,0,1381,605,2.25,17,089,854600,2,170898546002
0,21,42,33,0,0,0,0,31,105,38,90,48,33,57,71,1302,569,2.29,17,089,854503,1,170898545031
0,0,42,11,13,25,0,39,12,44,64,133,93,63,47,15,1624,601,2.7,17,089,854503,2,170898545032
0,0,37,0,0,10,14,0,0,53,66,80,147,67,227,39,2719,740,3.62,17,089,854503,3,170898545033
84,27,0,0,19,14,0,0,18,34,79,41,123,64,153,187,2731,843,3.24,17,089,850105,1,170898501051
16,0,0,18,12,17,59,19,6,27,81,119,86,33,24,74,1707,591,2.89,17,089,850103,2,170898501032
25,49,0,0,88,13,56,124,18,91,156,323,152,143,98,178,4293,1514,2.84,17,089,850101,2,170898501012
0,39,3,29,23,56,15,78,24,112,139,180,96,156,39,32,2792,1021,2.62,17,089,851909,3,170898519093
0,0,46,33,0,18,16,48,54,45,18,186,210,257,286,574,6130,1791,3.42,17,089,852101,2,170898521012
6,11,8,0,22,29,67,8,38,0,29,51,16,0,0,50,690,335,2.01,17,089,852300,1,170898523001
10,11,0,0,11,0,22,11,0,0,83,127,44,41,18,0,1165,378,3.08,17,089,851801,3,170898518013
38,57,55,15,18,59,0,33,5,97,39,69,44,27,7,109,1326,672,1.91,17,089,852300,2,170898523002
12,29,12,13,0,0,65,9,20,22,31,124,192,44,173,352,3413,1098,3.09,17,089,852401,1,170898524011
13,0,12,49,0,0,42,0,0,29,0,127,46,9,58,61,1139,446,2.55,17,089,852601,4,170898526014
56,52,42,35,0,29,0,14,19,150,55,70,47,14,26,15,1441,624,2.31,17,089,852601,1,170898526011
0,16,18,0,23,0,0,38,0,5,61,110,24,140,85,109,1488,629,2.37,17,089,852601,3,170898526013
11,0,12,0,0,11,0,0,0,34,76,35,17,19,0,0,549,215,2.55,17,089,852601,5,170898526015
12,21,37,66,19,49,10,10,0,96,19,3,59,23,4,0,1280,428,2.97,17,089,853300,1,170898533001
14,0,37,22,41,89,109,29,0,65,82,103,27,0,45,0,2952,663,4.45,17,089,853300,3,170898533003
0,59,46,81,106,48,135,14,0,32,28,67,39,15,15,17,1725,702,2.46,17,089,852906,1,170898529061
14,13,0,18,16,0,16,0,45,77,16,55,45,40,13,30,1013,398,2.55,17,089,852906,2,170898529062
56,55,24,14,11,0,32,0,38,35,109,90,148,56,76,42,2520,786,3.2,17,089,852906,3,170898529063
51,23,38,71,35,11,26,57,53,54,44,73,66,69,8,42,3043,721,4.22,17,089,853007,2,170898530072
32,29,12,23,13,0,61,42,26,81,46,75,19,21,64,0,1287,544,2.37,17,089,853007,1,170898530071
39,0,17,53,76,72,25,29,7,0,47,9,0,56,13,0,1615,443,3.63,17,089,853007,3,170898530073
13,0,83,0,34,29,0,28,19,30,89,46,24,6,23,10,1948,434,4.49,17,089,854301,3,170898543013
75,0,43,57,160,69,32,13,39,27,15,0,34,0,0,0,1883,564,3.3,17,089,851904,1,170898519041
0,28,12,74,159,13,0,64,52,23,34,7,49,20,0,11,2155,546,3.4,17,089,851904,2,170898519042
15,13,14,37,0,64,21,13,57,72,61,36,136,39,55,40,1672,673,2.42,17,089,851904,3,170898519043
0,0,0,7,16,26,7,7,6,4,10,43,33,31,5,212,1038,407,2.55,17,089,852001,2,170898520012
8,13,0,0,0,12,0,0,34,100,46,179,162,71,220,253,3610,1098,3.29,17,089,854800,2,170898548002
19,14,0,0,19,35,30,22,8,0,101,132,73,67,131,223,2601,874,2.98,17,089,854800,3,170898548003
10,29,53,0,7,31,5,27,10,34,23,79,47,33,17,0,961,405,2.37,17,089,850500,2,170898505002
0,0,0,0,18,0,0,20,15,38,34,61,21,24,34,53,781,318,2.46,17,089,850500,3,170898505003
45,98,63,16,36,9,59,99,39,60,0,68,0,19,0,0,2804,611,4.59,17,089,853600,3,170898536003
24,0,62,56,97,34,15,24,38,52,30,8,80,27,0,0,2295,547,4.18,17,089,853600,4,170898536004
111,11,18,16,91,16,18,0,26,50,65,146,0,0,0,6,1847,574,3.22,17,089,853600,2,170898536002
11,0,21,31,0,14,0,52,20,39,112,64,68,14,46,21,1334,513,2.6,17,089,851801,2,170898518012
19,20,21,22,57,14,18,47,30,75,124,154,95,24,89,22,2154,831,2.59,17,089,850302,2,170898503022
19,15,86,174,96,108,15,76,9,99,19,106,19,31,11,0,2591,883,2.93,17,089,850302,1,170898503021
16,18,10,0,22,25,0,11,18,39,85,90,126,78,101,324,3085,963,3.2,17,089,852807,1,170898528071
23,0,23,19,19,39,14,0,19,6,52,69,12,9,4,0,908,308,2.95,17,089,852805,2,170898528052
0,0,0,0,0,19,10,0,0,35,68,102,111,106,152,155,2518,758,3.32,17,089,852805,1,170898528051
0,0,10,47,0,18,15,39,7,93,117,131,79,45,62,35,1883,698,2.54,17,089,852805,3,170898528053
27,20,0,29,56,18,61,0,83,14,60,50,0,72,0,0,2208,490,4.51,17,089,854400,2,170898544002
68,0,132,89,27,88,0,64,0,87,37,86,65,63,34,16,1832,856,2.06,17,089,854400,5,170898544005
151,63,33,29,13,0,11,0,45,0,74,0,0,0,0,0,1386,419,3.31,17,089,854400,6,170898544006
42,0,23,0,75,96,0,0,0,120,84,23,0,0,0,0,1719,463,3.68,17,089,854400,3,170898544003
21,35,17,71,21,15,50,10,0,41,40,39,13,0,0,5,1085,378,2.87,17,089,851500,1,170898515001
16,18,0,0,0,16,49,0,0,69,23,46,32,25,0,14,987,308,3.2,17,089,851600,4,170898516004
16,0,27,0,58,0,0,0,54,12,15,72,24,21,0,0,859,299,2.87,17,089,851600,2,170898516002
216,158,68,59,97,18,0,11,0,42,71,53,105,0,9,0,2066,907,2.18,17,089,851600,1,170898516001
0,17,74,35,80,52,63,164,71,91,104,159,37,96,131,114,3429,1288,2.65,17,089,852202,1,170898522021
0,16,11,15,0,14,43,17,72,59,66,85,191,67,65,0,2079,721,2.88,17,089,852903,1,170898529031
132,79,51,15,94,111,163,154,103,131,248,263,110,17,17,66,4289,1754,2.36,17,089,852903,2,170898529032
16,6,48,36,27,26,0,34,55,44,68,54,23,5,33,0,1606,475,3.24,17,089,853100,2,170898531002
9,0,13,13,43,22,11,11,10,13,21,20,0,0,0,0,472,186,2.51,17,089,854001,3,170898540013
18,30,23,0,32,10,0,5,32,0,58,155,26,68,25,19,1535,501,3.06,17,089,854001,2,170898540012
18,9,31,0,20,44,19,13,20,53,48,51,69,27,28,10,1116,460,2.43,17,089,852403,5,170898524035
9,15,43,8,15,11,19,7,7,39,33,18,29,8,6,3,642,270,2.38,17,089,852403,2,170898524032
21,17,18,10,0,62,39,50,33,140,178,188,102,73,37,0,2657,968,2.74,17,089,853001,1,170898530011
20,23,0,0,27,0,0,13,26,6,86,132,90,146,149,239,3754,957,3.92,17,089,852402,1,170898524021
31,16,30,71,29,17,30,15,0,47,112,91,180,131,105,180,2456,1085,2.26,17,089,852003,2,170898520032
57,15,29,35,13,26,0,16,16,14,32,78,100,78,190,255,2396,954,2.42,17,089,852003,1,170898520031
116,13,45,19,63,42,43,52,12,109,41,153,147,74,95,92,2873,1116,2.57,17,089,852402,3,170898524023
50,31,12,21,27,63,6,34,67,62,108,33,89,28,42,0,2942,673,4.37,17,089,850201,1,170898502011
19,0,0,18,35,38,17,50,85,15,0,60,38,49,0,0,1628,424,3.84,17,089,850800,5,170898508005
0,36,0,0,14,76,7,22,0,12,40,56,63,0,11,0,1056,337,3.13,17,089,850800,3,170898508003
0,14,0,0,14,0,66,19,26,17,18,8,16,78,0,17,812,293,2.77,17,089,850800,6,170898508006
0,16,0,0,21,0,61,0,33,11,100,0,43,0,0,0,982,285,3.45,17,089,850800,4,170898508004
99,25,0,202,8,70,12,0,48,112,122,171,9,25,0,26,2593,929,2.78,17,089,851000,2,170898510002
0,0,0,60,0,23,0,76,13,68,25,86,94,36,72,13,1677,566,2.96,17,089,852002,3,170898520023
0,0,0,0,0,39,101,0,0,136,259,104,111,62,34,74,2302,920,2.5,17,089,852002,4,170898520024
10,0,0,19,0,33,34,9,45,24,27,85,48,57,18,16,1183,425,2.78,17,089,852002,2,170898520022
26,15,0,0,0,0,0,0,0,0,38,29,0,33,20,26,529,187,2.83,17,089,852500,2,170898525002
26,14,0,17,0,18,0,13,0,99,32,58,103,32,14,77,1448,503,2.41,17,089,852500,1,170898525001
13,18,29,15,31,48,9,21,33,53,32,107,0,39,30,13,1329,491,2.71,17,089,852500,3,170898525003
18,0,22,8,8,69,42,35,8,73,0,9,28,0,0,0,1303,320,4.07,17,089,854100,4,170898541004
0,8,7,5,8,0,29,22,14,29,18,59,28,0,0,0,1046,227,4.61,17,089,854100,3,170898541003
23,0,27,102,0,0,0,22,0,33,113,52,115,46,76,45,1767,654,2.7,17,089,854501,1,170898545011
0,0,21,0,0,51,18,0,19,28,115,198,140,129,177,80,3442,976,3.53,17,089,854501,2,170898545012
46,18,0,54,0,51,36,54,21,97,655,801,691,505,109,178,10976,3316,3.31,17,089,850701,2,170898507012
0,0,0,43,0,0,21,35,60,38,26,128,43,17,133,45,1619,589,2.75,17,089,850701,4,170898507014
0,14,0,15,0,0,16,0,13,55,39,170,216,148,246,154,4260,1086,3.92,17,089,850701,3,170898507013
0,0,95,0,0,0,220,38,0,65,63,97,51,54,12,0,1612,695,2.32,17,089,850106,1,170898501061
9,12,46,90,53,25,28,15,6,92,20,14,73,30,0,30,1179,543,2.17,17,089,850400,2,170898504002
6,7,30,26,0,25,5,46,33,73,21,23,20,15,0,0,1296,330,3.93,17,089,851400,3,170898514003
16,14,0,0,15,17,16,9,35,0,19,12,29,0,0,0,771,182,4.24,17,089,851400,5,170898514005
11,31,11,0,0,10,8,12,22,20,27,69,65,2,27,30,904,345,2.62,17,089,852201,3,170898522013
0,0,15,37,13,25,0,0,18,16,31,106,37,34,16,18,712,366,1.95,17,089,852201,2,170898522012
0,46,16,0,10,0,29,23,9,71,144,113,203,120,70,0,3160,854,3.41,17,089,851801,1,170898518011
24,0,2,0,2,0,0,13,0,80,33,108,74,128,74,69,1980,607,3.26,17,089,852401,2,170898524012
37,0,27,11,0,9,35,0,54,19,2,47,12,18,28,29,1029,328,3.14,17,089,852401,3,170898524013
38,62,27,83,54,18,6,68,44,69,13,115,189,77,116,96,2825,1075,2.59,17,089,852601,2,170898526012
0,11,0,9,40,16,10,9,0,28,12,0,42,9,0,0,805,186,4.33,17,089,853300,2,170898533002
73,0,0,0,15,9,26,43,37,27,95,88,88,78,67,96,2289,742,3.08,17,089,850106,4,170898501064
2,0,22,19,0,61,8,50,20,4,70,68,94,60,170,123,2212,771,2.87,17,089,852401,4,170898524014
0,35,11,17,9,57,28,0,99,186,28,40,18,0,16,0,2071,544,3.8,17,089,850301,2,170898503012
9,31,0,0,0,8,49,0,0,21,64,74,131,122,128,60,2093,697,3.0,17,089,851904,4,170898519044
14,0,6,13,22,58,42,56,28,29,59,100,15,0,0,4,1417,446,3.18,17,089,853100,1,170898531001
36,33,25,41,32,39,0,15,23,57,48,190,62,144,161,54,2723,960,2.67,17,089,854001,1,170898540011
3,5,4,19,9,3,19,25,19,81,84,34,107,54,24,19,1416,509,2.78,17,089,852403,3,170898524033
3,0,13,0,0,0,5,4,7,23,7,27,22,20,0,16,432,147,2.94,17,089,852403,4,170898524034
0,8,0,26,53,27,32,15,21,46,15,74,70,0,0,8,1621,395,4.1,17,089,854200,3,170898542003
9,10,19,11,11,39,14,7,5,58,28,83,43,23,18,23,924,401,2.3,17,089,850500,1,170898505001
12,36,9,11,19,38,0,37,17,61,92,43,42,28,18,0,1056,463,2.28,17,089,850500,4,170898505004
77,0,0,0,4,13,47,47,8,85,106,53,0,9,11,0,1830,460,3.98,17,089,853600,1,170898536001
0,0,12,48,39,36,113,0,28,58,62,132,115,51,190,0,2693,884,3.05,17,089,850702,2,170898507022
27,54,94,12,12,54,13,55,12,25,61,16,45,0,62,5,1806,547,2.2,17,089,851000,3,170898510003
23,0,36,21,0,0,13,18,0,0,21,13,78,16,0,0,1266,239,5.3,17,089,853400,5,170898534005
30,17,33,0,10,0,12,27,24,39,33,32,32,23,0,35,959,347,2.76,17,089,854002,5,170898540025
0,0,94,0,0,53,0,0,0,22,0,30,5,27,13,0,695,244,2.84,17,089,854002,1,170898540021
20,0,9,9,0,2,19,25,60,37,68,87,47,44,26,8,1172,461,2.54,17,089,854900,2,170898549002
0,7,13,30,26,18,3,5,6,76,21,22,7,31,0,6,696,271,2.57,17,089,854600,3,170898546003
42,0,0,31,15,55,17,46,0,121,274,484,312,288,103,137,6330,1925,3.29,17,089,854503,4,170898545034
31,14,41,8,0,10,13,21,97,36,142,265,244,154,209,217,4671,1502,3.11,17,089,850105,2,170898501052
25,0,76,68,16,0,56,37,80,84,0,13,159,0,0,0,2691,614,4.38,17,089,850101,1,170898501011
0,10,10,15,0,9,65,0,22,17,52,16,9,55,35,11,823,326,2.52,17,089,851909,1,170898519091
50,20,68,58,74,75,36,79,88,91,43,35,29,7,17,31,3373,801,4.21,17,089,854301,4,170898543014
0,0,16,0,27,0,6,13,0,62,25,43,35,15,6,0,906,248,3.65,17,089,851909,2,170898519092
22,6,17,38,66,38,29,0,66,31,27,117,18,0,6,0,1421,481,2.95,17,089,851101,3,170898511013
0,186,0,0,83,0,59,23,50,43,98,164,166,259,113,79,3349,1323,2.53,17,089,851905,2,170898519052
0,33,0,8,33,8,0,16,0,32,74,57,26,61,0,1,1257,349,3.6,17,089,854200,4,170898542004
61,10,11,51,79,21,0,11,22,36,115,108,170,63,57,33,2290,848,2.7,17,089,851801,4,170898518014
78,19,36,23,26,37,59,38,26,32,72,50,60,41,28,0,2528,625,4.04,17,089,851301,2,170898513012
26,9,8,8,0,39,0,48,43,88,229,84,183,79,121,61,3642,1026,3.54,17,089,851907,3,170898519073
0,0,19,0,16,13,20,38,0,8,0,140,33,0,0,0,1135,287,3.95,17,089,851600,5,170898516005
53,0,100,174,58,75,172,143,82,259,329,390,209,171,45,21,6639,2281,2.91,17,089,854400,4,170898544004
0,0,0,49,0,0,41,39,0,24,14,0,0,0,0,0,755,167,4.52,17,089,854400,1,170898544001
128,0,42,48,0,49,0,18,0,0,24,61,15,0,0,14,1392,399,3.49,17,089,851600,3,170898516003
85,0,13,0,56,14,25,31,58,92,60,56,35,19,34,0,1640,578,2.84,17,089,852202,2,170898522022
295,63,0,0,54,0,0,0,12,0,0,0,11,0,0,0,1667,435,3.83,17,089,850301,1,170898503011
16,11,32,17,0,15,83,0,86,19,86,166,98,36,26,29,2060,720,2.86,17,089,852002,1,170898520021
15,16,32,32,15,83,17,54,30,26,17,95,26,32,84,28,1551,602,2.58,17,089,852500,5,170898525005
0,16,24,0,15,83,0,32,48,28,16,39,118,64,125,98,1918,706,2.72,17,089,852500,4,170898525004
22,18,6,7,11,49,0,7,36,58,8,71,17,19,15,0,1421,344,4.13,17,089,854100,2,170898541002
0,44,23,0,25,0,23,73,56,31,30,25,0,28,21,0,1312,379,3.32,17,089,854100,1,170898541001
0,0,15,43,24,34,19,40,58,32,0,222,204,109,189,173,3602,1162,3.1,17,089,854501,3,170898545013
0,0,0,0,36,0,0,0,0,0,51,204,99,84,204,96,2419,774,3.13,17,089,850701,1,170898507011
53,0,45,0,16,7,0,0,32,57,33,56,57,10,6,5,999,377,2.65,17,089,853006,3,170898530063
17,6,75,106,47,28,70,59,56,89,171,174,124,15,19,5,3688,1061,3.48,17,089,853008,2,170898530082
72,39,55,27,0,50,0,0,0,33,9,21,0,18,12,20,1095,356,3.08,17,089,852907,2,170898529072
12,0,0,0,0,0,0,9,0,11,0,28,26,10,91,30,855,217,3.94,17,089,852806,2,170898528062
13,0,0,0,0,0,10,29,54,0,16,128,23,48,51,110,1768,482,3.53,17,089,852808,2,170898528082
9,45,35,26,77,39,10,26,10,82,71,79,115,16,81,231,2340,952,2.25,17,089,852606,1,170898526061
59,29,0,13,42,43,60,31,75,144,129,268,271,335,418,304,5881,2221,2.65,17,089,854504,2,170898545042
0,21,20,0,0,20,17,20,11,47,81,72,98,66,181,126,1936,780,2.48,17,089,852102,4,170898521024
44,20,24,19,65,0,0,35,17,15,7,0,25,43,0,0,938,314,2.94,17,089,851102,1,170898511021
48,0,14,14,27,34,40,29,15,59,136,129,97,133,161,12,2654,948,2.8,17,089,852700,6,170898527006
33,26,17,28,50,50,0,10,22,52,29,0,0,0,0,0,1264,317,3.99,17,089,853500,4,170898535004
31,39,15,0,0,0,13,0,0,56,63,56,105,128,116,70,1944,692,2.81,17,089,854800,1,170898548001
13,4,0,14,62,26,0,0,0,85,41,44,76,136,250,311,3076,1062,2.83,17,089,852003,3,170898520033
0,0,34,0,12,14,0,20,0,3,51,118,102,28,76,150,1874,608,3.08,17,089,852402,2,170898524022
0,29,6,0,25,0,14,30,13,27,75,85,0,26,17,0,1448,347,4.17,17,089,850201,2,170898502012
0,0,39,12,63,0,0,14,0,47,24,0,0,0,15,14,564,228,2.47,17,089,850800,1,170898508001
0,61,0,17,50,0,39,0,8,48,0,79,50,37,95,35,1660,519,3.2,17,089,850800,2,170898508002
23,27,47,9,46,5,15,0,12,5,57,34,24,0,0,0,808,304,2.66,17,089,854700,3,170898547003
0,62,38,39,16,27,27,39,16,11,66,67,128,24,27,0,1544,587,2.63,17,089,854002,3,170898540023
15,13,23,17,83,13,64,75,46,44,96,99,59,61,73,12,2435,793,3.06,17,089,851000,1,170898510001
0,43,8,0,0,0,31,77,94,47,97,215,340,207,207,120,4440,1486,2.99,17,089,850103,1,170898501031
0,0,41,0,0,26,0,0,0,29,30,126,17,17,66,123,1250,475,2.63,17,089,852101,1,170898521011
26,81,0,0,58,0,22,7,0,44,69,39,204,63,123,36,2496,772,3.18,17,089,850702,4,170898507024
32,11,34,0,0,0,15,15,0,10,15,61,69,0,65,13,1007,340,2.96,17,089,852700,2,170898527002
0,20,48,21,52,5,13,18,19,23,120,143,44,11,20,41,1686,598,2.81,17,089,852403,1,170898524031
32,200,52,41,41,224,70,17,82,40,84,166,57,31,17,0,3106,1154,2.69,17,089,852907,1,170898529071
0,20,0,0,0,0,15,0,86,0,29,12,29,11,27,24,507,253,2.0,17,089,852102,1,170898521021
17,7,9,0,0,49,42,53,0,11,89,17,7,0,6,10,1256,317,3.96,17,089,851400,1,170898514001
0,0,0,17,11,21,11,10,21,34,25,63,33,15,9,0,988,270,3.66,17,089,850301,3,170898503013
16,76,16,20,38,15,52,61,46,52,129,115,97,82,141,118,3436,1074,2.53,17,089,852202,3,170898522023
88,10,47,11,98,25,70,43,14,88,54,64,25,32,0,0,2507,669,3.74,17,089,852904,1,170898529041
67,0,0,0,0,38,44,21,0,33,0,122,28,28,103,0,1441,484,2.98,17,093,890102,5,170938901025
0,0,39,57,0,16,0,29,38,34,44,420,239,138,157,128,4247,1339,3.17,17,093,890102,6,170938901026
0,0,0,37,0,0,15,0,0,0,129,49,28,28,192,34,1498,512,2.93,17,093,890102,4,170938901024
14,0,0,0,0,12,35,17,0,62,185,101,160,168,275,172,4590,1201,3.78,17,093,890102,3,170938901023
90,43,72,116,20,116,96,176,61,434,743,868,724,710,687,502,16909,5458,3.1,17,093,890101,1,170938901011
0,0,0,0,0,0,0,0,31,25,95,50,59,44,172,115,2263,591,3.83,17,093,890101,2,170938901012
0,0,0,0,12,0,0,28,0,11,27,85,118,48,28,0,1122,357,3.14,17,093,890302,2,170938903022
0,0,9,0,0,0,13,0,34,71,39,80,82,88,35,0,1344,451,2.98,17,093,890302,4,170938903024
40,60,81,7,34,0,28,35,13,27,43,132,57,37,13,0,1418,607,2.34,17,093,890302,3,170938903023
0,0,14,28,41,40,0,53,11,24,65,15,0,0,63,37,1169,391,2.99,17,093,890600,4,170938906004
0,0,0,62,36,27,36,10,13,11,82,164,92,22,42,39,1970,636,3.09,17,093,890302,1,170938903021
24,0,9,15,14,22,52,41,17,85,84,351,96,72,107,51,3168,1040,3.05,17,093,890301,1,170938903011
96,0,11,10,0,61,77,68,65,94,70,172,138,61,74,27,3181,1024,3.11,17,093,890301,2,170938903012
12,3,8,7,16,11,6,9,13,5,61,70,53,28,17,8,963,327,2.94,17,093,890700,3,170938907003
81,53,8,30,141,119,46,133,87,122,391,461,625,288,288,154,10669,3027,3.52,17,093,890700,2,170938907002
0,0,45,0,14,29,13,15,12,163,25,44,53,40,29,204,2359,686,3.44,17,093,890700,1,170938907001
0,0,0,0,0,29,0,144,0,46,44,44,96,29,46,0,1318,478,2.76,17,093,890400,4,170938904004
143,57,26,46,235,128,99,91,245,301,859,1258,696,423,285,166,16953,5058,3.33,17,093,890400,1,170938904001
8,118,36,9,39,26,24,12,41,223,47,265,189,90,133,27,3484,1287,2.7,17,093,890600,1,170938906001
31,5,12,15,6,11,11,43,30,25,58,66,105,50,47,37,1399,552,2.53,17,093,890600,3,170938906003
0,0,4,0,15,0,25,9,25,15,83,42,13,48,12,5,935,296,3.16,17,093,890202,1,170938902021
16,20,15,37,23,5,0,7,18,18,58,71,34,12,12,0,1069,346,3.09,17,093,890202,3,170938902023
33,18,20,16,61,10,25,42,82,75,156,103,117,55,45,32,2277,890,2.56,17,093,890201,1,170938902011
18,8,12,0,0,65,0,0,7,16,67,45,19,21,0,0,691,278,2.49,17,093,890201,3,170938902013
41,0,0,58,34,0,65,56,0,13,89,233,137,76,49,51,2062,902,2.29,17,093,890500,4,170938905004
0,0,0,25,51,23,0,0,0,48,79,30,0,0,0,0,1030,256,3.97,17,093,890500,3,170938905003
135,23,26,22,57,25,0,21,74,243,0,0,47,0,0,0,2383,673,3.54,17,093,890500,5,170938905005
0,0,30,31,0,17,0,62,0,0,55,56,70,25,50,11,1105,407,2.71,17,093,890102,2,170938901022
0,20,0,0,24,30,28,0,0,0,87,114,39,0,63,0,1162,405,2.87,17,093,890500,1,170938905001
0,34,0,34,0,51,0,47,0,24,0,0,0,0,0,0,382,190,2.01,17,093,890500,2,170938905002
14,10,7,13,15,5,6,18,17,10,44,59,20,4,16,13,829,271,3.06,17,093,890700,5,170938907005
18,30,0,81,33,51,35,18,58,145,175,212,682,340,258,173,6554,2309,2.84,17,093,890400,2,170938904002
94,0,12,147,0,17,13,56,127,119,50,184,102,0,0,50,2325,971,2.31,17,093,890400,3,170938904003
0,12,48,19,37,11,46,9,27,52,46,229,290,120,74,66,3488,1086,3.21,17,093,890600,2,170938906002
0,6,22,12,0,20,29,50,12,25,73,93,25,24,8,0,1093,399,2.74,17,093,890202,2,170938902022
12,0,53,8,31,10,22,37,53,34,44,60,56,18,41,0,1631,479,3.41,17,093,890201,2,170938902012
0,0,71,0,0,146,0,0,0,0,0,34,43,0,0,0,473,294,1.61,17,093,890102,1,170938901021
4,14,9,23,10,9,10,8,14,56,39,64,27,38,29,11,957,365,2.62,17,093,890700,4,170938907004
13,187,0,37,72,21,152,177,99,221,221,297,341,153,76,63,6283,2130,2.95,17,093,890500,6,170938905006
8,46,0,16,39,31,4,6,0,7,22,8,22,0,0,0,748,209,3.56,17,097,863100,1,170978631001
41,0,41,29,54,10,7,45,26,74,53,35,19,11,7,0,1295,452,2.87,17,097,862605,2,170978626052
39,102,76,144,26,74,27,51,16,49,50,7,32,9,0,0,1427,702,2.03,17,097,862605,3,170978626053
366,38,46,0,9,30,0,0,0,16,33,33,0,0,0,0,2143,571,3.02,17,097,862605,1,170978626051
69,78,34,52,41,85,58,76,38,68,36,34,9,18,4,0,2173,700,3.1,17,097,863100,2,170978631002
11,20,0,80,24,41,43,22,70,213,99,143,48,44,66,60,1767,984,1.8,17,097,863702,1,170978637021
0,0,41,58,37,28,39,76,0,106,94,105,47,48,35,49,2523,763,3.31,17,097,864001,2,170978640012
0,0,13,0,31,18,18,0,36,60,22,125,40,65,150,54,1911,632,3.02,17,097,864001,1,170978640011
35,14,71,31,12,11,53,59,57,20,70,49,53,107,69,22,2188,733,2.72,17,097,864001,3,170978640013
15,0,45,93,72,8,70,0,66,49,44,125,14,24,11,18,1690,654,2.58,17,097,864204,1,170978642041
16,0,14,0,8,8,7,19,0,38,47,67,57,70,89,47,1383,487,2.79,17,097,864204,3,170978642043
51,7,34,4,69,29,37,35,4,79,83,173,141,21,29,54,1843,850,2.17,17,097,860808,1,170978608081
55,107,67,25,28,51,89,29,41,75,71,177,51,17,0,13,2079,896,2.32,17,097,860903,1,170978609031
63,141,71,49,8,54,61,34,13,19,29,24,0,36,0,0,1301,602,2.1,17,097,860903,2,170978609032
104,24,14,44,0,78,19,0,54,68,69,89,28,30,0,9,1700,630,2.7,17,097,860903,3,170978609033
12,31,0,0,15,0,0,31,43,48,61,13,16,23,0,34,723,327,2.21,17,097,860905,4,170978609054
18,76,28,45,14,37,16,77,64,83,95,81,48,105,89,16,2345,892,2.63,17,097,860905,1,170978609051
0,0,22,10,0,8,19,0,20,34,55,65,89,60,125,79,1680,586,2.87,17,097,864520,3,170978645203
7,7,26,15,7,10,9,0,9,25,18,104,50,68,93,474,2636,922,2.85,17,097,864601,2,170978646012
11,0,0,0,4,15,0,20,0,20,58,48,54,13,8,216,1286,467,2.7,17,097,865000,1,170978650001
15,29,16,63,0,19,0,29,14,12,46,83,39,16,73,127,1359,581,2.34,17,097,865700,1,170978657001
22,14,13,72,44,42,0,45,31,48,35,70,121,36,144,434,2923,1171,2.5,17,097,865700,3,170978657003
30,0,0,27,0,15,0,0,16,19,0,111,108,74,224,157,2557,781,3.27,17,097,864410,2,170978644102
14,6,22,11,0,20,36,8,11,0,40,4,49,0,60,0,907,281,3.2,17,097,860301,3,170978603013
64,3,5,15,0,8,5,8,0,31,46,93,14,36,0,0,1125,328,3.43,17,097,860301,1,170978603011
53,60,14,26,0,71,0,63,42,19,18,33,9,0,9,0,940,417,2.25,17,097,860500,1,170978605001
86,46,8,10,16,74,0,0,17,79,45,44,20,26,8,0,1294,479,2.62,17,097,860500,2,170978605002
58,8,15,57,0,8,45,0,0,38,8,14,0,0,9,0,1083,260,4.17,17,097,860500,5,170978605005
5,18,12,8,3,30,19,42,28,32,42,47,6,23,14,7,822,336,2.45,17,097,860805,1,170978608051
18,10,41,8,16,17,38,34,13,83,42,152,197,115,131,74,2945,989,2.98,17,097,860811,2,170978608112
0,0,6,8,19,36,0,9,33,69,70,132,104,62,138,154,2291,840,2.72,17,097,863801,2,170978638012
6,0,13,8,9,37,11,17,31,34,59,118,90,76,90,155,2342,754,3.11,17,097,864412,2,170978644122
5,0,19,26,0,0,9,10,23,15,34,84,104,57,99,127,1865,612,2.98,17,097,864412,1,170978644121
53,0,33,25,6,24,28,10,0,0,8,90,0,10,16,0,1017,303,3.36,17,097,862000,1,170978620001
7,28,0,22,49,30,37,27,19,117,45,74,30,18,10,0,1752,513,3.39,17,097,862000,3,170978620003
0,14,21,74,56,21,16,48,21,31,70,72,8,0,7,0,1644,459,3.58,17,097,862000,4,170978620004
66,28,8,44,0,14,20,17,38,39,60,28,27,30,7,7,1238,433,2.86,17,097,862000,2,170978620002
54,14,0,24,14,74,34,52,11,51,85,131,87,30,26,42,1530,729,2.1,17,097,864205,2,170978642052
87,11,15,30,34,62,61,20,49,60,235,277,290,192,243,190,5568,1856,3.0,17,097,864205,1,170978642051
25,0,0,16,9,7,0,35,22,16,32,64,29,15,58,34,917,362,2.53,17,097,860103,1,170978601031
0,19,0,24,44,24,6,31,10,36,70,65,109,136,63,49,1888,686,2.74,17,097,860103,3,170978601033
26,0,10,7,0,0,19,6,0,31,16,59,31,9,7,0,580,221,2.6,17,097,860103,2,170978601032
11,0,0,23,20,0,55,34,9,128,74,98,47,20,112,35,1726,666,2.55,17,097,861105,1,170978611051
50,0,33,40,17,9,79,40,41,34,116,160,138,55,70,55,2644,937,2.82,17,097,861105,2,170978611052
34,99,7,15,42,22,63,102,21,66,67,48,11,20,6,8,1941,631,3.08,17,097,861804,1,170978618041
46,0,0,0,32,0,0,26,0,21,11,79,36,72,30,252,2701,605,2.82,17,097,863400,2,170978634002
28,0,0,11,10,0,0,0,0,71,26,20,35,22,25,201,1315,449,2.93,17,097,863400,3,170978634003
10,0,0,7,9,24,19,0,0,43,16,74,175,73,152,305,3087,907,3.4,17,097,864407,1,170978644071
0,0,8,10,0,0,10,0,0,0,95,82,58,70,0,0,1111,333,3.34,17,097,861201,2,170978612012
30,16,24,8,19,8,46,39,41,82,126,182,111,69,89,90,2809,980,2.87,17,097,864203,2,170978642032
147,113,78,55,9,48,31,0,11,71,7,43,15,70,0,0,2225,698,2.29,17,097,862200,2,170978622002
0,0,0,11,0,0,0,73,12,53,26,102,80,0,29,0,876,386,2.27,17,097,863902,2,170978639022
0,12,25,10,0,15,24,0,124,40,64,37,39,39,0,32,1361,461,2.95,17,097,863902,3,170978639023
52,13,69,38,66,16,14,69,25,113,114,104,140,88,10,86,2838,1017,2.77,17,097,860400,1,170978604001
128,0,6,0,88,15,0,17,0,142,0,57,23,0,0,0,1273,476,2.63,17,097,860400,2,170978604002
189,116,117,89,29,49,49,26,0,52,73,78,0,0,8,0,2027,875,2.31,17,097,862401,2,170978624012
9,21,64,40,16,29,0,42,23,30,87,0,31,0,0,0,1411,392,3.59,17,097,862401,1,170978624011
92,43,57,68,115,79,43,105,179,57,180,146,65,107,27,180,3217,1543,2.08,17,097,864101,1,170978641011
0,0,19,0,0,25,22,0,12,37,77,13,36,45,60,235,1569,581,2.7,17,097,864101,3,170978641013
24,18,0,29,7,7,31,31,20,45,63,114,83,135,152,168,2607,927,2.81,17,097,864519,2,170978645192
0,12,0,6,10,17,1,0,2,4,39,104,69,77,95,62,1574,498,3.16,17,097,864511,4,170978645114
0,0,0,0,0,0,0,0,0,0,21,33,5,80,133,140,1465,412,3.54,17,097,863603,2,170978636032
35,0,17,0,13,35,0,0,42,84,64,110,58,49,142,75,1698,724,2.22,17,097,864505,4,170978645054
82,15,43,36,31,44,17,58,16,99,31,265,202,33,15,49,2094,1036,2.02,17,097,864505,3,170978645053
9,0,0,0,16,5,6,24,20,25,29,62,59,38,67,248,1765,608,2.9,17,097,864522,1,170978645221
52,53,9,9,0,10,54,36,6,19,64,34,41,18,0,36,752,441,1.71,17,097,865400,2,170978654002
0,6,18,40,31,46,31,28,6,82,95,171,76,80,41,30,1862,781,2.36,17,097,864510,1,170978645101
11,9,0,8,0,25,9,15,8,31,40,5,78,16,75,119,1359,449,3.03,17,097,864522,3,170978645223
11,11,0,29,6,56,32,46,0,69,31,40,17,15,19,0,1454,382,3.81,17,097,861304,1,170978613041
22,49,32,59,17,47,31,42,20,54,114,42,16,0,0,0,1884,545,3.46,17,097,861304,2,170978613042
0,0,14,31,22,14,9,15,7,71,92,100,166,71,161,55,2655,828,3.21,17,097,861007,1,170978610071
150,0,62,11,0,12,12,0,22,54,30,25,71,0,0,0,1249,449,2.78,17,097,861506,1,170978615061
0,0,16,0,0,10,12,0,0,31,3,109,72,80,78,176,1869,587,3.18,17,097,864411,2,170978644112
10,4,0,5,4,9,0,0,0,24,21,40,27,138,105,205,1768,592,2.99,17,097,864411,3,170978644113
38,7,9,0,19,8,0,5,17,35,44,70,57,7,23,37,860,376,2.29,17,097,865801,1,170978658011
11,28,36,0,0,19,0,42,8,35,0,140,171,41,50,105,1729,686,2.51,17,097,865801,2,170978658012
15,30,57,51,59,90,55,48,51,150,75,211,26,40,187,137,2297,1282,1.79,17,097,864521,1,170978645211
49,14,28,15,25,40,30,64,8,55,69,57,85,90,64,10,2102,703,2.93,17,097,861012,2,170978610122
92,8,51,47,28,48,78,15,72,104,160,97,92,61,37,7,3281,997,3.29,17,097,861404,3,170978614043
28,0,16,12,26,12,26,57,87,105,105,181,188,139,206,79,3249,1267,2.56,17,097,861506,2,170978615062
0,0,0,0,32,0,0,0,14,36,27,147,75,32,24,33,1095,420,2.61,17,097,864518,4,170978645184
5,3,12,5,22,15,8,8,13,18,18,38,32,31,66,113,1282,407,2.7,17,097,866200,3,170978662003
0,0,0,0,0,0,0,0,16,0,14,21,7,30,20,116,670,224,2.99,17,097,866200,2,170978662002
33,0,42,60,52,0,26,35,18,5,41,51,8,8,24,11,1474,414,3.56,17,097,866100,2,170978661002
35,64,53,76,43,117,45,0,73,41,48,35,0,7,0,0,2215,637,3.22,17,097,866100,1,170978661001
6,10,22,12,9,35,0,0,19,26,29,17,34,62,28,83,1025,392,2.61,17,097,866000,2,170978660002
0,0,9,19,0,0,0,10,0,47,39,48,74,144,64,141,1812,595,3.05,17,097,861610,1,170978616101
0,0,0,30,22,0,7,19,61,56,45,32,31,0,3,10,914,316,2.89,17,097,863004,3,170978630043
13,0,25,9,5,11,14,59,17,77,77,67,118,0,5,0,1862,497,3.75,17,097,863004,1,170978630041
49,0,15,13,64,40,0,0,26,73,88,64,47,38,34,0,1510,551,2.74,17,097,860810,3,170978608103
27,0,16,0,0,0,0,13,0,12,21,76,50,77,144,133,2197,569,3.85,17,097,861108,1,170978611081
0,0,0,0,0,0,0,0,0,0,0,0,0,0,0,0,0,0,-666666666.0,17,097,863006,1,170978630061
0,0,0,0,0,0,0,0,4,0,0,3,0,0,36,0,9171,43,2.56,17,097,863003,1,170978630031
12,0,0,24,0,30,15,12,0,52,60,61,88,3,83,13,1286,453,2.84,17,097,861107,1,170978611071
0,0,0,24,0,0,32,0,43,54,69,66,83,67,96,81,2103,615,3.42,17,097,861108,3,170978611083
9,0,0,0,16,0,0,7,0,5,29,50,90,84,100,126,1771,516,3.43,17,097,861611,2,170978616112
9,0,0,16,21,18,0,17,0,9,25,57,50,23,38,98,1201,381,3.15,17,097,864106,1,170978641061
0,9,8,32,0,7,9,9,17,24,50,62,67,38,23,133,1320,488,2.7,17,097,864308,1,170978643081
0,47,0,32,17,26,16,46,18,0,38,35,70,47,0,0,664,392,1.69,17,097,861603,3,170978616033
0,13,12,0,12,35,0,43,46,26,194,99,131,91,43,11,2526,756,3.34,17,097,861011,2,170978610112
16,8,19,9,9,14,20,17,0,71,21,43,27,10,25,69,1078,378,2.83,17,097,864308,2,170978643082
16,0,87,0,13,15,0,0,16,69,16,15,150,96,205,513,3703,1211,3.06,17,097,864402,1,170978644021
0,0,15,17,0,14,16,0,84,15,8,49,93,64,105,73,1637,553,2.96,17,097,864402,3,170978644023
51,36,40,41,38,50,26,35,8,77,89,105,74,50,82,66,2292,868,2.49,17,097,864409,2,170978644092
31,7,0,32,0,16,7,0,17,11,6,54,72,42,136,331,2507,762,3.29,17,097,864512,1,170978645121
32,4,40,33,13,52,13,49,11,26,17,49,42,36,26,38,1127,481,2.12,17,097,865502,1,170978655021
0,4,5,3,0,4,3,23,27,5,47,25,44,20,51,227,1462,488,3.0,17,097,865502,2,170978655022
0,28,42,43,21,12,0,50,61,122,63,237,65,38,44,16,2540,842,3.02,17,097,861702,2,170978617022
121,33,32,66,82,54,59,64,72,94,46,145,89,89,71,40,2712,1157,2.34,17,097,861508,1,170978615081
10,0,12,0,0,33,18,28,75,30,76,104,70,57,0,5,1510,518,2.92,17,097,861701,1,170978617011
20,0,69,73,22,53,18,72,54,66,79,80,116,49,63,19,2722,853,3.18,17,097,861803,1,170978618031
52,98,51,77,109,136,32,88,0,117,84,148,51,54,27,21,3358,1145,2.93,17,097,861803,2,170978618032
90,15,24,6,16,14,51,7,17,17,0,23,16,0,0,0,982,296,3.29,17,097,862402,1,170978624021
16,0,19,37,33,59,39,10,6,26,39,0,5,4,9,0,1226,302,4.06,17,097,862402,2,170978624022
221,32,76,35,42,31,0,8,0,24,0,0,0,0,0,0,751,469,1.6,17,097,861902,4,170978619024
49,10,0,11,0,18,0,10,0,39,24,47,136,28,66,109,1199,547,2.19,17,097,864517,2,170978645172
15,0,99,0,17,48,23,56,28,126,156,262,194,150,14,64,3050,1252,2.44,17,097,861106,3,170978611063
6,33,6,12,39,6,20,12,7,11,35,5,6,0,7,0,730,205,3.56,17,097,861404,2,170978614042
16,0,14,7,11,34,22,13,47,71,127,65,28,12,10,0,1808,477,3.79,17,097,861404,1,170978614041
15,0,16,20,20,38,20,24,10,40,55,133,80,63,117,116,2431,767,3.17,17,097,861505,1,170978615051
49,23,0,8,0,21,18,0,17,96,100,112,67,101,163,169,3019,944,3.2,17,097,861604,1,170978616041
0,0,0,0,41,0,18,33,9,58,48,29,97,31,18,0,1410,382,3.69,17,097,861604,2,170978616042
10,0,28,0,0,0,0,0,34,21,27,88,0,50,0,0,653,258,2.53,17,097,861902,2,170978619022
52,22,100,48,93,25,157,52,76,186,30,32,0,22,0,0,1994,895,2.17,17,097,861902,3,170978619023
0,34,30,24,30,106,88,49,141,11,136,82,95,0,25,0,2678,851,3.15,17,097,861902,1,170978619021
0,0,6,15,0,0,0,4,5,31,23,51,33,76,95,164,1655,503,3.05,17,097,864515,1,170978645151
0,11,0,15,11,0,0,6,6,0,47,84,64,65,44,26,1001,379,2.64,17,097,864515,2,170978645152
0,0,9,0,13,0,21,25,0,22,67,26,51,87,80,318,2416,719,3.36,17,097,864517,1,170978645171
42,24,16,0,16,36,0,27,64,103,34,154,92,147,108,107,2335,970,2.29,17,097,864519,1,170978645191
21,16,0,23,62,46,0,8,0,12,10,50,0,40,4,4,877,296,2.33,17,097,860200,1,170978602001
41,34,0,31,0,59,9,23,59,33,21,44,19,0,0,0,1104,373,2.93,17,097,860200,2,170978602002
0,8,46,0,10,48,26,24,9,77,118,67,71,43,16,0,1519,563,2.7,17,097,860200,3,170978602003
114,35,132,28,36,0,17,14,0,32,17,21,12,0,47,0,1192,505,2.2,17,097,860600,3,170978606003
26,10,10,0,9,40,33,4,8,31,28,90,49,30,195,21,1607,584,2.75,17,097,860809,1,170978608091
31,36,25,0,17,81,18,9,8,43,38,110,46,26,12,0,2153,500,4.31,17,097,861202,2,170978612022
10,7,31,20,17,0,39,7,5,13,33,63,115,31,65,89,1484,545,2.72,17,097,861510,2,170978615102
9,0,12,9,8,6,16,0,0,35,6,42,40,42,18,9,860,252,3.41,17,097,861510,1,170978615101
123,38,44,34,31,33,26,15,36,97,47,33,60,11,0,18,2221,646,3.44,17,097,862800,1,170978628001
0,0,0,8,7,0,0,9,0,20,8,27,39,58,63,155,1129,394,2.87,17,097,864903,2,170978649032
7,10,53,9,7,0,0,6,0,0,155,220,72,80,21,13,2259,653,3.46,17,097,861014,2,170978610142
7,27,7,61,0,47,63,14,116,28,109,157,114,57,54,44,2224,905,2.46,17,097,861009,2,170978610092
15,0,6,0,6,23,6,15,11,26,18,65,62,81,98,115,1543,547,2.82,17,097,861604,3,170978616043
0,0,0,0,11,0,0,0,0,0,21,23,62,7,120,154,1122,398,2.76,17,097,861611,3,170978616113
0,0,3,7,7,0,14,0,3,31,51,75,45,77,68,32,1228,413,2.97,17,097,861611,1,170978616111
30,86,16,120,8,31,45,0,17,154,79,203,56,82,49,36,2627,1012,2.6,17,097,861609,1,170978616091
18,0,0,8,8,32,17,14,16,0,61,86,78,39,140,98,2029,615,3.3,17,097,861609,2,170978616092
0,0,0,74,48,38,20,1,16,40,53,92,31,25,23,11,1141,472,2.42,17,097,861508,2,170978615082
0,0,13,0,0,0,26,51,19,12,65,102,91,117,134,154,2532,784,3.23,17,097,864105,2,170978641052
0,0,0,7,0,0,0,9,20,21,61,119,39,20,113,74,1406,483,2.91,17,097,861505,2,170978615052
0,0,0,14,36,29,0,16,50,14,148,92,172,69,40,14,2230,694,3.21,17,097,861504,4,170978615044
51,23,29,12,23,12,34,35,49,128,46,50,34,41,0,0,2081,567,3.67,17,097,861201,4,170978612014
130,102,0,9,14,0,7,0,7,53,51,57,18,0,0,3,1183,451,2.3,17,097,861201,3,170978612013
0,9,35,8,9,17,8,0,0,28,47,71,90,53,118,338,2459,831,2.96,17,097,864903,1,170978649031
0,0,0,9,0,0,9,0,20,0,8,0,9,8,70,137,632,270,2.34,17,097,865600,2,170978656002
8,0,0,39,10,9,0,0,9,24,19,13,12,48,57,206,1312,454,2.89,17,097,865600,4,170978656004
8,0,6,14,36,17,0,39,8,8,54,57,59,47,168,190,2159,711,2.75,17,097,863603,1,170978636031
19,80,28,11,0,22,6,54,34,33,55,91,28,45,48,8,1864,562,3.32,17,097,864002,4,170978640024
28,23,0,36,0,13,47,0,8,76,63,28,5,6,14,0,1066,347,3.07,17,097,864002,1,170978640021
11,9,65,56,19,0,44,55,80,42,35,66,40,53,9,0,1585,584,2.71,17,097,864002,3,170978640023
0,0,16,21,57,11,66,7,15,51,109,161,131,108,63,58,2658,874,3.04,17,097,864108,1,170978641081
8,0,17,34,7,0,50,27,26,20,20,29,7,80,38,53,1326,416,3.19,17,097,864108,3,170978641083
42,3,66,29,0,44,18,22,26,14,85,103,26,17,6,7,1300,508,2.56,17,097,860807,2,170978608072
0,29,53,27,39,69,70,80,73,24,93,65,22,16,0,0,1124,660,1.7,17,097,863902,4,170978639024
37,75,34,74,78,11,145,51,0,41,89,63,85,49,102,145,2835,1079,2.63,17,097,864511,2,170978645112
8,0,13,10,3,0,35,0,0,52,31,72,53,22,52,150,1346,501,2.68,17,097,864303,2,170978643032
36,0,10,0,0,0,0,8,22,57,54,92,16,80,50,146,1742,571,3.05,17,097,864303,3,170978643033
0,0,0,0,14,0,0,0,0,0,0,86,74,36,49,112,1125,371,3.03,17,097,864505,1,170978645051
13,11,14,0,0,14,23,45,7,30,46,87,120,64,83,41,1717,598,2.87,17,097,864518,2,170978645182
15,5,8,7,0,32,8,9,7,69,96,35,45,62,53,125,1374,576,2.39,17,097,864518,1,170978645181
0,3,18,27,0,0,8,15,38,7,10,43,64,26,54,171,1160,484,2.4,17,097,864700,3,170978647003
0,9,0,0,0,0,0,7,9,0,9,44,18,59,51,51,683,257,2.66,17,097,864700,2,170978647002
47,222,20,81,0,46,79,37,28,58,233,230,54,85,87,31,3743,1338,2.68,17,097,860101,1,170978601011
0,34,8,0,30,14,29,43,17,84,107,72,128,179,28,11,2457,784,3.13,17,097,860806,2,170978608062
91,28,9,41,9,15,3,10,8,31,40,76,36,42,17,17,1481,473,2.98,17,097,864204,2,170978642042
8,18,11,5,5,5,20,19,0,15,49,54,38,45,35,148,1254,475,2.64,17,097,865501,1,170978655011
20,7,0,3,7,31,66,17,0,24,107,133,95,124,160,228,2793,1022,2.73,17,097,864514,1,170978645141
0,0,0,14,13,0,15,39,29,6,47,40,68,36,109,83,1463,499,2.93,17,097,864516,2,170978645162
0,14,31,10,3,66,16,36,33,41,65,92,32,22,0,0,1553,461,3.37,17,097,862501,2,170978625012
19,19,39,21,10,11,18,0,8,25,26,40,35,0,5,0,1130,276,4.09,17,097,862402,3,170978624023
42,24,23,0,40,31,48,19,50,81,69,32,31,12,7,17,1961,526,3.73,17,097,862501,1,170978625011
40,47,39,18,48,33,49,20,36,12,50,19,29,25,9,0,1628,474,3.37,17,097,862901,1,170978629011
66,17,23,46,31,17,30,17,42,0,29,19,16,9,0,0,1352,362,3.73,17,097,862901,2,170978629012
45,7,17,26,35,21,0,0,27,23,19,0,0,7,0,0,641,227,2.82,17,097,862901,3,170978629013
30,51,0,44,21,4,35,16,59,46,58,9,11,7,0,0,1290,391,3.25,17,097,862902,2,170978629022
105,62,50,37,60,27,14,5,11,31,11,17,24,11,0,0,1251,465,2.69,17,097,862902,1,170978629021
50,21,49,17,27,29,27,14,10,71,93,86,83,37,117,339,2390,1070,2.14,17,097,863801,1,170978638011
50,0,35,42,7,5,0,73,6,39,68,80,30,89,97,146,2607,767,3.4,17,097,864107,2,170978641072
0,7,20,31,63,40,11,29,9,131,81,82,140,90,62,54,2176,850,2.56,17,097,864107,1,170978641071
26,56,40,4,20,34,25,0,40,42,33,116,22,60,83,175,1846,776,2.38,17,097,864307,1,170978643071
0,0,10,0,15,30,0,0,0,0,0,32,65,49,155,224,1779,580,3.07,17,097,864513,1,170978645131
8,20,11,28,11,0,12,8,0,9,35,80,65,68,70,10,1226,435,2.74,17,097,864513,2,170978645132
22,3,4,14,5,10,13,16,7,20,19,22,20,28,41,122,1776,366,2.9,17,097,864801,1,170978648011
0,0,0,8,0,0,16,0,11,19,33,48,41,27,107,73,1216,383,3.17,17,097,864801,4,170978648014
15,24,0,0,30,10,0,25,16,37,26,95,83,42,165,320,2631,888,2.96,17,097,864901,1,170978649011
6,55,32,40,13,39,10,55,51,66,72,164,98,84,86,170,2459,1041,2.28,17,097,864904,1,170978649041
50,17,27,0,60,0,9,37,0,34,40,156,12,71,19,9,1324,541,2.45,17,097,865200,3,170978652003
59,0,0,15,0,35,109,19,8,69,32,35,0,8,0,6,1326,395,3.14,17,097,865200,2,170978652002
0,8,8,0,0,0,8,0,0,10,31,18,19,41,34,75,643,252,2.55,17,097,865300,2,170978653002
11,11,10,10,15,15,24,0,8,33,20,41,119,41,52,184,1590,594,2.68,17,097,865300,1,170978653001
89,7,51,41,17,86,37,18,15,66,85,93,139,47,80,9,2250,880,2.56,17,097,860104,1,170978601041
7,17,37,8,16,48,0,0,0,119,96,57,34,13,41,0,1333,493,2.7,17,097,860104,2,170978601042
0,0,9,30,14,27,0,20,45,41,61,87,81,80,9,8,1417,512,2.77,17,097,861008,3,170978610083
30,0,0,0,24,0,10,6,0,22,69,93,54,44,59,13,1095,424,2.58,17,097,861008,2,170978610082
7,16,8,27,0,21,15,0,8,12,38,36,85,16,31,8,815,328,2.48,17,097,861010,1,170978610101
10,14,27,38,0,19,20,34,18,41,27,12,7,22,0,0,1078,289,3.73,17,097,861403,1,170978614031
17,6,37,15,7,56,30,9,4,29,35,152,45,4,0,0,1737,446,3.89,17,097,861403,2,170978614032
20,0,8,0,0,0,0,0,0,5,0,23,21,11,24,143,699,255,2.74,17,097,863300,2,170978633002
32,15,29,64,35,0,25,6,0,39,63,54,16,6,0,0,1018,384,2.65,17,097,862100,1,170978621001
7,21,31,59,35,52,46,52,32,41,99,34,41,0,0,0,1700,550,3.07,17,097,862100,4,170978621004
45,7,0,9,48,0,9,19,18,45,9,27,10,9,0,0,797,255,3.1,17,097,862100,3,170978621003
13,0,0,13,43,19,42,0,0,0,15,14,46,0,0,0,635,205,3.1,17,097,862603,1,170978626031
0,0,40,57,0,26,0,0,16,83,75,32,61,17,12,0,1678,419,4.0,17,097,862603,4,170978626034
0,14,0,0,31,52,0,0,16,57,106,106,0,0,13,15,1388,410,3.39,17,097,862603,5,170978626035
16,36,36,25,0,16,18,9,35,81,63,190,216,135,144,91,2700,1111,2.43,17,097,861603,2,170978616032
26,17,0,64,47,17,27,26,0,99,176,131,132,26,62,115,2401,965,2.48,17,097,861603,1,170978616031
64,0,34,0,0,22,64,12,26,92,95,133,45,44,72,31,1732,734,2.36,17,097,860904,1,170978609041
50,59,11,34,49,100,57,63,22,112,269,245,103,116,134,41,3850,1465,2.63,17,097,860904,2,170978609042
12,27,0,7,68,8,7,23,31,35,74,94,111,154,149,113,2861,913,3.13,17,097,861009,1,170978610091
21,43,18,34,46,49,62,29,39,82,219,165,151,65,100,33,3132,1156,2.63,17,097,861013,1,170978610131
9,0,4,17,5,0,6,23,12,41,98,75,152,53,114,131,2284,740,3.07,17,097,861106,1,170978611061
0,0,0,0,18,14,16,15,15,0,18,178,131,140,273,101,2923,919,3.18,17,097,861106,2,170978611062
42,57,54,31,8,32,6,23,11,9,70,76,59,0,19,0,1119,497,2.25,17,097,861608,2,170978616082
30,9,0,41,10,20,9,9,21,50,92,141,133,115,69,73,2147,822,2.61,17,097,861608,1,170978616081
10,0,0,0,0,9,0,7,21,13,39,43,65,51,51,123,1293,432,2.99,17,097,861509,1,170978615091
0,13,22,0,31,85,19,24,26,36,47,34,19,19,0,0,1100,375,2.93,17,097,860905,2,170978609052
24,18,41,24,23,0,141,68,89,179,147,146,86,51,53,42,2657,1132,2.34,17,097,861402,1,170978614021
0,36,6,68,36,54,16,16,18,29,111,99,59,44,27,24,1958,643,3.05,17,097,861607,1,170978616071
0,0,0,29,11,0,10,13,7,89,72,41,62,29,53,21,1200,437,2.75,17,097,861607,3,170978616073
36,64,81,50,16,0,18,10,72,115,52,29,27,18,0,22,2165,610,3.36,17,097,862604,1,170978626041
10,42,0,66,15,0,15,15,8,128,34,31,13,7,0,0,1088,384,2.83,17,097,862604,2,170978626042
0,0,0,0,0,0,9,0,0,0,18,24,119,29,10,75,1021,284,3.57,17,097,863903,4,170978639034
8,0,0,9,0,8,56,0,0,85,28,37,20,47,62,27,968,387,2.5,17,097,863903,1,170978639031
27,8,9,9,0,47,8,27,8,42,67,21,28,16,51,63,1057,431,2.45,17,097,863903,3,170978639033
11,16,5,5,7,9,8,5,0,5,31,41,40,50,42,121,1208,396,3.05,17,097,864306,1,170978643061
34,9,13,41,32,29,6,13,16,85,102,70,106,52,142,90,1898,840,2.25,17,097,864516,3,170978645163
11,0,0,16,7,0,0,34,20,0,0,43,89,40,48,45,986,353,2.79,17,097,864516,1,170978645161
8,9,10,11,0,32,41,20,12,20,36,36,30,51,170,345,2288,831,2.73,17,097,865802,2,170978658022
0,48,12,7,18,0,0,16,15,36,9,63,56,61,96,107,1515,544,2.78,17,097,863202,3,170978632023
0,0,0,0,14,14,0,0,0,13,0,14,7,10,18,132,644,222,2.9,17,097,865802,1,170978658021
25,0,9,41,16,12,15,20,7,8,57,50,46,42,79,70,1506,497,3.03,17,097,863202,1,170978632021
6,7,16,0,10,0,0,17,17,43,20,53,40,31,27,23,833,310,2.34,17,097,863202,2,170978632022
12,10,8,15,7,17,21,13,22,14,43,71,19,71,77,190,1626,610,2.64,17,097,863604,1,170978636041
11,0,0,20,0,29,12,0,43,37,79,22,46,39,48,55,1233,441,2.67,17,097,863604,2,170978636042
8,0,20,0,5,6,0,20,0,10,30,100,130,171,198,503,4119,1201,3.43,17,097,863904,1,170978639041
10,0,0,16,10,20,8,0,23,0,24,38,24,37,8,19,581,237,2.45,17,097,864106,2,170978641062
19,0,12,7,19,10,23,63,8,31,65,82,45,55,78,0,1706,517,3.3,17,097,864106,3,170978641063
11,0,18,0,0,9,0,9,18,19,63,28,62,20,36,9,806,302,2.67,17,097,864106,4,170978641064
51,78,103,47,36,56,28,29,37,129,72,183,90,89,70,44,2723,1142,2.38,17,097,860806,1,170978608061
27,22,0,73,14,0,87,11,0,23,90,74,88,14,100,18,1615,641,2.52,17,097,860810,2,170978608102
0,0,34,32,0,66,13,44,30,121,56,88,34,15,36,0,2258,569,3.97,17,097,861303,1,170978613031
9,24,0,31,11,47,9,8,23,15,88,110,61,79,54,24,1823,593,3.07,17,097,861507,1,170978615071
0,15,0,9,25,14,22,0,0,41,42,98,37,47,6,0,972,356,2.73,17,097,861901,2,170978619012
0,36,0,0,10,32,10,27,16,23,70,89,85,71,30,14,1878,513,3.65,17,097,861901,3,170978619013
64,31,37,16,37,10,0,0,16,28,43,9,10,15,0,0,1268,316,3.77,17,097,862300,2,170978623002
5,0,28,5,33,17,23,32,47,20,31,52,24,0,0,0,1203,317,3.79,17,097,862502,2,170978625022
4,0,10,22,16,53,30,0,0,40,13,9,20,12,0,0,1525,229,4.53,17,097,862502,1,170978625021
54,51,3,118,17,41,22,38,0,6,67,13,0,0,18,0,1642,448,3.67,17,097,862700,2,170978627002
8,0,10,17,20,32,34,0,0,40,5,22,4,0,0,0,608,192,2.98,17,097,862700,4,170978627004
0,2,43,27,8,41,38,46,8,29,90,36,44,16,10,18,1680,456,3.68,17,097,863201,3,170978632013
41,29,60,16,19,35,13,24,4,26,23,36,13,0,0,0,1078,339,3.11,17,097,863201,1,170978632011
31,43,47,31,41,27,34,23,37,68,55,119,83,51,68,103,1609,861,1.87,17,097,864305,2,170978643052
7,19,21,37,44,9,27,56,77,30,102,84,115,70,53,319,2439,1070,2.28,17,097,864305,1,170978643051
38,0,12,5,19,0,0,16,0,21,7,81,77,64,81,251,2051,672,3.05,17,097,864403,2,170978644032
36,0,0,20,24,12,10,9,12,30,30,51,21,0,0,1,740,256,2.87,17,097,860302,1,170978603021
10,15,18,15,22,0,8,0,32,25,142,103,34,31,69,26,1510,550,2.75,17,097,861014,1,170978610141
71,27,54,126,19,20,42,50,18,80,66,54,81,70,4,20,2286,802,2.85,17,097,861301,1,170978613011
24,11,46,67,40,23,17,97,91,0,76,113,16,18,0,0,2623,639,4.1,17,097,861504,1,170978615041
11,0,26,8,16,19,72,16,43,26,34,36,0,11,88,0,1458,406,3.59,17,097,861504,2,170978615042
12,12,10,0,0,0,0,0,0,0,0,51,43,38,21,153,1032,340,2.97,17,097,863500,2,170978635002
20,15,36,9,16,38,12,45,35,32,35,39,81,26,15,109,1097,563,1.95,17,097,863500,1,170978635001
4,4,0,4,0,4,0,0,0,24,38,33,73,69,134,386,2669,773,3.43,17,097,863601,1,170978636011
7,7,0,10,0,10,24,0,17,15,26,61,28,17,40,116,1044,378,2.6,17,097,863601,2,170978636012
0,41,57,34,15,8,57,22,9,52,44,80,23,6,7,18,1041,473,2.2,17,097,864206,2,170978642062
0,9,52,34,10,0,0,0,8,28,20,47,41,18,151,211,1684,629,2.68,17,097,864602,2,170978646022
15,10,24,69,17,0,29,58,23,34,68,39,85,35,85,74,1732,665,2.6,17,097,864408,3,170978644083
94,52,0,7,32,28,22,14,33,19,23,152,40,33,44,129,1487,722,2.04,17,097,863701,3,170978637013
0,0,0,0,0,0,0,0,0,0,0,0,0,0,0,0,0,0,-666666666.0,17,097,990000,0,170979900000
0,0,0,99,58,0,12,81,50,24,80,42,0,22,27,0,891,495,1.8,17,097,861506,3,170978615063
0,0,0,0,0,0,38,11,19,25,7,9,9,19,55,57,576,249,2.31,17,097,865801,3,170978658013
0,0,0,34,14,0,29,0,17,7,63,57,83,44,37,71,1496,456,3.28,17,097,861007,2,170978610072
11,0,0,0,6,0,25,12,11,5,0,88,63,0,58,125,1225,404,3.03,17,097,864411,1,170978644111
260,0,33,40,11,14,56,44,65,32,58,243,146,170,189,55,4283,1416,3.02,17,097,860810,1,170978608101
67,22,59,83,66,80,0,69,8,57,68,123,59,9,0,0,2834,770,3.68,17,097,861303,2,170978613032
0,0,23,0,0,75,11,9,54,26,98,125,14,17,22,0,1420,474,3.0,17,097,861901,1,170978619011
76,41,47,36,29,0,77,39,5,38,33,0,0,0,0,0,1099,421,2.61,17,097,862300,3,170978623003
43,50,0,0,46,11,8,6,0,9,19,20,0,0,0,0,850,212,4.01,17,097,862300,1,170978623001
16,0,16,45,27,55,9,23,4,21,0,24,0,0,0,0,908,240,3.78,17,097,862700,3,170978627003
18,46,4,17,21,0,0,0,0,11,20,18,0,0,0,5,441,160,2.76,17,097,862700,1,170978627001
40,52,5,11,19,24,23,8,4,3,9,71,35,0,18,3,984,325,2.87,17,097,863201,2,170978632012
18,0,0,8,0,10,7,33,16,15,37,14,39,41,66,90,1253,394,3.18,17,097,864520,2,170978645202
6,0,7,0,0,0,0,0,10,9,7,38,34,38,120,100,1189,369,3.22,17,097,864601,1,170978646011
17,0,0,0,15,46,0,14,14,43,57,14,11,88,120,136,1869,575,3.25,17,097,865700,2,170978657002
0,0,35,12,8,0,0,0,28,25,19,90,123,110,119,96,2003,665,3.01,17,097,864410,1,170978644101
92,61,0,0,15,5,33,11,0,60,15,11,41,0,19,0,1234,363,3.38,17,097,860301,2,170978603012
8,0,9,8,40,33,0,38,0,29,39,10,15,0,0,0,566,229,2.47,17,097,860500,4,170978605004
26,14,0,8,7,9,0,9,0,0,15,66,0,15,0,0,766,169,4.36,17,097,860500,3,170978605003
26,7,0,4,2,19,39,10,21,16,41,52,45,6,18,13,687,319,2.15,17,097,860805,2,170978608052
0,0,35,0,0,0,12,0,11,53,14,352,82,109,59,40,2683,767,3.5,17,097,861011,1,170978610111
71,10,0,0,72,9,0,13,0,0,36,90,32,8,63,142,1347,546,2.47,17,097,863202,4,170978632024
17,33,59,9,26,34,37,51,22,54,29,13,21,39,8,0,1636,452,3.62,17,097,860302,2,170978603022
6,0,0,0,12,0,27,0,14,0,40,57,21,8,129,159,1440,473,3.02,17,097,864403,1,170978644031
0,0,0,54,4,19,0,6,32,37,56,19,2,18,0,0,773,247,3.13,17,097,860302,3,170978603023
107,62,20,47,73,64,109,44,50,79,109,115,71,13,0,0,2332,963,2.42,17,097,861301,2,170978613012
13,17,27,85,12,13,45,14,67,110,130,101,118,67,84,0,1626,903,1.8,17,097,861504,3,170978615043
20,0,22,28,8,0,8,8,0,35,62,55,93,76,47,279,1797,741,2.36,17,097,863500,3,170978635003
67,25,41,7,143,44,61,65,29,81,115,122,139,35,12,14,2621,1000,2.53,17,097,864206,1,170978642061
0,10,18,17,0,0,0,23,8,18,29,42,47,29,71,360,2143,672,3.19,17,097,864602,1,170978646021
8,0,0,0,16,17,0,37,14,32,118,48,98,67,40,88,1678,583,2.88,17,097,864408,1,170978644081
6,14,42,9,43,7,6,11,0,13,44,95,24,32,110,129,1637,585,2.73,17,097,864308,3,170978643083
13,15,0,16,29,62,0,16,32,77,78,57,38,118,120,80,2145,751,2.86,17,097,864402,2,170978644022
0,0,0,9,10,7,10,19,0,0,30,67,88,46,38,22,1114,346,3.22,17,097,864409,1,170978644091
31,15,8,0,25,78,8,50,7,10,47,83,53,57,64,161,2002,697,2.87,17,097,864512,2,170978645122
37,19,9,17,84,11,9,7,29,16,22,90,0,6,31,0,909,387,2.35,17,097,861702,1,170978617021
0,18,12,9,10,11,15,0,46,15,16,25,5,0,8,6,528,196,2.69,17,097,861702,3,170978617023
15,0,54,17,6,14,0,8,4,5,17,56,4,8,45,8,549,261,2.1,17,097,861701,2,170978617012
50,35,27,32,92,67,0,17,11,0,0,11,30,0,0,0,557,372,1.5,17,097,861803,3,170978618033
8,0,7,8,54,0,0,8,7,26,46,55,60,74,167,203,1945,723,2.68,17,097,863904,2,170978639042
64,66,36,47,79,47,83,94,67,249,429,579,692,278,249,184,9461,3243,2.91,17,097,860906,1,170978609061
115,15,63,84,71,61,114,199,141,176,190,274,170,173,103,104,6209,2053,3.02,17,097,861402,2,170978614022
0,18,23,85,19,38,35,16,30,64,102,76,64,18,31,0,1573,619,2.51,17,097,861607,2,170978616072
18,7,10,0,28,67,46,37,19,31,14,19,33,38,18,6,1480,391,3.76,17,097,862604,3,170978626043
13,13,0,0,6,9,25,7,16,14,44,109,30,56,73,65,1208,480,2.43,17,097,863701,2,170978637012
10,0,0,17,42,7,26,17,11,17,47,57,28,49,65,126,1447,519,2.79,17,097,863903,2,170978639032
10,0,0,0,11,9,22,3,0,17,14,9,40,64,78,133,1185,410,2.89,17,097,864306,2,170978643062
48,61,38,41,31,109,11,11,25,59,90,73,141,34,57,538,3582,1367,2.41,17,097,866200,1,170978662001
0,0,0,25,0,0,12,8,0,14,10,48,74,17,47,54,897,309,2.78,17,097,861012,3,170978610123
0,0,0,0,0,0,7,6,6,6,10,5,6,45,68,44,582,203,2.87,17,097,864410,3,170978644103
10,0,0,0,20,7,19,0,0,0,5,33,23,9,19,77,546,222,2.46,17,097,863400,1,170978634001
21,0,14,10,5,0,0,15,26,48,28,138,44,158,145,300,2907,952,2.9,17,097,864407,2,170978644072
0,0,52,63,27,0,90,89,59,77,23,80,88,60,29,0,2843,737,3.86,17,097,861201,1,170978612011
79,0,60,4,8,26,28,9,25,86,50,57,23,29,51,36,1789,571,3.1,17,097,862200,1,170978622001
58,16,28,65,65,43,34,13,28,44,196,86,107,134,100,69,2298,1086,2.11,17,097,863902,1,170978639021
13,11,0,11,15,4,29,0,5,32,70,42,60,89,88,470,2749,939,2.92,17,097,864802,1,170978648021
14,0,5,0,0,28,0,16,0,53,92,186,28,63,12,20,1362,517,2.63,17,097,860400,3,170978604003
0,0,34,82,0,111,59,24,11,116,141,441,195,215,230,255,6612,1914,3.43,17,097,864101,2,170978641012
17,0,0,49,29,11,24,16,16,15,22,49,63,17,33,9,1058,370,2.86,17,097,865400,1,170978654001
9,0,36,83,26,46,46,18,39,98,106,159,126,67,73,16,2720,948,2.87,17,097,864510,2,170978645102
11,7,0,0,3,0,0,0,8,25,19,3,87,28,99,245,1473,535,2.75,17,097,864522,2,170978645222
37,74,54,87,56,31,59,51,41,124,42,187,108,65,72,29,2199,1117,1.97,17,097,860807,1,170978608071
30,23,35,42,15,35,19,10,11,51,74,129,46,0,25,9,1832,554,3.3,17,097,864002,2,170978640022
7,33,37,16,34,17,36,31,5,45,49,85,69,72,23,0,1693,559,3.01,17,097,864108,2,170978641082
3,0,0,2,0,16,6,10,18,15,31,52,57,30,67,149,1391,456,3.05,17,097,864303,1,170978643031
28,17,42,10,6,46,7,98,22,163,169,253,164,76,110,158,4359,1369,3.18,17,097,866000,1,170978660001
0,10,8,0,29,0,0,27,42,19,93,94,129,64,202,131,2581,848,3.04,17,097,861107,2,170978611072
15,8,0,0,18,19,19,33,8,10,123,90,91,105,103,24,1713,666,2.54,17,097,861610,2,170978616102
119,12,7,6,8,7,76,9,20,22,16,76,0,89,0,0,1578,467,2.39,17,097,863004,2,170978630042
0,0,0,0,0,0,0,0,0,0,0,0,0,0,0,0,619,0,-666666666.0,17,097,863005,1,170978630051
99,79,67,23,0,43,131,7,36,24,91,58,102,41,33,67,2040,901,2.25,17,097,861108,2,170978611082
0,0,0,14,30,0,0,0,38,157,122,69,70,166,146,67,2710,879,3.08,17,097,861011,3,170978610113
45,56,17,11,44,16,41,15,0,7,39,68,19,24,38,0,1452,440,3.3,17,097,861804,2,170978618042
13,0,15,0,63,84,0,70,98,0,33,257,81,27,38,27,2801,806,3.45,17,097,860600,4,170978606004
14,13,14,16,35,0,39,0,31,57,47,148,27,71,97,70,2024,679,2.98,17,097,864505,2,170978645052
0,0,0,0,0,0,44,0,0,0,0,0,47,18,49,178,1162,336,3.46,17,097,864511,1,170978645111
0,0,0,0,11,9,0,27,16,10,9,30,41,33,7,52,795,245,3.24,17,097,864518,3,170978645183
0,0,0,0,8,8,8,6,0,10,18,0,13,23,55,138,937,287,3.25,17,097,864700,1,170978647001
17,15,0,70,0,19,0,43,65,114,73,387,162,110,47,0,3975,1122,3.54,17,097,860101,2,170978601012
0,0,0,0,0,10,0,9,20,18,30,37,84,54,74,49,1253,385,3.25,17,097,864513,4,170978645134
0,0,0,0,0,0,10,13,0,25,28,61,51,42,66,31,1011,327,3.09,17,097,864513,3,170978645133
0,0,0,0,0,0,0,18,9,9,20,81,39,32,34,69,1218,311,3.92,17,097,864801,2,170978648012
0,10,10,19,26,9,34,25,0,16,31,74,25,54,88,166,1493,587,2.53,17,097,864901,2,170978649012
67,0,45,59,28,41,139,8,8,129,71,51,40,46,10,129,1960,871,2.25,17,097,865200,4,170978652004
10,29,16,36,10,0,10,0,11,22,58,39,77,0,16,0,1099,334,3.27,17,097,865200,1,170978652001
8,0,0,29,9,0,10,0,0,0,0,7,70,31,54,147,1105,365,2.86,17,097,865300,3,170978653003
20,0,0,26,10,20,10,8,53,37,87,103,65,38,61,8,1482,546,2.71,17,097,861008,1,170978610081
0,0,11,10,10,11,0,27,25,39,43,93,39,14,79,0,1243,401,3.07,17,097,861008,4,170978610084
54,9,29,17,27,24,16,18,9,26,87,107,8,5,6,9,1128,451,2.5,17,097,861010,2,170978610102
34,21,6,12,0,0,13,5,0,21,17,46,12,24,34,111,999,356,2.81,17,097,863300,1,170978633001
4,7,0,0,21,16,9,5,0,13,23,15,50,27,54,97,953,341,2.79,17,097,863300,3,170978633003
39,58,8,62,17,53,35,20,45,40,50,24,0,12,0,22,1380,485,2.83,17,097,862100,2,170978621002
15,0,0,15,0,0,0,0,13,39,139,110,26,0,98,0,1829,455,4.02,17,097,862603,3,170978626033
111,26,84,59,32,149,122,138,12,15,143,13,16,0,0,0,2682,920,2.92,17,097,862603,2,170978626032
15,15,11,9,0,11,0,24,0,9,25,50,78,35,22,69,1032,373,2.77,17,097,865501,2,170978655012
0,36,36,13,17,56,61,0,11,134,122,225,128,178,215,208,3725,1440,2.59,17,097,864105,1,170978641051
17,22,18,0,7,0,14,15,6,28,77,54,21,19,14,5,723,317,2.28,17,097,860808,2,170978608082
0,0,0,26,23,28,14,71,8,62,37,57,0,14,27,0,916,367,2.5,17,097,860903,4,170978609034
33,0,14,33,41,70,0,11,15,12,75,62,93,19,39,0,1509,517,2.92,17,097,860905,3,170978609053
27,8,117,3,59,62,41,22,23,7,97,126,99,65,51,44,2189,851,2.57,17,097,861202,1,170978612021
9,16,27,30,36,40,60,16,14,45,130,157,31,28,27,24,1836,690,2.66,17,097,860600,1,170978606001
12,10,10,54,15,5,15,0,10,17,99,192,37,67,72,47,1639,662,2.48,17,097,860809,2,170978608092
69,33,39,94,36,23,63,23,59,46,131,99,49,42,106,90,2637,1002,2.63,17,097,861510,3,170978615103
0,0,0,0,0,0,0,7,0,23,11,0,0,56,23,152,793,272,2.92,17,097,865600,1,170978656001
22,10,10,0,0,24,0,39,0,0,10,17,18,36,32,110,787,328,2.4,17,097,865600,3,170978656003
5,8,0,4,12,0,14,9,9,10,22,64,35,47,97,227,1856,563,3.3,17,097,863702,2,170978637022
17,0,11,0,0,21,12,12,0,36,94,73,56,74,199,216,2543,821,3.09,17,097,864520,1,170978645201
31,25,20,0,40,8,65,0,0,40,20,88,29,57,34,36,1274,493,2.56,17,097,860811,1,170978608111
44,49,0,89,0,0,23,0,3,0,18,129,115,14,69,12,1434,565,2.54,17,097,860101,3,170978601013
0,9,0,10,0,45,0,0,0,21,18,46,55,41,82,67,1285,394,3.26,17,097,864409,3,170978644093
0,8,9,0,17,9,21,10,9,34,30,33,34,44,132,131,1497,521,2.87,17,097,864801,3,170978648013
4,6,7,26,13,21,35,24,34,56,134,174,166,168,130,41,3756,1039,3.62,17,097,861010,3,170978610103
1,0,1,2,0,1,12,42,2,21,0,24,18,30,18,17,689,189,3.65,17,097,864511,3,170978645113
12,10,28,53,0,30,8,38,13,20,28,76,101,21,23,0,1199,461,2.55,17,097,861507,2,170978615072
4,0,15,0,16,9,0,0,0,22,22,24,48,7,68,160,1404,395,3.01,17,097,864403,3,170978644033
34,19,17,18,43,26,0,15,17,54,91,96,177,21,121,71,2367,820,2.89,17,097,864408,2,170978644082
29,47,9,16,23,20,68,0,8,44,103,100,62,31,14,0,1653,574,2.88,17,097,864203,1,170978642031
8,33,24,84,37,22,31,15,34,34,131,176,97,53,63,177,2283,1019,2.2,17,097,865400,3,170978654003
43,73,18,61,120,18,23,36,8,108,105,149,136,45,78,44,2483,1065,2.32,17,097,861012,1,170978610121
0,0,0,0,0,0,0,0,10,28,65,114,100,36,85,39,1363,477,2.86,17,097,860600,2,170978606002
63,87,48,26,27,106,148,23,73,108,80,106,58,35,47,14,2534,1049,2.42,17,097,861509,2,170978615092
16,9,19,0,18,20,0,45,30,17,37,25,63,42,59,102,1181,502,2.35,17,097,864903,3,170978649033
27,0,27,7,10,0,46,0,25,9,62,42,91,29,82,172,1758,629,2.79,17,097,863701,1,170978637011
64,11,29,0,36,0,34,16,52,64,97,130,77,63,115,28,2265,816,2.77,17,097,864205,3,170978642053
0,9,0,0,22,0,0,21,11,11,46,33,15,42,132,62,1407,404,3.48,17,097,866000,3,170978660003
8,4,9,0,56,2,0,37,14,59,25,63,55,50,37,9,1050,428,2.45,17,111,870101,3,171118701013
37,3,45,40,25,31,20,16,24,40,41,56,41,16,14,3,1153,452,2.51,17,111,870101,4,171118701014
33,32,41,39,52,62,52,49,15,43,53,13,21,39,13,0,1080,557,1.94,17,111,870606,1,171118706061
49,89,91,93,66,11,18,13,8,37,68,143,29,48,0,6,2246,769,2.9,17,111,870606,2,171118706062
0,0,0,14,17,5,12,42,0,43,15,100,15,26,6,0,746,295,2.53,17,111,870704,1,171118707041
79,65,30,26,40,13,32,0,53,100,52,104,101,22,41,41,2180,799,2.72,17,111,871004,2,171118710042
53,33,0,52,56,88,0,7,75,137,156,189,67,36,90,13,3366,1052,3.16,17,111,871004,1,171118710041
19,33,58,12,18,0,41,11,24,24,93,110,31,0,70,18,1500,562,2.67,17,111,870811,3,171118708113
8,7,0,22,0,7,11,36,32,84,82,97,174,149,239,139,3293,1087,3.03,17,111,871105,1,171118711051
0,11,0,28,0,0,16,23,0,66,51,86,72,29,6,58,1193,446,2.67,17,111,871105,2,171118711052
63,0,21,25,0,49,43,28,22,38,103,49,9,0,0,0,1906,450,4.24,17,111,870302,1,171118703021
12,14,30,9,45,13,0,0,11,0,20,80,9,16,53,25,1448,337,4.28,17,111,870302,2,171118703022
19,0,0,65,22,31,5,19,0,45,69,74,9,5,39,54,1199,456,2.63,17,111,871311,2,171118713112
10,0,0,0,0,0,10,30,0,41,34,67,102,33,11,17,1000,355,2.82,17,111,871311,3,171118713113
0,0,0,0,0,23,7,0,0,10,100,90,80,37,92,45,1749,484,3.61,17,111,871208,2,171118712082
57,0,0,27,25,33,17,15,11,33,79,192,179,83,38,20,2180,809,2.69,17,111,871208,1,171118712081
12,0,0,0,57,0,0,0,14,0,36,119,63,52,98,191,2235,642,3.48,17,111,871108,2,171118711082
0,21,0,0,18,73,13,55,13,120,215,288,246,223,215,185,5749,1685,3.41,17,111,871106,1,171118711061
30,37,4,0,15,4,0,0,0,15,29,67,225,95,181,348,3602,1050,3.43,17,111,871305,1,171118713051
0,18,15,2,62,3,17,9,0,27,64,16,32,89,72,53,1364,479,2.85,17,111,871305,2,171118713052
0,0,0,0,0,0,0,13,11,32,65,110,119,50,69,47,1790,516,3.47,17,111,871306,2,171118713062
0,0,8,14,27,23,25,8,21,50,17,38,51,36,29,12,949,359,2.64,17,111,870704,2,171118707042
12,6,6,24,0,0,7,0,0,26,46,84,12,18,23,7,658,271,2.43,17,111,870704,4,171118707044
0,45,67,0,9,30,3,21,0,93,50,85,38,7,19,16,1407,483,2.91,17,111,870704,3,171118707043
11,0,0,29,26,37,0,51,11,35,31,93,60,7,17,0,1026,408,2.51,17,111,870812,1,171118708121
29,8,0,0,8,9,37,7,52,24,30,69,53,34,8,0,998,368,2.71,17,111,870812,2,171118708122
17,3,32,3,28,0,8,16,12,30,56,48,54,28,58,32,1126,425,2.65,17,111,870812,3,171118708123
6,7,31,0,0,9,19,52,16,28,59,51,39,6,0,0,747,323,2.31,17,111,871003,2,171118710032
42,8,27,71,37,109,22,21,7,92,99,168,39,42,43,19,2251,846,2.65,17,111,871003,3,171118710033
7,18,0,8,7,0,27,28,0,18,39,25,78,38,34,58,1040,385,2.7,17,111,871003,1,171118710031
0,27,15,0,0,0,0,23,0,42,68,89,105,17,45,0,1348,431,3.13,17,111,871104,2,171118711042
0,0,0,0,39,0,27,0,0,0,75,64,39,64,93,0,1048,401,2.61,17,111,871104,3,171118711043
0,0,93,0,0,29,0,26,17,111,186,149,216,156,110,0,3100,1093,2.84,17,111,871104,4,171118711044
71,0,26,207,48,65,63,0,145,258,153,633,552,495,579,338,12284,3633,3.38,17,111,871104,1,171118711041
0,0,12,13,0,11,21,0,0,98,18,95,41,0,9,17,881,335,2.63,17,111,871202,4,171118712024
20,13,0,0,10,11,0,18,25,28,51,97,97,0,29,0,1283,399,3.22,17,111,871202,3,171118712023
43,15,47,18,13,39,93,32,31,65,106,81,127,39,48,13,2355,810,2.91,17,111,871205,1,171118712051
17,8,16,70,0,25,20,29,25,59,108,150,158,54,93,73,2399,905,2.65,17,111,871304,1,171118713041
8,0,33,42,13,11,17,45,33,44,42,97,53,47,135,36,1770,656,2.62,17,111,870808,2,171118708082
15,0,0,0,0,29,18,6,9,38,38,70,98,44,216,91,2125,672,3.16,17,111,871307,1,171118713071
0,0,23,10,7,0,8,7,0,15,27,48,23,0,53,0,539,221,2.44,17,111,871307,2,171118713072
26,15,0,45,0,28,0,9,58,24,83,59,90,51,138,86,2084,712,2.92,17,111,871402,3,171118714023
45,11,38,0,12,0,25,40,31,48,23,126,44,52,46,40,1873,581,3.22,17,111,871402,1,171118714021
0,0,20,0,8,0,15,73,0,0,19,18,31,0,15,26,510,225,2.27,17,111,871402,2,171118714022
31,0,13,12,12,0,12,29,21,42,65,0,71,92,22,0,1141,422,2.7,17,111,871402,5,171118714025
0,20,15,44,29,0,18,17,40,0,101,41,198,121,184,108,3017,936,3.22,17,111,870102,2,171118701022
9,35,20,18,10,23,19,29,0,30,87,181,70,62,77,62,2254,732,3.08,17,111,870102,3,171118701023
12,0,0,13,22,19,23,25,0,54,49,49,0,0,93,0,943,359,2.63,17,111,870200,4,171118702004
0,10,2,64,0,104,23,0,24,50,13,133,49,34,29,0,1846,535,3.2,17,111,870200,3,171118702003
6,0,5,0,0,17,37,17,2,57,95,50,73,59,78,57,1748,553,3.16,17,111,870803,1,171118708031
0,0,13,0,50,0,0,0,24,56,56,39,74,104,40,35,1354,491,2.76,17,111,871310,1,171118713101
0,50,0,30,0,0,0,8,18,27,15,80,20,0,0,0,564,248,2.27,17,111,871209,2,171118712092
10,14,46,7,0,11,32,49,9,46,163,136,77,44,122,114,2417,880,2.75,17,111,871207,1,171118712071
0,0,8,11,0,0,9,0,28,34,32,55,89,35,54,49,1379,404,3.41,17,111,871207,3,171118712073
5,0,0,0,4,8,0,13,0,47,74,145,122,97,19,0,1852,534,3.47,17,111,871109,2,171118711092
0,0,0,33,0,9,0,9,94,23,38,116,123,101,108,74,2100,728,2.88,17,111,871107,1,171118711071
0,14,8,34,36,35,14,23,26,47,40,110,99,98,140,63,2226,787,2.69,17,111,870808,1,171118708081
56,43,0,49,33,31,13,91,45,181,114,352,216,76,25,45,3831,1370,2.8,17,111,870809,1,171118708091
128,93,53,55,26,17,41,11,36,80,55,95,180,73,130,207,3167,1280,2.45,17,111,870809,2,171118708092
3,17,77,32,21,70,4,57,11,87,111,309,94,18,84,178,3236,1173,2.76,17,111,870902,2,171118709022
25,19,0,42,13,12,0,40,13,27,39,53,112,61,76,65,1780,597,2.98,17,111,870902,1,171118709021
143,69,26,43,61,51,14,23,26,49,283,83,156,57,90,31,2915,1205,2.41,17,111,870902,3,171118709023
23,65,35,46,0,30,42,40,101,44,41,97,23,10,14,0,1544,611,2.27,17,111,870903,1,171118709031
15,9,9,9,36,46,56,54,13,0,56,17,50,8,8,12,982,398,2.41,17,111,870903,3,171118709033
40,0,15,15,33,9,0,39,41,13,30,29,22,0,0,0,615,286,2.15,17,111,870903,2,171118709032
20,63,35,24,33,62,19,22,53,58,95,149,81,86,137,27,2465,964,2.56,17,111,871404,1,171118714041
65,0,13,0,48,49,17,0,0,24,109,77,62,0,27,0,1347,491,2.74,17,111,870500,2,171118705002
0,0,0,14,52,45,16,0,15,0,31,56,21,0,0,0,484,250,1.94,17,111,870500,7,171118705007
13,34,14,42,77,15,9,17,20,31,17,116,60,0,45,0,1395,510,2.73,17,111,870500,5,171118705005
24,16,24,40,29,0,34,15,11,20,38,89,89,63,87,59,1702,638,2.66,17,111,870500,3,171118705003
0,0,2,44,0,13,20,0,21,0,93,86,167,116,152,95,2407,809,2.98,17,111,870500,1,171118705001
0,0,0,26,0,27,27,17,0,12,26,108,7,19,0,0,540,269,2.01,17,111,871304,2,171118713042
48,14,53,110,54,89,57,119,26,79,183,295,62,13,81,60,3792,1343,2.82,17,111,870605,2,171118706052
0,13,52,34,20,30,15,31,18,81,106,128,98,162,63,63,2871,914,3.14,17,111,870703,2,171118707032
15,3,14,13,8,16,24,48,29,25,44,97,61,85,66,54,1972,602,3.28,17,111,870703,3,171118707033
0,0,31,0,0,0,0,0,0,37,17,100,89,51,68,73,1398,466,3.0,17,111,871206,3,171118712063
26,28,65,114,45,101,42,46,51,69,103,175,95,33,15,5,2706,1013,2.66,17,111,870603,1,171118706031
7,35,23,0,33,15,32,19,18,56,147,161,94,0,0,0,1866,640,2.92,17,111,870603,2,171118706032
0,0,12,36,0,39,52,109,0,45,25,27,33,6,0,27,969,411,2.36,17,111,871004,3,171118710043
0,0,0,0,55,22,5,13,12,30,4,47,27,7,16,0,647,238,2.72,17,111,870301,2,171118703012
72,14,8,29,95,29,9,13,42,15,121,24,15,19,7,0,1794,512,3.5,17,111,870301,3,171118703013
16,0,26,2,5,2,14,36,5,5,26,41,70,36,37,45,1046,366,2.86,17,111,871600,2,171118716002
0,0,18,43,0,3,0,10,17,13,30,38,9,31,65,37,941,314,3.0,17,111,871600,3,171118716003
2,0,10,20,38,93,32,49,31,150,47,105,78,52,26,21,1990,754,2.64,17,111,870811,1,171118708111
25,11,10,0,0,6,0,13,7,21,8,88,16,19,31,0,554,255,2.17,17,111,870703,1,171118707031
0,0,25,11,5,12,0,0,28,11,144,283,116,135,111,39,2826,920,3.07,17,111,871201,4,171118712014
0,25,39,26,30,44,101,38,15,75,118,141,88,32,100,23,2233,895,2.49,17,111,871201,2,171118712012
0,13,0,16,0,19,0,0,20,35,111,53,0,0,15,0,392,282,1.39,17,111,871201,3,171118712013
0,0,0,0,34,71,0,29,0,20,64,63,32,19,15,72,1213,419,2.89,17,111,871201,1,171118712011
151,68,72,86,42,97,95,19,0,160,135,246,104,26,53,15,3807,1369,2.54,17,111,870402,1,171118704021
0,11,35,7,32,0,18,15,25,127,73,130,24,50,0,39,2150,586,3.66,17,111,870402,2,171118704022
56,0,0,36,15,0,56,52,15,52,70,80,167,32,37,0,1902,668,2.84,17,111,870604,1,171118706041
49,50,122,33,43,0,18,49,49,156,76,176,96,21,109,16,2410,1063,2.27,17,111,870604,2,171118706042
28,36,42,41,18,104,0,13,17,106,28,87,80,40,21,0,1486,661,2.25,17,111,870604,3,171118706043
12,0,8,21,0,0,0,36,8,26,32,75,29,17,11,30,829,305,2.72,17,111,870810,1,171118708101
4,9,27,33,42,9,5,9,17,30,87,122,64,35,55,68,1619,616,2.63,17,111,870810,3,171118708103
69,0,21,12,11,28,29,34,0,12,56,90,132,47,106,94,2129,741,2.87,17,111,870810,2,171118708102
77,29,36,82,54,19,53,37,103,156,98,87,89,19,37,0,2358,976,2.41,17,111,870905,1,171118709051
14,0,9,44,0,0,12,19,35,175,60,119,74,37,0,0,1541,598,2.58,17,111,870812,4,171118708124
0,0,9,0,4,31,12,0,8,0,18,57,35,0,56,89,919,319,2.88,17,111,871600,1,171118716001
26,0,2,11,24,12,13,22,8,31,57,62,98,15,27,55,1092,463,2.36,17,111,871600,4,171118716004
10,5,4,6,16,13,4,1,2,25,15,50,28,2,6,2,571,189,3.02,17,111,871500,2,171118715002
20,29,14,0,0,16,15,69,0,86,18,76,48,19,60,0,1222,470,2.6,17,111,871500,5,171118715005
53,113,67,78,94,205,132,72,186,200,341,378,129,204,129,60,5216,2441,2.14,17,111,871500,3,171118715003
10,0,0,0,8,20,40,18,40,15,43,154,101,53,31,28,1675,561,2.99,17,111,871310,4,171118713104
25,18,0,58,54,34,39,58,37,20,177,65,0,0,28,18,1413,631,2.22,17,111,871306,4,171118713064
23,0,25,26,14,9,0,28,12,51,59,47,49,35,56,45,1371,479,2.86,17,111,870702,1,171118707021
28,27,11,24,0,0,58,0,0,98,75,160,92,78,154,65,2358,870,2.71,17,111,870702,2,171118707022
51,9,11,62,109,54,0,33,110,76,97,192,152,139,60,86,3760,1241,3.03,17,111,870807,2,171118708072
0,0,13,0,0,0,0,0,0,55,8,26,29,66,102,99,1465,398,3.68,17,111,871206,1,171118712061
0,9,8,0,24,59,0,0,0,53,37,32,84,70,87,63,1518,526,2.89,17,111,871301,4,171118713014
27,68,47,18,30,0,15,26,7,51,72,169,14,0,11,35,1436,590,2.43,17,111,871301,3,171118713013
0,8,17,26,17,19,0,0,34,7,9,55,34,52,49,0,711,327,2.17,17,111,871301,2,171118713012
16,31,26,51,31,35,32,44,34,61,105,51,114,95,17,52,2063,795,2.58,17,111,870904,2,171118709042
63,0,7,96,32,33,22,37,12,26,96,109,65,18,28,47,1967,691,2.69,17,111,870904,3,171118709043
16,5,71,2,10,22,27,41,28,38,113,102,155,42,44,20,2199,736,2.99,17,111,870401,2,171118704012
51,80,43,44,74,29,33,71,41,112,34,385,112,71,75,26,3363,1281,2.61,17,111,870401,1,171118704011
33,45,77,67,0,86,26,37,111,46,105,154,109,67,75,73,2571,1111,2.31,17,111,870803,4,171118708034
37,46,45,37,65,102,37,58,95,105,94,173,103,62,86,124,2873,1269,2.26,17,111,870101,1,171118701011
39,10,24,35,48,60,17,21,19,81,36,90,96,71,26,39,1784,712,2.48,17,111,870101,2,171118701012
0,16,18,66,0,0,19,28,6,31,96,87,46,49,21,15,1288,498,2.59,17,111,870606,3,171118706063
27,3,62,90,86,30,88,64,37,154,221,207,46,82,47,18,2559,1262,2.03,17,111,871209,1,171118712091
0,24,30,19,25,34,0,15,22,19,63,40,77,8,58,46,1253,480,2.61,17,111,871207,2,171118712072
0,0,0,0,0,0,16,17,38,26,119,247,141,91,187,54,3331,936,3.56,17,111,871109,1,171118711091
0,19,12,9,8,37,12,40,31,75,58,92,127,110,77,46,2252,753,2.99,17,111,871404,2,171118714042
0,0,17,90,27,0,0,20,0,67,53,81,12,14,14,0,1006,395,2.55,17,111,870500,4,171118705004
34,0,11,0,17,28,0,0,0,15,48,16,31,0,0,0,410,200,2.05,17,111,870500,6,171118705006
8,20,11,50,15,17,24,25,12,37,50,51,84,9,10,9,1111,432,2.57,17,111,870811,2,171118708112
36,17,0,19,26,0,47,15,15,97,64,53,48,0,0,11,1213,448,2.62,17,111,871305,3,171118713053
5,45,38,24,134,60,44,15,31,65,28,89,87,15,5,6,2274,691,3.29,17,111,870301,1,171118703011
31,0,12,0,15,0,49,12,0,33,38,69,188,177,66,56,2546,746,3.41,17,111,871306,1,171118713061
7,34,37,72,45,78,14,31,30,41,56,94,106,33,62,31,2474,771,3.21,17,111,871307,3,171118713073
13,0,0,0,24,0,17,40,0,30,55,0,13,13,0,104,755,309,2.44,17,111,871402,4,171118714024
0,21,17,38,14,20,81,28,0,31,124,32,116,10,39,33,1571,604,2.6,17,111,870102,1,171118701021
9,9,9,6,0,0,16,0,10,30,45,39,46,41,107,11,998,378,2.64,17,111,871600,5,171118716005
0,0,98,12,15,0,67,11,76,8,26,55,70,13,0,15,1119,466,2.4,17,111,870702,3,171118707023
53,35,21,31,11,39,53,18,36,31,135,48,75,55,63,33,1717,737,2.27,17,111,870807,1,171118708071
0,0,36,19,10,59,36,16,61,61,109,166,208,91,231,115,3363,1218,2.76,17,111,871206,2,171118712062
0,0,0,0,12,42,0,25,7,51,58,47,71,42,12,13,1080,380,2.84,17,111,871301,1,171118713011
43,0,10,8,7,0,16,26,0,16,51,31,26,0,0,15,584,249,2.35,17,111,870904,1,171118709041
0,1,13,10,0,22,13,48,62,0,74,195,110,132,46,27,2489,753,3.31,17,111,870401,3,171118704013
77,17,9,0,24,50,49,32,53,223,122,96,112,22,5,16,2687,907,2.96,17,111,870200,1,171118702001
19,11,3,22,19,5,41,8,0,35,79,81,35,24,47,4,1011,433,2.32,17,111,870200,2,171118702002
0,0,0,0,0,29,0,18,14,49,35,92,0,93,110,140,1646,580,2.8,17,111,870803,2,171118708032
46,61,38,52,36,44,80,43,44,69,126,252,79,33,53,44,3209,1100,2.73,17,111,870605,1,171118706051
8,12,0,57,9,10,0,35,0,11,56,45,26,14,0,13,824,296,2.78,17,111,871105,3,171118711053
35,19,12,10,111,28,20,13,0,40,11,0,27,0,0,0,979,326,3.0,17,111,870302,3,171118703023
0,0,38,0,23,0,51,53,27,120,63,174,186,77,10,27,2305,849,2.71,17,111,871311,1,171118713111
9,0,30,16,0,12,22,15,19,111,60,192,227,71,189,65,3266,1038,3.15,17,111,871108,1,171118711081
0,0,46,34,0,0,0,0,16,68,31,44,93,41,53,163,2019,589,3.43,17,111,871106,2,171118711062
0,0,10,10,42,0,0,33,0,44,31,10,11,22,7,12,518,232,2.23,17,111,871310,3,171118713103
24,47,36,29,35,18,19,58,0,41,47,170,166,72,78,100,2828,940,3.01,17,111,871500,1,171118715001
15,0,0,0,53,0,60,0,17,26,37,76,110,151,26,40,1661,611,2.66,17,111,871500,4,171118715004
15,0,13,20,0,50,11,27,0,32,40,114,139,69,177,135,2621,842,3.11,17,111,871306,3,171118713063
0,13,0,0,35,44,13,24,76,0,77,42,153,27,46,0,1394,550,2.49,17,111,871202,1,171118712021
26,57,24,65,64,14,40,47,16,80,14,141,77,34,16,0,2242,715,3.14,17,111,871202,2,171118712022
0,0,0,9,7,28,22,7,11,53,54,59,20,41,11,0,807,322,2.51,17,111,871205,3,171118712053
98,43,36,52,9,70,55,83,92,75,129,96,137,88,52,40,3030,1155,2.62,17,111,870905,2,171118709052
11,0,0,8,10,23,0,17,39,64,98,84,137,99,179,211,3241,980,3.31,17,111,871107,2,171118711072
0,16,0,0,0,0,0,13,13,51,42,63,55,96,164,108,1723,621,2.77,17,111,870803,3,171118708033
27,0,0,9,13,0,9,11,0,10,23,74,26,28,6,64,914,300,3.05,17,111,871310,2,171118713102
0,0,0,35,0,41,27,17,75,54,80,116,134,33,41,0,1579,653,2.42,17,111,871205,2,171118712052
27,26,39,0,0,41,12,0,49,10,69,50,43,0,57,29,1340,452,2.96,17,111,871106,3,171118711063
57,0,44,10,8,35,44,45,48,110,93,252,91,10,25,13,2582,885,2.92,17,111,870702,4,171118707024
0,0,0,8,13,64,21,0,32,17,67,82,109,18,14,45,1544,490,3.15,17,197,880502,1,171978805021
19,8,12,28,37,22,21,31,0,63,58,63,16,17,6,6,1088,407,2.67,17,197,882900,1,171978829001
43,7,50,12,43,8,46,18,9,32,48,36,36,3,0,0,1139,391,2.28,17,197,883000,1,171978830001
0,31,12,0,25,10,52,25,29,13,86,79,46,39,33,0,1517,480,3.16,17,197,880111,1,171978801111
11,0,0,7,15,24,16,41,7,21,88,15,38,0,61,0,1144,344,3.33,17,197,880111,3,171978801113
0,0,0,0,0,0,0,9,7,66,65,142,113,41,24,11,1680,478,3.51,17,197,880105,4,171978801054
6,35,38,0,0,91,21,0,9,7,26,107,16,30,0,29,929,415,2.24,17,197,881402,3,171978814023
0,0,0,12,53,0,46,19,34,11,69,42,53,121,78,53,1766,591,2.91,17,197,881108,2,171978811082
38,15,18,25,56,40,32,0,40,74,164,284,208,129,168,114,4345,1405,3.09,17,197,881108,1,171978811081
7,0,0,11,0,19,31,14,35,0,98,213,118,72,119,149,3015,886,3.4,17,197,881007,1,171978810071
35,0,0,17,55,12,34,33,30,30,168,77,177,143,93,103,3039,1007,2.99,17,197,881007,2,171978810072
24,0,29,20,58,36,75,111,43,97,122,177,180,76,91,88,3618,1227,2.94,17,197,881010,1,171978810101
12,0,69,0,11,10,74,28,0,32,133,129,90,64,26,0,1707,678,2.52,17,197,880901,2,171978809012
112,96,105,95,203,128,92,94,171,122,223,308,105,119,21,0,4619,1994,2.31,17,197,880901,1,171978809011
61,89,25,55,22,64,67,73,115,175,196,168,64,62,59,26,4144,1321,2.32,17,197,884101,1,171978841011
32,7,40,49,0,84,38,0,61,76,101,169,143,41,65,53,3240,959,3.35,17,197,884103,1,171978841031
0,0,9,0,9,9,53,7,10,50,11,29,66,48,23,0,1074,324,3.31,17,197,883209,3,171978832093
0,18,0,0,0,9,0,0,7,8,54,42,31,15,57,29,1304,270,4.83,17,197,883209,1,171978832091
0,8,59,35,9,47,11,0,9,31,48,21,36,28,28,0,825,370,2.2,17,197,883209,2,171978832092
20,0,18,7,16,76,0,0,28,28,66,47,24,14,77,0,1168,421,2.77,17,197,880414,2,171978804142
6,0,0,7,4,0,24,0,30,24,58,111,91,26,0,0,1311,381,3.44,17,197,880414,1,171978804141
0,13,73,11,15,42,50,24,24,64,35,93,87,100,22,56,1978,709,2.79,17,197,880601,1,171978806011
0,0,0,12,0,37,29,30,33,42,26,154,43,76,53,16,1225,551,2.22,17,197,880601,2,171978806012
22,17,0,13,0,30,24,118,12,87,283,321,222,113,123,0,5123,1385,3.7,17,197,880410,2,171978804102
32,9,0,19,11,0,29,23,0,0,53,119,63,20,63,0,1352,441,3.04,17,197,880415,2,171978804152
22,0,8,7,13,6,0,0,31,70,79,111,76,6,78,45,1541,552,2.79,17,197,880417,2,171978804172
0,20,27,8,0,8,0,10,19,18,87,146,38,45,57,75,1743,558,3.12,17,197,880421,2,171978804212
3,0,9,36,0,0,18,10,27,30,27,38,13,14,25,13,777,263,2.95,17,197,880421,3,171978804213
8,0,0,42,11,0,0,0,0,13,31,52,68,15,115,0,1191,355,2.98,17,197,880411,1,171978804111
0,0,0,0,0,0,0,8,0,22,38,7,31,0,0,0,306,106,2.88,17,197,880411,3,171978804113
4,0,0,0,0,0,0,0,0,0,4,11,0,0,10,18,2912,47,3.09,17,197,980100,1,171979801001
76,0,28,100,111,0,101,46,23,66,21,21,16,14,0,14,886,637,1.39,17,197,880204,3,171978802043
39,0,0,38,0,20,75,56,37,187,122,294,178,138,134,51,4111,1369,3.0,17,197,880204,2,171978802042
0,0,14,30,0,0,60,15,16,202,326,206,248,55,154,73,3935,1399,2.81,17,197,881009,2,171978810092
57,0,65,53,0,11,0,0,6,30,48,29,63,70,64,17,1220,513,2.38,17,197,880602,3,171978806023
0,67,0,11,5,42,32,47,73,29,40,90,88,70,0,16,2101,610,3.44,17,197,880105,2,171978801052
30,0,10,0,0,0,24,31,25,45,16,40,83,25,43,23,1017,395,2.57,17,197,881002,2,171978810022
0,0,0,9,0,16,0,0,13,29,60,68,44,36,6,0,955,281,3.4,17,197,881002,1,171978810021
8,0,0,11,13,0,15,32,13,0,53,69,45,120,56,59,1466,494,2.97,17,197,881105,2,171978811052
9,0,7,23,0,0,0,29,18,30,71,70,76,20,20,38,1524,411,3.71,17,197,880105,3,171978801053
0,0,0,0,0,0,0,0,22,63,12,46,48,43,43,55,1225,332,3.69,17,197,880109,3,171978801093
14,23,16,0,24,7,8,0,5,15,21,60,27,33,0,16,897,269,3.33,17,197,880109,1,171978801091
0,0,0,0,16,25,11,0,51,16,89,74,100,26,29,0,1381,437,3.16,17,197,883505,5,171978835055
7,0,0,7,11,8,9,0,0,36,29,36,48,42,15,56,885,304,2.91,17,197,880309,2,171978803092
0,0,0,0,11,0,0,0,12,0,0,0,94,83,78,9,1069,287,3.72,17,197,880309,3,171978803093
81,51,42,17,0,15,7,11,28,15,190,108,104,29,59,17,1853,774,2.39,17,197,880307,2,171978803072
45,0,25,25,0,0,0,63,19,75,25,23,39,18,150,273,2394,780,3.07,17,197,880307,3,171978803073
15,0,0,0,0,3,0,0,0,13,8,33,21,60,76,145,1282,374,3.43,17,197,880305,1,171978803051
0,0,0,0,0,0,0,7,3,11,31,28,73,78,39,172,1653,442,3.74,17,197,880305,4,171978803054
28,0,0,0,0,11,0,19,0,8,36,169,46,59,38,0,1247,414,3.01,17,197,883810,1,171978838101
0,0,49,68,10,20,21,22,43,8,40,123,40,9,17,24,1305,494,2.48,17,197,883810,2,171978838102
12,26,52,31,32,23,51,18,47,99,89,154,118,25,21,30,1950,828,2.33,17,197,883808,1,171978838081
36,32,15,29,13,8,47,26,112,39,102,148,62,11,39,10,1863,729,2.56,17,197,883811,2,171978838112
32,0,14,12,0,16,9,7,4,5,66,27,0,8,0,0,686,200,3.43,17,197,880113,3,171978801133
25,0,0,7,36,22,24,0,0,21,68,121,33,40,64,19,1225,480,2.55,17,197,881700,3,171978817003
13,27,7,24,0,15,29,8,7,53,28,30,35,9,16,5,562,306,1.84,17,197,881700,1,171978817001
0,0,0,15,18,0,0,0,13,35,25,63,9,16,29,41,751,264,2.84,17,197,883504,2,171978835042
60,53,22,17,7,16,25,24,20,86,18,45,16,5,39,0,1207,453,2.66,17,197,883700,1,171978837001
0,0,22,0,0,9,9,10,0,0,30,67,115,13,48,23,1174,346,3.39,17,197,881001,3,171978810013
16,0,9,8,6,0,0,64,0,60,88,76,114,51,41,79,1777,612,2.9,17,197,881001,2,171978810012
0,13,43,15,12,0,30,8,52,36,112,80,73,23,27,11,1328,535,2.48,17,197,880404,2,171978804042
0,0,0,0,14,0,25,11,0,6,31,94,45,37,6,25,989,294,3.36,17,197,880112,2,171978801122
0,25,32,0,17,8,11,3,0,21,46,32,58,35,12,0,1175,300,3.92,17,197,880113,2,171978801132
7,24,0,0,22,52,25,34,0,0,31,7,0,0,7,0,762,209,3.0,17,197,881800,3,171978818003
15,0,29,16,11,28,8,14,0,76,38,20,0,0,0,0,733,255,2.87,17,197,881800,2,171978818002
0,0,0,0,37,0,0,30,0,45,50,131,106,199,70,49,2424,717,3.38,17,197,880121,4,171978801214
18,0,0,0,34,16,0,0,10,42,38,227,291,124,172,108,3749,1080,3.47,17,197,880121,3,171978801213
35,11,19,6,9,0,10,99,13,78,25,73,56,55,34,5,1322,528,2.5,17,197,880116,2,171978801162
0,0,15,0,14,6,11,30,16,17,67,163,82,46,5,17,1451,489,2.97,17,197,880116,1,171978801161
0,0,10,0,0,0,0,6,0,0,0,53,53,34,63,73,966,292,3.31,17,197,880118,2,171978801182
9,0,11,0,0,10,8,0,10,0,67,68,49,9,82,104,1359,427,3.18,17,197,880118,3,171978801183
155,0,24,19,0,54,73,102,24,208,168,334,242,76,22,39,5946,1540,3.86,17,197,880507,1,171978805071
43,64,31,29,0,151,29,31,14,61,71,62,32,17,8,0,1497,643,2.33,17,197,880507,2,171978805072
0,7,0,8,0,0,0,14,0,83,3,31,40,73,18,25,1144,302,3.79,17,197,880503,2,171978805032
0,15,31,79,58,15,25,12,147,127,60,264,50,6,0,11,1763,900,1.96,17,197,880503,1,171978805031
29,45,87,26,25,32,63,81,15,111,59,61,15,32,0,12,1081,693,1.56,17,197,880503,3,171978805033
0,0,0,8,12,36,17,0,14,6,20,82,33,26,38,13,991,305,3.25,17,197,883216,3,171978832163
14,0,0,0,7,12,0,0,0,29,11,63,75,36,44,28,1000,319,3.13,17,197,883216,1,171978832161
0,0,0,13,11,44,13,0,13,12,61,73,58,18,0,0,862,316,2.73,17,197,883216,2,171978832162
0,8,0,8,0,0,0,9,43,51,8,105,92,21,8,27,1156,380,3.04,17,197,880412,1,171978804121
0,20,8,0,0,7,12,16,0,98,36,143,120,50,48,68,2142,626,3.42,17,197,880412,3,171978804123
46,8,18,25,4,16,12,57,10,119,70,118,21,15,0,0,1463,539,2.7,17,197,883804,2,171978838042
16,6,6,7,34,25,8,33,12,74,147,133,68,34,43,18,1985,664,2.99,17,197,883903,1,171978839031
0,16,19,53,14,0,27,15,10,55,16,172,9,50,22,18,1283,496,2.59,17,197,883904,3,171978839043
41,0,23,23,7,0,26,21,35,61,52,60,53,0,42,12,1054,456,2.31,17,197,883904,2,171978839042
0,25,0,17,0,0,16,75,36,57,88,59,0,8,10,0,675,391,1.73,17,197,881109,2,171978811092
0,17,0,0,0,23,44,0,0,21,105,50,243,59,49,103,2744,714,3.84,17,197,881109,3,171978811093
0,0,11,61,8,15,12,9,14,35,24,67,198,46,64,105,2223,669,3.32,17,197,883507,2,171978835072
0,27,23,48,25,11,63,10,0,33,73,72,66,197,91,28,2413,767,3.15,17,197,883510,1,171978835101
0,0,0,7,6,23,12,14,16,25,7,109,109,66,77,20,1379,491,2.81,17,197,883305,2,171978833052
0,0,0,17,10,20,19,33,0,4,36,100,35,17,0,0,951,291,3.27,17,197,883306,2,171978833062
0,63,15,51,0,29,0,37,33,76,33,65,113,63,77,25,1788,680,2.63,17,197,883509,1,171978835091
84,23,45,27,55,17,72,14,24,36,71,90,20,14,13,4,1381,609,2.27,17,197,882801,1,171978828011
11,7,0,0,35,8,17,40,9,18,73,96,86,0,0,9,1235,409,3.02,17,197,881603,1,171978816031
133,99,46,22,38,33,15,5,0,13,9,11,20,0,0,0,1312,444,2.95,17,197,882500,1,171978825001
28,14,31,24,3,5,40,0,50,23,23,58,0,19,0,0,998,318,3.14,17,197,882500,2,171978825002
69,17,43,26,89,21,33,23,9,21,63,163,8,62,15,0,1633,662,2.42,17,197,883603,2,171978836032
21,0,38,0,80,31,18,0,7,25,100,64,48,13,17,21,1534,483,3.18,17,197,883603,1,171978836031
9,21,38,0,0,14,41,0,7,12,69,18,37,24,13,8,732,311,2.35,17,197,883806,2,171978838062
53,39,38,40,14,15,9,10,21,26,17,47,0,12,5,0,1490,346,4.19,17,197,882100,2,171978821002
8,4,38,59,0,25,11,9,18,22,60,33,36,0,18,0,1299,341,3.76,17,197,882100,1,171978821001
61,21,16,45,0,25,5,29,9,13,9,28,0,0,8,16,661,285,2.3,17,197,881900,2,171978819002
9,7,32,79,0,37,12,8,31,15,64,65,0,0,0,0,1311,359,3.65,17,197,881900,1,171978819001
36,10,2,16,24,35,10,14,81,48,59,68,52,17,5,6,1448,483,3.0,17,197,883605,1,171978836051
0,18,0,25,11,0,4,33,0,5,126,94,17,9,0,0,926,342,2.71,17,197,880412,2,171978804122
0,0,0,9,0,9,13,0,18,8,56,78,81,50,48,31,1190,401,2.97,17,197,883303,1,171978833031
0,10,0,7,8,8,15,22,35,49,58,201,152,114,87,47,2568,813,3.16,17,197,883303,2,171978833032
0,0,0,0,0,0,0,15,6,11,36,87,17,15,18,0,658,205,3.21,17,197,880114,2,171978801142
0,0,7,7,43,13,8,0,28,48,46,12,0,0,0,0,436,212,2.06,17,197,880203,3,171978802033
19,15,35,51,0,14,38,22,91,93,34,28,21,12,27,0,1931,500,3.85,17,197,880203,1,171978802031
0,0,16,9,8,13,0,9,7,26,83,54,71,0,76,30,1270,402,3.16,17,197,880502,4,171978805024
83,24,69,47,5,56,24,0,44,0,38,18,0,0,0,21,1276,429,2.93,17,197,881900,4,171978819004
7,6,24,39,8,0,39,23,0,50,27,66,16,18,0,0,1171,323,3.62,17,197,881800,4,171978818004
56,13,51,65,44,18,46,54,190,278,201,582,419,641,689,366,12258,3713,3.3,17,197,880310,1,171978803101
0,16,0,8,65,0,34,25,68,0,105,135,76,32,43,17,1778,624,2.84,17,197,883307,2,171978833072
0,55,32,60,62,50,32,9,32,60,98,109,135,61,34,46,2323,875,2.65,17,197,883307,1,171978833071
0,19,9,11,0,67,39,16,21,62,29,93,57,37,0,11,1250,471,2.65,17,197,884003,3,171978840033
24,61,54,75,30,52,0,5,0,74,104,194,83,32,26,9,2119,823,2.57,17,197,884003,1,171978840031
42,0,0,16,12,10,0,0,0,20,215,103,170,256,518,609,6930,1971,3.52,17,197,880312,1,171978803121
25,16,20,65,82,0,0,0,22,72,70,166,70,98,168,144,3538,1018,3.48,17,197,883514,1,171978835141
15,0,0,0,0,0,21,7,22,30,73,54,73,89,67,45,1442,496,2.91,17,197,883522,3,171978835223
0,0,0,0,0,8,10,0,20,0,55,51,115,0,19,44,1097,322,3.41,17,197,883522,1,171978835221
0,0,8,0,6,8,8,0,0,23,28,56,27,32,40,35,758,271,2.8,17,197,883515,3,171978835153
0,6,8,12,0,14,29,13,0,67,82,97,11,51,30,33,1218,453,2.69,17,197,883515,2,171978835152
0,43,7,6,0,27,22,21,25,38,44,79,121,74,144,63,2365,714,3.31,17,197,881116,1,171978811161
0,0,0,0,33,32,0,27,6,68,14,64,108,120,43,20,1727,535,3.23,17,197,881116,2,171978811162
8,7,0,0,21,9,28,0,9,46,38,129,131,73,20,49,1746,568,3.07,17,197,881112,1,171978811121
5,26,32,19,0,41,26,7,20,10,28,10,30,0,8,5,1030,267,3.85,17,197,881302,1,171978813021
36,9,49,24,0,29,12,15,15,22,37,82,105,53,77,21,1580,586,2.7,17,197,881011,2,171978810112
14,0,0,42,5,27,9,11,14,49,112,82,23,64,19,37,1414,508,2.78,17,197,881011,1,171978810111
131,0,25,22,13,22,42,55,117,370,160,205,179,223,239,106,7142,1909,3.74,17,197,880404,1,171978804041
39,0,36,37,0,0,22,0,0,33,122,42,109,22,21,22,1485,505,2.94,17,197,880404,3,171978804043
27,0,42,5,60,6,14,21,5,17,13,14,0,16,11,0,854,251,3.4,17,197,882000,2,171978820002
190,86,38,30,21,13,23,4,0,23,11,0,16,0,8,0,1464,463,1.74,17,197,882000,3,171978820003
29,8,56,46,8,13,45,4,18,10,40,24,0,0,0,0,1123,301,3.73,17,197,882000,1,171978820001
9,42,0,8,47,8,7,45,26,79,40,45,47,0,55,0,1351,458,2.95,17,197,883206,3,171978832063
0,0,28,58,48,12,60,26,44,25,37,15,0,0,0,10,903,363,2.49,17,197,881401,1,171978814011
20,0,0,19,14,0,37,33,9,29,73,26,0,0,0,0,552,260,2.12,17,197,881401,2,171978814012
18,0,18,9,0,67,73,65,2,52,67,55,0,25,0,0,1450,451,3.22,17,197,881401,3,171978814013
7,24,13,8,17,6,15,60,14,52,54,62,73,53,9,8,1260,475,2.64,17,197,880905,1,171978809051
0,12,55,11,6,0,30,42,20,82,105,84,18,0,10,0,1217,475,2.56,17,197,880905,2,171978809052
32,0,14,44,0,0,10,25,24,73,47,129,45,154,69,11,2006,677,2.96,17,197,883213,1,171978832131
0,0,0,31,39,0,47,18,81,203,160,542,201,129,201,95,6565,1747,3.76,17,197,880419,2,171978804192
47,13,19,29,0,15,66,0,0,116,66,117,95,31,94,14,2169,722,3.0,17,197,880419,1,171978804191
29,0,73,22,63,11,0,48,82,110,345,362,197,310,120,71,6882,1843,3.73,17,197,880420,2,171978804202
46,103,25,15,13,61,4,25,15,38,82,127,104,100,127,55,2286,940,2.43,17,197,883213,3,171978832133
23,39,69,55,41,49,45,124,103,240,252,543,659,419,273,117,10398,3051,3.41,17,197,883215,1,171978832151
84,44,37,49,19,38,30,30,5,26,24,48,32,32,75,98,1213,671,1.81,17,197,883210,1,171978832101
0,16,40,18,41,44,22,0,18,151,7,97,27,20,14,70,1269,585,2.17,17,197,883210,2,171978832102
13,16,12,32,24,17,65,14,0,36,69,166,74,90,34,0,1849,662,2.79,17,197,883211,2,171978832112
78,0,0,48,15,7,16,23,41,26,38,137,166,5,32,0,1908,632,3.02,17,197,880408,2,171978804082
32,0,38,14,10,30,40,28,0,53,76,80,16,27,0,0,1349,444,3.04,17,197,880408,3,171978804083
0,0,0,0,0,0,7,0,13,7,0,77,7,79,56,218,1479,464,3.19,17,197,880119,3,171978801193
0,0,0,0,27,0,0,21,13,13,54,103,118,82,123,165,2371,719,3.3,17,197,880306,2,171978803062
60,0,0,0,12,47,15,18,0,22,26,52,73,40,26,131,1944,522,3.72,17,197,880306,1,171978803061
18,0,0,0,0,7,0,14,17,0,62,51,63,90,31,94,1344,447,3.01,17,197,880404,4,171978804044
0,0,14,0,0,0,24,0,18,74,11,61,88,97,88,215,2426,690,3.52,17,197,881105,3,171978811053
0,0,0,15,33,14,14,0,0,24,47,59,4,69,51,12,1071,342,3.13,17,197,883602,4,171978836024
54,11,23,29,22,14,22,41,24,75,31,34,44,0,15,9,1240,448,2.74,17,197,883100,3,171978831003
48,0,17,7,19,82,23,29,0,34,66,57,112,71,0,53,1625,618,2.61,17,197,883206,1,171978832061
48,19,6,0,50,50,59,41,36,89,91,96,51,22,0,22,1450,680,2.13,17,197,883206,2,171978832062
6,0,22,24,39,19,19,15,15,24,49,61,36,34,22,0,1120,385,2.9,17,197,883100,2,171978831002
43,63,50,14,28,48,33,23,26,50,99,114,31,3,11,0,1890,636,2.97,17,197,883100,1,171978831001
0,0,0,0,115,52,61,11,0,110,284,387,206,49,31,0,4623,1306,3.54,17,197,880505,2,171978805052
0,0,0,50,17,0,15,0,29,0,70,58,37,10,0,0,846,286,2.81,17,197,880505,1,171978805051
0,0,0,0,0,0,0,0,41,14,49,30,34,29,0,0,913,197,4.63,17,197,880505,3,171978805053
0,11,15,0,17,19,14,10,19,87,44,55,10,23,28,0,1213,352,3.45,17,197,880505,4,171978805054
26,0,0,0,0,0,10,0,0,0,49,19,26,67,103,149,1519,449,3.38,17,197,880304,2,171978803042
0,21,10,0,0,0,0,0,0,8,11,43,89,72,45,44,1075,343,3.13,17,197,880304,4,171978803044
14,21,6,39,11,9,20,34,26,31,135,156,70,20,10,0,1798,602,2.99,17,197,882701,2,171978827012
67,0,0,0,10,0,0,11,12,0,27,68,45,42,0,20,1115,302,3.69,17,197,880115,2,171978801152
4,29,38,40,35,78,93,87,0,9,153,89,23,14,8,0,2029,700,2.9,17,197,880115,1,171978801151
8,0,19,19,61,0,42,70,23,11,140,209,257,130,141,98,4020,1228,3.27,17,197,880120,1,171978801201
0,0,0,0,0,0,11,0,8,0,14,155,68,32,122,34,1616,444,3.64,17,197,880120,3,171978801203
13,0,0,33,37,10,16,30,57,44,103,161,189,148,166,111,3825,1118,3.42,17,197,880120,2,171978801202
0,0,0,0,0,0,0,0,0,19,34,40,46,20,52,166,1403,377,3.72,17,197,880304,1,171978803041
0,0,0,55,0,16,0,0,6,14,8,56,44,59,81,64,1203,403,2.99,17,197,880304,3,171978803043
28,0,28,11,5,8,14,15,28,23,36,92,36,0,26,0,1081,350,3.09,17,197,882601,1,171978826011
0,23,21,14,8,18,9,19,49,31,24,59,46,8,20,0,1275,349,3.65,17,197,882601,3,171978826013
0,0,11,21,5,0,0,39,8,6,127,23,49,30,39,0,1072,358,2.99,17,197,882601,2,171978826012
5,36,73,54,3,26,0,31,0,3,16,34,5,24,0,0,1418,310,4.57,17,197,882602,1,171978826021
11,15,79,15,57,79,15,57,32,79,31,40,15,9,4,0,1850,538,3.44,17,197,882602,2,171978826022
17,30,28,0,0,39,19,36,0,53,13,30,18,3,12,0,1007,298,2.66,17,197,882702,1,171978827021
0,25,76,0,46,15,2,11,54,44,17,26,88,0,12,0,1009,416,2.43,17,197,882702,3,171978827023
0,0,20,39,0,74,0,8,91,0,18,46,0,0,0,0,1160,296,3.92,17,197,882702,2,171978827022
0,0,28,33,46,0,0,0,40,129,10,21,0,9,0,0,1269,316,3.78,17,197,882802,2,171978828022
18,6,31,23,17,13,9,25,0,70,112,7,36,4,3,0,1166,374,3.12,17,197,882802,1,171978828021
61,34,88,61,4,37,0,18,24,37,26,9,0,0,0,0,999,399,1.64,17,197,882802,3,171978828023
19,40,20,8,48,48,25,4,7,40,47,91,48,23,14,0,1083,482,2.25,17,197,881601,2,171978816012
0,0,12,5,32,5,4,0,11,19,25,55,16,46,41,38,729,309,2.36,17,197,881601,1,171978816011
28,39,19,55,23,45,34,8,6,20,112,39,0,0,0,35,1218,463,2.63,17,197,880702,1,171978807021
15,14,0,0,0,0,0,38,28,13,15,9,50,13,35,0,700,230,3.04,17,197,883902,4,171978839024
0,65,34,27,10,33,0,11,12,47,40,86,11,0,0,0,830,376,2.21,17,197,883902,3,171978839023
18,63,0,25,14,24,0,14,0,32,65,102,87,50,62,27,1700,583,2.73,17,197,883902,2,171978839022
10,0,31,80,41,29,41,72,14,120,153,251,151,30,22,55,3094,1100,2.81,17,197,883902,1,171978839021
0,7,9,6,0,0,10,13,17,37,17,82,38,11,10,0,835,257,3.25,17,197,880107,4,171978801074
21,0,36,0,19,13,28,33,31,101,101,88,21,0,8,38,2018,538,3.75,17,197,880107,1,171978801071
15,0,48,10,0,0,7,45,0,66,38,78,30,28,0,0,1038,365,2.84,17,197,880107,3,171978801073
12,4,0,6,37,15,14,26,14,16,56,103,33,35,19,22,1264,412,3.07,17,197,881006,1,171978810061
20,0,17,13,6,41,32,4,51,47,50,75,36,18,12,10,1352,432,3.13,17,197,881500,1,171978815001
25,14,40,5,7,7,18,9,44,0,22,61,42,39,25,0,985,358,2.42,17,197,881500,3,171978815003
34,13,21,23,17,39,12,16,38,85,88,52,32,37,15,11,1535,533,2.88,17,197,883402,2,171978834022
80,0,96,40,22,20,66,22,8,47,201,339,277,256,131,164,5849,1769,3.31,17,197,883212,1,171978832121
0,0,38,38,0,76,0,8,7,105,50,190,18,68,0,8,1755,606,2.9,17,197,880416,2,171978804162
0,15,0,26,7,0,0,19,16,0,42,67,34,93,76,8,1043,403,2.59,17,197,883521,3,171978835213
0,0,7,0,14,7,0,6,0,0,25,44,62,29,92,45,1238,331,3.74,17,197,883521,2,171978835212
6,58,59,22,38,5,11,14,16,93,0,0,11,35,0,0,889,368,2.42,17,197,883401,3,171978834013
0,23,52,21,24,9,8,11,6,21,87,111,45,27,43,0,1294,488,2.32,17,197,883401,2,171978834012
12,14,44,38,28,10,12,21,3,74,53,112,49,33,32,0,1360,535,2.54,17,197,884005,1,171978840051
0,0,23,0,0,0,9,0,16,9,84,35,26,25,41,13,687,281,2.44,17,197,883516,2,171978835162
0,0,0,0,36,0,0,5,0,28,40,171,43,62,46,95,1743,526,3.31,17,197,883517,1,171978835171
18,0,28,8,15,31,15,9,29,53,108,123,142,46,12,15,1427,652,2.18,17,197,883517,2,171978835172
0,5,0,8,0,9,11,37,59,22,35,83,70,62,35,22,1566,458,3.42,17,197,883513,3,171978835133
0,46,93,20,0,0,37,14,49,16,21,123,66,55,21,33,1994,594,3.36,17,197,883513,2,171978835132
0,0,0,9,0,0,0,28,38,11,46,113,36,65,16,10,1016,372,2.73,17,197,881115,2,171978811152
17,0,20,0,0,0,0,37,0,37,20,79,138,28,32,56,1283,464,2.77,17,197,881115,3,171978811153
98,128,160,67,87,41,16,39,0,44,29,0,7,0,0,0,1730,716,2.42,17,197,880117,3,171978801173
16,0,7,12,0,17,0,0,0,40,17,83,76,43,105,83,1621,499,3.25,17,197,880303,2,171978803032
14,9,28,8,9,18,13,9,0,0,48,43,76,95,47,50,1242,467,2.66,17,197,880303,1,171978803031
20,0,0,13,0,14,28,10,45,18,100,254,209,209,205,255,4520,1380,3.28,17,197,880313,1,171978803131
9,0,0,0,8,21,7,0,11,41,40,50,79,19,45,102,1405,432,3.25,17,197,880314,1,171978803141
9,54,16,8,0,8,12,8,0,13,41,141,63,20,64,56,1730,513,3.36,17,197,881113,3,171978811133
0,0,0,0,0,0,34,9,24,29,10,34,51,25,32,33,813,281,2.89,17,197,881113,2,171978811132
0,15,0,0,6,21,13,0,42,6,127,71,38,11,27,22,1153,399,2.89,17,197,881111,3,171978811113
19,12,5,26,14,23,11,18,22,58,58,55,15,18,77,0,930,431,2.16,17,197,881111,1,171978811111
22,40,7,40,0,37,39,7,11,41,61,145,68,48,47,19,1635,632,2.59,17,197,881107,1,171978811071
70,0,0,24,37,31,6,52,29,51,92,76,58,8,17,0,1740,551,3.16,17,197,880109,4,171978801094
32,12,17,0,0,0,18,7,8,19,18,33,19,6,35,30,635,254,2.5,17,197,880109,5,171978801095
0,25,34,54,26,17,51,29,16,48,14,150,56,26,62,22,1689,630,2.68,17,197,883809,2,171978838092
0,31,15,14,0,17,43,0,72,36,108,117,134,85,3,18,2174,693,3.14,17,197,883606,1,171978836061
73,20,6,10,36,0,31,67,7,81,61,42,70,24,12,0,1593,540,2.95,17,197,883606,2,171978836062
45,0,31,7,18,9,78,19,6,6,143,70,44,38,9,5,1317,528,2.49,17,197,883511,1,171978835111
0,0,22,24,0,25,11,0,0,71,49,175,72,30,84,72,1923,635,3.03,17,197,883511,2,171978835112
69,0,6,37,77,36,5,6,24,28,57,64,26,100,11,7,1042,553,1.88,17,197,884004,1,171978840041
39,12,7,0,42,0,0,14,18,48,57,48,16,0,0,0,782,301,2.6,17,197,883401,1,171978834011
8,10,28,35,34,59,28,24,84,118,102,143,107,16,54,55,2276,905,2.5,17,197,883509,2,171978835092
0,5,0,0,3,0,0,0,5,7,22,27,44,85,52,43,1064,293,3.63,17,197,881012,2,171978810122
0,0,0,0,0,0,17,0,0,35,32,59,33,34,150,63,1384,423,3.27,17,197,880418,1,171978804181
0,0,0,9,16,0,0,0,31,135,14,72,123,55,140,68,2516,663,3.79,17,197,880418,2,171978804182
7,0,0,0,0,0,16,9,23,20,18,35,59,43,76,13,1235,319,3.87,17,197,880418,3,171978804183
10,15,6,37,48,75,14,29,52,74,70,125,86,163,155,38,2905,997,2.87,17,197,883519,1,171978835191
0,0,0,0,0,0,0,0,0,0,0,0,0,0,0,0,0,0,-666666666.0,17,197,980000,1,171979800001
25,13,0,0,4,11,11,0,0,17,14,95,39,43,30,0,874,302,2.89,17,197,884006,1,171978840061
0,17,38,62,4,13,21,57,16,30,37,71,41,33,37,5,1268,482,2.63,17,197,884006,2,171978840062
9,0,15,7,38,20,7,0,0,10,147,37,28,121,26,19,1284,484,2.65,17,197,883519,2,171978835192
0,0,29,9,0,53,6,0,0,19,52,33,80,27,37,94,1430,439,3.26,17,197,883519,3,171978835193
75,18,34,28,55,7,36,28,7,8,31,48,25,10,6,0,1199,416,2.88,17,197,881200,4,171978812004
0,4,11,6,17,9,7,6,2,32,52,108,54,47,61,5,1359,421,3.23,17,197,881006,2,171978810062
0,7,22,0,0,24,23,15,10,13,86,23,70,50,52,14,1141,409,2.79,17,197,881005,2,171978810052
9,0,0,9,0,27,12,0,0,15,23,96,89,65,29,26,1448,400,3.62,17,197,881002,3,171978810023
20,0,0,0,12,11,13,43,10,30,68,62,40,47,31,29,1080,416,2.59,17,197,881001,4,171978810014
50,44,47,51,12,19,21,16,30,145,6,116,72,21,0,59,1431,709,2.02,17,197,883208,1,171978832081
69,35,42,32,144,43,80,61,17,63,87,101,6,22,0,0,1505,802,1.88,17,197,881604,2,171978816042
176,66,117,91,72,87,112,17,63,49,25,42,0,33,17,0,1515,967,1.57,17,197,880903,1,171978809031
16,0,26,36,6,29,8,15,17,8,54,37,14,12,0,0,831,278,2.99,17,197,881402,2,171978814022
11,20,59,107,18,47,29,89,25,32,49,91,38,25,0,0,2352,640,3.65,17,197,882200,3,171978822003
33,40,0,37,0,9,0,9,45,34,42,57,11,0,0,0,687,317,2.17,17,197,882200,2,171978822002
11,38,0,25,2,0,35,21,22,8,0,11,0,0,0,0,489,173,2.83,17,197,882200,1,171978822001
24,10,34,30,52,23,6,46,51,24,57,115,44,14,0,0,1683,530,3.18,17,197,882300,1,171978823001
16,16,26,33,30,93,64,10,18,42,92,57,34,27,0,0,1458,558,2.61,17,197,882300,2,171978823002
15,0,30,78,32,0,13,44,18,16,121,60,49,61,39,0,1120,576,1.94,17,197,883602,1,171978836021
9,0,8,24,87,0,0,68,51,142,121,49,10,60,0,9,1537,638,2.4,17,197,883803,2,171978838032
82,9,28,58,40,8,86,65,26,62,199,150,130,120,24,22,2635,1109,2.38,17,197,880701,1,171978807011
21,0,6,28,0,62,0,42,22,30,35,93,0,27,11,10,846,387,2.19,17,197,880602,1,171978806021
7,42,40,22,0,9,45,24,0,0,20,82,51,0,0,9,1210,351,3.45,17,197,883804,1,171978838041
25,0,19,52,11,0,34,19,23,38,49,104,87,39,46,0,1371,546,2.5,17,197,881107,2,171978811072
15,23,52,61,50,68,43,13,12,0,61,24,6,0,7,0,1792,435,4.12,17,197,881301,2,171978813012
29,9,18,21,50,17,0,7,19,36,14,35,36,0,0,0,1183,291,4.07,17,197,881301,1,171978813011
39,0,0,23,31,0,36,13,40,57,0,229,222,229,256,157,4604,1332,3.46,17,197,880308,2,171978803082
0,12,0,0,43,0,0,82,0,0,53,62,142,73,255,105,2667,827,3.22,17,197,880308,1,171978803081
0,0,0,0,0,0,0,0,0,0,21,13,34,40,147,102,1282,357,3.59,17,197,880308,3,171978803083
10,0,0,10,16,0,7,30,7,5,43,94,105,37,25,0,1270,389,3.26,17,197,880106,2,171978801062
40,20,33,26,27,9,46,0,64,46,68,67,93,18,30,0,2117,587,3.61,17,197,880106,3,171978801063
10,36,63,0,70,24,52,14,8,45,60,166,60,47,37,22,2032,714,2.84,17,197,880202,3,171978802023
0,18,0,11,0,0,20,67,59,33,52,178,40,34,0,0,1615,512,3.15,17,197,880202,2,171978802022
24,21,29,0,29,13,11,5,0,34,30,52,0,0,0,18,938,266,3.53,17,197,881200,2,171978812002
0,17,29,31,22,27,21,21,0,23,33,85,55,6,0,20,1408,390,3.58,17,197,881200,3,171978812003
12,53,0,27,29,0,17,20,0,13,84,42,0,19,0,0,1064,316,3.37,17,197,882400,2,171978824002
119,16,18,34,12,0,25,29,0,12,24,63,59,89,98,80,2122,678,3.13,17,197,883505,2,171978835052
0,0,0,11,15,27,11,17,0,0,26,147,67,48,123,171,2764,663,4.17,17,197,883505,4,171978835054
52,17,8,26,0,20,18,20,1,17,43,62,18,0,0,4,921,306,3.01,17,197,883700,3,171978837003
0,0,38,0,0,0,26,36,0,0,145,70,50,67,138,21,2371,591,4.01,17,197,880121,2,171978801212
0,0,0,0,0,20,19,9,0,0,66,28,67,29,70,10,1012,318,3.18,17,197,880121,1,171978801211
0,0,0,0,0,0,0,0,0,6,25,55,42,49,78,123,1215,378,3.21,17,197,880118,1,171978801181
0,0,0,0,0,0,0,0,0,20,17,66,71,62,103,27,1460,366,3.99,17,197,880118,4,171978801184
182,69,71,108,23,8,0,34,86,52,31,53,44,12,0,0,1937,773,2.51,17,197,883605,2,171978836052
25,86,110,77,100,147,68,9,36,65,0,49,24,20,0,0,2178,816,2.31,17,197,880114,1,171978801141
0,13,8,17,51,52,45,0,13,85,82,59,61,32,40,0,1708,558,3.06,17,197,880203,2,171978802032
0,4,18,5,5,0,10,0,0,68,19,38,4,45,26,29,636,271,2.34,17,197,882701,1,171978827011
46,21,86,10,28,78,0,21,19,89,38,149,116,39,49,34,1992,823,2.41,17,197,880701,2,171978807012
0,0,2,3,6,7,27,4,2,56,47,28,0,13,14,5,761,214,3.56,17,197,880702,2,171978807022
0,0,20,0,0,40,0,36,56,13,104,96,11,62,48,30,1374,516,2.66,17,197,883521,1,171978835211
23,39,20,14,11,7,20,25,53,29,46,14,59,32,13,11,933,416,2.23,17,197,883401,4,171978834014
45,3,35,74,12,18,0,0,50,105,89,170,190,183,327,437,6281,1738,3.61,17,197,883516,1,171978835161
0,8,6,0,0,15,0,10,26,16,13,36,74,15,37,40,847,296,2.86,17,197,881005,3,171978810053
19,81,59,28,27,12,13,0,0,27,50,117,57,62,67,44,1734,663,2.62,17,197,881002,4,171978810024
12,0,0,0,0,13,4,13,0,55,46,161,32,29,6,0,1217,371,3.28,17,197,881604,1,171978816041
32,43,0,0,88,10,36,25,7,91,26,56,14,8,0,0,1094,436,2.51,17,197,880903,2,171978809032
47,21,58,9,43,33,13,30,10,0,36,41,0,0,0,0,1070,341,3.14,17,197,882200,4,171978822004
40,36,51,11,34,78,18,0,0,51,34,67,0,0,0,0,1140,420,2.71,17,197,882300,3,171978823003
0,0,0,14,11,0,0,0,0,57,57,43,42,113,18,27,1222,382,3.2,17,197,883602,2,171978836022
81,101,76,51,8,90,50,82,46,112,20,17,0,0,0,0,1311,734,1.79,17,197,883803,1,171978838031
41,38,19,24,17,36,10,80,39,79,101,99,33,25,6,0,1632,647,2.52,17,197,883208,2,171978832082
17,0,0,7,85,28,12,22,33,35,7,117,93,52,32,63,1921,603,3.19,17,197,883806,3,171978838063
37,8,0,19,0,36,5,13,20,20,49,37,87,0,38,22,1126,391,2.86,17,197,883806,1,171978838061
0,7,5,14,0,17,8,14,8,28,11,103,60,64,127,31,1387,497,2.79,17,197,881005,1,171978810051
278,9,15,12,8,20,8,0,7,0,0,0,0,0,0,0,551,357,1.54,17,197,881900,3,171978819003
36,23,35,23,10,31,15,25,34,44,102,57,61,15,4,15,1294,530,2.44,17,197,882900,2,171978829002
57,54,58,20,28,7,0,38,0,76,94,51,18,19,0,0,1498,520,2.88,17,197,883000,3,171978830003
0,0,0,25,0,33,31,11,7,36,6,63,53,0,0,0,890,265,3.36,17,197,880111,2,171978801112
9,7,0,48,19,0,0,23,35,83,66,117,161,47,49,10,2095,674,3.11,17,197,883904,1,171978839041
5,0,11,7,11,0,23,15,0,22,31,164,39,61,50,4,1370,443,3.09,17,197,881109,1,171978811091
6,0,13,0,19,38,7,8,18,48,36,119,118,52,85,17,1790,584,3.05,17,197,883507,1,171978835071
10,0,0,0,6,15,0,7,44,131,79,217,161,129,49,11,2856,859,3.32,17,197,883510,2,171978835102
8,7,7,8,29,41,19,7,11,26,50,144,189,93,101,27,2794,767,3.64,17,197,883306,1,171978833061
59,14,0,13,113,20,51,9,19,20,90,47,37,11,0,0,1240,503,2.1,17,197,882801,2,171978828012
0,0,38,25,4,12,0,30,29,60,28,43,49,28,0,0,1228,346,3.55,17,197,880112,1,171978801121
0,29,7,58,67,0,8,34,40,25,43,66,33,0,37,0,1465,447,3.28,17,197,881800,1,171978818001
8,42,0,3,3,43,8,51,27,17,60,45,15,6,19,17,763,364,2.1,17,197,883402,1,171978834021
7,0,0,4,16,38,0,8,19,110,89,69,17,18,19,15,1215,429,2.83,17,197,880416,1,171978804161
59,6,7,8,0,5,7,0,8,24,37,135,46,0,22,9,1162,373,3.12,17,197,880502,3,171978805023
52,19,0,23,45,0,0,14,39,65,60,106,34,31,93,90,2063,671,3.07,17,197,881105,1,171978811051
9,10,0,0,17,33,5,40,0,47,65,253,80,49,73,0,2626,681,3.86,17,197,880105,1,171978801051
8,0,0,0,0,60,10,8,0,17,30,107,34,19,39,29,1350,361,3.74,17,197,880109,2,171978801092
0,0,26,0,0,11,9,35,0,27,80,141,67,95,78,34,1854,603,3.07,17,197,883513,1,171978835131
20,0,19,26,73,19,27,0,30,15,48,35,59,57,98,33,2036,559,3.64,17,197,881115,1,171978811151
6,0,17,11,6,0,8,25,19,14,30,76,41,26,17,10,1092,306,3.57,17,197,880117,2,171978801172
0,0,10,0,0,13,0,10,8,20,24,76,46,58,71,34,1379,370,3.73,17,197,880303,3,171978803033
37,0,0,22,66,79,12,60,58,118,326,193,250,316,359,96,7068,1992,3.55,17,197,880313,2,171978803132
0,0,8,0,0,16,21,47,4,0,48,155,196,340,484,207,6024,1526,3.95,17,197,880314,2,171978803142
0,0,16,0,0,10,0,0,9,58,32,71,43,15,38,43,1114,335,3.33,17,197,881113,1,171978811131
0,25,16,0,6,0,0,7,0,0,6,56,100,38,97,133,1422,484,2.94,17,197,881111,2,171978811112
8,27,6,23,71,16,55,13,20,27,71,68,48,66,41,70,1903,630,3.01,17,197,880414,3,171978804143
0,0,0,57,47,0,63,0,63,106,24,96,129,295,12,0,3472,892,3.89,17,197,880410,1,171978804101
10,11,20,73,81,21,0,89,106,191,330,371,221,92,215,57,6389,1888,3.38,17,197,880415,1,171978804151
0,0,67,0,4,10,0,26,27,0,29,173,144,146,176,120,3531,922,3.83,17,197,880421,1,171978804211
0,0,9,7,12,15,16,0,19,36,63,86,111,103,72,86,1882,635,2.96,17,197,880411,2,171978804112
29,21,21,36,12,0,15,35,35,32,115,107,80,28,31,49,1787,646,2.77,17,197,883304,1,171978833041
15,0,11,20,0,0,20,13,0,13,0,37,61,0,0,0,742,190,3.91,17,197,880204,1,171978802041
16,16,14,78,35,14,0,0,13,58,57,139,273,51,78,122,3355,964,3.47,17,197,881009,1,171978810091
0,0,0,0,0,0,0,0,0,0,0,31,43,60,51,214,1431,399,3.59,17,197,880309,4,171978803094
15,0,15,0,0,48,0,0,0,0,20,19,155,45,42,93,1442,452,3.19,17,197,880307,1,171978803071
8,0,5,0,0,0,0,9,17,0,48,42,32,37,110,88,1398,396,3.53,17,197,880305,2,171978803052
14,0,2,0,1,7,0,0,0,10,44,5,7,35,79,80,894,284,3.15,17,197,880305,3,171978803053
13,26,0,30,24,14,9,0,27,47,13,60,32,20,52,66,1147,433,2.65,17,197,883810,3,171978838103
75,8,23,15,12,67,8,9,46,14,30,95,33,45,23,26,1237,529,2.34,17,197,883811,1,171978838111
24,17,6,14,34,9,30,8,19,23,74,80,31,47,23,30,1212,469,2.58,17,197,881700,2,171978817002
18,0,15,64,14,27,49,14,0,43,39,173,145,84,178,135,2841,998,2.66,17,197,883504,1,171978835041
48,22,47,50,60,43,6,19,6,0,45,44,0,0,21,0,758,411,1.84,17,197,883700,2,171978837002
0,0,26,37,41,20,7,10,0,27,59,23,62,41,17,13,1050,383,2.74,17,197,881001,1,171978810011
8,22,25,6,13,37,0,19,19,32,0,69,47,12,17,0,744,326,2.28,17,197,884003,2,171978840032
10,0,0,0,32,16,9,14,10,65,12,55,21,99,153,424,2802,920,3.05,17,197,880312,2,171978803122
15,11,0,49,36,25,24,12,0,104,142,177,233,247,169,103,3893,1347,2.89,17,197,883514,2,171978835142
44,0,0,23,0,8,0,0,11,31,24,36,49,8,68,14,772,316,2.44,17,197,883522,2,171978835222
0,6,11,8,0,8,21,0,21,11,9,101,107,55,111,98,1971,567,3.48,17,197,883515,1,171978835151
12,16,34,50,63,0,47,14,41,22,154,212,164,109,125,65,3537,1128,3.08,17,197,881112,2,171978811122
22,9,23,59,33,0,0,13,10,43,17,0,19,0,0,0,795,248,3.21,17,197,881302,2,171978813022
0,0,5,4,0,0,30,4,0,28,46,70,35,32,56,7,971,317,3.06,17,197,881012,1,171978810121
38,0,0,0,20,19,51,0,16,12,196,334,113,61,93,0,3841,953,4.03,17,197,880420,1,171978804201
0,0,0,0,0,0,11,0,12,35,12,41,56,64,28,84,1187,343,3.46,17,197,883213,2,171978832132
10,32,92,69,57,14,27,85,23,39,161,189,87,56,63,39,2661,1043,2.55,17,197,883214,1,171978832141
0,12,14,11,36,0,38,12,20,72,47,77,124,38,21,0,1906,522,3.24,17,197,883211,3,171978832113
10,0,25,0,0,11,12,55,20,0,26,89,158,42,56,0,1897,504,3.76,17,197,880408,1,171978804081
4,0,14,0,10,8,0,0,15,0,12,68,26,22,61,140,1118,380,2.94,17,197,880119,2,171978801192
9,0,44,14,41,27,15,0,15,32,46,81,79,177,142,94,3023,816,3.7,17,197,880306,3,171978803063
0,24,0,0,66,0,23,46,75,21,189,88,9,32,16,73,1912,662,2.87,17,197,883602,3,171978836023
0,0,8,0,57,7,9,54,18,81,36,18,61,38,23,0,1404,410,3.42,17,197,880107,2,171978801072
44,58,18,22,69,64,111,25,41,43,125,0,26,0,0,0,1162,646,1.8,17,197,883809,1,171978838091
0,0,16,0,0,14,14,13,37,29,22,84,69,35,31,10,1316,374,3.52,17,197,883511,3,171978835113
7,9,5,19,0,9,0,30,31,25,106,50,46,66,0,0,1042,403,2.59,17,197,881500,2,171978815002
8,38,16,28,50,31,23,39,28,50,71,91,67,22,31,0,1831,593,3.09,17,197,884004,2,171978840042
38,91,87,103,109,20,78,68,97,124,112,31,8,0,12,0,1884,978,1.93,17,197,881603,2,171978816032
35,39,0,0,33,18,68,28,15,58,51,73,24,27,8,0,1331,477,2.79,17,197,880106,1,171978801061
24,11,32,0,0,0,19,68,0,10,24,27,39,0,22,0,711,276,2.58,17,197,880202,1,171978802021
175,20,30,30,30,46,38,23,0,9,24,15,60,3,0,0,1640,503,3.26,17,197,881200,1,171978812001
21,4,21,69,8,16,22,6,10,3,17,31,13,8,0,0,832,249,3.34,17,197,882400,3,171978824003
0,0,0,0,0,50,6,0,11,0,15,45,107,91,120,19,1744,464,3.76,17,197,883505,1,171978835051
0,0,12,0,0,11,0,14,10,14,32,63,0,0,39,49,539,244,2.21,17,197,883505,3,171978835053
9,20,45,29,31,7,42,0,7,44,49,166,30,54,24,0,1371,557,2.46,17,197,880602,2,171978806022
18,6,11,16,29,39,19,27,0,65,37,99,32,15,0,0,1084,413,2.62,17,197,881402,1,171978814021
9,14,23,0,0,9,5,25,33,20,69,61,31,13,73,30,1073,415,2.59,17,197,880417,1,171978804171
0,0,0,0,0,0,0,0,0,0,26,46,17,29,135,212,1844,465,3.97,17,197,880309,1,171978803091
40,4,31,30,32,12,63,58,45,13,30,34,16,12,4,0,1756,424,4.04,17,197,882400,1,171978824001
27,11,18,54,39,14,34,25,10,8,18,42,25,0,29,0,906,354,2.56,17,197,880117,1,171978801171
0,6,0,6,0,0,22,3,4,73,58,82,43,59,67,26,1500,449,3.34,17,197,883305,1,171978833051
0,12,24,0,0,0,12,14,0,60,33,33,13,40,0,11,988,252,2.77,17,197,883000,2,171978830002
10,13,30,85,31,34,56,0,60,94,39,83,82,67,46,12,1466,742,1.98,17,197,883504,3,171978835043
28,0,43,31,30,21,17,12,0,37,87,10,10,28,64,7,1170,425,2.75,17,197,880502,2,171978805022
0,31,54,49,18,18,6,17,35,17,83,52,35,0,18,15,1640,448,3.66,17,197,880113,1,171978801131
0,9,18,5,12,4,16,11,0,19,26,77,49,66,29,8,1021,349,2.93,17,197,881012,3,171978810123
0,0,0,27,0,19,29,132,0,29,162,146,93,66,25,22,2478,750,3.3,17,197,883211,1,171978832111
47,6,9,9,19,23,45,30,35,30,54,54,141,52,54,58,2000,666,3.0,17,197,880119,1,171978801191
23,44,5,37,25,0,21,24,36,0,34,27,28,0,8,0,1010,312,2.86,17,197,880702,3,171978807023
